file,class,type,cbo,cboModified,fanin,fanout,wmc,dit,noc,rfc,lcom,lcom*,tcc,lcc,totalMethodsQty,staticMethodsQty,publicMethodsQty,privateMethodsQty,protectedMethodsQty,defaultMethodsQty,visibleMethodsQty,abstractMethodsQty,finalMethodsQty,synchronizedMethodsQty,totalFieldsQty,staticFieldsQty,publicFieldsQty,privateFieldsQty,protectedFieldsQty,defaultFieldsQty,finalFieldsQty,synchronizedFieldsQty,nosi,loc,returnQty,loopQty,comparisonsQty,tryCatchQty,parenthesizedExpsQty,stringLiteralsQty,numbersQty,assignmentsQty,mathOperationsQty,variablesQty,maxNestedBlocksQty,anonymousClassesQty,innerClassesQty,lambdasQty,uniqueWordsQty,modifiers,logStatementsQty
/Users/thiago/Documents/Thiago/CodeToAnalyze/logback/logback-core/src/main/java/ch/qos/logback/core/joran/util/beans/BeanUtil.java,ch.qos.logback.core.joran.util.beans.BeanUtil,class,1,4,3,1,28,1,0,15,15,0.71428573,0.3,0.6,7,7,5,2,0,0,5,0,0,0,4,4,4,0,0,0,4,0,11,90,20,0,9,0,0,4,8,20,0,16,2,0,0,0,81,1,0
/Users/thiago/Documents/Thiago/CodeToAnalyze/logback/logback-classic/src/test/java/ch/qos/logback/classic/corpus/RandomUtil.java,ch.qos.logback.classic.corpus.RandomUtil,class,0,3,3,0,4,1,0,2,0,0.0,NaN,NaN,1,1,1,0,0,0,1,0,0,0,0,0,0,0,0,0,0,0,1,16,1,0,0,0,0,2,4,3,2,2,1,0,0,0,27,1,0
/Users/thiago/Documents/Thiago/CodeToAnalyze/logback/logback-core/src/main/java/ch/qos/logback/core/net/SyslogOutputStream.java,ch.qos.logback.core.net.SyslogOutputStream,class,1,2,1,1,10,2,0,8,0,0.6,0.52380955,1.0,7,0,6,0,0,1,7,0,0,0,5,1,0,5,0,0,2,0,1,44,3,0,2,0,0,0,2,10,0,7,1,0,0,0,61,1,0
/Users/thiago/Documents/Thiago/CodeToAnalyze/logback/logback-classic/src/main/java/ch/qos/logback/classic/tyler/TylerConfiguratorBase.java,ch.qos.logback.classic.tyler.TylerConfiguratorBase,class,15,18,3,15,22,2,1,23,85,0.9428572,0.10989011,0.10989011,15,0,10,1,4,0,14,0,0,0,7,5,5,0,2,0,5,0,1,87,12,0,4,1,2,11,0,19,2,19,1,0,0,1,124,1,0
/Users/thiago/Documents/Thiago/CodeToAnalyze/logback/logback-core/src/main/java/ch/qos/logback/core/model/processor/DefaultProcessor.java,ch.qos.logback.core.model.processor.DefaultProcessor$TraverseMethod,interface,2,2,0,2,1,1,0,0,0,0.0,NaN,NaN,1,0,0,0,0,1,1,0,0,0,0,0,0,0,0,0,0,0,0,3,0,0,0,0,0,0,0,0,0,0,0,0,0,0,7,0,0
/Users/thiago/Documents/Thiago/CodeToAnalyze/logback/logback-classic/src/test/java/ch/qos/logback/classic/pattern/LoggerNameOnlyLoggingEvent.java,ch.qos.logback.classic.pattern.LoggerNameOnlyLoggingEvent,class,6,7,1,6,19,1,0,0,169,0.8947368,0.0058479533,0.0058479533,19,0,19,0,0,0,19,0,0,0,1,0,0,0,0,1,0,0,0,59,17,0,0,0,0,1,3,2,0,1,0,0,0,0,45,1,0
/Users/thiago/Documents/Thiago/CodeToAnalyze/logback/logback-core/src/test/java/ch/qos/logback/core/rolling/SizeAndTimeBasedFNATP_Test.java,ch.qos.logback.core.rolling.SizeAndTimeBasedFNATP_Test,class,19,20,1,19,28,2,0,50,36,0.8039215,0.32967034,0.3956044,17,0,12,3,0,2,14,0,0,0,12,3,0,6,0,6,3,0,13,177,1,2,6,0,4,39,28,56,19,44,1,0,0,0,163,1,0
/Users/thiago/Documents/Thiago/CodeToAnalyze/logback/logback-core/src/test/java/ch/qos/logback/core/pattern/SpacePadderTest.java,ch.qos.logback.core.pattern.SpacePadderTest,class,5,5,0,5,8,1,0,4,28,0.0,0.0,0.0,8,2,8,0,0,0,8,0,0,0,0,0,0,0,0,0,0,0,0,65,0,0,0,0,0,12,8,15,0,15,1,0,0,0,22,1,0
/Users/thiago/Documents/Thiago/CodeToAnalyze/logback/logback-core/src/main/java/ch/qos/logback/core/joran/spi/HttpUtil.java,ch.qos.logback.core.joran.spi.HttpUtil$RequestMethod,enum,0,0,0,0,0,1,0,0,0,0.0,-1.0,-1.0,0,0,0,0,0,0,0,0,0,0,0,0,0,0,0,0,0,0,0,1,0,0,0,0,0,0,0,0,0,0,0,0,0,0,7,1,0
/Users/thiago/Documents/Thiago/CodeToAnalyze/logback/logback-classic/src/test/java/ch/qos/logback/classic/issue/lbcore_155/OThread.java,ch.qos.logback.classic.issue.lbcore_155.OThread,class,1,2,1,1,4,2,0,7,0,0.0,NaN,NaN,1,0,1,0,0,0,1,0,0,0,3,2,0,0,0,3,0,0,4,24,0,2,0,1,0,5,5,6,3,5,2,0,0,0,27,1,5
/Users/thiago/Documents/Thiago/CodeToAnalyze/logback/logback-core/src/main/java/ch/qos/logback/core/joran/spi/EventPlayer.java,ch.qos.logback.core.joran.spi.EventPlayer,class,5,7,2,5,8,1,0,6,0,0.33333334,1.0,1.0,4,0,4,0,0,0,4,0,0,0,3,0,0,0,0,3,2,0,0,32,1,1,0,0,0,0,1,4,1,4,2,0,0,0,29,1,0
/Users/thiago/Documents/Thiago/CodeToAnalyze/logback/logback-core/src/main/java/ch/qos/logback/core/joran/action/NOPAction.java,ch.qos.logback.core.joran.action.NOPAction,class,3,4,1,3,2,3,0,0,1,0.0,0.0,0.0,2,0,2,0,0,0,2,0,0,0,0,0,0,0,0,0,0,0,0,6,0,0,0,0,0,0,0,0,0,0,0,0,0,0,37,1,0
/Users/thiago/Documents/Thiago/CodeToAnalyze/logback/logback-classic/src/main/java/ch/qos/logback/classic/ClassicConstants.java,ch.qos.logback.classic.ClassicConstants,class,1,1,0,1,0,1,0,1,0,NaN,-1.0,-1.0,0,0,0,0,0,0,0,0,0,0,22,22,22,0,0,0,22,0,0,24,0,0,0,0,0,19,2,22,2,22,0,0,0,0,80,1,0
/Users/thiago/Documents/Thiago/CodeToAnalyze/logback/logback-core/src/main/java/ch/qos/logback/core/util/LocationUtil.java,ch.qos.logback.core.util.LocationUtil,class,1,3,2,1,7,1,0,5,0,0.0,NaN,NaN,1,1,1,0,0,0,1,0,0,0,2,2,2,0,0,0,2,0,2,30,1,0,3,0,0,5,2,8,0,4,2,0,0,0,64,1,0
/Users/thiago/Documents/Thiago/CodeToAnalyze/logback/logback-classic/src/main/java/ch/qos/logback/classic/helpers/MDCInsertingServletFilter.java,ch.qos.logback.classic.helpers.MDCInsertingServletFilter,class,7,8,1,7,7,1,0,12,10,0.0,0.0,0.0,5,0,3,0,0,2,5,0,0,0,0,0,0,0,0,0,0,0,0,39,0,0,1,1,0,2,0,2,0,2,2,0,0,0,50,1,0
/Users/thiago/Documents/Thiago/CodeToAnalyze/logback/logback-core/src/main/java/ch/qos/logback/core/rolling/helper/MonoTypedConverter.java,ch.qos.logback.core.rolling.helper.MonoTypedConverter,interface,0,3,3,0,1,1,0,0,0,0.0,NaN,NaN,1,0,0,0,0,1,1,0,0,0,0,0,0,0,0,0,0,0,0,3,0,0,0,0,0,0,0,0,0,0,0,0,0,0,21,1,0
/Users/thiago/Documents/Thiago/CodeToAnalyze/logback/logback-core/src/test/java/ch/qos/logback/core/joran/util/House.java,ch.qos.logback.core.joran.util.HouseColor,enum,0,1,1,0,0,1,0,0,0,0.0,-1.0,-1.0,0,0,0,0,0,0,0,0,0,0,0,0,0,0,0,0,0,0,0,1,0,0,0,0,0,0,0,0,0,0,0,0,0,0,7,0,0
/Users/thiago/Documents/Thiago/CodeToAnalyze/logback/logback-core/src/main/java/ch/qos/logback/core/testUtil/DummyEncoder.java,ch.qos.logback.core.testUtil.DummyEncoder,class,4,5,1,4,18,3,0,8,71,0.84285706,0.12820514,0.12820514,14,0,11,1,0,2,13,0,0,0,5,1,1,0,0,4,1,0,0,63,10,0,3,0,0,1,1,7,1,6,1,0,0,0,30,1,0
/Users/thiago/Documents/Thiago/CodeToAnalyze/logback/logback-classic/src/main/java/ch/qos/logback/classic/boolex/MarkerList.java,ch.qos.logback.classic.boolex.MarkerList,class,1,1,0,1,9,1,0,7,0,0.0,1.0,1.0,3,0,3,0,0,0,3,0,0,0,1,0,0,0,0,1,0,0,0,20,5,0,4,0,0,0,2,2,0,3,1,0,0,1,30,1,0
/Users/thiago/Documents/Thiago/CodeToAnalyze/logback/logback-core/src/test/java/ch/qos/logback/core/net/server/ServerSocketAppenderBaseFunctionalTest.java,ch.qos.logback.core.net.server.ServerSocketAppenderBaseFunctionalTest,class,9,9,0,9,4,1,0,17,1,0.5555555,0.33333334,0.33333334,3,0,3,0,0,0,3,0,0,0,6,2,0,6,0,0,2,0,3,30,0,1,0,0,0,1,4,9,2,9,1,0,0,0,45,1,0
/Users/thiago/Documents/Thiago/CodeToAnalyze/logback/logback-core/src/main/java/ch/qos/logback/core/net/ssl/SSL.java,ch.qos.logback.core.net.ssl.SSL,interface,0,0,0,0,0,1,0,0,0,NaN,-1.0,-1.0,0,0,0,0,0,0,0,0,0,0,4,0,0,0,0,4,0,0,0,6,0,0,0,0,0,4,0,4,0,4,0,0,0,0,39,1,0
/Users/thiago/Documents/Thiago/CodeToAnalyze/logback/logback-core/src/test/java/ch/qos/logback/core/rolling/DefaultRolloverChecker.java,ch.qos.logback.core.rolling.DefaultRolloverChecker,class,3,5,2,3,6,1,0,4,1,0.33333334,0.33333334,0.33333334,3,0,2,0,0,1,3,0,0,0,3,0,0,0,0,3,3,0,1,23,1,1,1,0,1,4,2,7,2,7,1,0,0,0,35,1,0
/Users/thiago/Documents/Thiago/CodeToAnalyze/logback/logback-core/src/test/java/ch/qos/logback/core/joran/action/ext/StackAction.java,ch.qos.logback.core.joran.action.ext.StackAction,class,6,6,0,6,2,2,0,4,1,0.0,0.0,0.0,2,0,0,0,2,0,2,0,0,0,0,0,0,0,0,0,0,0,0,12,2,0,0,0,0,0,0,2,0,2,0,0,0,0,28,1,0
/Users/thiago/Documents/Thiago/CodeToAnalyze/logback/logback-classic/src/test/java/ch/qos/logback/classic/util/TestHelper.java,ch.qos.logback.classic.util.TestHelper,class,2,6,4,2,3,1,0,1,1,0.0,0.0,0.0,2,2,2,0,0,0,2,0,0,0,0,0,0,0,0,0,0,0,1,23,3,0,1,0,0,2,2,1,3,1,1,0,1,0,21,1,0
/Users/thiago/Documents/Thiago/CodeToAnalyze/logback/logback-core/src/main/java/ch/qos/logback/core/model/processor/conditional/ElseModelHandler.java,ch.qos.logback.core.model.processor.conditional.ElseModelHandler,class,8,9,1,8,6,3,0,5,6,0.0,0.0,0.0,4,1,3,0,1,0,4,0,0,0,0,0,0,0,0,0,0,0,0,24,3,0,1,0,1,2,0,3,1,3,1,0,0,0,23,1,0
/Users/thiago/Documents/Thiago/CodeToAnalyze/logback/logback-core/src/main/java/ch/qos/logback/core/pattern/ConverterUtil.java,ch.qos.logback.core.pattern.ConverterUtil,class,7,10,3,7,11,1,0,5,3,0.0,0.0,0.0,3,3,3,0,0,0,3,0,0,0,0,0,0,0,0,0,0,0,2,45,1,3,4,0,1,0,0,12,0,9,2,0,0,0,27,1,0
/Users/thiago/Documents/Thiago/CodeToAnalyze/logback/logback-classic/src/test/java/ch/qos/logback/classic/util/ContextInitializerAutoConfigTest.java,ch.qos.logback.classic.util.ContextInitializerAutoConfigTest,class,9,9,0,9,3,1,0,9,3,0.6666667,0.0,0.0,3,0,3,0,0,0,3,0,0,0,2,0,0,0,0,2,0,0,2,18,0,0,0,0,0,3,0,4,0,4,0,0,0,0,24,1,1
/Users/thiago/Documents/Thiago/CodeToAnalyze/logback/logback-classic/src/test/java/ch/qos/logback/classic/issue/lbcore243/PerformanceComparatorLog4j.java,ch.qos.logback.classic.issue.lbcore243.PerformanceComparatorLog4j,class,2,3,1,2,5,1,0,8,0,0.5,0.33333334,0.33333334,4,4,1,1,0,2,3,0,0,0,2,2,0,0,0,2,0,0,6,25,1,1,0,0,1,9,2,5,6,5,1,0,0,0,47,1,1
/Users/thiago/Documents/Thiago/CodeToAnalyze/logback/logback-classic/src/test/java/ch/qos/logback/classic/ScenarioBasedLoggerContextTest.java,ch.qos.logback.classic.ScenarioBasedLoggerContextTest,class,13,14,1,13,13,1,0,28,19,0.71428573,0.0,0.0,7,0,4,1,0,2,6,0,0,0,1,0,0,0,0,1,0,0,1,64,0,2,2,0,0,2,8,16,4,17,2,0,0,0,44,1,0
/Users/thiago/Documents/Thiago/CodeToAnalyze/logback/logback-examples/src/main/java/chapters/filters/FilterEvents.java,chapters.filters.FilterEvents,class,5,6,1,5,6,1,0,13,0,0.0,NaN,NaN,1,1,1,0,0,0,1,0,0,0,0,0,0,0,0,0,0,0,0,33,1,1,3,1,0,8,6,5,0,5,2,0,0,0,25,1,3
/Users/thiago/Documents/Thiago/CodeToAnalyze/logback/logback-core/src/main/java/ch/qos/logback/core/status/ErrorStatus.java,ch.qos.logback.core.status.ErrorStatus,class,1,7,6,1,2,2,0,0,1,0.0,0.0,0.0,2,0,2,0,0,0,2,0,0,0,0,0,0,0,0,0,0,0,0,8,0,0,0,0,0,0,0,0,0,0,0,0,0,0,7,1,0
/Users/thiago/Documents/Thiago/CodeToAnalyze/logback/logback-core/src/test/java/ch/qos/logback/core/joran/action/ext/IncAction.java,ch.qos.logback.core.joran.action.ext.IncAction,class,4,4,0,4,4,2,0,2,0,0.33333334,0.6666667,1.0,3,1,3,0,0,0,3,0,0,0,3,3,3,0,0,0,0,0,0,21,0,0,0,0,0,2,3,4,0,4,1,0,0,0,36,1,0
/Users/thiago/Documents/Thiago/CodeToAnalyze/logback/logback-core/src/test/java/ch/qos/logback/core/issue/lbcore258/FileLockSimulator.java,ch.qos.logback.core.issue.lbcore258.FileLockSimulator,class,1,2,1,1,8,1,0,15,0,0.47619042,0.33333334,0.33333334,3,3,1,0,0,2,3,0,0,0,7,7,0,0,0,7,2,0,5,48,0,1,4,1,0,11,8,14,7,15,2,0,0,0,133,1,0
/Users/thiago/Documents/Thiago/CodeToAnalyze/logback/logback-core/src/test/java/ch/qos/logback/core/rolling/helper/FileStoreUtilTest.java,ch.qos.logback.core.rolling.helper.FileStoreUtilTest,class,5,5,0,5,4,1,0,7,1,0.75,0.0,0.0,2,0,2,0,0,0,2,0,0,0,2,0,0,0,0,2,0,0,5,18,2,0,0,0,0,5,0,6,2,6,1,0,0,0,33,1,0
/Users/thiago/Documents/Thiago/CodeToAnalyze/logback/logback-core/src/main/java/ch/qos/logback/core/joran/conditional/Condition.java,ch.qos.logback.core.joran.conditional.Condition,interface,0,2,2,0,1,1,0,0,0,0.0,NaN,NaN,1,0,0,0,0,1,1,0,0,0,0,0,0,0,0,0,0,0,0,3,0,0,0,0,0,0,0,0,0,0,0,0,0,0,2,1,0
/Users/thiago/Documents/Thiago/CodeToAnalyze/logback/logback-core/src/main/java/ch/qos/logback/core/model/util/PropertyModelHandlerHelper.java,ch.qos.logback.core.model.util.PropertyModelHandlerHelper,class,11,15,4,11,22,2,0,33,36,1.0,0.0,0.0,9,6,9,0,0,0,9,0,0,0,1,1,1,0,0,0,1,0,8,107,3,0,1,2,7,9,0,27,4,23,3,0,0,0,85,1,0
/Users/thiago/Documents/Thiago/CodeToAnalyze/logback/logback-classic-blackbox/src/test/java/ch/qos/logback/classic/blackbox/joran/ReconfigureOnChangeTaskTest.java,ch.qos.logback.classic.blackbox.joran.ReconfigureOnChangeTaskTest,class,33,35,2,33,29,2,0,62,285,0.9378697,0.116959065,0.16374269,26,1,11,7,0,8,19,0,0,0,13,10,0,1,0,12,10,0,9,270,6,1,1,1,0,48,14,76,20,74,1,0,2,0,203,1,0
/Users/thiago/Documents/Thiago/CodeToAnalyze/logback/logback-core/src/test/java/ch/qos/logback/core/issue/LockThroughput.java,ch.qos.logback.core.issue.LockThroughput,class,6,7,1,6,4,1,0,4,1,0.5,0.0,0.0,2,2,1,0,0,1,2,0,0,0,2,2,0,0,0,2,0,0,6,29,1,2,0,0,0,4,5,10,0,9,1,0,0,0,50,1,0
/Users/thiago/Documents/Thiago/CodeToAnalyze/logback/logback-core/src/main/java/ch/qos/logback/core/rolling/TriggeringPolicy.java,ch.qos.logback.core.rolling.TriggeringPolicy,interface,3,7,4,3,2,1,0,0,1,0.0,0.0,0.0,2,0,0,0,0,2,2,0,0,0,0,0,0,0,0,0,0,0,0,6,1,0,0,0,0,0,0,0,0,0,0,0,0,0,56,1,0
/Users/thiago/Documents/Thiago/CodeToAnalyze/logback/logback-classic/src/main/java/ch/qos/logback/classic/LoggerContext.java,ch.qos.logback.classic.LoggerContext,class,19,185,166,19,67,2,0,60,745,0.9285714,0.07058824,0.1697479,43,0,27,8,0,8,35,0,5,0,14,1,1,9,0,4,4,0,2,260,24,9,10,2,0,7,12,33,3,24,3,0,0,0,243,1,0
/Users/thiago/Documents/Thiago/CodeToAnalyze/logback/logback-core/src/main/java/ch/qos/logback/core/util/CachingDateFormatter.java,ch.qos.logback.core.util.CachingDateFormatter$CacheTuple,innerclass,0,0,0,0,1,1,0,0,0,0.0,NaN,NaN,1,0,1,0,0,0,1,0,0,0,2,0,0,0,0,2,2,0,0,9,0,0,0,0,0,0,0,2,0,2,0,0,0,0,6,8,0
/Users/thiago/Documents/Thiago/CodeToAnalyze/logback/logback-core/src/main/java/ch/qos/logback/core/joran/util/StringToObjectConverter.java,ch.qos.logback.core.joran.util.StringToObjectConverter,class,2,5,3,2,33,1,0,35,34,0.7777778,0.0,0.0,9,8,4,4,0,1,5,0,0,0,1,1,0,1,0,0,1,0,16,110,31,0,3,3,0,13,0,6,2,6,2,0,0,0,80,1,0
/Users/thiago/Documents/Thiago/CodeToAnalyze/logback/logback-core/src/main/java/ch/qos/logback/core/rolling/RollingPolicy.java,ch.qos.logback.core.rolling.RollingPolicy,interface,3,5,2,3,4,1,0,0,6,0.0,0.0,0.0,4,0,0,0,0,4,4,0,0,0,0,0,0,0,0,0,0,0,0,6,0,0,0,0,0,0,0,0,0,0,0,0,0,0,81,1,0
/Users/thiago/Documents/Thiago/CodeToAnalyze/logback/logback-classic/src/test/java/ch/qos/logback/classic/util/LogbackMDCAdapterTest.java,ch.qos.logback.classic.util.LogbackMDCAdapterTest$Anonymous1,anonymous,1,1,0,1,1,1,0,3,0,0.0,NaN,NaN,1,0,1,0,0,0,1,0,0,0,0,0,0,0,0,0,0,0,0,6,0,0,0,0,0,0,0,0,0,0,0,0,0,0,3,-1,0
/Users/thiago/Documents/Thiago/CodeToAnalyze/logback/logback-core/src/main/java/ch/qos/logback/core/util/Duration.java,ch.qos.logback.core.util.Duration,class,1,16,15,1,22,1,0,12,33,0.87,0.13333334,0.33333334,10,7,10,0,0,0,10,0,0,0,10,9,0,5,0,5,10,0,7,79,16,0,1,0,5,17,7,14,17,14,2,0,0,0,102,1,0
/Users/thiago/Documents/Thiago/CodeToAnalyze/logback/logback-examples/src/main/java/chapters/receivers/socket/ReceiverExample.java,chapters.receivers.socket.ReceiverExample,class,3,4,1,3,4,1,0,10,1,0.0,0.0,0.0,2,2,1,0,0,1,2,0,0,0,0,0,0,0,0,0,0,0,3,21,0,0,1,0,0,6,3,3,1,3,1,0,0,0,42,1,0
/Users/thiago/Documents/Thiago/CodeToAnalyze/logback/logback-core/src/test/java/ch/qos/logback/core/util/PrudentModeTest.java,ch.qos.logback.core.util.PrudentModeTest,class,9,9,0,9,6,2,0,21,0,0.375,1.0,1.0,2,0,2,0,0,0,2,0,0,0,8,2,0,2,0,6,2,0,2,79,0,2,0,1,0,7,5,17,7,17,2,0,1,0,62,1,0
/Users/thiago/Documents/Thiago/CodeToAnalyze/logback/logback-classic/src/main/java/ch/qos/logback/classic/model/PropertiesConfiguratorModel.java,ch.qos.logback.classic.model.PropertiesConfiguratorModel,class,1,3,2,1,0,2,0,0,0,NaN,-1.0,-1.0,0,0,0,0,0,0,0,0,0,0,1,1,0,1,0,0,1,0,0,3,0,0,0,0,0,0,1,1,0,1,0,0,0,0,11,1,0
/Users/thiago/Documents/Thiago/CodeToAnalyze/logback/logback-classic/src/test/java/ch/qos/logback/classic/util/LogbackMDCAdapterTest.java,ch.qos.logback.classic.util.LogbackMDCAdapterTest$Anonymous2,anonymous,1,1,0,1,2,1,0,2,0,0.0,NaN,NaN,1,0,1,0,0,0,1,0,0,0,0,0,0,0,0,0,0,0,1,9,0,1,0,0,0,2,2,2,2,1,1,0,0,0,4,-1,0
/Users/thiago/Documents/Thiago/CodeToAnalyze/logback/logback-core/src/main/java/ch/qos/logback/core/util/CharSequenceToRegexMapper.java,ch.qos.logback.core.util.CharSequenceToRegexMapper,class,3,6,3,3,38,1,0,17,6,0.33333334,0.33333334,0.33333334,9,1,0,6,0,3,3,0,0,0,1,0,0,0,0,1,0,0,4,90,21,1,4,0,0,14,9,9,4,7,3,0,0,0,53,0,0
/Users/thiago/Documents/Thiago/CodeToAnalyze/logback/logback-core/src/main/java/ch/qos/logback/core/CoreConstants.java,ch.qos.logback.core.CoreConstants,class,1,1,0,1,0,1,0,2,0,NaN,-1.0,-1.0,0,0,0,0,0,0,0,0,0,0,87,87,87,0,0,0,87,0,1,89,0,0,0,0,0,51,15,87,6,87,0,0,0,0,169,1,0
/Users/thiago/Documents/Thiago/CodeToAnalyze/logback/logback-core/src/test/java/ch/qos/logback/core/joran/util/AggregationAssessorTest.java,ch.qos.logback.core.joran.util.AggregationAssessorTest,class,11,11,0,11,4,1,0,5,0,0.33333334,1.0,1.0,4,0,4,0,0,0,4,0,0,0,3,0,0,0,0,3,0,0,0,29,0,0,0,0,0,8,0,11,0,11,0,0,0,0,38,1,0
/Users/thiago/Documents/Thiago/CodeToAnalyze/logback/logback-classic/src/test/java/org/slf4j/implTest/RecursiveInitializationTest.java,org.slf4j.implTest.RecursiveInitializationTest,class,6,6,0,6,3,1,0,9,3,0.6666667,0.0,0.0,3,0,3,0,0,0,3,0,0,0,1,0,0,0,0,1,0,0,2,18,0,0,0,0,0,3,0,4,1,4,0,0,0,0,17,1,1
/Users/thiago/Documents/Thiago/CodeToAnalyze/logback/logback-core/src/main/java/ch/qos/logback/core/joran/spi/HttpUtil.java,ch.qos.logback.core.joran.spi.HttpUtil,class,2,5,3,2,19,1,0,20,10,0.6388889,0.35714287,0.53571427,9,0,7,1,0,1,8,0,0,0,4,0,0,0,0,4,0,0,0,93,15,1,6,4,1,9,1,11,3,14,2,0,1,1,65,1,0
/Users/thiago/Documents/Thiago/CodeToAnalyze/logback/logback-classic/src/main/java/ch/qos/logback/classic/joran/action/ConfigurationAction.java,ch.qos.logback.classic.joran.action.ConfigurationAction,class,5,5,0,5,1,2,0,5,0,0.0,NaN,NaN,1,0,0,0,1,0,1,0,0,0,4,4,0,0,0,4,4,0,0,14,1,0,0,0,0,4,0,5,0,5,0,0,0,0,30,1,0
/Users/thiago/Documents/Thiago/CodeToAnalyze/logback/logback-core/src/main/java/ch/qos/logback/core/net/SyslogAppenderBase.java,ch.qos.logback.core.net.SyslogAppenderBase,class,5,8,3,5,60,2,0,21,173,0.8727273,0.12554112,0.4025974,22,1,20,0,2,0,22,3,0,0,10,2,0,0,1,9,2,0,2,200,33,0,8,2,0,37,5,18,6,13,2,0,0,0,174,1025,0
/Users/thiago/Documents/Thiago/CodeToAnalyze/logback/logback-core/src/main/java/ch/qos/logback/core/model/NamedComponentModel.java,ch.qos.logback.core.model.NamedComponentModel,class,4,15,11,4,10,3,3,6,0,0.5714286,0.71428573,0.71428573,7,0,5,0,2,0,7,0,0,0,2,1,0,1,0,1,1,0,2,34,8,0,2,0,0,5,2,8,3,6,1,0,0,0,37,1,0
/Users/thiago/Documents/Thiago/CodeToAnalyze/logback/logback-core/src/main/java/ch/qos/logback/core/property/CanonicalHostNamePropertyDefiner.java,ch.qos.logback.core.property.CanonicalHostNamePropertyDefiner,class,3,3,0,3,1,3,0,2,0,0.0,NaN,NaN,1,0,1,0,0,0,1,0,0,0,0,0,0,0,0,0,0,0,0,5,1,0,0,0,0,0,0,0,0,0,0,0,0,0,12,1,0
/Users/thiago/Documents/Thiago/CodeToAnalyze/logback/logback-core/src/main/java/ch/qos/logback/core/pattern/util/AsIsEscapeUtil.java,ch.qos.logback.core.pattern.util.AsIsEscapeUtil,class,1,2,1,1,1,1,0,2,0,0.0,NaN,NaN,1,0,1,0,0,0,1,0,0,0,0,0,0,0,0,0,0,0,0,6,0,0,0,0,0,1,0,0,0,0,0,0,0,0,30,1,0
/Users/thiago/Documents/Thiago/CodeToAnalyze/logback/logback-classic/src/main/java/ch/qos/logback/classic/util/LogbackMDCAdapter.java,ch.qos.logback.classic.util.LogbackMDCAdapter,class,3,31,28,3,24,1,0,13,34,0.6923077,0.3181818,0.3181818,13,0,12,1,0,0,12,0,0,0,3,0,0,1,0,2,3,0,1,94,10,0,11,0,2,3,0,13,0,11,2,0,0,0,160,1,0
/Users/thiago/Documents/Thiago/CodeToAnalyze/logback/logback-classic/src/test/java/ch/qos/logback/classic/control/ControlLogger.java,ch.qos.logback.classic.control.ControlLogger,class,5,10,5,5,23,2,0,4,94,0.84375,0.075,0.075,16,0,14,0,2,0,16,0,3,0,4,1,0,1,0,3,3,0,0,67,14,1,4,0,1,3,1,7,0,6,2,0,0,0,58,1,0
/Users/thiago/Documents/Thiago/CodeToAnalyze/logback/logback-classic/src/main/java/ch/qos/logback/classic/joran/PropertiesConfigurator.java,ch.qos.logback.classic.joran.PropertiesConfigurator,class,8,11,3,8,33,2,0,34,87,0.91836727,0.022222223,0.022222223,14,0,6,4,0,4,10,0,0,0,7,6,1,0,0,6,5,0,0,138,4,3,5,4,0,13,0,22,6,22,2,1,0,0,85,1,0
/Users/thiago/Documents/Thiago/CodeToAnalyze/logback/logback-core/src/main/java/ch/qos/logback/core/joran/util/beans/BeanDescriptionCache.java,ch.qos.logback.core.joran.util.beans.BeanDescriptionCache,class,5,12,7,5,5,2,0,7,3,0.6666667,0.0,0.0,3,0,2,1,0,0,2,0,0,0,2,0,0,2,0,0,0,0,0,20,2,0,1,0,0,0,0,3,0,3,1,0,0,0,58,1,0
/Users/thiago/Documents/Thiago/CodeToAnalyze/logback/logback-classic/src/test/java/ch/qos/logback/classic/util/LoggerNameUtilTest.java,ch.qos.logback.classic.util.LoggerNameUtilTest,class,2,2,0,2,7,1,0,3,21,0.0,0.0,0.0,7,0,7,0,0,0,7,0,0,0,0,0,0,0,0,0,0,0,7,59,0,0,0,0,0,29,0,14,0,14,0,0,0,0,32,1,0
/Users/thiago/Documents/Thiago/CodeToAnalyze/logback/logback-core/src/main/java/ch/qos/logback/core/pattern/util/IEscapeUtil.java,ch.qos.logback.core.pattern.util.IEscapeUtil,interface,0,6,6,0,1,1,0,0,0,0.0,NaN,NaN,1,0,0,0,0,1,1,0,0,0,0,0,0,0,0,0,0,0,0,3,0,0,0,0,0,0,0,0,0,0,0,0,0,0,7,1,0
/Users/thiago/Documents/Thiago/CodeToAnalyze/logback/logback-examples/src/main/java/chapters/migrationFromLog4j/LogbackMain.java,chapters.migrationFromLog4j.LogbackMain,class,4,5,1,4,1,1,0,7,0,0.0,NaN,NaN,1,1,1,0,0,0,1,0,0,0,1,1,0,0,0,1,0,0,0,12,0,0,0,0,0,2,0,3,0,3,0,0,0,0,34,1,1
/Users/thiago/Documents/Thiago/CodeToAnalyze/logback/logback-classic/src/test/java/ch/qos/logback/classic/issue/lbclassic36/DateFormatOriginal_tzest.java,ch.qos.logback.classic.issue.lbclassic36.DateFormatOriginal_tzest$ThreadLocalDateFormatter,innerclass,1,1,0,1,1,1,0,2,0,0.0,NaN,NaN,1,0,1,0,0,0,1,0,0,0,1,0,0,0,0,1,0,0,0,11,1,0,0,0,0,0,0,1,0,1,0,1,0,0,7,9,0
/Users/thiago/Documents/Thiago/CodeToAnalyze/logback/logback-classic/src/test/java/ch/qos/logback/classic/spi/LoggingEventTest.java,ch.qos.logback.classic.spi.LoggingEventTest,class,5,5,0,5,5,1,0,4,0,0.6,0.6,0.6,5,0,5,0,0,0,5,0,0,0,2,0,0,0,0,2,0,0,0,38,0,0,0,0,0,10,5,18,0,18,0,0,0,0,27,1,0
/Users/thiago/Documents/Thiago/CodeToAnalyze/logback/logback-classic/src/test/java/ch/qos/logback/classic/jsonTest/STEPDeserializer.java,ch.qos.logback.classic.jsonTest.STEPDeserializer,class,7,10,3,7,4,2,0,6,6,0.0,0.0,0.0,4,1,4,0,0,0,4,0,0,0,0,0,0,0,0,0,0,0,1,20,2,0,0,0,1,4,0,6,0,6,0,0,0,0,33,1,0
/Users/thiago/Documents/Thiago/CodeToAnalyze/logback/logback-classic/src/main/java/ch/qos/logback/classic/boolex/IEvaluator.java,ch.qos.logback.classic.boolex.IEvaluator,interface,1,2,1,1,1,1,0,0,0,0.0,NaN,NaN,1,0,0,0,0,1,1,0,0,0,0,0,0,0,0,0,0,0,0,3,0,0,0,0,0,0,0,0,0,0,0,0,0,0,16,1,0
/Users/thiago/Documents/Thiago/CodeToAnalyze/logback/logback-core-blackbox/src/test/java/ch/qos/logback/core/blackbox/BlackboxCoreTestConstants.java,ch.qos.logback.core.blackbox.BlackboxCoreTestConstants,class,0,0,0,0,0,1,0,0,0,NaN,-1.0,-1.0,0,0,0,0,0,0,0,0,0,0,3,3,3,0,0,0,3,0,0,5,0,0,0,0,0,3,0,3,2,3,0,0,0,0,20,1,0
/Users/thiago/Documents/Thiago/CodeToAnalyze/logback/logback-core/src/main/java/ch/qos/logback/core/boolex/EventEvaluator.java,ch.qos.logback.core.boolex.EventEvaluator,interface,3,7,4,3,3,1,0,0,3,0.0,0.0,0.0,3,0,0,0,0,3,3,0,0,0,0,0,0,0,0,0,0,0,0,5,0,0,0,0,0,0,0,0,0,0,0,0,0,0,65,1,0
/Users/thiago/Documents/Thiago/CodeToAnalyze/logback/logback-classic/src/main/java/ch/qos/logback/classic/joran/ReconfigureOnChangeTask.java,ch.qos.logback.classic.joran.ReconfigureOnChangeTask,class,9,11,2,9,28,2,0,42,43,0.90000004,0.0,0.0,10,0,4,6,0,0,4,0,0,0,6,3,3,0,0,3,3,0,2,135,6,0,6,3,0,21,0,24,7,24,2,0,0,0,129,1,0
/Users/thiago/Documents/Thiago/CodeToAnalyze/logback/logback-core/src/test/java/ch/qos/logback/core/issue/LOGBACK_849/Basic.java,ch.qos.logback.core.issue.LOGBACK_849.Basic$InterruptIgnoring,innerclass,0,0,0,0,5,1,0,3,0,0.0,1.0,1.0,2,0,1,0,0,1,2,0,0,0,1,0,0,0,0,1,0,0,3,23,1,1,0,1,0,1,1,3,3,3,3,0,0,0,11,8,0
/Users/thiago/Documents/Thiago/CodeToAnalyze/logback/logback-core/src/main/java/ch/qos/logback/core/joran/conditional/IfAction.java,ch.qos.logback.core.joran.conditional.IfAction,class,6,6,0,6,2,4,0,3,1,0.5,0.0,0.0,2,0,0,0,2,0,2,0,0,0,1,1,1,0,0,0,1,0,0,13,2,0,0,0,0,1,0,4,0,4,0,0,0,0,31,1,0
/Users/thiago/Documents/Thiago/CodeToAnalyze/logback/logback-core/src/main/java/ch/qos/logback/core/model/processor/DenyAllModelFilter.java,ch.qos.logback.core.model.processor.DenyAllModelFilter,class,3,4,1,3,1,1,0,0,0,0.0,NaN,NaN,1,0,1,0,0,0,1,0,0,0,0,0,0,0,0,0,0,0,0,5,1,0,0,0,0,0,0,0,0,0,0,0,0,0,7,1,0
/Users/thiago/Documents/Thiago/CodeToAnalyze/logback/logback-classic/src/main/java/ch/qos/logback/classic/spi/LoggerContextAwareBase.java,ch.qos.logback.classic.spi.LoggerContextAwareBase,class,4,4,0,4,5,2,0,1,3,0.0,0.0,0.0,3,0,3,0,0,0,3,0,0,0,0,0,0,0,0,0,0,0,0,16,1,0,1,0,0,1,0,0,0,0,1,0,0,0,28,1,0
/Users/thiago/Documents/Thiago/CodeToAnalyze/logback/logback-core/src/test/java/ch/qos/logback/core/model/processor/DefinePropertyActionTest.java,ch.qos.logback.core.model.processor.DefinePropertyActionTest,class,12,12,0,12,7,1,0,10,0,0.58928573,0.71428573,0.71428573,7,0,7,0,0,0,7,0,0,0,8,5,0,5,0,3,5,0,2,61,0,0,0,1,0,17,0,15,6,15,1,1,0,0,73,1,0
/Users/thiago/Documents/Thiago/CodeToAnalyze/logback/logback-core/src/main/java/ch/qos/logback/core/AsyncAppenderBase.java,ch.qos.logback.core.AsyncAppenderBase$Worker,innerclass,5,5,0,5,5,2,0,8,0,0.0,NaN,NaN,1,0,1,0,0,0,1,0,0,0,0,0,0,0,0,0,0,0,0,26,0,3,0,1,0,1,0,4,0,4,3,0,0,0,20,0,0
/Users/thiago/Documents/Thiago/CodeToAnalyze/logback/logback-core/src/test/java/ch/qos/logback/core/rolling/RollingFileAppenderTest.java,ch.qos.logback.core.rolling.RollingFileAppenderTest,class,19,19,0,19,18,2,0,49,0,0.5555556,0.85714287,0.8666667,15,0,13,0,2,0,15,0,0,0,6,0,0,0,0,6,0,0,6,208,2,2,0,0,0,41,14,32,22,32,2,0,0,0,116,1,0
/Users/thiago/Documents/Thiago/CodeToAnalyze/logback/logback-classic/src/main/java/ch/qos/logback/classic/model/LoggerContextListenerModel.java,ch.qos.logback.classic.model.LoggerContextListenerModel,class,2,6,4,2,1,2,0,0,0,1.0,NaN,NaN,1,0,0,0,1,0,1,0,0,0,1,1,0,1,0,0,1,0,0,6,1,0,0,0,0,0,1,1,0,1,0,0,0,0,15,1,0
/Users/thiago/Documents/Thiago/CodeToAnalyze/logback/logback-core/src/main/java/ch/qos/logback/core/status/Status.java,ch.qos.logback.core.status.Status,interface,1,20,19,1,11,1,0,1,55,1.0,0.0,0.0,11,0,0,0,0,11,11,0,0,0,3,0,0,0,0,3,0,0,0,18,1,0,0,0,0,0,3,3,0,3,0,0,0,0,26,1,0
/Users/thiago/Documents/Thiago/CodeToAnalyze/logback/logback-classic/src/main/java/ch/qos/logback/classic/joran/action/ContextNameAction.java,ch.qos.logback.classic.joran.action.ContextNameAction,class,5,5,0,5,1,2,0,0,0,0.0,NaN,NaN,1,0,0,0,1,0,1,0,0,0,0,0,0,0,0,0,0,0,0,6,1,0,0,0,0,0,0,1,0,1,0,0,0,0,13,1,0
/Users/thiago/Documents/Thiago/CodeToAnalyze/logback/logback-core/src/main/java/ch/qos/logback/core/Context.java,ch.qos.logback.core.Context,interface,7,71,64,7,20,1,0,1,190,0.0,0.0,0.0,20,0,0,0,0,20,20,0,0,0,0,0,0,0,0,0,0,0,0,25,1,0,0,0,0,0,0,0,0,0,0,0,0,0,172,1,0
/Users/thiago/Documents/Thiago/CodeToAnalyze/logback/logback-core/src/test/java/ch/qos/logback/core/util/COWArrayListTest.java,ch.qos.logback.core.util.COWArrayListTest,class,4,4,0,4,5,1,0,5,4,0.6,0.3,0.3,5,0,5,0,0,0,5,0,0,0,2,0,0,0,0,2,0,0,0,23,0,0,0,0,0,0,7,5,0,5,0,0,0,0,21,1,0
/Users/thiago/Documents/Thiago/CodeToAnalyze/logback/logback-core/src/main/java/ch/qos/logback/core/spi/ContextAwarePropertyContainer.java,ch.qos.logback.core.spi.ContextAwarePropertyContainer,interface,2,9,7,2,2,1,0,0,1,0.0,0.0,0.0,2,0,1,0,0,1,2,0,0,0,0,0,0,0,0,0,0,0,0,6,1,0,0,0,0,0,0,0,0,0,0,0,0,0,48,1,0
/Users/thiago/Documents/Thiago/CodeToAnalyze/logback/logback-classic/src/main/java/ch/qos/logback/classic/net/SMTPAppender.java,ch.qos.logback.classic.net.SMTPAppender,class,8,9,1,8,19,2,0,16,49,0.8181819,0.054545455,0.054545455,11,0,5,0,5,1,11,0,0,0,2,1,0,1,0,1,1,0,0,68,7,2,3,0,0,3,1,13,1,9,2,0,0,0,115,1,0
/Users/thiago/Documents/Thiago/CodeToAnalyze/logback/logback-core/src/main/java/ch/qos/logback/core/joran/event/EndEvent.java,ch.qos.logback.core.joran.event.EndEvent,class,2,5,3,2,2,2,0,3,1,0.0,0.0,0.0,2,0,1,0,0,1,2,0,0,0,0,0,0,0,0,0,0,0,0,8,1,0,0,0,0,4,0,0,1,0,0,0,0,0,10,1,0
/Users/thiago/Documents/Thiago/CodeToAnalyze/logback/logback-core/src/main/java/ch/qos/logback/core/spi/FilterAttachable.java,ch.qos.logback.core.spi.FilterAttachable,interface,3,5,2,3,4,1,0,0,6,0.0,0.0,0.0,4,0,0,0,0,4,4,0,0,0,0,0,0,0,0,0,0,0,0,6,0,0,0,0,0,0,0,0,0,0,0,0,0,0,59,1,0
/Users/thiago/Documents/Thiago/CodeToAnalyze/logback/logback-examples/src/main/java/chapters/mdc/NumberCruncherServer.java,chapters.mdc.NumberCruncherServer,class,6,7,1,6,19,1,0,26,8,0.8,0.1,0.1,5,3,4,0,0,1,5,0,0,0,2,2,0,1,0,1,1,0,7,90,3,3,5,4,6,19,14,15,8,13,3,0,0,0,87,1,8
/Users/thiago/Documents/Thiago/CodeToAnalyze/logback/logback-core/src/main/java/ch/qos/logback/core/joran/spi/SaxEventInterpreter.java,ch.qos.logback.core.joran.spi.CAI_WithLocatorSupport,class,4,5,1,4,3,2,0,4,1,0.0,0.0,0.0,2,0,0,0,1,1,2,0,0,0,0,0,0,0,0,0,0,0,0,15,2,0,1,0,0,3,0,2,2,2,1,0,0,0,38,0,0
/Users/thiago/Documents/Thiago/CodeToAnalyze/logback/logback-core/src/main/java/ch/qos/logback/core/pattern/color/BoldRedCompositeConverter.java,ch.qos.logback.core.pattern.color.BoldRedCompositeConverter,class,2,2,0,2,1,6,0,0,0,0.0,NaN,NaN,1,0,0,0,1,0,1,0,0,0,0,0,0,0,0,0,0,0,0,5,1,0,0,0,0,0,0,0,1,0,0,0,0,0,35,1,0
/Users/thiago/Documents/Thiago/CodeToAnalyze/logback/logback-core/src/test/java/ch/qos/logback/core/joran/implicitAction/FruitContextModelHandler.java,ch.qos.logback.core.joran.implicitAction.FruitContextModelHandler,class,5,6,1,5,5,2,0,6,6,0.0,0.0,0.0,4,1,4,0,0,0,4,0,0,0,0,0,0,0,0,0,0,0,0,21,1,0,1,0,0,5,0,1,2,1,1,0,0,0,31,1,0
/Users/thiago/Documents/Thiago/CodeToAnalyze/logback/logback-core/src/main/java/ch/qos/logback/core/pattern/color/ConverterSupplierByClassName.java,ch.qos.logback.core.pattern.color.ConverterSupplierByClassName,class,2,4,2,2,3,2,0,2,0,0.0,1.0,1.0,2,0,2,0,0,0,2,0,0,0,2,0,0,0,0,2,0,0,0,17,2,0,0,1,0,3,0,2,1,2,1,0,0,0,38,1,0
/Users/thiago/Documents/Thiago/CodeToAnalyze/logback/logback-classic/src/test/java/ch/qos/logback/classic/corpus/TextFileUtil.java,ch.qos.logback.classic.corpus.TextFileUtil,class,1,4,3,1,5,1,0,6,3,0.0,0.0,0.0,3,3,3,0,0,0,3,0,0,0,0,0,0,0,0,0,0,0,2,25,3,2,1,0,1,1,0,8,0,8,2,0,0,0,26,1,0
/Users/thiago/Documents/Thiago/CodeToAnalyze/logback/logback-core/src/test/java/ch/qos/logback/core/spi/AppenderAttachableImplTest.java,ch.qos.logback.core.spi.AppenderAttachableImplTest,class,7,7,0,7,14,1,0,16,0,0.0,1.0,1.0,9,0,9,0,0,0,9,0,0,0,1,0,0,1,0,0,0,0,0,107,0,1,6,0,0,33,3,24,0,20,1,0,1,0,51,1,0
/Users/thiago/Documents/Thiago/CodeToAnalyze/logback/logback-classic/src/main/java/ch/qos/logback/classic/joran/ModelClassToModelHandlerLinker.java,ch.qos.logback.classic.joran.ModelClassToModelHandlerLinker,class,17,20,3,17,5,2,0,5,0,0.25,0.16666667,0.16666667,4,0,4,0,0,0,4,0,0,0,1,0,0,0,0,1,0,0,0,35,2,0,1,0,0,0,0,1,0,1,1,0,0,4,45,1,0
/Users/thiago/Documents/Thiago/CodeToAnalyze/logback/logback-core/src/test/java/ch/qos/logback/core/AsyncAppenderBaseTest.java,ch.qos.logback.core.AsyncAppenderBaseTest$LossyAsyncAppender,innerclass,1,1,0,1,2,2,0,0,0,0.0,NaN,NaN,1,0,0,0,1,0,1,0,0,0,0,0,0,0,0,0,0,0,0,5,1,0,1,0,1,0,2,0,1,0,0,0,0,0,7,8,0
/Users/thiago/Documents/Thiago/CodeToAnalyze/logback/logback-core/src/test/java/ch/qos/logback/core/layout/NopLayout.java,ch.qos.logback.core.layout.NopLayout,class,2,2,0,2,1,2,0,0,0,0.0,NaN,NaN,1,0,1,0,0,0,1,0,0,0,0,0,0,0,0,0,0,0,0,5,1,0,0,0,0,1,0,0,0,0,0,0,0,0,4,1,0
/Users/thiago/Documents/Thiago/CodeToAnalyze/logback/logback-core/src/main/java/ch/qos/logback/core/util/StringCollectionUtil.java,ch.qos.logback.core.util.StringCollectionUtil,class,1,4,3,1,11,1,0,11,6,0.0,0.0,0.0,4,4,4,0,0,0,4,0,0,0,0,0,0,0,0,0,0,0,6,33,1,4,0,0,0,0,0,4,0,4,3,0,0,0,54,1,0
/Users/thiago/Documents/Thiago/CodeToAnalyze/logback/logback-core/src/main/java/ch/qos/logback/core/model/INamedModel.java,ch.qos.logback.core.model.INamedModel,interface,0,2,2,0,2,1,0,0,1,0.0,0.0,0.0,2,0,2,0,0,0,2,0,0,0,0,0,0,0,0,0,0,0,0,4,0,0,0,0,0,0,0,0,0,0,0,0,0,0,7,1,0
/Users/thiago/Documents/Thiago/CodeToAnalyze/logback/logback-core/src/main/java/ch/qos/logback/core/joran/JoranConstants.java,ch.qos.logback.core.joran.JoranConstants,class,0,0,0,0,0,1,0,1,0,NaN,-1.0,-1.0,0,0,0,0,0,0,0,0,0,0,17,17,16,0,0,1,17,0,0,19,0,0,0,0,0,15,0,17,0,17,0,0,0,0,32,1025,0
/Users/thiago/Documents/Thiago/CodeToAnalyze/logback/logback-classic/src/main/java/ch/qos/logback/classic/net/SocketAcceptor.java,ch.qos.logback.classic.net.SocketAcceptor,class,0,0,0,0,1,2,0,0,0,0.0,NaN,NaN,1,0,1,0,0,0,1,0,0,0,0,0,0,0,0,0,0,0,0,4,0,0,0,0,0,0,0,0,0,0,0,0,0,0,4,0,0
/Users/thiago/Documents/Thiago/CodeToAnalyze/logback/logback-classic/src/test/java/ch/qos/logback/classic/LoggerContextDeadlockTest.java,ch.qos.logback.classic.LoggerContextDeadlockTest,class,7,7,0,7,4,2,0,4,3,0.6666667,0.0,0.0,3,0,3,0,0,0,3,0,0,0,2,0,0,0,0,2,0,0,0,35,0,1,0,0,0,1,3,5,0,5,1,0,1,0,35,1,0
/Users/thiago/Documents/Thiago/CodeToAnalyze/logback/logback-classic/performance/src/java/ch/qos/logback/classic/pattern/ClassNameAbbreviatorSpeed.java,ch.qos.logback.classic.pattern.ClassNameAbbreviatorSpeed,class,2,3,1,2,3,1,0,4,1,0.5,0.0,0.0,2,2,1,0,0,1,2,0,0,0,2,2,0,0,0,2,0,0,5,17,0,1,0,0,1,3,5,5,3,5,1,0,0,0,14,1,0
/Users/thiago/Documents/Thiago/CodeToAnalyze/logback/logback-classic/src/test/java/ch/qos/logback/classic/turbo/DuplicateMessageFilterTest.java,ch.qos.logback.classic.turbo.DuplicateMessageFilterTest,class,2,2,0,2,7,1,0,5,6,0.0,0.0,0.0,4,0,4,0,0,0,4,0,0,0,0,0,0,0,0,0,0,0,0,45,0,3,0,0,0,10,12,9,6,9,1,0,0,0,17,1,0
/Users/thiago/Documents/Thiago/CodeToAnalyze/logback/logback-classic-blackbox/src/test/java/ch/qos/logback/classic/blackbox/net/CounterBasedEvaluator.java,ch.qos.logback.classic.blackbox.net.CounterBasedEvaluator,class,2,2,0,2,9,2,0,0,14,0.775,0.25,0.25,8,0,8,0,0,0,8,0,0,0,5,1,0,0,0,5,0,0,0,38,5,0,1,0,0,0,3,8,0,5,1,0,0,0,51,1,0
/Users/thiago/Documents/Thiago/CodeToAnalyze/logback/logback-classic-blackbox/src/test/java/ch/qos/logback/classic/blackbox/joran/ReconfigurationDoneListener.java,ch.qos.logback.classic.blackbox.joran.ReconfigurationDoneListener,class,3,4,1,3,6,1,0,3,0,0.0,1.0,1.0,2,0,1,0,0,1,2,0,0,0,2,0,0,0,0,2,0,0,0,24,0,0,2,0,0,0,0,3,0,3,3,0,0,0,21,0,0
/Users/thiago/Documents/Thiago/CodeToAnalyze/logback/logback-classic/src/test/java/ch/qos/logback/classic/net/DilutedSMTPAppenderTest.java,ch.qos.logback.classic.net.DilutedSMTPAppenderTest,class,14,15,1,14,8,1,0,34,0,0.7083333,1.0,1.0,8,1,7,1,0,0,7,0,0,0,6,0,0,0,0,6,0,0,1,61,1,0,0,0,0,12,6,9,0,8,0,0,0,0,47,1,0
/Users/thiago/Documents/Thiago/CodeToAnalyze/logback/logback-classic/src/main/java/ch/qos/logback/classic/pattern/LineOfCallerConverter.java,ch.qos.logback.classic.pattern.LineOfCallerConverter,class,2,2,0,2,3,3,0,3,0,0.0,NaN,NaN,1,0,1,0,0,0,1,0,0,0,0,0,0,0,0,0,0,0,1,11,2,0,1,0,0,0,2,1,0,1,1,0,0,0,12,1,0
/Users/thiago/Documents/Thiago/CodeToAnalyze/logback/logback-core/src/test/java/ch/qos/logback/core/spi/ScenarioBasedCyclicBufferTrackerTest.java,ch.qos.logback.core.spi.ScenarioBasedCyclicBufferTrackerTest,class,7,8,1,7,5,1,0,8,0,0.2,0.3,0.3,5,0,4,0,0,1,5,0,0,0,2,0,0,0,0,2,0,0,0,37,0,0,0,0,0,0,8,13,2,4,0,0,0,0,24,1,0
/Users/thiago/Documents/Thiago/CodeToAnalyze/logback/logback-classic/src/test/java/ch/qos/logback/classic/spi/LocalFirstClassLoader.java,ch.qos.logback.classic.spi.LocalFirstClassLoader,class,1,2,1,1,10,4,0,8,10,0.0,0.0,0.0,5,0,4,0,1,0,5,0,0,0,0,0,0,0,0,0,0,0,1,36,2,0,3,1,0,0,0,4,0,1,2,0,0,0,49,1,0
/Users/thiago/Documents/Thiago/CodeToAnalyze/logback/logback-core/src/main/java/ch/qos/logback/core/pattern/FormattingConverter.java,ch.qos.logback.core.pattern.FormattingConverter,class,4,6,2,4,11,2,0,12,0,0.6666667,1.0,1.0,3,0,3,0,0,0,3,0,3,0,3,2,0,0,0,3,2,0,3,47,3,0,3,0,0,1,4,7,1,7,2,0,0,0,39,1025,0
/Users/thiago/Documents/Thiago/CodeToAnalyze/logback/logback-classic/src/test/java/ch/qos/logback/classic/issue/github876/Github876Test.java,ch.qos.logback.classic.issue.github876.Github876Test,class,8,9,1,8,3,1,0,16,0,0.33333334,1.0,1.0,3,0,3,0,0,0,3,0,0,0,4,0,0,0,0,4,1,0,0,29,0,0,0,0,0,7,4,10,0,10,0,0,0,0,29,1,2
/Users/thiago/Documents/Thiago/CodeToAnalyze/logback/logback-core/src/main/java/ch/qos/logback/core/model/processor/AppenderRefModelHandler.java,ch.qos.logback.core.model.processor.AppenderRefModelHandler,class,9,10,1,9,7,3,0,11,10,0.8,0.0,0.0,5,1,3,0,1,1,5,0,0,0,1,0,0,0,0,1,0,0,0,36,3,0,1,0,1,7,0,9,3,8,1,0,0,0,46,1,0
/Users/thiago/Documents/Thiago/CodeToAnalyze/logback/logback-core/src/main/java/ch/qos/logback/core/util/TimeUtil.java,ch.qos.logback.core.util.TimeUtil,class,0,1,1,0,6,1,0,7,15,0.0,0.0,0.0,6,6,6,0,0,0,6,0,0,0,0,0,0,0,0,0,0,0,6,58,6,0,0,0,0,0,25,6,0,6,0,0,0,0,16,1,0
/Users/thiago/Documents/Thiago/CodeToAnalyze/logback/logback-classic/src/main/java/ch/qos/logback/classic/joran/action/ReceiverAction.java,ch.qos.logback.classic.joran.action.ReceiverAction,class,6,6,0,6,2,2,0,4,1,0.0,0.0,0.0,2,0,0,0,2,0,2,0,0,0,0,0,0,0,0,0,0,0,0,12,2,0,0,0,0,0,0,2,0,2,0,0,0,0,38,1,0
/Users/thiago/Documents/Thiago/CodeToAnalyze/logback/logback-classic/src/main/java/ch/qos/logback/classic/net/server/RemoteAppenderClient.java,ch.qos.logback.classic.net.server.RemoteAppenderClient,interface,2,8,6,2,1,1,0,0,0,0.0,NaN,NaN,1,0,0,0,0,1,1,0,0,0,0,0,0,0,0,0,0,0,0,3,0,0,0,0,0,0,0,0,0,0,0,0,0,0,40,0,0
/Users/thiago/Documents/Thiago/CodeToAnalyze/logback/logback-core/src/main/java/ch/qos/logback/core/spi/AbstractComponentTracker.java,ch.qos.logback.core.spi.AbstractComponentTracker$Anonymous2,anonymous,3,3,0,3,1,1,0,1,0,0.0,NaN,NaN,1,0,1,0,0,0,1,0,0,0,0,0,0,0,0,0,0,0,0,5,1,0,0,0,0,0,0,0,0,0,0,0,0,0,7,-1,0
/Users/thiago/Documents/Thiago/CodeToAnalyze/logback/logback-core/src/main/java/ch/qos/logback/core/spi/AbstractComponentTracker.java,ch.qos.logback.core.spi.AbstractComponentTracker$Anonymous3,anonymous,3,3,0,3,1,1,0,1,0,0.0,NaN,NaN,1,0,1,0,0,0,1,0,0,0,0,0,0,0,0,0,0,0,0,5,1,0,0,0,0,0,0,0,0,0,0,0,0,0,8,-1,0
/Users/thiago/Documents/Thiago/CodeToAnalyze/logback/logback-core/src/test/java/ch/qos/logback/core/util/StatusListenerConfigHelperTest.java,ch.qos.logback.core.util.StatusListenerConfigHelperTest,class,9,9,0,9,3,1,0,8,3,0.6666667,0.0,0.0,3,0,3,0,0,0,3,0,0,0,2,0,0,0,0,2,0,0,2,24,0,0,0,0,0,0,2,6,0,6,1,0,0,0,30,1,0
/Users/thiago/Documents/Thiago/CodeToAnalyze/logback/logback-core/src/main/java/ch/qos/logback/core/net/AbstractSSLSocketAppender.java,ch.qos.logback.core.net.AbstractSSLSocketAppender,class,8,11,3,8,7,3,0,9,6,0.6,0.2,0.2,5,0,3,0,2,0,5,0,0,0,2,0,0,2,0,0,0,0,0,30,2,0,1,1,0,0,0,5,0,4,1,0,0,0,55,1025,0
/Users/thiago/Documents/Thiago/CodeToAnalyze/logback/logback-core/src/test/java/ch/qos/logback/core/rolling/MultiThreadedRollingTest.java,ch.qos.logback.core.rolling.MultiThreadedRollingTest$Anonymous1,anonymous,0,0,0,0,2,1,0,1,0,0.0,NaN,NaN,1,0,1,0,0,0,1,0,0,0,0,0,0,0,0,0,0,0,0,8,2,0,0,0,0,1,0,0,0,0,1,0,0,0,5,-1,0
/Users/thiago/Documents/Thiago/CodeToAnalyze/logback/logback-classic/src/test/java/ch/qos/logback/classic/sift/SiftingAppenderTest.java,ch.qos.logback.classic.sift.SiftingAppenderTest$Anonymous1,anonymous,7,7,0,7,1,1,0,16,0,0.0,NaN,NaN,1,0,1,0,0,0,1,0,0,0,0,0,0,0,0,0,0,0,0,28,1,0,0,0,0,7,1,4,3,4,0,0,0,0,24,-1,0
/Users/thiago/Documents/Thiago/CodeToAnalyze/logback/logback-classic/src/test/java/ch/qos/logback/classic/issue/lbcore243/Common.java,ch.qos.logback.classic.issue.lbcore243.Common,class,0,0,0,0,0,1,0,0,0,NaN,-1.0,-1.0,0,0,0,0,0,0,0,0,0,0,1,1,0,0,0,1,0,0,0,3,0,0,0,0,0,0,2,1,1,1,0,0,0,0,2,1,0
/Users/thiago/Documents/Thiago/CodeToAnalyze/logback/logback-core/src/main/java/ch/qos/logback/core/html/CssBuilder.java,ch.qos.logback.core.html.CssBuilder,interface,0,1,1,0,1,1,0,0,0,0.0,NaN,NaN,1,0,0,0,0,1,1,0,0,0,0,0,0,0,0,0,0,0,0,3,0,0,0,0,0,0,0,0,0,0,0,0,0,0,5,1,0
/Users/thiago/Documents/Thiago/CodeToAnalyze/logback/logback-core/src/test/java/ch/qos/logback/core/util/ResilienceUtil.java,ch.qos.logback.core.util.ResilienceUtil,class,0,2,2,0,5,1,0,8,0,0.0,NaN,NaN,1,1,1,0,0,0,1,0,0,0,0,0,0,0,0,0,0,0,2,26,1,1,3,0,1,0,6,11,1,10,3,0,0,0,26,1,0
/Users/thiago/Documents/Thiago/CodeToAnalyze/logback/logback-core/src/main/java/ch/qos/logback/core/model/processor/ShutdownHookModelHandler.java,ch.qos.logback.core.model.processor.ShutdownHookModelHandler,class,13,14,1,13,10,3,0,14,4,0.64,0.1,0.1,5,1,4,0,1,0,5,0,0,0,5,3,1,0,0,4,3,0,0,57,4,0,1,1,0,10,0,14,4,9,2,0,0,0,75,1,0
/Users/thiago/Documents/Thiago/CodeToAnalyze/logback/logback-core/src/test/java/ch/qos/logback/core/net/server/ConcurrentServerRunnerTest.java,ch.qos.logback.core.net.server.ConcurrentServerRunnerTest,class,9,9,0,9,15,3,0,20,0,0.3333333,0.93333334,1.0,6,0,6,0,0,0,6,0,0,0,6,2,0,6,0,0,2,0,1,108,0,5,1,0,0,0,8,15,4,15,3,0,1,0,45,1,0
/Users/thiago/Documents/Thiago/CodeToAnalyze/logback/logback-core/src/main/java/ch/qos/logback/core/net/ssl/ConfigurableSSLSocketFactory.java,ch.qos.logback.core.net.ssl.ConfigurableSSLSocketFactory,class,2,3,1,2,5,2,0,5,0,0.0,1.0,1.0,5,0,5,0,0,0,5,0,0,0,2,0,0,2,0,0,2,0,0,28,4,0,0,0,0,0,0,6,0,6,0,0,0,0,60,1,0
/Users/thiago/Documents/Thiago/CodeToAnalyze/logback/logback-core/src/test/java/ch/qos/logback/core/pattern/parser/CompilerTest.java,ch.qos.logback.core.pattern.parser.CompilerTest,class,10,11,1,10,11,1,0,12,0,0.2,0.8,0.8,10,0,9,0,0,1,10,0,0,0,2,0,0,0,0,2,0,0,0,198,1,1,1,0,0,44,0,89,0,88,1,0,0,0,49,1,0
/Users/thiago/Documents/Thiago/CodeToAnalyze/logback/logback-core/src/main/java/ch/qos/logback/core/pattern/Converter.java,ch.qos.logback.core.pattern.Converter,class,2,13,11,2,5,1,0,2,4,0.5,0.16666667,0.16666667,4,0,4,0,0,0,4,1,2,0,1,0,0,0,0,1,0,0,0,16,1,0,1,0,0,1,0,1,0,1,1,0,0,0,62,1025,0
/Users/thiago/Documents/Thiago/CodeToAnalyze/logback/logback-classic/src/test/java/ch/qos/logback/classic/net/SocketMin.java,ch.qos.logback.classic.net.SocketMin,class,4,5,1,4,14,1,0,27,2,0.5,0.4,0.6,5,5,1,0,0,4,5,0,0,0,2,2,0,0,0,2,0,0,8,81,1,1,4,2,0,25,9,10,12,10,2,0,0,0,37,1,10
/Users/thiago/Documents/Thiago/CodeToAnalyze/logback/logback-core/src/main/java/ch/qos/logback/core/net/ssl/TrustManagerFactoryFactoryBean.java,ch.qos.logback.core.net.ssl.TrustManagerFactoryFactoryBean,class,1,7,6,1,7,1,1,5,6,0.6,0.2,0.2,5,0,5,0,0,0,5,0,0,0,2,0,0,2,0,0,0,0,3,22,4,0,2,0,0,0,0,2,0,2,1,0,0,0,73,1,0
/Users/thiago/Documents/Thiago/CodeToAnalyze/logback/logback-classic/performance/src/java/ch/qos/logback/classic/RetreivalOfExistingLoggerSpeed.java,ch.qos.logback.classic.RetreivalOfExistingLoggerSpeed,class,8,9,1,8,12,1,0,16,0,0.6666666,1.0,1.0,6,6,1,0,0,5,6,0,0,0,5,5,0,0,0,5,4,0,15,62,0,6,0,0,11,7,11,24,16,23,1,0,0,0,37,1,0
/Users/thiago/Documents/Thiago/CodeToAnalyze/logback/logback-core/src/test/java/ch/qos/logback/core/net/ssl/SSLParametersConfigurationTest.java,ch.qos.logback.core.net.ssl.SSLParametersConfigurationTest,class,5,5,0,5,13,1,0,20,0,0.03846154,1.0,1.0,13,0,13,0,0,0,13,0,0,0,2,0,0,2,0,0,0,0,8,77,0,0,0,0,0,40,0,4,0,4,0,0,0,0,37,1,0
/Users/thiago/Documents/Thiago/CodeToAnalyze/logback/logback-classic/src/main/java/ch/qos/logback/classic/servlet/LogbackServletContextListener.java,ch.qos.logback.classic.servlet.LogbackServletContextListener,class,6,8,2,6,3,1,0,7,1,0.5,0.0,0.0,2,0,2,0,0,0,2,0,0,0,1,0,0,0,0,1,0,0,1,14,0,0,0,0,0,3,0,3,1,3,1,0,0,0,28,1,0
/Users/thiago/Documents/Thiago/CodeToAnalyze/logback/logback-core/src/test/java/ch/qos/logback/core/net/ssl/mock/MockSecureRandomFactoryBean.java,ch.qos.logback.core.net.ssl.mock.MockSecureRandomFactoryBean,class,1,2,1,1,2,2,0,1,0,0.0,1.0,1.0,2,0,2,0,0,0,2,0,0,0,1,0,0,1,0,0,0,0,0,10,2,0,0,0,0,0,0,1,0,1,0,0,0,0,19,1,0
/Users/thiago/Documents/Thiago/CodeToAnalyze/logback/logback-classic/src/test/java/ch/qos/logback/classic/html/HTMLLayoutTest.java,ch.qos.logback.classic.html.HTMLLayoutTest,class,21,22,1,21,13,1,0,51,0,0.5555556,0.6181818,0.8181818,12,0,9,1,0,2,11,0,0,0,3,0,0,0,0,3,0,0,0,144,2,1,0,0,0,39,21,60,8,50,1,0,0,0,112,1,1
/Users/thiago/Documents/Thiago/CodeToAnalyze/logback/logback-classic/src/test/java/ch/qos/logback/classic/issue/lbclassic323/Barebones.java,ch.qos.logback.classic.issue.lbclassic323.Barebones$SenderRunnable,innerclass,0,0,0,0,3,1,0,2,0,0.0,1.0,1.0,2,0,1,0,0,1,2,0,0,0,1,0,0,0,0,1,0,0,1,14,0,0,0,1,0,1,1,1,1,1,1,0,0,0,7,8,0
/Users/thiago/Documents/Thiago/CodeToAnalyze/logback/logback-classic/src/main/java/ch/qos/logback/classic/net/SocketAppender.java,ch.qos.logback.classic.net.SocketAppender,class,4,9,5,4,5,2,0,1,4,0.625,0.16666667,0.16666667,4,0,3,0,1,0,4,0,0,0,2,1,0,2,0,0,1,0,0,17,1,0,0,0,0,0,0,3,0,2,1,0,0,0,47,1,0
/Users/thiago/Documents/Thiago/CodeToAnalyze/logback/logback-classic/src/main/java/ch/qos/logback/classic/turbo/ReconfigureOnChangeFilter.java,ch.qos.logback.classic.turbo.ReconfigureOnChangeFilter$ReconfiguringThread,innerclass,5,5,0,5,10,1,0,19,3,0.0,NaN,NaN,3,0,1,2,0,0,1,0,0,0,0,0,0,0,0,0,0,0,1,55,1,0,2,2,0,10,0,7,1,7,2,0,0,0,61,0,0
/Users/thiago/Documents/Thiago/CodeToAnalyze/logback/logback-classic/src/main/java/ch/qos/logback/classic/Level.java,ch.qos.logback.classic.Level,class,2,17,15,2,48,1,0,8,7,0.8125,0.21212122,0.42424244,14,8,12,2,0,0,12,0,0,0,24,22,23,1,0,0,24,0,5,163,38,0,2,0,0,20,6,31,3,27,1,0,0,0,155,17,0
/Users/thiago/Documents/Thiago/CodeToAnalyze/logback/logback-examples/src/main/java/chapters/mdc/NumberCruncherClient.java,chapters.mdc.NumberCruncherClient,class,3,4,1,3,10,1,0,10,3,0.0,0.0,0.0,3,3,1,0,0,2,3,0,0,0,0,0,0,0,0,0,0,0,5,54,1,2,2,3,0,13,6,7,6,6,4,0,0,0,54,1,0
/Users/thiago/Documents/Thiago/CodeToAnalyze/logback/logback-classic/src/test/java/ch/qos/logback/classic/jsonTest/PubThrowableProxyDeserializer.java,ch.qos.logback.classic.jsonTest.PubThrowableProxyDeserializer,class,8,10,2,8,11,2,0,22,13,0.6666667,0.0,0.0,6,3,1,3,2,0,3,0,0,0,2,2,0,0,0,2,0,0,6,60,4,2,3,0,0,3,2,18,1,18,1,0,0,0,44,1,0
/Users/thiago/Documents/Thiago/CodeToAnalyze/logback/logback-classic/src/test/java/ch/qos/logback/classic/LoggerContextDeadlockTest.java,ch.qos.logback.classic.LoggerContextDeadlockTest$GetLoggerThread,innerclass,1,1,0,1,5,2,0,2,0,0.0,1.0,1.0,2,0,1,0,0,1,2,0,0,0,1,0,0,0,0,1,1,0,1,18,0,1,1,1,0,1,5,2,2,2,3,0,0,0,10,0,0
/Users/thiago/Documents/Thiago/CodeToAnalyze/logback/logback-core/src/main/java/ch/qos/logback/core/spi/PreSerializationTransformer.java,ch.qos.logback.core.spi.PreSerializationTransformer,interface,1,1,0,1,1,1,0,0,0,0.0,NaN,NaN,1,0,0,0,0,1,1,0,0,0,0,0,0,0,0,0,0,0,0,3,0,0,0,0,0,0,0,0,0,0,0,0,0,0,22,1,0
/Users/thiago/Documents/Thiago/CodeToAnalyze/logback/logback-classic/src/test/java/ch/qos/logback/classic/turbo/MDCFilterTest.java,ch.qos.logback.classic.turbo.MDCFilterTest,class,6,6,0,6,5,1,0,12,0,0.35000002,0.6,0.6,5,0,5,0,0,0,5,0,0,0,4,0,0,1,0,3,0,0,0,44,0,0,0,0,0,5,0,4,3,4,0,0,0,0,23,1,0
/Users/thiago/Documents/Thiago/CodeToAnalyze/logback/logback-classic/src/main/java/ch/qos/logback/classic/joran/action/PropertiesConfiguratorAction.java,ch.qos.logback.classic.joran.action.PropertiesConfiguratorAction,class,2,2,0,2,1,2,0,0,0,0.0,NaN,NaN,1,0,0,0,1,0,1,0,0,0,0,0,0,0,0,0,0,0,0,5,1,0,0,0,0,0,0,0,0,0,0,0,0,0,18,1,0
/Users/thiago/Documents/Thiago/CodeToAnalyze/logback/logback-classic/src/main/java/ch/qos/logback/classic/pattern/NamedConverter.java,ch.qos.logback.classic.pattern.NamedConverter$CacheMissCalculator,innerclass,0,0,0,0,3,1,0,0,0,0.0,1.0,1.0,2,0,0,0,0,2,2,0,0,0,2,0,0,0,0,2,0,0,0,16,2,0,0,0,1,0,3,6,4,4,1,0,0,0,26,0,0
/Users/thiago/Documents/Thiago/CodeToAnalyze/logback/logback-core/src/test/java/ch/qos/logback/core/net/server/InstrumentedServerSocketAppenderBase.java,ch.qos.logback.core.net.server.InstrumentedServerSocketAppenderBase,class,7,9,2,7,9,3,0,1,18,0.71875,0.17857143,0.35714287,8,0,3,0,5,0,8,0,0,0,4,0,0,4,0,0,3,0,0,48,5,0,1,0,0,2,0,4,0,4,0,2,0,0,37,1,0
/Users/thiago/Documents/Thiago/CodeToAnalyze/logback/logback-classic/src/test/java/org/dummy/Log4jInvocation.java,org.dummy.Log4jInvocation,class,8,9,1,8,3,1,0,18,0,0.25,0.6666667,1.0,3,0,3,0,0,0,3,0,0,0,4,1,0,0,0,4,1,0,0,41,0,0,0,0,0,8,9,10,1,9,0,0,0,0,37,1,3
/Users/thiago/Documents/Thiago/CodeToAnalyze/logback/logback-core/src/test/java/ch/qos/logback/core/rolling/CollisionDetectionTest.java,ch.qos.logback.core.rolling.CollisionDetectionTest,class,13,14,1,13,11,1,0,24,7,0.70454544,0.41666666,0.5833333,11,0,7,2,0,2,9,0,0,0,4,0,0,0,1,3,0,0,2,82,2,0,0,0,0,22,0,21,4,21,0,0,0,0,72,1,0
/Users/thiago/Documents/Thiago/CodeToAnalyze/logback/logback-core/src/main/java/ch/qos/logback/core/spi/AbstractComponentTracker.java,ch.qos.logback.core.spi.AbstractComponentTracker$Anonymous1,anonymous,2,2,0,2,2,1,0,1,0,0.0,NaN,NaN,1,0,1,0,0,0,1,0,0,0,0,0,0,0,0,0,0,0,0,5,1,0,0,0,1,0,0,0,0,0,0,0,0,0,7,-1,0
/Users/thiago/Documents/Thiago/CodeToAnalyze/logback/logback-core/src/test/java/ch/qos/logback/core/net/server/test/MockServerListener.java,ch.qos.logback.core.net.server.test.MockServerListener,class,3,6,3,3,9,1,0,8,11,0.6666667,0.14285715,0.14285715,7,0,7,0,0,0,7,0,0,5,3,0,0,3,0,0,1,0,1,39,3,0,1,1,0,1,0,4,0,4,1,0,0,0,43,1,0
/Users/thiago/Documents/Thiago/CodeToAnalyze/logback/logback-core/src/test/java/ch/qos/logback/core/net/server/ServerSocketListenerTest.java,ch.qos.logback.core.net.server.ServerSocketListenerTest$RunnableClient,innerclass,2,2,0,2,9,1,0,8,4,0.6,0.3,0.4,5,0,5,0,0,0,5,0,0,3,4,0,0,4,0,0,2,0,2,42,1,1,0,2,0,0,0,5,0,5,4,0,0,0,24,10,0
/Users/thiago/Documents/Thiago/CodeToAnalyze/logback/logback-core/src/test/java/ch/qos/logback/core/spi/CyclicBufferTrackerT.java,ch.qos.logback.core.spi.CyclicBufferTrackerT$TEntry,innerclass,4,4,0,4,18,1,0,4,0,0.4,0.7,1.0,5,0,4,0,0,1,5,0,0,0,3,0,0,0,0,3,0,0,0,47,13,0,9,0,3,5,6,8,4,7,2,0,0,0,32,2,0
/Users/thiago/Documents/Thiago/CodeToAnalyze/logback/logback-core/src/main/java/ch/qos/logback/core/pattern/util/RestrictedEscapeUtil.java,ch.qos.logback.core.pattern.util.RestrictedEscapeUtil,class,1,3,2,1,2,1,1,3,0,0.0,NaN,NaN,1,0,1,0,0,0,1,0,0,0,0,0,0,0,0,0,0,0,0,11,0,0,0,0,0,1,1,0,0,0,1,0,0,0,19,1,0
/Users/thiago/Documents/Thiago/CodeToAnalyze/logback/logback-classic/src/main/java/ch/qos/logback/classic/filter/ThresholdFilter.java,ch.qos.logback.classic.filter.ThresholdFilter,class,4,4,0,4,6,2,0,5,0,0.0,1.0,1.0,3,0,3,0,0,0,3,0,0,0,1,0,0,0,0,1,0,0,1,22,3,0,1,0,0,0,0,1,0,1,1,0,0,0,50,1,0
/Users/thiago/Documents/Thiago/CodeToAnalyze/logback/logback-classic/src/main/java/ch/qos/logback/classic/layout/TTLLLayout.java,ch.qos.logback.classic.layout.TTLLLayout,class,7,9,2,7,9,2,0,21,0,0.44444445,1.0,1.0,3,0,2,1,0,0,2,0,0,0,3,1,0,0,0,3,1,0,2,50,3,1,3,0,0,6,2,11,0,11,2,0,0,0,99,1,0
/Users/thiago/Documents/Thiago/CodeToAnalyze/logback/logback-core/src/test/java/ch/qos/logback/core/rolling/MultiThreadedRollingTest.java,ch.qos.logback.core.rolling.MultiThreadedRollingTest,class,19,20,1,19,26,2,0,51,59,0.8232324,0.5,0.6818182,18,0,6,6,0,6,12,0,0,0,11,3,0,0,0,11,2,0,3,202,5,3,2,1,2,53,10,31,18,30,2,1,1,0,137,1,0
/Users/thiago/Documents/Thiago/CodeToAnalyze/logback/logback-examples/src/main/java/chapters/architecture/Bar.java,chapters.architecture.Bar,class,2,4,2,2,1,1,0,2,0,0.0,NaN,NaN,1,0,1,0,0,0,1,0,0,0,1,0,0,0,0,1,0,0,0,6,0,0,0,0,0,1,0,1,0,1,0,0,0,0,6,0,1
/Users/thiago/Documents/Thiago/CodeToAnalyze/logback/logback-classic/src/test/java/ch/qos/logback/classic/Foo.java,ch.qos.logback.classic.Foo,class,1,2,1,1,2,1,0,1,0,0.5,1.0,1.0,2,0,0,0,0,2,2,0,0,0,2,1,0,1,0,1,2,0,0,10,0,0,0,0,0,1,1,2,0,2,0,0,0,0,12,0,1
/Users/thiago/Documents/Thiago/CodeToAnalyze/logback/logback-core/src/main/java/ch/qos/logback/core/model/util/TagUtil.java,ch.qos.logback.core.model.util.TagUtil,class,1,1,0,1,2,1,0,5,0,0.0,NaN,NaN,1,1,1,0,0,0,1,0,0,0,0,0,0,0,0,0,0,0,2,11,2,0,0,0,0,0,2,3,1,3,1,0,0,0,8,1,0
/Users/thiago/Documents/Thiago/CodeToAnalyze/logback/logback-core/src/main/java/ch/qos/logback/core/model/processor/conditional/IfModelHandler.java,ch.qos.logback.core.model.processor.conditional.IfModelHandler$Branch,enum,0,0,0,0,0,1,0,0,0,0.0,-1.0,-1.0,0,0,0,0,0,0,0,0,0,0,0,0,0,0,0,0,0,0,0,1,0,0,0,0,0,0,0,0,0,0,0,0,0,0,12,0,0
/Users/thiago/Documents/Thiago/CodeToAnalyze/logback/logback-examples/src/main/java/chapters/filters/SampleTurboFilter.java,chapters.filters.SampleTurboFilter,class,5,5,0,5,8,3,0,6,0,0.25,1.0,1.0,4,0,4,0,0,0,4,0,0,0,2,0,0,0,0,2,0,0,0,27,4,0,1,0,1,0,1,2,0,2,1,0,0,0,20,1,0
/Users/thiago/Documents/Thiago/CodeToAnalyze/logback/logback-core/src/main/java/ch/qos/logback/core/net/server/RemoteReceiverServerListener.java,ch.qos.logback.core.net.server.RemoteReceiverServerListener,class,3,5,2,3,2,2,0,0,1,0.0,0.0,0.0,2,0,1,0,1,0,2,0,0,0,0,0,0,0,0,0,0,0,0,8,1,0,0,0,0,0,0,0,0,0,0,0,0,0,28,0,0
/Users/thiago/Documents/Thiago/CodeToAnalyze/logback/logback-classic/src/test/java/ch/qos/logback/classic/LoggerContextPerfTest.java,ch.qos.logback.classic.LoggerContextPerfTest,class,9,10,1,9,4,2,0,3,1,0.77777785,0.0,0.0,3,0,2,1,0,0,2,0,0,0,6,1,0,0,0,6,0,0,0,34,1,1,0,0,0,1,3,8,0,8,1,0,1,0,38,1,0
/Users/thiago/Documents/Thiago/CodeToAnalyze/logback/logback-examples/src/main/java/chapters/appenders/mail/Marked_EMail.java,chapters.appenders.mail.Marked_EMail,class,5,6,1,5,5,1,0,13,1,0.0,0.0,0.0,2,2,1,0,0,1,2,0,0,0,0,0,0,0,0,0,0,0,2,32,0,1,1,0,1,9,7,7,4,7,2,0,0,0,53,1,3
/Users/thiago/Documents/Thiago/CodeToAnalyze/logback/logback-core/src/main/java/ch/qos/logback/core/util/ContentTypeUtil.java,ch.qos.logback.core.util.ContentTypeUtil,class,0,2,2,0,6,1,0,4,1,0.0,0.0,0.0,2,2,2,0,0,0,2,0,0,0,0,0,0,0,0,0,0,0,0,26,6,0,3,0,0,1,2,2,1,2,2,0,0,0,22,1,0
/Users/thiago/Documents/Thiago/CodeToAnalyze/logback/logback-core/src/main/java/ch/qos/logback/core/testUtil/MockInitialContext.java,ch.qos.logback.core.testUtil.MockInitialContext,class,0,1,1,0,3,2,0,1,1,0.5,0.0,0.0,2,0,2,0,0,0,2,0,0,0,1,0,1,0,0,0,0,0,0,12,2,0,1,0,0,0,0,1,0,1,1,0,0,0,10,1,0
/Users/thiago/Documents/Thiago/CodeToAnalyze/logback/logback-core/src/test/java/ch/qos/logback/core/pattern/parser/SamplePatternLayoutTest.java,ch.qos.logback.core.pattern.parser.SamplePatternLayoutTest,class,8,9,1,8,8,2,0,7,0,0.5625,0.035714287,0.035714287,8,0,8,0,0,0,8,0,0,0,2,0,0,0,0,2,0,0,0,56,3,0,0,0,0,10,0,15,0,15,0,0,0,0,30,1,0
/Users/thiago/Documents/Thiago/CodeToAnalyze/logback/logback-core/src/main/java/ch/qos/logback/core/rolling/TimeBasedFileNamingAndTriggeringPolicyBase.java,ch.qos.logback.core.rolling.TimeBasedFileNamingAndTriggeringPolicyBase,class,10,14,4,10,20,2,0,24,60,0.8615384,0.102564104,0.16666667,13,0,9,0,4,0,13,0,0,0,10,1,0,1,9,0,0,0,5,86,9,0,3,0,0,8,3,20,5,15,2,0,0,0,114,1025,0
/Users/thiago/Documents/Thiago/CodeToAnalyze/logback/logback-core/src/test/java/ch/qos/logback/core/spi/CyclicBufferTrackerSimulator.java,ch.qos.logback.core.spi.CyclicBufferTrackerSimulator$Parameters,innerclass,0,0,0,0,0,1,0,0,0,NaN,-1.0,-1.0,0,0,0,0,0,0,0,0,0,0,3,0,3,0,0,0,0,0,0,5,0,0,0,0,0,0,0,0,0,3,0,0,0,0,9,8,0
/Users/thiago/Documents/Thiago/CodeToAnalyze/logback/logback-classic/src/main/java/ch/qos/logback/classic/filter/LevelFilter.java,ch.qos.logback.classic.filter.LevelFilter,class,4,4,0,4,6,2,0,4,0,0.0,1.0,1.0,3,0,3,0,0,0,3,0,0,0,1,0,0,0,0,1,0,0,0,22,3,0,1,0,0,0,0,1,0,1,1,0,0,0,41,1,0
/Users/thiago/Documents/Thiago/CodeToAnalyze/logback/logback-classic/src/main/java/ch/qos/logback/classic/html/DefaultCssBuilder.java,ch.qos.logback.classic.html.DefaultCssBuilder,class,1,2,1,1,1,1,0,2,0,0.0,NaN,NaN,1,0,1,0,0,0,1,0,0,0,0,0,0,0,0,0,0,0,0,30,0,0,0,0,0,13,0,0,0,0,0,0,0,0,57,1,0
/Users/thiago/Documents/Thiago/CodeToAnalyze/logback/logback-core-blackbox/src/test/java/ch/qos/logback/core/blackbox/COWArrayListConcurrencyTest.java,ch.qos.logback.core.blackbox.COWArrayListConcurrencyTest,class,1,1,0,1,0,1,0,0,0,0.0,-1.0,-1.0,0,0,0,0,0,0,0,0,0,0,0,0,0,0,0,0,0,0,0,2,0,0,0,0,0,0,0,0,0,0,0,0,0,0,7,1,0
/Users/thiago/Documents/Thiago/CodeToAnalyze/logback/logback-classic/src/test/java/ch/qos/logback/classic/issue/lbcore211/Lbcore211.java,ch.qos.logback.classic.issue.lbcore211.Lbcore211,class,5,5,0,5,2,1,0,8,0,0.0,NaN,NaN,1,0,1,0,0,0,1,0,0,0,0,0,0,0,0,0,0,0,0,15,0,1,0,0,0,3,2,4,1,4,1,0,0,0,16,1,1
/Users/thiago/Documents/Thiago/CodeToAnalyze/logback/logback-core/src/test/java/ch/qos/logback/core/util/InvocationGateTest.java,ch.qos.logback.core.util.InvocationGateTest$TimeUpdater,innerclass,2,2,0,2,8,2,0,7,1,0.5,1.0,1.0,3,0,2,1,0,0,2,0,0,0,2,0,0,0,0,2,0,0,2,27,0,1,2,1,1,1,3,3,1,3,3,0,0,0,36,2,0
/Users/thiago/Documents/Thiago/CodeToAnalyze/logback/logback-core/src/test/java/ch/qos/logback/core/appender/AbstractAppenderTest.java,ch.qos.logback.core.appender.AbstractAppenderTest,class,8,13,5,8,5,1,0,13,8,0.6,0.0,0.0,5,0,3,0,2,0,5,2,0,0,1,0,0,0,0,1,0,0,1,25,0,0,0,0,0,2,0,5,0,5,0,0,0,0,19,1025,0
/Users/thiago/Documents/Thiago/CodeToAnalyze/logback/logback-core/src/main/java/ch/qos/logback/core/joran/action/ImportAction.java,ch.qos.logback.core.joran.action.ImportAction,class,6,6,0,6,2,4,0,4,1,0.0,0.0,0.0,2,0,0,0,2,0,2,0,0,0,0,0,0,0,0,0,0,0,0,12,2,0,0,0,0,0,0,2,0,2,0,0,0,0,38,1,0
/Users/thiago/Documents/Thiago/CodeToAnalyze/logback/logback-classic/src/test/java/ch/qos/logback/classic/issue/lbclassic36/DateFormatOriginal_tzest.java,ch.qos.logback.classic.issue.lbclassic36.DateFormatOriginal_tzest$DateFormatThread,innerclass,1,1,0,1,3,2,0,1,0,0.0,1.0,1.0,2,0,2,0,0,0,2,0,0,0,3,0,0,0,0,3,0,0,0,15,0,1,0,0,0,0,1,4,0,4,1,0,0,0,12,9,0
/Users/thiago/Documents/Thiago/CodeToAnalyze/logback/logback-core/src/test/java/ch/qos/logback/core/rolling/helper/SizeAndTimeBasedArchiveRemoverTest.java,ch.qos.logback.core.rolling.helper.SizeAndTimeBasedArchiveRemoverTest,class,5,5,0,5,2,1,0,3,0,0.0,1.0,1.0,2,0,2,0,0,0,2,0,0,0,1,0,0,0,0,1,0,0,2,23,0,0,0,0,0,6,14,17,0,9,0,0,0,0,23,1,0
/Users/thiago/Documents/Thiago/CodeToAnalyze/logback/logback-core/src/main/java/ch/qos/logback/core/subst/Tokenizer.java,ch.qos.logback.core.subst.Tokenizer$TokenizerState,enum,0,0,0,0,0,1,0,0,0,0.0,-1.0,-1.0,0,0,0,0,0,0,0,0,0,0,0,0,0,0,0,0,0,0,0,1,0,0,0,0,0,0,0,0,0,0,0,0,0,0,13,0,0
/Users/thiago/Documents/Thiago/CodeToAnalyze/logback/logback-core/src/main/java/ch/qos/logback/core/spi/LifeCycle.java,ch.qos.logback.core.spi.LifeCycle,interface,0,18,18,0,3,1,0,0,3,0.0,0.0,0.0,3,0,0,0,0,3,3,0,0,0,0,0,0,0,0,0,0,0,0,5,0,0,0,0,0,0,0,0,0,0,0,0,0,0,9,1,0
/Users/thiago/Documents/Thiago/CodeToAnalyze/logback/logback-core/src/main/java/ch/qos/logback/core/joran/sanity/Pair.java,ch.qos.logback.core.joran.sanity.Pair,class,2,4,2,2,1,1,0,0,0,0.0,NaN,NaN,1,0,0,0,0,1,1,0,0,0,2,0,2,0,0,0,2,0,0,8,0,0,0,0,0,0,0,2,0,2,0,0,0,0,5,1,0
/Users/thiago/Documents/Thiago/CodeToAnalyze/logback/logback-core/src/main/java/ch/qos/logback/core/model/processor/ProcessorException.java,ch.qos.logback.core.model.processor.ProcessorException,class,0,0,0,0,2,3,0,0,1,1.0,0.0,0.0,2,0,2,0,0,0,2,0,0,0,1,1,0,1,0,0,1,0,0,8,0,0,0,0,0,0,1,1,0,1,0,0,0,0,12,1,0
/Users/thiago/Documents/Thiago/CodeToAnalyze/logback/logback-classic/src/test/java/ch/qos/logback/classic/LoggerTest.java,ch.qos.logback.classic.LoggerTest$Inner,innerclass,0,0,0,0,0,1,0,0,0,0.0,-1.0,-1.0,0,0,0,0,0,0,0,0,0,0,0,0,0,0,0,0,0,0,0,2,0,0,0,0,0,0,0,0,0,0,0,0,0,0,1,0,0
/Users/thiago/Documents/Thiago/CodeToAnalyze/logback/logback-classic-blackbox/src/test/java/ch/qos/logback/classic/blackbox/issue/lbclassic135/LoggingRunnable.java,ch.qos.logback.classic.blackbox.issue.lbclassic135.LoggingRunnable,class,2,4,2,2,6,2,0,4,0,0.16666667,1.0,1.0,3,0,3,0,0,0,3,0,0,0,2,0,0,0,0,2,2,0,1,25,0,1,1,1,0,1,3,2,1,2,3,0,0,0,17,1,1
/Users/thiago/Documents/Thiago/CodeToAnalyze/logback/logback-core/src/test/java/ch/qos/logback/core/ContextBaseTest.java,ch.qos.logback.core.ContextBaseTest$Anonymous1,anonymous,0,0,0,0,1,1,0,3,0,0.0,NaN,NaN,1,0,1,0,0,0,1,0,0,0,0,0,0,0,0,0,0,0,1,8,0,0,0,0,0,0,0,0,0,0,1,0,0,0,3,-1,0
/Users/thiago/Documents/Thiago/CodeToAnalyze/logback/logback-classic/src/test/java/ch/qos/logback/classic/HLogger.java,ch.qos.logback.classic.HLogger,class,5,8,3,5,67,2,0,16,926,0.93827164,0.011614402,0.025551684,45,0,37,3,0,5,42,0,2,4,9,2,0,5,1,3,1,0,0,194,14,5,14,0,2,5,7,27,2,22,3,0,0,0,168,1,0
/Users/thiago/Documents/Thiago/CodeToAnalyze/logback/logback-classic/src/test/java/ch/qos/logback/classic/spi/ContextListenerTest.java,ch.qos.logback.classic.spi.ContextListenerTest,class,7,8,1,7,7,1,0,9,0,0.14285715,0.71428573,0.71428573,7,0,6,0,0,1,7,0,0,0,2,0,0,0,0,2,0,0,0,43,0,0,0,0,0,3,0,3,0,3,0,0,0,0,27,1,0
/Users/thiago/Documents/Thiago/CodeToAnalyze/logback/logback-core/src/test/java/ch/qos/logback/core/net/server/ServerSocketListenerTest.java,ch.qos.logback.core.net.server.ServerSocketListenerTest$RemoteClient,innerclass,1,1,0,1,4,1,0,2,1,0.33333334,0.33333334,0.33333334,3,0,3,0,0,0,3,0,0,0,1,0,0,1,0,0,1,0,0,16,0,0,0,1,0,0,0,1,0,1,1,0,0,0,10,10,0
/Users/thiago/Documents/Thiago/CodeToAnalyze/logback/logback-core/src/main/java/ch/qos/logback/core/testUtil/AbstractMultiThreadedHarness.java,ch.qos.logback.core.testUtil.AbstractMultiThreadedHarness,class,2,5,3,2,6,1,1,5,1,0.0,0.0,0.0,2,0,2,0,0,0,2,1,0,0,0,0,0,0,0,0,0,0,0,20,0,4,0,0,0,3,1,3,2,2,1,0,0,0,24,1025,0
/Users/thiago/Documents/Thiago/CodeToAnalyze/logback/logback-classic/src/test/java/ch/qos/logback/classic/jsonTest/LevelDeserializer.java,ch.qos.logback.classic.jsonTest.LevelDeserializer,class,5,6,1,5,3,2,0,4,3,0.0,0.0,0.0,3,0,3,0,0,0,3,0,0,0,0,0,0,0,0,0,0,0,0,14,1,0,0,0,0,0,0,3,0,3,0,0,0,0,17,1,0
/Users/thiago/Documents/Thiago/CodeToAnalyze/logback/logback-core/src/main/java/ch/qos/logback/core/joran/action/ActionUtil.java,ch.qos.logback.core.joran.action.ActionUtil,class,5,9,4,5,7,1,0,6,1,0.0,0.0,0.0,2,2,2,0,0,0,2,0,0,0,0,0,0,0,0,0,0,0,0,20,3,0,0,0,0,0,0,0,0,0,1,0,1,0,28,1,0
/Users/thiago/Documents/Thiago/CodeToAnalyze/logback/logback-core/src/main/java/ch/qos/logback/core/testUtil/TrivialStatusListener.java,ch.qos.logback.core.testUtil.TrivialStatusListener,class,4,5,1,4,5,1,0,2,0,0.5,0.5,0.5,4,0,4,0,0,0,4,0,0,0,2,0,1,0,0,1,0,0,0,17,2,0,0,0,0,0,0,4,0,2,1,0,0,0,15,1,0
/Users/thiago/Documents/Thiago/CodeToAnalyze/logback/logback-core/src/main/java/ch/qos/logback/core/util/COWArrayList.java,ch.qos.logback.core.util.COWArrayList,class,3,5,2,3,31,1,0,28,0,0.73333335,0.6646154,0.6646154,30,0,26,4,0,0,26,0,0,0,4,0,0,0,0,4,1,0,0,122,23,0,0,0,0,1,0,12,0,12,1,0,0,0,121,1,0
/Users/thiago/Documents/Thiago/CodeToAnalyze/logback/logback-classic/src/test/java/ch/qos/logback/classic/issue/logback_1277/Main.java,ch.qos.logback.classic.issue.logback_1277.Main,class,4,5,1,4,3,1,0,9,1,0.5,0.0,0.0,2,2,1,0,0,1,2,0,0,0,2,2,0,0,0,2,0,0,2,21,0,1,0,0,0,4,5,6,3,6,1,0,0,0,26,1,1
/Users/thiago/Documents/Thiago/CodeToAnalyze/logback/logback-classic/src/test/java/ch/qos/logback/classic/pattern/RootCauseFirstThrowableProxyConverterTest.java,ch.qos.logback.classic.pattern.RootCauseFirstThrowableProxyConverterTest,class,11,12,1,11,8,1,0,27,0,0.60714287,0.73333335,1.0,7,0,6,1,0,0,6,0,0,0,4,0,0,4,0,0,0,0,8,66,1,1,0,0,0,20,3,28,0,26,1,0,0,0,56,1,0
/Users/thiago/Documents/Thiago/CodeToAnalyze/logback/logback-classic/src/test/java/ch/qos/logback/classic/issue/LBCORE63.java,ch.qos.logback.classic.issue.LBCORE63,class,5,6,1,5,7,2,0,16,0,0.5,1.0,1.0,4,1,4,0,0,0,4,0,0,0,3,1,0,3,0,0,3,0,1,63,0,1,0,2,0,9,16,11,2,11,2,0,1,0,47,1,2
/Users/thiago/Documents/Thiago/CodeToAnalyze/logback/logback-core/src/main/java/ch/qos/logback/core/testUtil/TeeOutputStream.java,ch.qos.logback.core.testUtil.TeeOutputStream,class,1,2,1,1,5,2,1,4,0,0.375,0.6666667,1.0,4,0,4,0,0,0,4,0,0,0,2,0,1,0,0,1,2,0,0,19,2,0,1,0,0,0,0,2,0,2,1,0,0,0,37,1,0
/Users/thiago/Documents/Thiago/CodeToAnalyze/logback/logback-core/src/test/java/ch/qos/logback/core/joran/sanity/AppenderWithinAppenderSanityCheckerTest.java,ch.qos.logback.core.joran.sanity.AppenderWithinAppenderSanityCheckerTest,class,8,8,0,8,4,1,0,6,0,0.33333334,1.0,1.0,4,0,4,0,0,0,4,0,0,0,3,0,0,0,0,3,0,0,0,33,0,0,0,0,0,1,3,9,0,9,0,0,0,0,25,1,0
/Users/thiago/Documents/Thiago/CodeToAnalyze/logback/logback-core/src/main/java/ch/qos/logback/core/recovery/ResilientOutputStreamBase.java,ch.qos.logback.core.recovery.ResilientOutputStreamBase,class,9,13,4,9,35,2,2,22,60,0.8125,0.20879121,0.34065935,16,0,10,2,0,4,14,2,0,0,8,1,0,4,2,2,1,0,0,126,5,0,9,5,1,6,7,13,7,11,2,0,0,2,77,1025,0
/Users/thiago/Documents/Thiago/CodeToAnalyze/logback/logback-core/src/main/java/ch/qos/logback/core/testUtil/EnvUtilForTests.java,ch.qos.logback.core.testUtil.EnvUtilForTests,class,1,2,1,1,21,1,0,10,28,0.875,0.0,0.0,8,8,8,0,0,0,8,0,0,0,2,2,0,0,0,2,0,0,10,54,15,1,6,1,0,11,3,6,0,6,2,0,0,0,57,1,0
/Users/thiago/Documents/Thiago/CodeToAnalyze/logback/logback-examples/src/main/java/chapters/migrationFromLog4j/TrivialLog4jLayout.java,chapters.migrationFromLog4j.TrivialLog4jLayout,class,2,2,0,2,3,2,0,1,3,0.0,0.0,0.0,3,0,3,0,0,0,3,0,0,0,0,0,0,0,0,0,0,0,0,10,2,0,0,0,0,0,0,0,0,0,0,0,0,0,30,1,0
/Users/thiago/Documents/Thiago/CodeToAnalyze/logback/logback-classic/src/main/java/ch/qos/logback/classic/spi/Configurator.java,ch.qos.logback.classic.spi.Configurator,interface,3,8,5,3,1,1,0,0,0,0.0,NaN,NaN,1,0,0,0,0,1,1,0,0,0,0,0,0,0,0,0,0,0,0,4,0,0,0,0,0,0,0,0,0,0,0,0,1,0,63,1,0
/Users/thiago/Documents/Thiago/CodeToAnalyze/logback/logback-core/src/main/java/ch/qos/logback/core/html/IThrowableRenderer.java,ch.qos.logback.core.html.IThrowableRenderer,interface,1,2,1,1,1,1,0,0,0,0.0,NaN,NaN,1,0,0,0,0,1,1,0,0,0,0,0,0,0,0,0,0,0,0,3,0,0,0,0,0,0,0,0,0,0,0,0,0,0,5,1,0
/Users/thiago/Documents/Thiago/CodeToAnalyze/logback/logback-core/src/main/java/ch/qos/logback/core/status/OnFileStatusListener.java,ch.qos.logback.core.status.OnFileStatusListener,class,2,2,0,2,9,3,0,5,0,0.4,0.6,1.0,5,0,4,0,1,0,5,0,0,0,2,0,0,0,0,2,0,0,0,35,4,0,2,1,0,4,0,4,1,3,1,0,0,0,31,1,0
/Users/thiago/Documents/Thiago/CodeToAnalyze/logback/logback-classic/src/main/java/ch/qos/logback/classic/spi/LoggerContextVO.java,ch.qos.logback.classic.spi.LoggerContextVO,class,2,20,18,2,15,1,1,7,0,0.4375,0.89285713,1.0,8,0,8,0,0,0,8,0,0,0,4,1,0,1,3,0,1,0,0,43,11,0,8,0,4,4,6,11,7,6,1,0,0,0,83,1,0
/Users/thiago/Documents/Thiago/CodeToAnalyze/logback/logback-classic/src/test/java/ch/qos/logback/classic/net/testObjectBuilders/LoggingEventBuilderInContext.java,ch.qos.logback.classic.net.testObjectBuilders.LoggingEventBuilderInContext,class,5,6,1,5,2,1,0,1,0,0.16666667,1.0,1.0,2,0,2,0,0,0,2,0,0,0,3,0,0,0,0,3,0,0,0,14,1,0,0,0,0,1,0,4,1,4,0,0,0,0,13,1,0
/Users/thiago/Documents/Thiago/CodeToAnalyze/logback/logback-classic-blackbox/src/test/java/ch/qos/logback/classic/blackbox/joran/ReconfigureOnChangeTaskTest.java,ch.qos.logback.classic.blackbox.joran.ReconfigureOnChangeTaskTest$RunMethodInvokedListener,innerclass,3,3,0,3,4,1,0,3,0,0.25,1.0,1.0,2,0,1,0,0,1,2,0,0,0,2,0,0,0,0,2,0,0,0,19,0,0,0,0,0,0,0,3,0,3,2,0,0,0,19,0,0
/Users/thiago/Documents/Thiago/CodeToAnalyze/logback/logback-classic/src/test/java/ch/qos/logback/classic/net/SocketAppenderMessageLossTest.java,ch.qos.logback.classic.net.SocketAppenderMessageLossTest$ListAppenderWithLatch,innerclass,2,2,0,2,2,2,0,2,0,0.25,1.0,1.0,2,0,0,0,1,1,2,0,0,0,2,0,1,0,0,1,0,0,0,11,0,0,0,0,0,0,0,2,0,2,0,0,0,0,13,9,0
/Users/thiago/Documents/Thiago/CodeToAnalyze/logback/logback-core/src/main/java/ch/qos/logback/core/AppenderBase.java,ch.qos.logback.core.AppenderBase,class,8,15,7,8,18,2,0,10,30,0.7738095,0.27272728,0.4090909,12,0,11,0,1,0,12,1,0,1,7,1,0,4,2,1,1,0,0,66,8,0,1,1,0,6,3,11,3,7,3,0,0,0,93,1025,0
/Users/thiago/Documents/Thiago/CodeToAnalyze/logback/logback-core/src/test/java/ch/qos/logback/core/util/EnvUtilTest.java,ch.qos.logback.core.util.EnvUtilTest,class,4,4,0,4,11,1,0,9,55,0.90909094,0.0,0.0,11,0,11,0,0,0,11,0,0,0,1,0,0,1,0,0,0,0,47,71,0,0,0,0,0,29,9,1,0,1,0,0,0,0,22,1,0
/Users/thiago/Documents/Thiago/CodeToAnalyze/logback/logback-core/src/main/java/ch/qos/logback/core/recovery/ResilientFileOutputStream.java,ch.qos.logback.core.recovery.ResilientFileOutputStream,class,1,2,1,1,7,3,0,2,0,0.4166667,0.53333336,0.6666667,6,0,4,0,0,2,6,0,0,0,2,0,0,2,0,0,0,0,1,29,6,0,1,0,0,3,0,5,2,2,1,0,0,0,25,1,0
/Users/thiago/Documents/Thiago/CodeToAnalyze/logback/logback-core/src/main/java/ch/qos/logback/core/pattern/color/GreenCompositeConverter.java,ch.qos.logback.core.pattern.color.GreenCompositeConverter,class,2,2,0,2,1,6,0,0,0,0.0,NaN,NaN,1,0,0,0,1,0,1,0,0,0,0,0,0,0,0,0,0,0,0,5,1,0,0,0,0,0,0,0,0,0,0,0,0,0,27,1,0
/Users/thiago/Documents/Thiago/CodeToAnalyze/logback/logback-core/src/main/java/ch/qos/logback/core/model/ModelHandlerFactoryMethod.java,ch.qos.logback.core.model.ModelHandlerFactoryMethod,interface,3,4,1,3,1,1,0,0,0,0.0,NaN,NaN,1,0,1,0,0,0,1,0,0,0,0,0,0,0,0,0,0,0,0,3,0,0,0,0,0,0,0,0,0,0,0,0,0,0,9,1,0
/Users/thiago/Documents/Thiago/CodeToAnalyze/logback/logback-core/src/test/java/ch/qos/logback/core/net/ssl/SecureRandomFactoryBeanTest.java,ch.qos.logback.core.net.ssl.SecureRandomFactoryBeanTest,class,2,2,0,2,6,1,0,11,0,0.0,1.0,1.0,4,0,4,0,0,0,4,0,0,0,1,0,0,1,0,0,0,0,1,31,0,0,0,2,0,2,0,2,0,2,1,0,0,0,21,1,0
/Users/thiago/Documents/Thiago/CodeToAnalyze/logback/logback-classic/src/test/java/ch/qos/logback/classic/corpusTest/RandomUtilTest.java,ch.qos.logback.classic.corpusTest.RandomUtilTest,class,5,6,1,5,5,1,0,7,1,0.33333334,0.33333334,0.33333334,3,0,3,0,0,0,3,0,0,0,1,0,0,0,0,1,0,0,2,26,1,2,0,0,2,1,8,12,5,10,1,0,0,0,29,1,0
/Users/thiago/Documents/Thiago/CodeToAnalyze/logback/logback-core/src/test/java/ch/qos/logback/core/joran/action/PropertyActionTest.java,ch.qos.logback.core.joran.action.PropertyActionTest,class,18,19,1,18,15,1,0,23,0,0.33333337,1.0,1.0,15,0,13,2,0,0,13,0,0,0,9,0,0,0,0,9,0,0,2,133,2,0,0,0,0,57,5,15,2,13,0,0,0,0,66,1,0
/Users/thiago/Documents/Thiago/CodeToAnalyze/logback/logback-core/src/main/java/ch/qos/logback/core/joran/conditional/ByPropertiesConditionAction.java,ch.qos.logback.core.joran.conditional.ByPropertiesConditionAction,class,7,7,0,7,2,4,0,4,1,0.0,0.0,0.0,2,0,0,0,2,0,2,0,0,0,0,0,0,0,0,0,0,0,0,12,2,0,0,0,0,0,0,2,0,2,0,0,0,0,31,1,0
/Users/thiago/Documents/Thiago/CodeToAnalyze/logback/logback-classic/src/test/java/org/slf4j/test_osgi/FrameworkErrorListener.java,org.slf4j.test_osgi.FrameworkErrorListener,class,3,6,3,3,7,1,0,11,1,0.33333334,1.0,1.0,3,0,2,1,0,0,2,0,0,0,1,0,1,0,0,0,0,0,0,25,0,1,3,0,0,4,1,6,2,5,1,0,0,0,18,1,0
/Users/thiago/Documents/Thiago/CodeToAnalyze/logback/logback-core/src/main/java21/ch/qos/logback/core/property/ConsoleCharsetPropertyDefiner.java,ch.qos.logback.core.property.ConsoleCharsetPropertyDefiner,class,1,1,0,1,3,2,0,5,0,0.0,NaN,NaN,1,0,1,0,0,0,1,0,0,0,0,0,0,0,0,0,0,0,1,21,3,0,2,0,0,4,0,3,1,3,2,0,0,0,36,1,0
/Users/thiago/Documents/Thiago/CodeToAnalyze/logback/logback-core/src/main/java/ch/qos/logback/core/net/ssl/SSLConfigurableSocket.java,ch.qos.logback.core.net.ssl.SSLConfigurableSocket,class,1,2,1,1,11,1,0,11,0,0.0,1.0,1.0,10,0,10,0,0,0,10,0,0,0,1,0,0,1,0,0,1,0,0,38,5,0,0,0,0,1,0,2,0,2,1,0,0,0,32,1,0
/Users/thiago/Documents/Thiago/CodeToAnalyze/logback/logback-classic/src/main/java/ch/qos/logback/classic/net/server/RemoteAppenderStreamClient.java,ch.qos.logback.classic.net.server.RemoteAppenderStreamClient,class,7,10,3,7,16,1,0,15,3,0.6,0.4,0.46666667,7,0,6,1,0,0,6,0,0,0,5,0,0,5,0,0,3,0,0,67,4,1,3,1,0,6,0,12,6,8,3,0,0,0,73,0,5
/Users/thiago/Documents/Thiago/CodeToAnalyze/logback/logback-core/src/main/java/ch/qos/logback/core/model/ResourceModel.java,ch.qos.logback.core.model.ResourceModel,class,1,6,5,1,8,2,1,0,20,0.8,0.14285715,0.14285715,8,0,8,0,0,0,8,0,0,0,5,1,0,1,0,4,1,0,0,31,4,0,0,0,0,0,1,5,0,5,0,0,0,0,18,1,0
/Users/thiago/Documents/Thiago/CodeToAnalyze/logback/logback-core/src/main/java/ch/qos/logback/core/pattern/color/BlueCompositeConverter.java,ch.qos.logback.core.pattern.color.BlueCompositeConverter,class,2,2,0,2,1,6,0,0,0,0.0,NaN,NaN,1,0,0,0,1,0,1,0,0,0,0,0,0,0,0,0,0,0,0,5,1,0,0,0,0,0,0,0,0,0,0,0,0,0,27,1,0
/Users/thiago/Documents/Thiago/CodeToAnalyze/logback/logback-classic/src/main/java/ch/qos/logback/classic/boolex/GEventEvaluator.DISABLEDjava,ch.qos.logback.classic.boolex.GEventEvaluator,class,7,8,1,7,11,2,0,15,0,0.5833333,0.6666667,1.0,4,0,4,0,0,0,4,0,0,0,3,0,0,0,0,3,0,0,0,51,5,0,5,1,0,9,3,12,4,11,1,0,0,0,47,1,0
/Users/thiago/Documents/Thiago/CodeToAnalyze/logback/logback-classic/src/test/java/ch/qos/logback/classic/pattern/SubPatternLayout.java,ch.qos.logback.classic.pattern.SubPatternLayout,class,2,3,1,2,1,3,0,3,0,0.0,NaN,NaN,1,0,0,0,0,1,1,0,0,0,1,1,0,0,0,1,0,0,0,7,0,0,0,0,0,1,0,2,0,2,0,0,0,0,20,1,0
/Users/thiago/Documents/Thiago/CodeToAnalyze/logback/logback-core/src/main/java/ch/qos/logback/core/spi/LogbackLock.java,ch.qos.logback.core.spi.LogbackLock,class,0,1,1,0,0,1,0,0,0,0.0,-1.0,-1.0,0,0,0,0,0,0,0,0,0,0,0,0,0,0,0,0,0,0,0,2,0,0,0,0,0,0,0,0,0,0,0,0,0,0,21,1,0
/Users/thiago/Documents/Thiago/CodeToAnalyze/logback/logback-core/src/test/java/ch/qos/logback/core/joran/action/TopElementAction.java,ch.qos.logback.core.joran.action.TopElementAction,class,5,5,0,5,1,2,0,0,0,0.0,NaN,NaN,1,0,0,0,1,0,1,0,0,0,0,0,0,0,0,0,0,0,0,6,1,0,0,0,0,0,0,1,0,1,0,0,0,0,23,1,0
/Users/thiago/Documents/Thiago/CodeToAnalyze/logback/logback-core/src/test/java/ch/qos/logback/core/util/FileUtilTest.java,ch.qos.logback.core.util.FileUtilTest,class,7,7,0,7,8,1,0,12,3,0.6785714,0.42857143,0.47619048,7,0,7,0,0,0,7,0,0,0,4,0,0,0,0,4,0,0,5,51,0,1,0,0,0,11,1,13,6,13,1,0,0,0,43,1,0
/Users/thiago/Documents/Thiago/CodeToAnalyze/logback/logback-core/src/test/java/ch/qos/logback/core/net/server/InstrumentedServerSocketAppenderBase.java,ch.qos.logback.core.net.server.InstrumentedServerSocketAppenderBase$Anonymous1,anonymous,0,0,0,0,1,1,0,0,0,0.0,NaN,NaN,1,0,1,0,0,0,1,0,0,0,0,0,0,0,0,0,0,0,0,5,1,0,0,0,0,0,0,0,0,0,0,0,0,0,3,-1,0
/Users/thiago/Documents/Thiago/CodeToAnalyze/logback/logback-core/src/test/java/ch/qos/logback/core/net/server/InstrumentedServerSocketAppenderBase.java,ch.qos.logback.core.net.server.InstrumentedServerSocketAppenderBase$Anonymous2,anonymous,0,0,0,0,3,1,0,0,3,0.0,0.0,0.0,3,0,3,0,0,0,3,0,0,0,0,0,0,0,0,0,0,0,0,11,3,0,0,0,0,0,0,0,0,0,0,0,0,0,12,-1,0
/Users/thiago/Documents/Thiago/CodeToAnalyze/logback/logback-core/src/test/java/ch/qos/logback/core/spi/CyclicBufferTrackerSimulator.java,ch.qos.logback.core.spi.CyclicBufferTrackerSimulator$SimulationEvent,innerclass,1,1,0,1,2,1,0,0,0,0.0,1.0,1.0,2,0,2,0,0,0,2,0,0,0,3,0,2,0,0,1,3,0,0,13,1,0,0,0,0,4,0,3,2,3,0,0,0,0,8,0,0
/Users/thiago/Documents/Thiago/CodeToAnalyze/logback/logback-core/src/main/java/ch/qos/logback/core/subst/Tokenizer.java,ch.qos.logback.core.subst.Tokenizer,class,3,5,2,3,22,1,0,11,0,0.5416667,1.0,1.0,6,0,1,4,0,1,2,0,0,0,4,0,0,0,0,4,2,0,0,108,2,1,2,0,0,0,8,14,0,7,2,0,1,0,34,1,0
/Users/thiago/Documents/Thiago/CodeToAnalyze/logback/logback-core/src/main/java/ch/qos/logback/core/model/Model.java,ch.qos.logback.core.model.Model,class,1,82,81,1,30,1,13,13,107,0.7922078,0.24675325,0.74025977,22,1,19,0,2,1,22,0,0,0,7,1,0,1,0,6,1,0,5,95,16,3,5,0,0,6,1,18,2,10,1,0,0,0,75,1,0
/Users/thiago/Documents/Thiago/CodeToAnalyze/logback/logback-classic-blackbox/src/test/java/ch/qos/logback/classic/blackbox/joran/spi/ConfigEmbeddedJetty.java,ch.qos.logback.classic.blackbox.joran.spi.ConfigEmbeddedJetty,class,4,5,1,4,5,1,0,9,0,0.5,0.33333334,0.5,4,0,4,0,0,0,4,0,0,0,3,0,0,0,0,3,0,0,1,28,1,1,0,0,0,4,1,5,1,7,1,0,0,1,21,1,0
/Users/thiago/Documents/Thiago/CodeToAnalyze/logback/logback-classic/src/main/java/ch/qos/logback/classic/model/ReceiverModel.java,ch.qos.logback.classic.model.ReceiverModel,class,2,5,3,2,1,2,0,0,0,1.0,NaN,NaN,1,0,0,0,1,0,1,0,0,0,1,1,0,1,0,0,1,0,0,6,1,0,0,0,0,0,1,1,0,1,0,0,0,0,13,1,0
/Users/thiago/Documents/Thiago/CodeToAnalyze/logback/logback-classic/src/main/java/ch/qos/logback/classic/pattern/Abbreviator.java,ch.qos.logback.classic.pattern.Abbreviator,interface,0,4,4,0,1,1,0,0,0,0.0,NaN,NaN,1,0,0,0,0,1,1,0,0,0,0,0,0,0,0,0,0,0,0,3,0,0,0,0,0,0,0,0,0,0,0,0,0,0,12,1,0
/Users/thiago/Documents/Thiago/CodeToAnalyze/logback/logback-core/src/main/java/ch/qos/logback/core/util/DatePatternToRegexUtil.java,ch.qos.logback.core.util.DatePatternToRegexUtil,class,3,5,2,3,7,1,0,8,1,0.44444445,0.0,0.0,3,0,2,1,0,0,2,0,0,0,3,0,0,0,0,3,3,0,0,32,2,2,2,0,0,0,1,10,0,9,2,0,0,0,41,1,0
/Users/thiago/Documents/Thiago/CodeToAnalyze/logback/logback-classic/src/main/java/ch/qos/logback/classic/spi/LoggerContextListener.java,ch.qos.logback.classic.spi.LoggerContextListener,interface,3,10,7,3,5,1,0,0,10,0.0,0.0,0.0,5,0,0,0,0,5,5,0,0,0,0,0,0,0,0,0,0,0,0,7,0,0,0,0,0,0,0,0,0,0,0,0,0,0,30,1,0
/Users/thiago/Documents/Thiago/CodeToAnalyze/logback/logback-core/src/main/java/ch/qos/logback/core/joran/action/SiftAction.java,ch.qos.logback.core.joran.action.SiftAction,class,6,6,0,6,2,4,0,2,1,0.0,0.0,0.0,2,0,0,0,2,0,2,0,0,0,0,0,0,0,0,0,0,0,0,11,2,0,0,0,0,0,0,2,0,2,0,0,0,0,18,1,0
/Users/thiago/Documents/Thiago/CodeToAnalyze/logback/logback-core/src/main/java/ch/qos/logback/core/spi/FilterAttachableImpl.java,ch.qos.logback.core.spi.FilterAttachableImpl,class,5,7,2,5,7,1,0,4,0,0.0,1.0,1.0,4,0,4,0,0,0,4,0,0,0,1,0,0,0,0,1,0,0,0,23,3,1,2,0,0,1,2,5,0,5,2,0,0,0,58,17,0
/Users/thiago/Documents/Thiago/CodeToAnalyze/logback/logback-core/src/test/java/ch/qos/logback/core/net/AbstractSSLSocketAppenderTest.java,ch.qos.logback.core.net.AbstractSSLSocketAppenderTest,class,6,6,0,6,2,4,0,5,0,0.25,1.0,1.0,2,0,2,0,0,0,2,0,0,0,2,0,0,2,0,0,0,0,0,20,0,0,0,0,0,0,0,2,0,2,0,0,1,0,23,1,0
/Users/thiago/Documents/Thiago/CodeToAnalyze/logback/logback-core/src/main/java/ch/qos/logback/core/model/processor/ResourceHandlerBase.java,ch.qos.logback.core.model.processor.ResourceHandlerBase,class,6,8,2,6,23,3,1,18,34,0.8333334,0.027777778,0.027777778,9,0,0,0,9,0,9,0,0,0,2,0,0,0,2,0,0,0,0,97,15,0,3,3,0,11,4,13,4,12,1,0,0,0,73,1025,0
/Users/thiago/Documents/Thiago/CodeToAnalyze/logback/logback-core-blackbox/src/test/java/ch/qos/logback/core/blackbox/appender/JansiConsoleAppenderTest.java,ch.qos.logback.core.blackbox.appender.JansiConsoleAppenderTest,class,11,11,0,11,7,1,0,15,11,0.77777773,0.2,0.2,6,0,5,1,0,0,5,0,0,0,6,0,0,0,0,6,0,0,2,51,1,0,0,1,0,4,0,8,0,10,1,0,0,0,52,1,0
/Users/thiago/Documents/Thiago/CodeToAnalyze/logback/logback-classic/src/test/java/ch/qos/logback/classic/boolex/OnMarkerEvaluatorTest.java,ch.qos.logback.classic.boolex.OnMarkerEvaluatorTest,class,6,7,1,6,5,1,0,10,0,0.4,0.7,1.0,5,0,4,0,0,1,5,0,0,0,3,0,0,0,0,3,0,0,0,27,1,0,0,0,0,7,0,3,0,3,0,0,0,0,21,1,0
/Users/thiago/Documents/Thiago/CodeToAnalyze/logback/logback-core/src/main/java/ch/qos/logback/core/util/InterruptUtil.java,ch.qos.logback.core.util.InterruptUtil,class,2,2,0,2,6,2,0,6,0,0.0,1.0,1.0,3,0,3,0,0,0,3,0,0,0,1,0,0,0,0,1,1,0,3,23,0,0,0,1,0,1,0,1,0,1,2,0,0,0,55,1,0
/Users/thiago/Documents/Thiago/CodeToAnalyze/logback/logback-classic/src/test/java/ch/qos/logback/classic/Logback1551.java,ch.qos.logback.classic.Logback1551$Anonymous1,anonymous,0,0,0,0,2,1,0,1,0,0.0,NaN,NaN,1,0,1,0,0,0,1,0,0,0,0,0,0,0,0,0,0,0,1,10,0,0,0,1,0,0,1,0,0,0,1,0,0,0,5,-1,0
/Users/thiago/Documents/Thiago/CodeToAnalyze/logback/logback-core/src/main/java/ch/qos/logback/core/net/server/ConcurrentServerRunner.java,ch.qos.logback.core.net.server.ConcurrentServerRunner$ClientWrapper,innerclass,3,3,0,3,3,1,0,4,0,0.0,1.0,1.0,3,0,3,0,0,0,3,0,0,0,1,0,0,1,0,0,1,0,0,18,0,0,0,1,0,0,0,1,0,1,1,0,0,0,17,2,0
/Users/thiago/Documents/Thiago/CodeToAnalyze/logback/logback-core/src/main/java/ch/qos/logback/core/subst/Parser.java,ch.qos.logback.core.subst.Parser,class,4,6,2,4,31,1,0,15,70,0.8461539,0.26666668,0.4,13,0,2,7,0,4,6,0,0,0,3,1,1,0,0,2,2,0,0,119,17,0,11,0,0,5,1,22,1,20,2,0,0,0,79,1,0
/Users/thiago/Documents/Thiago/CodeToAnalyze/logback/logback-core/src/test/java/ch/qos/logback/core/joran/implicitAction/ImplicitActionTest.java,ch.qos.logback.core.joran.implicitAction.ImplicitActionTest,class,13,14,1,13,13,1,0,19,0,0.375,1.0,1.0,8,0,6,0,0,2,8,0,0,0,4,1,0,0,0,4,1,0,7,95,0,0,0,5,0,14,10,11,6,11,1,1,0,2,54,1,0
/Users/thiago/Documents/Thiago/CodeToAnalyze/logback/logback-core/src/test/java/ch/qos/logback/core/boolex/MatcherTest.java,ch.qos.logback.core.boolex.MatcherTest,class,6,6,0,6,6,1,0,8,0,0.41666666,1.0,1.0,6,0,6,0,0,0,6,0,0,0,2,0,0,0,0,2,0,0,0,47,0,0,0,0,0,21,0,3,0,2,0,0,0,0,24,1,0
/Users/thiago/Documents/Thiago/CodeToAnalyze/logback/logback-core/src/main/java/ch/qos/logback/core/net/server/ConcurrentServerRunner.java,ch.qos.logback.core.net.server.ConcurrentServerRunner,class,7,12,5,7,17,2,0,17,25,0.72,0.1904762,0.1904762,10,0,5,3,2,0,7,1,0,0,5,0,0,5,0,0,4,0,1,114,2,2,0,6,0,6,0,8,5,8,3,1,1,0,151,1025,0
/Users/thiago/Documents/Thiago/CodeToAnalyze/logback/logback-core/src/main/java/ch/qos/logback/core/joran/sanity/AppenderWithinAppenderSanityChecker.java,ch.qos.logback.core.joran.sanity.AppenderWithinAppenderSanityChecker,class,7,10,3,7,7,2,0,12,1,0.5,NaN,NaN,2,0,1,1,0,0,1,0,0,0,1,1,1,0,0,0,0,0,1,26,5,1,2,0,0,4,0,6,1,7,2,0,0,1,53,1,0
/Users/thiago/Documents/Thiago/CodeToAnalyze/logback/logback-core/src/main/java/ch/qos/logback/core/rolling/helper/CompressionStrategyBase.java,ch.qos.logback.core.rolling.helper.CompressionStrategyBase,class,3,6,3,3,2,2,3,3,0,1.0,NaN,NaN,1,0,0,0,0,1,1,0,0,0,1,1,0,0,0,1,1,0,1,9,0,0,0,0,0,2,1,2,1,2,1,0,0,0,28,1025,0
/Users/thiago/Documents/Thiago/CodeToAnalyze/logback/logback-classic/src/test/java/ch/qos/logback/classic/issue/lbclassic36/DateFormatPerf_Tapp.java,ch.qos.logback.classic.issue.lbclassic36.DateFormatPerf_Tapp,class,1,2,1,1,7,1,0,7,4,0.75,0.16666667,0.16666667,4,4,1,0,0,3,4,0,0,0,3,3,1,0,0,2,2,0,10,32,2,3,0,0,2,6,11,11,9,11,1,0,0,0,42,1,0
/Users/thiago/Documents/Thiago/CodeToAnalyze/logback/logback-classic/src/test/java/ch/qos/logback/classic/PatternLayoutTest.java,ch.qos.logback.classic.PatternLayoutTest,class,17,18,1,17,29,2,0,36,6,0.7801724,0.49261084,0.7389163,29,0,25,0,1,3,29,0,0,0,8,0,0,2,0,6,0,0,3,228,5,0,0,3,0,92,13,53,18,52,1,0,0,0,130,1,5
/Users/thiago/Documents/Thiago/CodeToAnalyze/logback/logback-core/src/main/java/ch/qos/logback/core/net/DefaultSocketConnector.java,ch.qos.logback.core.net.DefaultSocketConnector$ConsoleExceptionHandler,innerclass,2,2,0,2,1,1,0,1,0,0.0,NaN,NaN,1,0,1,0,0,0,1,0,0,0,0,0,0,0,0,0,0,0,0,5,0,0,0,0,0,0,0,0,0,0,0,0,0,0,12,10,0
/Users/thiago/Documents/Thiago/CodeToAnalyze/logback/logback-core/src/test/java/ch/qos/logback/core/joran/spi/ElementSelectorTest.java,ch.qos.logback.core.joran.spi.ElementSelectorTest,class,3,3,0,3,9,1,0,6,36,0.0,0.0,0.0,9,0,9,0,0,0,9,0,0,0,0,0,0,0,0,0,0,0,0,120,0,0,0,0,0,51,34,35,0,35,1,0,0,0,29,1,0
/Users/thiago/Documents/Thiago/CodeToAnalyze/logback/logback-classic/src/test/java/ch/qos/logback/classic/pattern/MicrosecondConverterTest.java,ch.qos.logback.classic.pattern.MicrosecondConverterTest,class,3,3,0,3,1,1,0,5,0,0.6666667,NaN,NaN,1,0,1,0,0,0,1,0,0,0,3,0,2,0,0,1,0,0,1,13,0,0,0,0,0,2,1,5,0,6,0,0,0,0,19,1,0
/Users/thiago/Documents/Thiago/CodeToAnalyze/logback/logback-examples/src/main/java/chapters/appenders/ConfigurationTester.java,chapters.appenders.ConfigurationTester,class,5,6,1,5,3,1,0,10,0,0.0,NaN,NaN,1,1,1,0,0,0,1,0,0,0,0,0,0,0,0,0,0,0,1,24,0,1,0,1,0,6,4,5,0,5,1,0,0,0,38,1,2
/Users/thiago/Documents/Thiago/CodeToAnalyze/logback/logback-core/src/main/java/ch/qos/logback/core/model/processor/EventEvaluatorModelHandler.java,ch.qos.logback.core.model.processor.EventEvaluatorModelHandler,class,13,14,1,13,14,3,0,23,13,0.6666667,0.1,0.1,6,1,4,1,1,0,5,0,0,0,2,0,0,0,0,2,0,0,0,76,5,0,2,2,1,14,0,13,5,9,3,0,0,0,74,1,0
/Users/thiago/Documents/Thiago/CodeToAnalyze/logback/logback-classic/src/test/java/ch/qos/logback/classic/control/ScenarioMaker.java,ch.qos.logback.classic.control.ScenarioMaker,class,6,8,2,6,11,1,0,12,3,0.6666667,0.0,0.0,3,3,2,0,0,1,3,0,0,0,5,5,0,5,0,0,4,0,10,61,2,3,2,0,1,3,11,20,3,16,4,0,0,0,71,1,0
/Users/thiago/Documents/Thiago/CodeToAnalyze/logback/logback-classic/src/test/java/org/slf4j/test_osgi/CheckingBundleListener.java,org.slf4j.test_osgi.CheckingBundleListener,class,4,7,3,4,7,1,0,10,0,0.25,1.0,1.0,4,0,2,1,0,1,3,0,0,0,1,0,0,0,0,1,0,0,0,26,2,2,0,0,0,6,2,6,3,6,2,0,0,0,20,1,0
/Users/thiago/Documents/Thiago/CodeToAnalyze/logback/logback-classic/src/test/java/ch/qos/logback/classic/AsyncAppenderTest.java,ch.qos.logback.classic.AsyncAppenderTest,class,10,10,0,10,3,1,0,28,0,0.375,1.0,1.0,3,0,3,0,0,0,3,0,0,0,8,0,0,0,0,8,0,0,0,46,0,0,0,0,0,4,5,12,1,12,0,0,0,0,63,1,0
/Users/thiago/Documents/Thiago/CodeToAnalyze/logback/logback-core/src/test/java/ch/qos/logback/core/joran/spi/SimpleRuleStoreTest.java,ch.qos.logback.core.joran.spi.SimpleRuleStoreTest$XAction,innerclass,3,3,0,3,6,2,0,0,13,0.6666667,0.06666667,0.06666667,6,0,4,0,0,2,6,0,0,0,1,0,0,0,0,1,0,0,0,17,1,0,0,0,0,2,1,2,1,1,0,0,0,0,16,0,0
/Users/thiago/Documents/Thiago/CodeToAnalyze/logback/logback-classic/src/test/java/ch/qos/logback/classic/pattern/LoggerNameConverterPerfTest.java,ch.qos.logback.classic.pattern.LoggerNameConverterPerfTest,class,12,13,1,12,12,1,0,26,7,0.75000006,0.3,0.3,6,1,5,1,0,0,5,0,0,0,10,6,0,0,0,10,1,0,6,70,1,4,0,0,0,8,14,23,11,23,2,0,0,0,63,1,4
/Users/thiago/Documents/Thiago/CodeToAnalyze/logback/logback-core/src/test/java/ch/qos/logback/core/rolling/helper/FileNamePatternTest.java,ch.qos.logback.core.rolling.helper.FileNamePatternTest,class,5,5,0,5,12,1,0,17,0,0.0,1.0,1.0,12,0,12,0,0,0,12,0,0,0,1,0,0,0,0,1,0,0,9,114,0,0,0,0,0,52,42,39,1,30,1,0,0,0,59,1,0
/Users/thiago/Documents/Thiago/CodeToAnalyze/logback/logback-core/src/test/java/ch/qos/logback/core/net/AbstractSocketAppenderIntegrationTest.java,ch.qos.logback.core.net.AbstractSocketAppenderIntegrationTest$InstrumentedSocketAppender$Anonymous1,anonymous,0,0,0,0,1,1,0,0,0,0.0,NaN,NaN,1,0,1,0,0,0,1,0,0,0,0,0,0,0,0,0,0,0,0,5,1,0,0,0,0,0,0,0,0,0,0,0,0,0,3,-1,0
/Users/thiago/Documents/Thiago/CodeToAnalyze/logback/logback-core/src/test/java/ch/qos/logback/core/net/AbstractSocketAppenderIntegrationTest.java,ch.qos.logback.core.net.AbstractSocketAppenderIntegrationTest$InstrumentedSocketAppender,innerclass,5,5,0,5,3,3,0,0,3,0.0,0.0,0.0,3,0,1,0,2,0,3,0,0,0,0,0,0,0,0,0,0,0,0,15,1,0,0,0,0,0,0,0,0,0,0,1,0,0,16,10,0
/Users/thiago/Documents/Thiago/CodeToAnalyze/logback/logback-core/src/main/java/ch/qos/logback/core/helpers/Transform.java,ch.qos.logback.core.helpers.Transform,class,1,3,2,1,21,1,0,14,3,0.77777785,0.0,0.0,3,3,3,0,0,0,3,0,0,0,6,6,0,6,0,0,6,0,2,70,6,2,3,0,0,10,11,13,8,11,3,0,0,0,97,1,0
/Users/thiago/Documents/Thiago/CodeToAnalyze/logback/logback-core/src/test/java/ch/qos/logback/core/util/CachingDateFotmatterTest.java,ch.qos.logback.core.util.CachingDateFotmatterTest,class,3,3,0,3,2,1,0,8,0,0.5,1.0,1.0,2,0,2,0,0,0,2,0,0,0,4,1,0,1,0,3,1,0,3,17,0,0,0,0,0,6,0,8,0,8,0,0,0,0,41,1,0
/Users/thiago/Documents/Thiago/CodeToAnalyze/logback/logback-core/src/test/java/ch/qos/logback/core/FileAppenderResilienceTest.java,ch.qos.logback.core.FileAppenderResilienceTest,class,14,15,1,14,12,2,0,23,0,0.7037037,0.6,1.0,6,0,5,1,0,0,5,0,0,0,9,0,0,0,0,9,0,0,3,91,0,2,0,0,2,14,12,27,11,25,1,0,1,0,82,1,0
/Users/thiago/Documents/Thiago/CodeToAnalyze/logback/logback-core/src/main/java/ch/qos/logback/core/sift/NOPSiftModelHandler.java,ch.qos.logback.core.sift.NOPSiftModelHandler,class,6,7,1,6,4,2,0,0,6,0.0,0.0,0.0,4,1,3,0,1,0,4,0,0,0,0,0,0,0,0,0,0,0,0,13,2,0,0,0,0,0,0,0,0,0,0,0,0,0,19,1,0
/Users/thiago/Documents/Thiago/CodeToAnalyze/logback/logback-core/src/main/java/ch/qos/logback/core/net/LoginAuthenticator.java,ch.qos.logback.core.net.LoginAuthenticator,class,2,3,1,2,2,2,0,0,0,0.0,1.0,1.0,2,0,1,0,0,1,2,0,0,0,2,0,0,0,0,2,0,0,0,11,1,0,0,0,0,0,0,2,0,2,0,0,0,0,15,1,0
/Users/thiago/Documents/Thiago/CodeToAnalyze/logback/logback-classic/src/test/java/ch/qos/logback/classic/turbo/DebugUsersTurboFilter.java,ch.qos.logback.classic.turbo.DebugUsersTurboFilter,class,5,6,1,5,6,3,0,4,0,0.0,1.0,1.0,3,0,3,0,0,0,3,0,0,0,1,0,0,0,0,1,0,0,0,19,4,0,1,0,0,0,0,2,0,2,1,0,0,0,68,1,0
/Users/thiago/Documents/Thiago/CodeToAnalyze/logback/logback-classic/src/test/java/ch/qos/logback/classic/LoggerContextConcurrentResetTest.java,ch.qos.logback.classic.LoggerContextConcurrentResetTest$Harness,innerclass,2,2,0,2,3,2,0,2,0,0.0,1.0,1.0,2,0,1,0,0,1,2,0,0,0,2,0,0,0,0,2,0,0,1,13,0,1,0,0,0,0,0,2,0,2,1,0,0,0,15,0,0
/Users/thiago/Documents/Thiago/CodeToAnalyze/logback/logback-classic/src/test/java/ch/qos/logback/classic/control/ScenarioRandomUtil.java,ch.qos.logback.classic.control.ScenarioRandomUtil,class,3,5,2,3,26,1,0,11,0,0.7619048,0.71428573,0.71428573,7,7,5,0,0,2,7,0,0,0,6,6,0,6,0,0,6,0,6,91,16,3,5,0,2,3,28,21,4,21,2,0,0,0,82,1,0
/Users/thiago/Documents/Thiago/CodeToAnalyze/logback/logback-core/src/test/java/ch/qos/logback/core/util/Compare.java,ch.qos.logback.core.util.Compare,class,1,6,5,1,24,1,0,17,45,1.0,0.0,0.0,10,10,6,1,0,3,9,0,0,0,2,2,0,0,0,2,2,0,21,134,14,3,6,3,3,29,10,26,9,23,3,0,0,0,52,1,0
/Users/thiago/Documents/Thiago/CodeToAnalyze/logback/logback-core/src/main/java/ch/qos/logback/core/encoder/EchoEncoder.java,ch.qos.logback.core.encoder.EchoEncoder,class,3,3,0,3,5,3,0,1,3,0.6666667,0.0,0.0,3,0,3,0,0,0,3,0,0,0,2,0,0,0,0,2,0,0,0,20,5,0,2,0,0,0,0,1,1,3,1,0,0,0,11,1,0
/Users/thiago/Documents/Thiago/CodeToAnalyze/logback/logback-examples/src/main/java/chapters/appenders/IO.java,chapters.appenders.IO,class,7,8,1,7,14,2,0,20,0,0.6,0.6,0.6,5,3,3,0,0,2,5,0,0,0,12,6,0,0,0,12,0,0,9,90,0,4,1,0,3,21,13,28,11,23,1,0,0,0,68,1,1
/Users/thiago/Documents/Thiago/CodeToAnalyze/logback/logback-core/src/main/java/ch/qos/logback/core/recovery/RecoveryCoordinator.java,ch.qos.logback.core.recovery.RecoveryCoordinator,class,1,4,3,1,9,1,0,3,3,0.7619048,0.6666667,1.0,6,0,3,2,0,1,4,0,0,0,7,4,2,4,0,1,2,0,1,42,5,0,1,0,0,0,4,14,3,9,1,0,0,0,38,1,0
/Users/thiago/Documents/Thiago/CodeToAnalyze/logback/logback-core/src/test/java/ch/qos/logback/core/issue/LockingInJava.java,ch.qos.logback.core.issue.LockingInJava,class,1,2,1,1,13,1,0,7,9,0.75,0.2,0.4,6,4,6,0,0,0,6,0,0,0,6,4,0,2,0,4,0,0,10,56,2,5,0,1,0,13,8,12,8,9,3,0,0,0,54,1,0
/Users/thiago/Documents/Thiago/CodeToAnalyze/logback/logback-core/src/main/java/ch/qos/logback/core/spi/PropertyContainer.java,ch.qos.logback.core.spi.PropertyContainer,interface,1,10,9,1,5,1,0,2,6,0.0,0.0,0.0,4,0,0,0,0,4,4,0,0,0,0,0,0,0,0,0,0,0,0,11,1,0,1,0,0,0,0,0,0,2,1,0,0,1,14,1,0
/Users/thiago/Documents/Thiago/CodeToAnalyze/logback/logback-core/src/main/java/ch/qos/logback/core/rolling/helper/Compressor.java,ch.qos.logback.core.rolling.helper.Compressor$CompressionRunnable,innerclass,1,1,0,1,2,1,0,1,0,0.0,1.0,1.0,2,0,2,0,0,0,2,0,0,0,3,0,0,0,0,3,3,0,0,13,0,0,0,0,0,0,0,3,0,3,0,0,0,0,12,0,0
/Users/thiago/Documents/Thiago/CodeToAnalyze/logback/logback-classic/src/test/java/ch/qos/logback/classic/issue/LOGBACK_1393_Test.java,ch.qos.logback.classic.issue.LOGBACK_1393_Test,class,15,16,1,15,7,3,0,31,4,0.73333335,0.5,0.5,5,0,2,1,0,2,4,0,0,0,3,0,0,0,0,3,0,0,1,62,1,1,0,1,0,9,4,12,0,12,1,0,0,0,72,1,1
/Users/thiago/Documents/Thiago/CodeToAnalyze/logback/logback-core/src/test/java/ch/qos/logback/core/joran/SkippingInInterpreterTest.java,ch.qos.logback.core.joran.SkippingInInterpreterTest,class,16,17,1,16,8,1,0,18,15,0.8333333,0.0,0.0,6,0,4,0,0,2,6,0,0,0,3,0,0,0,0,3,0,0,3,50,1,0,2,0,0,17,3,9,1,9,1,0,0,11,77,1,0
/Users/thiago/Documents/Thiago/CodeToAnalyze/logback/logback-core/src/test/java/ch/qos/logback/core/net/server/ServerSocketListenerTest.java,ch.qos.logback.core.net.server.ServerSocketListenerTest,class,7,7,0,7,4,2,0,12,0,0.0,1.0,1.0,2,0,2,0,0,0,2,0,0,0,2,0,0,2,0,0,0,0,2,92,0,1,0,0,0,1,4,6,0,6,2,0,3,0,23,1,0
/Users/thiago/Documents/Thiago/CodeToAnalyze/logback/logback-core/src/main/java/ch/qos/logback/core/joran/action/AppenderAction.java,ch.qos.logback.core.joran.action.AppenderAction,class,8,8,0,8,2,4,0,6,1,0.0,0.0,0.0,2,0,0,0,2,0,2,0,0,0,0,0,0,0,0,0,0,0,0,14,2,0,0,0,0,0,0,2,0,2,0,0,0,0,31,1,0
/Users/thiago/Documents/Thiago/CodeToAnalyze/logback/logback-classic/src/main/java/ch/qos/logback/classic/pattern/ClassOfCallerConverter.java,ch.qos.logback.classic.pattern.ClassOfCallerConverter,class,2,2,0,2,3,4,0,2,0,0.0,NaN,NaN,1,0,0,0,1,0,1,0,0,0,0,0,0,0,0,0,0,0,0,11,2,0,1,0,0,0,2,1,0,1,1,0,0,0,15,1,0
/Users/thiago/Documents/Thiago/CodeToAnalyze/logback/logback-classic/src/test/java/ch/qos/logback/classic/LoggerContextTest.java,ch.qos.logback.classic.LoggerContextTest$Anonymous1,anonymous,1,1,0,1,2,1,0,2,0,0.0,NaN,NaN,1,0,1,0,0,0,1,0,0,0,0,0,0,0,0,0,0,0,1,8,0,1,0,0,0,1,1,1,1,1,1,0,0,0,3,-1,0
/Users/thiago/Documents/Thiago/CodeToAnalyze/logback/logback-core/src/main/java/ch/qos/logback/core/rolling/helper/FileFilterUtil.java,ch.qos.logback.core.rolling.helper.FileFilterUtil,class,1,10,9,1,22,1,0,19,36,0.0,0.0,0.0,9,9,9,0,0,0,9,0,0,0,0,0,0,0,0,0,0,0,8,84,11,1,4,0,0,5,8,11,4,12,2,2,0,1,79,1,0
/Users/thiago/Documents/Thiago/CodeToAnalyze/logback/logback-examples/src/main/java/chapters/filters/SampleFilter.java,chapters.filters.SampleFilter,class,3,3,0,3,3,2,0,2,0,0.0,NaN,NaN,1,0,1,0,0,0,1,0,0,0,0,0,0,0,0,0,0,0,0,10,2,0,1,0,0,1,0,0,0,0,1,0,0,0,9,1,0
/Users/thiago/Documents/Thiago/CodeToAnalyze/logback/logback-classic/src/test/java/ch/qos/logback/classic/issue/logback1159/LoggingError.java,ch.qos.logback.classic.issue.logback1159.LoggingError,class,0,2,2,0,1,3,0,0,0,1.0,NaN,NaN,1,0,1,0,0,0,1,0,0,0,1,1,0,1,0,0,1,0,0,6,0,0,0,0,0,0,1,1,0,1,0,0,0,0,27,1,0
/Users/thiago/Documents/Thiago/CodeToAnalyze/logback/logback-core/src/test/java/ch/qos/logback/core/joran/action/IncludeModelHandlerTest.java,ch.qos.logback.core.joran.action.IncludeModelHandlerTest,class,14,15,1,14,18,1,0,26,0,0.8380682,0.7583333,0.875,16,0,14,0,0,2,16,0,0,0,22,18,0,0,0,22,18,0,15,145,2,1,2,0,1,44,6,35,17,34,1,1,0,3,86,1,0
/Users/thiago/Documents/Thiago/CodeToAnalyze/logback/logback-core/src/test/java/ch/qos/logback/core/pattern/parser/test/AbstractPatternLayoutBaseTest.java,ch.qos.logback.core.pattern.parser.test.AbstractPatternLayoutBaseTest,class,9,11,2,9,9,1,0,16,36,0.0,0.0,0.0,9,0,8,0,1,0,9,3,0,0,0,0,0,0,0,0,0,0,0,56,1,0,0,0,0,11,0,18,0,18,0,0,0,0,54,1025,0
/Users/thiago/Documents/Thiago/CodeToAnalyze/logback/logback-classic/src/test/java/org/slf4j/implTest/MultithreadedInitializationTest.java,org.slf4j.implTest.MultithreadedInitializationTest,class,8,9,1,8,8,2,0,19,10,0.8,0.0,0.0,5,1,3,2,0,0,3,0,0,0,5,2,0,1,0,4,2,0,4,73,2,3,0,0,0,6,8,15,6,14,1,0,1,0,50,1,2
/Users/thiago/Documents/Thiago/CodeToAnalyze/logback/logback-core/src/main/java/ch/qos/logback/core/pattern/color/BoldWhiteCompositeConverter.java,ch.qos.logback.core.pattern.color.BoldWhiteCompositeConverter,class,2,2,0,2,1,6,0,0,0,0.0,NaN,NaN,1,0,0,0,1,0,1,0,0,0,0,0,0,0,0,0,0,0,0,5,1,0,0,0,0,0,0,0,1,0,0,0,0,0,37,1,0
/Users/thiago/Documents/Thiago/CodeToAnalyze/logback/logback-core/src/main/java/ch/qos/logback/core/subst/NodeToStringTransformer.java,ch.qos.logback.core.subst.NodeToStringTransformer,class,6,7,1,6,37,1,0,22,54,0.78846157,0.5,0.5,13,2,4,9,0,0,4,0,0,0,4,1,1,0,0,3,4,0,2,130,20,3,15,0,0,7,0,27,2,23,2,0,0,0,116,1,0
/Users/thiago/Documents/Thiago/CodeToAnalyze/logback/logback-classic/src/test/java/ch/qos/logback/classic/issue/logback1159/LogbackListenerTest.java,ch.qos.logback.classic.issue.logback1159.LogbackListenerTest,class,9,10,1,9,7,1,0,17,11,0.72222227,0.0,0.0,6,0,3,2,0,1,4,0,0,0,3,0,0,1,0,2,0,0,3,40,0,0,0,1,0,4,0,7,0,7,1,0,0,1,52,1,1
/Users/thiago/Documents/Thiago/CodeToAnalyze/logback/logback-core/src/test/java/ch/qos/logback/core/layout/DummyLayout.java,ch.qos.logback.core.layout.DummyLayout,class,2,2,0,2,3,2,0,0,1,0.6666667,0.33333334,0.33333334,3,0,3,0,0,0,3,0,0,0,2,1,1,0,0,1,1,0,0,12,1,0,0,0,0,1,0,3,1,2,0,0,0,0,10,1,0
/Users/thiago/Documents/Thiago/CodeToAnalyze/logback/logback-classic-blackbox/src/test/java/ch/qos/logback/classic/blackbox/joran/UpdaterRunnable.java,ch.qos.logback.classic.blackbox.joran.UpdaterRunnable,class,4,6,2,4,15,2,0,15,0,0.375,1.0,1.0,6,0,1,2,0,3,4,0,0,0,4,0,0,1,0,3,2,0,2,62,1,1,0,3,0,14,1,5,4,5,3,0,0,0,39,0,0
/Users/thiago/Documents/Thiago/CodeToAnalyze/logback/logback-core/src/main/java/ch/qos/logback/core/spi/ComponentTracker.java,ch.qos.logback.core.spi.ComponentTracker,interface,1,4,3,1,7,1,0,0,21,1.0,0.0,0.0,7,0,0,0,0,7,7,0,0,0,2,0,1,0,0,1,1,0,0,11,0,0,0,0,1,0,2,2,1,2,0,0,0,0,126,1,0
/Users/thiago/Documents/Thiago/CodeToAnalyze/logback/logback-core/src/main/java/ch/qos/logback/core/net/server/AbstractServerSocketAppender.java,ch.qos.logback.core.net.server.AbstractServerSocketAppender,class,10,16,6,10,23,2,0,24,122,0.90756303,0.05147059,0.05147059,17,0,10,0,7,0,17,2,0,0,7,2,2,5,0,0,2,0,2,83,12,0,2,2,0,2,2,13,2,10,1,1,0,0,120,1025,0
/Users/thiago/Documents/Thiago/CodeToAnalyze/logback/logback-core/src/test/java/ch/qos/logback/core/MockLifeCycleComponent.java,ch.qos.logback.core.MockLifeCycleComponent,class,1,3,2,1,3,1,0,0,0,0.0,1.0,1.0,3,0,3,0,0,0,3,0,0,0,1,0,0,1,0,0,0,0,0,12,1,0,0,0,0,0,0,2,0,1,0,0,0,0,11,1,0
/Users/thiago/Documents/Thiago/CodeToAnalyze/logback/logback-core/src/test/java/ch/qos/logback/core/pattern/parser/SamplePatternLayout.java,ch.qos.logback.core.pattern.parser.SamplePatternLayout,class,3,5,2,3,4,2,0,2,4,0.625,0.16666667,0.16666667,4,0,4,0,0,0,4,0,0,0,2,0,0,0,0,2,0,0,0,17,3,0,0,0,0,2,0,2,0,2,0,0,0,0,16,1,0
/Users/thiago/Documents/Thiago/CodeToAnalyze/logback/logback-core/src/main/java/ch/qos/logback/core/pattern/SpacePadder.java,ch.qos.logback.core.pattern.SpacePadder,class,1,3,2,1,13,1,0,3,3,0.6666667,0.0,0.0,3,3,3,0,0,0,3,0,3,0,1,1,0,0,0,1,1,0,2,38,0,2,5,0,2,6,9,7,3,4,2,0,0,0,23,1,0
/Users/thiago/Documents/Thiago/CodeToAnalyze/logback/logback-classic/src/main/java/ch/qos/logback/classic/spi/EventArgUtil.java,ch.qos.logback.classic.spi.EventArgUtil,class,0,1,1,0,10,1,0,1,6,0.0,0.0,0.0,4,4,4,0,0,0,4,0,1,0,0,0,0,0,0,0,0,0,1,27,6,0,5,0,0,1,6,3,2,3,1,0,0,0,34,1,0
/Users/thiago/Documents/Thiago/CodeToAnalyze/logback/logback-classic/src/main/java/ch/qos/logback/classic/net/server/ServerSocketAppender.java,ch.qos.logback.classic.net.server.ServerSocketAppender,class,5,6,1,5,5,2,0,2,4,0.625,0.16666667,0.16666667,4,0,2,0,2,0,4,0,0,0,2,1,0,2,0,0,1,0,0,18,2,0,0,0,0,0,0,2,0,2,1,0,0,0,41,1,0
/Users/thiago/Documents/Thiago/CodeToAnalyze/logback/logback-core/src/test/java/ch/qos/logback/core/FileAppenderResilience_AS_ROOT_Test.java,ch.qos.logback.core.FileAppenderResilience_AS_ROOT_Test$LoopFSCommand,enum,0,0,0,0,0,1,0,0,0,0.0,-1.0,-1.0,0,0,0,0,0,0,0,0,0,0,0,0,0,0,0,0,0,0,0,1,0,0,0,0,0,0,0,0,0,0,0,0,0,0,6,0,0
/Users/thiago/Documents/Thiago/CodeToAnalyze/logback/logback-classic/src/test/java/ch/qos/logback/classic/net/SocketAppenderMessageLossTest.java,ch.qos.logback.classic.net.SocketAppenderMessageLossTest,class,11,12,1,11,5,2,0,23,0,0.25,1.0,1.0,4,0,4,0,0,0,4,0,0,0,3,1,0,0,0,3,1,0,0,72,0,1,0,0,0,4,7,18,2,18,1,0,1,0,54,1,1
/Users/thiago/Documents/Thiago/CodeToAnalyze/logback/logback-core/src/test/java/ch/qos/logback/core/pattern/parser/ParserTest.java,ch.qos.logback.core.pattern.parser.ParserTest,class,10,10,0,10,13,1,0,13,49,0.8181819,0.054545455,0.054545455,11,0,11,0,0,0,11,0,0,0,2,0,0,0,0,2,0,0,0,215,0,0,0,2,1,74,13,113,1,79,1,0,0,0,64,1,0
/Users/thiago/Documents/Thiago/CodeToAnalyze/logback/logback-classic/src/test/java/ch/qos/logback/classic/joran/sanity/IfNestedWithinSecondPhaseElementSCTest.java,ch.qos.logback.classic.joran.sanity.IfNestedWithinSecondPhaseElementSCTest,class,12,13,1,12,5,1,0,9,0,0.4,1.0,1.0,5,0,4,1,0,0,4,0,0,0,3,0,0,0,0,3,0,0,0,49,1,0,0,0,0,9,7,16,0,16,0,0,0,0,47,1,0
/Users/thiago/Documents/Thiago/CodeToAnalyze/logback/logback-core-blackbox/src/test/java/ch/qos/logback/core/blackbox/boolex/IsPropertyNullCondition.java,ch.qos.logback.core.blackbox.boolex.IsPropertyNullCondition,class,1,1,0,1,5,3,0,3,0,0.0,1.0,1.0,4,0,4,0,0,0,4,0,0,0,1,0,0,0,0,1,0,0,0,19,3,0,1,0,0,1,0,1,0,1,1,0,0,0,19,1,0
/Users/thiago/Documents/Thiago/CodeToAnalyze/logback/logback-core/src/main/java/ch/qos/logback/core/rolling/helper/ZipCompressionStrategy.java,ch.qos.logback.core.rolling.helper.ZipCompressionStrategy,class,6,8,2,6,9,3,0,11,1,0.5,0.0,0.0,2,0,1,0,0,1,2,0,0,0,1,1,0,0,0,1,1,0,1,44,4,1,2,1,1,18,3,10,7,9,2,0,0,0,76,1,0
/Users/thiago/Documents/Thiago/CodeToAnalyze/logback/logback-core/src/main/java/ch/qos/logback/core/joran/spi/ElementSelector.java,ch.qos.logback.core.joran.spi.ElementSelector,class,2,7,5,2,32,2,0,10,45,0.0,0.0,0.0,10,0,9,1,0,0,9,0,0,0,0,0,0,0,0,0,0,0,0,102,17,5,10,0,8,0,16,23,2,22,2,0,0,0,78,1,0
/Users/thiago/Documents/Thiago/CodeToAnalyze/logback/logback-classic/src/test/java/ch/qos/logback/classic/net/SyslogAppenderTest.java,ch.qos.logback.classic.net.SyslogAppenderTest,class,11,12,1,11,13,1,0,49,6,0.5952381,0.4181818,0.5090909,12,0,11,1,0,0,11,0,0,0,7,1,0,1,0,6,1,0,8,145,0,1,0,0,6,56,30,46,23,43,1,0,0,0,94,1,8
/Users/thiago/Documents/Thiago/CodeToAnalyze/logback/logback-core/src/main/java/ch/qos/logback/core/pattern/color/BoldBlueCompositeConverter.java,ch.qos.logback.core.pattern.color.BoldBlueCompositeConverter,class,2,2,0,2,1,6,0,0,0,0.0,NaN,NaN,1,0,0,0,1,0,1,0,0,0,0,0,0,0,0,0,0,0,0,5,1,0,0,0,0,0,0,0,1,0,0,0,0,0,35,1,0
/Users/thiago/Documents/Thiago/CodeToAnalyze/logback/logback-core/src/main/java/ch/qos/logback/core/net/server/AbstractServerSocketAppender.java,ch.qos.logback.core.net.server.AbstractServerSocketAppender$Anonymous1,anonymous,1,1,0,1,1,1,0,1,0,0.0,NaN,NaN,1,0,1,0,0,0,1,0,0,0,0,0,0,0,0,0,0,0,0,5,0,0,0,0,0,0,0,0,0,0,0,0,0,0,7,-1,0
/Users/thiago/Documents/Thiago/CodeToAnalyze/logback/logback-core/src/main/java/ch/qos/logback/core/net/AbstractSocketAppender.java,ch.qos.logback.core.net.AbstractSocketAppender$Anonymous1,anonymous,1,1,0,1,1,1,0,1,0,0.0,NaN,NaN,1,0,1,0,0,0,1,0,0,0,0,0,0,0,0,0,0,0,0,5,0,0,0,0,0,0,0,0,0,0,0,0,0,0,6,-1,0
/Users/thiago/Documents/Thiago/CodeToAnalyze/logback/logback-core/src/main/java/ch/qos/logback/core/joran/event/SaxEvent.java,ch.qos.logback.core.joran.event.SaxEvent,class,2,11,9,2,5,1,3,0,2,0.6,0.4,1.0,5,0,4,0,0,1,5,0,0,0,4,0,4,0,0,0,4,0,0,24,4,0,0,0,0,0,0,4,0,4,0,0,0,0,16,1,0
/Users/thiago/Documents/Thiago/CodeToAnalyze/logback/logback-classic/src/test/java/ch/qos/logback/classic/spi/LuckyCharms.java,ch.qos.logback.classic.spi.LuckyCharms,class,0,1,1,0,2,1,0,0,0,0.0,1.0,1.0,2,0,1,0,0,1,2,0,0,0,1,0,0,0,0,1,0,0,0,9,1,0,0,0,0,2,0,1,1,1,0,0,0,0,5,1,0
/Users/thiago/Documents/Thiago/CodeToAnalyze/logback/logback-core/src/test/java/ch/qos/logback/core/helpers/CyclicBufferTest.java,ch.qos.logback.core.helpers.CyclicBufferTest,class,3,4,1,3,3,1,0,8,3,0.0,0.0,0.0,3,0,2,0,0,1,3,0,0,0,0,0,0,0,0,0,0,0,1,30,0,0,0,0,0,9,10,4,0,4,0,0,0,0,11,1,0
/Users/thiago/Documents/Thiago/CodeToAnalyze/logback/logback-classic/src/main/java/ch/qos/logback/classic/spi/ILoggingEvent.java,ch.qos.logback.classic.spi.ILoggingEvent,interface,7,93,86,7,22,1,0,5,190,0.0,0.0,0.0,20,0,0,0,0,20,20,0,0,0,0,0,0,0,0,0,0,0,1,28,3,0,1,0,0,0,1,1,0,1,1,0,0,0,158,1,0
/Users/thiago/Documents/Thiago/CodeToAnalyze/logback/logback-core/src/main/java/ch/qos/logback/core/joran/action/SerializeModelAction.java,ch.qos.logback.core.joran.action.SerializeModelAction,class,5,5,0,5,1,4,0,2,0,0.0,NaN,NaN,1,0,0,0,1,0,1,0,0,0,0,0,0,0,0,0,0,0,0,7,1,0,0,0,0,0,0,1,0,1,0,0,0,0,23,1,0
/Users/thiago/Documents/Thiago/CodeToAnalyze/logback/logback-classic/src/test/java/ch/qos/logback/classic/util/LevelToSyslogSeverityTest.java,ch.qos.logback.classic.util.LevelToSyslogSeverityTest,class,6,7,1,6,2,1,0,4,1,0.0,0.0,0.0,2,0,1,0,0,1,2,0,0,0,0,0,0,0,0,0,0,0,5,14,1,0,0,0,0,0,0,1,0,1,0,0,0,0,15,1,0
/Users/thiago/Documents/Thiago/CodeToAnalyze/logback/logback-classic/src/main/java/ch/qos/logback/classic/encoder/JsonEncoder.java,ch.qos.logback.classic.encoder.JsonEncoder,class,10,12,2,10,88,2,0,63,387,0.9358292,0.09356725,0.7076023,34,0,17,15,0,2,19,0,0,0,55,41,23,27,0,5,38,0,0,343,17,8,23,0,0,29,17,99,2,81,3,0,0,0,123,1,0
/Users/thiago/Documents/Thiago/CodeToAnalyze/logback/logback-classic/src/main/java/ch/qos/logback/classic/net/SocketReceiver.java,ch.qos.logback.classic.net.SocketReceiver,class,9,14,5,9,36,3,3,27,63,0.8222223,0.2,0.5090909,15,0,6,4,5,0,11,0,0,0,9,1,0,9,0,0,1,0,3,149,9,2,9,5,0,16,9,22,11,17,3,0,0,0,113,1,0
/Users/thiago/Documents/Thiago/CodeToAnalyze/logback/logback-classic/src/test/java/ch/qos/logback/classic/spi/LogbackServiceProviderTest.java,ch.qos.logback.classic.spi.LogbackServiceProviderTest,class,3,3,0,3,1,1,0,4,0,0.0,NaN,NaN,1,0,1,0,0,0,1,0,0,0,1,0,0,0,0,1,0,0,0,8,0,0,0,0,0,0,0,2,0,2,0,0,0,0,14,1,0
/Users/thiago/Documents/Thiago/CodeToAnalyze/logback/logback-core/src/main/java/ch/qos/logback/core/joran/action/ContextPropertyAction.java,ch.qos.logback.core.joran.action.ContextPropertyAction,class,4,4,0,4,2,3,0,1,1,0.0,0.0,0.0,2,0,2,0,0,0,2,0,0,0,0,0,0,0,0,0,0,0,0,7,0,0,0,0,0,1,0,0,0,0,0,0,0,0,21,1,0
/Users/thiago/Documents/Thiago/CodeToAnalyze/logback/logback-classic/src/test/java/ch/qos/logback/classic/TurboFilteringInLoggerTest.java,ch.qos.logback.classic.NoFilter,class,5,6,1,5,1,3,0,0,0,0.0,NaN,NaN,1,0,1,0,0,0,1,0,0,0,0,0,0,0,0,0,0,0,0,5,1,0,0,0,0,0,0,0,0,0,0,0,0,0,10,0,0
/Users/thiago/Documents/Thiago/CodeToAnalyze/logback/logback-core/src/main/java/ch/qos/logback/core/joran/conditional/ThenAction.java,ch.qos.logback.core.joran.conditional.ThenAction,class,6,6,0,6,2,4,0,2,1,0.0,0.0,0.0,2,0,0,0,2,0,2,0,0,0,0,0,0,0,0,0,0,0,0,11,2,0,0,0,0,0,0,2,0,2,0,0,0,0,18,1,0
/Users/thiago/Documents/Thiago/CodeToAnalyze/logback/logback-core/src/test/java/ch/qos/logback/core/joran/TrivialConfigurator.java,ch.qos.logback.core.joran.TrivialConfigurator,class,6,10,4,6,5,2,0,5,0,0.25,0.5,0.5,4,0,2,0,2,0,4,0,0,0,1,0,0,0,0,1,0,0,0,20,1,1,0,0,0,0,0,3,0,3,1,0,0,0,31,1,0
/Users/thiago/Documents/Thiago/CodeToAnalyze/logback/logback-classic/src/main/java/ch/qos/logback/classic/joran/action/LoggerContextListenerAction.java,ch.qos.logback.classic.joran.action.LoggerContextListenerAction,class,7,7,0,7,2,2,0,4,1,1.0,0.0,0.0,2,0,0,0,2,0,2,0,0,0,2,0,0,0,0,2,0,0,0,14,2,0,0,0,0,0,0,3,0,4,0,0,0,0,34,1,0
/Users/thiago/Documents/Thiago/CodeToAnalyze/logback/logback-core/src/main/java/ch/qos/logback/core/util/EnvUtil.java,ch.qos.logback.core.util.EnvUtil,class,2,7,5,2,29,1,0,20,105,0.0,0.0,0.0,15,14,12,3,0,0,12,0,0,0,0,0,0,0,0,0,0,0,13,88,21,1,7,2,4,7,12,16,3,14,2,0,0,0,70,1,0
/Users/thiago/Documents/Thiago/CodeToAnalyze/logback/logback-core/src/main/java/ch/qos/logback/core/util/InvocationGate.java,ch.qos.logback.core.util.InvocationGate,interface,0,6,6,0,1,1,0,0,0,1.0,NaN,NaN,1,0,1,0,0,0,1,1,0,0,1,0,0,0,0,1,1,0,0,4,0,0,0,0,0,0,1,1,0,1,0,0,0,0,45,1,0
/Users/thiago/Documents/Thiago/CodeToAnalyze/logback/logback-classic/src/main/java/ch/qos/logback/classic/util/ContextInitializer.java,ch.qos.logback.classic.util.ContextInitializer,class,10,15,5,10,26,1,0,31,0,0.8,0.33333334,0.33333334,10,0,3,7,0,0,3,0,0,0,7,3,3,0,0,4,5,0,5,115,10,3,7,3,0,16,3,21,8,18,2,1,0,0,118,1,0
/Users/thiago/Documents/Thiago/CodeToAnalyze/logback/logback-core/src/main/java/ch/qos/logback/core/rolling/TimeBasedFileNamingAndTriggeringPolicy.java,ch.qos.logback.core.rolling.TimeBasedFileNamingAndTriggeringPolicy,interface,5,11,6,5,6,1,0,0,15,0.0,0.0,0.0,6,0,0,0,0,6,6,0,0,0,0,0,0,0,0,0,0,0,0,8,0,0,0,0,0,0,0,0,0,0,0,0,0,0,88,1,0
/Users/thiago/Documents/Thiago/CodeToAnalyze/logback/logback-classic/src/test/java/ch/qos/logback/classic/testUtil/GaussianDump.java,ch.qos.logback.classic.testUtil.GaussianDump,class,2,2,0,2,2,1,0,2,0,0.0,NaN,NaN,1,0,1,0,0,0,1,0,0,0,0,0,0,0,0,0,0,0,0,9,0,1,0,0,0,0,4,3,0,3,1,0,0,0,6,1,0
/Users/thiago/Documents/Thiago/CodeToAnalyze/logback/logback-classic/src/main/java/ch/qos/logback/classic/model/RootLoggerModel.java,ch.qos.logback.classic.model.RootLoggerModel,class,3,6,3,3,9,2,0,6,0,0.5833333,0.6666667,0.6666667,6,0,4,0,2,0,6,0,0,0,2,1,0,1,0,1,1,0,2,31,7,0,2,0,0,0,2,8,2,6,1,0,0,0,32,1,0
/Users/thiago/Documents/Thiago/CodeToAnalyze/logback/logback-core/src/test/java/ch/qos/logback/core/issue/LBCORE97.java,ch.qos.logback.core.issue.LBCORE97$SynchronizedRunnable,innerclass,0,0,0,0,5,1,0,1,0,0.11111111,1.0,1.0,3,0,3,0,0,0,3,0,0,0,3,0,0,3,0,0,1,0,1,28,1,1,0,1,0,3,2,5,1,3,3,0,0,0,14,9,0
/Users/thiago/Documents/Thiago/CodeToAnalyze/logback/logback-core/src/main/java/ch/qos/logback/core/boolex/Matcher.java,ch.qos.logback.core.boolex.Matcher,class,3,4,1,3,20,2,0,4,45,0.7755102,0.25274727,1.0,14,0,14,0,0,0,14,0,0,0,7,0,0,7,0,0,0,0,1,77,8,0,1,1,0,5,1,17,2,9,2,0,0,0,49,1,0
/Users/thiago/Documents/Thiago/CodeToAnalyze/logback/logback-classic/src/test/java/ch/qos/logback/classic/jsonTest/KeyValuePairDeserializer.java,ch.qos.logback.classic.jsonTest.KeyValuePairDeserializer,class,5,6,1,5,5,2,0,9,3,0.0,0.0,0.0,3,0,3,0,0,0,3,0,0,0,0,0,0,0,0,0,0,0,0,22,2,0,0,0,0,0,0,6,0,6,2,0,0,0,22,1,0
/Users/thiago/Documents/Thiago/CodeToAnalyze/logback/logback-classic/src/test/java/ch/qos/logback/classic/issue/logback_1754/SafeModeTest.java,ch.qos.logback.classic.issue.logback_1754.SafeModeTest,class,2,3,1,2,5,2,0,9,1,0.5,NaN,NaN,2,1,1,1,0,0,1,0,0,0,1,1,0,1,0,0,1,0,2,55,0,2,0,1,0,5,3,7,4,7,2,0,1,0,28,1,0
/Users/thiago/Documents/Thiago/CodeToAnalyze/logback/logback-classic/src/main/java/ch/qos/logback/classic/model/processor/ConfigurationModelHandler.java,ch.qos.logback.classic.model.processor.ConfigurationModelHandler,class,12,14,2,12,13,2,1,16,21,1.0,0.0,0.0,7,1,4,0,3,0,7,0,0,0,1,1,0,0,0,1,1,0,6,39,2,0,1,0,1,2,1,9,0,8,1,0,0,0,88,1,0
/Users/thiago/Documents/Thiago/CodeToAnalyze/logback/logback-core/src/main/java/ch/qos/logback/core/pattern/FormatInfo.java,ch.qos.logback.core.pattern.FormatInfo,class,1,5,4,1,32,1,0,5,0,0.5,0.47619048,0.74285716,15,1,15,0,0,0,15,0,0,0,4,0,0,4,0,0,0,0,2,104,10,0,10,0,7,8,15,34,10,12,2,0,0,0,78,1,0
/Users/thiago/Documents/Thiago/CodeToAnalyze/logback/logback-classic/src/test/java/ch/qos/logback/classic/turbo/lru/Event.java,ch.qos.logback.classic.turbo.lru.Event,class,1,4,3,1,3,1,0,0,0,0.0,1.0,1.0,2,0,2,0,0,0,2,0,0,0,2,0,2,0,0,0,2,0,0,16,2,0,0,0,0,2,0,2,2,2,1,0,0,0,6,1,0
/Users/thiago/Documents/Thiago/CodeToAnalyze/logback/logback-core/src/main/java/ch/qos/logback/core/rolling/helper/GZCompressionStrategy.java,ch.qos.logback.core.rolling.helper.GZCompressionStrategy,class,4,5,1,4,7,3,0,9,0,0.0,NaN,NaN,1,0,1,0,0,0,1,0,0,0,0,0,0,0,0,0,0,0,0,33,2,1,1,1,1,17,2,7,7,6,2,0,0,0,50,1,0
/Users/thiago/Documents/Thiago/CodeToAnalyze/logback/logback-classic/src/main/java/ch/qos/logback/classic/pattern/ClassicConverter.java,ch.qos.logback.classic.pattern.ClassicConverter,class,1,24,23,1,0,2,23,0,0,0.0,-1.0,-1.0,0,0,0,0,0,0,0,0,0,0,0,0,0,0,0,0,0,0,0,2,0,0,0,0,0,0,0,0,0,0,0,0,0,0,15,1025,0
/Users/thiago/Documents/Thiago/CodeToAnalyze/logback/logback-core/src/test/java/ch/qos/logback/core/net/mock/MockContext.java,ch.qos.logback.core.net.mock.MockContext$MockStatusManager,innerclass,3,3,0,3,7,1,0,0,21,0.0,0.0,0.0,7,0,7,0,0,0,7,0,0,0,0,0,0,0,0,0,0,0,0,23,0,0,0,0,0,0,0,1,0,0,0,0,0,0,18,2,0
/Users/thiago/Documents/Thiago/CodeToAnalyze/logback/logback-core/src/main/java/ch/qos/logback/core/util/OptionHelper.java,ch.qos.logback.core.util.OptionHelper,class,8,27,19,8,46,1,0,29,188,0.93571424,0.0,0.0,20,20,20,0,0,0,20,0,2,0,7,7,0,0,0,7,7,0,16,152,28,1,15,6,4,8,12,25,3,17,2,0,0,0,137,1,0
/Users/thiago/Documents/Thiago/CodeToAnalyze/logback/logback-classic/src/test/java/ch/qos/logback/classic/issue/lbclassic36/DateFormatOriginal_tzest.java,ch.qos.logback.classic.issue.lbclassic36.DateFormatOriginal_tzest,class,6,6,0,6,12,2,0,4,0,0.5,1.0,1.0,3,0,3,0,0,0,3,0,0,0,2,2,1,0,0,1,2,0,6,104,0,9,0,0,6,4,12,32,7,29,1,0,5,0,39,1,0
/Users/thiago/Documents/Thiago/CodeToAnalyze/logback/logback-core/src/main/java/ch/qos/logback/core/spi/ContextAware.java,ch.qos.logback.core.spi.ContextAware,interface,2,26,24,2,9,1,0,0,36,0.0,0.0,0.0,9,0,0,0,0,9,9,0,0,0,0,0,0,0,0,0,0,0,0,11,0,0,0,0,0,0,0,0,0,0,0,0,0,0,23,1,0
/Users/thiago/Documents/Thiago/CodeToAnalyze/logback/logback-examples/src/main/java/chapters/appenders/mail/EMail.java,chapters.appenders.mail.EMail,class,4,5,1,4,5,1,0,15,1,0.0,0.0,0.0,2,2,1,0,0,1,2,0,0,0,0,0,0,0,0,0,0,0,3,31,0,1,1,0,1,10,7,6,4,6,2,0,0,0,51,1,3
/Users/thiago/Documents/Thiago/CodeToAnalyze/logback/logback-classic/src/test/java/ch/qos/logback/classic/testUtil/Gaussian.java,ch.qos.logback.classic.testUtil.Gaussian,class,0,2,2,0,3,1,0,1,0,0.0,1.0,1.0,3,0,3,0,0,0,3,0,0,0,3,0,0,0,0,3,0,0,0,18,1,0,0,0,0,0,0,6,2,3,0,0,0,0,7,1,0
/Users/thiago/Documents/Thiago/CodeToAnalyze/logback/logback-core/src/main/java/ch/qos/logback/core/model/conditional/IfModel.java,ch.qos.logback.core.model.conditional.IfModel,class,3,9,6,3,16,2,0,8,11,0.6666667,0.4,0.5090909,11,0,9,0,2,0,11,0,0,0,3,1,0,1,0,2,1,0,2,50,9,0,3,0,0,2,2,11,3,7,1,0,1,0,50,1,0
/Users/thiago/Documents/Thiago/CodeToAnalyze/logback/logback-core/src/main/java/ch/qos/logback/core/joran/spi/RuleStore.java,ch.qos.logback.core.joran.spi.RuleStore,interface,3,10,7,3,5,1,0,0,10,0.0,0.0,0.0,5,0,1,0,0,4,5,0,0,0,0,0,0,0,0,0,0,0,0,7,0,0,0,0,0,0,0,0,0,0,0,0,0,0,62,1,0
/Users/thiago/Documents/Thiago/CodeToAnalyze/logback/logback-examples/src/main/java/chapters/migrationFromLog4j/TrivialLogbackAppender.java,chapters.migrationFromLog4j.TrivialLogbackAppender,class,3,3,0,3,5,2,0,5,0,0.0,1.0,1.0,4,0,3,0,1,0,4,0,0,0,1,0,0,0,0,1,0,0,0,22,2,0,1,0,0,2,0,3,1,3,1,0,0,0,24,1,0
/Users/thiago/Documents/Thiago/CodeToAnalyze/logback/logback-classic/src/test/java/ch/qos/logback/classic/issue/LBCORE63.java,ch.qos.logback.classic.issue.LBCORE63$Task,innerclass,2,2,0,2,2,1,0,3,0,0.4,1.0,1.0,2,0,2,0,0,0,2,0,0,0,5,0,1,2,0,2,3,0,0,16,0,0,0,0,0,1,1,5,1,5,0,0,0,0,10,0,1
/Users/thiago/Documents/Thiago/CodeToAnalyze/logback/logback-core/src/test/java/ch/qos/logback/core/joran/util/House.java,ch.qos.logback.core.joran.util.SwimmingPool,interface,0,4,4,0,0,1,0,0,0,0.0,-1.0,-1.0,0,0,0,0,0,0,0,0,0,0,0,0,0,0,0,0,0,0,0,2,0,0,0,0,0,0,0,0,0,0,0,0,0,0,2,0,0
/Users/thiago/Documents/Thiago/CodeToAnalyze/logback/logback-core/src/main/java/ch/qos/logback/core/model/conditional/IfModel.java,ch.qos.logback.core.model.conditional.IfModel$BranchState,enum,0,0,0,0,0,1,0,0,0,0.0,-1.0,-1.0,0,0,0,0,0,0,0,0,0,0,0,0,0,0,0,0,0,0,0,1,0,0,0,0,0,0,0,0,0,0,0,0,0,0,13,1,0
/Users/thiago/Documents/Thiago/CodeToAnalyze/logback/logback-classic/src/test/java/ch/qos/logback/classic/encoder/LayoutInsteadOfEncoderTest.java,ch.qos.logback.classic.encoder.LayoutInsteadOfEncoderTest,class,9,10,1,9,5,1,0,15,4,0.4,0.3,0.3,5,0,5,0,0,0,5,0,0,0,2,0,0,0,0,2,0,0,1,37,0,0,0,0,0,11,0,8,4,8,0,0,0,0,63,1,0
/Users/thiago/Documents/Thiago/CodeToAnalyze/logback/logback-classic/src/test/java/ch/qos/logback/classic/multiJVM/Checker.java,ch.qos.logback.classic.multiJVM.Checker,class,1,2,1,1,9,1,0,11,1,0.33333334,0.33333334,0.33333334,3,3,1,0,0,2,3,0,0,0,2,2,0,0,0,2,0,0,6,46,1,2,3,1,1,17,7,12,4,12,4,0,0,0,65,1,0
/Users/thiago/Documents/Thiago/CodeToAnalyze/logback/logback-core/src/test/java/ch/qos/logback/core/rolling/RolloverChecker.java,ch.qos.logback.core.rolling.RolloverChecker,interface,0,3,3,0,1,1,0,0,0,0.0,NaN,NaN,1,0,1,0,0,0,1,0,0,0,0,0,0,0,0,0,0,0,0,3,0,0,0,0,0,0,0,0,0,0,0,0,0,0,9,1,0
/Users/thiago/Documents/Thiago/CodeToAnalyze/logback/logback-core/src/test/java/ch/qos/logback/core/net/server/ServerSocketListenerTest.java,ch.qos.logback.core.net.server.ServerSocketListenerTest$InstrumentedServerSocketListener,innerclass,2,2,0,2,2,2,0,0,1,0.0,0.0,0.0,2,0,1,0,1,0,2,0,0,0,0,0,0,0,0,0,0,0,0,8,1,0,0,0,0,0,0,0,0,0,0,0,0,0,12,10,0
/Users/thiago/Documents/Thiago/CodeToAnalyze/logback/logback-classic/src/main/java/ch/qos/logback/classic/servlet/LogbackServletContainerInitializer.java,ch.qos.logback.classic.servlet.LogbackServletContainerInitializer,class,5,7,2,5,6,1,0,8,1,0.0,0.0,0.0,2,0,1,0,0,1,2,0,0,0,0,0,0,0,0,0,0,0,3,25,2,0,0,0,0,4,0,6,2,3,1,0,0,0,69,1,0
/Users/thiago/Documents/Thiago/CodeToAnalyze/logback/logback-examples/src/main/java/chapters/layouts/MySampleLayout2.java,chapters.layouts.MySampleLayout2,class,3,3,0,3,5,2,0,11,0,0.33333334,0.6666667,1.0,3,0,3,0,0,0,3,0,0,0,2,0,0,0,0,2,0,0,0,32,1,0,1,0,0,6,1,5,2,3,1,0,0,0,21,1,0
/Users/thiago/Documents/Thiago/CodeToAnalyze/logback/logback-classic/src/test/java/ch/qos/logback/classic/selector/ContextJNDISelectorTest.java,ch.qos.logback.classic.selector.ContextJNDISelectorTest,class,11,11,0,11,5,1,0,17,8,0.6,0.1,0.1,5,0,5,0,0,0,5,0,0,0,1,1,0,0,0,1,0,0,6,37,0,0,0,0,0,7,1,10,0,10,0,0,0,0,34,1,0
/Users/thiago/Documents/Thiago/CodeToAnalyze/logback/logback-core/src/test/java/ch/qos/logback/core/rolling/TimeBasedFileNamingAndTriggeringPolicyBaseTest.java,ch.qos.logback.core.rolling.TimeBasedFileNamingAndTriggeringPolicyBaseTest,class,12,12,0,12,6,1,0,18,0,0.52380955,0.73333335,1.0,6,0,6,0,0,0,6,0,0,0,7,2,0,0,0,7,0,0,1,66,0,0,0,0,0,9,7,18,6,18,0,0,0,0,74,1,0
/Users/thiago/Documents/Thiago/CodeToAnalyze/logback/logback-core/src/test/java/ch/qos/logback/core/joran/implicitAction/FruitContextModel.java,ch.qos.logback.core.joran.implicitAction.FruitContextModel,class,2,5,3,2,1,2,0,0,0,1.0,NaN,NaN,1,0,0,0,1,0,1,0,0,0,1,1,0,1,0,0,1,0,0,6,1,0,0,0,0,0,1,1,0,1,0,0,0,0,13,1,0
/Users/thiago/Documents/Thiago/CodeToAnalyze/logback/logback-core/src/main/java/ch/qos/logback/core/util/FixedDelay.java,ch.qos.logback.core.util.FixedDelay,class,1,2,1,1,3,1,0,0,1,0.33333334,0.33333334,0.33333334,3,0,3,0,0,0,3,0,0,0,2,0,0,2,0,0,1,0,0,16,1,0,0,0,0,0,0,4,0,3,0,0,0,0,24,1,0
/Users/thiago/Documents/Thiago/CodeToAnalyze/logback/logback-core/src/test/java/ch/qos/logback/core/joran/spi/NoAutoStartUtilTest.java,ch.qos.logback.core.joran.spi.NoAutoStartUtilTest,class,6,6,0,6,5,3,0,3,10,0.0,0.0,0.0,5,0,5,0,0,0,5,0,0,0,0,0,0,0,0,0,0,0,0,30,0,0,0,0,0,0,0,5,0,5,0,0,4,0,23,1,0
/Users/thiago/Documents/Thiago/CodeToAnalyze/logback/logback-classic/src/test/java/ch/qos/logback/classic/turbo/lru/LRUCache.java,ch.qos.logback.classic.turbo.lru.LRUCache,class,2,5,3,2,5,4,0,3,1,0.6666667,0.33333334,0.33333334,3,0,1,0,1,1,3,0,0,0,2,1,0,1,0,1,2,0,0,19,2,0,0,0,3,1,5,3,2,3,1,0,0,0,34,1,0
/Users/thiago/Documents/Thiago/CodeToAnalyze/logback/logback-classic/src/main/java/ch/qos/logback/classic/turbo/ReconfigureOnChangeFilter.java,ch.qos.logback.classic.turbo.ReconfigureOnChangeFilter,class,8,9,1,8,20,3,0,16,9,0.77272725,0.44444445,1.0,10,0,5,1,1,3,9,0,0,0,11,4,1,6,1,3,4,0,3,142,8,0,4,0,4,9,10,21,11,16,2,0,1,0,103,1,0
/Users/thiago/Documents/Thiago/CodeToAnalyze/logback/logback-core/src/test/java/ch/qos/logback/core/joran/action/ext/BadEndAction.java,ch.qos.logback.core.joran.action.ext.BadEndAction,class,4,4,0,4,4,2,0,2,0,0.25,1.0,1.0,2,0,2,0,0,0,2,0,0,0,4,3,0,0,0,4,2,0,0,21,0,0,0,0,0,3,2,6,0,5,1,0,0,0,32,1,0
/Users/thiago/Documents/Thiago/CodeToAnalyze/logback/logback-core/src/main/java/ch/qos/logback/core/pattern/ReplacingCompositeConverter.java,ch.qos.logback.core.pattern.ReplacingCompositeConverter,class,3,3,0,3,5,5,0,8,0,0.16666667,1.0,1.0,2,0,1,0,1,0,2,0,0,0,3,0,0,0,0,3,0,0,1,25,4,0,1,0,0,4,3,5,1,5,1,0,0,0,28,1,0
/Users/thiago/Documents/Thiago/CodeToAnalyze/logback/logback-core/src/main/java/ch/qos/logback/core/net/ssl/SSLConfiguration.java,ch.qos.logback.core.net.ssl.SSLConfiguration,class,2,8,6,2,3,2,0,0,0,0.0,1.0,1.0,2,0,2,0,0,0,2,0,0,0,1,0,0,1,0,0,0,0,0,12,1,0,1,0,0,0,0,2,0,1,1,0,0,0,26,1,0
/Users/thiago/Documents/Thiago/CodeToAnalyze/logback/logback-core/src/main/java/ch/qos/logback/core/rolling/SizeAndTimeBasedRollingPolicy.java,ch.qos.logback.core.rolling.SizeAndTimeBasedRollingPolicy,class,4,4,0,4,6,4,0,7,1,0.33333334,0.33333334,0.33333334,3,0,3,0,0,0,3,0,0,0,1,0,0,0,0,1,0,0,0,26,3,0,1,0,0,7,0,3,3,2,1,0,0,0,41,1,0
/Users/thiago/Documents/Thiago/CodeToAnalyze/logback/logback-core/src/main/java/ch/qos/logback/core/AsyncAppenderBase.java,ch.qos.logback.core.AsyncAppenderBase,class,8,12,4,8,40,4,0,34,186,0.8836364,0.17391305,0.6086956,25,0,20,2,3,0,23,0,0,0,11,3,2,0,0,9,3,0,1,181,18,1,3,3,1,16,8,20,8,14,3,0,1,0,201,1,0
/Users/thiago/Documents/Thiago/CodeToAnalyze/logback/logback-classic/src/test/java/ch/qos/logback/classic/TurboFilteringInLoggerTest.java,ch.qos.logback.classic.TurboFilteringInLoggerTest,class,14,15,1,14,20,1,0,41,0,0.81666666,0.7714286,1.0,20,0,15,5,0,0,15,0,0,0,9,1,0,0,0,9,1,0,0,128,0,0,0,0,0,10,4,15,2,15,0,0,0,0,55,1,2
/Users/thiago/Documents/Thiago/CodeToAnalyze/logback/logback-core/src/test/java/ch/qos/logback/core/joran/event/SaxEventRecorderTest.java,ch.qos.logback.core.joran.event.SaxEventRecorderTest,class,12,13,1,12,13,1,0,18,12,0.5625,0.2857143,0.35714287,8,0,7,0,0,1,8,0,0,0,2,0,0,0,0,2,0,0,3,59,2,1,4,1,0,12,13,14,1,14,1,0,0,0,53,1,0
/Users/thiago/Documents/Thiago/CodeToAnalyze/logback/logback-examples/src/main/java/chapters/appenders/sift/SiftExample.java,chapters.appenders.sift.SiftExample,class,4,5,1,4,3,1,0,11,1,0.0,0.0,0.0,2,2,1,0,0,1,2,0,0,0,0,0,0,0,0,0,0,0,2,22,0,0,1,0,0,8,3,4,1,4,1,0,0,0,23,1,2
/Users/thiago/Documents/Thiago/CodeToAnalyze/logback/logback-classic/src/test/java/ch/qos/logback/classic/control/ControlLoggerContextTest.java,ch.qos.logback.classic.control.ControlLoggerContextTest,class,4,4,0,4,3,1,0,6,0,0.0,1.0,1.0,3,0,3,0,0,0,3,0,0,0,1,0,0,0,0,1,0,0,0,23,0,0,0,0,0,11,0,5,0,5,0,0,0,0,21,1,0
/Users/thiago/Documents/Thiago/CodeToAnalyze/logback/logback-core/src/main/java/ch/qos/logback/core/joran/action/ImplicitModelAction.java,ch.qos.logback.core.joran.action.ImplicitModelAction,class,7,7,0,7,5,3,0,13,0,0.0,1.0,1.0,3,0,3,0,0,0,3,0,0,0,1,0,0,0,0,1,0,0,0,32,1,0,2,0,0,1,0,7,1,7,1,0,0,0,48,1,0
/Users/thiago/Documents/Thiago/CodeToAnalyze/logback/logback-classic-blackbox/src/test/java/ch/qos/logback/classic/blackbox/net/SMTPAppender_GreenTest.java,ch.qos.logback.classic.blackbox.net.SMTPAppender_GreenTest,class,25,26,1,25,35,1,0,79,31,0.788066,0.56666666,0.8142857,27,0,16,6,0,5,21,0,0,0,18,12,0,0,0,18,5,0,12,368,4,1,3,3,1,107,31,78,18,76,1,0,0,0,180,1,32
/Users/thiago/Documents/Thiago/CodeToAnalyze/logback/logback-classic/src/test/java/ch/qos/logback/classic/pattern/XCompositeConverter.java,ch.qos.logback.classic.pattern.XCompositeConverter,class,3,4,1,3,3,2,0,5,1,0.0,0.0,0.0,2,0,0,0,1,1,2,0,0,0,0,0,0,0,0,0,0,0,0,9,1,0,0,0,0,3,0,0,0,0,1,0,0,0,15,1,0
/Users/thiago/Documents/Thiago/CodeToAnalyze/logback/logback-core/src/test/java/ch/qos/logback/core/joran/spi/DefaultNestedComponentRegistryTest.java,ch.qos.logback.core.joran.spi.DefaultNestedComponentRegistryTest,class,6,6,0,6,4,1,0,4,4,0.5,0.16666667,0.16666667,4,0,4,0,0,0,4,0,0,0,1,0,0,0,0,1,0,0,0,18,0,0,0,0,0,3,0,4,0,4,0,0,0,0,19,1,0
/Users/thiago/Documents/Thiago/CodeToAnalyze/logback/logback-core/src/main/java/ch/qos/logback/core/subst/Node.java,ch.qos.logback.core.subst.Node$Type,enum,0,0,0,0,0,1,0,0,0,0.0,-1.0,-1.0,0,0,0,0,0,0,0,0,0,0,0,0,0,0,0,0,0,0,0,1,0,0,0,0,0,0,0,0,0,0,0,0,0,0,9,0,0
/Users/thiago/Documents/Thiago/CodeToAnalyze/logback/logback-core/src/main/java/ch/qos/logback/core/pattern/color/ANSIConstants.java,ch.qos.logback.core.pattern.color.ANSIConstants,class,0,0,0,0,0,1,0,0,0,NaN,-1.0,-1.0,0,0,0,0,0,0,0,0,0,0,13,13,13,0,0,0,13,0,0,15,0,0,0,0,0,13,0,13,0,13,0,0,0,0,22,1,0
/Users/thiago/Documents/Thiago/CodeToAnalyze/logback/logback-core/src/test/java/ch/qos/logback/core/joran/TrivialConfiguratorTest.java,ch.qos.logback.core.joran.TrivialConfiguratorTest,class,12,13,1,12,15,1,0,36,29,0.5909091,0.3611111,0.41666666,11,0,7,2,0,2,9,0,0,0,2,0,0,0,0,2,0,0,0,105,2,0,1,2,0,20,6,28,8,28,1,0,0,2,90,1,0
/Users/thiago/Documents/Thiago/CodeToAnalyze/logback/logback-core/src/main/java/ch/qos/logback/core/model/StatusListenerModel.java,ch.qos.logback.core.model.StatusListenerModel,class,2,6,4,2,1,3,0,0,0,1.0,NaN,NaN,1,0,0,0,1,0,1,0,0,0,1,1,0,1,0,0,1,0,0,6,1,0,0,0,0,0,1,1,0,1,0,0,0,0,14,1,0
/Users/thiago/Documents/Thiago/CodeToAnalyze/logback/logback-examples/src/main/java/chapters/migrationFromLog4j/TrivialLogbackLayout.java,chapters.migrationFromLog4j.TrivialLogbackLayout,class,2,2,0,2,1,2,0,1,0,0.0,NaN,NaN,1,0,1,0,0,0,1,0,0,0,0,0,0,0,0,0,0,0,0,5,1,0,0,0,0,0,0,0,0,0,0,0,0,0,27,1,0
/Users/thiago/Documents/Thiago/CodeToAnalyze/logback/logback-classic/src/test/java/ch/qos/logback/classic/util/MockConfigurator.java,ch.qos.logback.classic.util.MockConfigurator,class,6,6,0,6,1,2,0,0,0,0.0,NaN,NaN,1,0,1,0,0,0,1,0,0,0,1,1,0,0,0,1,0,0,0,7,1,0,0,0,0,0,0,2,0,1,0,0,0,0,12,1,0
/Users/thiago/Documents/Thiago/CodeToAnalyze/logback/logback-core/src/test/java/ch/qos/logback/core/util/ContentTypeUtilTest.java,ch.qos.logback.core.util.ContentTypeUtilTest,class,2,2,0,2,3,1,0,6,3,0.0,0.0,0.0,3,0,3,0,0,0,3,0,0,0,0,0,0,0,0,0,0,0,6,17,0,0,0,0,0,3,0,3,0,3,0,0,0,0,10,1,0
/Users/thiago/Documents/Thiago/CodeToAnalyze/logback/logback-core/src/test/java/ch/qos/logback/core/issue/SelectiveLockRunnable.java,ch.qos.logback.core.issue.SelectiveLockRunnable,class,3,6,3,3,19,2,0,6,15,0.78571427,0.14285715,0.14285715,7,0,2,0,0,5,7,0,0,0,4,3,0,0,0,4,0,0,0,67,5,4,0,0,0,1,0,4,1,4,2,0,1,0,49,1,0
/Users/thiago/Documents/Thiago/CodeToAnalyze/logback/logback-classic/src/test/java/ch/qos/logback/classic/issue/logback_1361/Main.java,ch.qos.logback.classic.issue.logback_1361.Main,class,4,5,1,4,5,1,0,11,0,0.25,0.0,0.0,2,2,1,1,0,0,2,0,0,0,2,2,0,2,0,0,0,0,2,27,0,2,0,0,0,5,5,8,3,8,1,0,0,0,34,1,1
/Users/thiago/Documents/Thiago/CodeToAnalyze/logback/logback-classic/src/test/java/ch/qos/logback/classic/turbo/LRUMessageCacheTest.java,ch.qos.logback.classic.turbo.LRUMessageCacheTest,class,2,2,0,2,1,1,0,2,0,0.0,NaN,NaN,1,0,1,0,0,0,1,0,0,0,0,0,0,0,0,0,0,0,0,13,0,0,0,0,0,8,9,1,0,1,0,0,0,0,13,1,0
/Users/thiago/Documents/Thiago/CodeToAnalyze/logback/logback-core/src/test/java/ch/qos/logback/core/spi/CyclicBufferTrackerT.java,ch.qos.logback.core.spi.CyclicBufferTrackerT,class,4,8,4,4,41,1,0,18,37,0.7555555,0.7222222,0.7777778,18,0,7,9,0,2,9,0,0,0,5,0,0,0,0,5,0,0,5,173,18,10,5,0,4,0,12,24,4,19,2,0,1,0,75,1,0
/Users/thiago/Documents/Thiago/CodeToAnalyze/logback/logback-core/src/main/java/ch/qos/logback/core/rolling/helper/CompressionMode.java,ch.qos.logback.core.rolling.helper.CompressionMode,enum,0,3,3,0,0,1,0,0,0,NaN,-1.0,-1.0,0,0,0,0,0,0,0,0,0,0,3,3,3,0,0,0,0,0,0,4,0,0,0,0,0,3,0,3,0,3,0,0,0,0,12,1,0
/Users/thiago/Documents/Thiago/CodeToAnalyze/logback/logback-classic/src/main/java/ch/qos/logback/classic/net/SSLSocketReceiver.java,ch.qos.logback.classic.net.SSLSocketReceiver,class,6,8,2,6,6,4,0,9,2,0.5,0.33333334,0.33333334,4,0,2,0,2,0,4,0,0,0,2,0,0,2,0,0,0,0,0,29,4,0,1,1,0,0,0,5,0,4,1,0,0,0,48,1,0
/Users/thiago/Documents/Thiago/CodeToAnalyze/logback/logback-core/src/main/java/ch/qos/logback/core/util/StatusPrinter.java,ch.qos.logback.core.util.StatusPrinter,class,4,22,18,4,10,1,0,6,0,0.0,1.0,1.0,10,10,10,0,0,0,10,0,0,0,1,1,0,1,0,0,1,0,0,33,0,0,0,0,0,0,3,1,0,1,0,0,0,0,67,1,0
/Users/thiago/Documents/Thiago/CodeToAnalyze/logback/logback-core/src/test/java/ch/qos/logback/core/rolling/ConfigParameters.java,ch.qos.logback.core.rolling.ConfigParameters,class,1,3,2,1,8,1,0,0,28,0.875,0.0,0.0,8,0,0,0,0,8,8,0,0,0,8,0,0,0,0,8,0,0,0,41,7,0,0,0,0,0,1,10,0,8,0,0,0,0,21,0,0
/Users/thiago/Documents/Thiago/CodeToAnalyze/logback/logback-core/src/test/java/ch/qos/logback/core/joran/implicitAction/ImplicitActionTest.java,ch.qos.logback.core.joran.implicitAction.ImplicitActionTest$Anonymous1,anonymous,5,5,0,5,1,1,0,1,0,0.0,NaN,NaN,1,0,0,0,1,0,1,0,0,0,0,0,0,0,0,0,0,0,0,8,0,0,0,0,0,0,0,0,0,0,0,0,0,0,7,-1,0
/Users/thiago/Documents/Thiago/CodeToAnalyze/logback/logback-core/src/main/java/ch/qos/logback/core/joran/node/ComponentNode.java,ch.qos.logback.core.joran.node.ComponentNode,class,0,0,0,0,0,1,0,0,0,NaN,-1.0,-1.0,0,0,0,0,0,0,0,0,0,0,1,0,0,0,0,1,0,0,0,3,0,0,0,0,0,0,0,0,0,1,0,0,0,0,4,1,0
/Users/thiago/Documents/Thiago/CodeToAnalyze/logback/logback-core/src/main/java/ch/qos/logback/core/LifeCycleManager.java,ch.qos.logback.core.LifeCycleManager,class,1,6,5,1,4,1,2,4,0,0.0,1.0,1.0,2,0,2,0,0,0,2,0,0,0,1,0,0,1,0,0,1,0,0,14,0,1,0,0,0,0,0,1,0,1,2,0,0,0,40,1,0
/Users/thiago/Documents/Thiago/CodeToAnalyze/logback/logback-core/src/main/java/ch/qos/logback/core/testUtil/RandomUtil.java,ch.qos.logback.core.testUtil.RandomUtil,class,0,6,6,0,3,1,0,2,0,0.0,1.0,1.0,2,2,2,0,0,0,2,0,0,0,1,1,0,1,0,0,0,0,0,14,2,0,0,0,0,0,3,4,1,3,1,0,0,0,9,1,0
/Users/thiago/Documents/Thiago/CodeToAnalyze/logback/logback-classic/src/main/java/ch/qos/logback/classic/pattern/MaskedKeyValuePairConverter.java,ch.qos.logback.classic.pattern.MaskedKeyValuePairConverter,class,5,7,2,5,22,3,0,21,0,0.5,0.6666667,1.0,4,0,2,1,0,1,3,0,0,0,4,1,1,0,0,3,1,0,2,68,8,1,7,0,0,7,4,14,3,11,2,0,0,0,89,1,0
/Users/thiago/Documents/Thiago/CodeToAnalyze/logback/logback-classic/src/test/java/ch/qos/logback/classic/encoder/JsonEncoderTest.java,ch.qos.logback.classic.encoder.JsonEncoderTest,class,20,21,1,20,26,1,0,79,0,0.72248805,0.7205882,0.88235295,19,2,0,2,0,17,17,0,0,0,11,0,0,0,0,11,0,0,22,209,5,2,4,0,0,95,6,90,16,90,2,0,0,0,111,0,5
/Users/thiago/Documents/Thiago/CodeToAnalyze/logback/logback-examples/src/main/java/chapters/layouts/TrivialMain.java,chapters.layouts.TrivialMain,class,4,5,1,4,5,1,0,10,0,0.0,NaN,NaN,1,1,1,0,0,0,1,0,0,0,0,0,0,0,0,0,0,0,0,27,0,1,2,1,0,5,7,4,5,4,2,0,0,0,20,1,4
/Users/thiago/Documents/Thiago/CodeToAnalyze/logback/logback-core/src/main/java/ch/qos/logback/core/helpers/ThrowableToStringArray.java,ch.qos.logback.core.helpers.ThrowableToStringArray,class,1,2,1,1,13,1,0,12,6,0.0,NaN,NaN,4,4,1,3,0,0,1,0,0,0,0,0,0,0,0,0,0,0,4,52,4,2,5,0,1,5,9,12,7,10,2,0,0,0,33,1,0
/Users/thiago/Documents/Thiago/CodeToAnalyze/logback/logback-core/src/test/java/ch/qos/logback/core/issue/lbcore258/Logback1362.java,ch.qos.logback.core.issue.lbcore258.Logback1362,class,4,8,4,4,4,1,0,11,3,0.8333334,0.0,0.0,3,0,1,1,0,1,2,0,0,0,2,0,0,0,0,2,0,0,3,60,1,0,0,1,1,5,1,4,5,4,1,4,0,0,39,1,0
/Users/thiago/Documents/Thiago/CodeToAnalyze/logback/logback-core/src/main/java/ch/qos/logback/core/spi/FilterReply.java,ch.qos.logback.core.spi.FilterReply,enum,0,14,14,0,0,1,0,0,0,0.0,-1.0,-1.0,0,0,0,0,0,0,0,0,0,0,0,0,0,0,0,0,0,0,0,1,0,0,0,0,0,0,0,0,0,0,0,0,0,0,38,1,0
/Users/thiago/Documents/Thiago/CodeToAnalyze/logback/logback-classic/src/main/java/ch/qos/logback/classic/jul/JULHelper.java,ch.qos.logback.classic.jul.JULHelper,class,3,6,3,3,17,1,0,7,15,0.0,0.0,0.0,6,6,6,0,0,0,6,0,2,0,0,0,0,0,0,0,0,0,3,42,15,0,3,0,0,6,0,1,1,1,1,0,0,0,21,1,0
/Users/thiago/Documents/Thiago/CodeToAnalyze/logback/logback-classic/src/main/java/ch/qos/logback/classic/log4j/XMLLayout.java,ch.qos.logback.classic.log4j.XMLLayout,class,5,6,1,5,17,2,0,27,13,0.7714286,0.1904762,0.1904762,7,0,7,0,0,0,7,0,0,0,5,0,0,5,0,0,2,0,0,89,4,2,4,0,2,27,6,14,2,11,3,0,0,0,120,1,0
/Users/thiago/Documents/Thiago/CodeToAnalyze/logback/logback-examples/src/main/java/chapters/migrationFromLog4j/TrivialLog4jAppender.java,chapters.migrationFromLog4j.TrivialLog4jAppender,class,2,2,0,2,3,2,0,2,3,0.0,0.0,0.0,3,0,2,0,1,0,3,0,0,0,0,0,0,0,0,0,0,0,0,11,1,0,0,0,0,0,0,1,0,1,0,0,0,0,13,1,0
/Users/thiago/Documents/Thiago/CodeToAnalyze/logback/logback-classic/src/test/java/org/slf4j/implTest/InitializationOutputTest.java,org.slf4j.implTest.InitializationOutputTest,class,5,5,0,5,3,1,0,8,0,0.5555556,0.33333334,0.33333334,3,0,3,0,0,0,3,0,0,0,3,0,0,0,0,3,0,0,6,21,0,0,0,0,0,1,1,3,1,3,0,0,0,0,27,1,0
/Users/thiago/Documents/Thiago/CodeToAnalyze/logback/logback-classic/src/test/java/ch/qos/logback/classic/net/server/SSLServerSocketReceiverTest.java,ch.qos.logback.classic.net.server.SSLServerSocketReceiverTest,class,6,6,0,6,2,1,0,8,0,0.125,1.0,1.0,2,0,2,0,0,0,2,0,0,0,4,0,0,4,0,0,0,0,0,17,0,0,0,0,0,0,0,5,0,5,0,0,0,0,29,1,0
/Users/thiago/Documents/Thiago/CodeToAnalyze/logback/logback-core/src/test/java/ch/qos/logback/core/util/MD5Test.java,ch.qos.logback.core.util.MD5Test,class,3,3,0,3,1,1,0,4,0,0.0,NaN,NaN,1,0,0,0,0,1,1,0,0,0,0,0,0,0,0,0,0,0,0,9,0,0,0,0,0,2,0,3,0,3,0,0,0,0,16,1,0
/Users/thiago/Documents/Thiago/CodeToAnalyze/logback/logback-core/src/main/java/ch/qos/logback/core/model/processor/DefaultProcessor.java,ch.qos.logback.core.model.processor.DefaultProcessor,class,16,22,6,16,70,2,0,54,96,0.8492064,0.15555556,0.15555556,21,0,6,11,3,1,10,0,0,0,6,1,0,0,1,5,4,0,0,245,28,6,19,7,0,17,7,38,9,33,3,0,1,0,146,1,0
/Users/thiago/Documents/Thiago/CodeToAnalyze/logback/logback-examples/src/main/java/chapters/mdc/UserServletFilter.java,chapters.mdc.UserServletFilter,class,7,8,1,7,8,1,0,8,4,0.5,0.0,0.0,4,0,3,1,0,0,3,0,0,0,1,0,0,1,0,0,1,0,0,31,2,0,2,1,0,1,1,6,0,5,2,0,0,0,66,1,0
/Users/thiago/Documents/Thiago/CodeToAnalyze/logback/logback-classic/src/test/java/ch/qos/logback/classic/net/testObjectBuilders/MinimalSerBuilder.java,ch.qos.logback.classic.net.testObjectBuilders.MinimalSerBuilder,class,2,3,1,2,1,1,0,0,0,0.0,NaN,NaN,1,0,1,0,0,0,1,0,0,0,0,0,0,0,0,0,0,0,0,5,1,0,0,0,0,0,0,0,0,0,0,0,0,0,5,1,0
/Users/thiago/Documents/Thiago/CodeToAnalyze/logback/logback-classic/src/test/java/ch/qos/logback/classic/turbo/lru/T_LRUCache.java,ch.qos.logback.classic.turbo.lru.T_LRUCache,class,3,7,4,3,13,1,0,10,0,0.5,0.7,1.0,6,0,5,1,0,0,5,0,0,3,3,0,0,0,0,3,1,0,2,57,5,4,2,0,0,2,2,10,1,8,2,0,0,0,33,1,0
/Users/thiago/Documents/Thiago/CodeToAnalyze/logback/logback-classic/src/main/java/ch/qos/logback/classic/spi/LoggingEventVO.java,ch.qos.logback.classic.spi.LoggingEventVO,class,8,17,9,8,58,1,0,33,204,0.89263165,0.07114624,0.19367589,25,1,23,2,0,0,23,0,0,0,19,4,0,19,0,0,4,0,1,183,37,2,22,0,9,2,10,37,8,30,3,0,0,0,118,1,0
/Users/thiago/Documents/Thiago/CodeToAnalyze/logback/logback-classic/src/test/java/ch/qos/logback/classic/joran/PropertiesConfiguratorTest.java,ch.qos.logback.classic.joran.PropertiesConfiguratorTest,class,7,8,1,7,5,1,0,11,0,0.4,0.6,0.6,5,0,3,0,0,2,5,0,0,0,4,0,0,0,0,4,0,0,1,50,1,0,0,0,0,9,0,16,5,16,0,0,0,0,40,0,0
/Users/thiago/Documents/Thiago/CodeToAnalyze/logback/logback-classic/src/main/java/ch/qos/logback/classic/pattern/NamedConverter.java,ch.qos.logback.classic.pattern.NamedConverter$NameCache,innerclass,3,3,0,3,8,4,0,6,0,0.44444445,1.0,1.0,3,0,0,1,1,1,2,0,0,0,3,1,0,1,0,2,1,0,0,31,6,0,0,0,2,3,4,6,3,5,1,0,0,0,56,2,0
/Users/thiago/Documents/Thiago/CodeToAnalyze/logback/logback-classic/src/main/java/ch/qos/logback/classic/joran/action/InsertFromJNDIAction.java,ch.qos.logback.classic.joran.action.InsertFromJNDIAction,class,6,6,0,6,2,2,0,6,0,0.0,1.0,1.0,2,0,0,0,2,0,2,0,0,0,2,2,2,0,0,0,2,0,0,17,2,0,0,0,0,2,0,4,0,4,0,0,0,0,48,1,0
/Users/thiago/Documents/Thiago/CodeToAnalyze/logback/logback-classic/src/main/java/ch/qos/logback/classic/spi/LoggerContextAware.java,ch.qos.logback.classic.spi.LoggerContextAware,interface,2,3,1,2,1,1,0,0,0,0.0,NaN,NaN,1,0,0,0,0,1,1,0,0,0,0,0,0,0,0,0,0,0,0,3,0,0,0,0,0,0,0,0,0,0,0,0,0,0,31,1,0
/Users/thiago/Documents/Thiago/CodeToAnalyze/logback/logback-core/src/test/java/ch/qos/logback/core/appender/DummyWriterAppender.java,ch.qos.logback.core.appender.DummyWriterAppender,class,2,3,1,2,1,3,0,1,0,0.0,NaN,NaN,1,0,0,0,0,1,1,0,0,0,0,0,0,0,0,0,0,0,0,5,0,0,0,0,0,0,0,0,0,0,0,0,0,0,6,1,0
/Users/thiago/Documents/Thiago/CodeToAnalyze/logback/logback-classic/src/test/java/org/slf4j/implTest/MultithreadedInitializationTest.java,org.slf4j.implTest.MultithreadedInitializationTest$LoggerAccessingThread,innerclass,2,2,0,2,5,2,0,7,0,0.16666667,1.0,1.0,2,0,1,0,0,1,2,0,0,0,3,0,0,0,0,3,1,0,0,28,0,0,0,1,0,2,0,4,1,4,2,0,0,0,13,8,1
/Users/thiago/Documents/Thiago/CodeToAnalyze/logback/logback-core/src/test/java/ch/qos/logback/core/subst/ParserTest.java,ch.qos.logback.core.subst.ParserTest,class,6,7,1,6,16,1,0,10,91,0.0,0.0,0.0,14,0,13,1,0,0,13,0,0,0,0,0,0,0,0,0,0,0,0,142,1,1,1,1,0,50,0,90,0,55,1,0,0,0,59,1,0
/Users/thiago/Documents/Thiago/CodeToAnalyze/logback/logback-core/src/main/java/ch/qos/logback/core/pattern/parser/Node.java,ch.qos.logback.core.pattern.parser.Node,class,1,9,8,1,18,1,1,7,0,0.73333335,0.5555556,1.0,10,0,7,0,0,3,10,0,0,0,6,3,0,0,0,6,5,0,0,62,10,0,8,0,5,4,5,10,4,9,1,0,0,0,42,1,0
/Users/thiago/Documents/Thiago/CodeToAnalyze/logback/logback-classic/src/test/java/ch/qos/logback/classic/spi/LoggingEventSerializationPerfTest.java,ch.qos.logback.classic.spi.LoggingEventSerializationPerfTest,class,12,13,1,12,14,1,0,15,2,0.53333336,0.4,0.6,5,0,4,0,0,1,5,0,0,0,3,1,0,0,0,3,0,0,3,64,3,3,0,1,6,13,14,21,11,20,3,0,0,0,57,1,0
/Users/thiago/Documents/Thiago/CodeToAnalyze/logback/logback-core/src/test/java/ch/qos/logback/core/sift/AppenderTrackerTest.java,ch.qos.logback.core.sift.AppenderTrackerTest,class,8,8,0,8,12,1,0,18,0,0.5833333,0.75,0.75,8,0,8,0,0,0,8,0,0,0,6,0,0,0,0,6,0,0,0,91,0,3,1,0,1,6,18,26,13,20,1,0,1,0,52,1,0
/Users/thiago/Documents/Thiago/CodeToAnalyze/logback/logback-core/src/main/java/ch/qos/logback/core/joran/action/NewRuleAction.java,ch.qos.logback.core.joran.action.NewRuleAction,class,7,7,0,7,6,3,0,7,3,0.6666667,0.0,0.0,3,0,3,0,0,0,3,0,0,0,1,0,0,0,0,1,0,0,0,34,2,0,0,1,0,8,0,10,2,4,1,0,0,0,54,1,0
/Users/thiago/Documents/Thiago/CodeToAnalyze/logback/logback-core/src/test/java/ch/qos/logback/core/net/ssl/SSLConfigurationTest.java,ch.qos.logback.core.net.ssl.SSLConfigurationTest,class,2,2,0,2,1,1,0,2,0,0.0,NaN,NaN,1,0,1,0,0,0,1,0,0,0,1,0,0,1,0,0,0,0,0,6,0,0,0,0,0,0,0,1,0,1,0,0,0,0,15,1,0
/Users/thiago/Documents/Thiago/CodeToAnalyze/logback/logback-classic/src/test/java/ch/qos/logback/classic/LoggerPerfTest.java,ch.qos.logback.classic.LoggerPerfTest$TestRunner,innerclass,1,1,0,1,3,2,0,2,0,0.0,1.0,1.0,2,0,2,0,0,0,2,0,0,0,2,0,0,2,0,0,0,0,1,14,0,1,0,0,0,1,1,3,0,3,1,0,0,0,7,10,1
/Users/thiago/Documents/Thiago/CodeToAnalyze/logback/logback-core/src/main/java/ch/qos/logback/core/pattern/parser/TokenStream.java,ch.qos.logback.core.pattern.parser.TokenStream,class,8,11,3,8,42,1,0,18,7,0.6363637,1.0,1.0,11,0,0,6,0,5,5,0,0,0,6,0,0,0,0,6,4,0,2,168,1,1,8,0,3,5,4,25,0,13,2,0,1,0,90,0,0
/Users/thiago/Documents/Thiago/CodeToAnalyze/logback/logback-classic/src/main/java/ch/qos/logback/classic/turbo/DuplicateMessageFilter.java,ch.qos.logback.classic.turbo.DuplicateMessageFilter,class,6,7,1,6,8,3,0,4,3,0.7428571,0.42857143,1.0,7,0,7,0,0,0,7,0,0,0,5,2,4,1,0,0,2,0,0,37,4,0,0,0,0,0,2,9,0,6,1,0,0,0,53,1,0
/Users/thiago/Documents/Thiago/CodeToAnalyze/logback/logback-classic/src/main/java/ch/qos/logback/classic/net/ReceiverBase.java,ch.qos.logback.classic.net.ReceiverBase,class,3,10,7,3,11,2,2,8,9,0.5,0.2,0.2,6,0,3,0,3,0,6,3,3,0,1,0,0,1,0,0,0,0,0,29,3,0,1,1,0,2,0,2,1,1,1,0,0,0,76,1025,0
/Users/thiago/Documents/Thiago/CodeToAnalyze/logback/logback-core/src/main/java/ch/qos/logback/core/pattern/parser/SimpleKeywordNode.java,ch.qos.logback.core.pattern.parser.SimpleKeywordNode,class,3,7,4,3,11,3,1,6,9,0.42857143,0.2857143,0.2857143,7,0,5,0,1,1,7,0,0,0,1,0,0,0,0,1,0,0,0,39,6,0,3,0,2,7,0,3,2,3,1,0,0,0,26,1,0
/Users/thiago/Documents/Thiago/CodeToAnalyze/logback/logback-core/src/test/java/ch/qos/logback/core/util/PrudentModeTest.java,ch.qos.logback.core.util.PrudentModeTest$LoggerThread,innerclass,0,0,0,0,8,2,0,7,1,0.33333334,0.33333334,0.33333334,3,0,1,0,0,2,3,0,0,0,2,0,0,2,0,0,2,0,3,31,0,1,1,2,1,1,3,3,1,3,3,0,0,0,28,0,0
/Users/thiago/Documents/Thiago/CodeToAnalyze/logback/logback-classic/src/test/java/ch/qos/logback/classic/turbo/lru/LRUCacheTest.java,ch.qos.logback.classic.turbo.lru.LRUCacheTest,class,9,10,1,9,10,2,0,12,10,0.0,0.0,0.0,5,0,4,0,0,1,5,0,0,0,0,0,0,0,0,0,0,0,2,74,0,5,0,0,3,12,24,26,7,25,2,0,1,0,40,1,0
/Users/thiago/Documents/Thiago/CodeToAnalyze/logback/logback-core/src/main/java/ch/qos/logback/core/rolling/FixedWindowRollingPolicy.java,ch.qos.logback.core.rolling.FixedWindowRollingPolicy,class,7,11,4,7,25,3,0,23,11,0.78888893,0.4722222,0.5833333,10,0,8,1,1,0,9,0,0,0,9,5,1,1,0,7,4,0,2,113,5,1,4,0,1,22,6,24,12,18,3,0,0,0,152,1,0
/Users/thiago/Documents/Thiago/CodeToAnalyze/logback/logback-classic/src/test/java/ch/qos/logback/classic/spi/ThrowableProxyTest.java,ch.qos.logback.classic.spi.ThrowableProxyTest,class,8,9,1,8,23,1,0,11,105,0.93333334,0.0,0.0,15,0,12,0,0,3,15,0,0,0,2,0,0,0,0,2,0,0,1,128,2,0,0,6,0,20,0,29,0,23,1,2,0,0,48,1,0
/Users/thiago/Documents/Thiago/CodeToAnalyze/logback/logback-core/src/test/java/ch/qos/logback/core/pattern/ConverterUtilTest.java,ch.qos.logback.core.pattern.ConverterUtilTest,class,12,13,1,12,11,1,0,15,8,0.70000005,0.0,0.0,5,0,2,2,0,1,3,0,0,0,2,0,0,0,0,2,0,0,0,54,0,2,2,0,0,5,0,15,0,13,2,0,0,0,31,1,0
/Users/thiago/Documents/Thiago/CodeToAnalyze/logback/logback-core/src/main/java/ch/qos/logback/core/joran/action/ParamAction.java,ch.qos.logback.core.joran.action.ParamAction,class,9,9,0,9,2,4,0,8,1,0.0,0.0,0.0,2,0,0,0,2,0,2,0,0,0,0,0,0,0,0,0,0,0,0,16,2,0,0,0,0,3,0,2,2,2,0,0,0,0,46,1,0
/Users/thiago/Documents/Thiago/CodeToAnalyze/logback/logback-core/src/test/java/ch/qos/logback/core/recovery/ResilientOutputStreamTest.java,ch.qos.logback.core.recovery.ResilientOutputStreamTest,class,5,5,0,5,2,1,0,12,1,0.5,0.0,0.0,2,1,2,0,0,0,2,0,0,0,2,0,0,0,0,2,0,0,1,23,0,0,0,0,0,5,1,6,2,6,0,0,0,0,23,1,0
/Users/thiago/Documents/Thiago/CodeToAnalyze/logback/logback-core/src/main/java/ch/qos/logback/core/util/ExecutorServiceUtil.java,ch.qos.logback.core.util.ExecutorServiceUtil$Anonymous1,anonymous,1,1,0,1,3,1,0,7,1,0.5,NaN,NaN,2,0,1,1,0,0,1,0,0,0,2,0,0,2,0,0,2,0,1,15,2,0,0,0,0,1,1,3,1,3,1,0,0,0,24,-1,0
/Users/thiago/Documents/Thiago/CodeToAnalyze/logback/logback-core/src/main/java/ch/qos/logback/core/net/server/ConcurrentServerRunner.java,ch.qos.logback.core.net.server.ConcurrentServerRunner$Anonymous1,anonymous,2,2,0,2,1,1,0,1,0,0.0,NaN,NaN,1,0,1,0,0,0,1,0,0,0,0,0,0,0,0,0,0,0,0,5,0,0,0,0,0,0,0,0,0,0,0,0,0,0,3,-1,0
/Users/thiago/Documents/Thiago/CodeToAnalyze/logback/logback-core/src/main/java/ch/qos/logback/core/joran/sanity/SanityChecker.java,ch.qos.logback.core.joran.sanity.SanityChecker,interface,3,6,3,3,6,1,0,8,3,0.0,0.0,0.0,3,0,1,0,0,2,3,0,0,0,0,0,0,0,0,0,0,0,0,20,1,2,0,0,0,0,0,2,0,4,1,0,0,2,26,1,0
/Users/thiago/Documents/Thiago/CodeToAnalyze/logback/logback-classic/src/test/java/ch/qos/logback/classic/turbo/NOPTurboFilter.java,ch.qos.logback.classic.turbo.NOPTurboFilter,class,5,8,3,5,1,3,0,0,0,0.0,NaN,NaN,1,0,1,0,0,0,1,0,0,0,0,0,0,0,0,0,0,0,0,5,1,0,0,0,0,0,0,0,0,0,0,0,0,0,12,1,0
/Users/thiago/Documents/Thiago/CodeToAnalyze/logback/logback-core/src/main/java/ch/qos/logback/core/util/ExecutorServiceUtil.java,ch.qos.logback.core.util.ExecutorServiceUtil,class,1,6,5,1,6,1,0,3,8,0.6,0.1,0.1,5,5,5,0,0,0,5,0,0,0,1,1,0,1,0,0,1,0,2,39,4,0,1,0,0,0,2,4,1,4,1,1,0,0,69,1,0
/Users/thiago/Documents/Thiago/CodeToAnalyze/logback/logback-core/src/main/java/ch/qos/logback/core/net/AbstractSocketAppender.java,ch.qos.logback.core.net.AbstractSocketAppender,class,12,18,6,12,50,2,0,36,261,0.91423005,0.104761906,0.5714286,27,0,13,6,6,2,21,2,0,0,19,5,3,16,0,0,7,0,5,199,13,2,6,5,1,20,13,33,10,27,3,1,0,0,268,1025,0
/Users/thiago/Documents/Thiago/CodeToAnalyze/logback/logback-classic/src/test/java/ch/qos/logback/classic/spi/PubLoggerContextVO.java,ch.qos.logback.classic.spi.PubLoggerContextVO,class,3,7,4,3,11,2,0,3,21,0.0,0.0,0.0,7,0,7,0,0,0,7,0,0,0,0,0,0,0,0,0,0,0,3,26,4,0,4,0,0,0,0,4,0,1,1,0,0,0,32,1,0
/Users/thiago/Documents/Thiago/CodeToAnalyze/logback/logback-core/src/main/java/ch/qos/logback/core/net/ObjectWriterFactory.java,ch.qos.logback.core.net.ObjectWriterFactory,class,1,5,4,1,1,1,2,0,0,0.0,NaN,NaN,1,0,1,0,0,0,1,0,0,0,0,0,0,0,0,0,0,0,0,5,1,0,0,0,0,0,0,0,0,0,0,0,0,0,29,1,0
/Users/thiago/Documents/Thiago/CodeToAnalyze/logback/logback-classic/src/test/java/ch/qos/logback/classic/net/server/RemoteAppenderStreamClientTest.java,ch.qos.logback.classic.net.server.RemoteAppenderStreamClientTest,class,9,9,0,9,3,1,0,23,0,0.083333336,1.0,1.0,3,0,3,0,0,0,3,0,0,0,4,0,0,4,0,0,0,0,1,37,0,0,0,0,0,2,1,10,0,10,0,0,0,0,44,1,0
/Users/thiago/Documents/Thiago/CodeToAnalyze/logback/logback-core/src/main/java/ch/qos/logback/core/joran/spi/ConfigurationWatchList.java,ch.qos.logback.core.joran.spi.ConfigurationWatchList,class,5,9,4,5,47,2,0,56,164,0.85999995,0.23529412,0.40441176,25,2,16,8,0,1,17,0,0,0,10,5,3,0,0,7,5,0,6,176,32,2,10,1,1,10,4,37,1,35,2,0,0,3,145,1,0
/Users/thiago/Documents/Thiago/CodeToAnalyze/logback/logback-core/src/main/java/ch/qos/logback/core/boolex/PropertyEqualsValue.java,ch.qos.logback.core.boolex.PropertyEqualsValue,class,1,1,0,1,10,3,0,4,0,0.33333334,0.73333335,1.0,6,0,6,0,0,0,6,0,0,0,2,0,0,0,0,2,0,0,0,38,7,0,4,0,0,3,0,3,0,3,2,0,0,0,21,1,0
/Users/thiago/Documents/Thiago/CodeToAnalyze/logback/logback-classic/performance/src/java/ch/qos/logback/reflect/JaninoTest.java,ch.qos.logback.reflect.JaninoTest,class,5,7,2,5,3,1,0,9,1,0.0,0.0,0.0,2,2,1,0,0,1,2,0,0,0,0,0,0,0,0,0,0,0,4,34,0,1,0,0,1,11,6,19,9,15,1,0,0,0,37,1,0
/Users/thiago/Documents/Thiago/CodeToAnalyze/logback/logback-classic/src/test/java/ch/qos/logback/classic/MDCTest.java,ch.qos.logback.classic.MDCTest,class,4,4,0,4,8,1,0,10,4,0.5,0.16666667,0.16666667,4,0,4,0,0,0,4,0,0,0,1,0,0,0,0,1,0,0,0,50,0,0,2,2,0,10,4,9,4,9,2,0,0,0,27,1,0
/Users/thiago/Documents/Thiago/CodeToAnalyze/logback/logback-core/src/main/java/ch/qos/logback/core/spi/PropertyDefiner.java,ch.qos.logback.core.spi.PropertyDefiner,interface,1,3,2,1,1,1,0,0,0,0.0,NaN,NaN,1,0,0,0,0,1,1,0,0,0,0,0,0,0,0,0,0,0,0,3,0,0,0,0,0,0,0,0,0,0,0,0,0,0,13,1,0
/Users/thiago/Documents/Thiago/CodeToAnalyze/logback/logback-classic/src/test/java/ch/qos/logback/classic/net/server/MockSSLConfiguration.java,ch.qos.logback.classic.net.server.MockSSLConfiguration,class,2,3,1,2,2,2,0,1,0,0.0,1.0,1.0,2,0,2,0,0,0,2,0,0,0,1,0,0,1,0,0,0,0,0,10,2,0,0,0,0,0,0,1,0,1,0,0,0,0,20,0,0
/Users/thiago/Documents/Thiago/CodeToAnalyze/logback/logback-core/src/main/java/ch/qos/logback/core/pattern/util/AlmostAsIsEscapeUtil.java,ch.qos.logback.core.pattern.util.AlmostAsIsEscapeUtil,class,1,1,0,1,1,2,0,1,0,0.0,NaN,NaN,1,0,1,0,0,0,1,0,0,0,0,0,0,0,0,0,0,0,0,5,0,0,0,0,0,1,0,0,1,0,0,0,0,0,72,1,0
/Users/thiago/Documents/Thiago/CodeToAnalyze/logback/logback-core/src/test/java/ch/qos/logback/core/net/mock/MockScheduledExecutorService.java,ch.qos.logback.core.net.mock.MockScheduledExecutorService,class,0,1,1,0,7,2,0,2,19,0.71428573,0.04761905,0.04761905,7,0,7,0,0,0,7,0,0,0,1,0,0,1,0,0,0,0,1,24,5,0,0,0,0,0,0,1,0,1,0,0,0,0,40,1,0
/Users/thiago/Documents/Thiago/CodeToAnalyze/logback/logback-core/src/main/java/ch/qos/logback/core/status/NopStatusListener.java,ch.qos.logback.core.status.NopStatusListener,class,2,2,0,2,1,1,0,0,0,0.0,NaN,NaN,1,0,1,0,0,0,1,0,0,0,0,0,0,0,0,0,0,0,0,4,0,0,0,0,0,0,0,0,0,0,0,0,0,0,14,1,0
/Users/thiago/Documents/Thiago/CodeToAnalyze/logback/logback-core/src/main/java/ch/qos/logback/core/read/ListAppender.java,ch.qos.logback.core.read.ListAppender,class,2,5,3,2,1,3,0,1,0,0.0,NaN,NaN,1,0,0,0,1,0,1,0,0,0,1,0,1,0,0,0,0,0,0,6,0,0,0,0,0,0,0,1,0,1,0,0,0,0,4,1,0
/Users/thiago/Documents/Thiago/CodeToAnalyze/logback/logback-core/src/test/java/ch/qos/logback/core/joran/action/IncludeModelHandlerTest.java,ch.qos.logback.core.joran.action.IncludeModelHandlerTest$Anonymous1,anonymous,4,4,0,4,2,1,0,4,1,0.0,0.0,0.0,2,0,1,0,1,0,2,0,0,0,0,0,0,0,0,0,0,0,0,11,0,0,0,0,0,0,0,0,0,0,0,0,0,1,10,-1,0
/Users/thiago/Documents/Thiago/CodeToAnalyze/logback/logback-classic/src/test/java/ch/qos/logback/classic/spi/PubThrowableProxy.java,ch.qos.logback.classic.spi.PubThrowableProxy,class,4,9,5,4,15,1,0,1,63,0.8000001,0.2,1.0,15,0,15,0,0,0,15,0,0,0,7,0,0,7,0,0,0,0,2,54,8,0,0,0,0,9,0,7,2,7,0,0,0,0,29,1,0
/Users/thiago/Documents/Thiago/CodeToAnalyze/logback/logback-classic/src/main/java/ch/qos/logback/classic/spi/IThrowableProxy.java,ch.qos.logback.classic.spi.IThrowableProxy,interface,2,27,25,2,7,1,0,0,21,0.0,0.0,0.0,7,0,0,0,0,7,7,0,0,0,0,0,0,0,0,0,0,0,0,9,0,0,0,0,0,0,0,0,0,0,0,0,0,0,27,1,0
/Users/thiago/Documents/Thiago/CodeToAnalyze/logback/logback-classic/src/test/java/ch/qos/logback/classic/jsonTest/LoggerContextVODeserializer.java,ch.qos.logback.classic.jsonTest.LoggerContextVODeserializer,class,5,6,1,5,5,2,0,12,3,0.0,0.0,0.0,3,0,3,0,0,0,3,0,0,0,0,0,0,0,0,0,0,0,0,28,2,1,0,0,0,0,0,11,0,11,2,0,0,0,26,1,0
/Users/thiago/Documents/Thiago/CodeToAnalyze/logback/logback-core/src/main/java/ch/qos/logback/core/util/StringUtil.java,ch.qos.logback.core.util.StringUtil,class,1,2,1,1,11,1,0,7,10,0.0,0.0,0.0,5,5,5,0,0,0,5,0,0,0,0,0,0,0,0,0,0,0,3,26,10,0,4,0,2,0,8,0,2,0,1,0,0,0,21,1,0
/Users/thiago/Documents/Thiago/CodeToAnalyze/logback/logback-classic/src/test/java/ch/qos/logback/classic/Logback1551.java,ch.qos.logback.classic.Logback1551$CancelRunnable,innerclass,1,1,0,1,2,1,0,1,0,0.0,1.0,1.0,2,0,2,0,0,0,2,0,0,0,1,0,0,0,0,1,0,0,0,9,0,0,0,0,0,0,0,1,0,1,0,0,0,0,6,2,0
/Users/thiago/Documents/Thiago/CodeToAnalyze/logback/logback-core/src/main/java/ch/qos/logback/core/status/StatusListenerAsList.java,ch.qos.logback.core.status.StatusListenerAsList,class,2,2,0,2,2,1,0,1,0,0.0,1.0,1.0,2,0,2,0,0,0,2,0,0,0,1,0,0,0,0,1,0,0,0,9,1,0,0,0,0,0,0,1,0,1,0,0,0,0,18,1,0
/Users/thiago/Documents/Thiago/CodeToAnalyze/logback/logback-classic/src/test/java/ch/qos/logback/classic/joran/serializedModel/ModelSerializationTest.java,ch.qos.logback.classic.joran.serializedModel.ModelSerializationTest,class,9,10,1,9,5,1,0,13,4,0.59999996,0.0,0.0,5,0,3,2,0,0,3,0,0,0,3,0,0,0,0,3,0,0,0,35,1,0,0,0,0,4,0,8,0,8,0,0,0,0,39,1,0
/Users/thiago/Documents/Thiago/CodeToAnalyze/logback/logback-classic/src/main/java/ch/qos/logback/classic/html/DefaultThrowableRenderer.java,ch.qos.logback.classic.html.DefaultThrowableRenderer,class,5,8,3,5,7,1,0,13,3,0.6666667,0.0,0.0,3,0,2,0,0,1,3,0,0,0,1,1,0,0,0,1,1,0,0,35,0,2,1,0,0,7,3,8,1,7,1,0,0,0,38,1,0
/Users/thiago/Documents/Thiago/CodeToAnalyze/logback/logback-classic/src/main/java/ch/qos/logback/classic/util/LevelToSyslogSeverity.java,ch.qos.logback.classic.util.LevelToSyslogSeverity,class,2,4,2,2,6,1,0,1,0,0.0,NaN,NaN,1,1,1,0,0,0,1,0,0,0,0,0,0,0,0,0,0,0,0,18,4,0,0,0,0,2,0,1,1,1,1,0,0,0,18,1,0
/Users/thiago/Documents/Thiago/CodeToAnalyze/logback/logback-classic/src/main/java/ch/qos/logback/classic/net/SimpleSocketServer.java,ch.qos.logback.classic.net.SimpleSocketServer,class,5,9,4,5,27,2,1,41,86,0.8035714,0.108333334,0.2,16,5,8,0,4,4,16,0,0,0,7,0,0,6,0,1,2,0,13,136,7,2,5,3,0,17,8,20,4,17,3,0,0,0,126,1,10
/Users/thiago/Documents/Thiago/CodeToAnalyze/logback/logback-core/src/main/java/ch/qos/logback/core/subst/Token.java,ch.qos.logback.core.subst.Token,class,2,8,6,2,12,1,0,4,0,0.6666667,1.0,1.0,4,0,4,0,0,0,4,0,0,0,6,4,4,0,0,2,4,0,0,32,7,0,9,0,1,3,3,12,4,9,1,0,1,0,38,1,0
/Users/thiago/Documents/Thiago/CodeToAnalyze/logback/logback-classic/src/main/java/ch/qos/logback/classic/Logger.java,ch.qos.logback.classic.Logger,class,19,117,98,19,158,1,0,56,1574,0.87731963,0.365465,0.44670847,97,0,81,9,1,6,88,0,0,3,10,2,1,8,0,1,3,0,2,537,60,5,49,0,1,16,11,57,12,43,3,0,0,1,299,17,0
/Users/thiago/Documents/Thiago/CodeToAnalyze/logback/logback-classic/src/test/java/ch/qos/logback/classic/selector/ContextDetachingSCLTest.java,ch.qos.logback.classic.selector.ContextDetachingSCLTest,class,10,12,2,10,4,1,0,15,0,0.375,0.6666667,1.0,4,0,4,0,0,0,4,0,0,0,2,1,0,0,0,2,0,0,5,33,0,0,0,0,0,7,2,6,0,6,0,0,0,0,36,1,0
/Users/thiago/Documents/Thiago/CodeToAnalyze/logback/logback-classic/src/main/java/ch/qos/logback/classic/selector/servlet/LoggerContextFilter.java,ch.qos.logback.classic.selector.servlet.LoggerContextFilter,class,9,9,0,9,5,1,0,6,3,0.0,0.0,0.0,3,0,3,0,0,0,3,0,0,0,0,0,0,0,0,0,0,0,1,23,0,0,1,1,0,0,0,4,0,3,2,0,0,0,55,1,0
/Users/thiago/Documents/Thiago/CodeToAnalyze/logback/logback-core/src/main/java/ch/qos/logback/core/net/server/ServerListener.java,ch.qos.logback.core.net.server.ServerListener,interface,1,8,7,1,2,1,0,0,1,0.0,0.0,0.0,2,0,0,0,0,2,2,0,0,0,0,0,0,0,0,0,0,0,0,4,0,0,0,0,0,0,0,0,0,0,0,0,0,0,115,1,0
/Users/thiago/Documents/Thiago/CodeToAnalyze/logback/logback-classic/src/main/java/ch/qos/logback/classic/model/ConfigurationModel.java,ch.qos.logback.classic.model.ConfigurationModel,class,2,10,8,2,15,2,0,6,4,0.6666666,0.46969697,0.8333333,12,0,10,0,2,0,12,0,0,0,5,1,0,1,0,4,1,0,5,55,10,0,2,0,0,0,2,14,2,9,1,0,0,0,37,1,0
/Users/thiago/Documents/Thiago/CodeToAnalyze/logback/logback-core/src/main/java/ch/qos/logback/core/model/conditional/ElseModel.java,ch.qos.logback.core.model.conditional.ElseModel,class,2,6,4,2,1,2,0,0,0,1.0,NaN,NaN,1,0,0,0,1,0,1,0,0,0,1,1,0,1,0,0,1,0,0,6,1,0,0,0,0,0,1,1,0,1,0,0,0,0,12,1,0
/Users/thiago/Documents/Thiago/CodeToAnalyze/logback/logback-examples/src/main/java/chapters/architecture/SelectionRule.java,chapters.architecture.SelectionRule,class,1,1,0,1,1,1,0,6,0,0.0,NaN,NaN,1,1,1,0,0,0,1,0,0,0,0,0,0,0,0,0,0,0,0,11,0,0,0,0,0,6,0,2,0,2,0,0,0,0,16,1,4
/Users/thiago/Documents/Thiago/CodeToAnalyze/logback/logback-classic/src/main/java/ch/qos/logback/classic/boolex/ExceptionMatchEvaluator.java,ch.qos.logback.classic.boolex.ExceptionMatchEvaluator,class,3,3,0,3,8,2,0,4,0,0.4166667,0.6,1.0,6,0,6,0,0,0,6,0,0,0,2,0,0,1,0,1,0,0,0,30,5,0,2,0,0,1,0,5,0,3,1,0,0,0,69,1,0
/Users/thiago/Documents/Thiago/CodeToAnalyze/logback/logback-core/src/main/java/ch/qos/logback/core/testUtil/FileTestUtil.java,ch.qos.logback.core.testUtil.FileTestUtil,class,0,1,1,0,5,1,0,3,0,0.0,NaN,NaN,1,1,1,0,0,0,1,0,0,0,0,0,0,0,0,0,0,0,0,15,0,0,0,0,0,2,0,3,2,3,3,0,0,0,20,1,0
/Users/thiago/Documents/Thiago/CodeToAnalyze/logback/logback-classic/src/test/java/ch/qos/logback/classic/spi/CallerDataTest.java,ch.qos.logback.classic.spi.CallerDataTest,class,3,4,1,3,3,1,0,9,1,0.0,0.0,0.0,2,0,2,0,0,0,2,0,0,0,0,0,0,0,0,0,0,0,3,16,0,0,0,0,0,1,5,4,1,5,0,0,0,1,29,1,0
/Users/thiago/Documents/Thiago/CodeToAnalyze/logback/logback-classic/src/main/java/ch/qos/logback/classic/model/processor/ConfigurationModelHandlerFull.java,ch.qos.logback.classic.model.processor.ConfigurationModelHandlerFull,class,11,12,1,11,15,3,0,26,21,0.85714287,0.0,0.0,7,1,4,1,2,0,6,0,0,0,2,2,2,0,0,0,0,0,3,70,3,0,2,2,0,17,0,14,8,12,2,0,0,0,128,1,0
/Users/thiago/Documents/Thiago/CodeToAnalyze/logback/logback-core/src/test/java/ch/qos/logback/core/util/OptionHelperTest.java,ch.qos.logback.core.util.OptionHelperTest,class,8,8,0,8,31,1,0,10,0,0.7266666,0.93333334,0.93333334,30,0,30,0,0,0,30,0,0,0,5,0,0,0,0,5,0,0,26,263,0,0,0,1,0,149,6,66,17,66,1,0,0,12,152,1,0
/Users/thiago/Documents/Thiago/CodeToAnalyze/logback/logback-classic/src/main/java/ch/qos/logback/classic/pattern/TargetLengthBasedClassNameAbbreviator.java,ch.qos.logback.classic.pattern.TargetLengthBasedClassNameAbbreviator,class,1,2,1,1,10,1,0,7,0,0.0,1.0,1.0,2,0,2,0,0,0,2,0,0,0,1,0,0,0,0,1,1,0,0,45,3,1,3,0,0,1,5,15,4,12,3,0,0,0,43,1,0
/Users/thiago/Documents/Thiago/CodeToAnalyze/logback/logback-core/src/main/java/ch/qos/logback/core/net/SyslogConstants.java,ch.qos.logback.core.net.SyslogConstants,class,0,0,0,0,0,1,0,0,0,NaN,-1.0,-1.0,0,0,0,0,0,0,0,0,0,0,33,33,33,0,0,0,33,0,0,35,0,0,0,0,0,0,56,33,23,33,0,0,0,0,82,1,0
/Users/thiago/Documents/Thiago/CodeToAnalyze/logback/logback-core/src/main/java/ch/qos/logback/core/rolling/helper/SizeAndTimeBasedArchiveRemover.java,ch.qos.logback.core.rolling.helper.SizeAndTimeBasedArchiveRemover,class,5,8,3,5,4,3,0,8,6,1.0,0.0,0.0,4,0,1,1,2,0,3,0,0,0,1,1,0,0,1,0,1,0,4,40,2,0,0,0,0,0,2,8,0,8,0,1,0,0,45,1,0
/Users/thiago/Documents/Thiago/CodeToAnalyze/logback/logback-core/src/main/java/ch/qos/logback/core/model/processor/RefContainerDependencyAnalyser.java,ch.qos.logback.core.model.processor.RefContainerDependencyAnalyser,class,6,6,0,6,6,3,0,7,4,0.5,0.16666667,0.16666667,4,0,3,0,1,0,4,0,0,0,1,0,0,0,0,1,1,0,0,25,2,0,1,0,0,4,0,3,1,3,1,0,0,0,37,1,0
/Users/thiago/Documents/Thiago/CodeToAnalyze/logback/logback-classic/src/test/java/ch/qos/logback/classic/issue/lbcore224/Reduce.java,ch.qos.logback.classic.issue.lbcore224.Reduce,class,3,4,1,3,26,1,0,24,15,0.5714286,0.0,0.0,7,7,1,5,0,1,2,0,0,0,1,1,0,0,0,1,0,0,8,127,8,6,6,2,1,12,8,30,6,27,4,0,2,0,84,1,0
/Users/thiago/Documents/Thiago/CodeToAnalyze/logback/logback-classic/src/main/java/ch/qos/logback/classic/util/DefaultJoranConfigurator.java,ch.qos.logback.classic.util.DefaultJoranConfigurator,class,10,12,2,10,27,2,0,24,28,0.0,0.0,0.0,8,0,3,5,0,0,3,0,0,0,0,0,0,0,0,0,0,0,0,109,11,1,8,4,0,16,1,16,6,11,4,0,0,0,91,1,0
/Users/thiago/Documents/Thiago/CodeToAnalyze/logback/logback-core/src/test/java/ch/qos/logback/core/contention/WaitOnExecutionMultiThreadedHarness.java,ch.qos.logback.core.contention.WaitOnExecutionMultiThreadedHarness,class,1,1,0,1,3,2,0,2,0,0.0,1.0,1.0,2,0,2,0,0,0,2,0,0,0,2,0,0,0,0,2,0,0,1,13,0,1,0,0,0,0,0,2,0,2,1,0,0,0,18,1,0
/Users/thiago/Documents/Thiago/CodeToAnalyze/logback/logback-core/src/main/java/ch/qos/logback/core/net/server/ClientVisitor.java,ch.qos.logback.core.net.server.ClientVisitor,interface,1,6,5,1,1,1,0,0,0,0.0,NaN,NaN,1,0,0,0,0,1,1,0,0,0,0,0,0,0,0,0,0,0,0,3,0,0,0,0,0,0,0,0,0,0,0,0,0,0,9,1,0
/Users/thiago/Documents/Thiago/CodeToAnalyze/logback/logback-classic/src/main/java/ch/qos/logback/classic/turbo/LRUMessageCache.java,ch.qos.logback.classic.turbo.LRUMessageCache,class,0,2,2,0,8,4,0,4,4,0.75,0.16666667,0.16666667,4,0,1,0,1,2,4,0,0,1,2,1,0,1,0,1,2,0,0,34,3,0,2,0,3,1,8,5,3,3,2,0,0,0,50,0,0
/Users/thiago/Documents/Thiago/CodeToAnalyze/logback/logback-classic/src/test/java/ch/qos/logback/classic/util/LogbackMDCAdapterTest.java,ch.qos.logback.classic.util.LogbackMDCAdapterTest,class,6,9,3,6,14,3,0,19,0,0.65909094,0.8181818,0.8181818,11,0,10,0,0,1,11,0,0,0,4,2,0,1,0,3,3,0,1,158,1,2,1,0,0,40,6,25,15,25,1,2,2,0,86,1,0
/Users/thiago/Documents/Thiago/CodeToAnalyze/logback/logback-classic/src/main/java/ch/qos/logback/classic/pattern/EnsureExceptionHandling.java,ch.qos.logback.classic.pattern.EnsureExceptionHandling,class,9,10,1,9,14,1,0,7,3,0.0,0.0,0.0,3,0,3,0,0,0,3,0,0,0,0,0,0,0,0,0,0,0,0,47,6,2,3,0,0,1,0,11,0,7,3,0,0,0,87,1,0
/Users/thiago/Documents/Thiago/CodeToAnalyze/logback/logback-core/src/main/java/ch/qos/logback/core/model/processor/AllowAllModelFilter.java,ch.qos.logback.core.model.processor.AllowAllModelFilter,class,3,4,1,3,1,1,0,0,0,0.0,NaN,NaN,1,0,1,0,0,0,1,0,0,0,0,0,0,0,0,0,0,0,0,5,1,0,0,0,0,0,0,0,0,0,0,0,0,0,7,1,0
/Users/thiago/Documents/Thiago/CodeToAnalyze/logback/logback-core/src/main/java/ch/qos/logback/core/util/DirectJson.java,ch.qos.logback.core.util.DirectJson,class,2,3,1,2,41,1,0,29,0,0.8897058,0.76086956,0.76086956,24,0,24,0,0,0,24,0,0,0,17,16,0,17,0,0,16,0,7,191,1,5,3,0,5,0,34,53,27,42,3,0,0,0,86,17,0
/Users/thiago/Documents/Thiago/CodeToAnalyze/logback/logback-examples/src/main/java/chapters/introduction/HelloWorld1.java,chapters.introduction.HelloWorld1,class,1,1,0,1,1,1,0,2,0,0.0,NaN,NaN,1,1,1,0,0,0,1,0,0,0,0,0,0,0,0,0,0,0,0,6,0,0,0,0,0,2,0,1,0,1,0,0,0,0,6,1,1
/Users/thiago/Documents/Thiago/CodeToAnalyze/logback/logback-core/src/main/java/ch/qos/logback/core/net/QueueFactory.java,ch.qos.logback.core.net.QueueFactory,class,1,4,3,1,2,1,0,0,0,0.0,NaN,NaN,1,0,1,0,0,0,1,0,0,0,0,0,0,0,0,0,0,0,0,6,1,0,0,0,0,0,2,1,0,1,0,0,0,0,39,1,0
/Users/thiago/Documents/Thiago/CodeToAnalyze/logback/logback-examples/src/main/java/chapters/introduction/HelloWorld2.java,chapters.introduction.HelloWorld2,class,2,2,0,2,1,1,0,4,0,0.0,NaN,NaN,1,1,1,0,0,0,1,0,0,0,0,0,0,0,0,0,0,0,0,8,0,0,0,0,0,2,0,2,0,2,0,0,0,0,8,1,1
/Users/thiago/Documents/Thiago/CodeToAnalyze/logback/logback-core/src/main/java/ch/qos/logback/core/model/ShutdownHookModel.java,ch.qos.logback.core.model.ShutdownHookModel,class,2,6,4,2,1,3,0,0,0,1.0,NaN,NaN,1,0,0,0,1,0,1,0,0,0,1,1,0,1,0,0,1,0,0,6,1,0,0,0,0,0,1,1,0,1,0,0,0,0,14,1,0
/Users/thiago/Documents/Thiago/CodeToAnalyze/logback/logback-classic/src/main/java/ch/qos/logback/classic/net/server/ServerSocketReceiver.java,ch.qos.logback.classic.net.server.ServerSocketReceiver,class,7,10,3,7,17,3,2,16,66,0.87179494,0.07692308,0.07692308,13,0,6,0,7,0,13,0,0,0,6,1,1,5,0,0,1,0,2,65,12,0,2,2,0,4,1,9,2,8,2,0,0,0,99,1,0
/Users/thiago/Documents/Thiago/CodeToAnalyze/logback/logback-core/src/main/java/ch/qos/logback/core/sift/SiftingAppenderBase.java,ch.qos.logback.core.sift.SiftingAppenderBase,class,9,11,2,9,25,2,0,16,74,0.8020833,0.19166666,0.55833334,16,0,13,0,3,0,16,2,0,0,6,0,0,0,1,5,0,0,0,90,9,1,4,0,0,3,2,12,0,10,1,0,0,0,91,1025,0
/Users/thiago/Documents/Thiago/CodeToAnalyze/logback/logback-classic/src/test/java/ch/qos/logback/classic/issue/lbclassic180/Main.java,ch.qos.logback.classic.issue.lbclassic180.Main,class,4,5,1,4,2,1,0,7,1,0.5,0.0,0.0,2,2,1,0,0,1,2,0,0,0,2,2,0,0,0,2,0,0,1,15,0,0,0,0,0,3,0,4,1,4,0,0,0,0,30,1,1
/Users/thiago/Documents/Thiago/CodeToAnalyze/logback/logback-classic/src/main/java/ch/qos/logback/classic/joran/SerializedModelConfigurator.java,ch.qos.logback.classic.joran.SerializedModelConfigurator,class,14,15,1,14,23,2,0,34,26,0.8333333,0.0,0.0,8,0,1,6,0,1,2,0,0,0,3,2,2,0,1,0,2,0,2,123,13,0,7,4,0,16,0,26,9,21,4,0,0,0,115,1,0
/Users/thiago/Documents/Thiago/CodeToAnalyze/logback/logback-core/src/test/java/ch/qos/logback/core/joran/action/DummyAttributes.java,ch.qos.logback.core.joran.action.DummyAttributes,class,1,2,1,1,13,1,0,2,76,0.84615386,0.012820513,0.012820513,13,0,13,0,0,0,13,0,0,0,1,0,0,0,0,1,0,0,0,42,12,0,0,0,0,0,3,1,0,1,0,0,0,0,20,1,0
/Users/thiago/Documents/Thiago/CodeToAnalyze/logback/logback-core/src/main/java/ch/qos/logback/core/net/AutoFlushingObjectWriter.java,ch.qos.logback.core.net.AutoFlushingObjectWriter,class,2,7,5,2,4,1,0,4,0,0.33333334,1.0,1.0,3,0,2,1,0,0,2,0,0,0,3,0,0,3,0,0,2,0,0,20,0,0,0,0,0,0,2,4,0,3,1,0,0,0,53,1,0
/Users/thiago/Documents/Thiago/CodeToAnalyze/logback/logback-core/src/main/java/ch/qos/logback/core/joran/action/ActionUtil.java,ch.qos.logback.core.joran.action.ActionUtil$Scope,enum,0,0,0,0,0,1,0,0,0,0.0,-1.0,-1.0,0,0,0,0,0,0,0,0,0,0,0,0,0,0,0,0,0,0,0,1,0,0,0,0,0,0,0,0,0,0,0,0,0,0,7,1,0
/Users/thiago/Documents/Thiago/CodeToAnalyze/logback/logback-core-blackbox/src/test/java/ch/qos/logback/core/blackbox/model/processor/BlackboxStackModelHandler.java,ch.qos.logback.core.blackbox.model.processor.BlackboxStackModelHandler,class,7,8,1,7,6,2,0,4,10,0.8,0.0,0.0,5,1,4,0,1,0,5,0,0,0,1,1,1,0,0,0,1,0,0,25,2,0,1,0,0,2,0,6,0,5,1,0,0,0,30,1,0
/Users/thiago/Documents/Thiago/CodeToAnalyze/logback/logback-core/src/main/java/ch/qos/logback/core/recovery/ResilientSyslogOutputStream.java,ch.qos.logback.core.recovery.ResilientSyslogOutputStream,class,2,2,0,2,4,3,0,1,0,0.25,0.5,0.5,4,0,2,0,0,2,4,0,0,0,2,0,0,0,0,2,0,0,1,19,3,0,0,0,0,4,0,4,2,2,0,0,0,0,19,1,0
/Users/thiago/Documents/Thiago/CodeToAnalyze/logback/logback-classic/src/test/java/ch/qos/logback/classic/spi/InvocationTest.java,ch.qos.logback.classic.spi.InvocationTest,class,5,5,0,5,3,1,0,11,1,0.6666667,0.0,0.0,3,0,3,0,0,0,3,0,0,0,4,0,0,1,0,3,2,0,4,21,0,0,0,0,0,3,2,5,0,5,0,0,0,0,46,1,1
/Users/thiago/Documents/Thiago/CodeToAnalyze/logback/logback-core/src/test/java/ch/qos/logback/core/joran/action/ext/BadBeginAction.java,ch.qos.logback.core.joran.action.ext.BadBeginAction,class,4,4,0,4,4,2,0,2,1,0.5,0.0,0.0,2,0,2,0,0,0,2,0,0,0,4,3,0,0,0,4,2,0,0,21,0,0,0,0,0,3,2,6,0,5,1,0,0,0,33,1,0
/Users/thiago/Documents/Thiago/CodeToAnalyze/logback/logback-core/src/test/java/ch/qos/logback/core/joran/util/House.java,ch.qos.logback.core.joran.util.LargeSwimmingPoolImpl,class,1,3,2,1,0,1,0,0,0,NaN,-1.0,-1.0,0,0,0,0,0,0,0,0,0,0,3,0,0,0,0,3,0,0,0,5,0,0,0,0,0,0,0,0,0,3,0,0,0,0,7,0,0
/Users/thiago/Documents/Thiago/CodeToAnalyze/logback/logback-core/src/main/java/ch/qos/logback/core/spi/SequenceNumberGenerator.java,ch.qos.logback.core.spi.SequenceNumberGenerator,interface,1,5,4,1,1,1,0,0,0,0.0,NaN,NaN,1,0,0,0,0,1,1,0,0,0,0,0,0,0,0,0,0,0,0,3,0,0,0,0,0,0,0,0,0,0,0,0,0,0,13,1,0
/Users/thiago/Documents/Thiago/CodeToAnalyze/logback/logback-core/src/test/java/ch/qos/logback/core/net/ssl/KeyStoreFactoryBeanTest.java,ch.qos.logback.core.net.ssl.KeyStoreFactoryBeanTest,class,2,2,0,2,5,1,0,8,0,0.0,1.0,1.0,5,0,5,0,0,0,5,0,0,0,1,0,0,1,0,0,0,0,0,28,0,0,0,0,0,0,0,2,0,2,0,0,0,0,25,1,0
/Users/thiago/Documents/Thiago/CodeToAnalyze/logback/logback-core/src/main/java/ch/qos/logback/core/spi/ContextAwareBase.java,ch.qos.logback.core.spi.ContextAwareBase,class,8,89,81,8,19,1,31,5,60,0.7948718,0.115384616,0.115384616,13,0,12,0,1,0,13,0,0,0,3,0,0,1,1,1,1,0,0,61,5,0,6,0,0,2,2,5,1,4,2,0,0,0,57,1,0
/Users/thiago/Documents/Thiago/CodeToAnalyze/logback/logback-core/src/main/java/ch/qos/logback/core/pattern/parser/Compiler.java,ch.qos.logback.core.pattern.parser.Compiler,class,13,15,2,13,15,2,0,18,0,0.5,1.0,1.0,5,0,0,1,0,4,4,0,0,0,4,0,0,0,0,4,2,0,0,87,6,1,6,1,0,16,0,20,7,16,3,0,0,0,55,0,0
/Users/thiago/Documents/Thiago/CodeToAnalyze/logback/logback-core/src/main/java/ch/qos/logback/core/encoder/JsonEscapeUtil.java,ch.qos.logback.core.encoder.JsonEscapeUtil,class,2,3,1,2,17,1,0,8,3,0.77777785,0.0,0.0,3,3,1,1,0,1,3,0,0,0,3,3,0,0,1,2,3,0,2,61,7,2,4,0,1,11,17,19,2,13,3,0,0,0,54,1,0
/Users/thiago/Documents/Thiago/CodeToAnalyze/logback/logback-classic/src/test/java/ch/qos/logback/classic/sift/MDCBasedDiscriminatorTest.java,ch.qos.logback.classic.sift.MDCBasedDiscriminatorTest,class,8,8,0,8,4,1,0,15,0,0.5833333,0.5,0.5,4,0,4,0,0,0,4,0,0,0,9,1,0,0,0,9,0,0,0,34,0,0,0,0,0,7,0,12,2,11,0,0,0,0,41,1,0
/Users/thiago/Documents/Thiago/CodeToAnalyze/logback/logback-core/src/main/java/ch/qos/logback/core/joran/action/PreconditionValidator.java,ch.qos.logback.core.joran.action.PreconditionValidator,class,6,20,14,6,15,2,0,11,50,0.75,0.121212125,0.22727273,12,0,12,0,0,0,12,0,0,0,4,0,0,0,0,4,0,0,2,57,11,0,2,0,0,6,1,8,3,6,1,0,0,0,46,1,0
/Users/thiago/Documents/Thiago/CodeToAnalyze/logback/logback-classic/src/test/java/ch/qos/logback/classic/net/mock/MockSyslogServer.java,ch.qos.logback.classic.net.mock.MockSyslogServer,class,1,2,1,1,8,2,0,6,0,0.5,0.5,1.0,4,0,4,0,0,0,4,0,0,0,4,0,0,0,0,4,2,0,1,44,2,1,1,2,0,0,4,11,0,9,3,0,0,0,33,1,0
/Users/thiago/Documents/Thiago/CodeToAnalyze/logback/logback-core/src/main/java/ch/qos/logback/core/pattern/color/GrayCompositeConverter.java,ch.qos.logback.core.pattern.color.GrayCompositeConverter,class,2,2,0,2,1,6,0,0,0,0.0,NaN,NaN,1,0,0,0,1,0,1,0,0,0,0,0,0,0,0,0,0,0,0,5,1,0,0,0,0,0,0,0,1,0,0,0,0,0,35,1,0
/Users/thiago/Documents/Thiago/CodeToAnalyze/logback/logback-classic-blackbox/src/test/java/ch/qos/logback/classic/blackbox/joran/StatusChecker.java,ch.qos.logback.classic.blackbox.joran.StatusChecker,class,3,5,2,3,11,2,0,8,55,0.0,0.0,0.0,11,0,11,0,0,0,11,0,0,0,0,0,0,0,0,0,0,0,0,34,0,0,0,0,0,0,2,0,0,0,0,0,0,0,26,1,0
/Users/thiago/Documents/Thiago/CodeToAnalyze/logback/logback-core/src/main/java/ch/qos/logback/core/util/DelayStrategy.java,ch.qos.logback.core.util.DelayStrategy,interface,0,2,2,0,1,1,0,0,0,0.0,NaN,NaN,1,0,0,0,0,1,1,0,0,0,0,0,0,0,0,0,0,0,0,3,0,0,0,0,0,0,0,0,0,0,0,0,0,0,15,1,0
/Users/thiago/Documents/Thiago/CodeToAnalyze/logback/logback-classic/src/main/java/ch/qos/logback/classic/pattern/ThreadConverter.java,ch.qos.logback.classic.pattern.ThreadConverter,class,2,2,0,2,1,3,0,1,0,0.0,NaN,NaN,1,0,1,0,0,0,1,0,0,0,0,0,0,0,0,0,0,0,0,5,1,0,0,0,0,0,0,0,0,0,0,0,0,0,18,1,0
/Users/thiago/Documents/Thiago/CodeToAnalyze/logback/logback-core/src/main/java/ch/qos/logback/core/joran/action/ImcplicitActionDataForBasicProperty.java,ch.qos.logback.core.joran.action.ImcplicitActionDataForBasicProperty,class,3,4,1,3,1,2,0,0,0,0.0,NaN,NaN,1,0,1,0,0,0,1,0,0,0,0,0,0,0,0,0,0,0,0,5,0,0,0,0,0,0,0,0,0,0,0,0,0,0,21,1,0
/Users/thiago/Documents/Thiago/CodeToAnalyze/logback/logback-core/src/main/java/ch/qos/logback/core/model/processor/conditional/ByPropertiesConditionModelHandler.java,ch.qos.logback.core.model.processor.conditional.ByPropertiesConditionModelHandler,class,11,12,1,11,11,3,0,18,8,0.6,0.1,0.1,5,1,4,0,1,0,5,0,0,0,2,0,0,1,0,1,0,0,0,59,5,0,1,1,0,8,0,10,3,7,1,0,0,0,76,1,0
/Users/thiago/Documents/Thiago/CodeToAnalyze/logback/logback-core/src/main/java/ch/qos/logback/core/net/server/RemoteReceiverStreamClient.java,ch.qos.logback.core.net.server.RemoteReceiverStreamClient,class,4,7,3,4,17,2,0,15,0,0.53571427,0.53333336,1.0,7,0,5,1,0,1,6,0,0,0,4,0,0,4,0,0,3,0,4,73,4,1,4,2,0,7,2,12,7,7,4,0,0,0,73,0,0
/Users/thiago/Documents/Thiago/CodeToAnalyze/logback/logback-core/src/main/java/ch/qos/logback/core/model/processor/NOPModelHandler.java,ch.qos.logback.core.model.processor.NOPModelHandler,class,5,6,1,5,3,3,0,0,3,0.0,0.0,0.0,3,1,3,0,0,0,3,0,0,0,0,0,0,0,0,0,0,0,0,10,1,0,0,0,0,0,0,0,0,0,0,0,0,0,14,1,0
/Users/thiago/Documents/Thiago/CodeToAnalyze/logback/logback-core/src/main/java/ch/qos/logback/core/encoder/Encoder.java,ch.qos.logback.core.encoder.Encoder,interface,4,5,1,4,3,1,0,0,3,0.0,0.0,0.0,3,0,0,0,0,3,3,0,0,0,0,0,0,0,0,0,0,0,0,5,0,0,0,0,0,0,0,0,0,0,0,0,0,0,47,1,0
/Users/thiago/Documents/Thiago/CodeToAnalyze/logback/logback-classic/src/test/java/ch/qos/logback/classic/util/TestHelper.java,ch.qos.logback.classic.util.TestHelper$StringPosition,innerclass,0,0,0,0,3,1,0,1,0,0.0,1.0,1.0,2,0,2,0,0,0,2,0,0,0,1,0,0,1,0,0,1,0,0,11,1,0,0,0,0,3,1,2,1,2,1,0,0,0,11,9,0
/Users/thiago/Documents/Thiago/CodeToAnalyze/logback/logback-classic/performance/src/java/ch/qos/logback/reflect/Fruit.java,ch.qos.logback.reflect.Fruit,class,0,1,1,0,5,1,0,0,0,0.4,0.6,1.0,5,0,4,0,0,1,5,0,0,0,2,0,0,0,0,2,0,0,0,20,2,0,0,0,0,0,0,4,0,2,0,0,0,0,8,1,0
/Users/thiago/Documents/Thiago/CodeToAnalyze/logback/logback-classic/src/main/java/ch/qos/logback/classic/spi/LoggingEvent.java,ch.qos.logback.classic.spi.LoggingEvent,class,15,57,42,15,75,1,0,47,810,0.9329546,0.068292685,0.36097562,44,0,39,3,0,2,41,0,0,0,20,2,2,15,0,3,2,0,8,265,30,0,24,1,4,12,4,50,6,32,3,0,0,0,278,1,0
/Users/thiago/Documents/Thiago/CodeToAnalyze/logback/logback-core/src/main/java/ch/qos/logback/core/ContextBase.java,ch.qos.logback.core.ContextBase,class,12,16,4,12,55,1,2,37,580,0.9324323,0.053030305,0.07575758,37,0,31,4,1,1,33,0,0,5,14,0,0,10,2,2,1,0,2,192,21,0,12,1,0,4,1,25,2,20,2,0,0,1,178,1,0
/Users/thiago/Documents/Thiago/CodeToAnalyze/logback/logback-core/src/main/java/ch/qos/logback/core/testUtil/FileToBufferUtil.java,ch.qos.logback.core.testUtil.FileToBufferUtil,class,1,2,1,1,9,1,0,13,10,0.0,0.0,0.0,5,5,3,1,0,1,4,0,0,0,0,0,0,0,0,0,0,0,5,43,0,2,2,1,2,4,0,10,1,10,1,0,0,0,33,1,0
/Users/thiago/Documents/Thiago/CodeToAnalyze/logback/logback-core/src/test/java/ch/qos/logback/core/ContextBaseTest.java,ch.qos.logback.core.ContextBaseTest$InstrumentedLifeCycleManager,innerclass,2,2,0,2,4,2,0,2,2,0.5,0.33333334,0.33333334,4,0,4,0,0,0,4,0,0,0,2,0,0,2,0,0,0,0,0,18,2,0,0,0,0,0,0,2,0,2,0,0,0,0,14,10,0
/Users/thiago/Documents/Thiago/CodeToAnalyze/logback/logback-core/src/main/java/ch/qos/logback/core/filter/EvaluatorFilter.java,ch.qos.logback.core.filter.EvaluatorFilter,class,6,6,0,6,9,4,0,8,0,0.0,1.0,1.0,4,0,4,0,0,0,4,0,0,0,1,0,0,0,0,1,0,0,0,34,5,0,1,1,0,3,0,1,2,1,2,0,0,0,79,1,0
/Users/thiago/Documents/Thiago/CodeToAnalyze/logback/logback-examples/src/main/java/chapters/appenders/socket/SocketClient2.java,chapters.appenders.socket.SocketClient2,class,4,5,1,4,6,1,0,13,1,0.0,0.0,0.0,2,2,1,0,0,1,2,0,0,0,0,0,0,0,0,0,0,0,2,32,0,1,1,0,0,8,3,6,1,6,2,0,0,0,60,1,1
/Users/thiago/Documents/Thiago/CodeToAnalyze/logback/logback-examples/src/main/java/chapters/appenders/socket/SocketClient1.java,chapters.appenders.socket.SocketClient1,class,5,6,1,5,5,1,0,16,1,0.0,0.0,0.0,2,2,1,0,0,1,2,0,0,0,0,0,0,0,0,0,0,0,3,34,0,1,1,0,0,9,5,7,2,7,2,0,0,0,57,1,1
/Users/thiago/Documents/Thiago/CodeToAnalyze/logback/logback-classic/src/main/java/ch/qos/logback/classic/pattern/KeyValuePairConverter.java,ch.qos.logback.classic.pattern.KeyValuePairConverter$ValueQuoteSpecification,enum,0,0,0,0,4,1,0,0,0,0.0,NaN,NaN,1,0,0,0,0,1,1,0,0,0,0,0,0,0,0,0,0,0,0,13,3,0,0,0,0,0,0,0,0,0,1,0,0,0,17,0,0
/Users/thiago/Documents/Thiago/CodeToAnalyze/logback/logback-core/src/main/java/ch/qos/logback/core/model/ImportModel.java,ch.qos.logback.core.model.ImportModel,class,2,6,4,2,4,2,0,1,0,0.625,0.5,0.5,4,0,2,0,2,0,4,0,0,0,2,1,0,1,0,1,1,0,0,18,2,0,0,0,0,0,1,4,0,3,0,0,0,0,20,1,0
/Users/thiago/Documents/Thiago/CodeToAnalyze/logback/logback-classic/src/main/java/ch/qos/logback/classic/joran/sanity/IfNestedWithinSecondPhaseElementSC.java,ch.qos.logback.classic.joran.sanity.IfNestedWithinSecondPhaseElementSC,class,8,10,2,8,5,2,0,6,1,0.5,0.0,0.0,2,0,2,0,0,0,2,0,0,0,1,1,1,0,0,0,1,0,0,24,3,1,1,0,0,8,0,7,3,7,1,0,0,0,61,1,0
/Users/thiago/Documents/Thiago/CodeToAnalyze/logback/logback-classic/src/main/java/ch/qos/logback/classic/AsyncAppender.java,ch.qos.logback.classic.AsyncAppender,class,3,5,2,3,6,2,0,4,0,0.25,0.5,0.5,4,0,2,0,2,0,4,0,0,0,1,0,0,0,0,1,0,0,0,17,2,0,0,0,0,0,0,3,0,2,1,0,0,0,55,1,0
/Users/thiago/Documents/Thiago/CodeToAnalyze/logback/logback-classic/src/main/java/ch/qos/logback/classic/turbo/MarkerFilter.java,ch.qos.logback.classic.turbo.MarkerFilter,class,6,8,2,6,8,4,0,6,0,0.0,1.0,1.0,3,0,3,0,0,0,3,0,0,0,1,0,0,0,0,1,0,0,0,30,4,0,3,0,0,2,0,1,1,1,1,0,0,0,38,1,0
/Users/thiago/Documents/Thiago/CodeToAnalyze/logback/logback-core/src/main/java/ch/qos/logback/core/pattern/color/ForegroundCompositeConverterBase.java,ch.qos.logback.core.pattern.color.ForegroundCompositeConverterBase,class,3,20,17,3,2,5,0,3,1,0.5,0.0,0.0,2,0,0,0,2,0,2,1,0,0,1,1,0,1,0,0,1,0,0,13,1,0,0,0,0,0,0,2,1,2,0,0,0,0,37,1025,0
/Users/thiago/Documents/Thiago/CodeToAnalyze/logback/logback-core/src/main/java/ch/qos/logback/core/rolling/SizeAndTimeBasedFileNamingAndTriggeringPolicy.java,ch.qos.logback.core.rolling.SizeAndTimeBasedFileNamingAndTriggeringPolicy,class,14,19,5,14,29,3,0,28,48,0.82417583,0.10909091,0.16363636,13,0,9,2,1,1,11,0,0,0,7,2,1,1,0,5,1,0,3,118,14,0,10,0,1,10,4,27,3,18,1,0,1,0,130,1,0
/Users/thiago/Documents/Thiago/CodeToAnalyze/logback/logback-classic/performance/src/java/ch/qos/logback/classic/pattern/WriteSpeed.java,ch.qos.logback.classic.pattern.WriteSpeed,class,4,5,1,4,6,1,0,16,2,0.71428573,0.16666667,0.16666667,4,4,1,0,0,3,4,0,0,0,14,14,0,0,0,14,2,0,16,52,1,2,0,0,2,18,5,27,8,27,1,0,0,0,60,1,1
/Users/thiago/Documents/Thiago/CodeToAnalyze/logback/logback-core/src/main/java/ch/qos/logback/core/joran/spi/HostClassAndPropertyDouble.java,ch.qos.logback.core.joran.spi.HostClassAndPropertyDouble,class,1,3,2,1,16,1,0,5,0,0.2,0.9,1.0,5,0,5,0,0,0,5,0,0,0,2,0,0,0,0,2,2,0,0,36,11,0,9,0,4,0,4,7,4,5,2,0,0,0,47,1,0
/Users/thiago/Documents/Thiago/CodeToAnalyze/logback/logback-core/src/main/java/ch/qos/logback/core/encoder/EncoderBase.java,ch.qos.logback.core.encoder.EncoderBase,class,3,7,4,3,3,2,0,0,0,0.0,1.0,1.0,3,0,3,0,0,0,3,0,0,0,1,0,0,0,1,0,0,0,0,12,1,0,0,0,0,0,0,2,0,1,0,0,0,0,10,1025,0
/Users/thiago/Documents/Thiago/CodeToAnalyze/logback/logback-core/src/test/java/ch/qos/logback/core/pattern/parser/OptionTokenizerTest.java,ch.qos.logback.core.pattern.parser.OptionTokenizerTest,class,1,1,0,1,1,1,0,0,0,0.0,NaN,NaN,1,0,1,0,0,0,1,0,0,0,0,0,0,0,0,0,0,0,0,4,0,0,0,0,0,0,0,0,0,0,0,0,0,0,5,1,0
/Users/thiago/Documents/Thiago/CodeToAnalyze/logback/logback-classic/src/test/java/ch/qos/logback/classic/spi/LoggingEventSerializationTest.java,ch.qos.logback.classic.spi.LoggingEventSerializationTest,class,17,18,1,17,18,1,0,44,106,0.82352936,0.08974359,0.12820514,17,0,13,4,0,0,13,0,0,0,7,0,0,0,0,7,0,0,3,158,3,1,0,0,0,25,9,57,0,54,1,0,0,0,100,1,0
/Users/thiago/Documents/Thiago/CodeToAnalyze/logback/logback-core/src/main/java/ch/qos/logback/core/BasicStatusManager.java,ch.qos.logback.core.BasicStatusManager,class,7,10,3,7,17,1,0,14,13,0.73333335,0.32142857,0.4642857,10,0,8,2,0,0,8,0,0,0,9,2,2,0,5,2,7,0,0,79,8,2,1,0,0,0,4,13,0,11,3,0,0,0,67,1,0
/Users/thiago/Documents/Thiago/CodeToAnalyze/logback/logback-classic/src/main/java/ch/qos/logback/classic/pattern/RelativeTimeConverter.java,ch.qos.logback.classic.pattern.RelativeTimeConverter,class,2,2,0,2,2,3,0,4,0,0.0,NaN,NaN,1,0,1,0,0,0,1,0,0,0,2,0,0,0,0,2,0,0,1,14,1,0,1,0,0,0,1,5,1,3,2,0,0,0,15,1,0
/Users/thiago/Documents/Thiago/CodeToAnalyze/logback/logback-core/src/main/java/ch/qos/logback/core/net/ssl/SecureRandomFactoryBean.java,ch.qos.logback.core.net.ssl.SecureRandomFactoryBean,class,1,7,6,1,9,1,1,4,6,0.6,0.2,0.2,5,0,5,0,0,0,5,0,0,0,2,0,0,2,0,0,0,0,2,30,4,0,2,1,0,2,0,2,2,2,1,0,0,0,78,1,0
/Users/thiago/Documents/Thiago/CodeToAnalyze/logback/logback-classic/src/test/java/ch/qos/logback/classic/net/server/ServerSocketReceiverTest.java,ch.qos.logback.classic.net.server.ServerSocketReceiverTest,class,11,11,0,11,6,1,0,21,0,0.4666667,0.73333335,1.0,6,0,6,0,0,0,6,0,0,0,5,0,0,5,0,0,0,0,0,44,0,0,0,0,0,1,2,7,0,7,0,0,0,0,41,1,0
/Users/thiago/Documents/Thiago/CodeToAnalyze/logback/logback-classic/src/main/java/ch/qos/logback/classic/joran/action/ConsolePluginAction.java,ch.qos.logback.classic.joran.action.ConsolePluginAction,class,6,6,0,6,4,2,0,13,1,0.5,0.0,0.0,2,0,2,0,0,0,2,0,0,0,2,2,0,2,0,0,2,0,1,33,1,0,1,1,0,6,1,9,2,7,2,0,0,0,55,1,0
/Users/thiago/Documents/Thiago/CodeToAnalyze/logback/logback-core/src/test/java/ch/qos/logback/core/issue/LBCORE97.java,ch.qos.logback.core.issue.LBCORE97,class,3,4,1,3,12,1,0,10,15,0.8333333,0.0,0.0,6,6,6,0,0,0,6,0,0,0,1,1,0,0,0,1,0,0,20,132,0,6,0,0,0,30,9,26,12,20,1,0,2,0,49,1,0
/Users/thiago/Documents/Thiago/CodeToAnalyze/logback/logback-classic/src/test/java/org/slf4j/test_osgi/BundleTest.java,org.slf4j.test_osgi.BundleTest,class,6,6,0,6,4,1,0,10,1,0.5555556,0.33333334,0.33333334,3,0,2,0,1,0,3,0,0,0,3,0,0,0,0,3,0,0,0,20,0,0,1,0,0,3,2,3,1,3,1,0,0,0,22,1,0
/Users/thiago/Documents/Thiago/CodeToAnalyze/logback/logback-core-blackbox/src/test/java/ch/qos/logback/core/blackbox/boolex/AlwaysTrueCondition.java,ch.qos.logback.core.blackbox.boolex.AlwaysTrueCondition,class,1,1,0,1,1,3,0,0,0,0.0,NaN,NaN,1,0,1,0,0,0,1,0,0,0,0,0,0,0,0,0,0,0,0,5,1,0,0,0,0,0,0,0,0,0,0,0,0,0,8,1,0
/Users/thiago/Documents/Thiago/CodeToAnalyze/logback/logback-core/src/main/java/ch/qos/logback/core/pattern/PatternLayoutEncoderBase.java,ch.qos.logback.core.pattern.PatternLayoutEncoderBase,class,4,4,0,4,7,4,0,3,7,0.5714286,0.33333334,0.33333334,7,0,7,0,0,0,7,0,0,0,2,0,0,0,1,1,0,0,0,26,3,0,0,0,0,2,0,4,1,2,0,0,0,0,35,1,0
/Users/thiago/Documents/Thiago/CodeToAnalyze/logback/logback-core/src/main/java/ch/qos/logback/core/joran/spi/ConsoleTarget.java,ch.qos.logback.core.joran.spi.ConsoleTarget,enum,1,2,1,1,7,1,0,2,0,0.3,0.5,0.5,5,1,4,1,0,0,4,0,0,0,2,0,0,2,0,0,2,0,1,52,5,1,0,0,0,2,0,2,0,2,2,2,0,0,41,1,0
/Users/thiago/Documents/Thiago/CodeToAnalyze/logback/logback-core/src/main/java/ch/qos/logback/core/layout/EchoLayout.java,ch.qos.logback.core.layout.EchoLayout,class,2,2,0,2,1,3,0,0,0,0.0,NaN,NaN,1,0,1,0,0,0,1,0,0,0,0,0,0,0,0,0,0,0,0,5,1,0,0,0,0,0,0,0,1,0,0,0,0,0,16,1,0
/Users/thiago/Documents/Thiago/CodeToAnalyze/logback/logback-core/src/main/java/ch/qos/logback/core/model/processor/ImportModelHandler.java,ch.qos.logback.core.model.processor.ImportModelHandler,class,7,9,2,7,10,3,0,8,10,0.0,0.0,0.0,5,1,3,0,1,1,5,0,0,0,0,0,0,0,0,0,0,0,0,32,8,0,4,0,1,3,3,4,3,4,1,0,0,0,35,1,0
/Users/thiago/Documents/Thiago/CodeToAnalyze/logback/logback-core/src/main/java/ch/qos/logback/core/model/AppenderRefModel.java,ch.qos.logback.core.model.AppenderRefModel,class,3,7,4,3,9,2,0,6,0,0.5833333,0.6666667,0.6666667,6,0,4,0,2,0,6,0,0,0,2,1,0,1,0,1,1,0,2,31,7,0,2,0,0,0,2,8,2,6,1,0,0,0,31,1,0
/Users/thiago/Documents/Thiago/CodeToAnalyze/logback/logback-classic/src/main/java/ch/qos/logback/classic/html/HTMLLayout.java,ch.qos.logback.classic.html.HTMLLayout,class,9,11,2,9,17,2,0,18,8,0.625,0.47619048,0.47619048,8,0,5,1,2,0,7,0,0,0,2,1,0,0,0,2,1,0,0,81,6,1,6,0,2,10,4,14,0,9,2,0,0,0,111,1,0
/Users/thiago/Documents/Thiago/CodeToAnalyze/logback/logback-core/src/main/java/ch/qos/logback/core/model/processor/conditional/IfModelHandler.java,ch.qos.logback.core.model.processor.conditional.IfModelHandler,class,10,11,1,10,18,3,0,24,22,0.83928573,0.1,0.1,8,1,4,3,1,0,5,0,0,0,7,6,6,0,0,1,6,0,0,100,9,0,2,2,0,21,0,18,7,15,2,0,1,0,109,1,0
/Users/thiago/Documents/Thiago/CodeToAnalyze/logback/logback-core/src/main/java/ch/qos/logback/core/model/ModelConstants.java,ch.qos.logback.core.model.ModelConstants,class,0,0,0,0,0,1,0,0,0,NaN,-1.0,-1.0,0,0,0,0,0,0,0,0,0,0,4,4,4,0,0,0,4,0,0,6,0,0,0,0,0,4,0,4,1,4,0,0,0,0,31,1,0
/Users/thiago/Documents/Thiago/CodeToAnalyze/logback/logback-core/src/main/java/ch/qos/logback/core/joran/action/EventEvaluatorAction.java,ch.qos.logback.core.joran.action.EventEvaluatorAction,class,8,8,0,8,2,4,0,5,1,0.0,0.0,0.0,2,0,0,0,2,0,2,0,0,0,0,0,0,0,0,0,0,0,0,13,2,0,0,0,0,0,0,2,0,2,0,0,0,0,31,1,0
/Users/thiago/Documents/Thiago/CodeToAnalyze/logback/logback-core/src/main/java/ch/qos/logback/core/html/NOPThrowableRenderer.java,ch.qos.logback.core.html.NOPThrowableRenderer,class,1,1,0,1,1,1,0,0,0,0.0,NaN,NaN,1,0,1,0,0,0,1,0,0,0,0,0,0,0,0,0,0,0,0,5,1,0,0,0,0,0,0,0,0,0,0,0,0,0,10,1,0
/Users/thiago/Documents/Thiago/CodeToAnalyze/logback/logback-classic/src/test/java/ch/qos/logback/classic/turbo/lru/T_Entry.java,ch.qos.logback.classic.turbo.lru.T_Entry,class,2,4,2,2,6,1,0,0,0,0.16666667,1.0,1.0,3,0,2,0,0,1,3,0,0,0,2,0,0,0,0,2,0,0,0,24,4,0,1,0,1,4,3,3,2,3,1,0,0,0,21,1,0
/Users/thiago/Documents/Thiago/CodeToAnalyze/logback/logback-classic/src/test/java/ch/qos/logback/classic/joran/ROCConfigurationEventListener.java,ch.qos.logback.classic.joran.ROCConfigurationEventListener,class,3,3,0,3,3,1,0,2,0,0.0,NaN,NaN,1,0,1,0,0,0,1,0,0,0,1,0,0,0,0,1,0,0,0,16,0,0,0,0,0,0,0,2,0,2,2,0,0,0,15,1,0
/Users/thiago/Documents/Thiago/CodeToAnalyze/logback/logback-core/src/test/java/ch/qos/logback/core/model/processor/StackModelHandler.java,ch.qos.logback.core.model.processor.StackModelHandler,class,7,8,1,7,6,2,0,4,10,0.8,0.0,0.0,5,1,4,0,1,0,5,0,0,0,1,1,1,0,0,0,1,0,0,25,2,0,1,0,0,2,0,6,0,5,1,0,0,0,29,1,0
/Users/thiago/Documents/Thiago/CodeToAnalyze/logback/logback-core/src/main/java/ch/qos/logback/core/net/ssl/KeyStoreFactoryBean.java,ch.qos.logback.core.net.ssl.KeyStoreFactoryBean,class,2,9,7,2,20,1,1,14,37,0.8,0.11111111,0.11111111,10,0,9,1,0,0,9,0,0,0,4,0,0,4,0,0,0,0,3,74,8,0,5,2,0,5,0,8,4,7,3,0,0,0,115,1,0
/Users/thiago/Documents/Thiago/CodeToAnalyze/logback/logback-classic/src/main/java/ch/qos/logback/classic/spi/Configurator.java,ch.qos.logback.classic.spi.Configurator$ExecutionStatus,enum,0,0,0,0,0,1,0,0,0,0.0,-1.0,-1.0,0,0,0,0,0,0,0,0,0,0,0,0,0,0,0,0,0,0,0,1,0,0,0,0,0,0,0,0,0,0,0,0,0,0,16,0,0
/Users/thiago/Documents/Thiago/CodeToAnalyze/logback/logback-classic/src/main/java/ch/qos/logback/classic/model/processor/LevelModelHandler.java,ch.qos.logback.classic.model.processor.LevelModelHandler,class,8,9,1,8,8,2,0,10,6,0.75,0.0,0.0,4,1,3,0,1,0,4,0,0,0,1,0,0,0,0,1,0,0,1,32,3,0,0,0,1,2,0,7,1,6,2,0,0,0,43,1,0
/Users/thiago/Documents/Thiago/CodeToAnalyze/logback/logback-classic/src/main/java/ch/qos/logback/classic/encoder/PatternLayoutEncoder.java,ch.qos.logback.classic.encoder.PatternLayoutEncoder,class,2,13,11,2,1,2,0,5,0,0.0,NaN,NaN,1,0,1,0,0,0,1,0,0,0,0,0,0,0,0,0,0,0,0,11,0,0,0,0,0,0,0,2,0,1,0,0,0,0,10,1,0
/Users/thiago/Documents/Thiago/CodeToAnalyze/logback/logback-classic/src/test/java/ch/qos/logback/classic/LoggerTestHelper.java,ch.qos.logback.classic.LoggerTestHelper,class,2,3,1,2,3,1,0,6,1,0.0,0.0,0.0,2,2,0,0,0,2,2,0,0,0,0,0,0,0,0,0,0,0,0,15,0,0,1,0,0,0,0,0,0,0,1,0,0,0,15,1,0
/Users/thiago/Documents/Thiago/CodeToAnalyze/logback/logback-classic/src/main/java/ch/qos/logback/classic/boolex/OnErrorEvaluator.java,ch.qos.logback.classic.boolex.OnErrorEvaluator,class,2,3,1,2,2,2,0,1,0,0.0,NaN,NaN,1,0,1,0,0,0,1,0,0,0,0,0,0,0,0,0,0,0,0,5,1,0,0,0,0,0,0,0,0,0,0,0,0,0,32,1,0
/Users/thiago/Documents/Thiago/CodeToAnalyze/logback/logback-core/src/main/java/ch/qos/logback/core/spi/AbstractComponentTracker.java,ch.qos.logback.core.spi.AbstractComponentTracker$Entry,innerclass,2,2,0,2,14,1,0,4,0,0.4,0.7,1.0,5,0,4,0,0,1,5,0,0,0,3,0,0,0,0,3,0,0,0,34,10,0,7,0,0,4,0,5,1,4,2,0,0,0,22,10,0
/Users/thiago/Documents/Thiago/CodeToAnalyze/logback/logback-classic/src/main/java/ch/qos/logback/classic/spi/TurboFilterList.java,ch.qos.logback.classic.spi.TurboFilterList,class,5,6,1,5,6,2,0,4,0,1.0,NaN,NaN,1,0,1,0,0,0,1,0,0,0,1,1,0,1,0,0,1,0,0,25,4,1,3,1,0,0,4,8,0,8,2,0,0,0,65,17,0
/Users/thiago/Documents/Thiago/CodeToAnalyze/logback/logback-core/src/main/java/ch/qos/logback/core/status/InfoStatus.java,ch.qos.logback.core.status.InfoStatus,class,1,10,9,1,2,2,0,0,1,0.0,0.0,0.0,2,0,2,0,0,0,2,0,0,0,0,0,0,0,0,0,0,0,0,8,0,0,0,0,0,0,0,0,0,0,0,0,0,0,7,1,0
/Users/thiago/Documents/Thiago/CodeToAnalyze/logback/logback-classic/src/test/java/ch/qos/logback/classic/joran/sanity/ClassicTopModel.java,ch.qos.logback.classic.joran.sanity.ClassicTopModel,class,2,4,2,2,1,2,0,0,0,1.0,NaN,NaN,1,0,0,0,1,0,1,0,0,0,1,1,0,1,0,0,1,0,0,6,1,0,0,0,0,0,1,1,0,1,0,0,0,0,13,1,0
/Users/thiago/Documents/Thiago/CodeToAnalyze/logback/logback-classic/src/test/java/ch/qos/logback/classic/issue/lbclassic330/Main.java,ch.qos.logback.classic.issue.lbclassic330.Main,class,4,5,1,4,2,1,0,7,1,0.5,0.0,0.0,2,2,1,0,0,1,2,0,0,0,2,2,0,0,0,2,0,0,1,15,0,0,0,0,0,3,0,4,1,4,0,0,0,0,29,1,1
/Users/thiago/Documents/Thiago/CodeToAnalyze/logback/logback-classic/src/main/java/ch/qos/logback/classic/turbo/MDCValueLevelPair.java,ch.qos.logback.classic.turbo.MDCValueLevelPair,class,1,2,1,1,4,1,0,0,2,0.5,0.33333334,0.33333334,4,0,4,0,0,0,4,0,0,0,2,0,0,2,0,0,0,0,0,16,2,0,0,0,0,0,0,2,0,2,0,0,0,0,23,1,0
/Users/thiago/Documents/Thiago/CodeToAnalyze/logback/logback-core/src/main/java/ch/qos/logback/core/model/conditional/ThenModel.java,ch.qos.logback.core.model.conditional.ThenModel,class,2,6,4,2,1,2,0,0,0,1.0,NaN,NaN,1,0,0,0,1,0,1,0,0,0,1,1,0,1,0,0,1,0,0,6,1,0,0,0,0,0,1,1,0,1,0,0,0,0,12,1,0
/Users/thiago/Documents/Thiago/CodeToAnalyze/logback/logback-core/src/main/java/ch/qos/logback/core/net/ssl/SSLConfigurableServerSocket.java,ch.qos.logback.core.net.ssl.SSLConfigurableServerSocket,class,1,2,1,1,10,1,0,8,0,0.1,0.8,0.8,10,0,10,0,0,0,10,0,0,0,1,0,0,1,0,0,1,0,0,32,4,0,0,0,0,0,0,1,0,1,0,0,0,0,31,1,0
/Users/thiago/Documents/Thiago/CodeToAnalyze/logback/logback-classic/src/test/java/ch/qos/logback/classic/LoggerContextConcurrentResetTest.java,ch.qos.logback.classic.LoggerContextConcurrentResetTest,class,11,12,1,11,3,4,0,3,0,0.0,NaN,NaN,2,0,1,1,0,0,1,0,0,0,1,1,0,0,0,1,0,0,0,81,1,1,0,0,0,1,6,11,1,9,1,0,3,0,40,1,0
/Users/thiago/Documents/Thiago/CodeToAnalyze/logback/logback-core-blackbox/src/test/java/ch/qos/logback/core/blackbox/boolex/AlwaysFalseCondition.java,ch.qos.logback.core.blackbox.boolex.AlwaysFalseCondition,class,1,1,0,1,1,3,0,0,0,0.0,NaN,NaN,1,0,1,0,0,0,1,0,0,0,0,0,0,0,0,0,0,0,0,5,1,0,0,0,0,0,0,0,0,0,0,0,0,0,8,1,0
/Users/thiago/Documents/Thiago/CodeToAnalyze/logback/logback-classic/src/main/java/ch/qos/logback/classic/pattern/SyslogStartConverter.java,ch.qos.logback.classic.pattern.SyslogStartConverter,class,4,6,2,4,9,3,0,20,2,0.60714287,0.33333334,0.5,4,0,3,0,0,1,4,0,0,0,7,0,0,1,0,6,1,0,4,63,5,0,3,2,1,9,5,15,3,13,2,0,0,0,78,1,0
/Users/thiago/Documents/Thiago/CodeToAnalyze/logback/logback-core/src/test/java/ch/qos/logback/core/joran/action/ext/HelloAction.java,ch.qos.logback.core.joran.action.ext.HelloAction,class,3,3,0,3,2,2,0,3,1,0.5,0.0,0.0,2,0,2,0,0,0,2,0,0,0,1,1,1,0,0,0,1,0,0,9,0,0,0,0,0,4,0,2,1,2,0,0,0,0,40,1,0
/Users/thiago/Documents/Thiago/CodeToAnalyze/logback/logback-classic/src/test/java/ch/qos/logback/classic/spi/BasicContextListener.java,ch.qos.logback.classic.spi.BasicContextListener$UpdateType,enum,0,0,0,0,0,1,0,0,0,0.0,-1.0,-1.0,0,0,0,0,0,0,0,0,0,0,0,0,0,0,0,0,0,0,0,1,0,0,0,0,0,0,0,0,0,0,0,0,0,0,12,0,0
/Users/thiago/Documents/Thiago/CodeToAnalyze/logback/logback-core/src/test/java/ch/qos/logback/core/net/ssl/SSLTestConstants.java,ch.qos.logback.core.net.ssl.SSLTestConstants,interface,0,0,0,0,0,1,0,0,0,NaN,-1.0,-1.0,0,0,0,0,0,0,0,0,0,0,5,0,0,0,0,5,0,0,0,7,0,0,0,0,0,5,0,5,0,5,0,0,0,0,33,1,0
/Users/thiago/Documents/Thiago/CodeToAnalyze/logback/logback-core/src/main/java/ch/qos/logback/core/sift/AppenderFactoryUsingSiftModel.java,ch.qos.logback.core.sift.AppenderFactoryUsingSiftModel,class,14,16,2,14,5,1,0,14,0,0.5,0.8333333,1.0,4,0,4,0,0,0,4,0,0,0,5,0,0,0,3,2,1,0,0,45,4,0,1,0,0,1,1,11,0,12,1,1,0,0,48,1,0
/Users/thiago/Documents/Thiago/CodeToAnalyze/logback/logback-core/src/test/java/ch/qos/logback/core/rolling/TimeBasedRollingWithArchiveRemoval_Test.java,ch.qos.logback.core.rolling.TimeBasedRollingWithArchiveRemoval_Test,class,18,19,1,18,73,2,0,100,774,0.9431818,0.2388664,0.4385965,48,1,20,9,0,19,39,0,0,0,22,8,1,0,0,21,4,0,16,446,17,10,3,1,8,48,112,161,71,141,4,5,0,2,268,1,0
/Users/thiago/Documents/Thiago/CodeToAnalyze/logback/logback-classic/src/main/java/ch/qos/logback/classic/util/ContextInitializer.java,ch.qos.logback.classic.util.ContextInitializer$Anonymous1,anonymous,3,3,0,3,3,1,0,4,0,0.0,NaN,NaN,1,0,1,0,0,0,1,0,0,0,0,0,0,0,0,0,0,0,0,10,1,0,2,0,1,0,0,5,0,5,0,0,0,0,11,-1,0
/Users/thiago/Documents/Thiago/CodeToAnalyze/logback/logback-core-blackbox/src/test/java/ch/qos/logback/core/blackbox/rolling/helper/BlackboxWithXZCompressTest.java,ch.qos.logback.core.blackbox.rolling.helper.BlackboxWithXZCompressTest,class,9,10,1,9,8,1,0,11,9,0.8265305,0.2857143,0.2857143,7,0,5,0,2,0,7,0,0,0,14,0,0,0,0,14,12,0,0,68,0,1,0,1,1,13,7,29,12,29,2,0,0,0,69,1,0
/Users/thiago/Documents/Thiago/CodeToAnalyze/logback/logback-core/src/test/java/ch/qos/logback/core/pattern/Converter123.java,ch.qos.logback.core.pattern.Converter123,class,1,1,0,1,1,2,0,0,0,0.0,NaN,NaN,1,0,1,0,0,0,1,0,0,0,0,0,0,0,0,0,0,0,0,5,1,0,0,0,0,1,0,0,0,0,0,0,0,0,4,1,0
/Users/thiago/Documents/Thiago/CodeToAnalyze/logback/logback-classic/src/main/java/ch/qos/logback/classic/selector/servlet/ContextDetachingSCL.java,ch.qos.logback.classic.selector.servlet.ContextDetachingSCL,class,6,7,1,6,6,1,0,10,1,0.0,0.0,0.0,2,0,2,0,0,0,2,0,0,0,0,0,0,0,0,0,0,0,1,31,1,0,3,1,0,5,0,6,3,5,2,0,0,0,29,1,1
/Users/thiago/Documents/Thiago/CodeToAnalyze/logback/logback-core/src/test/java/ch/qos/logback/core/net/ssl/mock/MockTrustManagerFactoryFactoryBean.java,ch.qos.logback.core.net.ssl.mock.MockTrustManagerFactoryFactoryBean,class,1,2,1,1,2,2,0,1,0,0.0,1.0,1.0,2,0,2,0,0,0,2,0,0,0,1,0,0,1,0,0,0,0,0,10,2,0,0,0,0,0,0,1,0,1,0,0,0,0,19,1,0
/Users/thiago/Documents/Thiago/CodeToAnalyze/logback/logback-classic/src/test/java/ch/qos/logback/classic/net/SerializationPerfTest.java,ch.qos.logback.classic.net.SerializationPerfTest,class,11,12,1,11,14,1,0,12,4,0.73333335,0.3,0.3,5,0,5,0,0,0,5,0,0,0,6,0,0,0,0,6,0,0,4,76,0,2,0,2,1,6,16,25,6,15,3,0,0,0,113,1,0
/Users/thiago/Documents/Thiago/CodeToAnalyze/logback/logback-classic/src/main/java/ch/qos/logback/classic/helpers/WithLayoutListAppender.java,ch.qos.logback.classic.helpers.WithLayoutListAppender,class,3,3,0,3,6,2,0,7,0,0.5,0.6666667,1.0,4,0,3,0,1,0,4,0,0,0,3,0,1,0,0,2,0,0,0,26,2,0,1,0,0,1,0,4,0,4,1,0,0,0,25,1,0
/Users/thiago/Documents/Thiago/CodeToAnalyze/logback/logback-core-blackbox/src/test/java/ch/qos/logback/core/blackbox/model/BlackboxStackModel.java,ch.qos.logback.core.blackbox.model.BlackboxStackModel,class,2,6,4,2,1,2,0,0,0,1.0,NaN,NaN,1,0,0,0,1,0,1,0,0,0,1,1,0,1,0,0,1,0,0,6,1,0,0,0,0,0,1,1,0,1,0,0,0,0,14,1,0
/Users/thiago/Documents/Thiago/CodeToAnalyze/logback/logback-core/src/main/java/ch/qos/logback/core/model/processor/InsertFromJNDIModelHandler.java,ch.qos.logback.core.model.processor.InsertFromJNDIModelHandler,class,11,12,1,11,10,3,0,12,10,0.0,0.0,0.0,5,1,4,0,1,0,5,0,0,0,0,0,0,0,0,0,0,0,2,48,3,0,1,1,0,12,2,8,5,8,2,0,0,0,54,1,0
/Users/thiago/Documents/Thiago/CodeToAnalyze/logback/logback-classic/src/test/java/ch/qos/logback/classic/issue/lbcore224/Reduce.java,ch.qos.logback.classic.issue.lbcore224.Reduce$Structure,innerclass,1,1,0,1,2,1,0,0,0,0.0,1.0,1.0,2,0,1,0,0,1,2,0,0,0,3,0,0,0,0,3,0,0,0,13,1,0,0,0,0,4,0,3,2,3,0,0,0,0,8,8,0
/Users/thiago/Documents/Thiago/CodeToAnalyze/logback/logback-core/src/test/java/ch/qos/logback/core/rolling/helper/RollingCalendarTest.java,ch.qos.logback.core.rolling.helper.RollingCalendarTest,class,5,6,1,5,18,1,0,20,91,0.8,0.09090909,0.09090909,15,0,11,3,0,1,12,0,0,0,2,0,0,0,0,2,1,0,11,138,0,2,1,1,5,38,32,41,25,41,2,0,0,0,93,1,0
/Users/thiago/Documents/Thiago/CodeToAnalyze/logback/logback-core/src/main/java/ch/qos/logback/core/joran/spi/SaxEventInterpreter.java,ch.qos.logback.core.joran.spi.SaxEventInterpreter,class,17,25,8,17,38,1,0,29,104,0.82272726,0.13333334,0.35238096,20,0,12,5,0,3,15,0,0,0,11,1,0,6,0,5,3,0,0,158,12,0,10,3,2,13,2,26,6,21,2,0,0,0,192,1,0
/Users/thiago/Documents/Thiago/CodeToAnalyze/logback/logback-classic/src/main/java/ch/qos/logback/classic/pattern/LevelConverter.java,ch.qos.logback.classic.pattern.LevelConverter,class,2,2,0,2,1,3,0,2,0,0.0,NaN,NaN,1,0,1,0,0,0,1,0,0,0,0,0,0,0,0,0,0,0,0,5,1,0,0,0,0,0,0,0,0,0,0,0,0,0,14,1,0
/Users/thiago/Documents/Thiago/CodeToAnalyze/logback/logback-core/src/test/java/ch/qos/logback/core/status/StatusUtilTest.java,ch.qos.logback.core.status.StatusUtilTest,class,5,5,0,5,4,1,0,6,0,0.16666667,1.0,1.0,3,0,3,0,0,0,3,0,0,0,2,0,0,0,0,2,0,0,1,18,0,0,0,0,0,3,2,3,0,3,0,0,0,0,29,1,0
/Users/thiago/Documents/Thiago/CodeToAnalyze/logback/logback-core/src/main/java/ch/qos/logback/core/rolling/SizeAndTimeBasedFNATP.java,ch.qos.logback.core.rolling.SizeAndTimeBasedFNATP,class,2,2,0,2,1,4,0,2,0,0.0,NaN,NaN,1,0,1,0,0,0,1,0,0,0,0,0,0,0,0,0,0,0,0,6,0,0,0,0,0,1,0,0,0,0,0,0,0,0,33,1,0
/Users/thiago/Documents/Thiago/CodeToAnalyze/logback/logback-core/src/main/java/ch/qos/logback/core/rolling/helper/SizeAndTimeBasedArchiveRemover.java,ch.qos.logback.core.rolling.helper.SizeAndTimeBasedArchiveRemover$Anonymous1,anonymous,1,1,0,1,7,1,0,7,1,0.0,NaN,NaN,2,0,1,1,0,0,1,0,0,0,0,0,0,0,0,0,0,0,1,18,6,0,2,0,0,0,4,4,0,4,2,0,0,0,22,-1,0
/Users/thiago/Documents/Thiago/CodeToAnalyze/logback/logback-core/src/main/java/ch/qos/logback/core/spi/CyclicBufferTracker.java,ch.qos.logback.core.spi.CyclicBufferTracker,class,3,5,2,3,8,2,0,3,22,0.8333333,0.10714286,0.10714286,8,0,3,0,3,2,8,0,0,0,3,2,0,0,0,3,2,0,0,30,5,0,0,0,0,0,2,4,0,3,0,0,0,0,48,1,0
/Users/thiago/Documents/Thiago/CodeToAnalyze/logback/logback-core/src/test/java/ch/qos/logback/core/joran/spi/CaseCombinator.java,ch.qos.logback.core.joran.spi.CaseCombinator,class,1,4,3,1,31,1,0,11,21,0.0,NaN,NaN,7,0,0,6,0,1,1,0,0,0,0,0,0,0,0,0,0,0,0,63,15,3,1,0,5,0,8,15,6,14,3,0,0,0,38,1,0
/Users/thiago/Documents/Thiago/CodeToAnalyze/logback/logback-core/src/main/java/ch/qos/logback/core/model/TimestampModel.java,ch.qos.logback.core.model.TimestampModel,class,3,7,4,3,15,3,0,8,18,0.74999994,0.36363637,0.54545456,12,0,10,0,2,0,12,0,0,0,5,2,1,1,0,3,2,0,4,54,10,0,2,0,0,1,2,13,2,9,1,0,0,0,51,1,0
/Users/thiago/Documents/Thiago/CodeToAnalyze/logback/logback-classic/src/main/java/ch/qos/logback/classic/pattern/MicrosecondConverter.java,ch.qos.logback.classic.pattern.MicrosecondConverter,class,2,3,1,2,3,3,0,2,0,0.0,NaN,NaN,1,0,1,0,0,0,1,0,0,0,0,0,0,0,0,0,0,0,3,10,3,0,0,0,0,2,4,3,4,3,2,0,0,0,18,1,0
/Users/thiago/Documents/Thiago/CodeToAnalyze/logback/logback-core/src/test/java/ch/qos/logback/core/contention/ThreadedThroughputCalculator.java,ch.qos.logback.core.contention.ThreadedThroughputCalculator,class,3,6,3,3,5,3,0,4,3,0.0,0.0,0.0,3,0,3,0,0,0,3,0,0,0,0,0,0,0,0,0,0,0,0,18,0,1,0,0,2,4,1,2,3,1,2,0,0,0,45,1,0
/Users/thiago/Documents/Thiago/CodeToAnalyze/logback/logback-core/src/main/java/ch/qos/logback/core/rolling/TimeBasedRollingPolicy.java,ch.qos.logback.core.rolling.TimeBasedRollingPolicy,class,13,25,12,13,35,3,0,37,85,0.84343433,0.28333333,0.875,18,0,14,2,1,1,16,0,0,0,11,1,0,4,1,6,1,0,7,151,13,0,11,1,0,16,0,28,8,20,2,0,0,0,231,1,0
/Users/thiago/Documents/Thiago/CodeToAnalyze/logback/logback-core/src/main/java/ch/qos/logback/core/model/processor/AllowModelFilter.java,ch.qos.logback.core.model.processor.AllowModelFilter,class,3,4,1,3,3,1,0,1,0,0.0,1.0,1.0,2,0,1,0,0,1,2,0,0,0,1,0,0,0,0,1,1,0,0,12,2,0,1,0,0,0,0,1,0,1,1,0,0,0,8,1,0
/Users/thiago/Documents/Thiago/CodeToAnalyze/logback/logback-classic/src/main/java/ch/qos/logback/classic/joran/action/LoggerAction.java,ch.qos.logback.classic.joran.action.LoggerAction,class,6,6,0,6,2,2,0,6,1,0.0,0.0,0.0,2,0,0,0,2,0,2,0,0,0,0,0,0,0,0,0,0,0,0,17,2,0,0,0,0,0,0,5,0,5,0,0,0,0,41,1,0
/Users/thiago/Documents/Thiago/CodeToAnalyze/logback/logback-core/src/main/java/ch/qos/logback/core/hook/DefaultShutdownHook.java,ch.qos.logback.core.hook.DefaultShutdownHook,class,3,4,1,3,6,3,0,5,0,0.625,0.5,0.5,4,0,4,0,0,0,4,0,0,0,2,1,1,1,0,0,1,0,1,23,1,0,0,1,0,1,2,3,1,2,2,0,0,0,52,1,0
/Users/thiago/Documents/Thiago/CodeToAnalyze/logback/logback-core/src/main/java/ch/qos/logback/core/encoder/NonClosableInputStream.java,ch.qos.logback.core.encoder.NonClosableInputStream,class,0,0,0,0,3,3,0,1,3,0.0,0.0,0.0,3,0,2,0,0,1,3,0,0,0,0,0,0,0,0,0,0,0,0,10,0,0,0,0,0,0,0,0,0,0,0,0,0,0,21,1,0
/Users/thiago/Documents/Thiago/CodeToAnalyze/logback/logback-core/src/test/java/ch/qos/logback/core/net/server/MockEventQueue.java,ch.qos.logback.core.net.server.MockEventQueue,class,0,1,1,0,2,4,0,4,0,1.0,NaN,NaN,1,0,1,0,0,0,1,0,0,0,1,1,0,1,0,0,1,0,1,9,1,0,0,0,0,0,1,1,0,1,1,0,0,0,25,0,0
/Users/thiago/Documents/Thiago/CodeToAnalyze/logback/logback-core-blackbox/src/test/java/ch/qos/logback/core/blackbox/model/BlackboxTopModel.java,ch.qos.logback.core.blackbox.model.BlackboxTopModel,class,2,5,3,2,1,2,0,0,0,1.0,NaN,NaN,1,0,0,0,1,0,1,0,0,0,1,1,0,1,0,0,1,0,0,6,1,0,0,0,0,0,1,1,0,1,0,0,0,0,13,1,0
/Users/thiago/Documents/Thiago/CodeToAnalyze/logback/logback-core/src/test/java/ch/qos/logback/core/net/server/ConcurrentServerRunnerTest.java,ch.qos.logback.core.net.server.ConcurrentServerRunnerTest$InstrumentedConcurrentServerRunner,innerclass,3,3,0,3,5,3,0,7,4,0.5,0.16666667,0.16666667,4,0,2,0,2,0,4,0,0,0,2,0,0,2,0,0,2,0,0,32,2,1,1,2,0,0,0,2,0,2,2,0,0,0,26,8,0
/Users/thiago/Documents/Thiago/CodeToAnalyze/logback/logback-classic/src/main/java/ch/qos/logback/classic/turbo/DynamicThresholdFilter.java,ch.qos.logback.classic.turbo.DynamicThresholdFilter,class,6,6,0,6,17,3,0,9,23,0.7272727,0.29090908,1.0,11,0,11,0,0,0,11,0,0,0,5,0,0,5,0,0,0,0,0,64,7,0,3,0,0,2,0,12,1,7,1,0,0,0,202,1,0
/Users/thiago/Documents/Thiago/CodeToAnalyze/logback/logback-core/src/main/java/ch/qos/logback/core/net/ssl/KeyManagerFactoryFactoryBean.java,ch.qos.logback.core.net.ssl.KeyManagerFactoryFactoryBean,class,1,7,6,1,7,1,1,5,6,0.6,0.2,0.2,5,0,5,0,0,0,5,0,0,0,2,0,0,2,0,0,0,0,3,22,4,0,2,0,0,0,0,2,0,2,1,0,0,0,71,1,0
/Users/thiago/Documents/Thiago/CodeToAnalyze/logback/logback-core/src/main/java/ch/qos/logback/core/spi/ContextAwareImpl.java,ch.qos.logback.core.spi.ContextAwareImpl,class,8,12,4,8,18,1,1,5,44,0.77777773,0.16666667,0.22727273,12,0,11,0,1,0,12,0,0,0,3,0,0,1,1,1,1,0,0,59,5,0,6,0,0,2,2,5,1,4,2,0,0,0,43,1,0
/Users/thiago/Documents/Thiago/CodeToAnalyze/logback/logback-classic/src/test/java/ch/qos/logback/classic/net/testObjectBuilders/LoggingEventWithParametersBuilder.java,ch.qos.logback.classic.net.testObjectBuilders.LoggingEventWithParametersBuilder,class,4,5,1,4,1,1,0,12,0,0.0,NaN,NaN,1,0,1,0,0,0,1,0,0,0,3,0,0,1,0,2,1,0,1,19,1,0,0,0,0,3,0,6,2,6,0,0,0,0,22,1,0
/Users/thiago/Documents/Thiago/CodeToAnalyze/logback/logback-core/src/main/java/ch/qos/logback/core/encoder/ByteArrayUtil.java,ch.qos.logback.core.encoder.ByteArrayUtil,class,1,1,0,1,11,1,0,8,10,0.0,0.0,0.0,5,5,2,0,0,3,5,0,0,0,0,0,0,0,0,0,0,0,2,44,3,5,1,0,5,0,22,18,14,15,2,0,0,0,27,1,0
/Users/thiago/Documents/Thiago/CodeToAnalyze/logback/logback-classic/src/test/java/org/slf4j/test_osgi/FelixHost.java,org.slf4j.test_osgi.FelixHost,class,6,7,1,6,5,1,0,11,2,0.5625,0.33333334,0.5,4,0,4,0,0,0,4,0,0,0,4,0,0,1,0,3,2,0,0,40,1,0,0,1,0,9,0,8,2,7,1,0,0,0,47,1,0
/Users/thiago/Documents/Thiago/CodeToAnalyze/logback/logback-core/src/test/java/ch/qos/logback/core/net/DefaultSocketConnectorTest.java,ch.qos.logback.core.net.DefaultSocketConnectorTest$MockExceptionHandler,innerclass,2,2,0,2,5,1,0,2,0,0.0,1.0,1.0,2,0,2,0,0,0,2,0,0,0,2,0,0,2,0,0,1,0,0,25,2,0,1,2,0,0,1,2,0,2,1,0,0,0,18,10,0
/Users/thiago/Documents/Thiago/CodeToAnalyze/logback/logback-core/src/main/java/ch/qos/logback/core/joran/conditional/PropertyEvalScriptBuilder.java,ch.qos.logback.core.joran.conditional.PropertyEvalScriptBuilder,class,5,6,1,5,2,2,0,10,0,0.375,1.0,1.0,2,0,2,0,0,0,2,0,0,0,4,2,0,2,0,2,1,0,0,21,1,0,0,0,0,5,0,8,3,8,0,0,0,0,38,1,0
/Users/thiago/Documents/Thiago/CodeToAnalyze/logback/logback-core/src/main/java/ch/qos/logback/core/rolling/helper/RollingCalendar.java,ch.qos.logback.core.rolling.helper.RollingCalendar,class,3,9,6,3,51,3,0,28,9,0.73214287,0.4181818,0.5090909,14,3,11,3,0,0,11,0,0,0,4,2,0,1,0,3,2,0,15,197,26,1,3,0,2,15,32,31,18,28,3,0,0,0,138,1,0
/Users/thiago/Documents/Thiago/CodeToAnalyze/logback/logback-core/src/main/java/ch/qos/logback/core/testUtil/StringListAppender.java,ch.qos.logback.core.testUtil.StringListAppender,class,4,5,1,4,7,3,0,6,0,0.4,0.6,0.6,5,0,4,0,1,0,5,0,0,0,2,0,1,0,0,1,0,0,0,24,2,0,1,0,0,0,0,3,0,3,1,0,0,0,14,1,0
/Users/thiago/Documents/Thiago/CodeToAnalyze/logback/logback-core/src/main/java/ch/qos/logback/core/encoder/LayoutWrappingEncoder.java,ch.qos.logback.core.encoder.LayoutWrappingEncoder,class,8,10,2,8,21,3,0,15,61,0.7857143,0.1969697,0.21212122,14,0,12,2,0,0,12,0,0,0,4,0,0,1,1,2,0,0,0,79,10,0,5,0,0,5,1,11,1,8,2,0,0,0,95,1,0
/Users/thiago/Documents/Thiago/CodeToAnalyze/logback/logback-classic/src/test/java/ch/qos/logback/classic/pattern/ExtendedThrowableProxyConverterTest.java,ch.qos.logback.classic.pattern.ExtendedThrowableProxyConverterTest,class,9,10,1,9,14,1,0,25,37,0.825,0.055555556,0.083333336,10,0,7,1,0,2,9,0,0,0,4,0,0,0,0,4,0,0,1,68,5,1,1,0,0,13,5,21,3,19,1,0,0,0,58,1,0
/Users/thiago/Documents/Thiago/CodeToAnalyze/logback/logback-core/src/main/java/ch/qos/logback/core/subst/Node.java,ch.qos.logback.core.subst.Node,class,2,7,5,2,29,1,0,12,0,0.44444445,0.41666666,0.5833333,9,0,7,0,0,2,9,0,0,0,4,0,0,0,0,4,0,0,0,81,13,2,20,0,3,13,7,21,11,11,2,0,1,0,42,1,0
/Users/thiago/Documents/Thiago/CodeToAnalyze/logback/logback-core/src/main/java/ch/qos/logback/core/pattern/PostCompileProcessor.java,ch.qos.logback.core.pattern.PostCompileProcessor,interface,3,4,1,3,1,1,0,0,0,0.0,NaN,NaN,1,0,0,0,0,1,1,0,0,0,0,0,0,0,0,0,0,0,0,3,0,0,0,0,0,0,0,0,0,0,0,0,0,0,35,1,0
/Users/thiago/Documents/Thiago/CodeToAnalyze/logback/logback-core/src/test/java/ch/qos/logback/core/joran/spi/SimpleRuleStoreTest.java,ch.qos.logback.core.joran.spi.SimpleRuleStoreTest,class,10,10,0,10,29,4,0,16,0,0.115384616,0.96153843,1.0,13,0,13,0,0,0,13,0,0,0,2,0,0,0,0,2,0,0,0,184,0,10,0,0,6,53,5,30,1,30,2,0,3,23,77,1,0
/Users/thiago/Documents/Thiago/CodeToAnalyze/logback/logback-core/src/test/java/ch/qos/logback/core/joran/spi/ConfigurationWatchListTest.java,ch.qos.logback.core.joran.spi.ConfigurationWatchListTest,class,2,2,0,2,1,1,0,5,0,0.0,NaN,NaN,1,0,1,0,0,0,1,0,0,0,0,0,0,0,0,0,0,0,0,9,0,0,0,0,0,1,0,4,0,4,0,0,0,0,23,1,0
/Users/thiago/Documents/Thiago/CodeToAnalyze/logback/logback-core/src/test/java/ch/qos/logback/core/helpers/FileFilterUtilTest.java,ch.qos.logback.core.helpers.FileFilterUtilTest,class,5,5,0,5,2,1,0,5,0,0.0,NaN,NaN,1,0,1,0,0,0,1,0,0,0,1,0,0,0,0,1,0,0,2,17,0,1,0,0,0,16,2,11,0,9,1,0,0,0,34,1,0
/Users/thiago/Documents/Thiago/CodeToAnalyze/logback/logback-core/src/main/java/ch/qos/logback/core/boolex/EvaluationException.java,ch.qos.logback.core.boolex.EvaluationException,class,0,1,1,0,3,3,0,0,3,1.0,0.0,0.0,3,0,3,0,0,0,3,0,0,0,1,1,0,1,0,0,1,0,0,12,0,0,0,0,0,0,1,1,0,1,0,0,0,0,22,1,0
/Users/thiago/Documents/Thiago/CodeToAnalyze/logback/logback-core/src/main/java/ch/qos/logback/core/hook/ShutdownHook.java,ch.qos.logback.core.hook.ShutdownHook,interface,1,3,2,1,0,1,0,0,0,0.0,-1.0,-1.0,0,0,0,0,0,0,0,0,0,0,0,0,0,0,0,0,0,0,0,2,0,0,0,0,0,0,0,0,0,0,0,0,0,0,13,1,0
/Users/thiago/Documents/Thiago/CodeToAnalyze/logback/logback-classic/src/main/java/ch/qos/logback/classic/net/server/RemoteAppenderServerRunner.java,ch.qos.logback.classic.net.server.RemoteAppenderServerRunner,class,4,5,1,4,2,2,0,2,1,0.0,0.0,0.0,2,0,1,0,1,0,2,0,0,0,0,0,0,0,0,0,0,0,0,9,1,0,0,0,0,0,0,0,0,0,0,0,0,0,40,0,0
/Users/thiago/Documents/Thiago/CodeToAnalyze/logback/logback-core/src/main/java/ch/qos/logback/core/boolex/EventEvaluatorBase.java,ch.qos.logback.core.boolex.EventEvaluatorBase,class,3,3,0,3,6,2,0,0,2,0.5,0.4,0.4,5,0,5,0,0,0,5,0,0,0,2,0,0,0,0,2,0,0,0,22,2,0,1,0,0,1,0,3,0,2,1,0,0,0,21,1025,0
/Users/thiago/Documents/Thiago/CodeToAnalyze/logback/logback-classic/src/test/java/ch/qos/logback/classic/control/ScenarioAction.java,ch.qos.logback.classic.control.ScenarioAction,class,0,4,4,0,0,1,2,0,0,0.0,-1.0,-1.0,0,0,0,0,0,0,0,0,0,0,0,0,0,0,0,0,0,0,0,2,0,0,0,0,0,0,0,0,0,0,0,0,0,0,2,1,0
/Users/thiago/Documents/Thiago/CodeToAnalyze/logback/logback-classic/src/main/java/ch/qos/logback/classic/pattern/ContextNameConverter.java,ch.qos.logback.classic.pattern.ContextNameConverter,class,2,2,0,2,1,3,0,2,0,0.0,NaN,NaN,1,0,1,0,0,0,1,0,0,0,0,0,0,0,0,0,0,0,0,5,1,0,0,0,0,0,0,0,0,0,0,0,0,0,21,1,0
/Users/thiago/Documents/Thiago/CodeToAnalyze/logback/logback-classic/src/test/java/ch/qos/logback/classic/net/SocketReceiverTest.java,ch.qos.logback.classic.net.SocketReceiverTest$MockSocketConnector,innerclass,2,2,0,2,4,1,0,0,4,0.5,0.16666667,0.16666667,4,0,4,0,0,0,4,0,0,0,1,0,0,1,0,0,1,0,0,13,1,0,0,0,0,0,0,1,0,1,0,0,0,0,15,10,0
/Users/thiago/Documents/Thiago/CodeToAnalyze/logback/logback-core/src/main/java/ch/qos/logback/core/util/Loader.java,ch.qos.logback.core.util.Loader,class,3,9,6,3,19,1,0,20,45,0.9666667,0.0,0.0,10,10,10,0,0,0,11,0,0,0,3,3,1,1,0,1,2,0,13,74,15,1,3,3,0,3,0,11,0,10,2,0,0,0,126,1,0
/Users/thiago/Documents/Thiago/CodeToAnalyze/logback/logback-classic/src/main/java/ch/qos/logback/classic/net/server/RemoteAppenderServerListener.java,ch.qos.logback.classic.net.server.RemoteAppenderServerListener,class,3,5,2,3,2,2,0,0,1,0.0,0.0,0.0,2,0,1,0,1,0,2,0,0,0,0,0,0,0,0,0,0,0,0,8,1,0,0,0,0,0,0,0,0,0,0,0,0,0,25,0,0
/Users/thiago/Documents/Thiago/CodeToAnalyze/logback/logback-core/src/main/java/ch/qos/logback/core/pattern/CompositeConverter.java,ch.qos.logback.core.pattern.CompositeConverter,class,4,10,6,4,8,4,0,5,0,0.2,0.6,0.6,5,0,4,0,1,0,5,1,0,0,1,0,0,0,0,1,0,0,0,28,3,1,3,0,0,3,0,6,0,5,1,0,0,0,19,1025,0
/Users/thiago/Documents/Thiago/CodeToAnalyze/logback/logback-core/src/test/java/ch/qos/logback/core/joran/action/AsLowerCasePropertyDefiner.java,ch.qos.logback.core.joran.action.AsLowerCasePropertyDefiner,class,1,1,0,1,3,2,0,1,0,0.0,1.0,1.0,2,0,2,0,0,0,2,0,0,0,1,0,0,0,0,1,0,0,0,14,2,0,1,0,0,0,0,1,0,1,1,0,0,0,11,1,0
/Users/thiago/Documents/Thiago/CodeToAnalyze/logback/logback-core/src/main/java/ch/qos/logback/core/pattern/color/RedCompositeConverter.java,ch.qos.logback.core.pattern.color.RedCompositeConverter,class,2,2,0,2,1,6,0,0,0,0.0,NaN,NaN,1,0,0,0,1,0,1,0,0,0,0,0,0,0,0,0,0,0,0,5,1,0,0,0,0,0,0,0,0,0,0,0,0,0,27,1,0
/Users/thiago/Documents/Thiago/CodeToAnalyze/logback/logback-core/src/main/java/ch/qos/logback/core/filter/Filter.java,ch.qos.logback.core.filter.Filter,class,4,10,6,4,6,2,0,0,7,0.5833334,0.26666668,0.26666668,6,0,6,0,0,0,6,1,0,0,2,0,0,1,0,1,0,0,0,20,2,0,0,0,0,0,0,4,0,2,0,0,0,0,69,1025,0
/Users/thiago/Documents/Thiago/CodeToAnalyze/logback/logback-core/src/test/java/ch/qos/logback/core/joran/SimpleConfigurator.java,ch.qos.logback.core.joran.SimpleConfigurator,class,6,8,2,6,5,2,0,4,4,0.5,0.16666667,0.16666667,4,0,2,0,2,0,4,0,0,0,1,0,0,0,0,1,0,0,0,18,1,1,0,0,0,0,0,2,0,2,1,0,0,1,29,1,0
/Users/thiago/Documents/Thiago/CodeToAnalyze/logback/logback-core/src/main/java/ch/qos/logback/core/spi/DeferredProcessingAware.java,ch.qos.logback.core.spi.DeferredProcessingAware,interface,0,0,0,0,1,1,0,0,0,0.0,NaN,NaN,1,0,0,0,0,1,1,0,0,0,0,0,0,0,0,0,0,0,0,3,0,0,0,0,0,0,0,0,0,0,0,0,0,0,5,1,0
/Users/thiago/Documents/Thiago/CodeToAnalyze/logback/logback-core/src/main/java/ch/qos/logback/core/model/processor/ChainedModelFilter.java,ch.qos.logback.core.model.processor.ChainedModelFilter,class,8,11,3,8,11,1,0,2,1,0.2857143,0.47619048,0.47619048,7,1,7,0,0,0,7,0,0,0,1,0,0,0,0,1,0,0,0,36,7,1,0,0,0,0,0,2,0,2,2,0,0,0,17,1,0
/Users/thiago/Documents/Thiago/CodeToAnalyze/logback/logback-core/src/main/java/ch/qos/logback/core/pattern/PatternLayoutBase.java,ch.qos.logback.core.pattern.PatternLayoutBase,class,14,15,1,14,29,3,0,31,108,0.8529412,0.13333334,0.35238096,17,0,11,2,4,0,15,2,0,0,6,1,0,0,2,4,1,0,3,107,11,2,9,1,0,6,2,22,3,20,2,0,0,0,150,1025,0
/Users/thiago/Documents/Thiago/CodeToAnalyze/logback/logback-classic-blackbox/src/test/java/ch/qos/logback/classic/blackbox/joran/spi/ConfigurationWatchListTest.java,ch.qos.logback.classic.blackbox.joran.spi.ConfigurationWatchListTest,class,12,12,0,12,5,2,0,24,0,0.65000004,0.7,1.0,5,0,5,0,0,0,5,0,0,0,8,4,0,0,0,8,0,0,3,64,0,0,0,0,0,12,3,27,4,27,0,0,0,0,92,1,0
/Users/thiago/Documents/Thiago/CodeToAnalyze/logback/logback-classic/src/test/java/ch/qos/logback/classic/joran/JoranConfiguratorTest.java,ch.qos.logback.classic.joran.JoranConfiguratorTest,class,30,31,1,30,60,1,0,74,0,0.76847285,0.49304295,1.0,58,0,57,0,0,1,58,0,0,0,7,0,0,0,0,7,0,0,19,496,0,0,1,2,4,204,48,123,83,122,2,0,0,0,265,1,23
/Users/thiago/Documents/Thiago/CodeToAnalyze/logback/logback-core/src/test/java/ch/qos/logback/core/util/StatusPrinterTest.java,ch.qos.logback.core.util.StatusPrinterTest,class,10,10,0,10,5,1,0,9,0,0.3,1.0,1.0,5,0,5,0,0,0,5,0,0,0,2,0,0,0,0,2,0,0,5,69,0,0,0,0,0,25,0,26,6,24,0,0,0,0,46,1,0
/Users/thiago/Documents/Thiago/CodeToAnalyze/logback/logback-core/src/main/java/ch/qos/logback/core/spi/AppenderAttachableImpl.java,ch.qos.logback.core.spi.AppenderAttachableImpl,class,5,9,4,5,21,1,0,9,0,0.0,1.0,1.0,8,0,8,0,0,0,8,0,0,0,1,0,0,1,0,0,1,0,0,69,12,5,6,0,1,2,3,8,0,7,2,0,0,0,87,1,0
/Users/thiago/Documents/Thiago/CodeToAnalyze/logback/logback-core/src/test/java/ch/qos/logback/core/joran/util/Citrus.java,ch.qos.logback.core.joran.util.Citrus,class,1,2,1,1,3,1,0,0,3,0.8333334,0.0,0.0,3,0,3,0,0,0,3,1,0,0,4,2,2,1,0,1,2,0,0,13,0,0,0,0,0,3,0,4,0,4,0,0,0,0,20,1025,0
/Users/thiago/Documents/Thiago/CodeToAnalyze/logback/logback-classic/src/test/java/ch/qos/logback/classic/pattern/TargetLengthBasedClassNameAbbreviatorTest.java,ch.qos.logback.classic.pattern.TargetLengthBasedClassNameAbbreviatorTest,class,2,2,0,2,6,1,0,2,15,0.0,0.0,0.0,6,0,6,0,0,0,6,0,0,0,0,0,0,0,0,0,0,0,0,107,0,0,0,0,0,35,19,38,0,38,1,0,0,0,19,1,0
/Users/thiago/Documents/Thiago/CodeToAnalyze/logback/logback-classic/src/test/java/ch/qos/logback/classic/issue/lbclassic36/DateFormattingThreadedThroughputCalculator.java,ch.qos.logback.classic.issue.lbclassic36.DateFormattingThreadedThroughputCalculator,class,4,5,1,4,4,1,0,4,1,0.5,0.0,0.0,2,2,1,0,0,1,2,0,0,0,2,2,0,0,0,2,0,0,4,25,1,2,0,0,0,3,5,9,0,8,1,0,0,0,48,1,0
/Users/thiago/Documents/Thiago/CodeToAnalyze/logback/logback-core/src/main/java/ch/qos/logback/core/rolling/DefaultTimeBasedFileNamingAndTriggeringPolicy.java,ch.qos.logback.core.rolling.DefaultTimeBasedFileNamingAndTriggeringPolicy,class,5,10,5,5,6,3,0,13,3,0.0,0.0,0.0,3,0,3,0,0,0,3,0,0,0,0,0,0,0,0,0,0,0,0,32,5,0,0,0,0,4,0,7,2,4,1,0,0,0,75,1,0
/Users/thiago/Documents/Thiago/CodeToAnalyze/logback/logback-classic/src/test/java/integrator/Activator.java,integrator.Activator,class,6,6,0,6,5,1,0,10,0,0.0,1.0,1.0,3,0,3,0,0,0,3,0,0,0,1,0,0,1,0,0,0,0,0,30,2,0,1,1,0,3,0,7,0,5,1,0,0,0,29,1,2
/Users/thiago/Documents/Thiago/CodeToAnalyze/logback/logback-core/src/main/java/ch/qos/logback/core/joran/GenericXMLConfigurator.java,ch.qos.logback.core.joran.GenericXMLConfigurator,class,20,25,5,20,33,2,3,58,239,0.884058,0.017316017,0.017316017,23,1,14,1,8,0,22,2,6,0,3,0,0,1,2,0,0,0,7,165,8,0,4,5,0,9,0,25,3,23,3,0,0,0,140,1025,0
/Users/thiago/Documents/Thiago/CodeToAnalyze/logback/logback-core/src/test/java/ch/qos/logback/core/util/DefaultInvocationGateTest.java,ch.qos.logback.core.util.DefaultInvocationGateTest,class,2,2,0,2,10,1,0,5,10,0.0,0.0,0.0,5,0,5,0,0,0,5,0,0,0,0,0,0,0,0,0,0,0,0,56,0,3,0,0,0,0,24,27,5,24,1,0,0,0,57,1,0
/Users/thiago/Documents/Thiago/CodeToAnalyze/logback/logback-classic/src/main/java/ch/qos/logback/classic/model/util/DefaultClassNameHelper.java,ch.qos.logback.classic.model.util.DefaultClassNameHelper,class,4,5,1,4,10,1,0,8,0,0.0,NaN,NaN,2,0,1,1,0,0,1,0,0,0,1,0,0,0,0,1,0,0,0,26,1,2,2,0,0,0,0,5,0,5,4,0,0,0,40,1,0
/Users/thiago/Documents/Thiago/CodeToAnalyze/logback/logback-core/src/main/java/ch/qos/logback/core/joran/conditional/PropertyWrapperForScripts.java,ch.qos.logback.core.joran.conditional.PropertyWrapperForScripts,class,2,4,2,2,8,1,0,2,0,0.2,0.6,0.6,5,0,5,0,0,0,5,0,0,0,2,0,0,0,0,2,0,0,0,24,5,0,3,0,2,1,0,5,0,5,1,0,0,0,17,1,0
/Users/thiago/Documents/Thiago/CodeToAnalyze/logback/logback-classic/src/test/java/org/dummy/DummyLBAppender.java,org.dummy.DummyLBAppender,class,3,4,1,3,4,2,0,3,1,0.5555556,0.33333334,0.33333334,3,0,0,0,1,2,3,0,0,0,3,0,2,0,0,1,0,0,0,18,0,0,1,0,0,0,0,4,0,4,1,0,0,0,17,1,0
/Users/thiago/Documents/Thiago/CodeToAnalyze/logback/logback-classic/src/main/java/ch/qos/logback/classic/pattern/KeyValuePairConverter.java,ch.qos.logback.classic.pattern.KeyValuePairConverter,class,5,7,2,5,13,3,0,13,1,0.5833334,1.0,1.0,3,0,2,1,0,0,2,0,0,0,4,3,0,0,0,4,3,0,2,49,7,1,5,0,0,3,2,11,0,10,2,0,1,0,68,1,0
/Users/thiago/Documents/Thiago/CodeToAnalyze/logback/logback-core/src/main/java/ch/qos/logback/core/boolex/PropertyEvaluator.java,ch.qos.logback.core.boolex.PropertyEvaluator,interface,4,5,1,4,2,1,0,0,1,0.0,0.0,0.0,2,0,2,0,0,0,2,0,0,0,0,0,0,0,0,0,0,0,0,4,0,0,0,0,0,0,0,0,0,0,0,0,0,0,85,1,0
/Users/thiago/Documents/Thiago/CodeToAnalyze/logback/logback-classic/src/main/java/ch/qos/logback/classic/net/server/HardenedLoggingEventInputStream.java,ch.qos.logback.classic.net.server.HardenedLoggingEventInputStream,class,13,19,6,13,3,2,0,19,3,1.0,0.0,0.0,3,1,3,0,0,0,3,0,0,0,1,1,0,0,0,1,1,0,1,30,1,0,0,0,0,1,0,2,0,2,0,0,0,0,24,1,0
/Users/thiago/Documents/Thiago/CodeToAnalyze/logback/logback-classic/src/test/java/ch/qos/logback/classic/corpus/LogStatement.java,ch.qos.logback.classic.corpus.LogStatement,class,3,5,2,3,2,1,0,0,0,0.375,1.0,1.0,2,0,2,0,0,0,2,0,0,0,4,0,0,0,0,4,4,0,0,15,1,0,0,0,0,0,0,4,0,4,0,0,0,0,37,1,0
/Users/thiago/Documents/Thiago/CodeToAnalyze/logback/logback-core/src/main/java/ch/qos/logback/core/util/AggregationType.java,ch.qos.logback.core.util.AggregationType,enum,0,6,6,0,0,1,0,0,0,0.0,-1.0,-1.0,0,0,0,0,0,0,0,0,0,0,0,0,0,0,0,0,0,0,0,1,0,0,0,0,0,0,0,0,0,0,0,0,0,0,36,1,0
/Users/thiago/Documents/Thiago/CodeToAnalyze/logback/logback-core/src/main/java/ch/qos/logback/core/joran/util/ParentTag_Tag_Class_Tuple.java,ch.qos.logback.core.joran.util.ParentTag_Tag_Class_Tuple,class,0,0,0,0,2,1,0,0,0,0.0,1.0,1.0,2,0,2,0,0,0,2,0,0,0,3,0,3,0,0,0,3,0,0,14,1,0,0,0,0,4,0,3,1,3,0,0,0,0,27,1,0
/Users/thiago/Documents/Thiago/CodeToAnalyze/logback/logback-core/src/main/java/ch/qos/logback/core/UnsynchronizedAppenderBase.java,ch.qos.logback.core.UnsynchronizedAppenderBase,class,8,12,4,8,18,2,0,13,30,0.7738095,0.27272728,0.4090909,12,0,11,0,1,0,12,1,0,0,7,1,0,4,2,1,1,0,0,66,8,0,1,1,0,6,3,9,3,7,3,0,0,0,89,1025,0
/Users/thiago/Documents/Thiago/CodeToAnalyze/logback/logback-classic/src/test/java/ch/qos/logback/classic/issue/lbclassic135/lbclassic139/LB139_DeadlockTest.java,ch.qos.logback.classic.issue.lbclassic135.lbclassic139.LB139_DeadlockTest,class,6,6,0,6,2,1,0,8,0,0.0,1.0,1.0,2,0,2,0,0,0,2,0,0,0,1,0,0,0,0,1,0,0,1,25,0,0,0,0,0,7,1,7,3,7,0,0,0,0,24,1,0
/Users/thiago/Documents/Thiago/CodeToAnalyze/logback/logback-classic/src/test/java/ch/qos/logback/classic/multiJVM/FileAppenderPerf.java,ch.qos.logback.classic.multiJVM.FileAppenderPerf,class,5,6,1,5,7,1,0,20,4,0.6875,0.16666667,0.16666667,4,4,1,0,0,3,4,0,0,0,4,4,0,0,0,4,0,0,7,53,1,1,1,0,3,12,9,14,10,13,1,0,0,0,47,1,1
/Users/thiago/Documents/Thiago/CodeToAnalyze/logback/logback-classic/src/test/java/ch/qos/logback/classic/pattern/LegacyPatternLayoutTest.java,ch.qos.logback.classic.pattern.LegacyPatternLayoutTest,class,6,6,0,6,3,1,0,12,0,0.0,1.0,1.0,2,0,2,0,0,0,2,0,0,0,1,0,0,0,0,1,0,0,0,30,0,0,1,0,0,5,1,9,1,8,1,0,0,0,21,1,0
/Users/thiago/Documents/Thiago/CodeToAnalyze/logback/logback-core/src/main/java/ch/qos/logback/core/OutputStreamAppender.java,ch.qos.logback.core.OutputStreamAppender,class,9,19,10,9,40,2,0,24,63,0.7222222,0.31617647,0.6691176,18,0,9,1,6,2,17,0,1,0,4,0,0,1,2,1,1,0,0,155,7,0,11,7,1,15,3,15,5,9,2,0,0,0,168,1,0
/Users/thiago/Documents/Thiago/CodeToAnalyze/logback/logback-classic/src/test/java/ch/qos/logback/classic/LevelTest.java,ch.qos.logback.classic.LevelTest,class,1,1,0,1,2,1,0,2,1,0.0,0.0,0.0,2,0,2,0,0,0,2,0,0,0,0,0,0,0,0,0,0,0,0,12,0,0,0,0,0,6,0,0,0,0,0,0,0,0,8,1,0
/Users/thiago/Documents/Thiago/CodeToAnalyze/logback/logback-core/src/test/java/ch/qos/logback/core/net/ssl/SSLContextFactoryBeanTest.java,ch.qos.logback.core.net.ssl.SSLContextFactoryBeanTest,class,9,9,0,9,3,1,0,14,0,0.53846157,0.6666667,1.0,3,0,3,0,0,0,3,0,0,0,13,6,0,13,0,0,6,0,0,42,0,0,0,0,0,6,0,13,0,13,0,0,0,0,58,1,0
/Users/thiago/Documents/Thiago/CodeToAnalyze/logback/logback-core/src/main/java/ch/qos/logback/core/rolling/helper/ArchiveRemover.java,ch.qos.logback.core.rolling.helper.ArchiveRemover,interface,1,6,5,1,4,1,0,0,6,0.0,0.0,0.0,4,0,0,0,0,4,4,0,0,0,0,0,0,0,0,0,0,0,0,6,0,0,0,0,0,0,0,0,0,0,0,0,0,0,28,1,0
/Users/thiago/Documents/Thiago/CodeToAnalyze/logback/logback-core/src/main/java/ch/qos/logback/core/status/StatusBase.java,ch.qos.logback.core.status.StatusBase,class,2,6,4,2,33,1,3,16,31,0.7428573,0.35238096,0.5809524,15,0,13,0,0,2,15,0,0,5,7,1,0,1,0,6,3,0,3,109,16,1,12,0,3,8,2,14,0,13,2,0,0,0,62,1025,0
/Users/thiago/Documents/Thiago/CodeToAnalyze/logback/logback-classic/src/main/java/ch/qos/logback/classic/net/SimpleSSLSocketServer.java,ch.qos.logback.classic.net.SimpleSSLSocketServer,class,5,6,1,5,5,3,0,4,4,0.5,0.16666667,0.16666667,4,1,3,0,1,0,4,0,0,0,1,0,0,1,0,0,1,0,2,21,1,0,1,0,0,1,0,2,0,2,1,0,0,0,111,1,0
/Users/thiago/Documents/Thiago/CodeToAnalyze/logback/logback-classic/src/main/java/ch/qos/logback/classic/net/SyslogAppender.java,ch.qos.logback.classic.net.SyslogAppender,class,9,11,2,9,20,2,0,25,64,0.8615384,0.07272727,0.07272727,13,0,8,2,1,2,11,0,0,0,5,2,2,0,0,3,2,0,1,87,9,2,3,1,0,7,0,19,4,14,3,0,0,0,131,1,0
/Users/thiago/Documents/Thiago/CodeToAnalyze/logback/logback-core/src/main/java/ch/qos/logback/core/rolling/RolloverFailure.java,ch.qos.logback.core.rolling.RolloverFailure,class,1,4,3,1,2,5,0,0,1,1.0,0.0,0.0,2,0,2,0,0,0,2,0,0,0,1,1,0,1,0,0,1,0,0,9,0,0,0,0,0,0,1,1,0,1,0,0,0,0,22,1,0
/Users/thiago/Documents/Thiago/CodeToAnalyze/logback/logback-core/src/main/java/ch/qos/logback/core/spi/AbstractComponentTracker.java,ch.qos.logback.core.spi.AbstractComponentTracker$RemovalPredicator,interface,2,2,0,2,1,1,0,0,0,0.0,NaN,NaN,1,0,0,0,0,1,1,0,0,0,0,0,0,0,0,0,0,0,0,3,0,0,0,0,0,0,0,0,0,0,0,0,0,0,5,2,0
/Users/thiago/Documents/Thiago/CodeToAnalyze/logback/logback-core/src/main/java/ch/qos/logback/core/status/OnPrintStreamStatusListenerBase.java,ch.qos.logback.core.status.OnPrintStreamStatusListenerBase,class,7,12,5,7,21,2,3,11,59,0.81428576,0.2,0.3090909,14,0,10,3,1,0,11,1,0,0,5,1,0,0,0,5,1,0,1,64,7,1,2,0,0,1,2,15,1,11,2,0,0,0,94,1025,0
/Users/thiago/Documents/Thiago/CodeToAnalyze/logback/logback-classic/src/test/java/ch/qos/logback/classic/blackbox/util/EnvUtilTest.java,ch.qos.logback.classic.blackbox.util.EnvUtilTest,class,3,3,0,3,3,1,0,6,3,0.6666667,0.0,0.0,3,0,3,0,0,0,3,0,0,0,1,1,0,0,0,1,1,0,1,17,0,0,0,0,0,1,0,4,0,4,0,0,0,0,32,1,0
/Users/thiago/Documents/Thiago/CodeToAnalyze/logback/logback-classic/src/test/java/ch/qos/logback/classic/net/testObjectBuilders/TrivialLoggingEventVOBuilder.java,ch.qos.logback.classic.net.testObjectBuilders.TrivialLoggingEventVOBuilder,class,4,5,1,4,1,1,0,2,0,0.0,NaN,NaN,1,0,1,0,0,0,1,0,0,0,0,0,0,0,0,0,0,0,1,7,1,0,0,0,0,0,0,2,0,2,0,0,0,0,12,1,0
/Users/thiago/Documents/Thiago/CodeToAnalyze/logback/logback-classic/src/test/java/ch/qos/logback/classic/LoggerContextTest.java,ch.qos.logback.classic.LoggerContextTest,class,10,11,1,10,25,1,0,35,0,0.0,1.0,1.0,19,0,18,0,0,1,19,0,0,0,1,0,0,0,0,1,0,0,20,179,1,4,1,1,0,47,18,35,3,34,1,1,0,0,108,1,2
/Users/thiago/Documents/Thiago/CodeToAnalyze/logback/logback-core/src/main/java/ch/qos/logback/core/rolling/helper/TimeBasedArchiveRemover.java,ch.qos.logback.core.rolling.helper.TimeBasedArchiveRemover$ArchiveRemoverRunnable,innerclass,1,1,0,1,4,1,0,2,0,0.0,1.0,1.0,2,0,1,0,0,1,2,0,0,0,1,0,0,0,0,1,0,0,0,12,0,0,1,0,0,0,1,1,0,1,1,0,0,0,27,1,0
/Users/thiago/Documents/Thiago/CodeToAnalyze/logback/logback-classic/src/main/java/ch/qos/logback/classic/pattern/PrefixCompositeConverter.java,ch.qos.logback.classic.pattern.PrefixCompositeConverter,class,5,5,0,5,8,2,0,11,1,0.0,0.0,0.0,2,0,1,0,1,0,2,0,0,0,0,0,0,0,0,0,0,0,0,32,1,1,4,0,0,3,0,10,0,9,3,0,0,0,28,1,0
/Users/thiago/Documents/Thiago/CodeToAnalyze/logback/logback-core/src/main/java/ch/qos/logback/core/sift/AbstractDiscriminator.java,ch.qos.logback.core.sift.AbstractDiscriminator,class,3,4,1,3,3,2,0,0,0,0.0,1.0,1.0,3,0,3,0,0,0,3,0,0,0,1,0,0,0,1,0,0,0,0,12,1,0,0,0,0,0,0,2,0,1,0,0,0,0,21,1025,0
/Users/thiago/Documents/Thiago/CodeToAnalyze/logback/logback-core/src/main/java/ch/qos/logback/core/pattern/color/CyanCompositeConverter.java,ch.qos.logback.core.pattern.color.CyanCompositeConverter,class,2,2,0,2,1,6,0,0,0,0.0,NaN,NaN,1,0,0,0,1,0,1,0,0,0,0,0,0,0,0,0,0,0,0,5,1,0,0,0,0,0,0,0,0,0,0,0,0,0,27,1,0
/Users/thiago/Documents/Thiago/CodeToAnalyze/logback/logback-classic/src/test/java/ch/qos/logback/classic/control/ControlLoggerContext.java,ch.qos.logback.classic.control.ControlLoggerContext,class,1,6,5,1,11,1,0,5,0,0.4,0.6,1.0,5,0,5,0,0,0,5,0,1,0,2,0,0,1,0,1,0,0,0,53,5,1,5,0,0,3,3,11,0,7,4,0,0,0,74,1,0
/Users/thiago/Documents/Thiago/CodeToAnalyze/logback/logback-core/src/main/java/ch/qos/logback/core/recovery/RecoveryListener.java,ch.qos.logback.core.recovery.RecoveryListener,interface,0,1,1,0,2,1,0,0,1,0.0,0.0,0.0,2,0,0,0,0,2,2,0,0,0,0,0,0,0,0,0,0,0,0,4,0,0,0,0,0,0,0,0,0,0,0,0,0,0,22,1,0
/Users/thiago/Documents/Thiago/CodeToAnalyze/logback/logback-classic/src/main/java/ch/qos/logback/classic/joran/PropertiesConfigurator.java,ch.qos.logback.classic.joran.PropertiesConfigurator$Anonymous1,anonymous,0,0,0,0,4,1,0,2,0,0.0,NaN,NaN,1,0,1,0,0,0,1,0,0,0,0,0,0,0,0,0,0,0,0,13,2,0,3,0,0,0,3,3,1,3,1,0,0,0,7,-1,0
/Users/thiago/Documents/Thiago/CodeToAnalyze/logback/logback-classic/src/main/java/ch/qos/logback/classic/net/LoggingEventPreSerializationTransformer.java,ch.qos.logback.classic.net.LoggingEventPreSerializationTransformer,class,4,9,5,4,4,1,0,3,0,0.0,NaN,NaN,1,0,1,0,0,0,1,0,0,0,0,0,0,0,0,0,0,0,1,16,3,0,1,0,0,1,0,0,1,0,1,0,0,0,16,1,0
/Users/thiago/Documents/Thiago/CodeToAnalyze/logback/logback-core/src/test/java/ch/qos/logback/core/net/SyslogAppenderBaseTest.java,ch.qos.logback.core.net.SyslogAppenderBaseTest,class,2,2,0,2,1,1,0,2,0,0.0,NaN,NaN,1,0,1,0,0,0,1,0,0,0,0,0,0,0,0,0,0,0,24,28,0,0,0,0,0,24,0,0,0,0,0,0,0,0,12,1,0
/Users/thiago/Documents/Thiago/CodeToAnalyze/logback/logback-classic/src/test/java/ch/qos/logback/classic/sift/SiftingAppenderTest.java,ch.qos.logback.classic.sift.SiftingAppenderTest,class,20,21,1,20,21,1,0,52,0,0.619883,0.7058824,0.88235295,19,0,16,2,1,0,17,0,0,0,9,1,0,0,0,9,0,0,3,259,1,2,0,0,3,92,29,74,39,70,1,1,0,0,126,1,19
/Users/thiago/Documents/Thiago/CodeToAnalyze/logback/logback-core/src/test/java/ch/qos/logback/core/issue/NoLockThroughput.java,ch.qos.logback.core.issue.NoLockThroughput,class,6,7,1,6,4,1,0,4,1,0.5,0.0,0.0,2,2,1,0,0,1,2,0,0,0,2,2,0,0,0,2,0,0,2,21,1,2,0,0,0,2,5,8,0,7,1,0,0,0,48,1,0
/Users/thiago/Documents/Thiago/CodeToAnalyze/logback/logback-classic/src/test/java/ch/qos/logback/classic/issue/lbclassic180/HtmlEscapedMessageConverter.java,ch.qos.logback.classic.issue.lbclassic180.HtmlEscapedMessageConverter,class,2,2,0,2,1,2,0,2,0,0.0,NaN,NaN,1,0,1,0,0,0,1,0,0,0,0,0,0,0,0,0,0,0,0,5,1,0,0,0,0,0,0,0,0,0,0,0,0,0,10,1,0
/Users/thiago/Documents/Thiago/CodeToAnalyze/logback/logback-classic-blackbox/src/test/java/ch/qos/logback/classic/blackbox/joran/spi/ConfigFileServlet.java,ch.qos.logback.classic.blackbox.joran.spi.ConfigFileServlet,class,3,4,1,3,8,2,0,12,0,0.6,0.5,0.5,4,0,2,0,2,0,4,0,0,0,5,3,1,0,0,4,3,0,0,39,0,1,1,0,0,4,3,10,0,9,3,0,0,0,55,1,0
/Users/thiago/Documents/Thiago/CodeToAnalyze/logback/logback-examples/src/main/java/chapters/layouts/PatternSample.java,chapters.layouts.PatternSample,class,4,4,0,4,1,1,0,11,0,0.0,NaN,NaN,1,1,1,0,0,0,1,0,0,0,0,0,0,0,0,0,0,0,0,18,0,0,0,0,0,4,0,4,0,4,0,0,0,0,14,1,2
/Users/thiago/Documents/Thiago/CodeToAnalyze/logback/logback-classic/src/main/java/ch/qos/logback/classic/pattern/color/HighlightingCompositeConverter.java,ch.qos.logback.classic.pattern.color.HighlightingCompositeConverter,class,3,3,0,3,4,2,0,2,0,0.0,NaN,NaN,1,0,0,0,1,0,1,0,0,0,0,0,0,0,0,0,0,0,0,15,4,0,0,0,0,0,0,1,1,1,1,0,0,0,39,1,0
/Users/thiago/Documents/Thiago/CodeToAnalyze/logback/logback-examples/src/main/java/chapters/layouts/SampleLogging.java,chapters.layouts.SampleLogging,class,4,5,1,4,2,1,0,8,0,0.0,NaN,NaN,1,1,1,0,0,0,1,0,0,0,0,0,0,0,0,0,0,0,0,17,0,0,0,1,0,2,1,3,0,3,1,0,0,0,15,1,2
/Users/thiago/Documents/Thiago/CodeToAnalyze/logback/logback-core/src/test/java/ch/qos/logback/core/rolling/MultiThreadedRollingTest.java,ch.qos.logback.core.rolling.MultiThreadedRollingTest$RFARunnable,innerclass,2,2,0,2,6,2,0,3,0,0.0,1.0,1.0,2,0,1,0,0,1,2,0,0,0,3,0,0,0,0,3,0,0,1,23,0,1,1,1,1,1,3,3,2,3,3,0,0,0,19,8,0
/Users/thiago/Documents/Thiago/CodeToAnalyze/logback/logback-core/src/main/java/ch/qos/logback/core/property/FileExistsPropertyDefiner.java,ch.qos.logback.core.property.FileExistsPropertyDefiner,class,2,2,0,2,4,3,0,4,0,0.0,1.0,1.0,3,0,3,0,0,0,3,0,0,0,1,0,0,0,0,1,0,0,1,17,3,0,0,0,0,1,0,2,0,2,1,0,0,0,42,1,0
/Users/thiago/Documents/Thiago/CodeToAnalyze/logback/logback-classic/src/main/java/ch/qos/logback/classic/jul/LevelChangePropagator.java,ch.qos.logback.classic.jul.LevelChangePropagator,class,8,10,2,8,18,2,0,17,58,0.8333333,0.08888889,0.13333334,12,0,10,2,0,0,10,0,0,0,3,0,0,1,0,2,0,0,4,61,2,2,2,0,0,5,0,14,2,11,2,0,0,0,55,1,0
/Users/thiago/Documents/Thiago/CodeToAnalyze/logback/logback-classic/src/main/java/ch/qos/logback/classic/sift/SiftingAppender.java,ch.qos.logback.classic.sift.SiftingAppender,class,6,7,1,6,6,2,0,4,3,0.0,0.0,0.0,3,0,1,0,2,0,3,0,0,0,0,0,0,0,0,0,0,0,0,16,4,1,1,0,0,0,0,1,0,1,2,0,0,0,52,1,0
/Users/thiago/Documents/Thiago/CodeToAnalyze/logback/logback-classic/src/test/java/ch/qos/logback/classic/jsonTest/MarkerDeserializer.java,ch.qos.logback.classic.jsonTest.MarkerDeserializer,class,6,7,1,6,3,2,0,4,0,0.0,1.0,1.0,3,0,3,0,0,0,3,0,0,0,1,0,0,0,0,1,0,0,0,16,1,0,0,0,0,0,0,4,0,4,0,0,0,0,18,1,0
/Users/thiago/Documents/Thiago/CodeToAnalyze/logback/logback-core/src/main/java/ch/qos/logback/core/model/processor/ModelHandlerException.java,ch.qos.logback.core.model.processor.ModelHandlerException,class,0,5,5,0,2,3,0,0,1,1.0,0.0,0.0,2,0,2,0,0,0,2,0,0,0,1,1,0,1,0,0,1,0,0,8,0,0,0,0,0,0,1,1,0,1,0,0,0,0,13,1,0
/Users/thiago/Documents/Thiago/CodeToAnalyze/logback/logback-classic/src/main/java/ch/qos/logback/classic/pattern/MDCConverter.java,ch.qos.logback.classic.pattern.MDCConverter,class,4,7,3,4,11,3,0,13,0,0.4,1.0,1.0,5,0,4,1,0,0,4,0,0,0,2,0,0,2,0,0,0,0,1,51,6,1,4,0,0,2,3,10,0,7,2,0,0,0,51,1,0
/Users/thiago/Documents/Thiago/CodeToAnalyze/logback/logback-core/src/test/java/ch/qos/logback/core/net/server/test/MockServerRunner.java,ch.qos.logback.core.net.server.test.MockServerRunner,class,5,6,1,5,10,2,0,1,12,0.6666667,0.2857143,0.39285713,8,0,8,0,0,0,8,0,0,0,3,0,0,3,0,0,0,0,0,33,3,0,1,0,0,1,1,2,0,3,1,0,0,0,35,1,0
/Users/thiago/Documents/Thiago/CodeToAnalyze/logback/logback-core/src/main/java/ch/qos/logback/core/net/SocketConnector.java,ch.qos.logback.core.net.SocketConnector,interface,1,6,5,1,3,1,0,0,3,0.0,0.0,0.0,3,0,0,0,0,3,3,0,0,0,0,0,0,0,0,0,0,0,0,8,0,0,0,0,0,0,0,0,0,0,0,0,1,0,50,1,0
/Users/thiago/Documents/Thiago/CodeToAnalyze/logback/logback-core/src/main/java/ch/qos/logback/core/util/DefaultInvocationGate.java,ch.qos.logback.core.util.DefaultInvocationGate,class,2,4,2,2,13,1,0,4,8,0.77272725,0.3,0.6,8,0,4,3,0,1,5,0,1,0,11,5,0,7,0,4,5,0,1,56,5,0,1,0,3,0,8,16,7,12,2,0,0,0,62,1,0
/Users/thiago/Documents/Thiago/CodeToAnalyze/logback/logback-classic/src/test/java/ch/qos/logback/classic/issue/lbclassic36/SelectiveDateFormattingRunnable.java,ch.qos.logback.classic.issue.lbclassic36.SelectiveDateFormattingRunnable$FormattingModel,enum,0,0,0,0,0,1,0,0,0,0.0,-1.0,-1.0,0,0,0,0,0,0,0,0,0,0,0,0,0,0,0,0,0,0,0,1,0,0,0,0,0,0,0,0,0,0,0,0,0,0,7,0,0
/Users/thiago/Documents/Thiago/CodeToAnalyze/logback/logback-classic/src/test/java/ch/qos/logback/classic/net/testObjectBuilders/MinimalSer.java,ch.qos.logback.classic.net.testObjectBuilders.MinimalSer,class,0,2,2,0,1,1,0,0,0,0.5,NaN,NaN,1,0,1,0,0,0,1,0,0,0,2,1,0,1,0,1,1,0,0,7,0,0,0,0,0,0,1,2,0,2,0,0,0,0,12,1,0
/Users/thiago/Documents/Thiago/CodeToAnalyze/logback/logback-core/src/test/java/ch/qos/logback/core/util/InvocationGateTest.java,ch.qos.logback.core.util.InvocationGateTest$SimpleInvocationGateHarness,innerclass,1,1,0,1,3,2,0,2,0,0.0,1.0,1.0,2,0,2,0,0,0,2,0,0,0,1,0,0,0,0,1,0,0,1,11,0,1,0,0,0,0,0,1,0,1,1,0,0,0,31,0,0
/Users/thiago/Documents/Thiago/CodeToAnalyze/logback/logback-core/src/test/java/ch/qos/logback/core/joran/implicitAction/FruitContext.java,ch.qos.logback.core.joran.implicitAction.FruitContext,class,2,3,1,2,3,2,0,1,0,0.0,1.0,1.0,3,0,3,0,0,0,3,0,0,0,1,0,0,0,0,1,0,0,0,12,1,0,0,0,0,0,0,2,0,1,0,0,0,0,10,1,0
/Users/thiago/Documents/Thiago/CodeToAnalyze/logback/logback-classic/src/main/java/ch/qos/logback/classic/util/LogbackMDCAdapterSimple.java,ch.qos.logback.classic.util.LogbackMDCAdapterSimple,class,3,4,1,3,21,1,0,15,37,0.60714287,0.3181818,0.3181818,14,0,12,2,0,0,12,0,0,0,2,0,0,1,0,1,2,0,1,74,12,0,7,0,2,1,0,10,0,10,1,0,0,0,135,1,0
/Users/thiago/Documents/Thiago/CodeToAnalyze/logback/logback-classic-blackbox/src/test/java/ch/qos/logback/classic/blackbox/joran/conditional/ConditionalTest.java,ch.qos.logback.classic.blackbox.joran.conditional.ConditionalTest,class,18,19,1,18,12,1,0,29,0,0.75,0.6181818,1.0,12,0,10,1,0,1,11,0,0,0,8,0,0,0,0,8,0,0,2,99,1,0,0,0,0,32,10,33,11,33,0,0,0,0,87,1,1
/Users/thiago/Documents/Thiago/CodeToAnalyze/logback/logback-classic/src/test/java/ch/qos/logback/classic/issue/lbclassic36/DateFormatOriginal_tzest.java,ch.qos.logback.classic.issue.lbclassic36.DateFormatOriginal_tzest$UnsynchronizedDateFormatter,innerclass,1,1,0,1,1,1,0,1,0,0.0,NaN,NaN,1,0,1,0,0,0,1,0,0,1,0,0,0,0,0,0,0,0,0,5,1,0,0,0,0,0,0,0,0,0,0,0,0,0,17,9,0
/Users/thiago/Documents/Thiago/CodeToAnalyze/logback/logback-core/src/main/java/ch/qos/logback/core/sift/DefaultDiscriminator.java,ch.qos.logback.core.sift.DefaultDiscriminator,class,2,3,1,2,2,3,0,0,0,0.0,1.0,1.0,2,0,2,0,0,0,2,0,0,0,1,1,1,0,0,0,1,0,0,9,2,0,0,0,0,1,0,1,0,1,0,0,0,0,16,1,0
/Users/thiago/Documents/Thiago/CodeToAnalyze/logback/logback-classic/performance/src/java/ch/qos/logback/reflect/JEXLTest.java,ch.qos.logback.reflect.JEXLTest,class,7,8,1,7,5,1,0,11,3,0.0,0.0,0.0,3,3,1,0,0,2,3,0,0,0,0,0,0,0,0,0,0,0,7,34,0,2,0,0,2,11,6,17,11,17,1,0,0,0,38,1,0
/Users/thiago/Documents/Thiago/CodeToAnalyze/logback/logback-core/src/main/java/ch/qos/logback/core/sift/AppenderFactory.java,ch.qos.logback.core.sift.AppenderFactory,interface,3,8,5,3,1,1,0,0,0,0.0,NaN,NaN,1,0,0,0,0,1,1,0,0,0,0,0,0,0,0,0,0,0,0,3,0,0,0,0,0,0,0,0,0,0,0,0,0,0,18,1,0
/Users/thiago/Documents/Thiago/CodeToAnalyze/logback/logback-core/src/test/java/ch/qos/logback/core/issue/NoLockingInJava.java,ch.qos.logback.core.issue.NoLockingInJava,class,1,2,1,1,12,1,0,7,9,0.77777773,0.2,0.4,6,4,6,0,0,0,6,0,0,0,6,4,0,2,0,4,0,0,9,49,2,5,0,0,0,13,7,12,8,9,2,0,0,0,49,1,0
/Users/thiago/Documents/Thiago/CodeToAnalyze/logback/logback-classic/src/test/java/ch/qos/logback/classic/issue/lbclassic323/Barebones.java,ch.qos.logback.classic.issue.lbclassic323.Barebones,class,3,3,0,3,2,1,0,3,0,0.0,NaN,NaN,1,1,1,0,0,0,1,0,0,0,0,0,0,0,0,0,0,0,0,24,0,1,0,0,0,2,2,3,1,3,1,0,1,0,10,1,0
/Users/thiago/Documents/Thiago/CodeToAnalyze/logback/logback-core/src/main/java/ch/qos/logback/core/Appender.java,ch.qos.logback.core.Appender,interface,4,13,9,4,3,1,0,0,3,0.0,0.0,0.0,3,0,0,0,0,3,3,0,0,0,0,0,0,0,0,0,0,0,0,5,0,0,0,0,0,0,0,0,0,0,0,0,0,0,34,1,0
/Users/thiago/Documents/Thiago/CodeToAnalyze/logback/logback-classic/src/test/java/ch/qos/logback/classic/net/SocketReceiverTest.java,ch.qos.logback.classic.net.SocketReceiverTest,class,17,17,0,17,10,5,0,47,0,0.62727267,1.0,1.0,10,0,10,0,0,0,10,0,0,0,11,2,0,10,0,1,2,0,7,160,0,0,0,0,0,6,15,28,6,28,0,0,3,0,86,1,0
/Users/thiago/Documents/Thiago/CodeToAnalyze/logback/logback-core/src/main/java/ch/qos/logback/core/testUtil/DelayingListAppender.java,ch.qos.logback.core.testUtil.DelayingListAppender,class,2,2,0,2,3,4,0,2,0,0.25,1.0,1.0,2,0,2,0,0,0,2,0,0,0,2,0,2,0,0,0,0,0,1,16,0,0,0,1,0,0,1,4,0,2,1,0,0,0,13,1,0
/Users/thiago/Documents/Thiago/CodeToAnalyze/logback/logback-core/src/test/java/ch/qos/logback/core/encoder/NopEncoder.java,ch.qos.logback.core.encoder.NopEncoder,class,3,6,3,3,3,2,0,0,3,0.0,0.0,0.0,3,0,3,0,0,0,3,0,0,0,0,0,0,0,0,0,0,0,0,11,3,0,0,0,0,0,0,0,0,0,0,0,0,0,7,1,0
/Users/thiago/Documents/Thiago/CodeToAnalyze/logback/logback-classic/src/test/java/ch/qos/logback/classic/LoggerPerfTest.java,ch.qos.logback.classic.LoggerPerfTest$SleepAppender,innerclass,2,2,0,2,3,2,0,1,0,0.0,1.0,1.0,2,0,1,0,1,0,2,0,0,0,1,1,0,1,0,0,0,0,1,13,0,0,0,1,0,0,1,2,0,1,1,0,0,0,11,9,0
/Users/thiago/Documents/Thiago/CodeToAnalyze/logback/logback-core/src/main/java/ch/qos/logback/core/model/AppenderModel.java,ch.qos.logback.core.model.AppenderModel,class,3,7,4,3,1,4,0,0,0,1.0,NaN,NaN,1,0,0,0,1,0,1,0,0,0,1,1,0,1,0,0,1,0,0,6,1,0,0,0,0,0,1,1,0,1,0,0,0,0,15,1,0
/Users/thiago/Documents/Thiago/CodeToAnalyze/logback/logback-core/src/main/java/ch/qos/logback/core/net/ssl/SSLParametersConfiguration.java,ch.qos.logback.core.net.ssl.SSLParametersConfiguration,class,5,14,9,5,33,2,0,29,149,0.8888889,0.08571429,0.08571429,19,0,15,4,0,0,15,0,0,0,9,0,0,9,0,0,0,0,9,110,12,2,8,0,0,4,0,12,3,10,2,0,0,0,132,1,0
/Users/thiago/Documents/Thiago/CodeToAnalyze/logback/logback-classic/src/test/java/ch/qos/logback/classic/util/LogbackMDCAdapterTest.java,ch.qos.logback.classic.util.LogbackMDCAdapterTest$ChildThread,innerclass,2,2,0,2,5,2,0,7,0,0.41666666,1.0,1.0,4,0,1,0,0,3,4,0,0,0,6,0,0,0,0,6,0,0,0,30,0,0,1,0,0,1,0,6,2,6,1,0,0,0,31,0,0
/Users/thiago/Documents/Thiago/CodeToAnalyze/logback/logback-classic/src/main/java/ch/qos/logback/classic/spi/PackagingDataCalculator.java,ch.qos.logback.classic.spi.PackagingDataCalculator,class,5,9,4,5,49,1,0,38,53,0.90909094,0.0,0.0,11,0,1,6,0,4,6,0,0,0,3,2,0,1,0,2,1,0,3,190,26,4,19,4,1,7,10,47,8,40,5,0,0,0,117,1,0
/Users/thiago/Documents/Thiago/CodeToAnalyze/logback/logback-core/src/test/java/ch/qos/logback/core/pattern/parser/FormatInfoTest.java,ch.qos.logback.core.pattern.parser.FormatInfoTest,class,2,2,0,2,6,1,0,7,10,0.0,0.0,0.0,5,0,5,0,0,0,5,0,0,0,0,0,0,0,0,0,0,0,0,81,0,0,0,1,0,11,12,18,0,18,1,0,0,0,29,1,0
/Users/thiago/Documents/Thiago/CodeToAnalyze/logback/logback-core/src/main/java/ch/qos/logback/core/util/CachingDateFormatter.java,ch.qos.logback.core.util.CachingDateFormatter,class,1,6,5,1,7,1,0,9,4,0.5833333,0.16666667,0.16666667,4,0,4,0,0,0,4,0,1,0,3,0,0,0,0,3,3,0,4,43,1,0,3,0,0,0,1,11,0,9,1,0,1,0,42,1,0
/Users/thiago/Documents/Thiago/CodeToAnalyze/logback/logback-core/src/main/java/ch/qos/logback/core/joran/spi/ElementPath.java,ch.qos.logback.core.joran.spi.ElementPath,class,1,9,8,1,26,1,1,15,1,0.2857143,0.5769231,0.5769231,14,0,12,1,1,0,13,0,0,0,1,0,0,0,0,1,0,0,0,80,15,3,4,0,2,3,4,8,2,8,2,0,0,0,58,1,0
/Users/thiago/Documents/Thiago/CodeToAnalyze/logback/logback-core/src/test/java/ch/qos/logback/core/net/server/MockClientVisitor.java,ch.qos.logback.core.net.server.MockClientVisitor,class,2,3,1,2,2,1,0,0,0,0.0,1.0,1.0,2,0,2,0,0,0,2,0,0,0,1,0,0,1,0,0,0,0,0,9,1,0,0,0,0,0,0,1,0,1,0,0,0,0,15,1,0
/Users/thiago/Documents/Thiago/CodeToAnalyze/logback/logback-classic/src/test/java/ch/qos/logback/classic/spi/BogusClassLoader.java,ch.qos.logback.classic.spi.BogusClassLoader,class,1,3,2,1,5,4,0,3,6,0.0,0.0,0.0,4,0,3,0,1,0,4,0,0,0,0,0,0,0,0,0,0,0,0,17,2,0,0,0,0,1,0,0,0,0,1,0,0,0,31,1,0
/Users/thiago/Documents/Thiago/CodeToAnalyze/logback/logback-core/src/test/java/ch/qos/logback/core/rolling/FileOpener.java,ch.qos.logback.core.rolling.FileOpener,class,0,0,0,0,1,1,0,4,0,0.0,NaN,NaN,1,1,1,0,0,0,1,0,0,0,0,0,0,0,0,0,0,0,1,9,0,0,0,0,0,2,1,1,0,1,0,0,0,0,27,1,0
/Users/thiago/Documents/Thiago/CodeToAnalyze/logback/logback-classic/src/test/java/ch/qos/logback/classic/net/testObjectBuilders/Builder.java,ch.qos.logback.classic.net.testObjectBuilders.Builder,interface,1,8,7,1,1,1,0,0,0,1.0,NaN,NaN,1,0,0,0,0,1,1,0,0,0,1,0,0,0,0,1,0,0,0,4,0,0,0,0,0,1,0,1,0,1,0,0,0,0,12,1,0
/Users/thiago/Documents/Thiago/CodeToAnalyze/logback/logback-core/src/main/java/ch/qos/logback/core/net/server/Client.java,ch.qos.logback.core.net.server.Client,interface,0,8,8,0,1,1,0,0,0,0.0,NaN,NaN,1,0,0,0,0,1,1,0,0,0,0,0,0,0,0,0,0,0,0,3,0,0,0,0,0,0,0,0,0,0,0,0,0,0,99,1,0
/Users/thiago/Documents/Thiago/CodeToAnalyze/logback/logback-core/src/test/java/ch/qos/logback/core/joran/spi/NoAutoStartUtilTest.java,ch.qos.logback.core.joran.spi.NoAutoStartUtilTest$ComponentWithNoAutoStartOnAncestor,innerclass,1,1,0,1,0,2,0,0,0,0.0,-1.0,-1.0,0,0,0,0,0,0,0,0,0,0,0,0,0,0,0,0,0,0,0,2,0,0,0,0,0,0,0,0,0,0,0,0,0,0,9,10,0
/Users/thiago/Documents/Thiago/CodeToAnalyze/logback/logback-classic/src/test/java/ch/qos/logback/classic/issue/lbclassic36/DateFormatOriginal_tzest.java,ch.qos.logback.classic.issue.lbclassic36.DateFormatOriginal_tzest$Formatter,interface,0,0,0,0,1,1,0,0,0,0.0,NaN,NaN,1,0,0,0,0,1,1,0,0,0,0,0,0,0,0,0,0,0,0,3,0,0,0,0,0,0,0,0,0,0,0,0,0,0,4,1,0
/Users/thiago/Documents/Thiago/CodeToAnalyze/logback/logback-core-blackbox/src/test/java/ch/qos/logback/core/blackbox/joran/conditional/PropertyEvalScriptBuilderTest.java,ch.qos.logback.core.blackbox.joran.conditional.PropertyEvalScriptBuilderTest,class,9,10,1,9,14,1,0,14,11,0.72222215,0.43956044,1.0,14,0,12,0,0,2,14,0,0,0,9,0,0,0,0,9,0,0,3,65,0,0,0,0,0,10,0,11,5,11,0,0,0,0,48,1,0
/Users/thiago/Documents/Thiago/CodeToAnalyze/logback/logback-core/src/test/java/ch/qos/logback/core/net/mock/MockContext.java,ch.qos.logback.core.net.mock.MockContext,class,5,12,7,5,5,2,0,1,6,0.6,0.2,0.2,5,0,5,0,0,0,5,0,0,0,2,0,0,2,0,0,1,0,0,43,2,0,0,0,0,0,0,2,0,2,0,0,1,0,20,1,0
/Users/thiago/Documents/Thiago/CodeToAnalyze/logback/logback-core/src/main/java/ch/qos/logback/core/spi/AppenderAttachable.java,ch.qos.logback.core.spi.AppenderAttachable,interface,2,7,5,2,7,1,0,0,21,0.0,0.0,0.0,7,0,0,0,0,7,7,0,0,0,0,0,0,0,0,0,0,0,0,9,0,0,0,0,0,0,0,0,0,0,0,0,0,0,50,1,0
/Users/thiago/Documents/Thiago/CodeToAnalyze/logback/logback-core/src/test/java/ch/qos/logback/core/model/TopModel.java,ch.qos.logback.core.model.TopModel,class,2,8,6,2,1,2,0,0,0,1.0,NaN,NaN,1,0,0,0,1,0,1,0,0,0,1,1,0,1,0,0,1,0,0,6,1,0,0,0,0,0,1,1,0,1,0,0,0,0,12,1,0
/Users/thiago/Documents/Thiago/CodeToAnalyze/logback/logback-core/src/test/java/ch/qos/logback/core/issue/lbcore258/Logback1362.java,ch.qos.logback.core.issue.lbcore258.Logback1362$Anonymous4,anonymous,2,2,0,2,1,1,0,4,0,0.0,NaN,NaN,1,0,1,0,0,0,1,0,0,0,0,0,0,0,0,0,0,0,0,8,0,0,0,0,0,2,0,0,2,0,0,0,0,0,13,-1,0
/Users/thiago/Documents/Thiago/CodeToAnalyze/logback/logback-core/src/main/java/ch/qos/logback/core/joran/spi/JoranException.java,ch.qos.logback.core.joran.spi.JoranException,class,0,2,2,0,2,3,0,0,1,1.0,0.0,0.0,2,0,2,0,0,0,2,0,0,0,1,1,0,1,0,0,1,0,0,9,0,0,0,0,0,0,1,1,0,1,0,0,0,0,12,1,0
/Users/thiago/Documents/Thiago/CodeToAnalyze/logback/logback-core/src/main/java/ch/qos/logback/core/subst/Token.java,ch.qos.logback.core.subst.Token$Type,enum,0,0,0,0,0,1,0,0,0,0.0,-1.0,-1.0,0,0,0,0,0,0,0,0,0,0,0,0,0,0,0,0,0,0,0,1,0,0,0,0,0,0,0,0,0,0,0,0,0,0,9,1,0
/Users/thiago/Documents/Thiago/CodeToAnalyze/logback/logback-core/src/test/java/ch/qos/logback/core/issue/lbcore258/Logback1362.java,ch.qos.logback.core.issue.lbcore258.Logback1362$Anonymous3,anonymous,0,0,0,0,1,1,0,0,0,0.0,NaN,NaN,1,0,1,0,0,0,1,0,0,0,0,0,0,0,0,0,0,0,0,5,0,0,0,0,0,1,0,0,0,0,0,0,0,0,7,-1,0
/Users/thiago/Documents/Thiago/CodeToAnalyze/logback/logback-core/src/test/java/ch/qos/logback/core/issue/lbcore258/Logback1362.java,ch.qos.logback.core.issue.lbcore258.Logback1362$Anonymous2,anonymous,2,2,0,2,3,1,0,1,3,0.0,0.0,0.0,3,0,3,0,0,0,3,0,0,0,0,0,0,0,0,0,0,0,0,12,3,0,0,0,0,0,1,0,1,0,0,0,0,0,13,-1,0
/Users/thiago/Documents/Thiago/CodeToAnalyze/logback/logback-core/src/test/java/ch/qos/logback/core/issue/lbcore258/Logback1362.java,ch.qos.logback.core.issue.lbcore258.Logback1362$Anonymous1,anonymous,1,1,0,1,1,1,0,1,0,0.0,NaN,NaN,1,0,1,0,0,0,1,0,0,0,0,0,0,0,0,0,0,0,0,5,0,0,0,0,0,1,0,0,1,0,0,0,0,0,8,-1,0
/Users/thiago/Documents/Thiago/CodeToAnalyze/logback/logback-core/src/main/java/ch/qos/logback/core/joran/action/StatusListenerAction.java,ch.qos.logback.core.joran.action.StatusListenerAction,class,9,9,0,9,3,4,0,5,1,1.0,0.0,0.0,2,0,0,0,2,0,2,0,0,0,3,0,0,0,0,3,0,0,1,18,3,0,0,0,0,2,0,5,1,5,1,0,0,0,45,1,0
/Users/thiago/Documents/Thiago/CodeToAnalyze/logback/logback-core/src/test/java/ch/qos/logback/core/net/ssl/mock/MockContextAware.java,ch.qos.logback.core.net.ssl.mock.MockContextAware,class,3,5,2,3,9,2,0,3,9,0.7142857,0.4,0.4,7,0,6,1,0,0,6,0,0,0,3,0,0,3,0,0,3,0,0,29,5,1,0,0,0,0,0,3,0,3,2,0,0,0,25,1,0
/Users/thiago/Documents/Thiago/CodeToAnalyze/logback/logback-core/src/test/java/ch/qos/logback/core/net/AutoFlushingObjectWriterTest.java,ch.qos.logback.core.net.AutoFlushingObjectWriterTest,class,7,7,0,7,4,3,0,7,0,0.0,1.0,1.0,4,0,4,0,0,0,4,0,0,0,1,0,0,1,0,0,0,0,0,46,0,0,0,0,0,3,3,9,0,9,0,0,1,0,36,1,0
/Users/thiago/Documents/Thiago/CodeToAnalyze/logback/logback-core/src/main/java/ch/qos/logback/core/pattern/color/WhiteCompositeConverter.java,ch.qos.logback.core.pattern.color.WhiteCompositeConverter,class,2,2,0,2,1,6,0,0,0,0.0,NaN,NaN,1,0,0,0,1,0,1,0,0,0,0,0,0,0,0,0,0,0,0,5,1,0,0,0,0,0,0,0,0,0,0,0,0,0,27,1,0
/Users/thiago/Documents/Thiago/CodeToAnalyze/logback/logback-core/src/main/java/ch/qos/logback/core/spi/ConfigurationEvent.java,ch.qos.logback.core.spi.ConfigurationEvent$EventType,enum,0,0,0,0,0,1,0,0,0,0.0,-1.0,-1.0,0,0,0,0,0,0,0,0,0,0,0,0,0,0,0,0,0,0,0,1,0,0,0,0,0,0,0,0,0,0,0,0,0,0,23,1,0
/Users/thiago/Documents/Thiago/CodeToAnalyze/logback/logback-classic/src/test/java/ch/qos/logback/classic/servlet/LogbackServletContainerInitializerTest.java,ch.qos.logback.classic.servlet.LogbackServletContainerInitializerTest,class,6,6,0,6,4,1,0,9,4,0.5,0.16666667,0.16666667,4,0,4,0,0,0,4,0,0,0,1,0,0,0,0,1,0,0,0,18,0,0,0,0,0,1,1,3,0,3,0,0,0,0,27,1,0
/Users/thiago/Documents/Thiago/CodeToAnalyze/logback/logback-core/src/main/java/ch/qos/logback/core/html/HTMLLayoutBase.java,ch.qos.logback.core.html.HTMLLayoutBase,class,11,12,1,11,26,3,0,21,116,0.8588235,0.075,0.108333334,17,0,13,1,3,0,16,1,0,0,5,0,0,0,5,0,0,0,1,150,11,1,7,1,0,27,6,25,0,20,2,0,0,0,142,1025,0
/Users/thiago/Documents/Thiago/CodeToAnalyze/logback/logback-core/src/test/java/ch/qos/logback/core/appender/FileAppenderTest.java,ch.qos.logback.core.appender.FileAppenderTest,class,10,10,0,10,7,2,0,28,9,0.5,0.2,0.2,6,0,4,0,2,0,6,0,0,0,1,0,0,0,0,1,0,0,1,94,2,0,0,0,0,21,3,20,11,20,0,0,0,0,49,1,0
/Users/thiago/Documents/Thiago/CodeToAnalyze/logback/logback-core/src/main/java/ch/qos/logback/core/joran/action/DefinePropertyAction.java,ch.qos.logback.core.joran.action.DefinePropertyAction,class,8,8,0,8,2,4,0,7,1,0.0,0.0,0.0,2,0,0,0,2,0,2,0,0,0,0,0,0,0,0,0,0,0,0,15,2,0,0,0,0,0,0,2,0,2,0,0,0,0,47,1,0
/Users/thiago/Documents/Thiago/CodeToAnalyze/logback/logback-core/src/test/java/ch/qos/logback/core/util/TimeUtilTest.java,ch.qos.logback.core.util.TimeUtilTest,class,3,4,1,3,8,1,0,13,21,0.0,0.0,0.0,7,0,6,1,0,0,6,0,0,0,0,0,0,0,0,0,0,0,8,62,1,0,1,0,8,0,50,30,39,21,1,0,0,0,35,1,0
/Users/thiago/Documents/Thiago/CodeToAnalyze/logback/logback-core/src/main/java/ch/qos/logback/core/joran/spi/NewRuleProvider.java,ch.qos.logback.core.joran.spi.NewRuleProvider,interface,2,2,0,2,3,1,0,0,3,0.0,0.0,0.0,3,0,0,0,0,3,3,0,0,0,0,0,0,0,0,0,0,0,0,5,0,0,0,0,0,0,0,0,0,0,0,0,0,0,15,1,0
/Users/thiago/Documents/Thiago/CodeToAnalyze/logback/logback-classic/src/main/java/ch/qos/logback/classic/spi/STEUtil.java,ch.qos.logback.classic.spi.STEUtil,class,1,2,1,1,10,1,0,1,1,0.0,0.0,0.0,2,2,0,0,0,2,2,0,0,0,0,0,0,0,0,0,0,0,0,40,4,2,2,0,0,0,12,6,4,6,2,0,0,0,20,1,0
/Users/thiago/Documents/Thiago/CodeToAnalyze/logback/logback-examples/src/main/java/chapters/receivers/socket/AppenderExample.java,chapters.receivers.socket.AppenderExample,class,4,5,1,4,6,1,0,14,1,0.0,0.0,0.0,2,2,1,0,0,1,2,0,0,0,0,0,0,0,0,0,0,0,2,33,0,1,1,0,1,8,3,6,1,6,2,0,0,0,59,1,1
/Users/thiago/Documents/Thiago/CodeToAnalyze/logback/logback-classic/src/main/java/ch/qos/logback/classic/pattern/FileOfCallerConverter.java,ch.qos.logback.classic.pattern.FileOfCallerConverter,class,2,2,0,2,3,3,0,2,0,0.0,NaN,NaN,1,0,1,0,0,0,1,0,0,0,0,0,0,0,0,0,0,0,0,11,2,0,1,0,0,0,2,1,0,1,1,0,0,0,12,1,0
/Users/thiago/Documents/Thiago/CodeToAnalyze/logback/logback-core/src/test/java/ch/qos/logback/core/OutputStreamAppenderTest.java,ch.qos.logback.core.OutputStreamAppenderTest,class,9,10,1,9,10,1,0,18,36,0.8888889,0.0,0.0,9,0,8,0,0,1,9,0,0,0,1,0,0,0,0,1,0,0,0,70,1,0,1,0,0,17,0,28,2,28,0,0,0,0,48,1,0
/Users/thiago/Documents/Thiago/CodeToAnalyze/logback/logback-core/src/test/java/ch/qos/logback/core/util/DatePatternToRegexTest.java,ch.qos.logback.core.util.DatePatternToRegexTest,class,4,5,1,4,15,1,0,17,22,0.73846155,0.42424244,0.42424244,13,1,9,1,0,3,12,0,0,0,5,4,0,0,0,5,0,0,5,83,1,0,2,1,0,29,14,11,1,12,2,0,0,0,67,1,0
/Users/thiago/Documents/Thiago/CodeToAnalyze/logback/logback-core/src/test/java/ch/qos/logback/core/util/DurationTest.java,ch.qos.logback.core.util.DurationTest,class,2,2,0,2,1,1,0,3,0,0.0,NaN,NaN,1,0,1,0,0,0,1,0,0,0,2,2,0,0,0,2,0,0,15,66,0,0,0,0,0,15,26,17,11,17,1,0,0,0,16,1,0
/Users/thiago/Documents/Thiago/CodeToAnalyze/logback/logback-core/src/main/java/ch/qos/logback/core/rolling/helper/TimeBasedArchiveRemover.java,ch.qos.logback.core.rolling.helper.TimeBasedArchiveRemover,class,11,15,4,11,43,2,1,34,125,0.888889,0.13333334,0.42857143,18,0,7,3,3,5,15,0,0,0,10,3,0,2,2,6,6,0,2,189,15,6,8,0,1,20,24,48,15,38,4,0,1,0,174,1,0
/Users/thiago/Documents/Thiago/CodeToAnalyze/logback/logback-core/src/main/java/ch/qos/logback/core/net/server/RemoteReceiverServerRunner.java,ch.qos.logback.core.net.server.RemoteReceiverServerRunner,class,3,4,1,3,2,3,0,3,0,0.0,1.0,1.0,2,0,1,0,1,0,2,0,0,0,1,0,0,1,0,0,1,0,0,12,1,0,0,0,0,0,0,1,0,1,0,0,0,0,53,0,0
/Users/thiago/Documents/Thiago/CodeToAnalyze/logback/logback-core/src/main/java/ch/qos/logback/core/status/WarnStatus.java,ch.qos.logback.core.status.WarnStatus,class,1,8,7,1,2,2,0,0,1,0.0,0.0,0.0,2,0,2,0,0,0,2,0,0,0,0,0,0,0,0,0,0,0,0,8,0,0,0,0,0,0,0,0,0,0,0,0,0,0,7,1,0
/Users/thiago/Documents/Thiago/CodeToAnalyze/logback/logback-core/src/main/java/ch/qos/logback/core/LogbackException.java,ch.qos.logback.core.LogbackException,class,0,1,1,0,2,4,1,0,1,1.0,0.0,0.0,2,0,2,0,0,0,2,0,0,0,1,1,0,1,0,0,1,0,0,9,0,0,0,0,0,0,1,1,0,1,0,0,0,0,13,1,0
/Users/thiago/Documents/Thiago/CodeToAnalyze/logback/logback-core/src/main/java/ch/qos/logback/core/model/PropertyModel.java,ch.qos.logback.core.model.PropertyModel,class,3,8,5,3,15,3,0,6,4,0.6666666,0.46969697,0.8333333,12,0,10,0,2,0,12,0,0,0,5,1,0,1,0,4,1,0,5,55,10,0,2,0,0,0,2,14,2,9,1,0,0,0,38,1,0
/Users/thiago/Documents/Thiago/CodeToAnalyze/logback/logback-core/src/main/java/ch/qos/logback/core/model/DefineModel.java,ch.qos.logback.core.model.DefineModel,class,3,7,4,3,9,4,0,6,0,0.5833333,0.6666667,0.6666667,6,0,4,0,2,0,6,0,0,0,2,1,0,1,0,1,1,0,2,31,7,0,2,0,0,0,2,8,2,6,1,0,0,0,33,1,0
/Users/thiago/Documents/Thiago/CodeToAnalyze/logback/logback-core/src/test/java/ch/qos/logback/core/joran/spi/SimpleRuleStoreTest.java,ch.qos.logback.core.joran.spi.SimpleRuleStoreTest$ZAction,innerclass,3,3,0,3,3,2,0,0,3,0.0,0.0,0.0,3,0,3,0,0,0,3,0,0,0,0,0,0,0,0,0,0,0,0,8,0,0,0,0,0,0,0,0,0,0,0,0,0,0,13,0,0
/Users/thiago/Documents/Thiago/CodeToAnalyze/logback/logback-classic/src/test/java/ch/qos/logback/classic/net/ExternalMockSocketServer.java,ch.qos.logback.classic.net.ExternalMockSocketServer,class,1,2,1,1,8,1,0,14,1,0.8518519,0.33333334,0.33333334,3,3,1,0,0,2,3,0,0,0,9,8,0,0,0,9,5,0,4,55,0,2,2,1,0,13,9,18,6,16,4,0,0,0,50,1,0
/Users/thiago/Documents/Thiago/CodeToAnalyze/logback/logback-classic/src/main/java/ch/qos/logback/classic/net/SSLSocketAppender.java,ch.qos.logback.classic.net.SSLSocketAppender,class,4,4,0,4,5,2,0,1,4,0.625,0.16666667,0.16666667,4,0,3,0,1,0,4,0,0,0,2,0,0,2,0,0,1,0,0,17,1,0,0,0,0,0,0,2,0,2,1,0,0,0,38,1,0
/Users/thiago/Documents/Thiago/CodeToAnalyze/logback/logback-core/src/main/java/ch/qos/logback/core/net/HardenedObjectInputStream.java,ch.qos.logback.core.net.HardenedObjectInputStream,class,1,3,2,1,13,3,0,10,3,0.7083333,0.5,0.5,6,0,2,2,2,0,4,0,0,0,4,3,0,4,0,0,4,0,1,44,4,3,1,0,0,6,4,8,1,7,2,0,0,0,83,1,0
/Users/thiago/Documents/Thiago/CodeToAnalyze/logback/logback-core/src/main/java/ch/qos/logback/core/pattern/util/RegularEscapeUtil.java,ch.qos.logback.core.pattern.util.RegularEscapeUtil,class,2,5,3,2,21,1,0,8,3,0.0,0.0,0.0,3,1,2,0,0,1,3,0,0,0,0,0,0,0,0,0,0,0,0,71,2,2,9,0,0,5,3,16,1,7,3,0,0,0,42,1,0
/Users/thiago/Documents/Thiago/CodeToAnalyze/logback/logback-core/src/main/java/ch/qos/logback/core/net/SocketConnector.java,ch.qos.logback.core.net.SocketConnector$ExceptionHandler,interface,1,1,0,1,1,1,0,0,0,0.0,NaN,NaN,1,0,0,0,0,1,1,0,0,0,0,0,0,0,0,0,0,0,0,3,0,0,0,0,0,0,0,0,0,0,0,0,0,0,20,1,0
/Users/thiago/Documents/Thiago/CodeToAnalyze/logback/logback-examples/src/main/java/chapters/appenders/IOPerformance.java,chapters.appenders.OtherIO,class,0,1,1,0,3,2,0,6,0,0.0,NaN,NaN,1,0,1,0,0,0,1,0,0,0,2,0,2,0,0,0,0,0,2,20,0,1,0,1,2,4,2,5,4,5,2,0,0,0,21,0,0
/Users/thiago/Documents/Thiago/CodeToAnalyze/logback/logback-core/src/main/java/ch/qos/logback/core/model/processor/ModelInterpretationContext.java,ch.qos.logback.core.model.processor.ModelInterpretationContext,class,11,42,31,11,46,2,0,30,482,0.8981481,0.114285715,0.4904762,36,0,36,0,0,0,36,0,0,0,12,0,0,1,2,9,3,0,1,153,26,2,6,0,0,4,3,19,1,15,2,0,0,0,128,1,0
/Users/thiago/Documents/Thiago/CodeToAnalyze/logback/logback-core/src/main/java/ch/qos/logback/core/hook/ShutdownHookBase.java,ch.qos.logback.core.hook.ShutdownHookBase,class,4,6,2,4,3,2,1,3,1,0.0,0.0,0.0,2,0,1,0,1,0,2,0,0,0,0,0,0,0,0,0,0,0,0,12,0,0,0,0,0,1,0,2,0,2,1,0,0,0,26,1025,0
/Users/thiago/Documents/Thiago/CodeToAnalyze/logback/logback-classic/src/test/java/ch/qos/logback/classic/pattern/ExceptionalConverter2.java,ch.qos.logback.classic.pattern.ExceptionalConverter2,class,2,3,1,2,2,2,0,1,0,0.0,NaN,NaN,1,0,1,0,0,0,1,0,0,0,0,0,0,0,0,0,0,0,0,8,1,0,0,0,0,2,0,0,0,0,1,0,0,0,17,1,0
/Users/thiago/Documents/Thiago/CodeToAnalyze/logback/logback-classic/src/test/java/ch/qos/logback/classic/layout/TTLLLayoutTest.java,ch.qos.logback.classic.layout.TTLLLayoutTest,class,7,8,1,7,2,1,0,9,0,0.33333334,1.0,1.0,2,0,2,0,0,0,2,0,0,0,3,0,0,0,0,3,0,0,0,16,0,0,0,0,0,4,2,6,1,6,0,0,0,0,27,1,0
/Users/thiago/Documents/Thiago/CodeToAnalyze/logback/logback-core/src/main/java/ch/qos/logback/core/net/server/ServerSocketListener.java,ch.qos.logback.core.net.server.ServerSocketListener,class,4,8,4,4,7,1,0,9,3,0.33333334,0.6,0.6,6,0,4,1,1,0,5,1,0,0,1,0,0,1,0,0,1,0,1,25,3,0,0,0,0,1,2,5,1,4,1,0,0,0,42,1025,0
/Users/thiago/Documents/Thiago/CodeToAnalyze/logback/logback-core/src/main/java/ch/qos/logback/core/joran/event/SaxEventRecorder.java,ch.qos.logback.core.joran.event.SaxEventRecorder,class,17,20,3,17,43,2,0,41,319,0.8333334,0.15343915,0.28042328,30,0,24,2,1,3,28,0,1,0,4,0,0,0,0,4,2,0,1,161,11,0,2,2,3,19,3,18,5,17,2,0,0,0,163,1,0
/Users/thiago/Documents/Thiago/CodeToAnalyze/logback/logback-classic/src/test/java/ch/qos/logback/classic/util/ContextInitializerTest.java,ch.qos.logback.classic.util.ContextInitializerTest,class,14,15,1,14,17,2,0,33,22,0.8076923,0.5090909,0.5090909,13,1,11,2,0,0,11,0,0,0,4,2,0,0,0,4,2,0,10,150,2,0,2,1,0,20,6,22,6,19,1,1,1,0,99,1,0
/Users/thiago/Documents/Thiago/CodeToAnalyze/logback/logback-core/src/main/java/ch/qos/logback/core/joran/action/ImplicitModelDataForComplexProperty.java,ch.qos.logback.core.joran.action.ImplicitModelDataForComplexProperty,class,3,4,1,3,3,2,0,0,1,0.33333334,0.33333334,0.33333334,3,0,3,0,0,0,3,0,0,0,1,0,0,1,0,0,0,0,0,12,1,0,0,0,0,0,0,1,0,1,0,0,0,0,24,1,0
/Users/thiago/Documents/Thiago/CodeToAnalyze/logback/logback-examples/src/main/java/chapters/appenders/sub/sample/Bar.java,chapters.appenders.sub.sample.Bar,class,2,4,2,2,3,1,0,3,3,0.6666667,0.0,0.0,3,0,2,1,0,0,2,0,0,0,1,0,0,0,0,1,0,0,0,12,1,0,0,0,0,3,0,1,0,1,0,0,0,0,14,1,1
/Users/thiago/Documents/Thiago/CodeToAnalyze/logback/logback-classic/src/test/java/ch/qos/logback/classic/issue/lbcore224/Reduce.java,ch.qos.logback.classic.issue.lbcore224.Reduce$OperationType,enum,0,0,0,0,0,1,0,0,0,0.0,-1.0,-1.0,0,0,0,0,0,0,0,0,0,0,0,0,0,0,0,0,0,0,0,1,0,0,0,0,0,0,0,0,0,0,0,0,0,0,9,0,0
/Users/thiago/Documents/Thiago/CodeToAnalyze/logback/logback-core/src/main/java/ch/qos/logback/core/rolling/RollingFileAppender.java,ch.qos.logback.core.rolling.RollingFileAppender,class,10,22,12,10,57,2,0,50,21,0.8245614,0.4848485,0.54545456,19,0,9,7,2,1,12,0,0,0,9,5,0,5,0,4,0,0,1,205,18,1,18,4,3,33,1,30,21,23,2,0,0,0,169,1,0
/Users/thiago/Documents/Thiago/CodeToAnalyze/logback/logback-examples/src/main/java/chapters/layouts/ExceptionEvaluatorExample.java,chapters.layouts.ExceptionEvaluatorExample,class,5,6,1,5,4,1,0,7,0,0.0,NaN,NaN,1,1,1,0,0,0,1,0,0,0,0,0,0,0,0,0,0,0,0,23,0,1,1,1,0,4,4,4,2,4,2,0,0,0,18,1,2
/Users/thiago/Documents/Thiago/CodeToAnalyze/logback/logback-classic/src/test/java/ch/qos/logback/classic/rolling/TimeBasedRollingWithConfigFileTest.java,ch.qos.logback.classic.rolling.TimeBasedRollingWithConfigFileTest,class,13,14,1,13,21,2,0,39,6,0.75,0.45454547,0.6818182,12,0,8,0,1,3,12,0,0,0,7,0,0,0,0,7,0,0,1,139,2,2,0,0,1,45,14,46,20,40,1,0,0,0,116,1,2
/Users/thiago/Documents/Thiago/CodeToAnalyze/logback/logback-classic/src/test/java/ch/qos/logback/classic/corpus/CorpusModel.java,ch.qos.logback.classic.corpus.CorpusModel,class,14,17,3,14,50,1,0,34,70,0.9145834,0.38181818,0.38181818,24,0,7,13,0,4,11,0,0,0,20,14,0,0,0,20,16,0,6,211,29,11,6,0,2,6,50,76,6,62,2,0,0,0,123,1,0
/Users/thiago/Documents/Thiago/CodeToAnalyze/logback/logback-core/src/main/java/ch/qos/logback/core/net/ssl/SSLComponent.java,ch.qos.logback.core.net.ssl.SSLComponent,interface,1,4,3,1,2,1,0,0,1,0.0,0.0,0.0,2,0,0,0,0,2,2,0,0,0,0,0,0,0,0,0,0,0,0,4,0,0,0,0,0,0,0,0,0,0,0,0,0,0,18,1,0
/Users/thiago/Documents/Thiago/CodeToAnalyze/logback/logback-core/src/test/java/ch/qos/logback/core/spi/CyclicBufferTrackerTest.java,ch.qos.logback.core.spi.CyclicBufferTrackerTest,class,3,3,0,3,4,1,0,10,0,0.125,1.0,1.0,4,0,4,0,0,0,4,0,0,0,2,0,0,0,0,2,0,0,0,40,0,0,0,0,0,1,17,11,3,8,0,0,0,0,21,1,0
/Users/thiago/Documents/Thiago/CodeToAnalyze/logback/logback-core/src/main/java/ch/qos/logback/core/rolling/LengthCounter.java,ch.qos.logback.core.rolling.LengthCounter,interface,0,6,6,0,3,1,0,0,3,0.0,0.0,0.0,3,0,0,0,0,3,3,0,0,0,0,0,0,0,0,0,0,0,0,5,0,0,0,0,0,0,0,0,0,0,0,0,0,0,6,1,0
/Users/thiago/Documents/Thiago/CodeToAnalyze/logback/logback-classic/src/test/java/ch/qos/logback/classic/util/ContextInitializerTest.java,ch.qos.logback.classic.util.ContextInitializerTest$Anonymous1,anonymous,0,0,0,0,3,1,0,8,1,0.0,0.0,0.0,2,0,2,0,0,0,2,0,0,0,0,0,0,0,0,0,0,0,0,21,3,0,0,0,0,3,0,3,3,3,1,0,0,0,28,-1,0
/Users/thiago/Documents/Thiago/CodeToAnalyze/logback/logback-classic/src/main/java/ch/qos/logback/classic/model/processor/ContextNameModelHandler.java,ch.qos.logback.classic.model.processor.ContextNameModelHandler,class,6,7,1,6,5,2,0,6,6,0.0,0.0,0.0,4,1,3,0,1,0,4,0,0,0,0,0,0,0,0,0,0,0,0,22,2,0,0,1,0,5,0,2,2,2,1,0,0,0,29,1,0
/Users/thiago/Documents/Thiago/CodeToAnalyze/logback/logback-classic-blackbox/src/test/java/ch/qos/logback/classic/blackbox/joran/ReconfigureTaskTestSupport.java,ch.qos.logback.classic.blackbox.joran.ReconfigureTaskTestSupport,class,6,8,2,6,6,1,2,8,9,0.75,0.2,0.2,6,1,0,0,6,0,6,0,0,0,2,0,0,0,2,0,0,0,1,37,5,0,0,0,0,1,2,13,1,13,0,0,0,0,60,1,0
/Users/thiago/Documents/Thiago/CodeToAnalyze/logback/logback-core/src/test/java/ch/qos/logback/core/model/FruitShellModel.java,ch.qos.logback.core.model.FruitShellModel,class,2,3,1,2,9,2,0,6,0,0.5833333,0.6666667,0.6666667,6,0,4,0,2,0,6,0,0,0,2,1,0,1,0,1,1,0,2,31,7,0,2,0,0,0,2,8,2,6,1,0,0,0,31,1,0
/Users/thiago/Documents/Thiago/CodeToAnalyze/logback/logback-examples/src/main/java/chapters/mdc/SimpleMDC.java,chapters.mdc.SimpleMDC,class,6,7,1,6,4,1,0,16,3,0.0,0.0,0.0,3,3,1,0,0,2,3,0,0,0,0,0,0,0,0,0,0,0,1,41,0,0,0,1,0,15,0,8,0,8,1,0,0,0,48,1,4
/Users/thiago/Documents/Thiago/CodeToAnalyze/logback/logback-core/src/test/java/ch/qos/logback/core/appender/DummyAppenderTest.java,ch.qos.logback.core.appender.DummyAppenderTest,class,7,7,0,7,3,2,0,5,0,0.33333334,1.0,1.0,3,0,1,0,2,0,3,0,0,0,2,0,0,0,0,2,0,0,0,19,2,0,0,0,0,0,0,3,0,3,0,0,0,0,20,1,0
/Users/thiago/Documents/Thiago/CodeToAnalyze/logback/logback-core/src/main/java/ch/qos/logback/core/model/SerializeModelModel.java,ch.qos.logback.core.model.SerializeModelModel,class,2,6,4,2,9,2,0,5,0,0.6,0.6,0.6,5,0,4,0,1,0,5,0,0,0,2,1,0,1,0,1,1,0,2,23,7,0,3,0,0,0,1,3,0,3,1,0,0,0,26,1,0
/Users/thiago/Documents/Thiago/CodeToAnalyze/logback/logback-classic/src/main/java/ch/qos/logback/classic/util/LevelUtil.java,ch.qos.logback.classic.util.LevelUtil,class,2,4,2,2,6,1,0,4,1,0.0,0.0,0.0,2,2,2,0,0,0,2,0,0,0,0,0,0,0,0,0,0,0,1,20,5,0,0,0,0,0,0,1,0,1,2,0,0,0,17,1,0
/Users/thiago/Documents/Thiago/CodeToAnalyze/logback/logback-core/src/test/java/ch/qos/logback/core/ContextBaseTest.java,ch.qos.logback.core.ContextBaseTest$InstrumentedContextBase,innerclass,2,2,0,2,2,2,0,0,0,0.0,1.0,1.0,2,0,1,0,1,0,2,0,0,0,1,0,0,1,0,0,1,0,0,9,1,0,0,0,0,0,0,1,0,1,0,0,0,0,8,10,0
/Users/thiago/Documents/Thiago/CodeToAnalyze/logback/logback-core/src/test/java/ch/qos/logback/core/rolling/helper/JDKOnlyCompressTest.java,ch.qos.logback.core.rolling.helper.JDKOnlyCompressTest,class,10,11,1,10,8,1,0,12,9,0.83673465,0.2857143,0.2857143,7,0,5,0,2,0,7,0,0,0,14,0,0,0,0,14,12,0,2,70,0,1,0,1,1,16,6,29,15,29,2,0,0,0,79,1,0
/Users/thiago/Documents/Thiago/CodeToAnalyze/logback/logback-core/src/main/java/ch/qos/logback/core/LayoutBase.java,ch.qos.logback.core.LayoutBase,class,4,7,3,4,14,2,0,0,77,0.8428572,0.07692308,0.07692308,14,0,14,0,0,0,14,0,0,0,5,0,0,0,1,4,0,0,0,49,7,0,0,0,0,1,0,7,0,5,0,0,0,0,23,1025,0
/Users/thiago/Documents/Thiago/CodeToAnalyze/logback/logback-classic/src/main/java/ch/qos/logback/classic/joran/ReconfigureOnChangeTaskListener.java,ch.qos.logback.classic.joran.ReconfigureOnChangeTaskListener,class,0,1,1,0,3,1,0,0,3,0.0,0.0,0.0,3,0,0,0,0,3,3,0,0,0,0,0,0,0,0,0,0,0,0,8,0,0,0,0,0,0,0,0,0,0,0,0,0,0,12,0,0
/Users/thiago/Documents/Thiago/CodeToAnalyze/logback/logback-core/src/test/java/ch/qos/logback/core/util/InvocationGateTest.java,ch.qos.logback.core.util.InvocationGateTest,class,11,12,1,11,8,4,0,9,0,0.6666667,0.0,0.0,3,0,1,1,0,1,2,0,0,0,5,4,0,3,0,2,4,0,1,97,1,1,0,0,0,6,14,21,6,19,1,0,3,0,66,1,0
/Users/thiago/Documents/Thiago/CodeToAnalyze/logback/logback-classic-blackbox/src/test/java/ch/qos/logback/classic/blackbox/joran/BlackboxJoranConfiguratorTest.java,ch.qos.logback.classic.blackbox.joran.BlackboxJoranConfiguratorTest,class,13,14,1,13,12,1,0,31,5,0.71212125,0.38181818,0.8181818,11,0,9,0,0,2,11,0,0,0,6,0,0,0,0,6,0,0,3,112,0,0,1,0,0,40,7,31,14,31,1,0,0,0,73,1,6
/Users/thiago/Documents/Thiago/CodeToAnalyze/logback/logback-examples/src/main/java/chapters/appenders/mail/CounterBasedEvaluator.java,chapters.appenders.mail.CounterBasedEvaluator,class,2,2,0,2,7,2,0,0,7,0.7083333,0.26666668,0.26666668,6,0,6,0,0,0,6,0,0,0,4,1,0,0,0,4,0,0,0,31,4,0,1,0,0,0,3,6,0,4,1,0,0,0,39,1,0
/Users/thiago/Documents/Thiago/CodeToAnalyze/logback/logback-core/src/main/java/ch/qos/logback/core/net/SMTPAppenderBase.java,ch.qos.logback.core.net.SMTPAppenderBase$SenderRunnable,innerclass,3,3,0,3,2,1,0,1,0,0.0,1.0,1.0,2,0,1,0,0,1,2,0,0,0,2,0,0,0,0,2,2,0,0,11,0,0,0,0,0,0,0,2,0,2,0,0,0,0,8,0,0
/Users/thiago/Documents/Thiago/CodeToAnalyze/logback/logback-classic/src/main/java/ch/qos/logback/classic/util/ContextSelectorStaticBinder.java,ch.qos.logback.classic.util.ContextSelectorStaticBinder,class,5,11,6,5,8,1,0,6,4,0.6666667,0.16666667,0.16666667,4,2,3,0,0,1,4,0,0,0,3,1,0,0,0,3,0,0,1,34,3,0,3,0,0,2,0,8,0,6,1,0,0,0,74,1,0
/Users/thiago/Documents/Thiago/CodeToAnalyze/logback/logback-classic/performance/src/java/ch/qos/logback/classic/SpeedOfDisabledDebug.java,ch.qos.logback.classic.SpeedOfDisabledDebug,class,13,14,1,13,14,1,0,28,0,0.6285714,0.71428573,0.71428573,7,7,1,0,0,6,7,0,0,0,5,5,0,0,0,5,0,0,22,91,0,7,0,0,5,23,13,36,22,35,1,0,0,0,44,1,6
/Users/thiago/Documents/Thiago/CodeToAnalyze/logback/logback-classic/src/test/java/ch/qos/logback/classic/issue/lbcore26/Main.java,ch.qos.logback.classic.issue.lbcore26.Main,class,4,5,1,4,2,1,0,6,0,0.0,NaN,NaN,1,1,1,0,0,0,1,0,0,0,0,0,0,0,0,0,0,0,0,13,0,1,0,0,0,2,2,4,2,4,1,0,0,0,13,1,1
/Users/thiago/Documents/Thiago/CodeToAnalyze/logback/logback-classic/src/main/java/ch/qos/logback/classic/net/server/SSLServerSocketAppender.java,ch.qos.logback.classic.net.server.SSLServerSocketAppender,class,5,6,1,5,5,2,0,2,4,0.625,0.16666667,0.16666667,4,0,2,0,2,0,4,0,0,0,2,1,0,2,0,0,1,0,0,18,2,0,0,0,0,0,0,2,0,2,1,0,0,0,29,1,0
/Users/thiago/Documents/Thiago/CodeToAnalyze/logback/logback-core/src/test/java/ch/qos/logback/core/pattern/util/RegularEscapeUtilTest.java,ch.qos.logback.core.pattern.util.RegularEscapeUtilTest,class,2,2,0,2,3,1,0,2,3,0.0,0.0,0.0,3,0,3,0,0,0,3,0,0,0,0,0,0,0,0,0,0,0,0,12,0,0,0,0,0,8,0,0,0,0,0,0,0,0,11,1,0
/Users/thiago/Documents/Thiago/CodeToAnalyze/logback/logback-classic/src/main/java/ch/qos/logback/classic/joran/action/RootLoggerAction.java,ch.qos.logback.classic.joran.action.RootLoggerAction,class,7,7,0,7,4,2,0,4,1,1.0,0.0,0.0,2,0,0,0,2,0,2,0,0,0,2,0,0,0,0,2,0,0,0,19,3,0,0,0,0,0,0,4,0,6,1,0,0,0,39,1,0
/Users/thiago/Documents/Thiago/CodeToAnalyze/logback/logback-classic/src/main/java/ch/qos/logback/classic/sift/ContextBasedDiscriminator.java,ch.qos.logback.classic.sift.ContextBasedDiscriminator,class,3,3,0,3,6,2,0,2,2,0.5,0.4,0.4,5,0,5,0,0,0,5,0,0,0,2,1,0,2,0,0,1,0,0,25,4,0,1,0,0,2,0,3,1,3,1,0,0,0,60,1,0
/Users/thiago/Documents/Thiago/CodeToAnalyze/logback/logback-core/src/test/java/ch/qos/logback/core/joran/util/House.java,ch.qos.logback.core.joran.util.House,class,11,14,3,11,29,1,0,3,374,0.9391479,0.039408866,0.039408866,29,0,29,0,0,0,29,0,0,0,17,0,0,0,0,17,0,0,0,106,12,0,0,0,0,0,0,18,0,17,0,0,0,0,53,1,0
/Users/thiago/Documents/Thiago/CodeToAnalyze/logback/logback-classic/src/test/java/ch/qos/logback/classic/Logback1551.java,ch.qos.logback.classic.Logback1551,class,5,5,0,5,4,1,0,10,0,0.0,1.0,1.0,2,0,2,0,0,0,2,0,0,0,1,0,0,0,0,1,0,0,1,48,0,1,0,1,0,1,3,9,0,9,2,1,1,1,39,1,0
/Users/thiago/Documents/Thiago/CodeToAnalyze/logback/logback-classic/src/test/java/ch/qos/logback/classic/util/InitializationIntegrationTest.java,ch.qos.logback.classic.util.InitializationIntegrationTest,class,4,4,0,4,1,1,0,4,0,0.0,NaN,NaN,1,0,1,0,0,0,1,0,0,0,0,0,0,0,0,0,0,0,0,8,0,0,0,0,0,2,0,3,0,3,0,0,0,0,15,1,0
/Users/thiago/Documents/Thiago/CodeToAnalyze/logback/logback-classic/src/test/java/ch/qos/logback/classic/util/LogbackListener1159.java,ch.qos.logback.classic.util.LogbackListener1159,class,6,6,0,6,6,2,0,3,0,0.25,0.5,0.5,4,0,4,0,0,0,4,0,0,0,1,0,0,1,0,0,0,0,0,18,1,0,0,0,0,1,0,2,0,1,1,0,0,0,45,1,0
/Users/thiago/Documents/Thiago/CodeToAnalyze/logback/logback-core/src/main/java/ch/qos/logback/core/pattern/color/BoldGreenCompositeConverter.java,ch.qos.logback.core.pattern.color.BoldGreenCompositeConverter,class,2,2,0,2,1,6,0,0,0,0.0,NaN,NaN,1,0,0,0,1,0,1,0,0,0,0,0,0,0,0,0,0,0,0,5,1,0,0,0,0,0,0,0,1,0,0,0,0,0,35,1,0
/Users/thiago/Documents/Thiago/CodeToAnalyze/logback/logback-core/src/main/java/ch/qos/logback/core/filter/AbstractMatcherFilter.java,ch.qos.logback.core.filter.AbstractMatcherFilter,class,3,4,1,3,4,3,0,0,2,0.5,0.33333334,0.33333334,4,0,4,0,0,0,4,0,4,0,2,0,0,0,2,0,0,0,0,16,2,0,0,0,0,0,0,4,0,2,0,0,0,0,9,1025,0
/Users/thiago/Documents/Thiago/CodeToAnalyze/logback/logback-core/src/main/java/ch/qos/logback/core/rolling/LengthCounterBase.java,ch.qos.logback.core.rolling.LengthCounterBase,class,1,2,1,1,3,1,0,3,0,0.0,1.0,1.0,3,0,3,0,0,0,3,0,0,0,1,0,0,0,0,1,0,0,0,12,1,0,0,0,0,0,0,1,0,1,0,0,0,0,10,1,0
/Users/thiago/Documents/Thiago/CodeToAnalyze/logback/logback-classic/src/test/java/ch/qos/logback/classic/net/SocketReceiverTest.java,ch.qos.logback.classic.net.SocketReceiverTest$InstrumentedSocketReceiver,innerclass,4,4,0,4,4,4,0,2,1,0.33333334,0.33333334,0.33333334,3,0,1,0,2,0,3,0,0,2,1,0,0,1,0,0,0,0,0,17,3,1,0,0,0,0,0,1,0,1,1,0,0,0,26,2,0
/Users/thiago/Documents/Thiago/CodeToAnalyze/logback/logback-classic/src/main/java/ch/qos/logback/classic/turbo/TurboFilter.java,ch.qos.logback.classic.turbo.TurboFilter,class,6,24,18,6,6,2,9,0,7,0.5833334,0.26666668,0.26666668,6,0,6,0,0,0,6,1,0,0,2,0,0,1,0,1,0,0,0,20,2,0,0,0,0,0,0,4,0,2,0,0,0,0,76,1025,0
/Users/thiago/Documents/Thiago/CodeToAnalyze/logback/logback-core/src/test/java/ch/qos/logback/core/spi/AppenderAttachableImplLockTest.java,ch.qos.logback.core.spi.AppenderAttachableImplLockTest$Anonymous1,anonymous,0,0,0,0,2,1,0,3,0,0.0,NaN,NaN,1,0,1,0,0,0,1,0,0,0,0,0,0,0,0,0,0,0,0,10,0,0,0,1,0,2,0,0,1,0,1,0,0,0,4,-1,0
/Users/thiago/Documents/Thiago/CodeToAnalyze/logback/logback-classic/src/test/java/ch/qos/logback/classic/net/server/InstrumentedServerSocketReceiver.java,ch.qos.logback.classic.net.server.InstrumentedServerSocketReceiver,class,6,8,2,6,7,4,0,1,5,0.62500006,0.33333334,0.6666667,6,0,3,0,3,0,6,0,0,0,4,0,0,4,0,0,3,0,0,38,4,0,1,0,0,3,0,4,0,4,0,1,0,0,27,1,0
/Users/thiago/Documents/Thiago/CodeToAnalyze/logback/logback-core/src/test/java/ch/qos/logback/core/appender/ConsoleAppenderTest.java,ch.qos.logback.core.appender.ConsoleAppenderTest,class,13,14,1,13,10,2,0,18,13,0.725,0.35555556,0.46666667,10,0,9,0,1,0,10,0,0,0,4,0,0,0,0,4,0,0,5,89,2,0,0,0,0,11,0,19,4,19,0,0,0,0,56,1,0
/Users/thiago/Documents/Thiago/CodeToAnalyze/logback/logback-core/src/test/java/ch/qos/logback/core/util/InvocationGateTest.java,ch.qos.logback.core.util.InvocationGateTest$InvocationGateChecker,innerclass,2,2,0,2,6,2,0,6,0,0.0,1.0,1.0,2,0,2,0,0,0,2,0,0,0,2,0,0,0,0,2,0,0,1,19,0,1,1,0,1,1,0,3,1,3,3,0,0,0,20,2,0
/Users/thiago/Documents/Thiago/CodeToAnalyze/logback/logback-examples/src/main/java/chapters/layouts/MySampleLayout.java,chapters.layouts.MySampleLayout,class,3,3,0,3,1,2,0,11,0,0.0,NaN,NaN,1,0,1,0,0,0,1,0,0,0,0,0,0,0,0,0,0,0,0,16,1,0,0,0,0,4,1,1,1,1,0,0,0,0,11,1,0
/Users/thiago/Documents/Thiago/CodeToAnalyze/logback/logback-core/src/main/java/ch/qos/logback/core/util/FileUtil.java,ch.qos.logback.core.util.FileUtil,class,5,10,5,5,18,2,0,19,8,0.6,0.0,0.0,5,2,5,0,0,0,5,0,0,0,1,1,0,0,0,1,1,0,0,93,6,2,7,6,2,8,9,19,5,13,3,0,0,0,97,1,0
/Users/thiago/Documents/Thiago/CodeToAnalyze/logback/logback-classic/src/main/java/ch/qos/logback/classic/spi/ThrowableProxyUtil.java,ch.qos.logback.classic.spi.ThrowableProxyUtil,class,5,9,4,5,35,1,0,29,89,0.90476185,0.018181818,0.018181818,14,14,9,3,0,2,11,0,0,0,3,3,2,1,0,0,3,0,16,131,6,5,10,0,0,7,17,25,5,21,3,0,0,0,93,1,0
/Users/thiago/Documents/Thiago/CodeToAnalyze/logback/logback-classic/src/test/java/ch/qos/logback/classic/pattern/EnsureExceptionHandlingTest.java,ch.qos.logback.classic.pattern.EnsureExceptionHandlingTest,class,8,9,1,8,4,1,0,10,0,0.5,0.5,0.5,4,0,3,0,0,1,4,0,0,0,5,2,0,2,0,3,2,0,0,27,1,0,0,0,0,9,0,7,2,7,0,0,0,0,26,1,0
/Users/thiago/Documents/Thiago/CodeToAnalyze/logback/logback-core/src/test/java/ch/qos/logback/core/joran/implicitAction/FruitContextAction.java,ch.qos.logback.core.joran.implicitAction.FruitContextAction,class,5,5,0,5,3,2,0,5,0,0.0,1.0,1.0,2,0,2,0,0,0,2,0,0,0,1,0,0,0,0,1,0,0,0,14,0,0,1,0,0,2,0,2,1,2,1,0,0,0,27,1,0
/Users/thiago/Documents/Thiago/CodeToAnalyze/logback/logback-classic/src/test/java/ch/qos/logback/classic/spi/LoggerContextLifeCycleTest.java,ch.qos.logback.classic.spi.LoggerContextLifeCycleTest,class,8,9,1,8,3,1,0,15,0,0.73333335,1.0,1.0,3,0,2,0,0,1,3,0,0,0,5,0,0,0,0,5,0,0,0,28,0,0,0,0,0,4,6,10,3,10,0,0,0,0,26,1,0
/Users/thiago/Documents/Thiago/CodeToAnalyze/logback/logback-core/src/test/java/ch/qos/logback/core/rolling/FileMatchFunction.java,ch.qos.logback.core.rolling.FileMatchFunction,interface,0,2,2,0,1,1,0,0,0,0.0,NaN,NaN,1,0,0,0,0,1,1,0,0,0,0,0,0,0,0,0,0,0,0,3,0,0,0,0,0,0,0,0,0,0,0,0,0,0,17,1,0
/Users/thiago/Documents/Thiago/CodeToAnalyze/logback/logback-classic/src/test/java/ch/qos/logback/classic/spi/PubLoggingEventVO.java,ch.qos.logback.classic.spi.PubLoggingEventVO,class,10,12,2,10,56,1,0,21,253,0.9081196,0.097826086,0.30072463,26,0,24,2,0,0,24,0,0,0,18,3,14,4,0,0,3,0,0,174,37,2,22,0,6,5,9,22,7,28,3,0,0,0,112,1,0
/Users/thiago/Documents/Thiago/CodeToAnalyze/logback/logback-core/src/test/java/ch/qos/logback/core/util/ContextUtilAddOrReplaceShutdownHookTest.java,ch.qos.logback.core.util.ContextUtilAddOrReplaceShutdownHookTest,class,7,7,0,7,1,2,0,1,0,0.5,NaN,NaN,1,0,1,0,0,0,1,0,0,0,2,0,0,0,0,2,0,0,0,21,0,0,0,0,0,0,3,2,0,2,0,0,1,0,41,0,0
/Users/thiago/Documents/Thiago/CodeToAnalyze/logback/logback-core/src/test/java/ch/qos/logback/core/net/server/AbstractServerSocketAppenderTest.java,ch.qos.logback.core.net.server.AbstractServerSocketAppenderTest,class,12,12,0,12,6,1,0,21,0,0.4666667,0.73333335,1.0,6,0,6,0,0,0,6,0,0,0,5,0,0,5,0,0,0,0,1,44,0,0,0,0,0,1,2,7,0,7,0,0,0,0,37,1,0
/Users/thiago/Documents/Thiago/CodeToAnalyze/logback/logback-classic/src/test/java/ch/qos/logback/classic/jsonTest/JsonStringToLoggingEventMapper.java,ch.qos.logback.classic.jsonTest.JsonStringToLoggingEventMapper,class,17,18,1,17,11,1,0,17,4,0.4,1.0,1.0,5,1,2,3,0,0,2,0,0,0,1,0,0,0,0,1,0,0,0,55,1,2,2,0,0,4,0,23,3,20,2,0,0,0,54,1,0
/Users/thiago/Documents/Thiago/CodeToAnalyze/logback/logback-classic/src/main/java/ch/qos/logback/classic/spi/ThrowableProxyVO.java,ch.qos.logback.classic.spi.ThrowableProxyVO,class,3,8,5,3,26,1,0,13,15,0.76250005,0.13333334,0.33333334,10,1,10,0,0,0,10,0,0,0,8,1,0,8,0,0,1,0,4,77,20,1,11,0,2,0,5,17,2,15,2,0,0,0,49,1,0
/Users/thiago/Documents/Thiago/CodeToAnalyze/logback/logback-core/src/main/java/ch/qos/logback/core/joran/spi/DefaultNestedComponentRegistry.java,ch.qos.logback.core.joran.spi.DefaultNestedComponentRegistry,class,2,9,7,2,8,1,0,10,0,0.4,0.5,0.5,5,0,4,1,0,0,4,0,0,0,2,0,0,0,0,2,0,0,0,33,5,1,3,0,0,0,0,8,0,6,2,0,0,0,40,1,0
/Users/thiago/Documents/Thiago/CodeToAnalyze/logback/logback-classic/src/main/java/ch/qos/logback/classic/pattern/NopThrowableInformationConverter.java,ch.qos.logback.classic.pattern.NopThrowableInformationConverter,class,2,2,0,2,1,4,0,0,0,0.0,NaN,NaN,1,0,1,0,0,0,1,0,0,0,0,0,0,0,0,0,0,0,0,5,1,0,0,0,0,0,0,0,0,0,0,0,0,0,62,1,0
/Users/thiago/Documents/Thiago/CodeToAnalyze/logback/logback-core/src/main/java/ch/qos/logback/core/model/SiftModel.java,ch.qos.logback.core.model.SiftModel,class,2,5,3,2,1,2,0,0,0,1.0,NaN,NaN,1,0,0,0,1,0,1,0,0,0,1,1,0,1,0,0,1,0,0,6,1,0,0,0,0,0,1,1,0,1,0,0,0,0,12,1,0
/Users/thiago/Documents/Thiago/CodeToAnalyze/logback/logback-core/src/test/java/ch/qos/logback/core/joran/util/House.java,ch.qos.logback.core.joran.util.SwimmingPoolImpl,class,1,4,3,1,0,1,0,0,0,NaN,-1.0,-1.0,0,0,0,0,0,0,0,0,0,0,3,0,0,0,0,3,0,0,0,5,0,0,0,0,0,0,0,0,0,3,0,0,0,0,6,0,0
/Users/thiago/Documents/Thiago/CodeToAnalyze/logback/logback-core/src/main/java/ch/qos/logback/core/model/processor/ConversionRuleModelHandler.java,ch.qos.logback.core.model.processor.ConversionRuleModelHandler,class,10,11,1,10,6,3,0,12,3,0.6666667,0.0,0.0,3,1,3,0,0,0,3,0,0,0,1,0,0,1,0,0,0,0,0,38,2,0,1,1,0,5,0,10,1,7,2,0,0,0,44,1,0
/Users/thiago/Documents/Thiago/CodeToAnalyze/logback/logback-core/src/main/java/ch/qos/logback/core/pattern/color/MagentaCompositeConverter.java,ch.qos.logback.core.pattern.color.MagentaCompositeConverter,class,2,2,0,2,1,6,0,0,0,0.0,NaN,NaN,1,0,0,0,1,0,1,0,0,0,0,0,0,0,0,0,0,0,0,5,1,0,0,0,0,0,0,0,0,0,0,0,0,0,27,1,0
/Users/thiago/Documents/Thiago/CodeToAnalyze/logback/logback-core/src/main/java/ch/qos/logback/core/joran/action/BaseModelAction.java,ch.qos.logback.core.joran.action.BaseModelAction,class,7,27,20,7,11,3,19,13,4,0.53333336,0.3,0.3,5,0,3,0,2,0,5,1,0,0,3,0,0,0,0,3,0,0,1,43,3,0,3,0,0,5,0,8,1,5,1,0,0,0,54,1025,0
/Users/thiago/Documents/Thiago/CodeToAnalyze/logback/logback-classic/src/test/java/ch/qos/logback/classic/spi/BasicContextListener.java,ch.qos.logback.classic.spi.BasicContextListener,class,5,6,1,5,6,1,0,0,1,0.6333333,0.46666667,0.46666667,6,0,6,0,0,0,6,0,0,0,5,0,0,0,0,5,0,0,0,31,1,0,0,0,0,0,0,11,0,5,0,0,1,0,30,1,0
/Users/thiago/Documents/Thiago/CodeToAnalyze/logback/logback-core/src/main/java/ch/qos/logback/core/pattern/color/YellowCompositeConverter.java,ch.qos.logback.core.pattern.color.YellowCompositeConverter,class,2,2,0,2,1,6,0,0,0,0.0,NaN,NaN,1,0,0,0,1,0,1,0,0,0,0,0,0,0,0,0,0,0,0,5,1,0,0,0,0,0,0,0,0,0,0,0,0,0,27,1,0
/Users/thiago/Documents/Thiago/CodeToAnalyze/logback/logback-classic/src/test/java/ch/qos/logback/classic/issue/logback_1162/Main.java,ch.qos.logback.classic.issue.logback_1162.Main,class,4,5,1,4,1,1,0,8,0,0.0,NaN,NaN,1,1,1,0,0,0,1,0,0,0,1,1,0,1,0,0,1,0,0,13,0,0,0,0,0,4,1,3,2,3,0,0,0,0,12,1,1
/Users/thiago/Documents/Thiago/CodeToAnalyze/logback/logback-classic/src/main/java/ch/qos/logback/classic/html/UrlCssBuilder.java,ch.qos.logback.classic.html.UrlCssBuilder,class,1,1,0,1,3,1,0,1,0,0.0,1.0,1.0,3,0,3,0,0,0,3,0,0,0,1,0,0,0,0,1,0,0,0,14,1,0,0,0,0,3,0,2,0,1,0,0,0,0,41,1,0
/Users/thiago/Documents/Thiago/CodeToAnalyze/logback/logback-core/src/main/java/ch/qos/logback/core/util/FileSize.java,ch.qos.logback.core.util.FileSize,class,1,15,14,1,18,1,0,8,0,0.7407408,0.73333335,1.0,6,1,6,0,0,0,6,0,0,0,9,8,3,5,0,1,9,0,3,67,10,0,7,0,0,14,9,21,13,18,2,0,0,0,88,1,0
/Users/thiago/Documents/Thiago/CodeToAnalyze/logback/logback-core/src/main/java/ch/qos/logback/core/util/CharSequenceState.java,ch.qos.logback.core.util.CharSequenceState,class,0,2,2,0,2,1,0,0,0,0.25,1.0,1.0,2,0,1,0,0,1,2,0,0,0,2,0,0,0,0,2,1,0,0,11,0,0,0,0,0,0,1,2,0,2,0,0,0,0,15,0,0
/Users/thiago/Documents/Thiago/CodeToAnalyze/logback/logback-core/src/main/java/ch/qos/logback/core/model/ComponentModel.java,ch.qos.logback.core.model.ComponentModel,class,2,29,27,2,10,2,7,7,0,0.5714286,0.71428573,0.71428573,7,0,5,0,2,0,7,0,0,0,2,1,0,1,0,1,1,0,2,34,8,0,2,0,0,4,2,8,3,6,1,0,0,0,49,1,0
/Users/thiago/Documents/Thiago/CodeToAnalyze/logback/logback-classic/src/main/java/ch/qos/logback/classic/sift/JNDIBasedContextDiscriminator.java,ch.qos.logback.classic.sift.JNDIBasedContextDiscriminator,class,5,5,0,5,7,2,0,4,2,0.5,0.4,0.4,5,0,5,0,0,0,5,0,0,0,2,1,0,2,0,0,1,0,1,27,5,0,2,0,0,2,0,4,1,4,1,0,0,0,64,1,0
/Users/thiago/Documents/Thiago/CodeToAnalyze/logback/logback-classic/src/test/java/ch/qos/logback/classic/multiJVM/SafeModeRollingFileAppender.java,ch.qos.logback.classic.multiJVM.SafeModeRollingFileAppender,class,6,7,1,6,6,1,0,23,4,0.6875,0.16666667,0.16666667,4,4,1,0,0,3,4,0,0,0,4,4,0,0,0,4,1,0,7,55,1,1,1,0,3,14,7,14,8,14,1,0,0,0,74,1,1
/Users/thiago/Documents/Thiago/CodeToAnalyze/logback/logback-examples/src/main/java/chapters/migrationFromLog4j/Log4jMain.java,chapters.migrationFromLog4j.Log4jMain,class,2,3,1,2,1,1,0,3,0,0.0,NaN,NaN,1,1,1,0,0,0,1,0,0,0,1,1,0,0,0,1,0,0,0,7,0,0,0,0,0,2,0,1,0,1,0,0,0,0,22,1,1
/Users/thiago/Documents/Thiago/CodeToAnalyze/logback/logback-classic/src/main/java/ch/qos/logback/classic/pattern/ClassNameOnlyAbbreviator.java,ch.qos.logback.classic.pattern.ClassNameOnlyAbbreviator,class,1,2,1,1,2,1,0,3,0,0.0,NaN,NaN,1,0,1,0,0,0,1,0,0,0,0,0,0,0,0,0,0,0,0,11,2,0,1,0,0,0,2,1,1,1,1,0,0,0,23,1,0
/Users/thiago/Documents/Thiago/CodeToAnalyze/logback/logback-classic/src/test/java/ch/qos/logback/classic/pattern/MDCConverterTest.java,ch.qos.logback.classic.pattern.MDCConverterTest,class,9,10,1,9,5,1,0,13,0,0.45000002,1.0,1.0,5,0,4,1,0,0,4,0,0,0,4,0,0,0,0,4,0,0,0,36,1,0,0,0,0,10,0,13,4,11,0,0,0,0,40,1,0
/Users/thiago/Documents/Thiago/CodeToAnalyze/logback/logback-core/src/test/java/ch/qos/logback/core/net/server/SSLServerSocketAppenderBaseTest.java,ch.qos.logback.core.net.server.SSLServerSocketAppenderBaseTest$InstrumentedSSLServerSocketAppenderBase,innerclass,2,2,0,2,2,4,0,0,1,0.0,0.0,0.0,2,0,0,0,2,0,2,0,0,0,0,0,0,0,0,0,0,0,0,8,0,0,0,0,0,0,0,0,0,0,0,0,0,0,18,10,0
/Users/thiago/Documents/Thiago/CodeToAnalyze/logback/logback-core/src/main/java/ch/qos/logback/core/pattern/DynamicConverter.java,ch.qos.logback.core.pattern.DynamicConverter,class,7,21,14,7,17,3,0,11,21,0.6666667,0.4,0.4,15,0,14,0,1,0,15,0,0,0,3,0,0,1,1,1,0,0,0,55,5,0,2,0,0,0,2,5,0,3,1,0,0,0,82,1025,0
/Users/thiago/Documents/Thiago/CodeToAnalyze/logback/logback-classic/src/main/java/ch/qos/logback/classic/model/processor/ReceiverModelHandler.java,ch.qos.logback.classic.model.processor.ReceiverModelHandler,class,9,10,1,9,9,2,0,14,8,0.6,0.1,0.1,5,1,4,0,1,0,5,0,0,0,2,0,0,2,0,0,0,0,2,51,4,0,1,1,0,7,0,7,2,5,1,0,0,0,50,1,0
/Users/thiago/Documents/Thiago/CodeToAnalyze/logback/logback-classic/src/main/java/ch/qos/logback/classic/PatternLayout.java,ch.qos.logback.classic.PatternLayout,class,22,38,16,22,7,2,1,23,10,0.88,0.0,0.0,5,0,4,0,1,0,6,0,0,0,5,5,5,0,0,0,5,0,0,112,5,0,0,0,0,85,0,6,0,5,1,0,0,0,105,1,0
/Users/thiago/Documents/Thiago/CodeToAnalyze/logback/logback-core/src/main/java/ch/qos/logback/core/joran/action/Action.java,ch.qos.logback.core.joran.action.Action,class,6,20,14,6,13,2,6,8,36,1.0,0.0,0.0,9,1,5,0,4,0,9,2,0,0,8,8,8,0,0,0,8,0,3,44,10,0,4,0,0,12,4,12,3,12,1,0,0,0,99,1025,0
/Users/thiago/Documents/Thiago/CodeToAnalyze/logback/logback-core/src/main/java/ch/qos/logback/core/spi/ConfigurationEventListener.java,ch.qos.logback.core.spi.ConfigurationEventListener,interface,1,9,8,1,1,1,0,0,0,0.0,NaN,NaN,1,0,0,0,0,1,1,0,0,0,0,0,0,0,0,0,0,0,0,3,0,0,0,0,0,0,0,0,0,0,0,0,0,0,9,1,0
/Users/thiago/Documents/Thiago/CodeToAnalyze/logback/logback-core/src/main/java/ch/qos/logback/core/testUtil/XTeeOutputStream.java,ch.qos.logback.core.testUtil.XTeeOutputStream,class,1,1,0,1,3,3,0,1,1,0.33333334,0.33333334,0.33333334,3,0,3,0,0,0,3,0,0,0,1,0,0,0,0,1,0,0,0,13,1,0,0,0,0,0,0,2,0,1,0,0,0,0,17,1,0
/Users/thiago/Documents/Thiago/CodeToAnalyze/logback/logback-classic/src/main/java/ch/qos/logback/classic/util/CopyOnInheritThreadLocal.java,ch.qos.logback.classic.util.CopyOnInheritThreadLocal,class,0,0,0,0,2,3,0,0,0,0.0,NaN,NaN,1,0,0,0,1,0,1,0,0,0,0,0,0,0,0,0,0,0,0,10,2,0,1,0,0,0,0,0,0,0,1,0,0,0,26,1,0
/Users/thiago/Documents/Thiago/CodeToAnalyze/logback/logback-core/src/main/java/ch/qos/logback/core/model/IncludeModel.java,ch.qos.logback.core.model.IncludeModel,class,1,4,3,1,0,3,0,0,0,NaN,-1.0,-1.0,0,0,0,0,0,0,0,0,0,0,1,1,0,1,0,0,1,0,0,3,0,0,0,0,0,0,1,1,0,1,0,0,0,0,10,1,0
/Users/thiago/Documents/Thiago/CodeToAnalyze/logback/logback-classic/src/main/java/ch/qos/logback/classic/pattern/MessageConverter.java,ch.qos.logback.classic.pattern.MessageConverter,class,2,2,0,2,1,3,0,1,0,0.0,NaN,NaN,1,0,1,0,0,0,1,0,0,0,0,0,0,0,0,0,0,0,0,5,1,0,0,0,0,0,0,0,0,0,0,0,0,0,15,1,0
/Users/thiago/Documents/Thiago/CodeToAnalyze/logback/logback-core/src/test/java/ch/qos/logback/core/subst/NodeToStringTransformerTest.java,ch.qos.logback.core.subst.NodeToStringTransformerTest,class,8,9,1,8,22,1,0,11,0,0.1904762,0.7017544,0.7017544,21,0,18,2,0,1,19,0,0,0,1,0,0,0,0,1,0,0,0,131,3,0,0,1,0,55,0,44,1,44,1,0,0,0,92,1,0
/Users/thiago/Documents/Thiago/CodeToAnalyze/logback/logback-classic/src/test/java/ch/qos/logback/classic/spi/ListContextListener.java,ch.qos.logback.classic.spi.ListContextListener,class,5,6,1,5,5,1,0,1,0,0.2,0.6,0.6,5,0,5,0,0,0,5,0,0,0,1,0,0,0,0,1,0,0,0,18,1,0,0,0,0,0,0,1,0,1,0,0,0,0,16,1,0
/Users/thiago/Documents/Thiago/CodeToAnalyze/logback/logback-core/src/test/java/ch/qos/logback/core/rolling/ZRolloverChecker.java,ch.qos.logback.core.rolling.ZRolloverChecker,class,2,3,1,2,2,1,0,4,0,0.0,1.0,1.0,2,0,2,0,0,0,2,0,0,0,1,0,0,0,0,1,0,0,1,12,0,0,0,0,0,1,1,4,2,4,0,0,0,0,21,1,0
/Users/thiago/Documents/Thiago/CodeToAnalyze/logback/logback-core/src/main/java/ch/qos/logback/core/net/DefaultSocketConnector.java,ch.qos.logback.core.net.DefaultSocketConnector,class,6,9,3,6,12,1,0,9,3,0.6,0.2,0.3,7,0,5,2,0,0,5,0,0,0,5,0,0,5,0,0,3,0,3,53,2,1,3,1,0,0,0,11,0,7,1,0,1,0,60,1,0
/Users/thiago/Documents/Thiago/CodeToAnalyze/logback/logback-core/src/main/java/ch/qos/logback/core/rolling/helper/XZCompressionStrategy.java,ch.qos.logback.core.rolling.helper.XZCompressionStrategy,class,4,4,0,4,7,3,0,9,0,0.0,NaN,NaN,1,0,1,0,0,0,1,0,0,0,0,0,0,0,0,0,0,0,0,32,2,1,1,1,1,14,2,7,6,6,2,0,0,0,67,1,0
/Users/thiago/Documents/Thiago/CodeToAnalyze/logback/logback-core/src/main/java/ch/qos/logback/core/boolex/PropertyEvaluatorBase.java,ch.qos.logback.core.boolex.PropertyEvaluatorBase,class,5,10,5,5,12,2,4,3,10,0.5555556,0.3611111,0.3611111,9,0,9,0,0,0,9,0,0,0,2,0,0,0,0,2,0,0,3,35,7,0,3,0,2,1,0,6,0,5,1,0,0,0,88,1025,0
/Users/thiago/Documents/Thiago/CodeToAnalyze/logback/logback-classic/src/main/java/ch/qos/logback/classic/ViewStatusMessagesServlet.java,ch.qos.logback.classic.ViewStatusMessagesServlet,class,5,5,0,5,2,2,0,3,1,1.0,0.0,0.0,2,0,0,0,2,0,2,0,0,0,1,1,0,1,0,0,1,0,0,11,2,0,0,0,0,2,1,3,1,3,0,0,0,0,26,1,0
/Users/thiago/Documents/Thiago/CodeToAnalyze/logback/logback-core/src/test/java/ch/qos/logback/core/util/StringCollectionUtilTest.java,ch.qos.logback.core.util.StringCollectionUtilTest,class,3,4,1,3,7,1,0,8,21,0.0,0.0,0.0,7,0,6,1,0,0,6,0,0,0,0,0,0,0,0,0,0,0,7,37,1,0,0,0,0,14,0,7,0,7,0,0,0,0,24,1,0
/Users/thiago/Documents/Thiago/CodeToAnalyze/logback/logback-core/src/test/java/ch/qos/logback/core/pattern/parser/TokenStreamTest.java,ch.qos.logback.core.pattern.parser.TokenStreamTest,class,4,4,0,4,18,1,0,5,136,0.0,0.0,0.0,17,0,17,0,0,0,17,0,0,0,0,0,0,0,0,0,0,0,0,337,0,0,0,1,0,112,0,72,0,72,1,0,0,0,54,1,0
/Users/thiago/Documents/Thiago/CodeToAnalyze/logback/logback-core/src/test/java/ch/qos/logback/core/net/AbstractSocketAppenderIntegrationTest.java,ch.qos.logback.core.net.AbstractSocketAppenderIntegrationTest,class,13,13,0,13,3,4,0,33,0,0.5416667,1.0,1.0,3,0,3,0,0,0,3,0,0,0,8,1,0,8,0,0,1,0,2,55,0,0,0,0,0,3,2,10,0,11,0,0,2,0,60,1,0
/Users/thiago/Documents/Thiago/CodeToAnalyze/logback/logback-core/src/main/java/ch/qos/logback/core/read/CyclicBufferAppender.java,ch.qos.logback.core.read.CyclicBufferAppender,class,3,4,1,3,11,3,0,7,0,0.4375,0.64285713,1.0,8,0,7,0,1,0,8,0,0,0,2,0,0,0,0,2,0,0,0,43,6,0,0,0,0,0,2,4,0,2,1,0,0,0,41,1,0
/Users/thiago/Documents/Thiago/CodeToAnalyze/logback/logback-core/src/main/java/ch/qos/logback/core/joran/action/ResourceAction.java,ch.qos.logback.core.joran.action.ResourceAction,class,7,9,2,7,8,3,1,17,0,0.64285713,0.33333334,0.33333334,4,0,2,1,1,0,3,1,0,0,7,4,0,4,0,3,4,0,1,43,1,0,2,0,0,7,0,13,1,13,1,0,0,0,69,1025,0
/Users/thiago/Documents/Thiago/CodeToAnalyze/logback/logback-core/src/main/java/ch/qos/logback/core/status/StatusListener.java,ch.qos.logback.core.status.StatusListener,interface,1,10,9,1,2,1,0,0,1,0.0,0.0,0.0,2,0,0,0,0,2,2,0,0,0,0,0,0,0,0,0,0,0,0,6,1,0,0,0,0,0,0,0,0,0,0,0,0,0,30,1,0
/Users/thiago/Documents/Thiago/CodeToAnalyze/logback/logback-examples/src/main/java/chapters/configuration/AddStatusListenerApp.java,chapters.configuration.AddStatusListenerApp,class,5,5,0,5,1,1,0,6,0,0.0,NaN,NaN,1,1,1,0,0,0,1,0,0,0,0,0,0,0,0,0,0,0,0,13,0,0,0,0,0,3,0,5,0,5,0,0,0,0,19,1,2
/Users/thiago/Documents/Thiago/CodeToAnalyze/logback/logback-classic/src/test/java/ch/qos/logback/classic/issue/lbcore243/PerformanceComparatorLogback.java,ch.qos.logback.classic.issue.lbcore243.PerformanceComparatorLogback,class,4,5,1,4,6,1,0,13,4,0.6,0.0,0.0,5,5,1,3,0,1,2,0,0,0,2,2,0,0,0,2,0,0,12,36,1,1,0,0,1,10,2,7,6,7,1,0,0,0,55,1,1
/Users/thiago/Documents/Thiago/CodeToAnalyze/logback/logback-core/src/test/java/ch/qos/logback/core/net/Innocent.java,ch.qos.logback.core.net.Innocent,class,1,3,2,1,20,1,0,5,0,0.625,0.5714286,1.0,8,0,8,0,0,0,8,0,0,0,4,1,0,1,0,3,1,0,0,48,13,0,10,0,4,0,5,10,6,7,2,0,0,0,30,1,0
/Users/thiago/Documents/Thiago/CodeToAnalyze/logback/logback-core/src/main/java/ch/qos/logback/core/joran/util/beans/BeanDescription.java,ch.qos.logback.core.joran.util.beans.BeanDescription,class,0,4,4,0,8,1,0,2,8,0.65625,0.35714287,1.0,8,0,7,0,1,0,8,0,0,0,4,0,0,4,0,0,4,0,3,33,7,0,0,0,0,0,0,4,0,4,0,0,0,0,52,1,0
/Users/thiago/Documents/Thiago/CodeToAnalyze/logback/logback-core/src/main/java/ch/qos/logback/core/joran/JoranConfiguratorBase.java,ch.qos.logback.core.joran.JoranConfiguratorBase,class,12,13,1,12,8,3,0,9,21,0.0,0.0,0.0,7,0,2,0,5,0,7,0,0,0,0,0,0,0,0,0,0,0,0,49,1,0,0,0,1,26,0,0,0,0,1,0,0,0,79,1025,0
/Users/thiago/Documents/Thiago/CodeToAnalyze/logback/logback-classic/src/test/java/ch/qos/logback/classic/pattern/ThrowableProxyConverterTest.java,ch.qos.logback.classic.pattern.ThrowableProxyConverterTest,class,9,10,1,9,22,1,0,30,92,0.7647059,0.175,0.175,17,0,14,1,0,2,16,0,0,0,4,0,0,0,0,4,0,0,11,146,3,0,0,3,0,27,8,47,1,43,1,0,0,0,77,1,0
/Users/thiago/Documents/Thiago/CodeToAnalyze/logback/logback-core/src/main/java/ch/qos/logback/core/model/processor/ModelFilter.java,ch.qos.logback.core.model.processor.ModelFilter,interface,2,9,7,2,1,1,0,0,0,0.0,NaN,NaN,1,0,0,0,0,1,1,0,0,0,0,0,0,0,0,0,0,0,0,3,0,0,0,0,0,0,0,0,0,0,0,0,0,0,5,1,0
/Users/thiago/Documents/Thiago/CodeToAnalyze/logback/logback-classic/src/test/java/ch/qos/logback/classic/LoggerMessageFormattingTest.java,ch.qos.logback.classic.LoggerMessageFormattingTest,class,7,7,0,7,6,1,0,13,0,0.0,1.0,1.0,6,0,6,0,0,0,6,0,0,0,2,0,0,0,0,2,0,0,5,47,0,0,0,0,0,11,11,15,0,15,0,0,0,0,28,1,5
/Users/thiago/Documents/Thiago/CodeToAnalyze/logback/logback-classic/src/main/java/ch/qos/logback/classic/model/processor/LoggerContextListenerModelHandler.java,ch.qos.logback.classic.model.processor.LoggerContextListenerModelHandler,class,11,12,1,11,11,2,0,13,8,0.6,0.1,0.1,5,1,4,0,1,0,5,0,0,0,2,0,0,0,0,2,0,0,2,53,3,0,1,1,3,7,0,8,2,5,2,0,0,0,48,1,0
/Users/thiago/Documents/Thiago/CodeToAnalyze/logback/logback-core/src/test/java/ch/qos/logback/core/net/ssl/TrustManagerFactoryFactoryBeanTest.java,ch.qos.logback.core.net.ssl.TrustManagerFactoryFactoryBeanTest,class,2,2,0,2,3,1,0,8,0,0.0,1.0,1.0,3,0,3,0,0,0,3,0,0,0,1,0,0,1,0,0,0,0,3,15,0,0,0,0,0,0,0,2,0,2,0,0,0,0,19,1,0
/Users/thiago/Documents/Thiago/CodeToAnalyze/logback/logback-core/src/main/java/ch/qos/logback/core/model/processor/PropertyModelHandler.java,ch.qos.logback.core.model.processor.PropertyModelHandler,class,8,9,1,8,4,3,0,2,6,0.0,0.0,0.0,4,1,3,0,1,0,4,0,0,0,0,0,0,0,0,0,0,0,0,17,2,0,0,0,0,0,0,2,0,2,0,0,0,0,17,1,0
/Users/thiago/Documents/Thiago/CodeToAnalyze/logback/logback-core/src/test/java/ch/qos/logback/core/util/FileSizeTest.java,ch.qos.logback.core.util.FileSizeTest,class,2,2,0,2,2,1,0,4,1,0.5,0.0,0.0,2,0,2,0,0,0,2,0,0,0,3,3,0,0,0,3,0,0,5,45,0,0,0,0,0,9,22,12,12,12,1,0,0,0,20,1,0
/Users/thiago/Documents/Thiago/CodeToAnalyze/logback/logback-core/src/main/java/ch/qos/logback/core/joran/conditional/ElseAction.java,ch.qos.logback.core.joran.conditional.ElseAction,class,6,6,0,6,2,4,0,2,1,0.0,0.0,0.0,2,0,0,0,2,0,2,0,0,0,0,0,0,0,0,0,0,0,0,11,2,0,0,0,0,0,0,2,0,2,0,0,0,0,18,1,0
/Users/thiago/Documents/Thiago/CodeToAnalyze/logback/logback-core/src/main/java/ch/qos/logback/core/model/processor/StatusListenerModelHandler.java,ch.qos.logback.core.model.processor.StatusListenerModelHandler,class,13,14,1,13,14,3,0,17,11,0.6666667,0.1,0.1,6,1,4,1,1,0,5,0,0,0,3,0,0,0,0,3,0,0,0,59,6,0,2,1,2,6,0,11,2,6,2,0,0,0,55,1,0
/Users/thiago/Documents/Thiago/CodeToAnalyze/logback/logback-classic/src/test/java/ch/qos/logback/classic/corpusTest/TextFileUtilTest.java,ch.qos.logback.classic.corpusTest.TextFileUtilTest,class,2,2,0,2,1,1,0,4,0,0.0,NaN,NaN,1,0,1,0,0,0,1,0,0,0,0,0,0,0,0,0,0,0,1,12,0,0,0,0,0,7,4,4,1,4,0,0,0,0,37,1,0
/Users/thiago/Documents/Thiago/CodeToAnalyze/logback/logback-core/src/test/java/ch/qos/logback/core/rolling/RenameUtilTest.java,ch.qos.logback.core.rolling.RenameUtilTest,class,12,13,1,12,7,1,0,19,0,0.6041666,0.7,1.0,6,0,5,1,0,0,5,0,0,0,8,0,0,0,2,6,0,0,3,62,1,0,0,0,1,15,3,22,11,22,1,0,0,0,73,1,0
/Users/thiago/Documents/Thiago/CodeToAnalyze/logback/logback-classic/src/main/java/ch/qos/logback/classic/model/processor/RootLoggerModelHandler.java,ch.qos.logback.classic.model.processor.RootLoggerModelHandler,class,10,11,1,10,8,2,0,11,8,0.6,0.1,0.1,5,1,4,0,1,0,5,0,0,0,2,0,0,0,0,2,0,0,2,38,3,0,1,0,0,3,0,8,2,7,1,0,0,0,44,1,0
/Users/thiago/Documents/Thiago/CodeToAnalyze/logback/logback-core-blackbox/src/test/java/ch/qos/logback/core/blackbox/joran/CoreBlackboxStatusChecker.java,ch.qos.logback.core.blackbox.joran.CoreBlackboxStatusChecker,class,3,4,1,3,11,2,0,6,55,0.0,0.0,0.0,11,0,11,0,0,0,11,0,0,0,0,0,0,0,0,0,0,0,0,34,0,0,0,0,0,0,2,0,0,0,0,0,0,0,28,1,0
/Users/thiago/Documents/Thiago/CodeToAnalyze/logback/logback-core/src/test/java/ch/qos/logback/core/joran/spi/SimpleRuleStoreTest.java,ch.qos.logback.core.joran.spi.SimpleRuleStoreTest$YAction,innerclass,3,3,0,3,3,2,0,0,3,0.0,0.0,0.0,3,0,3,0,0,0,3,0,0,0,0,0,0,0,0,0,0,0,0,8,0,0,0,0,0,0,0,0,0,0,0,0,0,0,13,0,0
/Users/thiago/Documents/Thiago/CodeToAnalyze/logback/logback-classic/src/main/java/ch/qos/logback/classic/BasicConfigurator.java,ch.qos.logback.classic.BasicConfigurator,class,10,10,0,10,2,2,0,8,1,0.0,0.0,0.0,2,0,2,0,0,0,2,0,0,0,0,0,0,0,0,0,0,0,0,21,1,0,0,0,0,2,0,4,0,4,0,0,0,0,39,1,0
/Users/thiago/Documents/Thiago/CodeToAnalyze/logback/logback-core/src/main/java/ch/qos/logback/core/joran/action/AppenderRefAction.java,ch.qos.logback.core.joran.action.AppenderRefAction,class,6,6,0,6,2,4,0,4,1,0.0,0.0,0.0,2,0,0,0,2,0,2,0,0,0,0,0,0,0,0,0,0,0,0,13,2,0,0,0,0,0,0,3,0,3,0,0,0,0,20,1,0
/Users/thiago/Documents/Thiago/CodeToAnalyze/logback/logback-core/src/test/java/ch/qos/logback/core/net/ssl/mock/MockSSLConfigurable.java,ch.qos.logback.core.net.ssl.mock.MockSSLConfigurable,class,1,2,1,1,17,1,0,0,120,0.89542484,0.05882353,0.05882353,17,0,17,0,0,0,17,0,0,0,9,1,0,9,0,0,1,0,0,61,8,0,0,0,0,0,1,15,0,9,0,0,0,0,30,1,0
/Users/thiago/Documents/Thiago/CodeToAnalyze/logback/logback-classic/src/main/java/ch/qos/logback/classic/pattern/TargetLengthBasedClassNameAbbreviator2.java,ch.qos.logback.classic.pattern.TargetLengthBasedClassNameAbbreviator2,class,3,4,1,3,19,1,0,10,4,0.4,0.3,0.3,5,2,2,0,0,3,5,0,0,0,1,0,0,0,0,1,1,0,1,78,4,4,6,0,3,2,23,22,13,16,2,0,0,0,64,1,0
/Users/thiago/Documents/Thiago/CodeToAnalyze/logback/logback-core/src/main/java/ch/qos/logback/core/net/server/ServerRunner.java,ch.qos.logback.core.net.server.ServerRunner,interface,3,7,4,3,3,1,0,0,3,0.0,0.0,0.0,3,0,0,0,0,3,3,0,0,0,0,0,0,0,0,0,0,0,0,5,0,0,0,0,0,0,0,0,0,0,0,0,0,0,63,1,0
/Users/thiago/Documents/Thiago/CodeToAnalyze/logback/logback-classic-blackbox/src/test/java/ch/qos/logback/classic/blackbox/issue/lbclassic135/LoggingToFileThroughput.java,ch.qos.logback.classic.blackbox.issue.lbclassic135.LoggingToFileThroughput,class,7,8,1,7,4,1,0,8,3,0.8333334,0.0,0.0,3,3,1,0,0,2,3,0,0,0,2,2,0,0,0,2,0,0,0,28,2,1,0,0,0,2,3,8,0,7,1,0,0,0,51,1,0
/Users/thiago/Documents/Thiago/CodeToAnalyze/logback/logback-core/src/main/java/ch/qos/logback/core/model/processor/AppenderRefDependencyAnalyser.java,ch.qos.logback.core.model.processor.AppenderRefDependencyAnalyser,class,7,7,0,7,4,3,0,5,3,0.0,0.0,0.0,3,0,2,0,1,0,3,0,0,0,0,0,0,0,0,0,0,0,0,22,1,0,0,0,0,0,0,6,0,5,1,0,0,0,23,1,0
/Users/thiago/Documents/Thiago/CodeToAnalyze/logback/logback-core/src/main/java/ch/qos/logback/core/net/SMTPAppenderBase.java,ch.qos.logback.core.net.SMTPAppenderBase,class,20,22,2,20,96,2,0,73,1347,0.9586776,0.037707392,0.18401207,55,0,43,3,8,1,52,5,0,1,33,9,7,11,7,8,8,0,10,385,34,2,17,5,1,40,13,82,13,63,3,0,1,0,306,1025,0
/Users/thiago/Documents/Thiago/CodeToAnalyze/logback/logback-core/src/main/java/ch/qos/logback/core/pattern/color/BlackCompositeConverter.java,ch.qos.logback.core.pattern.color.BlackCompositeConverter,class,2,2,0,2,1,6,0,0,0,0.0,NaN,NaN,1,0,0,0,1,0,1,0,0,0,0,0,0,0,0,0,0,0,0,5,1,0,0,0,0,0,0,0,0,0,0,0,0,0,27,1,0
/Users/thiago/Documents/Thiago/CodeToAnalyze/logback/logback-core/src/main/java/ch/qos/logback/core/util/PropertySetterException.java,ch.qos.logback.core.util.PropertySetterException,class,0,0,0,0,3,3,0,0,3,1.0,0.0,0.0,3,0,3,0,0,0,3,0,0,0,1,1,0,1,0,0,1,0,0,12,0,0,0,0,0,0,1,1,0,1,0,0,0,0,32,1,0
/Users/thiago/Documents/Thiago/CodeToAnalyze/logback/logback-core/src/main/java/ch/qos/logback/core/joran/spi/SaxEventInterpretationContext.java,ch.qos.logback.core.joran.spi.SaxEventInterpretationContext,class,5,37,32,5,14,2,0,8,23,0.6363636,0.29090908,0.38181818,11,0,11,0,0,0,11,0,0,0,2,0,0,0,0,2,0,0,0,53,11,0,1,1,0,2,0,4,1,3,1,0,0,0,69,1,0
/Users/thiago/Documents/Thiago/CodeToAnalyze/logback/logback-classic/src/test/java/ch/qos/logback/classic/multiJVM/LoggingThread.java,ch.qos.logback.classic.multiJVM.LoggingThread,class,1,1,0,1,4,2,0,2,0,0.4166667,0.6666667,1.0,3,0,3,0,0,0,3,0,0,0,4,1,0,1,0,3,2,0,2,20,1,1,0,0,2,2,2,6,4,6,1,0,0,0,17,1,1
/Users/thiago/Documents/Thiago/CodeToAnalyze/logback/logback-classic/src/main/java/ch/qos/logback/classic/pattern/LineSeparatorConverter.java,ch.qos.logback.classic.pattern.LineSeparatorConverter,class,2,2,0,2,1,3,0,0,0,0.0,NaN,NaN,1,0,1,0,0,0,1,0,0,0,0,0,0,0,0,0,0,0,0,5,1,0,0,0,0,0,0,0,0,0,0,0,0,0,9,1,0
/Users/thiago/Documents/Thiago/CodeToAnalyze/logback/logback-core/src/main/java/ch/qos/logback/core/FileAppender.java,ch.qos.logback.core.FileAppender,class,7,15,8,7,43,2,0,48,90,0.84313726,0.25274727,0.72527474,17,0,11,3,3,0,14,0,1,0,6,2,1,2,3,0,1,0,2,173,11,1,13,5,0,21,4,27,8,20,3,0,0,0,196,1,0
/Users/thiago/Documents/Thiago/CodeToAnalyze/logback/logback-core/src/main/java/ch/qos/logback/core/pattern/parser/TokenStream.java,ch.qos.logback.core.pattern.parser.TokenStream$TokenizerState,enum,0,0,0,0,0,1,0,0,0,0.0,-1.0,-1.0,0,0,0,0,0,0,0,0,0,0,0,0,0,0,0,0,0,0,0,1,0,0,0,0,0,0,0,0,0,0,0,0,0,0,14,0,0
/Users/thiago/Documents/Thiago/CodeToAnalyze/logback/logback-core/src/test/java/ch/qos/logback/core/util/ContextUtilAddOrReplaceShutdownHookTest.java,ch.qos.logback.core.util.ContextUtilAddOrReplaceShutdownHookTest$HelloShutdownHookHook,innerclass,1,1,0,1,3,2,0,1,1,0.33333334,0.33333334,0.33333334,3,0,3,0,0,0,3,0,0,0,1,0,0,0,0,1,0,0,0,12,1,0,0,0,0,2,0,1,2,1,0,0,0,0,8,8,0
/Users/thiago/Documents/Thiago/CodeToAnalyze/logback/logback-core/src/main/java/ch/qos/logback/core/joran/util/beans/BeanDescriptionFactory.java,ch.qos.logback.core.joran.util.beans.BeanDescriptionFactory,class,4,5,1,4,11,2,0,13,1,0.0,0.0,0.0,2,0,1,0,0,1,2,0,0,0,0,0,0,0,0,0,0,0,9,44,1,1,3,0,0,3,0,13,0,13,4,0,0,0,68,1,0
/Users/thiago/Documents/Thiago/CodeToAnalyze/logback/logback-core-blackbox/src/test/java/ch/qos/logback/core/blackbox/joran/action/ext/BlackboxStackAction.java,ch.qos.logback.core.blackbox.joran.action.ext.BlackboxStackAction,class,6,6,0,6,2,2,0,4,1,0.0,0.0,0.0,2,0,0,0,2,0,2,0,0,0,0,0,0,0,0,0,0,0,0,12,2,0,0,0,0,0,0,2,0,2,0,0,0,0,29,1,0
/Users/thiago/Documents/Thiago/CodeToAnalyze/logback/logback-classic/src/main/java/ch/qos/logback/classic/pattern/PropertyConverter.java,ch.qos.logback.classic.pattern.PropertyConverter,class,3,4,1,3,6,3,0,6,0,0.0,1.0,1.0,3,0,3,0,0,0,3,0,0,0,1,0,0,0,0,1,0,0,1,29,4,0,3,0,0,1,0,5,0,5,2,0,0,0,24,17,0
/Users/thiago/Documents/Thiago/CodeToAnalyze/logback/logback-core/src/test/java/ch/qos/logback/core/util/LocationUtilTest.java,ch.qos.logback.core.util.LocationUtilTest,class,3,4,1,3,8,1,0,15,13,0.6428572,0.2,0.2,7,0,6,1,0,0,6,0,0,0,2,2,0,2,0,0,2,0,4,53,0,0,0,2,0,6,0,11,3,11,2,0,0,2,49,1,0
/Users/thiago/Documents/Thiago/CodeToAnalyze/logback/logback-classic/src/test/java/ch/qos/logback/classic/issue/lbclassic135/lbclassic139/Accessor.java,ch.qos.logback.classic.issue.lbclassic135.lbclassic139.Accessor,class,5,7,2,5,4,2,0,8,1,0.44444445,0.33333334,0.33333334,3,0,1,0,0,2,3,0,0,0,3,0,0,1,0,2,2,0,1,21,0,1,0,0,0,5,0,4,1,4,1,0,0,0,20,1,1
/Users/thiago/Documents/Thiago/CodeToAnalyze/logback/logback-core/src/main/java/ch/qos/logback/core/model/processor/SequenceNumberGeneratorModelHandler.java,ch.qos.logback.core.model.processor.SequenceNumberGeneratorModelHandler,class,11,12,1,11,9,3,0,12,8,0.6,0.1,0.1,5,1,4,0,1,0,5,0,0,0,2,0,0,1,0,1,0,0,0,50,4,0,1,1,0,8,0,7,3,5,1,0,0,0,52,1,0
/Users/thiago/Documents/Thiago/CodeToAnalyze/logback/logback-core/src/main/java/ch/qos/logback/core/status/OnErrorConsoleStatusListener.java,ch.qos.logback.core.status.OnErrorConsoleStatusListener,class,1,1,0,1,1,3,0,0,0,0.0,NaN,NaN,1,0,0,0,1,0,1,0,0,0,0,0,0,0,0,0,0,0,0,5,1,0,0,0,0,0,0,0,0,0,0,0,0,0,21,1,0
/Users/thiago/Documents/Thiago/CodeToAnalyze/logback/logback-core/src/main/java/ch/qos/logback/core/model/processor/ModelHandlerBase.java,ch.qos.logback.core.model.processor.ModelHandlerBase,class,5,32,27,5,7,2,24,6,15,0.0,0.0,0.0,6,0,4,0,2,0,6,1,0,0,0,0,0,0,0,0,0,0,0,24,4,0,0,0,0,2,0,1,1,1,1,0,0,0,52,1025,0
/Users/thiago/Documents/Thiago/CodeToAnalyze/logback/logback-core/src/test/java/ch/qos/logback/core/rolling/SizeBasedRollingTest.java,ch.qos.logback.core.rolling.SizeBasedRollingTest,class,12,13,1,12,9,2,0,29,11,0.64285713,0.2,0.2,7,0,5,1,0,1,6,0,0,0,4,0,0,0,0,4,0,0,5,71,0,1,1,0,0,23,7,10,13,8,1,0,0,1,71,1,0
/Users/thiago/Documents/Thiago/CodeToAnalyze/logback/logback-core/src/main/java/ch/qos/logback/core/util/MD5Util.java,ch.qos.logback.core.util.MD5Util,class,1,2,1,1,5,1,0,9,4,0.625,0.16666667,0.16666667,4,0,4,0,0,0,4,0,0,0,2,1,0,0,0,2,1,0,2,23,3,1,0,0,0,1,4,5,0,5,1,0,0,0,48,1,0
/Users/thiago/Documents/Thiago/CodeToAnalyze/logback/logback-core/src/main/java/ch/qos/logback/core/spi/BasicSequenceNumberGenerator.java,ch.qos.logback.core.spi.BasicSequenceNumberGenerator,class,2,2,0,2,1,2,0,1,0,0.0,NaN,NaN,1,0,1,0,0,0,1,0,0,0,1,0,0,1,0,0,1,0,0,6,1,0,0,0,0,0,0,1,0,1,0,0,0,0,21,1,0
/Users/thiago/Documents/Thiago/CodeToAnalyze/logback/logback-classic/src/main/java/ch/qos/logback/classic/pattern/NamedConverter.java,ch.qos.logback.classic.pattern.NamedConverter,class,9,13,4,9,16,6,2,14,3,0.8333333,0.1,0.1,7,0,4,2,1,0,5,1,0,1,12,7,0,12,0,0,8,0,3,122,7,0,4,1,1,5,10,23,3,18,3,0,2,0,161,1025,0
/Users/thiago/Documents/Thiago/CodeToAnalyze/logback/logback-classic/src/test/java/ch/qos/logback/classic/spi/PackagingDataCalculatorTest.java,ch.qos.logback.classic.spi.PackagingDataCalculatorTest,class,8,9,1,8,15,1,0,20,28,0.0,0.0,0.0,8,0,6,1,0,1,7,0,0,0,0,0,0,0,0,0,0,0,4,72,2,2,1,1,2,14,9,23,8,21,2,0,0,0,78,1,0
/Users/thiago/Documents/Thiago/CodeToAnalyze/logback/logback-classic/src/main/java/ch/qos/logback/classic/spi/PlatformInfo.java,ch.qos.logback.classic.spi.PlatformInfo,class,0,0,0,0,4,1,0,1,0,0.0,NaN,NaN,1,1,1,0,0,0,1,0,0,0,2,2,0,2,0,0,1,0,1,16,1,0,2,1,1,1,4,4,0,2,2,0,0,0,27,1,0
/Users/thiago/Documents/Thiago/CodeToAnalyze/logback/logback-classic/src/test/java/ch/qos/logback/classic/ClassicTestConstants.java,ch.qos.logback.classic.ClassicTestConstants,class,0,0,0,0,0,1,0,0,0,NaN,-1.0,-1.0,0,0,0,0,0,0,0,0,0,0,8,8,8,0,0,0,8,0,0,10,0,0,0,0,0,8,0,8,4,8,0,0,0,0,24,1,0
/Users/thiago/Documents/Thiago/CodeToAnalyze/logback/logback-core/src/main/java/ch/qos/logback/core/sift/SiftProcessor.java,ch.qos.logback.core.sift.SiftProcessor,class,3,4,1,3,2,2,0,1,1,0.0,0.0,0.0,2,0,1,0,0,1,2,0,0,0,0,0,0,0,0,0,0,0,0,8,1,0,0,0,0,0,0,0,0,0,0,0,0,0,8,1,0
/Users/thiago/Documents/Thiago/CodeToAnalyze/logback/logback-examples/src/main/java/chapters/configuration/Foo.java,chapters.configuration.Foo,class,2,7,5,2,1,1,0,2,0,0.0,NaN,NaN,1,0,1,0,0,0,1,0,0,0,1,1,0,0,0,1,1,0,0,6,0,0,0,0,0,1,0,1,0,1,0,0,0,0,7,1,1
/Users/thiago/Documents/Thiago/CodeToAnalyze/logback/logback-core/src/test/java/ch/qos/logback/core/joran/spi/NoAutoStartUtilTest.java,ch.qos.logback.core.joran.spi.NoAutoStartUtilTest$ComponentWithNoAutoStartOnInterface,innerclass,1,1,0,1,0,1,0,0,0,0.0,-1.0,-1.0,0,0,0,0,0,0,0,0,0,0,0,0,0,0,0,0,0,0,0,2,0,0,0,0,0,0,0,0,0,0,0,0,0,0,7,10,0
/Users/thiago/Documents/Thiago/CodeToAnalyze/logback/logback-classic/src/test/java/ch/qos/logback/classic/issue/logback_1759/Logback1759Test.java,ch.qos.logback.classic.issue.logback_1759.Logback1759Test,class,10,11,1,10,3,1,0,12,0,0.6111111,0.6666667,1.0,3,0,2,0,0,1,3,0,0,0,6,0,0,0,0,6,0,0,0,33,0,0,0,0,0,5,0,9,0,7,0,0,0,0,30,1,0
/Users/thiago/Documents/Thiago/CodeToAnalyze/logback/logback-classic/src/main/java/ch/qos/logback/classic/pattern/DateConverter.java,ch.qos.logback.classic.pattern.DateConverter,class,3,3,0,3,10,3,0,12,0,0.0,1.0,1.0,2,0,2,0,0,0,2,0,0,0,1,0,0,0,0,1,0,0,2,40,1,0,3,1,0,5,4,15,3,8,1,0,0,0,42,1,0
/Users/thiago/Documents/Thiago/CodeToAnalyze/logback/logback-core/src/main/java/ch/qos/logback/core/net/server/RemoteReceiverClient.java,ch.qos.logback.core.net.server.RemoteReceiverClient,interface,2,9,7,2,2,1,0,0,1,0.0,0.0,0.0,2,0,0,0,0,2,2,0,0,0,0,0,0,0,0,0,0,0,0,4,0,0,0,0,0,0,0,0,0,0,0,0,0,0,45,0,0
/Users/thiago/Documents/Thiago/CodeToAnalyze/logback/logback-core/src/main/java/ch/qos/logback/core/joran/event/BodyEvent.java,ch.qos.logback.core.joran.event.BodyEvent,class,3,7,4,3,5,2,0,4,0,0.25,0.5,0.5,4,0,3,0,0,1,4,0,0,0,1,0,0,1,0,0,0,0,0,19,3,0,1,0,0,3,0,2,1,1,1,0,0,0,20,1,0
/Users/thiago/Documents/Thiago/CodeToAnalyze/logback/logback-classic/performance/src/java/ch/qos/logback/classic/LoggerCreation.java,ch.qos.logback.classic.LoggerCreation,class,9,10,1,9,20,1,0,21,21,0.85714287,0.0,0.0,7,7,1,0,0,6,7,0,0,0,4,4,0,0,0,4,0,0,19,103,0,6,1,0,6,7,7,48,18,47,2,0,0,0,45,1,0
/Users/thiago/Documents/Thiago/CodeToAnalyze/logback/logback-classic/src/main/java/ch/qos/logback/classic/joran/serializedModel/HardenedModelInputStream.java,ch.qos.logback.classic.joran.serializedModel.HardenedModelInputStream,class,10,14,4,10,2,2,0,32,1,0.0,0.0,0.0,2,1,2,0,0,0,2,0,0,0,0,0,0,0,0,0,0,0,1,39,1,0,0,0,0,0,0,1,0,1,0,0,0,0,12,1,0
/Users/thiago/Documents/Thiago/CodeToAnalyze/logback/logback-core/src/main/java/ch/qos/logback/core/pattern/IdentityCompositeConverter.java,ch.qos.logback.core.pattern.IdentityCompositeConverter,class,2,2,0,2,1,5,0,0,0,0.0,NaN,NaN,1,0,0,0,1,0,1,0,0,0,0,0,0,0,0,0,0,0,0,5,1,0,0,0,0,0,0,0,0,0,0,0,0,0,3,1,0
/Users/thiago/Documents/Thiago/CodeToAnalyze/logback/logback-classic/src/test/java/ch/qos/logback/classic/control/Scenario.java,ch.qos.logback.classic.control.Scenario,class,1,6,5,1,4,1,0,3,0,0.0,1.0,1.0,4,0,4,0,0,0,4,0,0,0,1,0,0,1,0,0,0,0,0,15,3,0,0,0,0,0,0,1,0,1,0,0,0,0,8,1,0
/Users/thiago/Documents/Thiago/CodeToAnalyze/logback/logback-classic/src/main/java/ch/qos/logback/classic/pattern/LoggerConverter.java,ch.qos.logback.classic.pattern.LoggerConverter,class,2,3,1,2,1,4,0,1,0,0.0,NaN,NaN,1,0,0,0,1,0,1,0,0,0,0,0,0,0,0,0,0,0,0,5,1,0,0,0,0,0,0,0,0,0,0,0,0,0,11,1,0
/Users/thiago/Documents/Thiago/CodeToAnalyze/logback/logback-core/src/test/java/ch/qos/logback/core/net/server/SSLServerSocketAppenderBaseTest.java,ch.qos.logback.core.net.server.SSLServerSocketAppenderBaseTest,class,7,7,0,7,2,4,0,6,0,0.25,1.0,1.0,2,0,2,0,0,0,2,0,0,0,2,0,0,2,0,0,0,0,1,20,0,0,0,0,0,1,0,2,0,2,0,0,1,0,26,1,0
/Users/thiago/Documents/Thiago/CodeToAnalyze/logback/logback-core/src/main/java/ch/qos/logback/core/model/NamedModel.java,ch.qos.logback.core.model.NamedModel,class,3,12,9,3,9,2,4,6,0,0.5833333,0.6666667,0.6666667,6,0,4,0,2,0,6,0,0,0,2,1,0,1,0,1,1,0,2,31,7,0,2,0,0,0,2,8,2,6,1,0,0,0,30,1,0
/Users/thiago/Documents/Thiago/CodeToAnalyze/logback/logback-classic/src/test/java/ch/qos/logback/classic/encoder/PatternLayoutEncoderTest.java,ch.qos.logback.classic.encoder.PatternLayoutEncoderTest,class,10,11,1,10,6,1,0,19,0,0.6333333,0.6666667,0.6666667,6,0,4,0,0,2,6,0,0,0,5,0,0,0,0,5,0,0,1,44,1,0,0,0,1,5,0,12,0,12,0,0,0,0,38,1,0
/Users/thiago/Documents/Thiago/CodeToAnalyze/logback/logback-classic/src/test/java/ch/qos/logback/classic/LoggerContextPerfTest.java,ch.qos.logback.classic.LoggerContextPerfTest$GetLoggerRunnable,innerclass,2,2,0,2,3,2,0,3,0,0.0,NaN,NaN,1,0,1,0,0,0,1,0,0,0,1,0,0,0,0,1,1,0,1,13,0,1,1,0,0,1,2,2,2,2,2,0,0,0,13,2,0
/Users/thiago/Documents/Thiago/CodeToAnalyze/logback/logback-core/src/main/java/ch/qos/logback/core/model/processor/DenyModelFilter.java,ch.qos.logback.core.model.processor.DenyModelFilter,class,3,4,1,3,3,1,0,1,0,0.0,1.0,1.0,2,0,1,0,0,1,2,0,0,0,1,0,0,0,0,1,1,0,0,12,2,0,1,0,0,0,0,1,0,1,1,0,0,0,8,1,0
/Users/thiago/Documents/Thiago/CodeToAnalyze/logback/logback-classic/src/main/java/ch/qos/logback/classic/util/ClassicEnvUtil.java,ch.qos.logback.classic.util.ClassicEnvUtil,class,2,5,3,2,9,1,0,13,6,0.0,0.0,0.0,4,4,3,1,0,0,3,0,0,0,0,0,0,0,0,0,0,0,2,32,8,1,4,0,0,1,0,9,0,9,1,0,0,0,47,1,0
/Users/thiago/Documents/Thiago/CodeToAnalyze/logback/logback-classic/src/main/java/ch/qos/logback/classic/model/LevelModel.java,ch.qos.logback.classic.model.LevelModel,class,2,5,3,2,9,2,0,6,0,0.5833333,0.6666667,0.6666667,6,0,4,0,2,0,6,0,0,0,2,1,0,1,0,1,1,0,2,31,7,0,2,0,0,0,2,8,2,6,1,0,0,0,30,1,0
/Users/thiago/Documents/Thiago/CodeToAnalyze/logback/logback-examples/src/main/java/chapters/configuration/MyApp1.java,chapters.configuration.MyApp1,class,3,4,1,3,1,1,0,3,0,0.0,NaN,NaN,1,1,1,0,0,0,1,0,0,0,1,1,0,0,0,1,1,0,0,9,0,0,0,0,0,2,0,2,0,2,0,0,0,0,8,1,2
/Users/thiago/Documents/Thiago/CodeToAnalyze/logback/logback-examples/src/main/java/chapters/configuration/MyApp2.java,chapters.configuration.MyApp2,class,4,5,1,4,1,1,0,5,0,0.0,NaN,NaN,1,1,1,0,0,0,1,0,0,0,1,1,0,0,0,1,1,0,0,11,0,0,0,0,0,2,0,3,0,3,0,0,0,0,10,1,2
/Users/thiago/Documents/Thiago/CodeToAnalyze/logback/logback-examples/src/main/java/chapters/configuration/MyApp3.java,chapters.configuration.MyApp3,class,5,6,1,5,2,1,0,8,0,0.0,NaN,NaN,1,1,1,0,0,0,1,0,0,0,1,1,0,0,0,1,1,0,0,19,0,0,0,1,0,2,1,4,0,4,1,0,0,0,15,1,2
/Users/thiago/Documents/Thiago/CodeToAnalyze/logback/logback-core/src/main/java/ch/qos/logback/core/model/processor/conditional/ThenModelHandler.java,ch.qos.logback.core.model.processor.conditional.ThenModelHandler,class,8,9,1,8,7,3,0,6,6,0.0,0.0,0.0,4,1,3,0,1,0,4,0,0,0,0,0,0,0,0,0,0,0,0,29,4,0,1,0,1,2,0,3,1,3,1,0,0,0,40,1,0
/Users/thiago/Documents/Thiago/CodeToAnalyze/logback/logback-core/src/test/java/ch/qos/logback/core/net/AbstractSocketAppenderIntegrationTest.java,ch.qos.logback.core.net.AbstractSocketAppenderIntegrationTest$SpyProducingObjectWriterFactory,innerclass,2,2,0,2,1,2,0,2,0,0.0,NaN,NaN,1,0,1,0,0,0,1,0,0,0,0,0,0,0,0,0,0,0,0,6,1,0,0,0,0,0,0,1,0,0,0,0,0,0,16,2,0
/Users/thiago/Documents/Thiago/CodeToAnalyze/logback/logback-core/src/test/java/ch/qos/logback/core/net/server/MockClient.java,ch.qos.logback.core.net.server.MockClient,class,1,4,3,1,7,1,0,5,0,0.375,0.6666667,1.0,4,0,4,0,0,0,4,0,0,2,2,0,0,2,0,0,0,0,2,31,2,1,0,1,0,0,0,3,0,2,3,0,0,0,33,0,0
/Users/thiago/Documents/Thiago/CodeToAnalyze/logback/logback-core/src/main/java/ch/qos/logback/core/testUtil/CoreTestConstants.java,ch.qos.logback.core.testUtil.CoreTestConstants,class,0,0,0,0,0,1,0,0,0,NaN,-1.0,-1.0,0,0,0,0,0,0,0,0,0,0,11,11,11,0,0,0,11,0,0,13,0,0,0,0,0,9,2,11,3,11,0,0,0,0,32,1,0
/Users/thiago/Documents/Thiago/CodeToAnalyze/logback/logback-classic/src/test/java/ch/qos/logback/classic/issue/github450/SLF4JIssue450Test.java,ch.qos.logback.classic.issue.github450.SLF4JIssue450Test,class,5,6,1,5,1,1,0,9,0,0.0,NaN,NaN,1,0,1,0,0,0,1,0,0,0,0,0,0,0,0,0,0,0,2,14,0,0,0,0,0,6,1,5,1,5,0,0,0,0,21,1,1
/Users/thiago/Documents/Thiago/CodeToAnalyze/logback/logback-classic/src/main/java/ch/qos/logback/classic/pattern/LocalSequenceNumberConverter.java,ch.qos.logback.classic.pattern.LocalSequenceNumberConverter,class,2,2,0,2,1,3,0,3,0,0.0,NaN,NaN,1,0,1,0,0,0,1,0,0,0,1,0,0,0,0,1,0,0,2,6,1,0,0,0,0,0,0,1,0,1,0,0,0,0,40,1,0
/Users/thiago/Documents/Thiago/CodeToAnalyze/logback/logback-core/src/main/java/ch/qos/logback/core/rolling/helper/Compressor.java,ch.qos.logback.core.rolling.helper.Compressor,class,8,15,7,8,20,2,0,15,9,0.78571427,0.4,0.4,7,1,5,1,0,1,6,0,0,0,4,3,2,0,0,2,4,0,1,80,16,0,1,1,0,8,7,9,4,9,2,0,1,0,103,1,0
/Users/thiago/Documents/Thiago/CodeToAnalyze/logback/logback-core/src/main/java/ch/qos/logback/core/model/SequenceNumberGeneratorModel.java,ch.qos.logback.core.model.SequenceNumberGeneratorModel,class,2,6,4,2,1,3,0,0,0,1.0,NaN,NaN,1,0,0,0,1,0,1,0,0,0,1,1,0,1,0,0,1,0,0,6,1,0,0,0,0,0,1,1,0,1,0,0,0,0,15,1,0
/Users/thiago/Documents/Thiago/CodeToAnalyze/logback/logback-core/src/main/java/ch/qos/logback/core/spi/AbstractComponentTracker.java,ch.qos.logback.core.spi.AbstractComponentTracker,class,5,9,4,5,35,1,0,25,157,0.8966942,0.13186814,0.13186814,22,0,11,8,3,0,14,3,0,3,11,3,2,4,2,3,3,0,0,168,17,3,4,0,4,0,7,27,5,23,2,3,2,0,156,1025,0
/Users/thiago/Documents/Thiago/CodeToAnalyze/logback/logback-core/src/main/java/ch/qos/logback/core/model/ParamModel.java,ch.qos.logback.core.model.ParamModel,class,3,7,4,3,9,3,0,6,0,0.5833333,0.6666667,0.6666667,6,0,4,0,2,0,6,0,0,0,2,1,0,1,0,1,1,0,2,31,7,0,2,0,0,0,2,8,2,6,1,0,0,0,31,1,0
/Users/thiago/Documents/Thiago/CodeToAnalyze/logback/logback-core/src/test/java/ch/qos/logback/core/joran/util/Orange.java,ch.qos.logback.core.joran.util.Orange,class,1,3,2,1,2,2,0,2,1,0.0,0.0,0.0,2,0,2,0,0,0,2,0,0,0,0,0,0,0,0,0,0,0,0,8,0,0,0,0,0,1,0,0,0,0,0,0,0,0,6,1,0
/Users/thiago/Documents/Thiago/CodeToAnalyze/logback/logback-core/src/main/java/ch/qos/logback/core/util/ContextUtil.java,ch.qos.logback.core.util.ContextUtil,class,5,9,4,5,13,2,0,15,21,0.85714287,0.0,0.0,7,2,7,0,0,0,7,0,0,0,1,1,0,0,0,1,1,0,1,45,5,1,4,0,0,7,0,7,1,7,1,0,0,0,67,1,0
/Users/thiago/Documents/Thiago/CodeToAnalyze/logback/logback-classic/src/test/java/ch/qos/logback/classic/issue/lbclassic323/Simple.java,ch.qos.logback.classic.issue.lbclassic323.Simple,class,4,5,1,4,3,1,0,10,1,0.5,0.0,0.0,2,2,1,0,0,1,2,0,0,0,2,2,0,0,0,2,0,0,2,20,0,1,0,0,0,5,3,5,1,5,1,0,0,0,36,1,2
/Users/thiago/Documents/Thiago/CodeToAnalyze/logback/logback-core/src/main/java/ch/qos/logback/core/helpers/CyclicBuffer.java,ch.qos.logback.core.helpers.CyclicBuffer,class,2,7,5,2,26,1,0,5,0,0.41818184,0.73333335,0.8,11,0,10,1,0,0,10,0,0,0,5,0,0,0,0,5,0,0,1,87,7,2,6,0,1,7,17,31,4,11,2,0,0,0,90,1,0
/Users/thiago/Documents/Thiago/CodeToAnalyze/logback/logback-core/src/main/java/ch/qos/logback/core/joran/spi/ConsoleTarget.java,ch.qos.logback.core.joran.spi.ConsoleTarget$Anonymous1,anonymous,1,1,0,1,4,1,0,4,6,0.0,0.0,0.0,4,0,4,0,0,0,4,0,0,0,0,0,0,0,0,0,0,0,0,14,0,0,0,0,0,0,0,0,0,0,0,0,0,0,7,-1,0
/Users/thiago/Documents/Thiago/CodeToAnalyze/logback/logback-core/src/main/java/ch/qos/logback/core/pattern/LiteralConverter.java,ch.qos.logback.core.pattern.LiteralConverter,class,2,3,1,2,2,2,0,0,0,0.0,1.0,1.0,2,0,2,0,0,0,2,0,0,0,1,0,0,0,0,1,0,0,0,9,1,0,0,0,0,0,0,1,0,1,0,0,0,0,6,17,0
/Users/thiago/Documents/Thiago/CodeToAnalyze/logback/logback-core/src/main/java/ch/qos/logback/core/joran/spi/ConsoleTarget.java,ch.qos.logback.core.joran.spi.ConsoleTarget$Anonymous2,anonymous,1,1,0,1,4,1,0,4,6,0.0,0.0,0.0,4,0,4,0,0,0,4,0,0,0,0,0,0,0,0,0,0,0,0,14,0,0,0,0,0,0,0,0,0,0,0,0,0,0,7,-1,0
/Users/thiago/Documents/Thiago/CodeToAnalyze/logback/logback-classic/src/test/java/ch/qos/logback/classic/LoggerContextConcurrentResetTest.java,ch.qos.logback.classic.LoggerContextConcurrentResetTest$Resetter,innerclass,2,2,0,2,4,2,0,4,0,0.33333334,1.0,1.0,2,0,1,0,0,1,2,0,0,0,3,0,1,0,0,2,0,0,1,21,0,1,0,1,0,0,1,3,0,3,1,0,0,0,19,8,0
/Users/thiago/Documents/Thiago/CodeToAnalyze/logback/logback-core/src/main/java/ch/qos/logback/core/rolling/SizeAndTimeBasedFileNamingAndTriggeringPolicy.java,ch.qos.logback.core.rolling.SizeAndTimeBasedFileNamingAndTriggeringPolicy$Usage,enum,0,0,0,0,0,1,0,0,0,0.0,-1.0,-1.0,0,0,0,0,0,0,0,0,0,0,0,0,0,0,0,0,0,0,0,1,0,0,0,0,0,0,0,0,0,0,0,0,0,0,8,0,0
/Users/thiago/Documents/Thiago/CodeToAnalyze/logback/logback-classic/src/main/java/ch/qos/logback/classic/spi/StackTraceElementProxy.java,ch.qos.logback.classic.spi.StackTraceElementProxy,class,2,21,19,2,18,1,0,6,2,0.71875,0.4642857,0.75,8,0,8,0,0,0,8,0,0,0,4,1,0,2,0,2,2,0,0,54,12,0,8,0,0,3,1,5,1,5,2,0,0,0,45,1,0
/Users/thiago/Documents/Thiago/CodeToAnalyze/logback/logback-core/src/test/java/ch/qos/logback/core/BasicStatusManagerTest.java,ch.qos.logback.core.BasicStatusManagerTest,class,7,8,1,7,9,1,0,17,0,0.25,1.0,1.0,4,0,3,1,0,0,3,0,0,0,1,0,0,0,0,1,0,0,0,63,0,2,0,0,0,9,7,20,6,19,2,0,0,0,63,1,0
/Users/thiago/Documents/Thiago/CodeToAnalyze/logback/logback-classic/src/test/java/ch/qos/logback/classic/spi/LoggerComparatorTest.java,ch.qos.logback.classic.spi.LoggerComparatorTest,class,5,5,0,5,2,1,0,3,1,0.6,0.0,0.0,2,0,2,0,0,0,2,0,0,0,5,0,0,0,0,5,0,0,0,17,0,0,0,0,0,3,6,5,0,5,0,0,0,0,16,1,0
/Users/thiago/Documents/Thiago/CodeToAnalyze/logback/logback-core/src/main/java/ch/qos/logback/core/joran/action/ShutdownHookAction.java,ch.qos.logback.core.joran.action.ShutdownHookAction,class,6,6,0,6,2,4,0,2,1,0.0,0.0,0.0,2,0,0,0,2,0,2,0,0,0,0,0,0,0,0,0,0,0,0,11,2,0,0,0,0,0,0,2,0,2,0,0,0,0,46,1,0
/Users/thiago/Documents/Thiago/CodeToAnalyze/logback/logback-classic/src/test/java/ch/qos/logback/classic/pattern/MaskedKeyValuePairConverterTest.java,ch.qos.logback.classic.pattern.MaskedKeyValuePairConverterTest,class,10,11,1,10,7,1,0,15,0,0.54285717,1.0,1.0,7,0,6,1,0,0,6,0,0,0,5,0,0,0,0,5,0,0,4,57,1,0,0,0,0,30,0,15,4,10,0,0,0,0,50,1,0
/Users/thiago/Documents/Thiago/CodeToAnalyze/logback/logback-core/src/test/java/ch/qos/logback/core/joran/util/Window.java,ch.qos.logback.core.joran.util.Window,class,0,4,4,0,0,1,0,0,0,NaN,-1.0,-1.0,0,0,0,0,0,0,0,0,0,0,1,0,0,0,0,1,0,0,0,3,0,0,0,0,0,0,0,0,0,1,0,0,0,0,2,1,0
/Users/thiago/Documents/Thiago/CodeToAnalyze/logback/logback-core/src/main/java/ch/qos/logback/core/net/server/SSLServerSocketAppenderBase.java,ch.qos.logback.core.net.server.SSLServerSocketAppenderBase,class,8,11,3,8,6,3,0,9,2,0.5,0.33333334,0.33333334,4,0,3,0,1,0,4,0,0,0,2,0,0,2,0,0,0,0,0,28,2,0,1,1,0,0,0,5,0,4,1,0,0,0,41,1025,0
/Users/thiago/Documents/Thiago/CodeToAnalyze/logback/logback-classic/src/main/java/ch/qos/logback/classic/net/SocketNode.java,ch.qos.logback.classic.net.SocketNode,class,6,8,2,6,14,1,0,18,0,0.4642857,0.6666667,1.0,4,0,3,0,0,1,4,0,0,0,7,0,0,0,0,7,0,0,0,71,2,1,1,3,0,7,0,12,3,9,3,0,0,0,79,1,7
/Users/thiago/Documents/Thiago/CodeToAnalyze/logback/logback-core/src/main/java/ch/qos/logback/core/joran/action/SequenceNumberGeneratorAction.java,ch.qos.logback.core.joran.action.SequenceNumberGeneratorAction,class,7,7,0,7,2,4,0,4,1,0.0,0.0,0.0,2,0,0,0,2,0,2,0,0,0,0,0,0,0,0,0,0,0,0,12,2,0,0,0,0,0,0,2,0,2,0,0,0,0,43,1,0
/Users/thiago/Documents/Thiago/CodeToAnalyze/logback/logback-core/src/test/java/ch/qos/logback/core/issue/LBCORE97.java,ch.qos.logback.core.issue.LBCORE97$LockRunnable,innerclass,0,0,0,0,5,1,0,3,0,0.11111111,1.0,1.0,3,0,3,0,0,0,3,0,0,0,3,0,0,3,0,0,1,0,1,30,1,1,0,1,0,3,2,5,1,3,2,0,0,0,13,9,0
/Users/thiago/Documents/Thiago/CodeToAnalyze/logback/logback-classic/src/test/java/ch/qos/logback/classic/turbo/lru/X_LRUCache.java,ch.qos.logback.classic.turbo.lru.X_LRUCache,class,2,2,0,2,5,4,0,3,1,0.6666667,0.33333334,0.33333334,3,0,1,0,1,1,3,0,0,0,2,1,0,1,0,1,2,0,0,19,2,0,0,0,3,1,5,3,2,3,1,0,0,0,36,1,0
/Users/thiago/Documents/Thiago/CodeToAnalyze/logback/logback-classic/src/main/java/ch/qos/logback/classic/model/processor/PropertiesConfiguratorModelHandler.java,ch.qos.logback.classic.model.processor.PropertiesConfiguratorModelHandler,class,11,12,1,11,9,2,0,14,10,0.8,0.0,0.0,5,1,4,0,1,0,5,0,0,0,2,1,0,0,0,2,1,0,1,42,5,0,2,1,0,3,0,9,2,6,1,0,0,0,73,1,0
/Users/thiago/Documents/Thiago/CodeToAnalyze/logback/logback-classic/src/test/java/ch/qos/logback/classic/testUtil/StringPrintStream.java,ch.qos.logback.classic.testUtil.StringPrintStream,class,0,1,1,0,8,4,0,7,0,0.45000002,0.6,0.6,5,0,5,0,0,0,5,0,0,0,4,1,2,0,0,2,1,0,2,26,0,0,0,0,0,1,0,5,0,4,1,0,0,0,36,1,0
/Users/thiago/Documents/Thiago/CodeToAnalyze/logback/logback-classic/src/main/java/ch/qos/logback/classic/model/LoggerModel.java,ch.qos.logback.classic.model.LoggerModel,class,3,11,8,3,14,2,0,7,0,0.6363636,0.5272727,0.8181818,11,0,9,0,2,0,11,0,0,0,4,1,0,1,0,3,1,0,4,50,10,0,2,0,0,2,2,12,3,8,1,0,0,0,37,1,0
/Users/thiago/Documents/Thiago/CodeToAnalyze/logback/logback-core/src/main/java/ch/qos/logback/core/ConsoleAppender.java,ch.qos.logback.core.ConsoleAppender,class,7,11,4,7,15,3,0,31,3,0.78571427,0.6,1.0,7,0,5,2,0,0,5,0,0,0,10,8,0,8,2,0,8,0,4,70,5,0,5,1,0,16,1,24,3,25,2,0,0,5,140,1,0
/Users/thiago/Documents/Thiago/CodeToAnalyze/logback/logback-core/src/main/java/ch/qos/logback/core/joran/action/PropertyAction.java,ch.qos.logback.core.joran.action.PropertyAction,class,7,8,1,7,3,4,0,8,1,0.5,0.0,0.0,2,0,0,0,2,0,2,0,0,0,1,1,0,0,0,1,1,0,0,18,2,0,0,0,0,3,0,2,0,2,1,0,0,0,61,1,0
/Users/thiago/Documents/Thiago/CodeToAnalyze/logback/logback-core/src/main/java/ch/qos/logback/core/net/ObjectWriter.java,ch.qos.logback.core.net.ObjectWriter,interface,0,3,3,0,1,1,0,0,0,0.0,NaN,NaN,1,0,0,0,0,1,1,0,0,0,0,0,0,0,0,0,0,0,0,3,0,0,0,0,0,0,0,0,0,0,0,0,0,0,24,1,0
/Users/thiago/Documents/Thiago/CodeToAnalyze/logback/logback-core/src/main/java/ch/qos/logback/core/model/ModelUtil.java,ch.qos.logback.core.model.ModelUtil,class,4,4,0,4,4,1,0,3,3,0.0,0.0,0.0,3,3,3,0,0,0,3,0,0,0,0,0,0,0,0,0,0,0,2,12,1,0,1,0,0,0,0,0,0,0,1,0,0,0,25,1,0
/Users/thiago/Documents/Thiago/CodeToAnalyze/logback/logback-core/src/main/java/ch/qos/logback/core/rolling/RollingPolicyBase.java,ch.qos.logback.core.rolling.RollingPolicyBase,class,7,22,15,7,18,2,2,10,38,0.8194445,0.25454545,0.29090908,12,0,9,1,2,0,11,0,0,0,6,0,0,2,2,2,0,0,1,72,6,0,1,0,0,8,1,13,3,8,2,0,0,0,106,1025,0
/Users/thiago/Documents/Thiago/CodeToAnalyze/logback/logback-core/src/main/java/ch/qos/logback/core/model/processor/SerializeModelModelHandler.java,ch.qos.logback.core.model.processor.SerializeModelModelHandler,class,7,8,1,7,10,3,0,17,6,0.0,0.0,0.0,4,1,3,1,0,0,3,0,0,0,0,0,0,0,0,0,0,0,2,49,4,0,3,1,1,11,0,11,4,9,1,0,0,0,74,1,0
/Users/thiago/Documents/Thiago/CodeToAnalyze/logback/logback-core/src/main/java/ch/qos/logback/core/model/EventEvaluatorModel.java,ch.qos.logback.core.model.EventEvaluatorModel,class,2,6,4,2,1,4,0,0,0,1.0,NaN,NaN,1,0,0,0,1,0,1,0,0,0,1,1,0,1,0,0,1,0,0,6,1,0,0,0,0,0,1,1,0,1,0,0,0,0,15,1,0
/Users/thiago/Documents/Thiago/CodeToAnalyze/logback/logback-classic/src/main/java/ch/qos/logback/classic/selector/ContextSelector.java,ch.qos.logback.classic.selector.ContextSelector,interface,1,8,7,1,5,1,0,0,10,0.0,0.0,0.0,5,0,0,0,0,5,5,0,0,0,0,0,0,0,0,0,0,0,0,7,0,0,0,0,0,0,0,0,0,0,0,0,0,0,35,1,0
/Users/thiago/Documents/Thiago/CodeToAnalyze/logback/logback-core/src/main/java/ch/qos/logback/core/model/conditional/ByPropertiesConditionModel.java,ch.qos.logback.core.model.conditional.ByPropertiesConditionModel,class,2,6,4,2,1,3,0,0,0,1.0,NaN,NaN,1,0,0,0,1,0,1,0,0,0,1,1,0,1,0,0,1,0,0,6,1,0,0,0,0,0,1,1,0,1,0,0,0,0,15,1,0
/Users/thiago/Documents/Thiago/CodeToAnalyze/logback/logback-core/src/test/java/ch/qos/logback/core/status/StatusBaseTest.java,ch.qos.logback.core.status.StatusBaseTest,class,5,5,0,5,4,1,0,10,3,0.0,0.0,0.0,3,0,3,0,0,0,3,0,0,0,0,0,0,0,0,0,0,0,0,61,0,0,0,1,0,24,0,17,0,17,2,0,0,0,31,1,0
/Users/thiago/Documents/Thiago/CodeToAnalyze/logback/logback-core/src/main/java/ch/qos/logback/core/sift/AppenderFactoryUsingSiftModel.java,ch.qos.logback.core.sift.AppenderFactoryUsingSiftModel$Anonymous1,anonymous,0,0,0,0,1,1,0,0,0,0.0,NaN,NaN,1,0,1,0,0,0,1,0,0,0,0,0,0,0,0,0,0,0,0,5,1,0,0,0,0,0,0,0,0,0,0,0,0,0,5,-1,0
/Users/thiago/Documents/Thiago/CodeToAnalyze/logback/logback-classic-blackbox/src/test/java/ch/qos/logback/classic/blackbox/joran/ChangeDetectedListener.java,ch.qos.logback.classic.blackbox.joran.ChangeDetectedListener,class,3,5,2,3,4,1,0,3,0,0.25,1.0,1.0,2,0,1,0,0,1,2,0,0,0,2,0,0,0,0,2,0,0,0,19,0,0,0,0,0,0,0,3,0,3,2,0,0,0,17,0,0
/Users/thiago/Documents/Thiago/CodeToAnalyze/logback/logback-classic/src/main/java/ch/qos/logback/classic/spi/ClassPackagingData.java,ch.qos.logback.classic.spi.ClassPackagingData,class,1,7,6,1,22,1,0,3,0,0.6363636,0.5272727,0.8181818,11,0,11,0,0,0,11,0,0,0,4,1,0,1,0,3,1,0,0,58,13,0,9,0,2,0,4,14,2,7,2,0,0,0,34,1,0
/Users/thiago/Documents/Thiago/CodeToAnalyze/logback/logback-core/src/main/java/ch/qos/logback/core/pattern/color/BoldMagentaCompositeConverter.java,ch.qos.logback.core.pattern.color.BoldMagentaCompositeConverter,class,2,2,0,2,1,6,0,0,0,0.0,NaN,NaN,1,0,0,0,1,0,1,0,0,0,0,0,0,0,0,0,0,0,0,5,1,0,0,0,0,0,0,0,1,0,0,0,0,0,36,1,0
/Users/thiago/Documents/Thiago/CodeToAnalyze/logback/logback-core/src/main/java/ch/qos/logback/core/net/ssl/SSLNestedComponentRegistryRules.java,ch.qos.logback.core.net.ssl.SSLNestedComponentRegistryRules,class,8,9,1,8,1,1,0,1,0,0.0,NaN,NaN,1,1,1,0,0,0,1,0,0,0,0,0,0,0,0,0,0,0,0,11,0,0,0,0,0,7,0,0,0,0,0,0,0,0,15,1,0
/Users/thiago/Documents/Thiago/CodeToAnalyze/logback/logback-core-blackbox/src/test/java/ch/qos/logback/core/blackbox/joran/conditional/IfThenElseTest.java,ch.qos.logback.core.blackbox.joran.conditional.IfThenElseTest$Anonymous1,anonymous,10,10,0,10,2,1,0,3,1,0.0,0.0,0.0,2,0,0,0,2,0,2,0,0,0,0,0,0,0,0,0,0,0,0,18,0,0,0,0,0,3,0,0,0,0,0,0,0,0,14,-1,0
/Users/thiago/Documents/Thiago/CodeToAnalyze/logback/logback-classic/src/test/java/ch/qos/logback/classic/turbo/MarkerFilterTest.java,ch.qos.logback.classic.turbo.MarkerFilterTest,class,5,5,0,5,3,1,0,11,0,0.33333334,1.0,1.0,3,0,3,0,0,0,3,0,0,0,3,2,0,0,0,3,0,0,0,36,0,0,0,0,0,6,0,8,0,8,0,0,0,0,23,1,0
/Users/thiago/Documents/Thiago/CodeToAnalyze/logback/logback-core/src/test/java/ch/qos/logback/core/joran/action/ext/TouchAction.java,ch.qos.logback.core.joran.action.ext.TouchAction,class,3,3,0,3,3,2,0,5,1,0.5,0.0,0.0,2,0,2,0,0,0,2,0,0,0,1,1,1,0,0,0,1,0,2,14,0,0,1,0,0,1,2,2,1,2,1,0,0,0,37,1,0
/Users/thiago/Documents/Thiago/CodeToAnalyze/logback/logback-core/src/test/java/ch/qos/logback/core/joran/spi/NoAutoStartUtilTest.java,ch.qos.logback.core.joran.spi.NoAutoStartUtilTest$ComponentWithAncestorImplementingInterfaceWithNoAutoStart,innerclass,1,1,0,1,0,2,0,0,0,0.0,-1.0,-1.0,0,0,0,0,0,0,0,0,0,0,0,0,0,0,0,0,0,0,0,2,0,0,0,0,0,0,0,0,0,0,0,0,0,0,9,10,0
/Users/thiago/Documents/Thiago/CodeToAnalyze/logback/logback-examples/src/main/java/chapters/appenders/socket/ConsolePluginClient.java,chapters.appenders.socket.ConsolePluginClient$UglyBetty,innerclass,2,2,0,2,7,2,0,7,1,0.33333334,0.33333334,0.33333334,3,0,2,0,0,1,3,0,0,0,1,0,0,0,0,1,0,0,1,28,0,1,2,1,0,3,5,2,3,2,2,0,0,0,32,8,3
/Users/thiago/Documents/Thiago/CodeToAnalyze/logback/logback-core-blackbox/src/test/java/ch/qos/logback/core/blackbox/joran/conditional/TrivialTest.java,ch.qos.logback.core.blackbox.joran.conditional.TrivialTest,class,2,2,0,2,1,1,0,1,0,0.0,NaN,NaN,1,0,1,0,0,0,1,0,0,0,0,0,0,0,0,0,0,0,0,5,0,0,0,0,0,0,0,0,0,0,0,0,0,0,4,1,0
/Users/thiago/Documents/Thiago/CodeToAnalyze/logback/logback-classic/src/test/java/ch/qos/logback/classic/RecursiveLBAppender.java,ch.qos.logback.classic.RecursiveLBAppender,class,4,4,0,4,5,2,0,7,4,0.6666667,0.16666667,0.16666667,4,0,3,0,1,0,4,0,0,0,3,0,2,0,0,1,0,0,0,24,0,0,1,0,0,2,0,6,1,6,1,0,0,0,21,1,1
/Users/thiago/Documents/Thiago/CodeToAnalyze/logback/logback-core/src/main/java/ch/qos/logback/core/model/processor/DefineModelHandler.java,ch.qos.logback.core.model.processor.DefineModelHandler,class,15,16,1,15,13,3,0,20,8,0.6,0.1,0.1,5,1,4,0,1,0,5,0,0,0,4,0,0,0,0,4,0,0,2,66,4,0,2,1,1,13,0,15,6,9,2,0,0,0,80,1,0
/Users/thiago/Documents/Thiago/CodeToAnalyze/logback/logback-core/src/main/java/ch/qos/logback/core/joran/util/ConfigurationWatchListUtil.java,ch.qos.logback.core.joran.util.ConfigurationWatchListUtil,class,8,12,4,8,21,1,0,21,64,0.8333333,0.022222223,0.022222223,12,11,7,2,0,3,10,0,0,0,1,1,0,0,0,1,1,0,15,82,9,0,6,0,0,8,0,10,4,8,2,0,0,0,64,1,0
/Users/thiago/Documents/Thiago/CodeToAnalyze/logback/logback-classic/src/main/java/ch/qos/logback/classic/selector/DefaultContextSelector.java,ch.qos.logback.classic.selector.DefaultContextSelector,class,3,5,2,3,7,1,0,4,0,0.16666667,0.6666667,0.6666667,6,0,6,0,0,0,6,0,0,0,1,0,0,1,0,0,0,0,1,26,6,0,0,0,0,0,0,1,0,1,1,0,0,0,13,1,0
/Users/thiago/Documents/Thiago/CodeToAnalyze/logback/logback-classic/src/test/java/ch/qos/logback/classic/util/ContextInitializerTest.java,ch.qos.logback.classic.util.ContextInitializerTest$WrappedClassLoader,innerclass,0,0,0,0,9,2,0,8,0,0.0,1.0,1.0,9,0,9,0,0,0,9,0,0,0,1,0,0,0,0,1,1,0,0,31,4,0,0,0,0,0,0,1,0,1,0,0,0,0,27,8,0
/Users/thiago/Documents/Thiago/CodeToAnalyze/logback/logback-core/src/test/java/ch/qos/logback/core/net/AutoFlushingObjectWriterTest.java,ch.qos.logback.core.net.AutoFlushingObjectWriterTest$InstrumentedObjectOutputStream,innerclass,0,0,0,0,4,3,0,0,6,0.0,0.0,0.0,4,0,2,0,2,0,4,0,0,0,0,0,0,0,0,0,0,0,0,11,0,0,0,0,0,0,0,0,0,0,0,0,0,0,13,10,0
/Users/thiago/Documents/Thiago/CodeToAnalyze/logback/logback-core/src/test/java/ch/qos/logback/core/spi/CyclicBufferTrackerSimulator.java,ch.qos.logback.core.spi.CyclicBufferTrackerSimulator,class,8,10,2,8,15,1,0,16,7,0.75,0.4,0.6,6,0,2,1,0,3,5,0,0,0,8,0,0,0,0,8,0,0,1,87,1,4,1,0,0,3,7,22,1,20,2,0,3,0,52,1,0
/Users/thiago/Documents/Thiago/CodeToAnalyze/logback/logback-core/src/main/java/ch/qos/logback/core/status/StatusManager.java,ch.qos.logback.core.status.StatusManager,interface,2,16,14,2,7,1,0,0,21,0.0,0.0,0.0,7,0,0,0,0,7,7,0,0,0,0,0,0,0,0,0,0,0,0,9,0,0,0,0,0,0,0,0,0,0,0,0,0,0,52,1,0
/Users/thiago/Documents/Thiago/CodeToAnalyze/logback/logback-core/src/main/java/ch/qos/logback/core/util/SimpleInvocationGate.java,ch.qos.logback.core.util.SimpleInvocationGate,class,2,4,2,2,5,1,0,4,1,0.5555556,0.33333334,0.33333334,3,0,3,0,0,0,3,0,0,0,3,1,1,0,0,2,2,0,1,23,3,0,1,0,0,0,3,6,1,6,1,0,0,0,40,1,0
/Users/thiago/Documents/Thiago/CodeToAnalyze/logback/logback-core/src/main/java/ch/qos/logback/core/pattern/color/BoldYellowCompositeConverter.java,ch.qos.logback.core.pattern.color.BoldYellowCompositeConverter,class,2,2,0,2,1,6,0,0,0,0.0,NaN,NaN,1,0,0,0,1,0,1,0,0,0,0,0,0,0,0,0,0,0,0,5,1,0,0,0,0,0,0,0,1,0,0,0,0,0,36,1,0
/Users/thiago/Documents/Thiago/CodeToAnalyze/logback/logback-classic/src/test/java/ch/qos/logback/classic/spi/ThrowableProxyTest.java,ch.qos.logback.classic.spi.ThrowableProxyTest$Anonymous2,anonymous,0,0,0,0,1,1,0,0,0,1.0,NaN,NaN,1,0,1,0,0,0,1,0,0,0,1,1,0,1,0,0,1,0,0,6,1,0,0,0,0,0,1,1,0,1,0,0,0,0,11,-1,0
/Users/thiago/Documents/Thiago/CodeToAnalyze/logback/logback-classic/src/test/java/ch/qos/logback/classic/control/CreateLogger.java,ch.qos.logback.classic.control.CreateLogger,class,1,6,5,1,3,2,0,0,0,0.0,1.0,1.0,3,0,3,0,0,0,3,0,0,0,1,0,0,0,0,1,1,0,0,12,2,0,0,0,0,2,0,1,1,1,0,0,0,0,9,1,0
/Users/thiago/Documents/Thiago/CodeToAnalyze/logback/logback-core/src/main/java/ch/qos/logback/core/joran/spi/ActionException.java,ch.qos.logback.core.joran.spi.ActionException,class,0,1,1,0,3,3,0,0,3,1.0,0.0,0.0,3,0,3,0,0,0,3,0,0,0,1,1,0,1,0,0,1,0,0,11,0,0,0,0,0,0,1,1,0,1,0,0,0,0,36,1,0
/Users/thiago/Documents/Thiago/CodeToAnalyze/logback/logback-classic/src/test/java/ch/qos/logback/classic/spi/ThrowableProxyTest.java,ch.qos.logback.classic.spi.ThrowableProxyTest$Anonymous1,anonymous,0,0,0,0,1,1,0,0,0,1.0,NaN,NaN,1,0,1,0,0,0,1,0,0,0,1,1,0,1,0,0,1,0,0,6,1,0,0,0,0,0,1,1,0,1,0,0,0,0,11,-1,0
/Users/thiago/Documents/Thiago/CodeToAnalyze/logback/logback-classic/src/test/java/ch/qos/logback/classic/corpus/Corpus.java,ch.qos.logback.classic.corpus.Corpus,class,9,10,1,9,8,1,0,18,6,0.75,0.0,0.0,4,4,4,0,0,0,4,0,0,0,2,2,1,1,0,0,2,0,4,48,3,2,1,0,0,1,4,23,1,13,2,0,0,0,89,1,0
/Users/thiago/Documents/Thiago/CodeToAnalyze/logback/logback-core/src/test/java/ch/qos/logback/core/util/FixedRateInvocationGate.java,ch.qos.logback.core.util.FixedRateInvocationGate,class,1,2,1,1,3,1,0,0,0,0.25,1.0,1.0,2,0,2,0,0,0,2,0,0,0,2,0,0,0,0,2,0,0,0,11,2,0,1,0,0,0,2,2,1,2,1,0,0,0,14,1,0
/Users/thiago/Documents/Thiago/CodeToAnalyze/logback/logback-core/src/test/java/ch/qos/logback/core/subst/TokenizerTest.java,ch.qos.logback.core.subst.TokenizerTest,class,3,3,0,3,13,1,0,3,0,0.0,1.0,1.0,13,0,13,0,0,0,13,0,0,0,1,0,0,0,0,1,0,0,0,133,0,0,0,0,0,42,0,43,1,43,0,0,0,0,50,1,0
/Users/thiago/Documents/Thiago/CodeToAnalyze/logback/logback-core/src/main/java/ch/qos/logback/core/joran/action/IncludeAction.java,ch.qos.logback.core.joran.action.IncludeAction,class,3,3,0,3,1,4,0,0,0,0.0,NaN,NaN,1,0,0,0,1,0,1,0,0,0,0,0,0,0,0,0,0,0,0,5,1,0,0,0,0,0,0,0,0,0,0,0,0,0,17,1,0
/Users/thiago/Documents/Thiago/CodeToAnalyze/logback/logback-core/src/test/java/ch/qos/logback/core/joran/util/House.java,ch.qos.logback.core.joran.util.Door,class,0,3,3,0,0,1,0,0,0,NaN,-1.0,-1.0,0,0,0,0,0,0,0,0,0,0,1,0,0,0,0,1,0,0,0,3,0,0,0,0,0,0,0,0,0,1,0,0,0,0,2,0,0
/Users/thiago/Documents/Thiago/CodeToAnalyze/logback/logback-core/src/main/java/ch/qos/logback/core/spi/ErrorCodes.java,ch.qos.logback.core.spi.ErrorCodes,class,0,0,0,0,0,1,0,0,0,NaN,-1.0,-1.0,0,0,0,0,0,0,0,0,0,0,5,5,5,0,0,0,5,0,0,7,0,0,0,0,0,5,0,5,0,5,0,0,0,0,46,1,0
/Users/thiago/Documents/Thiago/CodeToAnalyze/logback/logback-core/src/main/java/ch/qos/logback/core/rolling/helper/FileFilterUtil.java,ch.qos.logback.core.rolling.helper.FileFilterUtil$Anonymous1,anonymous,0,0,0,0,1,1,0,2,0,0.0,NaN,NaN,1,0,1,0,0,0,1,0,0,0,0,0,0,0,0,0,0,0,0,7,1,0,0,0,1,0,0,2,0,2,0,0,0,0,5,-1,0
/Users/thiago/Documents/Thiago/CodeToAnalyze/logback/logback-core/src/main/java/ch/qos/logback/core/rolling/helper/FileFilterUtil.java,ch.qos.logback.core.rolling.helper.FileFilterUtil$Anonymous2,anonymous,0,0,0,0,1,1,0,2,0,0.0,NaN,NaN,1,0,1,0,0,0,1,0,0,0,0,0,0,0,0,0,0,0,0,7,1,0,0,0,1,0,0,2,0,2,0,0,0,0,5,-1,0
/Users/thiago/Documents/Thiago/CodeToAnalyze/logback/logback-core/src/main/java/ch/qos/logback/core/sift/AppenderTracker.java,ch.qos.logback.core.sift.AppenderTracker,class,8,11,3,8,8,2,0,7,4,0.55,0.16666667,0.16666667,5,0,1,1,3,0,4,0,0,0,4,0,0,0,0,4,3,0,0,41,3,0,1,1,0,4,1,8,2,6,1,0,0,0,50,1,0
/Users/thiago/Documents/Thiago/CodeToAnalyze/logback/logback-classic/src/test/java/ch/qos/logback/classic/net/server/ServerSocketReceiverFunctionalTest.java,ch.qos.logback.classic.net.server.ServerSocketReceiverFunctionalTest,class,12,12,0,12,4,1,0,28,0,0.41666663,1.0,1.0,3,0,3,0,0,0,3,0,0,0,8,2,0,7,0,1,2,0,2,50,0,1,0,1,0,1,4,15,0,15,2,0,0,0,84,1,0
/Users/thiago/Documents/Thiago/CodeToAnalyze/logback/logback-classic/src/test/java/ch/qos/logback/classic/HLoggerContext.java,ch.qos.logback.classic.HLoggerContext,class,2,6,4,2,15,1,0,9,0,0.4166667,0.7,1.0,6,0,3,1,0,2,5,0,0,1,2,0,0,2,0,0,0,0,0,76,6,2,6,0,0,1,9,21,2,12,3,0,0,0,34,1,0
/Users/thiago/Documents/Thiago/CodeToAnalyze/logback/logback-core/src/main/java/ch/qos/logback/core/pattern/color/BoldCyanCompositeConverter.java,ch.qos.logback.core.pattern.color.BoldCyanCompositeConverter,class,2,2,0,2,1,6,0,0,0,0.0,NaN,NaN,1,0,0,0,1,0,1,0,0,0,0,0,0,0,0,0,0,0,0,5,1,0,0,0,0,0,0,0,1,0,0,0,0,0,36,1,0
/Users/thiago/Documents/Thiago/CodeToAnalyze/logback/logback-core/src/main/java/ch/qos/logback/core/rolling/SizeBasedTriggeringPolicy.java,ch.qos.logback.core.rolling.SizeBasedTriggeringPolicy,class,6,10,4,6,10,3,0,5,7,0.7714286,0.33333334,0.71428573,7,0,7,0,0,0,7,0,0,0,5,2,2,0,0,3,2,0,1,30,4,0,1,0,1,1,3,9,1,6,1,0,0,0,75,1,0
/Users/thiago/Documents/Thiago/CodeToAnalyze/logback/logback-classic/src/test/java/ch/qos/logback/classic/net/NOPOutputStream.java,ch.qos.logback.classic.net.NOPOutputStream,class,0,2,2,0,4,2,0,0,0,0.0,1.0,1.0,4,0,4,0,0,0,4,0,0,0,1,0,0,0,0,1,0,0,0,15,2,0,0,0,0,0,1,1,0,1,0,0,0,0,14,1,0
/Users/thiago/Documents/Thiago/CodeToAnalyze/logback/logback-core/src/main/java/ch/qos/logback/core/joran/spi/NoAutoStartUtil.java,ch.qos.logback.core.joran.spi.NoAutoStartUtil,class,4,6,2,4,12,1,0,7,6,0.0,0.0,0.0,4,4,2,2,0,0,2,0,0,0,0,0,0,0,0,0,0,0,5,36,9,1,6,0,0,1,0,5,0,5,2,0,0,0,104,1,0
/Users/thiago/Documents/Thiago/CodeToAnalyze/logback/logback-classic/src/test/java/ch/qos/logback/classic/corpus/MessageArgumentTuple.java,ch.qos.logback.classic.corpus.MessageArgumentTuple,class,0,2,2,0,2,1,0,0,0,0.25,1.0,1.0,2,0,1,0,0,1,2,0,0,0,2,0,0,0,0,2,2,0,0,11,0,0,0,0,0,0,1,2,0,2,0,0,0,0,7,1,0
/Users/thiago/Documents/Thiago/CodeToAnalyze/logback/logback-classic/src/test/java/ch/qos/logback/classic/MDCTestThread.java,ch.qos.logback.classic.MDCTestThread,class,0,1,1,0,2,2,0,3,0,0.0,1.0,1.0,2,0,2,0,0,0,2,0,0,0,4,0,0,0,0,4,0,0,0,17,0,0,0,0,0,4,0,4,0,4,0,0,0,0,10,1,0
/Users/thiago/Documents/Thiago/CodeToAnalyze/logback/logback-core/src/test/java/ch/qos/logback/core/FileAppenderResilience_AS_ROOT_Test.java,ch.qos.logback.core.FileAppenderResilience_AS_ROOT_Test,class,12,13,1,12,13,1,0,25,9,0.77272725,0.2,0.2,6,1,3,0,0,3,6,0,0,0,11,6,0,0,0,11,0,0,8,81,6,2,2,1,1,15,5,22,5,21,2,0,1,0,78,1,0
/Users/thiago/Documents/Thiago/CodeToAnalyze/logback/logback-core/src/main/java/ch/qos/logback/core/sift/SiftModelHandler.java,ch.qos.logback.core.sift.SiftModelHandler,class,9,10,1,9,8,2,0,10,10,0.8,0.0,0.0,5,1,3,1,1,0,4,0,0,0,1,1,0,0,0,1,1,0,0,42,5,0,1,0,0,7,2,11,3,11,1,0,0,1,61,1,0
/Users/thiago/Documents/Thiago/CodeToAnalyze/logback/logback-classic/src/test/java/ch/qos/logback/classic/issue/lbclassic36/DateFormatOriginal_tzest.java,ch.qos.logback.classic.issue.lbclassic36.DateFormatOriginal_tzest$ThreadLocalDateFormatter$Anonymous1,anonymous,0,0,0,0,1,1,0,0,0,0.0,NaN,NaN,1,0,0,0,1,0,1,0,0,1,0,0,0,0,0,0,0,0,0,5,1,0,0,0,0,0,0,0,0,0,0,0,0,0,15,-1,0
/Users/thiago/Documents/Thiago/CodeToAnalyze/logback/logback-classic/src/main/java/ch/qos/logback/classic/boolex/OnMarkerEvaluator.java,ch.qos.logback.classic.boolex.OnMarkerEvaluator,class,3,4,1,3,7,2,0,4,0,0.0,1.0,1.0,2,0,2,0,0,0,2,0,0,0,1,0,0,0,0,1,0,0,0,20,3,2,1,0,0,0,0,2,0,2,3,0,0,0,36,1,0
/Users/thiago/Documents/Thiago/CodeToAnalyze/logback/logback-classic/src/main/java/ch/qos/logback/classic/spi/ThrowableProxy.java,ch.qos.logback.classic.spi.ThrowableProxy,class,5,15,10,5,24,1,0,23,43,0.8392856,0.1923077,0.84615386,14,0,13,1,0,0,13,0,0,0,12,2,0,9,0,3,2,0,5,108,10,2,4,0,0,0,2,29,0,20,3,0,0,0,62,1,0
/Users/thiago/Documents/Thiago/CodeToAnalyze/logback/logback-core/src/main/java/ch/qos/logback/core/rolling/helper/TokenConverter.java,ch.qos.logback.core.rolling.helper.TokenConverter,class,1,2,1,1,5,1,0,0,2,0.8,0.4,0.4,5,0,4,0,1,0,5,0,0,0,5,3,0,0,0,5,3,0,0,22,2,0,0,0,0,0,3,6,0,5,0,0,0,0,44,1,0
/Users/thiago/Documents/Thiago/CodeToAnalyze/logback/logback-core/src/main/java/ch/qos/logback/core/joran/event/StartEvent.java,ch.qos.logback.core.joran.event.StartEvent,class,5,8,3,5,5,2,0,10,0,0.33333334,1.0,1.0,3,0,2,0,0,1,3,0,0,0,2,0,2,0,0,0,2,0,0,28,2,1,1,0,0,6,1,4,0,4,2,0,0,0,20,1,0
/Users/thiago/Documents/Thiago/CodeToAnalyze/logback/logback-classic/src/test/java/ch/qos/logback/classic/net/mock/MockAppender.java,ch.qos.logback.classic.net.mock.MockAppender,class,2,5,3,2,3,2,0,7,0,0.44444445,1.0,1.0,3,0,2,0,1,0,3,0,0,0,3,0,0,3,0,0,3,0,0,21,2,0,0,1,0,0,0,3,0,3,1,0,0,0,28,1,0
/Users/thiago/Documents/Thiago/CodeToAnalyze/logback/logback-core/src/main/java/ch/qos/logback/core/util/StatusPrinter2.java,ch.qos.logback.core.util.StatusPrinter2,class,6,12,6,6,30,1,0,28,36,0.7083334,0.33333334,0.33333334,12,0,10,2,0,0,10,0,0,0,2,1,0,1,0,1,0,0,1,113,1,3,10,0,0,17,5,17,6,15,2,0,0,0,86,1,0
/Users/thiago/Documents/Thiago/CodeToAnalyze/logback/logback-classic/src/test/java/ch/qos/logback/classic/LoggerContextConcurrentResetTest.java,ch.qos.logback.classic.LoggerContextConcurrentResetTest$GetLoggerRunnable,innerclass,2,2,0,2,5,2,0,4,0,0.125,1.0,1.0,2,0,1,0,0,1,2,0,0,0,4,0,0,0,0,4,1,0,1,26,0,1,1,1,0,2,2,5,2,5,2,0,0,0,22,8,0
/Users/thiago/Documents/Thiago/CodeToAnalyze/logback/logback-classic/src/test/java/ch/qos/logback/classic/boolex/GEventEvaluatorTest.DISABLEDjava,ch.qos.logback.classic.boolex.GEventEvaluatorTest,class,13,14,1,13,17,1,0,26,100,0.8854167,0.083333336,0.083333336,16,0,12,0,0,4,16,0,0,0,6,0,0,0,0,6,0,0,2,91,3,1,0,0,1,26,5,22,4,22,1,0,0,0,73,1,0
/Users/thiago/Documents/Thiago/CodeToAnalyze/logback/logback-classic/src/main/java/ch/qos/logback/classic/boolex/StubEventEvaluator.java,ch.qos.logback.classic.boolex.StubEventEvaluator,class,3,3,0,3,5,2,0,3,8,0.76,0.1,0.1,5,0,5,0,0,0,5,0,0,0,5,3,3,0,1,1,3,0,0,25,2,0,0,0,0,3,0,5,0,5,0,0,0,0,50,1,0
/Users/thiago/Documents/Thiago/CodeToAnalyze/logback/logback-core/src/main/java/ch/qos/logback/core/testUtil/MockInitialContextFactory.java,ch.qos.logback.core.testUtil.MockInitialContextFactory,class,2,3,1,2,5,1,0,3,0,0.0,0.5,0.5,3,2,3,0,0,0,4,0,0,0,1,1,0,0,0,1,0,0,1,21,2,0,0,1,0,1,0,1,0,1,1,0,0,0,11,1,0
/Users/thiago/Documents/Thiago/CodeToAnalyze/logback/logback-core/src/test/java/ch/qos/logback/core/PrudentFileAppenderInterruptTest.java,ch.qos.logback.core.PrudentFileAppenderInterruptTest$InterruptAndLogRunner,innerclass,2,2,0,2,2,2,0,4,0,0.25,1.0,1.0,2,0,1,0,0,1,2,0,0,0,2,0,0,0,0,2,0,0,1,12,0,0,0,0,0,1,1,2,0,2,0,0,0,0,14,0,0
/Users/thiago/Documents/Thiago/CodeToAnalyze/logback/logback-classic/src/main/java/ch/qos/logback/classic/joran/action/LevelAction.java,ch.qos.logback.classic.joran.action.LevelAction,class,6,6,0,6,2,2,0,6,1,0.0,0.0,0.0,2,0,0,0,2,0,2,0,0,0,0,0,0,0,0,0,0,0,0,15,2,0,0,0,0,3,0,3,1,3,0,0,0,0,45,1,0
/Users/thiago/Documents/Thiago/CodeToAnalyze/logback/logback-core/src/test/java/ch/qos/logback/core/pattern/ConverterHello.java,ch.qos.logback.core.pattern.ConverterHello,class,1,1,0,1,4,2,0,4,1,0.5,0.0,0.0,2,0,2,0,0,0,2,0,0,0,1,0,0,0,0,1,0,0,0,11,1,0,1,0,0,1,1,2,0,2,1,0,0,0,12,1,0
/Users/thiago/Documents/Thiago/CodeToAnalyze/logback/logback-core/src/test/java/ch/qos/logback/core/util/CharSequenceToRegexMapperTest.java,ch.qos.logback.core.util.CharSequenceToRegexMapperTest,class,6,7,1,6,8,1,0,13,21,0.85714287,0.0,0.0,7,0,5,2,0,0,5,0,0,0,2,1,0,0,0,2,0,0,7,39,0,1,0,0,0,14,9,7,2,7,1,0,0,0,57,1,0
/Users/thiago/Documents/Thiago/CodeToAnalyze/logback/logback-core/src/test/java/ch/qos/logback/core/PrudentFileAppenderInterruptTest.java,ch.qos.logback.core.PrudentFileAppenderInterruptTest,class,9,9,0,9,3,2,0,17,0,0.3,1.0,1.0,2,0,2,0,0,0,2,0,0,0,5,0,0,0,0,5,0,0,0,46,0,1,1,0,0,6,2,11,3,11,1,0,1,0,44,1,0
/Users/thiago/Documents/Thiago/CodeToAnalyze/logback/logback-core/src/main/java/ch/qos/logback/core/model/util/VariableSubstitutionsHelper.java,ch.qos.logback.core.model.util.VariableSubstitutionsHelper,class,3,4,1,3,10,2,0,6,0,0.16666667,0.6666667,0.6666667,6,0,6,0,0,0,6,0,0,0,1,0,0,0,1,0,0,0,0,36,6,0,3,1,0,2,0,3,1,1,1,0,0,0,43,1,0
/Users/thiago/Documents/Thiago/CodeToAnalyze/logback/logback-core/src/test/java/ch/qos/logback/core/net/ssl/KeyManagerFactoryFactoryBeanTest.java,ch.qos.logback.core.net.ssl.KeyManagerFactoryFactoryBeanTest,class,2,2,0,2,3,1,0,8,0,0.0,1.0,1.0,3,0,3,0,0,0,3,0,0,0,1,0,0,1,0,0,0,0,3,15,0,0,0,0,0,0,0,2,0,2,0,0,0,0,19,1,0
/Users/thiago/Documents/Thiago/CodeToAnalyze/logback/logback-core/src/test/java/ch/qos/logback/core/ContextBaseTest.java,ch.qos.logback.core.ContextBaseTest,class,6,6,0,6,8,3,0,20,0,0.41666666,1.0,1.0,6,0,6,0,0,0,6,0,0,0,2,0,0,2,0,0,0,0,0,88,0,1,0,1,0,20,1,6,0,6,2,1,2,0,44,1,0
/Users/thiago/Documents/Thiago/CodeToAnalyze/logback/logback-core/src/test/java/ch/qos/logback/core/joran/spi/CaseCombinatorTest.java,ch.qos.logback.core.joran.spi.CaseCombinatorTest,class,2,2,0,2,2,1,0,5,0,0.0,0.0,0.0,2,0,2,0,0,0,2,0,0,0,1,0,0,0,0,1,0,0,0,19,0,0,0,0,0,6,2,6,0,6,0,0,0,0,10,1,0
/Users/thiago/Documents/Thiago/CodeToAnalyze/logback/logback-core/src/test/java/ch/qos/logback/core/joran/spi/DoNotAutoStart.java,ch.qos.logback.core.joran.spi.DoNotAutoStart,class,2,4,2,2,3,1,2,0,0,0.0,1.0,1.0,3,0,3,0,0,0,3,0,0,0,1,0,0,0,0,1,0,0,0,12,1,0,0,0,0,0,0,3,0,1,0,0,0,0,13,1,0
/Users/thiago/Documents/Thiago/CodeToAnalyze/logback/logback-examples/src/main/java/chapters/filters/GoMDC.java,chapters.filters.GoMDC,class,4,5,1,4,2,1,0,8,0,0.0,NaN,NaN,1,1,1,0,0,0,1,0,0,0,0,0,0,0,0,0,0,0,0,19,0,0,0,1,0,5,2,3,2,3,1,0,0,0,17,1,2
/Users/thiago/Documents/Thiago/CodeToAnalyze/logback/logback-core/src/test/java/ch/qos/logback/core/encoder/ByteArrayUtilTest.java,ch.qos.logback.core.encoder.ByteArrayUtilTest,class,3,4,1,3,4,1,0,6,0,0.44444445,1.0,1.0,3,0,2,0,0,1,3,0,0,0,3,0,0,0,0,3,0,0,0,23,0,1,0,0,0,0,11,7,1,7,1,0,0,0,25,1,0
/Users/thiago/Documents/Thiago/CodeToAnalyze/logback/logback-core/src/test/java/ch/qos/logback/core/read/CyclicBufferAppenderTest.java,ch.qos.logback.core.read.CyclicBufferAppenderTest,class,3,3,0,3,3,1,0,6,0,0.0,1.0,1.0,3,0,3,0,0,0,3,0,0,0,1,0,0,1,0,0,0,0,0,18,0,0,0,0,0,3,3,2,0,2,0,0,0,0,12,1,0
/Users/thiago/Documents/Thiago/CodeToAnalyze/logback/logback-core/src/test/java/ch/qos/logback/core/spi/AppenderAttachableImplTest.java,ch.qos.logback.core.spi.AppenderAttachableImplTest$TestEvent,innerclass,0,0,0,0,0,1,0,0,0,0.0,-1.0,-1.0,0,0,0,0,0,0,0,0,0,0,0,0,0,0,0,0,0,0,0,2,0,0,0,0,0,0,0,0,0,0,0,0,0,0,2,10,0
/Users/thiago/Documents/Thiago/CodeToAnalyze/logback/logback-core/src/test/java/ch/qos/logback/core/AsyncAppenderBaseTest.java,ch.qos.logback.core.AsyncAppenderBaseTest,class,15,16,1,15,27,2,0,36,0,0.6691729,0.90849674,1.0,19,0,18,1,0,0,18,0,0,0,7,0,0,0,0,7,0,0,17,210,0,7,0,0,1,9,49,30,9,29,1,0,1,0,124,1,0
/Users/thiago/Documents/Thiago/CodeToAnalyze/logback/logback-core/src/test/java/ch/qos/logback/core/joran/spi/NoAutoStartUtilTest.java,ch.qos.logback.core.joran.spi.NoAutoStartUtilTest$NoAutoStartInterface,interface,1,1,0,1,0,1,0,0,0,0.0,-1.0,-1.0,0,0,0,0,0,0,0,0,0,0,0,0,0,0,0,0,0,0,0,2,0,0,0,0,0,0,0,0,0,0,0,0,0,0,4,1,0
/Users/thiago/Documents/Thiago/CodeToAnalyze/logback/logback-classic/src/test/java/ch/qos/logback/classic/LoggerPerfTest.java,ch.qos.logback.classic.LoggerPerfTest,class,13,14,1,13,30,3,0,22,24,0.7361111,0.3181818,0.3181818,12,0,7,0,0,5,12,0,0,0,6,3,0,0,0,6,1,0,15,149,6,16,0,0,13,21,37,52,29,51,1,0,2,0,78,1,9
/Users/thiago/Documents/Thiago/CodeToAnalyze/logback/logback-classic/src/main/java/ch/qos/logback/classic/turbo/MatchingFilter.java,ch.qos.logback.classic.turbo.MatchingFilter,class,2,7,5,2,8,3,2,1,1,0.5,0.0,0.0,2,0,2,0,0,0,2,0,2,0,2,0,0,0,2,0,0,0,0,26,0,0,0,0,0,6,0,8,0,2,1,0,0,0,22,1025,0
/Users/thiago/Documents/Thiago/CodeToAnalyze/logback/logback-core/src/test/java/ch/qos/logback/core/net/HardenedObjectInputStreamTest.java,ch.qos.logback.core.net.HardenedObjectInputStreamTest,class,7,8,1,7,9,1,0,18,14,0.65625,0.0,0.0,8,0,4,4,0,0,4,0,0,0,4,0,0,0,0,4,0,0,0,65,3,1,0,1,0,2,4,19,0,16,1,0,0,1,51,1,0
/Users/thiago/Documents/Thiago/CodeToAnalyze/logback/logback-core/src/main/java/ch/qos/logback/core/net/ssl/ConfigurableSSLServerSocketFactory.java,ch.qos.logback.core.net.ssl.ConfigurableSSLServerSocketFactory,class,2,3,1,2,4,2,0,4,0,0.0,1.0,1.0,4,0,4,0,0,0,4,0,0,0,2,0,0,2,0,0,2,0,0,23,3,0,0,0,0,0,0,5,0,5,0,0,0,0,56,1,0
/Users/thiago/Documents/Thiago/CodeToAnalyze/logback/logback-core/src/main/java/ch/qos/logback/core/model/processor/AppenderModelHandler.java,ch.qos.logback.core.model.processor.AppenderModelHandler,class,15,16,1,15,10,3,0,21,4,0.625,0.16666667,0.16666667,4,1,4,0,0,0,4,0,0,0,4,0,0,2,0,2,0,0,0,57,3,0,1,1,1,13,0,13,5,10,1,0,0,0,52,1,0
/Users/thiago/Documents/Thiago/CodeToAnalyze/logback/logback-core/src/main/java/ch/qos/logback/core/helpers/NOPAppender.java,ch.qos.logback.core.helpers.NOPAppender,class,2,2,0,2,1,3,0,0,0,0.0,NaN,NaN,1,0,0,0,1,0,1,0,0,0,0,0,0,0,0,0,0,0,0,4,0,0,0,0,0,0,0,0,0,0,0,0,0,0,4,17,0
/Users/thiago/Documents/Thiago/CodeToAnalyze/logback/logback-classic/src/test/java/ch/qos/logback/classic/issue/github879/Main.java,ch.qos.logback.classic.issue.github879.Main,class,2,3,1,2,3,1,0,4,0,0.0,0.0,0.0,1,1,1,0,0,0,2,0,0,0,0,0,0,0,0,0,0,0,3,14,0,1,0,0,0,7,3,3,1,3,1,0,0,0,26,1,1
/Users/thiago/Documents/Thiago/CodeToAnalyze/logback/logback-core/src/test/java/ch/qos/logback/core/net/DefaultSocketConnectorTest.java,ch.qos.logback.core.net.DefaultSocketConnectorTest,class,9,9,0,9,13,1,0,21,0,0.4571429,0.9,1.0,5,0,5,0,0,0,5,0,0,0,7,3,0,6,0,1,3,0,2,93,5,0,1,2,0,0,6,16,1,15,1,0,1,0,48,1,0
/Users/thiago/Documents/Thiago/CodeToAnalyze/logback/logback-classic/src/test/java/ch/qos/logback/classic/issue/logback_1754/SafeModeTest.java,ch.qos.logback.classic.issue.logback_1754.SafeModeTest$LoggerThread,innerclass,2,2,0,2,6,2,0,6,1,0.44444445,0.33333334,0.33333334,3,1,1,0,0,2,3,0,0,0,3,1,0,3,0,0,3,0,2,27,0,1,1,1,0,1,5,4,2,4,2,0,0,0,21,26,1
/Users/thiago/Documents/Thiago/CodeToAnalyze/logback/logback-core/src/test/java/ch/qos/logback/core/net/server/test/ServerSocketUtil.java,ch.qos.logback.core.net.server.test.ServerSocketUtil,class,1,7,6,1,6,1,0,4,1,0.0,0.0,0.0,2,2,2,0,0,0,2,0,0,0,0,0,0,0,0,0,0,0,3,21,2,1,2,1,2,1,5,4,3,3,2,0,0,0,41,1,0
/Users/thiago/Documents/Thiago/CodeToAnalyze/logback/logback-core/src/main/java/ch/qos/logback/core/spi/ConfigurationEvent.java,ch.qos.logback.core.spi.ConfigurationEvent,class,2,12,10,2,11,1,0,0,0,0.40909094,0.82222223,1.0,11,7,10,1,0,0,10,0,0,0,2,0,0,0,0,2,2,0,0,39,10,0,0,0,0,3,0,2,2,2,0,0,1,0,62,1,0
/Users/thiago/Documents/Thiago/CodeToAnalyze/logback/logback-classic/src/test/java/ch/qos/logback/classic/issue/lbclassic135/lbclassic139/Worker.java,ch.qos.logback.classic.issue.lbclassic135.lbclassic139.Worker,class,4,7,3,4,7,2,0,11,6,0.7,0.2,0.3,5,0,3,0,0,2,5,0,0,0,4,1,0,2,0,2,3,0,2,41,1,1,0,1,0,10,1,5,1,5,2,0,0,0,44,1,1
/Users/thiago/Documents/Thiago/CodeToAnalyze/logback/logback-core/src/main/java/ch/qos/logback/core/pattern/parser/OptionTokenizer.java,ch.qos.logback.core.pattern.parser.OptionTokenizer,class,6,8,2,6,25,1,0,11,0,0.5777778,0.4,0.6,5,0,0,0,0,5,5,0,0,0,9,3,0,3,0,6,7,0,1,105,2,1,5,0,1,2,5,19,0,13,3,0,0,0,51,1,0
/Users/thiago/Documents/Thiago/CodeToAnalyze/logback/logback-classic/src/test/java/ch/qos/logback/classic/issue/lbclassic36/SelectiveDateFormattingRunnable.java,ch.qos.logback.classic.issue.lbclassic36.SelectiveDateFormattingRunnable,class,3,5,2,3,13,2,0,5,6,0.75,0.33333334,0.5,5,1,1,1,0,3,4,0,0,0,4,3,1,0,0,3,1,0,3,49,3,2,1,0,0,1,1,7,0,6,2,0,1,0,55,1,0
/Users/thiago/Documents/Thiago/CodeToAnalyze/logback/logback-classic/src/test/java/ch/qos/logback/classic/LoggerTest.java,ch.qos.logback.classic.LoggerTest,class,11,12,1,11,26,1,0,37,0,0.47368425,0.79532164,0.79532164,19,0,18,0,0,1,19,0,0,0,4,0,0,0,0,4,0,0,0,162,0,0,1,1,0,15,6,17,1,17,1,0,1,0,86,1,7
/Users/thiago/Documents/Thiago/CodeToAnalyze/logback/logback-classic/src/main/java/ch/qos/logback/classic/selector/ContextJNDISelector.java,ch.qos.logback.classic.selector.ContextJNDISelector,class,8,13,5,8,25,1,0,29,38,0.6923077,0.5555556,1.0,13,0,9,4,0,0,9,0,0,0,3,1,0,3,0,0,3,0,1,115,13,0,7,4,0,10,0,20,4,16,4,0,0,0,114,1,0
/Users/thiago/Documents/Thiago/CodeToAnalyze/logback/logback-classic/src/main/java/ch/qos/logback/classic/tyler/VariableModelHelper.java,ch.qos.logback.classic.tyler.VariableModelHelper,class,9,10,1,9,18,2,0,25,2,0.5,0.4,0.6,5,0,2,0,0,3,5,0,0,0,2,0,0,0,0,2,0,0,0,81,0,0,1,2,0,8,0,16,4,11,3,0,0,0,51,1,0
/Users/thiago/Documents/Thiago/CodeToAnalyze/logback/logback-classic/src/main/java/ch/qos/logback/classic/gaffer/GafferUtil.DISABLEDjava,ch.qos.logback.classic.gaffer.GafferUtil,class,5,6,1,5,13,1,0,8,10,0.8,0.0,0.0,5,5,2,3,0,0,2,0,0,0,1,1,0,1,0,0,0,0,9,48,3,0,3,1,0,1,0,6,1,6,1,0,0,0,54,1,0
/Users/thiago/Documents/Thiago/CodeToAnalyze/logback/logback-classic/src/test/java/ch/qos/logback/classic/pattern/SyslogStartConverterTest.java,ch.qos.logback.classic.pattern.SyslogStartConverterTest,class,8,9,1,8,11,1,0,21,0,0.44444445,1.0,1.0,9,1,7,2,0,0,7,0,0,0,4,0,0,4,0,0,2,0,7,76,3,0,1,2,0,18,32,16,7,13,1,0,0,0,57,1,0
/Users/thiago/Documents/Thiago/CodeToAnalyze/logback/logback-classic-blackbox/src/test/java/ch/qos/logback/classic/blackbox/BlackboxClassicTestConstants.java,ch.qos.logback.classic.blackbox.BlackboxClassicTestConstants,class,0,0,0,0,0,1,0,0,0,NaN,-1.0,-1.0,0,0,0,0,0,0,0,0,0,0,3,3,3,0,0,0,3,0,0,5,0,0,0,0,0,3,0,3,2,3,0,0,0,0,20,1,0
/Users/thiago/Documents/Thiago/CodeToAnalyze/logback/logback-classic/src/test/java/ch/qos/logback/classic/spi/CPDCSpecial.java,ch.qos.logback.classic.spi.CPDCSpecial,interface,1,2,1,1,3,1,0,0,3,0.0,0.0,0.0,3,0,0,0,0,3,3,0,0,0,0,0,0,0,0,0,0,0,0,5,0,0,0,0,0,0,0,0,0,0,0,0,0,0,10,1,0
/Users/thiago/Documents/Thiago/CodeToAnalyze/logback/logback-classic/src/test/java/ch/qos/logback/classic/issue/github450/Issues450LoggerContextListener.java,ch.qos.logback.classic.issue.github450.Issues450LoggerContextListener,class,6,6,0,6,8,2,0,1,22,0.625,0.10714286,0.10714286,8,0,8,0,0,0,8,0,0,0,1,0,0,0,0,1,0,0,0,24,2,0,0,0,0,2,0,3,0,1,0,0,0,0,24,1,0
/Users/thiago/Documents/Thiago/CodeToAnalyze/logback/logback-classic/src/test/java/ch/qos/logback/classic/FluentAPILocationExtractionTest.java,ch.qos.logback.classic.FluentAPILocationExtractionTest,class,7,7,0,7,2,2,0,9,0,0.16666667,1.0,1.0,2,0,2,0,0,0,2,0,0,0,3,0,0,0,0,3,0,0,0,25,0,0,0,0,0,2,2,4,0,4,0,0,1,0,22,1,1
/Users/thiago/Documents/Thiago/CodeToAnalyze/logback/logback-core/src/test/java/ch/qos/logback/core/net/ssl/mock/MockKeyStoreFactoryBean.java,ch.qos.logback.core.net.ssl.mock.MockKeyStoreFactoryBean,class,1,2,1,1,2,2,0,1,0,0.0,1.0,1.0,2,0,2,0,0,0,2,0,0,0,1,0,0,1,0,0,0,0,0,10,2,0,0,0,0,0,0,1,0,1,0,0,0,0,16,1,0
/Users/thiago/Documents/Thiago/CodeToAnalyze/logback/logback-classic/src/test/java/ch/qos/logback/classic/turbo/lru/Simulator.java,ch.qos.logback.classic.turbo.lru.Simulator,class,3,5,2,3,9,1,0,9,0,0.33333334,0.6666667,1.0,3,0,3,0,0,0,3,0,0,0,4,0,0,0,0,4,0,0,2,45,1,2,2,0,0,0,2,14,0,12,4,0,0,0,29,1,0
/Users/thiago/Documents/Thiago/CodeToAnalyze/logback/logback-classic/src/main/java/ch/qos/logback/classic/pattern/RootCauseFirstThrowableProxyConverter.java,ch.qos.logback.classic.pattern.RootCauseFirstThrowableProxyConverter,class,4,5,1,4,6,6,0,9,1,0.0,0.0,0.0,2,0,0,0,2,0,2,0,0,0,0,0,0,0,0,0,0,0,0,26,1,1,3,0,0,0,1,3,2,2,2,0,0,0,37,1,0
/Users/thiago/Documents/Thiago/CodeToAnalyze/logback/logback-core/src/test/java/ch/qos/logback/core/util/JNDIUtilTest.java,ch.qos.logback.core.util.JNDIUtilTest,class,3,3,0,3,5,1,0,9,3,0.0,0.0,0.0,3,0,3,0,0,0,3,0,0,0,0,0,0,0,0,0,0,0,4,27,2,0,0,1,0,4,0,6,1,6,3,0,0,0,31,1,0
/Users/thiago/Documents/Thiago/CodeToAnalyze/logback/logback-core/src/test/java/ch/qos/logback/core/net/ssl/mock/MockKeyManagerFactoryFactoryBean.java,ch.qos.logback.core.net.ssl.mock.MockKeyManagerFactoryFactoryBean,class,1,2,1,1,2,2,0,1,0,0.0,1.0,1.0,2,0,2,0,0,0,2,0,0,0,1,0,0,1,0,0,0,0,0,10,2,0,0,0,0,0,0,1,0,1,0,0,0,0,19,1,0
/Users/thiago/Documents/Thiago/CodeToAnalyze/logback/logback-core/src/main/java/ch/qos/logback/core/testUtil/RunnableWithCounterAndDone.java,ch.qos.logback.core.testUtil.RunnableWithCounterAndDone,class,0,4,4,0,3,1,2,0,1,0.5,0.33333334,0.33333334,3,0,3,0,0,0,3,0,0,0,2,0,0,0,2,0,0,0,0,13,2,0,0,0,0,0,1,3,0,2,0,0,0,0,16,1025,0
/Users/thiago/Documents/Thiago/CodeToAnalyze/logback/logback-classic/src/main/java/ch/qos/logback/classic/spi/LoggerRemoteView.java,ch.qos.logback.classic.spi.LoggerRemoteView,class,2,3,1,2,4,1,0,1,0,0.5555556,0.6666667,1.0,3,0,3,0,0,0,3,0,0,0,3,1,0,1,0,2,3,0,0,16,2,0,1,0,0,0,1,3,0,3,0,0,0,0,46,1,0
/Users/thiago/Documents/Thiago/CodeToAnalyze/logback/logback-core/src/main/java/ch/qos/logback/core/model/processor/ProcessingPhase.java,ch.qos.logback.core.model.processor.ProcessingPhase,enum,0,1,1,0,0,1,0,0,0,0.0,-1.0,-1.0,0,0,0,0,0,0,0,0,0,0,0,0,0,0,0,0,0,0,0,1,0,0,0,0,0,0,0,0,0,0,0,0,0,0,17,1,0
/Users/thiago/Documents/Thiago/CodeToAnalyze/logback/logback-classic/src/test/java/ch/qos/logback/classic/net/SocketReceiverTest.java,ch.qos.logback.classic.net.SocketReceiverTest$MockSocketFactory,innerclass,0,0,0,0,4,2,0,0,6,0.0,0.0,0.0,4,0,4,0,0,0,4,0,0,0,0,0,0,0,0,0,0,0,0,14,0,0,0,0,0,0,0,0,0,0,0,0,0,0,22,10,0
/Users/thiago/Documents/Thiago/CodeToAnalyze/logback/logback-classic/src/main/java/ch/qos/logback/classic/pattern/ExtendedThrowableProxyConverter.java,ch.qos.logback.classic.pattern.ExtendedThrowableProxyConverter,class,3,6,3,3,2,5,1,1,1,0.0,0.0,0.0,2,0,0,0,2,0,2,0,0,0,0,0,0,0,0,0,0,0,0,7,0,0,0,0,0,0,0,0,0,0,0,0,0,0,17,1,0
/Users/thiago/Documents/Thiago/CodeToAnalyze/logback/logback-core/src/main/java/ch/qos/logback/core/pattern/parser/CompositeNode.java,ch.qos.logback.core.pattern.parser.CompositeNode,class,3,6,3,3,10,4,0,6,3,0.33333334,0.4,0.4,6,0,5,0,0,1,6,0,0,0,1,0,0,0,0,1,0,0,0,36,6,0,3,0,3,3,0,3,1,3,1,0,0,0,24,1,0
/Users/thiago/Documents/Thiago/CodeToAnalyze/logback/logback-core/src/main/java/ch/qos/logback/core/joran/ModelClassToModelHandlerLinkerBase.java,ch.qos.logback.core.joran.ModelClassToModelHandlerLinkerBase,class,21,21,0,21,3,1,0,5,3,0.6666667,0.0,0.0,3,0,2,0,1,0,3,0,0,0,1,0,0,0,1,0,0,0,0,30,0,0,0,0,0,0,0,1,0,1,0,0,0,0,29,1,0
/Users/thiago/Documents/Thiago/CodeToAnalyze/logback/logback-core/src/main/java/ch/qos/logback/core/net/ssl/SSLConfigurable.java,ch.qos.logback.core.net.ssl.SSLConfigurable,interface,0,4,4,0,9,1,0,0,36,0.0,0.0,0.0,9,0,0,0,0,9,9,0,0,0,0,0,0,0,0,0,0,0,0,11,0,0,0,0,0,0,0,0,0,0,0,0,0,0,78,1,0
/Users/thiago/Documents/Thiago/CodeToAnalyze/logback/logback-core/src/main/java/ch/qos/logback/core/rolling/helper/DateTokenConverter.java,ch.qos.logback.core.rolling.helper.DateTokenConverter,class,5,11,6,5,18,2,0,14,20,0.80952376,0.22222222,0.5833333,9,0,9,0,0,0,9,0,0,0,7,3,3,4,0,0,3,0,1,64,11,1,3,0,0,5,1,13,1,11,3,0,0,0,75,1,0
/Users/thiago/Documents/Thiago/CodeToAnalyze/logback/logback-core/src/test/java/ch/qos/logback/core/helpers/ThrowableToStringArrayTest.java,ch.qos.logback.core.helpers.ThrowableToStringArrayTest,class,4,5,1,4,12,1,0,11,28,0.875,0.0,0.0,8,0,6,0,0,2,8,0,0,0,2,0,0,0,0,2,0,0,0,55,0,1,0,3,0,7,0,11,0,9,1,0,0,0,35,1,0
/Users/thiago/Documents/Thiago/CodeToAnalyze/logback/logback-core/src/main/java/ch/qos/logback/core/model/ConversionRuleModel.java,ch.qos.logback.core.model.ConversionRuleModel,class,2,6,4,2,5,3,0,2,8,0.6,0.1,0.1,5,0,4,0,1,0,5,0,0,0,1,0,0,0,0,1,0,0,0,18,3,0,0,0,0,0,0,1,0,1,0,0,0,0,15,1,0
/Users/thiago/Documents/Thiago/CodeToAnalyze/logback/logback-classic/src/test/java/ch/qos/logback/classic/issue/lbcore_155/Main.java,ch.qos.logback.classic.issue.lbcore_155.Main,class,4,5,1,4,1,1,0,7,0,0.0,NaN,NaN,1,1,1,0,0,0,1,0,0,0,0,0,0,0,0,0,0,0,1,13,0,0,0,0,0,3,1,2,1,2,0,0,0,0,16,1,3
/Users/thiago/Documents/Thiago/CodeToAnalyze/logback/logback-classic/src/main/java/ch/qos/logback/classic/pattern/ThrowableHandlingConverter.java,ch.qos.logback.classic.pattern.ThrowableHandlingConverter,class,1,5,4,1,1,3,3,0,0,0.0,NaN,NaN,1,0,0,0,0,1,1,0,0,0,0,0,0,0,0,0,0,0,0,5,1,0,0,0,0,0,0,0,0,0,0,0,0,0,13,1025,0
/Users/thiago/Documents/Thiago/CodeToAnalyze/logback/logback-examples/src/main/java/chapters/mdc/NumberCruncher.java,chapters.mdc.NumberCruncher,interface,1,3,2,1,1,1,0,0,0,0.0,NaN,NaN,1,0,0,0,0,1,1,0,0,0,0,0,0,0,0,0,0,0,0,3,0,0,0,0,0,0,0,0,0,0,0,0,0,0,17,1,0
/Users/thiago/Documents/Thiago/CodeToAnalyze/logback/logback-classic/src/main/java/ch/qos/logback/classic/turbo/MDCFilter.java,ch.qos.logback.classic.turbo.MDCFilter,class,6,8,2,6,9,4,0,4,0,0.25,0.8333333,1.0,4,0,4,0,0,0,4,0,0,0,2,0,0,0,0,2,0,0,0,32,3,0,3,0,0,2,2,5,0,4,1,0,0,0,77,1,0
/Users/thiago/Documents/Thiago/CodeToAnalyze/logback/logback-classic/src/main/java/ch/qos/logback/classic/model/ContextNameModel.java,ch.qos.logback.classic.model.ContextNameModel,class,2,5,3,2,1,2,0,0,0,1.0,NaN,NaN,1,0,0,0,1,0,1,0,0,0,1,1,0,1,0,0,1,0,0,6,1,0,0,0,0,0,1,1,0,1,0,0,0,0,14,1,0
/Users/thiago/Documents/Thiago/CodeToAnalyze/logback/logback-core-blackbox/src/test/java/ch/qos/logback/core/blackbox/joran/conditional/IfThenElseTest.java,ch.qos.logback.core.blackbox.joran.conditional.IfThenElseTest,class,12,13,1,12,21,1,0,22,0,0.62857145,0.95789474,1.0,21,0,20,1,0,0,20,0,0,0,10,1,0,0,0,10,1,0,6,149,0,0,0,0,0,79,4,13,23,13,0,1,0,0,82,1,0
/Users/thiago/Documents/Thiago/CodeToAnalyze/logback/logback-classic/src/test/java/ch/qos/logback/classic/jul/LevelChangePropagatorTest.java,ch.qos.logback.classic.jul.LevelChangePropagatorTest,class,8,9,1,8,8,1,0,17,8,0.7083333,0.35714287,0.35714287,8,0,7,0,0,1,8,0,0,0,3,0,0,0,0,3,0,0,7,55,0,0,0,0,0,7,0,16,1,16,1,0,0,1,36,1,0
/Users/thiago/Documents/Thiago/CodeToAnalyze/logback/logback-classic/src/test/java/ch/qos/logback/classic/pattern/XThrowableHandlingConverter.java,ch.qos.logback.classic.pattern.XThrowableHandlingConverter,class,3,4,1,3,3,2,0,5,1,0.0,0.0,0.0,2,0,1,0,0,1,2,0,0,0,0,0,0,0,0,0,0,0,0,9,1,0,0,0,0,3,0,0,0,0,1,0,0,0,13,1,0
/Users/thiago/Documents/Thiago/CodeToAnalyze/logback/logback-core/src/test/java/ch/qos/logback/core/net/AbstractSSLSocketAppenderTest.java,ch.qos.logback.core.net.AbstractSSLSocketAppenderTest$InstrumentedSSLSocketAppenderBase,innerclass,2,2,0,2,2,4,0,0,1,0.0,0.0,0.0,2,0,0,0,2,0,2,0,0,0,0,0,0,0,0,0,0,0,0,8,0,0,0,0,0,0,0,0,0,0,0,0,0,0,17,10,0
/Users/thiago/Documents/Thiago/CodeToAnalyze/logback/logback-core/src/main/java/ch/qos/logback/core/rolling/helper/FileStoreUtil.java,ch.qos.logback.core.rolling.helper.FileStoreUtil,class,1,3,2,1,4,1,0,4,0,1.0,NaN,NaN,1,1,1,0,0,0,1,0,0,0,2,2,0,0,0,2,2,0,2,22,1,0,0,1,0,9,0,6,3,6,1,0,0,0,52,1,0
/Users/thiago/Documents/Thiago/CodeToAnalyze/logback/logback-core/src/main/java/ch/qos/logback/core/util/JNDIUtil.java,ch.qos.logback.core.util.JNDIUtil,class,2,5,3,2,8,1,0,5,10,0.8,0.0,0.0,5,5,5,0,0,0,5,0,0,0,1,1,0,0,0,1,1,0,3,29,6,0,1,0,0,2,0,3,2,3,1,0,0,0,53,1,0
/Users/thiago/Documents/Thiago/CodeToAnalyze/logback/logback-core/src/main/java/ch/qos/logback/core/spi/ScanException.java,ch.qos.logback.core.spi.ScanException,class,0,4,4,0,3,3,0,0,1,0.6666667,0.33333334,0.33333334,3,0,3,0,0,0,3,0,0,0,2,1,0,1,0,1,1,0,0,14,1,0,0,0,0,0,1,2,0,2,0,0,0,0,15,1,0
/Users/thiago/Documents/Thiago/CodeToAnalyze/logback/logback-core/src/main/java/ch/qos/logback/core/rolling/helper/PeriodicityType.java,ch.qos.logback.core.rolling.helper.PeriodicityType,enum,1,3,2,1,0,1,0,0,0,NaN,-1.0,-1.0,0,0,0,0,0,0,0,0,0,0,1,1,0,0,0,1,0,0,0,2,0,0,0,0,0,0,0,1,0,1,0,0,0,0,19,1,0
/Users/thiago/Documents/Thiago/CodeToAnalyze/logback/logback-core/src/test/java/ch/qos/logback/core/joran/util/PropertySetterTest.java,ch.qos.logback.core.joran.util.PropertySetterTest,class,17,17,0,17,16,1,0,35,0,0.5,0.69166666,0.875,16,0,16,0,0,0,16,0,0,0,4,0,0,0,0,4,0,0,4,124,0,0,0,0,0,64,20,17,1,15,1,0,0,0,61,1,0
/Users/thiago/Documents/Thiago/CodeToAnalyze/logback/logback-core/src/test/java/ch/qos/logback/core/spi/AppenderAttachableImplLockTest.java,ch.qos.logback.core.spi.AppenderAttachableImplLockTest,class,5,5,0,5,3,1,0,10,0,0.0,1.0,1.0,2,0,2,0,0,0,2,0,0,0,1,0,0,1,0,0,0,0,0,35,0,0,0,1,0,5,4,5,0,5,1,1,0,0,106,1,0
/Users/thiago/Documents/Thiago/CodeToAnalyze/logback/logback-examples/src/main/java/chapters/appenders/IO.java,chapters.appenders.Counter,class,0,1,1,0,3,2,0,4,0,0.0,NaN,NaN,1,0,1,0,0,0,1,0,0,0,2,0,2,0,0,0,0,0,3,15,0,1,1,0,2,3,5,5,5,4,2,0,0,0,14,0,0
/Users/thiago/Documents/Thiago/CodeToAnalyze/logback/logback-core/src/test/java/ch/qos/logback/core/model/processor/DefinePropertyActionTest.java,ch.qos.logback.core.model.processor.DefinePropertyActionTest$Anonymous1,anonymous,4,4,0,4,1,1,0,1,0,0.0,NaN,NaN,1,0,0,0,1,0,1,0,0,0,0,0,0,0,0,0,0,0,0,7,0,0,0,0,0,0,0,0,0,0,0,0,0,0,7,-1,0
/Users/thiago/Documents/Thiago/CodeToAnalyze/logback/logback-core/src/main/java/ch/qos/logback/core/util/SystemInfo.java,ch.qos.logback.core.util.SystemInfo,class,1,1,0,1,1,1,0,1,0,0.0,NaN,NaN,1,1,1,0,0,0,1,0,0,0,0,0,0,0,0,0,0,0,1,5,1,0,0,0,0,1,0,0,0,0,0,0,0,0,5,1,0
/Users/thiago/Documents/Thiago/CodeToAnalyze/logback/logback-core/src/main/java/ch/qos/logback/core/util/IncompatibleClassException.java,ch.qos.logback.core.util.IncompatibleClassException,class,0,1,1,0,1,3,0,0,0,0.33333334,NaN,NaN,1,0,0,0,0,1,1,0,0,0,3,1,0,1,0,2,1,0,0,10,0,0,0,0,0,0,1,3,0,3,0,0,0,0,12,1,0
/Users/thiago/Documents/Thiago/CodeToAnalyze/logback/logback-classic/src/test/java/ch/qos/logback/classic/net/server/InstrumentedServerSocketReceiver.java,ch.qos.logback.classic.net.server.InstrumentedServerSocketReceiver$Anonymous1,anonymous,0,0,0,0,3,1,0,0,3,0.0,0.0,0.0,3,0,3,0,0,0,3,0,0,0,0,0,0,0,0,0,0,0,0,11,3,0,0,0,0,0,0,0,0,0,0,0,0,0,12,-1,0
/Users/thiago/Documents/Thiago/CodeToAnalyze/logback/logback-core/src/main/java/ch/qos/logback/core/util/NetworkAddressUtil.java,ch.qos.logback.core.util.NetworkAddressUtil,class,3,6,3,3,17,2,0,19,21,0.0,0.0,0.0,7,4,5,2,0,0,5,0,0,0,0,0,0,0,0,0,0,0,8,59,10,2,3,4,0,2,0,7,0,7,3,0,0,0,40,1,0
/Users/thiago/Documents/Thiago/CodeToAnalyze/logback/logback-core/src/test/java/ch/qos/logback/core/model/processor/ImportModelHandlerTest.java,ch.qos.logback.core.model.processor.ImportModelHandlerTest,class,4,4,0,4,1,1,0,3,0,0.5,NaN,NaN,1,0,1,0,0,0,1,0,0,0,2,0,0,0,0,2,0,0,0,11,0,0,0,0,0,6,0,2,0,2,0,0,0,0,15,1,0
/Users/thiago/Documents/Thiago/CodeToAnalyze/logback/logback-core/src/main/java/ch/qos/logback/core/model/processor/ImplicitModelHandler.java,ch.qos.logback.core.model.processor.ImplicitModelHandler,class,17,18,1,17,30,3,0,39,10,0.6875,0.0952381,0.14285715,8,1,5,1,1,1,7,0,0,0,4,1,1,2,0,1,2,0,1,138,11,0,4,1,2,16,0,30,7,23,2,0,0,0,93,1,0
/Users/thiago/Documents/Thiago/CodeToAnalyze/logback/logback-classic/src/test/java/ch/qos/logback/classic/model/ModelDuplicationTest.java,ch.qos.logback.classic.model.ModelDuplicationTest,class,4,4,0,4,2,1,0,5,1,0.0,0.0,0.0,2,0,2,0,0,0,2,0,0,0,0,0,0,0,0,0,0,0,0,17,0,0,0,0,0,3,0,5,0,5,0,0,0,0,12,1,0
/Users/thiago/Documents/Thiago/CodeToAnalyze/logback/logback-classic/src/main/java/ch/qos/logback/classic/model/processor/LoggerModelHandler.java,ch.qos.logback.classic.model.processor.LoggerModelHandler,class,10,11,1,10,12,2,0,17,8,0.6,0.1,0.1,5,1,4,0,1,0,5,0,0,0,2,0,0,0,0,2,0,0,4,57,3,0,1,0,0,8,0,12,4,11,3,0,0,0,46,1,0
/Users/thiago/Documents/Thiago/CodeToAnalyze/logback/logback-core/src/main/java/ch/qos/logback/core/joran/util/AggregationAssessor.java,ch.qos.logback.core.joran.util.AggregationAssessor,class,10,13,3,10,35,2,0,23,58,0.7916666,0.11111111,0.16666667,12,0,5,3,0,4,9,0,0,0,2,0,0,0,2,0,2,0,3,139,29,0,14,1,0,2,2,19,2,18,2,0,0,0,104,1,0
/Users/thiago/Documents/Thiago/CodeToAnalyze/logback/logback-classic/src/test/java/ch/qos/logback/classic/turbo/lru/LRUCacheTest.java,ch.qos.logback.classic.turbo.lru.LRUCacheTest$SimulatorRunnable,innerclass,4,4,0,4,2,2,0,3,0,0.0,1.0,1.0,2,0,1,0,0,1,2,0,0,0,3,0,0,0,0,3,0,0,0,18,0,0,0,0,0,1,3,7,1,7,0,0,0,0,16,2,0
/Users/thiago/Documents/Thiago/CodeToAnalyze/logback/logback-classic/src/main/java/ch/qos/logback/classic/pattern/MarkerConverter.java,ch.qos.logback.classic.pattern.MarkerConverter,class,3,4,1,3,6,3,0,8,0,0.0,NaN,NaN,1,0,1,0,0,0,1,0,0,0,1,1,0,1,0,0,0,0,0,18,3,1,3,0,0,1,5,6,0,6,2,0,0,0,30,1,0
/Users/thiago/Documents/Thiago/CodeToAnalyze/logback/logback-core/src/test/java/ch/qos/logback/core/spi/CyclicBufferTrackerSimulator.java,ch.qos.logback.core.spi.CyclicBufferTrackerSimulator$EventType,enum,0,0,0,0,0,1,0,0,0,0.0,-1.0,-1.0,0,0,0,0,0,0,0,0,0,0,0,0,0,0,0,0,0,0,0,1,0,0,0,0,0,0,0,0,0,0,0,0,0,0,13,0,0
/Users/thiago/Documents/Thiago/CodeToAnalyze/logback/logback-core/src/main/java/ch/qos/logback/core/PropertyDefinerBase.java,ch.qos.logback.core.PropertyDefinerBase,class,2,5,3,2,2,2,3,1,0,0.0,NaN,NaN,1,1,0,0,1,0,1,0,0,0,0,0,0,0,0,0,0,0,0,5,1,0,0,0,0,0,0,0,0,0,0,0,0,0,21,1025,0
/Users/thiago/Documents/Thiago/CodeToAnalyze/logback/logback-core/src/main/java/ch/qos/logback/core/pattern/parser/Parser.java,ch.qos.logback.core.pattern.parser.Parser,class,16,19,3,16,34,2,0,26,89,0.8933333,0.06666667,0.083333336,15,0,4,0,0,11,16,0,0,0,5,3,3,0,0,2,4,0,1,145,17,0,11,1,0,10,1,28,5,26,2,0,0,0,105,1,0
/Users/thiago/Documents/Thiago/CodeToAnalyze/logback/logback-classic/src/test/java/ch/qos/logback/classic/FluentAPILocationExtractionTest.java,ch.qos.logback.classic.FluentAPILocationExtractionTest$WithLocationInfoListAppender,innerclass,4,4,0,4,1,2,0,2,0,0.0,NaN,NaN,1,0,0,0,1,0,1,0,0,0,2,0,1,0,0,1,0,0,0,8,0,0,0,0,0,0,0,3,0,3,0,0,0,0,17,9,0
/Users/thiago/Documents/Thiago/CodeToAnalyze/logback/logback-core/src/main/java/ch/qos/logback/core/status/ViewStatusMessagesServletBase.java,ch.qos.logback.core.status.ViewStatusMessagesServletBase,class,9,10,1,9,21,2,0,37,33,0.86,0.035714287,0.035714287,10,0,3,2,3,2,8,2,0,0,5,4,0,2,0,3,1,0,1,132,7,1,5,0,0,60,6,17,3,16,1,0,0,0,105,1025,0
/Users/thiago/Documents/Thiago/CodeToAnalyze/logback/logback-core/src/main/java/ch/qos/logback/core/model/processor/TimestampModelHandler.java,ch.qos.logback.core.model.processor.TimestampModelHandler,class,10,11,1,10,8,3,0,13,6,0.75,0.0,0.0,4,1,3,0,1,0,4,0,0,0,1,0,0,0,0,1,0,0,3,42,3,0,0,0,0,10,0,13,3,10,1,0,0,0,48,1,0
/Users/thiago/Documents/Thiago/CodeToAnalyze/logback/logback-classic/src/main/java/ch/qos/logback/classic/pattern/MethodOfCallerConverter.java,ch.qos.logback.classic.pattern.MethodOfCallerConverter,class,2,2,0,2,3,3,0,2,0,0.0,NaN,NaN,1,0,1,0,0,0,1,0,0,0,0,0,0,0,0,0,0,0,0,11,2,0,1,0,0,0,2,1,0,1,1,0,0,0,12,1,0
/Users/thiago/Documents/Thiago/CodeToAnalyze/logback/logback-classic/src/test/java/ch/qos/logback/classic/control/SetLevel.java,ch.qos.logback.classic.control.SetLevel,class,2,4,2,2,4,2,0,0,0,0.25,0.8333333,1.0,4,0,4,0,0,0,4,0,0,0,2,0,0,0,0,2,2,0,0,17,3,0,0,0,0,3,0,2,1,2,0,0,0,0,11,1,0
/Users/thiago/Documents/Thiago/CodeToAnalyze/logback/logback-core-blackbox/src/test/java/ch/qos/logback/core/blackbox/joran/BlackboxSimpleConfigurator.java,ch.qos.logback.core.blackbox.joran.BlackboxSimpleConfigurator,class,6,7,1,6,5,2,0,4,4,0.5,0.16666667,0.16666667,4,0,2,0,2,0,4,0,0,0,1,0,0,0,0,1,0,0,0,18,1,1,0,0,0,0,0,2,0,2,1,0,0,1,30,1,0
/Users/thiago/Documents/Thiago/CodeToAnalyze/logback/logback-classic/src/main/java/ch/qos/logback/classic/pattern/ThrowableProxyConverter.java,ch.qos.logback.classic.pattern.ThrowableProxyConverter,class,8,14,6,8,51,4,1,47,81,0.8714286,0.13333334,0.13333334,14,0,3,8,3,0,6,0,0,0,5,1,0,0,1,4,1,0,1,185,7,5,12,2,1,18,14,38,6,27,4,0,0,0,114,1,0
/Users/thiago/Documents/Thiago/CodeToAnalyze/logback/logback-core/src/main/java/ch/qos/logback/core/model/InsertFromJNDIModel.java,ch.qos.logback.core.model.InsertFromJNDIModel,class,2,4,2,2,13,2,0,6,0,0.75,0.53333336,0.8,10,0,8,0,2,0,10,0,0,0,6,3,2,1,0,3,3,0,4,49,9,0,2,0,0,2,2,14,2,10,1,0,0,0,50,1,0
/Users/thiago/Documents/Thiago/CodeToAnalyze/logback/logback-core/src/main/java/ch/qos/logback/core/util/CloseUtil.java,ch.qos.logback.core.util.CloseUtil,class,0,3,3,0,9,1,0,3,3,0.0,0.0,0.0,3,3,3,0,0,0,3,0,0,0,0,0,0,0,0,0,0,0,0,29,3,0,3,3,0,0,0,0,0,0,1,0,0,0,29,1,0
/Users/thiago/Documents/Thiago/CodeToAnalyze/logback/logback-classic-blackbox/src/test/java/ch/qos/logback/classic/blackbox/evaluator/MatchHelloEvaluator.java,ch.qos.logback.classic.blackbox.evaluator.MatchHelloEvaluator,class,3,4,1,3,6,2,0,4,0,0.0,1.0,1.0,4,0,4,0,0,0,4,0,0,0,1,0,0,0,0,1,0,0,0,22,3,0,1,0,0,0,0,3,0,3,1,0,0,0,23,1,0
/Users/thiago/Documents/Thiago/CodeToAnalyze/logback/logback-classic-blackbox/src/test/java/ch/qos/logback/classic/blackbox/joran/PartialConfigurationEndedSuccessfullyEventListener.java,ch.qos.logback.classic.blackbox.joran.PartialConfigurationEndedSuccessfullyEventListener,class,2,3,1,2,3,1,0,2,0,0.0,1.0,1.0,2,0,1,0,0,1,2,0,0,0,1,0,0,0,0,1,0,0,0,14,0,0,0,0,0,0,0,1,0,1,1,0,0,0,12,0,0
/Users/thiago/Documents/Thiago/CodeToAnalyze/logback/logback-classic/src/main/java/ch/qos/logback/classic/spi/CallerData.java,ch.qos.logback.classic.spi.CallerData,class,1,4,3,1,18,1,0,6,4,0.75,0.33333334,0.33333334,4,4,2,1,0,1,3,0,0,0,5,5,3,2,0,0,5,0,2,53,9,3,4,0,1,3,5,14,4,12,3,0,0,0,107,1,0
/Users/thiago/Documents/Thiago/CodeToAnalyze/logback/logback-core/src/test/java/ch/qos/logback/core/rolling/JVMExitBeforeCompressionISDoneTest.java,ch.qos.logback.core.rolling.JVMExitBeforeCompressionISDoneTest,class,16,17,1,16,7,2,0,26,0,0.6,0.6,0.6,5,0,3,0,0,2,5,0,0,0,5,1,0,0,0,5,1,0,3,60,0,2,0,0,0,5,7,19,3,17,2,0,0,0,93,1,0
/Users/thiago/Documents/Thiago/CodeToAnalyze/logback/logback-core/src/test/java/ch/qos/logback/core/LifeCycleManagerTest.java,ch.qos.logback.core.LifeCycleManagerTest,class,3,3,0,3,1,1,0,5,0,0.0,NaN,NaN,1,0,1,0,0,0,1,0,0,0,1,0,0,1,0,0,0,0,0,10,0,0,0,0,0,0,0,2,0,2,0,0,0,0,16,1,0
/Users/thiago/Documents/Thiago/CodeToAnalyze/logback/logback-classic/src/main/java/ch/qos/logback/classic/pattern/Util.java,ch.qos.logback.classic.pattern.Util,class,2,2,0,2,4,1,0,1,0,1.0,NaN,NaN,1,1,1,0,0,0,1,0,0,0,1,1,0,0,0,1,0,0,0,15,2,1,1,0,0,1,1,3,0,3,2,0,0,0,19,1,0
/Users/thiago/Documents/Thiago/CodeToAnalyze/logback/logback-core/src/main/java/ch/qos/logback/core/status/OnConsoleStatusListener.java,ch.qos.logback.core.status.OnConsoleStatusListener,class,1,4,3,1,1,3,0,0,0,0.0,NaN,NaN,1,0,0,0,1,0,1,0,0,0,0,0,0,0,0,0,0,0,0,5,1,0,0,0,0,0,0,0,0,0,0,0,0,0,19,1,0
/Users/thiago/Documents/Thiago/CodeToAnalyze/logback/logback-core/src/main/java/ch/qos/logback/core/model/processor/DependencyDefinition.java,ch.qos.logback.core.model.processor.DependencyDefinition,class,1,3,2,1,3,1,0,0,0,0.33333334,0.6666667,1.0,3,0,3,0,0,0,3,0,0,0,2,0,0,0,0,2,0,0,0,14,2,0,0,0,0,0,0,2,0,2,0,0,0,0,27,1,0
/Users/thiago/Documents/Thiago/CodeToAnalyze/logback/logback-core/src/test/java/ch/qos/logback/core/net/server/RemoteReceiverStreamClientTest.java,ch.qos.logback.core.net.server.RemoteReceiverStreamClientTest,class,5,5,0,5,5,1,0,10,0,0.4,1.0,1.0,3,0,3,0,0,0,3,0,0,0,5,1,0,5,0,0,1,0,0,33,0,2,0,0,0,2,6,11,2,11,1,0,0,0,40,1,0
/Users/thiago/Documents/Thiago/CodeToAnalyze/logback/logback-examples/src/main/java/chapters/appenders/CountingConsoleAppender.java,chapters.appenders.CountingConsoleAppender,class,3,3,0,3,8,2,0,5,0,0.6666667,0.6,1.0,6,0,6,0,0,0,6,0,0,0,4,1,0,0,0,4,0,0,0,35,4,0,1,0,0,2,2,7,1,6,1,0,0,0,34,1,0
/Users/thiago/Documents/Thiago/CodeToAnalyze/logback/logback-classic/src/main/java/ch/qos/logback/classic/joran/JoranConfigurator.java,ch.qos.logback.classic.joran.JoranConfigurator,class,21,70,49,21,7,2,0,15,21,0.0,0.0,0.0,7,0,2,2,3,0,5,0,0,0,0,0,0,0,0,0,0,0,0,44,1,0,0,0,0,14,0,2,0,2,0,0,0,15,76,1,0
/Users/thiago/Documents/Thiago/CodeToAnalyze/logback/logback-classic-blackbox/src/test/java/ch/qos/logback/classic/blackbox/joran/ReconfigureOnChangeTaskTest.java,ch.qos.logback.classic.blackbox.joran.ReconfigureOnChangeTaskTest$UpdateType,enum,0,0,0,0,0,1,0,0,0,0.0,-1.0,-1.0,0,0,0,0,0,0,0,0,0,0,0,0,0,0,0,0,0,0,0,1,0,0,0,0,0,0,0,0,0,0,0,0,0,0,14,0,0
/Users/thiago/Documents/Thiago/CodeToAnalyze/logback/logback-core/src/main/java/ch/qos/logback/core/joran/action/ConversionRuleAction.java,ch.qos.logback.core.joran.action.ConversionRuleAction,class,8,8,0,8,7,4,0,10,0,0.0,1.0,1.0,2,0,0,0,2,0,2,0,0,0,1,1,1,0,0,0,0,0,0,36,3,0,0,0,2,9,0,9,3,9,1,0,0,0,52,1,0
/Users/thiago/Documents/Thiago/CodeToAnalyze/logback/logback-core/src/main/java/ch/qos/logback/core/util/DynamicClassLoadingException.java,ch.qos.logback.core.util.DynamicClassLoadingException,class,0,1,1,0,1,3,0,0,0,1.0,NaN,NaN,1,0,1,0,0,0,1,0,0,0,1,1,0,1,0,0,1,0,0,6,0,0,0,0,0,0,1,1,0,1,0,0,0,0,13,1,0
/Users/thiago/Documents/Thiago/CodeToAnalyze/logback/logback-core/src/test/java/ch/qos/logback/core/sift/AppenderTrackerTest.java,ch.qos.logback.core.sift.AppenderTrackerTest$ListAppenderFactory,innerclass,4,4,0,4,1,1,0,3,0,0.0,NaN,NaN,1,0,1,0,0,0,1,0,0,0,0,0,0,0,0,0,0,0,0,9,1,0,0,0,0,0,0,1,0,1,0,0,0,0,11,8,0
/Users/thiago/Documents/Thiago/CodeToAnalyze/logback/logback-classic-blackbox/src/test/java/ch/qos/logback/classic/blackbox/html/XHTMLEntityResolver.java,ch.qos.logback.classic.blackbox.html.XHTMLEntityResolver,class,2,3,1,2,4,1,0,4,0,0.0,0.0,0.0,1,0,1,0,0,0,2,0,0,0,1,1,0,0,0,1,0,0,0,25,3,0,2,0,0,8,0,4,0,4,2,0,0,0,37,1,0
/Users/thiago/Documents/Thiago/CodeToAnalyze/logback/logback-core/src/test/java/ch/qos/logback/core/issue/LOGBACK_849/Basic.java,ch.qos.logback.core.issue.LOGBACK_849.Basic,class,7,7,0,7,2,1,0,6,0,0.5,1.0,1.0,2,0,2,0,0,0,2,0,0,0,2,0,0,0,0,2,0,0,3,36,0,0,0,0,0,0,4,2,0,2,0,0,1,0,24,1,0
/Users/thiago/Documents/Thiago/CodeToAnalyze/logback/logback-classic/src/test/java/ch/qos/logback/classic/pattern/MarkerConverterTest.java,ch.qos.logback.classic.pattern.MarkerConverterTest,class,11,12,1,11,7,1,0,11,0,0.42857146,1.0,1.0,7,0,6,1,0,0,6,0,0,0,3,0,0,0,0,3,0,0,0,44,1,0,0,0,0,11,0,14,0,12,0,0,0,0,33,1,0
/Users/thiago/Documents/Thiago/CodeToAnalyze/logback/logback-classic/src/test/java/ch/qos/logback/classic/pattern/KeyValuePairConverterTest.java,ch.qos.logback.classic.pattern.KeyValuePairConverterTest,class,8,9,1,8,6,1,0,9,0,0.33333334,1.0,1.0,6,0,5,1,0,0,5,0,0,0,3,0,0,0,0,3,0,0,0,35,1,0,0,0,0,10,0,9,0,7,0,0,0,0,33,1,0
/Users/thiago/Documents/Thiago/CodeToAnalyze/logback/logback-classic/src/test/java/ch/qos/logback/classic/pattern/SampleConverter.java,ch.qos.logback.classic.pattern.SampleConverter,class,2,2,0,2,1,2,0,0,0,0.0,NaN,NaN,1,0,1,0,0,0,1,0,0,0,1,1,1,0,0,0,1,0,0,6,1,0,0,0,0,1,0,1,0,1,0,0,0,0,17,1,0
/Users/thiago/Documents/Thiago/CodeToAnalyze/logback/logback-core/src/test/java/ch/qos/logback/core/rolling/TimeBasedRollingTest.java,ch.qos.logback.core.rolling.TimeBasedRollingTest,class,15,16,1,15,24,2,0,35,72,0.8877005,0.23529412,0.3382353,17,0,12,0,0,5,17,0,0,0,11,5,0,0,0,11,5,0,1,128,1,2,3,1,0,36,11,26,4,23,2,0,0,0,162,1,0
/Users/thiago/Documents/Thiago/CodeToAnalyze/logback/logback-core/src/main/java/ch/qos/logback/core/rolling/helper/IntegerTokenConverter.java,ch.qos.logback.core.rolling.helper.IntegerTokenConverter,class,4,7,3,4,7,2,0,11,3,1.0,0.0,0.0,3,0,3,0,0,0,3,0,0,0,1,1,1,0,0,0,1,0,1,29,4,1,2,0,1,4,0,7,1,7,1,0,0,0,49,1,0
/Users/thiago/Documents/Thiago/CodeToAnalyze/logback/logback-classic/src/test/java/ch/qos/logback/classic/net/testObjectBuilders/TrivialLoggingEventBuilder.java,ch.qos.logback.classic.net.testObjectBuilders.TrivialLoggingEventBuilder,class,4,6,2,4,1,1,0,10,0,0.0,NaN,NaN,1,0,1,0,0,0,1,0,0,0,2,0,0,1,0,1,0,0,1,14,1,0,0,0,0,1,0,3,0,3,0,0,0,0,20,1,0
/Users/thiago/Documents/Thiago/CodeToAnalyze/logback/logback-core/src/test/java/ch/qos/logback/core/rolling/TimeBasedRollingWithArchiveRemoval_Test.java,ch.qos.logback.core.rolling.TimeBasedRollingWithArchiveRemoval_Test$Anonymous5,anonymous,0,0,0,0,1,1,0,2,0,0.0,NaN,NaN,1,0,1,0,0,0,1,0,0,0,0,0,0,0,0,0,0,0,0,5,1,0,0,0,0,0,0,0,0,0,0,0,0,0,3,-1,0
/Users/thiago/Documents/Thiago/CodeToAnalyze/logback/logback-core/src/test/java/ch/qos/logback/core/contention/MultiThreadedHarness.java,ch.qos.logback.core.contention.MultiThreadedHarness,class,1,5,4,1,3,2,1,3,1,0.33333334,0.33333334,0.33333334,3,0,3,0,0,0,3,0,0,0,1,0,0,0,0,1,1,0,6,17,0,0,0,0,0,12,0,1,6,1,0,0,0,0,35,1,0
/Users/thiago/Documents/Thiago/CodeToAnalyze/logback/logback-classic-blackbox/src/test/java/ch/qos/logback/classic/blackbox/joran/ReconfigureOnChangeTaskHarness.java,ch.qos.logback.classic.blackbox.joran.ReconfigureOnChangeTaskHarness,class,4,5,1,4,2,2,0,6,0,0.0,1.0,1.0,2,0,1,0,0,1,2,0,0,0,2,0,0,2,0,0,2,0,0,16,0,0,0,0,0,4,0,4,2,4,0,0,0,0,30,0,0
/Users/thiago/Documents/Thiago/CodeToAnalyze/logback/logback-core/src/test/java/ch/qos/logback/core/rolling/TimeBasedRollingWithArchiveRemoval_Test.java,ch.qos.logback.core.rolling.TimeBasedRollingWithArchiveRemoval_Test$Anonymous4,anonymous,0,0,0,0,1,1,0,2,0,0.0,NaN,NaN,1,0,1,0,0,0,1,0,0,0,0,0,0,0,0,0,0,0,0,5,1,0,0,0,0,0,0,0,0,0,0,0,0,0,3,-1,0
/Users/thiago/Documents/Thiago/CodeToAnalyze/logback/logback-core/src/main/java/ch/qos/logback/core/rolling/helper/RenameUtil.java,ch.qos.logback.core.rolling.helper.RenameUtil,class,7,11,4,7,15,2,0,19,10,0.8,0.0,0.0,5,0,3,0,0,2,5,0,0,0,1,1,0,0,0,1,0,0,3,69,8,0,1,1,0,26,0,10,12,10,3,0,0,0,107,1,0
/Users/thiago/Documents/Thiago/CodeToAnalyze/logback/logback-core/src/test/java/ch/qos/logback/core/rolling/TimeBasedRollingWithArchiveRemoval_Test.java,ch.qos.logback.core.rolling.TimeBasedRollingWithArchiveRemoval_Test$Anonymous3,anonymous,0,0,0,0,1,1,0,0,0,0.0,NaN,NaN,1,0,1,0,0,0,1,0,0,0,0,0,0,0,0,0,0,0,0,5,1,0,0,0,0,0,0,0,0,0,0,0,0,0,4,-1,0
/Users/thiago/Documents/Thiago/CodeToAnalyze/logback/logback-core/src/test/java/ch/qos/logback/core/rolling/TimeBasedRollingWithArchiveRemoval_Test.java,ch.qos.logback.core.rolling.TimeBasedRollingWithArchiveRemoval_Test$Anonymous2,anonymous,1,1,0,1,1,1,0,2,0,0.0,NaN,NaN,1,0,1,0,0,0,1,0,0,0,0,0,0,0,0,0,0,0,0,5,1,0,0,0,0,0,0,0,0,0,0,0,0,0,3,-1,0
/Users/thiago/Documents/Thiago/CodeToAnalyze/logback/logback-classic/src/test/java/ch/qos/logback/classic/html/XHTMLEntityResolver.java,ch.qos.logback.classic.html.XHTMLEntityResolver,class,2,3,1,2,4,1,0,4,0,0.0,0.0,0.0,1,0,1,0,0,0,2,0,0,0,1,1,0,0,0,1,0,0,0,25,3,0,2,0,0,8,0,4,0,4,2,0,0,0,37,1,0
/Users/thiago/Documents/Thiago/CodeToAnalyze/logback/logback-core/src/test/java/ch/qos/logback/core/rolling/TimeBasedRollingWithArchiveRemoval_Test.java,ch.qos.logback.core.rolling.TimeBasedRollingWithArchiveRemoval_Test$Anonymous1,anonymous,0,0,0,0,1,1,0,3,0,0.0,NaN,NaN,1,0,1,0,0,0,1,0,0,0,0,0,0,0,0,0,0,0,0,7,1,0,0,0,0,0,0,2,0,2,0,0,0,0,5,-1,0
/Users/thiago/Documents/Thiago/CodeToAnalyze/logback/logback-examples/src/main/java/chapters/appenders/socket/ConsolePluginClient.java,chapters.appenders.socket.ConsolePluginClient,class,8,9,1,8,4,2,0,19,1,0.7,0.0,0.0,2,2,1,0,0,1,2,0,0,0,5,5,0,0,0,5,0,0,2,68,0,1,1,0,0,7,8,13,4,13,2,0,1,0,95,1,2
/Users/thiago/Documents/Thiago/CodeToAnalyze/logback/logback-classic/src/main/java/ch/qos/logback/classic/util/StatusViaSLF4JLoggerFactory.java,ch.qos.logback.classic.util.StatusViaSLF4JLoggerFactory,class,7,10,3,7,5,1,0,4,6,0.0,0.0,0.0,4,4,4,0,0,0,4,0,0,0,0,0,0,0,0,0,0,0,3,20,0,0,0,0,0,0,0,3,0,3,1,0,0,0,31,1,0
/Users/thiago/Documents/Thiago/CodeToAnalyze/logback/logback-core/src/main/java/ch/qos/logback/core/status/StatusUtil.java,ch.qos.logback.core.status.StatusUtil,class,8,14,6,8,53,1,1,32,143,0.5217391,0.19480519,0.19480519,23,3,22,1,0,0,22,0,0,0,1,0,0,0,0,1,0,0,8,156,25,9,11,0,0,6,8,30,1,27,4,0,0,0,95,1,0
/Users/thiago/Documents/Thiago/CodeToAnalyze/logback/logback-classic/src/main/java/ch/qos/logback/classic/spi/LoggerComparator.java,ch.qos.logback.classic.spi.LoggerComparator,class,1,3,2,1,4,1,0,3,0,0.0,NaN,NaN,1,0,1,0,0,0,1,0,0,0,0,0,0,0,0,0,0,0,0,14,4,0,0,0,0,0,3,0,0,0,1,0,0,0,4,1,0
/Users/thiago/Documents/Thiago/CodeToAnalyze/logback/logback-classic/src/test/java/ch/qos/logback/classic/pattern/CompositeConverterTest.java,ch.qos.logback.classic.pattern.CompositeConverterTest,class,9,10,1,9,3,1,0,11,1,0.5833333,0.33333334,0.33333334,3,0,2,0,0,1,3,0,0,0,4,0,0,2,0,2,0,0,0,20,1,0,0,0,0,4,0,6,0,6,0,0,0,0,34,1,0
/Users/thiago/Documents/Thiago/CodeToAnalyze/logback/logback-classic/src/test/java/ch/qos/logback/classic/rolling/UniqueFileTest.java,ch.qos.logback.classic.rolling.UniqueFileTest,class,9,10,1,9,4,1,0,14,0,0.7083333,0.5,1.0,4,0,3,0,0,1,4,0,0,0,6,1,0,0,0,6,0,0,4,28,0,0,0,0,0,6,1,10,3,10,0,0,0,0,57,1,1
/Users/thiago/Documents/Thiago/CodeToAnalyze/logback/logback-core/src/test/java/ch/qos/logback/core/recovery/RecoveryCoordinatorTest.java,ch.qos.logback.core.recovery.RecoveryCoordinatorTest,class,2,2,0,2,8,1,0,5,0,0.083333336,0.6666667,0.6666667,6,0,6,0,0,0,6,0,0,0,2,0,0,0,0,2,0,0,1,37,0,1,1,0,0,2,8,6,9,5,2,0,0,0,45,1,0
/Users/thiago/Documents/Thiago/CodeToAnalyze/logback/logback-core/src/test/java/ch/qos/logback/core/encoder/JsonEscapeUtilTest.java,ch.qos.logback.core.encoder.JsonEscapeUtilTest,class,1,1,0,1,6,1,0,3,15,0.0,0.0,0.0,6,0,6,0,0,0,6,0,0,0,0,0,0,0,0,0,0,0,0,39,0,0,0,0,0,27,10,4,3,4,0,0,0,0,19,0,0
/Users/thiago/Documents/Thiago/CodeToAnalyze/logback/logback-core/src/main/java/ch/qos/logback/core/pattern/parser/Token.java,ch.qos.logback.core.pattern.parser.Token,class,1,6,5,1,23,1,0,2,0,0.8736842,0.7777778,1.0,10,0,10,0,0,0,10,0,0,0,19,16,0,3,0,16,15,0,0,92,11,0,6,0,2,15,13,31,4,22,1,0,0,0,44,0,0
/Users/thiago/Documents/Thiago/CodeToAnalyze/logback/logback-core-blackbox/src/test/java/ch/qos/logback/core/blackbox/joran/action/BlackboxTopElementAction.java,ch.qos.logback.core.blackbox.joran.action.BlackboxTopElementAction,class,5,5,0,5,1,2,0,0,0,0.0,NaN,NaN,1,0,0,0,1,0,1,0,0,0,0,0,0,0,0,0,0,0,0,6,1,0,0,0,0,0,0,1,0,1,0,0,0,0,24,1,0
/Users/thiago/Documents/Thiago/CodeToAnalyze/logback/logback-classic/src/test/java/ch/qos/logback/classic/jsonTest/JsonLoggingEvent.java,ch.qos.logback.classic.jsonTest.JsonLoggingEvent,class,11,14,3,11,28,1,0,8,266,0.92266667,0.05666667,0.09,25,0,25,0,0,0,25,0,0,0,15,0,14,1,0,0,0,0,0,110,21,0,3,0,0,10,0,7,0,16,1,0,0,0,68,1,0
/Users/thiago/Documents/Thiago/CodeToAnalyze/logback/logback-core/src/main/java/ch/qos/logback/core/rolling/helper/CompressionStrategy.java,ch.qos.logback.core.rolling.helper.CompressionStrategy,interface,1,3,2,1,1,1,0,0,0,0.0,NaN,NaN,1,0,0,0,0,1,1,0,0,0,0,0,0,0,0,0,0,0,0,3,0,0,0,0,0,0,0,0,0,0,0,0,0,0,21,1,0
/Users/thiago/Documents/Thiago/CodeToAnalyze/logback/logback-core/src/main/java/ch/qos/logback/core/joran/spi/SimpleRuleStore.java,ch.qos.logback.core.joran.spi.SimpleRuleStore,class,7,10,3,7,51,2,0,41,100,0.82352936,0.21794872,0.21794872,17,0,7,4,0,6,13,0,0,0,4,1,0,0,0,4,0,0,0,175,21,6,12,1,7,12,14,43,4,31,3,0,0,1,131,1,0
/Users/thiago/Documents/Thiago/CodeToAnalyze/logback/logback-examples/src/main/java/chapters/appenders/IOPerformance.java,chapters.appenders.IOPerformance,class,7,8,1,7,10,2,0,22,2,0.66,0.4,0.6,5,3,3,0,0,2,5,0,0,0,10,5,1,0,0,9,0,0,7,74,0,4,1,0,5,16,13,23,8,20,1,0,0,0,68,1,1
/Users/thiago/Documents/Thiago/CodeToAnalyze/logback/logback-classic/src/test/java/ch/qos/logback/classic/corpus/ExceptionBuilder.java,ch.qos.logback.classic.corpus.ExceptionBuilder,class,1,3,2,1,8,1,0,3,1,0.0,NaN,NaN,2,2,0,1,0,1,1,0,0,0,0,0,0,0,0,0,0,0,2,28,6,0,0,0,0,4,5,6,0,4,1,0,0,0,36,1,0
/Users/thiago/Documents/Thiago/CodeToAnalyze/logback/logback-core/src/test/java/ch/qos/logback/core/FileAppenderResilienceTest.java,ch.qos.logback.core.FileAppenderResilienceTest$Runner,innerclass,2,2,0,2,6,2,0,3,0,0.0,1.0,1.0,2,0,1,0,0,1,2,0,0,0,1,0,0,0,0,1,0,0,1,21,0,1,1,1,0,1,3,1,2,1,3,0,0,0,13,0,0
/Users/thiago/Documents/Thiago/CodeToAnalyze/logback/logback-core/src/test/java/ch/qos/logback/core/joran/implicitAction/Cake.java,ch.qos.logback.core.joran.implicitAction.Cake,class,0,2,2,0,4,1,0,0,2,0.5,0.33333334,0.33333334,4,0,4,0,0,0,4,0,0,0,2,0,0,0,0,2,0,0,0,16,2,0,0,0,0,0,0,2,0,2,0,0,0,0,7,1,0
/Users/thiago/Documents/Thiago/CodeToAnalyze/logback/logback-classic/src/main/java/ch/qos/logback/classic/pattern/CallerDataConverter.java,ch.qos.logback.classic.pattern.CallerDataConverter,class,6,7,1,6,32,3,0,29,20,0.78571427,0.16666667,0.16666667,8,0,2,4,2,0,4,0,0,0,7,2,2,2,0,3,3,0,4,119,8,3,9,2,0,20,13,29,7,24,4,0,0,0,107,1,0
/Users/thiago/Documents/Thiago/CodeToAnalyze/logback/logback-classic/src/test/java/ch/qos/logback/classic/joran/sanity/EvaluatorStubTest.java,ch.qos.logback.classic.joran.sanity.EvaluatorStubTest,class,11,11,0,11,3,1,0,13,0,0.4,1.0,1.0,3,0,2,0,0,1,3,0,0,0,5,0,0,0,0,5,0,0,0,33,0,0,0,0,0,4,2,10,2,10,0,0,0,0,35,1,1
/Users/thiago/Documents/Thiago/CodeToAnalyze/logback/logback-core/src/test/java/ch/qos/logback/core/status/testUtil/StatusChecker.java,ch.qos.logback.core.status.testUtil.StatusChecker,class,3,26,23,3,11,2,0,6,55,0.0,0.0,0.0,11,0,11,0,0,0,11,0,0,0,0,0,0,0,0,0,0,0,0,34,0,0,0,0,0,0,2,0,0,0,0,0,0,0,28,1,0
/Users/thiago/Documents/Thiago/CodeToAnalyze/logback/logback-classic/src/main/java/ch/qos/logback/classic/util/LoggerNameUtil.java,ch.qos.logback.classic.util.LoggerNameUtil,class,1,5,4,1,10,1,0,5,3,0.0,0.0,0.0,3,3,3,0,0,0,3,0,0,0,0,0,0,0,0,0,0,0,2,27,6,1,5,0,0,0,9,6,1,5,2,0,0,0,28,1,0
/Users/thiago/Documents/Thiago/CodeToAnalyze/logback/logback-classic/src/main/java/ch/qos/logback/classic/spi/LogbackServiceProvider.java,ch.qos.logback.classic.spi.LogbackServiceProvider,class,9,11,2,9,9,1,0,9,7,0.76666665,0.2,0.3,6,0,5,1,0,0,5,0,0,0,5,2,1,3,0,1,1,0,0,41,4,0,0,2,0,5,0,5,2,5,2,0,0,0,60,1,0
/Users/thiago/Documents/Thiago/CodeToAnalyze/logback/logback-core/src/test/java/ch/qos/logback/core/rolling/testUtil/ScaffoldingForRollingTests.java,ch.qos.logback.core.rolling.testUtil.ScaffoldingForRollingTests,class,6,12,6,6,54,1,5,45,404,0.92676777,0.11742424,0.29166666,33,9,10,0,20,3,33,0,0,0,12,3,3,0,7,2,3,0,9,203,13,8,4,2,6,20,16,43,20,41,2,0,0,0,163,1,0
/Users/thiago/Documents/Thiago/CodeToAnalyze/logback/logback-core/src/main/java/ch/qos/logback/core/joran/util/PropertySetter.java,ch.qos.logback.core.joran.util.PropertySetter,class,10,17,7,10,31,2,0,22,0,0.6346154,0.6545454,1.0,13,0,10,2,0,1,11,0,0,0,4,0,0,0,4,0,4,0,2,142,14,0,9,6,0,37,10,17,16,16,2,0,0,0,155,1,0
/Users/thiago/Documents/Thiago/CodeToAnalyze/logback/logback-core/src/main/java/ch/qos/logback/core/testUtil/NPEAppender.java,ch.qos.logback.core.testUtil.NPEAppender,class,2,2,0,2,1,3,0,0,0,0.0,NaN,NaN,1,0,0,0,1,0,1,0,0,0,0,0,0,0,0,0,0,0,0,5,0,0,0,0,0,0,0,0,0,0,0,0,0,0,7,1,0
/Users/thiago/Documents/Thiago/CodeToAnalyze/logback/logback-core/src/main/java/ch/qos/logback/core/util/StatusListenerConfigHelper.java,ch.qos.logback.core.util.StatusListenerConfigHelper,class,7,11,4,7,14,1,0,12,10,0.0,0.0,0.0,5,5,2,3,0,0,2,0,0,0,0,0,0,0,0,0,0,0,6,43,2,0,1,1,3,0,0,6,0,4,2,0,0,0,40,1,0
/Users/thiago/Documents/Thiago/CodeToAnalyze/logback/logback-core/src/test/java/ch/qos/logback/core/model/StackModel.java,ch.qos.logback.core.model.StackModel,class,2,6,4,2,1,2,0,0,0,1.0,NaN,NaN,1,0,0,0,1,0,1,0,0,0,1,1,0,1,0,0,1,0,0,6,1,0,0,0,0,0,1,1,0,1,0,0,0,0,13,1,0
/Users/thiago/Documents/Thiago/CodeToAnalyze/logback/logback-classic/src/main/java/ch/qos/logback/classic/pattern/SequenceNumberConverter.java,ch.qos.logback.classic.pattern.SequenceNumberConverter,class,2,2,0,2,4,3,0,6,1,0.0,0.0,0.0,2,0,2,0,0,0,2,0,0,0,0,0,0,0,0,0,0,0,1,14,2,0,2,0,0,1,0,0,0,0,1,0,0,0,27,1,0
/Users/thiago/Documents/Thiago/CodeToAnalyze/logback/logback-core/src/main/java/ch/qos/logback/core/pattern/parser/FormattingNode.java,ch.qos.logback.core.pattern.parser.FormattingNode,class,3,7,4,3,10,2,1,4,3,0.33333334,0.4,0.4,6,0,4,0,0,2,6,0,0,0,1,0,0,0,0,1,0,0,0,30,5,0,3,0,3,0,2,4,2,3,1,0,0,0,18,1,0
/Users/thiago/Documents/Thiago/CodeToAnalyze/logback/logback-classic/src/test/java/ch/qos/logback/classic/net/SSLSocketReceiverTest.java,ch.qos.logback.classic.net.SSLSocketReceiverTest,class,6,6,0,6,2,1,0,9,0,0.0,1.0,1.0,2,0,2,0,0,0,2,0,0,0,1,0,0,1,0,0,0,0,1,13,0,0,0,0,0,0,1,2,0,2,0,0,0,0,23,1,0
/Users/thiago/Documents/Thiago/CodeToAnalyze/logback/logback-core/src/main/java/ch/qos/logback/core/net/ssl/SSLContextFactoryBean.java,ch.qos.logback.core.net.ssl.SSLContextFactoryBean,class,7,12,5,7,32,1,1,43,152,0.8833333,0.06666667,0.06666667,20,0,15,5,0,0,15,0,0,0,9,2,0,9,0,0,2,0,7,120,20,0,11,0,0,25,0,24,10,21,1,0,0,0,145,1,0
/Users/thiago/Documents/Thiago/CodeToAnalyze/logback/logback-core/src/main/java/ch/qos/logback/core/model/processor/IncludeModelHandler.java,ch.qos.logback.core.model.processor.IncludeModelHandler,class,14,15,1,14,15,4,0,24,28,0.875,0.0,0.0,8,1,5,2,1,0,6,0,0,0,1,0,0,0,0,1,0,0,1,71,12,0,4,1,0,6,0,17,2,11,2,0,0,0,85,1,0
/Users/thiago/Documents/Thiago/CodeToAnalyze/logback/logback-examples/src/main/java/chapters/layouts/CallerEvaluatorExample.java,chapters.layouts.CallerEvaluatorExample,class,4,5,1,4,4,1,0,7,0,0.0,NaN,NaN,1,1,1,0,0,0,1,0,0,0,0,0,0,0,0,0,0,0,0,23,0,1,1,1,0,2,4,4,1,4,2,0,0,0,18,1,2
/Users/thiago/Documents/Thiago/CodeToAnalyze/logback/logback-core/src/test/java/ch/qos/logback/core/pattern/ExceptionalConverter.java,ch.qos.logback.core.pattern.ExceptionalConverter,class,1,2,1,1,2,2,0,1,0,0.0,NaN,NaN,1,0,1,0,0,0,1,0,0,0,0,0,0,0,0,0,0,0,0,8,1,0,0,0,0,2,0,0,0,0,1,0,0,0,18,1,0
/Users/thiago/Documents/Thiago/CodeToAnalyze/logback/logback-core/src/main/java/ch/qos/logback/core/property/ResourceExistsPropertyDefiner.java,ch.qos.logback.core.property.ResourceExistsPropertyDefiner,class,2,2,0,2,5,3,0,4,0,0.0,1.0,1.0,3,0,3,0,0,0,3,0,0,0,1,0,0,0,0,1,0,0,1,17,3,0,1,0,0,1,0,2,0,2,1,0,0,0,48,1,0
/Users/thiago/Documents/Thiago/CodeToAnalyze/logback/logback-core/src/main/java/ch/qos/logback/core/sift/Discriminator.java,ch.qos.logback.core.sift.Discriminator,interface,2,5,3,2,2,1,0,0,1,0.0,0.0,0.0,2,0,0,0,0,2,2,0,0,0,0,0,0,0,0,0,0,0,0,4,0,0,0,0,0,0,0,0,0,0,0,0,0,0,54,1,0
/Users/thiago/Documents/Thiago/CodeToAnalyze/logback/logback-core/src/main/java/ch/qos/logback/core/rolling/TriggeringPolicyBase.java,ch.qos.logback.core.rolling.TriggeringPolicyBase,class,3,5,2,3,3,2,0,0,0,0.0,1.0,1.0,3,0,3,0,0,0,3,0,0,0,1,0,0,1,0,0,0,0,0,12,1,0,0,0,0,0,0,2,0,1,0,0,0,0,26,1025,0
/Users/thiago/Documents/Thiago/CodeToAnalyze/logback/logback-examples/src/main/java/chapters/layouts/MySampleConverter.java,chapters.layouts.MySampleConverter,class,2,2,0,2,1,2,0,2,0,0.0,NaN,NaN,1,0,1,0,0,0,1,0,0,0,1,0,0,0,0,1,0,0,3,7,1,0,0,0,0,0,0,2,1,2,0,0,0,0,13,1,0
/Users/thiago/Documents/Thiago/CodeToAnalyze/logback/logback-classic-blackbox/src/test/java/ch/qos/logback/classic/blackbox/joran/RecursivelyLoggingAppender474.java,ch.qos.logback.classic.blackbox.joran.RecursivelyLoggingAppender474,class,5,5,0,5,2,3,0,4,0,0.0,1.0,1.0,2,0,1,0,1,0,2,0,0,0,1,0,0,0,0,1,0,0,0,10,0,0,0,0,1,2,0,1,0,1,0,0,0,0,21,1,1
/Users/thiago/Documents/Thiago/CodeToAnalyze/logback/logback-core/src/test/java/ch/qos/logback/core/joran/implicitAction/Fruit.java,ch.qos.logback.core.joran.implicitAction.Fruit,class,1,3,2,1,4,1,0,2,4,0.6666667,0.16666667,0.16666667,4,0,4,0,0,0,4,0,0,0,3,0,0,0,0,3,0,0,0,17,1,0,0,0,0,0,0,3,0,3,0,0,0,0,14,1,0
/Users/thiago/Documents/Thiago/CodeToAnalyze/logback/logback-core/src/main/java/ch/qos/logback/core/rolling/helper/FileNamePattern.java,ch.qos.logback.core.rolling.helper.FileNamePattern,class,13,28,15,13,50,2,0,25,22,0.6666667,0.37254903,0.6862745,17,0,15,0,0,2,18,0,0,0,3,1,0,0,0,3,1,0,1,166,21,8,15,1,2,7,3,33,3,25,4,0,0,0,119,1,0
/Users/thiago/Documents/Thiago/CodeToAnalyze/logback/logback-classic/src/test/java/ch/qos/logback/classic/spi/special/CPDCSpecialImpl.java,ch.qos.logback.classic.spi.special.CPDCSpecialImpl,class,5,6,1,5,4,1,0,2,2,0.5,0.0,0.0,4,0,3,1,0,0,3,0,0,0,2,0,0,0,0,2,0,0,0,19,2,0,0,0,0,1,0,3,0,3,0,0,0,0,17,1,0
/Users/thiago/Documents/Thiago/CodeToAnalyze/logback/logback-examples/src/main/java/chapters/layouts/TestException.java,chapters.layouts.TestException,class,0,1,1,0,1,3,0,0,0,1.0,NaN,NaN,1,0,1,0,0,0,1,0,0,0,1,1,0,1,0,0,1,0,0,6,0,0,0,0,0,0,1,1,0,1,0,0,0,0,10,1,0
/Users/thiago/Documents/Thiago/CodeToAnalyze/logback/logback-classic/src/test/java/ch/qos/logback/classic/multiJVM/SafeModeFileAppender.java,ch.qos.logback.classic.multiJVM.SafeModeFileAppender,class,5,6,1,5,6,1,0,20,4,0.6666667,0.16666667,0.16666667,4,4,1,0,0,3,4,0,0,0,3,3,0,0,0,3,0,0,7,48,1,1,1,0,3,11,7,12,7,12,1,0,0,0,69,1,1
/Users/thiago/Documents/Thiago/CodeToAnalyze/logback/logback-classic/src/test/java/ch/qos/logback/classic/issue/lbclassic36/DateFormatOriginal_tzest.java,ch.qos.logback.classic.issue.lbclassic36.DateFormatOriginal_tzest$SynchronizedDateFormatter,innerclass,1,1,0,1,1,1,0,1,0,0.0,NaN,NaN,1,0,1,0,0,0,1,0,0,1,1,0,0,0,0,1,0,0,0,6,1,0,0,0,0,0,0,1,0,1,0,0,0,0,18,9,0
/Users/thiago/Documents/Thiago/CodeToAnalyze/logback/logback-core/src/main/java/ch/qos/logback/core/joran/action/TimestampAction.java,ch.qos.logback.core.joran.action.TimestampAction,class,6,6,0,6,4,4,0,7,0,0.25,1.0,1.0,2,0,0,0,2,0,2,0,0,0,2,2,2,0,0,0,2,0,0,26,2,0,0,0,0,6,0,8,2,6,1,0,0,0,64,1,0
/Users/thiago/Documents/Thiago/CodeToAnalyze/logback/logback-core/src/main/java/ch/qos/logback/core/Layout.java,ch.qos.logback.core.Layout,interface,3,9,6,3,6,1,0,0,15,0.0,0.0,0.0,6,0,0,0,0,6,6,0,0,0,0,0,0,0,0,0,0,0,0,8,0,0,0,0,0,0,0,0,0,0,0,0,0,0,54,1,0
/Users/thiago/Documents/Thiago/CodeToAnalyze/logback/logback-core/src/main/java/ch/qos/logback/core/joran/ParamModelHandler.java,ch.qos.logback.core.joran.ParamModelHandler,class,9,10,1,9,4,3,0,7,4,0.5,0.16666667,0.16666667,4,1,3,0,1,0,4,0,0,0,1,0,0,1,0,0,1,0,0,22,2,0,0,0,0,0,0,6,0,6,0,0,0,0,30,1,0
/Users/thiago/Documents/Thiago/CodeToAnalyze/logback/logback-classic/src/test/java/ch/qos/logback/classic/jsonTest/ThrowableProxyComparator.java,ch.qos.logback.classic.jsonTest.ThrowableProxyComparator,class,3,5,2,3,31,1,0,18,6,0.0,0.0,0.0,4,4,3,1,0,0,3,0,0,0,0,0,0,0,0,0,0,0,8,74,26,2,15,0,4,8,3,15,6,15,2,0,0,0,41,1,0
/Users/thiago/Documents/Thiago/CodeToAnalyze/logback/logback-classic/src/main/java/ch/qos/logback/classic/model/processor/LogbackClassicDefaultNestedComponentRules.java,ch.qos.logback.classic.model.processor.LogbackClassicDefaultNestedComponentRules,class,16,17,1,16,2,1,0,11,1,1.0,0.0,0.0,2,2,2,0,0,0,2,0,0,0,1,1,1,0,0,0,0,0,2,24,1,0,0,0,0,23,0,2,0,2,0,0,0,0,36,1,0
/Users/thiago/Documents/Thiago/CodeToAnalyze/logback/logback-classic/src/main/java/ch/qos/logback/classic/net/server/SSLServerSocketReceiver.java,ch.qos.logback.classic.net.server.SSLServerSocketReceiver,class,6,8,2,6,5,4,0,6,1,0.5,0.33333334,0.33333334,3,0,2,0,1,0,3,0,0,0,2,0,0,2,0,0,0,0,0,22,2,0,2,0,0,0,0,5,0,4,1,0,0,0,35,1,0
/Users/thiago/Documents/Thiago/CodeToAnalyze/logback/logback-examples/src/main/java/chapters/architecture/MyAppWithConfigFile.java,chapters.architecture.MyAppWithConfigFile,class,5,6,1,5,2,1,0,9,0,0.0,NaN,NaN,1,1,1,0,0,0,1,0,0,0,0,0,0,0,0,0,0,0,0,19,0,0,0,1,0,2,1,4,0,4,1,0,0,0,18,1,2
/Users/thiago/Documents/Thiago/CodeToAnalyze/logback/logback-classic/src/test/java/ch/qos/logback/classic/util/LogbackMDCAdapterTest.java,ch.qos.logback.classic.util.LogbackMDCAdapterTest$ChildThreadForMDCAdapter,innerclass,2,2,0,2,2,2,0,2,0,0.33333334,1.0,1.0,2,0,1,0,0,1,2,0,0,0,3,0,0,0,0,3,0,0,0,13,0,0,0,0,0,1,0,3,0,3,0,0,0,0,17,0,0
/Users/thiago/Documents/Thiago/CodeToAnalyze/logback/logback-classic/src/test/java/ch/qos/logback/classic/LoggerSerializationTest.java,ch.qos.logback.classic.LoggerSerializationTest,class,10,11,1,10,12,1,0,23,23,0.77500004,0.2857143,0.33333334,10,0,6,3,0,1,7,0,0,0,8,1,0,0,0,8,1,0,0,95,3,0,0,0,1,31,2,26,5,22,0,0,0,0,82,1,0
/Users/thiago/Documents/Thiago/CodeToAnalyze/logback/logback-classic/src/main/java/ch/qos/logback/classic/sift/MDCBasedDiscriminator.java,ch.qos.logback.classic.sift.MDCBasedDiscriminator,class,2,5,3,2,11,2,0,4,0,0.33333334,0.73333335,1.0,6,0,6,0,0,0,6,0,0,0,2,0,0,2,0,0,0,0,0,43,5,0,3,0,0,2,2,6,0,5,1,0,0,0,70,1,0
/Users/thiago/Documents/Thiago/CodeToAnalyze/logback/logback-core/src/main/java/ch/qos/logback/core/joran/spi/XMLUtil.java,ch.qos.logback.core.joran.spi.XMLUtil,class,1,1,0,1,1,1,0,0,0,1.0,NaN,NaN,1,1,1,0,0,0,1,0,0,0,2,2,2,0,0,0,2,0,0,7,1,0,0,0,0,0,3,2,0,2,0,0,0,0,24,1,0
/Users/thiago/Documents/Thiago/CodeToAnalyze/logback/logback-classic/src/test/java/ch/qos/logback/classic/net/server/MockSSLParametersConfiguration.java,ch.qos.logback.classic.net.server.MockSSLParametersConfiguration,class,2,3,1,2,2,2,0,1,0,0.0,1.0,1.0,2,0,2,0,0,0,2,0,0,0,1,0,0,1,0,0,0,0,0,10,1,0,0,0,0,0,0,1,0,1,0,0,0,0,17,0,0
/Users/thiago/Documents/Thiago/CodeToAnalyze/logback/logback-core/src/main/java/ch/qos/logback/core/joran/action/ImplicitModelData.java,ch.qos.logback.core.joran.action.ImplicitModelData,class,2,5,3,2,2,1,2,0,0,0.5,1.0,1.0,2,0,2,0,0,0,2,0,0,0,4,0,4,0,0,0,3,0,0,14,1,0,0,0,0,0,0,3,0,4,0,0,0,0,25,1,0
/Users/thiago/Documents/Thiago/CodeToAnalyze/logback/logback-classic-blackbox/src/test/java/ch/qos/logback/classic/blackbox/joran/ReconfigurationTaskRegisteredConfigEventListener.java,ch.qos.logback.classic.blackbox.joran.ReconfigurationTaskRegisteredConfigEventListener,class,3,4,1,3,3,1,0,2,0,0.0,NaN,NaN,1,0,1,0,0,0,1,0,0,0,2,0,0,0,0,2,0,0,0,14,0,0,0,0,0,0,0,4,0,3,2,0,0,0,20,1,0
/Users/thiago/Documents/Thiago/CodeToAnalyze/logback/logback-classic/src/test/java/ch/qos/logback/classic/pattern/ConverterTest.java,ch.qos.logback.classic.pattern.ConverterTest,class,30,33,3,30,32,1,0,45,75,0.7717391,0.35177866,0.60474306,23,0,19,0,0,4,23,0,0,0,4,0,0,0,0,4,0,0,20,295,2,1,0,0,1,73,12,91,4,89,2,0,0,0,99,1,0
/Users/thiago/Documents/Thiago/CodeToAnalyze/logback/logback-core/src/main/java/ch/qos/logback/core/model/ImplicitModel.java,ch.qos.logback.core.model.ImplicitModel,class,2,6,4,2,1,3,0,0,0,1.0,NaN,NaN,1,0,0,0,1,0,1,0,0,0,1,1,0,1,0,0,1,0,0,6,1,0,0,0,0,0,1,1,0,1,0,0,0,0,13,1,0
/Users/thiago/Documents/Thiago/CodeToAnalyze/logback/logback-classic/performance/src/java/ch/qos/logback/classic/LoggerEventCreationTest.java,ch.qos.logback.classic.LoggerEventCreationTest,class,5,6,1,5,11,2,0,10,28,0.0,0.0,0.0,8,0,3,0,2,3,8,0,0,0,0,0,0,0,0,0,0,0,4,47,4,2,0,0,2,3,7,12,4,11,1,0,0,0,29,1,0
/Users/thiago/Documents/Thiago/CodeToAnalyze/logback/logback-classic/performance/src/java/ch/qos/logback/reflect/ReflectionSpeed.java,ch.qos.logback.reflect.ReflectionSpeed,class,2,3,1,2,3,1,0,5,1,0.5,0.0,0.0,2,2,1,0,0,1,2,0,0,0,2,2,0,0,0,2,2,0,5,21,0,1,0,0,2,4,3,9,4,9,1,0,0,0,33,1,0
/Users/thiago/Documents/Thiago/CodeToAnalyze/logback/logback-classic/src/test/java/ch/qos/logback/classic/TurboFilteringInLoggerTest.java,ch.qos.logback.classic.YesFilter,class,5,6,1,5,1,3,0,0,0,0.0,NaN,NaN,1,0,1,0,0,0,1,0,0,0,0,0,0,0,0,0,0,0,0,5,1,0,0,0,0,0,0,0,0,0,0,0,0,0,10,0,0
/Users/thiago/Documents/Thiago/CodeToAnalyze/logback/logback-core/src/test/java/ch/qos/logback/core/issue/SelectiveLockRunnable.java,ch.qos.logback.core.issue.SelectiveLockRunnable$LockingModel,enum,0,0,0,0,0,1,0,0,0,0.0,-1.0,-1.0,0,0,0,0,0,0,0,0,0,0,0,0,0,0,0,0,0,0,0,1,0,0,0,0,0,0,0,0,0,0,0,0,0,0,9,0,0
