file,class,type,cbo,cboModified,fanin,fanout,wmc,dit,noc,rfc,lcom,lcom*,tcc,lcc,totalMethodsQty,staticMethodsQty,publicMethodsQty,privateMethodsQty,protectedMethodsQty,defaultMethodsQty,visibleMethodsQty,abstractMethodsQty,finalMethodsQty,synchronizedMethodsQty,totalFieldsQty,staticFieldsQty,publicFieldsQty,privateFieldsQty,protectedFieldsQty,defaultFieldsQty,finalFieldsQty,synchronizedFieldsQty,nosi,loc,returnQty,loopQty,comparisonsQty,tryCatchQty,parenthesizedExpsQty,stringLiteralsQty,numbersQty,assignmentsQty,mathOperationsQty,variablesQty,maxNestedBlocksQty,anonymousClassesQty,innerClassesQty,lambdasQty,uniqueWordsQty,modifiers,logStatementsQty
/Users/larrymotuzis/Larry_Motuzis_Data/Project06_POI/poi-ooxml/src/main/java/org/apache/poi/xslf/usermodel/XSLFComments.java,org.apache.poi.xslf.usermodel.XSLFComments,class,6,7,1,6,5,2,0,7,0,0.0,1.0,1.0,5,0,3,0,0,2,5,0,0,0,1,0,0,1,0,0,1,0,0,21,3,0,0,1,0,0,0,3,0,2,1,0,0,0,48,1,0
/Users/larrymotuzis/Larry_Motuzis_Data/Project06_POI/poi-ooxml/src/main/java/org/apache/poi/xslf/usermodel/XSLFPropertiesDelegate.java,org.apache.poi.xslf.usermodel.XSLFPropertiesDelegate$StyleMatrixDelegate,innerclass,8,8,0,8,34,1,0,4,555,0.9117647,0.0053475937,0.0053475937,34,0,33,0,0,1,34,0,0,0,1,0,0,0,0,1,1,0,0,96,21,0,0,1,0,1,0,3,0,3,1,0,0,0,44,10,0
/Users/larrymotuzis/Larry_Motuzis_Data/Project06_POI/poi-ooxml/src/main/java/org/apache/poi/xwpf/usermodel/XWPFLatentStyles.java,org.apache.poi.xwpf.usermodel.XWPFLatentStyles,class,2,3,1,2,7,1,0,4,0,0.5,0.6,0.6,5,0,2,0,3,0,5,0,0,0,2,0,0,1,1,0,0,0,0,24,3,1,0,0,0,0,0,2,0,2,2,0,0,0,31,1,0
/Users/larrymotuzis/Larry_Motuzis_Data/Project06_POI/poi-ooxml/src/main/java/org/apache/poi/xddf/usermodel/chart/XDDFAreaChartData.java,org.apache.poi.xddf.usermodel.chart.XDDFAreaChartData$Series,innerclass,9,9,0,9,19,2,0,23,0,0.0,1.0,1.0,12,0,4,0,8,0,12,0,0,0,1,0,0,1,0,0,0,0,0,71,8,0,1,0,0,0,0,2,0,1,2,0,0,0,37,1,0
/Users/larrymotuzis/Larry_Motuzis_Data/Project06_POI/poi-ooxml/src/main/java/org/apache/poi/xssf/usermodel/XSSFPatternFormatting.java,org.apache.poi.xssf.usermodel.XSSFPatternFormatting,class,8,11,3,8,28,1,0,26,36,0.61538464,0.18181819,0.18181819,13,0,10,2,0,1,11,0,0,0,2,0,0,0,0,2,0,0,4,73,10,0,7,0,1,0,4,11,2,11,1,0,0,0,30,1,0
/Users/larrymotuzis/Larry_Motuzis_Data/Project06_POI/poi-ooxml/src/main/java/org/apache/poi/openxml4j/opc/ZipPackage.java,org.apache.poi.openxml4j.opc.ZipPackage$EntryTriple,innerclass,10,10,0,10,13,1,0,17,0,0.11111111,1.0,1.0,3,0,1,0,0,2,3,0,0,0,3,0,0,0,0,3,3,0,4,40,1,0,3,2,2,7,5,9,2,8,2,0,0,0,65,2,1
/Users/larrymotuzis/Larry_Motuzis_Data/Project06_POI/poi-ooxml/src/main/java/org/apache/poi/xddf/usermodel/XDDFPath.java,org.apache.poi.xddf.usermodel.XDDFPath,class,3,4,1,3,2,1,0,0,0,0.0,1.0,1.0,2,0,1,0,1,0,2,0,0,0,1,0,0,1,0,0,0,0,0,9,1,0,0,0,0,0,0,1,0,1,0,0,0,0,11,1,0
/Users/larrymotuzis/Larry_Motuzis_Data/Project06_POI/poi-ooxml/src/main/java/org/apache/poi/xssf/streaming/SXSSFSheet.java,org.apache.poi.xssf.streaming.SXSSFSheet,class,47,58,11,47,240,1,1,227,2221,0.9116445,0.44747162,0.69852084,178,0,165,7,1,5,171,0,0,0,11,1,0,7,3,1,4,0,10,766,87,6,27,6,3,40,26,67,14,53,3,0,0,0,798,1,3
/Users/larrymotuzis/Larry_Motuzis_Data/Project06_POI/poi-ooxml/src/main/java/org/apache/poi/xddf/usermodel/LineCap.java,org.apache.poi.xddf.usermodel.LineCap,enum,2,4,2,2,4,1,0,3,0,0.25,0.0,0.0,2,1,0,0,0,2,3,0,0,0,2,1,0,1,0,1,2,0,1,14,1,1,0,0,0,0,0,2,0,2,1,0,0,0,23,1,0
/Users/larrymotuzis/Larry_Motuzis_Data/Project06_POI/poi-ooxml/src/main/java/org/apache/poi/xslf/usermodel/XSLFColor.java,org.apache.poi.xslf.usermodel.XSLFColor$XSLFColorStyle,innerclass,4,4,0,4,11,2,0,1,0,0.33333334,0.8363636,1.0,11,0,10,0,0,1,11,0,0,0,3,0,0,3,0,0,3,0,9,40,10,0,0,0,0,9,0,3,0,3,0,0,0,0,27,10,0
/Users/larrymotuzis/Larry_Motuzis_Data/Project06_POI/poi-ooxml/src/main/java/org/apache/poi/xslf/util/PDFFontMapper.java,org.apache.poi.xslf.util.PDFFontMapper,class,4,6,2,4,15,2,0,27,1,0.61111116,0.0,0.0,3,0,1,1,1,0,2,0,0,0,6,4,0,6,0,0,6,0,5,64,3,2,4,1,0,18,0,18,2,17,3,0,0,1,57,1,0
/Users/larrymotuzis/Larry_Motuzis_Data/Project06_POI/poi-ooxml/src/main/java/org/apache/poi/poifs/crypt/dsig/services/TimeStampService.java,org.apache.poi.poifs.crypt.dsig.services.TimeStampService,interface,3,6,3,3,1,1,0,0,0,0.0,NaN,NaN,1,0,0,0,0,1,1,0,0,0,0,0,0,0,0,0,0,0,0,3,0,0,0,0,0,0,0,0,0,0,0,0,0,0,52,1,0
/Users/larrymotuzis/Larry_Motuzis_Data/Project06_POI/poi-ooxml/src/main/java/org/apache/poi/xslf/usermodel/XSLFGradientPaint.java,org.apache.poi.xslf.usermodel.XSLFGradientPaint,class,14,15,1,14,19,1,0,21,0,0.5714286,0.5714286,1.0,7,0,7,0,0,0,7,0,0,0,3,0,0,1,0,2,3,0,1,65,12,1,5,0,1,0,6,14,6,13,2,0,0,1,48,1,0
/Users/larrymotuzis/Larry_Motuzis_Data/Project06_POI/poi-ooxml/src/main/java/org/apache/poi/xwpf/XWPFReadException.java,org.apache.poi.xwpf.XWPFReadException,class,1,2,1,1,2,2,0,0,1,1.0,0.0,0.0,2,0,2,0,0,0,2,0,0,0,1,1,0,1,0,0,1,0,0,9,0,0,0,0,0,0,1,1,0,1,0,0,0,0,71,1,0
/Users/larrymotuzis/Larry_Motuzis_Data/Project06_POI/poi-ooxml/src/main/java/org/apache/poi/xssf/model/CommentsTable.java,org.apache.poi.xssf.model.CommentsTable,class,18,22,4,18,44,2,0,58,73,0.8115942,0.3263158,0.49473685,23,0,18,3,1,1,20,0,0,0,6,2,2,4,0,0,2,0,1,159,16,3,12,3,2,10,5,31,6,30,4,0,0,0,173,1,0
/Users/larrymotuzis/Larry_Motuzis_Data/Project06_POI/poi-ooxml/src/main/java/org/apache/poi/xwpf/usermodel/XWPFSettings.java,org.apache.poi.xwpf.usermodel.XWPFSettings,class,16,18,2,16,63,2,0,72,0,0.26086956,0.5,0.5,23,0,18,2,2,1,21,0,0,0,1,0,0,1,0,0,0,0,8,230,12,0,11,3,1,5,18,48,2,26,2,0,0,0,206,1,0
/Users/larrymotuzis/Larry_Motuzis_Data/Project06_POI/poi-ooxml/src/main/java/org/apache/poi/xdgf/usermodel/shape/ShapeRenderer.java,org.apache.poi.xdgf.usermodel.shape.ShapeRenderer,class,5,9,4,5,13,2,1,25,0,0.14285715,0.6666667,0.6666667,7,0,4,1,2,0,6,0,0,0,1,0,0,0,1,0,0,0,0,54,2,1,3,0,0,1,0,9,0,6,2,0,0,0,50,1,0
/Users/larrymotuzis/Larry_Motuzis_Data/Project06_POI/poi-ooxml/src/main/java/org/apache/poi/xwpf/usermodel/TextAlignment.java,org.apache.poi.xwpf.usermodel.TextAlignment,enum,1,3,2,1,6,1,0,5,1,0.5,0.0,0.0,3,1,2,1,0,0,3,0,0,0,2,1,0,2,0,0,2,0,2,26,2,1,1,0,0,1,5,4,1,4,1,0,0,0,66,1,0
/Users/larrymotuzis/Larry_Motuzis_Data/Project06_POI/poi-ooxml/src/main/java/org/apache/poi/xdgf/util/HierarchyPrinter.java,org.apache.poi.xdgf.util.HierarchyPrinter,class,6,7,1,6,6,1,0,16,6,0.0,0.0,0.0,4,4,4,0,0,0,4,0,0,0,0,0,0,0,0,0,0,0,8,37,0,1,1,2,0,4,4,8,1,8,1,1,0,0,46,1,0
/Users/larrymotuzis/Larry_Motuzis_Data/Project06_POI/poi-ooxml/src/main/java/org/apache/poi/xwpf/usermodel/XWPFFieldRun.java,org.apache.poi.xwpf.usermodel.XWPFFieldRun,class,5,6,1,5,4,2,0,2,0,0.0,1.0,1.0,4,0,4,0,0,0,4,0,0,0,1,0,0,1,0,0,0,0,0,16,2,0,0,0,0,0,0,1,0,1,0,0,0,0,39,1,0
/Users/larrymotuzis/Larry_Motuzis_Data/Project06_POI/poi-ooxml/src/main/java/org/apache/poi/xwpf/usermodel/XWPFTableCell.java,org.apache.poi.xwpf.usermodel.XWPFTableCell,class,30,39,9,30,106,1,0,99,490,0.87750006,0.1996997,0.527027,40,1,35,4,1,0,37,0,0,0,10,3,0,6,4,0,6,0,10,388,41,14,18,7,14,7,23,74,5,67,4,0,1,0,256,1,0
/Users/larrymotuzis/Larry_Motuzis_Data/Project06_POI/poi-ooxml/src/main/java/org/apache/poi/xssf/usermodel/XSSFCreationHelper.java,org.apache.poi.xssf.usermodel.XSSFCreationHelper,class,15,19,4,15,11,1,0,12,0,0.45454544,0.56363636,0.6545454,11,0,9,0,2,0,11,0,0,0,2,0,0,2,0,0,2,0,1,45,9,0,0,0,0,1,0,5,0,7,0,0,0,1,63,1,0
/Users/larrymotuzis/Larry_Motuzis_Data/Project06_POI/poi-ooxml/src/main/java/org/apache/poi/xssf/extractor/XSSFEventBasedExcelExtractor.java,org.apache.poi.xssf.extractor.XSSFEventBasedExcelExtractor,class,26,29,3,26,41,1,1,31,279,0.89225584,0.102564104,0.41880342,27,0,25,0,1,1,27,0,0,0,11,1,0,2,9,0,3,0,1,237,17,2,3,3,1,3,1,30,1,24,4,0,1,0,158,1,1
/Users/larrymotuzis/Larry_Motuzis_Data/Project06_POI/poi-ooxml/src/main/java/org/apache/poi/xslf/draw/SVGRenderExtension.java,org.apache.poi.xslf.draw.SVGRenderExtension,class,23,25,2,23,42,2,0,90,53,0.8863636,0.33333334,0.33333334,11,2,3,8,0,0,3,0,0,0,4,2,0,4,0,0,3,0,13,208,14,2,12,1,9,39,30,79,30,62,2,0,0,0,177,1,0
/Users/larrymotuzis/Larry_Motuzis_Data/Project06_POI/poi-ooxml/src/main/java/org/apache/poi/xwpf/usermodel/ISDTContent.java,org.apache.poi.xwpf.usermodel.ISDTContent,interface,1,10,9,1,2,1,0,0,1,0.0,0.0,0.0,2,0,0,0,0,2,2,0,0,0,0,0,0,0,0,0,0,0,0,4,0,0,0,0,0,0,0,0,0,0,0,0,0,0,19,1,0
/Users/larrymotuzis/Larry_Motuzis_Data/Project06_POI/poi-ooxml/src/main/java/org/apache/poi/xslf/util/MFProxy.java,org.apache.poi.xslf.util.MFProxy,class,3,12,9,3,13,1,2,1,78,0.9230769,0.0,0.0,13,0,0,0,0,13,13,8,0,0,2,0,0,0,0,2,0,0,1,26,2,0,0,0,0,0,2,2,0,2,0,0,0,0,40,1024,0
/Users/larrymotuzis/Larry_Motuzis_Data/Project06_POI/poi-ooxml/src/main/java/org/apache/poi/xssf/streaming/SXSSFFormulaEvaluator.java,org.apache.poi.xssf.streaming.SXSSFFormulaEvaluator,class,16,18,2,16,21,11,0,14,49,0.8181819,0.027777778,0.027777778,11,2,8,2,1,0,9,0,0,0,2,1,0,2,0,0,2,0,2,74,3,4,1,0,3,4,2,4,1,4,4,0,2,0,129,17,1
/Users/larrymotuzis/Larry_Motuzis_Data/Project06_POI/poi-ooxml/src/main/java/org/apache/poi/xslf/usermodel/XSLFTableCell.java,org.apache.poi.xslf.usermodel.XSLFTableCell$XSLFCellTextParagraph,innerclass,5,5,0,5,2,2,0,0,1,0.0,NaN,NaN,2,0,0,1,1,0,1,0,0,0,0,0,0,0,0,0,0,0,0,8,1,0,0,0,0,0,0,0,0,0,0,0,0,0,20,18,0
/Users/larrymotuzis/Larry_Motuzis_Data/Project06_POI/poi-ooxml/src/main/java/org/apache/poi/poifs/crypt/dsig/services/TimeStampServiceValidator.java,org.apache.poi.poifs.crypt.dsig.services.TimeStampServiceValidator,interface,1,3,2,1,1,1,0,0,0,0.0,NaN,NaN,1,0,0,0,0,1,1,0,0,0,0,0,0,0,0,0,0,0,0,3,0,0,0,0,0,0,0,0,0,0,0,0,0,0,32,1,0
/Users/larrymotuzis/Larry_Motuzis_Data/Project06_POI/poi-ooxml/src/main/java/org/apache/poi/xssf/streaming/SXSSFCell.java,org.apache.poi.xssf.streaming.SXSSFCell$StringFormulaValue,innerclass,2,2,0,2,4,2,0,0,0,0.25,0.5,0.5,4,0,1,0,0,3,4,0,0,0,1,0,0,0,0,1,0,0,0,16,2,0,0,0,0,0,0,2,0,1,0,0,0,0,12,8,0
/Users/larrymotuzis/Larry_Motuzis_Data/Project06_POI/poi-ooxml/src/main/java/org/apache/poi/poifs/crypt/dsig/facets/Office2010SignatureFacet.java,org.apache.poi.poifs.crypt.dsig.facets.Office2010SignatureFacet,class,8,8,0,8,5,1,0,13,0,0.0,NaN,NaN,1,0,1,0,0,0,1,0,0,0,0,0,0,0,0,0,0,0,0,25,0,0,3,1,0,2,4,6,0,5,1,0,0,0,39,1,0
/Users/larrymotuzis/Larry_Motuzis_Data/Project06_POI/poi-ooxml/src/main/java/org/apache/poi/xddf/usermodel/text/XDDFSpacingPercent.java,org.apache.poi.xddf.usermodel.text.XDDFSpacingPercent,class,7,9,2,7,7,2,0,8,0,0.4,0.6,0.6,5,0,4,0,1,0,5,0,0,0,2,0,0,2,0,0,0,0,0,26,2,0,1,0,2,0,3,2,3,2,1,0,0,0,18,1,0
/Users/larrymotuzis/Larry_Motuzis_Data/Project06_POI/poi-ooxml/src/main/java/org/apache/poi/xslf/usermodel/XSLFFactory.java,org.apache.poi.xslf.usermodel.XSLFFactory,class,4,9,5,4,3,2,0,1,3,0.6666667,0.0,0.0,3,1,1,1,1,0,2,0,0,0,1,1,0,1,0,0,1,0,1,11,2,0,0,0,0,0,0,1,0,1,0,0,0,0,27,17,0
/Users/larrymotuzis/Larry_Motuzis_Data/Project06_POI/poi-ooxml/src/main/java/org/apache/poi/poifs/crypt/dsig/services/SignaturePolicyService.java,org.apache.poi.poifs.crypt.dsig.services.SignaturePolicyService,interface,1,3,2,1,4,1,0,0,6,0.0,0.0,0.0,4,0,0,0,0,4,4,0,0,0,0,0,0,0,0,0,0,0,0,6,0,0,0,0,0,0,0,0,0,0,0,0,0,0,37,1,0
/Users/larrymotuzis/Larry_Motuzis_Data/Project06_POI/poi-ooxml/src/main/java/org/apache/poi/xssf/usermodel/BaseXSSFEvaluationWorkbook.java,org.apache.poi.xssf.usermodel.BaseXSSFEvaluationWorkbook$Name,innerclass,7,7,0,7,8,1,0,10,0,0.5714286,0.52380955,0.71428573,7,0,7,0,0,0,7,0,0,0,3,0,0,3,0,0,3,0,0,30,6,0,1,0,0,0,0,5,0,5,0,0,0,0,32,26,0
/Users/larrymotuzis/Larry_Motuzis_Data/Project06_POI/poi-ooxml/src/main/java/org/apache/poi/xssf/usermodel/XSSFShapeGroup.java,org.apache.poi.xssf.usermodel.XSSFShapeGroup,class,24,28,4,24,14,2,0,53,0,0.42307693,0.525641,0.5769231,13,1,10,0,3,0,13,0,0,0,2,1,0,2,0,0,0,0,5,116,10,0,1,0,0,2,9,40,0,29,1,0,0,0,145,17,0
/Users/larrymotuzis/Larry_Motuzis_Data/Project06_POI/poi-ooxml/src/main/java/org/apache/poi/xssf/usermodel/helpers/XSSFPasswordHelper.java,org.apache.poi.xssf.usermodel.helpers.XSSFPasswordHelper,class,5,8,3,5,14,1,0,24,6,0.0,0.0,0.0,4,3,2,2,0,0,2,0,0,0,0,0,0,0,0,0,0,0,21,66,7,0,10,2,0,18,5,20,2,20,3,0,0,0,67,17,0
/Users/larrymotuzis/Larry_Motuzis_Data/Project06_POI/poi-ooxml/src/main/java/org/apache/poi/xddf/usermodel/chart/XDDFDataSourcesFactory.java,org.apache.poi.xddf.usermodel.chart.XDDFDataSourcesFactory$StringArrayDataSource,innerclass,2,2,0,2,3,2,0,0,3,0.0,0.0,0.0,3,0,3,0,0,0,3,0,0,0,0,0,0,0,0,0,0,0,0,11,1,0,0,0,0,0,0,0,0,0,0,0,0,0,15,10,0
/Users/larrymotuzis/Larry_Motuzis_Data/Project06_POI/poi-ooxml/src/main/java/org/apache/poi/xwpf/usermodel/XWPFComment.java,org.apache.poi.xwpf.usermodel.XWPFComment,class,20,24,4,20,70,1,0,58,135,0.76344085,0.3494253,0.8689655,31,0,29,1,1,0,30,0,0,0,6,0,0,3,3,0,0,0,3,264,33,9,6,9,10,5,10,50,2,45,4,0,0,0,138,1,0
/Users/larrymotuzis/Larry_Motuzis_Data/Project06_POI/poi-ooxml/src/main/java/org/apache/poi/xddf/usermodel/chart/XDDFLine3DChartData.java,org.apache.poi.xddf.usermodel.chart.XDDFLine3DChartData$Series,innerclass,13,13,0,13,40,2,0,42,0,0.1,0.79532164,0.79532164,20,0,11,1,8,0,19,0,0,0,1,0,0,1,0,0,0,0,0,149,15,0,3,0,0,1,2,4,0,3,2,0,0,0,67,1,0
/Users/larrymotuzis/Larry_Motuzis_Data/Project06_POI/poi-ooxml/src/main/java/org/apache/poi/xddf/usermodel/chart/XDDFDateAxis.java,org.apache.poi.xddf.usermodel.chart.XDDFDateAxis,class,20,22,2,20,40,2,0,65,0,0.04,0.9166667,0.9166667,25,0,15,1,9,0,24,0,0,0,1,0,0,1,0,0,0,0,2,174,22,0,1,0,0,1,0,13,0,8,2,0,0,0,80,1,0
/Users/larrymotuzis/Larry_Motuzis_Data/Project06_POI/poi-ooxml/src/main/java/org/apache/poi/xwpf/model/XWPFCommentsDecorator.java,org.apache.poi.xwpf.model.XWPFCommentsDecorator,class,4,5,1,4,7,2,0,11,0,0.25,0.5,0.5,4,0,4,0,0,0,4,0,0,0,1,0,0,1,0,0,0,0,0,23,2,1,2,0,1,2,1,3,1,3,2,0,0,0,33,1,0
/Users/larrymotuzis/Larry_Motuzis_Data/Project06_POI/poi-ooxml/src/main/java/org/apache/poi/xwpf/usermodel/XWPFAbstractNum.java,org.apache.poi.xwpf.usermodel.XWPFAbstractNum,class,2,4,2,2,8,1,0,0,0,0.375,0.71428573,1.0,8,0,7,0,1,0,8,0,0,0,2,0,0,1,1,0,0,0,0,30,3,0,0,0,0,0,0,7,0,2,0,0,0,0,16,1,0
/Users/larrymotuzis/Larry_Motuzis_Data/Project06_POI/poi-ooxml/src/main/java/org/apache/poi/xddf/usermodel/chart/XDDFErrorBars.java,org.apache.poi.xddf.usermodel.chart.XDDFErrorBars,class,14,20,6,14,52,1,0,49,0,0.09090909,0.9047619,0.9047619,22,0,19,1,2,0,21,0,0,0,1,0,0,1,0,0,0,0,2,194,19,0,9,0,0,0,0,4,0,4,2,0,0,0,52,1,0
/Users/larrymotuzis/Larry_Motuzis_Data/Project06_POI/poi-ooxml/src/main/java/org/apache/poi/xddf/usermodel/XDDFGradientFillProperties.java,org.apache.poi.xddf.usermodel.XDDFGradientFillProperties,class,9,12,3,9,40,1,0,39,0,0.05263158,0.8947368,0.8947368,19,0,18,0,1,0,19,0,0,0,1,0,0,1,0,0,0,0,4,143,19,0,5,0,0,0,1,1,0,1,2,0,0,0,39,1,0
/Users/larrymotuzis/Larry_Motuzis_Data/Project06_POI/poi-ooxml/src/main/java/org/apache/poi/xslf/draw/geom/XSLFAdjustValue.java,org.apache.poi.xslf.draw.geom.XSLFAdjustValue,class,4,5,1,4,1,2,0,0,0,0.0,NaN,NaN,1,0,1,0,0,0,1,0,0,0,0,0,0,0,0,0,0,0,0,5,0,0,0,0,0,0,0,0,0,0,0,0,0,0,18,1,0
/Users/larrymotuzis/Larry_Motuzis_Data/Project06_POI/poi-ooxml/src/main/java/org/apache/poi/xssf/usermodel/XSSFConditionalFormattingThreshold.java,org.apache.poi.xssf.usermodel.XSSFConditionalFormattingThreshold,class,4,7,3,4,16,1,0,13,0,0.0,1.0,1.0,10,0,8,0,2,0,10,0,0,0,1,0,0,1,0,0,1,0,1,50,8,0,5,0,0,0,0,2,0,2,1,0,0,0,43,1,0
/Users/larrymotuzis/Larry_Motuzis_Data/Project06_POI/poi-ooxml/src/main/java/org/apache/poi/xssf/streaming/OpcZipArchiveOutputStream.java,org.apache.poi.xssf.streaming.OpcZipArchiveOutputStream,class,4,5,1,4,10,2,0,10,0,0.0,1.0,1.0,10,0,9,0,0,1,10,0,0,0,1,0,0,1,0,0,1,0,0,34,0,0,0,0,0,0,0,1,0,1,0,0,0,0,21,0,0
/Users/larrymotuzis/Larry_Motuzis_Data/Project06_POI/poi-ooxml/src/main/java/org/apache/poi/xdgf/geom/SplineCollector.java,org.apache.poi.xdgf.geom.SplineCollector,class,7,8,1,7,5,1,0,20,0,0.33333334,0.6666667,1.0,3,0,3,0,0,0,3,0,0,0,2,0,0,0,0,2,0,0,1,29,0,1,0,0,0,0,1,9,1,9,1,0,0,0,28,1,0
/Users/larrymotuzis/Larry_Motuzis_Data/Project06_POI/poi-ooxml/src/main/java/org/apache/poi/xddf/usermodel/XDDFCustomGeometry2D.java,org.apache.poi.xddf.usermodel.XDDFCustomGeometry2D,class,9,10,1,9,62,1,0,49,0,0.0,1.0,1.0,34,0,32,0,2,0,34,0,0,0,1,0,0,1,0,0,0,0,17,207,37,0,1,0,0,0,0,1,0,7,2,0,0,6,37,1,0
/Users/larrymotuzis/Larry_Motuzis_Data/Project06_POI/poi-ooxml/src/main/java/org/apache/poi/xdgf/usermodel/section/GeometrySection.java,org.apache.poi.xdgf.usermodel.section.GeometrySection,class,17,21,4,17,28,2,0,24,5,0.5,0.33333334,0.4,6,1,6,0,0,0,6,0,0,0,2,0,0,0,0,2,0,0,3,91,8,3,10,1,2,6,0,15,1,10,4,0,0,0,67,1,0
/Users/larrymotuzis/Larry_Motuzis_Data/Project06_POI/poi-ooxml/src/main/java/org/apache/poi/xwpf/usermodel/BreakClear.java,org.apache.poi.xwpf.usermodel.BreakClear,enum,1,3,2,1,6,1,0,4,1,0.5,0.16666667,0.16666667,3,1,2,0,0,1,4,0,0,0,2,1,0,2,0,0,2,0,1,23,2,1,1,0,0,1,4,3,1,3,1,0,0,0,107,1,0
/Users/larrymotuzis/Larry_Motuzis_Data/Project06_POI/poi-ooxml/src/main/java/org/apache/poi/ooxml/extractor/POIXMLExtractorFactory.java,org.apache.poi.ooxml.extractor.POIXMLExtractorFactory,class,21,22,1,21,47,1,0,38,66,0.9166667,0.0,0.0,12,6,12,0,0,0,12,0,0,0,4,4,0,4,0,0,4,0,5,165,19,4,12,6,0,4,3,21,1,17,4,0,0,0,201,17,0
/Users/larrymotuzis/Larry_Motuzis_Data/Project06_POI/poi-ooxml/src/main/java/org/apache/poi/xddf/usermodel/text/XDDFFont.java,org.apache.poi.xddf.usermodel.text.XDDFFont,class,6,11,5,6,22,1,0,16,0,0.3888889,0.7222222,1.0,9,1,7,0,2,0,9,0,0,0,2,0,0,2,0,0,0,0,0,79,10,0,6,0,0,2,1,2,0,2,2,0,0,0,26,1,0
/Users/larrymotuzis/Larry_Motuzis_Data/Project06_POI/poi-ooxml/src/main/java/org/apache/poi/poifs/crypt/dsig/SignatureInfo.java,org.apache.poi.poifs.crypt.dsig.SignatureInfo$XmlProviderInitSingleton,innerclass,3,3,0,3,7,1,0,14,10,0.0,0.0,0.0,5,1,2,3,0,0,2,0,0,0,0,0,0,0,0,0,0,0,4,33,5,0,0,2,0,3,0,0,0,0,1,0,1,0,63,26,1
/Users/larrymotuzis/Larry_Motuzis_Data/Project06_POI/poi-ooxml/src/main/java/org/apache/poi/openxml4j/opc/internal/MemoryPackagePart.java,org.apache.poi.openxml4j.opc.internal.MemoryPackagePart,class,8,10,2,8,14,2,0,7,33,0.6,0.13333334,0.13333334,10,0,8,0,2,0,10,0,0,0,1,0,0,0,1,0,0,0,0,46,5,0,2,2,0,0,2,4,0,2,1,0,0,0,63,17,0
/Users/larrymotuzis/Larry_Motuzis_Data/Project06_POI/poi-ooxml/src/main/java/org/apache/poi/xslf/usermodel/XSLFShape.java,org.apache.poi.xslf.usermodel.XSLFShape$Anonymous1,anonymous,9,9,0,9,8,1,0,12,0,0.0,NaN,NaN,1,0,1,0,0,0,1,0,0,0,0,0,0,0,0,0,0,0,2,35,6,0,5,0,0,0,0,7,0,5,2,0,0,0,27,-1,0
/Users/larrymotuzis/Larry_Motuzis_Data/Project06_POI/poi-ooxml/src/main/java/org/apache/poi/xslf/usermodel/XSLFGroupShape.java,org.apache.poi.xslf.usermodel.XSLFGroupShape,class,35,43,8,35,64,2,2,110,331,0.87096775,0.16502462,0.19211823,31,1,24,2,3,2,29,0,0,0,4,1,0,4,0,0,3,0,1,274,22,5,7,0,8,9,8,77,5,71,3,0,0,0,170,1,1
/Users/larrymotuzis/Larry_Motuzis_Data/Project06_POI/poi-ooxml/src/main/java/org/apache/poi/xddf/usermodel/PresetGeometry.java,org.apache.poi.xddf.usermodel.PresetGeometry,enum,2,4,2,2,4,1,0,3,0,0.25,0.0,0.0,2,1,0,0,0,2,3,0,0,0,2,1,0,1,0,1,2,0,1,14,1,1,0,0,0,0,0,2,0,2,1,0,0,0,50,1,0
/Users/larrymotuzis/Larry_Motuzis_Data/Project06_POI/poi-ooxml/src/main/java/org/apache/poi/xslf/usermodel/XSLFObjectShape.java,org.apache.poi.xslf.usermodel.XSLFObjectShape,class,36,42,6,36,32,3,0,78,56,0.84615386,0.2,0.27272728,13,2,6,2,3,2,11,0,0,0,7,5,0,6,0,1,6,0,1,173,14,0,12,9,5,11,7,43,1,42,4,1,0,0,143,1,0
/Users/larrymotuzis/Larry_Motuzis_Data/Project06_POI/poi-ooxml/src/main/java/org/apache/poi/xslf/util/EMFHandler.java,org.apache.poi.xslf.util.EMFHandler,class,9,12,3,9,15,2,1,17,9,0.55,0.4,0.62222224,10,0,8,0,1,1,10,0,0,0,2,0,0,2,0,0,0,0,1,54,5,0,1,2,2,1,2,5,0,3,2,0,0,0,46,0,0
/Users/larrymotuzis/Larry_Motuzis_Data/Project06_POI/poi-ooxml/src/main/java/org/apache/poi/openxml4j/opc/PackagePart.java,org.apache.poi.openxml4j.opc.PackagePart,class,12,98,86,12,76,1,5,35,528,0.81707317,0.16734143,0.34278002,41,0,34,2,4,1,39,6,0,0,6,0,0,3,3,0,1,0,3,227,26,0,24,2,2,20,3,23,7,14,2,0,0,0,282,1025,0
/Users/larrymotuzis/Larry_Motuzis_Data/Project06_POI/poi-ooxml/src/main/java/org/apache/poi/xdgf/usermodel/XmlVisioDocument.java,org.apache.poi.xdgf.usermodel.XmlVisioDocument,class,12,15,3,12,14,2,0,11,17,0.7619047,0.0952381,0.0952381,7,0,6,0,1,0,7,0,0,0,3,0,0,0,3,0,0,0,0,51,3,1,3,1,0,1,0,5,0,5,2,0,0,0,127,1,0
/Users/larrymotuzis/Larry_Motuzis_Data/Project06_POI/poi-ooxml/src/main/java/org/apache/poi/openxml4j/util/ZipArchiveThresholdInputStream.java,org.apache.poi.openxml4j.util.ZipArchiveThresholdInputStream,class,8,14,6,8,26,3,0,13,18,0.775,0.0952381,0.14285715,8,0,5,1,0,2,7,0,0,0,5,2,0,5,0,0,2,0,5,90,8,0,2,2,3,17,4,16,4,14,3,0,0,0,145,1,0
/Users/larrymotuzis/Larry_Motuzis_Data/Project06_POI/poi-ooxml/src/main/java/org/apache/poi/xddf/usermodel/XDDFPictureFillProperties.java,org.apache.poi.xddf.usermodel.XDDFPictureFillProperties,class,8,10,2,8,32,1,0,29,0,0.06666667,0.8666667,0.8666667,15,0,14,0,1,0,15,0,0,0,1,0,0,1,0,0,0,0,0,118,13,0,6,0,0,0,0,1,0,1,2,0,0,0,35,1,0
/Users/larrymotuzis/Larry_Motuzis_Data/Project06_POI/poi-ooxml/src/main/java/org/apache/poi/xddf/usermodel/XDDFStretchInfoProperties.java,org.apache.poi.xddf.usermodel.XDDFStretchInfoProperties,class,4,5,1,4,7,1,0,5,0,0.0,1.0,1.0,4,0,2,0,2,0,4,0,0,0,1,0,0,1,0,0,0,0,0,27,3,0,1,0,0,0,0,1,0,1,2,0,0,0,19,1,0
/Users/larrymotuzis/Larry_Motuzis_Data/Project06_POI/poi-ooxml/src/main/java/org/apache/poi/xddf/usermodel/chart/XDDFPie3DChartData.java,org.apache.poi.xddf.usermodel.chart.XDDFPie3DChartData,class,10,11,1,10,8,3,0,16,0,0.0,1.0,1.0,4,0,2,0,2,0,4,0,0,0,1,0,0,1,0,0,0,0,0,133,1,1,1,0,0,0,0,4,0,4,2,0,1,0,28,1,0
/Users/larrymotuzis/Larry_Motuzis_Data/Project06_POI/poi-ooxml/src/main/java/org/apache/poi/xddf/usermodel/SystemColor.java,org.apache.poi.xddf.usermodel.SystemColor,enum,2,5,3,2,4,1,0,3,0,0.25,0.0,0.0,2,1,0,0,0,2,3,0,0,0,2,1,0,1,0,1,2,0,1,14,1,1,0,0,0,0,0,2,0,2,1,0,0,0,34,1,0
/Users/larrymotuzis/Larry_Motuzis_Data/Project06_POI/poi-ooxml/src/main/java/org/apache/poi/xslf/util/PPTX2PNG.java,org.apache.poi.xslf.util.PPTX2PNG$Anonymous1,anonymous,0,0,0,0,1,1,0,0,0,0.0,NaN,NaN,1,0,0,0,1,0,1,0,0,0,0,0,0,0,0,0,0,0,0,5,1,0,0,0,0,0,0,0,0,0,0,0,0,0,5,-1,0
/Users/larrymotuzis/Larry_Motuzis_Data/Project06_POI/poi-ooxml/src/main/java/org/apache/poi/xddf/usermodel/text/XDDFNoAutoFit.java,org.apache.poi.xddf.usermodel.text.XDDFNoAutoFit,class,4,5,1,4,5,1,0,1,8,0.6,0.1,0.1,5,0,3,0,2,0,5,0,0,0,1,0,0,1,0,0,0,0,0,18,3,0,0,0,0,0,2,1,0,1,0,0,0,0,21,1,0
/Users/larrymotuzis/Larry_Motuzis_Data/Project06_POI/poi-ooxml/src/main/java/org/apache/poi/xslf/usermodel/XSLFBackground.java,org.apache.poi.xslf.usermodel.XSLFBackground,class,14,19,5,14,21,3,0,31,21,0.0,0.0,0.0,7,0,3,0,3,1,7,0,0,0,0,0,0,0,0,0,0,0,0,68,7,0,1,0,0,1,2,6,0,6,2,0,0,0,53,1,0
/Users/larrymotuzis/Larry_Motuzis_Data/Project06_POI/poi-ooxml/src/main/java/org/apache/poi/xddf/usermodel/chart/XDDFChartLegend.java,org.apache.poi.xddf.usermodel.chart.XDDFChartLegend,class,16,18,2,16,38,1,0,39,0,0.0952381,0.80526316,0.80526316,21,0,19,1,1,0,20,0,0,0,1,0,0,1,0,0,0,0,3,129,18,0,4,0,1,0,0,1,0,2,2,0,0,1,61,17,0
/Users/larrymotuzis/Larry_Motuzis_Data/Project06_POI/poi-ooxml/src/main/java/org/apache/poi/xddf/usermodel/chart/XDDFChartData.java,org.apache.poi.xddf.usermodel.chart.XDDFChartData,class,12,28,16,12,16,1,14,11,29,0.82,0.17777778,0.2,10,0,7,0,3,0,10,3,3,0,5,1,0,3,2,0,1,0,2,276,4,1,2,0,0,2,1,10,0,10,3,0,1,0,67,1025,0
/Users/larrymotuzis/Larry_Motuzis_Data/Project06_POI/poi-ooxml/src/main/java/org/apache/poi/xddf/usermodel/chart/XDDFChartAxis.java,org.apache.poi.xddf.usermodel.chart.XDDFChartAxis,class,25,43,18,25,69,1,4,50,1223,0.96,0.0,0.0,50,0,38,0,12,0,50,21,0,0,2,2,0,2,0,0,2,0,3,201,21,0,1,0,0,1,5,17,2,13,2,0,0,0,139,1025,0
/Users/larrymotuzis/Larry_Motuzis_Data/Project06_POI/poi-ooxml/src/main/java/org/apache/poi/xssf/usermodel/XSSFRelation.java,org.apache.poi.xssf.usermodel.XSSFRelation,class,4,11,7,4,3,2,0,2,1,0.9883041,NaN,NaN,3,1,1,2,0,0,1,0,0,0,57,57,56,1,0,0,57,0,0,69,1,0,0,0,0,116,0,57,0,57,0,0,0,0,93,17,0
/Users/larrymotuzis/Larry_Motuzis_Data/Project06_POI/poi-ooxml/src/main/java/org/apache/poi/xslf/usermodel/XSLFTextParagraph.java,org.apache.poi.xslf.usermodel.XSLFTextParagraph,class,48,62,14,48,256,1,2,230,1888,0.84057975,0.12704174,0.22867514,69,7,53,11,2,3,58,0,0,0,3,0,0,3,0,0,3,0,11,752,54,16,39,2,22,32,47,112,27,139,5,1,1,23,293,1,0
/Users/larrymotuzis/Larry_Motuzis_Data/Project06_POI/poi-ooxml/src/main/java/org/apache/poi/openxml4j/opc/internal/PartMarshaller.java,org.apache.poi.openxml4j.opc.internal.PartMarshaller,interface,1,6,5,1,1,1,0,0,0,0.0,NaN,NaN,1,0,1,0,0,0,1,0,0,0,0,0,0,0,0,0,0,0,0,3,0,0,0,0,0,0,0,0,0,0,0,0,0,0,49,1,0
/Users/larrymotuzis/Larry_Motuzis_Data/Project06_POI/poi-ooxml/src/main/java/org/apache/poi/xssf/usermodel/XSSFRow.java,org.apache.poi.xssf.usermodel.XSSFRow,class,20,34,14,20,112,1,0,112,211,0.6666667,0.34957984,0.63529414,38,1,32,3,3,0,35,0,0,0,3,0,0,3,0,0,3,0,10,378,29,15,29,1,14,17,28,61,25,56,4,0,0,0,341,1,0
/Users/larrymotuzis/Larry_Motuzis_Data/Project06_POI/poi-ooxml/src/main/java/org/apache/poi/xddf/usermodel/XDDFTileInfoProperties.java,org.apache.poi.xddf.usermodel.XDDFTileInfoProperties,class,5,6,1,5,30,1,0,26,0,0.0,1.0,1.0,13,0,11,0,2,0,13,0,0,0,1,0,0,1,0,0,0,0,1,109,11,0,6,0,0,0,0,1,0,1,2,0,0,0,28,1,0
/Users/larrymotuzis/Larry_Motuzis_Data/Project06_POI/poi-ooxml/src/main/java/org/apache/poi/xddf/usermodel/chart/XDDFAreaChartData.java,org.apache.poi.xddf.usermodel.chart.XDDFAreaChartData,class,14,16,2,14,18,3,0,28,0,0.0,1.0,1.0,7,0,4,1,2,0,6,0,0,0,1,0,0,1,0,0,0,0,1,145,3,3,3,0,0,0,1,4,0,4,2,0,1,0,34,1,0
/Users/larrymotuzis/Larry_Motuzis_Data/Project06_POI/poi-ooxml/src/main/java/org/apache/poi/xslf/usermodel/XSLFTableStyle.java,org.apache.poi.xslf.usermodel.XSLFTableStyle,class,3,6,3,3,18,1,0,15,0,0.0,1.0,1.0,5,0,3,0,1,1,5,0,0,0,1,0,0,1,0,0,0,0,0,47,16,0,0,0,0,0,0,1,0,1,1,0,1,0,29,1,0
/Users/larrymotuzis/Larry_Motuzis_Data/Project06_POI/poi-ooxml/src/main/java/org/apache/poi/xssf/usermodel/helpers/XSSFRowColShifter.java,org.apache.poi.xssf.usermodel.helpers.XSSFRowColShifter,class,19,22,3,19,38,1,0,55,36,0.8888889,0.0,0.0,9,8,0,1,0,8,8,0,0,0,1,1,0,1,0,0,1,0,11,148,2,12,9,1,0,2,7,56,1,53,5,0,0,0,117,16,1
/Users/larrymotuzis/Larry_Motuzis_Data/Project06_POI/poi-ooxml/src/main/java/org/apache/poi/xwpf/usermodel/XWPFEndnotes.java,org.apache.poi.xwpf.usermodel.XWPFEndnotes,class,13,15,2,13,17,3,0,25,24,0.41666666,0.3181818,0.3181818,12,0,10,0,2,0,12,0,0,0,1,0,0,0,1,0,0,0,0,81,8,2,0,2,0,1,2,12,2,11,1,0,0,0,107,1,0
/Users/larrymotuzis/Larry_Motuzis_Data/Project06_POI/poi-ooxml/src/main/java/org/apache/poi/xddf/usermodel/PresetLineDash.java,org.apache.poi.xddf.usermodel.PresetLineDash,enum,2,4,2,2,4,1,0,3,0,0.25,0.0,0.0,2,1,0,0,0,2,3,0,0,0,2,1,0,1,0,1,2,0,1,14,1,1,0,0,0,0,0,2,0,2,1,0,0,0,24,1,0
/Users/larrymotuzis/Larry_Motuzis_Data/Project06_POI/poi-ooxml/src/main/java/org/apache/poi/xslf/usermodel/XMLSlideShow.java,org.apache.poi.xslf.usermodel.XMLSlideShow,class,43,57,14,43,97,2,0,152,777,0.93189377,0.079622135,0.23481782,43,3,35,4,2,2,39,0,0,0,14,6,0,14,0,0,9,0,24,431,34,8,14,9,1,17,18,91,9,83,5,0,0,3,307,1,2
/Users/larrymotuzis/Larry_Motuzis_Data/Project06_POI/poi-ooxml/src/main/java/org/apache/poi/poifs/crypt/dsig/services/TimeStampSimpleHttpClient.java,org.apache.poi.poifs.crypt.dsig.services.TimeStampSimpleHttpClient$UnsafeTrustManager,innerclass,0,0,0,0,3,1,0,0,3,0.0,0.0,0.0,3,0,3,0,0,0,3,0,0,0,0,0,0,0,0,0,0,0,0,9,1,0,0,0,0,0,0,0,0,0,0,0,0,0,14,10,0
/Users/larrymotuzis/Larry_Motuzis_Data/Project06_POI/poi-ooxml/src/main/java/org/apache/poi/xssf/usermodel/XSSFPivotCache.java,org.apache.poi.xssf.usermodel.XSSFPivotCache,class,6,9,3,6,6,2,0,6,0,0.2,0.6,0.6,5,0,3,0,2,0,5,0,0,0,1,0,0,1,0,0,0,0,0,30,1,0,0,2,0,0,0,5,0,3,1,0,0,0,59,1,0
/Users/larrymotuzis/Larry_Motuzis_Data/Project06_POI/poi-ooxml/src/main/java/org/apache/poi/xssf/usermodel/XSSFDataValidationHelper.java,org.apache.poi.xssf.usermodel.XSSFDataValidationHelper,class,11,13,2,11,28,1,0,19,55,0.0,0.0,0.0,11,0,11,0,0,0,11,0,0,0,0,0,0,0,0,0,0,0,0,96,13,1,8,0,0,0,0,6,0,6,2,0,0,0,44,1,0
/Users/larrymotuzis/Larry_Motuzis_Data/Project06_POI/poi-ooxml/src/main/java/org/apache/poi/xssf/eventusermodel/XSSFBReader.java,org.apache.poi.xssf.eventusermodel.XSSFBReader,class,11,13,2,11,5,5,0,11,6,1.0,0.0,0.0,4,0,4,0,0,0,4,0,0,0,2,2,0,2,0,0,2,0,2,148,4,0,0,2,0,0,1,6,0,6,1,0,3,0,110,1,0
/Users/larrymotuzis/Larry_Motuzis_Data/Project06_POI/poi-ooxml/src/main/java/org/apache/poi/xwpf/usermodel/XWPFChart.java,org.apache.poi.xwpf.usermodel.XWPFChart,class,11,14,3,11,26,2,0,27,97,0.82608694,0.3083004,0.3083004,23,0,17,0,6,0,23,0,0,0,4,2,2,2,0,0,2,0,1,89,12,0,2,1,0,0,0,5,0,5,2,0,0,0,102,1,0
/Users/larrymotuzis/Larry_Motuzis_Data/Project06_POI/poi-ooxml/src/main/java/org/apache/poi/xssf/usermodel/XSSFConnector.java,org.apache.poi.xssf.usermodel.XSSFConnector,class,15,17,2,15,8,2,0,34,0,0.5,0.71428573,0.71428573,7,1,4,0,3,0,7,0,0,0,2,1,0,2,0,0,1,0,0,59,5,0,1,0,0,1,8,16,0,15,1,0,0,0,74,17,0
/Users/larrymotuzis/Larry_Motuzis_Data/Project06_POI/poi-ooxml/src/main/java/org/apache/poi/xslf/usermodel/XSLFDiagram.java,org.apache.poi.xslf.usermodel.XSLFDiagram$XSLFDiagramGroupShape,innerclass,5,5,0,5,3,3,0,1,1,0.33333334,0.0,0.0,3,0,1,1,1,0,2,0,0,0,1,0,0,1,0,0,0,0,0,13,1,0,0,0,0,0,0,1,0,1,0,0,0,0,39,9,0
/Users/larrymotuzis/Larry_Motuzis_Data/Project06_POI/poi-ooxml/src/main/java/org/apache/poi/xwpf/usermodel/VerticalAlign.java,org.apache.poi.xwpf.usermodel.VerticalAlign,enum,1,3,2,1,6,1,0,5,1,0.5,0.0,0.0,3,1,2,1,0,0,3,0,0,0,2,1,0,2,0,0,2,0,2,24,2,1,1,0,0,1,3,4,1,4,1,0,0,0,77,1,0
/Users/larrymotuzis/Larry_Motuzis_Data/Project06_POI/poi-ooxml/src/main/java/org/apache/poi/xssf/usermodel/XSSFCell.java,org.apache.poi.xssf.usermodel.XSSFCell,class,38,53,15,38,193,2,0,150,1464,0.8970588,0.13836478,0.24528302,68,4,37,14,16,1,54,0,0,0,10,5,0,10,0,0,8,0,26,671,76,0,40,4,2,43,10,111,15,93,4,0,0,0,447,17,2
/Users/larrymotuzis/Larry_Motuzis_Data/Project06_POI/poi-ooxml/src/main/java/org/apache/poi/xslf/draw/SVGImageRenderer.java,org.apache.poi.xslf.draw.SVGImageRenderer,class,11,13,2,11,13,1,0,35,52,0.8125,0.10606061,0.15151516,12,0,12,0,0,0,12,0,0,0,4,0,0,4,0,0,3,0,0,79,8,0,1,0,4,1,1,18,10,17,1,0,0,0,71,1,0
/Users/larrymotuzis/Larry_Motuzis_Data/Project06_POI/poi-ooxml/src/main/java/org/apache/poi/xwpf/usermodel/Document.java,org.apache.poi.xwpf.usermodel.Document,interface,0,1,1,0,0,1,0,0,0,NaN,-1.0,-1.0,0,0,0,0,0,0,0,0,0,0,12,12,12,0,0,0,12,0,0,14,0,0,0,0,0,0,0,12,0,12,0,0,0,0,42,1,0
/Users/larrymotuzis/Larry_Motuzis_Data/Project06_POI/poi-ooxml/src/main/java/org/apache/poi/xwpf/usermodel/BreakType.java,org.apache.poi.xwpf.usermodel.BreakType,enum,1,3,2,1,6,1,0,5,1,0.5,0.0,0.0,3,1,2,1,0,0,3,0,0,0,2,1,0,2,0,0,2,0,2,24,2,1,1,0,0,1,3,4,1,4,1,0,0,0,86,1,0
/Users/larrymotuzis/Larry_Motuzis_Data/Project06_POI/poi-ooxml/src/main/java/org/apache/poi/xssf/model/ParagraphPropertyFetcher.java,org.apache.poi.xssf.model.ParagraphPropertyFetcher,class,6,26,20,6,6,1,0,2,6,0.6,0.2,0.2,5,0,5,0,0,0,5,1,0,0,2,0,0,2,0,0,0,0,0,22,3,0,1,0,1,5,3,4,3,4,1,0,0,0,54,1025,0
/Users/larrymotuzis/Larry_Motuzis_Data/Project06_POI/poi-ooxml/src/main/java/org/apache/poi/openxml4j/opc/PackageProperties.java,org.apache.poi.openxml4j.opc.PackageProperties,interface,0,5,5,0,48,1,0,0,1128,1.0,0.0,0.0,48,0,0,0,0,48,48,0,0,0,2,0,0,0,0,2,0,0,0,52,0,0,0,0,0,2,0,2,0,2,0,0,0,0,125,1,0
/Users/larrymotuzis/Larry_Motuzis_Data/Project06_POI/poi-ooxml/src/main/java/org/apache/poi/openxml4j/opc/internal/ContentType.java,org.apache.poi.openxml4j.opc.internal.ContentType,class,2,9,7,2,20,1,0,27,7,0.75,0.34545454,0.5090909,10,0,10,0,0,0,11,0,2,0,6,3,0,6,0,0,6,0,5,80,10,2,2,0,4,16,10,15,5,11,3,0,0,0,128,17,0
/Users/larrymotuzis/Larry_Motuzis_Data/Project06_POI/poi-ooxml/src/main/java/org/apache/poi/xddf/usermodel/chart/XDDFLine3DChartData.java,org.apache.poi.xddf.usermodel.chart.XDDFLine3DChartData,class,14,16,2,14,21,3,0,32,0,0.0,1.0,1.0,9,0,6,1,2,0,8,0,0,0,1,0,0,1,0,0,0,0,1,229,3,3,4,0,1,0,2,4,1,4,2,0,1,0,39,1,0
/Users/larrymotuzis/Larry_Motuzis_Data/Project06_POI/poi-ooxml/src/main/java/org/apache/poi/xwpf/usermodel/XWPFAbstractFootnotesEndnotes.java,org.apache.poi.xwpf.usermodel.XWPFAbstractFootnotesEndnotes,class,6,12,6,6,14,2,2,4,41,0.8333333,0.044444446,0.044444446,10,0,10,0,0,0,10,0,0,0,3,0,0,1,2,0,0,0,0,45,5,1,3,0,0,0,0,3,0,3,2,0,0,0,37,1025,0
/Users/larrymotuzis/Larry_Motuzis_Data/Project06_POI/poi-ooxml/src/main/java/org/apache/poi/xssf/streaming/SXSSFFormulaEvaluator.java,org.apache.poi.xssf.streaming.SXSSFFormulaEvaluator$SheetsFlushedException,innerclass,0,0,0,0,1,5,0,0,0,0.0,NaN,NaN,1,0,0,0,1,0,1,0,0,0,0,0,0,0,0,0,0,0,0,5,0,0,0,0,0,1,0,0,0,0,0,0,0,0,13,9,0
/Users/larrymotuzis/Larry_Motuzis_Data/Project06_POI/poi-ooxml/src/main/java/org/apache/poi/xdgf/usermodel/XDGFFactory.java,org.apache.poi.xdgf.usermodel.XDGFFactory,class,7,8,1,7,6,2,0,4,0,0.25,0.5,0.5,4,0,3,0,1,0,4,0,0,0,1,0,0,1,0,0,1,0,1,23,3,0,0,0,2,0,0,3,0,3,1,0,0,0,32,1,0
/Users/larrymotuzis/Larry_Motuzis_Data/Project06_POI/poi-ooxml/src/main/java/org/apache/poi/xslf/usermodel/XSLFTable.java,org.apache.poi.xslf.usermodel.XSLFTable,class,25,32,7,25,75,3,0,96,3,0.70652175,0.54112554,0.66233766,23,1,18,1,1,3,22,0,0,0,4,2,0,3,0,1,4,0,3,279,18,20,13,3,4,27,32,76,22,69,4,0,0,0,182,1,2
/Users/larrymotuzis/Larry_Motuzis_Data/Project06_POI/poi-ooxml/src/main/java/org/apache/poi/openxml4j/opc/internal/PackagePropertiesPart.java,org.apache.poi.openxml4j.opc.internal.PackagePropertiesPart,class,7,14,7,7,74,2,0,25,1737,0.9510008,0.03448276,0.03448276,63,3,56,5,2,0,58,0,0,0,23,5,3,4,16,0,7,0,30,245,28,1,5,0,1,18,4,65,3,31,2,0,0,0,219,17,0
/Users/larrymotuzis/Larry_Motuzis_Data/Project06_POI/poi-ooxml/src/main/java/org/apache/poi/xssf/usermodel/XSSFFactory.java,org.apache.poi.xssf.usermodel.XSSFFactory,class,4,7,3,4,3,2,0,1,3,0.6666667,0.0,0.0,3,1,1,0,2,0,3,0,0,0,1,1,0,1,0,0,1,0,1,11,2,0,0,0,0,0,0,1,0,1,0,0,0,0,27,1,0
/Users/larrymotuzis/Larry_Motuzis_Data/Project06_POI/poi-ooxml/src/main/java/org/apache/poi/xssf/usermodel/TextFontAlign.java,org.apache.poi.xssf.usermodel.TextFontAlign,enum,0,2,2,0,0,1,0,0,0,0.0,-1.0,-1.0,0,0,0,0,0,0,0,0,0,0,0,0,0,0,0,0,0,0,0,6,0,0,0,0,0,0,0,0,0,0,0,0,0,0,20,1,0
/Users/larrymotuzis/Larry_Motuzis_Data/Project06_POI/poi-ooxml/src/main/java/org/apache/poi/xdgf/usermodel/shape/ShapeDebuggerRenderer.java,org.apache.poi.xdgf.usermodel.shape.ShapeDebuggerRenderer,class,3,4,1,3,7,3,0,10,4,0.5,0.16666667,0.16666667,4,0,3,0,1,0,4,0,0,0,1,0,0,0,0,1,0,0,0,30,1,0,1,0,0,2,8,7,2,5,2,0,0,0,25,1,0
/Users/larrymotuzis/Larry_Motuzis_Data/Project06_POI/poi-ooxml/src/main/java/org/apache/poi/xslf/usermodel/XSLFShape.java,org.apache.poi.xslf.usermodel.XSLFShape$ReparseFactory,interface,2,2,0,2,1,1,0,0,0,0.0,NaN,NaN,1,0,0,0,0,1,1,0,0,0,0,0,0,0,0,0,0,0,0,3,0,0,0,0,0,0,0,0,0,0,0,0,0,0,11,1,0
/Users/larrymotuzis/Larry_Motuzis_Data/Project06_POI/poi-ooxml/src/main/java/org/apache/poi/xssf/usermodel/XSSFChart.java,org.apache.poi.xssf.usermodel.XSSFChart,class,18,22,4,18,23,2,0,43,64,0.8333333,0.018181818,0.018181818,12,0,4,1,7,0,11,0,0,0,1,0,0,1,0,0,0,0,0,108,10,2,0,1,0,4,8,22,1,19,3,0,0,0,130,17,0
/Users/larrymotuzis/Larry_Motuzis_Data/Project06_POI/poi-ooxml/src/main/java/org/apache/poi/xssf/binary/XSSFBRichStr.java,org.apache.poi.xssf.binary.XSSFBRichStr,class,4,7,3,4,5,1,0,2,0,0.16666667,0.33333334,0.33333334,3,1,2,0,0,1,3,0,0,0,2,0,0,2,0,0,2,0,1,19,2,0,2,0,2,1,7,7,3,7,0,0,0,0,23,0,0
/Users/larrymotuzis/Larry_Motuzis_Data/Project06_POI/poi-ooxml/src/main/java/org/apache/poi/xssf/binary/XSSFBSheetHandler.java,org.apache.poi.xssf.binary.XSSFBSheetHandler$SheetContentsHandler,interface,2,2,0,2,1,1,0,0,0,0.0,NaN,NaN,1,0,0,0,0,1,1,0,0,0,0,0,0,0,0,0,0,0,0,3,0,0,0,0,0,0,0,0,0,0,0,0,0,0,35,1,0
/Users/larrymotuzis/Larry_Motuzis_Data/Project06_POI/poi-ooxml/src/main/java/org/apache/poi/xwpf/model/XWPFParagraphDecorator.java,org.apache.poi.xwpf.model.XWPFParagraphDecorator,class,2,4,2,2,4,1,1,2,0,0.16666667,1.0,1.0,3,0,3,0,0,0,3,0,0,0,2,0,0,0,2,0,0,0,0,17,2,0,1,0,0,0,0,2,0,2,1,0,0,0,13,1025,0
/Users/larrymotuzis/Larry_Motuzis_Data/Project06_POI/poi-ooxml/src/main/java/org/apache/poi/ooxml/POIXMLException.java,org.apache.poi.ooxml.POIXMLException,class,0,33,33,0,4,4,0,0,6,0.0,0.0,0.0,4,0,4,0,0,0,4,0,0,0,0,0,0,0,0,0,0,0,0,14,0,0,0,0,0,0,0,0,0,0,0,0,0,0,40,17,0
/Users/larrymotuzis/Larry_Motuzis_Data/Project06_POI/poi-ooxml/src/main/java/org/apache/poi/openxml4j/exceptions/InvalidOperationException.java,org.apache.poi.openxml4j.exceptions.InvalidOperationException,class,1,10,9,1,2,5,1,0,1,0.0,0.0,0.0,2,0,2,0,0,0,2,0,0,0,0,0,0,0,0,0,0,0,0,8,0,0,0,0,0,1,0,0,0,0,0,0,0,0,18,1,0
/Users/larrymotuzis/Larry_Motuzis_Data/Project06_POI/poi-ooxml/src/main/java/org/apache/poi/openxml4j/opc/internal/marshallers/ZipPartMarshaller.java,org.apache.poi.openxml4j.opc.internal.marshallers.ZipPartMarshaller,class,18,24,6,18,12,1,0,39,0,0.0,1.0,1.0,2,1,2,0,0,0,2,0,0,0,1,1,0,1,0,0,1,0,11,78,6,1,3,4,1,6,1,15,0,13,3,0,0,0,99,17,3
/Users/larrymotuzis/Larry_Motuzis_Data/Project06_POI/poi-ooxml/src/main/java/org/apache/poi/xssf/usermodel/extensions/XSSFHeaderFooter.java,org.apache.poi.xssf.usermodel.extensions.XSSFHeaderFooter,class,5,12,7,5,18,1,6,10,23,0.64285713,0.37362638,0.6043956,14,1,13,0,1,0,14,2,0,0,3,0,0,3,0,0,2,0,3,52,11,0,1,0,0,1,0,7,0,7,1,0,0,0,187,1025,0
/Users/larrymotuzis/Larry_Motuzis_Data/Project06_POI/poi-ooxml/src/main/java/org/apache/poi/xddf/usermodel/chart/XDDFLegendEntry.java,org.apache.poi.xddf.usermodel.chart.XDDFLegendEntry,class,9,10,1,9,23,1,0,19,0,0.16666667,0.6818182,0.6818182,12,0,10,0,2,0,12,0,0,0,1,0,0,1,0,0,0,0,2,83,10,0,4,0,0,0,1,1,0,1,2,0,0,0,33,1,0
/Users/larrymotuzis/Larry_Motuzis_Data/Project06_POI/poi-ooxml/src/main/java/org/apache/poi/openxml4j/opc/internal/ContentTypeManager.java,org.apache.poi.openxml4j.opc.internal.ContentTypeManager,class,13,18,5,13,53,1,1,49,1,0.77922076,0.7222222,0.7777778,14,0,9,5,0,0,9,1,0,0,11,8,2,8,1,0,8,0,3,171,6,6,17,4,6,16,2,36,2,35,4,0,0,0,253,1025,0
/Users/larrymotuzis/Larry_Motuzis_Data/Project06_POI/poi-ooxml/src/main/java/org/apache/poi/xslf/util/PPTX2PNG.java,org.apache.poi.xslf.util.PPTX2PNG$NoScratchpadException,innerclass,0,0,0,0,2,4,0,0,1,0.0,0.0,0.0,2,0,0,0,0,2,2,0,0,0,0,0,0,0,0,0,0,0,0,7,0,0,0,0,0,0,0,0,0,0,0,0,0,0,7,8,0
/Users/larrymotuzis/Larry_Motuzis_Data/Project06_POI/poi-ooxml/src/main/java/org/apache/poi/xwpf/usermodel/XWPFNumbering.java,org.apache.poi.xwpf.usermodel.XWPFNumbering,class,11,16,5,11,39,2,0,49,1,0.625,0.50735295,0.88235295,18,0,15,1,2,0,17,0,0,0,4,0,0,1,2,1,0,0,6,162,20,9,5,2,0,1,6,32,3,26,2,0,0,0,113,1,0
/Users/larrymotuzis/Larry_Motuzis_Data/Project06_POI/poi-ooxml/src/main/java/org/apache/poi/openxml4j/opc/ZipPackage.java,org.apache.poi.openxml4j.opc.ZipPackage,class,34,40,6,34,73,2,0,70,235,0.85802466,0.21014492,0.4347826,27,6,9,3,5,10,24,0,0,1,6,5,0,6,0,0,4,0,23,336,14,3,13,14,2,38,0,42,10,33,3,0,1,4,253,17,8
/Users/larrymotuzis/Larry_Motuzis_Data/Project06_POI/poi-ooxml/src/main/java/org/apache/poi/xddf/usermodel/PresetColor.java,org.apache.poi.xddf.usermodel.PresetColor,enum,2,5,3,2,4,1,0,3,0,0.25,0.0,0.0,2,1,0,0,0,2,3,0,0,0,2,1,0,1,0,1,2,0,1,14,1,1,0,0,0,0,0,2,0,2,1,0,0,0,35,1,0
/Users/larrymotuzis/Larry_Motuzis_Data/Project06_POI/poi-ooxml/src/main/java/org/apache/poi/xddf/usermodel/chart/XDDFDataSourcesFactory.java,org.apache.poi.xddf.usermodel.chart.XDDFDataSourcesFactory$AbstractCellRangeDataSource,innerclass,9,9,0,9,10,1,0,13,5,0.57142854,0.3809524,0.47619048,7,0,5,0,2,0,7,0,0,0,4,0,0,4,0,0,4,0,0,40,6,0,1,0,2,2,3,11,8,11,1,0,0,0,43,1034,0
/Users/larrymotuzis/Larry_Motuzis_Data/Project06_POI/poi-ooxml/src/main/java/org/apache/poi/xddf/usermodel/text/XDDFSpacing.java,org.apache.poi.xddf.usermodel.text.XDDFSpacing$Kind,enum,0,0,0,0,0,1,0,0,0,0.0,-1.0,-1.0,0,0,0,0,0,0,0,0,0,0,0,0,0,0,0,0,0,0,0,1,0,0,0,0,0,0,0,0,0,0,0,0,0,0,8,9,0
/Users/larrymotuzis/Larry_Motuzis_Data/Project06_POI/poi-ooxml/src/main/java/org/apache/poi/poifs/crypt/dsig/facets/SignatureFacetHelper.java,org.apache.poi.poifs.crypt.dsig.facets.SignatureFacetHelper,class,4,8,4,4,6,1,0,7,6,0.0,0.0,0.0,4,3,0,1,0,3,3,0,0,0,0,0,0,0,0,0,0,0,1,28,3,0,0,2,0,2,0,4,2,4,1,0,0,0,29,16,0
/Users/larrymotuzis/Larry_Motuzis_Data/Project06_POI/poi-ooxml/src/main/java/org/apache/poi/xddf/usermodel/chart/XDDFSurface3DChartData.java,org.apache.poi.xddf.usermodel.chart.XDDFSurface3DChartData$Series,innerclass,9,9,0,9,17,2,0,16,0,0.16666667,0.6818182,0.6818182,12,0,4,0,8,0,12,0,0,0,1,0,0,1,0,0,0,0,0,62,7,0,1,0,0,1,0,2,0,1,2,0,0,0,50,1,0
/Users/larrymotuzis/Larry_Motuzis_Data/Project06_POI/poi-ooxml/src/main/java/org/apache/poi/xssf/usermodel/XSSFSimpleShape.java,org.apache.poi.xssf.usermodel.XSSFSimpleShape,class,51,58,7,51,166,2,2,167,367,0.8262412,0.40301976,0.77351916,47,2,38,5,4,0,42,0,0,0,6,3,0,6,0,0,2,0,8,615,42,13,47,0,6,21,93,108,20,97,4,0,0,0,264,1,0
/Users/larrymotuzis/Larry_Motuzis_Data/Project06_POI/poi-ooxml/src/main/java/org/apache/poi/xssf/streaming/SXSSFFormulaEvaluator.java,org.apache.poi.xssf.streaming.SXSSFFormulaEvaluator$RowFlushedException,innerclass,0,0,0,0,1,5,0,0,0,0.0,NaN,NaN,1,0,0,0,1,0,1,0,0,0,0,0,0,0,0,0,0,0,0,5,0,0,0,0,0,3,0,0,1,0,0,0,0,0,18,9,0
/Users/larrymotuzis/Larry_Motuzis_Data/Project06_POI/poi-ooxml/src/main/java/org/apache/poi/xddf/usermodel/chart/AxisPosition.java,org.apache.poi.xddf.usermodel.chart.AxisPosition,enum,2,9,7,2,4,1,0,3,0,0.25,0.0,0.0,2,1,0,0,0,2,3,0,0,0,2,1,0,1,0,1,2,0,1,14,1,1,0,0,0,0,0,2,0,2,1,0,0,0,21,1,0
/Users/larrymotuzis/Larry_Motuzis_Data/Project06_POI/poi-ooxml/src/main/java/org/apache/poi/xwpf/usermodel/XWPFStyles.java,org.apache.poi.xwpf.usermodel.XWPFStyles,class,17,21,4,17,55,2,0,59,160,0.7916667,0.22924902,0.53754944,24,0,19,1,4,0,23,0,0,0,5,0,0,5,0,0,1,0,1,176,18,4,7,2,6,3,6,29,1,26,2,0,0,0,180,1,0
/Users/larrymotuzis/Larry_Motuzis_Data/Project06_POI/poi-ooxml/src/main/java/org/apache/poi/xddf/usermodel/XDDFDashStop.java,org.apache.poi.xddf.usermodel.XDDFDashStop,class,3,4,1,3,6,1,0,5,0,0.0,1.0,1.0,6,0,4,0,2,0,6,0,0,0,1,0,0,1,0,0,0,0,0,21,3,0,0,0,0,0,0,1,0,1,0,0,0,0,15,1,0
/Users/larrymotuzis/Larry_Motuzis_Data/Project06_POI/poi-ooxml/src/main/java/org/apache/poi/xdgf/usermodel/shape/ShapeVisitor.java,org.apache.poi.xdgf.usermodel.shape.ShapeVisitor,class,3,9,6,3,5,1,2,3,4,0.4,0.3,0.3,5,0,4,0,1,0,5,1,0,0,1,0,0,0,1,0,0,0,0,16,2,0,0,0,0,0,0,2,0,2,0,0,0,1,62,1025,0
/Users/larrymotuzis/Larry_Motuzis_Data/Project06_POI/poi-ooxml/src/main/java/org/apache/poi/openxml4j/opc/internal/PartUnmarshaller.java,org.apache.poi.openxml4j.opc.internal.PartUnmarshaller,interface,2,4,2,2,1,1,0,0,0,0.0,NaN,NaN,1,0,1,0,0,0,1,0,0,0,0,0,0,0,0,0,0,0,0,3,0,0,0,0,0,0,0,0,0,0,0,0,0,0,50,1,0
/Users/larrymotuzis/Larry_Motuzis_Data/Project06_POI/poi-ooxml/src/main/java/org/apache/poi/xddf/usermodel/chart/XDDFDataPoint.java,org.apache.poi.xddf.usermodel.chart.XDDFDataPoint,class,9,11,2,9,30,1,0,31,6,0.30769232,0.42424244,0.42424244,13,0,11,1,1,0,12,0,0,0,1,0,0,1,0,0,1,0,0,114,9,0,4,0,0,1,2,7,0,5,2,0,0,0,46,1,0
/Users/larrymotuzis/Larry_Motuzis_Data/Project06_POI/poi-ooxml/src/main/java/org/apache/poi/xssf/model/SingleXmlCells.java,org.apache.poi.xssf.model.SingleXmlCells,class,7,10,3,7,10,2,0,14,8,0.375,0.35714287,0.35714287,8,0,6,0,2,0,8,0,0,0,1,0,0,1,0,0,0,0,0,46,3,1,0,3,0,0,0,8,0,7,1,0,0,0,50,1,0
/Users/larrymotuzis/Larry_Motuzis_Data/Project06_POI/poi-ooxml/src/main/java/org/apache/poi/xddf/usermodel/text/XDDFParagraphProperties.java,org.apache.poi.xddf.usermodel.text.XDDFParagraphProperties,class,11,14,3,11,79,1,0,72,0,0.48275864,0.93349755,1.0,29,0,27,0,2,0,29,0,0,0,2,0,0,2,0,0,0,0,3,257,17,0,16,0,0,4,12,2,2,3,2,0,0,1,64,1,0
/Users/larrymotuzis/Larry_Motuzis_Data/Project06_POI/poi-ooxml/src/main/java/org/apache/poi/xwpf/usermodel/XWPFFootnote.java,org.apache.poi.xwpf.usermodel.XWPFFootnote,class,8,10,2,8,8,2,0,13,3,0.0,0.0,0.0,3,0,3,0,0,0,3,0,0,0,0,0,0,0,0,0,0,0,0,29,0,1,1,0,0,1,1,6,0,3,2,0,0,0,94,1,0
/Users/larrymotuzis/Larry_Motuzis_Data/Project06_POI/poi-ooxml/src/main/java/org/apache/poi/xwpf/usermodel/TableRowHeightRule.java,org.apache.poi.xwpf.usermodel.TableRowHeightRule,enum,1,3,2,1,6,1,0,5,1,0.5,0.0,0.0,3,1,2,1,0,0,3,0,0,0,2,1,0,2,0,0,2,0,2,21,2,1,1,0,0,1,3,4,1,4,1,0,0,0,38,1,0
/Users/larrymotuzis/Larry_Motuzis_Data/Project06_POI/poi-ooxml/src/main/java/org/apache/poi/xslf/usermodel/XSLFTableRow.java,org.apache.poi.xslf.usermodel.XSLFTableRow,class,4,7,3,4,16,1,0,28,0,0.4,0.8,1.0,10,0,9,0,0,1,10,0,0,0,3,0,0,3,0,0,3,0,3,69,6,2,0,0,1,6,5,9,6,9,1,0,0,0,67,1,0
/Users/larrymotuzis/Larry_Motuzis_Data/Project06_POI/poi-ooxml/src/main/java/org/apache/poi/xddf/usermodel/chart/XDDFSurfaceChartData.java,org.apache.poi.xddf.usermodel.chart.XDDFSurfaceChartData,class,14,16,2,14,16,3,0,24,0,0.125,0.71428573,0.71428573,8,0,5,1,2,0,7,0,0,0,1,0,0,1,0,0,0,0,0,126,3,3,2,0,0,0,1,4,0,4,2,0,1,0,39,1,0
/Users/larrymotuzis/Larry_Motuzis_Data/Project06_POI/poi-ooxml/src/main/java/org/apache/poi/xssf/binary/XSSFBHeaderFooter.java,org.apache.poi.xssf.binary.XSSFBHeaderFooter,class,2,4,2,2,14,1,0,8,5,0.6666667,0.33333334,0.4,6,0,0,0,0,6,6,0,0,0,4,1,0,4,0,0,3,0,0,44,4,0,3,0,0,0,2,8,0,8,2,0,0,0,33,0,0
/Users/larrymotuzis/Larry_Motuzis_Data/Project06_POI/poi-ooxml/src/main/java/org/apache/poi/xssf/eventusermodel/XSSFSheetXMLHandler.java,org.apache.poi.xssf.eventusermodel.XSSFSheetXMLHandler$xssfDataType,enum,0,0,0,0,0,1,0,0,0,0.0,-1.0,-1.0,0,0,0,0,0,0,0,0,0,0,0,0,0,0,0,0,0,0,0,1,0,0,0,0,0,0,0,0,0,0,0,0,0,0,26,0,0
/Users/larrymotuzis/Larry_Motuzis_Data/Project06_POI/poi-ooxml/src/main/java/org/apache/poi/xssf/binary/XSSFBCellRange.java,org.apache.poi.xssf.binary.XSSFBCellRange,class,4,8,4,4,2,1,0,2,0,0.2,NaN,NaN,1,1,1,0,0,0,1,0,0,0,5,1,1,0,0,4,1,0,4,20,1,0,1,0,0,0,1,9,1,5,1,0,0,0,39,0,0
/Users/larrymotuzis/Larry_Motuzis_Data/Project06_POI/poi-ooxml/src/main/java/org/apache/poi/xdgf/usermodel/XDGFSheet.java,org.apache.poi.xdgf.usermodel.XDGFSheet,class,10,21,11,10,37,1,3,35,33,0.75,0.31868133,0.85714287,14,0,13,0,0,1,14,1,0,0,6,0,0,0,6,0,0,0,7,103,27,2,14,1,0,7,0,19,1,19,3,0,0,0,69,1025,0
/Users/larrymotuzis/Larry_Motuzis_Data/Project06_POI/poi-ooxml/src/main/java/org/apache/poi/xddf/usermodel/XDDFExtensionList.java,org.apache.poi.xddf.usermodel.XDDFExtensionList,class,3,9,6,3,2,1,0,0,0,0.0,1.0,1.0,2,0,2,0,0,0,2,0,0,0,1,0,0,1,0,0,0,0,0,9,1,0,0,0,0,0,0,1,0,1,0,0,0,0,13,1,0
/Users/larrymotuzis/Larry_Motuzis_Data/Project06_POI/poi-ooxml/src/main/java/org/apache/poi/xddf/usermodel/chart/XDDFRadarChartData.java,org.apache.poi.xddf.usermodel.chart.XDDFRadarChartData$Series,innerclass,10,10,0,10,19,2,0,23,0,0.0,1.0,1.0,12,0,4,0,8,0,12,0,0,0,1,0,0,1,0,0,0,0,2,71,8,0,1,0,0,0,0,2,0,1,2,0,0,0,37,1,0
/Users/larrymotuzis/Larry_Motuzis_Data/Project06_POI/poi-ooxml/src/main/java/org/apache/poi/xddf/usermodel/chart/XDDFScatterChartData.java,org.apache.poi.xddf.usermodel.chart.XDDFScatterChartData$Series,innerclass,13,13,0,13,38,2,0,43,0,0.09090909,0.8142857,0.8142857,22,0,13,1,8,0,21,0,0,0,1,0,0,1,0,0,0,0,0,138,16,0,2,0,0,1,2,4,0,3,2,0,0,0,70,1,0
/Users/larrymotuzis/Larry_Motuzis_Data/Project06_POI/poi-ooxml/src/main/java/org/apache/poi/xssf/usermodel/TextDirection.java,org.apache.poi.xssf.usermodel.TextDirection,enum,0,1,1,0,0,1,0,0,0,0.0,-1.0,-1.0,0,0,0,0,0,0,0,0,0,0,0,0,0,0,0,0,0,0,0,5,0,0,0,0,0,0,0,0,0,0,0,0,0,0,41,1,0
/Users/larrymotuzis/Larry_Motuzis_Data/Project06_POI/poi-ooxml/src/main/java/org/apache/poi/xssf/streaming/SXSSFRow.java,org.apache.poi.xssf.streaming.SXSSFRow$CellIterator,innerclass,5,5,0,5,5,1,0,3,1,0.5,0.33333334,0.33333334,3,0,3,0,0,0,3,0,0,0,2,0,0,0,0,2,1,0,0,18,2,0,0,0,0,0,0,1,0,2,1,0,0,0,46,1,0
/Users/larrymotuzis/Larry_Motuzis_Data/Project06_POI/poi-ooxml/src/main/java/org/apache/poi/xddf/usermodel/chart/LayoutTarget.java,org.apache.poi.xddf.usermodel.chart.LayoutTarget,enum,2,4,2,2,4,1,0,3,0,0.25,0.0,0.0,2,1,0,0,0,2,3,0,0,0,2,1,0,1,0,1,2,0,1,14,1,1,0,0,0,0,0,2,0,2,1,0,0,0,16,1,0
/Users/larrymotuzis/Larry_Motuzis_Data/Project06_POI/poi-ooxml/src/main/java/org/apache/poi/xddf/usermodel/chart/AxisTickLabelPosition.java,org.apache.poi.xddf.usermodel.chart.AxisTickLabelPosition,enum,2,4,2,2,4,1,0,3,0,0.25,0.0,0.0,2,1,0,0,0,2,3,0,0,0,2,1,0,1,0,1,2,0,1,14,1,1,0,0,0,0,0,2,0,2,1,0,0,0,22,1,0
/Users/larrymotuzis/Larry_Motuzis_Data/Project06_POI/poi-ooxml/src/main/java/org/apache/poi/xssf/usermodel/TextAlign.java,org.apache.poi.xssf.usermodel.TextAlign,enum,0,2,2,0,0,1,0,0,0,0.0,-1.0,-1.0,0,0,0,0,0,0,0,0,0,0,0,0,0,0,0,0,0,0,0,5,0,0,0,0,0,0,0,0,0,0,0,0,0,0,38,1,0
/Users/larrymotuzis/Larry_Motuzis_Data/Project06_POI/poi-ooxml/src/main/java/org/apache/poi/xslf/usermodel/XSLFSimpleShape.java,org.apache.poi.xslf.usermodel.XSLFSimpleShape,class,51,69,18,51,215,2,4,177,1174,0.96938777,0.0,0.0,49,1,43,2,2,2,47,0,0,0,2,2,0,2,0,0,2,0,25,801,65,2,76,0,13,27,9,140,5,122,3,9,0,0,215,1025,2
/Users/larrymotuzis/Larry_Motuzis_Data/Project06_POI/poi-ooxml/src/main/java/org/apache/poi/xddf/usermodel/Angles.java,org.apache.poi.xddf.usermodel.Angles,class,0,0,0,0,2,1,0,2,0,0.0,1.0,1.0,2,2,2,0,0,0,2,0,2,0,1,1,1,0,0,0,1,0,2,9,2,0,0,0,1,0,1,1,2,1,0,0,0,0,34,1,0
/Users/larrymotuzis/Larry_Motuzis_Data/Project06_POI/poi-ooxml/src/main/java/org/apache/poi/xssf/usermodel/XSSFDialogsheet.java,org.apache.poi.xssf.usermodel.XSSFDialogsheet,class,13,14,1,13,19,3,0,17,10,0.33333334,0.42424244,0.42424244,12,0,2,0,10,0,12,0,0,0,1,0,0,0,1,0,0,0,0,63,11,0,7,0,0,1,0,2,0,1,1,0,0,0,30,1,0
/Users/larrymotuzis/Larry_Motuzis_Data/Project06_POI/poi-ooxml/src/main/java/org/apache/poi/xslf/usermodel/XSLFObjectShape.java,org.apache.poi.xslf.usermodel.XSLFObjectShape$Anonymous1,anonymous,1,1,0,1,1,1,0,3,0,0.0,NaN,NaN,1,0,1,0,0,0,1,0,0,0,0,0,0,0,0,0,0,0,0,5,0,0,0,0,0,0,0,0,0,0,0,0,0,0,7,-1,0
/Users/larrymotuzis/Larry_Motuzis_Data/Project06_POI/poi-ooxml/src/main/java/org/apache/poi/xssf/usermodel/XSSFChildAnchor.java,org.apache.poi.xssf.usermodel.XSSFChildAnchor,class,6,8,2,6,13,2,0,18,0,0.0,1.0,1.0,11,0,11,0,0,0,11,0,0,0,1,0,0,1,0,0,0,0,2,44,5,0,0,0,2,0,0,4,6,3,1,0,0,0,30,17,0
/Users/larrymotuzis/Larry_Motuzis_Data/Project06_POI/poi-ooxml/src/main/java/org/apache/poi/xslf/usermodel/XSLFSlideLayout.java,org.apache.poi.xslf.usermodel.XSLFSlideLayout,class,18,24,6,18,23,3,0,25,24,0.6666667,0.3181818,0.3181818,12,0,10,0,1,1,12,0,0,0,2,0,0,2,0,0,1,0,1,75,11,2,4,1,0,4,1,8,2,8,3,0,0,0,78,1,0
/Users/larrymotuzis/Larry_Motuzis_Data/Project06_POI/poi-ooxml/src/main/java/org/apache/poi/xssf/usermodel/XSSFColor.java,org.apache.poi.xssf.usermodel.XSSFColor,class,9,28,19,9,55,2,0,40,284,0.7027027,0.36774194,0.36774194,37,3,29,6,2,0,31,0,0,0,2,0,0,2,0,0,2,0,4,158,35,0,18,0,2,1,12,7,1,6,2,0,0,0,158,1,0
/Users/larrymotuzis/Larry_Motuzis_Data/Project06_POI/poi-ooxml/src/main/java/org/apache/poi/xddf/usermodel/chart/XDDFDataSourcesFactory.java,org.apache.poi.xddf.usermodel.chart.XDDFDataSourcesFactory$NumericalArrayDataSource,innerclass,3,3,0,3,4,2,0,0,4,0.5,0.16666667,0.16666667,4,0,4,0,0,0,4,0,0,0,1,0,0,1,0,0,0,0,0,15,1,0,0,0,0,0,0,1,0,1,0,0,0,0,13,10,0
/Users/larrymotuzis/Larry_Motuzis_Data/Project06_POI/poi-ooxml/src/main/java/org/apache/poi/xddf/usermodel/SchemeColor.java,org.apache.poi.xddf.usermodel.SchemeColor,enum,2,5,3,2,4,1,0,3,0,0.25,0.0,0.0,2,1,0,0,0,2,3,0,0,0,2,1,0,1,0,1,2,0,1,14,1,1,0,0,0,0,0,2,0,2,1,0,0,0,35,1,0
/Users/larrymotuzis/Larry_Motuzis_Data/Project06_POI/poi-ooxml/src/main/java/org/apache/poi/xssf/eventusermodel/XSSFReader.java,org.apache.poi.xssf.eventusermodel.XSSFReader$XMLSheetRefReader,innerclass,3,3,0,3,8,2,0,6,0,0.375,1.0,1.0,2,0,2,0,0,0,2,0,0,0,4,3,0,4,0,0,4,0,1,28,1,1,2,0,0,3,1,10,0,8,3,0,0,0,31,9,0
/Users/larrymotuzis/Larry_Motuzis_Data/Project06_POI/poi-ooxml/src/main/java/org/apache/poi/xssf/extractor/XSSFExcelExtractor.java,org.apache.poi.xssf.extractor.XSSFExcelExtractor,class,16,18,2,16,42,1,0,41,92,0.875,0.16666667,0.5897436,16,0,13,3,0,0,13,0,0,0,10,1,1,9,0,0,3,0,2,162,7,4,13,0,1,6,1,32,1,25,6,0,0,0,119,1,0
/Users/larrymotuzis/Larry_Motuzis_Data/Project06_POI/poi-ooxml/src/main/java/org/apache/poi/xwpf/usermodel/XWPFNum.java,org.apache.poi.xwpf.usermodel.XWPFNum,class,2,4,2,2,8,1,0,0,0,0.25,0.85714287,1.0,8,0,8,0,0,0,8,0,0,0,2,0,0,1,1,0,0,0,0,32,2,0,0,0,0,0,0,10,0,2,0,0,0,0,23,1,0
/Users/larrymotuzis/Larry_Motuzis_Data/Project06_POI/poi-ooxml/src/main/java/org/apache/poi/openxml4j/exceptions/OpenXML4JException.java,org.apache.poi.openxml4j.exceptions.OpenXML4JException,class,0,4,4,0,2,3,1,0,1,0.0,0.0,0.0,2,0,2,0,0,0,2,0,0,0,0,0,0,0,0,0,0,0,0,8,0,0,0,0,0,1,0,0,0,0,0,0,0,0,27,1,0
/Users/larrymotuzis/Larry_Motuzis_Data/Project06_POI/poi-ooxml/src/main/java/org/apache/poi/xddf/usermodel/XDDFColorPreset.java,org.apache.poi.xddf.usermodel.XDDFColorPreset,class,8,12,4,8,9,2,0,6,0,0.0,1.0,1.0,6,0,3,0,3,0,6,0,0,0,1,0,0,1,0,0,0,0,1,35,3,0,3,0,0,0,0,1,0,1,2,0,0,0,16,1,0
/Users/larrymotuzis/Larry_Motuzis_Data/Project06_POI/poi-ooxml/src/main/java/org/apache/poi/xddf/usermodel/XDDFNoFillProperties.java,org.apache.poi.xddf.usermodel.XDDFNoFillProperties,class,4,7,3,4,3,1,0,1,1,0.33333334,0.33333334,0.33333334,3,0,2,0,1,0,3,0,0,0,1,0,0,1,0,0,0,0,0,12,1,0,0,0,0,0,0,1,0,1,0,0,0,0,13,1,0
/Users/larrymotuzis/Larry_Motuzis_Data/Project06_POI/poi-ooxml/src/main/java/org/apache/poi/xssf/streaming/SXSSFCell.java,org.apache.poi.xssf.streaming.SXSSFCell$ErrorFormulaValue,innerclass,2,2,0,2,4,2,0,0,0,0.25,0.5,0.5,4,0,1,0,0,3,4,0,0,0,1,0,0,0,0,1,0,0,0,16,2,0,0,0,0,0,0,2,0,1,0,0,0,0,12,8,0
/Users/larrymotuzis/Larry_Motuzis_Data/Project06_POI/poi-ooxml/src/main/java/org/apache/poi/ooxml/util/TransformerHelper.java,org.apache.poi.ooxml.util.TransformerHelper,class,1,1,0,1,2,1,0,1,1,0.0,NaN,NaN,2,1,1,1,0,0,1,0,0,0,0,0,0,0,0,0,0,0,0,7,1,0,0,0,0,1,0,0,0,0,0,0,0,0,9,17,0
/Users/larrymotuzis/Larry_Motuzis_Data/Project06_POI/poi-ooxml/src/main/java/org/apache/poi/xdgf/usermodel/XDGFText.java,org.apache.poi.xdgf.usermodel.XDGFText,class,5,9,4,5,17,1,0,36,3,0.5,0.42857143,0.71428573,7,0,6,0,0,1,7,0,0,0,2,0,0,0,0,2,0,0,1,81,6,1,3,0,2,1,15,26,5,25,2,0,0,0,91,1,0
/Users/larrymotuzis/Larry_Motuzis_Data/Project06_POI/poi-ooxml/src/main/java/org/apache/poi/xddf/usermodel/chart/XDDFArea3DChartData.java,org.apache.poi.xddf.usermodel.chart.XDDFArea3DChartData$Series,innerclass,9,9,0,9,19,2,0,23,0,0.0,1.0,1.0,12,0,4,0,8,0,12,0,0,0,1,0,0,1,0,0,0,0,0,71,8,0,1,0,0,0,0,2,0,1,2,0,0,0,37,1,0
/Users/larrymotuzis/Larry_Motuzis_Data/Project06_POI/poi-ooxml/src/main/java/org/apache/poi/ooxml/POIXMLProperties.java,org.apache.poi.ooxml.POIXMLProperties,class,16,23,7,16,36,1,0,29,14,0.72222215,0.24444444,0.46666667,9,0,8,0,1,0,10,0,0,0,8,2,0,8,0,0,6,0,4,479,9,0,20,6,0,8,7,32,1,24,3,0,3,0,109,1,0
/Users/larrymotuzis/Larry_Motuzis_Data/Project06_POI/poi-ooxml/src/main/java/org/apache/poi/xslf/usermodel/XSLFDrawing.java,org.apache.poi.xslf.usermodel.XSLFDrawing,class,20,22,2,20,12,1,0,25,0,0.0,1.0,1.0,10,0,9,0,0,1,10,0,0,0,2,0,0,2,0,0,0,0,9,77,8,1,0,0,0,2,1,21,1,21,2,0,0,0,68,1,0
/Users/larrymotuzis/Larry_Motuzis_Data/Project06_POI/poi-ooxml/src/main/java/org/apache/poi/ooxml/POIXMLRelation.java,org.apache.poi.ooxml.POIXMLRelation,class,12,47,35,12,15,1,4,22,33,0.80519485,0.2,0.6545454,11,0,9,0,2,0,11,0,0,0,7,1,0,7,0,0,7,0,3,75,11,0,2,0,0,9,0,13,1,13,2,0,3,0,134,1025,1
/Users/larrymotuzis/Larry_Motuzis_Data/Project06_POI/poi-ooxml/src/main/java/org/apache/poi/xslf/util/WMFHandler.java,org.apache.poi.xslf.util.WMFHandler,class,2,3,1,2,1,3,0,0,0,0.0,NaN,NaN,1,0,0,0,1,0,1,0,0,0,0,0,0,0,0,0,0,0,0,5,1,0,0,0,0,0,0,0,0,0,0,0,0,0,8,0,0
/Users/larrymotuzis/Larry_Motuzis_Data/Project06_POI/poi-ooxml/src/main/java/org/apache/poi/xddf/usermodel/XDDFEffectList.java,org.apache.poi.xddf.usermodel.XDDFEffectList,class,3,5,2,3,2,1,0,0,0,0.0,1.0,1.0,2,0,2,0,0,0,2,0,0,0,1,0,0,1,0,0,0,0,0,9,1,0,0,0,0,0,0,1,0,1,0,0,0,0,11,1,0
/Users/larrymotuzis/Larry_Motuzis_Data/Project06_POI/poi-ooxml/src/main/java/org/apache/poi/xwpf/XWPFParser.java,org.apache.poi.xwpf.XWPFParser,class,4,4,0,4,29,1,0,4,15,0.0,0.0,0.0,6,5,5,1,0,0,5,0,0,0,0,0,0,0,0,0,0,0,1,100,5,0,3,5,0,10,0,3,0,2,2,0,0,0,63,17,0
/Users/larrymotuzis/Larry_Motuzis_Data/Project06_POI/poi-ooxml/src/main/java/org/apache/poi/xddf/usermodel/XDDFEffectContainer.java,org.apache.poi.xddf.usermodel.XDDFEffectContainer,class,3,4,1,3,2,1,0,0,0,0.0,1.0,1.0,2,0,2,0,0,0,2,0,0,0,1,0,0,1,0,0,0,0,0,9,1,0,0,0,0,0,0,1,0,1,0,0,0,0,11,1,0
/Users/larrymotuzis/Larry_Motuzis_Data/Project06_POI/poi-ooxml/src/main/java/org/apache/poi/xssf/streaming/SXSSFWorkbook.java,org.apache.poi.xssf.streaming.SXSSFWorkbook,class,52,65,13,52,130,1,2,130,955,0.90989006,0.39200997,0.552809,91,1,76,1,9,5,90,0,0,0,10,2,1,6,3,0,6,0,3,513,57,8,15,12,6,17,19,59,1,42,6,0,2,1,632,1,3
/Users/larrymotuzis/Larry_Motuzis_Data/Project06_POI/poi-ooxml/src/main/java/org/apache/poi/xssf/usermodel/XSSFEvaluationWorkbook.java,org.apache.poi.xssf.usermodel.XSSFEvaluationWorkbook,class,11,19,8,11,9,2,0,12,13,0.6666667,0.1,0.1,6,1,5,1,0,0,5,0,0,0,1,0,0,1,0,0,1,0,0,32,5,0,1,0,2,0,1,5,0,6,1,0,0,1,31,17,0
/Users/larrymotuzis/Larry_Motuzis_Data/Project06_POI/poi-ooxml/src/main/java/org/apache/poi/xddf/usermodel/chart/XDDFBarChartData.java,org.apache.poi.xddf.usermodel.chart.XDDFBarChartData,class,15,17,2,15,35,3,0,42,0,0.0,1.0,1.0,13,0,10,1,2,0,12,0,0,0,1,0,0,1,0,0,0,0,1,234,7,3,6,0,3,0,5,4,2,4,2,0,1,0,49,1,0
/Users/larrymotuzis/Larry_Motuzis_Data/Project06_POI/poi-ooxml/src/main/java/org/apache/poi/xslf/usermodel/XSLFTableCell.java,org.apache.poi.xslf.usermodel.XSLFTableCell$XSLFCellTextRun,innerclass,17,17,0,17,21,2,0,23,10,0.0,0.0,0.0,5,0,3,2,0,0,3,0,0,0,0,0,0,0,0,0,0,0,1,70,11,0,11,1,2,0,0,14,0,12,3,0,0,0,52,18,0
/Users/larrymotuzis/Larry_Motuzis_Data/Project06_POI/poi-ooxml/src/main/java/org/apache/poi/xddf/usermodel/XDDFPositiveSize2D.java,org.apache.poi.xddf.usermodel.XDDFPositiveSize2D,class,2,3,1,2,8,1,0,2,0,0.41666666,0.8333333,1.0,4,0,3,0,1,0,4,0,0,0,3,0,0,3,0,0,0,0,0,31,4,0,2,0,0,1,2,3,0,3,1,0,0,0,19,1,0
/Users/larrymotuzis/Larry_Motuzis_Data/Project06_POI/poi-ooxml/src/main/java/org/apache/poi/xssf/usermodel/XSSFVBAPart.java,org.apache.poi.xssf.usermodel.XSSFVBAPart,class,2,2,0,2,3,2,0,0,3,0.0,0.0,0.0,3,0,0,0,3,0,3,0,0,0,0,0,0,0,0,0,0,0,0,10,0,0,0,0,0,0,0,0,0,0,0,0,0,0,45,1,0
/Users/larrymotuzis/Larry_Motuzis_Data/Project06_POI/poi-ooxml/src/main/java/org/apache/poi/xdgf/usermodel/section/geometry/RelCubBezTo.java,org.apache.poi.xdgf.usermodel.section.geometry.RelCubBezTo,class,6,7,1,6,27,1,0,15,0,0.725,0.17777778,0.8,10,0,10,0,0,0,10,0,0,0,8,0,0,0,0,8,0,0,6,69,9,1,8,0,0,8,0,11,7,11,2,0,0,0,44,1,0
/Users/larrymotuzis/Larry_Motuzis_Data/Project06_POI/poi-ooxml/src/main/java/org/apache/poi/xslf/draw/geom/XSLFMoveTo.java,org.apache.poi.xslf.draw.geom.XSLFMoveTo,class,6,7,1,6,4,1,0,6,0,0.0,1.0,1.0,3,0,3,0,0,0,3,0,0,0,1,0,0,1,0,0,1,0,0,17,1,0,1,0,0,0,0,3,0,2,1,0,0,0,29,1,0
/Users/larrymotuzis/Larry_Motuzis_Data/Project06_POI/poi-ooxml/src/main/java/org/apache/poi/xssf/usermodel/helpers/ColumnHelper.java,org.apache.poi.xssf.usermodel.helpers.ColumnHelper,class,7,10,3,7,73,1,0,70,394,0.86206895,0.039215688,0.039215688,29,1,17,11,1,0,18,0,0,0,1,0,0,1,0,0,0,0,5,223,27,10,13,0,2,0,33,34,12,33,4,0,0,0,116,1,0
/Users/larrymotuzis/Larry_Motuzis_Data/Project06_POI/poi-ooxml/src/main/java/org/apache/poi/xssf/binary/XSSFBUtils.java,org.apache.poi.xssf.binary.XSSFBUtils,class,4,15,11,4,16,1,0,2,10,0.0,0.0,0.0,5,5,1,0,0,4,5,0,0,0,0,0,0,0,0,0,0,0,0,58,6,0,1,0,2,13,17,12,11,8,1,0,0,0,66,1,0
/Users/larrymotuzis/Larry_Motuzis_Data/Project06_POI/poi-ooxml/src/main/java/org/apache/poi/xdgf/usermodel/section/geometry/PolyLineTo.java,org.apache.poi.xdgf.usermodel.section.geometry.PolyLineTo,class,6,7,1,6,26,1,0,21,0,0.6530612,0.23809524,0.71428573,7,0,7,0,0,0,7,0,0,0,7,2,0,2,0,5,2,0,6,68,6,2,8,0,0,11,14,16,10,15,2,0,0,0,63,1,0
/Users/larrymotuzis/Larry_Motuzis_Data/Project06_POI/poi-ooxml/src/main/java/org/apache/poi/xwpf/usermodel/TOC.java,org.apache.poi.xwpf.usermodel.TOC,class,14,15,1,14,4,1,0,40,0,0.25,0.5,0.5,4,0,4,0,0,0,4,0,0,0,1,0,0,0,0,1,0,0,5,72,1,0,0,0,0,11,4,21,2,15,0,0,0,0,41,1,0
/Users/larrymotuzis/Larry_Motuzis_Data/Project06_POI/poi-ooxml/src/main/java/org/apache/poi/xssf/streaming/SheetDataWriter.java,org.apache.poi.xssf.streaming.SheetDataWriter,class,11,20,9,11,80,1,3,62,170,0.8645833,0.17391305,0.256917,24,1,13,1,4,6,23,0,0,0,8,0,0,7,1,0,2,0,14,322,16,2,13,3,1,81,11,32,3,30,4,0,0,0,219,1,0
/Users/larrymotuzis/Larry_Motuzis_Data/Project06_POI/poi-ooxml/src/main/java/org/apache/poi/xslf/usermodel/XSLFChart.java,org.apache.poi.xslf.usermodel.XSLFChart$Anonymous2,anonymous,1,1,0,1,1,1,0,1,0,0.0,NaN,NaN,1,0,0,0,1,0,1,0,0,0,0,0,0,0,0,0,0,0,0,5,1,0,0,0,0,0,0,0,0,0,0,0,0,0,6,-1,0
/Users/larrymotuzis/Larry_Motuzis_Data/Project06_POI/poi-ooxml/src/main/java/org/apache/poi/xslf/usermodel/XSLFFontData.java,org.apache.poi.xslf.usermodel.XSLFFontData,class,4,5,1,4,6,2,0,5,15,0.0,0.0,0.0,6,0,4,0,2,0,6,0,0,0,0,0,0,0,0,0,0,0,0,23,2,0,0,1,0,2,0,2,0,2,1,0,0,0,62,1,0
/Users/larrymotuzis/Larry_Motuzis_Data/Project06_POI/poi-ooxml/src/main/java/org/apache/poi/xslf/usermodel/XSLFChart.java,org.apache.poi.xslf.usermodel.XSLFChart$Anonymous1,anonymous,1,1,0,1,1,1,0,2,0,0.0,NaN,NaN,1,0,0,0,1,0,1,0,0,0,0,0,0,0,0,0,0,0,0,5,1,0,0,0,0,0,0,0,0,0,0,0,0,0,6,-1,0
/Users/larrymotuzis/Larry_Motuzis_Data/Project06_POI/poi-ooxml/src/main/java/org/apache/poi/xssf/usermodel/XSSFLineBreak.java,org.apache.poi.xssf.usermodel.XSSFLineBreak,class,4,5,1,4,3,2,0,0,1,0.33333334,0.33333334,0.33333334,3,0,1,0,1,1,3,0,0,0,1,0,0,1,0,0,1,0,0,13,1,0,0,0,0,1,0,1,0,1,0,0,0,0,34,0,0
/Users/larrymotuzis/Larry_Motuzis_Data/Project06_POI/poi-ooxml/src/main/java/org/apache/poi/xssf/usermodel/XSSFObjectData.java,org.apache.poi.xssf.usermodel.XSSFObjectData,class,26,28,2,26,20,3,0,53,66,0.9166667,0.0,0.0,12,1,9,0,3,0,12,0,0,0,3,2,0,3,0,0,1,0,0,104,13,0,5,5,1,13,5,24,0,22,2,0,0,0,124,1,1
/Users/larrymotuzis/Larry_Motuzis_Data/Project06_POI/poi-ooxml/src/main/java/org/apache/poi/poifs/crypt/dsig/facets/SignatureFacet.java,org.apache.poi.poifs.crypt.dsig.facets.SignatureFacet,interface,3,11,8,3,2,1,0,0,1,1.0,0.0,0.0,2,0,0,0,0,2,2,0,0,0,6,0,0,0,0,6,0,0,0,12,0,0,0,0,0,3,0,6,0,6,0,0,0,0,77,1,0
/Users/larrymotuzis/Larry_Motuzis_Data/Project06_POI/poi-ooxml/src/main/java/org/apache/poi/xddf/usermodel/text/XDDFTextBody.java,org.apache.poi.xddf.usermodel.text.XDDFTextBody,class,13,23,10,13,130,1,0,83,0,0.4861111,0.892437,0.94285715,36,0,33,1,2,0,35,0,0,0,2,0,0,2,0,0,0,0,6,393,55,1,17,0,0,1,20,30,3,31,3,0,0,1,57,1,0
/Users/larrymotuzis/Larry_Motuzis_Data/Project06_POI/poi-ooxml/src/main/java/org/apache/poi/xssf/usermodel/extensions/XSSFCellBorder.java,org.apache.poi.xssf.usermodel.extensions.XSSFCellBorder$BorderSide,enum,0,0,0,0,0,1,0,0,0,0.0,-1.0,-1.0,0,0,0,0,0,0,0,0,0,0,0,0,0,0,0,0,0,0,0,1,0,0,0,0,0,0,0,0,0,0,0,0,0,0,22,1,0
/Users/larrymotuzis/Larry_Motuzis_Data/Project06_POI/poi-ooxml/src/main/java/org/apache/poi/poifs/crypt/dsig/SignatureLine.java,org.apache.poi.poifs.crypt.dsig.SignatureLine,class,16,19,3,16,54,1,2,103,372,0.8942308,0.10752688,0.32258064,32,0,25,1,6,0,31,1,0,0,13,2,0,12,1,0,2,0,7,271,15,1,16,6,10,29,37,78,30,66,3,0,1,0,235,1025,0
/Users/larrymotuzis/Larry_Motuzis_Data/Project06_POI/poi-ooxml/src/main/java/org/apache/poi/poifs/crypt/dsig/facets/KeyInfoSignatureFacet.java,org.apache.poi.poifs.crypt.dsig.facets.KeyInfoSignatureFacet,class,10,11,1,10,10,1,0,32,0,0.0,NaN,NaN,1,0,1,0,0,0,1,0,0,0,1,1,0,1,0,0,1,0,0,63,0,0,4,1,2,5,5,17,1,17,2,1,0,0,50,1,1
/Users/larrymotuzis/Larry_Motuzis_Data/Project06_POI/poi-ooxml/src/main/java/org/apache/poi/xslf/usermodel/XSLFFontInfo.java,org.apache.poi.xslf.usermodel.XSLFFontInfo,class,15,17,2,15,33,1,0,46,82,0.7291667,0.14285715,0.2,16,2,15,1,0,0,15,0,0,0,3,0,0,0,0,3,3,0,3,164,11,1,0,0,6,1,1,27,0,21,2,0,1,1,92,1,0
/Users/larrymotuzis/Larry_Motuzis_Data/Project06_POI/poi-ooxml/src/main/java/org/apache/poi/xssf/usermodel/XSSFBuiltinTableStyle.java,org.apache.poi.xssf.usermodel.XSSFBuiltinTableStyle$XSSFBuiltinTypeStyleStyle,innerclass,4,4,0,4,5,1,0,3,2,0.5,0.4,0.6,5,0,4,0,1,0,5,0,0,0,2,0,0,2,0,0,2,0,0,20,4,0,0,0,0,0,0,2,0,2,0,0,0,0,21,12,0
/Users/larrymotuzis/Larry_Motuzis_Data/Project06_POI/poi-ooxml/src/main/java/org/apache/poi/xdgf/usermodel/XDGFRelation.java,org.apache.poi.xdgf.usermodel.XDGFRelation,class,3,5,2,3,2,2,0,2,0,0.875,NaN,NaN,2,1,1,1,0,0,1,0,0,0,8,8,7,1,0,0,8,0,0,17,1,0,0,0,0,17,0,8,0,8,0,0,0,0,47,1,0
/Users/larrymotuzis/Larry_Motuzis_Data/Project06_POI/poi-ooxml/src/main/java/org/apache/poi/openxml4j/exceptions/NotOfficeXmlFileException.java,org.apache.poi.openxml4j.exceptions.NotOfficeXmlFileException,class,1,6,5,1,2,2,2,0,1,0.0,0.0,0.0,2,0,2,0,0,0,2,0,0,0,0,0,0,0,0,0,0,0,0,8,0,0,0,0,0,0,0,0,0,0,0,0,0,0,32,1,0
/Users/larrymotuzis/Larry_Motuzis_Data/Project06_POI/poi-ooxml/src/main/java/org/apache/poi/xddf/usermodel/XDDFRelativeRectangle.java,org.apache.poi.xddf.usermodel.XDDFRelativeRectangle,class,3,7,4,3,23,1,0,18,0,0.09090909,0.8181818,0.8181818,11,0,9,0,2,0,11,0,0,0,1,0,0,1,0,0,1,0,0,84,9,0,4,0,0,0,0,1,0,1,2,0,0,0,24,1,0
/Users/larrymotuzis/Larry_Motuzis_Data/Project06_POI/poi-ooxml/src/main/java/org/apache/poi/xssf/eventusermodel/XSSFSheetXMLHandler.java,org.apache.poi.xssf.eventusermodel.XSSFSheetXMLHandler,class,17,19,2,17,102,2,0,50,6,0.7692308,0.6666667,1.0,13,2,6,7,0,0,6,0,0,0,21,1,0,21,0,0,10,0,7,335,12,4,24,3,0,47,18,79,5,45,9,0,3,0,259,1,4
/Users/larrymotuzis/Larry_Motuzis_Data/Project06_POI/poi-ooxml/src/main/java/org/apache/poi/ooxml/util/IdentifierManager.java,org.apache.poi.ooxml.util.IdentifierManager,class,2,5,3,2,43,1,0,15,0,0.46666664,1.0,1.0,6,0,5,1,0,0,5,0,0,0,5,2,2,3,0,0,4,0,0,185,21,3,15,0,0,17,16,33,21,20,4,0,1,0,77,1,0
/Users/larrymotuzis/Larry_Motuzis_Data/Project06_POI/poi-ooxml/src/main/java/org/apache/poi/xdgf/usermodel/XDGFPageSheet.java,org.apache.poi.xdgf.usermodel.XDGFPageSheet,class,3,5,2,3,2,2,0,0,0,0.0,1.0,1.0,2,0,1,0,0,1,2,0,0,0,1,0,0,0,0,1,0,0,0,10,1,0,0,0,0,0,0,1,0,1,0,0,0,0,14,1,0
/Users/larrymotuzis/Larry_Motuzis_Data/Project06_POI/poi-ooxml/src/main/java/org/apache/poi/xslf/usermodel/XSLFHyperlink.java,org.apache.poi.xslf.usermodel.XSLFHyperlink,class,11,14,3,11,42,1,0,29,46,0.5294118,0.26666668,0.26666668,17,0,13,2,0,2,15,0,0,0,2,0,0,2,0,0,2,0,0,125,9,0,7,0,2,15,0,16,2,14,3,0,0,0,57,1,0
/Users/larrymotuzis/Larry_Motuzis_Data/Project06_POI/poi-ooxml/src/main/java/org/apache/poi/xssf/streaming/Zip64Impl.java,org.apache.poi.xssf.streaming.Zip64Impl,class,3,5,2,3,13,1,0,6,0,0.72727275,0.8,1.0,8,0,0,3,0,5,5,0,0,0,11,9,0,11,0,0,10,0,0,102,4,0,0,0,29,0,62,21,17,14,1,0,1,0,88,0,0
/Users/larrymotuzis/Larry_Motuzis_Data/Project06_POI/poi-ooxml/src/main/java/org/apache/poi/xssf/usermodel/XSSFGraphicFrame.java,org.apache.poi.xssf.usermodel.XSSFGraphicFrame,class,18,21,3,18,23,2,0,41,33,0.6666667,0.26923078,0.26923078,15,1,7,2,6,0,13,0,0,0,2,1,0,2,0,0,1,0,0,93,8,1,5,1,1,7,6,21,0,19,5,0,0,0,115,17,0
/Users/larrymotuzis/Larry_Motuzis_Data/Project06_POI/poi-ooxml/src/main/java/org/apache/poi/openxml4j/opc/PackagePartName.java,org.apache.poi.openxml4j.opc.PackagePartName,class,3,42,39,3,91,1,0,36,215,0.9090909,0.121212125,0.15151516,22,11,10,10,0,2,12,0,0,0,5,3,0,5,0,0,5,0,20,204,19,5,22,1,15,32,29,33,22,30,3,0,0,0,252,17,0
/Users/larrymotuzis/Larry_Motuzis_Data/Project06_POI/poi-ooxml/src/main/java/org/apache/poi/poifs/crypt/dsig/services/RelationshipTransformService.java,org.apache.poi.poifs.crypt.dsig.services.RelationshipTransformService$POIXmlDsigProvider,innerclass,2,2,0,2,1,5,0,2,0,0.5,-1.0,-1.0,1,0,0,1,0,0,0,0,0,0,2,2,0,1,0,1,2,0,0,9,0,0,0,0,0,6,2,2,2,2,0,0,0,0,27,26,0
/Users/larrymotuzis/Larry_Motuzis_Data/Project06_POI/poi-ooxml/src/main/java/org/apache/poi/xddf/usermodel/RectangleAlignment.java,org.apache.poi.xddf.usermodel.RectangleAlignment,enum,2,4,2,2,4,1,0,3,0,0.25,0.0,0.0,2,1,0,0,0,2,3,0,0,0,2,1,0,1,0,1,2,0,1,14,1,1,0,0,0,0,0,2,0,2,1,0,0,0,24,1,0
/Users/larrymotuzis/Larry_Motuzis_Data/Project06_POI/poi-ooxml/src/main/java/org/apache/poi/xddf/usermodel/PenAlignment.java,org.apache.poi.xddf.usermodel.PenAlignment,enum,2,4,2,2,4,1,0,3,0,0.25,0.0,0.0,2,1,0,0,0,2,3,0,0,0,2,1,0,1,0,1,2,0,1,14,1,1,0,0,0,0,0,2,0,2,1,0,0,0,18,1,0
/Users/larrymotuzis/Larry_Motuzis_Data/Project06_POI/poi-ooxml/src/main/java/org/apache/poi/xddf/usermodel/chart/ErrorBarType.java,org.apache.poi.xddf.usermodel.chart.ErrorBarType,enum,2,4,2,2,4,1,0,3,0,0.25,0.0,0.0,2,1,0,0,0,2,3,0,0,0,2,1,0,1,0,1,2,0,1,14,1,1,0,0,0,0,0,2,0,2,1,0,0,0,21,1,0
/Users/larrymotuzis/Larry_Motuzis_Data/Project06_POI/poi-ooxml/src/main/java/org/apache/poi/xslf/usermodel/XSLFPropertiesDelegate.java,org.apache.poi.xslf.usermodel.XSLFPropertiesDelegate$ShapeDelegate,innerclass,15,15,0,15,54,1,0,50,0,0.055555556,0.8909853,0.8909853,54,0,53,0,0,1,54,0,0,0,1,0,0,0,0,1,1,0,0,165,33,0,0,0,0,0,0,1,0,1,0,0,0,0,55,10,0
/Users/larrymotuzis/Larry_Motuzis_Data/Project06_POI/poi-ooxml/src/main/java/org/apache/poi/xssf/usermodel/XSSFShape.java,org.apache.poi.xssf.usermodel.XSSFShape,class,11,24,13,11,17,1,5,18,45,0.8999999,0.0,0.0,10,0,9,0,1,0,10,1,0,0,3,0,0,0,3,0,0,0,0,51,4,0,0,0,1,0,1,13,2,16,1,0,0,0,65,1025,0
/Users/larrymotuzis/Larry_Motuzis_Data/Project06_POI/poi-ooxml/src/main/java/org/apache/poi/xwpf/usermodel/PositionInParagraph.java,org.apache.poi.xwpf.usermodel.PositionInParagraph,class,0,2,2,0,8,1,0,0,10,0.625,0.32142857,0.75,8,0,8,0,0,0,8,0,0,0,1,0,0,1,0,0,0,0,0,28,3,0,0,0,0,0,0,6,0,3,0,0,0,0,21,1,0
/Users/larrymotuzis/Larry_Motuzis_Data/Project06_POI/poi-ooxml/src/main/java/org/apache/poi/xssf/model/CalculationChain.java,org.apache.poi.xssf.model.CalculationChain,class,6,9,3,6,15,2,0,18,1,0.2857143,0.47619048,0.47619048,7,0,6,0,1,0,7,0,0,0,1,0,0,1,0,0,0,0,0,50,1,1,1,3,0,0,5,11,3,9,3,0,0,0,75,1,0
/Users/larrymotuzis/Larry_Motuzis_Data/Project06_POI/poi-ooxml/src/main/java/org/apache/poi/xssf/usermodel/XSSFAutoFilter.java,org.apache.poi.xssf.usermodel.XSSFAutoFilter,class,2,3,1,2,1,1,0,0,0,0.0,NaN,NaN,1,0,0,0,0,1,1,0,0,0,1,0,0,1,0,0,0,0,0,6,0,0,0,0,0,0,0,1,0,1,0,0,0,0,12,17,0
/Users/larrymotuzis/Larry_Motuzis_Data/Project06_POI/poi-ooxml/src/main/java/org/apache/poi/xddf/usermodel/chart/XDDFCategoryAxis.java,org.apache.poi.xddf.usermodel.chart.XDDFCategoryAxis,class,21,24,3,21,34,2,0,56,0,0.25925925,0.52615386,0.52615386,27,0,17,1,9,0,26,0,0,0,1,0,0,1,0,0,0,0,0,142,21,0,1,0,0,0,0,13,0,8,1,0,0,0,72,1,0
/Users/larrymotuzis/Larry_Motuzis_Data/Project06_POI/poi-ooxml/src/main/java/org/apache/poi/xwpf/usermodel/XWPFDefaultRunStyle.java,org.apache.poi.xwpf.usermodel.XWPFDefaultRunStyle,class,4,6,2,4,9,1,0,10,4,0.4,0.16666667,0.16666667,5,0,4,1,0,0,4,0,0,0,1,0,0,1,0,0,0,0,3,20,4,0,3,0,1,1,6,3,0,3,0,0,0,0,60,1,0
/Users/larrymotuzis/Larry_Motuzis_Data/Project06_POI/poi-ooxml/src/main/java/org/apache/poi/ooxml/POIXMLTypeLoader.java,org.apache.poi.ooxml.POIXMLTypeLoader,class,1,1,0,1,1,1,0,11,0,NaN,NaN,NaN,0,0,0,0,0,0,1,0,0,0,5,5,1,4,0,0,5,0,1,37,0,0,0,0,0,31,1,6,0,6,0,0,0,0,31,1,0
/Users/larrymotuzis/Larry_Motuzis_Data/Project06_POI/poi-ooxml/src/main/java/org/apache/poi/xssf/usermodel/TextAutofit.java,org.apache.poi.xssf.usermodel.TextAutofit,enum,0,1,1,0,0,1,0,0,0,0.0,-1.0,-1.0,0,0,0,0,0,0,0,0,0,0,0,0,0,0,0,0,0,0,0,4,0,0,0,0,0,0,0,0,0,0,0,0,0,0,71,1,0
/Users/larrymotuzis/Larry_Motuzis_Data/Project06_POI/poi-ooxml/src/main/java/org/apache/poi/xslf/model/TextBodyPropertyFetcher.java,org.apache.poi.xslf.model.TextBodyPropertyFetcher,class,6,8,2,6,6,2,0,5,3,0.6666667,0.0,0.0,3,1,2,1,0,0,2,1,0,0,2,2,0,2,0,0,2,0,0,19,3,0,2,1,2,2,0,5,0,4,1,0,0,0,35,1025,0
/Users/larrymotuzis/Larry_Motuzis_Data/Project06_POI/poi-ooxml/src/main/java/org/apache/poi/ooxml/POIXMLRelation.java,org.apache.poi.ooxml.POIXMLRelation$ParentPartConstructor,interface,3,3,0,3,1,1,0,0,0,0.0,NaN,NaN,1,0,0,0,0,1,1,0,0,0,0,0,0,0,0,0,0,0,0,3,0,0,0,0,0,0,0,0,0,0,0,0,0,0,15,1,0
/Users/larrymotuzis/Larry_Motuzis_Data/Project06_POI/poi-ooxml/src/main/java/org/apache/poi/xwpf/usermodel/XWPFTableRow.java,org.apache.poi.xwpf.usermodel.XWPFTableRow,class,15,26,11,15,49,1,0,48,70,0.63492066,0.33333334,0.43137255,21,0,18,3,0,0,18,0,0,0,3,0,0,3,0,0,2,0,6,141,16,4,7,1,3,1,19,30,0,27,3,0,0,0,174,1,0
/Users/larrymotuzis/Larry_Motuzis_Data/Project06_POI/poi-ooxml/src/main/java/org/apache/poi/xdgf/usermodel/XDGFPage.java,org.apache.poi.xdgf.usermodel.XDGFPage,class,11,18,7,11,15,1,0,16,17,0.7,0.31111112,0.8,10,0,9,0,1,0,10,0,0,0,4,0,0,1,3,0,0,0,4,51,9,0,4,0,0,5,3,14,1,12,1,0,0,0,63,1,0
/Users/larrymotuzis/Larry_Motuzis_Data/Project06_POI/poi-ooxml/src/main/java/org/apache/poi/xssf/usermodel/XSSFBorderFormatting.java,org.apache.poi.xssf.usermodel.XSSFBorderFormatting,class,10,13,3,10,92,1,0,60,564,0.7075472,0.33142856,0.33142856,53,0,49,3,0,1,50,0,0,0,2,0,0,0,0,2,0,0,8,250,25,0,25,0,1,0,9,31,8,31,1,0,0,0,45,1,0
/Users/larrymotuzis/Larry_Motuzis_Data/Project06_POI/poi-ooxml/src/main/java/org/apache/poi/xddf/usermodel/chart/XDDFArea3DChartData.java,org.apache.poi.xddf.usermodel.chart.XDDFArea3DChartData,class,14,16,2,14,24,3,0,34,0,0.0,1.0,1.0,9,0,6,1,2,0,8,0,0,0,1,0,0,1,0,0,0,0,1,163,4,3,4,0,0,0,2,4,1,4,2,0,1,0,39,1,0
/Users/larrymotuzis/Larry_Motuzis_Data/Project06_POI/poi-ooxml/src/main/java/org/apache/poi/xddf/usermodel/text/StrikeType.java,org.apache.poi.xddf.usermodel.text.StrikeType,enum,2,5,3,2,4,1,0,3,0,0.25,0.0,0.0,2,1,0,0,0,2,3,0,0,0,2,1,0,1,0,1,2,0,1,14,1,1,0,0,0,0,0,2,0,2,1,0,0,0,23,1,0
/Users/larrymotuzis/Larry_Motuzis_Data/Project06_POI/poi-ooxml/src/main/java/org/apache/poi/xssf/streaming/SXSSFDrawing.java,org.apache.poi.xssf.streaming.SXSSFDrawing,class,10,11,1,10,7,1,0,7,0,0.35714287,1.0,1.0,7,0,7,0,0,0,7,0,0,0,2,0,0,2,0,0,2,0,0,27,6,0,0,0,0,0,0,3,0,3,0,0,0,0,44,1,0
/Users/larrymotuzis/Larry_Motuzis_Data/Project06_POI/poi-ooxml/src/main/java/org/apache/poi/xddf/usermodel/text/AnchorType.java,org.apache.poi.xddf.usermodel.text.AnchorType,enum,2,4,2,2,4,1,0,3,0,0.25,0.0,0.0,2,1,0,0,0,2,3,0,0,0,2,1,0,1,0,1,2,0,1,14,1,1,0,0,0,0,0,2,0,2,1,0,0,0,24,1,0
/Users/larrymotuzis/Larry_Motuzis_Data/Project06_POI/poi-ooxml/src/main/java/org/apache/poi/xddf/usermodel/chart/XDDFChart.java,org.apache.poi.xddf.usermodel.chart.XDDFChart,class,74,93,19,74,184,2,1,215,2010,0.9641025,0.018867925,0.04821803,65,0,44,11,10,0,54,3,0,0,9,4,4,3,2,0,5,0,5,617,57,41,27,8,2,3,66,131,20,117,5,0,0,0,337,1025,0
/Users/larrymotuzis/Larry_Motuzis_Data/Project06_POI/poi-ooxml/src/main/java/org/apache/poi/openxml4j/exceptions/PartAlreadyExistsException.java,org.apache.poi.openxml4j.exceptions.PartAlreadyExistsException,class,1,3,2,1,1,6,0,0,0,0.0,NaN,NaN,1,0,1,0,0,0,1,0,0,0,0,0,0,0,0,0,0,0,0,5,0,0,0,0,0,1,0,0,0,0,0,0,0,0,19,17,0
/Users/larrymotuzis/Larry_Motuzis_Data/Project06_POI/poi-ooxml/src/main/java/org/apache/poi/xddf/usermodel/XDDFGroupFillProperties.java,org.apache.poi.xddf.usermodel.XDDFGroupFillProperties,class,4,6,2,4,3,1,0,1,1,0.33333334,0.33333334,0.33333334,3,0,2,0,1,0,3,0,0,0,1,0,0,1,0,0,0,0,0,12,1,0,0,0,0,0,0,1,0,1,0,0,0,0,13,1,0
/Users/larrymotuzis/Larry_Motuzis_Data/Project06_POI/poi-ooxml/src/main/java/org/apache/poi/xssf/usermodel/IndexedColorMap.java,org.apache.poi.xssf.usermodel.IndexedColorMap,interface,1,16,15,1,1,1,0,0,0,0.0,NaN,NaN,1,0,0,0,0,1,1,0,0,0,0,0,0,0,0,0,0,0,0,3,0,0,0,0,0,0,0,0,0,0,0,0,0,0,28,1,0
/Users/larrymotuzis/Larry_Motuzis_Data/Project06_POI/poi-ooxml/src/main/java/org/apache/poi/xddf/usermodel/XDDFScene3D.java,org.apache.poi.xddf.usermodel.XDDFScene3D,class,3,4,1,3,2,1,0,0,0,0.0,1.0,1.0,2,0,1,0,1,0,2,0,0,0,1,0,0,1,0,0,0,0,0,9,1,0,0,0,0,0,0,1,0,1,0,0,0,0,10,1,0
/Users/larrymotuzis/Larry_Motuzis_Data/Project06_POI/poi-ooxml/src/main/java/org/apache/poi/xssf/model/Themes.java,org.apache.poi.xssf.model.Themes,interface,1,2,1,1,2,1,0,0,1,0.0,0.0,0.0,2,0,0,0,0,2,2,0,0,0,0,0,0,0,0,0,0,0,0,4,0,0,0,0,0,0,0,0,0,0,0,0,0,0,41,1,0
/Users/larrymotuzis/Larry_Motuzis_Data/Project06_POI/poi-ooxml/src/main/java/org/apache/poi/xdgf/usermodel/shape/ShapeVisitorAcceptor.java,org.apache.poi.xdgf.usermodel.shape.ShapeVisitorAcceptor,interface,1,6,5,1,1,1,0,0,0,0.0,NaN,NaN,1,0,1,0,0,0,1,0,0,0,0,0,0,0,0,0,0,0,0,3,0,0,0,0,0,0,0,0,0,0,0,0,0,0,9,1,0
/Users/larrymotuzis/Larry_Motuzis_Data/Project06_POI/poi-ooxml/src/main/java/org/apache/poi/xslf/usermodel/XSLFPropertiesDelegate.java,org.apache.poi.xslf.usermodel.XSLFPropertiesDelegate$TextCharDelegate,innerclass,9,9,0,9,34,1,0,30,0,0.0882353,0.82887703,0.82887703,34,0,33,0,0,1,34,0,0,0,1,0,0,0,0,1,1,0,0,105,21,0,0,0,0,0,0,1,0,1,0,0,0,0,42,10,0
/Users/larrymotuzis/Larry_Motuzis_Data/Project06_POI/poi-ooxml/src/main/java/org/apache/poi/xwpf/model/XWPFHeaderFooterPolicy.java,org.apache.poi.xwpf.model.XWPFHeaderFooterPolicy,class,33,36,3,33,59,1,0,89,240,0.8409092,0.15204678,0.21052632,28,0,19,9,0,0,19,0,0,0,11,3,3,8,0,0,3,0,2,294,29,4,21,2,1,30,21,73,5,61,2,0,0,0,212,1,0
/Users/larrymotuzis/Larry_Motuzis_Data/Project06_POI/poi-ooxml/src/main/java/org/apache/poi/xssf/model/ExternalLinksTable.java,org.apache.poi.xssf.model.ExternalLinksTable$ExternalName,innerclass,4,4,0,4,16,1,0,11,49,0.5,0.23076923,0.23076923,14,0,13,0,1,0,14,0,0,0,1,0,0,1,0,0,1,0,0,54,10,0,0,0,0,2,3,2,1,2,1,0,0,0,30,4,0
/Users/larrymotuzis/Larry_Motuzis_Data/Project06_POI/poi-ooxml/src/main/java/org/apache/poi/xwpf/usermodel/IBody.java,org.apache.poi.xwpf.usermodel.IBody,interface,11,24,13,11,14,1,0,0,91,0.0,0.0,0.0,14,0,0,0,0,14,14,0,0,0,0,0,0,0,0,0,0,0,0,16,0,0,0,0,0,0,0,0,0,0,0,0,0,0,112,1,0
/Users/larrymotuzis/Larry_Motuzis_Data/Project06_POI/poi-ooxml/src/main/java/org/apache/poi/openxml4j/opc/internal/marshallers/PackagePropertiesMarshaller.java,org.apache.poi.openxml4j.opc.internal.marshallers.PackagePropertiesMarshaller$NamespaceImpl,innerclass,0,0,0,0,3,1,0,0,0,0.33333334,0.6666667,1.0,3,0,2,0,0,1,3,0,0,0,2,0,0,2,0,0,2,0,0,14,2,0,0,0,0,0,0,2,0,2,0,0,0,0,9,10,0
/Users/larrymotuzis/Larry_Motuzis_Data/Project06_POI/poi-ooxml/src/main/java/org/apache/poi/xssf/streaming/GZIPSheetDataWriter.java,org.apache.poi.xssf.streaming.GZIPSheetDataWriter,class,3,4,1,3,5,2,0,1,10,0.0,0.0,0.0,5,0,3,0,2,0,5,0,0,0,0,0,0,0,0,0,0,0,0,17,3,0,0,0,0,3,0,0,0,0,0,0,0,0,53,1,0
/Users/larrymotuzis/Larry_Motuzis_Data/Project06_POI/poi-ooxml/src/main/java/org/apache/poi/xslf/usermodel/XSLFGraphicFrame.java,org.apache.poi.xslf.usermodel.XSLFGraphicFrame,class,31,37,6,31,51,2,3,69,178,0.875,0.025,0.025,20,2,13,4,0,3,16,0,0,0,2,2,0,2,0,0,2,0,2,204,20,0,19,4,4,25,9,62,4,61,4,0,0,0,154,1,1
/Users/larrymotuzis/Larry_Motuzis_Data/Project06_POI/poi-ooxml/src/main/java/org/apache/poi/xslf/draw/geom/XSLFGuide.java,org.apache.poi.xslf.draw.geom.XSLFGuide,class,3,5,2,3,5,1,1,4,0,0.0,1.0,1.0,5,0,5,0,0,0,5,0,0,0,1,0,0,0,0,1,1,0,0,18,2,0,0,0,0,0,0,1,0,1,0,0,0,0,22,1,0
/Users/larrymotuzis/Larry_Motuzis_Data/Project06_POI/poi-ooxml/src/main/java/org/apache/poi/xssf/model/ThemesTable.java,org.apache.poi.xssf.model.ThemesTable$ThemeElement,enum,1,1,0,1,4,1,0,1,1,0.5,1.0,1.0,2,1,1,0,0,1,2,0,0,0,2,0,2,0,0,0,2,0,2,11,2,0,0,0,0,12,14,2,0,2,1,0,0,0,29,1,0
/Users/larrymotuzis/Larry_Motuzis_Data/Project06_POI/poi-ooxml/src/main/java/org/apache/poi/xddf/usermodel/CompoundLine.java,org.apache.poi.xddf.usermodel.CompoundLine,enum,2,4,2,2,4,1,0,3,0,0.25,0.0,0.0,2,1,0,0,0,2,3,0,0,0,2,1,0,1,0,1,2,0,1,14,1,1,0,0,0,0,0,2,0,2,1,0,0,0,28,1,0
/Users/larrymotuzis/Larry_Motuzis_Data/Project06_POI/poi-ooxml/src/main/java/org/apache/poi/openxml4j/util/ZipEntrySource.java,org.apache.poi.openxml4j.util.ZipEntrySource,interface,1,10,9,1,5,1,0,0,10,0.0,0.0,0.0,5,0,0,0,0,5,5,0,0,0,0,0,0,0,0,0,0,0,0,7,0,0,0,0,0,0,0,0,0,0,0,0,0,0,72,1,0
/Users/larrymotuzis/Larry_Motuzis_Data/Project06_POI/poi-ooxml/src/main/java/org/apache/poi/xwpf/usermodel/XWPFDefaultParagraphStyle.java,org.apache.poi.xwpf.usermodel.XWPFDefaultParagraphStyle,class,2,3,1,2,4,1,0,5,0,0.0,1.0,1.0,3,0,3,0,0,0,3,0,0,0,1,0,0,1,0,0,1,0,1,12,2,0,0,0,0,0,1,1,0,1,0,0,0,0,34,1,0
/Users/larrymotuzis/Larry_Motuzis_Data/Project06_POI/poi-ooxml/src/main/java/org/apache/poi/xddf/usermodel/chart/XDDFNumericalDataSource.java,org.apache.poi.xddf.usermodel.chart.XDDFNumericalDataSource,interface,3,38,35,3,2,1,0,0,1,0.0,0.0,0.0,2,0,0,0,0,2,2,0,0,0,0,0,0,0,0,0,0,0,0,6,1,0,0,0,0,0,0,0,0,0,0,0,0,0,8,1,0
/Users/larrymotuzis/Larry_Motuzis_Data/Project06_POI/poi-ooxml/src/main/java/org/apache/poi/xdgf/usermodel/XDGFStyleSheet.java,org.apache.poi.xdgf.usermodel.XDGFStyleSheet,class,4,7,3,4,2,2,0,0,1,0.0,0.0,0.0,2,0,2,0,0,0,2,0,0,0,0,0,0,0,0,0,0,0,0,8,1,0,0,0,0,0,0,0,0,0,0,0,0,0,13,1,0
/Users/larrymotuzis/Larry_Motuzis_Data/Project06_POI/poi-ooxml/src/main/java/org/apache/poi/xddf/usermodel/text/XDDFBulletStyleNone.java,org.apache.poi.xddf.usermodel.text.XDDFBulletStyleNone,class,4,5,1,4,2,1,0,0,0,0.0,1.0,1.0,2,0,0,0,2,0,2,0,0,0,1,0,0,1,0,0,0,0,0,9,1,0,0,0,0,0,0,1,0,1,0,0,0,0,14,1,0
/Users/larrymotuzis/Larry_Motuzis_Data/Project06_POI/poi-ooxml/src/main/java/org/apache/poi/ooxml/POIXMLProperties.java,org.apache.poi.ooxml.POIXMLProperties$ExtendedProperties,innerclass,2,2,0,2,56,1,0,55,0,0.0,1.0,1.0,38,0,37,1,0,0,37,0,0,0,1,0,0,1,0,0,1,0,0,171,37,0,0,0,0,0,11,1,0,1,1,0,0,0,53,9,0
/Users/larrymotuzis/Larry_Motuzis_Data/Project06_POI/poi-ooxml/src/main/java/org/apache/poi/xwpf/usermodel/XWPFRun.java,org.apache.poi.xwpf.usermodel.XWPFRun,class,86,99,13,86,318,1,2,259,4951,0.9398058,0.033114035,0.055482455,103,2,94,7,1,1,96,0,0,0,5,0,0,5,0,0,5,0,45,863,71,14,74,7,17,63,154,224,15,201,5,0,1,0,562,1,0
/Users/larrymotuzis/Larry_Motuzis_Data/Project06_POI/poi-ooxml/src/main/java/org/apache/poi/openxml4j/opc/internal/marshallers/ZipPackagePropertiesMarshaller.java,org.apache.poi.openxml4j.opc.internal.marshallers.ZipPackagePropertiesMarshaller,class,8,9,1,8,3,2,0,10,0,0.0,NaN,NaN,1,0,1,0,0,0,1,0,0,0,0,0,0,0,0,0,0,0,3,23,1,0,0,2,1,1,0,2,0,2,2,0,0,0,30,17,0
/Users/larrymotuzis/Larry_Motuzis_Data/Project06_POI/poi-ooxml/src/main/java/org/apache/poi/xddf/usermodel/XDDFGradientStop.java,org.apache.poi.xddf.usermodel.XDDFGradientStop,class,16,17,1,16,25,1,0,28,0,0.0,1.0,1.0,6,0,4,0,2,0,6,0,0,0,1,0,0,1,0,0,0,0,0,77,10,0,1,0,0,0,0,1,0,1,1,0,0,0,28,1,0
/Users/larrymotuzis/Larry_Motuzis_Data/Project06_POI/poi-ooxml/src/main/java/org/apache/poi/ooxml/POIXMLProperties.java,org.apache.poi.ooxml.POIXMLProperties$CustomProperties,innerclass,4,4,0,4,19,1,0,17,25,0.75757575,0.16666667,0.16666667,11,0,7,2,2,0,9,0,0,0,3,1,1,2,0,0,2,0,0,65,8,3,1,0,0,3,2,14,2,12,2,0,0,0,106,9,0
/Users/larrymotuzis/Larry_Motuzis_Data/Project06_POI/poi-ooxml/src/main/java/org/apache/poi/xssf/streaming/AutoSizeColumnTracker.java,org.apache.poi.xssf.streaming.AutoSizeColumnTracker,class,7,9,2,7,32,1,0,30,34,0.74509805,0.42857143,0.50549453,17,0,14,3,0,0,14,0,0,0,6,0,0,6,0,0,4,0,3,137,11,5,3,0,1,9,2,22,4,19,3,0,1,0,188,0,0
/Users/larrymotuzis/Larry_Motuzis_Data/Project06_POI/poi-ooxml/src/main/java/org/apache/poi/xssf/eventusermodel/XSSFReader.java,org.apache.poi.xssf.eventusermodel.XSSFReader$SheetIterator,innerclass,18,18,0,18,27,1,0,36,35,0.6969697,0.18181819,0.27272728,11,0,7,0,4,0,11,0,0,0,3,0,0,0,3,0,2,0,3,123,12,3,4,5,0,7,2,29,1,29,3,0,0,0,152,9,3
/Users/larrymotuzis/Larry_Motuzis_Data/Project06_POI/poi-ooxml/src/main/java/org/apache/poi/xddf/usermodel/chart/XDDFDataSourcesFactory.java,org.apache.poi.xddf.usermodel.chart.XDDFDataSourcesFactory$AbstractArrayDataSource,innerclass,2,2,0,2,11,1,0,4,4,0.5925926,0.33333334,0.5833333,9,0,9,0,0,0,9,0,0,0,3,0,0,3,0,0,2,0,0,41,7,0,2,0,1,1,1,7,0,4,1,0,0,0,37,1034,0
/Users/larrymotuzis/Larry_Motuzis_Data/Project06_POI/poi-ooxml/src/main/java/org/apache/poi/xslf/usermodel/XSLFSlideShowFactory.java,org.apache.poi.xslf.usermodel.XSLFSlideShowFactory,class,8,9,1,8,15,1,0,10,21,0.0,0.0,0.0,7,1,7,0,0,0,7,0,0,0,0,0,0,0,0,0,0,0,2,62,10,0,4,6,0,2,0,10,0,10,2,0,0,0,84,1,0
/Users/larrymotuzis/Larry_Motuzis_Data/Project06_POI/poi-ooxml/src/main/java/org/apache/poi/xssf/binary/XSSFBRecordType.java,org.apache.poi.xssf.binary.XSSFBRecordType,enum,2,11,9,2,6,1,0,4,0,0.33333334,0.5,0.5,3,1,2,0,0,1,4,0,0,0,2,1,0,2,0,0,2,0,1,21,3,1,1,0,0,0,41,3,0,3,1,0,0,0,65,1,0
/Users/larrymotuzis/Larry_Motuzis_Data/Project06_POI/poi-ooxml/src/main/java/org/apache/poi/xslf/util/OutputFormat.java,org.apache.poi.xslf.util.OutputFormat,interface,2,7,5,2,3,1,0,0,3,0.0,0.0,0.0,3,0,0,0,0,3,3,0,0,0,0,0,0,0,0,0,0,0,0,6,0,0,0,0,0,0,0,0,0,0,0,0,0,0,24,0,0
/Users/larrymotuzis/Larry_Motuzis_Data/Project06_POI/poi-ooxml/src/main/java/org/apache/poi/xwpf/usermodel/ICell.java,org.apache.poi.xwpf.usermodel.ICell,interface,0,5,5,0,0,1,0,0,0,0.0,-1.0,-1.0,0,0,0,0,0,0,0,0,0,0,0,0,0,0,0,0,0,0,0,2,0,0,0,0,0,0,0,0,0,0,0,0,0,0,24,1,0
/Users/larrymotuzis/Larry_Motuzis_Data/Project06_POI/poi-ooxml/src/main/java/org/apache/poi/xssf/usermodel/XSSFRangeCopier.java,org.apache.poi.xssf.usermodel.XSSFRangeCopier,class,7,7,0,7,4,2,0,8,3,0.0,0.0,0.0,3,0,2,0,1,0,3,0,0,0,0,0,0,0,0,0,0,0,1,15,0,0,0,0,0,0,1,4,0,4,1,0,0,0,24,1,0
/Users/larrymotuzis/Larry_Motuzis_Data/Project06_POI/poi-ooxml/src/main/java/org/apache/poi/xddf/usermodel/text/XDDFBulletStyleCharacter.java,org.apache.poi.xddf.usermodel.text.XDDFBulletStyleCharacter,class,4,5,1,4,4,1,0,2,0,0.0,1.0,1.0,4,0,2,0,2,0,4,0,0,0,1,0,0,1,0,0,0,0,0,15,2,0,0,0,0,0,0,1,0,1,0,0,0,0,16,1,0
/Users/larrymotuzis/Larry_Motuzis_Data/Project06_POI/poi-ooxml/src/main/java/org/apache/poi/xssf/usermodel/XSSFTableStyleInfo.java,org.apache.poi.xssf.usermodel.XSSFTableStyleInfo,class,4,6,2,4,12,1,0,11,10,0.71428573,0.42424244,1.0,12,0,12,0,0,0,12,0,0,0,7,0,0,7,0,0,2,0,0,56,6,0,0,0,0,0,0,12,0,7,0,0,0,0,36,1,0
/Users/larrymotuzis/Larry_Motuzis_Data/Project06_POI/poi-ooxml/src/main/java/org/apache/poi/xssf/usermodel/XSSFDataFormat.java,org.apache.poi.xssf.usermodel.XSSFDataFormat,class,2,7,5,2,6,1,0,4,0,0.0,1.0,1.0,4,0,3,0,1,0,4,0,0,0,1,0,0,1,0,0,1,0,0,19,2,0,2,0,0,0,1,5,0,3,1,0,0,0,89,1,0
/Users/larrymotuzis/Larry_Motuzis_Data/Project06_POI/poi-ooxml/src/main/java/org/apache/poi/xssf/usermodel/XSSFAnchor.java,org.apache.poi.xssf.usermodel.XSSFAnchor,class,1,7,6,1,0,1,2,0,0,0.0,-1.0,-1.0,0,0,0,0,0,0,0,0,0,0,0,0,0,0,0,0,0,0,0,2,0,0,0,0,0,0,0,0,0,0,0,0,0,0,21,1025,0
/Users/larrymotuzis/Larry_Motuzis_Data/Project06_POI/poi-ooxml/src/main/java/org/apache/poi/xssf/usermodel/XSSFFontFormatting.java,org.apache.poi.xssf.usermodel.XSSFFontFormatting,class,11,13,2,11,37,1,0,44,0,0.4375,1.0,1.0,16,0,15,0,0,1,16,0,0,0,2,0,0,2,0,0,0,0,2,101,17,0,13,0,2,0,27,11,4,10,1,0,0,0,97,1,0
/Users/larrymotuzis/Larry_Motuzis_Data/Project06_POI/poi-ooxml/src/main/java/org/apache/poi/poifs/crypt/dsig/SignatureInfo.java,org.apache.poi.poifs.crypt.dsig.SignatureInfo$SignaturePartIterator,innerclass,7,7,0,7,11,1,0,12,2,0.5,0.33333334,0.33333334,4,0,3,1,0,0,3,0,0,0,3,0,0,2,0,1,0,0,0,44,3,2,2,2,0,4,0,5,0,4,3,0,0,0,33,18,4
/Users/larrymotuzis/Larry_Motuzis_Data/Project06_POI/poi-ooxml/src/main/java/org/apache/poi/xddf/usermodel/chart/ErrorValueType.java,org.apache.poi.xddf.usermodel.chart.ErrorValueType,enum,2,4,2,2,4,1,0,3,0,0.25,0.0,0.0,2,1,0,0,0,2,3,0,0,0,2,1,0,1,0,1,2,0,1,14,1,1,0,0,0,0,0,2,0,2,1,0,0,0,28,1,0
/Users/larrymotuzis/Larry_Motuzis_Data/Project06_POI/poi-ooxml/src/main/java/org/apache/poi/xddf/usermodel/XDDFSolidFillProperties.java,org.apache.poi.xddf.usermodel.XDDFSolidFillProperties,class,18,23,5,18,25,1,0,27,3,0.33333334,0.4,0.4,6,0,6,0,0,0,6,0,0,0,1,0,0,1,0,0,0,0,0,78,9,0,1,0,0,0,0,1,0,1,1,0,0,0,28,1,0
/Users/larrymotuzis/Larry_Motuzis_Data/Project06_POI/poi-ooxml/src/main/java/org/apache/poi/ooxml/POIXMLDocumentPart.java,org.apache.poi.ooxml.POIXMLDocumentPart,class,18,82,64,18,88,1,27,81,727,0.89244187,0.08974359,0.1474359,43,2,25,3,12,3,40,0,21,0,8,1,0,8,0,0,3,0,10,335,34,6,19,4,3,13,12,55,4,44,5,0,1,0,377,1,2
/Users/larrymotuzis/Larry_Motuzis_Data/Project06_POI/poi-ooxml/src/main/java/org/apache/poi/xssf/usermodel/helpers/XSSFColumnShifter.java,org.apache.poi.xssf.usermodel.helpers.XSSFColumnShifter,class,5,6,1,5,5,2,0,4,10,0.0,0.0,0.0,5,0,5,0,0,0,5,0,0,0,0,0,0,0,0,0,0,0,4,17,0,0,0,0,0,0,0,0,0,0,0,0,0,0,25,17,0
/Users/larrymotuzis/Larry_Motuzis_Data/Project06_POI/poi-ooxml/src/main/java/org/apache/poi/ooxml/POIXMLRelation.java,org.apache.poi.ooxml.POIXMLRelation$NoArgConstructor,interface,2,2,0,2,1,1,0,0,0,0.0,NaN,NaN,1,0,0,0,0,1,1,0,0,0,0,0,0,0,0,0,0,0,0,3,0,0,0,0,0,0,0,0,0,0,0,0,0,0,12,1,0
/Users/larrymotuzis/Larry_Motuzis_Data/Project06_POI/poi-ooxml/src/main/java/org/apache/poi/ooxml/util/DocumentHelper.java,org.apache.poi.ooxml.util.DocumentHelper,class,4,18,14,4,7,1,0,9,21,0.85714287,0.0,0.0,7,6,6,1,0,0,6,0,0,0,1,1,0,1,0,0,1,0,4,23,4,0,0,0,0,0,0,1,1,1,0,0,0,0,53,17,0
/Users/larrymotuzis/Larry_Motuzis_Data/Project06_POI/poi-ooxml/src/main/java/org/apache/poi/xwpf/usermodel/TableRowAlign.java,org.apache.poi.xwpf.usermodel.TableRowAlign,enum,1,3,2,1,6,1,0,5,1,0.5,0.0,0.0,3,1,2,1,0,0,3,0,0,0,2,1,0,2,0,0,2,0,2,21,2,1,1,0,0,1,0,4,1,4,1,0,0,0,41,1,0
/Users/larrymotuzis/Larry_Motuzis_Data/Project06_POI/poi-ooxml/src/main/java/org/apache/poi/xddf/usermodel/text/XDDFTextParagraph.java,org.apache.poi.xddf.usermodel.text.XDDFTextParagraph,class,31,34,3,31,142,1,0,124,712,0.78985506,0.32688493,0.40674603,69,0,61,5,3,0,64,0,0,0,4,0,0,4,0,0,2,0,4,396,57,6,24,0,0,0,17,27,9,33,2,0,0,8,224,1,0
/Users/larrymotuzis/Larry_Motuzis_Data/Project06_POI/poi-ooxml/src/main/java/org/apache/poi/xddf/usermodel/chart/XDDFDataSourcesFactory.java,org.apache.poi.xddf.usermodel.chart.XDDFDataSourcesFactory$LiteralStringArrayDataSource,innerclass,1,1,0,1,2,3,0,0,1,0.0,0.0,0.0,2,0,2,0,0,0,2,0,0,0,0,0,0,0,0,0,0,0,0,8,1,0,0,0,0,0,1,0,0,0,0,0,0,0,8,10,0
/Users/larrymotuzis/Larry_Motuzis_Data/Project06_POI/poi-ooxml/src/main/java/org/apache/poi/xssf/usermodel/helpers/XSSFRowShifter.java,org.apache.poi.xssf.usermodel.helpers.XSSFRowShifter,class,6,8,2,6,6,2,0,5,15,0.0,0.0,0.0,6,0,6,0,0,0,6,0,0,0,0,0,0,0,0,0,0,0,5,20,0,0,0,0,0,1,0,0,0,0,0,0,0,0,36,17,0
/Users/larrymotuzis/Larry_Motuzis_Data/Project06_POI/poi-ooxml/src/main/java/org/apache/poi/xddf/usermodel/chart/XDDFSurfaceChartData.java,org.apache.poi.xddf.usermodel.chart.XDDFSurfaceChartData$Series,innerclass,9,9,0,9,17,2,0,16,0,0.16666667,0.6818182,0.6818182,12,0,4,0,8,0,12,0,0,0,1,0,0,1,0,0,0,0,0,62,7,0,1,0,0,1,0,2,0,1,2,0,0,0,50,1,0
/Users/larrymotuzis/Larry_Motuzis_Data/Project06_POI/poi-ooxml/src/main/java/org/apache/poi/poifs/crypt/dsig/KeyInfoKeySelector.java,org.apache.poi.poifs.crypt.dsig.KeyInfoKeySelector,class,2,4,2,2,12,2,0,11,0,0.375,1.0,1.0,4,0,4,0,0,0,4,0,0,0,2,1,0,2,0,0,2,0,0,40,4,2,1,0,2,5,2,6,0,6,3,0,0,0,57,1,2
/Users/larrymotuzis/Larry_Motuzis_Data/Project06_POI/poi-ooxml/src/main/java/org/apache/poi/xssf/usermodel/TextCap.java,org.apache.poi.xssf.usermodel.TextCap,enum,0,1,1,0,0,1,0,0,0,0.0,-1.0,-1.0,0,0,0,0,0,0,0,0,0,0,0,0,0,0,0,0,0,0,0,1,0,0,0,0,0,0,0,0,0,0,0,0,0,0,26,1,0
/Users/larrymotuzis/Larry_Motuzis_Data/Project06_POI/poi-ooxml/src/main/java/org/apache/poi/xssf/usermodel/extensions/XSSFCellBorder.java,org.apache.poi.xssf.usermodel.extensions.XSSFCellBorder,class,10,14,4,10,54,1,0,42,29,0.6904762,0.27272728,0.42424244,14,0,12,2,0,0,12,0,0,0,3,0,0,3,0,0,2,0,4,121,14,1,17,0,1,1,2,26,3,11,2,0,1,0,114,1,0
/Users/larrymotuzis/Larry_Motuzis_Data/Project06_POI/poi-ooxml/src/main/java/org/apache/poi/xssf/usermodel/XSSFBuiltinTableStyle.java,org.apache.poi.xssf.usermodel.XSSFBuiltinTableStyle,enum,10,13,3,10,12,1,0,30,13,0.6666667,0.16666667,0.16666667,6,4,3,2,0,1,4,0,0,1,1,1,0,1,0,0,1,0,7,219,7,1,2,4,0,13,4,15,2,15,3,0,1,0,124,1,0
/Users/larrymotuzis/Larry_Motuzis_Data/Project06_POI/poi-ooxml/src/main/java/org/apache/poi/xssf/streaming/SXSSFCell.java,org.apache.poi.xssf.streaming.SXSSFCell$BooleanFormulaValue,innerclass,2,2,0,2,4,2,0,0,0,0.25,0.5,0.5,4,0,1,0,0,3,4,0,0,0,1,0,0,0,0,1,0,0,0,16,2,0,0,0,0,0,0,2,0,1,0,0,0,0,12,8,0
/Users/larrymotuzis/Larry_Motuzis_Data/Project06_POI/poi-ooxml/src/main/java/org/apache/poi/xddf/usermodel/chart/XDDFDataSourcesFactory.java,org.apache.poi.xddf.usermodel.chart.XDDFDataSourcesFactory$Anonymous6,anonymous,1,1,0,1,11,1,0,9,41,0.8,0.044444446,0.044444446,10,0,10,0,0,0,10,0,0,0,2,0,0,2,0,0,1,0,1,34,9,0,0,0,0,0,1,3,0,2,0,0,0,0,26,-1,0
/Users/larrymotuzis/Larry_Motuzis_Data/Project06_POI/poi-ooxml/src/main/java/org/apache/poi/xslf/usermodel/XSLFTextParagraph.java,org.apache.poi.xslf.usermodel.XSLFTextParagraph$Anonymous1,anonymous,4,4,0,4,8,1,0,9,28,0.0,0.0,0.0,8,0,8,0,0,0,8,0,0,0,0,0,0,0,0,0,0,0,0,26,6,0,0,0,0,0,0,0,0,0,0,0,0,0,17,-1,0
/Users/larrymotuzis/Larry_Motuzis_Data/Project06_POI/poi-ooxml/src/main/java/org/apache/poi/poifs/crypt/dsig/SignatureMarshalListener.java,org.apache.poi.poifs.crypt.dsig.SignatureMarshalListener,interface,4,7,3,4,1,1,0,0,0,0.0,NaN,NaN,1,0,0,0,0,1,1,0,0,0,0,0,0,0,0,0,0,0,0,3,0,0,0,0,0,0,0,0,0,0,0,0,0,0,27,1,0
/Users/larrymotuzis/Larry_Motuzis_Data/Project06_POI/poi-ooxml/src/main/java/org/apache/poi/xddf/usermodel/chart/XDDFDataSourcesFactory.java,org.apache.poi.xddf.usermodel.chart.XDDFDataSourcesFactory$Anonymous5,anonymous,1,1,0,1,10,1,0,11,32,0.7777778,0.055555556,0.055555556,9,0,9,0,0,0,9,0,0,0,2,0,0,2,0,0,1,0,1,31,8,0,0,0,0,0,1,3,0,2,0,0,0,0,24,-1,0
/Users/larrymotuzis/Larry_Motuzis_Data/Project06_POI/poi-ooxml/src/main/java/org/apache/poi/xddf/usermodel/chart/XDDFDataSourcesFactory.java,org.apache.poi.xddf.usermodel.chart.XDDFDataSourcesFactory$Anonymous2,anonymous,1,1,0,1,5,1,0,8,8,0.6,0.1,0.1,5,0,5,0,0,0,5,0,0,0,1,0,0,1,0,0,1,0,0,18,5,0,0,0,0,0,0,1,0,1,0,0,0,0,18,-1,0
/Users/larrymotuzis/Larry_Motuzis_Data/Project06_POI/poi-ooxml/src/main/java/org/apache/poi/xddf/usermodel/chart/XDDFDataSourcesFactory.java,org.apache.poi.xddf.usermodel.chart.XDDFDataSourcesFactory$Anonymous1,anonymous,1,1,0,1,8,1,0,11,13,0.75,0.06666667,0.06666667,6,0,6,0,0,0,6,0,0,0,2,0,0,2,0,0,2,0,0,25,6,0,0,0,0,3,0,2,1,2,1,0,0,0,29,-1,0
/Users/larrymotuzis/Larry_Motuzis_Data/Project06_POI/poi-ooxml/src/main/java/org/apache/poi/poifs/crypt/dsig/facets/KeyInfoSignatureFacet.java,org.apache.poi.poifs.crypt.dsig.facets.KeyInfoSignatureFacet$Anonymous1,anonymous,1,1,0,1,3,1,0,0,3,1.0,0.0,0.0,3,0,3,0,0,0,3,0,0,0,1,1,0,1,0,0,1,0,0,12,3,0,0,0,0,0,1,1,0,1,0,0,0,0,12,-1,0
/Users/larrymotuzis/Larry_Motuzis_Data/Project06_POI/poi-ooxml/src/main/java/org/apache/poi/xddf/usermodel/chart/XDDFDataSourcesFactory.java,org.apache.poi.xddf.usermodel.chart.XDDFDataSourcesFactory$Anonymous4,anonymous,1,1,0,1,7,1,0,6,19,0.71428573,0.04761905,0.04761905,7,0,7,0,0,0,7,0,0,0,1,0,0,1,0,0,1,0,0,24,7,0,0,0,0,0,0,1,0,1,0,0,0,0,20,-1,0
/Users/larrymotuzis/Larry_Motuzis_Data/Project06_POI/poi-ooxml/src/main/java/org/apache/poi/xddf/usermodel/chart/XDDFDataSourcesFactory.java,org.apache.poi.xddf.usermodel.chart.XDDFDataSourcesFactory$Anonymous3,anonymous,1,1,0,1,9,1,0,8,26,0.8125,0.035714287,0.035714287,8,0,8,0,0,0,8,0,0,0,2,0,0,2,0,0,2,0,0,28,8,0,0,0,0,0,0,2,0,2,0,0,0,0,22,-1,0
/Users/larrymotuzis/Larry_Motuzis_Data/Project06_POI/poi-ooxml/src/main/java/org/apache/poi/xddf/usermodel/XDDFColor.java,org.apache.poi.xddf.usermodel.XDDFColor,class,15,29,14,15,15,1,6,12,30,0.6666667,0.083333336,0.083333336,9,6,7,0,2,0,9,1,0,0,1,0,0,0,1,0,0,0,0,46,13,0,0,0,0,0,0,1,0,1,1,0,0,0,25,1025,0
/Users/larrymotuzis/Larry_Motuzis_Data/Project06_POI/poi-ooxml/src/main/java/org/apache/poi/ooxml/dev/OOXMLPrettyPrint.java,org.apache.poi.ooxml.dev.OOXMLPrettyPrint,class,7,8,1,7,14,1,0,28,8,0.70000005,0.0,0.0,5,3,2,3,0,0,2,0,0,0,2,1,0,2,0,0,2,0,9,74,0,2,1,4,0,14,11,15,6,14,4,0,0,0,83,1,0
/Users/larrymotuzis/Larry_Motuzis_Data/Project06_POI/poi-ooxml/src/main/java/org/apache/poi/xssf/usermodel/XSSFChartSheet.java,org.apache.poi.xssf.usermodel.XSSFChartSheet,class,10,12,2,10,10,3,0,15,1,0.5714286,0.6666667,0.6666667,7,1,1,1,5,0,6,0,0,0,2,1,0,1,1,0,1,0,1,42,4,0,1,2,0,1,0,4,0,4,1,0,0,0,78,1,0
/Users/larrymotuzis/Larry_Motuzis_Data/Project06_POI/poi-ooxml/src/main/java/org/apache/poi/xssf/streaming/SXSSFWorkbook.java,org.apache.poi.xssf.streaming.SXSSFWorkbook$ISheetInjector,interface,0,0,0,0,1,1,0,0,0,0.0,NaN,NaN,1,0,0,0,0,1,1,0,0,0,0,0,0,0,0,0,0,0,0,3,0,0,0,0,0,0,0,0,0,0,0,0,0,0,10,4,0
/Users/larrymotuzis/Larry_Motuzis_Data/Project06_POI/poi-ooxml/src/main/java/org/apache/poi/xssf/eventusermodel/ReadOnlySharedStringsTable.java,org.apache.poi.xssf.eventusermodel.ReadOnlySharedStringsTable,class,13,16,3,13,43,2,0,24,44,0.7362637,0.20512821,0.46153846,13,0,13,0,0,0,13,0,0,0,7,0,0,4,3,0,1,0,3,123,5,0,11,3,0,13,7,21,2,17,3,0,0,0,185,1,0
/Users/larrymotuzis/Larry_Motuzis_Data/Project06_POI/poi-ooxml/src/main/java/org/apache/poi/xwpf/usermodel/XWPFTableCell.java,org.apache.poi.xwpf.usermodel.XWPFTableCell$XWPFVertAlign,enum,0,0,0,0,0,1,0,0,0,0.0,-1.0,-1.0,0,0,0,0,0,0,0,0,0,0,0,0,0,0,0,0,0,0,0,1,0,0,0,0,0,0,0,0,0,0,0,0,0,0,11,1,0
/Users/larrymotuzis/Larry_Motuzis_Data/Project06_POI/poi-ooxml/src/main/java/org/apache/poi/xwpf/usermodel/ParagraphAlignment.java,org.apache.poi.xwpf.usermodel.ParagraphAlignment,enum,1,3,2,1,6,1,0,4,1,0.5,0.0,0.0,3,1,2,1,0,0,3,0,0,0,2,1,0,2,0,0,2,0,1,19,2,1,1,0,0,1,0,3,1,3,1,0,0,0,54,1,0
/Users/larrymotuzis/Larry_Motuzis_Data/Project06_POI/poi-ooxml/src/main/java/org/apache/poi/poifs/crypt/dsig/SignatureInfo.java,org.apache.poi.poifs.crypt.dsig.SignatureInfo$XmlProviderInitSingleton$SingletonHelper,innerclass,1,1,0,1,0,1,0,0,0,NaN,-1.0,-1.0,0,0,0,0,0,0,0,0,0,0,1,1,0,1,0,0,1,0,0,3,0,0,0,0,0,0,0,1,0,1,0,0,0,0,12,10,0
/Users/larrymotuzis/Larry_Motuzis_Data/Project06_POI/poi-ooxml/src/main/java/org/apache/poi/xwpf/usermodel/XWPFTable.java,org.apache.poi.xwpf.usermodel.XWPFTable,class,27,39,12,27,223,1,0,130,4800,0.96444446,0.018057456,0.0374829,100,5,80,15,5,0,86,0,0,0,9,5,3,3,3,0,7,0,25,695,77,8,40,0,13,12,38,116,8,83,4,0,2,0,342,1,0
/Users/larrymotuzis/Larry_Motuzis_Data/Project06_POI/poi-ooxml/src/main/java/org/apache/poi/xssf/extractor/XSSFExportToXml.java,org.apache.poi.xssf.extractor.XSSFExportToXml,class,17,18,1,17,92,1,0,101,182,0.8412699,0.5,0.5,21,1,4,17,0,0,4,0,0,0,3,1,0,3,0,0,2,0,3,356,22,12,27,2,2,36,15,112,7,82,7,0,1,0,222,1,3
/Users/larrymotuzis/Larry_Motuzis_Data/Project06_POI/poi-ooxml/src/main/java/org/apache/poi/xwpf/usermodel/Borders.java,org.apache.poi.xwpf.usermodel.Borders,enum,1,3,2,1,6,1,0,6,1,0.5,0.0,0.0,3,1,2,1,0,0,3,0,0,0,2,1,0,2,0,0,2,0,3,74,2,1,1,0,0,1,191,4,1,4,1,0,0,0,160,1,0
/Users/larrymotuzis/Larry_Motuzis_Data/Project06_POI/poi-ooxml/src/main/java/org/apache/poi/xddf/usermodel/chart/XDDFManualLayout.java,org.apache.poi.xddf.usermodel.chart.XDDFManualLayout,class,9,13,4,9,47,1,0,43,0,0.625,0.8300395,0.8300395,24,0,22,1,1,0,23,0,0,0,3,2,0,3,0,0,2,0,4,149,21,0,1,0,0,0,4,5,0,4,2,0,0,0,53,17,0
/Users/larrymotuzis/Larry_Motuzis_Data/Project06_POI/poi-ooxml/src/main/java/org/apache/poi/xslf/usermodel/XSLFTableStyle.java,org.apache.poi.xslf.usermodel.XSLFTableStyle$TablePartStyle,enum,0,0,0,0,0,1,0,0,0,0.0,-1.0,-1.0,0,0,0,0,0,0,0,0,0,0,0,0,0,0,0,0,0,0,0,1,0,0,0,0,0,0,0,0,0,0,0,0,0,0,6,1,0
/Users/larrymotuzis/Larry_Motuzis_Data/Project06_POI/poi-ooxml/src/main/java/org/apache/poi/xssf/usermodel/XSSFDrawing.java,org.apache.poi.xssf.usermodel.XSSFDrawing,class,56,73,17,56,65,2,0,160,454,0.94375,0.036231883,0.036231883,32,1,20,8,4,0,24,0,0,0,5,3,0,3,2,0,3,0,11,393,29,7,4,13,3,23,8,128,14,108,7,0,0,0,267,17,2
/Users/larrymotuzis/Larry_Motuzis_Data/Project06_POI/poi-ooxml/src/main/java/org/apache/poi/xwpf/usermodel/XWPFTable.java,org.apache.poi.xwpf.usermodel.XWPFTable$Border,enum,0,0,0,0,0,1,0,0,0,0.0,-1.0,-1.0,0,0,0,0,0,0,0,0,0,0,0,0,0,0,0,0,0,0,0,1,0,0,0,0,0,0,0,0,0,0,0,0,0,0,7,2,0
/Users/larrymotuzis/Larry_Motuzis_Data/Project06_POI/poi-ooxml/src/main/java/org/apache/poi/poifs/crypt/temp/AesZipFileZipEntrySource.java,org.apache.poi.poifs.crypt.temp.AesZipFileZipEntrySource,class,9,11,2,9,14,1,0,34,0,0.6481481,0.53333336,1.0,9,3,6,3,0,0,6,0,0,0,6,2,0,6,0,0,5,0,3,80,6,1,1,4,1,5,2,21,0,20,3,0,0,0,97,17,2
/Users/larrymotuzis/Larry_Motuzis_Data/Project06_POI/poi-ooxml/src/main/java/org/apache/poi/xddf/usermodel/chart/AxisLabelAlignment.java,org.apache.poi.xddf.usermodel.chart.AxisLabelAlignment,enum,2,4,2,2,4,1,0,3,0,0.25,0.0,0.0,2,1,0,0,0,2,3,0,0,0,2,1,0,1,0,1,2,0,1,14,1,1,0,0,0,0,0,2,0,2,1,0,0,0,20,1,0
/Users/larrymotuzis/Larry_Motuzis_Data/Project06_POI/poi-ooxml/src/main/java/org/apache/poi/ooxml/util/NumberHelper.java,org.apache.poi.ooxml.util.NumberHelper,class,1,3,2,1,4,1,0,4,1,0.0,NaN,NaN,2,1,1,1,0,0,1,0,0,0,0,0,0,0,0,0,0,0,1,13,2,0,0,0,1,2,0,0,1,0,1,0,0,0,25,1,0
/Users/larrymotuzis/Larry_Motuzis_Data/Project06_POI/poi-ooxml/src/main/java/org/apache/poi/xssf/usermodel/extensions/XSSFCellAlignment.java,org.apache.poi.xssf.usermodel.extensions.XSSFCellAlignment,class,7,8,1,7,23,1,0,24,0,0.0,1.0,1.0,16,0,16,0,0,0,16,0,0,0,1,0,0,1,0,0,1,0,1,61,9,0,3,0,2,0,9,6,6,3,1,0,0,0,113,1,0
/Users/larrymotuzis/Larry_Motuzis_Data/Project06_POI/poi-ooxml/src/main/java/org/apache/poi/xssf/streaming/SXSSFCell.java,org.apache.poi.xssf.streaming.SXSSFCell$PlainStringValue,innerclass,1,1,0,1,3,2,0,0,1,0.33333334,0.33333334,0.33333334,3,0,0,0,0,3,3,0,0,0,1,0,0,0,0,1,0,0,0,12,2,0,0,0,0,0,0,1,0,1,0,0,0,0,11,8,0
/Users/larrymotuzis/Larry_Motuzis_Data/Project06_POI/poi-ooxml/src/main/java/org/apache/poi/poifs/crypt/dsig/SignaturePart.java,org.apache.poi.poifs.crypt.dsig.SignaturePart$XPathNSContext,innerclass,2,2,0,2,4,1,0,5,3,0.6666667,0.0,0.0,3,0,3,0,0,0,4,0,0,0,1,0,0,0,0,1,1,0,0,17,3,0,0,0,0,3,0,1,0,3,0,0,0,1,19,2,0
/Users/larrymotuzis/Larry_Motuzis_Data/Project06_POI/poi-ooxml/src/main/java/org/apache/poi/xssf/usermodel/DefaultIndexedColorMap.java,org.apache.poi.xssf.usermodel.DefaultIndexedColorMap,class,5,8,3,5,3,1,0,4,1,0.0,0.0,0.0,2,1,2,0,0,0,2,0,0,0,0,0,0,0,0,0,0,0,1,11,3,0,1,0,0,0,3,2,0,2,1,0,0,0,27,1,0
/Users/larrymotuzis/Larry_Motuzis_Data/Project06_POI/poi-ooxml/src/main/java/org/apache/poi/openxml4j/opc/PackageNamespaces.java,org.apache.poi.openxml4j.opc.PackageNamespaces,interface,0,0,0,0,0,1,0,0,0,NaN,-1.0,-1.0,0,0,0,0,0,0,0,0,0,0,5,5,5,0,0,0,5,0,0,7,0,0,0,0,0,5,0,5,0,5,0,0,0,0,36,1,0
/Users/larrymotuzis/Larry_Motuzis_Data/Project06_POI/poi-ooxml/src/main/java/org/apache/poi/xssf/extractor/XSSFEventBasedExcelExtractor.java,org.apache.poi.xssf.extractor.XSSFEventBasedExcelExtractor$SheetTextExtractor,innerclass,5,5,0,5,24,1,0,20,23,0.6363636,0.3611111,0.5833333,11,0,4,2,1,4,9,0,0,0,3,0,0,3,0,0,2,0,0,83,1,0,7,0,0,14,7,14,3,6,2,0,0,0,80,4,0
/Users/larrymotuzis/Larry_Motuzis_Data/Project06_POI/poi-ooxml/src/main/java/org/apache/poi/xssf/streaming/SXSSFCreationHelper.java,org.apache.poi.xssf.streaming.SXSSFCreationHelper,class,16,17,1,16,9,1,0,6,4,0.5,0.44444445,0.7777778,9,0,9,0,0,0,9,0,0,0,2,0,0,2,0,0,2,0,0,32,8,0,0,0,0,0,0,2,0,2,0,0,0,0,49,1,0
/Users/larrymotuzis/Larry_Motuzis_Data/Project06_POI/poi-ooxml/src/main/java/org/apache/poi/xwpf/usermodel/XWPFTable.java,org.apache.poi.xwpf.usermodel.XWPFTable$XWPFBorderType,enum,0,0,0,0,0,1,0,0,0,0.0,-1.0,-1.0,0,0,0,0,0,0,0,0,0,0,0,0,0,0,0,0,0,0,0,1,0,0,0,0,0,0,0,0,0,0,0,0,0,0,12,1,0
/Users/larrymotuzis/Larry_Motuzis_Data/Project06_POI/poi-ooxml/src/main/java/org/apache/poi/xssf/usermodel/XSSFTextParagraph.java,org.apache.poi.xssf.usermodel.XSSFTextParagraph$Anonymous7,anonymous,2,2,0,2,2,1,0,4,0,0.0,NaN,NaN,1,0,1,0,0,0,1,0,0,0,0,0,0,0,0,0,0,0,0,9,2,0,0,0,0,0,0,0,0,0,1,0,0,0,11,-1,0
/Users/larrymotuzis/Larry_Motuzis_Data/Project06_POI/poi-ooxml/src/main/java/org/apache/poi/xssf/usermodel/XSSFTextParagraph.java,org.apache.poi.xssf.usermodel.XSSFTextParagraph$Anonymous6,anonymous,3,3,0,3,3,1,0,8,0,0.0,NaN,NaN,1,0,1,0,0,0,1,0,0,0,0,0,0,0,0,0,0,0,1,13,3,0,0,0,0,0,2,0,2,0,1,0,0,0,11,-1,0
/Users/larrymotuzis/Larry_Motuzis_Data/Project06_POI/poi-ooxml/src/main/java/org/apache/poi/xssf/usermodel/XSSFTextParagraph.java,org.apache.poi.xssf.usermodel.XSSFTextParagraph$Anonymous9,anonymous,2,2,0,2,2,1,0,4,0,0.0,NaN,NaN,1,0,1,0,0,0,1,0,0,0,0,0,0,0,0,0,0,0,0,10,2,0,0,0,0,0,0,1,0,1,1,0,0,0,12,-1,0
/Users/larrymotuzis/Larry_Motuzis_Data/Project06_POI/poi-ooxml/src/main/java/org/apache/poi/xssf/usermodel/XSSFTextParagraph.java,org.apache.poi.xssf.usermodel.XSSFTextParagraph$Anonymous8,anonymous,2,2,0,2,2,1,0,4,0,0.0,NaN,NaN,1,0,1,0,0,0,1,0,0,0,0,0,0,0,0,0,0,0,0,10,2,0,0,0,0,0,0,1,0,1,1,0,0,0,12,-1,0
/Users/larrymotuzis/Larry_Motuzis_Data/Project06_POI/poi-ooxml/src/main/java/org/apache/poi/xssf/usermodel/XSSFTextParagraph.java,org.apache.poi.xssf.usermodel.XSSFTextParagraph$Anonymous3,anonymous,2,2,0,2,2,1,0,4,0,0.0,NaN,NaN,1,0,1,0,0,0,1,0,0,0,0,0,0,0,0,0,0,0,0,9,2,0,0,0,0,0,0,0,0,0,1,0,0,0,11,-1,0
/Users/larrymotuzis/Larry_Motuzis_Data/Project06_POI/poi-ooxml/src/main/java/org/apache/poi/xssf/usermodel/XSSFTextParagraph.java,org.apache.poi.xssf.usermodel.XSSFTextParagraph$Anonymous2,anonymous,3,3,0,3,2,1,0,5,0,0.0,NaN,NaN,1,0,1,0,0,0,1,0,0,0,0,0,0,0,0,0,0,0,1,10,2,0,0,0,0,0,1,1,1,1,1,0,0,0,14,-1,0
/Users/larrymotuzis/Larry_Motuzis_Data/Project06_POI/poi-ooxml/src/main/java/org/apache/poi/xssf/usermodel/XSSFTextParagraph.java,org.apache.poi.xssf.usermodel.XSSFTextParagraph$Anonymous5,anonymous,3,3,0,3,3,1,0,6,0,0.0,NaN,NaN,1,0,1,0,0,0,1,0,0,0,0,0,0,0,0,0,0,0,0,12,2,0,0,0,0,0,0,1,0,1,2,0,0,0,15,-1,0
/Users/larrymotuzis/Larry_Motuzis_Data/Project06_POI/poi-ooxml/src/main/java/org/apache/poi/xssf/usermodel/XSSFTextParagraph.java,org.apache.poi.xssf.usermodel.XSSFTextParagraph$Anonymous4,anonymous,2,2,0,2,2,1,0,4,0,0.0,NaN,NaN,1,0,1,0,0,0,1,0,0,0,0,0,0,0,0,0,0,0,0,9,2,0,0,0,0,0,0,0,0,0,1,0,0,0,11,-1,0
/Users/larrymotuzis/Larry_Motuzis_Data/Project06_POI/poi-ooxml/src/main/java/org/apache/poi/xssf/usermodel/XSSFEvaluationCell.java,org.apache.poi.xssf.usermodel.XSSFEvaluationCell,class,7,11,4,7,15,1,0,12,0,0.5,0.75238097,0.8666667,15,0,15,0,0,0,15,0,0,0,2,0,0,2,0,0,2,0,0,50,13,0,0,0,0,0,0,2,0,2,0,0,0,0,41,16,0
/Users/larrymotuzis/Larry_Motuzis_Data/Project06_POI/poi-ooxml/src/main/java/org/apache/poi/xssf/usermodel/XSSFTextParagraph.java,org.apache.poi.xssf.usermodel.XSSFTextParagraph$Anonymous1,anonymous,3,3,0,3,2,1,0,5,0,0.0,NaN,NaN,1,0,1,0,0,0,1,0,0,0,0,0,0,0,0,0,0,0,1,10,2,0,0,0,0,0,1,1,1,1,1,0,0,0,13,-1,0
/Users/larrymotuzis/Larry_Motuzis_Data/Project06_POI/poi-ooxml/src/main/java/org/apache/poi/xdgf/exceptions/XDGFException.java,org.apache.poi.xdgf.exceptions.XDGFException,class,2,9,7,2,6,1,0,4,6,0.0,0.0,0.0,4,4,4,0,0,0,4,0,0,0,0,0,0,0,0,0,0,0,0,14,4,0,2,0,0,4,0,0,4,0,0,0,0,0,27,1,0
/Users/larrymotuzis/Larry_Motuzis_Data/Project06_POI/poi-ooxml/src/main/java/org/apache/poi/xslf/draw/SVGPOIGraphics2D.java,org.apache.poi.xslf.draw.SVGPOIGraphics2D,class,7,9,2,7,5,2,0,15,0,0.2,1.0,1.0,5,1,4,1,0,0,4,0,0,0,1,0,0,1,0,0,1,0,1,29,1,0,0,0,1,0,0,3,0,3,0,0,0,0,51,1,0
/Users/larrymotuzis/Larry_Motuzis_Data/Project06_POI/poi-ooxml/src/main/java/org/apache/poi/openxml4j/opc/internal/FileHelper.java,org.apache.poi.openxml4j.opc.internal.FileHelper,class,0,1,1,0,9,1,0,8,3,0.0,0.0,0.0,3,3,3,0,0,0,3,0,0,0,0,0,0,0,0,0,0,0,0,32,4,2,4,1,0,1,5,11,1,11,3,0,0,0,46,17,0
/Users/larrymotuzis/Larry_Motuzis_Data/Project06_POI/poi-ooxml/src/main/java/org/apache/poi/xddf/usermodel/chart/XDDFDataSourcesFactory.java,org.apache.poi.xddf.usermodel.chart.XDDFDataSourcesFactory,class,18,22,4,18,22,9,0,6,55,0.0,0.0,0.0,11,10,10,1,0,0,10,0,0,0,0,0,0,0,0,0,0,0,0,389,18,0,11,0,0,0,0,0,0,0,1,6,8,0,35,1,0
/Users/larrymotuzis/Larry_Motuzis_Data/Project06_POI/poi-ooxml/src/main/java/org/apache/poi/xslf/usermodel/XSLFTextBox.java,org.apache.poi.xslf.usermodel.XSLFTextBox,class,10,15,5,10,2,5,0,15,1,0.0,0.0,0.0,2,1,0,0,0,2,2,0,0,0,0,0,0,0,0,0,0,0,0,22,1,0,0,0,0,1,0,6,1,6,0,0,0,0,35,1,0
/Users/larrymotuzis/Larry_Motuzis_Data/Project06_POI/poi-ooxml/src/main/java/org/apache/poi/xssf/usermodel/BaseXSSFEvaluationWorkbook.java,org.apache.poi.xssf.usermodel.BaseXSSFEvaluationWorkbook,class,30,36,6,30,62,3,2,48,164,0.6896552,0.32971016,0.32971016,29,0,23,5,1,0,24,0,0,0,2,0,0,1,1,0,1,0,1,249,41,5,16,1,2,11,21,39,9,32,3,0,2,0,193,1025,0
/Users/larrymotuzis/Larry_Motuzis_Data/Project06_POI/poi-ooxml/src/main/java/org/apache/poi/xdgf/util/Util.java,org.apache.poi.xdgf.util.Util,class,0,2,2,0,3,1,0,2,1,0.0,0.0,0.0,2,2,2,0,0,0,2,0,0,0,0,0,0,0,0,0,0,0,0,13,2,1,1,0,1,2,4,3,1,2,1,0,0,0,9,1,0
/Users/larrymotuzis/Larry_Motuzis_Data/Project06_POI/poi-ooxml/src/main/java/org/apache/poi/openxml4j/opc/RelationshipSource.java,org.apache.poi.openxml4j.opc.RelationshipSource,interface,4,6,2,4,11,1,0,0,55,0.0,0.0,0.0,11,0,0,0,0,11,11,0,0,0,0,0,0,0,0,0,0,0,0,13,0,0,0,0,0,0,0,0,0,0,0,0,0,0,119,1,0
/Users/larrymotuzis/Larry_Motuzis_Data/Project06_POI/poi-ooxml/src/main/java/org/apache/poi/xssf/usermodel/XSSFWorkbook.java,org.apache.poi.xssf.usermodel.XSSFWorkbook$SheetIterator,innerclass,1,1,0,1,4,1,0,3,0,0.25,0.5,0.5,4,0,4,0,0,0,4,0,0,0,1,0,0,1,0,0,1,0,0,15,2,0,0,0,0,3,0,1,1,1,0,0,0,0,42,18,0
/Users/larrymotuzis/Larry_Motuzis_Data/Project06_POI/poi-ooxml/src/main/java/org/apache/poi/xssf/streaming/SXSSFCell.java,org.apache.poi.xssf.streaming.SXSSFCell$ErrorValue,innerclass,2,2,0,2,5,1,0,1,0,0.2,0.6,0.6,5,0,3,0,0,2,5,0,0,0,1,0,0,0,0,1,0,0,0,18,2,0,0,0,0,0,0,3,0,1,0,0,0,0,8,8,0
/Users/larrymotuzis/Larry_Motuzis_Data/Project06_POI/poi-ooxml/src/main/java/org/apache/poi/xssf/usermodel/XSSFConditionalFormattingRule.java,org.apache.poi.xssf.usermodel.XSSFConditionalFormattingRule,class,32,35,3,32,71,1,0,56,0,0.6851852,0.6031746,0.7936508,27,0,23,0,0,4,28,0,0,0,4,2,0,4,0,0,4,0,1,243,44,2,12,0,0,1,14,45,3,36,2,0,0,0,142,1,0
/Users/larrymotuzis/Larry_Motuzis_Data/Project06_POI/poi-ooxml/src/main/java/org/apache/poi/xssf/usermodel/XSSFName.java,org.apache.poi.xssf.usermodel.XSSFName,class,7,14,7,7,49,1,0,44,0,0.88571435,0.83157897,0.9,21,1,18,1,2,0,20,0,0,0,10,8,8,2,0,0,10,0,5,151,18,2,10,1,6,40,13,30,10,28,3,0,0,0,288,17,0
/Users/larrymotuzis/Larry_Motuzis_Data/Project06_POI/poi-ooxml/src/main/java/org/apache/poi/xddf/usermodel/XDDFColorSystemDefined.java,org.apache.poi.xddf.usermodel.XDDFColorSystemDefined,class,9,13,4,9,11,2,0,9,0,0.0,1.0,1.0,8,0,5,0,3,0,8,0,0,0,1,0,0,1,0,0,0,0,0,41,4,0,1,0,0,0,0,1,0,1,2,0,0,0,19,1,0
/Users/larrymotuzis/Larry_Motuzis_Data/Project06_POI/poi-ooxml/src/main/java/org/apache/poi/xddf/usermodel/chart/MarkerStyle.java,org.apache.poi.xddf.usermodel.chart.MarkerStyle,enum,2,7,5,2,4,1,0,3,0,0.25,0.0,0.0,2,1,0,0,0,2,3,0,0,0,2,1,0,1,0,1,2,0,1,14,1,1,0,0,0,0,0,2,0,2,1,0,0,0,27,1,0
/Users/larrymotuzis/Larry_Motuzis_Data/Project06_POI/poi-ooxml/src/main/java/org/apache/poi/xddf/usermodel/XDDFShape3D.java,org.apache.poi.xddf.usermodel.XDDFShape3D,class,3,4,1,3,2,1,0,0,0,0.0,1.0,1.0,2,0,1,0,1,0,2,0,0,0,1,0,0,1,0,0,0,0,0,9,1,0,0,0,0,0,0,1,0,1,0,0,0,0,10,1,0
/Users/larrymotuzis/Larry_Motuzis_Data/Project06_POI/poi-ooxml/src/main/java/org/apache/poi/xssf/usermodel/TextVerticalOverflow.java,org.apache.poi.xssf.usermodel.TextVerticalOverflow,enum,0,1,1,0,0,1,0,0,0,0.0,-1.0,-1.0,0,0,0,0,0,0,0,0,0,0,0,0,0,0,0,0,0,0,0,4,0,0,0,0,0,0,0,0,0,0,0,0,0,0,29,1,0
/Users/larrymotuzis/Larry_Motuzis_Data/Project06_POI/poi-ooxml/src/main/java/org/apache/poi/xdgf/usermodel/section/GenericSection.java,org.apache.poi.xdgf.usermodel.section.GenericSection,class,3,3,0,3,2,2,0,0,1,0.0,0.0,0.0,2,0,2,0,0,0,2,0,0,0,0,0,0,0,0,0,0,0,0,7,0,0,0,0,0,0,0,0,0,0,0,0,0,0,12,1,0
/Users/larrymotuzis/Larry_Motuzis_Data/Project06_POI/poi-ooxml/src/main/java/org/apache/poi/openxml4j/exceptions/InvalidFormatException.java,org.apache.poi.openxml4j.exceptions.InvalidFormatException,class,1,24,23,1,2,4,0,0,1,0.0,0.0,0.0,2,0,2,0,0,0,2,0,0,0,0,0,0,0,0,0,0,0,0,8,0,0,0,0,0,1,0,0,0,0,0,0,0,0,11,17,0
/Users/larrymotuzis/Larry_Motuzis_Data/Project06_POI/poi-ooxml/src/main/java/org/apache/poi/xssf/streaming/OpcOutputStream.java,org.apache.poi.xssf.streaming.OpcOutputStream,class,4,6,2,4,17,4,0,20,7,0.61904764,0.33333334,0.47619048,7,0,7,0,0,0,7,0,0,1,6,0,0,6,0,0,3,0,0,69,2,2,4,0,0,1,4,18,2,7,1,0,0,0,70,0,0
/Users/larrymotuzis/Larry_Motuzis_Data/Project06_POI/poi-ooxml/src/main/java/org/apache/poi/xssf/streaming/SXSSFCell.java,org.apache.poi.xssf.streaming.SXSSFCell$CommentProperty,innerclass,1,1,0,1,2,2,0,0,1,0.0,0.0,0.0,2,0,2,0,0,0,2,0,0,0,0,0,0,0,0,0,0,0,0,8,1,0,0,0,0,0,0,0,0,0,0,0,0,0,12,8,0
/Users/larrymotuzis/Larry_Motuzis_Data/Project06_POI/poi-ooxml/src/main/java/org/apache/poi/openxml4j/opc/OPCPackage.java,org.apache.poi.openxml4j.opc.OPCPackage,class,32,77,45,32,213,1,1,124,2771,0.9221501,0.06740506,0.23639241,83,20,65,3,10,5,80,7,0,0,13,2,0,3,10,0,6,0,45,770,59,9,53,29,3,68,4,87,17,65,5,0,0,0,504,1025,8
/Users/larrymotuzis/Larry_Motuzis_Data/Project06_POI/poi-ooxml/src/main/java/org/apache/poi/xwpf/usermodel/IRunElement.java,org.apache.poi.xwpf.usermodel.IRunElement,interface,0,4,4,0,0,1,0,0,0,0.0,-1.0,-1.0,0,0,0,0,0,0,0,0,0,0,0,0,0,0,0,0,0,0,0,2,0,0,0,0,0,0,0,0,0,0,0,0,0,0,34,1,0
/Users/larrymotuzis/Larry_Motuzis_Data/Project06_POI/poi-ooxml/src/main/java/org/apache/poi/xddf/usermodel/chart/BarDirection.java,org.apache.poi.xddf.usermodel.chart.BarDirection,enum,2,5,3,2,4,1,0,3,0,0.25,0.0,0.0,2,1,0,0,0,2,3,0,0,0,2,1,0,1,0,1,2,0,1,14,1,1,0,0,0,0,0,2,0,2,1,0,0,0,15,1,0
/Users/larrymotuzis/Larry_Motuzis_Data/Project06_POI/poi-ooxml/src/main/java/org/apache/poi/xssf/usermodel/OoxmlSheetExtensions.java,org.apache.poi.xssf.usermodel.OoxmlSheetExtensions,interface,1,4,3,1,1,1,0,0,0,0.0,NaN,NaN,1,0,0,0,0,1,1,0,0,0,0,0,0,0,0,0,0,0,0,3,0,0,0,0,0,0,0,0,0,0,0,0,0,0,46,1,0
/Users/larrymotuzis/Larry_Motuzis_Data/Project06_POI/poi-ooxml/src/main/java/org/apache/poi/xslf/usermodel/XSLFPropertiesDelegate.java,org.apache.poi.xslf.usermodel.XSLFPropertiesDelegate,class,29,39,10,29,19,1,0,8,6,0.75,0.0,0.0,4,4,3,1,0,0,3,0,0,0,1,1,0,1,0,0,1,0,3,1015,7,0,1,0,0,3,0,10,0,2,1,0,11,0,69,0,2
/Users/larrymotuzis/Larry_Motuzis_Data/Project06_POI/poi-ooxml/src/main/java/org/apache/poi/xssf/streaming/SXSSFWorkbook.java,org.apache.poi.xssf.streaming.SXSSFWorkbook$SheetIterator,innerclass,4,4,0,4,4,1,0,4,0,0.25,0.5,0.5,4,0,4,0,0,0,4,0,0,0,1,0,0,1,0,0,1,0,0,16,2,0,0,0,0,4,0,2,1,2,0,0,0,0,50,20,0
/Users/larrymotuzis/Larry_Motuzis_Data/Project06_POI/poi-ooxml/src/main/java/org/apache/poi/xssf/usermodel/XSSFTextRun.java,org.apache.poi.xssf.usermodel.XSSFTextRun,class,12,16,4,12,89,1,1,87,529,0.88235295,0.020833334,0.028409092,34,0,30,1,1,2,33,0,0,0,2,0,0,2,0,0,2,0,5,217,31,0,23,0,2,3,40,32,9,30,3,0,0,0,147,1,0
/Users/larrymotuzis/Larry_Motuzis_Data/Project06_POI/poi-ooxml/src/main/java/org/apache/poi/xddf/usermodel/chart/BarGrouping.java,org.apache.poi.xddf.usermodel.chart.BarGrouping,enum,2,5,3,2,4,1,0,3,0,0.25,0.0,0.0,2,1,0,0,0,2,3,0,0,0,2,1,0,1,0,1,2,0,1,14,1,1,0,0,0,0,0,2,0,2,1,0,0,0,22,1,0
/Users/larrymotuzis/Larry_Motuzis_Data/Project06_POI/poi-ooxml/src/main/java/org/apache/poi/xssf/XSSFParser.java,org.apache.poi.xssf.XSSFParser,class,4,4,0,4,26,1,0,1,15,0.0,0.0,0.0,6,5,5,1,0,0,5,0,0,0,0,0,0,0,0,0,0,0,0,89,5,0,0,5,0,10,0,0,0,0,2,0,0,0,62,17,0
/Users/larrymotuzis/Larry_Motuzis_Data/Project06_POI/poi-ooxml/src/main/java/org/apache/poi/xssf/streaming/SXSSFEvaluationCell.java,org.apache.poi.xssf.streaming.SXSSFEvaluationCell,class,6,9,3,6,15,1,0,12,0,0.5,0.75238097,0.8666667,15,0,15,0,0,0,15,0,0,0,2,0,0,2,0,0,2,0,0,50,13,0,0,0,0,0,0,2,0,2,0,0,0,0,41,16,0
/Users/larrymotuzis/Larry_Motuzis_Data/Project06_POI/poi-ooxml/src/main/java/org/apache/poi/xwpf/usermodel/UnderlinePatterns.java,org.apache.poi.xwpf.usermodel.UnderlinePatterns,enum,1,3,2,1,6,1,0,5,1,0.5,0.0,0.0,3,1,2,1,0,0,3,0,0,0,2,1,0,2,0,0,2,0,2,39,2,1,1,0,0,1,18,4,1,4,1,0,0,0,81,1,0
/Users/larrymotuzis/Larry_Motuzis_Data/Project06_POI/poi-ooxml/src/main/java/org/apache/poi/xslf/usermodel/XSLFNotesMaster.java,org.apache.poi.xslf.usermodel.XSLFNotesMaster,class,10,15,5,10,11,3,0,9,16,0.5,0.2857143,0.2857143,8,1,2,1,2,3,7,0,0,0,1,0,0,1,0,0,0,0,1,48,6,0,2,3,0,4,0,7,0,6,2,0,0,0,85,1,0
/Users/larrymotuzis/Larry_Motuzis_Data/Project06_POI/poi-ooxml/src/main/java/org/apache/poi/poifs/crypt/temp/SXSSFWorkbookWithCustomZipEntrySource.java,org.apache.poi.poifs.crypt.temp.SXSSFWorkbookWithCustomZipEntrySource,class,10,11,1,10,3,2,0,16,3,0.6666667,0.0,0.0,3,0,2,0,1,0,3,0,0,0,1,1,0,1,0,0,1,0,1,30,1,0,0,3,0,2,1,6,0,5,2,0,0,0,40,1,2
/Users/larrymotuzis/Larry_Motuzis_Data/Project06_POI/poi-ooxml/src/main/java/org/apache/poi/xddf/usermodel/chart/Shape.java,org.apache.poi.xddf.usermodel.chart.Shape,enum,2,4,2,2,4,1,0,3,0,0.25,0.0,0.0,2,1,0,0,0,2,3,0,0,0,2,1,0,1,0,1,2,0,1,14,1,1,0,0,0,0,0,2,0,2,1,0,0,0,24,1,0
/Users/larrymotuzis/Larry_Motuzis_Data/Project06_POI/poi-ooxml/src/main/java/org/apache/poi/xslf/usermodel/XSLFTableStyles.java,org.apache.poi.xslf.usermodel.XSLFTableStyles,class,7,9,2,7,6,2,0,9,2,0.5,0.4,0.6,5,0,5,0,0,0,5,0,0,0,2,0,0,2,0,0,0,0,1,29,3,1,0,1,0,0,0,5,0,5,1,0,0,0,35,1,0
/Users/larrymotuzis/Larry_Motuzis_Data/Project06_POI/poi-ooxml/src/main/java/org/apache/poi/xssf/streaming/DeferredSXSSFWorkbook.java,org.apache.poi.xssf.streaming.DeferredSXSSFWorkbook,class,14,16,2,14,22,2,0,14,105,0.93333334,0.0,0.0,15,0,11,0,3,1,15,0,0,0,1,1,0,1,0,0,1,0,0,82,11,0,5,2,0,2,0,9,0,9,2,0,0,0,88,1,1
/Users/larrymotuzis/Larry_Motuzis_Data/Project06_POI/poi-ooxml/src/main/java/org/apache/poi/xslf/draw/geom/XSLFXYAdjustHandle.java,org.apache.poi.xslf.draw.geom.XSLFXYAdjustHandle,class,3,4,1,3,1,1,0,0,0,0.0,NaN,NaN,1,0,1,0,0,0,1,0,0,0,1,0,0,0,0,1,1,0,0,6,0,0,0,0,0,0,0,1,0,1,0,0,0,0,16,1,0
/Users/larrymotuzis/Larry_Motuzis_Data/Project06_POI/poi-ooxml/src/main/java/org/apache/poi/xdgf/usermodel/section/geometry/SplineKnot.java,org.apache.poi.xdgf.usermodel.section.geometry.SplineKnot,class,6,9,3,6,18,1,0,9,0,0.675,0.17857143,0.53571427,8,0,8,0,0,0,8,0,0,0,5,0,0,0,0,5,0,0,3,48,6,1,5,0,0,10,0,6,2,6,2,0,0,0,44,1,0
/Users/larrymotuzis/Larry_Motuzis_Data/Project06_POI/poi-ooxml/src/main/java/org/apache/poi/xslf/util/PPTX2PNG.java,org.apache.poi.xslf.util.PPTX2PNG,class,16,17,1,16,96,4,0,79,10,0.7463768,NaN,NaN,12,2,1,11,0,0,1,0,0,0,23,4,0,23,0,0,4,0,23,380,23,3,23,5,7,101,16,91,17,57,4,1,2,5,246,17,1
/Users/larrymotuzis/Larry_Motuzis_Data/Project06_POI/poi-ooxml/src/main/java/org/apache/poi/openxml4j/opc/TargetMode.java,org.apache.poi.openxml4j.opc.TargetMode,enum,0,5,5,0,0,1,0,0,0,0.0,-1.0,-1.0,0,0,0,0,0,0,0,0,0,0,0,0,0,0,0,0,0,0,0,3,0,0,0,0,0,0,0,0,0,0,0,0,0,0,30,1,0
/Users/larrymotuzis/Larry_Motuzis_Data/Project06_POI/poi-ooxml/src/main/java/org/apache/poi/openxml4j/opc/internal/unmarshallers/UnmarshallContext.java,org.apache.poi.openxml4j.opc.internal.unmarshallers.UnmarshallContext,class,3,6,3,3,7,1,0,0,7,0.61904764,0.33333334,0.52380955,7,0,4,0,0,3,7,0,0,0,3,0,0,3,0,0,0,0,0,27,3,0,0,0,0,0,0,5,0,3,0,0,0,0,27,17,0
/Users/larrymotuzis/Larry_Motuzis_Data/Project06_POI/poi-ooxml/src/main/java/org/apache/poi/openxml4j/opc/StreamHelper.java,org.apache.poi.openxml4j.opc.StreamHelper$Anonymous1,anonymous,1,1,0,1,2,1,0,2,1,0.0,0.0,0.0,2,0,2,0,0,0,2,0,0,0,0,0,0,0,0,0,0,0,0,8,0,0,0,0,0,0,0,0,0,0,0,0,0,0,6,-1,0
/Users/larrymotuzis/Larry_Motuzis_Data/Project06_POI/poi-ooxml/src/main/java/org/apache/poi/xdgf/usermodel/shape/ShapeTextVisitor.java,org.apache.poi.xdgf.usermodel.shape.ShapeTextVisitor,class,5,6,1,5,3,2,0,6,1,0.33333334,0.33333334,0.33333334,3,0,2,0,1,0,3,0,0,0,1,0,0,0,1,0,0,0,0,18,2,0,0,0,0,0,0,1,0,1,0,0,1,0,44,1,0
/Users/larrymotuzis/Larry_Motuzis_Data/Project06_POI/poi-ooxml/src/main/java/org/apache/poi/xslf/usermodel/XSLFPictureData.java,org.apache.poi.xslf.usermodel.XSLFPictureData,class,13,19,6,13,53,2,0,27,145,0.86315787,0.040935673,0.046783626,19,3,15,0,3,1,19,0,0,0,5,2,0,5,0,0,1,0,2,172,39,0,3,2,0,0,11,22,1,14,2,0,0,0,145,17,0
/Users/larrymotuzis/Larry_Motuzis_Data/Project06_POI/poi-ooxml/src/main/java/org/apache/poi/xwpf/usermodel/BodyType.java,org.apache.poi.xwpf.usermodel.BodyType,enum,0,11,11,0,0,1,0,0,0,0.0,-1.0,-1.0,0,0,0,0,0,0,0,0,0,0,0,0,0,0,0,0,0,0,0,1,0,0,0,0,0,0,0,0,0,0,0,0,0,0,16,1,0
/Users/larrymotuzis/Larry_Motuzis_Data/Project06_POI/poi-ooxml/src/main/java/org/apache/poi/poifs/crypt/dsig/services/RelationshipTransformService.java,org.apache.poi.poifs.crypt.dsig.services.RelationshipTransformService,class,14,17,3,14,22,6,0,39,0,0.5185185,0.7777778,0.7777778,9,1,9,0,0,0,9,0,0,1,3,2,1,2,0,0,3,0,3,123,4,4,3,2,2,23,3,24,1,24,4,0,2,0,112,1,14
/Users/larrymotuzis/Larry_Motuzis_Data/Project06_POI/poi-ooxml/src/main/java/org/apache/poi/xdgf/usermodel/section/geometry/Ellipse.java,org.apache.poi.xdgf.usermodel.section.geometry.Ellipse,class,6,8,2,6,30,1,0,16,0,0.7045455,0.14545454,0.6545454,11,0,11,0,0,0,11,0,0,0,8,0,0,0,0,8,0,0,9,87,10,1,9,0,4,11,6,21,17,21,2,0,0,0,55,1,0
/Users/larrymotuzis/Larry_Motuzis_Data/Project06_POI/poi-ooxml/src/main/java/org/apache/poi/xdgf/extractor/XDGFVisioExtractor.java,org.apache.poi.xdgf.extractor.XDGFVisioExtractor,class,6,6,0,6,8,1,0,4,7,0.5714286,0.33333334,0.33333334,7,0,7,0,0,0,7,0,0,0,2,0,0,1,1,0,1,0,0,29,4,1,0,0,0,0,0,4,0,3,1,0,0,0,38,1,0
/Users/larrymotuzis/Larry_Motuzis_Data/Project06_POI/poi-ooxml/src/main/java/org/apache/poi/xdgf/usermodel/XDGFPageContents.java,org.apache.poi.xdgf.usermodel.XDGFPageContents,class,9,12,3,9,12,4,0,14,6,0.6,0.2,0.2,5,0,3,0,2,0,5,0,0,0,2,0,0,0,2,0,0,0,1,41,2,2,1,2,2,1,0,5,0,4,3,0,0,0,44,1,0
/Users/larrymotuzis/Larry_Motuzis_Data/Project06_POI/poi-ooxml/src/main/java/org/apache/poi/ooxml/util/SAXHelper.java,org.apache.poi.ooxml.util.SAXHelper,class,2,2,0,2,1,1,0,1,0,0.0,NaN,NaN,1,1,1,0,0,0,1,0,0,0,0,0,0,0,0,0,0,0,0,5,1,0,0,0,0,1,0,0,0,0,0,0,0,0,25,17,0
/Users/larrymotuzis/Larry_Motuzis_Data/Project06_POI/poi-ooxml/src/main/java/org/apache/poi/xddf/usermodel/text/UnderlineType.java,org.apache.poi.xddf.usermodel.text.UnderlineType,enum,2,5,3,2,4,1,0,3,0,0.25,0.0,0.0,2,1,0,0,0,2,3,0,0,0,2,1,0,1,0,1,2,0,1,14,1,1,0,0,0,0,0,2,0,2,1,0,0,0,27,1,0
/Users/larrymotuzis/Larry_Motuzis_Data/Project06_POI/poi-ooxml/src/main/java/org/apache/poi/xssf/eventusermodel/XSSFBReader.java,org.apache.poi.xssf.eventusermodel.XSSFBReader$PathExtractor,innerclass,5,5,0,5,5,2,0,4,1,0.5,0.16666667,0.16666667,3,0,2,0,0,1,4,0,0,0,2,1,0,2,0,0,1,0,1,21,2,0,1,0,0,0,1,3,0,3,1,0,0,0,33,10,0
/Users/larrymotuzis/Larry_Motuzis_Data/Project06_POI/poi-ooxml/src/main/java/org/apache/poi/xdgf/usermodel/shape/exceptions/StopVisitingThisBranch.java,org.apache.poi.xdgf.usermodel.shape.exceptions.StopVisitingThisBranch,class,0,0,0,0,0,4,0,0,0,NaN,-1.0,-1.0,0,0,0,0,0,0,0,0,0,0,1,1,0,1,0,0,1,0,0,3,0,0,0,0,0,0,1,1,0,1,0,0,0,0,13,1,0
/Users/larrymotuzis/Larry_Motuzis_Data/Project06_POI/poi-ooxml/src/main/java/org/apache/poi/xssf/streaming/SXSSFCell.java,org.apache.poi.xssf.streaming.SXSSFCell$NumericValue,innerclass,2,2,0,2,5,1,0,0,0,0.2,0.6,0.6,5,0,3,0,0,2,5,0,0,0,1,0,0,0,0,1,0,0,0,18,2,0,0,0,0,0,1,3,0,1,0,0,0,0,8,8,0
/Users/larrymotuzis/Larry_Motuzis_Data/Project06_POI/poi-ooxml/src/main/java/org/apache/poi/xwpf/extractor/XWPFWordExtractor.java,org.apache.poi.xwpf.extractor.XWPFWordExtractor,class,22,24,2,22,44,1,0,38,65,0.8428572,0.23636363,0.4,14,0,11,3,0,0,11,0,0,0,5,1,1,4,0,0,2,0,2,133,6,4,13,0,6,3,3,20,1,16,3,0,0,0,103,1,0
/Users/larrymotuzis/Larry_Motuzis_Data/Project06_POI/poi-ooxml/src/main/java/org/apache/poi/xddf/usermodel/text/XDDFBodyProperties.java,org.apache.poi.xddf.usermodel.text.XDDFBodyProperties,class,9,12,3,9,62,1,0,57,0,0.0,1.0,1.0,22,0,20,0,2,0,22,0,0,0,1,0,0,1,0,0,0,0,5,203,23,0,9,0,3,0,0,1,0,1,2,0,0,0,46,1,0
/Users/larrymotuzis/Larry_Motuzis_Data/Project06_POI/poi-ooxml/src/main/java/org/apache/poi/xslf/usermodel/XSLFConnectorShape.java,org.apache.poi.xslf.usermodel.XSLFConnectorShape,class,12,16,4,12,4,3,0,12,6,0.0,0.0,0.0,4,1,2,0,0,2,4,0,0,0,0,0,0,0,0,0,0,0,0,26,2,0,0,0,0,2,0,5,1,5,0,0,0,0,51,1,0
/Users/larrymotuzis/Larry_Motuzis_Data/Project06_POI/poi-ooxml/src/main/java/org/apache/poi/ooxml/ReferenceRelationship.java,org.apache.poi.ooxml.ReferenceRelationship,class,2,5,3,2,10,1,1,4,0,0.5714286,0.52380955,1.0,7,0,5,0,2,0,7,0,0,0,5,0,0,5,0,0,4,0,0,42,5,0,3,0,0,2,0,10,0,5,1,0,0,0,42,1025,0
/Users/larrymotuzis/Larry_Motuzis_Data/Project06_POI/poi-ooxml/src/main/java/org/apache/poi/openxml4j/util/ZipSecureFile.java,org.apache.poi.openxml4j.util.ZipSecureFile,class,8,15,7,8,24,2,0,14,87,0.90555555,0.0989011,0.13186814,15,10,14,1,0,0,14,0,0,0,12,11,1,3,0,8,7,0,0,93,7,1,1,0,0,13,11,24,4,17,2,0,0,0,234,1,2
/Users/larrymotuzis/Larry_Motuzis_Data/Project06_POI/poi-ooxml/src/main/java/org/apache/poi/xslf/usermodel/XSLFPropertiesDelegate.java,org.apache.poi.xslf.usermodel.XSLFPropertiesDelegate$BackgroundDelegate,innerclass,12,12,0,12,44,1,0,40,0,0.06818182,0.86680764,0.86680764,44,0,43,0,0,1,44,0,0,0,1,0,0,0,0,1,1,0,0,135,27,0,0,0,0,0,0,1,0,1,0,0,0,0,46,10,0
/Users/larrymotuzis/Larry_Motuzis_Data/Project06_POI/poi-ooxml/src/main/java/org/apache/poi/xdgf/usermodel/XDGFPages.java,org.apache.poi.xdgf.usermodel.XDGFPages,class,10,12,2,10,10,3,0,12,2,0.5,0.33333334,0.5,4,0,2,0,1,1,4,0,0,0,2,0,0,0,0,2,0,0,2,40,2,1,2,2,1,5,0,8,2,8,3,0,0,0,56,1,0
/Users/larrymotuzis/Larry_Motuzis_Data/Project06_POI/poi-ooxml/src/main/java/org/apache/poi/poifs/crypt/dsig/SignatureConfig.java,org.apache.poi.poifs.crypt.dsig.SignatureConfig,class,20,35,15,20,156,1,0,52,5220,0.97963834,0.012929293,0.016161617,104,6,100,4,0,0,100,0,0,0,51,7,1,50,0,0,10,0,18,525,77,1,13,3,4,33,0,88,7,63,4,0,1,1,512,1,2
/Users/larrymotuzis/Larry_Motuzis_Data/Project06_POI/poi-ooxml/src/main/java/org/apache/poi/xddf/usermodel/XDDFShapeProperties.java,org.apache.poi.xddf.usermodel.XDDFShapeProperties,class,20,28,8,20,74,1,0,72,0,0.04,0.92,0.92,25,0,25,0,0,0,25,0,0,0,1,0,0,1,0,0,0,0,1,256,29,0,11,0,6,0,0,1,0,1,2,0,0,0,42,1,0
/Users/larrymotuzis/Larry_Motuzis_Data/Project06_POI/poi-ooxml/src/main/java/org/apache/poi/xssf/streaming/AutoSizeColumnTracker.java,org.apache.poi.xssf.streaming.AutoSizeColumnTracker$ColumnWidthPair,innerclass,0,0,0,0,5,1,0,1,0,0.25,0.5,0.5,4,0,4,0,0,0,4,0,0,0,2,0,0,2,0,0,0,0,2,18,1,0,0,0,0,0,2,4,0,2,0,0,0,0,82,10,0
/Users/larrymotuzis/Larry_Motuzis_Data/Project06_POI/poi-ooxml/src/main/java/org/apache/poi/xddf/usermodel/XDDFLineProperties.java,org.apache.poi.xddf.usermodel.XDDFLineProperties,class,20,22,2,20,83,1,0,86,0,0.06666667,0.8689655,0.8689655,30,0,30,0,0,0,30,0,0,0,1,0,0,1,0,0,0,0,4,284,36,0,10,0,7,0,1,1,0,2,2,0,0,1,64,1,0
/Users/larrymotuzis/Larry_Motuzis_Data/Project06_POI/poi-ooxml/src/main/java/org/apache/poi/xddf/usermodel/BlackWhiteMode.java,org.apache.poi.xddf.usermodel.BlackWhiteMode,enum,2,4,2,2,4,1,0,3,0,0.25,0.0,0.0,2,1,0,0,0,2,3,0,0,0,2,1,0,1,0,1,2,0,1,14,1,1,0,0,0,0,0,2,0,2,1,0,0,0,26,1,0
/Users/larrymotuzis/Larry_Motuzis_Data/Project06_POI/poi-ooxml/src/main/java/org/apache/poi/xslf/util/PPTHandler.java,org.apache.poi.xslf.util.PPTHandler,class,11,12,1,11,31,2,0,35,3,0.61904764,0.530303,0.6818182,14,1,11,2,0,1,12,0,0,0,3,1,0,3,0,0,1,0,6,105,9,0,6,3,6,8,4,17,1,16,2,1,0,4,75,0,0
/Users/larrymotuzis/Larry_Motuzis_Data/Project06_POI/poi-ooxml/src/main/java/org/apache/poi/xssf/usermodel/XSSFDataBarFormatting.java,org.apache.poi.xssf.usermodel.XSSFDataBarFormatting,class,6,7,1,6,15,1,0,13,0,0.5,0.72527474,0.72527474,14,0,13,0,0,1,14,0,0,0,2,0,0,0,0,2,0,0,1,47,9,0,0,0,1,0,2,2,0,2,1,0,0,0,40,1,0
/Users/larrymotuzis/Larry_Motuzis_Data/Project06_POI/poi-ooxml/src/main/java/org/apache/poi/poifs/crypt/dsig/facets/OOXMLSignatureFacet.java,org.apache.poi.poifs.crypt.dsig.facets.OOXMLSignatureFacet,class,20,21,1,20,29,1,0,82,25,0.76666665,0.16666667,0.16666667,10,4,1,1,8,0,9,0,0,0,3,3,0,3,0,0,3,0,18,183,5,2,7,3,2,186,2,63,17,57,4,0,0,0,135,1,5
/Users/larrymotuzis/Larry_Motuzis_Data/Project06_POI/poi-ooxml/src/main/java/org/apache/poi/xssf/usermodel/CustomIndexedColorMap.java,org.apache.poi.xssf.usermodel.CustomIndexedColorMap,class,5,7,2,5,9,1,0,6,1,0.33333334,0.0,0.0,3,1,2,1,0,0,2,0,0,0,1,0,0,1,0,0,1,0,0,19,4,1,2,0,0,0,3,5,0,4,1,0,0,0,78,1,0
/Users/larrymotuzis/Larry_Motuzis_Data/Project06_POI/poi-ooxml/src/main/java/org/apache/poi/ooxml/util/IdentifierManager.java,org.apache.poi.ooxml.util.IdentifierManager$Segment,innerclass,0,0,0,0,2,1,0,0,0,0.0,1.0,1.0,2,0,2,0,0,0,2,0,0,0,2,0,0,2,0,0,0,0,0,11,1,0,0,0,0,3,0,2,1,2,0,0,0,0,5,10,0
/Users/larrymotuzis/Larry_Motuzis_Data/Project06_POI/poi-ooxml/src/main/java/org/apache/poi/openxml4j/opc/CertificateEmbeddingOption.java,org.apache.poi.openxml4j.opc.CertificateEmbeddingOption,enum,0,0,0,0,0,1,0,0,0,0.0,-1.0,-1.0,0,0,0,0,0,0,0,0,0,0,0,0,0,0,0,0,0,0,0,4,0,0,0,0,0,0,0,0,0,0,0,0,0,0,32,1,0
/Users/larrymotuzis/Larry_Motuzis_Data/Project06_POI/poi-ooxml/src/main/java/org/apache/poi/xssf/usermodel/XSSFMap.java,org.apache.poi.xssf.usermodel.XSSFMap,class,16,21,5,16,15,1,0,21,0,0.25,0.6666667,0.6666667,6,0,6,0,0,0,6,0,0,0,2,0,0,2,0,0,0,0,0,53,5,5,1,0,1,0,1,13,0,12,5,0,0,0,67,1,0
/Users/larrymotuzis/Larry_Motuzis_Data/Project06_POI/poi-ooxml/src/main/java/org/apache/poi/xssf/streaming/SXSSFCell.java,org.apache.poi.xssf.streaming.SXSSFCell$StringValue,innerclass,2,2,0,2,2,1,0,0,1,0.0,0.0,0.0,2,0,1,0,0,1,2,1,0,0,0,0,0,0,0,0,0,0,0,6,1,0,0,0,0,0,0,0,0,0,0,0,0,0,8,1032,0
/Users/larrymotuzis/Larry_Motuzis_Data/Project06_POI/poi-ooxml/src/main/java/org/apache/poi/xssf/streaming/SXSSFCell.java,org.apache.poi.xssf.streaming.SXSSFCell$RichTextStringFormulaValue,innerclass,3,3,0,3,4,2,0,0,0,0.25,0.5,0.5,4,0,1,0,0,3,4,0,0,0,1,0,0,0,0,1,0,0,0,16,2,0,0,0,0,0,0,2,0,1,0,0,0,0,14,8,0
/Users/larrymotuzis/Larry_Motuzis_Data/Project06_POI/poi-ooxml/src/main/java/org/apache/poi/poifs/crypt/dsig/services/TimeStampHttpClient.java,org.apache.poi.poifs.crypt.dsig.services.TimeStampHttpClient$TimeStampHttpClientResponse,interface,2,2,0,2,4,1,0,1,3,0.0,0.0,0.0,3,0,0,0,0,3,3,0,0,0,0,0,0,0,0,0,0,0,0,7,1,0,1,0,0,0,0,0,0,0,0,0,0,0,16,0,0
/Users/larrymotuzis/Larry_Motuzis_Data/Project06_POI/poi-ooxml/src/main/java/org/apache/poi/xssf/binary/XSSFBComment.java,org.apache.poi.xssf.binary.XSSFBComment,class,6,8,2,6,15,2,0,2,83,0.8166667,0.104761906,0.20952381,15,0,14,0,0,1,15,0,0,0,4,0,0,4,0,0,3,0,0,54,7,0,0,0,0,7,0,4,0,4,0,0,0,0,34,0,0
/Users/larrymotuzis/Larry_Motuzis_Data/Project06_POI/poi-ooxml/src/main/java/org/apache/poi/xddf/usermodel/XDDFPoint2D.java,org.apache.poi.xddf.usermodel.XDDFPoint2D,class,2,3,1,2,6,1,0,3,0,0.41666666,0.8333333,1.0,4,0,3,0,1,0,4,0,0,0,3,0,0,3,0,0,0,0,0,28,4,0,2,0,0,0,0,3,0,3,1,0,0,0,12,1,0
/Users/larrymotuzis/Larry_Motuzis_Data/Project06_POI/poi-ooxml/src/main/java/org/apache/poi/xssf/usermodel/XSSFRichTextString.java,org.apache.poi.xssf.usermodel.XSSFRichTextString,class,13,29,16,13,131,1,1,141,211,0.76344085,0.30541873,0.37931034,31,4,21,2,3,5,29,0,0,0,3,1,0,3,0,0,1,0,15,345,33,12,24,1,1,17,94,74,10,64,4,0,0,0,279,1,0
/Users/larrymotuzis/Larry_Motuzis_Data/Project06_POI/poi-ooxml/src/main/java/org/apache/poi/xddf/usermodel/text/XDDFBulletStyleAutoNumbered.java,org.apache.poi.xddf.usermodel.text.XDDFBulletStyleAutoNumbered,class,5,6,1,5,9,1,0,7,0,0.0,1.0,1.0,6,0,4,0,2,0,6,0,0,0,1,0,0,1,0,0,0,0,1,33,4,0,1,0,0,0,1,1,0,1,2,0,0,0,24,1,0
/Users/larrymotuzis/Larry_Motuzis_Data/Project06_POI/poi-ooxml/src/main/java/org/apache/poi/xddf/usermodel/text/XDDFBulletStylePicture.java,org.apache.poi.xddf.usermodel.text.XDDFBulletStylePicture,class,5,6,1,5,5,1,0,3,0,0.0,1.0,1.0,4,0,2,0,2,0,4,0,0,0,1,0,0,1,0,0,0,0,0,17,2,0,1,0,0,0,0,1,0,1,1,0,0,0,17,1,0
/Users/larrymotuzis/Larry_Motuzis_Data/Project06_POI/poi-ooxml/src/main/java/org/apache/poi/xssf/eventusermodel/XSSFReader.java,org.apache.poi.xssf.eventusermodel.XSSFReader,class,18,22,4,18,24,2,1,19,12,0.7692308,0.42307693,0.84615386,13,0,13,0,0,0,13,0,0,0,5,2,0,2,3,0,2,0,3,246,11,0,5,1,0,5,7,14,2,12,2,0,3,0,161,1,0
/Users/larrymotuzis/Larry_Motuzis_Data/Project06_POI/poi-ooxml/src/main/java/org/apache/poi/xslf/draw/geom/XSLFConnectionSite.java,org.apache.poi.xslf.draw.geom.XSLFConnectionSite,class,6,7,1,6,8,1,0,9,0,0.0,1.0,1.0,6,0,6,0,0,0,6,0,0,0,1,0,0,0,0,1,1,0,0,26,3,0,2,0,0,0,0,3,0,2,1,0,0,0,35,1,0
/Users/larrymotuzis/Larry_Motuzis_Data/Project06_POI/poi-ooxml/src/main/java/org/apache/poi/xddf/usermodel/chart/XDDFDataSourcesFactory.java,org.apache.poi.xddf.usermodel.chart.XDDFDataSourcesFactory$LiteralNumericalArrayDataSource,innerclass,2,2,0,2,2,3,0,0,1,0.0,0.0,0.0,2,0,2,0,0,0,2,0,0,0,0,0,0,0,0,0,0,0,0,8,1,0,0,0,0,0,1,0,0,0,0,0,0,0,9,10,0
/Users/larrymotuzis/Larry_Motuzis_Data/Project06_POI/poi-ooxml/src/main/java/org/apache/poi/xssf/usermodel/XSSFWorkbookFactory.java,org.apache.poi.xssf.usermodel.XSSFWorkbookFactory,class,9,10,1,9,15,1,0,9,21,0.0,0.0,0.0,7,1,7,0,0,0,7,0,0,0,0,0,0,0,0,0,0,0,4,59,10,0,4,6,0,2,0,10,0,10,2,0,0,0,85,1,0
/Users/larrymotuzis/Larry_Motuzis_Data/Project06_POI/poi-ooxml/src/main/java/org/apache/poi/openxml4j/exceptions/OpenXML4JRuntimeException.java,org.apache.poi.openxml4j.exceptions.OpenXML4JRuntimeException,class,0,5,5,0,2,4,1,0,1,0.0,0.0,0.0,2,0,2,0,0,0,2,0,0,0,0,0,0,0,0,0,0,0,0,8,0,0,0,0,0,1,0,0,0,0,0,0,0,0,28,1,0
/Users/larrymotuzis/Larry_Motuzis_Data/Project06_POI/poi-ooxml/src/main/java/org/apache/poi/xslf/usermodel/XSLFFontInfo.java,org.apache.poi.xslf.usermodel.XSLFFontInfo$XSLFFontFacet,innerclass,9,9,0,9,12,1,0,22,3,0.5,0.33333334,0.33333334,6,0,3,2,0,1,4,0,0,0,2,0,0,2,0,0,2,0,1,53,3,0,3,3,1,0,2,11,0,10,2,0,0,0,42,18,0
/Users/larrymotuzis/Larry_Motuzis_Data/Project06_POI/poi-ooxml/src/main/java/org/apache/poi/xssf/streaming/DeferredSXSSFSheet.java,org.apache.poi.xssf.streaming.DeferredSXSSFSheet,class,7,8,1,7,6,2,0,6,4,0.5,0.16666667,0.16666667,4,0,4,0,0,0,4,0,0,0,1,0,0,1,0,0,0,0,0,28,0,0,1,1,1,2,1,2,0,1,2,0,0,0,76,1,0
/Users/larrymotuzis/Larry_Motuzis_Data/Project06_POI/poi-ooxml/src/main/java/org/apache/poi/xssf/usermodel/XSSFHyperlink.java,org.apache.poi.xssf.usermodel.XSSFHyperlink,class,11,18,7,11,58,1,0,50,268,0.765625,0.27065527,0.38746437,32,0,24,5,3,0,27,0,0,0,4,0,0,4,0,0,3,0,0,202,17,0,8,1,9,17,8,45,23,22,2,0,0,0,178,1,0
/Users/larrymotuzis/Larry_Motuzis_Data/Project06_POI/poi-ooxml/src/main/java/org/apache/poi/xslf/model/ParagraphPropertyFetcher.java,org.apache.poi.xslf.model.ParagraphPropertyFetcher,class,13,16,3,13,31,2,0,33,29,0.83116883,0.2,0.2,11,3,3,5,0,3,6,0,0,0,7,4,0,4,0,3,6,0,2,98,16,0,3,1,3,5,10,12,2,12,1,0,1,0,61,17,0
/Users/larrymotuzis/Larry_Motuzis_Data/Project06_POI/poi-ooxml/src/main/java/org/apache/poi/xddf/usermodel/chart/LayoutMode.java,org.apache.poi.xddf.usermodel.chart.LayoutMode,enum,2,4,2,2,4,1,0,3,0,0.25,0.0,0.0,2,1,0,0,0,2,3,0,0,0,2,1,0,1,0,1,2,0,1,14,1,1,0,0,0,0,0,2,0,2,1,0,0,0,18,1,0
/Users/larrymotuzis/Larry_Motuzis_Data/Project06_POI/poi-ooxml/src/main/java/org/apache/poi/xslf/usermodel/XSLFNotes.java,org.apache.poi.xslf.usermodel.XSLFNotes,class,15,18,3,15,15,3,0,17,33,0.6,0.16666667,0.16666667,10,1,4,1,1,4,9,0,0,0,1,0,0,1,0,0,0,0,1,54,8,2,1,1,1,1,0,9,0,8,2,0,0,0,69,17,0
/Users/larrymotuzis/Larry_Motuzis_Data/Project06_POI/poi-ooxml/src/main/java/org/apache/poi/poifs/crypt/dsig/OOXMLURIDereferencer.java,org.apache.poi.poifs.crypt.dsig.OOXMLURIDereferencer,class,7,10,3,7,15,1,0,26,0,0.33333334,1.0,1.0,3,0,2,1,0,0,2,0,0,0,3,1,0,3,0,0,1,0,1,64,5,1,7,4,1,9,3,12,2,10,5,0,0,0,67,1,4
/Users/larrymotuzis/Larry_Motuzis_Data/Project06_POI/poi-ooxml/src/main/java/org/apache/poi/xwpf/usermodel/XWPFRelation.java,org.apache.poi.xwpf.usermodel.XWPFRelation,class,5,11,6,5,5,2,0,4,0,0.9771429,0.0,0.0,5,1,2,3,0,0,2,0,0,0,35,35,33,1,0,1,35,0,0,55,2,0,0,0,0,65,0,35,1,35,0,0,0,0,72,17,0
/Users/larrymotuzis/Larry_Motuzis_Data/Project06_POI/poi-ooxml/src/main/java/org/apache/poi/xssf/model/Styles.java,org.apache.poi.xssf.model.Styles,interface,4,7,3,4,16,1,0,0,120,0.0,0.0,0.0,16,0,0,0,0,16,16,0,0,0,0,0,0,0,0,0,0,0,0,18,0,0,0,0,0,0,0,0,0,0,0,0,0,0,121,1,0
/Users/larrymotuzis/Larry_Motuzis_Data/Project06_POI/poi-ooxml/src/main/java/org/apache/poi/xssf/extractor/XSSFBEventBasedExcelExtractor.java,org.apache.poi.xssf.extractor.XSSFBEventBasedExcelExtractor,class,19,21,2,19,15,2,0,30,13,0.8333333,0.06666667,0.06666667,6,0,6,0,0,0,6,0,0,0,3,2,1,2,0,0,2,0,1,68,2,1,1,2,0,3,1,16,0,14,4,0,0,0,113,1,1
/Users/larrymotuzis/Larry_Motuzis_Data/Project06_POI/poi-ooxml/src/main/java/org/apache/poi/xslf/util/DummyFormat.java,org.apache.poi.xslf.util.DummyFormat,class,4,5,1,4,6,1,0,7,0,0.4,0.6,0.6,5,0,5,0,0,0,5,0,0,0,2,0,0,2,0,0,2,0,1,28,1,0,0,2,0,0,0,3,0,3,1,0,0,0,33,1,0
/Users/larrymotuzis/Larry_Motuzis_Data/Project06_POI/poi-ooxml/src/main/java/org/apache/poi/ooxml/HyperlinkRelationship.java,org.apache.poi.ooxml.HyperlinkRelationship,class,2,4,2,2,2,2,0,0,1,0.0,0.0,0.0,2,0,1,0,1,0,2,0,0,0,0,0,0,0,0,0,0,0,0,8,1,0,0,0,0,0,0,0,0,0,0,0,0,0,31,1,0
/Users/larrymotuzis/Larry_Motuzis_Data/Project06_POI/poi-ooxml/src/main/java/org/apache/poi/xssf/usermodel/XSSFSheet.java,org.apache.poi.xssf.usermodel.XSSFSheet,class,122,165,43,122,880,2,2,689,32772,0.9722788,0.06726419,0.15554053,280,5,198,62,15,5,218,0,0,0,21,8,0,19,2,0,10,0,52,2832,228,95,248,9,59,89,236,694,109,604,7,0,0,5,1114,1,4
/Users/larrymotuzis/Larry_Motuzis_Data/Project06_POI/poi-ooxml/src/main/java/org/apache/poi/xddf/usermodel/PathShadeType.java,org.apache.poi.xddf.usermodel.PathShadeType,enum,2,4,2,2,4,1,0,3,0,0.25,0.0,0.0,2,1,0,0,0,2,3,0,0,0,2,1,0,1,0,1,2,0,1,14,1,1,0,0,0,0,0,2,0,2,1,0,0,0,22,1,0
/Users/larrymotuzis/Larry_Motuzis_Data/Project06_POI/poi-ooxml/src/main/java/org/apache/poi/xwpf/usermodel/BodyElementType.java,org.apache.poi.xwpf.usermodel.BodyElementType,enum,0,5,5,0,0,1,0,0,0,0.0,-1.0,-1.0,0,0,0,0,0,0,0,0,0,0,0,0,0,0,0,0,0,0,0,1,0,0,0,0,0,0,0,0,0,0,0,0,0,0,9,1,0
/Users/larrymotuzis/Larry_Motuzis_Data/Project06_POI/poi-ooxml/src/main/java/org/apache/poi/xslf/extractor/XSLFExtractor.java,org.apache.poi.xslf.extractor.XSLFExtractor,class,4,4,0,4,3,2,0,1,3,0.0,0.0,0.0,3,0,3,0,0,0,3,0,0,0,0,0,0,0,0,0,0,0,0,11,2,0,0,0,0,0,0,0,0,0,0,0,0,0,25,1,0
/Users/larrymotuzis/Larry_Motuzis_Data/Project06_POI/poi-ooxml/src/main/java/org/apache/poi/xddf/usermodel/chart/ScatterStyle.java,org.apache.poi.xddf.usermodel.chart.ScatterStyle,enum,2,4,2,2,4,1,0,3,0,0.25,0.0,0.0,2,1,0,0,0,2,3,0,0,0,2,1,0,1,0,1,2,0,1,14,1,1,0,0,0,0,0,2,0,2,1,0,0,0,22,1,0
/Users/larrymotuzis/Larry_Motuzis_Data/Project06_POI/poi-ooxml/src/main/java/org/apache/poi/xddf/usermodel/chart/XDDFSeriesAxis.java,org.apache.poi.xddf.usermodel.chart.XDDFSeriesAxis,class,20,24,4,20,32,2,0,52,0,0.28,0.49275362,0.49275362,25,0,15,1,9,0,24,0,0,0,1,0,0,1,0,0,0,0,0,135,20,0,1,0,0,0,0,13,0,8,1,0,0,0,70,1,0
/Users/larrymotuzis/Larry_Motuzis_Data/Project06_POI/poi-ooxml/src/main/java/org/apache/poi/openxml4j/opc/internal/MemoryPackagePartOutputStream.java,org.apache.poi.openxml4j.opc.internal.MemoryPackagePartOutputStream,class,4,6,2,4,7,2,0,9,0,0.4166667,0.6666667,0.6666667,6,0,6,0,0,0,6,0,0,0,2,0,0,2,0,0,2,0,2,34,0,0,1,0,0,0,3,6,1,4,1,0,0,0,38,17,0
/Users/larrymotuzis/Larry_Motuzis_Data/Project06_POI/poi-ooxml/src/main/java/org/apache/poi/xssf/usermodel/XSSFFirstHeader.java,org.apache.poi.xssf.usermodel.XSSFFirstHeader,class,3,4,1,3,5,2,0,7,3,0.0,0.0,0.0,3,0,2,0,1,0,3,0,0,0,0,0,0,0,0,0,0,0,0,20,1,0,1,0,0,0,0,0,0,0,2,0,0,0,81,1,0
/Users/larrymotuzis/Larry_Motuzis_Data/Project06_POI/poi-ooxml/src/main/java/org/apache/poi/xddf/usermodel/text/XDDFBulletSizePercent.java,org.apache.poi.xddf.usermodel.text.XDDFBulletSizePercent,class,5,7,2,5,6,1,0,7,0,0.4,0.6,0.6,5,0,3,0,2,0,5,0,0,0,2,0,0,2,0,0,0,0,2,21,2,0,1,0,1,0,3,2,3,2,0,0,0,0,18,1,0
/Users/larrymotuzis/Larry_Motuzis_Data/Project06_POI/poi-ooxml/src/main/java/org/apache/poi/xssf/streaming/SXSSFCell.java,org.apache.poi.xssf.streaming.SXSSFCell,class,37,46,9,37,165,11,0,79,949,0.8727272,0.19132653,0.2797619,55,1,32,6,8,9,49,0,0,0,5,0,0,5,0,0,1,0,13,781,64,3,45,0,39,26,8,90,7,51,3,0,17,0,263,1,0
/Users/larrymotuzis/Larry_Motuzis_Data/Project06_POI/poi-ooxml/src/main/java/org/apache/poi/xddf/usermodel/XDDFAdjustHandleXY.java,org.apache.poi.xddf.usermodel.XDDFAdjustHandleXY,class,3,4,1,3,2,1,0,0,0,0.0,1.0,1.0,2,0,2,0,0,0,2,0,0,0,1,0,0,1,0,0,0,0,0,9,1,0,0,0,0,0,0,1,0,1,0,0,0,0,12,1,0
/Users/larrymotuzis/Larry_Motuzis_Data/Project06_POI/poi-ooxml/src/main/java/org/apache/poi/xssf/usermodel/XSSFTableStyle.java,org.apache.poi.xssf.usermodel.XSSFTableStyle,class,12,14,2,12,17,1,0,28,4,0.65,0.3,0.6,5,0,5,0,0,0,5,0,0,0,4,1,0,4,0,0,4,0,0,62,4,2,3,2,0,7,1,18,2,15,5,0,0,0,83,1,1
/Users/larrymotuzis/Larry_Motuzis_Data/Project06_POI/poi-ooxml/src/main/java/org/apache/poi/xdgf/usermodel/section/geometry/RelLineTo.java,org.apache.poi.xdgf.usermodel.section.geometry.RelLineTo,class,6,7,1,6,15,1,0,12,0,0.5833333,0.26666668,0.6666667,6,0,6,0,0,0,6,0,0,0,4,0,0,0,0,4,0,0,2,38,5,1,4,0,0,4,0,5,3,5,2,0,0,0,51,1,0
/Users/larrymotuzis/Larry_Motuzis_Data/Project06_POI/poi-ooxml/src/main/java/org/apache/poi/openxml4j/opc/internal/ZipHelper.java,org.apache.poi.openxml4j.opc.internal.ZipHelper,class,14,22,8,14,25,1,0,19,49,0.72727275,0.083333336,0.083333336,11,10,9,2,0,0,9,0,0,0,1,1,0,1,0,0,1,0,6,89,11,2,4,2,0,14,4,12,3,10,1,0,0,0,166,17,0
/Users/larrymotuzis/Larry_Motuzis_Data/Project06_POI/poi-ooxml/src/main/java/org/apache/poi/xslf/usermodel/SlideLayout.java,org.apache.poi.xslf.usermodel.SlideLayout,enum,0,2,2,0,0,1,0,0,0,0.0,-1.0,-1.0,0,0,0,0,0,0,0,0,0,0,0,0,0,0,0,0,0,0,0,10,0,0,0,0,0,0,0,0,0,0,0,0,0,0,28,1,0
/Users/larrymotuzis/Larry_Motuzis_Data/Project06_POI/poi-ooxml/src/main/java/org/apache/poi/xslf/usermodel/XSLFPropertiesDelegate.java,org.apache.poi.xslf.usermodel.XSLFPropertiesDelegate$XSLFFillProperties,interface,7,7,0,7,33,1,0,0,528,0.0,0.0,0.0,33,0,0,0,0,33,33,0,0,0,0,0,0,0,0,0,0,0,0,35,0,0,0,0,0,0,0,0,0,0,0,0,0,0,63,1,0
/Users/larrymotuzis/Larry_Motuzis_Data/Project06_POI/poi-ooxml/src/main/java/org/apache/poi/xssf/usermodel/helpers/XSSFIgnoredErrorHelper.java,org.apache.poi.xssf.usermodel.helpers.XSSFIgnoredErrorHelper,class,3,5,2,3,25,1,0,24,6,0.0,0.0,0.0,4,4,4,0,0,0,4,0,0,0,0,0,0,0,0,0,0,0,3,74,10,2,0,0,0,0,0,1,0,1,2,0,0,0,30,1,0
/Users/larrymotuzis/Larry_Motuzis_Data/Project06_POI/poi-ooxml/src/main/java/org/apache/poi/ooxml/util/POIXMLUnits.java,org.apache.poi.ooxml.util.POIXMLUnits,class,25,44,19,25,36,1,0,16,300,0.0,0.0,0.0,25,25,23,2,0,0,23,0,0,0,0,0,0,0,0,0,0,0,25,109,30,0,2,0,10,14,26,10,15,5,1,0,0,0,128,1,0
/Users/larrymotuzis/Larry_Motuzis_Data/Project06_POI/poi-ooxml/src/main/java/org/apache/poi/xssf/streaming/SXSSFCell.java,org.apache.poi.xssf.streaming.SXSSFCell$Value,interface,1,1,0,1,1,1,0,0,0,0.0,NaN,NaN,1,0,0,0,0,1,1,0,0,0,0,0,0,0,0,0,0,0,0,3,0,0,0,0,0,0,0,0,0,0,0,0,0,0,4,0,0
/Users/larrymotuzis/Larry_Motuzis_Data/Project06_POI/poi-ooxml/src/main/java/org/apache/poi/xdgf/usermodel/section/geometry/ArcTo.java,org.apache.poi.xdgf.usermodel.section.geometry.ArcTo,class,7,8,1,7,20,1,0,17,0,0.525,0.32142857,0.75,8,0,8,0,0,0,8,0,0,0,5,0,0,0,0,5,0,0,6,64,8,1,6,0,2,6,5,17,16,17,2,0,0,0,47,1,0
/Users/larrymotuzis/Larry_Motuzis_Data/Project06_POI/poi-ooxml/src/main/java/org/apache/poi/xddf/usermodel/chart/XDDFScatterChartData.java,org.apache.poi.xddf.usermodel.chart.XDDFScatterChartData,class,15,17,2,15,16,3,0,28,0,0.0,1.0,1.0,7,0,4,1,2,0,6,0,0,0,1,0,0,1,0,0,0,0,0,205,2,3,4,0,0,0,1,8,0,6,2,0,1,0,35,1,0
/Users/larrymotuzis/Larry_Motuzis_Data/Project06_POI/poi-ooxml/src/main/java/org/apache/poi/xssf/eventusermodel/XSSFSheetXMLHandler.java,org.apache.poi.xssf.eventusermodel.XSSFSheetXMLHandler$SheetContentsHandler,interface,1,1,0,1,5,1,0,0,10,0.0,0.0,0.0,5,0,0,0,0,5,5,0,0,0,0,0,0,0,0,0,0,0,0,9,0,0,0,0,0,0,0,0,0,0,0,0,0,0,96,1,0
/Users/larrymotuzis/Larry_Motuzis_Data/Project06_POI/poi-ooxml/src/main/java/org/apache/poi/xssf/model/SharedStrings.java,org.apache.poi.xssf.model.SharedStrings,interface,1,9,8,1,3,1,0,0,3,0.0,0.0,0.0,3,0,0,0,0,3,3,0,0,0,0,0,0,0,0,0,0,0,0,5,0,0,0,0,0,0,0,0,0,0,0,0,0,0,131,1,0
/Users/larrymotuzis/Larry_Motuzis_Data/Project06_POI/poi-ooxml/src/main/java/org/apache/poi/xssf/binary/XSSFBHeaderFooters.java,org.apache.poi.xssf.binary.XSSFBHeaderFooters,class,5,7,2,5,9,1,0,4,16,0.75,0.0,0.0,8,2,7,1,0,0,7,0,0,0,6,0,0,6,0,0,0,0,7,56,9,0,0,0,0,6,3,19,1,14,1,0,0,0,31,0,0
/Users/larrymotuzis/Larry_Motuzis_Data/Project06_POI/poi-ooxml/src/main/java/org/apache/poi/xslf/usermodel/XSLFTextParagraph.java,org.apache.poi.xslf.usermodel.XSLFTextParagraph$Procedure,interface,0,0,0,0,1,1,0,0,0,0.0,NaN,NaN,1,0,0,0,0,1,1,0,0,0,0,0,0,0,0,0,0,0,0,3,0,0,0,0,0,0,0,0,0,0,0,0,0,0,2,2,0
/Users/larrymotuzis/Larry_Motuzis_Data/Project06_POI/poi-ooxml/src/main/java/org/apache/poi/xddf/usermodel/text/TabAlignment.java,org.apache.poi.xddf.usermodel.text.TabAlignment,enum,2,4,2,2,4,1,0,3,0,0.25,0.0,0.0,2,1,0,0,0,2,3,0,0,0,2,1,0,1,0,1,2,0,1,14,1,1,0,0,0,0,0,2,0,2,1,0,0,0,22,1,0
/Users/larrymotuzis/Larry_Motuzis_Data/Project06_POI/poi-ooxml/src/main/java/org/apache/poi/openxml4j/exceptions/OLE2NotOfficeXmlFileException.java,org.apache.poi.openxml4j.exceptions.OLE2NotOfficeXmlFileException,class,1,2,1,1,1,3,0,0,0,0.0,NaN,NaN,1,0,1,0,0,0,1,0,0,0,0,0,0,0,0,0,0,0,0,5,0,0,0,0,0,0,0,0,0,0,0,0,0,0,28,1,0
/Users/larrymotuzis/Larry_Motuzis_Data/Project06_POI/poi-ooxml/src/main/java/org/apache/poi/xssf/usermodel/XSSFIconMultiStateFormatting.java,org.apache.poi.xssf.usermodel.XSSFIconMultiStateFormatting,class,7,8,1,7,14,1,0,15,0,0.0,1.0,1.0,10,0,9,0,0,1,10,0,0,0,1,0,0,0,0,1,0,0,0,46,7,2,0,0,1,0,2,10,0,8,1,0,0,0,35,1,0
/Users/larrymotuzis/Larry_Motuzis_Data/Project06_POI/poi-ooxml/src/main/java/org/apache/poi/xslf/usermodel/XSLFPropertiesDelegate.java,org.apache.poi.xslf.usermodel.XSLFPropertiesDelegate$LineStyleDelegate,innerclass,9,9,0,9,34,1,0,20,141,0.38235295,0.37433156,0.37433156,34,0,33,0,0,1,34,0,0,0,1,0,0,0,0,1,1,0,0,101,21,0,0,0,0,0,0,1,0,1,0,0,0,0,40,10,0
/Users/larrymotuzis/Larry_Motuzis_Data/Project06_POI/poi-ooxml/src/main/java/org/apache/poi/xslf/usermodel/XSLFTextRun.java,org.apache.poi.xslf.usermodel.XSLFTextRun,class,43,51,8,43,127,1,3,122,932,0.9037037,0.027874565,0.041811846,45,2,40,3,1,1,42,0,0,0,3,1,0,3,0,0,3,0,3,575,42,0,40,0,11,13,22,74,10,92,3,0,1,11,216,1,1
/Users/larrymotuzis/Larry_Motuzis_Data/Project06_POI/poi-ooxml/src/main/java/org/apache/poi/xssf/usermodel/XSSFPicture.java,org.apache.poi.xssf.usermodel.XSSFPicture,class,23,28,5,23,22,2,0,67,92,0.8039215,0.16176471,0.16176471,17,2,12,0,5,0,17,0,0,0,3,2,0,3,0,0,2,0,1,106,14,0,3,1,3,5,6,24,4,23,1,0,0,0,167,17,2
/Users/larrymotuzis/Larry_Motuzis_Data/Project06_POI/poi-ooxml/src/main/java/org/apache/poi/xslf/usermodel/XSLFSimpleShape.java,org.apache.poi.xslf.usermodel.XSLFSimpleShape$Anonymous8,anonymous,3,3,0,3,6,1,0,6,15,0.0,0.0,0.0,6,0,6,0,0,0,6,0,0,0,0,0,0,0,0,0,0,0,0,20,6,0,0,0,0,0,0,0,0,0,0,0,0,0,9,-1,0
/Users/larrymotuzis/Larry_Motuzis_Data/Project06_POI/poi-ooxml/src/main/java/org/apache/poi/xslf/usermodel/XSLFSimpleShape.java,org.apache.poi.xslf.usermodel.XSLFSimpleShape$Anonymous9,anonymous,5,5,0,5,5,1,0,5,10,0.0,0.0,0.0,5,0,5,0,0,0,5,0,0,0,0,0,0,0,0,0,0,0,0,17,5,0,0,0,0,0,0,0,0,0,0,0,0,0,8,-1,0
/Users/larrymotuzis/Larry_Motuzis_Data/Project06_POI/poi-ooxml/src/main/java/org/apache/poi/xslf/usermodel/XSLFSimpleShape.java,org.apache.poi.xslf.usermodel.XSLFSimpleShape$Anonymous6,anonymous,4,4,0,4,3,1,0,6,0,0.0,NaN,NaN,1,0,1,0,0,0,1,0,0,0,0,0,0,0,0,0,0,0,1,10,2,0,1,0,0,0,0,1,0,1,1,0,0,0,19,-1,0
/Users/larrymotuzis/Larry_Motuzis_Data/Project06_POI/poi-ooxml/src/main/java/org/apache/poi/xslf/usermodel/XSLFSimpleShape.java,org.apache.poi.xslf.usermodel.XSLFSimpleShape$Anonymous7,anonymous,5,5,0,5,4,1,0,6,0,0.0,NaN,NaN,1,0,1,0,0,0,1,0,0,0,0,0,0,0,0,0,0,0,1,11,2,0,2,0,0,0,0,2,0,2,1,0,0,0,27,-1,0
/Users/larrymotuzis/Larry_Motuzis_Data/Project06_POI/poi-ooxml/src/main/java/org/apache/poi/xslf/usermodel/XSLFSimpleShape.java,org.apache.poi.xslf.usermodel.XSLFSimpleShape$Anonymous4,anonymous,5,5,0,5,3,1,0,4,0,0.0,NaN,NaN,1,0,1,0,0,0,1,0,0,0,0,0,0,0,0,0,0,0,1,13,2,0,2,0,0,0,0,2,0,2,2,0,0,0,21,-1,0
/Users/larrymotuzis/Larry_Motuzis_Data/Project06_POI/poi-ooxml/src/main/java/org/apache/poi/xssf/usermodel/helpers/XSSFXmlColumnPr.java,org.apache.poi.xssf.usermodel.helpers.XSSFXmlColumnPr,class,4,8,4,4,7,1,0,9,0,0.5,0.73333335,1.0,6,0,6,0,0,0,6,0,0,0,3,0,0,3,0,0,0,0,0,31,5,1,0,0,0,3,1,7,1,7,1,0,0,0,57,1,0
/Users/larrymotuzis/Larry_Motuzis_Data/Project06_POI/poi-ooxml/src/main/java/org/apache/poi/xslf/usermodel/XSLFSimpleShape.java,org.apache.poi.xslf.usermodel.XSLFSimpleShape$Anonymous5,anonymous,4,4,0,4,3,1,0,7,0,0.0,NaN,NaN,1,0,1,0,0,0,1,0,0,0,0,0,0,0,0,0,0,0,1,10,2,0,1,0,0,0,0,1,0,1,1,0,0,0,19,-1,0
/Users/larrymotuzis/Larry_Motuzis_Data/Project06_POI/poi-ooxml/src/main/java/org/apache/poi/openxml4j/util/ZipFileZipEntrySource.java,org.apache.poi.openxml4j.util.ZipFileZipEntrySource,class,3,5,2,3,13,1,0,10,0,0.0,1.0,1.0,6,0,6,0,0,0,6,0,0,0,1,0,0,1,0,0,0,0,0,38,6,1,5,0,1,2,0,6,0,5,2,0,0,0,39,1,0
/Users/larrymotuzis/Larry_Motuzis_Data/Project06_POI/poi-ooxml/src/main/java/org/apache/poi/xslf/usermodel/XSLFDiagram.java,org.apache.poi.xslf.usermodel.XSLFDiagram,class,22,24,2,22,25,5,0,69,32,0.81481487,0.6666667,1.0,9,2,2,6,0,1,3,0,0,0,3,1,1,2,0,0,3,0,2,124,14,2,10,0,0,4,5,29,1,31,3,0,1,2,158,1,0
/Users/larrymotuzis/Larry_Motuzis_Data/Project06_POI/poi-ooxml/src/main/java/org/apache/poi/xssf/binary/XSSFBCellHeader.java,org.apache.poi.xssf.binary.XSSFBCellHeader,class,4,6,2,4,4,1,0,4,0,0.5,0.33333334,0.5,4,1,2,0,0,2,4,0,0,0,5,1,1,4,0,0,1,0,2,27,2,0,0,0,0,0,2,10,0,8,0,0,0,0,58,0,0
/Users/larrymotuzis/Larry_Motuzis_Data/Project06_POI/poi-ooxml/src/main/java/org/apache/poi/xssf/usermodel/helpers/XSSFSingleXmlCell.java,org.apache.poi.xssf.usermodel.helpers.XSSFSingleXmlCell,class,8,12,4,8,7,1,0,13,0,0.3,1.0,1.0,5,0,5,0,0,0,5,0,0,0,2,0,0,2,0,0,0,0,0,34,4,0,2,0,0,0,0,12,0,9,1,0,0,0,48,1,0
/Users/larrymotuzis/Larry_Motuzis_Data/Project06_POI/poi-ooxml/src/main/java/org/apache/poi/xddf/usermodel/chart/LegendPosition.java,org.apache.poi.xddf.usermodel.chart.LegendPosition,enum,2,4,2,2,4,1,0,3,0,0.25,0.0,0.0,2,1,0,0,0,2,3,0,0,0,2,1,0,1,0,1,2,0,1,14,1,1,0,0,0,0,0,2,0,2,1,0,0,0,22,1,0
/Users/larrymotuzis/Larry_Motuzis_Data/Project06_POI/poi-ooxml/src/main/java/org/apache/poi/xwpf/usermodel/XWPFHeaderFooter.java,org.apache.poi.xwpf.usermodel.XWPFHeaderFooter,class,30,36,6,30,98,2,2,90,343,0.7719298,0.25675675,0.6531532,38,0,33,1,3,1,37,0,0,0,6,0,0,0,0,6,0,0,8,367,40,15,12,11,13,7,12,70,3,57,4,0,0,0,217,1025,0
/Users/larrymotuzis/Larry_Motuzis_Data/Project06_POI/poi-ooxml/src/main/java/org/apache/poi/xssf/binary/XSSFBHyperlinksTable.java,org.apache.poi.xssf.binary.XSSFBHyperlinksTable,class,13,15,2,13,12,2,0,20,4,0.75,0.16666667,0.16666667,4,0,3,1,0,0,4,0,0,0,3,1,0,3,0,0,2,0,0,101,2,3,3,2,0,0,0,12,0,10,3,0,2,0,72,1,0
/Users/larrymotuzis/Larry_Motuzis_Data/Project06_POI/poi-ooxml/src/main/java/org/apache/poi/xslf/usermodel/XSLFTextShape.java,org.apache.poi.xslf.usermodel.XSLFTextShape,class,30,41,11,30,151,3,2,126,1072,0.8333333,0.024822695,0.024822695,48,0,42,0,4,2,48,1,0,0,1,0,0,1,0,0,1,0,3,564,49,7,51,0,2,3,24,77,9,64,4,7,0,0,200,1025,0
/Users/larrymotuzis/Larry_Motuzis_Data/Project06_POI/poi-ooxml/src/main/java/org/apache/poi/xssf/streaming/SXSSFCell.java,org.apache.poi.xssf.streaming.SXSSFCell$NumericFormulaValue,innerclass,2,2,0,2,4,2,0,0,0,0.25,0.5,0.5,4,0,1,0,0,3,4,0,0,0,1,0,0,0,0,1,0,0,0,16,2,0,0,0,0,0,0,2,0,1,0,0,0,0,12,8,0
/Users/larrymotuzis/Larry_Motuzis_Data/Project06_POI/poi-ooxml/src/main/java/org/apache/poi/xssf/binary/XSSFBCommentsTable.java,org.apache.poi.xssf.binary.XSSFBCommentsTable,class,9,12,3,9,9,2,0,16,0,0.625,0.6666667,1.0,4,0,4,0,0,0,4,0,0,0,8,0,0,8,0,0,0,0,5,51,3,0,1,0,0,0,6,16,0,11,1,0,0,0,42,1,0
/Users/larrymotuzis/Larry_Motuzis_Data/Project06_POI/poi-ooxml/src/main/java/org/apache/poi/xwpf/usermodel/XWPFFootnotes.java,org.apache.poi.xwpf.usermodel.XWPFFootnotes,class,13,15,2,13,15,3,0,24,15,0.4,0.33333334,0.33333334,10,0,8,0,2,0,10,0,0,0,1,0,0,0,1,0,0,0,0,69,5,2,1,2,0,1,1,12,1,11,2,0,0,0,103,1,0
/Users/larrymotuzis/Larry_Motuzis_Data/Project06_POI/poi-ooxml/src/main/java/org/apache/poi/xddf/usermodel/text/XDDFParagraphBulletProperties.java,org.apache.poi.xddf.usermodel.text.XDDFParagraphBulletProperties,class,14,16,2,14,59,1,0,52,0,0.0,1.0,1.0,13,0,12,0,1,0,13,0,0,0,1,0,0,1,0,0,0,0,1,187,14,0,4,0,7,0,0,1,0,1,2,0,0,0,34,1,0
/Users/larrymotuzis/Larry_Motuzis_Data/Project06_POI/poi-ooxml/src/main/java/org/apache/poi/xssf/binary/XSSFBParser.java,org.apache.poi.xssf.binary.XSSFBParser,class,6,19,13,6,16,1,11,9,7,0.67857146,0.26666668,0.26666668,7,2,5,1,1,0,6,1,0,0,4,2,0,4,0,0,3,0,1,63,2,2,5,0,7,3,20,23,11,13,2,0,0,0,86,1025,0
/Users/larrymotuzis/Larry_Motuzis_Data/Project06_POI/poi-ooxml/src/main/java/org/apache/poi/xddf/usermodel/chart/XDDFValueAxis.java,org.apache.poi.xddf.usermodel.chart.XDDFValueAxis,class,21,35,14,21,42,2,0,66,0,0.037037037,0.9230769,0.9230769,27,0,17,1,9,0,26,0,0,0,1,0,0,1,0,0,0,0,2,179,23,0,1,0,0,0,0,13,0,8,2,0,0,0,72,1,0
/Users/larrymotuzis/Larry_Motuzis_Data/Project06_POI/poi-ooxml/src/main/java/org/apache/poi/xdgf/usermodel/section/geometry/LineTo.java,org.apache.poi.xdgf.usermodel.section.geometry.LineTo,class,6,7,1,6,16,1,0,10,3,0.64285713,0.1904762,0.47619048,7,0,7,0,0,0,7,0,0,0,4,0,0,0,0,4,0,0,2,41,6,1,4,0,0,6,0,5,2,5,2,0,0,0,38,1,0
/Users/larrymotuzis/Larry_Motuzis_Data/Project06_POI/poi-ooxml/src/main/java/org/apache/poi/poifs/crypt/dsig/DigestOutputStream.java,org.apache.poi.poifs.crypt.dsig.DigestOutputStream,class,5,8,3,5,10,2,1,16,0,0.47619048,0.52380955,0.71428573,7,1,4,0,0,3,7,0,0,0,3,0,0,1,0,2,2,0,1,48,3,0,1,2,0,5,7,7,3,7,1,0,0,0,74,0,0
/Users/larrymotuzis/Larry_Motuzis_Data/Project06_POI/poi-ooxml/src/main/java/org/apache/poi/xssf/binary/XSSFBSheetHandler.java,org.apache.poi.xssf.binary.XSSFBSheetHandler,class,19,21,2,19,62,2,0,61,151,0.88311684,0.0,0.0,22,0,2,20,0,0,2,0,0,0,14,1,0,14,0,0,8,0,8,245,9,2,16,0,7,5,29,51,6,38,3,0,1,0,138,1,0
/Users/larrymotuzis/Larry_Motuzis_Data/Project06_POI/poi-ooxml/src/main/java/org/apache/poi/xslf/usermodel/XSLFSimpleShape.java,org.apache.poi.xslf.usermodel.XSLFSimpleShape$Anonymous2,anonymous,13,13,0,13,10,1,0,18,1,0.0,0.0,0.0,2,0,1,0,0,1,2,0,0,0,0,0,0,0,0,0,0,0,5,43,7,0,6,0,0,0,2,13,1,10,2,0,0,0,41,-1,0
/Users/larrymotuzis/Larry_Motuzis_Data/Project06_POI/poi-ooxml/src/main/java/org/apache/poi/xslf/usermodel/XSLFSimpleShape.java,org.apache.poi.xslf.usermodel.XSLFSimpleShape$Anonymous3,anonymous,4,4,0,4,4,1,0,6,0,0.0,NaN,NaN,1,0,1,0,0,0,1,0,0,0,0,0,0,0,0,0,0,0,1,16,3,0,1,0,0,0,1,1,0,1,2,0,0,0,19,-1,0
/Users/larrymotuzis/Larry_Motuzis_Data/Project06_POI/poi-ooxml/src/main/java/org/apache/poi/xssf/usermodel/XSSFSignatureLine.java,org.apache.poi.xssf.usermodel.XSSFSignatureLine,class,22,23,1,22,19,2,0,35,10,0.8,0.0,0.0,5,1,2,2,1,0,3,0,0,0,1,1,0,1,0,0,1,0,2,73,13,0,2,1,0,11,1,15,2,17,1,0,0,1,71,1,0
/Users/larrymotuzis/Larry_Motuzis_Data/Project06_POI/poi-ooxml/src/main/java/org/apache/poi/xslf/usermodel/XSLFSimpleShape.java,org.apache.poi.xslf.usermodel.XSLFSimpleShape$Anonymous1,anonymous,4,4,0,4,3,1,0,4,0,0.0,NaN,NaN,1,0,1,0,0,0,1,0,0,0,0,0,0,0,0,0,0,0,0,10,2,0,0,0,2,0,0,1,0,1,1,0,0,0,17,-1,0
/Users/larrymotuzis/Larry_Motuzis_Data/Project06_POI/poi-ooxml/src/main/java/org/apache/poi/xddf/usermodel/text/XDDFTabStop.java,org.apache.poi.xddf.usermodel.text.XDDFTabStop,class,4,6,2,4,12,1,0,12,0,0.0,1.0,1.0,6,0,4,0,2,0,6,0,0,0,1,0,0,1,0,0,0,0,1,45,5,0,2,0,0,0,0,1,0,1,2,0,0,0,19,1,0
/Users/larrymotuzis/Larry_Motuzis_Data/Project06_POI/poi-ooxml/src/main/java/org/apache/poi/openxml4j/opc/PackagePartCollection.java,org.apache.poi.openxml4j.opc.PackagePartCollection,class,4,7,3,4,18,1,0,28,0,0.5833333,1.0,1.0,8,0,7,0,0,1,8,0,0,0,3,1,0,3,0,0,3,0,3,58,9,2,5,0,0,7,4,11,1,14,2,0,0,2,135,17,0
/Users/larrymotuzis/Larry_Motuzis_Data/Project06_POI/poi-ooxml/src/main/java/org/apache/poi/xdgf/usermodel/section/XDGFSection.java,org.apache.poi.xdgf.usermodel.section.XDGFSection,class,6,13,7,6,6,1,3,4,0,0.4,0.3,0.3,5,1,4,0,1,0,5,1,0,0,3,0,0,0,3,0,0,0,1,22,3,1,0,0,0,3,0,3,1,3,1,0,0,0,24,1025,0
/Users/larrymotuzis/Larry_Motuzis_Data/Project06_POI/poi-ooxml/src/main/java/org/apache/poi/xssf/usermodel/XSSFColorScaleFormatting.java,org.apache.poi.xssf.usermodel.XSSFColorScaleFormatting,class,9,10,1,9,15,1,0,13,0,0.33333334,1.0,1.0,9,0,8,0,0,1,9,0,0,0,2,0,0,2,0,0,0,0,2,57,5,6,0,0,2,0,6,16,2,12,1,0,0,0,40,1,0
/Users/larrymotuzis/Larry_Motuzis_Data/Project06_POI/poi-ooxml/src/main/java/org/apache/poi/xssf/model/StylesTable.java,org.apache.poi.xssf.model.StylesTable,class,35,50,15,35,135,2,0,142,1154,0.9111843,0.13647059,0.7764706,57,4,48,6,2,1,51,0,0,0,16,3,1,15,0,0,11,0,15,469,52,15,40,5,4,13,41,91,14,71,3,0,0,0,328,1,0
/Users/larrymotuzis/Larry_Motuzis_Data/Project06_POI/poi-ooxml/src/main/java/org/apache/poi/xssf/usermodel/XSSFWorkbook.java,org.apache.poi.xssf.usermodel.XSSFWorkbook,class,88,117,29,88,339,3,0,319,8581,0.966071,0.059533175,0.24482036,143,3,111,19,7,6,124,0,0,0,27,9,5,22,0,0,12,0,30,1257,108,34,71,18,8,57,65,228,33,184,4,0,1,0,872,1,6
/Users/larrymotuzis/Larry_Motuzis_Data/Project06_POI/poi-ooxml/src/main/java/org/apache/poi/xwpf/usermodel/XWPFHyperlink.java,org.apache.poi.xwpf.usermodel.XWPFHyperlink,class,0,3,3,0,3,1,0,0,0,0.33333334,0.6666667,1.0,3,0,3,0,0,0,3,0,0,0,1,0,0,0,0,1,0,0,0,13,2,0,0,0,0,0,0,2,0,2,0,0,0,0,15,1,0
/Users/larrymotuzis/Larry_Motuzis_Data/Project06_POI/poi-ooxml/src/main/java/org/apache/poi/xwpf/usermodel/XWPFTheme.java,org.apache.poi.xwpf.usermodel.XWPFTheme,class,12,14,2,12,29,2,0,32,0,0.25,0.6545454,0.6545454,12,1,9,1,2,0,11,0,0,0,1,0,0,1,0,0,0,0,1,86,18,0,4,2,1,18,0,10,0,8,1,0,0,0,98,1,0
/Users/larrymotuzis/Larry_Motuzis_Data/Project06_POI/poi-ooxml/src/main/java/org/apache/poi/xssf/streaming/SXSSFCell.java,org.apache.poi.xssf.streaming.SXSSFCell$BlankValue,innerclass,2,2,0,2,1,1,0,0,0,0.0,NaN,NaN,1,0,1,0,0,0,1,0,0,0,0,0,0,0,0,0,0,0,0,5,1,0,0,0,0,0,0,0,0,0,0,0,0,0,5,8,0
/Users/larrymotuzis/Larry_Motuzis_Data/Project06_POI/poi-ooxml/src/main/java/org/apache/poi/poifs/crypt/dsig/facets/EnvelopedSignatureFacet.java,org.apache.poi.poifs.crypt.dsig.facets.EnvelopedSignatureFacet,class,4,4,0,4,1,1,0,4,0,0.0,NaN,NaN,1,0,1,0,0,0,1,0,0,0,0,0,0,0,0,0,0,0,3,11,0,0,0,0,0,1,0,4,0,4,0,0,0,0,22,1,0
/Users/larrymotuzis/Larry_Motuzis_Data/Project06_POI/poi-ooxml/src/main/java/org/apache/poi/xddf/usermodel/chart/ErrorDirection.java,org.apache.poi.xddf.usermodel.chart.ErrorDirection,enum,2,4,2,2,4,1,0,3,0,0.25,0.0,0.0,2,1,0,0,0,2,3,0,0,0,2,1,0,1,0,1,2,0,1,14,1,1,0,0,0,0,0,2,0,2,1,0,0,0,11,1,0
/Users/larrymotuzis/Larry_Motuzis_Data/Project06_POI/poi-ooxml/src/main/java/org/apache/poi/xssf/streaming/RowGeneratorFunction.java,org.apache.poi.xssf.streaming.RowGeneratorFunction,interface,2,3,1,2,1,1,0,0,0,0.0,NaN,NaN,1,0,0,0,0,1,1,0,0,0,0,0,0,0,0,0,0,0,0,3,0,0,0,0,0,0,0,0,0,0,0,0,0,0,45,1,0
/Users/larrymotuzis/Larry_Motuzis_Data/Project06_POI/poi-ooxml/src/main/java/org/apache/poi/xddf/usermodel/text/XDDFNormalAutoFit.java,org.apache.poi.xddf.usermodel.text.XDDFNormalAutoFit,class,4,5,1,4,13,1,0,10,0,0.14285715,0.71428573,0.71428573,7,0,5,0,2,0,7,0,0,0,1,0,0,1,0,0,0,0,0,48,5,0,2,0,0,0,2,1,0,1,2,0,0,0,25,1,0
/Users/larrymotuzis/Larry_Motuzis_Data/Project06_POI/poi-ooxml/src/main/java/org/apache/poi/xslf/usermodel/XSLFTextShape.java,org.apache.poi.xslf.usermodel.XSLFTextShape$Anonymous4,anonymous,2,2,0,2,2,1,0,5,0,0.0,NaN,NaN,1,0,1,0,0,0,1,0,0,0,0,0,0,0,0,0,0,0,0,10,2,0,0,0,0,0,0,1,0,1,1,0,0,0,12,-1,0
/Users/larrymotuzis/Larry_Motuzis_Data/Project06_POI/poi-ooxml/src/main/java/org/apache/poi/xslf/usermodel/XSLFTextShape.java,org.apache.poi.xslf.usermodel.XSLFTextShape$Anonymous3,anonymous,2,2,0,2,2,1,0,5,0,0.0,NaN,NaN,1,0,1,0,0,0,1,0,0,0,0,0,0,0,0,0,0,0,0,10,2,0,0,0,0,0,0,1,0,1,1,0,0,0,12,-1,0
/Users/larrymotuzis/Larry_Motuzis_Data/Project06_POI/poi-ooxml/src/main/java/org/apache/poi/xssf/usermodel/XSSFPrintSetup.java,org.apache.poi.xssf.usermodel.XSSFPrintSetup,class,13,16,3,13,67,1,0,61,240,0.7115385,0.40950227,0.68099546,52,0,51,0,1,0,52,0,0,0,3,0,0,3,0,0,0,0,0,184,26,0,7,0,2,1,4,9,2,7,1,0,0,0,157,1,0
/Users/larrymotuzis/Larry_Motuzis_Data/Project06_POI/poi-ooxml/src/main/java/org/apache/poi/xslf/usermodel/XSLFTextShape.java,org.apache.poi.xslf.usermodel.XSLFTextShape$Anonymous2,anonymous,2,2,0,2,2,1,0,3,0,0.0,NaN,NaN,1,0,1,0,0,0,1,0,0,0,0,0,0,0,0,0,0,0,0,9,2,0,0,0,0,0,0,0,0,0,1,0,0,0,11,-1,0
/Users/larrymotuzis/Larry_Motuzis_Data/Project06_POI/poi-ooxml/src/main/java/org/apache/poi/xslf/usermodel/XSLFTextShape.java,org.apache.poi.xslf.usermodel.XSLFTextShape$Anonymous1,anonymous,2,2,0,2,2,1,0,5,0,0.0,NaN,NaN,1,0,1,0,0,0,1,0,0,0,0,0,0,0,0,0,0,0,0,10,2,0,0,0,0,0,1,1,1,1,1,0,0,0,12,-1,0
/Users/larrymotuzis/Larry_Motuzis_Data/Project06_POI/poi-ooxml/src/main/java/org/apache/poi/xdgf/usermodel/section/geometry/MoveTo.java,org.apache.poi.xdgf.usermodel.section.geometry.MoveTo,class,6,7,1,6,16,1,0,10,3,0.64285713,0.1904762,0.47619048,7,0,7,0,0,0,7,0,0,0,4,0,0,0,0,4,0,0,2,41,6,1,4,0,0,6,0,5,2,5,2,0,0,0,52,1,0
/Users/larrymotuzis/Larry_Motuzis_Data/Project06_POI/poi-ooxml/src/main/java/org/apache/poi/xddf/usermodel/text/XDDFRunProperties.java,org.apache.poi.xddf.usermodel.text.XDDFRunProperties,class,23,30,7,23,80,1,0,43,0,0.060606062,0.9375,0.9375,33,1,31,1,1,0,32,0,0,0,1,0,0,1,0,0,0,0,28,185,8,1,20,0,12,4,9,2,3,2,2,0,0,0,91,1,0
/Users/larrymotuzis/Larry_Motuzis_Data/Project06_POI/poi-ooxml/src/main/java/org/apache/poi/xslf/usermodel/XSLFTextShape.java,org.apache.poi.xslf.usermodel.XSLFTextShape$Anonymous7,anonymous,2,2,0,2,2,1,0,3,0,0.0,NaN,NaN,1,0,1,0,0,0,1,0,0,0,0,0,0,0,0,0,0,0,0,9,2,0,1,0,0,0,0,0,0,0,1,0,0,0,11,-1,0
/Users/larrymotuzis/Larry_Motuzis_Data/Project06_POI/poi-ooxml/src/main/java/org/apache/poi/xslf/usermodel/XSLFTextShape.java,org.apache.poi.xslf.usermodel.XSLFTextShape$Anonymous6,anonymous,2,2,0,2,2,1,0,5,0,0.0,NaN,NaN,1,0,1,0,0,0,1,0,0,0,0,0,0,0,0,0,0,0,0,10,2,0,0,0,0,0,0,1,0,1,1,0,0,0,12,-1,0
/Users/larrymotuzis/Larry_Motuzis_Data/Project06_POI/poi-ooxml/src/main/java/org/apache/poi/xslf/usermodel/XSLFTextShape.java,org.apache.poi.xslf.usermodel.XSLFTextShape$Anonymous5,anonymous,2,2,0,2,2,1,0,5,0,0.0,NaN,NaN,1,0,1,0,0,0,1,0,0,0,0,0,0,0,0,0,0,0,0,10,2,0,0,0,0,0,0,1,0,1,1,0,0,0,12,-1,0
/Users/larrymotuzis/Larry_Motuzis_Data/Project06_POI/poi-ooxml/src/main/java/org/apache/poi/xddf/usermodel/chart/XDDFDataSourcesFactory.java,org.apache.poi.xddf.usermodel.chart.XDDFDataSourcesFactory$StringCellRangeDataSource,innerclass,5,5,0,5,6,2,0,3,6,0.0,0.0,0.0,4,0,3,0,1,0,4,0,0,0,0,0,0,0,0,0,0,0,0,20,4,0,2,0,0,0,0,1,0,1,1,0,0,0,24,10,0
/Users/larrymotuzis/Larry_Motuzis_Data/Project06_POI/poi-ooxml/src/main/java/org/apache/poi/xssf/usermodel/TextHorizontalOverflow.java,org.apache.poi.xssf.usermodel.TextHorizontalOverflow,enum,0,1,1,0,0,1,0,0,0,0.0,-1.0,-1.0,0,0,0,0,0,0,0,0,0,0,0,0,0,0,0,0,0,0,0,3,0,0,0,0,0,0,0,0,0,0,0,0,0,0,23,1,0
/Users/larrymotuzis/Larry_Motuzis_Data/Project06_POI/poi-ooxml/src/main/java/org/apache/poi/xssf/usermodel/XSSFConditionFilterData.java,org.apache.poi.xssf.usermodel.XSSFConditionFilterData,class,2,3,1,2,7,1,0,6,0,0.0,1.0,1.0,7,0,6,0,0,1,7,0,0,0,1,0,0,1,0,0,1,0,0,24,6,0,0,0,0,0,0,1,0,1,0,0,0,0,21,1,0
/Users/larrymotuzis/Larry_Motuzis_Data/Project06_POI/poi-ooxml/src/main/java/org/apache/poi/xdgf/usermodel/XDGFMasters.java,org.apache.poi.xdgf.usermodel.XDGFMasters,class,11,12,1,11,12,3,0,19,2,0.5,0.4,0.6,5,0,3,0,2,0,5,0,0,0,2,0,0,0,1,1,0,0,2,51,3,2,2,2,1,4,0,10,2,10,3,0,0,0,54,1,0
/Users/larrymotuzis/Larry_Motuzis_Data/Project06_POI/poi-ooxml/src/main/java/org/apache/poi/xddf/usermodel/chart/XDDFBar3DChartData.java,org.apache.poi.xddf.usermodel.chart.XDDFBar3DChartData,class,16,18,2,16,39,3,0,47,0,0.0,1.0,1.0,15,0,12,1,2,0,14,0,0,0,1,0,0,1,0,0,0,0,2,254,8,3,7,0,2,0,3,4,2,4,2,0,1,0,45,1,0
/Users/larrymotuzis/Larry_Motuzis_Data/Project06_POI/poi-ooxml/src/main/java/org/apache/poi/xwpf/usermodel/XWPFStyle.java,org.apache.poi.xwpf.usermodel.XWPFStyle,class,4,6,2,4,18,1,0,12,0,0.5,0.73626375,0.85714287,14,0,14,0,0,0,14,0,0,0,2,0,0,1,1,0,0,0,0,53,13,0,3,0,0,0,0,5,0,4,1,0,0,0,37,1,0
/Users/larrymotuzis/Larry_Motuzis_Data/Project06_POI/poi-ooxml/src/main/java/org/apache/poi/xssf/eventusermodel/XSSFBReader.java,org.apache.poi.xssf.eventusermodel.XSSFBReader$SheetRefLoader,innerclass,7,7,0,7,16,2,0,12,9,0.5,0.0,0.0,6,0,1,4,0,1,2,0,0,0,1,0,0,0,0,1,0,0,4,64,2,0,2,1,0,4,8,17,3,11,2,0,0,0,58,10,1
/Users/larrymotuzis/Larry_Motuzis_Data/Project06_POI/poi-ooxml/src/main/java/org/apache/poi/openxml4j/exceptions/ODFNotOfficeXmlFileException.java,org.apache.poi.openxml4j.exceptions.ODFNotOfficeXmlFileException,class,1,2,1,1,1,3,0,0,0,0.0,NaN,NaN,1,0,1,0,0,0,1,0,0,0,0,0,0,0,0,0,0,0,0,5,0,0,0,0,0,0,0,0,0,0,0,0,0,0,28,1,0
/Users/larrymotuzis/Larry_Motuzis_Data/Project06_POI/poi-ooxml/src/main/java/org/apache/poi/ooxml/POIXMLProperties.java,org.apache.poi.ooxml.POIXMLProperties$CoreProperties,innerclass,1,1,0,1,36,1,0,36,0,0.0,1.0,1.0,35,0,34,1,0,0,34,0,0,0,1,0,0,1,0,0,1,0,1,113,16,0,0,1,0,0,0,1,0,1,1,0,0,0,61,9,0
/Users/larrymotuzis/Larry_Motuzis_Data/Project06_POI/poi-ooxml/src/main/java/org/apache/poi/xslf/usermodel/XSLFShapeContainer.java,org.apache.poi.xslf.usermodel.XSLFShapeContainer,interface,8,13,5,8,7,1,0,0,21,0.0,0.0,0.0,7,0,0,0,0,7,7,0,0,0,0,0,0,0,0,0,0,0,0,9,0,0,0,0,0,0,0,0,0,0,0,0,0,0,38,1,0
/Users/larrymotuzis/Larry_Motuzis_Data/Project06_POI/poi-ooxml/src/main/java/org/apache/poi/xssf/usermodel/BaseXSSFEvaluationWorkbook.java,org.apache.poi.xssf.usermodel.BaseXSSFEvaluationWorkbook$FakeExternalLinksTable,innerclass,1,1,0,1,2,3,0,0,0,0.0,NaN,NaN,2,0,1,1,0,0,1,0,0,0,1,0,0,1,0,0,1,0,0,9,1,0,0,0,0,0,0,1,0,1,0,0,0,0,9,10,0
/Users/larrymotuzis/Larry_Motuzis_Data/Project06_POI/poi-ooxml/src/main/java/org/apache/poi/xssf/usermodel/BaseXSSFFormulaEvaluator.java,org.apache.poi.xssf.usermodel.BaseXSSFFormulaEvaluator,class,27,30,3,27,28,2,2,45,21,0.0,0.0,0.0,7,1,0,2,5,0,5,1,0,0,0,0,0,0,0,0,0,0,1,98,5,4,7,1,2,6,3,29,4,28,6,0,0,0,85,1025,0
/Users/larrymotuzis/Larry_Motuzis_Data/Project06_POI/poi-ooxml/src/main/java/org/apache/poi/xddf/usermodel/chart/XDDFBubbleChartData.java,org.apache.poi.xddf.usermodel.chart.XDDFBubbleChartData,class,13,14,1,13,14,3,0,24,0,0.0,1.0,1.0,6,0,3,1,2,0,5,0,0,0,1,0,0,1,0,0,0,0,2,140,1,4,2,0,0,0,1,9,0,6,2,0,1,0,39,1,0
/Users/larrymotuzis/Larry_Motuzis_Data/Project06_POI/poi-ooxml/src/main/java/org/apache/poi/xddf/usermodel/XDDFLineEndProperties.java,org.apache.poi.xddf.usermodel.XDDFLineEndProperties,class,6,7,1,6,8,1,0,9,0,0.0,1.0,1.0,8,0,6,0,2,0,8,0,0,0,1,0,0,1,0,0,0,0,2,27,4,0,0,0,0,0,0,1,0,1,0,0,0,0,20,1,0
/Users/larrymotuzis/Larry_Motuzis_Data/Project06_POI/poi-ooxml/src/main/java/org/apache/poi/xslf/usermodel/XSLFPropertiesDelegate.java,org.apache.poi.xslf.usermodel.XSLFPropertiesDelegate$XSLFGeometryProperties,interface,2,2,0,2,10,1,0,0,45,0.0,0.0,0.0,10,0,0,0,0,10,10,0,0,0,0,0,0,0,0,0,0,0,0,12,0,0,0,0,0,0,0,0,0,0,0,0,0,0,36,1,0
/Users/larrymotuzis/Larry_Motuzis_Data/Project06_POI/poi-ooxml/src/main/java/org/apache/poi/xwpf/usermodel/XWPFFactory.java,org.apache.poi.xwpf.usermodel.XWPFFactory,class,4,10,6,4,3,2,0,1,3,0.6666667,0.0,0.0,3,1,1,1,1,0,2,0,0,0,1,1,0,1,0,0,1,0,1,11,2,0,0,0,0,0,0,1,0,1,0,0,0,0,27,17,0
/Users/larrymotuzis/Larry_Motuzis_Data/Project06_POI/poi-ooxml/src/main/java/org/apache/poi/xdgf/util/VsdxToPng.java,org.apache.poi.xdgf.util.VsdxToPng,class,8,9,1,8,8,1,0,30,10,0.0,0.0,0.0,5,5,5,0,0,0,5,0,0,0,0,0,0,0,0,0,0,0,10,56,0,1,0,2,2,7,12,16,5,13,1,0,0,0,69,1,0
/Users/larrymotuzis/Larry_Motuzis_Data/Project06_POI/poi-ooxml/src/main/java/org/apache/poi/xslf/usermodel/XSLFShape.java,org.apache.poi.xslf.usermodel.XSLFShape,class,36,74,38,36,77,1,4,66,369,0.92592597,0.08128079,0.096059114,30,1,12,1,16,1,29,0,1,0,9,4,0,7,0,2,6,0,4,274,43,0,20,3,2,31,8,45,3,39,2,1,1,0,233,1025,0
/Users/larrymotuzis/Larry_Motuzis_Data/Project06_POI/poi-ooxml/src/main/java/org/apache/poi/poifs/crypt/dsig/facets/XAdESXLSignatureFacet.java,org.apache.poi.poifs.crypt.dsig.facets.XAdESXLSignatureFacet,class,48,49,1,48,44,1,0,115,64,0.875,0.0,0.0,12,1,2,10,0,0,2,0,0,0,2,1,0,2,0,0,2,0,13,241,8,8,6,10,1,23,12,76,7,76,4,0,0,1,195,1,3
/Users/larrymotuzis/Larry_Motuzis_Data/Project06_POI/poi-ooxml/src/main/java/org/apache/poi/openxml4j/opc/internal/TempFilePackagePart.java,org.apache.poi.openxml4j.opc.internal.TempFilePackagePart,class,10,12,2,10,13,2,0,15,23,0.65,0.24444444,0.33333334,10,0,8,0,2,0,10,0,0,0,2,1,0,2,0,0,1,0,2,47,5,0,0,2,0,4,1,4,0,4,1,0,0,0,73,17,2
/Users/larrymotuzis/Larry_Motuzis_Data/Project06_POI/poi-ooxml/src/main/java/org/apache/poi/xslf/usermodel/XSLFComment.java,org.apache.poi.xslf.usermodel.XSLFComment,class,6,7,1,6,18,1,0,35,0,0.27272728,1.0,1.0,11,0,10,0,0,1,11,0,0,0,2,0,0,0,0,2,2,0,1,67,6,1,5,0,1,3,3,13,2,11,2,0,0,0,43,1,0
/Users/larrymotuzis/Larry_Motuzis_Data/Project06_POI/poi-ooxml/src/main/java/org/apache/poi/xssf/extractor/XSSFImportFromXML.java,org.apache.poi.xssf.extractor.XSSFImportFromXML$DefaultNamespaceContext,innerclass,5,5,0,5,15,1,0,14,8,0.6,0.0,0.0,5,0,4,1,0,0,4,0,0,0,1,0,0,1,0,0,1,0,0,50,7,2,3,0,0,6,2,11,2,10,5,0,0,0,49,26,0
/Users/larrymotuzis/Larry_Motuzis_Data/Project06_POI/poi-ooxml/src/main/java/org/apache/poi/xssf/util/CTColComparator.java,org.apache.poi.xssf.util.CTColComparator,class,1,1,0,1,3,1,0,4,0,0.0,-1.0,-1.0,1,0,0,1,0,0,0,0,0,0,2,2,2,0,0,0,2,0,1,16,2,0,0,0,0,0,2,6,0,10,0,0,0,2,16,1,0
/Users/larrymotuzis/Larry_Motuzis_Data/Project06_POI/poi-ooxml/src/main/java/org/apache/poi/xssf/streaming/SXSSFEvaluationSheet.java,org.apache.poi.xssf.streaming.SXSSFEvaluationSheet,class,8,10,2,8,10,1,0,5,0,0.16666667,0.6666667,0.6666667,6,0,6,0,0,0,6,0,0,0,1,0,0,1,0,0,1,0,0,33,7,0,3,0,0,0,0,4,0,4,2,0,0,0,29,16,0
/Users/larrymotuzis/Larry_Motuzis_Data/Project06_POI/poi-ooxml/src/main/java/org/apache/poi/xssf/usermodel/XSSFDataValidationConstraint.java,org.apache.poi.xssf.usermodel.XSSFDataValidationConstraint,class,3,6,3,3,47,1,0,24,29,0.7777778,0.5147059,1.0,19,4,15,2,2,0,17,0,0,0,9,4,0,9,0,0,5,0,11,145,12,1,18,0,1,12,10,21,2,14,3,0,0,0,135,1,0
/Users/larrymotuzis/Larry_Motuzis_Data/Project06_POI/poi-ooxml/src/main/java/org/apache/poi/xwpf/usermodel/XWPFSDT.java,org.apache.poi.xwpf.usermodel.XWPFSDT,class,11,21,10,11,4,2,0,2,0,0.0,1.0,1.0,4,0,4,0,0,0,4,0,0,0,1,0,0,1,0,0,1,0,0,18,1,0,0,0,0,0,0,3,0,1,0,0,0,0,40,1,0
/Users/larrymotuzis/Larry_Motuzis_Data/Project06_POI/poi-ooxml/src/main/java/org/apache/poi/xdgf/usermodel/XDGFCell.java,org.apache.poi.xdgf.usermodel.XDGFCell,class,4,27,23,4,31,1,0,13,36,0.46153846,0.1923077,0.1923077,13,7,12,0,1,0,13,0,0,0,1,0,0,0,0,1,0,0,5,83,24,0,9,3,0,14,0,6,4,6,2,0,0,0,112,1,0
/Users/larrymotuzis/Larry_Motuzis_Data/Project06_POI/poi-ooxml/src/main/java/org/apache/poi/xslf/usermodel/XSLFAutoShape.java,org.apache.poi.xslf.usermodel.XSLFAutoShape,class,15,22,7,15,9,4,2,23,10,0.0,0.0,0.0,5,2,1,0,1,3,5,0,0,0,0,0,0,0,0,0,0,0,0,43,6,0,1,0,0,3,0,9,2,8,1,0,0,0,48,1,0
/Users/larrymotuzis/Larry_Motuzis_Data/Project06_POI/poi-ooxml/src/main/java/org/apache/poi/poifs/crypt/dsig/services/TimeStampSimpleHttpClient.java,org.apache.poi.poifs.crypt.dsig.services.TimeStampSimpleHttpClient,class,9,11,2,9,37,1,0,50,66,0.8557692,0.13333334,0.31666666,16,2,14,0,2,0,16,0,0,0,13,7,0,3,10,0,7,0,5,184,9,0,6,6,2,17,6,38,4,34,3,0,3,3,146,1,3
/Users/larrymotuzis/Larry_Motuzis_Data/Project06_POI/poi-ooxml/src/main/java/org/apache/poi/xddf/usermodel/text/XDDFSpacing.java,org.apache.poi.xddf.usermodel.text.XDDFSpacing,class,4,8,4,4,3,1,2,0,1,0.33333334,0.33333334,0.33333334,3,0,1,0,2,0,3,1,0,0,1,0,0,0,1,0,0,0,0,11,1,0,0,0,0,0,0,1,0,1,0,0,1,0,19,1025,0
/Users/larrymotuzis/Larry_Motuzis_Data/Project06_POI/poi-ooxml/src/main/java/org/apache/poi/xwpf/usermodel/XWPFComments.java,org.apache.poi.xwpf.usermodel.XWPFComments,class,20,24,4,20,38,2,0,44,67,0.7105263,0.30409357,0.7017544,19,0,18,0,1,0,19,0,0,0,4,0,0,3,0,1,2,0,5,144,20,4,5,3,1,5,2,24,1,20,2,0,0,0,136,1,0
/Users/larrymotuzis/Larry_Motuzis_Data/Project06_POI/poi-ooxml/src/main/java/org/apache/poi/xslf/usermodel/XSLFTextRun.java,org.apache.poi.xslf.usermodel.XSLFTextRun$XSLFFontInfo,innerclass,15,15,0,15,73,1,0,53,64,0.8333333,0.0,0.0,12,0,8,3,0,1,9,0,0,0,1,0,0,1,0,0,1,0,0,181,16,0,29,0,9,7,2,36,0,27,2,0,0,1,48,18,0
/Users/larrymotuzis/Larry_Motuzis_Data/Project06_POI/poi-ooxml/src/main/java/org/apache/poi/poifs/crypt/temp/SheetDataWriterWithDecorator.java,org.apache.poi.poifs.crypt.temp.SheetDataWriterWithDecorator,class,5,7,2,5,5,2,0,4,0,0.25,0.5,0.5,4,0,1,0,2,1,4,0,0,0,3,1,0,0,0,3,1,0,0,26,2,0,1,0,0,2,2,6,0,6,1,0,0,0,30,1,0
/Users/larrymotuzis/Larry_Motuzis_Data/Project06_POI/poi-ooxml/src/main/java/org/apache/poi/ooxml/util/PackageHelper.java,org.apache.poi.ooxml.util.PackageHelper,class,11,14,3,11,16,1,0,59,10,0.0,0.0,0.0,5,5,3,2,0,0,3,0,0,0,0,0,0,0,0,0,0,0,8,86,3,2,3,4,0,1,0,15,0,15,4,0,0,0,93,17,0
/Users/larrymotuzis/Larry_Motuzis_Data/Project06_POI/poi-ooxml/src/main/java/org/apache/poi/xssf/streaming/SXSSFCell.java,org.apache.poi.xssf.streaming.SXSSFCell$Property,innerclass,1,1,0,1,4,1,0,0,0,0.8125,0.5,0.5,4,0,1,0,0,3,4,1,0,0,4,2,0,0,0,4,2,0,0,16,1,0,0,0,0,0,2,4,0,4,0,0,0,0,22,1032,0
/Users/larrymotuzis/Larry_Motuzis_Data/Project06_POI/poi-ooxml/src/main/java/org/apache/poi/xddf/usermodel/XDDFPicture.java,org.apache.poi.xddf.usermodel.XDDFPicture,class,3,5,2,3,2,1,0,0,0,0.0,1.0,1.0,2,0,2,0,0,0,2,0,0,0,1,0,0,1,0,0,0,0,0,9,1,0,0,0,0,0,0,1,0,1,0,0,0,0,11,1,0
/Users/larrymotuzis/Larry_Motuzis_Data/Project06_POI/poi-ooxml/src/main/java/org/apache/poi/xwpf/usermodel/TextSegment.java,org.apache.poi.xwpf.usermodel.TextSegment,class,1,2,1,1,17,1,0,6,0,0.4117647,0.6397059,1.0,17,0,17,0,0,0,17,0,0,0,2,0,0,2,0,0,0,0,0,60,8,0,0,0,0,0,0,8,0,4,0,0,0,0,22,1,0
/Users/larrymotuzis/Larry_Motuzis_Data/Project06_POI/poi-ooxml/src/main/java/org/apache/poi/xwpf/usermodel/XWPFParagraph.java,org.apache.poi.xwpf.usermodel.XWPFParagraph,class,64,83,19,64,312,1,0,245,4804,0.911859,0.041209407,0.11825308,104,0,94,9,1,0,95,0,0,0,6,0,0,2,4,0,2,0,35,949,100,20,117,8,32,16,48,239,7,220,8,0,0,5,501,1,0
/Users/larrymotuzis/Larry_Motuzis_Data/Project06_POI/poi-ooxml/src/main/java/org/apache/poi/xssf/usermodel/XSSFComment.java,org.apache.poi.xssf.usermodel.XSSFComment,class,15,27,12,15,43,1,1,42,141,0.75,0.21428572,0.31428573,22,1,20,1,1,0,21,0,0,0,4,0,0,4,0,0,3,0,7,143,14,1,15,0,7,5,29,22,7,18,3,0,0,0,114,1,0
/Users/larrymotuzis/Larry_Motuzis_Data/Project06_POI/poi-ooxml/src/main/java/org/apache/poi/xssf/binary/XSSFHyperlinkRecord.java,org.apache.poi.xssf.binary.XSSFHyperlinkRecord,class,3,6,3,3,15,1,0,3,0,0.5333333,0.6212121,1.0,12,0,7,0,0,5,12,0,0,0,5,0,0,5,0,0,2,0,6,50,10,0,3,0,0,6,0,9,2,6,1,0,0,0,69,1,0
/Users/larrymotuzis/Larry_Motuzis_Data/Project06_POI/poi-ooxml/src/main/java/org/apache/poi/xwpf/usermodel/XWPFAbstractSDT.java,org.apache.poi.xwpf.usermodel.XWPFAbstractSDT,class,8,10,2,8,13,1,2,7,28,0.7777778,0.11111111,0.2777778,9,0,9,0,0,0,9,1,0,0,4,0,0,4,0,0,4,0,0,34,7,0,2,0,2,2,0,4,0,4,0,0,0,0,62,1025,0
/Users/larrymotuzis/Larry_Motuzis_Data/Project06_POI/poi-ooxml/src/main/java/org/apache/poi/xslf/draw/geom/XSLFPolarAdjustHandle.java,org.apache.poi.xslf.draw.geom.XSLFPolarAdjustHandle,class,3,4,1,3,1,1,0,0,0,0.0,NaN,NaN,1,0,1,0,0,0,1,0,0,0,1,0,0,0,0,1,1,0,0,6,0,0,0,0,0,0,0,1,0,1,0,0,0,0,16,1,0
/Users/larrymotuzis/Larry_Motuzis_Data/Project06_POI/poi-ooxml/src/main/java/org/apache/poi/xddf/usermodel/chart/XDDFLineChartData.java,org.apache.poi.xddf.usermodel.chart.XDDFLineChartData$Series,innerclass,13,13,0,13,40,2,0,42,0,0.1,0.79532164,0.79532164,20,0,11,1,8,0,19,0,0,0,1,0,0,1,0,0,0,0,0,149,15,0,3,0,0,1,2,4,0,3,2,0,0,0,67,1,0
/Users/larrymotuzis/Larry_Motuzis_Data/Project06_POI/poi-ooxml/src/main/java/org/apache/poi/xdgf/usermodel/XDGFDocument.java,org.apache.poi.xdgf.usermodel.XDGFDocument,class,6,16,10,6,18,1,0,17,9,0.7142858,0.2857143,1.0,7,0,7,0,0,0,7,0,0,0,6,0,0,0,1,5,0,0,0,48,6,1,4,0,0,5,0,11,0,11,2,0,0,0,54,1,0
/Users/larrymotuzis/Larry_Motuzis_Data/Project06_POI/poi-ooxml/src/main/java/org/apache/poi/xddf/usermodel/XDDFColorRgbBinary.java,org.apache.poi.xddf.usermodel.XDDFColorRgbBinary,class,8,12,4,8,8,2,0,8,0,0.0,1.0,1.0,7,0,4,0,3,0,7,0,0,0,1,0,0,1,0,0,0,0,1,30,3,1,0,0,0,1,1,2,0,2,1,0,0,0,26,1,0
/Users/larrymotuzis/Larry_Motuzis_Data/Project06_POI/poi-ooxml/src/main/java/org/apache/poi/xssf/eventusermodel/XSSFReader.java,org.apache.poi.xssf.eventusermodel.XSSFReader$XSSFSheetRef,innerclass,0,0,0,0,3,1,0,0,0,0.33333334,0.6666667,1.0,3,0,3,0,0,0,3,0,0,0,2,0,0,2,0,0,2,0,0,14,2,0,0,0,0,0,0,2,0,2,0,0,0,0,10,25,0
/Users/larrymotuzis/Larry_Motuzis_Data/Project06_POI/poi-ooxml/src/main/java/org/apache/poi/xddf/usermodel/chart/XDDFCategoryDataSource.java,org.apache.poi.xddf.usermodel.chart.XDDFCategoryDataSource,interface,2,5,3,2,4,1,0,0,6,0.0,0.0,0.0,4,0,0,0,0,4,4,0,0,0,0,0,0,0,0,0,0,0,0,14,4,0,0,0,0,0,1,0,0,0,0,0,0,0,15,1,0
/Users/larrymotuzis/Larry_Motuzis_Data/Project06_POI/poi-ooxml/src/main/java/org/apache/poi/poifs/crypt/dsig/services/TSPTimeStampService.java,org.apache.poi.poifs.crypt.dsig.services.TSPTimeStampService,class,32,34,2,32,31,1,0,97,13,0.6666667,0.06666667,0.06666667,6,0,2,0,4,0,6,0,0,0,1,1,0,1,0,0,1,0,6,142,15,1,13,2,2,18,5,38,3,46,3,0,0,10,184,1,8
/Users/larrymotuzis/Larry_Motuzis_Data/Project06_POI/poi-ooxml/src/main/java/org/apache/poi/xslf/usermodel/XSLFLineBreak.java,org.apache.poi.xslf.usermodel.XSLFLineBreak,class,3,4,1,3,2,2,0,0,1,0.0,0.0,0.0,2,0,1,0,1,0,2,0,0,0,0,0,0,0,0,0,0,0,0,8,0,0,0,0,0,1,0,0,0,0,0,0,0,0,25,0,0
/Users/larrymotuzis/Larry_Motuzis_Data/Project06_POI/poi-ooxml/src/main/java/org/apache/poi/xddf/usermodel/XDDFPatternFillProperties.java,org.apache.poi.xddf.usermodel.XDDFPatternFillProperties,class,6,9,3,6,18,1,0,16,0,0.11111111,0.7777778,0.7777778,9,0,8,0,1,0,9,0,0,0,1,0,0,1,0,0,0,0,3,66,7,0,3,0,0,0,0,1,0,1,2,0,0,0,21,1,0
/Users/larrymotuzis/Larry_Motuzis_Data/Project06_POI/poi-ooxml/src/main/java/org/apache/poi/xddf/usermodel/XDDFGeometryRectangle.java,org.apache.poi.xddf.usermodel.XDDFGeometryRectangle,class,3,4,1,3,2,1,0,0,0,0.0,1.0,1.0,2,0,1,0,1,0,2,0,0,0,1,0,0,1,0,0,0,0,0,9,1,0,0,0,0,0,0,1,0,1,0,0,0,0,13,1,0
/Users/larrymotuzis/Larry_Motuzis_Data/Project06_POI/poi-ooxml/src/main/java/org/apache/poi/xssf/usermodel/XSSFTextParagraph.java,org.apache.poi.xssf.usermodel.XSSFTextParagraph$Anonymous12,anonymous,4,4,0,4,4,1,0,10,0,0.0,NaN,NaN,1,0,1,0,0,0,1,0,0,0,0,0,0,0,0,0,0,0,1,11,2,0,0,0,0,0,2,1,2,1,3,0,0,0,13,-1,0
/Users/larrymotuzis/Larry_Motuzis_Data/Project06_POI/poi-ooxml/src/main/java/org/apache/poi/xssf/usermodel/XSSFTextParagraph.java,org.apache.poi.xssf.usermodel.XSSFTextParagraph$Anonymous11,anonymous,5,5,0,5,3,1,0,8,0,0.0,NaN,NaN,1,0,1,0,0,0,1,0,0,0,0,0,0,0,0,0,0,0,1,14,2,0,0,0,0,0,0,3,0,3,2,0,0,0,19,-1,0
/Users/larrymotuzis/Larry_Motuzis_Data/Project06_POI/poi-ooxml/src/main/java/org/apache/poi/xssf/usermodel/XSSFTextParagraph.java,org.apache.poi.xssf.usermodel.XSSFTextParagraph$Anonymous10,anonymous,3,3,0,3,2,1,0,5,0,0.0,NaN,NaN,1,0,1,0,0,0,1,0,0,0,0,0,0,0,0,0,0,0,1,10,2,0,0,0,0,0,0,1,0,1,1,0,0,0,12,-1,0
/Users/larrymotuzis/Larry_Motuzis_Data/Project06_POI/poi-ooxml/src/main/java/org/apache/poi/xslf/usermodel/XSLFTexturePaint.java,org.apache.poi.xslf.usermodel.XSLFTexturePaint,class,25,27,2,25,44,1,0,48,40,0.78571427,0.44871795,0.84615386,16,2,13,3,0,0,13,0,0,0,7,0,0,7,0,0,7,0,6,107,21,1,10,2,4,2,12,17,2,17,2,0,0,0,84,1,0
/Users/larrymotuzis/Larry_Motuzis_Data/Project06_POI/poi-ooxml/src/main/java/org/apache/poi/openxml4j/opc/ZipPackagePart.java,org.apache.poi.openxml4j.opc.ZipPackagePart,class,10,12,2,10,10,2,0,4,25,0.5,0.22222222,0.22222222,10,0,7,0,2,1,10,0,0,0,1,0,0,1,0,0,0,0,0,32,5,0,0,0,1,1,0,1,0,1,0,0,0,0,70,1,0
/Users/larrymotuzis/Larry_Motuzis_Data/Project06_POI/poi-ooxml/src/main/java/org/apache/poi/poifs/crypt/dsig/SignatureOutputStream.java,org.apache.poi.poifs.crypt.dsig.SignatureOutputStream,class,3,4,1,3,9,3,0,8,0,0.2,0.6,0.6,5,0,4,0,0,1,5,0,0,0,1,0,0,0,0,1,0,0,4,35,1,0,1,2,0,4,0,3,2,2,1,0,0,0,27,0,0
/Users/larrymotuzis/Larry_Motuzis_Data/Project06_POI/poi-ooxml/src/main/java/org/apache/poi/ooxml/POIXMLDocument.java,org.apache.poi.ooxml.POIXMLDocument,class,8,16,8,8,20,2,2,21,36,0.8833333,0.18181819,0.18181819,12,1,6,1,5,0,11,1,2,0,5,3,3,2,0,0,3,0,1,88,5,1,4,3,0,5,1,13,0,11,2,0,0,0,168,1025,0
/Users/larrymotuzis/Larry_Motuzis_Data/Project06_POI/poi-ooxml/src/main/java/org/apache/poi/xssf/usermodel/XSSFTextParagraph.java,org.apache.poi.xssf.usermodel.XSSFTextParagraph$Anonymous18,anonymous,3,3,0,3,3,1,0,6,0,0.0,NaN,NaN,1,0,1,0,0,0,1,0,0,0,0,0,0,0,0,0,0,0,1,9,2,0,1,0,0,0,1,0,1,0,1,0,0,0,12,-1,0
/Users/larrymotuzis/Larry_Motuzis_Data/Project06_POI/poi-ooxml/src/main/java/org/apache/poi/xslf/draw/geom/XSLFAdjustPoint.java,org.apache.poi.xslf.draw.geom.XSLFAdjustPoint,class,3,8,5,3,9,1,0,5,0,0.0,1.0,1.0,7,0,7,0,0,0,7,0,0,0,1,0,0,1,0,0,1,0,0,24,4,0,2,0,0,0,0,1,0,1,0,0,0,0,26,1,0
/Users/larrymotuzis/Larry_Motuzis_Data/Project06_POI/poi-ooxml/src/main/java/org/apache/poi/xssf/usermodel/XSSFTextParagraph.java,org.apache.poi.xssf.usermodel.XSSFTextParagraph$Anonymous17,anonymous,2,2,0,2,3,1,0,5,0,0.0,NaN,NaN,1,0,1,0,0,0,1,0,0,0,0,0,0,0,0,0,0,0,0,9,2,0,0,0,0,0,0,0,0,0,1,0,0,0,11,-1,0
/Users/larrymotuzis/Larry_Motuzis_Data/Project06_POI/poi-ooxml/src/main/java/org/apache/poi/xssf/usermodel/XSSFTextParagraph.java,org.apache.poi.xssf.usermodel.XSSFTextParagraph$Anonymous16,anonymous,2,2,0,2,2,1,0,2,0,0.0,NaN,NaN,1,0,1,0,0,0,1,0,0,0,0,0,0,0,0,0,0,0,0,9,2,0,0,0,0,0,0,0,0,0,1,0,0,0,11,-1,0
/Users/larrymotuzis/Larry_Motuzis_Data/Project06_POI/poi-ooxml/src/main/java/org/apache/poi/xssf/usermodel/XSSFTextParagraph.java,org.apache.poi.xssf.usermodel.XSSFTextParagraph$Anonymous15,anonymous,2,2,0,2,5,1,0,5,0,0.0,NaN,NaN,1,0,1,0,0,0,1,0,0,0,0,0,0,0,0,0,0,0,0,15,3,0,0,0,0,0,0,0,0,0,2,0,0,0,11,-1,0
/Users/larrymotuzis/Larry_Motuzis_Data/Project06_POI/poi-ooxml/src/main/java/org/apache/poi/xssf/usermodel/XSSFTextParagraph.java,org.apache.poi.xssf.usermodel.XSSFTextParagraph$Anonymous14,anonymous,4,4,0,4,4,1,0,10,0,0.0,NaN,NaN,1,0,1,0,0,0,1,0,0,0,0,0,0,0,0,0,0,0,1,11,2,0,0,0,0,0,2,1,2,1,3,0,0,0,13,-1,0
/Users/larrymotuzis/Larry_Motuzis_Data/Project06_POI/poi-ooxml/src/main/java/org/apache/poi/xssf/usermodel/XSSFOddFooter.java,org.apache.poi.xssf.usermodel.XSSFOddFooter,class,3,4,1,3,4,2,0,4,3,0.0,0.0,0.0,3,0,2,0,1,0,3,0,0,0,0,0,0,0,0,0,0,0,0,16,1,0,1,0,0,0,0,0,0,0,1,0,0,0,60,1,0
/Users/larrymotuzis/Larry_Motuzis_Data/Project06_POI/poi-ooxml/src/main/java/org/apache/poi/xssf/usermodel/XSSFTextParagraph.java,org.apache.poi.xssf.usermodel.XSSFTextParagraph$Anonymous13,anonymous,4,4,0,4,4,1,0,10,0,0.0,NaN,NaN,1,0,1,0,0,0,1,0,0,0,0,0,0,0,0,0,0,0,1,11,2,0,0,0,0,0,2,1,2,1,3,0,0,0,13,-1,0
/Users/larrymotuzis/Larry_Motuzis_Data/Project06_POI/poi-ooxml/src/main/java/org/apache/poi/xslf/draw/SVGUserAgent.java,org.apache.poi.xslf.draw.SVGUserAgent$Anonymous1,anonymous,0,0,0,0,1,1,0,0,0,0.0,NaN,NaN,1,0,1,0,0,0,1,0,0,0,0,0,0,0,0,0,0,0,0,5,0,0,0,0,0,0,1,1,0,0,0,0,0,0,5,-1,0
/Users/larrymotuzis/Larry_Motuzis_Data/Project06_POI/poi-ooxml/src/main/java/org/apache/poi/poifs/crypt/dsig/SignatureConfig.java,org.apache.poi.poifs.crypt.dsig.SignatureConfig$CRLEntry,innerclass,1,1,0,1,4,1,0,0,0,0.5,0.5,1.0,4,0,4,0,0,0,4,0,0,0,3,0,0,3,0,0,3,0,0,19,3,0,0,0,0,0,0,3,0,3,0,0,0,0,12,9,0
/Users/larrymotuzis/Larry_Motuzis_Data/Project06_POI/poi-ooxml/src/main/java/org/apache/poi/xddf/usermodel/chart/XDDFBarChartData.java,org.apache.poi.xddf.usermodel.chart.XDDFBarChartData$Series,innerclass,10,10,0,10,30,2,0,31,0,0.0,1.0,1.0,17,0,9,0,8,0,17,0,0,0,1,0,0,1,0,0,0,0,0,111,13,0,2,0,0,0,0,2,0,1,2,0,0,0,47,1,0
/Users/larrymotuzis/Larry_Motuzis_Data/Project06_POI/poi-ooxml/src/main/java/org/apache/poi/xddf/usermodel/chart/XDDFBar3DChartData.java,org.apache.poi.xddf.usermodel.chart.XDDFBar3DChartData$Series,innerclass,10,10,0,10,30,2,0,31,0,0.0,1.0,1.0,17,0,9,0,8,0,17,0,0,0,1,0,0,1,0,0,0,0,0,111,13,0,2,0,0,0,0,2,0,1,2,0,0,0,46,1,0
/Users/larrymotuzis/Larry_Motuzis_Data/Project06_POI/poi-ooxml/src/main/java/org/apache/poi/xddf/usermodel/chart/XDDFView3D.java,org.apache.poi.xddf.usermodel.chart.XDDFView3D,class,2,3,1,2,47,1,0,28,0,0.0,1.0,1.0,13,0,12,0,1,0,13,0,0,0,1,0,0,1,0,0,1,0,0,149,10,0,6,0,2,5,10,1,0,1,2,0,0,0,36,1,0
/Users/larrymotuzis/Larry_Motuzis_Data/Project06_POI/poi-ooxml/src/main/java/org/apache/poi/xddf/usermodel/chart/XDDFChartData.java,org.apache.poi.xddf.usermodel.chart.XDDFChartData$Series,innerclass,16,16,0,16,59,1,0,58,235,0.82608694,0.023809524,0.028571429,23,0,13,2,8,0,21,9,0,0,2,0,0,0,2,0,0,0,0,225,8,2,11,0,0,2,7,38,2,22,3,0,0,0,89,1033,1
/Users/larrymotuzis/Larry_Motuzis_Data/Project06_POI/poi-ooxml/src/main/java/org/apache/poi/xslf/usermodel/XSLFPropertiesDelegate.java,org.apache.poi.xslf.usermodel.XSLFPropertiesDelegate$XSLFEffectProperties,interface,2,2,0,2,10,1,0,0,45,0.0,0.0,0.0,10,0,0,0,0,10,10,0,0,0,0,0,0,0,0,0,0,0,0,12,0,0,0,0,0,0,0,0,0,0,0,0,0,0,32,1,0
/Users/larrymotuzis/Larry_Motuzis_Data/Project06_POI/poi-ooxml/src/main/java/org/apache/poi/xssf/usermodel/XSSFFont.java,org.apache.poi.xssf.usermodel.XSSFFont,class,26,33,7,26,107,1,0,86,1,0.84802437,0.49082124,0.6086956,47,0,46,1,0,0,46,0,0,0,7,3,3,4,0,0,4,0,14,292,33,0,49,0,3,7,59,51,4,44,3,0,0,0,249,1,0
/Users/larrymotuzis/Larry_Motuzis_Data/Project06_POI/poi-ooxml/src/main/java/org/apache/poi/xwpf/usermodel/XWPFEndnote.java,org.apache.poi.xwpf.usermodel.XWPFEndnote,class,8,11,3,8,9,2,0,13,6,0.0,0.0,0.0,4,0,4,0,0,0,4,0,0,0,0,0,0,0,0,0,0,0,0,31,0,1,1,0,0,1,1,6,0,3,2,0,0,0,103,1,0
/Users/larrymotuzis/Larry_Motuzis_Data/Project06_POI/poi-ooxml/src/main/java/org/apache/poi/xddf/usermodel/chart/Grouping.java,org.apache.poi.xddf.usermodel.chart.Grouping,enum,2,7,5,2,4,1,0,3,0,0.25,0.0,0.0,2,1,0,0,0,2,3,0,0,0,2,1,0,1,0,1,2,0,1,14,1,1,0,0,0,0,0,2,0,2,1,0,0,0,19,1,0
/Users/larrymotuzis/Larry_Motuzis_Data/Project06_POI/poi-ooxml/src/main/java/org/apache/poi/poifs/crypt/dsig/services/RevocationData.java,org.apache.poi.poifs.crypt.dsig.services.RevocationData,class,2,8,6,2,12,1,0,11,31,0.73333335,0.15555556,0.15555556,10,0,10,0,0,0,10,0,0,0,3,0,0,3,0,0,3,0,1,42,6,0,0,1,0,1,0,3,1,4,1,0,0,1,52,1,0
/Users/larrymotuzis/Larry_Motuzis_Data/Project06_POI/poi-ooxml/src/main/java/org/apache/poi/openxml4j/opc/ContentTypes.java,org.apache.poi.openxml4j.opc.ContentTypes,class,0,2,2,0,8,1,0,3,0,0.35,NaN,NaN,1,1,1,0,0,0,1,0,0,0,20,20,20,0,0,0,20,0,0,42,7,0,0,0,0,20,1,21,1,21,1,0,0,0,72,17,0
/Users/larrymotuzis/Larry_Motuzis_Data/Project06_POI/poi-ooxml/src/main/java/org/apache/poi/poifs/crypt/temp/EncryptedTempData.java,org.apache.poi.poifs.crypt.temp.EncryptedTempData,class,6,10,4,6,7,1,0,12,0,0.4857143,0.7,1.0,5,0,5,0,0,0,5,0,0,0,7,3,0,7,0,0,6,0,2,34,3,0,1,0,0,4,3,10,0,10,1,0,0,0,88,1,1
/Users/larrymotuzis/Larry_Motuzis_Data/Project06_POI/poi-ooxml/src/main/java/org/apache/poi/ooxml/POIXMLRelation.java,org.apache.poi.ooxml.POIXMLRelation$PackagePartConstructor,interface,3,3,0,3,1,1,0,0,0,0.0,NaN,NaN,1,0,0,0,0,1,1,0,0,0,0,0,0,0,0,0,0,0,0,3,0,0,0,0,0,0,0,0,0,0,0,0,0,0,14,1,0
/Users/larrymotuzis/Larry_Motuzis_Data/Project06_POI/poi-ooxml/src/main/java/org/apache/poi/xssf/binary/XSSFBSharedStringsTable.java,org.apache.poi.xssf.binary.XSSFBSharedStringsTable,class,10,12,2,10,7,2,0,8,15,0.8333333,0.0,0.0,6,0,4,1,0,1,5,0,0,0,3,0,0,3,0,0,0,0,0,50,3,0,0,2,0,0,1,6,0,8,2,0,1,0,91,1,0
/Users/larrymotuzis/Larry_Motuzis_Data/Project06_POI/poi-ooxml/src/main/java/org/apache/poi/xssf/model/Comments.java,org.apache.poi.xssf.model.Comments,interface,5,13,8,5,11,1,0,0,55,0.0,0.0,0.0,11,0,0,0,0,11,11,0,0,0,0,0,0,0,0,0,0,0,0,13,0,0,0,0,0,0,0,0,0,0,0,0,0,0,111,1,0
/Users/larrymotuzis/Larry_Motuzis_Data/Project06_POI/poi-ooxml/src/main/java/org/apache/poi/xddf/usermodel/XDDFPresetGeometry2D.java,org.apache.poi.xddf.usermodel.XDDFPresetGeometry2D,class,5,6,1,5,14,1,0,17,0,0.0,1.0,1.0,9,0,7,0,2,0,9,0,0,0,1,0,0,1,0,0,0,0,4,48,8,0,0,0,0,0,0,1,0,2,1,0,0,1,24,1,0
/Users/larrymotuzis/Larry_Motuzis_Data/Project06_POI/poi-ooxml/src/main/java/org/apache/poi/xssf/XLSBUnsupportedException.java,org.apache.poi.xssf.XLSBUnsupportedException,class,1,2,1,1,1,2,0,0,0,0.5,NaN,NaN,1,0,1,0,0,0,1,0,0,0,2,2,1,1,0,0,2,0,0,7,0,0,0,0,0,1,1,2,0,2,0,0,0,0,37,1,0
/Users/larrymotuzis/Larry_Motuzis_Data/Project06_POI/poi-ooxml/src/main/java/org/apache/poi/xssf/usermodel/XSSFEvaluationSheet.java,org.apache.poi.xssf.usermodel.XSSFEvaluationSheet,class,9,12,3,9,14,1,0,9,0,0.4166667,0.73333335,1.0,6,0,6,0,0,0,6,0,0,0,2,0,0,2,0,0,1,0,0,74,8,2,5,0,0,0,1,12,1,10,3,0,1,0,34,16,0
/Users/larrymotuzis/Larry_Motuzis_Data/Project06_POI/poi-ooxml/src/main/java/org/apache/poi/xssf/usermodel/XSSFFormulaEvaluator.java,org.apache.poi.xssf.usermodel.XSSFFormulaEvaluator,class,11,14,3,11,12,3,0,7,53,0.8181818,0.022222223,0.022222223,11,2,8,1,2,0,10,0,0,0,1,0,0,1,0,0,1,0,2,40,3,0,0,0,1,3,0,1,1,1,1,0,0,0,107,17,0
/Users/larrymotuzis/Larry_Motuzis_Data/Project06_POI/poi-ooxml/src/main/java/org/apache/poi/xssf/usermodel/XSSFOddHeader.java,org.apache.poi.xssf.usermodel.XSSFOddHeader,class,3,4,1,3,4,2,0,4,3,0.0,0.0,0.0,3,0,2,0,1,0,3,0,0,0,0,0,0,0,0,0,0,0,0,16,1,0,1,0,0,0,0,0,0,0,1,0,0,0,60,1,0
/Users/larrymotuzis/Larry_Motuzis_Data/Project06_POI/poi-ooxml/src/main/java/org/apache/poi/xdgf/usermodel/section/CharacterSection.java,org.apache.poi.xdgf.usermodel.section.CharacterSection,class,5,6,1,5,6,2,0,7,2,0.5833333,0.33333334,0.5,4,0,4,0,0,0,4,0,0,0,3,0,0,0,0,3,0,0,3,23,2,1,1,0,0,2,1,5,0,5,1,0,0,0,26,1,0
/Users/larrymotuzis/Larry_Motuzis_Data/Project06_POI/poi-ooxml/src/main/java/org/apache/poi/xddf/usermodel/chart/AxisTickMark.java,org.apache.poi.xddf.usermodel.chart.AxisTickMark,enum,2,4,2,2,4,1,0,3,0,0.25,0.0,0.0,2,1,0,0,0,2,3,0,0,0,2,1,0,1,0,1,2,0,1,14,1,1,0,0,0,0,0,2,0,2,1,0,0,0,19,1,0
/Users/larrymotuzis/Larry_Motuzis_Data/Project06_POI/poi-ooxml/src/main/java/org/apache/poi/xwpf/usermodel/TableWidthType.java,org.apache.poi.xwpf.usermodel.TableWidthType,enum,2,4,2,2,2,1,0,0,0,0.0,1.0,1.0,2,0,1,0,0,1,2,0,0,0,1,0,0,1,0,0,0,0,0,8,1,0,0,0,0,0,0,2,0,1,0,0,0,0,44,1,0
/Users/larrymotuzis/Larry_Motuzis_Data/Project06_POI/poi-ooxml/src/main/java/org/apache/poi/xssf/extractor/XSSFExportToXml.java,org.apache.poi.xssf.extractor.XSSFExportToXml$SecurityFeature,interface,0,0,0,0,1,1,0,0,0,0.0,NaN,NaN,1,0,0,0,0,1,1,0,0,0,0,0,0,0,0,0,0,0,0,3,0,0,0,0,0,0,0,0,0,0,0,0,0,0,8,2,0
/Users/larrymotuzis/Larry_Motuzis_Data/Project06_POI/poi-ooxml/src/main/java/org/apache/poi/poifs/crypt/dsig/DSigRelation.java,org.apache.poi.poifs.crypt.dsig.DSigRelation,class,2,4,2,2,2,2,0,2,0,0.6666667,NaN,NaN,2,1,1,1,0,0,1,0,0,0,3,3,2,1,0,0,3,0,0,12,1,0,0,0,0,2,0,3,0,3,0,0,0,0,39,1,0
/Users/larrymotuzis/Larry_Motuzis_Data/Project06_POI/poi-ooxml/src/main/java/org/apache/poi/xwpf/usermodel/XWPFSDTContent.java,org.apache.poi.xwpf.usermodel.XWPFSDTContent,class,25,27,2,25,34,1,0,23,9,0.42857143,0.6,0.6,7,0,5,2,0,0,5,0,0,0,1,0,0,1,0,0,1,0,0,119,5,7,3,3,6,5,4,25,2,21,3,0,0,0,62,1,0
/Users/larrymotuzis/Larry_Motuzis_Data/Project06_POI/poi-ooxml/src/main/java/org/apache/poi/xdgf/usermodel/section/geometry/GeometryRow.java,org.apache.poi.xdgf.usermodel.section.geometry.GeometryRow,interface,2,20,18,2,2,1,0,0,1,0.0,0.0,0.0,2,0,2,0,0,0,2,0,0,0,0,0,0,0,0,0,0,0,0,4,0,0,0,0,0,0,0,0,0,0,0,0,0,0,14,1,0
/Users/larrymotuzis/Larry_Motuzis_Data/Project06_POI/poi-ooxml/src/main/java/org/apache/poi/xdgf/usermodel/shape/exceptions/StopVisiting.java,org.apache.poi.xdgf.usermodel.shape.exceptions.StopVisiting,class,0,0,0,0,0,4,0,0,0,NaN,-1.0,-1.0,0,0,0,0,0,0,0,0,0,0,1,1,0,1,0,0,1,0,0,3,0,0,0,0,0,0,1,1,0,1,0,0,0,0,11,1,0
/Users/larrymotuzis/Larry_Motuzis_Data/Project06_POI/poi-ooxml/src/main/java/org/apache/poi/xwpf/usermodel/XWPFPictureData.java,org.apache.poi.xwpf.usermodel.XWPFPictureData,class,10,17,7,10,40,2,0,26,81,0.875,0.00952381,0.00952381,14,2,11,0,3,0,15,0,0,0,4,3,0,3,1,0,2,0,3,127,18,1,17,2,6,1,6,32,1,18,3,0,0,0,158,1,0
/Users/larrymotuzis/Larry_Motuzis_Data/Project06_POI/poi-ooxml/src/main/java/org/apache/poi/xdgf/usermodel/XDGFMaster.java,org.apache.poi.xdgf.usermodel.XDGFMaster,class,7,12,5,7,8,1,0,6,1,0.5714286,0.47619048,1.0,7,0,6,0,1,0,7,0,0,0,3,0,0,1,2,0,0,0,0,29,6,0,0,0,0,3,0,3,1,3,1,0,0,0,44,1,0
/Users/larrymotuzis/Larry_Motuzis_Data/Project06_POI/poi-ooxml/src/main/java/org/apache/poi/xslf/util/BitmapFormat.java,org.apache.poi.xslf.util.BitmapFormat,class,3,4,1,3,8,1,0,6,0,0.33333334,0.8333333,1.0,4,0,4,0,0,0,4,0,0,0,3,0,0,3,0,0,1,0,1,35,1,0,1,0,0,3,0,5,0,4,1,0,0,0,25,1,0
/Users/larrymotuzis/Larry_Motuzis_Data/Project06_POI/poi-ooxml/src/main/java/org/apache/poi/poifs/crypt/dsig/SignaturePart.java,org.apache.poi.poifs.crypt.dsig.SignaturePart,class,14,17,3,14,16,1,0,37,0,0.69387764,0.53333336,1.0,7,0,5,1,0,1,6,0,0,0,7,3,0,7,0,0,5,0,3,120,6,2,0,3,1,15,1,29,0,29,2,0,1,0,97,1,5
/Users/larrymotuzis/Larry_Motuzis_Data/Project06_POI/poi-ooxml/src/main/java/org/apache/poi/xddf/usermodel/chart/ChartTypes.java,org.apache.poi.xddf.usermodel.chart.ChartTypes,enum,0,1,1,0,0,1,0,0,0,0.0,-1.0,-1.0,0,0,0,0,0,0,0,0,0,0,0,0,0,0,0,0,0,0,0,1,0,0,0,0,0,0,0,0,0,0,0,0,0,0,11,1,0
/Users/larrymotuzis/Larry_Motuzis_Data/Project06_POI/poi-ooxml/src/main/java/org/apache/poi/xdgf/usermodel/shape/ShapeTextVisitor.java,org.apache.poi.xdgf.usermodel.shape.ShapeTextVisitor$TextAcceptor,innerclass,2,2,0,2,1,1,0,1,0,0.0,NaN,NaN,1,0,1,0,0,0,1,0,0,0,0,0,0,0,0,0,0,0,0,5,1,0,0,0,0,0,0,0,0,0,0,0,0,0,10,9,0
/Users/larrymotuzis/Larry_Motuzis_Data/Project06_POI/poi-ooxml/src/main/java/org/apache/poi/openxml4j/util/ZipArchiveFakeEntry.java,org.apache.poi.openxml4j.util.ZipArchiveFakeEntry,class,6,8,2,6,23,2,0,26,0,0.43333337,0.4,0.4,5,2,4,0,0,1,5,0,0,0,6,3,0,6,0,0,2,0,6,79,4,0,7,3,2,9,7,13,1,10,3,0,0,0,126,17,2
/Users/larrymotuzis/Larry_Motuzis_Data/Project06_POI/poi-ooxml/src/main/java/org/apache/poi/xssf/binary/XSSFBRichTextString.java,org.apache.poi.xssf.binary.XSSFBRichTextString,class,4,5,1,4,10,2,0,1,39,0.7,0.06666667,0.06666667,10,0,9,0,0,1,10,0,0,0,1,0,0,1,0,0,1,0,0,28,4,0,0,0,0,0,2,1,0,1,0,0,0,0,37,0,0
/Users/larrymotuzis/Larry_Motuzis_Data/Project06_POI/poi-ooxml/src/main/java/org/apache/poi/xssf/usermodel/XSSFDxfStyleProvider.java,org.apache.poi.xssf.usermodel.XSSFDxfStyleProvider,class,11,12,1,11,11,1,0,10,5,0.6944444,0.33333334,1.0,6,0,6,0,0,0,6,0,0,0,6,0,0,6,0,0,6,0,0,45,5,0,1,0,0,0,0,12,0,7,2,0,0,0,47,1,0
/Users/larrymotuzis/Larry_Motuzis_Data/Project06_POI/poi-ooxml/src/main/java/org/apache/poi/xdgf/usermodel/section/geometry/RelMoveTo.java,org.apache.poi.xdgf.usermodel.section.geometry.RelMoveTo,class,6,7,1,6,15,1,0,12,0,0.5833333,0.26666668,0.6666667,6,0,6,0,0,0,6,0,0,0,4,0,0,0,0,4,0,0,2,38,5,1,4,0,0,4,0,5,3,5,2,0,0,0,37,1,0
/Users/larrymotuzis/Larry_Motuzis_Data/Project06_POI/poi-ooxml/src/main/java/org/apache/poi/xssf/usermodel/XSSFWorkbookType.java,org.apache.poi.xssf.usermodel.XSSFWorkbookType,enum,1,2,1,1,3,1,0,1,0,0.33333334,0.0,0.0,3,0,2,1,0,0,2,0,0,0,2,0,0,2,0,0,2,0,0,13,2,0,0,0,0,2,0,2,0,2,0,0,0,0,23,1,0
/Users/larrymotuzis/Larry_Motuzis_Data/Project06_POI/poi-ooxml/src/main/java/org/apache/poi/xwpf/usermodel/XWPFPicture.java,org.apache.poi.xwpf.usermodel.XWPFPicture,class,7,8,1,7,14,1,0,18,0,0.5238095,0.7619048,1.0,7,0,7,0,0,0,7,0,0,0,3,0,0,3,0,0,3,0,0,43,7,0,5,0,0,1,0,7,1,7,2,0,0,0,66,1,0
/Users/larrymotuzis/Larry_Motuzis_Data/Project06_POI/poi-ooxml/src/main/java/org/apache/poi/xssf/usermodel/XSSFVMLDrawing.java,org.apache.poi.xssf.usermodel.XSSFVMLDrawing,class,17,24,7,17,29,2,0,75,10,0.76388884,0.46666667,0.46666667,12,0,3,2,7,0,10,0,0,0,6,3,1,5,0,0,3,0,7,175,13,4,6,12,4,23,9,53,3,45,5,0,0,0,217,17,0
/Users/larrymotuzis/Larry_Motuzis_Data/Project06_POI/poi-ooxml/src/main/java/org/apache/poi/xwpf/usermodel/ISDTContents.java,org.apache.poi.xwpf.usermodel.ISDTContents,interface,0,6,6,0,0,1,0,0,0,0.0,-1.0,-1.0,0,0,0,0,0,0,0,0,0,0,0,0,0,0,0,0,0,0,0,2,0,0,0,0,0,0,0,0,0,0,0,0,0,0,20,1,0
/Users/larrymotuzis/Larry_Motuzis_Data/Project06_POI/poi-ooxml/src/main/java/org/apache/poi/openxml4j/opc/OPCComplianceFlags.java,org.apache.poi.openxml4j.opc.OPCComplianceFlags,class,1,5,4,1,11,1,0,0,31,0.72727275,0.08888889,0.08888889,11,2,10,1,0,0,10,0,0,0,4,0,0,0,4,0,0,0,0,46,10,0,0,0,0,0,0,8,0,4,0,0,0,0,107,1,0
/Users/larrymotuzis/Larry_Motuzis_Data/Project06_POI/poi-ooxml/src/main/java/org/apache/poi/xddf/usermodel/chart/AxisOrientation.java,org.apache.poi.xddf.usermodel.chart.AxisOrientation,enum,2,4,2,2,4,1,0,3,0,0.25,0.0,0.0,2,1,0,0,0,2,3,0,0,0,2,1,0,1,0,1,2,0,1,14,1,1,0,0,0,0,0,2,0,2,1,0,0,0,15,1,0
/Users/larrymotuzis/Larry_Motuzis_Data/Project06_POI/poi-ooxml/src/main/java/org/apache/poi/xwpf/usermodel/FootnoteEndnoteIdManager.java,org.apache.poi.xwpf.usermodel.FootnoteEndnoteIdManager,class,2,6,4,2,5,1,0,7,0,0.0,1.0,1.0,2,0,2,0,0,0,2,0,0,0,1,0,0,1,0,0,0,0,2,22,1,3,0,0,0,0,0,5,0,4,1,0,0,0,42,1,0
/Users/larrymotuzis/Larry_Motuzis_Data/Project06_POI/poi-ooxml/src/main/java/org/apache/poi/xddf/usermodel/XDDFLineJoinMiterProperties.java,org.apache.poi.xddf.usermodel.XDDFLineJoinMiterProperties,class,5,6,1,5,8,1,0,6,0,0.2,0.6,0.6,5,0,3,0,2,0,5,0,0,0,1,0,0,1,0,0,0,0,1,30,3,0,1,0,0,0,0,1,0,1,2,0,0,0,18,1,0
/Users/larrymotuzis/Larry_Motuzis_Data/Project06_POI/poi-ooxml/src/main/java/org/apache/poi/xdgf/usermodel/section/geometry/RelEllipticalArcTo.java,org.apache.poi.xdgf.usermodel.section.geometry.RelEllipticalArcTo,class,7,8,1,7,27,1,0,15,0,0.6499999,0.17777778,0.8,10,0,10,0,0,0,10,0,0,0,8,0,0,0,0,8,0,0,7,75,9,1,8,0,0,8,0,17,5,17,2,0,0,0,44,1,0
/Users/larrymotuzis/Larry_Motuzis_Data/Project06_POI/poi-ooxml/src/main/java/org/apache/poi/openxml4j/opc/PackagingURIHelper.java,org.apache.poi.openxml4j.opc.PackagingURIHelper,class,7,28,21,7,101,1,0,58,219,0.9488636,0.0043290043,0.0043290043,22,22,21,1,0,0,22,0,0,0,16,16,12,4,0,0,15,0,29,350,38,10,30,12,7,43,55,88,29,69,4,0,0,0,260,17,3
/Users/larrymotuzis/Larry_Motuzis_Data/Project06_POI/poi-ooxml/src/main/java/org/apache/poi/openxml4j/opc/internal/EncryptedTempFilePackagePart.java,org.apache.poi.openxml4j.opc.internal.EncryptedTempFilePackagePart,class,11,13,2,11,12,2,0,12,25,0.7,0.22222222,0.22222222,10,0,8,0,2,0,10,0,0,0,2,1,0,2,0,0,1,0,0,45,5,0,0,2,0,1,1,4,0,4,1,0,0,0,68,17,1
/Users/larrymotuzis/Larry_Motuzis_Data/Project06_POI/poi-ooxml/src/main/java/org/apache/poi/xssf/streaming/SXSSFCell.java,org.apache.poi.xssf.streaming.SXSSFCell$BooleanValue,innerclass,2,2,0,2,5,1,0,0,0,0.2,0.6,0.6,5,0,3,0,0,2,5,0,0,0,1,0,0,0,0,1,0,0,0,18,2,0,0,0,0,0,0,3,0,1,0,0,0,0,9,8,0
/Users/larrymotuzis/Larry_Motuzis_Data/Project06_POI/poi-ooxml/src/main/java/org/apache/poi/xssf/usermodel/XSSFHeaderFooterProperties.java,org.apache.poi.xssf.usermodel.XSSFHeaderFooterProperties,class,3,5,2,3,18,1,0,17,89,0.85714287,0.010989011,0.010989011,14,0,14,0,0,0,14,0,0,0,1,0,0,1,0,0,1,0,0,53,5,0,0,0,0,0,0,1,0,1,1,0,0,0,67,1,0
/Users/larrymotuzis/Larry_Motuzis_Data/Project06_POI/poi-ooxml/src/main/java/org/apache/poi/xslf/usermodel/XSLFSlideShow.java,org.apache.poi.xslf.usermodel.XSLFSlideShow,class,21,22,1,21,30,2,0,33,74,0.84615386,0.025641026,0.03846154,13,0,13,0,0,0,13,0,0,0,2,0,0,2,0,0,2,0,0,133,14,3,2,11,0,2,4,23,2,23,3,0,0,0,139,1,0
/Users/larrymotuzis/Larry_Motuzis_Data/Project06_POI/poi-ooxml/src/main/java/org/apache/poi/xssf/streaming/SXSSFRow.java,org.apache.poi.xssf.streaming.SXSSFRow,class,15,21,6,15,65,1,0,36,682,0.91707313,0.08846154,0.16025642,41,1,36,1,0,4,40,0,0,0,10,1,0,10,0,0,3,0,4,220,33,1,12,1,10,10,18,28,6,20,2,0,2,0,277,1,0
/Users/larrymotuzis/Larry_Motuzis_Data/Project06_POI/poi-ooxml/src/main/java/org/apache/poi/xddf/usermodel/text/XDDFTextRun.java,org.apache.poi.xddf.usermodel.text.XDDFTextRun,class,26,28,2,26,98,1,0,57,2117,0.9283582,0.015384615,0.026442308,67,0,61,2,4,0,65,0,0,0,5,0,0,5,0,0,1,0,3,276,45,0,12,0,2,3,7,22,5,28,2,0,0,10,176,1,0
/Users/larrymotuzis/Larry_Motuzis_Data/Project06_POI/poi-ooxml/src/main/java/org/apache/poi/xslf/model/PropertyFetcher.java,org.apache.poi.xslf.model.PropertyFetcher,class,3,24,21,3,4,1,0,0,2,0.5,0.33333334,0.5,4,0,4,0,0,0,4,1,0,0,2,0,0,2,0,0,0,0,0,15,2,0,0,0,0,0,0,3,0,2,0,0,0,0,35,1025,0
/Users/larrymotuzis/Larry_Motuzis_Data/Project06_POI/poi-ooxml/src/main/java/org/apache/poi/xssf/extractor/XSSFImportFromXML.java,org.apache.poi.xssf.extractor.XSSFImportFromXML$DataType,enum,1,1,0,1,4,1,0,3,0,0.0,0.0,0.0,2,1,1,0,0,1,2,0,0,0,1,0,0,1,0,0,0,0,2,13,2,1,0,0,0,7,0,1,0,1,2,0,0,0,21,2,0
/Users/larrymotuzis/Larry_Motuzis_Data/Project06_POI/poi-ooxml/src/main/java/org/apache/poi/openxml4j/opc/internal/ZipContentTypeManager.java,org.apache.poi.openxml4j.opc.internal.ZipContentTypeManager,class,9,12,3,9,4,2,0,8,1,0.5,0.0,0.0,2,0,2,0,0,0,2,0,0,0,1,1,0,1,0,0,1,0,2,24,2,0,0,2,1,3,0,3,1,3,2,0,0,0,57,1,1
/Users/larrymotuzis/Larry_Motuzis_Data/Project06_POI/poi-ooxml/src/main/java/org/apache/poi/xslf/model/CharacterPropertyFetcher.java,org.apache.poi.xslf.model.CharacterPropertyFetcher,class,13,15,2,13,20,2,0,20,25,0.7,0.33333334,0.33333334,10,0,3,7,0,0,3,0,0,0,3,0,0,2,0,1,2,0,2,68,2,0,3,1,1,0,0,5,0,5,2,0,1,0,39,17,0
/Users/larrymotuzis/Larry_Motuzis_Data/Project06_POI/poi-ooxml/src/main/java/org/apache/poi/xddf/usermodel/HasShapeProperties.java,org.apache.poi.xddf.usermodel.HasShapeProperties,interface,1,1,0,1,1,1,0,0,0,0.0,NaN,NaN,1,0,0,0,0,1,1,0,0,0,0,0,0,0,0,0,0,0,0,3,0,0,0,0,0,0,0,0,0,0,0,0,0,0,9,1,0
/Users/larrymotuzis/Larry_Motuzis_Data/Project06_POI/poi-ooxml/src/main/java/org/apache/poi/xssf/usermodel/XSSFEvaluationSheet.java,org.apache.poi.xssf.usermodel.XSSFEvaluationSheet$CellKey,innerclass,1,1,0,1,7,1,0,0,0,0.22222222,1.0,1.0,3,0,2,0,1,0,3,0,0,0,3,0,0,3,0,0,2,0,0,22,3,0,3,0,2,0,5,5,4,4,1,0,0,0,14,10,0
/Users/larrymotuzis/Larry_Motuzis_Data/Project06_POI/poi-ooxml/src/main/java/org/apache/poi/xddf/usermodel/text/XDDFSpacingPoints.java,org.apache.poi.xddf.usermodel.text.XDDFSpacingPoints,class,7,9,2,7,6,2,0,7,0,0.2,0.6,0.6,5,0,4,0,1,0,5,0,0,0,1,0,0,1,0,0,0,0,0,24,2,0,0,0,1,0,2,1,2,1,1,0,0,0,16,1,0
/Users/larrymotuzis/Larry_Motuzis_Data/Project06_POI/poi-ooxml/src/main/java/org/apache/poi/xssf/streaming/SXSSFCell.java,org.apache.poi.xssf.streaming.SXSSFCell$HyperlinkProperty,innerclass,1,1,0,1,2,2,0,0,1,0.0,0.0,0.0,2,0,2,0,0,0,2,0,0,0,0,0,0,0,0,0,0,0,0,8,1,0,0,0,0,0,0,0,0,0,0,0,0,0,15,8,0
/Users/larrymotuzis/Larry_Motuzis_Data/Project06_POI/poi-ooxml/src/main/java/org/apache/poi/xddf/usermodel/LineEndWidth.java,org.apache.poi.xddf.usermodel.LineEndWidth,enum,2,4,2,2,4,1,0,3,0,0.25,0.0,0.0,2,1,0,0,0,2,3,0,0,0,2,1,0,1,0,1,2,0,1,14,1,1,0,0,0,0,0,2,0,2,1,0,0,0,20,1,0
/Users/larrymotuzis/Larry_Motuzis_Data/Project06_POI/poi-ooxml/src/main/java/org/apache/poi/xslf/usermodel/XSLFFreeformShape.java,org.apache.poi.xslf.usermodel.XSLFFreeformShape,class,26,32,6,26,33,5,0,88,105,0.93333334,0.0,0.0,15,11,3,10,0,2,5,0,0,0,1,1,0,1,0,0,1,0,12,169,12,4,0,1,6,7,13,42,8,37,5,0,0,0,110,1,1
/Users/larrymotuzis/Larry_Motuzis_Data/Project06_POI/poi-ooxml/src/main/java/org/apache/poi/xwpf/usermodel/XWPFFooter.java,org.apache.poi.xwpf.usermodel.XWPFFooter,class,16,18,2,16,14,3,0,18,15,0.0,0.0,0.0,6,0,4,0,2,0,6,0,0,0,0,0,0,0,0,0,0,0,0,69,1,2,0,4,0,3,0,15,0,14,4,0,0,0,66,1,0
/Users/larrymotuzis/Larry_Motuzis_Data/Project06_POI/poi-ooxml/src/main/java/org/apache/poi/xddf/usermodel/chart/RadarStyle.java,org.apache.poi.xddf.usermodel.chart.RadarStyle,enum,2,4,2,2,4,1,0,3,0,0.25,0.0,0.0,2,1,0,0,0,2,3,0,0,0,2,1,0,1,0,1,2,0,1,14,1,1,0,0,0,0,0,2,0,2,1,0,0,0,21,1,0
/Users/larrymotuzis/Larry_Motuzis_Data/Project06_POI/poi-ooxml/src/main/java/org/apache/poi/xssf/usermodel/XSSFTableColumn.java,org.apache.poi.xssf.usermodel.XSSFTableColumn,class,6,11,5,6,10,1,0,7,0,0.5833333,0.64285713,1.0,8,0,7,0,1,0,8,0,0,0,3,0,0,3,0,0,2,0,0,36,5,0,2,0,0,0,0,4,0,4,2,0,0,0,65,1,0
/Users/larrymotuzis/Larry_Motuzis_Data/Project06_POI/poi-ooxml/src/main/java/org/apache/poi/xddf/usermodel/chart/XDDFBubbleChartData.java,org.apache.poi.xddf.usermodel.chart.XDDFBubbleChartData$Series,innerclass,11,11,0,11,21,2,0,28,0,0.0,1.0,1.0,13,0,5,0,8,0,13,0,0,0,1,0,0,1,0,0,0,0,2,77,8,0,1,0,0,0,0,4,0,3,2,0,0,0,41,1,0
/Users/larrymotuzis/Larry_Motuzis_Data/Project06_POI/poi-ooxml/src/main/java/org/apache/poi/xddf/usermodel/text/XDDFAutoFit.java,org.apache.poi.xddf.usermodel.text.XDDFAutoFit,interface,1,7,6,1,2,1,0,0,1,0.0,0.0,0.0,2,0,0,0,0,2,2,0,0,0,0,0,0,0,0,0,0,0,0,4,0,0,0,0,0,0,0,0,0,0,0,0,0,0,11,1,0
/Users/larrymotuzis/Larry_Motuzis_Data/Project06_POI/poi-ooxml/src/main/java/org/apache/poi/openxml4j/opc/internal/marshallers/DefaultMarshaller.java,org.apache.poi.openxml4j.opc.internal.marshallers.DefaultMarshaller,class,2,3,1,2,1,1,0,1,0,0.0,NaN,NaN,1,0,1,0,0,0,1,0,0,0,0,0,0,0,0,0,0,0,0,5,1,0,0,0,0,0,0,0,0,0,0,0,0,0,51,17,0
/Users/larrymotuzis/Larry_Motuzis_Data/Project06_POI/poi-ooxml/src/main/java/org/apache/poi/xslf/usermodel/XSLFPictureShape.java,org.apache.poi.xslf.usermodel.XSLFPictureShape,class,27,35,8,27,85,3,0,103,319,0.94230765,0.012987013,0.012987013,26,3,15,4,4,3,22,0,0,0,8,7,0,8,0,0,7,0,1,300,39,3,44,7,7,23,11,87,2,82,4,0,0,0,224,1,1
/Users/larrymotuzis/Larry_Motuzis_Data/Project06_POI/poi-ooxml/src/main/java/org/apache/poi/xssf/usermodel/XSSFPivotTable.java,org.apache.poi.xssf.usermodel.XSSFPivotTable$PivotTableReferenceConfigurator,interface,1,1,0,1,1,1,0,0,0,0.0,NaN,NaN,1,0,1,0,0,0,1,0,0,0,0,0,0,0,0,0,0,0,0,3,0,0,0,0,0,0,0,0,0,0,0,0,0,0,22,12,0
/Users/larrymotuzis/Larry_Motuzis_Data/Project06_POI/poi-ooxml/src/main/java/org/apache/poi/ooxml/POIXMLFactory.java,org.apache.poi.ooxml.POIXMLFactory,class,11,18,7,11,14,1,2,21,6,0.75,0.0,0.0,4,0,2,0,2,0,4,1,0,0,1,1,0,1,0,0,1,0,0,47,5,1,5,2,0,4,0,8,0,8,3,0,0,0,93,1025,1
/Users/larrymotuzis/Larry_Motuzis_Data/Project06_POI/poi-ooxml/src/main/java/org/apache/poi/xssf/binary/XSSFBSharedStringsTable.java,org.apache.poi.xssf.binary.XSSFBSharedStringsTable$SSTBinaryReader,innerclass,5,5,0,5,4,2,0,6,1,0.0,0.0,0.0,2,0,1,0,0,1,2,0,0,0,0,0,0,0,0,0,0,0,4,18,0,0,0,0,0,0,3,4,0,2,1,0,0,0,25,2,0
/Users/larrymotuzis/Larry_Motuzis_Data/Project06_POI/poi-ooxml/src/main/java/org/apache/poi/xddf/usermodel/XDDFColorHsl.java,org.apache.poi.xddf.usermodel.XDDFColorHsl,class,7,11,4,7,10,2,0,11,0,0.1,0.8,0.8,10,0,7,0,3,0,10,0,0,0,1,0,0,1,0,0,0,0,0,37,4,0,0,0,0,0,2,1,2,1,0,0,0,0,20,1,0
/Users/larrymotuzis/Larry_Motuzis_Data/Project06_POI/poi-ooxml/src/main/java/org/apache/poi/xssf/streaming/Zip64Impl.java,org.apache.poi.xssf.streaming.Zip64Impl$Entry,innerclass,0,0,0,0,1,1,0,0,0,0.8,NaN,NaN,1,0,0,0,0,1,1,0,0,0,5,0,0,0,0,5,1,0,0,10,0,0,0,0,0,0,0,1,0,5,0,0,0,0,7,8,0
/Users/larrymotuzis/Larry_Motuzis_Data/Project06_POI/poi-ooxml/src/main/java/org/apache/poi/xssf/binary/XSSFBParseException.java,org.apache.poi.xssf.binary.XSSFBParseException,class,0,4,4,0,1,4,0,0,0,0.0,NaN,NaN,1,0,1,0,0,0,1,0,0,0,0,0,0,0,0,0,0,0,0,5,0,0,0,0,0,0,0,0,0,0,0,0,0,0,12,1,0
/Users/larrymotuzis/Larry_Motuzis_Data/Project06_POI/poi-ooxml/src/main/java/org/apache/poi/xddf/usermodel/chart/DisplayBlanks.java,org.apache.poi.xddf.usermodel.chart.DisplayBlanks,enum,2,4,2,2,4,1,0,3,0,0.25,0.0,0.0,2,1,0,0,0,2,3,0,0,0,2,1,0,1,0,1,2,0,1,14,1,1,0,0,0,0,0,2,0,2,1,0,0,0,18,1,0
/Users/larrymotuzis/Larry_Motuzis_Data/Project06_POI/poi-ooxml/src/main/java/org/apache/poi/xddf/usermodel/chart/XDDFDataSourcesFactory.java,org.apache.poi.xddf.usermodel.chart.XDDFDataSourcesFactory$NumericalCellRangeDataSource,innerclass,5,5,0,5,7,2,0,3,4,0.4,0.1,0.1,5,0,4,0,1,0,5,0,0,0,1,0,0,1,0,0,0,0,0,24,4,0,2,0,0,0,0,2,0,2,1,0,0,0,25,10,0
/Users/larrymotuzis/Larry_Motuzis_Data/Project06_POI/poi-ooxml/src/main/java/org/apache/poi/xslf/usermodel/XSLFDiagramDrawing.java,org.apache.poi.xslf.usermodel.XSLFDiagramDrawing,class,5,8,3,5,4,2,0,4,0,0.25,1.0,1.0,4,1,1,1,0,2,3,0,0,0,1,0,0,1,0,0,1,0,1,19,2,0,0,1,0,0,0,3,0,2,1,0,0,0,28,1,0
/Users/larrymotuzis/Larry_Motuzis_Data/Project06_POI/poi-ooxml/src/main/java/org/apache/poi/xdgf/usermodel/section/geometry/EllipticalArcTo.java,org.apache.poi.xdgf.usermodel.section.geometry.EllipticalArcTo,class,7,10,3,7,38,1,0,29,0,0.7008548,0.22727273,0.6818182,13,3,11,1,1,0,12,0,0,0,9,1,0,1,0,8,1,0,20,133,12,1,9,0,48,9,24,44,89,32,2,0,0,0,76,1,0
/Users/larrymotuzis/Larry_Motuzis_Data/Project06_POI/poi-ooxml/src/main/java/org/apache/poi/xslf/usermodel/XSLFShadow.java,org.apache.poi.xslf.usermodel.XSLFShadow,class,10,13,3,10,14,2,0,17,30,0.6666667,0.083333336,0.083333336,9,0,8,0,0,1,9,0,0,0,1,0,0,1,0,0,0,0,0,41,9,0,2,0,0,1,4,9,1,9,1,0,0,0,79,1,0
/Users/larrymotuzis/Larry_Motuzis_Data/Project06_POI/poi-ooxml/src/main/java/org/apache/poi/ooxml/POIXMLDocumentPart.java,org.apache.poi.ooxml.POIXMLDocumentPart$RelationPart,innerclass,3,3,0,3,3,1,0,0,0,0.33333334,0.6666667,1.0,3,0,2,0,0,1,3,0,0,0,2,0,0,2,0,0,2,0,0,14,2,0,0,0,0,1,0,2,0,2,0,0,0,0,51,9,0
/Users/larrymotuzis/Larry_Motuzis_Data/Project06_POI/poi-ooxml/src/main/java/org/apache/poi/xwpf/usermodel/XWPFSDTContentCell.java,org.apache.poi.xwpf.usermodel.XWPFSDTContentCell,class,7,9,2,7,24,1,0,16,9,0.6666666,0.16666667,0.16666667,6,0,4,2,0,0,4,0,0,0,2,0,0,2,0,0,1,0,0,70,8,1,4,1,0,8,9,12,0,9,4,0,0,0,66,1,0
/Users/larrymotuzis/Larry_Motuzis_Data/Project06_POI/poi-ooxml/src/main/java/org/apache/poi/openxml4j/opc/internal/NoCloseInputStream.java,org.apache.poi.openxml4j.opc.internal.NoCloseInputStream,class,1,2,1,1,2,3,0,0,1,0.0,0.0,0.0,2,0,1,0,0,1,2,0,0,0,0,0,0,0,0,0,0,0,0,7,0,0,0,0,0,0,0,0,0,0,0,0,0,0,7,16,0
/Users/larrymotuzis/Larry_Motuzis_Data/Project06_POI/poi-ooxml/src/main/java/org/apache/poi/xwpf/usermodel/XWPFRun.java,org.apache.poi.xwpf.usermodel.XWPFRun$FontCharRange,enum,0,0,0,0,0,1,0,0,0,0.0,-1.0,-1.0,0,0,0,0,0,0,0,0,0,0,0,0,0,0,0,0,0,0,0,1,0,0,0,0,0,0,0,0,0,0,0,0,0,0,14,1,0
/Users/larrymotuzis/Larry_Motuzis_Data/Project06_POI/poi-ooxml/src/main/java/org/apache/poi/xddf/usermodel/XDDFGeometryGuide.java,org.apache.poi.xddf.usermodel.XDDFGeometryGuide,class,3,5,2,3,6,1,0,4,0,0.0,1.0,1.0,6,0,4,0,2,0,6,0,0,0,1,0,0,1,0,0,0,0,0,21,3,0,0,0,0,0,0,1,0,1,0,0,0,0,17,1,0
/Users/larrymotuzis/Larry_Motuzis_Data/Project06_POI/poi-ooxml/src/main/java/org/apache/poi/xslf/usermodel/XSLFSheet.java,org.apache.poi.xslf.usermodel.XSLFSheet,class,53,89,36,53,134,2,5,143,1288,0.9508546,0.006475486,0.007400555,52,1,29,5,12,6,47,2,1,0,9,1,0,9,0,0,2,0,4,480,39,11,20,4,11,37,12,100,5,82,5,0,0,2,326,1025,3
/Users/larrymotuzis/Larry_Motuzis_Data/Project06_POI/poi-ooxml/src/main/java/org/apache/poi/xssf/usermodel/XSSFFirstFooter.java,org.apache.poi.xssf.usermodel.XSSFFirstFooter,class,3,4,1,3,5,2,0,7,3,0.0,0.0,0.0,3,0,2,0,1,0,3,0,0,0,0,0,0,0,0,0,0,0,0,20,1,0,1,0,0,0,0,0,0,0,2,0,0,0,82,1,0
/Users/larrymotuzis/Larry_Motuzis_Data/Project06_POI/poi-ooxml/src/main/java/org/apache/poi/xddf/usermodel/XDDFColorRgbPercent.java,org.apache.poi.xddf.usermodel.XDDFColorRgbPercent,class,8,12,4,8,14,2,0,14,0,0.16666667,0.8181818,0.8181818,12,0,8,1,3,0,11,0,0,0,1,0,0,1,0,0,1,0,2,47,6,1,0,0,2,1,8,3,3,2,1,0,0,0,35,1,0
/Users/larrymotuzis/Larry_Motuzis_Data/Project06_POI/poi-ooxml/src/main/java/org/apache/poi/xslf/draw/geom/XSLFCustomGeometry.java,org.apache.poi.xslf.draw.geom.XSLFCustomGeometry,class,13,15,2,13,13,1,0,27,0,0.0,NaN,NaN,1,1,1,0,0,0,1,0,0,0,0,0,0,0,0,0,0,0,0,42,1,6,1,0,1,0,0,6,0,6,2,0,0,0,44,1,0
/Users/larrymotuzis/Larry_Motuzis_Data/Project06_POI/poi-ooxml/src/main/java/org/apache/poi/xddf/usermodel/text/TextContainer.java,org.apache.poi.xddf.usermodel.text.TextContainer,interface,4,8,4,4,2,1,0,0,1,0.0,0.0,0.0,2,0,0,0,0,2,2,0,0,0,0,0,0,0,0,0,0,0,0,4,0,0,0,0,0,0,0,0,0,0,0,0,0,0,8,1,0
/Users/larrymotuzis/Larry_Motuzis_Data/Project06_POI/poi-ooxml/src/main/java/org/apache/poi/poifs/crypt/dsig/services/TimeStampSimpleHttpClient.java,org.apache.poi.poifs.crypt.dsig.services.TimeStampSimpleHttpClient$TimeStampSimpleHttpClientResponse,innerclass,2,2,0,2,3,1,0,0,0,0.33333334,0.6666667,1.0,3,0,3,0,0,0,3,0,0,0,2,0,0,2,0,0,2,0,0,14,2,0,0,0,0,0,0,2,0,2,0,0,0,0,10,10,0
/Users/larrymotuzis/Larry_Motuzis_Data/Project06_POI/poi-ooxml/src/main/java/org/apache/poi/xddf/usermodel/text/CapsType.java,org.apache.poi.xddf.usermodel.text.CapsType,enum,2,5,3,2,4,1,0,3,0,0.25,0.0,0.0,2,1,0,0,0,2,3,0,0,0,2,1,0,1,0,1,2,0,1,14,1,1,0,0,0,0,0,2,0,2,1,0,0,0,16,1,0
/Users/larrymotuzis/Larry_Motuzis_Data/Project06_POI/poi-ooxml/src/main/java/org/apache/poi/xssf/model/SharedStringsTable.java,org.apache.poi.xssf.model.SharedStringsTable,class,11,18,7,11,19,2,0,35,44,0.7564103,0.18681319,0.30769232,13,0,10,0,2,1,14,0,0,0,6,1,0,4,2,0,3,0,2,98,8,2,0,3,2,3,3,18,0,17,2,0,0,0,229,1,0
/Users/larrymotuzis/Larry_Motuzis_Data/Project06_POI/poi-ooxml/src/main/java/org/apache/poi/xssf/usermodel/XSSFPivotCacheRecords.java,org.apache.poi.xssf.usermodel.XSSFPivotCacheRecords,class,7,10,3,7,6,2,0,12,0,0.2,0.6,0.6,5,0,2,0,3,0,5,0,0,0,1,0,0,1,0,0,0,0,0,34,1,0,0,3,0,1,0,7,0,6,1,0,0,0,65,1,0
/Users/larrymotuzis/Larry_Motuzis_Data/Project06_POI/poi-ooxml/src/main/java/org/apache/poi/xssf/streaming/SXSSFCell.java,org.apache.poi.xssf.streaming.SXSSFCell$FormulaValue,innerclass,2,2,0,2,5,1,0,0,4,0.4,0.3,0.3,5,0,2,0,0,3,5,1,0,0,1,0,0,0,0,1,0,0,0,16,2,0,0,0,0,0,0,2,0,1,0,0,0,0,8,1032,0
/Users/larrymotuzis/Larry_Motuzis_Data/Project06_POI/poi-ooxml/src/main/java/org/apache/poi/xslf/XSLFReadException.java,org.apache.poi.xslf.XSLFReadException,class,1,2,1,1,2,2,0,0,1,1.0,0.0,0.0,2,0,2,0,0,0,2,0,0,0,1,1,0,1,0,0,1,0,0,9,0,0,0,0,0,0,1,1,0,1,0,0,0,0,71,1,0
/Users/larrymotuzis/Larry_Motuzis_Data/Project06_POI/poi-ooxml/src/main/java/org/apache/poi/xssf/eventusermodel/XSSFSheetXMLHandler.java,org.apache.poi.xssf.eventusermodel.XSSFSheetXMLHandler$EmptyCellCommentsCheckType,enum,0,0,0,0,0,1,0,0,0,0.0,-1.0,-1.0,0,0,0,0,0,0,0,0,0,0,0,0,0,0,0,0,0,0,0,1,0,0,0,0,0,0,0,0,0,0,0,0,0,0,16,2,0
/Users/larrymotuzis/Larry_Motuzis_Data/Project06_POI/poi-ooxml/src/main/java/org/apache/poi/xdgf/geom/SplineRenderer.java,org.apache.poi.xdgf.geom.SplineRenderer,class,5,7,2,5,4,1,0,12,0,0.0,NaN,NaN,1,1,1,0,0,0,1,0,0,0,0,0,0,0,0,0,0,0,0,29,1,2,1,0,1,1,6,9,4,9,1,0,0,0,31,1,0
/Users/larrymotuzis/Larry_Motuzis_Data/Project06_POI/poi-ooxml/src/main/java/org/apache/poi/xssf/usermodel/XSSFConditionalFormatting.java,org.apache.poi.xssf.usermodel.XSSFConditionalFormatting,class,6,7,1,6,15,1,0,19,0,0.35,1.0,1.0,10,0,7,0,0,3,10,0,0,0,2,0,0,2,0,0,2,0,1,59,5,3,1,0,0,2,1,11,0,8,2,0,0,0,72,1,0
/Users/larrymotuzis/Larry_Motuzis_Data/Project06_POI/poi-ooxml/src/main/java/org/apache/poi/openxml4j/opc/PackageAccess.java,org.apache.poi.openxml4j.opc.PackageAccess,enum,0,2,2,0,0,1,0,0,0,0.0,-1.0,-1.0,0,0,0,0,0,0,0,0,0,0,0,0,0,0,0,0,0,0,0,4,0,0,0,0,0,0,0,0,0,0,0,0,0,0,16,1,0
/Users/larrymotuzis/Larry_Motuzis_Data/Project06_POI/poi-ooxml/src/main/java/org/apache/poi/xddf/usermodel/text/XDDFHyperlink.java,org.apache.poi.xddf.usermodel.text.XDDFHyperlink,class,4,6,2,4,43,1,0,36,0,0.0,1.0,1.0,20,0,18,0,2,0,20,0,0,0,1,0,0,1,0,0,0,0,0,159,19,0,7,0,0,0,0,1,0,1,2,0,0,0,38,1,0
/Users/larrymotuzis/Larry_Motuzis_Data/Project06_POI/poi-ooxml/src/main/java/org/apache/poi/xssf/binary/XSSFBHyperlinksTable.java,org.apache.poi.xssf.binary.XSSFBHyperlinksTable$TopLeftCellAddressComparator,innerclass,1,1,0,1,5,1,0,2,0,1.0,NaN,NaN,1,0,1,0,0,0,1,0,0,0,1,1,0,1,0,0,1,0,0,18,5,0,0,0,0,0,6,1,0,1,1,0,0,0,15,10,0
/Users/larrymotuzis/Larry_Motuzis_Data/Project06_POI/poi-ooxml/src/main/java/org/apache/poi/xwpf/usermodel/XWPFSDTCell.java,org.apache.poi.xwpf.usermodel.XWPFSDTCell,class,7,10,3,7,3,2,0,2,0,0.33333334,0.6666667,1.0,3,0,3,0,0,0,3,0,0,0,2,0,0,2,0,0,2,0,0,15,2,0,0,0,0,0,0,2,0,2,0,0,0,0,63,1,0
/Users/larrymotuzis/Larry_Motuzis_Data/Project06_POI/poi-ooxml/src/main/java/org/apache/poi/poifs/crypt/dsig/services/RelationshipTransformService.java,org.apache.poi.poifs.crypt.dsig.services.RelationshipTransformService$RelationshipTransformParameterSpec,innerclass,0,0,0,0,2,1,0,2,0,0.0,1.0,1.0,2,0,2,0,0,0,2,0,0,0,1,0,0,0,0,1,0,0,0,9,1,0,0,0,0,0,0,1,0,1,0,0,0,0,14,9,0
/Users/larrymotuzis/Larry_Motuzis_Data/Project06_POI/poi-ooxml/src/main/java/org/apache/poi/xslf/util/DummyGraphics2d.java,org.apache.poi.xslf.util.DummyGraphics2d,class,5,7,2,5,117,3,0,142,0,0.67977524,0.95322126,0.95322126,89,3,85,4,0,0,85,0,0,0,6,3,0,6,0,0,5,0,21,528,38,6,7,0,2,465,33,94,111,84,4,0,0,2,184,1,0
/Users/larrymotuzis/Larry_Motuzis_Data/Project06_POI/poi-ooxml/src/main/java/org/apache/poi/xddf/usermodel/chart/AxisCrossBetween.java,org.apache.poi.xddf.usermodel.chart.AxisCrossBetween,enum,2,4,2,2,4,1,0,3,0,0.25,0.0,0.0,2,1,0,0,0,2,3,0,0,0,2,1,0,1,0,1,2,0,1,14,1,1,0,0,0,0,0,2,0,2,1,0,0,0,26,1,0
/Users/larrymotuzis/Larry_Motuzis_Data/Project06_POI/poi-ooxml/src/main/java/org/apache/poi/xddf/usermodel/chart/XDDFDoughnutChartData.java,org.apache.poi.xddf.usermodel.chart.XDDFDoughnutChartData$Series,innerclass,10,10,0,10,25,2,0,27,0,0.0,1.0,1.0,14,0,6,0,8,0,14,0,0,0,1,0,0,1,0,0,0,0,2,94,10,0,2,0,0,0,0,2,0,1,2,0,0,0,40,1,0
/Users/larrymotuzis/Larry_Motuzis_Data/Project06_POI/poi-ooxml/src/main/java/org/apache/poi/xssf/util/NumericRanges.java,org.apache.poi.xssf.util.NumericRanges,class,2,4,2,2,12,1,0,1,0,0.0,1.0,1.0,2,2,2,0,0,0,2,0,0,0,5,5,5,0,0,0,5,0,1,45,10,0,0,0,0,0,15,9,0,9,1,0,0,0,27,1,0
/Users/larrymotuzis/Larry_Motuzis_Data/Project06_POI/poi-ooxml/src/main/java/org/apache/poi/xddf/usermodel/chart/XDDFLineChartData.java,org.apache.poi.xddf.usermodel.chart.XDDFLineChartData,class,14,16,2,14,15,3,0,26,0,0.0,1.0,1.0,7,0,4,1,2,0,6,0,0,0,1,0,0,1,0,0,0,0,1,211,2,3,3,0,0,0,1,4,0,4,2,0,1,0,34,1,0
/Users/larrymotuzis/Larry_Motuzis_Data/Project06_POI/poi-ooxml/src/main/java/org/apache/poi/xssf/usermodel/XSSFTable.java,org.apache.poi.xssf.usermodel.XSSFTable,class,23,33,10,23,135,2,0,111,600,0.90625,0.22801933,0.29275364,48,0,42,2,3,1,46,0,0,0,10,1,0,10,0,0,1,0,5,477,41,12,46,4,6,28,40,117,28,94,6,0,0,0,353,1,1
/Users/larrymotuzis/Larry_Motuzis_Data/Project06_POI/poi-ooxml/src/main/java/org/apache/poi/xslf/util/PPTX2PNG.java,org.apache.poi.xslf.util.PPTX2PNG$ProxyConsumer,interface,1,1,0,1,1,1,0,0,0,0.0,NaN,NaN,1,0,0,0,0,1,1,0,0,0,0,0,0,0,0,0,0,0,0,3,0,0,0,0,0,0,0,0,0,0,0,0,0,0,9,2,0
/Users/larrymotuzis/Larry_Motuzis_Data/Project06_POI/poi-ooxml/src/main/java/org/apache/poi/xssf/binary/XSSFBHyperlinksTable.java,org.apache.poi.xssf.binary.XSSFBHyperlinksTable$HyperlinkSheetScraper,innerclass,7,7,0,7,4,2,0,9,1,0.5,0.0,0.0,2,0,1,0,0,1,2,0,0,0,2,0,0,2,0,0,1,0,5,33,1,0,1,0,0,0,5,15,0,9,1,0,0,0,36,2,0
/Users/larrymotuzis/Larry_Motuzis_Data/Project06_POI/poi-ooxml/src/main/java/org/apache/poi/xdgf/usermodel/XDGFMasterContents.java,org.apache.poi.xdgf.usermodel.XDGFMasterContents,class,5,9,4,5,6,4,0,6,4,0.5,0.16666667,0.16666667,4,0,2,0,2,0,4,0,0,0,1,0,0,0,1,0,0,0,1,26,1,0,0,2,0,0,0,3,0,2,2,0,0,0,36,1,0
/Users/larrymotuzis/Larry_Motuzis_Data/Project06_POI/poi-ooxml/src/main/java/org/apache/poi/xwpf/usermodel/XWPFAbstractFootnoteEndnote.java,org.apache.poi.xwpf.usermodel.XWPFAbstractFootnoteEndnote,class,22,30,8,22,69,1,2,50,188,0.79464287,0.30537635,0.6989247,32,0,28,1,3,0,31,1,0,0,7,0,0,4,3,0,4,0,4,265,36,8,6,7,10,3,10,54,2,46,4,0,0,0,200,1025,0
/Users/larrymotuzis/Larry_Motuzis_Data/Project06_POI/poi-ooxml/src/main/java/org/apache/poi/xslf/draw/geom/XSLFCurveTo.java,org.apache.poi.xslf.draw.geom.XSLFCurveTo,class,7,9,2,7,9,1,0,8,8,0.375,0.2857143,0.2857143,8,0,7,1,0,0,7,0,0,0,1,0,0,1,0,0,1,0,0,36,4,1,0,0,1,0,8,5,2,5,1,0,0,0,38,1,0
/Users/larrymotuzis/Larry_Motuzis_Data/Project06_POI/poi-ooxml/src/main/java/org/apache/poi/xslf/usermodel/XSLFChart.java,org.apache.poi.xslf.usermodel.XSLFChart,class,17,22,5,17,10,3,0,36,21,0.85714287,0.0,0.0,7,1,1,0,5,1,7,0,0,0,1,1,0,1,0,0,0,0,1,66,6,0,1,1,0,4,0,10,1,10,1,2,0,0,91,17,0
/Users/larrymotuzis/Larry_Motuzis_Data/Project06_POI/poi-ooxml/src/main/java/org/apache/poi/xddf/usermodel/chart/XDDFPie3DChartData.java,org.apache.poi.xddf.usermodel.chart.XDDFPie3DChartData$Series,innerclass,10,10,0,10,25,2,0,27,0,0.0,1.0,1.0,14,0,6,0,8,0,14,0,0,0,1,0,0,1,0,0,0,0,2,94,10,0,2,0,0,0,0,2,0,1,2,0,0,0,40,1,0
/Users/larrymotuzis/Larry_Motuzis_Data/Project06_POI/poi-ooxml/src/main/java/org/apache/poi/poifs/crypt/dsig/SignatureLine.java,org.apache.poi.poifs.crypt.dsig.SignatureLine$AddPictureData,interface,2,2,0,2,1,1,0,0,0,0.0,NaN,NaN,1,0,0,0,0,1,1,0,0,0,0,0,0,0,0,0,0,0,0,3,0,0,0,0,0,0,0,0,0,0,0,0,0,0,24,4,0
/Users/larrymotuzis/Larry_Motuzis_Data/Project06_POI/poi-ooxml/src/main/java/org/apache/poi/xslf/draw/geom/XSLFQuadTo.java,org.apache.poi.xslf.draw.geom.XSLFQuadTo,class,5,6,1,5,5,1,0,1,4,0.4,0.3,0.3,5,0,5,0,0,0,5,0,0,0,1,0,0,1,0,0,1,0,0,16,2,0,0,0,0,0,2,1,0,1,0,0,0,0,28,1,0
/Users/larrymotuzis/Larry_Motuzis_Data/Project06_POI/poi-ooxml/src/main/java/org/apache/poi/xssf/binary/XSSFBStylesTable.java,org.apache.poi.xssf.binary.XSSFBStylesTable,class,7,11,4,7,16,2,0,13,11,0.75,0.0,0.0,6,0,2,2,0,2,4,0,0,0,4,0,0,4,0,0,2,0,2,62,3,0,0,0,0,1,5,13,0,11,2,0,0,0,61,1,0
/Users/larrymotuzis/Larry_Motuzis_Data/Project06_POI/poi-ooxml/src/main/java/org/apache/poi/xssf/usermodel/XSSFEvenHeader.java,org.apache.poi.xssf.usermodel.XSSFEvenHeader,class,3,4,1,3,5,2,0,7,3,0.0,0.0,0.0,3,0,2,0,1,0,3,0,0,0,0,0,0,0,0,0,0,0,0,20,1,0,1,0,0,0,0,0,0,0,2,0,0,0,85,1,0
/Users/larrymotuzis/Larry_Motuzis_Data/Project06_POI/poi-ooxml/src/main/java/org/apache/poi/xddf/usermodel/PresetPattern.java,org.apache.poi.xddf.usermodel.PresetPattern,enum,2,4,2,2,4,1,0,3,0,0.25,0.0,0.0,2,1,0,0,0,2,3,0,0,0,2,1,0,1,0,1,2,0,1,14,1,1,0,0,0,0,0,2,0,2,1,0,0,0,44,1,0
/Users/larrymotuzis/Larry_Motuzis_Data/Project06_POI/poi-ooxml/src/main/java/org/apache/poi/xwpf/usermodel/XWPFDocument.java,org.apache.poi.xwpf.usermodel.XWPFDocument,class,77,100,23,77,277,3,0,281,7540,0.9539644,0.0887338,0.3916821,136,1,112,17,4,3,119,0,0,0,23,2,0,8,15,0,5,0,37,1038,129,27,42,20,12,18,34,182,8,165,7,0,0,1,555,1,1
/Users/larrymotuzis/Larry_Motuzis_Data/Project06_POI/poi-ooxml/src/main/java/org/apache/poi/xslf/draw/geom/XSLFPath.java,org.apache.poi.xslf.draw.geom.XSLFPath,class,20,21,1,20,34,1,0,16,0,0.071428575,0.85714287,0.85714287,14,0,14,0,0,0,14,0,0,0,1,0,0,1,0,0,1,0,0,109,12,1,1,1,0,0,0,18,0,7,3,0,0,0,56,1,0
/Users/larrymotuzis/Larry_Motuzis_Data/Project06_POI/poi-ooxml/src/main/java/org/apache/poi/xddf/usermodel/XDDFLinearShadeProperties.java,org.apache.poi.xddf.usermodel.XDDFLinearShadeProperties,class,3,4,1,3,14,1,0,10,0,0.0,1.0,1.0,6,0,4,0,2,0,6,0,0,0,1,0,0,1,0,0,0,0,0,48,5,0,2,0,0,1,2,1,0,1,2,0,0,0,31,1,0
/Users/larrymotuzis/Larry_Motuzis_Data/Project06_POI/poi-ooxml/src/main/java/org/apache/poi/xddf/usermodel/chart/XDDFSurface3DChartData.java,org.apache.poi.xddf.usermodel.chart.XDDFSurface3DChartData,class,14,16,2,14,16,3,0,24,0,0.125,0.71428573,0.71428573,8,0,5,1,2,0,7,0,0,0,1,0,0,1,0,0,0,0,0,126,3,3,2,0,0,0,1,4,0,4,2,0,1,0,40,1,0
/Users/larrymotuzis/Larry_Motuzis_Data/Project06_POI/poi-ooxml/src/main/java/org/apache/poi/xdgf/usermodel/section/geometry/InfiniteLine.java,org.apache.poi.xdgf.usermodel.section.geometry.InfiniteLine,class,6,8,2,6,24,1,0,12,0,0.7037037,0.16666667,0.5833333,9,0,9,0,0,0,9,0,0,0,6,0,0,0,0,6,0,0,4,76,8,1,8,0,3,7,1,15,10,15,2,0,0,0,60,1,0
/Users/larrymotuzis/Larry_Motuzis_Data/Project06_POI/poi-ooxml/src/main/java/org/apache/poi/xddf/usermodel/text/XDDFBulletStyle.java,org.apache.poi.xddf.usermodel.text.XDDFBulletStyle,interface,1,7,6,1,0,1,0,0,0,0.0,-1.0,-1.0,0,0,0,0,0,0,0,0,0,0,0,0,0,0,0,0,0,0,0,2,0,0,0,0,0,0,0,0,0,0,0,0,0,0,5,1,0
/Users/larrymotuzis/Larry_Motuzis_Data/Project06_POI/poi-ooxml/src/main/java/org/apache/poi/xslf/usermodel/XSLFPropertiesDelegate.java,org.apache.poi.xslf.usermodel.XSLFPropertiesDelegate$FillPartDelegate,innerclass,10,10,0,10,40,1,0,6,405,0.61764705,0.13903743,0.13903743,34,0,33,0,0,1,34,0,0,0,1,0,0,0,0,1,1,0,0,93,21,0,0,0,6,0,0,1,0,1,0,0,0,0,42,10,0
/Users/larrymotuzis/Larry_Motuzis_Data/Project06_POI/poi-ooxml/src/main/java/org/apache/poi/xslf/usermodel/XSLFSlideMaster.java,org.apache.poi.xslf.usermodel.XSLFSlideMaster,class,15,24,9,15,23,3,0,23,52,0.75,0.10909091,0.10909091,12,0,6,1,3,2,11,0,0,0,2,0,0,2,0,0,0,0,0,80,13,2,4,1,0,2,0,11,0,9,3,0,0,0,117,1,0
/Users/larrymotuzis/Larry_Motuzis_Data/Project06_POI/poi-ooxml/src/main/java/org/apache/poi/xssf/model/ThemesTable.java,org.apache.poi.xssf.model.ThemesTable,class,11,19,8,11,27,2,0,39,23,0.65,0.24444444,0.33333334,10,0,8,0,2,0,10,0,0,0,2,0,0,2,0,0,0,0,1,118,5,0,1,3,0,0,0,23,0,9,1,0,1,0,123,1,0
/Users/larrymotuzis/Larry_Motuzis_Data/Project06_POI/poi-ooxml/src/main/java/org/apache/poi/poifs/crypt/dsig/services/TimeStampSimpleHttpClient.java,org.apache.poi.poifs.crypt.dsig.services.TimeStampSimpleHttpClient$MethodHandler,interface,0,0,0,0,1,1,0,0,0,0.0,NaN,NaN,1,0,0,0,0,1,1,0,0,0,0,0,0,0,0,0,0,0,0,3,0,0,0,0,0,0,0,0,0,0,0,0,0,0,12,4,0
/Users/larrymotuzis/Larry_Motuzis_Data/Project06_POI/poi-ooxml/src/main/java/org/apache/poi/xwpf/usermodel/IRunBody.java,org.apache.poi.xwpf.usermodel.IRunBody,interface,2,9,7,2,2,1,0,0,1,0.0,0.0,0.0,2,0,2,0,0,0,2,0,0,0,0,0,0,0,0,0,0,0,0,4,0,0,0,0,0,0,0,0,0,0,0,0,0,0,26,1,0
/Users/larrymotuzis/Larry_Motuzis_Data/Project06_POI/poi-ooxml/src/main/java/org/apache/poi/xddf/usermodel/chart/XDDFLayout.java,org.apache.poi.xddf.usermodel.chart.XDDFLayout,class,5,6,1,5,13,1,0,10,0,0.14285715,0.71428573,0.71428573,7,0,5,0,2,0,7,0,0,0,1,0,0,1,0,0,0,0,0,48,5,0,2,0,0,0,0,1,0,1,2,0,0,0,18,1,0
/Users/larrymotuzis/Larry_Motuzis_Data/Project06_POI/poi-ooxml/src/main/java/org/apache/poi/xddf/usermodel/XDDFColorSchemeBased.java,org.apache.poi.xddf.usermodel.XDDFColorSchemeBased,class,8,12,4,8,6,2,0,5,0,0.0,1.0,1.0,6,0,3,0,3,0,6,0,0,0,1,0,0,1,0,0,0,0,1,23,2,0,0,0,0,0,0,1,0,1,0,0,0,0,16,1,0
/Users/larrymotuzis/Larry_Motuzis_Data/Project06_POI/poi-ooxml/src/main/java/org/apache/poi/xddf/usermodel/chart/XDDFPieChartData.java,org.apache.poi.xddf.usermodel.chart.XDDFPieChartData$Series,innerclass,9,9,0,9,25,2,0,27,0,0.0,1.0,1.0,14,0,6,0,8,0,14,0,0,0,1,0,0,1,0,0,0,0,0,94,10,0,2,0,0,0,0,2,0,1,2,0,0,0,40,1,0
/Users/larrymotuzis/Larry_Motuzis_Data/Project06_POI/poi-ooxml/src/main/java/org/apache/poi/xslf/usermodel/XSLFTheme.java,org.apache.poi.xslf.usermodel.XSLFTheme,class,11,29,18,11,26,2,0,31,0,0.18181819,0.8,0.8,11,1,8,1,1,1,10,0,1,0,1,0,0,1,0,0,0,0,1,77,19,0,3,2,1,16,0,10,0,8,1,0,0,0,91,1,0
/Users/larrymotuzis/Larry_Motuzis_Data/Project06_POI/poi-ooxml/src/main/java/org/apache/poi/openxml4j/util/ZipInputStreamZipEntrySource.java,org.apache.poi.openxml4j.util.ZipInputStreamZipEntrySource,class,5,8,3,5,19,1,0,20,21,0.72499996,0.26666668,0.26666668,10,4,10,0,0,0,10,0,0,0,4,2,0,4,0,0,1,0,1,68,8,3,3,0,2,2,1,12,1,9,2,0,0,0,137,1,0
/Users/larrymotuzis/Larry_Motuzis_Data/Project06_POI/poi-ooxml/src/main/java/org/apache/poi/xssf/streaming/SXSSFCell.java,org.apache.poi.xssf.streaming.SXSSFCell$RichTextValue,innerclass,3,3,0,3,4,2,0,0,4,0.5,0.16666667,0.16666667,4,0,1,0,0,3,4,0,0,0,1,0,0,0,0,1,0,0,0,15,3,0,0,0,0,0,0,1,0,1,0,0,0,0,12,8,0
/Users/larrymotuzis/Larry_Motuzis_Data/Project06_POI/poi-ooxml/src/main/java/org/apache/poi/xddf/usermodel/LineEndLength.java,org.apache.poi.xddf.usermodel.LineEndLength,enum,2,4,2,2,4,1,0,3,0,0.25,0.0,0.0,2,1,0,0,0,2,3,0,0,0,2,1,0,1,0,1,2,0,1,14,1,1,0,0,0,0,0,2,0,2,1,0,0,0,21,1,0
/Users/larrymotuzis/Larry_Motuzis_Data/Project06_POI/poi-ooxml/src/main/java/org/apache/poi/xslf/usermodel/XSLFTableCell.java,org.apache.poi.xslf.usermodel.XSLFTableCell,class,44,49,5,44,173,6,0,154,1067,0.95319146,0.004429679,0.006644518,47,1,31,4,5,7,43,0,0,0,4,0,0,4,0,0,1,0,2,585,46,0,48,0,28,15,16,102,6,84,2,1,2,0,206,1,0
/Users/larrymotuzis/Larry_Motuzis_Data/Project06_POI/poi-ooxml/src/main/java/org/apache/poi/xssf/usermodel/XSSFCellStyle.java,org.apache.poi.xssf.usermodel.XSSFCellStyle,class,32,41,9,32,196,1,0,151,725,0.81561464,0.36550632,0.48734176,86,0,78,6,2,0,80,0,0,0,7,0,0,7,0,0,2,0,15,571,76,0,50,2,7,5,18,114,15,104,4,0,0,0,371,1,0
/Users/larrymotuzis/Larry_Motuzis_Data/Project06_POI/poi-ooxml/src/main/java/org/apache/poi/xssf/usermodel/XSSFEvenFooter.java,org.apache.poi.xssf.usermodel.XSSFEvenFooter,class,3,4,1,3,5,2,0,7,3,0.0,0.0,0.0,3,0,2,0,1,0,3,0,0,0,0,0,0,0,0,0,0,0,0,20,1,0,1,0,0,0,0,0,0,0,2,0,0,0,85,1,0
/Users/larrymotuzis/Larry_Motuzis_Data/Project06_POI/poi-ooxml/src/main/java/org/apache/poi/xslf/util/PDFFormat.java,org.apache.poi.xslf.util.PDFFormat,class,11,12,1,11,8,1,0,8,0,0.45000002,0.7,1.0,5,0,5,0,0,0,5,0,0,0,4,0,0,4,0,0,1,0,0,45,1,0,2,2,0,0,0,6,0,6,2,0,0,0,43,1,0
/Users/larrymotuzis/Larry_Motuzis_Data/Project06_POI/poi-ooxml/src/main/java/org/apache/poi/xssf/model/MapInfo.java,org.apache.poi.xssf.model.MapInfo,class,8,11,3,8,18,2,0,21,23,0.5909091,0.29090908,0.5090909,11,0,9,0,2,0,11,0,0,0,2,0,0,2,0,0,0,0,0,69,6,3,1,3,0,0,0,12,0,9,2,0,0,0,90,1,0
/Users/larrymotuzis/Larry_Motuzis_Data/Project06_POI/poi-ooxml/src/main/java/org/apache/poi/xssf/usermodel/XSSFTextParagraph.java,org.apache.poi.xssf.usermodel.XSSFTextParagraph,class,28,32,4,28,143,1,0,125,588,0.7708333,0.22756706,0.32469934,48,0,46,1,0,1,47,0,0,0,3,0,0,3,0,0,3,0,3,537,33,2,25,0,8,12,50,73,16,70,2,18,0,0,277,1,0
/Users/larrymotuzis/Larry_Motuzis_Data/Project06_POI/poi-ooxml/src/main/java/org/apache/poi/xddf/usermodel/XDDFFillProperties.java,org.apache.poi.xddf.usermodel.XDDFFillProperties,interface,1,10,9,1,0,1,0,0,0,0.0,-1.0,-1.0,0,0,0,0,0,0,0,0,0,0,0,0,0,0,0,0,0,0,0,2,0,0,0,0,0,0,0,0,0,0,0,0,0,0,5,1,0
/Users/larrymotuzis/Larry_Motuzis_Data/Project06_POI/poi-ooxml/src/main/java/org/apache/poi/xslf/usermodel/XSLFSlide.java,org.apache.poi.xslf.usermodel.XSLFSlide,class,34,39,5,34,69,3,0,78,503,0.92352945,0.054924242,0.054924242,34,1,27,1,3,3,33,0,0,0,5,0,0,5,0,0,1,0,1,245,30,6,15,1,5,11,11,40,3,36,3,0,0,0,181,17,0
/Users/larrymotuzis/Larry_Motuzis_Data/Project06_POI/poi-ooxml/src/main/java/org/apache/poi/poifs/crypt/dsig/services/RevocationDataService.java,org.apache.poi.poifs.crypt.dsig.services.RevocationDataService,interface,1,3,2,1,1,1,0,0,0,0.0,NaN,NaN,1,0,0,0,0,1,1,0,0,0,0,0,0,0,0,0,0,0,0,3,0,0,0,0,0,0,0,0,0,0,0,0,0,0,22,1,0
/Users/larrymotuzis/Larry_Motuzis_Data/Project06_POI/poi-ooxml/src/main/java/org/apache/poi/xslf/draw/geom/XSLFLineTo.java,org.apache.poi.xslf.draw.geom.XSLFLineTo,class,6,7,1,6,4,1,0,6,0,0.0,1.0,1.0,3,0,3,0,0,0,3,0,0,0,1,0,0,1,0,0,1,0,0,17,1,0,1,0,0,0,0,3,0,2,1,0,0,0,29,1,0
/Users/larrymotuzis/Larry_Motuzis_Data/Project06_POI/poi-ooxml/src/main/java/org/apache/poi/xslf/usermodel/XSLFTableCell.java,org.apache.poi.xslf.usermodel.XSLFTableCell$Anonymous1,anonymous,5,5,0,5,5,1,0,5,10,0.0,0.0,0.0,5,0,5,0,0,0,5,0,0,0,0,0,0,0,0,0,0,0,0,17,5,0,0,0,0,0,0,0,0,0,0,0,0,0,12,-1,0
/Users/larrymotuzis/Larry_Motuzis_Data/Project06_POI/poi-ooxml/src/main/java/org/apache/poi/xslf/draw/geom/XSLFArcTo.java,org.apache.poi.xslf.draw.geom.XSLFArcTo,class,3,4,1,3,9,1,0,8,0,0.0,1.0,1.0,9,0,9,0,0,0,9,0,0,0,1,0,0,1,0,0,1,0,0,30,4,0,0,0,0,0,0,1,0,1,0,0,0,0,31,1,0
/Users/larrymotuzis/Larry_Motuzis_Data/Project06_POI/poi-ooxml/src/main/java/org/apache/poi/xdgf/xml/XDGFXMLDocumentPart.java,org.apache.poi.xdgf.xml.XDGFXMLDocumentPart,class,4,8,4,4,2,2,3,0,1,0.5,0.0,0.0,2,0,2,0,0,0,2,0,0,0,1,0,0,0,1,0,0,0,0,9,0,0,0,0,0,0,0,1,0,1,0,0,0,0,17,1,0
/Users/larrymotuzis/Larry_Motuzis_Data/Project06_POI/poi-ooxml/src/main/java/org/apache/poi/xddf/usermodel/LineEndType.java,org.apache.poi.xddf.usermodel.LineEndType,enum,2,4,2,2,4,1,0,3,0,0.25,0.0,0.0,2,1,0,0,0,2,3,0,0,0,2,1,0,1,0,1,2,0,1,14,1,1,0,0,0,0,0,2,0,2,1,0,0,0,26,1,0
/Users/larrymotuzis/Larry_Motuzis_Data/Project06_POI/poi-ooxml/src/main/java/org/apache/poi/ooxml/dev/OOXMLLister.java,org.apache.poi.ooxml.dev.OOXMLLister,class,7,8,1,7,17,1,0,28,0,0.4375,0.47619048,0.47619048,8,2,7,1,0,0,7,0,0,0,2,0,0,2,0,0,2,0,4,77,1,4,1,2,0,19,9,12,11,10,3,0,0,0,75,1,0
/Users/larrymotuzis/Larry_Motuzis_Data/Project06_POI/poi-ooxml/src/main/java/org/apache/poi/xdgf/usermodel/section/XDGFSectionTypes.java,org.apache.poi.xdgf.usermodel.section.XDGFSectionTypes,enum,6,8,2,6,4,1,0,12,0,0.44444445,0.33333334,0.33333334,3,1,2,0,0,1,3,0,0,0,3,1,0,3,0,0,3,0,5,20,2,0,1,0,0,22,0,6,1,6,1,0,0,0,41,0,0
/Users/larrymotuzis/Larry_Motuzis_Data/Project06_POI/poi-ooxml/src/main/java/org/apache/poi/openxml4j/opc/internal/unmarshallers/PackagePropertiesUnmarshaller.java,org.apache.poi.openxml4j.opc.internal.unmarshallers.PackagePropertiesUnmarshaller,class,19,21,2,19,44,1,0,62,172,0.8991598,0.16666667,0.16666667,21,0,4,17,0,0,4,0,0,0,17,16,0,1,16,0,16,0,3,156,19,2,7,1,4,32,4,32,4,30,4,0,0,0,152,17,0
/Users/larrymotuzis/Larry_Motuzis_Data/Project06_POI/poi-ooxml/src/main/java/org/apache/poi/xssf/extractor/XSSFImportFromXML.java,org.apache.poi.xssf.extractor.XSSFImportFromXML,class,19,20,1,19,20,1,0,55,1,0.5,1.0,1.0,3,0,2,1,0,0,2,0,0,0,2,1,0,2,0,0,2,0,7,158,0,4,5,1,0,6,3,31,4,28,4,0,2,0,166,1,4
/Users/larrymotuzis/Larry_Motuzis_Data/Project06_POI/poi-ooxml/src/main/java/org/apache/poi/xddf/usermodel/chart/XDDFDoughnutChartData.java,org.apache.poi.xddf.usermodel.chart.XDDFDoughnutChartData,class,11,12,1,11,24,3,0,26,0,0.0,1.0,1.0,8,0,6,0,2,0,8,0,0,0,1,0,0,1,0,0,0,0,1,185,5,1,3,0,0,2,4,4,0,4,2,0,1,0,46,1,0
/Users/larrymotuzis/Larry_Motuzis_Data/Project06_POI/poi-ooxml/src/main/java/org/apache/poi/xddf/usermodel/text/TextAlignment.java,org.apache.poi.xddf.usermodel.text.TextAlignment,enum,2,5,3,2,4,1,0,3,0,0.25,0.0,0.0,2,1,0,0,0,2,3,0,0,0,2,1,0,1,0,1,2,0,1,14,1,1,0,0,0,0,0,2,0,2,1,0,0,0,28,1,0
/Users/larrymotuzis/Larry_Motuzis_Data/Project06_POI/poi-ooxml/src/main/java/org/apache/poi/xslf/usermodel/XSLFRelation.java,org.apache.poi.xslf.usermodel.XSLFRelation,class,5,12,7,5,4,2,0,2,4,0.9875,NaN,NaN,4,1,1,3,0,0,1,0,0,0,40,40,38,1,0,1,40,0,0,55,1,0,0,0,0,67,0,40,0,40,0,0,0,0,71,17,0
/Users/larrymotuzis/Larry_Motuzis_Data/Project06_POI/poi-ooxml/src/main/java/org/apache/poi/openxml4j/opc/PackageRelationshipCollection.java,org.apache.poi.openxml4j.opc.PackageRelationshipCollection,class,14,35,21,14,59,1,0,51,36,0.82142854,0.38421053,0.55263156,21,1,19,1,0,1,20,0,0,0,8,1,0,8,0,0,3,0,5,177,13,5,21,3,6,22,6,40,8,28,4,0,0,0,189,17,2
/Users/larrymotuzis/Larry_Motuzis_Data/Project06_POI/poi-ooxml/src/main/java/org/apache/poi/xdgf/usermodel/shape/ShapeDataAcceptor.java,org.apache.poi.xdgf.usermodel.shape.ShapeDataAcceptor,class,2,2,0,2,11,1,0,9,0,0.0,NaN,NaN,1,0,1,0,0,0,1,0,0,0,0,0,0,0,0,0,0,0,0,11,7,0,1,0,0,0,1,0,0,0,1,0,0,0,57,1,0
/Users/larrymotuzis/Larry_Motuzis_Data/Project06_POI/poi-ooxml/src/main/java/org/apache/poi/xddf/usermodel/chart/XDDFDataSource.java,org.apache.poi.xddf.usermodel.chart.XDDFDataSource,interface,8,45,37,8,24,1,0,17,66,0.0,0.0,0.0,12,0,0,0,0,12,12,0,0,0,0,0,0,0,0,0,0,0,0,77,1,2,5,0,0,0,6,11,0,11,2,0,0,0,40,1,0
/Users/larrymotuzis/Larry_Motuzis_Data/Project06_POI/poi-ooxml/src/main/java/org/apache/poi/xdgf/usermodel/section/geometry/SplineStart.java,org.apache.poi.xdgf.usermodel.section.geometry.SplineStart,class,6,9,3,6,27,1,0,13,0,0.75000006,0.14545454,0.6545454,11,0,11,0,0,0,11,0,0,0,8,0,0,0,0,8,0,0,6,69,9,1,8,0,0,16,0,9,2,9,2,0,0,0,57,1,0
/Users/larrymotuzis/Larry_Motuzis_Data/Project06_POI/poi-ooxml/src/main/java/org/apache/poi/ooxml/extractor/CommandLineTextExtractor.java,org.apache.poi.ooxml.extractor.CommandLineTextExtractor,class,1,1,0,1,4,1,0,7,1,0.5,NaN,NaN,2,1,1,1,0,0,1,0,0,0,1,1,1,0,0,0,1,0,1,28,0,1,0,1,0,8,2,6,3,6,2,0,0,0,33,17,0
/Users/larrymotuzis/Larry_Motuzis_Data/Project06_POI/poi-ooxml/src/main/java/org/apache/poi/xddf/usermodel/XDDFPathShadeProperties.java,org.apache.poi.xddf.usermodel.XDDFPathShadeProperties,class,5,6,1,5,13,1,0,11,0,0.14285715,0.71428573,0.71428573,7,0,5,0,2,0,7,0,0,0,1,0,0,1,0,0,0,0,0,48,5,0,2,0,0,0,0,1,0,1,2,0,0,0,22,1,0
/Users/larrymotuzis/Larry_Motuzis_Data/Project06_POI/poi-ooxml/src/main/java/org/apache/poi/xssf/usermodel/XSSFPictureData.java,org.apache.poi.xssf.usermodel.XSSFPictureData,class,8,14,6,8,15,2,0,11,32,0.8518519,0.022222223,0.022222223,9,2,6,0,3,0,10,0,0,0,3,3,0,2,1,0,2,0,2,58,6,1,1,1,0,0,5,19,0,7,2,0,0,0,114,1,0
/Users/larrymotuzis/Larry_Motuzis_Data/Project06_POI/poi-ooxml/src/main/java/org/apache/poi/ooxml/extractor/POIXMLTextExtractor.java,org.apache.poi.ooxml.extractor.POIXMLTextExtractor,interface,10,17,7,10,13,1,0,12,28,0.0,0.0,0.0,8,0,0,0,0,8,8,0,0,0,0,0,0,0,0,0,0,0,2,36,6,0,3,0,0,6,0,3,3,3,2,0,0,0,89,1,0
/Users/larrymotuzis/Larry_Motuzis_Data/Project06_POI/poi-ooxml/src/main/java/org/apache/poi/xssf/usermodel/helpers/HeaderFooterHelper.java,org.apache.poi.xssf.usermodel.helpers.HeaderFooterHelper,class,1,4,3,1,23,1,0,9,34,0.8888889,0.0,0.0,9,0,6,3,0,0,6,0,0,0,6,6,3,3,0,0,6,0,0,73,10,1,1,0,4,9,28,26,3,14,2,0,0,0,33,1,0
/Users/larrymotuzis/Larry_Motuzis_Data/Project06_POI/poi-ooxml/src/main/java/org/apache/poi/xddf/usermodel/text/XDDFBulletSize.java,org.apache.poi.xddf.usermodel.text.XDDFBulletSize,interface,1,6,5,1,0,1,0,0,0,0.0,-1.0,-1.0,0,0,0,0,0,0,0,0,0,0,0,0,0,0,0,0,0,0,0,2,0,0,0,0,0,0,0,0,0,0,0,0,0,0,5,1,0
/Users/larrymotuzis/Larry_Motuzis_Data/Project06_POI/poi-ooxml/src/main/java/org/apache/poi/xssf/streaming/StreamingSheetWriter.java,org.apache.poi.xssf.streaming.StreamingSheetWriter,class,5,7,2,5,10,2,0,6,26,0.8125,0.035714287,0.035714287,8,1,6,0,1,1,8,0,0,0,2,1,0,2,0,0,1,0,1,35,2,0,0,0,0,6,0,3,0,2,1,0,0,0,59,1,1
/Users/larrymotuzis/Larry_Motuzis_Data/Project06_POI/poi-ooxml/src/main/java/org/apache/poi/xslf/usermodel/XSLFColor.java,org.apache.poi.xslf.usermodel.XSLFColor,class,25,37,12,25,87,2,0,62,693,0.9230769,0.026455026,0.026455026,39,3,6,11,1,21,28,0,0,0,6,2,0,6,0,0,6,0,13,279,43,2,16,2,16,40,45,38,16,30,3,0,1,0,181,1,1
/Users/larrymotuzis/Larry_Motuzis_Data/Project06_POI/poi-ooxml/src/main/java/org/apache/poi/xslf/usermodel/XSLFPropertiesDelegate.java,org.apache.poi.xslf.usermodel.XSLFPropertiesDelegate$FillDelegate,innerclass,9,9,0,9,34,1,0,30,0,0.0882353,0.82887703,0.82887703,34,0,33,0,0,1,34,0,0,0,1,0,0,0,0,1,1,0,0,105,21,0,0,0,0,0,0,1,0,1,0,0,0,0,39,10,0
/Users/larrymotuzis/Larry_Motuzis_Data/Project06_POI/poi-ooxml/src/main/java/org/apache/poi/xddf/usermodel/text/AutonumberScheme.java,org.apache.poi.xddf.usermodel.text.AutonumberScheme,enum,2,4,2,2,4,1,0,3,0,0.25,0.0,0.0,2,1,0,0,0,2,3,0,0,0,2,1,0,1,0,1,2,0,1,14,1,1,0,0,0,0,0,2,0,2,1,0,0,0,34,1,0
/Users/larrymotuzis/Larry_Motuzis_Data/Project06_POI/poi-ooxml/src/main/java/org/apache/poi/xssf/model/ExternalLinksTable.java,org.apache.poi.xssf.model.ExternalLinksTable,class,18,24,6,18,34,2,2,53,0,0.26666668,0.6545454,0.6545454,15,0,10,4,1,0,11,0,0,0,1,0,0,1,0,0,0,0,0,195,11,6,9,3,0,1,4,35,1,28,2,0,1,0,119,1,0
/Users/larrymotuzis/Larry_Motuzis_Data/Project06_POI/poi-ooxml/src/main/java/org/apache/poi/poifs/crypt/dsig/SignatureMarshalDefaultListener.java,org.apache.poi.poifs.crypt.dsig.SignatureMarshalDefaultListener,class,13,15,2,13,15,1,0,30,10,0.8,NaN,NaN,5,2,1,4,0,0,1,0,0,0,3,3,0,3,0,0,3,0,7,65,1,3,3,1,3,3,2,16,2,20,3,0,0,3,73,1,0
/Users/larrymotuzis/Larry_Motuzis_Data/Project06_POI/poi-ooxml/src/main/java/org/apache/poi/xssf/usermodel/helpers/XSSFFormulaUtils.java,org.apache.poi.xssf.usermodel.helpers.XSSFFormulaUtils,class,13,15,2,13,35,1,0,40,0,0.4166667,1.0,1.0,6,0,2,4,0,0,2,0,0,0,2,0,0,2,0,0,2,0,1,98,0,9,9,0,0,2,5,21,2,21,4,0,0,0,119,17,0
/Users/larrymotuzis/Larry_Motuzis_Data/Project06_POI/poi-ooxml/src/main/java/org/apache/poi/xssf/usermodel/XSSFTextBox.java,org.apache.poi.xssf.usermodel.XSSFTextBox,class,3,5,2,3,1,3,0,0,0,0.0,NaN,NaN,1,0,0,0,1,0,1,0,0,0,0,0,0,0,0,0,0,0,0,5,0,0,0,0,0,0,0,0,0,0,0,0,0,0,19,17,0
/Users/larrymotuzis/Larry_Motuzis_Data/Project06_POI/poi-ooxml/src/main/java/org/apache/poi/xddf/usermodel/XDDFConnectionSite.java,org.apache.poi.xddf.usermodel.XDDFConnectionSite,class,3,4,1,3,2,1,0,0,0,0.0,1.0,1.0,2,0,1,0,1,0,2,0,0,0,1,0,0,1,0,0,0,0,0,9,1,0,0,0,0,0,0,1,0,1,0,0,0,0,11,1,0
/Users/larrymotuzis/Larry_Motuzis_Data/Project06_POI/poi-ooxml/src/main/java/org/apache/poi/xddf/usermodel/XDDFTransform2D.java,org.apache.poi.xddf.usermodel.XDDFTransform2D,class,7,8,1,7,29,1,0,28,0,0.0,1.0,1.0,12,0,10,0,2,0,12,0,0,0,1,0,0,1,0,0,0,0,0,113,13,0,5,0,0,0,0,5,0,3,2,0,0,0,30,1,0
/Users/larrymotuzis/Larry_Motuzis_Data/Project06_POI/poi-ooxml/src/main/java/org/apache/poi/xddf/usermodel/chart/XDDFRadarChartData.java,org.apache.poi.xddf.usermodel.chart.XDDFRadarChartData,class,15,17,2,15,15,3,0,25,0,0.0,1.0,1.0,7,0,4,1,2,0,6,0,0,0,1,0,0,1,0,0,0,0,1,132,2,3,3,0,0,0,1,6,0,5,2,0,1,0,35,1,0
/Users/larrymotuzis/Larry_Motuzis_Data/Project06_POI/poi-ooxml/src/main/java/org/apache/poi/xddf/usermodel/text/XDDFBulletSizeFollowText.java,org.apache.poi.xddf.usermodel.text.XDDFBulletSizeFollowText,class,4,5,1,4,3,1,0,1,1,0.33333334,0.33333334,0.33333334,3,0,1,0,2,0,3,0,0,0,1,0,0,1,0,0,0,0,0,12,1,0,0,0,0,0,0,1,0,1,0,0,0,0,13,1,0
/Users/larrymotuzis/Larry_Motuzis_Data/Project06_POI/poi-ooxml/src/main/java/org/apache/poi/openxml4j/opc/internal/InvalidZipException.java,org.apache.poi.openxml4j.opc.internal.InvalidZipException,class,0,3,3,0,1,4,0,0,0,0.0,NaN,NaN,1,0,1,0,0,0,1,0,0,0,0,0,0,0,0,0,0,0,0,5,0,0,0,0,0,0,0,0,0,0,0,0,0,0,12,1,0
/Users/larrymotuzis/Larry_Motuzis_Data/Project06_POI/poi-ooxml/src/main/java/org/apache/poi/xwpf/usermodel/XWPFHeader.java,org.apache.poi.xwpf.usermodel.XWPFHeader,class,16,18,2,16,14,3,0,18,15,0.0,0.0,0.0,6,0,4,0,2,0,6,0,0,0,0,0,0,0,0,0,0,0,0,67,1,2,0,4,0,3,0,15,0,14,4,0,0,0,67,1,0
/Users/larrymotuzis/Larry_Motuzis_Data/Project06_POI/poi-ooxml/src/main/java/org/apache/poi/xwpf/usermodel/IBodyElement.java,org.apache.poi.xwpf.usermodel.IBodyElement,interface,4,14,10,4,4,1,0,0,6,0.0,0.0,0.0,4,0,0,0,0,4,4,0,0,0,0,0,0,0,0,0,0,0,0,6,0,0,0,0,0,0,0,0,0,0,0,0,0,0,13,1,0
/Users/larrymotuzis/Larry_Motuzis_Data/Project06_POI/poi-ooxml/src/main/java/org/apache/poi/xdgf/usermodel/XDGFBaseContents.java,org.apache.poi.xdgf.usermodel.XDGFBaseContents,class,11,18,7,11,23,3,2,25,36,0.74999994,0.22727273,0.54545456,12,0,10,0,2,0,12,0,0,0,4,0,0,0,4,0,0,0,4,69,8,4,3,1,0,2,1,7,2,8,3,0,0,0,104,1,0
/Users/larrymotuzis/Larry_Motuzis_Data/Project06_POI/poi-ooxml/src/main/java/org/apache/poi/xddf/usermodel/XDDFLineJoinBevelProperties.java,org.apache.poi.xddf.usermodel.XDDFLineJoinBevelProperties,class,4,5,1,4,3,1,0,1,1,0.33333334,0.33333334,0.33333334,3,0,1,0,2,0,3,0,0,0,1,0,0,1,0,0,0,0,0,12,1,0,0,0,0,0,0,1,0,1,0,0,0,0,13,1,0
/Users/larrymotuzis/Larry_Motuzis_Data/Project06_POI/poi-ooxml/src/main/java/org/apache/poi/xslf/usermodel/XSLFPlaceholderDetails.java,org.apache.poi.xslf.usermodel.XSLFPlaceholderDetails,class,16,20,4,16,58,1,0,39,64,0.8269231,0.018181818,0.018181818,13,0,9,2,0,2,11,0,0,0,4,2,0,4,0,0,3,0,0,168,31,0,16,1,8,6,0,25,0,26,3,0,0,4,73,1,0
/Users/larrymotuzis/Larry_Motuzis_Data/Project06_POI/poi-ooxml/src/main/java/org/apache/poi/xssf/usermodel/extensions/XSSFCellFill.java,org.apache.poi.xssf.usermodel.extensions.XSSFCellFill,class,8,12,4,8,23,1,0,25,35,0.60714287,0.26923078,0.26923078,14,0,13,1,0,0,13,0,0,0,2,0,0,2,0,0,0,0,5,77,10,0,6,0,1,0,0,18,0,16,1,0,0,0,70,17,0
/Users/larrymotuzis/Larry_Motuzis_Data/Project06_POI/poi-ooxml/src/main/java/org/apache/poi/xssf/streaming/SXSSFRow.java,org.apache.poi.xssf.streaming.SXSSFRow$FilledCellIterator,innerclass,2,2,0,2,3,1,0,4,1,0.33333334,0.33333334,0.33333334,3,0,3,0,0,0,3,0,0,0,1,0,0,1,0,0,1,0,0,12,2,0,0,0,0,0,0,1,0,1,0,0,0,0,46,1,0
/Users/larrymotuzis/Larry_Motuzis_Data/Project06_POI/poi-ooxml/src/main/java/org/apache/poi/xslf/model/CharacterPropertyFetcher.java,org.apache.poi.xslf.model.CharacterPropertyFetcher$CharPropFetcher,interface,2,2,0,2,1,1,0,0,0,0.0,NaN,NaN,1,0,0,0,0,1,1,0,0,0,0,0,0,0,0,0,0,0,0,3,0,0,0,0,0,0,0,0,0,0,0,0,0,0,7,1,0
/Users/larrymotuzis/Larry_Motuzis_Data/Project06_POI/poi-ooxml/src/main/java/org/apache/poi/poifs/crypt/dsig/facets/XAdESSignatureFacet.java,org.apache.poi.poifs.crypt.dsig.facets.XAdESSignatureFacet,class,33,35,2,33,43,1,0,124,103,0.9111111,0.010989011,0.010989011,15,4,2,1,12,0,14,0,0,0,3,2,0,3,0,0,3,0,13,224,9,1,9,4,0,14,1,65,5,64,4,0,0,1,206,1,1
/Users/larrymotuzis/Larry_Motuzis_Data/Project06_POI/poi-ooxml/src/main/java/org/apache/poi/xddf/usermodel/text/FontAlignment.java,org.apache.poi.xddf.usermodel.text.FontAlignment,enum,2,5,3,2,4,1,0,3,0,0.25,0.0,0.0,2,1,0,0,0,2,3,0,0,0,2,1,0,1,0,1,2,0,1,14,1,1,0,0,0,0,0,2,0,2,1,0,0,0,23,1,0
/Users/larrymotuzis/Larry_Motuzis_Data/Project06_POI/poi-ooxml/src/main/java/org/apache/poi/xddf/usermodel/text/XDDFBulletSizePoints.java,org.apache.poi.xddf.usermodel.text.XDDFBulletSizePoints,class,5,7,2,5,5,1,0,6,0,0.2,0.6,0.6,5,0,3,0,2,0,5,0,0,0,1,0,0,1,0,0,0,0,2,19,2,0,0,0,0,0,2,1,2,1,0,0,0,0,16,1,0
/Users/larrymotuzis/Larry_Motuzis_Data/Project06_POI/poi-ooxml/src/main/java/org/apache/poi/openxml4j/opc/PackageRelationshipTypes.java,org.apache.poi.openxml4j.opc.PackageRelationshipTypes,interface,0,0,0,0,0,1,0,0,0,NaN,-1.0,-1.0,0,0,0,0,0,0,0,0,0,0,19,0,0,0,0,19,0,0,0,21,0,0,0,0,0,19,0,19,0,19,0,0,0,0,88,1,0
/Users/larrymotuzis/Larry_Motuzis_Data/Project06_POI/poi-ooxml/src/main/java/org/apache/poi/ooxml/util/XPathHelper.java,org.apache.poi.ooxml.util.XPathHelper,class,10,15,5,10,27,1,0,28,6,0.76666665,0.0,0.0,5,4,2,3,0,0,3,0,0,0,6,6,0,5,0,1,6,0,6,110,9,3,8,5,0,18,4,29,4,23,3,0,0,0,196,17,2
/Users/larrymotuzis/Larry_Motuzis_Data/Project06_POI/poi-ooxml/src/main/java/org/apache/poi/openxml4j/opc/internal/marshallers/PackagePropertiesMarshaller.java,org.apache.poi.openxml4j.opc.internal.marshallers.PackagePropertiesMarshaller,class,10,12,2,10,26,1,1,54,0,0.878788,NaN,NaN,21,0,1,20,0,0,1,0,0,0,22,20,0,4,16,2,20,0,5,138,6,0,2,0,1,26,1,27,2,26,1,0,1,0,117,1,0
/Users/larrymotuzis/Larry_Motuzis_Data/Project06_POI/poi-ooxml/src/main/java/org/apache/poi/xddf/usermodel/XDDFLineJoinRoundProperties.java,org.apache.poi.xddf.usermodel.XDDFLineJoinRoundProperties,class,4,5,1,4,3,1,0,1,1,0.33333334,0.33333334,0.33333334,3,0,1,0,2,0,3,0,0,0,1,0,0,1,0,0,0,0,0,12,1,0,0,0,0,0,0,1,0,1,0,0,0,0,13,1,0
/Users/larrymotuzis/Larry_Motuzis_Data/Project06_POI/poi-ooxml/src/main/java/org/apache/poi/xslf/draw/SVGUserAgent.java,org.apache.poi.xslf.draw.SVGUserAgent,class,11,13,2,11,18,2,0,18,18,0.61111116,0.32142857,0.32142857,9,1,8,1,0,0,8,0,0,0,2,1,0,2,0,0,1,0,2,60,6,0,7,0,0,0,15,13,0,11,1,1,0,0,62,1,4
/Users/larrymotuzis/Larry_Motuzis_Data/Project06_POI/poi-ooxml/src/main/java/org/apache/poi/xssf/eventusermodel/XSSFBReader.java,org.apache.poi.xssf.eventusermodel.XSSFBReader$SheetIterator,innerclass,13,13,0,13,9,2,0,13,10,0.0,0.0,0.0,5,0,2,1,2,0,4,0,0,0,0,0,0,0,0,0,0,0,1,39,6,0,2,3,0,1,1,8,0,8,3,0,0,0,63,9,0
/Users/larrymotuzis/Larry_Motuzis_Data/Project06_POI/poi-ooxml/src/main/java/org/apache/poi/xddf/usermodel/text/XDDFShapeAutoFit.java,org.apache.poi.xddf.usermodel.text.XDDFShapeAutoFit,class,4,5,1,4,5,1,0,1,8,0.6,0.1,0.1,5,0,3,0,2,0,5,0,0,0,1,0,0,1,0,0,0,0,0,18,3,0,0,0,0,0,2,1,0,1,0,0,0,0,21,1,0
/Users/larrymotuzis/Larry_Motuzis_Data/Project06_POI/poi-ooxml/src/main/java/org/apache/poi/xslf/XSLFParser.java,org.apache.poi.xslf.XSLFParser,class,4,4,0,4,26,1,0,4,15,0.0,0.0,0.0,6,5,5,1,0,0,5,0,0,0,0,0,0,0,0,0,0,0,0,91,5,0,2,5,0,10,0,3,0,2,2,0,0,0,66,17,0
/Users/larrymotuzis/Larry_Motuzis_Data/Project06_POI/poi-ooxml/src/main/java/org/apache/poi/xdgf/util/HierarchyPrinter.java,org.apache.poi.xdgf.util.HierarchyPrinter$Anonymous1,anonymous,1,1,0,1,2,1,0,7,0,0.0,NaN,NaN,1,0,1,0,0,0,1,0,0,0,0,0,0,0,0,0,0,0,0,8,0,1,0,0,0,5,1,1,1,1,1,0,0,0,11,-1,0
/Users/larrymotuzis/Larry_Motuzis_Data/Project06_POI/poi-ooxml/src/main/java/org/apache/poi/xwpf/usermodel/XWPFSignatureLine.java,org.apache.poi.xwpf.usermodel.XWPFSignatureLine,class,11,11,0,11,17,2,0,12,6,0.75,0.0,0.0,4,1,2,1,1,0,3,0,0,0,2,1,0,2,0,0,1,0,1,49,12,0,1,0,0,7,0,4,1,6,1,0,0,1,51,1,0
/Users/larrymotuzis/Larry_Motuzis_Data/Project06_POI/poi-ooxml/src/main/java/org/apache/poi/xddf/usermodel/XDDFLineJoinProperties.java,org.apache.poi.xddf.usermodel.XDDFLineJoinProperties,interface,1,5,4,1,0,1,0,0,0,0.0,-1.0,-1.0,0,0,0,0,0,0,0,0,0,0,0,0,0,0,0,0,0,0,0,2,0,0,0,0,0,0,0,0,0,0,0,0,0,0,6,1,0
/Users/larrymotuzis/Larry_Motuzis_Data/Project06_POI/poi-ooxml/src/main/java/org/apache/poi/xslf/usermodel/XSLFTabStop.java,org.apache.poi.xslf.usermodel.XSLFTabStop,class,4,6,2,4,7,1,0,12,1,0.2857143,0.47619048,0.47619048,7,0,6,0,0,1,7,0,0,0,1,0,0,0,0,1,1,0,0,24,3,0,0,0,0,0,0,1,0,1,0,0,0,0,22,1,0
/Users/larrymotuzis/Larry_Motuzis_Data/Project06_POI/poi-ooxml/src/main/java/org/apache/poi/xssf/usermodel/XSSFClientAnchor.java,org.apache.poi.xssf.usermodel.XSSFClientAnchor,class,11,23,12,11,57,2,0,33,551,0.86446893,0.114285715,0.31932774,39,1,30,4,5,0,35,0,0,0,7,1,0,7,0,0,1,0,14,171,22,2,15,0,4,3,13,35,7,18,1,0,0,0,177,1,0
/Users/larrymotuzis/Larry_Motuzis_Data/Project06_POI/poi-ooxml/src/main/java/org/apache/poi/xslf/util/SVGFormat.java,org.apache.poi.xslf.util.SVGFormat,class,7,8,1,7,4,1,0,8,0,0.5,0.6666667,1.0,4,0,4,0,0,0,4,0,0,0,3,1,0,2,0,1,2,0,1,24,1,0,0,1,0,2,0,6,0,6,1,0,0,0,36,1,0
/Users/larrymotuzis/Larry_Motuzis_Data/Project06_POI/poi-ooxml/src/main/java/org/apache/poi/xwpf/usermodel/LineSpacingRule.java,org.apache.poi.xwpf.usermodel.LineSpacingRule,enum,1,3,2,1,6,1,0,5,1,0.5,0.0,0.0,3,1,2,1,0,0,3,0,0,0,2,1,0,2,0,0,2,0,2,24,2,1,1,0,0,1,3,4,1,4,1,0,0,0,81,1,0
/Users/larrymotuzis/Larry_Motuzis_Data/Project06_POI/poi-ooxml/src/main/java/org/apache/poi/xdgf/usermodel/section/geometry/RelQuadBezTo.java,org.apache.poi.xdgf.usermodel.section.geometry.RelQuadBezTo,class,6,7,1,6,21,1,0,13,0,0.6666667,0.21428572,0.75,8,0,8,0,0,0,8,0,0,0,6,0,0,0,0,6,0,0,4,55,7,1,6,0,0,6,0,9,5,9,2,0,0,0,55,1,0
/Users/larrymotuzis/Larry_Motuzis_Data/Project06_POI/poi-ooxml/src/main/java/org/apache/poi/xddf/usermodel/chart/AxisCrosses.java,org.apache.poi.xddf.usermodel.chart.AxisCrosses,enum,2,4,2,2,4,1,0,3,0,0.25,0.0,0.0,2,1,0,0,0,2,3,0,0,0,2,1,0,1,0,1,2,0,1,14,1,1,0,0,0,0,0,2,0,2,1,0,0,0,21,1,0
/Users/larrymotuzis/Larry_Motuzis_Data/Project06_POI/poi-ooxml/src/main/java/org/apache/poi/xddf/usermodel/chart/XDDFChartExtensionList.java,org.apache.poi.xddf.usermodel.chart.XDDFChartExtensionList,class,3,8,5,3,3,1,0,1,1,0.33333334,0.33333334,0.33333334,3,0,2,0,1,0,3,0,0,0,1,0,0,1,0,0,0,0,0,12,1,0,0,0,0,0,0,1,0,1,0,0,0,0,12,1,0
/Users/larrymotuzis/Larry_Motuzis_Data/Project06_POI/poi-ooxml/src/main/java/org/apache/poi/poifs/crypt/dsig/SignatureInfo.java,org.apache.poi.poifs.crypt.dsig.SignatureInfo,class,34,50,16,34,62,1,0,96,155,0.82608694,0.21904762,0.7285714,23,1,18,2,3,0,21,0,0,0,7,1,0,7,0,0,1,0,9,340,15,8,13,4,2,27,14,65,5,60,5,0,2,2,333,1,6
/Users/larrymotuzis/Larry_Motuzis_Data/Project06_POI/poi-ooxml/src/main/java/org/apache/poi/xssf/usermodel/XSSFSheetConditionalFormatting.java,org.apache.poi.xssf.usermodel.XSSFSheetConditionalFormatting,class,15,18,3,15,36,1,0,28,10,0.65625,0.52380955,0.52380955,16,0,14,1,0,1,15,0,0,0,2,1,0,1,1,0,2,0,0,130,13,4,6,0,1,8,6,27,5,19,1,0,0,0,144,1,0
/Users/larrymotuzis/Larry_Motuzis_Data/Project06_POI/poi-ooxml/src/main/java/org/apache/poi/xdgf/usermodel/XDGFShape.java,org.apache.poi.xdgf.usermodel.XDGFShape,class,19,50,31,19,226,2,0,97,729,0.9474549,0.31336406,0.55350745,63,0,59,0,4,0,63,0,0,0,29,0,0,0,0,29,0,0,38,644,104,9,107,3,2,44,142,90,11,60,3,0,0,0,195,1,0
/Users/larrymotuzis/Larry_Motuzis_Data/Project06_POI/poi-ooxml/src/main/java/org/apache/poi/xslf/util/PPTHandler.java,org.apache.poi.xslf.util.PPTHandler$Anonymous1,anonymous,0,0,0,0,2,1,0,2,0,0.0,NaN,NaN,1,0,1,0,0,0,1,0,0,0,0,0,0,0,0,0,0,0,0,9,1,0,0,0,0,0,0,1,0,1,1,0,0,0,6,-1,0
/Users/larrymotuzis/Larry_Motuzis_Data/Project06_POI/poi-ooxml/src/main/java/org/apache/poi/xssf/usermodel/XSSFPivotTable.java,org.apache.poi.xssf.usermodel.XSSFPivotTable,class,32,35,3,32,60,2,0,112,242,0.87542087,0.29802954,0.62315273,33,0,22,4,7,0,29,0,0,0,9,3,0,6,3,0,3,0,2,333,11,7,13,3,0,7,21,77,10,63,2,0,1,0,193,1,0
/Users/larrymotuzis/Larry_Motuzis_Data/Project06_POI/poi-ooxml/src/main/java/org/apache/poi/xssf/XSSFReadException.java,org.apache.poi.xssf.XSSFReadException,class,1,2,1,1,2,2,0,0,1,1.0,0.0,0.0,2,0,2,0,0,0,2,0,0,0,1,1,0,1,0,0,1,0,0,9,0,0,0,0,0,0,1,1,0,1,0,0,0,0,71,1,0
/Users/larrymotuzis/Larry_Motuzis_Data/Project06_POI/poi-ooxml/src/main/java/org/apache/poi/xssf/usermodel/ListAutoNumber.java,org.apache.poi.xssf.usermodel.ListAutoNumber,enum,0,3,3,0,0,1,0,0,0,0.0,-1.0,-1.0,0,0,0,0,0,0,0,0,0,0,0,0,0,0,0,0,0,0,0,20,0,0,0,0,0,0,0,0,0,0,0,0,0,0,44,1,0
/Users/larrymotuzis/Larry_Motuzis_Data/Project06_POI/poi-ooxml/src/main/java/org/apache/poi/poifs/crypt/dsig/services/TimeStampHttpClient.java,org.apache.poi.poifs.crypt.dsig.services.TimeStampHttpClient,interface,3,6,3,3,10,1,0,0,45,0.0,0.0,0.0,10,0,0,0,0,10,10,0,0,0,0,0,0,0,0,0,0,0,0,19,0,0,0,0,0,0,0,0,0,0,0,0,1,0,87,1,0
/Users/larrymotuzis/Larry_Motuzis_Data/Project06_POI/poi-ooxml/src/main/java/org/apache/poi/xssf/binary/XSSFBRelation.java,org.apache.poi.xssf.binary.XSSFBRelation,class,3,4,1,3,1,2,0,0,0,1.0,-1.0,-1.0,1,0,0,1,0,0,0,0,0,0,2,2,1,0,0,1,2,0,0,7,0,0,0,0,0,5,0,2,0,2,0,0,0,0,63,1,0
/Users/larrymotuzis/Larry_Motuzis_Data/Project06_POI/poi-ooxml/src/main/java/org/apache/poi/openxml4j/opc/PackageRelationship.java,org.apache.poi.openxml4j.opc.PackageRelationship,class,6,42,36,6,27,1,0,10,0,0.80128205,0.44871795,0.7051282,12,1,12,0,0,0,13,0,0,0,13,7,6,7,0,0,12,0,2,83,16,0,10,1,5,20,0,14,3,14,1,0,0,0,64,17,0
/Users/larrymotuzis/Larry_Motuzis_Data/Project06_POI/poi-ooxml/src/main/java/org/apache/poi/xddf/usermodel/chart/XDDFPieChartData.java,org.apache.poi.xddf.usermodel.chart.XDDFPieChartData,class,10,11,1,10,16,3,0,20,0,0.0,1.0,1.0,6,0,4,0,2,0,6,0,0,0,1,0,0,1,0,0,0,0,0,159,3,1,2,0,0,1,2,4,0,4,2,0,1,0,42,1,0
/Users/larrymotuzis/Larry_Motuzis_Data/Project06_POI/poi-ooxml/src/main/java/org/apache/poi/xdgf/usermodel/section/geometry/NURBSTo.java,org.apache.poi.xdgf.usermodel.section.geometry.NURBSTo,class,10,11,1,10,38,1,0,32,0,0.7474748,0.16363636,0.8181818,11,0,11,0,0,0,11,0,0,0,9,0,0,0,0,9,0,0,15,118,10,2,13,0,2,16,29,37,22,35,2,0,0,0,77,1,0
/Users/larrymotuzis/Larry_Motuzis_Data/Project06_POI/poi-ooxml/src/main/java/org/apache/poi/xslf/usermodel/XSLFObjectData.java,org.apache.poi.xslf.usermodel.XSLFObjectData,class,5,6,1,5,8,2,0,5,28,0.0,0.0,0.0,8,0,6,0,1,1,8,0,0,0,0,0,0,0,0,0,0,0,0,29,4,0,0,1,0,1,0,2,0,2,1,0,0,0,65,17,0
/Users/larrymotuzis/Larry_Motuzis_Data/Project06_POI/poi-ooxml/src/main/java/org/apache/poi/xddf/usermodel/chart/XDDFTitle.java,org.apache.poi.xddf.usermodel.chart.XDDFTitle,class,11,16,5,11,20,1,0,33,0,0.4166667,1.0,1.0,6,0,5,1,0,0,5,0,0,0,2,0,0,2,0,0,2,0,0,86,3,0,3,0,0,0,2,11,0,7,2,0,0,0,33,1,0
/Users/larrymotuzis/Larry_Motuzis_Data/Project06_POI/poi-ooxml/src/main/java/org/apache/poi/xssf/usermodel/XSSFPivotCacheDefinition.java,org.apache.poi.xssf.usermodel.XSSFPivotCacheDefinition,class,18,21,3,18,19,2,0,46,0,0.125,0.71428573,0.71428573,8,0,4,1,3,0,7,0,0,0,1,0,0,1,0,0,0,0,0,90,4,2,7,3,1,5,1,22,1,20,2,0,0,0,125,1,0
/Users/larrymotuzis/Larry_Motuzis_Data/Project06_POI/poi-ooxml/src/main/java/org/apache/poi/xslf/usermodel/XSLFPropertiesDelegate.java,org.apache.poi.xslf.usermodel.XSLFPropertiesDelegate$TableCellDelegate,innerclass,9,9,0,9,34,1,0,30,0,0.0882353,0.82887703,0.82887703,34,0,33,0,0,1,34,0,0,0,1,0,0,0,0,1,1,0,0,105,21,0,0,0,0,0,0,1,0,1,0,0,0,0,41,10,0
/Users/larrymotuzis/Larry_Motuzis_Data/Project06_POI/poi-ooxml/src/main/java/org/apache/poi/xdgf/usermodel/section/GeometryRowTypes.java,org.apache.poi.xdgf.usermodel.section.GeometryRowTypes,enum,5,7,2,5,4,1,0,12,0,0.44444445,0.33333334,0.33333334,3,1,2,0,0,1,3,0,0,0,3,1,0,3,0,0,3,0,5,20,2,0,1,0,0,18,0,6,1,6,1,0,0,0,39,0,0
/Users/larrymotuzis/Larry_Motuzis_Data/Project06_POI/poi-ooxml/src/main/java/org/apache/poi/xdgf/usermodel/XDGFConnection.java,org.apache.poi.xdgf.usermodel.XDGFConnection,class,3,4,1,3,10,1,0,7,0,0.94711536,0.64285713,1.0,8,0,8,0,0,0,8,0,0,0,26,23,23,3,0,0,23,0,0,56,9,0,0,0,0,0,23,26,0,26,1,0,0,0,95,1,0
/Users/larrymotuzis/Larry_Motuzis_Data/Project06_POI/poi-ooxml/src/main/java/org/apache/poi/xslf/usermodel/XSLFCommentAuthors.java,org.apache.poi.xslf.usermodel.XSLFCommentAuthors,class,6,9,3,6,6,2,0,8,0,0.0,1.0,1.0,4,0,2,0,0,2,4,0,0,0,1,0,0,1,0,0,1,0,0,26,3,1,1,1,0,0,0,5,0,4,2,0,0,0,53,1,0
/Users/larrymotuzis/Larry_Motuzis_Data/Project06_POI/poi-ooxml/src/main/java/org/apache/poi/xddf/usermodel/XDDFAdjustHandlePolar.java,org.apache.poi.xddf.usermodel.XDDFAdjustHandlePolar,class,3,4,1,3,2,1,0,0,0,0.0,1.0,1.0,2,0,2,0,0,0,2,0,0,0,1,0,0,1,0,0,0,0,0,9,1,0,0,0,0,0,0,1,0,1,0,0,0,0,12,1,0
/Users/larrymotuzis/Larry_Motuzis_Data/Project06_POI/poi-ooxml/src/main/java/org/apache/poi/xssf/usermodel/XSSFDataValidation.java,org.apache.poi.xssf.usermodel.XSSFDataValidation,class,10,14,4,10,39,1,0,42,0,0.8583333,0.71146244,0.9130435,24,1,20,2,0,2,23,0,0,0,10,7,0,4,0,6,10,0,8,157,16,2,6,0,0,9,3,21,4,21,2,0,0,0,119,1,0
/Users/larrymotuzis/Larry_Motuzis_Data/Project06_POI/poi-ooxml/src/main/java/org/apache/poi/xssf/streaming/SXSSFPicture.java,org.apache.poi.xssf.streaming.SXSSFPicture,class,25,27,2,25,37,1,0,59,58,0.78125,0.46753246,0.46753246,24,1,19,2,2,1,22,0,0,0,4,2,0,4,0,0,4,0,1,141,20,2,6,1,11,3,9,36,19,34,1,0,0,0,200,17,3
/Users/larrymotuzis/Larry_Motuzis_Data/Project06_POI/poi-ooxml/src/main/java/org/apache/poi/xddf/usermodel/XDDFPresetLineDash.java,org.apache.poi.xddf.usermodel.XDDFPresetLineDash,class,5,7,2,5,8,1,0,7,0,0.2,0.6,0.6,5,0,3,0,2,0,5,0,0,0,1,0,0,1,0,0,0,0,0,31,3,0,1,0,0,0,0,1,0,1,2,0,0,0,18,1,0
/Users/larrymotuzis/Larry_Motuzis_Data/Project06_POI/poi-ooxml/src/main/java/org/apache/poi/openxml4j/opc/StreamHelper.java,org.apache.poi.openxml4j.opc.StreamHelper,class,2,7,5,2,5,1,0,5,3,0.0,0.0,0.0,3,2,2,1,0,0,2,0,0,0,0,0,0,0,0,0,0,0,0,37,4,0,0,2,0,3,0,3,0,3,1,1,0,0,49,17,0
/Users/larrymotuzis/Larry_Motuzis_Data/Project06_POI/poi-ooxml/src/main/java/org/apache/poi/xwpf/usermodel/XWPFHyperlinkRun.java,org.apache.poi.xwpf.usermodel.XWPFHyperlinkRun,class,8,11,3,8,7,2,0,5,0,0.16666667,0.6666667,0.6666667,6,0,6,0,0,0,6,0,0,0,1,0,0,1,0,0,0,0,0,24,5,0,1,0,0,0,0,2,0,2,1,0,0,0,46,1,0
/Users/larrymotuzis/Larry_Motuzis_Data/Project06_POI/poi-ooxml/src/main/java/org/apache/poi/xssf/streaming/SXSSFEvaluationWorkbook.java,org.apache.poi.xssf.streaming.SXSSFEvaluationWorkbook,class,11,14,3,11,6,2,0,8,0,0.2,0.5,0.5,5,1,4,1,0,0,4,0,0,0,1,0,0,1,0,0,1,0,0,24,5,0,1,0,2,0,0,3,0,3,1,0,0,0,25,17,0
/Users/larrymotuzis/Larry_Motuzis_Data/Project06_POI/poi-ooxml/src/main/java/org/apache/poi/xslf/usermodel/XSLFMetroShape.java,org.apache.poi.xslf.usermodel.XSLFMetroShape,class,8,8,0,8,3,1,0,10,0,0.0,NaN,NaN,1,0,1,0,0,0,1,0,0,0,0,0,0,0,0,0,0,0,0,19,2,0,1,2,0,2,1,6,0,6,2,0,0,0,56,1,0
/Users/larrymotuzis/Larry_Motuzis_Data/Project06_POI/poi-ooxml/src/main/java/org/apache/poi/ooxml/extractor/POIXMLPropertiesTextExtractor.java,org.apache.poi.ooxml.extractor.POIXMLPropertiesTextExtractor,class,9,11,2,9,43,1,0,106,114,0.875,0.036363635,0.036363635,16,0,11,5,0,0,11,0,0,0,3,0,0,3,0,0,2,0,15,189,13,1,5,1,0,46,2,35,1,15,3,0,0,0,89,1,0
/Users/larrymotuzis/Larry_Motuzis_Data/Project06_POI/poi-ooxml/src/main/java/org/apache/poi/xddf/usermodel/TileFlipMode.java,org.apache.poi.xddf.usermodel.TileFlipMode,enum,2,5,3,2,4,1,0,3,0,0.25,0.0,0.0,2,1,0,0,0,2,3,0,0,0,2,1,0,1,0,1,2,0,1,14,1,1,0,0,0,0,0,2,0,2,1,0,0,0,15,1,0
/Users/larrymotuzis/Larry_Motuzis_Data/Project06_POI/poi-ooxml/src/main/java/org/apache/poi/xslf/model/ParagraphPropertyFetcher.java,org.apache.poi.xslf.model.ParagraphPropertyFetcher$ParaPropFetcher,interface,2,2,0,2,1,1,0,0,0,0.0,NaN,NaN,1,0,0,0,0,1,1,0,0,0,0,0,0,0,0,0,0,0,0,3,0,0,0,0,0,0,0,0,0,0,0,0,0,0,7,1,0
