file,class,type,cbo,cboModified,fanin,fanout,wmc,dit,noc,rfc,lcom,lcom*,tcc,lcc,totalMethodsQty,staticMethodsQty,publicMethodsQty,privateMethodsQty,protectedMethodsQty,defaultMethodsQty,visibleMethodsQty,abstractMethodsQty,finalMethodsQty,synchronizedMethodsQty,totalFieldsQty,staticFieldsQty,publicFieldsQty,privateFieldsQty,protectedFieldsQty,defaultFieldsQty,finalFieldsQty,synchronizedFieldsQty,nosi,loc,returnQty,loopQty,comparisonsQty,tryCatchQty,parenthesizedExpsQty,stringLiteralsQty,numbersQty,assignmentsQty,mathOperationsQty,variablesQty,maxNestedBlocksQty,anonymousClassesQty,innerClassesQty,lambdasQty,uniqueWordsQty,modifiers,logStatementsQty
/Users/larrymotuzis/Larry_Motuzis_Data/Project05_CommonsCollections/src/main/java/org/apache/commons/collections4/map/AbstractLinkedMap.java,org.apache.commons.collections4.map.AbstractLinkedMap,class,17,25,8,17,43,8,0,12,181,0.6086956,0.08300395,0.08300395,23,0,7,0,16,0,23,0,0,0,1,0,0,0,0,1,0,0,4,272,20,4,11,0,0,6,7,28,3,10,3,0,6,0,236,1025,0
/Users/larrymotuzis/Larry_Motuzis_Data/Project05_CommonsCollections/src/main/java/org/apache/commons/collections4/map/Flat3Map.java,org.apache.commons.collections4.map.Flat3Map,class,14,24,10,14,179,9,0,46,0,0.6195652,0.6105263,0.6315789,23,0,19,3,1,0,20,0,0,0,12,1,0,12,0,0,1,0,4,869,84,3,73,1,4,12,97,143,3,43,3,0,9,0,315,1,0
/Users/larrymotuzis/Larry_Motuzis_Data/Project05_CommonsCollections/src/main/java/org/apache/commons/collections4/splitmap/TransformedSplitMap.java,org.apache.commons.collections4.splitmap.TransformedSplitMap,class,10,11,1,10,13,2,0,18,39,0.7878788,0.22222222,0.2777778,11,1,4,2,5,0,9,0,0,0,3,1,0,3,0,0,3,0,2,49,7,1,0,0,0,4,1,5,0,4,1,0,0,0,184,1,0
/Users/larrymotuzis/Larry_Motuzis_Data/Project05_CommonsCollections/src/main/java/org/apache/commons/collections4/TrieUtils.java,org.apache.commons.collections4.TrieUtils,class,4,4,0,4,2,1,0,1,1,0.0,NaN,NaN,2,1,1,1,0,0,1,0,0,0,0,0,0,0,0,0,0,0,1,7,1,0,0,0,0,0,0,0,0,0,0,0,0,0,31,1,0
/Users/larrymotuzis/Larry_Motuzis_Data/Project05_CommonsCollections/src/main/java/org/apache/commons/collections4/bag/SynchronizedBag.java,org.apache.commons.collections4.bag.SynchronizedBag,class,4,7,3,4,11,3,0,8,45,1.0,0.0,0.0,10,1,7,0,3,0,10,0,0,0,1,1,0,1,0,0,1,0,0,55,9,0,1,0,0,0,1,2,0,2,1,0,1,0,74,1,0
/Users/larrymotuzis/Larry_Motuzis_Data/Project05_CommonsCollections/src/main/java/org/apache/commons/collections4/functors/NullPredicate.java,org.apache.commons.collections4.functors.NullPredicate,class,4,8,4,4,5,2,0,0,4,0.75,0.0,0.0,4,1,2,2,0,0,2,0,0,0,2,2,1,1,0,0,2,0,0,15,3,0,1,0,0,1,1,2,0,2,0,0,0,0,44,17,0
/Users/larrymotuzis/Larry_Motuzis_Data/Project05_CommonsCollections/src/main/java/org/apache/commons/collections4/map/ListOrderedMap.java,org.apache.commons.collections4.map.ListOrderedMap$ListOrderedIterator,innerclass,6,6,0,6,3,2,0,6,0,0.16666667,1.0,1.0,3,0,2,0,0,1,3,0,0,0,2,0,0,2,0,0,1,0,0,16,1,0,0,0,0,0,0,2,0,2,0,0,0,0,11,8,0
/Users/larrymotuzis/Larry_Motuzis_Data/Project05_CommonsCollections/src/main/java/org/apache/commons/collections4/properties/PropertiesFactory.java,org.apache.commons.collections4.properties.PropertiesFactory$EmptyProperties,innerclass,0,0,0,0,37,4,0,11,666,1.0,0.0,0.0,37,0,36,0,1,0,37,0,0,28,1,1,0,1,0,0,1,0,32,136,18,0,0,0,1,3,3,1,0,1,0,0,0,0,80,26,0
/Users/larrymotuzis/Larry_Motuzis_Data/Project05_CommonsCollections/src/main/java/org/apache/commons/collections4/functors/WhileClosure.java,org.apache.commons.collections4.functors.WhileClosure,class,5,7,2,5,8,1,0,4,0,0.33333334,0.46666667,0.6666667,6,1,6,0,0,0,6,0,0,0,3,0,0,3,0,0,3,0,2,30,4,1,0,0,0,2,0,3,0,3,1,0,0,0,89,1,0
/Users/larrymotuzis/Larry_Motuzis_Data/Project05_CommonsCollections/src/main/java/org/apache/commons/collections4/iterators/SingletonListIterator.java,org.apache.commons.collections4.iterators.SingletonListIterator,class,2,3,1,2,21,1,0,0,0,0.5,0.6545454,0.8181818,11,0,11,0,0,0,11,0,0,0,4,0,0,4,0,0,0,0,0,56,6,0,0,0,0,1,4,10,0,4,1,0,0,0,90,1,0
/Users/larrymotuzis/Larry_Motuzis_Data/Project05_CommonsCollections/src/main/java/org/apache/commons/collections4/list/TransformedList.java,org.apache.commons.collections4.list.TransformedList,class,6,8,2,6,19,4,0,21,120,1.0,0.0,0.0,16,2,14,0,2,0,16,0,0,0,1,1,0,1,0,0,1,0,0,75,14,1,1,0,0,1,2,7,0,4,2,0,1,0,105,1,0
/Users/larrymotuzis/Larry_Motuzis_Data/Project05_CommonsCollections/src/main/java/org/apache/commons/collections4/bidimap/TreeBidiMap.java,org.apache.commons.collections4.bidimap.TreeBidiMap$Node,innerclass,6,6,0,6,30,1,0,7,122,0.8392857,0.2,0.4,21,0,5,15,0,1,6,0,0,0,8,0,0,8,0,0,6,0,2,99,15,0,5,0,1,2,3,19,0,9,1,0,0,0,99,8,0
/Users/larrymotuzis/Larry_Motuzis_Data/Project05_CommonsCollections/src/main/java/org/apache/commons/collections4/SetValuedMap.java,org.apache.commons.collections4.SetValuedMap,interface,3,5,2,3,2,1,0,0,1,0.0,0.0,0.0,2,0,0,0,0,2,2,0,0,0,0,0,0,0,0,0,0,0,0,4,0,0,0,0,0,0,0,0,0,0,0,0,0,0,85,1,0
/Users/larrymotuzis/Larry_Motuzis_Data/Project05_CommonsCollections/src/main/java/org/apache/commons/collections4/bidimap/DualLinkedHashBidiMap.java,org.apache.commons.collections4.bidimap.DualLinkedHashBidiMap,class,5,6,1,5,6,2,0,5,15,1.0,0.0,0.0,6,0,2,2,2,0,4,0,0,0,1,1,0,1,0,0,1,0,0,27,1,0,0,0,0,1,1,4,0,2,0,0,0,0,97,1,0
/Users/larrymotuzis/Larry_Motuzis_Data/Project05_CommonsCollections/src/main/java/org/apache/commons/collections4/multiset/SynchronizedMultiSet.java,org.apache.commons.collections4.multiset.SynchronizedMultiSet,class,6,8,2,6,13,3,0,10,66,1.0,0.0,0.0,12,1,9,0,3,0,12,0,0,0,1,1,0,1,0,0,1,0,0,66,11,0,1,0,0,0,1,3,0,3,1,0,1,0,71,1,0
/Users/larrymotuzis/Larry_Motuzis_Data/Project05_CommonsCollections/src/main/java/org/apache/commons/collections4/map/ConcurrentReferenceHashMap.java,org.apache.commons.collections4.map.ConcurrentReferenceHashMap$ValueIterator,innerclass,3,3,0,3,2,2,0,2,1,0.0,0.0,0.0,2,0,2,0,0,0,2,0,0,0,0,0,0,0,0,0,0,0,0,8,2,0,0,0,0,0,0,0,0,0,0,0,0,0,6,18,0
/Users/larrymotuzis/Larry_Motuzis_Data/Project05_CommonsCollections/src/main/java/org/apache/commons/collections4/multimap/AbstractListValuedMap.java,org.apache.commons.collections4.multimap.AbstractListValuedMap,class,6,11,5,6,7,3,0,5,21,0.0,0.0,0.0,7,0,2,0,4,1,7,1,0,0,0,0,0,0,0,0,0,0,1,148,4,0,0,0,0,1,0,0,0,0,0,0,2,0,72,1025,0
/Users/larrymotuzis/Larry_Motuzis_Data/Project05_CommonsCollections/src/main/java/org/apache/commons/collections4/map/ListOrderedMap.java,org.apache.commons.collections4.map.ListOrderedMap,class,14,22,8,14,49,12,0,40,106,0.69642854,0.36923078,0.36923078,28,1,25,2,1,0,26,0,0,0,2,1,0,2,0,0,2,0,1,372,26,3,2,0,0,11,11,20,7,16,2,0,6,0,283,1,0
/Users/larrymotuzis/Larry_Motuzis_Data/Project05_CommonsCollections/src/main/java/org/apache/commons/collections4/bloomfilter/IndexFilter.java,org.apache.commons.collections4.bloomfilter.IndexFilter$BitMapTracker,innerclass,3,3,0,3,2,1,0,3,0,0.0,1.0,1.0,2,0,1,0,0,1,2,0,0,0,1,0,0,1,0,0,1,0,3,11,1,0,0,0,0,0,0,2,0,2,0,0,0,0,38,8,0
/Users/larrymotuzis/Larry_Motuzis_Data/Project05_CommonsCollections/src/main/java/org/apache/commons/collections4/multiset/PredicatedMultiSet.java,org.apache.commons.collections4.multiset.PredicatedMultiSet,class,6,9,3,6,12,3,0,11,55,1.0,0.0,0.0,11,1,9,0,2,0,11,0,0,0,1,1,0,1,0,0,1,0,0,38,10,0,1,0,0,0,1,1,0,1,0,0,0,0,96,1,0
/Users/larrymotuzis/Larry_Motuzis_Data/Project05_CommonsCollections/src/main/java/org/apache/commons/collections4/map/AbstractHashedMap.java,org.apache.commons.collections4.map.AbstractHashedMap$KeySetIterator,innerclass,4,4,0,4,2,2,0,2,1,0.0,0.0,0.0,2,0,1,0,1,0,2,0,0,0,0,0,0,0,0,0,0,0,0,8,1,0,0,0,0,1,0,0,0,0,0,0,0,0,16,12,0
/Users/larrymotuzis/Larry_Motuzis_Data/Project05_CommonsCollections/src/main/java/org/apache/commons/collections4/map/AbstractHashedMap.java,org.apache.commons.collections4.map.AbstractHashedMap,class,17,43,26,17,115,11,0,60,735,0.93473685,0.15673469,0.30857143,50,0,16,0,34,0,50,0,0,0,19,11,0,0,11,8,11,0,9,669,51,18,31,2,5,16,29,120,14,69,4,0,9,0,413,1,0
/Users/larrymotuzis/Larry_Motuzis_Data/Project05_CommonsCollections/src/main/java/org/apache/commons/collections4/functors/PredicateTransformer.java,org.apache.commons.collections4.functors.PredicateTransformer,class,4,6,2,4,5,1,0,2,0,0.5,0.5,0.5,4,1,4,0,0,0,4,0,0,0,2,1,0,2,0,0,2,0,1,19,3,0,1,0,0,1,1,2,0,2,1,0,0,0,58,1,0
/Users/larrymotuzis/Larry_Motuzis_Data/Project05_CommonsCollections/src/main/java/org/apache/commons/collections4/iterators/EmptyIterator.java,org.apache.commons.collections4.iterators.EmptyIterator,class,4,15,11,4,3,2,0,0,3,0.6666667,0.0,0.0,3,2,2,0,1,0,3,0,0,0,2,2,2,0,0,0,2,0,0,12,2,0,0,0,0,2,0,2,0,2,0,0,0,0,49,1,0
/Users/larrymotuzis/Larry_Motuzis_Data/Project05_CommonsCollections/src/main/java/org/apache/commons/collections4/multimap/TransformedMultiValuedMap.java,org.apache.commons.collections4.multimap.TransformedMultiValuedMap,class,10,12,2,10,14,2,0,22,20,0.7407408,0.3611111,0.41666666,9,2,6,0,3,0,9,0,0,0,3,1,0,3,0,0,3,0,5,59,10,2,2,0,0,3,1,11,0,9,1,0,0,0,110,1,0
/Users/larrymotuzis/Larry_Motuzis_Data/Project05_CommonsCollections/src/main/java/org/apache/commons/collections4/list/AbstractLinkedList.java,org.apache.commons.collections4.list.AbstractLinkedList$LinkedSubListIterator,innerclass,4,4,0,4,8,2,0,5,0,0.16666667,0.0,0.0,6,0,5,0,1,0,6,0,0,0,1,0,0,0,1,0,1,0,0,26,3,0,0,0,0,0,1,3,2,1,0,0,0,0,30,12,0
/Users/larrymotuzis/Larry_Motuzis_Data/Project05_CommonsCollections/src/main/java/org/apache/commons/collections4/trie/KeyAnalyzer.java,org.apache.commons.collections4.trie.KeyAnalyzer,class,1,7,6,1,18,1,0,1,55,0.93181825,0.0,0.0,11,4,7,0,0,4,11,5,0,0,4,4,3,1,0,0,4,0,0,34,7,0,6,0,1,1,8,4,0,4,1,0,0,0,133,1025,0
/Users/larrymotuzis/Larry_Motuzis_Data/Project05_CommonsCollections/src/main/java/org/apache/commons/collections4/multiset/SynchronizedMultiSet.java,org.apache.commons.collections4.multiset.SynchronizedMultiSet$SynchronizedSet,innerclass,2,2,0,2,1,2,0,0,0,1.0,NaN,NaN,1,0,0,0,0,1,1,0,0,0,1,1,0,1,0,0,1,0,0,6,0,0,0,0,0,0,1,1,0,1,0,0,0,0,27,8,0
/Users/larrymotuzis/Larry_Motuzis_Data/Project05_CommonsCollections/src/main/java/org/apache/commons/collections4/iterators/ExtendedIterator.java,org.apache.commons.collections4.iterators.ExtendedIterator,class,10,11,1,10,16,1,0,9,28,0.53846157,0.18181819,0.22727273,13,5,12,1,0,0,12,0,0,0,2,0,0,2,0,0,2,0,3,51,11,0,0,0,1,0,0,2,0,2,1,0,0,0,135,17,0
/Users/larrymotuzis/Larry_Motuzis_Data/Project05_CommonsCollections/src/main/java/org/apache/commons/collections4/map/AbstractReferenceMap.java,org.apache.commons.collections4.map.AbstractReferenceMap$ReferenceValuesIterator,innerclass,4,4,0,4,2,2,0,2,1,0.0,0.0,0.0,2,0,1,0,0,1,2,0,0,0,0,0,0,0,0,0,0,0,0,8,1,0,0,0,0,1,0,0,0,0,0,0,0,0,9,8,0
/Users/larrymotuzis/Larry_Motuzis_Data/Project05_CommonsCollections/src/main/java/org/apache/commons/collections4/map/MultiValueMap.java,org.apache.commons.collections4.map.MultiValueMap$Anonymous1$Anonymous2,anonymous,2,2,0,2,3,1,0,0,3,0.0,0.0,0.0,3,0,3,0,0,0,3,0,0,0,0,0,0,0,0,0,0,0,0,11,2,0,0,0,0,0,0,0,0,0,0,0,0,0,12,-1,0
/Users/larrymotuzis/Larry_Motuzis_Data/Project05_CommonsCollections/src/main/java/org/apache/commons/collections4/functors/NonePredicate.java,org.apache.commons.collections4.functors.NonePredicate,class,6,8,2,6,8,3,0,5,6,1.0,0.0,0.0,4,2,4,0,0,0,4,0,0,0,1,1,0,1,0,0,1,0,5,28,6,1,2,0,0,0,3,2,0,2,2,0,0,0,65,17,0
/Users/larrymotuzis/Larry_Motuzis_Data/Project05_CommonsCollections/src/main/java/org/apache/commons/collections4/MultiMapUtils.java,org.apache.commons.collections4.MultiMapUtils,class,12,12,0,12,21,1,0,5,64,0.8333333,0.018181818,0.018181818,12,11,11,1,0,0,11,0,0,0,1,1,1,0,0,0,1,0,3,62,18,0,6,0,0,4,2,4,0,4,2,0,0,0,139,1,0
/Users/larrymotuzis/Larry_Motuzis_Data/Project05_CommonsCollections/src/main/java/org/apache/commons/collections4/map/SingletonMap.java,org.apache.commons.collections4.map.SingletonMap,class,11,14,3,11,46,3,0,22,286,0.75757575,0.22916667,0.28977272,33,0,31,0,2,0,33,0,0,0,3,1,0,3,0,0,2,0,4,227,31,0,7,1,3,6,10,17,0,9,1,0,2,0,178,1,0
/Users/larrymotuzis/Larry_Motuzis_Data/Project05_CommonsCollections/src/main/java/org/apache/commons/collections4/bloomfilter/CellExtractor.java,org.apache.commons.collections4.bloomfilter.CellExtractor$Anonymous1,anonymous,4,4,0,4,7,1,0,11,0,0.0,1.0,1.0,3,0,2,1,0,0,2,0,0,0,1,0,0,0,0,1,0,0,0,43,4,1,1,0,0,0,1,3,0,5,3,0,1,2,17,-1,0
/Users/larrymotuzis/Larry_Motuzis_Data/Project05_CommonsCollections/src/main/java/org/apache/commons/collections4/set/TransformedNavigableSet.java,org.apache.commons.collections4.set.TransformedNavigableSet,class,4,6,2,4,17,5,0,19,105,1.0,0.0,0.0,15,2,13,0,2,0,15,0,0,0,1,1,0,1,0,0,1,0,4,59,14,1,0,0,0,1,1,6,0,6,2,0,0,0,101,1,0
/Users/larrymotuzis/Larry_Motuzis_Data/Project05_CommonsCollections/src/main/java/org/apache/commons/collections4/bloomfilter/IndexExtractor.java,org.apache.commons.collections4.bloomfilter.IndexExtractor,interface,4,18,14,4,5,1,0,5,10,0.0,0.0,0.0,5,2,0,0,0,5,5,0,0,0,0,0,0,0,0,0,0,0,1,81,6,0,0,0,0,1,0,3,0,5,1,3,1,2,110,1,0
/Users/larrymotuzis/Larry_Motuzis_Data/Project05_CommonsCollections/src/main/java/org/apache/commons/collections4/list/PredicatedList.java,org.apache.commons.collections4.list.PredicatedList$PredicatedListIterator,innerclass,3,3,0,3,3,2,0,4,3,0.0,0.0,0.0,3,0,2,0,1,0,3,0,0,0,0,0,0,0,0,0,0,0,0,13,0,0,0,0,0,0,0,0,0,0,0,0,0,0,18,4,0
/Users/larrymotuzis/Larry_Motuzis_Data/Project05_CommonsCollections/src/main/java/org/apache/commons/collections4/map/ListOrderedMap.java,org.apache.commons.collections4.map.ListOrderedMap$KeySetView$Anonymous1,anonymous,2,2,0,2,1,1,0,3,0,0.0,NaN,NaN,1,0,1,0,0,0,1,0,0,0,0,0,0,0,0,0,0,0,0,5,1,0,0,0,0,0,0,0,0,0,0,0,0,0,4,-1,0
/Users/larrymotuzis/Larry_Motuzis_Data/Project05_CommonsCollections/src/main/java/org/apache/commons/collections4/bidimap/AbstractDualBidiMap.java,org.apache.commons.collections4.bidimap.AbstractDualBidiMap$MapEntry,innerclass,4,4,0,4,4,2,0,5,0,0.0,1.0,1.0,2,0,1,0,1,0,2,0,0,0,1,0,0,0,1,0,1,0,0,15,1,0,1,0,0,1,0,2,0,2,1,0,0,0,32,12,0
/Users/larrymotuzis/Larry_Motuzis_Data/Project05_CommonsCollections/src/main/java/org/apache/commons/collections4/bidimap/TreeBidiMap.java,org.apache.commons.collections4.bidimap.TreeBidiMap$InverseEntryView,innerclass,4,4,0,4,9,4,0,6,6,0.0,0.0,0.0,4,0,3,0,0,1,4,0,0,0,0,0,0,0,0,0,0,0,2,30,6,0,2,0,2,0,0,6,0,6,1,0,0,0,29,16,0
/Users/larrymotuzis/Larry_Motuzis_Data/Project05_CommonsCollections/src/main/java/org/apache/commons/collections4/CollectionUtils.java,org.apache.commons.collections4.CollectionUtils,class,35,51,16,35,202,2,0,136,2485,0.9976526,0.0,0.0,71,70,69,1,0,1,70,0,0,0,6,6,6,0,0,0,6,0,125,728,96,30,41,5,16,82,35,83,13,66,3,0,3,3,552,1,0
/Users/larrymotuzis/Larry_Motuzis_Data/Project05_CommonsCollections/src/main/java/org/apache/commons/collections4/multiset/AbstractMultiSetDecorator.java,org.apache.commons.collections4.multiset.AbstractMultiSetDecorator,class,5,7,2,5,12,2,0,10,55,1.0,0.0,0.0,11,0,8,0,3,0,11,0,0,0,1,1,0,1,0,0,1,0,0,35,9,0,1,0,0,0,1,1,0,1,0,0,0,0,60,1025,0
/Users/larrymotuzis/Larry_Motuzis_Data/Project05_CommonsCollections/src/main/java/org/apache/commons/collections4/map/AbstractReferenceMap.java,org.apache.commons.collections4.map.AbstractReferenceMap$ReferenceKeySetIterator,innerclass,4,4,0,4,2,2,0,2,1,0.0,0.0,0.0,2,0,1,0,0,1,2,0,0,0,0,0,0,0,0,0,0,0,0,8,1,0,0,0,0,1,0,0,0,0,0,0,0,0,10,8,0
/Users/larrymotuzis/Larry_Motuzis_Data/Project05_CommonsCollections/src/main/java/org/apache/commons/collections4/map/AbstractReferenceMap.java,org.apache.commons.collections4.map.AbstractReferenceMap$WeakRef,innerclass,2,2,0,2,7,3,0,1,0,0.0,1.0,1.0,3,0,2,0,0,1,3,0,0,0,1,0,0,1,0,0,1,0,0,23,5,0,4,0,0,0,0,2,0,2,1,0,0,0,27,8,0
/Users/larrymotuzis/Larry_Motuzis_Data/Project05_CommonsCollections/src/main/java/org/apache/commons/collections4/map/AbstractHashedMap.java,org.apache.commons.collections4.map.AbstractHashedMap$ValuesIterator,innerclass,4,4,0,4,2,2,0,2,1,0.0,0.0,0.0,2,0,1,0,1,0,2,0,0,0,0,0,0,0,0,0,0,0,0,8,1,0,0,0,0,1,0,0,0,0,0,0,0,0,15,12,0
/Users/larrymotuzis/Larry_Motuzis_Data/Project05_CommonsCollections/src/main/java/org/apache/commons/collections4/map/PassiveExpiringMap.java,org.apache.commons.collections4.map.PassiveExpiringMap$ConstantTimeToLiveExpirationPolicy,innerclass,4,4,0,4,6,1,0,2,4,0.75,0.16666667,0.16666667,4,0,4,0,0,0,4,0,0,0,2,1,0,2,0,0,2,0,2,23,3,0,0,0,0,0,5,3,2,3,2,0,0,0,90,9,0
/Users/larrymotuzis/Larry_Motuzis_Data/Project05_CommonsCollections/src/main/java/org/apache/commons/collections4/properties/SortedPropertiesFactory.java,org.apache.commons.collections4.properties.SortedPropertiesFactory,class,3,4,1,3,2,2,0,0,1,1.0,NaN,NaN,2,0,0,1,1,0,1,0,0,0,1,1,1,0,0,0,1,0,0,8,1,0,0,0,0,0,0,1,0,1,0,0,0,0,25,1,0
/Users/larrymotuzis/Larry_Motuzis_Data/Project05_CommonsCollections/src/main/java/org/apache/commons/collections4/bidimap/UnmodifiableOrderedBidiMap.java,org.apache.commons.collections4.bidimap.UnmodifiableOrderedBidiMap,class,11,12,1,11,15,5,0,11,76,0.84615386,0.0,0.0,13,1,12,1,0,0,12,0,0,0,1,0,0,1,0,0,0,0,4,54,8,0,1,0,0,2,0,7,0,6,1,0,0,0,70,17,0
/Users/larrymotuzis/Larry_Motuzis_Data/Project05_CommonsCollections/src/main/java/org/apache/commons/collections4/functors/FunctorUtils.java,org.apache.commons.collections4.functors.FunctorUtils,class,7,17,10,7,20,1,0,7,55,0.0,0.0,0.0,11,10,0,2,0,9,9,0,0,0,0,0,0,0,0,0,0,0,7,59,7,4,5,0,0,18,4,6,4,5,2,0,0,0,76,16,0
/Users/larrymotuzis/Larry_Motuzis_Data/Project05_CommonsCollections/src/main/java/org/apache/commons/collections4/functors/ChainedTransformer.java,org.apache.commons.collections4.functors.ChainedTransformer,class,5,7,2,5,10,1,0,7,3,0.72222215,0.1,0.1,6,2,5,1,0,0,5,0,0,0,3,2,0,3,0,0,3,0,7,36,6,1,1,0,0,2,2,5,0,4,1,0,0,0,102,1,0
/Users/larrymotuzis/Larry_Motuzis_Data/Project05_CommonsCollections/src/main/java/org/apache/commons/collections4/iterators/ArrayListIterator.java,org.apache.commons.collections4.iterators.ArrayListIterator,class,4,6,2,4,15,2,0,5,43,0.6363636,0.10909091,0.10909091,11,0,11,0,0,0,11,0,0,0,1,0,0,1,0,0,0,0,3,48,5,0,1,0,0,4,4,4,2,1,1,0,0,0,136,1,0
/Users/larrymotuzis/Larry_Motuzis_Data/Project05_CommonsCollections/src/main/java/org/apache/commons/collections4/functors/PrototypeFactory.java,org.apache.commons.collections4.functors.PrototypeFactory,class,6,8,2,6,6,1,0,4,1,0.0,NaN,NaN,2,1,1,1,0,0,1,0,0,0,0,0,0,0,0,0,0,0,1,89,4,0,1,2,0,3,0,1,0,1,3,0,2,0,86,1,0
/Users/larrymotuzis/Larry_Motuzis_Data/Project05_CommonsCollections/src/main/java/org/apache/commons/collections4/map/MultiValueMap.java,org.apache.commons.collections4.map.MultiValueMap$Anonymous1,anonymous,5,5,0,5,2,1,0,2,0,0.0,NaN,NaN,1,0,0,0,1,0,1,0,0,0,0,0,0,0,0,0,0,0,0,21,2,0,0,0,0,0,0,2,0,3,1,1,0,1,9,-1,0
/Users/larrymotuzis/Larry_Motuzis_Data/Project05_CommonsCollections/src/main/java/org/apache/commons/collections4/iterators/ReverseListIterator.java,org.apache.commons.collections4.iterators.ReverseListIterator,class,2,3,1,2,14,1,0,12,0,0.45454547,1.0,1.0,11,0,11,0,0,0,11,0,0,0,3,0,0,3,0,0,1,0,1,54,6,0,0,0,0,4,0,9,0,5,1,0,0,0,113,1,0
/Users/larrymotuzis/Larry_Motuzis_Data/Project05_CommonsCollections/src/main/java/org/apache/commons/collections4/collection/PredicatedCollection.java,org.apache.commons.collections4.collection.PredicatedCollection,class,7,16,9,7,10,2,0,7,15,0.78571427,0.2857143,0.2857143,7,3,5,0,2,0,7,0,0,0,2,1,0,1,1,0,2,0,2,108,5,2,0,0,0,4,1,2,1,2,1,0,1,0,118,1,0
/Users/larrymotuzis/Larry_Motuzis_Data/Project05_CommonsCollections/src/main/java/org/apache/commons/collections4/set/AbstractSetDecorator.java,org.apache.commons.collections4.set.AbstractSetDecorator,class,3,11,8,3,6,2,0,4,10,1.0,0.0,0.0,5,0,2,0,3,0,5,0,0,0,1,1,0,1,0,0,1,0,0,17,3,0,1,0,0,0,1,1,0,1,0,0,0,0,52,1025,0
/Users/larrymotuzis/Larry_Motuzis_Data/Project05_CommonsCollections/src/main/java/org/apache/commons/collections4/comparators/ComparableComparator.java,org.apache.commons.collections4.comparators.ComparableComparator,class,2,4,2,2,7,1,0,4,10,0.9,0.0,0.0,5,1,5,0,0,0,5,0,0,0,2,2,1,1,0,0,2,0,0,18,4,0,2,0,0,2,1,2,0,2,0,0,0,0,131,1,0
/Users/larrymotuzis/Larry_Motuzis_Data/Project05_CommonsCollections/src/main/java/org/apache/commons/collections4/properties/SortedProperties.java,org.apache.commons.collections4.properties.SortedProperties,class,1,3,2,1,13,4,0,20,36,1.0,0.0,0.0,9,0,7,2,0,0,7,0,0,3,1,1,0,1,0,0,1,0,3,39,7,1,1,0,0,0,1,4,0,6,2,0,0,2,65,1,0
/Users/larrymotuzis/Larry_Motuzis_Data/Project05_CommonsCollections/src/main/java/org/apache/commons/collections4/properties/OrderedPropertiesFactory.java,org.apache.commons.collections4.properties.OrderedPropertiesFactory,class,3,4,1,3,2,2,0,0,1,1.0,NaN,NaN,2,0,0,1,1,0,1,0,0,0,1,1,1,0,0,0,1,0,0,8,1,0,0,0,0,0,0,1,0,1,0,0,0,0,26,1,0
/Users/larrymotuzis/Larry_Motuzis_Data/Project05_CommonsCollections/src/main/java/org/apache/commons/collections4/properties/PropertiesFactory.java,org.apache.commons.collections4.properties.PropertiesFactory,class,3,4,1,3,2,5,0,0,1,1.0,NaN,NaN,2,0,0,1,1,0,1,0,0,0,2,2,2,0,0,0,2,0,0,145,1,0,0,0,0,0,0,2,0,2,0,0,1,0,37,1,0
/Users/larrymotuzis/Larry_Motuzis_Data/Project05_CommonsCollections/src/main/java/org/apache/commons/collections4/trie/AbstractPatriciaTrie.java,org.apache.commons.collections4.trie.AbstractPatriciaTrie$KeySet,innerclass,2,2,0,2,6,4,0,5,10,0.0,0.0,0.0,5,0,5,0,0,0,5,0,0,0,0,0,0,0,0,0,0,0,0,24,4,0,1,0,0,0,0,1,0,1,0,0,1,0,21,18,0
/Users/larrymotuzis/Larry_Motuzis_Data/Project05_CommonsCollections/src/main/java/org/apache/commons/collections4/multimap/AbstractListValuedMap.java,org.apache.commons.collections4.multimap.AbstractListValuedMap$WrappedList,innerclass,5,5,0,5,20,2,0,20,91,0.0,0.0,0.0,14,0,12,0,1,1,14,0,0,0,0,0,0,0,0,0,0,0,9,77,15,0,3,0,1,0,0,15,0,13,2,0,0,0,41,18,0
/Users/larrymotuzis/Larry_Motuzis_Data/Project05_CommonsCollections/src/main/java/org/apache/commons/collections4/multimap/AbstractMultiValuedMapDecorator.java,org.apache.commons.collections4.multimap.AbstractMultiValuedMapDecorator,class,6,9,3,6,25,1,0,24,264,0.9166666,0.02173913,0.02173913,24,0,22,0,2,0,24,0,0,0,2,1,0,2,0,0,2,0,1,79,23,0,1,0,0,1,1,2,0,2,1,0,0,0,87,1025,0
/Users/larrymotuzis/Larry_Motuzis_Data/Project05_CommonsCollections/src/main/java/org/apache/commons/collections4/list/SetUniqueList.java,org.apache.commons.collections4.list.SetUniqueList,class,11,12,1,11,34,7,0,40,0,0.5714286,0.64761907,0.64761907,21,1,19,0,2,0,21,0,0,0,2,1,0,2,0,0,2,0,4,179,20,2,3,1,0,2,2,19,0,16,2,0,2,0,204,1,0
/Users/larrymotuzis/Larry_Motuzis_Data/Project05_CommonsCollections/src/main/java/org/apache/commons/collections4/list/CursorableLinkedList.java,org.apache.commons.collections4.list.CursorableLinkedList,class,8,11,3,8,32,5,0,31,160,0.85,0.09803922,0.09803922,20,0,7,2,11,0,18,0,0,0,2,1,0,2,0,0,1,0,0,229,6,5,6,0,0,0,4,17,0,18,2,0,2,1,259,1,0
/Users/larrymotuzis/Larry_Motuzis_Data/Project05_CommonsCollections/src/main/java/org/apache/commons/collections4/iterators/EnumerationIterator.java,org.apache.commons.collections4.iterators.EnumerationIterator,class,1,3,2,1,10,1,0,3,0,0.5416667,0.60714287,0.75,8,0,8,0,0,0,8,0,0,0,3,0,0,3,0,0,1,0,0,38,3,0,2,0,0,2,0,5,0,3,1,0,0,0,74,1,0
/Users/larrymotuzis/Larry_Motuzis_Data/Project05_CommonsCollections/src/main/java/org/apache/commons/collections4/bloomfilter/IndexExtractor.java,org.apache.commons.collections4.bloomfilter.IndexExtractor$1Indices,innerclass,2,2,0,2,3,1,0,2,0,0.0,1.0,1.0,2,0,0,0,0,2,2,0,0,0,2,0,0,2,0,0,0,0,2,12,2,0,1,0,0,0,1,3,0,2,0,0,0,0,8,16,0
/Users/larrymotuzis/Larry_Motuzis_Data/Project05_CommonsCollections/src/main/java/org/apache/commons/collections4/queue/SynchronizedQueue.java,org.apache.commons.collections4.queue.SynchronizedQueue,class,3,5,2,3,12,2,0,9,55,1.0,0.0,0.0,11,1,8,0,3,0,11,0,0,0,1,1,0,1,0,0,1,0,0,53,10,0,1,0,0,0,1,1,0,1,1,0,0,0,68,1,0
/Users/larrymotuzis/Larry_Motuzis_Data/Project05_CommonsCollections/src/main/java/org/apache/commons/collections4/bidimap/AbstractDualBidiMap.java,org.apache.commons.collections4.bidimap.AbstractDualBidiMap$EntrySet,innerclass,4,4,0,4,6,3,0,10,3,1.0,0.0,0.0,3,0,2,0,1,0,3,0,0,0,1,1,0,1,0,0,1,0,1,25,4,0,0,0,1,0,1,4,0,4,2,0,0,0,31,12,0
/Users/larrymotuzis/Larry_Motuzis_Data/Project05_CommonsCollections/src/main/java/org/apache/commons/collections4/map/StaticBucketMap.java,org.apache.commons.collections4.map.StaticBucketMap$Values,innerclass,2,2,0,2,3,2,0,2,3,0.0,0.0,0.0,3,0,3,0,0,0,3,0,0,0,0,0,0,0,0,0,0,0,0,11,2,0,0,0,0,0,0,0,0,0,0,0,0,0,6,18,0
/Users/larrymotuzis/Larry_Motuzis_Data/Project05_CommonsCollections/src/main/java/org/apache/commons/collections4/trie/UnmodifiableTrie.java,org.apache.commons.collections4.trie.UnmodifiableTrie,class,8,10,2,8,28,1,0,27,0,0.5740741,0.6581197,0.6581197,27,1,27,0,0,0,27,0,0,0,2,1,0,2,0,0,2,0,9,91,23,0,0,0,0,3,1,5,0,5,1,0,0,0,80,1,0
/Users/larrymotuzis/Larry_Motuzis_Data/Project05_CommonsCollections/src/main/java/org/apache/commons/collections4/IteratorUtils.java,org.apache.commons.collections4.IteratorUtils,class,53,77,24,53,122,1,0,72,3001,0.9957265,3.6036037E-4,3.6036037E-4,78,77,74,3,0,1,75,0,0,0,6,6,5,1,0,0,6,0,65,392,92,9,17,1,3,44,12,23,2,24,3,1,0,1,409,1,0
/Users/larrymotuzis/Larry_Motuzis_Data/Project05_CommonsCollections/src/main/java/org/apache/commons/collections4/functors/NullIsFalsePredicate.java,org.apache.commons.collections4.functors.NullIsFalsePredicate,class,5,7,2,5,5,2,0,2,0,0.5,0.5,0.5,4,1,4,0,0,0,4,0,0,0,2,1,0,2,0,0,2,0,1,19,4,0,1,0,0,2,1,2,0,2,1,0,0,0,63,17,0
/Users/larrymotuzis/Larry_Motuzis_Data/Project05_CommonsCollections/src/main/java/org/apache/commons/collections4/bidimap/AbstractSortedBidiMapDecorator.java,org.apache.commons.collections4.bidimap.AbstractSortedBidiMapDecorator,class,5,7,2,5,8,5,0,8,28,0.0,0.0,0.0,8,0,7,0,1,0,8,0,0,0,0,0,0,0,0,0,0,0,0,26,7,0,0,0,0,0,0,0,0,0,0,0,0,0,81,1025,0
/Users/larrymotuzis/Larry_Motuzis_Data/Project05_CommonsCollections/src/main/java/org/apache/commons/collections4/functors/IdentityPredicate.java,org.apache.commons.collections4.functors.IdentityPredicate,class,5,7,2,5,6,2,0,1,0,0.5,0.5,0.5,4,1,4,0,0,0,4,0,0,0,2,1,0,2,0,0,2,0,1,19,4,0,2,0,0,0,1,2,0,2,1,0,0,0,51,17,0
/Users/larrymotuzis/Larry_Motuzis_Data/Project05_CommonsCollections/src/main/java/org/apache/commons/collections4/set/TransformedSet.java,org.apache.commons.collections4.set.TransformedSet,class,5,9,4,5,8,3,0,8,10,1.0,0.0,0.0,5,2,4,0,1,0,5,0,0,0,1,1,0,1,0,0,1,0,0,26,4,1,1,0,0,1,1,3,0,3,2,0,0,0,93,1,0
/Users/larrymotuzis/Larry_Motuzis_Data/Project05_CommonsCollections/src/main/java/org/apache/commons/collections4/bag/TransformedBag.java,org.apache.commons.collections4.bag.TransformedBag,class,7,10,3,7,13,3,0,15,45,1.0,0.0,0.0,10,2,8,0,2,0,10,0,0,0,1,1,0,1,0,0,1,0,1,42,9,1,1,0,0,1,1,4,0,4,2,0,0,0,100,1,0
/Users/larrymotuzis/Larry_Motuzis_Data/Project05_CommonsCollections/src/main/java/org/apache/commons/collections4/bidimap/AbstractDualBidiMap.java,org.apache.commons.collections4.bidimap.AbstractDualBidiMap$KeySet,innerclass,3,3,0,3,5,3,0,6,6,1.0,0.0,0.0,4,0,3,0,1,0,4,0,0,0,1,1,0,1,0,0,1,0,0,20,4,0,0,0,0,1,1,2,0,2,1,0,0,0,33,12,0
/Users/larrymotuzis/Larry_Motuzis_Data/Project05_CommonsCollections/src/main/java/org/apache/commons/collections4/keyvalue/DefaultMapEntry.java,org.apache.commons.collections4.keyvalue.DefaultMapEntry,class,4,6,2,4,3,3,0,4,3,0.0,0.0,0.0,3,0,3,0,0,0,3,0,0,0,0,0,0,0,0,0,0,0,0,11,0,0,0,0,0,0,0,0,0,0,0,0,0,0,41,17,0
/Users/larrymotuzis/Larry_Motuzis_Data/Project05_CommonsCollections/src/main/java/org/apache/commons/collections4/iterators/FilterListIterator.java,org.apache.commons.collections4.iterators.FilterListIterator,class,3,5,2,3,35,1,0,9,108,0.78231287,0.14705883,0.2647059,21,0,17,4,0,0,17,0,0,0,7,0,0,7,0,0,0,0,0,122,16,2,2,0,0,3,1,18,1,11,2,0,0,0,93,1,0
/Users/larrymotuzis/Larry_Motuzis_Data/Project05_CommonsCollections/src/main/java/org/apache/commons/collections4/ListUtils.java,org.apache.commons.collections4.ListUtils,class,22,28,6,22,54,5,0,48,351,0.0,0.0,0.0,27,26,26,1,0,0,26,0,0,0,0,0,0,0,0,0,0,0,28,222,31,8,10,0,2,11,9,24,4,21,3,0,3,0,380,1,0
/Users/larrymotuzis/Larry_Motuzis_Data/Project05_CommonsCollections/src/main/java/org/apache/commons/collections4/functors/FalsePredicate.java,org.apache.commons.collections4.functors.FalsePredicate,class,4,8,4,4,4,2,0,0,4,0.75,0.0,0.0,4,1,2,2,0,0,2,0,0,0,2,2,1,1,0,0,2,0,0,15,3,0,0,0,0,1,1,2,0,2,0,0,0,0,45,17,0
/Users/larrymotuzis/Larry_Motuzis_Data/Project05_CommonsCollections/src/main/java/org/apache/commons/collections4/map/AbstractReferenceMap.java,org.apache.commons.collections4.map.AbstractReferenceMap,class,19,28,9,19,52,20,0,38,403,0.875,0.029885057,0.04137931,30,0,12,0,18,0,30,0,0,0,4,0,0,4,0,0,0,0,5,496,26,5,19,0,3,4,2,31,0,16,3,0,12,0,350,1025,0
/Users/larrymotuzis/Larry_Motuzis_Data/Project05_CommonsCollections/src/main/java/org/apache/commons/collections4/iterators/ArrayIterator.java,org.apache.commons.collections4.iterators.ArrayIterator,class,3,6,3,3,16,1,0,4,13,0.6363636,0.38181818,0.6545454,11,0,10,0,1,0,11,0,0,0,4,0,0,0,0,4,3,0,3,56,5,0,0,0,0,9,2,6,2,5,1,0,0,0,111,1,0
/Users/larrymotuzis/Larry_Motuzis_Data/Project05_CommonsCollections/src/main/java/org/apache/commons/collections4/map/ConcurrentReferenceHashMap.java,org.apache.commons.collections4.map.ConcurrentReferenceHashMap$HashIterator,innerclass,5,5,0,5,19,1,0,4,5,0.6666667,0.4,0.6,6,0,3,1,0,2,5,0,1,0,6,0,0,6,0,0,0,0,0,66,7,5,10,0,3,0,8,12,3,8,4,0,0,0,29,1026,0
/Users/larrymotuzis/Larry_Motuzis_Data/Project05_CommonsCollections/src/main/java/org/apache/commons/collections4/bidimap/AbstractDualBidiMap.java,org.apache.commons.collections4.bidimap.AbstractDualBidiMap$View,innerclass,5,5,0,5,19,2,0,17,1,0.64285713,0.47619048,0.47619048,7,0,6,0,1,0,7,0,0,0,2,1,0,1,1,0,2,0,1,60,9,3,1,0,0,1,1,11,0,8,2,0,0,0,75,1036,0
/Users/larrymotuzis/Larry_Motuzis_Data/Project05_CommonsCollections/src/main/java/org/apache/commons/collections4/map/UnmodifiableSortedMap.java,org.apache.commons.collections4.map.UnmodifiableSortedMap,class,8,11,3,8,18,4,0,17,136,1.0,0.0,0.0,17,1,14,3,0,0,14,0,0,0,1,1,0,1,0,0,1,0,3,60,11,0,0,0,0,3,1,3,0,2,1,0,0,0,105,17,0
/Users/larrymotuzis/Larry_Motuzis_Data/Project05_CommonsCollections/src/main/java/org/apache/commons/collections4/list/TreeList.java,org.apache.commons.collections4.list.TreeList,class,5,7,2,5,25,3,0,15,0,0.375,0.50476193,0.52380955,16,0,15,1,0,0,15,0,0,0,2,0,0,2,0,0,0,0,0,561,13,0,4,0,0,2,13,15,4,7,1,0,2,0,198,1,0
/Users/larrymotuzis/Larry_Motuzis_Data/Project05_CommonsCollections/src/main/java/org/apache/commons/collections4/map/UnmodifiableEntrySet.java,org.apache.commons.collections4.map.UnmodifiableEntrySet$UnmodifiableEntrySetIterator,innerclass,5,5,0,5,3,3,0,2,3,0.0,0.0,0.0,3,0,2,0,1,0,3,0,0,0,0,0,0,0,0,0,0,0,0,11,1,0,0,0,0,0,0,0,0,0,0,0,0,0,15,18,0
/Users/larrymotuzis/Larry_Motuzis_Data/Project05_CommonsCollections/src/main/java/org/apache/commons/collections4/bidimap/AbstractOrderedBidiMapDecorator.java,org.apache.commons.collections4.bidimap.AbstractOrderedBidiMapDecorator,class,7,10,3,7,8,4,0,8,28,0.0,0.0,0.0,8,0,6,0,2,0,8,0,0,0,0,0,0,0,0,0,0,0,0,26,7,0,0,0,0,0,0,0,0,0,0,0,0,0,82,1025,0
/Users/larrymotuzis/Larry_Motuzis_Data/Project05_CommonsCollections/src/main/java/org/apache/commons/collections4/list/AbstractLinkedList.java,org.apache.commons.collections4.list.AbstractLinkedList$LinkedSubList,innerclass,3,3,0,3,22,3,0,16,0,0.4285714,0.7032967,0.85714287,14,0,11,0,3,0,14,0,0,0,4,0,0,0,0,4,0,0,0,98,10,1,2,0,0,8,6,11,15,7,1,0,0,0,79,12,0
/Users/larrymotuzis/Larry_Motuzis_Data/Project05_CommonsCollections/src/main/java/org/apache/commons/collections4/iterators/CollatingIterator.java,org.apache.commons.collections4.iterators.CollatingIterator,class,3,6,3,3,41,1,0,30,77,0.74545455,0.30476192,0.43809524,22,0,15,7,0,0,15,0,0,0,5,0,0,5,0,0,1,0,4,153,12,6,6,0,0,6,13,19,0,14,4,0,0,0,187,1,0
/Users/larrymotuzis/Larry_Motuzis_Data/Project05_CommonsCollections/src/main/java/org/apache/commons/collections4/map/TransformedMap.java,org.apache.commons.collections4.map.TransformedMap,class,8,11,3,8,18,4,0,18,42,0.77777773,0.4,0.46666667,12,2,4,2,6,0,10,0,0,0,3,1,0,1,2,0,3,0,0,67,11,1,3,0,0,2,1,10,0,6,1,0,0,0,156,1,0
/Users/larrymotuzis/Larry_Motuzis_Data/Project05_CommonsCollections/src/main/java/org/apache/commons/collections4/bidimap/TreeBidiMap.java,org.apache.commons.collections4.bidimap.TreeBidiMap$ValueView,innerclass,3,3,0,3,6,4,0,3,6,0.0,0.0,0.0,4,0,3,0,0,1,4,0,0,0,0,0,0,0,0,0,0,0,1,15,3,0,2,0,0,0,0,0,0,0,0,0,0,0,25,16,0
/Users/larrymotuzis/Larry_Motuzis_Data/Project05_CommonsCollections/src/main/java/org/apache/commons/collections4/OrderedMapIterator.java,org.apache.commons.collections4.OrderedMapIterator,interface,4,31,27,4,2,1,0,0,1,0.0,0.0,0.0,2,0,0,0,0,2,2,0,0,0,0,0,0,0,0,0,0,0,0,4,0,0,0,0,0,0,0,0,0,0,0,0,0,0,46,1,0
/Users/larrymotuzis/Larry_Motuzis_Data/Project05_CommonsCollections/src/main/java/org/apache/commons/collections4/collection/SynchronizedCollection.java,org.apache.commons.collections4.collection.SynchronizedCollection,class,3,12,9,3,23,1,0,20,0,0.63492066,0.7380952,0.8142857,21,1,18,0,3,0,21,0,0,0,3,1,0,2,1,0,3,0,3,105,19,0,2,0,0,3,1,5,0,3,2,0,0,0,90,1,0
/Users/larrymotuzis/Larry_Motuzis_Data/Project05_CommonsCollections/src/main/java/org/apache/commons/collections4/iterators/ObjectArrayIterator.java,org.apache.commons.collections4.iterators.ObjectArrayIterator,class,3,6,3,3,16,1,0,1,7,0.625,0.42222223,0.8,10,0,10,0,0,0,10,0,0,0,4,0,0,0,0,4,3,0,0,54,5,0,0,0,0,5,2,5,0,4,1,0,0,0,99,1,0
/Users/larrymotuzis/Larry_Motuzis_Data/Project05_CommonsCollections/src/main/java/org/apache/commons/collections4/map/StaticBucketMap.java,org.apache.commons.collections4.map.StaticBucketMap$EntryIterator,innerclass,3,3,0,3,1,2,0,1,0,0.0,NaN,NaN,1,0,1,0,0,0,1,0,0,0,0,0,0,0,0,0,0,0,0,5,1,0,0,0,0,0,0,0,0,0,0,0,0,0,4,18,0
/Users/larrymotuzis/Larry_Motuzis_Data/Project05_CommonsCollections/src/main/java/org/apache/commons/collections4/set/UnmodifiableSet.java,org.apache.commons.collections4.set.UnmodifiableSet,class,6,23,17,6,11,4,0,3,45,1.0,0.0,0.0,10,1,9,1,0,0,9,0,0,0,1,1,0,1,0,0,1,0,1,37,3,0,0,0,0,2,1,2,0,2,1,0,0,0,67,17,0
/Users/larrymotuzis/Larry_Motuzis_Data/Project05_CommonsCollections/src/main/java/org/apache/commons/collections4/IterableMap.java,org.apache.commons.collections4.IterableMap,interface,4,15,11,4,0,1,0,0,0,0.0,-1.0,-1.0,0,0,0,0,0,0,0,0,0,0,0,0,0,0,0,0,0,0,0,2,0,0,0,0,0,0,0,0,0,0,0,0,0,0,49,1,0
/Users/larrymotuzis/Larry_Motuzis_Data/Project05_CommonsCollections/src/main/java/org/apache/commons/collections4/map/StaticBucketMap.java,org.apache.commons.collections4.map.StaticBucketMap$BaseIterator,innerclass,4,4,0,4,9,1,0,7,0,0.44444445,0.6666667,1.0,3,0,2,0,1,0,3,0,0,0,3,0,0,3,0,0,1,0,0,38,4,2,2,0,0,0,1,5,1,4,3,0,0,0,20,0,0
/Users/larrymotuzis/Larry_Motuzis_Data/Project05_CommonsCollections/src/main/java/org/apache/commons/collections4/map/StaticBucketMap.java,org.apache.commons.collections4.map.StaticBucketMap$KeyIterator,innerclass,2,2,0,2,1,2,0,2,0,0.0,NaN,NaN,1,0,1,0,0,0,1,0,0,0,0,0,0,0,0,0,0,0,0,5,1,0,0,0,0,0,0,0,0,0,0,0,0,0,6,18,0
/Users/larrymotuzis/Larry_Motuzis_Data/Project05_CommonsCollections/src/main/java/org/apache/commons/collections4/bag/TransformedSortedBag.java,org.apache.commons.collections4.bag.TransformedSortedBag,class,6,8,2,6,9,4,0,10,21,1.0,0.0,0.0,7,2,5,0,2,0,7,0,0,0,1,1,0,1,0,0,1,0,0,32,6,1,0,0,0,1,1,3,0,3,2,0,0,0,94,1,0
/Users/larrymotuzis/Larry_Motuzis_Data/Project05_CommonsCollections/src/main/java/org/apache/commons/collections4/multiset/AbstractMultiSet.java,org.apache.commons.collections4.multiset.AbstractMultiSet$EntrySet,innerclass,3,3,0,3,10,3,0,7,0,0.0,1.0,1.0,5,0,4,0,1,0,5,0,0,0,1,0,0,1,0,0,1,0,0,35,7,0,2,0,2,0,0,6,0,6,2,0,0,0,22,12,0
/Users/larrymotuzis/Larry_Motuzis_Data/Project05_CommonsCollections/src/main/java/org/apache/commons/collections4/bag/CollectionSortedBag.java,org.apache.commons.collections4.bag.CollectionSortedBag,class,7,8,1,7,17,4,0,19,55,1.0,0.0,0.0,11,1,9,2,0,0,9,0,0,0,1,1,0,1,0,0,1,0,0,63,10,3,2,0,0,1,4,10,0,7,3,0,0,0,98,17,0
/Users/larrymotuzis/Larry_Motuzis_Data/Project05_CommonsCollections/src/main/java/org/apache/commons/collections4/bag/AbstractSortedBagDecorator.java,org.apache.commons.collections4.bag.AbstractSortedBagDecorator,class,4,7,3,4,6,3,0,5,15,1.0,0.0,0.0,6,0,3,0,3,0,6,0,0,0,1,1,0,1,0,0,1,0,0,20,4,0,0,0,0,0,1,1,0,1,0,0,0,0,51,1025,0
/Users/larrymotuzis/Larry_Motuzis_Data/Project05_CommonsCollections/src/main/java/org/apache/commons/collections4/multimap/AbstractMultiValuedMap.java,org.apache.commons.collections4.multimap.AbstractMultiValuedMap$Values,innerclass,3,3,0,3,4,2,0,4,3,0.0,0.0,0.0,3,0,3,0,0,0,3,0,0,0,0,0,0,0,0,0,0,0,0,15,2,1,0,0,0,0,0,1,0,1,1,0,0,0,15,18,0
/Users/larrymotuzis/Larry_Motuzis_Data/Project05_CommonsCollections/src/main/java/org/apache/commons/collections4/functors/IfClosure.java,org.apache.commons.collections4.functors.IfClosure,class,6,8,2,6,9,1,0,6,4,0.625,0.25,0.35714287,8,2,8,0,0,0,8,0,0,0,4,1,0,4,0,0,4,0,6,37,5,0,0,0,0,3,1,4,0,4,1,0,0,0,77,1,0
/Users/larrymotuzis/Larry_Motuzis_Data/Project05_CommonsCollections/src/main/java/org/apache/commons/collections4/trie/AbstractPatriciaTrie.java,org.apache.commons.collections4.trie.AbstractPatriciaTrie$TrieEntry,innerclass,4,4,0,4,17,2,0,7,4,0.59999996,0.3,0.3,5,0,5,0,0,0,5,0,0,0,6,1,0,1,5,0,1,0,0,82,4,0,12,0,0,37,6,7,0,7,2,0,0,0,63,12,0
/Users/larrymotuzis/Larry_Motuzis_Data/Project05_CommonsCollections/src/main/java/org/apache/commons/collections4/bag/AbstractMapBag.java,org.apache.commons.collections4.bag.AbstractMapBag$MutableInteger,innerclass,1,1,0,1,5,1,0,0,0,0.0,1.0,1.0,3,0,2,0,0,1,3,0,0,0,1,0,0,0,1,0,0,0,0,15,3,0,1,0,2,0,0,1,0,1,1,0,0,0,17,12,0
/Users/larrymotuzis/Larry_Motuzis_Data/Project05_CommonsCollections/src/main/java/org/apache/commons/collections4/bloomfilter/LayerManager.java,org.apache.commons.collections4.bloomfilter.LayerManager$ExtendCheck$Anonymous1,anonymous,2,2,0,2,2,1,0,0,0,0.0,NaN,NaN,1,0,1,0,0,0,1,0,0,0,1,0,0,0,0,1,0,0,0,10,2,0,1,0,0,0,1,1,0,1,1,0,0,0,7,-1,0
/Users/larrymotuzis/Larry_Motuzis_Data/Project05_CommonsCollections/src/main/java/org/apache/commons/collections4/bag/SynchronizedSortedBag.java,org.apache.commons.collections4.bag.SynchronizedSortedBag,class,6,8,2,6,7,3,0,5,21,1.0,0.0,0.0,7,1,4,0,3,0,7,0,0,3,1,1,0,1,0,0,1,0,0,30,5,0,0,0,0,0,1,1,0,1,1,0,0,0,67,1,0
/Users/larrymotuzis/Larry_Motuzis_Data/Project05_CommonsCollections/src/main/java/org/apache/commons/collections4/map/MultiValueMap.java,org.apache.commons.collections4.map.MultiValueMap,class,12,18,6,12,44,4,0,36,223,0.9242425,0.015789473,0.015789473,22,3,18,2,2,0,20,0,0,0,3,1,0,3,0,0,2,0,3,231,23,4,9,0,4,12,4,24,0,16,3,1,3,0,251,1,0
/Users/larrymotuzis/Larry_Motuzis_Data/Project05_CommonsCollections/src/main/java/org/apache/commons/collections4/ListValuedMap.java,org.apache.commons.collections4.ListValuedMap,interface,3,5,2,3,2,1,0,0,1,0.0,0.0,0.0,2,0,0,0,0,2,2,0,0,0,0,0,0,0,0,0,0,0,0,4,0,0,0,0,0,0,0,0,0,0,0,0,0,0,87,1,0
/Users/larrymotuzis/Larry_Motuzis_Data/Project05_CommonsCollections/src/main/java/org/apache/commons/collections4/set/TransformedSortedSet.java,org.apache.commons.collections4.set.TransformedSortedSet,class,5,8,3,5,12,4,0,13,45,1.0,0.0,0.0,10,2,8,0,2,0,10,0,0,0,1,1,0,1,0,0,1,0,0,44,9,1,0,0,0,1,1,6,0,6,2,0,0,0,99,1,0
/Users/larrymotuzis/Larry_Motuzis_Data/Project05_CommonsCollections/src/main/java/org/apache/commons/collections4/MultiSetUtils.java,org.apache.commons.collections4.MultiSetUtils,class,7,7,0,7,5,1,0,4,10,0.8,0.0,0.0,5,4,4,1,0,0,4,0,0,0,1,1,1,0,0,0,1,0,4,17,4,0,0,0,0,2,0,1,0,1,0,0,0,0,117,1,0
/Users/larrymotuzis/Larry_Motuzis_Data/Project05_CommonsCollections/src/main/java/org/apache/commons/collections4/bidimap/TreeBidiMap.java,org.apache.commons.collections4.bidimap.TreeBidiMap$EntryView,innerclass,4,4,0,4,9,4,0,6,6,0.0,0.0,0.0,4,0,3,0,0,1,4,0,0,0,0,0,0,0,0,0,0,0,2,30,6,0,2,0,2,0,0,6,0,6,1,0,0,0,27,16,0
/Users/larrymotuzis/Larry_Motuzis_Data/Project05_CommonsCollections/src/main/java/org/apache/commons/collections4/comparators/NullComparator.java,org.apache.commons.collections4.comparators.NullComparator,class,2,4,2,2,17,1,0,6,0,0.5238095,0.6666667,0.71428573,7,0,7,0,0,0,7,0,0,0,3,1,0,3,0,0,3,0,1,46,9,0,6,0,1,1,8,4,1,4,1,0,0,0,115,1,0
/Users/larrymotuzis/Larry_Motuzis_Data/Project05_CommonsCollections/src/main/java/org/apache/commons/collections4/Unmodifiable.java,org.apache.commons.collections4.Unmodifiable,interface,0,26,26,0,0,1,0,0,0,0.0,-1.0,-1.0,0,0,0,0,0,0,0,0,0,0,0,0,0,0,0,0,0,0,0,2,0,0,0,0,0,0,0,0,0,0,0,0,0,0,41,1,0
/Users/larrymotuzis/Larry_Motuzis_Data/Project05_CommonsCollections/src/main/java/org/apache/commons/collections4/MapUtils.java,org.apache.commons.collections4.MapUtils,class,31,33,2,31,168,1,0,127,4371,0.9946809,0.0,0.0,94,93,88,6,0,0,88,0,0,0,2,2,1,1,0,0,2,0,96,497,107,11,40,1,1,23,27,37,6,36,4,2,0,0,457,1,0
/Users/larrymotuzis/Larry_Motuzis_Data/Project05_CommonsCollections/src/main/java/org/apache/commons/collections4/bidimap/AbstractDualBidiMap.java,org.apache.commons.collections4.bidimap.AbstractDualBidiMap,class,17,31,14,17,35,15,0,20,79,0.801282,0.37846154,0.42153847,26,0,19,0,7,0,26,1,0,0,6,0,0,0,0,6,0,0,0,390,20,1,4,0,0,0,0,14,0,9,1,0,9,0,138,1025,0
/Users/larrymotuzis/Larry_Motuzis_Data/Project05_CommonsCollections/src/main/java/org/apache/commons/collections4/map/ConcurrentReferenceHashMap.java,org.apache.commons.collections4.map.ConcurrentReferenceHashMap$KeyIterator,innerclass,3,3,0,3,2,2,0,2,1,0.0,0.0,0.0,2,0,2,0,0,0,2,0,0,0,0,0,0,0,0,0,0,0,0,8,2,0,0,0,0,0,0,0,0,0,0,0,0,0,6,18,0
/Users/larrymotuzis/Larry_Motuzis_Data/Project05_CommonsCollections/src/main/java/org/apache/commons/collections4/set/CompositeSet.java,org.apache.commons.collections4.set.CompositeSet$SetMutator,interface,2,2,0,2,3,1,0,0,3,0.0,0.0,0.0,3,0,0,0,0,3,3,0,0,0,0,0,0,0,0,0,0,0,0,5,0,0,0,0,0,0,0,0,0,0,0,0,0,0,68,1,0
/Users/larrymotuzis/Larry_Motuzis_Data/Project05_CommonsCollections/src/main/java/org/apache/commons/collections4/SortedBag.java,org.apache.commons.collections4.SortedBag,interface,2,10,8,2,3,1,0,0,3,0.0,0.0,0.0,3,0,0,0,0,3,3,0,0,0,0,0,0,0,0,0,0,0,0,5,0,0,0,0,0,0,0,0,0,0,0,0,0,0,33,1,0
/Users/larrymotuzis/Larry_Motuzis_Data/Project05_CommonsCollections/src/main/java/org/apache/commons/collections4/multimap/AbstractMultiValuedMap.java,org.apache.commons.collections4.multimap.AbstractMultiValuedMap$MultiValuedMapIterator,innerclass,4,4,0,4,10,1,0,8,0,0.42857143,0.5714286,1.0,7,0,6,0,0,1,7,0,0,0,2,0,0,2,0,0,1,0,0,35,5,0,3,0,0,0,0,2,0,2,1,0,0,0,22,18,0
/Users/larrymotuzis/Larry_Motuzis_Data/Project05_CommonsCollections/src/main/java/org/apache/commons/collections4/ResettableIterator.java,org.apache.commons.collections4.ResettableIterator,interface,1,29,28,1,1,1,0,0,0,0.0,NaN,NaN,1,0,0,0,0,1,1,0,0,0,0,0,0,0,0,0,0,0,0,3,0,0,0,0,0,0,0,0,0,0,0,0,0,0,26,1,0
/Users/larrymotuzis/Larry_Motuzis_Data/Project05_CommonsCollections/src/main/java/org/apache/commons/collections4/map/StaticBucketMap.java,org.apache.commons.collections4.map.StaticBucketMap$EntrySet,innerclass,4,4,0,4,10,3,0,7,10,0.0,0.0,0.0,5,0,5,0,0,0,5,0,0,0,0,0,0,0,0,0,0,0,0,39,7,2,2,0,1,0,0,8,0,6,3,0,0,0,18,18,0
/Users/larrymotuzis/Larry_Motuzis_Data/Project05_CommonsCollections/src/main/java/org/apache/commons/collections4/map/UnmodifiableEntrySet.java,org.apache.commons.collections4.map.UnmodifiableEntrySet$UnmodifiableEntry,innerclass,3,3,0,3,2,2,0,0,1,0.0,0.0,0.0,2,0,1,0,1,0,2,0,0,0,0,0,0,0,0,0,0,0,0,8,0,0,0,0,0,0,0,0,0,0,0,0,0,0,15,18,0
/Users/larrymotuzis/Larry_Motuzis_Data/Project05_CommonsCollections/src/main/java/org/apache/commons/collections4/keyvalue/AbstractMapEntryDecorator.java,org.apache.commons.collections4.keyvalue.AbstractMapEntryDecorator,class,3,9,6,3,9,1,0,7,0,0.0,1.0,1.0,8,0,7,0,1,0,8,0,0,0,1,0,0,1,0,0,1,0,1,30,8,0,1,0,0,1,0,1,0,1,1,0,0,0,53,1025,0
/Users/larrymotuzis/Larry_Motuzis_Data/Project05_CommonsCollections/src/main/java/org/apache/commons/collections4/OrderedIterator.java,org.apache.commons.collections4.OrderedIterator,interface,1,20,19,1,2,1,0,0,1,0.0,0.0,0.0,2,0,0,0,0,2,2,0,0,0,0,0,0,0,0,0,0,0,0,4,0,0,0,0,0,0,0,0,0,0,0,0,0,0,42,1,0
/Users/larrymotuzis/Larry_Motuzis_Data/Project05_CommonsCollections/src/main/java/org/apache/commons/collections4/set/AbstractNavigableSetDecorator.java,org.apache.commons.collections4.set.AbstractNavigableSetDecorator,class,3,5,2,3,14,4,0,13,91,1.0,0.0,0.0,14,0,11,0,3,0,14,0,0,0,1,1,0,1,0,0,1,0,0,44,12,0,0,0,0,0,1,1,0,1,0,0,0,0,64,1025,0
/Users/larrymotuzis/Larry_Motuzis_Data/Project05_CommonsCollections/src/main/java/org/apache/commons/collections4/bidimap/AbstractDualBidiMap.java,org.apache.commons.collections4.bidimap.AbstractDualBidiMap$Values,innerclass,3,3,0,3,5,3,0,6,6,1.0,0.0,0.0,4,0,3,0,1,0,4,0,0,0,1,1,0,1,0,0,1,0,0,20,4,0,0,0,0,1,1,2,0,2,1,0,0,0,28,12,0
/Users/larrymotuzis/Larry_Motuzis_Data/Project05_CommonsCollections/src/main/java/org/apache/commons/collections4/bloomfilter/IndexUtils.java,org.apache.commons.collections4.bloomfilter.IndexUtils,class,1,2,1,1,3,1,0,3,1,0.5,NaN,NaN,2,1,0,1,0,1,1,0,0,0,1,1,0,0,0,1,1,0,3,11,2,0,0,0,0,0,3,1,3,1,1,0,0,0,44,16,0
/Users/larrymotuzis/Larry_Motuzis_Data/Project05_CommonsCollections/src/main/java/org/apache/commons/collections4/bag/AbstractBagDecorator.java,org.apache.commons.collections4.bag.AbstractBagDecorator,class,4,9,5,4,10,2,0,8,36,1.0,0.0,0.0,9,0,6,0,3,0,9,0,0,0,1,1,0,1,0,0,1,0,0,29,7,0,1,0,0,0,1,1,0,1,0,0,0,0,59,1025,0
/Users/larrymotuzis/Larry_Motuzis_Data/Project05_CommonsCollections/src/main/java/org/apache/commons/collections4/map/AbstractReferenceMap.java,org.apache.commons.collections4.map.AbstractReferenceMap$ReferenceMapIterator,innerclass,7,7,0,7,8,2,0,6,10,0.0,0.0,0.0,5,0,4,0,1,0,5,0,0,0,0,0,0,0,0,0,0,0,0,29,4,0,3,0,0,0,0,3,0,3,1,0,0,0,31,8,0
/Users/larrymotuzis/Larry_Motuzis_Data/Project05_CommonsCollections/src/main/java/org/apache/commons/collections4/map/MultiValueMap.java,org.apache.commons.collections4.map.MultiValueMap$Values,innerclass,4,4,0,4,4,2,0,4,3,0.0,0.0,0.0,3,0,3,0,0,0,3,0,0,0,0,0,0,0,0,0,0,0,0,15,2,1,0,0,0,0,0,1,0,1,1,0,0,0,17,18,0
/Users/larrymotuzis/Larry_Motuzis_Data/Project05_CommonsCollections/src/main/java/org/apache/commons/collections4/multimap/ArrayListValuedLinkedHashMap.java,org.apache.commons.collections4.multimap.ArrayListValuedLinkedHashMap,class,5,5,0,5,10,3,0,12,22,0.77777785,0.33333334,0.71428573,9,0,6,2,1,0,7,0,0,0,4,3,0,4,0,0,4,0,0,42,1,1,0,0,0,0,3,5,0,5,1,0,0,0,136,1,0
/Users/larrymotuzis/Larry_Motuzis_Data/Project05_CommonsCollections/src/main/java/org/apache/commons/collections4/functors/ExceptionPredicate.java,org.apache.commons.collections4.functors.ExceptionPredicate,class,5,7,2,5,4,2,0,0,4,0.75,0.0,0.0,4,1,2,2,0,0,2,0,0,0,2,2,1,1,0,0,2,0,0,15,2,0,0,0,0,2,1,2,0,2,0,0,0,0,45,17,0
/Users/larrymotuzis/Larry_Motuzis_Data/Project05_CommonsCollections/src/main/java/org/apache/commons/collections4/multimap/AbstractMultiValuedMap.java,org.apache.commons.collections4.multimap.AbstractMultiValuedMap$MultiValuedMapEntry,innerclass,3,3,0,3,2,3,0,0,1,0.0,0.0,0.0,2,0,1,0,0,1,2,0,0,0,0,0,0,0,0,0,0,0,0,8,0,0,0,0,0,0,0,0,0,0,0,0,0,0,13,18,0
/Users/larrymotuzis/Larry_Motuzis_Data/Project05_CommonsCollections/src/main/java/org/apache/commons/collections4/bidimap/TreeBidiMap.java,org.apache.commons.collections4.bidimap.TreeBidiMap$ViewMapIterator,innerclass,6,6,0,6,8,2,0,4,15,0.0,0.0,0.0,6,0,5,0,0,1,6,0,0,0,0,0,0,0,0,0,0,0,0,26,4,0,2,0,0,2,0,0,0,0,1,0,0,0,43,16,0
/Users/larrymotuzis/Larry_Motuzis_Data/Project05_CommonsCollections/src/main/java/org/apache/commons/collections4/map/AbstractLinkedMap.java,org.apache.commons.collections4.map.AbstractLinkedMap$EntrySetIterator,innerclass,7,7,0,7,3,2,0,2,3,0.0,0.0,0.0,3,0,2,0,1,0,3,0,0,0,0,0,0,0,0,0,0,0,0,11,2,0,0,0,0,0,0,0,0,0,0,0,0,0,14,12,0
/Users/larrymotuzis/Larry_Motuzis_Data/Project05_CommonsCollections/src/main/java/org/apache/commons/collections4/set/PredicatedSortedSet.java,org.apache.commons.collections4.set.PredicatedSortedSet,class,4,7,3,4,9,4,0,8,36,1.0,0.0,0.0,9,1,7,0,2,0,9,0,0,0,1,1,0,1,0,0,1,0,0,33,8,0,0,0,0,0,1,4,0,4,0,0,0,0,95,1,0
/Users/larrymotuzis/Larry_Motuzis_Data/Project05_CommonsCollections/src/main/java/org/apache/commons/collections4/trie/AbstractPatriciaTrie.java,org.apache.commons.collections4.trie.AbstractPatriciaTrie$PrefixRangeEntrySet$SingletonIterator,innerclass,4,4,0,4,7,1,0,1,0,0.25,0.8333333,1.0,4,0,3,0,0,1,4,0,0,0,2,0,0,2,0,0,1,0,0,24,2,0,3,0,0,0,3,1,0,2,1,0,0,0,21,18,0
/Users/larrymotuzis/Larry_Motuzis_Data/Project05_CommonsCollections/src/main/java/org/apache/commons/collections4/map/StaticBucketMap.java,org.apache.commons.collections4.map.StaticBucketMap$KeySet,innerclass,4,4,0,4,7,3,0,7,10,0.0,0.0,0.0,5,0,5,0,0,0,5,0,0,0,0,0,0,0,0,0,0,0,1,27,5,1,1,0,0,0,0,4,0,3,3,0,0,0,18,18,0
/Users/larrymotuzis/Larry_Motuzis_Data/Project05_CommonsCollections/src/main/java/org/apache/commons/collections4/CollectionUtils.java,org.apache.commons.collections4.CollectionUtils$SetOperationCardinalityHelper,innerclass,3,3,0,3,5,2,0,4,0,0.375,0.6666667,1.0,4,0,3,0,0,1,4,0,0,0,2,0,0,2,0,0,2,0,2,22,2,1,0,0,0,0,1,3,0,3,1,0,0,0,42,26,0
/Users/larrymotuzis/Larry_Motuzis_Data/Project05_CommonsCollections/src/main/java/org/apache/commons/collections4/map/SingletonMap.java,org.apache.commons.collections4.map.SingletonMap$SingletonMapIterator,innerclass,6,6,0,6,17,1,0,5,0,0.5151515,0.5272727,0.8181818,11,0,10,0,0,1,11,0,0,0,3,0,0,3,0,0,1,0,0,59,9,0,0,0,0,4,0,6,1,3,1,0,0,0,33,8,0
/Users/larrymotuzis/Larry_Motuzis_Data/Project05_CommonsCollections/src/main/java/org/apache/commons/collections4/bloomfilter/SimpleBloomFilter.java,org.apache.commons.collections4.bloomfilter.SimpleBloomFilter,class,12,15,3,12,29,1,0,27,24,0.5686274,0.36666667,0.55,17,0,16,1,0,0,16,0,0,0,3,0,0,3,0,0,2,0,18,113,17,1,5,1,1,10,16,17,1,12,3,0,0,4,106,17,0
/Users/larrymotuzis/Larry_Motuzis_Data/Project05_CommonsCollections/src/main/java/org/apache/commons/collections4/bloomfilter/BloomFilterExtractor.java,org.apache.commons.collections4.bloomfilter.BloomFilterExtractor,interface,6,10,4,6,6,1,0,12,10,0.0,0.0,0.0,5,1,0,0,0,5,5,0,0,0,0,0,0,0,0,0,0,0,2,39,5,0,1,0,0,2,1,3,0,5,2,1,0,2,121,1,0
/Users/larrymotuzis/Larry_Motuzis_Data/Project05_CommonsCollections/src/main/java/org/apache/commons/collections4/functors/AnyPredicate.java,org.apache.commons.collections4.functors.AnyPredicate,class,6,8,2,6,10,3,0,5,6,1.0,0.0,0.0,4,2,4,0,0,0,4,0,0,0,1,1,0,1,0,0,1,0,5,34,8,1,4,0,0,2,7,2,0,2,2,0,0,0,64,17,0
/Users/larrymotuzis/Larry_Motuzis_Data/Project05_CommonsCollections/src/main/java/org/apache/commons/collections4/functors/CloneTransformer.java,org.apache.commons.collections4.functors.CloneTransformer,class,5,7,2,5,4,1,0,2,3,0.6666667,0.0,0.0,3,1,2,1,0,0,2,0,0,0,1,1,1,0,0,0,1,0,1,14,3,0,1,0,0,1,0,1,0,1,1,0,0,0,63,1,0
/Users/larrymotuzis/Larry_Motuzis_Data/Project05_CommonsCollections/src/main/java/org/apache/commons/collections4/Transformer.java,org.apache.commons.collections4.Transformer,interface,3,60,57,3,2,1,0,1,1,0.0,0.0,0.0,2,0,0,0,0,2,2,0,0,0,0,0,0,0,0,0,0,0,0,6,1,0,0,0,0,0,0,0,0,0,0,0,0,0,79,1,0
/Users/larrymotuzis/Larry_Motuzis_Data/Project05_CommonsCollections/src/main/java/org/apache/commons/collections4/map/Flat3Map.java,org.apache.commons.collections4.map.Flat3Map$EntrySet,innerclass,6,6,0,6,8,3,0,9,0,0.0,1.0,1.0,5,0,4,0,0,1,5,0,0,0,1,0,0,1,0,0,1,0,1,31,6,0,1,0,1,0,0,4,0,4,1,0,0,0,16,8,0
/Users/larrymotuzis/Larry_Motuzis_Data/Project05_CommonsCollections/src/main/java/org/apache/commons/collections4/multimap/AbstractMultiValuedMap.java,org.apache.commons.collections4.multimap.AbstractMultiValuedMap$KeysMultiSet$MapEntryTransformer,innerclass,6,6,0,6,1,1,0,0,0,0.0,NaN,NaN,1,0,1,0,0,0,1,0,0,0,0,0,0,0,0,0,0,0,0,13,1,0,0,0,0,0,0,0,0,0,0,1,0,0,5,18,0
/Users/larrymotuzis/Larry_Motuzis_Data/Project05_CommonsCollections/src/main/java/org/apache/commons/collections4/trie/AbstractPatriciaTrie.java,org.apache.commons.collections4.trie.AbstractPatriciaTrie$Values,innerclass,3,3,0,3,7,3,0,8,10,0.0,0.0,0.0,5,0,5,0,0,0,5,0,0,0,0,0,0,0,0,0,0,0,1,29,5,1,0,0,0,0,0,2,0,2,2,0,1,0,25,18,0
/Users/larrymotuzis/Larry_Motuzis_Data/Project05_CommonsCollections/src/main/java/org/apache/commons/collections4/iterators/ObjectArrayListIterator.java,org.apache.commons.collections4.iterators.ObjectArrayListIterator,class,4,6,2,4,15,2,0,4,43,0.6363636,0.10909091,0.10909091,11,0,11,0,0,0,11,0,0,0,1,0,0,1,0,0,0,0,0,48,5,0,1,0,0,2,4,5,2,1,1,0,0,0,136,1,0
/Users/larrymotuzis/Larry_Motuzis_Data/Project05_CommonsCollections/src/main/java/org/apache/commons/collections4/functors/NOPClosure.java,org.apache.commons.collections4.functors.NOPClosure,class,4,11,7,4,4,1,0,0,4,0.75,0.0,0.0,4,1,2,2,0,0,2,0,0,0,2,2,1,1,0,0,2,0,0,14,2,0,0,0,0,1,1,2,0,2,0,0,0,0,46,17,0
/Users/larrymotuzis/Larry_Motuzis_Data/Project05_CommonsCollections/src/main/java/org/apache/commons/collections4/sequence/InsertCommand.java,org.apache.commons.collections4.sequence.InsertCommand,class,3,5,2,3,2,2,0,2,1,0.0,0.0,0.0,2,0,2,0,0,0,2,0,0,0,0,0,0,0,0,0,0,0,0,8,0,0,0,0,0,0,0,0,0,0,0,0,0,0,60,1,0
/Users/larrymotuzis/Larry_Motuzis_Data/Project05_CommonsCollections/src/main/java/org/apache/commons/collections4/bag/UnmodifiableBag.java,org.apache.commons.collections4.bag.UnmodifiableBag,class,8,10,2,8,16,3,0,10,105,1.0,0.0,0.0,15,1,12,3,0,0,12,0,0,0,1,1,0,1,0,0,1,0,2,55,4,0,0,0,0,3,1,3,0,3,1,0,0,0,106,17,0
/Users/larrymotuzis/Larry_Motuzis_Data/Project05_CommonsCollections/src/main/java/org/apache/commons/collections4/comparators/FixedOrderComparator.java,org.apache.commons.collections4.comparators.FixedOrderComparator$UnknownObjectBehavior,enum,0,0,0,0,0,1,0,0,0,0.0,-1.0,-1.0,0,0,0,0,0,0,0,0,0,0,0,0,0,0,0,0,0,0,0,4,0,0,0,0,0,0,0,0,0,0,0,0,0,0,19,1,0
/Users/larrymotuzis/Larry_Motuzis_Data/Project05_CommonsCollections/src/main/java/org/apache/commons/collections4/bloomfilter/IndexFilter.java,org.apache.commons.collections4.bloomfilter.IndexFilter,class,5,6,1,5,6,1,0,5,0,0.0,1.0,1.0,3,1,2,1,0,0,2,0,0,0,3,0,0,3,0,0,3,0,2,57,3,0,0,0,0,1,0,4,2,3,1,0,2,0,76,17,0
/Users/larrymotuzis/Larry_Motuzis_Data/Project05_CommonsCollections/src/main/java/org/apache/commons/collections4/trie/AbstractPatriciaTrie.java,org.apache.commons.collections4.trie.AbstractPatriciaTrie$RangeEntryMap,innerclass,5,5,0,5,27,3,0,11,0,0.5,0.5777778,0.8,10,0,6,0,4,0,10,0,0,0,4,0,0,4,0,0,4,0,0,73,8,0,12,0,0,2,1,13,0,8,1,0,0,0,50,18,0
/Users/larrymotuzis/Larry_Motuzis_Data/Project05_CommonsCollections/src/main/java/org/apache/commons/collections4/trie/AbstractPatriciaTrie.java,org.apache.commons.collections4.trie.AbstractPatriciaTrie$EntrySet,innerclass,5,5,0,5,9,4,0,7,10,0.0,0.0,0.0,5,0,5,0,0,0,5,0,0,0,0,0,0,0,0,0,0,0,0,34,7,0,1,0,3,0,0,2,0,2,1,0,1,0,27,18,0
/Users/larrymotuzis/Larry_Motuzis_Data/Project05_CommonsCollections/src/main/java/org/apache/commons/collections4/bloomfilter/ArrayCountingBloomFilter.java,org.apache.commons.collections4.bloomfilter.ArrayCountingBloomFilter,class,9,10,1,9,40,1,0,24,48,0.68333334,0.2720588,0.33088234,20,0,17,3,0,0,17,0,0,0,3,0,0,3,0,0,2,0,15,131,21,5,5,2,0,8,25,25,4,20,3,0,0,4,249,17,0
/Users/larrymotuzis/Larry_Motuzis_Data/Project05_CommonsCollections/src/main/java/org/apache/commons/collections4/map/ConcurrentReferenceHashMap.java,org.apache.commons.collections4.map.ConcurrentReferenceHashMap$Option,enum,0,0,0,0,0,1,0,0,0,0.0,-1.0,-1.0,0,0,0,0,0,0,0,0,0,0,0,0,0,0,0,0,0,0,0,2,0,0,0,0,0,0,0,0,0,0,0,0,0,0,41,1,0
/Users/larrymotuzis/Larry_Motuzis_Data/Project05_CommonsCollections/src/main/java/org/apache/commons/collections4/bloomfilter/LayerManager.java,org.apache.commons.collections4.bloomfilter.LayerManager,class,5,11,6,5,19,1,0,21,0,0.53846157,0.6727273,0.8181818,13,1,9,2,0,2,11,0,6,0,4,0,0,4,0,0,4,0,5,156,8,1,0,0,0,5,1,5,0,5,1,0,3,0,185,1,0
/Users/larrymotuzis/Larry_Motuzis_Data/Project05_CommonsCollections/src/main/java/org/apache/commons/collections4/ArrayUtils.java,org.apache.commons.collections4.ArrayUtils,class,2,4,2,2,12,1,0,3,6,0.0,0.0,0.0,4,3,0,1,0,3,3,0,0,0,0,0,0,0,0,0,0,0,2,33,6,2,4,0,0,0,3,3,0,2,3,0,0,0,78,16,0
/Users/larrymotuzis/Larry_Motuzis_Data/Project05_CommonsCollections/src/main/java/org/apache/commons/collections4/SplitMapUtils.java,org.apache.commons.collections4.SplitMapUtils,class,9,9,0,9,6,1,0,3,3,0.0,0.0,0.0,3,2,2,1,0,0,2,0,0,0,0,0,0,0,0,0,0,0,3,130,4,0,0,0,0,4,0,0,0,0,1,0,2,0,61,1,0
/Users/larrymotuzis/Larry_Motuzis_Data/Project05_CommonsCollections/src/main/java/org/apache/commons/collections4/bidimap/AbstractBidiMapDecorator.java,org.apache.commons.collections4.bidimap.AbstractBidiMapDecorator,class,7,10,3,7,7,3,0,7,21,0.0,0.0,0.0,7,0,5,0,2,0,7,0,0,0,0,0,0,0,0,0,0,0,0,23,6,0,0,0,0,0,0,0,0,0,0,0,0,0,81,1025,0
/Users/larrymotuzis/Larry_Motuzis_Data/Project05_CommonsCollections/src/main/java/org/apache/commons/collections4/IterableUtils.java,org.apache.commons.collections4.IterableUtils$Anonymous8$Anonymous9,anonymous,1,1,0,1,2,1,0,2,0,0.0,NaN,NaN,1,0,0,0,1,0,1,0,0,0,0,0,0,0,0,0,0,0,1,8,2,0,0,0,0,0,0,0,0,0,1,0,0,0,6,-1,0
/Users/larrymotuzis/Larry_Motuzis_Data/Project05_CommonsCollections/src/main/java/org/apache/commons/collections4/trie/PatriciaTrie.java,org.apache.commons.collections4.trie.PatriciaTrie,class,2,2,0,2,2,4,0,0,1,1.0,0.0,0.0,2,0,2,0,0,0,2,0,0,0,1,1,0,1,0,0,1,0,0,9,0,0,0,0,0,0,1,1,0,1,0,0,0,0,142,1,0
/Users/larrymotuzis/Larry_Motuzis_Data/Project05_CommonsCollections/src/main/java/org/apache/commons/collections4/collection/IndexedCollection.java,org.apache.commons.collections4.collection.IndexedCollection,class,7,8,1,7,32,2,0,25,64,0.75,0.1904762,0.26666668,17,2,15,2,0,0,15,0,0,0,4,1,0,4,0,0,4,0,3,109,14,5,1,0,0,5,1,16,0,13,2,0,0,0,139,1,0
/Users/larrymotuzis/Larry_Motuzis_Data/Project05_CommonsCollections/src/main/java/org/apache/commons/collections4/multiset/AbstractMapMultiSet.java,org.apache.commons.collections4.multiset.AbstractMapMultiSet$EntrySetIterator,innerclass,5,5,0,5,5,1,0,3,0,0.4375,1.0,1.0,4,0,3,0,1,0,4,0,0,0,4,0,0,0,4,0,2,0,0,26,2,0,0,0,0,1,0,6,0,4,1,0,0,0,43,12,0
/Users/larrymotuzis/Larry_Motuzis_Data/Project05_CommonsCollections/src/main/java/org/apache/commons/collections4/iterators/BoundedIterator.java,org.apache.commons.collections4.iterators.BoundedIterator,class,2,5,3,2,14,1,0,6,0,0.33333334,1.0,1.0,6,0,4,2,0,0,4,0,0,0,4,0,0,4,0,0,3,0,1,51,5,1,0,0,0,4,4,5,2,5,1,0,0,0,108,1,0
/Users/larrymotuzis/Larry_Motuzis_Data/Project05_CommonsCollections/src/main/java/org/apache/commons/collections4/iterators/AbstractEmptyIterator.java,org.apache.commons.collections4.iterators.AbstractEmptyIterator,class,2,6,4,2,11,1,0,0,55,0.0,0.0,0.0,11,0,10,0,1,0,11,0,0,0,0,0,0,0,0,0,0,0,0,33,4,0,0,0,0,5,2,0,0,0,0,0,0,0,43,1024,0
/Users/larrymotuzis/Larry_Motuzis_Data/Project05_CommonsCollections/src/main/java/org/apache/commons/collections4/map/ConcurrentReferenceHashMap.java,org.apache.commons.collections4.map.ConcurrentReferenceHashMap$SimpleEntry,innerclass,3,3,0,3,11,1,0,5,0,0.1875,0.9047619,1.0,8,1,6,1,0,1,7,0,0,0,2,0,0,2,0,0,1,0,3,35,8,0,2,0,3,1,2,5,1,4,1,0,0,0,23,10,0
/Users/larrymotuzis/Larry_Motuzis_Data/Project05_CommonsCollections/src/main/java/org/apache/commons/collections4/bloomfilter/BloomFilterExtractor.java,org.apache.commons.collections4.bloomfilter.BloomFilterExtractor$Anonymous1,anonymous,3,3,0,3,3,1,0,5,3,0.0,0.0,0.0,3,0,3,0,0,0,3,0,0,0,0,0,0,0,0,0,0,0,1,12,3,0,0,0,0,0,0,1,0,1,0,0,0,0,30,-1,0
/Users/larrymotuzis/Larry_Motuzis_Data/Project05_CommonsCollections/src/main/java/org/apache/commons/collections4/map/ConcurrentReferenceHashMap.java,org.apache.commons.collections4.map.ConcurrentReferenceHashMap$WeakKeyReference,innerclass,3,3,0,3,3,3,0,0,1,0.33333334,0.33333334,0.33333334,3,0,2,0,0,1,3,0,0,0,1,0,0,1,0,0,1,0,0,13,2,0,0,0,0,0,0,1,0,1,0,0,0,0,18,26,0
/Users/larrymotuzis/Larry_Motuzis_Data/Project05_CommonsCollections/src/main/java/org/apache/commons/collections4/collection/CompositeCollection.java,org.apache.commons.collections4.collection.CompositeCollection,class,8,11,3,8,55,1,0,31,39,0.71794873,0.44,0.52615386,26,0,25,0,1,0,26,0,0,0,3,1,0,3,0,0,2,0,5,178,23,12,9,0,0,4,4,23,0,15,2,0,1,1,183,1,0
/Users/larrymotuzis/Larry_Motuzis_Data/Project05_CommonsCollections/src/main/java/org/apache/commons/collections4/SetUtils.java,org.apache.commons.collections4.SetUtils,class,17,20,3,17,35,3,0,23,300,0.96,0.0,0.0,25,24,24,1,0,0,24,0,0,0,1,1,1,0,0,0,1,0,30,173,29,1,9,0,0,10,2,7,0,7,2,4,1,1,260,1,0
/Users/larrymotuzis/Larry_Motuzis_Data/Project05_CommonsCollections/src/main/java/org/apache/commons/collections4/multimap/UnmodifiableMultiValuedMap.java,org.apache.commons.collections4.multimap.UnmodifiableMultiValuedMap,class,13,15,2,13,17,2,0,14,120,1.0,0.0,0.0,16,1,15,1,0,0,15,0,0,0,1,1,0,1,0,0,1,0,7,54,9,0,0,0,0,2,1,1,0,1,1,0,0,0,70,17,0
/Users/larrymotuzis/Larry_Motuzis_Data/Project05_CommonsCollections/src/main/java/org/apache/commons/collections4/FunctorException.java,org.apache.commons.collections4.FunctorException,class,0,13,13,0,4,4,0,0,6,1.0,0.0,0.0,4,0,4,0,0,0,4,0,0,0,1,1,0,1,0,0,1,0,0,14,0,0,0,0,0,0,1,1,0,1,0,0,0,0,40,1,0
/Users/larrymotuzis/Larry_Motuzis_Data/Project05_CommonsCollections/src/main/java/org/apache/commons/collections4/map/AbstractLinkedMap.java,org.apache.commons.collections4.map.AbstractLinkedMap$LinkIterator,innerclass,6,6,0,6,18,1,0,4,0,0.36111113,0.6388889,0.7777778,9,0,5,0,4,0,9,0,0,0,4,0,0,0,4,0,1,0,1,64,7,0,9,0,0,4,0,12,1,5,1,0,0,0,70,1036,0
/Users/larrymotuzis/Larry_Motuzis_Data/Project05_CommonsCollections/src/main/java/org/apache/commons/collections4/Factory.java,org.apache.commons.collections4.Factory,interface,2,22,20,2,2,1,0,1,1,0.0,0.0,0.0,2,0,0,0,0,2,2,0,0,0,0,0,0,0,0,0,0,0,0,6,1,0,0,0,0,0,0,0,0,0,0,0,0,0,53,1,0
/Users/larrymotuzis/Larry_Motuzis_Data/Project05_CommonsCollections/src/main/java/org/apache/commons/collections4/map/AbstractIterableMap.java,org.apache.commons.collections4.map.AbstractIterableMap,class,5,8,3,5,2,1,0,1,1,0.0,0.0,0.0,2,0,2,0,0,0,2,0,0,0,0,0,0,0,0,0,0,0,0,7,1,0,0,0,0,0,0,0,0,0,0,0,0,0,20,1025,0
/Users/larrymotuzis/Larry_Motuzis_Data/Project05_CommonsCollections/src/main/java/org/apache/commons/collections4/iterators/ObjectGraphIterator.java,org.apache.commons.collections4.iterators.ObjectGraphIterator,class,3,5,2,3,23,1,0,10,0,0.625,0.64285713,1.0,8,0,5,0,3,0,8,0,0,0,7,0,0,7,0,0,2,0,0,93,3,1,7,0,0,4,1,18,0,9,3,0,0,0,173,1,0
/Users/larrymotuzis/Larry_Motuzis_Data/Project05_CommonsCollections/src/main/java/org/apache/commons/collections4/list/FixedSizeList.java,org.apache.commons.collections4.list.FixedSizeList$FixedSizeListIterator,innerclass,3,3,0,3,3,2,0,1,3,0.0,0.0,0.0,3,0,2,0,1,0,3,0,0,0,0,0,0,0,0,0,0,0,2,11,0,0,0,0,0,0,0,0,0,0,0,0,0,0,18,18,0
/Users/larrymotuzis/Larry_Motuzis_Data/Project05_CommonsCollections/src/main/java/org/apache/commons/collections4/collection/UnmodifiableCollection.java,org.apache.commons.collections4.collection.UnmodifiableCollection,class,6,15,9,6,11,2,0,3,45,1.0,0.0,0.0,10,1,9,1,0,0,9,0,0,0,1,1,0,1,0,0,1,0,1,37,3,0,0,0,0,2,1,2,0,2,1,0,0,0,69,17,0
/Users/larrymotuzis/Larry_Motuzis_Data/Project05_CommonsCollections/src/main/java/org/apache/commons/collections4/functors/SwitchClosure.java,org.apache.commons.collections4.functors.SwitchClosure,class,7,9,2,7,19,1,0,13,4,0.625,0.14285715,0.2857143,8,2,7,1,0,0,7,0,0,0,4,1,0,4,0,0,4,0,10,60,8,2,6,0,2,4,5,12,0,10,2,0,0,0,124,1,0
/Users/larrymotuzis/Larry_Motuzis_Data/Project05_CommonsCollections/src/main/java/org/apache/commons/collections4/map/Flat3Map.java,org.apache.commons.collections4.map.Flat3Map$KeySetIterator,innerclass,3,3,0,3,2,2,0,2,1,0.0,0.0,0.0,2,0,1,0,0,1,2,0,0,0,0,0,0,0,0,0,0,0,0,8,1,0,0,0,0,1,0,0,0,0,0,0,0,0,7,8,0
/Users/larrymotuzis/Larry_Motuzis_Data/Project05_CommonsCollections/src/main/java/org/apache/commons/collections4/map/AbstractSortedMapDecorator.java,org.apache.commons.collections4.map.AbstractSortedMapDecorator,class,8,14,6,8,14,4,0,16,66,0.0,0.0,0.0,12,0,10,0,2,0,12,0,0,0,0,0,0,0,0,0,0,0,0,56,10,0,0,0,0,0,0,2,0,2,0,0,1,0,89,1025,0
/Users/larrymotuzis/Larry_Motuzis_Data/Project05_CommonsCollections/src/main/java/org/apache/commons/collections4/bloomfilter/LayeredBloomFilter.java,org.apache.commons.collections4.bloomfilter.LayeredBloomFilter,class,13,14,1,13,33,1,0,32,298,0.671875,0.18472907,0.2955665,32,0,29,3,0,0,29,0,4,0,2,0,0,2,0,0,2,0,2,144,29,0,0,0,0,1,3,13,0,15,1,0,1,3,233,1,0
/Users/larrymotuzis/Larry_Motuzis_Data/Project05_CommonsCollections/src/main/java/org/apache/commons/collections4/functors/ConstantFactory.java,org.apache.commons.collections4.functors.ConstantFactory,class,3,6,3,3,5,1,0,0,0,0.5833333,0.5,0.5,4,1,4,0,0,0,4,0,0,0,3,2,1,2,0,0,3,0,0,20,4,0,1,0,0,1,1,3,0,3,1,0,0,0,71,1,0
/Users/larrymotuzis/Larry_Motuzis_Data/Project05_CommonsCollections/src/main/java/org/apache/commons/collections4/ResettableListIterator.java,org.apache.commons.collections4.ResettableListIterator,interface,3,11,8,3,0,1,0,0,0,0.0,-1.0,-1.0,0,0,0,0,0,0,0,0,0,0,0,0,0,0,0,0,0,0,0,2,0,0,0,0,0,0,0,0,0,0,0,0,0,0,23,1,0
/Users/larrymotuzis/Larry_Motuzis_Data/Project05_CommonsCollections/src/main/java/org/apache/commons/collections4/comparators/ReverseComparator.java,org.apache.commons.collections4.comparators.ReverseComparator,class,2,4,2,2,9,1,0,6,0,0.6,0.6,0.6,5,0,5,0,0,0,5,0,0,0,2,1,0,2,0,0,2,0,0,29,6,0,3,0,0,1,1,3,0,3,1,0,0,0,109,1,0
/Users/larrymotuzis/Larry_Motuzis_Data/Project05_CommonsCollections/src/main/java/org/apache/commons/collections4/map/StaticBucketMap.java,org.apache.commons.collections4.map.StaticBucketMap$Node,innerclass,4,4,0,4,9,1,0,4,0,0.53333336,0.8,1.0,5,0,5,0,0,0,5,0,0,0,3,0,0,0,3,0,0,0,2,29,7,0,3,0,3,0,2,3,0,5,1,0,0,0,21,26,0
/Users/larrymotuzis/Larry_Motuzis_Data/Project05_CommonsCollections/src/main/java/org/apache/commons/collections4/map/LRUMap.java,org.apache.commons.collections4.map.LRUMap,class,8,9,1,8,46,4,0,24,126,0.8,0.34387353,0.41501975,25,0,16,2,7,0,23,0,0,0,4,2,0,3,1,0,3,0,0,165,8,2,12,1,1,34,3,23,6,11,4,0,0,0,342,1,0
/Users/larrymotuzis/Larry_Motuzis_Data/Project05_CommonsCollections/src/main/java/org/apache/commons/collections4/Equator.java,org.apache.commons.collections4.Equator,interface,1,8,7,1,2,1,0,0,1,0.0,0.0,0.0,2,0,0,0,0,2,2,0,0,0,0,0,0,0,0,0,0,0,0,4,0,0,0,0,0,0,0,0,0,0,0,0,0,0,60,1,0
/Users/larrymotuzis/Larry_Motuzis_Data/Project05_CommonsCollections/src/main/java/org/apache/commons/collections4/queue/TransformedQueue.java,org.apache.commons.collections4.queue.TransformedQueue,class,5,7,2,5,11,3,0,13,36,1.0,0.0,0.0,9,2,7,0,2,0,9,0,0,0,1,1,0,1,0,0,1,0,0,38,8,1,0,0,0,1,1,3,0,3,2,0,0,0,90,1,0
/Users/larrymotuzis/Larry_Motuzis_Data/Project05_CommonsCollections/src/main/java/org/apache/commons/collections4/list/AbstractLinkedListJava21.java,org.apache.commons.collections4.list.AbstractLinkedListJava21$LinkedSubListIterator,innerclass,4,4,0,4,8,2,0,5,0,0.16666667,0.0,0.0,6,0,5,0,1,0,6,0,0,0,1,0,0,0,1,0,1,0,0,26,3,0,0,0,0,0,1,3,2,1,0,0,0,0,30,12,0
/Users/larrymotuzis/Larry_Motuzis_Data/Project05_CommonsCollections/src/main/java/org/apache/commons/collections4/iterators/UnmodifiableMapIterator.java,org.apache.commons.collections4.iterators.UnmodifiableMapIterator,class,6,12,6,6,9,1,0,5,0,0.25,0.47619048,0.47619048,8,1,7,1,0,0,7,0,0,0,1,0,0,1,0,0,1,0,1,32,6,0,0,0,0,4,0,2,0,2,1,0,0,0,54,17,0
/Users/larrymotuzis/Larry_Motuzis_Data/Project05_CommonsCollections/src/main/java/org/apache/commons/collections4/functors/TransformerClosure.java,org.apache.commons.collections4.functors.TransformerClosure,class,6,8,2,6,5,1,0,2,0,0.5,0.5,0.5,4,1,4,0,0,0,4,0,0,0,2,1,0,2,0,0,2,0,1,19,3,0,1,0,0,0,1,2,0,2,1,0,0,0,58,1,0
/Users/larrymotuzis/Larry_Motuzis_Data/Project05_CommonsCollections/src/main/java/org/apache/commons/collections4/set/AbstractSerializableSetDecorator.java,org.apache.commons.collections4.set.AbstractSerializableSetDecorator,class,3,5,2,3,3,3,0,6,3,1.0,NaN,NaN,3,0,0,2,1,0,1,0,0,0,1,1,0,1,0,0,1,0,0,14,0,0,0,0,0,1,1,1,0,1,0,0,0,0,66,1025,0
/Users/larrymotuzis/Larry_Motuzis_Data/Project05_CommonsCollections/src/main/java/org/apache/commons/collections4/multiset/AbstractMultiSet.java,org.apache.commons.collections4.multiset.AbstractMultiSet$UniqueSet,innerclass,2,2,0,2,8,3,0,7,0,0.0,1.0,1.0,7,0,6,0,1,0,7,0,0,0,1,0,0,0,1,0,1,0,0,24,5,0,1,0,0,0,1,1,0,1,0,0,0,0,24,12,0
/Users/larrymotuzis/Larry_Motuzis_Data/Project05_CommonsCollections/src/main/java/org/apache/commons/collections4/functors/InstantiateFactory.java,org.apache.commons.collections4.functors.InstantiateFactory,class,4,7,3,4,19,1,0,5,0,0.25,0.5,0.5,5,1,4,1,0,0,4,0,0,0,4,0,0,4,0,0,3,0,1,53,3,0,10,2,0,6,1,7,0,4,1,0,0,0,98,1,0
/Users/larrymotuzis/Larry_Motuzis_Data/Project05_CommonsCollections/src/main/java/org/apache/commons/collections4/bidimap/TreeBidiMap.java,org.apache.commons.collections4.bidimap.TreeBidiMap$ViewMapEntryIterator,innerclass,5,5,0,5,3,2,0,2,3,0.0,0.0,0.0,3,0,2,0,0,1,3,0,0,0,0,0,0,0,0,0,0,0,0,11,2,0,0,0,0,0,0,0,0,0,0,0,0,0,20,16,0
/Users/larrymotuzis/Larry_Motuzis_Data/Project05_CommonsCollections/src/main/java/org/apache/commons/collections4/FactoryUtils.java,org.apache.commons.collections4.FactoryUtils,class,6,7,1,6,7,1,0,4,21,0.0,0.0,0.0,7,6,6,1,0,0,6,0,0,0,0,0,0,0,0,0,0,0,6,22,6,0,0,0,0,0,0,0,0,0,0,0,0,0,106,1,0
/Users/larrymotuzis/Larry_Motuzis_Data/Project05_CommonsCollections/src/main/java/org/apache/commons/collections4/list/AbstractLinkedListJava21.java,org.apache.commons.collections4.list.AbstractLinkedListJava21$LinkedSubList,innerclass,3,3,0,3,22,3,0,16,0,0.4285714,0.7032967,0.85714287,14,0,11,0,3,0,14,0,0,0,4,0,0,0,0,4,0,0,0,98,10,1,2,0,0,8,6,11,15,7,1,0,0,0,79,12,0
/Users/larrymotuzis/Larry_Motuzis_Data/Project05_CommonsCollections/src/main/java/org/apache/commons/collections4/functors/CatchAndRethrowClosure.java,org.apache.commons.collections4.functors.CatchAndRethrowClosure,class,4,5,1,4,5,1,0,1,3,0.0,0.0,0.0,3,0,2,0,1,0,3,1,0,0,0,0,0,0,0,0,0,0,0,16,0,0,0,1,0,0,0,0,0,0,1,0,0,0,62,1025,0
/Users/larrymotuzis/Larry_Motuzis_Data/Project05_CommonsCollections/src/main/java/org/apache/commons/collections4/keyvalue/MultiKey.java,org.apache.commons.collections4.keyvalue.MultiKey,class,3,5,2,3,30,1,0,14,96,0.7833333,0.26923078,0.26923078,20,6,12,7,1,0,13,0,0,0,3,1,0,3,0,0,2,0,17,111,17,2,5,0,1,8,23,29,1,13,2,0,0,0,210,1,0
/Users/larrymotuzis/Larry_Motuzis_Data/Project05_CommonsCollections/src/main/java/org/apache/commons/collections4/iterators/LazyIteratorChain.java,org.apache.commons.collections4.iterators.LazyIteratorChain,class,4,10,6,4,12,1,0,6,3,0.5833333,0.3,0.3,6,0,4,1,1,0,5,1,0,0,4,0,0,4,0,0,0,0,1,44,2,1,4,0,0,0,1,9,0,5,2,0,0,0,136,1025,0
/Users/larrymotuzis/Larry_Motuzis_Data/Project05_CommonsCollections/src/main/java/org/apache/commons/collections4/map/StaticBucketMap.java,org.apache.commons.collections4.map.StaticBucketMap$ValueIterator,innerclass,2,2,0,2,1,2,0,2,0,0.0,NaN,NaN,1,0,1,0,0,0,1,0,0,0,0,0,0,0,0,0,0,0,0,5,1,0,0,0,0,0,0,0,0,0,0,0,0,0,6,18,0
/Users/larrymotuzis/Larry_Motuzis_Data/Project05_CommonsCollections/src/main/java/org/apache/commons/collections4/bloomfilter/SetOperations.java,org.apache.commons.collections4.bloomfilter.SetOperations,class,4,7,3,4,15,1,0,12,66,0.0,0.0,0.0,12,11,10,2,0,0,10,0,0,0,0,0,0,0,0,0,0,0,16,59,14,0,3,0,0,0,19,10,7,17,1,0,0,6,99,17,0
/Users/larrymotuzis/Larry_Motuzis_Data/Project05_CommonsCollections/src/main/java/org/apache/commons/collections4/bloomfilter/LayeredBloomFilter.java,org.apache.commons.collections4.bloomfilter.LayeredBloomFilter$Finder,innerclass,3,3,0,3,4,1,0,3,0,0.4166667,0.6666667,1.0,3,0,1,0,0,2,3,0,0,0,4,0,0,0,0,4,0,0,1,19,2,0,0,0,0,0,0,3,0,4,1,0,0,0,20,2,0
/Users/larrymotuzis/Larry_Motuzis_Data/Project05_CommonsCollections/src/main/java/org/apache/commons/collections4/map/AbstractReferenceMap.java,org.apache.commons.collections4.map.AbstractReferenceMap$ReferenceEntrySet,innerclass,7,7,0,7,4,4,0,4,3,0.0,0.0,0.0,3,0,2,0,1,0,3,0,0,0,0,0,0,0,0,0,0,0,0,15,2,1,0,0,0,0,0,1,0,1,1,0,0,0,10,8,0
/Users/larrymotuzis/Larry_Motuzis_Data/Project05_CommonsCollections/src/main/java/org/apache/commons/collections4/map/Flat3Map.java,org.apache.commons.collections4.map.Flat3Map$KeySet,innerclass,5,5,0,5,8,3,0,8,0,0.0,1.0,1.0,6,0,5,0,0,1,6,0,0,0,1,0,0,1,0,0,1,0,1,29,6,0,1,0,0,0,0,2,0,2,1,0,0,0,14,8,0
/Users/larrymotuzis/Larry_Motuzis_Data/Project05_CommonsCollections/src/main/java/org/apache/commons/collections4/multimap/AbstractMultiValuedMap.java,org.apache.commons.collections4.multimap.AbstractMultiValuedMap$WrappedCollection,innerclass,6,6,0,6,33,1,0,21,48,0.4375,0.3,0.3,16,0,14,0,1,1,16,0,0,0,1,0,0,0,1,0,1,0,0,109,21,0,14,0,0,1,1,20,0,18,1,0,0,0,65,0,0
/Users/larrymotuzis/Larry_Motuzis_Data/Project05_CommonsCollections/src/main/java/org/apache/commons/collections4/bag/TreeBag.java,org.apache.commons.collections4.bag.TreeBag,class,5,7,2,5,13,2,0,16,55,1.0,0.0,0.0,11,0,8,2,1,0,9,0,0,0,1,1,0,1,0,0,1,0,1,45,5,0,1,0,1,5,1,2,1,2,1,0,0,0,147,1,0
/Users/larrymotuzis/Larry_Motuzis_Data/Project05_CommonsCollections/src/main/java/org/apache/commons/collections4/iterators/PeekingIterator.java,org.apache.commons.collections4.iterators.PeekingIterator,class,2,4,2,2,18,1,0,6,0,0.34375,0.71428573,1.0,8,1,7,1,0,0,7,0,0,0,4,0,0,4,0,0,1,0,1,63,8,0,0,0,0,3,0,10,0,6,1,0,0,0,99,1,0
/Users/larrymotuzis/Larry_Motuzis_Data/Project05_CommonsCollections/src/main/java/org/apache/commons/collections4/list/AbstractLinkedListJava21.java,org.apache.commons.collections4.list.AbstractLinkedListJava21$Node,innerclass,2,2,0,2,9,1,0,0,2,0.5555556,0.4722222,1.0,9,0,0,0,9,0,9,0,0,0,3,0,0,0,3,0,0,0,0,35,3,0,0,0,0,0,0,9,0,3,0,0,0,0,42,12,0
/Users/larrymotuzis/Larry_Motuzis_Data/Project05_CommonsCollections/src/main/java/org/apache/commons/collections4/iterators/EmptyOrderedIterator.java,org.apache.commons.collections4.iterators.EmptyOrderedIterator,class,4,7,3,4,2,2,0,0,1,0.5,0.0,0.0,2,1,1,0,1,0,2,0,0,0,1,1,1,0,0,0,1,0,0,8,1,0,0,0,0,1,0,1,0,1,0,0,0,0,29,1,0
/Users/larrymotuzis/Larry_Motuzis_Data/Project05_CommonsCollections/src/main/java/org/apache/commons/collections4/functors/NullIsTruePredicate.java,org.apache.commons.collections4.functors.NullIsTruePredicate,class,5,7,2,5,5,2,0,2,0,0.5,0.5,0.5,4,1,4,0,0,0,4,0,0,0,2,1,0,2,0,0,2,0,1,19,4,0,1,0,0,2,1,2,0,2,1,0,0,0,63,17,0
/Users/larrymotuzis/Larry_Motuzis_Data/Project05_CommonsCollections/src/main/java/org/apache/commons/collections4/map/AbstractReferenceMap.java,org.apache.commons.collections4.map.AbstractReferenceMap$ReferenceValues,innerclass,5,5,0,5,3,3,0,4,3,0.0,0.0,0.0,3,0,2,0,1,0,3,0,0,0,0,0,0,0,0,0,0,0,0,13,2,0,0,0,0,0,0,1,0,1,0,0,0,0,10,8,0
/Users/larrymotuzis/Larry_Motuzis_Data/Project05_CommonsCollections/src/main/java/org/apache/commons/collections4/multiset/AbstractMapMultiSet.java,org.apache.commons.collections4.multiset.AbstractMapMultiSet$MapBasedMultiSetIterator,innerclass,3,3,0,3,10,1,0,7,0,0.25,1.0,1.0,4,0,3,0,0,1,4,0,0,0,6,0,0,6,0,0,3,0,0,47,2,0,3,0,0,0,3,10,0,7,1,0,0,0,35,26,0
/Users/larrymotuzis/Larry_Motuzis_Data/Project05_CommonsCollections/src/main/java/org/apache/commons/collections4/map/AbstractHashedMap.java,org.apache.commons.collections4.map.AbstractHashedMap$KeySet,innerclass,2,2,0,2,6,3,0,5,0,0.0,1.0,1.0,6,0,5,0,1,0,6,0,0,0,1,0,0,1,0,0,1,0,0,23,4,0,0,0,0,0,0,2,0,2,0,0,0,0,23,12,0
/Users/larrymotuzis/Larry_Motuzis_Data/Project05_CommonsCollections/src/main/java/org/apache/commons/collections4/BagUtils.java,org.apache.commons.collections4.BagUtils,class,16,16,0,16,12,1,0,11,66,0.9166667,0.0,0.0,12,11,11,1,0,0,11,0,0,0,2,2,2,0,0,0,2,0,11,39,11,0,0,0,0,4,0,2,0,2,0,0,0,0,140,1,0
/Users/larrymotuzis/Larry_Motuzis_Data/Project05_CommonsCollections/src/main/java/org/apache/commons/collections4/keyvalue/AbstractKeyValue.java,org.apache.commons.collections4.keyvalue.AbstractKeyValue,class,4,8,4,4,6,1,0,5,3,0.5,0.4,0.6666667,6,0,3,0,3,0,6,0,0,0,2,0,0,2,0,0,0,0,0,27,5,0,0,0,0,0,0,6,0,4,0,0,0,0,38,1025,0
/Users/larrymotuzis/Larry_Motuzis_Data/Project05_CommonsCollections/src/main/java/org/apache/commons/collections4/bloomfilter/EnhancedDoubleHasher.java,org.apache.commons.collections4.bloomfilter.EnhancedDoubleHasher,class,6,7,1,6,8,1,0,3,0,0.33333334,0.5,0.6,6,1,3,1,0,2,5,0,0,0,2,0,0,2,0,0,2,0,4,85,4,1,1,0,1,2,5,11,4,7,1,1,0,0,194,1,0
/Users/larrymotuzis/Larry_Motuzis_Data/Project05_CommonsCollections/src/main/java/org/apache/commons/collections4/iterators/IteratorChain.java,org.apache.commons.collections4.iterators.IteratorChain,class,5,12,7,5,30,1,0,16,57,0.78571427,0.21212122,0.42424244,14,0,11,2,1,0,12,0,0,0,5,0,0,5,0,0,1,0,3,107,4,4,4,0,3,3,0,10,0,6,3,0,0,0,218,1,0
/Users/larrymotuzis/Larry_Motuzis_Data/Project05_CommonsCollections/src/main/java/org/apache/commons/collections4/sequence/CommandVisitor.java,org.apache.commons.collections4.sequence.CommandVisitor,interface,1,9,8,1,3,1,0,0,3,0.0,0.0,0.0,3,0,0,0,0,3,3,0,0,0,0,0,0,0,0,0,0,0,0,5,0,0,0,0,0,0,0,0,0,0,0,0,0,0,102,1,0
/Users/larrymotuzis/Larry_Motuzis_Data/Project05_CommonsCollections/src/main/java/org/apache/commons/collections4/functors/ExceptionFactory.java,org.apache.commons.collections4.functors.ExceptionFactory,class,4,6,2,4,4,1,0,0,4,0.75,0.0,0.0,4,1,2,2,0,0,2,0,0,0,2,2,1,1,0,0,2,0,0,15,2,0,0,0,0,2,1,2,0,2,0,0,0,0,45,17,0
/Users/larrymotuzis/Larry_Motuzis_Data/Project05_CommonsCollections/src/main/java/org/apache/commons/collections4/functors/UniquePredicate.java,org.apache.commons.collections4.functors.UniquePredicate,class,4,8,4,4,3,2,0,1,1,0.6666667,0.0,0.0,3,1,3,0,0,0,3,0,0,0,2,1,0,2,0,0,2,0,0,12,2,0,0,0,0,0,1,2,0,2,0,0,0,0,55,17,0
/Users/larrymotuzis/Larry_Motuzis_Data/Project05_CommonsCollections/src/main/java/org/apache/commons/collections4/bidimap/TreeBidiMap.java,org.apache.commons.collections4.bidimap.TreeBidiMap$InverseViewMapIterator,innerclass,6,6,0,6,8,2,0,4,15,0.0,0.0,0.0,6,0,5,0,0,1,6,0,0,0,0,0,0,0,0,0,0,0,0,26,4,0,2,0,0,2,0,0,0,0,1,0,0,0,44,16,0
/Users/larrymotuzis/Larry_Motuzis_Data/Project05_CommonsCollections/src/main/java/org/apache/commons/collections4/trie/AbstractPatriciaTrie.java,org.apache.commons.collections4.trie.AbstractPatriciaTrie$AbstractTrieIterator,innerclass,5,5,0,5,11,1,0,3,1,0.5555556,0.46666667,0.6666667,6,0,2,0,4,0,6,0,0,0,3,0,0,0,3,0,0,0,0,41,3,0,5,0,0,0,0,9,0,5,1,0,0,0,37,1024,0
/Users/larrymotuzis/Larry_Motuzis_Data/Project05_CommonsCollections/src/main/java/org/apache/commons/collections4/bidimap/UnmodifiableBidiMap.java,org.apache.commons.collections4.bidimap.UnmodifiableBidiMap,class,11,12,1,11,14,4,0,10,64,0.8333333,0.0,0.0,12,1,11,1,0,0,11,0,0,1,1,0,0,1,0,0,0,0,4,51,7,0,1,0,0,2,0,7,0,6,1,0,0,0,62,17,0
/Users/larrymotuzis/Larry_Motuzis_Data/Project05_CommonsCollections/src/main/java/org/apache/commons/collections4/trie/AbstractPatriciaTrie.java,org.apache.commons.collections4.trie.AbstractPatriciaTrie$PrefixRangeMap,innerclass,7,7,0,7,35,3,0,20,53,0.7333333,0.20512821,0.35897437,15,0,7,2,6,0,13,0,0,0,7,0,0,7,0,0,3,0,0,111,13,2,14,0,0,0,4,28,0,16,2,0,0,0,86,18,0
/Users/larrymotuzis/Larry_Motuzis_Data/Project05_CommonsCollections/src/main/java/org/apache/commons/collections4/bidimap/TreeBidiMap.java,org.apache.commons.collections4.bidimap.TreeBidiMap$Inverse,innerclass,7,7,0,7,32,1,0,28,253,0.95652175,0.0,0.0,23,0,23,0,0,0,23,0,0,0,3,0,0,3,0,0,0,0,3,100,22,1,7,0,0,2,2,6,0,6,1,0,0,0,62,16,0
/Users/larrymotuzis/Larry_Motuzis_Data/Project05_CommonsCollections/src/main/java/org/apache/commons/collections4/multimap/AbstractMultiValuedMap.java,org.apache.commons.collections4.multimap.AbstractMultiValuedMap$EntryValues$Anonymous1,anonymous,5,5,0,5,2,1,0,5,0,0.5,NaN,NaN,1,0,0,0,1,0,1,0,0,0,2,0,0,0,0,2,2,0,0,12,2,0,0,0,0,0,0,4,0,5,1,0,0,1,17,-1,0
/Users/larrymotuzis/Larry_Motuzis_Data/Project05_CommonsCollections/src/main/java/org/apache/commons/collections4/list/AbstractLinkedList.java,org.apache.commons.collections4.list.AbstractLinkedList$LinkedListIterator,innerclass,5,5,0,5,19,1,0,10,0,0.50000006,0.530303,0.6818182,12,0,9,0,3,0,12,0,0,0,5,0,0,0,5,0,1,0,0,82,7,0,5,0,0,3,1,13,2,7,1,0,0,0,100,12,0
/Users/larrymotuzis/Larry_Motuzis_Data/Project05_CommonsCollections/src/main/java/org/apache/commons/collections4/iterators/ZippingIterator.java,org.apache.commons.collections4.iterators.ZippingIterator,class,3,7,4,3,12,1,0,12,9,0.6666667,0.2,0.4,6,0,6,0,0,0,6,0,0,0,3,0,0,3,0,0,1,0,2,49,4,2,2,0,0,4,0,8,0,6,2,0,0,0,94,1,0
/Users/larrymotuzis/Larry_Motuzis_Data/Project05_CommonsCollections/src/main/java/org/apache/commons/collections4/iterators/AbstractEmptyMapIterator.java,org.apache.commons.collections4.iterators.AbstractEmptyMapIterator,class,3,5,2,3,4,2,0,0,6,0.0,0.0,0.0,4,0,4,0,0,0,4,0,0,0,0,0,0,0,0,0,0,0,0,13,0,0,0,0,0,3,0,0,0,0,0,0,0,0,30,1025,0
/Users/larrymotuzis/Larry_Motuzis_Data/Project05_CommonsCollections/src/main/java/org/apache/commons/collections4/map/AbstractHashedMap.java,org.apache.commons.collections4.map.AbstractHashedMap$EntrySet,innerclass,4,4,0,4,9,3,0,8,0,0.0,1.0,1.0,6,0,5,0,1,0,6,0,0,0,1,0,0,1,0,0,1,0,0,34,7,0,1,0,1,0,0,4,0,4,1,0,0,0,28,12,0
/Users/larrymotuzis/Larry_Motuzis_Data/Project05_CommonsCollections/src/main/java/org/apache/commons/collections4/map/ConcurrentReferenceHashMap.java,org.apache.commons.collections4.map.ConcurrentReferenceHashMap$CachedEntryIterator,innerclass,5,5,0,5,1,2,0,4,0,0.0,NaN,NaN,1,0,1,0,0,0,1,0,0,0,1,0,0,1,0,0,1,0,0,7,1,0,0,0,0,0,0,2,0,2,0,0,0,0,24,18,0
/Users/larrymotuzis/Larry_Motuzis_Data/Project05_CommonsCollections/src/main/java/org/apache/commons/collections4/trie/analyzer/StringKeyAnalyzer.java,org.apache.commons.collections4.trie.analyzer.StringKeyAnalyzer,class,2,3,1,2,24,2,0,7,1,0.75,0.6666667,0.6666667,7,1,6,1,0,0,6,0,0,0,4,4,2,2,0,0,4,0,3,72,9,1,12,0,1,2,16,24,23,19,2,0,0,0,92,1,0
/Users/larrymotuzis/Larry_Motuzis_Data/Project05_CommonsCollections/src/main/java/org/apache/commons/collections4/trie/AbstractPatriciaTrie.java,org.apache.commons.collections4.trie.AbstractPatriciaTrie$PrefixRangeEntrySet$EntryIterator,innerclass,4,4,0,4,9,2,0,5,0,0.45,0.6666667,1.0,4,0,2,0,1,1,4,0,0,0,5,0,0,5,0,0,3,0,0,38,2,0,2,0,0,0,0,12,0,8,1,0,0,0,40,18,0
/Users/larrymotuzis/Larry_Motuzis_Data/Project05_CommonsCollections/src/main/java/org/apache/commons/collections4/trie/AbstractPatriciaTrie.java,org.apache.commons.collections4.trie.AbstractPatriciaTrie$PrefixRangeEntrySet,innerclass,4,4,0,4,6,5,0,4,0,0.44444445,0.33333334,0.33333334,3,0,2,0,0,1,3,0,0,0,3,0,0,3,0,0,1,0,1,88,4,0,2,0,0,0,0,4,0,4,1,0,2,0,24,18,0
/Users/larrymotuzis/Larry_Motuzis_Data/Project05_CommonsCollections/src/main/java/org/apache/commons/collections4/collection/PredicatedCollection.java,org.apache.commons.collections4.collection.PredicatedCollection$Builder,innerclass,13,13,0,13,17,1,0,22,47,0.64285713,0.24175824,0.30769232,14,0,14,0,0,0,14,0,0,0,3,0,0,3,0,0,3,0,12,73,13,1,1,0,0,6,0,8,0,8,2,0,0,0,120,9,0
/Users/larrymotuzis/Larry_Motuzis_Data/Project05_CommonsCollections/src/main/java/org/apache/commons/collections4/map/AbstractLinkedMap.java,org.apache.commons.collections4.map.AbstractLinkedMap$KeySetIterator,innerclass,6,6,0,6,3,2,0,3,3,0.0,0.0,0.0,3,0,2,0,1,0,3,0,0,0,0,0,0,0,0,0,0,0,0,11,2,0,0,0,0,1,0,0,0,0,0,0,0,0,12,12,0
/Users/larrymotuzis/Larry_Motuzis_Data/Project05_CommonsCollections/src/main/java/org/apache/commons/collections4/map/FixedSizeSortedMap.java,org.apache.commons.collections4.map.FixedSizeSortedMap,class,9,11,2,9,19,4,0,21,136,1.0,0.0,0.0,17,1,13,2,2,0,15,0,0,0,1,1,0,1,0,0,1,0,4,62,11,0,0,0,0,5,1,2,0,1,1,0,0,0,146,1,0
/Users/larrymotuzis/Larry_Motuzis_Data/Project05_CommonsCollections/src/main/java/org/apache/commons/collections4/multimap/ArrayListValuedHashMap.java,org.apache.commons.collections4.multimap.ArrayListValuedHashMap,class,5,7,2,5,10,3,0,12,22,0.77777785,0.33333334,0.71428573,9,0,6,2,1,0,7,0,0,0,4,3,0,4,0,0,4,0,0,42,1,1,0,0,0,0,3,5,0,5,1,0,0,0,134,1,0
/Users/larrymotuzis/Larry_Motuzis_Data/Project05_CommonsCollections/src/main/java/org/apache/commons/collections4/queue/CircularFifoQueue.java,org.apache.commons.collections4.queue.CircularFifoQueue,class,4,6,2,4,44,2,0,18,94,0.7380953,0.23529412,0.2647059,21,0,17,4,0,0,17,0,0,0,6,1,0,6,0,0,2,0,5,198,17,2,6,0,1,7,17,29,6,12,2,1,0,0,199,1,0
/Users/larrymotuzis/Larry_Motuzis_Data/Project05_CommonsCollections/src/main/java/org/apache/commons/collections4/trie/AbstractPatriciaTrie.java,org.apache.commons.collections4.trie.AbstractPatriciaTrie$RangeEntrySet$EntryIterator,innerclass,6,6,0,6,7,2,0,3,0,0.0,1.0,1.0,3,0,2,1,0,0,2,0,0,0,1,0,0,1,0,0,1,0,2,16,2,0,3,0,0,0,0,1,0,1,1,0,0,0,21,18,0
/Users/larrymotuzis/Larry_Motuzis_Data/Project05_CommonsCollections/src/main/java/org/apache/commons/collections4/multimap/AbstractMultiValuedMap.java,org.apache.commons.collections4.multimap.AbstractMultiValuedMap$AsMap,innerclass,4,4,0,4,14,6,0,13,0,0.27272728,0.5090909,0.5090909,11,0,10,0,0,1,11,0,0,0,1,0,0,0,0,1,1,0,0,80,11,0,3,0,0,1,0,5,0,5,1,0,2,0,32,18,0
/Users/larrymotuzis/Larry_Motuzis_Data/Project05_CommonsCollections/src/main/java/org/apache/commons/collections4/IterableUtils.java,org.apache.commons.collections4.IterableUtils$Anonymous15,anonymous,3,3,0,3,2,1,0,2,0,0.0,NaN,NaN,1,0,1,0,0,0,1,0,0,0,0,0,0,0,0,0,0,0,1,10,1,1,0,0,0,1,4,4,2,2,1,0,0,0,4,-1,0
/Users/larrymotuzis/Larry_Motuzis_Data/Project05_CommonsCollections/src/main/java/org/apache/commons/collections4/IterableUtils.java,org.apache.commons.collections4.IterableUtils$Anonymous14,anonymous,3,3,0,3,1,1,0,2,0,0.0,NaN,NaN,1,0,1,0,0,0,1,0,0,0,0,0,0,0,0,0,0,0,1,5,1,0,0,0,0,0,0,0,0,0,0,0,0,0,1,-1,0
/Users/larrymotuzis/Larry_Motuzis_Data/Project05_CommonsCollections/src/main/java/org/apache/commons/collections4/list/SetUniqueList.java,org.apache.commons.collections4.list.SetUniqueList$SetListListIterator,innerclass,2,2,0,2,7,2,0,7,0,0.4166667,0.6,1.0,6,0,5,0,1,0,6,0,0,0,2,0,0,2,0,0,1,0,0,30,2,0,0,0,0,1,0,4,0,2,1,0,0,0,20,8,0
/Users/larrymotuzis/Larry_Motuzis_Data/Project05_CommonsCollections/src/main/java/org/apache/commons/collections4/MapUtils.java,org.apache.commons.collections4.MapUtils$Anonymous2,anonymous,0,0,0,0,0,1,0,0,0,0.0,-1.0,-1.0,0,0,0,0,0,0,0,0,0,0,0,0,0,0,0,0,0,0,0,2,0,0,0,0,0,0,0,0,0,0,0,0,0,0,0,-1,0
/Users/larrymotuzis/Larry_Motuzis_Data/Project05_CommonsCollections/src/main/java/org/apache/commons/collections4/IterableUtils.java,org.apache.commons.collections4.IterableUtils$Anonymous13,anonymous,2,2,0,2,1,1,0,1,0,0.0,NaN,NaN,1,0,1,0,0,0,1,0,0,0,0,0,0,0,0,0,0,0,0,5,1,0,0,0,0,0,0,0,0,0,0,0,0,0,1,-1,0
/Users/larrymotuzis/Larry_Motuzis_Data/Project05_CommonsCollections/src/main/java/org/apache/commons/collections4/map/ListOrderedMap.java,org.apache.commons.collections4.map.ListOrderedMap$ValuesView,innerclass,5,5,0,5,8,3,0,8,0,0.0,1.0,1.0,8,0,7,0,0,1,8,0,0,0,1,0,0,1,0,0,1,0,0,32,6,0,0,0,0,1,0,1,0,1,0,1,0,0,14,8,0
/Users/larrymotuzis/Larry_Motuzis_Data/Project05_CommonsCollections/src/main/java/org/apache/commons/collections4/MapUtils.java,org.apache.commons.collections4.MapUtils$Anonymous1,anonymous,0,0,0,0,0,1,0,0,0,0.0,-1.0,-1.0,0,0,0,0,0,0,0,0,0,0,0,0,0,0,0,0,0,0,0,2,0,0,0,0,0,0,0,0,0,0,0,0,0,0,0,-1,0
/Users/larrymotuzis/Larry_Motuzis_Data/Project05_CommonsCollections/src/main/java/org/apache/commons/collections4/IterableUtils.java,org.apache.commons.collections4.IterableUtils$Anonymous12,anonymous,2,2,0,2,1,1,0,2,0,0.0,NaN,NaN,1,0,1,0,0,0,1,0,0,0,0,0,0,0,0,0,0,0,1,5,1,0,0,0,0,0,0,0,0,0,0,0,0,0,1,-1,0
/Users/larrymotuzis/Larry_Motuzis_Data/Project05_CommonsCollections/src/main/java/org/apache/commons/collections4/functors/FactoryTransformer.java,org.apache.commons.collections4.functors.FactoryTransformer,class,8,12,4,8,4,1,0,2,0,0.5,0.5,0.5,4,1,4,0,0,0,4,0,0,0,2,1,0,2,0,0,2,0,1,16,3,0,0,0,0,1,1,2,0,2,0,0,0,0,57,1,0
/Users/larrymotuzis/Larry_Motuzis_Data/Project05_CommonsCollections/src/main/java/org/apache/commons/collections4/IterableUtils.java,org.apache.commons.collections4.IterableUtils$Anonymous11,anonymous,3,3,0,3,1,1,0,2,0,0.0,NaN,NaN,1,0,1,0,0,0,1,0,0,0,0,0,0,0,0,0,0,0,1,5,1,0,0,0,0,0,0,0,0,0,0,0,0,0,1,-1,0
/Users/larrymotuzis/Larry_Motuzis_Data/Project05_CommonsCollections/src/main/java/org/apache/commons/collections4/IterableUtils.java,org.apache.commons.collections4.IterableUtils$Anonymous10,anonymous,3,3,0,3,2,1,0,2,0,0.0,NaN,NaN,1,0,1,0,0,0,1,0,0,0,0,0,0,0,0,0,0,0,1,6,1,0,0,0,0,0,0,1,0,1,0,0,0,0,3,-1,0
/Users/larrymotuzis/Larry_Motuzis_Data/Project05_CommonsCollections/src/main/java/org/apache/commons/collections4/sequence/DeleteCommand.java,org.apache.commons.collections4.sequence.DeleteCommand,class,3,5,2,3,2,2,0,2,1,0.0,0.0,0.0,2,0,2,0,0,0,2,0,0,0,0,0,0,0,0,0,0,0,0,8,0,0,0,0,0,0,0,0,0,0,0,0,0,0,60,1,0
/Users/larrymotuzis/Larry_Motuzis_Data/Project05_CommonsCollections/src/main/java/org/apache/commons/collections4/functors/StringValueTransformer.java,org.apache.commons.collections4.functors.StringValueTransformer,class,3,5,2,3,4,1,0,1,4,0.75,0.0,0.0,4,1,2,2,0,0,2,0,0,0,2,2,0,2,0,0,2,0,1,15,3,0,0,0,0,1,1,2,0,2,0,0,0,0,48,17,0
/Users/larrymotuzis/Larry_Motuzis_Data/Project05_CommonsCollections/src/main/java/org/apache/commons/collections4/iterators/IteratorIterable.java,org.apache.commons.collections4.iterators.IteratorIterable,class,5,8,3,5,7,1,0,2,0,0.125,1.0,1.0,4,1,3,1,0,0,3,0,0,0,2,0,0,2,0,0,2,0,1,36,2,0,0,0,2,0,0,3,0,2,1,1,0,0,97,1,0
/Users/larrymotuzis/Larry_Motuzis_Data/Project05_CommonsCollections/src/main/java/org/apache/commons/collections4/functors/InstantiateTransformer.java,org.apache.commons.collections4.functors.InstantiateTransformer,class,5,7,2,5,21,1,0,3,0,0.4,0.16666667,0.16666667,5,2,4,1,0,0,4,0,0,0,3,1,0,3,0,0,3,0,0,46,4,0,12,1,0,7,1,6,0,4,2,0,0,0,108,1,0
/Users/larrymotuzis/Larry_Motuzis_Data/Project05_CommonsCollections/src/main/java/org/apache/commons/collections4/FluentIterable.java,org.apache.commons.collections4.FluentIterable,class,11,16,5,11,35,1,0,37,0,0.20588236,0.6155303,0.6155303,34,4,32,1,0,1,33,0,0,0,1,0,0,1,0,0,1,0,46,110,31,0,0,0,0,2,0,2,0,1,1,0,0,0,234,1,0
/Users/larrymotuzis/Larry_Motuzis_Data/Project05_CommonsCollections/src/main/java/org/apache/commons/collections4/sequence/ReplacementsHandler.java,org.apache.commons.collections4.sequence.ReplacementsHandler,interface,1,2,1,1,1,1,0,0,0,0.0,NaN,NaN,1,0,0,0,0,1,1,0,0,0,0,0,0,0,0,0,0,0,0,3,0,0,0,0,0,0,0,0,0,0,0,0,0,0,78,1,0
/Users/larrymotuzis/Larry_Motuzis_Data/Project05_CommonsCollections/src/main/java/org/apache/commons/collections4/map/PredicatedSortedMap.java,org.apache.commons.collections4.map.PredicatedSortedMap,class,5,7,2,5,9,5,0,7,36,1.0,0.0,0.0,9,1,7,0,2,0,9,0,0,0,1,1,0,1,0,0,1,0,0,33,8,0,0,0,0,0,1,4,0,4,0,0,0,0,120,1,0
/Users/larrymotuzis/Larry_Motuzis_Data/Project05_CommonsCollections/src/main/java/org/apache/commons/collections4/sequence/SequencesComparator.java,org.apache.commons.collections4.sequence.SequencesComparator$Snake,innerclass,0,0,0,0,4,1,0,0,0,0.5,0.5,1.0,4,0,3,0,0,1,4,0,0,0,3,0,0,3,0,0,3,0,0,19,3,0,0,0,0,0,0,3,0,3,0,0,0,0,35,26,0
/Users/larrymotuzis/Larry_Motuzis_Data/Project05_CommonsCollections/src/main/java/org/apache/commons/collections4/BoundedMap.java,org.apache.commons.collections4.BoundedMap,interface,3,7,4,3,2,1,0,0,1,0.0,0.0,0.0,2,0,0,0,0,2,2,0,0,0,0,0,0,0,0,0,0,0,0,4,0,0,0,0,0,0,0,0,0,0,0,0,0,0,44,1,0
/Users/larrymotuzis/Larry_Motuzis_Data/Project05_CommonsCollections/src/main/java/org/apache/commons/collections4/bag/SynchronizedBag.java,org.apache.commons.collections4.bag.SynchronizedBag$SynchronizedBagSet,innerclass,2,2,0,2,1,2,0,0,0,1.0,NaN,NaN,1,0,0,0,0,1,1,0,0,0,1,1,0,1,0,0,1,0,0,6,0,0,0,0,0,0,1,1,0,1,0,0,0,0,23,16,0
/Users/larrymotuzis/Larry_Motuzis_Data/Project05_CommonsCollections/src/main/java/org/apache/commons/collections4/TransformerUtils.java,org.apache.commons.collections4.TransformerUtils,class,23,26,3,23,25,1,0,28,276,0.0,0.0,0.0,24,23,23,1,0,0,23,0,0,0,0,0,0,0,0,0,0,0,25,83,23,1,0,0,0,3,1,7,0,5,1,0,0,0,218,1,0
/Users/larrymotuzis/Larry_Motuzis_Data/Project05_CommonsCollections/src/main/java/org/apache/commons/collections4/queue/AbstractQueueDecorator.java,org.apache.commons.collections4.queue.AbstractQueueDecorator,class,3,5,2,3,8,2,0,7,28,1.0,0.0,0.0,8,0,5,0,3,0,8,0,0,0,1,1,0,1,0,0,1,0,0,26,6,0,0,0,0,0,1,1,0,1,0,0,0,0,81,1025,0
/Users/larrymotuzis/Larry_Motuzis_Data/Project05_CommonsCollections/src/main/java/org/apache/commons/collections4/map/Flat3Map.java,org.apache.commons.collections4.map.Flat3Map$FlatMapEntry,innerclass,4,4,0,4,26,1,0,6,0,0.33333334,1.0,1.0,8,0,6,0,0,2,8,0,0,0,3,0,0,3,0,0,2,0,2,85,14,0,2,0,3,5,12,11,4,7,1,0,0,0,49,8,0
/Users/larrymotuzis/Larry_Motuzis_Data/Project05_CommonsCollections/src/main/java/org/apache/commons/collections4/map/ConcurrentReferenceHashMap.java,org.apache.commons.collections4.map.ConcurrentReferenceHashMap$HashEntry,innerclass,9,9,0,9,14,1,0,5,0,0.5625,0.2857143,0.53571427,8,1,0,0,0,8,8,0,0,0,4,0,0,4,0,0,3,0,0,51,12,0,4,0,2,3,0,5,0,4,1,0,0,0,72,26,0
/Users/larrymotuzis/Larry_Motuzis_Data/Project05_CommonsCollections/src/main/java/org/apache/commons/collections4/map/LinkedMap.java,org.apache.commons.collections4.map.LinkedMap$LinkedMapList,innerclass,7,7,0,7,19,3,0,15,81,0.47368422,0.2631579,0.2631579,19,0,18,0,0,1,19,0,0,0,1,0,0,1,0,0,1,0,4,60,12,0,0,0,0,0,0,1,0,1,0,0,0,0,35,8,0
/Users/larrymotuzis/Larry_Motuzis_Data/Project05_CommonsCollections/src/main/java/org/apache/commons/collections4/comparators/BooleanComparator.java,org.apache.commons.collections4.comparators.BooleanComparator,class,1,3,2,1,15,1,0,2,2,0.7222222,0.4722222,0.7777778,9,3,9,0,0,0,9,0,0,0,4,3,0,4,0,0,4,0,0,36,7,0,2,0,1,1,5,7,1,7,0,0,0,0,122,17,0
/Users/larrymotuzis/Larry_Motuzis_Data/Project05_CommonsCollections/src/main/java/org/apache/commons/collections4/multimap/AbstractMultiValuedMap.java,org.apache.commons.collections4.multimap.AbstractMultiValuedMap$ValuesIterator,innerclass,2,2,0,2,5,1,0,8,0,0.33333334,1.0,1.0,4,0,3,0,0,1,4,0,0,0,3,0,0,3,0,0,3,0,0,22,2,0,0,0,0,0,0,3,0,3,1,0,0,0,17,18,0
/Users/larrymotuzis/Larry_Motuzis_Data/Project05_CommonsCollections/src/main/java/org/apache/commons/collections4/map/LazyMap.java,org.apache.commons.collections4.map.LazyMap,class,7,10,3,7,8,3,0,11,9,0.71428573,1.0,1.0,7,2,3,2,2,0,5,0,0,0,2,1,0,1,1,0,2,0,3,35,4,0,0,0,0,4,1,6,0,4,1,0,0,0,134,1,0
/Users/larrymotuzis/Larry_Motuzis_Data/Project05_CommonsCollections/src/main/java/org/apache/commons/collections4/collection/UnmodifiableBoundedCollection.java,org.apache.commons.collections4.collection.UnmodifiableBoundedCollection,class,7,9,2,7,20,2,0,8,91,1.0,0.0,0.0,14,2,12,1,1,0,13,0,0,0,1,1,0,1,0,0,1,0,2,64,7,1,0,0,3,5,3,5,0,3,2,0,0,0,106,17,0
/Users/larrymotuzis/Larry_Motuzis_Data/Project05_CommonsCollections/src/main/java/org/apache/commons/collections4/map/EntrySetToMapIteratorAdapter.java,org.apache.commons.collections4.map.EntrySetToMapIteratorAdapter,class,5,11,6,5,10,1,0,10,18,0.6666667,0.25,0.41666666,9,0,8,0,1,0,9,0,0,2,3,0,0,0,0,3,1,0,0,38,6,0,1,0,0,0,0,4,0,3,1,0,0,0,46,1,0
/Users/larrymotuzis/Larry_Motuzis_Data/Project05_CommonsCollections/src/main/java/org/apache/commons/collections4/KeyValue.java,org.apache.commons.collections4.KeyValue,interface,2,16,14,2,2,1,0,0,1,0.0,0.0,0.0,2,0,0,0,0,2,2,0,0,0,0,0,0,0,0,0,0,0,0,4,0,0,0,0,0,0,0,0,0,0,0,0,0,0,32,1,0
/Users/larrymotuzis/Larry_Motuzis_Data/Project05_CommonsCollections/src/main/java/org/apache/commons/collections4/comparators/ComparatorChain.java,org.apache.commons.collections4.comparators.ComparatorChain,class,2,4,2,2,33,1,0,20,45,0.7083333,0.36666667,0.45833334,18,0,16,2,0,0,16,0,0,0,4,1,0,4,0,0,3,0,2,120,9,1,5,0,0,2,12,16,1,10,4,0,0,0,233,1,0
/Users/larrymotuzis/Larry_Motuzis_Data/Project05_CommonsCollections/src/main/java/org/apache/commons/collections4/comparators/TransformingComparator.java,org.apache.commons.collections4.comparators.TransformingComparator,class,4,6,2,4,10,1,0,6,0,0.4,1.0,1.0,5,0,5,0,0,0,5,0,0,0,3,1,0,3,0,0,3,0,2,35,6,0,4,0,2,0,6,8,4,7,1,0,0,0,92,1,0
/Users/larrymotuzis/Larry_Motuzis_Data/Project05_CommonsCollections/src/main/java/org/apache/commons/collections4/IterableUtils.java,org.apache.commons.collections4.IterableUtils$Anonymous8,anonymous,3,3,0,3,1,1,0,0,0,0.0,NaN,NaN,1,0,1,0,0,0,1,0,0,0,0,0,0,0,0,0,0,0,0,13,1,0,0,0,0,0,0,0,0,0,0,1,0,0,1,-1,0
/Users/larrymotuzis/Larry_Motuzis_Data/Project05_CommonsCollections/src/main/java/org/apache/commons/collections4/IterableUtils.java,org.apache.commons.collections4.IterableUtils$Anonymous7,anonymous,3,3,0,3,1,1,0,2,0,0.0,NaN,NaN,1,0,1,0,0,0,1,0,0,0,0,0,0,0,0,0,0,0,2,5,1,0,0,0,0,0,0,0,0,0,0,0,0,0,6,-1,0
/Users/larrymotuzis/Larry_Motuzis_Data/Project05_CommonsCollections/src/main/java/org/apache/commons/collections4/IterableUtils.java,org.apache.commons.collections4.IterableUtils$Anonymous6,anonymous,2,2,0,2,1,1,0,2,0,0.0,NaN,NaN,1,0,1,0,0,0,1,0,0,0,0,0,0,0,0,0,0,0,1,5,1,0,0,0,0,0,0,0,0,0,0,0,0,0,1,-1,0
/Users/larrymotuzis/Larry_Motuzis_Data/Project05_CommonsCollections/src/main/java/org/apache/commons/collections4/multimap/AbstractMultiValuedMap.java,org.apache.commons.collections4.multimap.AbstractMultiValuedMap$KeysMultiSet,innerclass,7,7,0,7,7,3,0,10,15,0.0,0.0,0.0,6,0,4,0,2,0,6,0,0,0,0,0,0,0,0,0,0,0,1,39,6,0,1,0,0,0,1,4,0,3,1,0,1,0,28,18,0
/Users/larrymotuzis/Larry_Motuzis_Data/Project05_CommonsCollections/src/main/java/org/apache/commons/collections4/IterableUtils.java,org.apache.commons.collections4.IterableUtils$Anonymous5,anonymous,2,2,0,2,1,1,0,2,0,0.0,NaN,NaN,1,0,1,0,0,0,1,0,0,0,0,0,0,0,0,0,0,0,1,5,1,0,0,0,0,0,0,0,0,0,0,0,0,0,1,-1,0
/Users/larrymotuzis/Larry_Motuzis_Data/Project05_CommonsCollections/src/main/java/org/apache/commons/collections4/multiset/AbstractMapMultiSet.java,org.apache.commons.collections4.multiset.AbstractMapMultiSet,class,12,17,5,12,45,6,0,26,0,0.5238095,0.6857143,0.7285714,21,0,12,0,9,0,21,0,0,0,3,0,0,3,0,0,0,0,1,289,21,9,8,0,2,5,16,40,0,28,2,0,5,0,178,1025,0
/Users/larrymotuzis/Larry_Motuzis_Data/Project05_CommonsCollections/src/main/java/org/apache/commons/collections4/functors/OnePredicate.java,org.apache.commons.collections4.functors.OnePredicate,class,6,8,2,6,9,3,0,5,6,1.0,0.0,0.0,4,2,4,0,0,0,4,0,0,0,1,1,0,1,0,0,1,0,4,32,6,1,2,0,0,1,4,4,0,3,3,0,0,0,64,17,0
/Users/larrymotuzis/Larry_Motuzis_Data/Project05_CommonsCollections/src/main/java/org/apache/commons/collections4/map/PassiveExpiringMap.java,org.apache.commons.collections4.map.PassiveExpiringMap,class,6,8,2,6,32,3,0,43,299,0.86419755,0.031578947,0.05263158,27,1,20,7,0,0,20,0,0,0,3,1,0,3,0,0,3,0,6,145,14,2,1,0,0,3,4,9,0,8,2,0,2,0,242,1,0
/Users/larrymotuzis/Larry_Motuzis_Data/Project05_CommonsCollections/src/main/java/org/apache/commons/collections4/iterators/SkippingIterator.java,org.apache.commons.collections4.iterators.SkippingIterator,class,4,7,3,4,8,3,0,5,0,0.125,1.0,1.0,4,0,3,1,0,0,3,0,0,0,2,0,0,2,0,0,1,0,0,29,1,1,0,0,0,2,2,3,0,3,1,0,0,0,82,1,0
/Users/larrymotuzis/Larry_Motuzis_Data/Project05_CommonsCollections/src/main/java/org/apache/commons/collections4/set/ListOrderedSet.java,org.apache.commons.collections4.set.ListOrderedSet$OrderedSetIterator,innerclass,4,4,0,4,5,3,0,6,2,0.5,0.5,0.5,5,0,4,1,0,0,4,0,0,0,2,0,0,2,0,0,1,0,0,24,3,0,0,0,2,0,0,4,0,2,0,0,0,0,23,8,0
/Users/larrymotuzis/Larry_Motuzis_Data/Project05_CommonsCollections/src/main/java/org/apache/commons/collections4/properties/OrderedProperties.java,org.apache.commons.collections4.properties.OrderedProperties,class,1,3,2,1,33,4,0,42,0,0.6388889,0.5735294,0.5735294,18,0,17,1,0,0,17,0,0,13,2,1,0,2,0,0,2,0,4,113,15,2,10,0,0,4,4,18,1,20,2,0,0,2,86,1,0
/Users/larrymotuzis/Larry_Motuzis_Data/Project05_CommonsCollections/src/main/java/org/apache/commons/collections4/map/ListOrderedMap.java,org.apache.commons.collections4.map.ListOrderedMap$EntrySetView,innerclass,6,6,0,6,16,3,0,13,24,0.72222227,0.27272728,0.27272728,12,0,10,1,0,1,11,0,0,0,3,0,0,3,0,0,2,0,0,56,13,0,2,0,2,1,0,4,0,4,1,0,0,0,28,8,0
/Users/larrymotuzis/Larry_Motuzis_Data/Project05_CommonsCollections/src/main/java/org/apache/commons/collections4/ClosureUtils.java,org.apache.commons.collections4.ClosureUtils,class,15,16,1,15,18,1,0,22,136,0.0,0.0,0.0,17,16,16,1,0,0,16,0,0,0,0,0,0,0,0,0,0,0,20,63,16,1,0,0,0,2,1,7,0,5,1,0,0,0,189,1,0
/Users/larrymotuzis/Larry_Motuzis_Data/Project05_CommonsCollections/src/main/java/org/apache/commons/collections4/bidimap/AbstractDualBidiMap.java,org.apache.commons.collections4.bidimap.AbstractDualBidiMap$BidiMapIterator,innerclass,6,6,0,6,16,1,0,13,0,0.47222224,0.8055556,1.0,9,0,8,0,1,0,9,0,0,0,4,0,0,0,4,0,1,0,0,60,7,0,5,0,0,9,0,10,1,5,1,0,0,0,58,12,0
/Users/larrymotuzis/Larry_Motuzis_Data/Project05_CommonsCollections/src/main/java/org/apache/commons/collections4/map/ReferenceIdentityMap.java,org.apache.commons.collections4.map.ReferenceIdentityMap,class,4,4,0,4,14,4,0,7,55,1.0,0.0,0.0,11,0,5,2,4,0,9,0,0,0,1,1,0,1,0,0,1,0,3,39,4,0,2,0,1,0,1,2,0,1,0,0,0,0,228,1,0
/Users/larrymotuzis/Larry_Motuzis_Data/Project05_CommonsCollections/src/main/java/org/apache/commons/collections4/bloomfilter/Hasher.java,org.apache.commons.collections4.bloomfilter.Hasher,interface,2,9,7,2,1,1,0,0,0,0.0,NaN,NaN,1,0,0,0,0,1,1,0,0,0,0,0,0,0,0,0,0,0,0,3,0,0,0,0,0,0,0,0,0,0,0,0,0,0,66,1,0
/Users/larrymotuzis/Larry_Motuzis_Data/Project05_CommonsCollections/src/main/java/org/apache/commons/collections4/map/MultiValueMap.java,org.apache.commons.collections4.map.MultiValueMap$ReflectionFactory,innerclass,3,3,0,3,6,1,0,4,0,0.5,1.0,1.0,3,0,1,1,0,1,2,0,0,0,2,1,0,2,0,0,2,0,0,21,1,0,1,1,0,1,1,2,1,2,1,0,0,0,59,26,0
/Users/larrymotuzis/Larry_Motuzis_Data/Project05_CommonsCollections/src/main/java/org/apache/commons/collections4/bidimap/TreeBidiMap.java,org.apache.commons.collections4.bidimap.TreeBidiMap$AbstractView,innerclass,3,3,0,3,3,3,0,2,3,0.6666667,0.0,0.0,3,0,2,0,0,1,3,0,0,0,1,0,0,0,0,1,1,0,0,12,1,0,0,0,0,0,0,1,0,1,0,0,0,0,23,1024,0
/Users/larrymotuzis/Larry_Motuzis_Data/Project05_CommonsCollections/src/main/java/org/apache/commons/collections4/list/TreeList.java,org.apache.commons.collections4.list.TreeList$AVLNode,innerclass,2,2,0,2,108,1,0,37,0,0.6839827,0.5777778,1.0,33,0,1,23,0,9,10,0,0,0,7,0,0,7,0,0,0,0,2,379,44,4,38,0,2,3,46,84,28,42,3,0,0,0,223,8,0
/Users/larrymotuzis/Larry_Motuzis_Data/Project05_CommonsCollections/src/main/java/org/apache/commons/collections4/map/ListOrderedMap.java,org.apache.commons.collections4.map.ListOrderedMap$ValuesView$Anonymous2,anonymous,2,2,0,2,1,1,0,3,0,0.0,NaN,NaN,1,0,1,0,0,0,1,0,0,0,0,0,0,0,0,0,0,0,0,5,1,0,0,0,0,0,0,0,0,0,0,0,0,0,4,-1,0
/Users/larrymotuzis/Larry_Motuzis_Data/Project05_CommonsCollections/src/main/java/org/apache/commons/collections4/set/AbstractSortedSetDecorator.java,org.apache.commons.collections4.set.AbstractSortedSetDecorator,class,3,6,3,3,9,3,0,8,36,1.0,0.0,0.0,9,0,6,0,3,0,9,0,0,0,1,1,0,1,0,0,1,0,0,29,7,0,0,0,0,0,1,1,0,1,0,0,0,0,57,1025,0
/Users/larrymotuzis/Larry_Motuzis_Data/Project05_CommonsCollections/src/main/java/org/apache/commons/collections4/sequence/ReplacementsFinder.java,org.apache.commons.collections4.sequence.ReplacementsFinder,class,3,3,0,3,6,1,0,4,0,0.375,0.8333333,1.0,4,0,4,0,0,0,4,0,0,0,4,0,0,4,0,0,3,0,0,29,0,0,0,0,0,0,2,5,0,4,1,0,0,0,111,1,0
/Users/larrymotuzis/Larry_Motuzis_Data/Project05_CommonsCollections/src/main/java/org/apache/commons/collections4/iterators/PushbackIterator.java,org.apache.commons.collections4.iterators.PushbackIterator,class,2,4,2,2,8,1,0,6,0,0.33333334,0.53333336,0.6666667,6,1,6,0,0,0,6,0,0,0,2,0,0,2,0,0,2,0,1,27,4,0,0,0,0,2,0,3,0,3,1,0,0,0,73,1,0
/Users/larrymotuzis/Larry_Motuzis_Data/Project05_CommonsCollections/src/main/java/org/apache/commons/collections4/functors/IfTransformer.java,org.apache.commons.collections4.functors.IfTransformer,class,9,11,2,9,8,1,0,5,0,0.5714286,0.33333334,0.47619048,7,2,7,0,0,0,7,0,0,0,4,1,0,4,0,0,4,0,6,32,7,0,0,0,0,5,1,4,0,4,1,0,0,0,80,1,0
/Users/larrymotuzis/Larry_Motuzis_Data/Project05_CommonsCollections/src/main/java/org/apache/commons/collections4/trie/AbstractPatriciaTrie.java,org.apache.commons.collections4.trie.AbstractPatriciaTrie$RangeEntrySet,innerclass,6,6,0,6,18,4,0,16,3,0.6666667,0.4,0.4,6,0,5,0,0,1,6,0,0,0,3,0,0,3,0,0,1,0,3,81,10,1,6,0,2,3,3,18,0,14,2,0,1,0,39,2,0
/Users/larrymotuzis/Larry_Motuzis_Data/Project05_CommonsCollections/src/main/java/org/apache/commons/collections4/set/PredicatedNavigableSet.java,org.apache.commons.collections4.set.PredicatedNavigableSet,class,4,6,2,4,14,5,0,14,91,1.0,0.0,0.0,14,1,12,0,2,0,14,0,0,0,1,1,0,1,0,0,1,0,4,48,13,0,0,0,0,0,1,4,0,4,0,0,0,0,99,1,0
/Users/larrymotuzis/Larry_Motuzis_Data/Project05_CommonsCollections/src/main/java/org/apache/commons/collections4/list/LazyList.java,org.apache.commons.collections4.list.LazyList,class,7,9,2,7,14,4,0,11,1,0.5238095,0.6,0.6666667,7,2,4,1,2,0,6,0,0,0,3,1,0,3,0,0,3,0,2,57,8,1,5,0,0,2,1,11,0,8,2,0,0,0,134,1,0
/Users/larrymotuzis/Larry_Motuzis_Data/Project05_CommonsCollections/src/main/java/org/apache/commons/collections4/ListUtils.java,org.apache.commons.collections4.ListUtils$Partition,innerclass,2,2,0,2,6,3,0,6,0,0.125,1.0,1.0,4,0,3,1,0,0,3,0,0,0,2,0,0,2,0,0,2,0,2,26,3,0,0,0,0,4,1,5,5,5,1,0,0,0,26,26,0
/Users/larrymotuzis/Larry_Motuzis_Data/Project05_CommonsCollections/src/main/java/org/apache/commons/collections4/list/GrowthList.java,org.apache.commons.collections4.list.GrowthList,class,4,5,1,4,10,4,0,7,21,1.0,0.0,0.0,7,1,6,0,1,0,7,0,0,0,1,1,0,1,0,0,1,0,3,38,3,0,0,0,0,0,2,6,4,5,1,0,0,0,152,1,0
/Users/larrymotuzis/Larry_Motuzis_Data/Project05_CommonsCollections/src/main/java/org/apache/commons/collections4/bidimap/AbstractDualBidiMap.java,org.apache.commons.collections4.bidimap.AbstractDualBidiMap$KeySetIterator,innerclass,3,3,0,3,4,3,0,4,0,0.33333334,0.33333334,0.33333334,3,0,2,0,1,0,3,0,0,0,3,0,0,0,3,0,1,0,0,24,1,0,0,0,0,1,0,6,0,4,1,0,0,0,39,12,0
/Users/larrymotuzis/Larry_Motuzis_Data/Project05_CommonsCollections/src/main/java/org/apache/commons/collections4/multimap/AbstractMultiValuedMap.java,org.apache.commons.collections4.multimap.AbstractMultiValuedMap$EntryValues,innerclass,5,5,0,5,2,2,0,1,1,0.0,0.0,0.0,2,0,2,0,0,0,2,0,0,0,0,0,0,0,0,0,0,0,0,20,2,0,0,0,0,0,0,0,0,0,0,1,0,0,10,18,0
/Users/larrymotuzis/Larry_Motuzis_Data/Project05_CommonsCollections/src/main/java/org/apache/commons/collections4/functors/ComparatorPredicate.java,org.apache.commons.collections4.functors.ComparatorPredicate$Criterion,enum,0,0,0,0,0,1,0,0,0,0.0,-1.0,-1.0,0,0,0,0,0,0,0,0,0,0,0,0,0,0,0,0,0,0,0,6,0,0,0,0,0,0,0,0,0,0,0,0,0,0,19,1,0
/Users/larrymotuzis/Larry_Motuzis_Data/Project05_CommonsCollections/src/main/java/org/apache/commons/collections4/trie/AbstractPatriciaTrie.java,org.apache.commons.collections4.trie.AbstractPatriciaTrie$KeySet$KeyIterator,innerclass,3,3,0,3,1,2,0,2,0,0.0,NaN,NaN,1,0,1,0,0,0,1,0,0,0,0,0,0,0,0,0,0,0,0,5,1,0,0,0,0,0,0,0,0,0,0,0,0,0,8,18,0
/Users/larrymotuzis/Larry_Motuzis_Data/Project05_CommonsCollections/src/main/java/org/apache/commons/collections4/QueueUtils.java,org.apache.commons.collections4.QueueUtils,class,7,7,0,7,6,1,0,5,15,0.8333333,0.0,0.0,6,5,5,1,0,0,5,0,0,0,1,1,1,0,0,0,1,0,5,20,5,0,0,0,0,2,0,1,0,1,0,0,0,0,123,1,0
/Users/larrymotuzis/Larry_Motuzis_Data/Project05_CommonsCollections/src/main/java/org/apache/commons/collections4/bloomfilter/LongBiPredicate.java,org.apache.commons.collections4.bloomfilter.LongBiPredicate,interface,0,5,5,0,1,1,0,0,0,0.0,NaN,NaN,1,0,0,0,0,1,1,0,0,0,0,0,0,0,0,0,0,0,0,3,0,0,0,0,0,0,0,0,0,0,0,0,0,0,37,1,0
/Users/larrymotuzis/Larry_Motuzis_Data/Project05_CommonsCollections/src/main/java/org/apache/commons/collections4/iterators/UnmodifiableListIterator.java,org.apache.commons.collections4.iterators.UnmodifiableListIterator,class,4,8,4,4,13,1,0,8,10,0.33333334,0.5090909,0.5090909,12,2,11,1,0,0,11,0,0,0,1,0,0,1,0,0,1,0,2,44,9,0,0,0,0,5,0,2,0,2,1,0,0,0,60,17,0
/Users/larrymotuzis/Larry_Motuzis_Data/Project05_CommonsCollections/src/main/java/org/apache/commons/collections4/functors/TruePredicate.java,org.apache.commons.collections4.functors.TruePredicate,class,4,10,6,4,4,2,0,0,4,0.75,0.0,0.0,4,1,2,2,0,0,2,0,0,0,2,2,1,1,0,0,2,0,0,15,3,0,0,0,0,1,1,2,0,2,0,0,0,0,43,17,0
/Users/larrymotuzis/Larry_Motuzis_Data/Project05_CommonsCollections/src/main/java/org/apache/commons/collections4/trie/AbstractPatriciaTrie.java,org.apache.commons.collections4.trie.AbstractPatriciaTrie$Values$ValueIterator,innerclass,3,3,0,3,1,2,0,2,0,0.0,NaN,NaN,1,0,1,0,0,0,1,0,0,0,0,0,0,0,0,0,0,0,0,5,1,0,0,0,0,0,0,0,0,0,0,0,0,0,8,18,0
/Users/larrymotuzis/Larry_Motuzis_Data/Project05_CommonsCollections/src/main/java/org/apache/commons/collections4/map/ReferenceMap.java,org.apache.commons.collections4.map.ReferenceMap,class,4,4,0,4,7,4,0,4,21,1.0,0.0,0.0,7,0,5,2,0,0,5,0,0,0,1,1,0,1,0,0,1,0,0,26,0,0,0,0,0,0,1,1,0,1,0,0,0,0,213,1,0
/Users/larrymotuzis/Larry_Motuzis_Data/Project05_CommonsCollections/src/main/java/org/apache/commons/collections4/Trie.java,org.apache.commons.collections4.Trie,interface,3,6,3,3,1,1,0,0,0,0.0,NaN,NaN,1,0,0,0,0,1,1,0,0,0,0,0,0,0,0,0,0,0,0,3,0,0,0,0,0,0,0,0,0,0,0,0,0,0,50,1,0
/Users/larrymotuzis/Larry_Motuzis_Data/Project05_CommonsCollections/src/main/java/org/apache/commons/collections4/map/ConcurrentReferenceHashMap.java,org.apache.commons.collections4.map.ConcurrentReferenceHashMap,class,10,21,11,10,74,21,0,30,230,0.9225,0.052380953,0.052380953,25,2,21,4,0,0,21,0,0,0,16,9,0,10,0,6,13,0,16,1012,27,20,18,1,6,7,49,86,15,61,4,0,21,0,571,1,0
/Users/larrymotuzis/Larry_Motuzis_Data/Project05_CommonsCollections/src/main/java/org/apache/commons/collections4/functors/NotNullPredicate.java,org.apache.commons.collections4.functors.NotNullPredicate,class,4,7,3,4,5,2,0,0,4,0.75,0.0,0.0,4,1,2,2,0,0,2,0,0,0,2,2,1,1,0,0,2,0,0,15,3,0,1,0,0,1,1,2,0,2,0,0,0,0,49,17,0
/Users/larrymotuzis/Larry_Motuzis_Data/Project05_CommonsCollections/src/main/java/org/apache/commons/collections4/functors/DefaultEquator.java,org.apache.commons.collections4.functors.DefaultEquator,class,3,6,3,3,6,1,0,2,8,0.8,0.0,0.0,5,1,3,2,0,0,3,0,0,0,3,3,2,1,0,0,3,0,1,19,4,0,1,0,0,1,2,3,0,3,0,0,0,0,50,1,0
/Users/larrymotuzis/Larry_Motuzis_Data/Project05_CommonsCollections/src/main/java/org/apache/commons/collections4/bag/UnmodifiableSortedBag.java,org.apache.commons.collections4.bag.UnmodifiableSortedBag,class,9,11,2,9,16,4,0,10,105,1.0,0.0,0.0,15,1,12,3,0,0,12,0,0,0,1,1,0,1,0,0,1,0,2,54,4,0,0,0,0,1,1,2,0,2,1,0,0,0,105,17,0
/Users/larrymotuzis/Larry_Motuzis_Data/Project05_CommonsCollections/src/main/java/org/apache/commons/collections4/iterators/AbstractListIteratorDecorator.java,org.apache.commons.collections4.iterators.AbstractListIteratorDecorator,class,1,9,8,1,11,1,0,10,0,0.0,1.0,1.0,11,0,10,0,1,0,11,0,0,0,1,0,0,1,0,0,1,0,1,36,7,0,0,0,0,1,0,1,0,1,0,0,0,0,52,1,0
/Users/larrymotuzis/Larry_Motuzis_Data/Project05_CommonsCollections/src/main/java/org/apache/commons/collections4/bloomfilter/BitMaps.java,org.apache.commons.collections4.bloomfilter.BitMaps,class,3,13,10,3,12,1,0,5,43,0.8,0.027777778,0.027777778,10,9,6,1,0,3,9,0,0,0,1,1,0,1,0,0,1,0,7,34,8,0,1,0,4,0,7,4,11,3,0,0,0,0,140,1,0
/Users/larrymotuzis/Larry_Motuzis_Data/Project05_CommonsCollections/src/main/java/org/apache/commons/collections4/multiset/AbstractMultiSet.java,org.apache.commons.collections4.multiset.AbstractMultiSet$AbstractEntry,innerclass,2,2,0,2,6,1,0,7,6,0.0,0.0,0.0,4,0,4,0,0,0,4,0,0,0,0,0,0,0,0,0,0,0,2,20,4,0,2,0,1,1,1,4,0,4,1,0,0,0,21,1036,0
/Users/larrymotuzis/Larry_Motuzis_Data/Project05_CommonsCollections/src/main/java/org/apache/commons/collections4/iterators/AbstractIteratorDecorator.java,org.apache.commons.collections4.iterators.AbstractIteratorDecorator,class,2,19,17,2,2,2,0,2,1,0.0,0.0,0.0,2,0,1,0,1,0,2,0,0,0,0,0,0,0,0,0,0,0,0,8,1,0,0,0,0,0,0,0,0,0,0,0,0,0,37,1025,0
/Users/larrymotuzis/Larry_Motuzis_Data/Project05_CommonsCollections/src/main/java/org/apache/commons/collections4/functors/AndPredicate.java,org.apache.commons.collections4.functors.AndPredicate,class,5,7,2,5,4,2,0,2,0,0.33333334,0.5,0.5,4,1,4,0,0,0,4,0,0,0,3,1,0,3,0,0,3,0,2,18,3,0,0,0,0,3,1,3,0,3,0,0,0,0,63,17,0
/Users/larrymotuzis/Larry_Motuzis_Data/Project05_CommonsCollections/src/main/java/org/apache/commons/collections4/map/MultiValueMap.java,org.apache.commons.collections4.map.MultiValueMap$ValuesIterator,innerclass,3,3,0,3,5,1,0,7,0,0.33333334,1.0,1.0,4,0,3,0,0,1,4,0,0,0,3,0,0,3,0,0,3,0,0,22,2,0,0,0,0,0,0,3,0,3,1,0,0,0,17,18,0
/Users/larrymotuzis/Larry_Motuzis_Data/Project05_CommonsCollections/src/main/java/org/apache/commons/collections4/list/TransformedList.java,org.apache.commons.collections4.list.TransformedList$TransformedListIterator,innerclass,3,3,0,3,3,2,0,4,3,0.0,0.0,0.0,3,0,2,0,1,0,3,0,0,0,0,0,0,0,0,0,0,0,0,12,0,0,0,0,0,0,0,1,0,0,0,0,0,0,18,4,0
/Users/larrymotuzis/Larry_Motuzis_Data/Project05_CommonsCollections/src/main/java/org/apache/commons/collections4/bidimap/DualTreeBidiMap.java,org.apache.commons.collections4.bidimap.DualTreeBidiMap$BidiOrderedMapIterator,innerclass,6,6,0,6,17,1,0,16,0,0.4242424,0.8,1.0,11,0,10,0,1,0,11,0,0,0,3,0,0,3,0,0,1,0,0,61,9,0,5,0,0,8,0,8,1,4,1,0,0,0,54,12,0
/Users/larrymotuzis/Larry_Motuzis_Data/Project05_CommonsCollections/src/main/java/org/apache/commons/collections4/queue/UnmodifiableQueue.java,org.apache.commons.collections4.queue.UnmodifiableQueue,class,6,8,2,6,16,3,0,8,105,1.0,0.0,0.0,15,1,12,3,0,0,12,0,0,0,1,1,0,1,0,0,1,0,1,54,3,0,0,0,0,3,1,2,0,2,1,0,0,0,99,17,0
/Users/larrymotuzis/Larry_Motuzis_Data/Project05_CommonsCollections/src/main/java/org/apache/commons/collections4/map/StaticBucketMap.java,org.apache.commons.collections4.map.StaticBucketMap$Lock,innerclass,0,0,0,0,0,1,0,0,0,NaN,-1.0,-1.0,0,0,0,0,0,0,0,0,0,0,1,0,1,0,0,0,0,0,0,3,0,0,0,0,0,0,0,0,0,1,0,0,0,0,13,26,0
/Users/larrymotuzis/Larry_Motuzis_Data/Project05_CommonsCollections/src/main/java/org/apache/commons/collections4/multimap/AbstractMultiValuedMap.java,org.apache.commons.collections4.multimap.AbstractMultiValuedMap$AsMap$AsMapEntrySet,innerclass,3,3,0,3,6,3,0,8,10,0.0,0.0,0.0,5,0,5,0,0,0,5,0,0,0,0,0,0,0,0,0,0,0,0,22,5,0,0,0,0,0,0,1,0,1,1,0,0,0,15,16,0
/Users/larrymotuzis/Larry_Motuzis_Data/Project05_CommonsCollections/src/main/java/org/apache/commons/collections4/map/ConcurrentReferenceHashMap.java,org.apache.commons.collections4.map.ConcurrentReferenceHashMap$KeyReference,interface,0,0,0,0,2,1,0,0,1,0.0,0.0,0.0,2,0,0,0,0,2,2,0,0,0,0,0,0,0,0,0,0,0,0,4,0,0,0,0,0,0,0,0,0,0,0,0,0,0,6,2,0
/Users/larrymotuzis/Larry_Motuzis_Data/Project05_CommonsCollections/src/main/java/org/apache/commons/collections4/map/ListOrderedMap.java,org.apache.commons.collections4.map.ListOrderedMap$ListOrderedMapIterator,innerclass,7,7,0,7,16,1,0,11,0,0.38636366,0.8,1.0,11,0,10,0,0,1,11,0,0,0,4,0,0,4,0,0,1,0,0,63,9,0,0,0,0,4,0,10,1,4,1,0,0,0,30,8,0
/Users/larrymotuzis/Larry_Motuzis_Data/Project05_CommonsCollections/src/main/java/org/apache/commons/collections4/map/AbstractInputCheckedMapDecorator.java,org.apache.commons.collections4.map.AbstractInputCheckedMapDecorator$EntrySetIterator,innerclass,5,5,0,5,2,3,0,2,0,0.0,1.0,1.0,2,0,1,0,1,0,2,0,0,0,1,0,0,1,0,0,1,0,0,11,1,0,0,0,0,0,0,2,0,2,0,0,0,0,18,18,0
/Users/larrymotuzis/Larry_Motuzis_Data/Project05_CommonsCollections/src/main/java/org/apache/commons/collections4/map/AbstractHashedMap.java,org.apache.commons.collections4.map.AbstractHashedMap$HashEntry,innerclass,4,4,0,4,12,1,0,9,11,0.71428573,0.23809524,0.47619048,7,0,6,0,1,0,7,0,0,0,4,0,0,0,4,0,0,0,2,42,9,0,4,0,3,3,2,7,0,6,1,0,0,0,61,12,0
/Users/larrymotuzis/Larry_Motuzis_Data/Project05_CommonsCollections/src/main/java/org/apache/commons/collections4/MultiSet.java,org.apache.commons.collections4.MultiSet,interface,2,14,12,2,15,1,0,0,105,0.0,0.0,0.0,15,0,0,0,0,15,15,0,0,0,0,0,0,0,0,0,0,0,0,23,0,0,0,0,0,0,0,0,0,0,0,0,1,0,166,1,0
/Users/larrymotuzis/Larry_Motuzis_Data/Project05_CommonsCollections/src/main/java/org/apache/commons/collections4/map/TransformedSortedMap.java,org.apache.commons.collections4.map.TransformedSortedMap,class,6,8,2,6,11,5,0,12,45,1.0,0.0,0.0,10,2,8,0,2,0,10,0,0,0,1,1,0,1,0,0,1,0,0,42,9,0,0,0,0,0,1,6,0,6,1,0,0,0,126,1,0
/Users/larrymotuzis/Larry_Motuzis_Data/Project05_CommonsCollections/src/main/java/org/apache/commons/collections4/iterators/EmptyListIterator.java,org.apache.commons.collections4.iterators.EmptyListIterator,class,4,6,2,4,3,2,0,0,3,0.6666667,0.0,0.0,3,2,2,0,1,0,3,0,0,0,2,2,2,0,0,0,2,0,0,12,2,0,0,0,0,2,0,2,0,2,0,0,0,0,50,1,0
/Users/larrymotuzis/Larry_Motuzis_Data/Project05_CommonsCollections/src/main/java/org/apache/commons/collections4/functors/InstanceofPredicate.java,org.apache.commons.collections4.functors.InstanceofPredicate,class,3,5,2,3,4,2,0,2,0,0.5,0.5,0.5,4,1,4,0,0,0,4,0,0,0,2,1,0,2,0,0,2,0,1,16,3,0,0,0,0,1,1,2,0,2,0,0,0,0,56,17,0
/Users/larrymotuzis/Larry_Motuzis_Data/Project05_CommonsCollections/src/main/java/org/apache/commons/collections4/list/CursorableLinkedList.java,org.apache.commons.collections4.list.CursorableLinkedList$Cursor,innerclass,6,6,0,6,22,2,0,6,22,0.7037037,0.19444445,0.25,9,0,4,0,5,0,9,0,0,0,3,0,0,0,0,3,0,0,0,81,1,1,9,0,1,1,1,23,0,5,3,0,0,0,149,9,0
/Users/larrymotuzis/Larry_Motuzis_Data/Project05_CommonsCollections/src/main/java/org/apache/commons/collections4/map/AbstractMapDecorator.java,org.apache.commons.collections4.map.AbstractMapDecorator,class,4,30,26,4,19,2,0,17,151,0.8888889,0.006535948,0.006535948,18,0,15,0,3,0,18,0,0,0,1,0,0,0,0,1,0,0,1,59,15,0,1,0,0,1,0,1,0,1,1,0,0,0,101,1025,0
/Users/larrymotuzis/Larry_Motuzis_Data/Project05_CommonsCollections/src/main/java/org/apache/commons/collections4/multimap/HashSetValuedHashMap.java,org.apache.commons.collections4.multimap.HashSetValuedHashMap,class,5,6,1,5,8,3,0,9,14,0.75,0.46666667,1.0,8,0,5,2,1,0,6,0,0,0,4,3,0,4,0,0,4,0,0,36,1,0,0,0,0,0,3,4,0,4,0,0,0,0,125,1,0
/Users/larrymotuzis/Larry_Motuzis_Data/Project05_CommonsCollections/src/main/java/org/apache/commons/collections4/multimap/AbstractMultiValuedMap.java,org.apache.commons.collections4.multimap.AbstractMultiValuedMap$KeysMultiSet$MapEntryTransformer$Anonymous2,anonymous,1,1,0,1,2,1,0,3,1,0.0,0.0,0.0,2,0,2,0,0,0,2,0,0,0,0,0,0,0,0,0,0,0,0,8,2,0,0,0,0,0,0,0,0,0,0,0,0,0,4,-1,0
/Users/larrymotuzis/Larry_Motuzis_Data/Project05_CommonsCollections/src/main/java/org/apache/commons/collections4/sequence/SequencesComparator.java,org.apache.commons.collections4.sequence.SequencesComparator,class,10,12,2,10,47,1,0,13,0,0.33333334,1.0,1.0,6,0,3,3,0,0,3,0,0,0,5,0,0,5,0,0,5,0,1,129,5,8,14,0,1,1,30,36,54,26,3,0,1,0,200,1,0
/Users/larrymotuzis/Larry_Motuzis_Data/Project05_CommonsCollections/src/main/java/org/apache/commons/collections4/list/SetUniqueList.java,org.apache.commons.collections4.list.SetUniqueList$SetListIterator,innerclass,2,2,0,2,3,3,0,3,0,0.33333334,0.6666667,1.0,3,0,2,0,1,0,3,0,0,0,2,0,0,2,0,0,1,0,0,17,1,0,0,0,0,0,0,3,0,2,0,0,0,0,11,8,0
/Users/larrymotuzis/Larry_Motuzis_Data/Project05_CommonsCollections/src/main/java/org/apache/commons/collections4/map/ConcurrentReferenceHashMap.java,org.apache.commons.collections4.map.ConcurrentReferenceHashMap$WeakValueReference,innerclass,2,2,0,2,3,3,0,0,0,0.33333334,0.6666667,1.0,3,0,2,0,0,1,3,0,0,0,2,0,0,2,0,0,2,0,0,15,2,0,0,0,0,0,0,2,0,2,0,0,0,0,12,26,0
/Users/larrymotuzis/Larry_Motuzis_Data/Project05_CommonsCollections/src/main/java/org/apache/commons/collections4/map/Flat3Map.java,org.apache.commons.collections4.map.Flat3Map$EntryIterator,innerclass,5,5,0,5,7,1,0,4,0,0.25,0.8333333,1.0,4,0,3,0,0,1,4,0,0,0,3,0,0,3,0,0,1,0,0,27,2,0,1,0,0,0,0,3,0,3,1,0,0,0,19,1032,0
/Users/larrymotuzis/Larry_Motuzis_Data/Project05_CommonsCollections/src/main/java/org/apache/commons/collections4/bloomfilter/CountingBloomFilter.java,org.apache.commons.collections4.bloomfilter.CountingBloomFilter,interface,10,12,2,10,24,1,0,22,153,0.0,0.0,0.0,18,0,0,0,0,18,18,0,0,0,0,0,0,0,0,0,0,0,14,73,15,0,1,2,1,7,6,3,0,4,2,0,0,1,230,1,0
/Users/larrymotuzis/Larry_Motuzis_Data/Project05_CommonsCollections/src/main/java/org/apache/commons/collections4/IterableUtils.java,org.apache.commons.collections4.IterableUtils$UnmodifiableIterable,innerclass,3,3,0,3,2,2,0,2,0,0.0,1.0,1.0,2,0,1,0,0,1,2,0,0,0,1,0,0,1,0,0,1,0,1,9,1,0,0,0,0,0,0,1,0,1,0,0,0,0,8,26,0
/Users/larrymotuzis/Larry_Motuzis_Data/Project05_CommonsCollections/src/main/java/org/apache/commons/collections4/functors/OrPredicate.java,org.apache.commons.collections4.functors.OrPredicate,class,5,7,2,5,4,2,0,2,0,0.33333334,0.5,0.5,4,1,4,0,0,0,4,0,0,0,3,1,0,3,0,0,3,0,2,18,3,0,0,0,0,3,1,3,0,3,0,0,0,0,63,17,0
/Users/larrymotuzis/Larry_Motuzis_Data/Project05_CommonsCollections/src/main/java/org/apache/commons/collections4/OrderedMap.java,org.apache.commons.collections4.OrderedMap,interface,4,17,13,4,5,1,0,0,10,0.0,0.0,0.0,5,0,0,0,0,5,5,0,0,0,0,0,0,0,0,0,0,0,0,7,0,0,0,0,0,0,0,0,0,0,0,0,0,0,58,1,0
/Users/larrymotuzis/Larry_Motuzis_Data/Project05_CommonsCollections/src/main/java/org/apache/commons/collections4/map/UnmodifiableEntrySet.java,org.apache.commons.collections4.map.UnmodifiableEntrySet,class,8,17,9,8,18,6,0,8,66,1.0,0.0,0.0,12,1,11,1,0,0,11,0,0,0,1,1,0,1,0,0,1,0,2,80,6,2,0,0,0,2,7,10,0,5,1,0,2,0,71,17,0
/Users/larrymotuzis/Larry_Motuzis_Data/Project05_CommonsCollections/src/main/java/org/apache/commons/collections4/IteratorUtils.java,org.apache.commons.collections4.IteratorUtils$Anonymous1,anonymous,0,0,0,0,2,1,0,2,0,0.0,NaN,NaN,1,0,0,0,1,0,1,0,0,0,0,0,0,0,0,0,0,0,0,5,1,0,0,0,0,0,0,0,0,0,0,0,0,0,5,-1,0
/Users/larrymotuzis/Larry_Motuzis_Data/Project05_CommonsCollections/src/main/java/org/apache/commons/collections4/iterators/LoopingListIterator.java,org.apache.commons.collections4.iterators.LoopingListIterator,class,3,5,2,3,22,1,0,15,0,0.34615386,0.6515151,0.8333333,13,0,12,1,0,0,12,0,0,0,2,0,0,2,0,0,1,0,1,73,10,1,0,0,0,5,2,4,1,3,2,0,0,0,163,1,0
/Users/larrymotuzis/Larry_Motuzis_Data/Project05_CommonsCollections/src/main/java/org/apache/commons/collections4/iterators/UnmodifiableOrderedMapIterator.java,org.apache.commons.collections4.iterators.UnmodifiableOrderedMapIterator,class,7,12,5,7,11,1,0,7,0,0.2,0.5833333,0.5833333,10,1,9,1,0,0,9,0,0,0,1,0,0,1,0,0,1,0,1,38,8,0,0,0,0,4,0,2,0,2,1,0,0,0,58,17,0
/Users/larrymotuzis/Larry_Motuzis_Data/Project05_CommonsCollections/src/main/java/org/apache/commons/collections4/collection/AbstractCollectionDecorator.java,org.apache.commons.collections4.collection.AbstractCollectionDecorator,class,3,35,32,3,19,1,0,17,165,0.92105263,0.01754386,0.01754386,19,0,15,0,4,0,19,0,0,0,2,1,0,2,0,0,1,0,1,60,15,0,0,0,0,1,1,3,0,2,0,0,0,0,163,1025,0
/Users/larrymotuzis/Larry_Motuzis_Data/Project05_CommonsCollections/src/main/java/org/apache/commons/collections4/multimap/AbstractSetValuedMap.java,org.apache.commons.collections4.multimap.AbstractSetValuedMap$WrappedSet,innerclass,4,4,0,4,5,2,0,5,3,0.0,0.0,0.0,3,0,2,0,0,1,3,0,0,0,0,0,0,0,0,0,0,0,3,20,4,0,1,0,1,0,0,3,0,3,1,0,0,0,25,18,0
/Users/larrymotuzis/Larry_Motuzis_Data/Project05_CommonsCollections/src/main/java/org/apache/commons/collections4/iterators/IteratorIterable.java,org.apache.commons.collections4.iterators.IteratorIterable$Anonymous1,anonymous,2,2,0,2,3,1,0,3,3,0.0,0.0,0.0,3,0,3,0,0,0,3,0,0,0,0,0,0,0,0,0,0,0,0,11,2,0,0,0,0,0,0,0,0,0,0,0,0,0,5,-1,0
/Users/larrymotuzis/Larry_Motuzis_Data/Project05_CommonsCollections/src/main/java/org/apache/commons/collections4/bloomfilter/LayerManager.java,org.apache.commons.collections4.bloomfilter.LayerManager$Builder,innerclass,6,6,0,6,5,1,0,2,0,0.46666667,0.5,1.0,5,0,4,1,0,0,4,0,0,0,3,0,0,3,0,0,0,0,2,24,4,0,0,0,0,0,0,5,0,3,0,0,0,0,51,9,0
/Users/larrymotuzis/Larry_Motuzis_Data/Project05_CommonsCollections/src/main/java/org/apache/commons/collections4/map/CompositeMap.java,org.apache.commons.collections4.map.CompositeMap,class,8,10,2,8,48,2,0,26,0,0.7386364,0.5584416,0.66233766,22,0,22,0,0,0,22,0,0,2,4,2,0,4,0,0,2,0,4,161,20,14,4,0,0,9,35,33,17,27,4,0,1,0,277,1,0
/Users/larrymotuzis/Larry_Motuzis_Data/Project05_CommonsCollections/src/main/java/org/apache/commons/collections4/iterators/EmptyMapIterator.java,org.apache.commons.collections4.iterators.EmptyMapIterator,class,5,10,5,5,2,3,0,0,1,0.5,0.0,0.0,2,1,1,0,1,0,2,0,0,0,1,1,1,0,0,0,1,0,0,8,1,0,0,0,0,1,0,1,0,1,0,0,0,0,33,1,0
/Users/larrymotuzis/Larry_Motuzis_Data/Project05_CommonsCollections/src/main/java/org/apache/commons/collections4/collection/CompositeCollection.java,org.apache.commons.collections4.collection.CompositeCollection$CollectionMutator,interface,2,2,0,2,3,1,0,0,3,0.0,0.0,0.0,3,0,0,0,0,3,3,0,0,0,0,0,0,0,0,0,0,0,0,5,0,0,0,0,0,0,0,0,0,0,0,0,0,0,53,1,0
/Users/larrymotuzis/Larry_Motuzis_Data/Project05_CommonsCollections/src/main/java/org/apache/commons/collections4/bag/AbstractMapBag.java,org.apache.commons.collections4.bag.AbstractMapBag,class,9,16,7,9,65,1,0,44,76,0.6875,0.3968254,0.5555556,28,0,20,0,6,2,28,0,0,0,4,0,0,4,0,0,0,0,3,303,35,14,10,0,2,5,14,51,1,36,2,0,2,0,228,1025,0
/Users/larrymotuzis/Larry_Motuzis_Data/Project05_CommonsCollections/src/main/java/org/apache/commons/collections4/set/PredicatedSet.java,org.apache.commons.collections4.set.PredicatedSet,class,4,8,4,4,6,3,0,4,10,1.0,0.0,0.0,5,1,3,0,2,0,5,0,0,0,1,1,0,1,0,0,1,0,0,18,4,0,1,0,0,0,1,1,0,1,0,0,0,0,90,1,0
/Users/larrymotuzis/Larry_Motuzis_Data/Project05_CommonsCollections/src/main/java/org/apache/commons/collections4/iterators/TransformIterator.java,org.apache.commons.collections4.iterators.TransformIterator,class,5,10,5,5,11,1,0,5,1,0.5,0.4909091,0.8181818,11,0,10,0,1,0,11,0,0,0,2,0,0,2,0,0,0,0,0,37,5,0,0,0,0,0,0,5,0,2,0,0,0,0,72,1,0
/Users/larrymotuzis/Larry_Motuzis_Data/Project05_CommonsCollections/src/main/java/org/apache/commons/collections4/bag/HashBag.java,org.apache.commons.collections4.bag.HashBag,class,3,10,7,3,5,2,0,5,10,1.0,0.0,0.0,5,0,3,2,0,0,3,0,0,0,1,1,0,1,0,0,1,0,0,21,0,0,0,0,0,0,1,1,0,1,0,0,0,0,103,1,0
/Users/larrymotuzis/Larry_Motuzis_Data/Project05_CommonsCollections/src/main/java/org/apache/commons/collections4/IterableGet.java,org.apache.commons.collections4.IterableGet,interface,4,10,6,4,1,1,0,0,0,0.0,NaN,NaN,1,0,0,0,0,1,1,0,0,0,0,0,0,0,0,0,0,0,0,3,0,0,0,0,0,0,0,0,0,0,0,0,0,0,44,1,0
/Users/larrymotuzis/Larry_Motuzis_Data/Project05_CommonsCollections/src/main/java/org/apache/commons/collections4/map/Flat3Map.java,org.apache.commons.collections4.map.Flat3Map$EntrySetIterator,innerclass,4,4,0,4,2,2,0,1,1,0.0,0.0,0.0,2,0,1,0,0,1,2,0,0,0,0,0,0,0,0,0,0,0,0,8,1,0,0,0,0,0,0,0,0,0,0,0,0,0,7,8,0
/Users/larrymotuzis/Larry_Motuzis_Data/Project05_CommonsCollections/src/main/java/org/apache/commons/collections4/sequence/EditCommand.java,org.apache.commons.collections4.sequence.EditCommand,class,2,6,4,2,3,1,0,0,1,0.33333334,0.33333334,0.33333334,3,0,1,0,2,0,3,1,0,0,1,0,0,1,0,0,1,0,0,10,1,0,0,0,0,0,0,1,0,1,0,0,0,0,111,1025,0
/Users/larrymotuzis/Larry_Motuzis_Data/Project05_CommonsCollections/src/main/java/org/apache/commons/collections4/splitmap/AbstractIterableGetMapDecorator.java,org.apache.commons.collections4.splitmap.AbstractIterableGetMapDecorator,class,6,8,2,6,17,1,0,15,118,0.875,0.008333334,0.008333334,16,0,14,0,2,0,16,0,0,0,1,0,0,0,0,1,0,0,1,53,15,0,1,0,0,1,0,1,0,1,1,0,0,0,58,1,0
/Users/larrymotuzis/Larry_Motuzis_Data/Project05_CommonsCollections/src/main/java/org/apache/commons/collections4/bidimap/TreeBidiMap.java,org.apache.commons.collections4.bidimap.TreeBidiMap$DataElement,enum,0,0,0,0,2,1,0,0,0,0.0,1.0,1.0,2,0,1,0,0,1,2,0,0,0,1,0,0,1,0,0,1,0,0,8,1,0,0,0,0,2,0,1,0,1,0,0,0,0,17,0,0
/Users/larrymotuzis/Larry_Motuzis_Data/Project05_CommonsCollections/src/main/java/org/apache/commons/collections4/Predicate.java,org.apache.commons.collections4.Predicate,interface,2,62,60,2,2,1,0,1,1,0.0,0.0,0.0,2,0,0,0,0,2,2,0,0,0,0,0,0,0,0,0,0,0,0,6,1,0,0,0,0,0,0,0,0,0,0,0,0,0,69,1,0
/Users/larrymotuzis/Larry_Motuzis_Data/Project05_CommonsCollections/src/main/java/org/apache/commons/collections4/map/ConcurrentReferenceHashMap.java,org.apache.commons.collections4.map.ConcurrentReferenceHashMap$Values,innerclass,2,2,0,2,5,2,0,4,10,0.0,0.0,0.0,5,0,5,0,0,0,5,0,0,0,0,0,0,0,0,0,0,0,0,17,4,0,0,0,0,0,0,0,0,0,0,0,0,0,11,18,0
/Users/larrymotuzis/Larry_Motuzis_Data/Project05_CommonsCollections/src/main/java/org/apache/commons/collections4/set/ListOrderedSet.java,org.apache.commons.collections4.set.ListOrderedSet,class,12,14,2,12,37,6,0,30,0,0.5869565,0.60474306,0.60474306,23,3,21,0,2,0,23,0,0,0,2,1,0,2,0,0,2,0,8,160,21,3,0,0,0,5,1,16,0,12,2,0,1,1,192,1,0
/Users/larrymotuzis/Larry_Motuzis_Data/Project05_CommonsCollections/src/main/java/org/apache/commons/collections4/list/AbstractLinkedListJava21.java,org.apache.commons.collections4.list.AbstractLinkedListJava21$LinkedListIterator,innerclass,5,5,0,5,19,1,0,10,0,0.50000006,0.530303,0.6818182,12,0,9,0,3,0,12,0,0,0,5,0,0,0,5,0,1,0,0,82,7,0,5,0,0,3,1,13,2,7,1,0,0,0,99,12,0
/Users/larrymotuzis/Larry_Motuzis_Data/Project05_CommonsCollections/src/main/java/org/apache/commons/collections4/multimap/LinkedHashSetValuedLinkedHashMap.java,org.apache.commons.collections4.multimap.LinkedHashSetValuedLinkedHashMap,class,5,5,0,5,8,3,0,9,14,0.75,0.46666667,1.0,8,0,5,2,1,0,6,0,0,0,4,3,0,4,0,0,4,0,0,36,1,0,0,0,0,0,3,4,0,4,0,0,0,0,127,1,0
/Users/larrymotuzis/Larry_Motuzis_Data/Project05_CommonsCollections/src/main/java/org/apache/commons/collections4/trie/AbstractPatriciaTrie.java,org.apache.commons.collections4.trie.AbstractPatriciaTrie$Reference,innerclass,1,1,0,1,2,1,0,0,0,0.0,1.0,1.0,2,0,2,0,0,0,2,0,0,0,1,0,0,1,0,0,0,0,0,9,1,0,0,0,0,0,0,1,0,1,0,0,0,0,40,26,0
/Users/larrymotuzis/Larry_Motuzis_Data/Project05_CommonsCollections/src/main/java/org/apache/commons/collections4/map/ConcurrentReferenceHashMap.java,org.apache.commons.collections4.map.ConcurrentReferenceHashMap$KeySet,innerclass,2,2,0,2,7,3,0,5,15,0.0,0.0,0.0,6,0,6,0,0,0,6,0,0,0,0,0,0,0,0,0,0,0,0,20,5,0,1,0,0,0,0,0,0,0,0,0,0,0,13,18,0
/Users/larrymotuzis/Larry_Motuzis_Data/Project05_CommonsCollections/src/main/java/org/apache/commons/collections4/map/ConcurrentReferenceHashMap.java,org.apache.commons.collections4.map.ConcurrentReferenceHashMap$ReferenceType,enum,0,0,0,0,0,1,0,0,0,0.0,-1.0,-1.0,0,0,0,0,0,0,0,0,0,0,0,0,0,0,0,0,0,0,0,4,0,0,0,0,0,0,0,0,0,0,0,0,0,0,28,1,0
/Users/larrymotuzis/Larry_Motuzis_Data/Project05_CommonsCollections/src/main/java/org/apache/commons/collections4/keyvalue/UnmodifiableMapEntry.java,org.apache.commons.collections4.keyvalue.UnmodifiableMapEntry,class,5,7,2,5,4,3,0,4,6,0.0,0.0,0.0,4,0,4,0,0,0,4,0,0,0,0,0,0,0,0,0,0,0,0,14,0,0,0,0,0,1,0,0,0,0,0,0,0,0,44,17,0
/Users/larrymotuzis/Larry_Motuzis_Data/Project05_CommonsCollections/src/main/java/org/apache/commons/collections4/map/ConcurrentReferenceHashMap.java,org.apache.commons.collections4.map.ConcurrentReferenceHashMap$InitializableEntry,innerclass,3,3,0,3,4,1,0,0,0,0.375,0.6666667,1.0,4,0,4,0,0,0,4,0,0,0,2,0,0,2,0,0,0,0,0,18,3,0,0,0,0,0,0,2,0,2,0,0,0,0,12,26,0
/Users/larrymotuzis/Larry_Motuzis_Data/Project05_CommonsCollections/src/main/java/org/apache/commons/collections4/bidimap/AbstractDualBidiMap.java,org.apache.commons.collections4.bidimap.AbstractDualBidiMap$ValuesIterator,innerclass,3,3,0,3,4,3,0,3,0,0.33333334,0.33333334,0.33333334,3,0,2,0,1,0,3,0,0,0,3,0,0,0,3,0,1,0,0,23,1,0,0,0,0,2,0,5,0,3,1,0,0,0,37,12,0
/Users/larrymotuzis/Larry_Motuzis_Data/Project05_CommonsCollections/src/main/java/org/apache/commons/collections4/bidimap/TreeBidiMap.java,org.apache.commons.collections4.bidimap.TreeBidiMap$KeyView,innerclass,3,3,0,3,6,4,0,3,6,0.0,0.0,0.0,4,0,3,0,0,1,4,0,0,0,0,0,0,0,0,0,0,0,1,15,3,0,2,0,0,0,0,0,0,0,0,0,0,0,24,16,0
/Users/larrymotuzis/Larry_Motuzis_Data/Project05_CommonsCollections/src/main/java/org/apache/commons/collections4/multiset/AbstractMapMultiSet.java,org.apache.commons.collections4.multiset.AbstractMapMultiSet$UniqueSetIterator,innerclass,3,3,0,3,4,3,0,4,0,0.33333334,0.6666667,1.0,3,0,2,0,1,0,3,0,0,0,3,0,0,0,3,0,1,0,0,24,1,0,0,0,0,1,0,6,0,4,1,0,0,0,39,12,0
/Users/larrymotuzis/Larry_Motuzis_Data/Project05_CommonsCollections/src/main/java/org/apache/commons/collections4/bloomfilter/CountingLongPredicate.java,org.apache.commons.collections4.bloomfilter.CountingLongPredicate,class,2,5,3,2,7,1,0,1,0,0.11111111,1.0,1.0,3,0,1,0,0,2,3,0,0,0,3,0,0,3,0,0,2,0,0,21,2,1,3,0,0,0,2,5,0,6,1,0,0,0,85,0,0
/Users/larrymotuzis/Larry_Motuzis_Data/Project05_CommonsCollections/src/main/java/org/apache/commons/collections4/BidiMap.java,org.apache.commons.collections4.BidiMap,interface,4,12,8,4,5,1,0,0,10,0.0,0.0,0.0,5,0,0,0,0,5,5,0,0,0,0,0,0,0,0,0,0,0,0,7,0,0,0,0,0,0,0,0,0,0,0,0,0,0,191,1,0
/Users/larrymotuzis/Larry_Motuzis_Data/Project05_CommonsCollections/src/main/java/org/apache/commons/collections4/keyvalue/DefaultKeyValue.java,org.apache.commons.collections4.keyvalue.DefaultKeyValue,class,6,7,1,6,15,2,0,12,36,0.0,0.0,0.0,9,0,9,0,0,0,9,0,0,0,0,0,0,0,0,0,0,0,2,42,7,0,5,0,3,2,2,1,0,1,1,0,0,0,82,1,0
/Users/larrymotuzis/Larry_Motuzis_Data/Project05_CommonsCollections/src/main/java/org/apache/commons/collections4/map/AbstractLinkedMap.java,org.apache.commons.collections4.map.AbstractLinkedMap$ValuesIterator,innerclass,6,6,0,6,3,2,0,3,3,0.0,0.0,0.0,3,0,2,0,1,0,3,0,0,0,0,0,0,0,0,0,0,0,0,11,2,0,0,0,0,1,0,0,0,0,0,0,0,0,11,12,0
/Users/larrymotuzis/Larry_Motuzis_Data/Project05_CommonsCollections/src/main/java/org/apache/commons/collections4/bloomfilter/Shape.java,org.apache.commons.collections4.bloomfilter.Shape,class,2,18,16,2,33,1,0,15,120,0.75,0.7032967,0.72527474,21,11,14,7,0,0,14,0,0,0,4,2,0,4,0,0,4,0,32,126,20,0,3,0,4,10,15,18,26,18,1,0,0,0,251,17,0
/Users/larrymotuzis/Larry_Motuzis_Data/Project05_CommonsCollections/src/main/java/org/apache/commons/collections4/comparators/FixedOrderComparator.java,org.apache.commons.collections4.comparators.FixedOrderComparator,class,3,4,1,3,34,1,0,13,18,0.6999999,0.36363637,0.54545456,12,0,11,0,1,0,12,0,0,0,5,1,0,5,0,0,2,0,6,87,12,2,16,0,0,7,7,12,3,12,2,0,1,0,213,1,0
/Users/larrymotuzis/Larry_Motuzis_Data/Project05_CommonsCollections/src/main/java/org/apache/commons/collections4/bloomfilter/CellExtractor.java,org.apache.commons.collections4.bloomfilter.CellExtractor$CellPredicate,interface,0,0,0,0,1,1,0,0,0,0.0,NaN,NaN,1,0,0,0,0,1,1,0,0,0,0,0,0,0,0,0,0,0,0,3,0,0,0,0,0,0,0,0,0,0,0,0,0,0,31,0,0
/Users/larrymotuzis/Larry_Motuzis_Data/Project05_CommonsCollections/src/main/java/org/apache/commons/collections4/multiset/AbstractMapMultiSet.java,org.apache.commons.collections4.multiset.AbstractMapMultiSet$MultiSetEntry,innerclass,3,3,0,3,3,2,0,2,0,0.0,1.0,1.0,3,0,2,0,1,0,3,0,0,0,1,0,0,0,1,0,1,0,0,12,2,0,0,0,0,0,0,1,0,1,0,0,0,0,17,12,0
/Users/larrymotuzis/Larry_Motuzis_Data/Project05_CommonsCollections/src/main/java/org/apache/commons/collections4/bidimap/TreeBidiMap.java,org.apache.commons.collections4.bidimap.TreeBidiMap,class,12,24,12,12,193,19,0,92,1752,0.92692304,0.046666667,0.053333335,65,9,25,40,0,0,25,0,0,0,8,1,0,8,0,0,1,0,59,1154,51,16,84,1,2,14,19,107,4,67,4,0,13,0,449,1,0
/Users/larrymotuzis/Larry_Motuzis_Data/Project05_CommonsCollections/src/main/java/org/apache/commons/collections4/list/CursorableLinkedList.java,org.apache.commons.collections4.list.CursorableLinkedList$SubCursor,innerclass,6,6,0,6,8,3,0,5,0,0.16666667,0.0,0.0,6,0,5,0,1,0,6,0,0,0,1,0,0,0,1,0,1,0,0,26,3,0,0,0,0,0,1,3,2,1,0,0,0,0,32,12,0
/Users/larrymotuzis/Larry_Motuzis_Data/Project05_CommonsCollections/src/main/java/org/apache/commons/collections4/SplitMapUtils.java,org.apache.commons.collections4.SplitMapUtils$WrappedPut,innerclass,4,4,0,4,16,1,0,6,75,0.6,0.10989011,0.10989011,15,0,14,1,0,0,14,0,0,0,1,0,0,1,0,0,1,0,0,51,4,0,1,0,1,2,1,1,1,1,1,0,0,0,30,26,0
/Users/larrymotuzis/Larry_Motuzis_Data/Project05_CommonsCollections/src/main/java/org/apache/commons/collections4/map/MultiKeyMap.java,org.apache.commons.collections4.map.MultiKeyMap,class,9,10,1,9,128,3,0,39,820,1.0,0.0,0.0,41,1,26,2,11,2,39,0,0,0,1,1,0,1,0,0,1,0,26,408,51,21,50,1,4,5,53,129,16,73,2,0,0,0,262,1,0
/Users/larrymotuzis/Larry_Motuzis_Data/Project05_CommonsCollections/src/main/java/org/apache/commons/collections4/functors/InvokerTransformer.java,org.apache.commons.collections4.functors.InvokerTransformer,class,7,11,4,7,20,1,0,5,0,0.2,0.16666667,0.16666667,5,2,4,1,0,0,4,0,0,0,3,0,0,3,0,0,3,0,2,47,5,0,12,1,0,13,1,8,3,5,1,0,0,0,108,1,0
/Users/larrymotuzis/Larry_Motuzis_Data/Project05_CommonsCollections/src/main/java/org/apache/commons/collections4/bidimap/DualTreeBidiMap.java,org.apache.commons.collections4.bidimap.DualTreeBidiMap$ViewMap,innerclass,6,6,0,6,10,4,0,13,36,0.0,0.0,0.0,9,0,7,0,2,0,9,0,0,0,0,0,0,0,0,0,0,0,0,32,7,1,0,0,0,0,0,1,0,1,1,0,0,0,32,12,0
/Users/larrymotuzis/Larry_Motuzis_Data/Project05_CommonsCollections/src/main/java/org/apache/commons/collections4/map/StaticBucketMap.java,org.apache.commons.collections4.map.StaticBucketMap,class,7,15,8,7,45,10,0,15,61,0.61403507,0.2647059,0.2647059,19,0,17,2,0,0,17,0,0,0,3,1,0,3,0,0,3,0,7,355,23,12,12,0,3,2,24,58,9,28,4,0,9,0,306,17,0
/Users/larrymotuzis/Larry_Motuzis_Data/Project05_CommonsCollections/src/main/java/org/apache/commons/collections4/bloomfilter/SparseBloomFilter.java,org.apache.commons.collections4.bloomfilter.SparseBloomFilter,class,8,9,1,8,30,1,0,29,9,0.4722222,0.41666666,0.45833334,18,0,16,2,0,0,16,0,0,0,2,0,0,2,0,0,2,0,17,107,18,4,2,0,1,9,7,11,1,7,3,0,0,0,94,17,0
/Users/larrymotuzis/Larry_Motuzis_Data/Project05_CommonsCollections/src/main/java/org/apache/commons/collections4/sequence/EditScript.java,org.apache.commons.collections4.sequence.EditScript,class,6,8,2,6,8,1,0,2,0,0.42857146,0.71428573,1.0,7,0,7,0,0,0,7,0,0,0,3,0,0,3,0,0,1,0,0,33,2,1,0,0,0,0,2,3,0,3,1,0,0,0,126,1,0
/Users/larrymotuzis/Larry_Motuzis_Data/Project05_CommonsCollections/src/main/java/org/apache/commons/collections4/iterators/IteratorOperations.java,org.apache.commons.collections4.iterators.IteratorOperations,interface,3,6,3,3,5,1,0,7,10,0.0,0.0,0.0,5,0,0,0,0,5,5,0,0,0,0,0,0,0,0,0,0,0,0,20,5,0,0,0,0,0,0,1,0,1,0,0,0,0,52,1,0
/Users/larrymotuzis/Larry_Motuzis_Data/Project05_CommonsCollections/src/main/java/org/apache/commons/collections4/IterableUtils.java,org.apache.commons.collections4.IterableUtils$Anonymous3,anonymous,3,3,0,3,1,1,0,0,0,0.0,NaN,NaN,1,0,1,0,0,0,1,0,0,0,0,0,0,0,0,0,0,0,0,13,1,0,0,0,0,0,0,0,0,0,0,1,0,0,1,-1,0
/Users/larrymotuzis/Larry_Motuzis_Data/Project05_CommonsCollections/src/main/java/org/apache/commons/collections4/IterableUtils.java,org.apache.commons.collections4.IterableUtils$Anonymous2,anonymous,3,3,0,3,1,1,0,2,0,0.0,NaN,NaN,1,0,1,0,0,0,1,0,0,0,0,0,0,0,0,0,0,0,1,5,1,0,0,0,0,0,0,0,0,0,0,0,0,0,1,-1,0
/Users/larrymotuzis/Larry_Motuzis_Data/Project05_CommonsCollections/src/main/java/org/apache/commons/collections4/IterableUtils.java,org.apache.commons.collections4.IterableUtils$Anonymous1,anonymous,2,2,0,2,1,1,0,1,0,0.0,NaN,NaN,1,0,1,0,0,0,1,0,0,0,0,0,0,0,0,0,0,0,1,5,1,0,0,0,0,0,0,0,0,0,0,0,0,0,1,-1,0
/Users/larrymotuzis/Larry_Motuzis_Data/Project05_CommonsCollections/src/main/java/org/apache/commons/collections4/bloomfilter/CellExtractor.java,org.apache.commons.collections4.bloomfilter.CellExtractor$1$CounterCell,innerclass,1,1,0,1,2,1,0,1,0,0.25,1.0,1.0,2,0,1,0,0,1,2,0,0,0,2,0,0,0,0,2,1,0,1,11,1,0,0,0,0,0,0,2,0,2,0,0,0,0,14,16,0
/Users/larrymotuzis/Larry_Motuzis_Data/Project05_CommonsCollections/src/main/java/org/apache/commons/collections4/map/ConcurrentReferenceHashMap.java,org.apache.commons.collections4.map.ConcurrentReferenceHashMap$SoftValueReference,innerclass,2,2,0,2,3,3,0,0,0,0.33333334,0.6666667,1.0,3,0,2,0,0,1,3,0,0,0,2,0,0,2,0,0,2,0,0,15,2,0,0,0,0,0,0,2,0,2,0,0,0,0,12,26,0
/Users/larrymotuzis/Larry_Motuzis_Data/Project05_CommonsCollections/src/main/java/org/apache/commons/collections4/Bag.java,org.apache.commons.collections4.Bag,interface,1,17,16,1,11,1,0,0,55,0.0,0.0,0.0,11,0,0,0,0,11,11,0,0,0,0,0,0,0,0,0,0,0,0,13,0,0,0,0,0,0,0,0,0,0,0,0,0,0,189,1,0
/Users/larrymotuzis/Larry_Motuzis_Data/Project05_CommonsCollections/src/main/java/org/apache/commons/collections4/multiset/AbstractMultiSet.java,org.apache.commons.collections4.multiset.AbstractMultiSet$MultiSetIterator,innerclass,3,3,0,3,8,1,0,8,0,0.3,1.0,1.0,4,0,3,0,0,1,4,0,0,0,5,0,0,5,0,0,2,0,0,38,2,0,1,0,0,0,3,9,0,6,1,0,0,0,28,26,0
/Users/larrymotuzis/Larry_Motuzis_Data/Project05_CommonsCollections/src/main/java/org/apache/commons/collections4/SortedBidiMap.java,org.apache.commons.collections4.SortedBidiMap,interface,4,8,4,4,2,1,0,0,1,0.0,0.0,0.0,2,0,0,0,0,2,2,0,0,0,0,0,0,0,0,0,0,0,0,4,0,0,0,0,0,0,0,0,0,0,0,0,0,0,73,1,0
/Users/larrymotuzis/Larry_Motuzis_Data/Project05_CommonsCollections/src/main/java/org/apache/commons/collections4/trie/AbstractBitwiseTrie.java,org.apache.commons.collections4.trie.AbstractBitwiseTrie,class,5,14,9,5,16,2,0,14,0,0.6,0.46666667,0.46666667,10,1,1,0,2,7,10,0,6,0,2,1,0,2,0,0,2,0,2,98,13,1,6,0,0,7,5,3,0,3,1,0,1,0,96,1025,0
/Users/larrymotuzis/Larry_Motuzis_Data/Project05_CommonsCollections/src/main/java/org/apache/commons/collections4/CollectionUtils.java,org.apache.commons.collections4.CollectionUtils$CardinalityHelper,innerclass,6,6,0,6,7,1,0,7,11,0.5714286,0.13333334,0.2,7,1,4,1,0,2,6,0,2,0,2,0,0,0,0,2,2,0,2,26,6,0,0,0,0,0,0,2,0,2,0,0,0,0,44,10,0
/Users/larrymotuzis/Larry_Motuzis_Data/Project05_CommonsCollections/src/main/java/org/apache/commons/collections4/functors/ClosureTransformer.java,org.apache.commons.collections4.functors.ClosureTransformer,class,4,6,2,4,4,1,0,2,0,0.5,0.5,0.5,4,1,4,0,0,0,4,0,0,0,2,1,0,2,0,0,2,0,1,17,3,0,0,0,0,1,1,2,0,2,0,0,0,0,54,1,0
/Users/larrymotuzis/Larry_Motuzis_Data/Project05_CommonsCollections/src/main/java/org/apache/commons/collections4/functors/EqualPredicate.java,org.apache.commons.collections4.functors.EqualPredicate,class,6,12,6,6,9,2,0,3,3,0.6111111,0.33333334,0.4,6,2,6,0,0,0,6,0,0,0,3,1,0,3,0,0,3,0,3,33,7,0,3,0,0,0,1,3,0,3,1,0,0,0,56,17,0
/Users/larrymotuzis/Larry_Motuzis_Data/Project05_CommonsCollections/src/main/java/org/apache/commons/collections4/map/AbstractInputCheckedMapDecorator.java,org.apache.commons.collections4.map.AbstractInputCheckedMapDecorator$MapEntry,innerclass,4,4,0,4,2,2,0,3,0,0.0,1.0,1.0,2,0,1,0,1,0,2,0,0,0,1,0,0,1,0,0,1,0,0,11,1,0,0,0,0,0,0,2,0,1,0,0,0,0,17,18,0
/Users/larrymotuzis/Larry_Motuzis_Data/Project05_CommonsCollections/src/main/java/org/apache/commons/collections4/multimap/AbstractMultiValuedMap.java,org.apache.commons.collections4.multimap.AbstractMultiValuedMap,class,11,30,19,11,50,8,0,49,379,0.91999996,0.064367816,0.064367816,30,0,22,0,7,1,30,1,0,0,5,0,0,5,0,0,0,0,8,489,30,7,8,0,4,8,3,27,0,22,2,0,8,0,222,1025,0
/Users/larrymotuzis/Larry_Motuzis_Data/Project05_CommonsCollections/src/main/java/org/apache/commons/collections4/trie/AbstractBitwiseTrie.java,org.apache.commons.collections4.trie.AbstractBitwiseTrie$BasicEntry,innerclass,4,4,0,4,15,1,0,7,0,0.5555556,0.6666667,0.7777778,9,0,7,0,0,2,9,0,0,0,3,1,0,1,2,0,1,0,2,46,10,0,3,0,3,1,3,8,1,5,1,0,0,0,47,1032,0
/Users/larrymotuzis/Larry_Motuzis_Data/Project05_CommonsCollections/src/main/java/org/apache/commons/collections4/MultiSet.java,org.apache.commons.collections4.MultiSet$Entry,interface,1,1,0,1,4,1,0,0,6,0.0,0.0,0.0,4,0,0,0,0,4,4,0,0,0,0,0,0,0,0,0,0,0,0,6,0,0,0,0,0,0,0,0,0,0,0,0,0,0,68,0,0
/Users/larrymotuzis/Larry_Motuzis_Data/Project05_CommonsCollections/src/main/java/org/apache/commons/collections4/set/UnmodifiableNavigableSet.java,org.apache.commons.collections4.set.UnmodifiableNavigableSet,class,7,9,2,7,23,5,0,18,231,1.0,0.0,0.0,22,1,19,3,0,0,19,0,0,0,1,1,0,1,0,0,1,0,9,80,11,0,0,0,0,1,1,7,0,7,1,0,0,0,104,17,0
/Users/larrymotuzis/Larry_Motuzis_Data/Project05_CommonsCollections/src/main/java/org/apache/commons/collections4/iterators/EmptyOrderedMapIterator.java,org.apache.commons.collections4.iterators.EmptyOrderedMapIterator,class,5,10,5,5,2,3,0,0,1,0.5,0.0,0.0,2,1,1,0,1,0,2,0,0,0,1,1,1,0,0,0,1,0,0,8,1,0,0,0,0,1,0,1,0,1,0,0,0,0,35,1,0
/Users/larrymotuzis/Larry_Motuzis_Data/Project05_CommonsCollections/src/main/java/org/apache/commons/collections4/functors/TransformerPredicate.java,org.apache.commons.collections4.functors.TransformerPredicate,class,6,8,2,6,5,2,0,3,0,0.5,0.5,0.5,4,1,4,0,0,0,4,0,0,0,2,1,0,2,0,0,2,0,1,20,3,0,1,0,0,2,1,3,0,3,1,0,0,0,57,17,0
/Users/larrymotuzis/Larry_Motuzis_Data/Project05_CommonsCollections/src/main/java/org/apache/commons/collections4/map/PassiveExpiringMap.java,org.apache.commons.collections4.map.PassiveExpiringMap$ExpirationPolicy,interface,2,2,0,2,1,1,0,0,0,0.0,NaN,NaN,1,0,0,0,0,1,1,0,0,0,0,0,0,0,0,0,0,0,0,3,0,0,0,0,0,0,0,0,0,0,0,0,0,0,23,1,0
/Users/larrymotuzis/Larry_Motuzis_Data/Project05_CommonsCollections/src/main/java/org/apache/commons/collections4/bag/PredicatedBag.java,org.apache.commons.collections4.bag.PredicatedBag,class,5,9,4,5,10,3,0,9,36,1.0,0.0,0.0,9,1,7,0,2,0,9,0,0,0,1,1,0,1,0,0,1,0,0,31,8,0,1,0,0,0,1,1,0,1,0,0,0,0,95,1,0
/Users/larrymotuzis/Larry_Motuzis_Data/Project05_CommonsCollections/src/main/java/org/apache/commons/collections4/functors/AbstractPredicate.java,org.apache.commons.collections4.functors.AbstractPredicate,class,2,21,19,2,2,1,0,1,1,0.0,0.0,0.0,2,0,2,0,0,0,2,0,0,0,0,0,0,0,0,0,0,0,0,7,1,0,0,0,0,0,0,0,0,0,0,0,0,0,15,1025,0
/Users/larrymotuzis/Larry_Motuzis_Data/Project05_CommonsCollections/src/main/java/org/apache/commons/collections4/functors/PrototypeFactory.java,org.apache.commons.collections4.functors.PrototypeFactory$PrototypeSerializationFactory,innerclass,3,3,0,3,6,1,0,5,0,0.0,NaN,NaN,2,0,1,1,0,0,1,0,0,0,1,0,0,1,0,0,1,0,0,34,1,0,1,3,0,1,1,6,0,5,3,0,0,0,50,8,0
/Users/larrymotuzis/Larry_Motuzis_Data/Project05_CommonsCollections/src/main/java/org/apache/commons/collections4/map/AbstractLinkedMap.java,org.apache.commons.collections4.map.AbstractLinkedMap$LinkMapIterator,innerclass,8,8,0,8,9,2,0,6,15,0.0,0.0,0.0,6,0,5,0,1,0,6,0,0,0,0,0,0,0,0,0,0,0,0,32,5,0,3,0,0,0,0,3,0,3,1,0,0,0,36,12,0
/Users/larrymotuzis/Larry_Motuzis_Data/Project05_CommonsCollections/src/main/java/org/apache/commons/collections4/SplitMapUtils.java,org.apache.commons.collections4.SplitMapUtils$WrappedGet,innerclass,13,13,0,13,18,1,0,17,0,0.1875,0.62857145,0.62857145,16,0,15,1,0,0,15,0,0,0,1,0,0,1,0,0,1,0,4,61,13,0,1,0,2,1,1,3,1,2,1,0,0,0,35,26,0
/Users/larrymotuzis/Larry_Motuzis_Data/Project05_CommonsCollections/src/main/java/org/apache/commons/collections4/OrderedBidiMap.java,org.apache.commons.collections4.OrderedBidiMap,interface,5,12,7,5,1,1,0,0,0,0.0,NaN,NaN,1,0,0,0,0,1,1,0,0,0,0,0,0,0,0,0,0,0,0,3,0,0,0,0,0,0,0,0,0,0,0,0,0,0,69,1,0
/Users/larrymotuzis/Larry_Motuzis_Data/Project05_CommonsCollections/src/main/java/org/apache/commons/collections4/functors/PredicateDecorator.java,org.apache.commons.collections4.functors.PredicateDecorator,interface,2,10,8,2,1,1,0,0,0,0.0,NaN,NaN,1,0,0,0,0,1,1,0,0,0,0,0,0,0,0,0,0,0,0,3,0,0,0,0,0,0,0,0,0,0,0,0,0,0,39,1,0
/Users/larrymotuzis/Larry_Motuzis_Data/Project05_CommonsCollections/src/main/java/org/apache/commons/collections4/map/AbstractInputCheckedMapDecorator.java,org.apache.commons.collections4.map.AbstractInputCheckedMapDecorator$EntrySet,innerclass,5,5,0,5,9,3,0,8,0,0.5,1.0,1.0,4,0,3,0,1,0,4,0,0,0,2,1,0,2,0,0,2,0,2,36,4,2,0,0,0,2,7,11,0,6,1,0,0,0,32,18,0
/Users/larrymotuzis/Larry_Motuzis_Data/Project05_CommonsCollections/src/main/java/org/apache/commons/collections4/list/NodeCachingLinkedList.java,org.apache.commons.collections4.list.NodeCachingLinkedList,class,4,5,1,4,20,2,0,14,33,0.7714286,0.43939394,0.6818182,14,0,3,2,9,0,12,0,0,0,5,2,0,5,0,0,2,0,1,84,7,2,2,0,0,0,4,18,1,12,1,0,0,0,199,1,0
/Users/larrymotuzis/Larry_Motuzis_Data/Project05_CommonsCollections/src/main/java/org/apache/commons/collections4/set/CompositeSet.java,org.apache.commons.collections4.set.CompositeSet,class,8,11,3,8,61,1,0,38,155,0.7654321,0.27920228,0.34188035,27,0,26,0,1,0,27,0,0,1,3,1,0,3,0,0,2,0,7,197,27,15,8,0,0,5,6,27,0,18,4,0,1,1,216,1,0
/Users/larrymotuzis/Larry_Motuzis_Data/Project05_CommonsCollections/src/main/java/org/apache/commons/collections4/multiset/HashMultiSet.java,org.apache.commons.collections4.multiset.HashMultiSet,class,3,5,2,3,4,4,0,6,6,1.0,0.0,0.0,4,0,2,2,0,0,2,0,0,0,1,1,0,1,0,0,1,0,0,19,0,0,0,0,0,0,1,1,0,1,0,0,0,0,94,1,0
/Users/larrymotuzis/Larry_Motuzis_Data/Project05_CommonsCollections/src/main/java/org/apache/commons/collections4/iterators/AbstractOrderedMapIteratorDecorator.java,org.apache.commons.collections4.iterators.AbstractOrderedMapIteratorDecorator,class,4,4,0,4,10,1,0,9,0,0.0,1.0,1.0,10,0,9,0,1,0,10,0,0,0,1,0,0,1,0,0,1,0,1,33,8,0,0,0,0,1,0,1,0,1,0,0,0,0,56,1,0
/Users/larrymotuzis/Larry_Motuzis_Data/Project05_CommonsCollections/src/main/java/org/apache/commons/collections4/iterators/UnmodifiableIterator.java,org.apache.commons.collections4.iterators.UnmodifiableIterator,class,5,20,15,5,8,1,0,4,1,0.2857143,0.6666667,0.6666667,7,2,4,1,0,2,6,0,0,0,1,0,0,1,0,0,1,0,2,29,6,0,0,0,0,3,0,2,0,2,1,0,0,0,46,17,0
/Users/larrymotuzis/Larry_Motuzis_Data/Project05_CommonsCollections/src/main/java/org/apache/commons/collections4/multiset/UnmodifiableMultiSet.java,org.apache.commons.collections4.multiset.UnmodifiableMultiSet,class,9,13,4,9,18,3,0,12,136,1.0,0.0,0.0,17,1,14,3,0,0,14,0,0,0,1,1,0,1,0,0,1,0,3,62,5,0,0,0,0,3,1,4,0,4,1,0,0,0,105,17,0
/Users/larrymotuzis/Larry_Motuzis_Data/Project05_CommonsCollections/src/main/java/org/apache/commons/collections4/map/AbstractHashedMap.java,org.apache.commons.collections4.map.AbstractHashedMap$HashMapIterator,innerclass,6,6,0,6,8,2,0,5,10,0.0,0.0,0.0,5,0,4,0,1,0,5,0,0,0,0,0,0,0,0,0,0,0,0,29,4,0,3,0,0,0,0,3,0,3,1,0,0,0,40,12,0
/Users/larrymotuzis/Larry_Motuzis_Data/Project05_CommonsCollections/src/main/java/org/apache/commons/collections4/keyvalue/TiedMapEntry.java,org.apache.commons.collections4.keyvalue.TiedMapEntry,class,4,6,2,4,12,1,0,8,1,0.6190476,0.47619048,0.47619048,7,0,7,0,0,0,7,0,0,0,3,1,0,3,0,0,3,0,2,38,8,0,4,0,3,2,3,5,1,5,1,0,0,0,90,1,0
/Users/larrymotuzis/Larry_Motuzis_Data/Project05_CommonsCollections/src/main/java/org/apache/commons/collections4/map/FixedSizeMap.java,org.apache.commons.collections4.map.FixedSizeMap,class,7,9,2,7,16,3,0,16,78,1.0,0.0,0.0,13,1,10,2,1,0,11,0,0,0,1,1,0,1,0,0,1,0,3,55,7,1,0,0,0,5,1,5,0,4,2,0,0,0,143,1,0
/Users/larrymotuzis/Larry_Motuzis_Data/Project05_CommonsCollections/src/main/java/org/apache/commons/collections4/map/ConcurrentReferenceHashMap.java,org.apache.commons.collections4.map.ConcurrentReferenceHashMap$EntryIterator,innerclass,4,4,0,4,1,2,0,3,0,0.0,NaN,NaN,1,0,1,0,0,0,1,0,0,0,0,0,0,0,0,0,0,0,0,6,1,0,0,0,0,0,0,1,0,1,0,0,0,0,7,18,0
/Users/larrymotuzis/Larry_Motuzis_Data/Project05_CommonsCollections/src/main/java/org/apache/commons/collections4/iterators/SingletonIterator.java,org.apache.commons.collections4.iterators.SingletonIterator,class,2,5,3,2,11,1,0,0,0,0.45833334,0.73333335,1.0,6,0,6,0,0,0,6,0,0,0,4,0,0,4,0,0,1,0,0,36,2,0,0,0,0,0,0,7,0,4,1,0,0,0,72,1,0
/Users/larrymotuzis/Larry_Motuzis_Data/Project05_CommonsCollections/src/main/java/org/apache/commons/collections4/map/UnmodifiableMap.java,org.apache.commons.collections4.map.UnmodifiableMap,class,13,16,3,13,14,3,0,12,66,1.0,0.0,0.0,12,1,9,3,0,0,9,0,0,0,1,1,0,1,0,0,1,0,5,53,7,0,0,0,1,3,1,8,0,7,1,0,0,0,99,17,0
/Users/larrymotuzis/Larry_Motuzis_Data/Project05_CommonsCollections/src/main/java/org/apache/commons/collections4/map/AbstractReferenceMap.java,org.apache.commons.collections4.map.AbstractReferenceMap$ReferenceBaseIterator,innerclass,5,5,0,5,19,1,0,8,0,0.6190477,0.6,1.0,7,0,2,2,2,1,5,0,0,0,9,0,0,0,0,9,1,0,0,74,5,2,6,0,0,0,2,21,0,11,2,0,0,0,36,8,0
/Users/larrymotuzis/Larry_Motuzis_Data/Project05_CommonsCollections/src/main/java/org/apache/commons/collections4/MapIterator.java,org.apache.commons.collections4.MapIterator,interface,2,33,31,2,6,1,0,0,15,0.0,0.0,0.0,6,0,0,0,0,6,6,0,0,0,0,0,0,0,0,0,0,0,0,8,0,0,0,0,0,0,0,0,0,0,0,0,0,0,114,1,0
/Users/larrymotuzis/Larry_Motuzis_Data/Project05_CommonsCollections/src/main/java/org/apache/commons/collections4/map/ListOrderedMap.java,org.apache.commons.collections4.map.ListOrderedMap$ListOrderedMapEntry,innerclass,6,6,0,6,3,3,0,4,0,0.0,1.0,1.0,3,0,2,0,0,1,3,0,0,0,1,0,0,1,0,0,1,0,0,13,2,0,0,0,0,0,0,1,0,1,0,0,0,0,13,8,0
/Users/larrymotuzis/Larry_Motuzis_Data/Project05_CommonsCollections/src/main/java/org/apache/commons/collections4/set/UnmodifiableSortedSet.java,org.apache.commons.collections4.set.UnmodifiableSortedSet,class,6,9,3,6,16,4,0,12,105,1.0,0.0,0.0,15,1,12,3,0,0,12,0,0,0,1,1,0,1,0,0,1,0,4,56,6,0,0,0,0,1,1,4,0,4,1,0,0,0,100,17,0
/Users/larrymotuzis/Larry_Motuzis_Data/Project05_CommonsCollections/src/main/java/org/apache/commons/collections4/functors/SwitchTransformer.java,org.apache.commons.collections4.functors.SwitchTransformer,class,10,12,2,10,20,1,0,14,4,0.625,0.14285715,0.2857143,8,2,7,1,0,0,7,0,0,0,4,1,0,4,0,0,4,0,11,62,10,2,6,0,2,4,5,12,0,10,2,0,0,0,128,1,0
/Users/larrymotuzis/Larry_Motuzis_Data/Project05_CommonsCollections/src/main/java/org/apache/commons/collections4/map/LinkedMap.java,org.apache.commons.collections4.map.LinkedMap,class,8,12,4,8,14,6,0,12,66,1.0,0.0,0.0,12,0,10,2,0,0,10,0,0,0,1,1,0,1,0,0,1,0,0,108,7,1,1,0,0,0,2,5,0,3,2,0,1,0,215,1,0
/Users/larrymotuzis/Larry_Motuzis_Data/Project05_CommonsCollections/src/main/java/org/apache/commons/collections4/bidimap/AbstractDualBidiMap.java,org.apache.commons.collections4.bidimap.AbstractDualBidiMap$EntrySetIterator,innerclass,5,5,0,5,4,3,0,4,0,0.22222222,0.6666667,1.0,3,0,2,0,1,0,3,0,0,0,3,0,0,0,3,0,1,0,0,24,1,0,0,0,0,1,0,6,0,4,1,0,0,0,42,12,0
/Users/larrymotuzis/Larry_Motuzis_Data/Project05_CommonsCollections/src/main/java/org/apache/commons/collections4/functors/NOPTransformer.java,org.apache.commons.collections4.functors.NOPTransformer,class,3,7,4,3,4,1,0,0,4,0.75,0.0,0.0,4,1,2,2,0,0,2,0,0,0,2,2,1,1,0,0,2,0,0,15,3,0,0,0,0,1,1,2,0,2,0,0,0,0,51,1,0
/Users/larrymotuzis/Larry_Motuzis_Data/Project05_CommonsCollections/src/main/java/org/apache/commons/collections4/list/UnmodifiableList.java,org.apache.commons.collections4.list.UnmodifiableList,class,7,15,8,7,18,4,0,7,136,1.0,0.0,0.0,17,1,17,0,0,0,17,0,0,0,1,1,0,1,0,0,1,0,3,59,6,0,0,0,0,2,1,3,0,3,1,0,0,0,71,17,0
/Users/larrymotuzis/Larry_Motuzis_Data/Project05_CommonsCollections/src/main/java/org/apache/commons/collections4/iterators/PermutationIterator.java,org.apache.commons.collections4.iterators.PermutationIterator,class,4,6,2,4,19,1,0,8,0,0.4375,0.5,0.5,4,0,4,0,0,0,4,0,0,0,4,0,0,4,0,0,3,0,4,63,3,3,2,0,0,2,13,25,8,15,3,0,0,0,105,1,0
/Users/larrymotuzis/Larry_Motuzis_Data/Project05_CommonsCollections/src/main/java/org/apache/commons/collections4/list/AbstractLinkedListJava21.java,org.apache.commons.collections4.list.AbstractLinkedListJava21,class,8,11,3,8,92,4,0,46,850,0.7959184,0.12755102,0.19642857,49,0,32,0,17,0,49,0,0,0,3,0,0,0,0,3,0,0,6,560,43,15,15,0,3,19,16,64,11,43,2,0,4,0,273,1025,0
/Users/larrymotuzis/Larry_Motuzis_Data/Project05_CommonsCollections/src/main/java/org/apache/commons/collections4/SetUtils.java,org.apache.commons.collections4.SetUtils$SetView,innerclass,5,5,0,5,6,3,0,7,15,0.0,0.0,0.0,6,0,5,0,1,0,6,1,0,0,0,0,0,0,0,0,0,0,3,19,3,0,0,0,0,0,0,1,0,1,0,0,0,0,57,1033,0
/Users/larrymotuzis/Larry_Motuzis_Data/Project05_CommonsCollections/src/main/java/org/apache/commons/collections4/bloomfilter/BitMapExtractor.java,org.apache.commons.collections4.bloomfilter.BitMapExtractor,interface,7,18,11,7,5,1,0,9,10,0.0,0.0,0.0,5,2,0,0,0,5,5,0,0,0,0,0,0,0,0,0,0,0,4,56,5,0,0,0,0,1,0,3,0,4,1,1,1,1,139,1,0
/Users/larrymotuzis/Larry_Motuzis_Data/Project05_CommonsCollections/src/main/java/org/apache/commons/collections4/Closure.java,org.apache.commons.collections4.Closure,interface,2,19,17,2,2,1,0,1,1,0.0,0.0,0.0,2,0,0,0,0,2,2,0,0,0,0,0,0,0,0,0,0,0,0,6,0,0,0,0,0,0,0,0,0,0,0,0,0,0,66,1,0
/Users/larrymotuzis/Larry_Motuzis_Data/Project05_CommonsCollections/src/main/java/org/apache/commons/collections4/properties/AbstractPropertiesFactory.java,org.apache.commons.collections4.properties.AbstractPropertiesFactory$PropertyFormat,enum,1,1,0,1,2,1,0,2,0,0.0,NaN,NaN,1,1,0,0,0,1,1,0,0,0,0,0,0,0,0,0,0,0,1,6,1,0,0,0,0,2,0,0,0,0,0,0,0,0,20,1,0
/Users/larrymotuzis/Larry_Motuzis_Data/Project05_CommonsCollections/src/main/java/org/apache/commons/collections4/map/CaseInsensitiveMap.java,org.apache.commons.collections4.map.CaseInsensitiveMap,class,5,6,1,5,10,3,0,9,28,1.0,0.0,0.0,8,0,5,2,1,0,6,0,0,0,1,1,0,1,0,0,1,0,2,36,3,1,1,0,0,0,3,4,1,3,2,0,0,0,188,1,0
/Users/larrymotuzis/Larry_Motuzis_Data/Project05_CommonsCollections/src/main/java/org/apache/commons/collections4/ArrayStack.java,org.apache.commons.collections4.ArrayStack,class,1,1,0,1,16,4,0,6,28,1.0,0.0,0.0,8,0,8,0,0,0,8,0,0,0,1,1,0,1,0,0,1,0,0,49,7,1,3,0,0,0,11,7,4,7,2,0,0,0,162,1,0
/Users/larrymotuzis/Larry_Motuzis_Data/Project05_CommonsCollections/src/main/java/org/apache/commons/collections4/IterableUtils.java,org.apache.commons.collections4.IterableUtils,class,20,26,6,20,70,2,0,59,1035,0.9782609,0.0,0.0,46,45,43,1,0,2,45,0,0,0,1,1,0,0,0,1,1,0,80,330,53,6,4,0,7,33,10,14,1,13,3,13,1,0,342,1,0
/Users/larrymotuzis/Larry_Motuzis_Data/Project05_CommonsCollections/src/main/java/org/apache/commons/collections4/multimap/AbstractSetValuedMap.java,org.apache.commons.collections4.multimap.AbstractSetValuedMap,class,6,9,3,6,7,3,0,5,21,0.0,0.0,0.0,7,0,2,0,4,1,7,1,0,0,0,0,0,0,0,0,0,0,1,40,4,0,0,0,0,1,0,0,0,0,0,0,1,0,72,1025,0
/Users/larrymotuzis/Larry_Motuzis_Data/Project05_CommonsCollections/src/main/java/org/apache/commons/collections4/bloomfilter/LayerManager.java,org.apache.commons.collections4.bloomfilter.LayerManager$Cleanup,innerclass,2,2,0,2,9,1,0,7,10,0.0,0.0,0.0,5,4,4,1,0,0,4,0,0,0,0,0,0,0,0,0,0,0,0,31,4,1,0,0,0,1,1,0,0,4,2,0,0,4,72,25,0
/Users/larrymotuzis/Larry_Motuzis_Data/Project05_CommonsCollections/src/main/java/org/apache/commons/collections4/map/ConcurrentReferenceHashMap.java,org.apache.commons.collections4.map.ConcurrentReferenceHashMap$WriteThroughEntry,innerclass,4,4,0,4,2,2,0,4,1,0.0,NaN,NaN,2,0,1,1,0,0,1,0,0,0,0,0,0,0,0,0,0,0,1,11,1,0,0,0,0,1,0,1,0,1,0,0,0,0,58,18,0
/Users/larrymotuzis/Larry_Motuzis_Data/Project05_CommonsCollections/src/main/java/org/apache/commons/collections4/bloomfilter/CountingPredicate.java,org.apache.commons.collections4.bloomfilter.CountingPredicate,class,1,3,2,1,7,1,0,1,0,0.11111111,1.0,1.0,3,0,1,0,0,2,3,0,0,0,3,0,0,3,0,0,2,0,0,21,2,1,3,0,0,0,0,5,0,6,1,0,0,0,87,0,0
/Users/larrymotuzis/Larry_Motuzis_Data/Project05_CommonsCollections/src/main/java/org/apache/commons/collections4/functors/NotPredicate.java,org.apache.commons.collections4.functors.NotPredicate,class,5,7,2,5,4,2,0,2,0,0.5,0.5,0.5,4,1,4,0,0,0,4,0,0,0,2,1,0,2,0,0,2,0,1,16,3,0,0,0,0,2,1,2,0,2,0,0,0,0,61,17,0
/Users/larrymotuzis/Larry_Motuzis_Data/Project05_CommonsCollections/src/main/java/org/apache/commons/collections4/EnumerationUtils.java,org.apache.commons.collections4.EnumerationUtils,class,7,8,1,7,9,1,0,9,15,0.0,0.0,0.0,6,5,5,1,0,0,5,0,0,0,0,0,0,0,0,0,0,0,3,32,5,2,1,0,0,1,1,2,1,2,2,0,0,0,102,1,0
/Users/larrymotuzis/Larry_Motuzis_Data/Project05_CommonsCollections/src/main/java/org/apache/commons/collections4/iterators/AbstractMapIteratorDecorator.java,org.apache.commons.collections4.iterators.AbstractMapIteratorDecorator,class,3,3,0,3,8,1,0,7,0,0.0,1.0,1.0,8,0,7,0,1,0,8,0,0,0,1,0,0,1,0,0,1,0,1,27,6,0,0,0,0,1,0,1,0,1,0,0,0,0,52,1,0
/Users/larrymotuzis/Larry_Motuzis_Data/Project05_CommonsCollections/src/main/java/org/apache/commons/collections4/bloomfilter/LayerManager.java,org.apache.commons.collections4.bloomfilter.LayerManager$ExtendCheck,innerclass,5,5,0,5,8,1,0,5,10,0.0,0.0,0.0,5,4,4,1,0,0,4,0,0,0,0,0,0,0,0,0,0,0,0,36,5,0,0,0,0,2,2,1,0,4,1,1,0,3,85,25,0
/Users/larrymotuzis/Larry_Motuzis_Data/Project05_CommonsCollections/src/main/java/org/apache/commons/collections4/functors/ChainedClosure.java,org.apache.commons.collections4.functors.ChainedClosure,class,6,8,2,6,11,1,0,7,3,0.6666667,0.1,0.1,6,2,5,1,0,0,5,0,0,0,2,1,0,2,0,0,2,0,7,38,5,2,1,0,0,2,3,5,0,4,1,0,0,0,87,1,0
/Users/larrymotuzis/Larry_Motuzis_Data/Project05_CommonsCollections/src/main/java/org/apache/commons/collections4/BoundedCollection.java,org.apache.commons.collections4.BoundedCollection,interface,1,5,4,1,2,1,0,0,1,0.0,0.0,0.0,2,0,0,0,0,2,2,0,0,0,0,0,0,0,0,0,0,0,0,4,0,0,0,0,0,0,0,0,0,0,0,0,0,0,40,1,0
/Users/larrymotuzis/Larry_Motuzis_Data/Project05_CommonsCollections/src/main/java/org/apache/commons/collections4/map/HashedMap.java,org.apache.commons.collections4.map.HashedMap,class,4,7,3,4,7,3,0,5,21,1.0,0.0,0.0,7,0,5,2,0,0,5,0,0,0,1,1,0,1,0,0,1,0,0,26,1,0,0,0,0,0,1,1,0,1,0,0,0,0,129,1,0
/Users/larrymotuzis/Larry_Motuzis_Data/Project05_CommonsCollections/src/main/java/org/apache/commons/collections4/functors/TransformedPredicate.java,org.apache.commons.collections4.functors.TransformedPredicate,class,6,8,2,6,5,2,0,4,0,0.4666667,0.5,0.6,5,1,5,0,0,0,5,0,0,0,3,1,0,3,0,0,3,0,2,22,4,0,0,0,0,3,1,4,0,4,0,0,0,0,74,17,0
/Users/larrymotuzis/Larry_Motuzis_Data/Project05_CommonsCollections/src/main/java/org/apache/commons/collections4/functors/AllPredicate.java,org.apache.commons.collections4.functors.AllPredicate,class,6,8,2,6,10,3,0,6,6,1.0,0.0,0.0,4,2,4,0,0,0,4,0,0,0,1,1,0,1,0,0,1,0,7,34,8,1,4,0,0,0,7,2,0,2,2,0,0,0,66,17,0
/Users/larrymotuzis/Larry_Motuzis_Data/Project05_CommonsCollections/src/main/java/org/apache/commons/collections4/map/ListOrderedMap.java,org.apache.commons.collections4.map.ListOrderedMap$KeySetView,innerclass,5,5,0,5,5,3,0,5,0,0.0,1.0,1.0,5,0,4,0,0,1,5,0,0,0,1,0,0,1,0,0,1,0,0,23,3,0,0,0,0,1,0,1,0,1,0,1,0,0,10,8,0
/Users/larrymotuzis/Larry_Motuzis_Data/Project05_CommonsCollections/src/main/java/org/apache/commons/collections4/multimap/AbstractListValuedMap.java,org.apache.commons.collections4.multimap.AbstractListValuedMap$ValuesListIterator,innerclass,4,4,0,4,13,1,0,18,0,0.4242424,1.0,1.0,11,0,9,0,0,2,11,0,0,0,3,0,0,3,0,0,1,0,2,51,6,0,1,0,0,0,0,9,0,4,1,0,0,0,25,18,0
/Users/larrymotuzis/Larry_Motuzis_Data/Project05_CommonsCollections/src/main/java/org/apache/commons/collections4/map/AbstractReferenceMap.java,org.apache.commons.collections4.map.AbstractReferenceMap$ReferenceStrength,enum,1,1,0,1,5,1,0,0,0,0.0,1.0,1.0,2,1,1,0,0,1,2,0,0,0,1,0,1,0,0,0,1,0,0,21,3,0,0,0,0,0,6,1,0,1,1,0,0,0,31,1,0
/Users/larrymotuzis/Larry_Motuzis_Data/Project05_CommonsCollections/src/main/java/org/apache/commons/collections4/queue/PredicatedQueue.java,org.apache.commons.collections4.queue.PredicatedQueue,class,4,7,3,4,8,3,0,8,28,1.0,0.0,0.0,8,1,6,0,2,0,8,0,0,0,1,1,0,1,0,0,1,0,0,28,7,0,0,0,0,0,1,1,0,1,0,0,0,0,95,1,0
/Users/larrymotuzis/Larry_Motuzis_Data/Project05_CommonsCollections/src/main/java/org/apache/commons/collections4/bloomfilter/BitMapExtractor.java,org.apache.commons.collections4.bloomfilter.BitMapExtractor$1Bits,innerclass,1,1,0,1,4,1,0,1,0,0.0,1.0,1.0,2,0,0,0,0,2,2,0,0,0,2,0,0,2,0,0,0,0,2,14,2,0,2,0,0,0,2,3,1,2,1,0,0,0,8,16,0
/Users/larrymotuzis/Larry_Motuzis_Data/Project05_CommonsCollections/src/main/java/org/apache/commons/collections4/map/SingletonMap.java,org.apache.commons.collections4.map.SingletonMap$SingletonValues,innerclass,3,3,0,3,6,3,0,2,9,0.75,0.2,0.2,6,0,5,0,0,1,6,0,0,0,2,1,0,2,0,0,2,0,0,22,4,0,0,0,0,0,2,2,0,2,0,0,0,0,39,8,0
/Users/larrymotuzis/Larry_Motuzis_Data/Project05_CommonsCollections/src/main/java/org/apache/commons/collections4/map/AbstractHashedMap.java,org.apache.commons.collections4.map.AbstractHashedMap$HashIterator,innerclass,4,4,0,4,16,1,0,3,0,0.5,0.6666667,1.0,6,0,3,0,3,0,6,0,0,0,5,0,0,5,0,0,1,0,0,61,5,2,8,0,0,4,2,18,1,12,1,0,0,0,71,1036,0
/Users/larrymotuzis/Larry_Motuzis_Data/Project05_CommonsCollections/src/main/java/org/apache/commons/collections4/ComparatorUtils.java,org.apache.commons.collections4.ComparatorUtils,class,11,13,2,11,19,1,0,7,25,0.6818182,0.33333334,0.33333334,11,10,10,1,0,0,10,0,0,0,2,2,1,1,0,0,2,0,4,57,10,1,5,0,0,11,2,10,0,5,1,0,0,0,162,1,0
/Users/larrymotuzis/Larry_Motuzis_Data/Project05_CommonsCollections/src/main/java/org/apache/commons/collections4/MultiMap.java,org.apache.commons.collections4.MultiMap,interface,3,6,3,3,7,1,0,0,21,0.0,0.0,0.0,7,0,0,0,0,7,7,0,0,0,0,0,0,0,0,0,0,0,0,9,0,0,0,0,0,0,0,0,0,0,0,0,0,0,157,1,0
/Users/larrymotuzis/Larry_Motuzis_Data/Project05_CommonsCollections/src/main/java/org/apache/commons/collections4/trie/AbstractPatriciaTrie.java,org.apache.commons.collections4.trie.AbstractPatriciaTrie$TrieMapIterator,innerclass,6,6,0,6,14,2,0,7,16,0.5,0.21428572,0.21428572,8,0,6,0,2,0,8,0,0,0,1,0,0,0,1,0,0,0,0,48,8,0,6,0,0,0,0,6,0,3,1,0,0,0,32,18,0
/Users/larrymotuzis/Larry_Motuzis_Data/Project05_CommonsCollections/src/main/java/org/apache/commons/collections4/map/AbstractInputCheckedMapDecorator.java,org.apache.commons.collections4.map.AbstractInputCheckedMapDecorator,class,7,13,6,7,6,8,0,2,10,0.0,0.0,0.0,5,0,1,0,4,0,5,1,0,0,0,0,0,0,0,0,0,0,0,75,3,0,0,0,0,0,0,0,0,0,1,0,3,0,123,1024,0
/Users/larrymotuzis/Larry_Motuzis_Data/Project05_CommonsCollections/src/main/java/org/apache/commons/collections4/multiset/AbstractMultiSet.java,org.apache.commons.collections4.multiset.AbstractMultiSet,class,9,16,7,9,42,6,0,25,204,0.7916666,0.13043478,0.13043478,24,0,16,0,8,0,24,2,0,0,2,0,0,2,0,0,0,0,2,249,21,7,7,0,1,2,9,16,2,14,2,0,4,0,139,1025,0
/Users/larrymotuzis/Larry_Motuzis_Data/Project05_CommonsCollections/src/main/java/org/apache/commons/collections4/iterators/NodeListIterator.java,org.apache.commons.collections4.iterators.NodeListIterator,class,2,3,1,2,9,1,0,5,0,0.4,0.6,0.6,5,0,5,0,0,0,5,0,0,0,2,0,0,2,0,0,1,0,2,23,2,0,2,0,0,4,0,2,0,2,1,0,0,0,56,1,0
/Users/larrymotuzis/Larry_Motuzis_Data/Project05_CommonsCollections/src/main/java/org/apache/commons/collections4/iterators/CartesianProductIterator.java,org.apache.commons.collections4.iterators.CartesianProductIterator,class,2,3,1,2,11,1,0,18,0,0.5,0.5,0.5,4,0,4,0,0,0,4,0,0,0,3,0,0,3,0,0,2,0,2,49,3,3,1,0,0,4,2,7,1,6,2,0,0,0,93,1,0
/Users/larrymotuzis/Larry_Motuzis_Data/Project05_CommonsCollections/src/main/java/org/apache/commons/collections4/bidimap/TreeBidiMap.java,org.apache.commons.collections4.bidimap.TreeBidiMap$AbstractViewIterator,innerclass,5,5,0,5,16,1,0,6,0,0.26666668,0.93333334,1.0,6,0,3,0,2,1,6,0,2,0,5,0,0,4,0,1,1,0,0,64,4,0,10,0,0,0,0,15,0,5,1,0,0,0,60,1024,0
/Users/larrymotuzis/Larry_Motuzis_Data/Project05_CommonsCollections/src/main/java/org/apache/commons/collections4/functors/NullIsExceptionPredicate.java,org.apache.commons.collections4.functors.NullIsExceptionPredicate,class,6,8,2,6,5,2,0,2,0,0.5,0.5,0.5,4,1,4,0,0,0,4,0,0,0,2,1,0,2,0,0,2,0,1,19,3,0,1,0,0,3,1,2,0,2,1,0,0,0,66,17,0
/Users/larrymotuzis/Larry_Motuzis_Data/Project05_CommonsCollections/src/main/java/org/apache/commons/collections4/map/AbstractReferenceMap.java,org.apache.commons.collections4.map.AbstractReferenceMap$SoftRef,innerclass,2,2,0,2,7,3,0,1,0,0.0,1.0,1.0,3,0,2,0,0,1,3,0,0,0,1,0,0,1,0,0,1,0,0,23,5,0,4,0,0,0,0,2,0,2,1,0,0,0,27,8,0
/Users/larrymotuzis/Larry_Motuzis_Data/Project05_CommonsCollections/src/main/java/org/apache/commons/collections4/keyvalue/AbstractMapEntry.java,org.apache.commons.collections4.keyvalue.AbstractMapEntry,class,3,9,6,3,8,2,0,7,6,0.0,0.0,0.0,4,0,3,0,1,0,4,0,0,0,0,0,0,0,0,0,0,0,2,21,5,0,3,0,3,0,2,1,0,1,1,0,0,0,66,1025,0
/Users/larrymotuzis/Larry_Motuzis_Data/Project05_CommonsCollections/src/main/java/org/apache/commons/collections4/functors/MapTransformer.java,org.apache.commons.collections4.functors.MapTransformer,class,8,10,2,8,5,1,0,2,0,0.5,0.33333334,0.33333334,4,1,3,1,0,0,3,0,0,0,2,1,0,2,0,0,2,0,1,19,4,0,1,0,0,0,1,2,0,2,1,0,0,0,63,17,0
/Users/larrymotuzis/Larry_Motuzis_Data/Project05_CommonsCollections/src/main/java/org/apache/commons/collections4/bag/PredicatedSortedBag.java,org.apache.commons.collections4.bag.PredicatedSortedBag,class,5,7,2,5,6,4,0,5,15,1.0,0.0,0.0,6,1,4,0,2,0,6,0,0,0,1,1,0,1,0,0,1,0,0,21,5,0,0,0,0,0,1,1,0,1,0,0,0,0,89,1,0
/Users/larrymotuzis/Larry_Motuzis_Data/Project05_CommonsCollections/src/main/java/org/apache/commons/collections4/list/AbstractSerializableListDecorator.java,org.apache.commons.collections4.list.AbstractSerializableListDecorator,class,3,8,5,3,3,3,0,6,3,1.0,NaN,NaN,3,0,0,2,1,0,1,0,0,0,1,1,0,1,0,0,1,0,0,14,0,0,0,0,0,1,1,1,0,1,0,0,0,0,69,1025,0
/Users/larrymotuzis/Larry_Motuzis_Data/Project05_CommonsCollections/src/main/java/org/apache/commons/collections4/map/ConcurrentReferenceHashMap.java,org.apache.commons.collections4.map.ConcurrentReferenceHashMap$Builder,innerclass,6,6,0,6,16,1,0,3,91,0.8833334,0.06666667,0.26666668,15,0,15,0,0,0,15,0,0,0,8,1,0,8,0,0,1,0,0,71,14,0,1,0,0,1,0,16,0,9,1,0,0,0,98,9,0
/Users/larrymotuzis/Larry_Motuzis_Data/Project05_CommonsCollections/src/main/java/org/apache/commons/collections4/iterators/FilterIterator.java,org.apache.commons.collections4.iterators.FilterIterator,class,5,9,4,5,18,1,0,7,0,0.5625,0.4888889,0.8,12,0,10,2,0,0,10,0,0,0,4,0,0,4,0,0,0,0,2,61,7,1,1,0,0,1,0,14,0,5,2,0,0,0,105,1,0
/Users/larrymotuzis/Larry_Motuzis_Data/Project05_CommonsCollections/src/main/java/org/apache/commons/collections4/multimap/AbstractMultiValuedMap.java,org.apache.commons.collections4.multimap.AbstractMultiValuedMap$AsMap$AsMapEntrySetIterator,innerclass,5,5,0,5,2,3,0,3,1,0.0,0.0,0.0,2,0,1,0,0,1,2,0,0,0,0,0,0,0,0,0,0,0,0,10,1,0,0,0,0,0,0,2,0,2,0,0,0,0,12,16,0
/Users/larrymotuzis/Larry_Motuzis_Data/Project05_CommonsCollections/src/main/java/org/apache/commons/collections4/Get.java,org.apache.commons.collections4.Get,interface,2,5,3,2,9,1,0,0,36,0.0,0.0,0.0,9,0,0,0,0,9,9,0,0,0,0,0,0,0,0,0,0,0,0,11,0,0,0,0,0,0,0,0,0,0,0,0,0,0,64,1,0
/Users/larrymotuzis/Larry_Motuzis_Data/Project05_CommonsCollections/src/main/java/org/apache/commons/collections4/ListUtils.java,org.apache.commons.collections4.ListUtils$LcsVisitor,innerclass,2,2,0,2,5,1,0,1,4,0.4,0.3,0.3,5,0,4,0,0,1,5,0,0,0,1,0,0,1,0,0,1,0,0,16,1,0,0,0,0,0,0,1,0,1,0,0,0,0,21,26,0
/Users/larrymotuzis/Larry_Motuzis_Data/Project05_CommonsCollections/src/main/java/org/apache/commons/collections4/functors/ComparatorPredicate.java,org.apache.commons.collections4.functors.ComparatorPredicate,class,5,6,1,5,14,2,0,4,0,0.4375,1.0,1.0,4,2,4,0,0,0,4,0,0,0,4,1,0,4,0,0,4,0,3,47,3,0,1,0,0,4,6,11,1,6,1,0,1,0,137,1,0
/Users/larrymotuzis/Larry_Motuzis_Data/Project05_CommonsCollections/src/main/java/org/apache/commons/collections4/map/Flat3Map.java,org.apache.commons.collections4.map.Flat3Map$ValuesIterator,innerclass,3,3,0,3,2,2,0,2,1,0.0,0.0,0.0,2,0,1,0,0,1,2,0,0,0,0,0,0,0,0,0,0,0,0,8,1,0,0,0,0,1,0,0,0,0,0,0,0,0,6,8,0
/Users/larrymotuzis/Larry_Motuzis_Data/Project05_CommonsCollections/src/main/java/org/apache/commons/collections4/map/AbstractHashedMap.java,org.apache.commons.collections4.map.AbstractHashedMap$Values,innerclass,2,2,0,2,5,2,0,4,0,0.0,1.0,1.0,5,0,4,0,1,0,5,0,0,0,1,0,0,1,0,0,1,0,0,18,3,0,0,0,0,0,0,1,0,1,0,0,0,0,20,12,0
/Users/larrymotuzis/Larry_Motuzis_Data/Project05_CommonsCollections/src/main/java/org/apache/commons/collections4/trie/AbstractPatriciaTrie.java,org.apache.commons.collections4.trie.AbstractPatriciaTrie$EntrySet$EntryIterator,innerclass,4,4,0,4,1,2,0,1,0,0.0,NaN,NaN,1,0,1,0,0,0,1,0,0,0,0,0,0,0,0,0,0,0,0,5,1,0,0,0,0,0,0,0,0,0,0,0,0,0,6,18,0
/Users/larrymotuzis/Larry_Motuzis_Data/Project05_CommonsCollections/src/main/java/org/apache/commons/collections4/IterableSortedMap.java,org.apache.commons.collections4.IterableSortedMap,interface,3,6,3,3,0,1,0,0,0,0.0,-1.0,-1.0,0,0,0,0,0,0,0,0,0,0,0,0,0,0,0,0,0,0,0,2,0,0,0,0,0,0,0,0,0,0,0,0,0,0,12,1,0
/Users/larrymotuzis/Larry_Motuzis_Data/Project05_CommonsCollections/src/main/java/org/apache/commons/collections4/map/AbstractReferenceMap.java,org.apache.commons.collections4.map.AbstractReferenceMap$ReferenceEntrySetIterator,innerclass,5,5,0,5,2,2,0,1,1,0.0,0.0,0.0,2,0,1,0,0,1,2,0,0,0,0,0,0,0,0,0,0,0,0,8,1,0,0,0,0,0,0,0,0,0,0,0,0,0,7,8,0
/Users/larrymotuzis/Larry_Motuzis_Data/Project05_CommonsCollections/src/main/java/org/apache/commons/collections4/bag/AbstractMapBag.java,org.apache.commons.collections4.bag.AbstractMapBag$BagIterator,innerclass,3,3,0,3,10,1,0,7,0,0.25,1.0,1.0,4,0,3,0,0,1,4,0,0,0,6,0,0,6,0,0,3,0,0,47,2,0,3,0,0,0,3,10,0,7,1,0,0,0,32,8,0
/Users/larrymotuzis/Larry_Motuzis_Data/Project05_CommonsCollections/src/main/java/org/apache/commons/collections4/set/MapBackedSet.java,org.apache.commons.collections4.set.MapBackedSet,class,4,5,1,4,23,1,0,18,0,0.6140351,1.0,1.0,19,2,18,1,0,0,18,0,0,0,3,1,0,3,0,0,3,0,2,71,17,1,3,0,0,1,1,6,0,6,1,0,0,0,98,17,0
/Users/larrymotuzis/Larry_Motuzis_Data/Project05_CommonsCollections/src/main/java/org/apache/commons/collections4/iterators/UniqueFilterIterator.java,org.apache.commons.collections4.iterators.UniqueFilterIterator,class,3,4,1,3,1,2,0,1,0,0.0,NaN,NaN,1,0,1,0,0,0,1,0,0,0,0,0,0,0,0,0,0,0,1,5,0,0,0,0,0,0,0,0,0,0,0,0,0,0,29,1,0
/Users/larrymotuzis/Larry_Motuzis_Data/Project05_CommonsCollections/src/main/java/org/apache/commons/collections4/collection/TransformedCollection.java,org.apache.commons.collections4.collection.TransformedCollection,class,5,12,7,5,10,2,0,12,15,0.78571427,0.2857143,0.2857143,7,2,4,0,3,0,7,0,0,0,2,1,0,1,1,0,2,0,1,38,6,2,0,0,0,2,1,5,0,5,2,0,0,0,97,1,0
/Users/larrymotuzis/Larry_Motuzis_Data/Project05_CommonsCollections/src/main/java/org/apache/commons/collections4/trie/AbstractPatriciaTrie.java,org.apache.commons.collections4.trie.AbstractPatriciaTrie,class,9,27,18,9,198,20,0,54,883,0.8879552,0.08245243,0.12684989,51,1,22,7,2,20,44,0,0,0,7,1,0,6,1,0,1,0,26,1398,107,11,57,0,0,18,24,130,14,73,3,0,12,0,384,1025,0
/Users/larrymotuzis/Larry_Motuzis_Data/Project05_CommonsCollections/src/main/java/org/apache/commons/collections4/bloomfilter/BitMapExtractor.java,org.apache.commons.collections4.bloomfilter.BitMapExtractor$Anonymous1,anonymous,4,4,0,4,5,1,0,4,3,0.0,0.0,0.0,3,0,3,0,0,0,3,0,0,0,0,0,0,0,0,0,0,0,1,17,4,1,0,0,0,0,0,1,0,1,2,0,0,0,19,-1,0
/Users/larrymotuzis/Larry_Motuzis_Data/Project05_CommonsCollections/src/main/java/org/apache/commons/collections4/map/LazySortedMap.java,org.apache.commons.collections4.map.LazySortedMap,class,6,8,2,6,11,4,0,7,55,1.0,0.0,0.0,11,2,8,0,3,0,11,0,0,0,1,1,0,1,0,0,1,0,0,39,9,0,0,0,0,0,1,4,0,4,0,0,0,0,116,1,0
/Users/larrymotuzis/Larry_Motuzis_Data/Project05_CommonsCollections/src/main/java/org/apache/commons/collections4/MultiValuedMap.java,org.apache.commons.collections4.MultiValuedMap,interface,5,17,12,5,19,1,0,0,171,0.0,0.0,0.0,19,0,0,0,0,19,19,0,0,0,0,0,0,0,0,0,0,0,0,21,0,0,0,0,0,0,0,0,0,0,0,0,0,0,242,1,0
/Users/larrymotuzis/Larry_Motuzis_Data/Project05_CommonsCollections/src/main/java/org/apache/commons/collections4/map/Flat3Map.java,org.apache.commons.collections4.map.Flat3Map$Values,innerclass,5,5,0,5,7,2,0,7,0,0.0,1.0,1.0,5,0,4,0,0,1,5,0,0,0,1,0,0,1,0,0,1,0,1,24,5,0,1,0,0,0,0,1,0,1,1,0,0,0,11,8,0
/Users/larrymotuzis/Larry_Motuzis_Data/Project05_CommonsCollections/src/main/java/org/apache/commons/collections4/bag/CollectionBag.java,org.apache.commons.collections4.bag.CollectionBag,class,5,7,2,5,17,3,0,19,55,1.0,0.0,0.0,11,1,9,2,0,0,9,0,0,0,1,1,0,1,0,0,1,0,0,63,10,3,2,0,0,1,4,10,0,7,3,0,0,0,179,17,0
/Users/larrymotuzis/Larry_Motuzis_Data/Project05_CommonsCollections/src/main/java/org/apache/commons/collections4/list/AbstractListDecorator.java,org.apache.commons.collections4.list.AbstractListDecorator,class,3,10,7,3,16,2,0,14,105,1.0,0.0,0.0,15,0,12,0,3,0,15,0,0,0,1,1,0,1,0,0,1,0,0,47,12,0,1,0,0,0,1,1,0,1,0,0,0,0,66,1025,0
/Users/larrymotuzis/Larry_Motuzis_Data/Project05_CommonsCollections/src/main/java/org/apache/commons/collections4/bidimap/DualTreeBidiMap.java,org.apache.commons.collections4.bidimap.DualTreeBidiMap,class,13,15,2,13,26,5,0,22,148,0.7833333,0.09803922,0.09803922,20,0,16,2,2,0,18,0,0,0,3,1,0,3,0,0,3,0,0,198,20,0,0,0,11,1,1,19,0,11,1,0,2,0,150,1,0
/Users/larrymotuzis/Larry_Motuzis_Data/Project05_CommonsCollections/src/main/java/org/apache/commons/collections4/list/FixedSizeList.java,org.apache.commons.collections4.list.FixedSizeList,class,8,11,3,8,23,5,0,11,253,1.0,0.0,0.0,23,2,21,1,1,0,22,0,0,0,1,1,0,1,0,0,1,0,11,84,12,0,0,0,0,1,2,2,0,2,0,0,1,0,97,1,0
/Users/larrymotuzis/Larry_Motuzis_Data/Project05_CommonsCollections/src/main/java/org/apache/commons/collections4/map/ConcurrentReferenceHashMap.java,org.apache.commons.collections4.map.ConcurrentReferenceHashMap$SoftKeyReference,innerclass,3,3,0,3,3,3,0,0,1,0.33333334,0.33333334,0.33333334,3,0,2,0,0,1,3,0,0,0,1,0,0,1,0,0,1,0,0,13,2,0,0,0,0,0,0,1,0,1,0,0,0,0,18,26,0
/Users/larrymotuzis/Larry_Motuzis_Data/Project05_CommonsCollections/src/main/java/org/apache/commons/collections4/map/AbstractReferenceMap.java,org.apache.commons.collections4.map.AbstractReferenceMap$ReferenceEntry,innerclass,10,10,0,10,29,2,0,15,0,0.27272728,0.054545455,0.054545455,11,0,6,0,5,0,11,0,0,0,1,0,0,1,0,0,1,0,0,78,13,0,12,0,8,3,0,11,0,6,2,0,0,0,115,12,0
/Users/larrymotuzis/Larry_Motuzis_Data/Project05_CommonsCollections/src/main/java/org/apache/commons/collections4/bidimap/UnmodifiableSortedBidiMap.java,org.apache.commons.collections4.bidimap.UnmodifiableSortedBidiMap,class,12,13,1,12,17,6,0,14,103,0.8666667,0.0,0.0,15,1,14,1,0,0,14,0,0,0,1,0,0,1,0,0,0,0,7,63,10,0,1,0,0,2,0,10,0,9,1,0,0,0,69,17,0
/Users/larrymotuzis/Larry_Motuzis_Data/Project05_CommonsCollections/src/main/java/org/apache/commons/collections4/map/Flat3Map.java,org.apache.commons.collections4.map.Flat3Map$FlatMapIterator,innerclass,6,6,0,6,25,1,0,4,0,0.25925925,0.7777778,1.0,9,0,8,0,0,1,9,0,0,0,3,0,0,3,0,0,1,0,0,85,11,0,0,0,0,7,10,9,4,4,1,0,0,0,31,8,0
/Users/larrymotuzis/Larry_Motuzis_Data/Project05_CommonsCollections/src/main/java/org/apache/commons/collections4/list/PredicatedList.java,org.apache.commons.collections4.list.PredicatedList,class,6,9,3,6,17,4,0,15,105,1.0,0.0,0.0,15,1,13,0,2,0,15,0,0,0,1,1,0,1,0,0,1,0,0,67,13,1,1,0,0,0,2,2,0,2,1,0,1,0,103,1,0
/Users/larrymotuzis/Larry_Motuzis_Data/Project05_CommonsCollections/src/main/java/org/apache/commons/collections4/PredicateUtils.java,org.apache.commons.collections4.PredicateUtils,class,26,29,3,26,30,1,0,30,435,0.0,0.0,0.0,30,29,29,1,0,0,29,0,0,0,0,0,0,0,0,0,0,0,31,93,29,0,0,0,0,2,0,2,0,2,0,0,0,0,167,1,0
/Users/larrymotuzis/Larry_Motuzis_Data/Project05_CommonsCollections/src/main/java/org/apache/commons/collections4/map/DefaultedMap.java,org.apache.commons.collections4.map.DefaultedMap,class,8,9,1,8,11,3,0,11,30,0.8333334,0.04761905,0.04761905,9,3,6,2,1,0,7,0,0,0,2,1,0,2,0,0,2,0,6,35,4,0,1,0,1,5,1,4,0,3,0,0,0,0,153,1,0
/Users/larrymotuzis/Larry_Motuzis_Data/Project05_CommonsCollections/src/main/java/org/apache/commons/collections4/bloomfilter/EnhancedDoubleHasher.java,org.apache.commons.collections4.bloomfilter.EnhancedDoubleHasher$Anonymous1,anonymous,4,4,0,4,13,1,0,6,1,0.0,0.0,0.0,2,0,2,0,0,0,2,0,0,0,0,0,0,0,0,0,0,0,3,49,6,2,1,0,0,1,10,19,4,10,3,0,0,1,18,-1,0
/Users/larrymotuzis/Larry_Motuzis_Data/Project05_CommonsCollections/src/main/java/org/apache/commons/collections4/SetUtils.java,org.apache.commons.collections4.SetUtils$Anonymous1,anonymous,2,2,0,2,2,1,0,3,1,0.0,0.0,0.0,2,0,2,0,0,0,2,0,0,0,0,0,0,0,0,0,0,0,1,8,2,0,0,0,0,0,0,0,0,0,0,0,0,0,5,-1,0
/Users/larrymotuzis/Larry_Motuzis_Data/Project05_CommonsCollections/src/main/java/org/apache/commons/collections4/SetUtils.java,org.apache.commons.collections4.SetUtils$Anonymous2,anonymous,3,3,0,3,4,1,0,5,6,0.0,0.0,0.0,4,0,4,0,0,0,4,0,0,0,0,0,0,0,0,0,0,0,1,14,4,0,0,0,0,0,0,0,1,0,0,0,0,0,8,-1,0
/Users/larrymotuzis/Larry_Motuzis_Data/Project05_CommonsCollections/src/main/java/org/apache/commons/collections4/map/AbstractOrderedMapDecorator.java,org.apache.commons.collections4.map.AbstractOrderedMapDecorator,class,6,8,2,6,8,3,0,7,28,0.0,0.0,0.0,8,0,6,0,2,0,8,0,0,0,0,0,0,0,0,0,0,0,0,25,6,0,0,0,0,0,0,0,0,0,0,0,0,0,84,1025,0
/Users/larrymotuzis/Larry_Motuzis_Data/Project05_CommonsCollections/src/main/java/org/apache/commons/collections4/ListUtils.java,org.apache.commons.collections4.ListUtils$CharSequenceAsList,innerclass,0,0,0,0,3,3,0,3,0,0.0,1.0,1.0,3,0,2,0,0,1,3,0,0,0,1,0,0,1,0,0,1,0,1,12,2,0,0,0,0,0,0,1,0,1,0,0,0,0,16,26,0
/Users/larrymotuzis/Larry_Motuzis_Data/Project05_CommonsCollections/src/main/java/org/apache/commons/collections4/SetUtils.java,org.apache.commons.collections4.SetUtils$Anonymous3,anonymous,2,2,0,2,2,1,0,3,1,0.0,0.0,0.0,2,0,2,0,0,0,2,0,0,0,0,0,0,0,0,0,0,0,1,8,2,0,0,0,0,0,0,0,0,0,0,0,0,0,5,-1,0
/Users/larrymotuzis/Larry_Motuzis_Data/Project05_CommonsCollections/src/main/java/org/apache/commons/collections4/iterators/LoopingIterator.java,org.apache.commons.collections4.iterators.LoopingIterator,class,4,6,2,4,8,1,0,8,0,0.33333334,0.8,1.0,6,0,6,0,0,0,6,0,0,0,2,0,0,2,0,0,1,0,1,29,3,0,0,0,0,2,0,2,0,2,1,0,0,0,122,1,0
/Users/larrymotuzis/Larry_Motuzis_Data/Project05_CommonsCollections/src/main/java/org/apache/commons/collections4/SetUtils.java,org.apache.commons.collections4.SetUtils$Anonymous4,anonymous,3,3,0,3,4,1,0,7,6,0.0,0.0,0.0,4,0,4,0,0,0,4,0,0,0,0,0,0,0,0,0,0,0,1,14,4,0,0,0,0,0,0,0,1,0,0,0,0,0,8,-1,0
/Users/larrymotuzis/Larry_Motuzis_Data/Project05_CommonsCollections/src/main/java/org/apache/commons/collections4/bloomfilter/BloomFilter.java,org.apache.commons.collections4.bloomfilter.BloomFilter,interface,6,20,14,6,36,1,0,21,169,0.8947368,0.0058479533,0.0058479533,19,0,0,0,0,19,19,0,0,0,1,0,0,0,0,1,0,0,16,82,13,0,5,0,3,7,6,13,3,13,2,0,0,2,214,1,0
/Users/larrymotuzis/Larry_Motuzis_Data/Project05_CommonsCollections/src/main/java/org/apache/commons/collections4/iterators/IteratorEnumeration.java,org.apache.commons.collections4.iterators.IteratorEnumeration,class,2,3,1,2,6,1,0,2,0,0.16666667,0.6666667,0.6666667,6,0,6,0,0,0,6,0,0,0,1,0,0,1,0,0,0,0,0,20,3,0,0,0,0,0,0,2,0,1,0,0,0,0,43,1,0
/Users/larrymotuzis/Larry_Motuzis_Data/Project05_CommonsCollections/src/main/java/org/apache/commons/collections4/iterators/EntrySetMapIterator.java,org.apache.commons.collections4.iterators.EntrySetMapIterator,class,5,7,2,5,14,1,0,10,0,0.5277778,0.7777778,1.0,9,0,9,0,0,0,9,0,0,0,4,0,0,4,0,0,1,0,0,55,7,0,4,0,0,8,0,9,1,4,1,0,0,0,97,1,0
/Users/larrymotuzis/Larry_Motuzis_Data/Project05_CommonsCollections/src/main/java/org/apache/commons/collections4/list/AbstractLinkedList.java,org.apache.commons.collections4.list.AbstractLinkedList$Node,innerclass,2,2,0,2,9,1,0,0,2,0.5555556,0.4722222,1.0,9,0,0,0,9,0,9,0,0,0,3,0,0,0,3,0,0,0,0,35,3,0,0,0,0,0,0,9,0,3,0,0,0,0,41,12,0
/Users/larrymotuzis/Larry_Motuzis_Data/Project05_CommonsCollections/src/main/java/org/apache/commons/collections4/map/AbstractReferenceMap.java,org.apache.commons.collections4.map.AbstractReferenceMap$ReferenceKeySet,innerclass,5,5,0,5,3,4,0,4,3,0.0,0.0,0.0,3,0,2,0,1,0,3,0,0,0,0,0,0,0,0,0,0,0,0,13,2,0,0,0,0,0,0,1,0,1,0,0,0,0,11,8,0
/Users/larrymotuzis/Larry_Motuzis_Data/Project05_CommonsCollections/src/main/java/org/apache/commons/collections4/bloomfilter/WrappedBloomFilter.java,org.apache.commons.collections4.bloomfilter.WrappedBloomFilter,class,11,12,1,11,23,1,0,21,0,0.0,1.0,1.0,23,0,22,0,1,0,23,0,0,0,1,0,0,1,0,0,1,0,0,72,21,0,0,0,0,0,0,1,0,1,0,0,0,0,61,1025,0
/Users/larrymotuzis/Larry_Motuzis_Data/Project05_CommonsCollections/src/main/java/org/apache/commons/collections4/iterators/ListIteratorWrapper.java,org.apache.commons.collections4.iterators.ListIteratorWrapper,class,3,6,3,3,30,1,0,16,0,0.5844156,1.0,1.0,11,0,11,0,0,0,11,0,0,0,7,2,0,7,0,0,4,0,3,109,17,1,4,0,0,6,7,18,3,16,2,0,0,0,145,1,0
/Users/larrymotuzis/Larry_Motuzis_Data/Project05_CommonsCollections/src/main/java/org/apache/commons/collections4/functors/AbstractQuantifierPredicate.java,org.apache.commons.collections4.functors.AbstractQuantifierPredicate,class,5,9,4,5,2,2,0,1,0,0.5,1.0,1.0,2,0,2,0,0,0,2,0,0,0,2,1,0,1,1,0,2,0,1,10,1,0,0,0,0,0,1,2,0,2,0,0,0,0,38,1025,0
/Users/larrymotuzis/Larry_Motuzis_Data/Project05_CommonsCollections/src/main/java/org/apache/commons/collections4/queue/CircularFifoQueue.java,org.apache.commons.collections4.queue.CircularFifoQueue$Anonymous1,anonymous,3,3,0,3,11,1,0,5,0,0.22222222,1.0,1.0,3,0,3,0,0,0,3,0,0,0,3,0,0,3,0,0,0,0,1,48,3,1,4,0,0,0,8,17,3,4,3,0,0,0,27,-1,0
/Users/larrymotuzis/Larry_Motuzis_Data/Project05_CommonsCollections/src/main/java/org/apache/commons/collections4/bidimap/TreeBidiMap.java,org.apache.commons.collections4.bidimap.TreeBidiMap$InverseViewMapEntryIterator,innerclass,6,6,0,6,4,2,0,5,6,0.0,0.0,0.0,4,0,2,1,0,1,3,0,0,0,0,0,0,0,0,0,0,0,0,14,3,0,0,0,0,0,0,0,0,0,0,0,0,0,26,16,0
/Users/larrymotuzis/Larry_Motuzis_Data/Project05_CommonsCollections/src/main/java/org/apache/commons/collections4/functors/ExceptionClosure.java,org.apache.commons.collections4.functors.ExceptionClosure,class,4,6,2,4,4,1,0,0,4,0.75,0.0,0.0,4,1,2,2,0,0,2,0,0,0,2,2,1,1,0,0,2,0,0,15,2,0,0,0,0,2,1,2,0,2,0,0,0,0,43,17,0
/Users/larrymotuzis/Larry_Motuzis_Data/Project05_CommonsCollections/src/main/java/org/apache/commons/collections4/bloomfilter/IndexFilter.java,org.apache.commons.collections4.bloomfilter.IndexFilter$ArrayTracker,innerclass,2,2,0,2,5,1,0,1,0,0.25,1.0,1.0,2,0,1,0,0,1,2,0,0,0,2,0,0,2,0,0,1,0,0,19,2,1,1,0,0,1,2,3,1,3,2,0,0,0,49,8,0
/Users/larrymotuzis/Larry_Motuzis_Data/Project05_CommonsCollections/src/main/java/org/apache/commons/collections4/functors/ForClosure.java,org.apache.commons.collections4.functors.ForClosure,class,5,7,2,5,9,1,0,2,0,0.2,0.5,0.6,5,1,5,0,0,0,5,0,0,0,2,0,0,2,0,0,2,0,1,28,5,1,2,0,0,1,3,3,0,3,1,0,0,0,78,1,0
/Users/larrymotuzis/Larry_Motuzis_Data/Project05_CommonsCollections/src/main/java/org/apache/commons/collections4/map/ConcurrentReferenceHashMap.java,org.apache.commons.collections4.map.ConcurrentReferenceHashMap$Segment,innerclass,6,6,0,6,83,2,0,29,136,0.8041667,0.13450292,0.2631579,24,1,0,5,0,19,19,0,0,0,10,1,0,10,0,0,5,0,6,332,28,13,42,8,8,1,18,94,9,65,5,0,0,0,320,26,0
/Users/larrymotuzis/Larry_Motuzis_Data/Project05_CommonsCollections/src/main/java/org/apache/commons/collections4/map/CompositeMap.java,org.apache.commons.collections4.map.CompositeMap$MapMutator,interface,3,3,0,3,3,1,0,0,3,0.0,0.0,0.0,3,0,0,0,0,3,3,0,0,0,0,0,0,0,0,0,0,0,0,5,0,0,0,0,0,0,0,0,0,0,0,0,0,0,97,1,0
/Users/larrymotuzis/Larry_Motuzis_Data/Project05_CommonsCollections/src/main/java/org/apache/commons/collections4/map/ConcurrentReferenceHashMap.java,org.apache.commons.collections4.map.ConcurrentReferenceHashMap$EntrySet,innerclass,3,3,0,3,10,3,0,8,19,0.71428573,0.0,0.0,7,0,6,1,0,0,6,0,0,0,1,0,0,1,0,0,1,0,1,32,7,0,0,0,4,0,0,3,0,3,1,0,0,0,18,18,0
/Users/larrymotuzis/Larry_Motuzis_Data/Project05_CommonsCollections/src/main/java/org/apache/commons/collections4/map/AbstractSortedMapDecorator.java,org.apache.commons.collections4.map.AbstractSortedMapDecorator$SortedMapIterator,innerclass,5,5,0,5,4,2,0,4,6,0.0,0.0,0.0,4,0,3,0,1,0,4,0,0,1,0,0,0,0,0,0,0,0,0,16,2,0,0,0,2,0,0,2,0,0,0,0,0,0,23,12,0
/Users/larrymotuzis/Larry_Motuzis_Data/Project05_CommonsCollections/src/main/java/org/apache/commons/collections4/list/AbstractLinkedList.java,org.apache.commons.collections4.list.AbstractLinkedList,class,8,14,6,8,92,4,0,46,850,0.7959184,0.12755102,0.19642857,49,0,32,0,17,0,49,0,0,0,3,0,0,0,0,3,0,0,6,562,45,15,15,0,3,19,16,64,11,43,2,0,4,0,268,1025,0
/Users/larrymotuzis/Larry_Motuzis_Data/Project05_CommonsCollections/src/main/java/org/apache/commons/collections4/bloomfilter/CellExtractor.java,org.apache.commons.collections4.bloomfilter.CellExtractor,interface,4,7,3,4,4,1,0,2,6,0.0,0.0,0.0,4,1,0,0,0,4,4,0,0,0,0,0,0,0,0,0,0,0,0,58,3,0,0,0,0,0,0,0,0,2,0,1,1,1,122,1,0
/Users/larrymotuzis/Larry_Motuzis_Data/Project05_CommonsCollections/src/main/java/org/apache/commons/collections4/list/TreeList.java,org.apache.commons.collections4.list.TreeList$TreeListIterator,innerclass,5,5,0,5,22,1,0,12,0,0.48484847,0.7818182,1.0,11,0,9,0,2,0,11,0,0,0,6,0,0,6,0,0,1,0,0,91,6,0,7,0,0,3,7,20,3,8,1,0,0,0,68,8,0
/Users/larrymotuzis/Larry_Motuzis_Data/Project05_CommonsCollections/src/main/java/org/apache/commons/collections4/sequence/KeepCommand.java,org.apache.commons.collections4.sequence.KeepCommand,class,3,5,2,3,2,2,0,2,1,0.0,0.0,0.0,2,0,2,0,0,0,2,0,0,0,0,0,0,0,0,0,0,0,0,8,0,0,0,0,0,0,0,0,0,0,0,0,0,0,66,1,0
/Users/larrymotuzis/Larry_Motuzis_Data/Project05_CommonsCollections/src/main/java/org/apache/commons/collections4/multiset/AbstractMapMultiSet.java,org.apache.commons.collections4.multiset.AbstractMapMultiSet$MutableInteger,innerclass,1,1,0,1,5,1,0,0,0,0.0,1.0,1.0,3,0,2,0,0,1,3,0,0,0,1,0,0,0,1,0,0,0,0,15,3,0,1,0,2,0,0,1,0,1,1,0,0,0,17,12,0
/Users/larrymotuzis/Larry_Motuzis_Data/Project05_CommonsCollections/src/main/java/org/apache/commons/collections4/bidimap/DualHashBidiMap.java,org.apache.commons.collections4.bidimap.DualHashBidiMap,class,5,6,1,5,6,2,0,5,15,1.0,0.0,0.0,6,0,2,2,2,0,4,0,0,0,1,1,0,1,0,0,1,0,0,27,1,0,0,0,0,1,1,4,0,2,0,0,0,0,111,1,0
/Users/larrymotuzis/Larry_Motuzis_Data/Project05_CommonsCollections/src/main/java/org/apache/commons/collections4/functors/PrototypeFactory.java,org.apache.commons.collections4.functors.PrototypeFactory$PrototypeCloneFactory,innerclass,4,4,0,4,7,1,0,4,0,0.0,NaN,NaN,3,0,1,2,0,0,1,0,0,0,2,0,0,2,0,0,1,0,0,30,1,0,1,2,0,5,0,3,0,2,1,0,0,0,50,8,0
/Users/larrymotuzis/Larry_Motuzis_Data/Project05_CommonsCollections/src/main/java/org/apache/commons/collections4/properties/AbstractPropertiesFactory.java,org.apache.commons.collections4.properties.AbstractPropertiesFactory,class,3,7,4,3,14,1,0,16,55,0.0,0.0,0.0,11,0,9,0,2,0,11,1,0,0,0,0,0,0,0,0,0,0,7,61,11,0,3,3,0,0,0,6,0,6,1,0,1,0,95,1025,0
/Users/larrymotuzis/Larry_Motuzis_Data/Project05_CommonsCollections/src/main/java/org/apache/commons/collections4/bloomfilter/IndexExtractor.java,org.apache.commons.collections4.bloomfilter.IndexExtractor$Anonymous3,anonymous,2,2,0,2,4,1,0,2,1,0.0,0.0,0.0,2,0,2,0,0,0,2,0,0,0,0,0,0,0,0,0,0,0,0,13,3,1,0,0,0,0,3,2,1,1,2,0,0,0,11,-1,0
/Users/larrymotuzis/Larry_Motuzis_Data/Project05_CommonsCollections/src/main/java/org/apache/commons/collections4/functors/ConstantTransformer.java,org.apache.commons.collections4.functors.ConstantTransformer,class,6,11,5,6,11,1,0,6,9,0.7619048,0.14285715,0.14285715,7,2,7,0,0,0,7,0,0,0,3,2,1,2,0,0,3,0,2,40,9,0,3,0,2,2,2,6,1,5,1,0,0,0,92,1,0
/Users/larrymotuzis/Larry_Motuzis_Data/Project05_CommonsCollections/src/main/java/org/apache/commons/collections4/functors/ExceptionTransformer.java,org.apache.commons.collections4.functors.ExceptionTransformer,class,7,9,2,7,4,1,0,0,4,0.75,0.0,0.0,4,1,2,2,0,0,2,0,0,0,2,2,1,1,0,0,2,0,0,15,2,0,0,0,0,2,1,2,0,2,0,0,0,0,50,17,0
/Users/larrymotuzis/Larry_Motuzis_Data/Project05_CommonsCollections/src/main/java/org/apache/commons/collections4/bloomfilter/IndexExtractor.java,org.apache.commons.collections4.bloomfilter.IndexExtractor$Anonymous2,anonymous,1,1,0,1,4,1,0,2,1,0.0,0.0,0.0,2,0,2,0,0,0,2,0,0,0,0,0,0,0,0,0,0,0,0,13,3,1,0,0,0,0,0,0,0,0,2,0,0,0,12,-1,0
/Users/larrymotuzis/Larry_Motuzis_Data/Project05_CommonsCollections/src/main/java/org/apache/commons/collections4/bloomfilter/IndexExtractor.java,org.apache.commons.collections4.bloomfilter.IndexExtractor$Anonymous1,anonymous,0,0,0,0,5,1,0,1,0,0.0,NaN,NaN,1,0,1,0,0,0,1,0,0,0,1,0,0,0,0,1,0,0,0,15,2,1,2,0,1,0,5,3,0,2,2,0,0,0,6,-1,0
/Users/larrymotuzis/Larry_Motuzis_Data/Project05_CommonsCollections/src/main/java/org/apache/commons/collections4/Put.java,org.apache.commons.collections4.Put,interface,2,6,4,2,3,1,0,0,3,0.0,0.0,0.0,3,0,0,0,0,3,3,0,0,0,0,0,0,0,0,0,0,0,0,5,0,0,0,0,0,0,0,0,0,0,0,0,0,0,75,1,0
/Users/larrymotuzis/Larry_Motuzis_Data/Project05_CommonsCollections/src/main/java/org/apache/commons/collections4/trie/AbstractPatriciaTrie.java,org.apache.commons.collections4.trie.AbstractPatriciaTrie$AbstractRangeMap,innerclass,5,5,0,5,38,2,0,18,169,0.8947368,0.0058479533,0.0058479533,19,0,9,0,10,0,19,6,0,0,1,0,0,1,0,0,0,0,0,91,18,0,5,0,4,5,4,11,5,11,1,0,0,0,77,1026,0
/Users/larrymotuzis/Larry_Motuzis_Data/Project05_CommonsCollections/src/main/java/org/apache/commons/collections4/map/PredicatedMap.java,org.apache.commons.collections4.map.PredicatedMap,class,5,8,3,5,16,4,0,12,16,0.7037037,0.47619048,0.47619048,9,1,3,2,4,0,7,0,0,0,3,1,0,1,2,0,3,0,0,49,4,1,3,0,0,4,1,4,0,3,1,0,0,0,153,1,0
/Users/larrymotuzis/Larry_Motuzis_Data/Project05_CommonsCollections/src/main/java/org/apache/commons/collections4/map/AbstractHashedMap.java,org.apache.commons.collections4.map.AbstractHashedMap$EntrySetIterator,innerclass,5,5,0,5,2,2,0,1,1,0.0,0.0,0.0,2,0,1,0,1,0,2,0,0,0,0,0,0,0,0,0,0,0,0,8,1,0,0,0,0,0,0,0,0,0,0,0,0,0,17,12,0
/Users/larrymotuzis/Larry_Motuzis_Data/Project05_CommonsCollections/src/main/java/org/apache/commons/collections4/IterableUtils.java,org.apache.commons.collections4.IterableUtils$Anonymous3$Anonymous4,anonymous,0,0,0,0,2,1,0,1,0,0.0,NaN,NaN,1,0,0,0,1,0,1,0,0,0,0,0,0,0,0,0,0,0,0,8,2,0,0,0,0,0,1,0,1,0,1,0,0,0,5,-1,0
/Users/larrymotuzis/Larry_Motuzis_Data/Project05_CommonsCollections/src/main/java/org/apache/commons/collections4/map/AbstractLinkedMap.java,org.apache.commons.collections4.map.AbstractLinkedMap$LinkEntry,innerclass,4,4,0,4,1,2,0,0,0,1.0,NaN,NaN,1,0,0,0,1,0,1,0,0,0,2,0,0,0,2,0,0,0,0,7,0,0,0,0,0,0,0,0,0,2,0,0,0,0,46,12,0
/Users/larrymotuzis/Larry_Motuzis_Data/Project05_CommonsCollections/src/main/java/org/apache/commons/collections4/map/UnmodifiableOrderedMap.java,org.apache.commons.collections4.map.UnmodifiableOrderedMap,class,11,12,1,11,13,4,0,13,66,1.0,0.0,0.0,12,1,9,3,0,0,9,0,0,0,1,1,0,1,0,0,1,0,4,49,6,0,0,0,0,3,1,7,0,6,1,0,0,0,102,17,0
/Users/larrymotuzis/Larry_Motuzis_Data/Project05_CommonsCollections/src/main/java/org/apache/commons/collections4/iterators/AbstractUntypedIteratorDecorator.java,org.apache.commons.collections4.iterators.AbstractUntypedIteratorDecorator,class,2,13,11,2,4,1,0,3,0,0.0,1.0,1.0,4,0,2,0,2,0,4,0,0,0,1,0,0,1,0,0,1,0,1,15,2,0,0,0,0,1,0,1,0,1,0,0,0,0,46,1025,0
/Users/larrymotuzis/Larry_Motuzis_Data/Project05_CommonsCollections/src/main/java/org/apache/commons/collections4/CollectionUtils.java,org.apache.commons.collections4.CollectionUtils$EquatorWrapper,innerclass,3,3,0,3,5,1,0,3,0,0.125,1.0,1.0,4,0,3,0,0,1,4,0,0,0,2,0,0,2,0,0,2,0,0,21,4,0,0,0,1,1,0,3,0,3,1,0,0,0,33,26,0
