file,class,method,variable,usage
/Users/larrymotuzis/Larry_Motuzis_Data/Project05_CommonsCollections/src/main/java/org/apache/commons/collections4/map/AbstractLinkedMap.java,org.apache.commons.collections4.map.AbstractLinkedMap,containsValue/1[java.lang.Object],header,2
/Users/larrymotuzis/Larry_Motuzis_Data/Project05_CommonsCollections/src/main/java/org/apache/commons/collections4/map/AbstractLinkedMap.java,org.apache.commons.collections4.map.AbstractLinkedMap,previousKey/1[java.lang.Object],header,1
/Users/larrymotuzis/Larry_Motuzis_Data/Project05_CommonsCollections/src/main/java/org/apache/commons/collections4/map/AbstractLinkedMap.java,org.apache.commons.collections4.map.AbstractLinkedMap,nextKey/1[java.lang.Object],header,1
/Users/larrymotuzis/Larry_Motuzis_Data/Project05_CommonsCollections/src/main/java/org/apache/commons/collections4/map/AbstractLinkedMap.java,org.apache.commons.collections4.map.AbstractLinkedMap,clear/0,header,1
/Users/larrymotuzis/Larry_Motuzis_Data/Project05_CommonsCollections/src/main/java/org/apache/commons/collections4/map/AbstractLinkedMap.java,org.apache.commons.collections4.map.AbstractLinkedMap,"addEntry/2[org.apache.commons.collections4.map.AbstractHashedMap.HashEntry<K,V>,int]",header,1
/Users/larrymotuzis/Larry_Motuzis_Data/Project05_CommonsCollections/src/main/java/org/apache/commons/collections4/map/AbstractLinkedMap.java,org.apache.commons.collections4.map.AbstractLinkedMap,getEntry/1[int],header,1
/Users/larrymotuzis/Larry_Motuzis_Data/Project05_CommonsCollections/src/main/java/org/apache/commons/collections4/map/AbstractLinkedMap.java,org.apache.commons.collections4.map.AbstractLinkedMap,init/0,header,2
/Users/larrymotuzis/Larry_Motuzis_Data/Project05_CommonsCollections/src/main/java/org/apache/commons/collections4/map/Flat3Map.java,org.apache.commons.collections4.map.Flat3Map,equals/1[java.lang.Object],key1,2
/Users/larrymotuzis/Larry_Motuzis_Data/Project05_CommonsCollections/src/main/java/org/apache/commons/collections4/map/Flat3Map.java,org.apache.commons.collections4.map.Flat3Map,equals/1[java.lang.Object],key2,2
/Users/larrymotuzis/Larry_Motuzis_Data/Project05_CommonsCollections/src/main/java/org/apache/commons/collections4/map/Flat3Map.java,org.apache.commons.collections4.map.Flat3Map,equals/1[java.lang.Object],size,4
/Users/larrymotuzis/Larry_Motuzis_Data/Project05_CommonsCollections/src/main/java/org/apache/commons/collections4/map/Flat3Map.java,org.apache.commons.collections4.map.Flat3Map,equals/1[java.lang.Object],value2,1
/Users/larrymotuzis/Larry_Motuzis_Data/Project05_CommonsCollections/src/main/java/org/apache/commons/collections4/map/Flat3Map.java,org.apache.commons.collections4.map.Flat3Map,equals/1[java.lang.Object],value1,1
/Users/larrymotuzis/Larry_Motuzis_Data/Project05_CommonsCollections/src/main/java/org/apache/commons/collections4/map/Flat3Map.java,org.apache.commons.collections4.map.Flat3Map,equals/1[java.lang.Object],key3,2
/Users/larrymotuzis/Larry_Motuzis_Data/Project05_CommonsCollections/src/main/java/org/apache/commons/collections4/map/Flat3Map.java,org.apache.commons.collections4.map.Flat3Map,equals/1[java.lang.Object],value3,1
/Users/larrymotuzis/Larry_Motuzis_Data/Project05_CommonsCollections/src/main/java/org/apache/commons/collections4/map/Flat3Map.java,org.apache.commons.collections4.map.Flat3Map,equals/1[java.lang.Object],delegateMap,2
/Users/larrymotuzis/Larry_Motuzis_Data/Project05_CommonsCollections/src/main/java/org/apache/commons/collections4/map/Flat3Map.java,org.apache.commons.collections4.map.Flat3Map,isEmpty/0,size,1
/Users/larrymotuzis/Larry_Motuzis_Data/Project05_CommonsCollections/src/main/java/org/apache/commons/collections4/map/Flat3Map.java,org.apache.commons.collections4.map.Flat3Map,"putAll/1[java.util.Map<? extends K,? extends V>]",delegateMap,3
/Users/larrymotuzis/Larry_Motuzis_Data/Project05_CommonsCollections/src/main/java/org/apache/commons/collections4/map/Flat3Map.java,org.apache.commons.collections4.map.Flat3Map,values/0,delegateMap,2
/Users/larrymotuzis/Larry_Motuzis_Data/Project05_CommonsCollections/src/main/java/org/apache/commons/collections4/map/Flat3Map.java,org.apache.commons.collections4.map.Flat3Map,readObject/1[java.io.ObjectInputStream],delegateMap,1
/Users/larrymotuzis/Larry_Motuzis_Data/Project05_CommonsCollections/src/main/java/org/apache/commons/collections4/map/Flat3Map.java,org.apache.commons.collections4.map.Flat3Map,containsValue/1[java.lang.Object],size,2
/Users/larrymotuzis/Larry_Motuzis_Data/Project05_CommonsCollections/src/main/java/org/apache/commons/collections4/map/Flat3Map.java,org.apache.commons.collections4.map.Flat3Map,containsValue/1[java.lang.Object],value2,2
/Users/larrymotuzis/Larry_Motuzis_Data/Project05_CommonsCollections/src/main/java/org/apache/commons/collections4/map/Flat3Map.java,org.apache.commons.collections4.map.Flat3Map,containsValue/1[java.lang.Object],value1,2
/Users/larrymotuzis/Larry_Motuzis_Data/Project05_CommonsCollections/src/main/java/org/apache/commons/collections4/map/Flat3Map.java,org.apache.commons.collections4.map.Flat3Map,containsValue/1[java.lang.Object],value3,2
/Users/larrymotuzis/Larry_Motuzis_Data/Project05_CommonsCollections/src/main/java/org/apache/commons/collections4/map/Flat3Map.java,org.apache.commons.collections4.map.Flat3Map,containsValue/1[java.lang.Object],delegateMap,2
/Users/larrymotuzis/Larry_Motuzis_Data/Project05_CommonsCollections/src/main/java/org/apache/commons/collections4/map/Flat3Map.java,org.apache.commons.collections4.map.Flat3Map,writeObject/1[java.io.ObjectOutputStream],size,1
/Users/larrymotuzis/Larry_Motuzis_Data/Project05_CommonsCollections/src/main/java/org/apache/commons/collections4/map/Flat3Map.java,org.apache.commons.collections4.map.Flat3Map,size/0,size,3
/Users/larrymotuzis/Larry_Motuzis_Data/Project05_CommonsCollections/src/main/java/org/apache/commons/collections4/map/Flat3Map.java,org.apache.commons.collections4.map.Flat3Map,size/0,delegateMap,2
/Users/larrymotuzis/Larry_Motuzis_Data/Project05_CommonsCollections/src/main/java/org/apache/commons/collections4/map/Flat3Map.java,org.apache.commons.collections4.map.Flat3Map,remove/1[java.lang.Object],key1,12
/Users/larrymotuzis/Larry_Motuzis_Data/Project05_CommonsCollections/src/main/java/org/apache/commons/collections4/map/Flat3Map.java,org.apache.commons.collections4.map.Flat3Map,remove/1[java.lang.Object],key2,12
/Users/larrymotuzis/Larry_Motuzis_Data/Project05_CommonsCollections/src/main/java/org/apache/commons/collections4/map/Flat3Map.java,org.apache.commons.collections4.map.Flat3Map,remove/1[java.lang.Object],hash3,11
/Users/larrymotuzis/Larry_Motuzis_Data/Project05_CommonsCollections/src/main/java/org/apache/commons/collections4/map/Flat3Map.java,org.apache.commons.collections4.map.Flat3Map,remove/1[java.lang.Object],hash2,10
/Users/larrymotuzis/Larry_Motuzis_Data/Project05_CommonsCollections/src/main/java/org/apache/commons/collections4/map/Flat3Map.java,org.apache.commons.collections4.map.Flat3Map,remove/1[java.lang.Object],size,16
/Users/larrymotuzis/Larry_Motuzis_Data/Project05_CommonsCollections/src/main/java/org/apache/commons/collections4/map/Flat3Map.java,org.apache.commons.collections4.map.Flat3Map,remove/1[java.lang.Object],value2,12
/Users/larrymotuzis/Larry_Motuzis_Data/Project05_CommonsCollections/src/main/java/org/apache/commons/collections4/map/Flat3Map.java,org.apache.commons.collections4.map.Flat3Map,remove/1[java.lang.Object],hash1,9
/Users/larrymotuzis/Larry_Motuzis_Data/Project05_CommonsCollections/src/main/java/org/apache/commons/collections4/map/Flat3Map.java,org.apache.commons.collections4.map.Flat3Map,remove/1[java.lang.Object],value1,12
/Users/larrymotuzis/Larry_Motuzis_Data/Project05_CommonsCollections/src/main/java/org/apache/commons/collections4/map/Flat3Map.java,org.apache.commons.collections4.map.Flat3Map,remove/1[java.lang.Object],key3,12
/Users/larrymotuzis/Larry_Motuzis_Data/Project05_CommonsCollections/src/main/java/org/apache/commons/collections4/map/Flat3Map.java,org.apache.commons.collections4.map.Flat3Map,remove/1[java.lang.Object],value3,12
/Users/larrymotuzis/Larry_Motuzis_Data/Project05_CommonsCollections/src/main/java/org/apache/commons/collections4/map/Flat3Map.java,org.apache.commons.collections4.map.Flat3Map,remove/1[java.lang.Object],delegateMap,2
/Users/larrymotuzis/Larry_Motuzis_Data/Project05_CommonsCollections/src/main/java/org/apache/commons/collections4/map/Flat3Map.java,org.apache.commons.collections4.map.Flat3Map,convertToMap/0,key1,2
/Users/larrymotuzis/Larry_Motuzis_Data/Project05_CommonsCollections/src/main/java/org/apache/commons/collections4/map/Flat3Map.java,org.apache.commons.collections4.map.Flat3Map,convertToMap/0,key2,2
/Users/larrymotuzis/Larry_Motuzis_Data/Project05_CommonsCollections/src/main/java/org/apache/commons/collections4/map/Flat3Map.java,org.apache.commons.collections4.map.Flat3Map,convertToMap/0,hash3,1
/Users/larrymotuzis/Larry_Motuzis_Data/Project05_CommonsCollections/src/main/java/org/apache/commons/collections4/map/Flat3Map.java,org.apache.commons.collections4.map.Flat3Map,convertToMap/0,hash2,1
/Users/larrymotuzis/Larry_Motuzis_Data/Project05_CommonsCollections/src/main/java/org/apache/commons/collections4/map/Flat3Map.java,org.apache.commons.collections4.map.Flat3Map,convertToMap/0,size,3
/Users/larrymotuzis/Larry_Motuzis_Data/Project05_CommonsCollections/src/main/java/org/apache/commons/collections4/map/Flat3Map.java,org.apache.commons.collections4.map.Flat3Map,convertToMap/0,value2,2
/Users/larrymotuzis/Larry_Motuzis_Data/Project05_CommonsCollections/src/main/java/org/apache/commons/collections4/map/Flat3Map.java,org.apache.commons.collections4.map.Flat3Map,convertToMap/0,hash1,1
/Users/larrymotuzis/Larry_Motuzis_Data/Project05_CommonsCollections/src/main/java/org/apache/commons/collections4/map/Flat3Map.java,org.apache.commons.collections4.map.Flat3Map,convertToMap/0,value1,2
/Users/larrymotuzis/Larry_Motuzis_Data/Project05_CommonsCollections/src/main/java/org/apache/commons/collections4/map/Flat3Map.java,org.apache.commons.collections4.map.Flat3Map,convertToMap/0,key3,2
/Users/larrymotuzis/Larry_Motuzis_Data/Project05_CommonsCollections/src/main/java/org/apache/commons/collections4/map/Flat3Map.java,org.apache.commons.collections4.map.Flat3Map,convertToMap/0,value3,2
/Users/larrymotuzis/Larry_Motuzis_Data/Project05_CommonsCollections/src/main/java/org/apache/commons/collections4/map/Flat3Map.java,org.apache.commons.collections4.map.Flat3Map,convertToMap/0,delegateMap,4
/Users/larrymotuzis/Larry_Motuzis_Data/Project05_CommonsCollections/src/main/java/org/apache/commons/collections4/map/Flat3Map.java,org.apache.commons.collections4.map.Flat3Map,clear/0,key1,1
/Users/larrymotuzis/Larry_Motuzis_Data/Project05_CommonsCollections/src/main/java/org/apache/commons/collections4/map/Flat3Map.java,org.apache.commons.collections4.map.Flat3Map,clear/0,key2,1
/Users/larrymotuzis/Larry_Motuzis_Data/Project05_CommonsCollections/src/main/java/org/apache/commons/collections4/map/Flat3Map.java,org.apache.commons.collections4.map.Flat3Map,clear/0,hash3,1
/Users/larrymotuzis/Larry_Motuzis_Data/Project05_CommonsCollections/src/main/java/org/apache/commons/collections4/map/Flat3Map.java,org.apache.commons.collections4.map.Flat3Map,clear/0,hash2,1
/Users/larrymotuzis/Larry_Motuzis_Data/Project05_CommonsCollections/src/main/java/org/apache/commons/collections4/map/Flat3Map.java,org.apache.commons.collections4.map.Flat3Map,clear/0,size,1
/Users/larrymotuzis/Larry_Motuzis_Data/Project05_CommonsCollections/src/main/java/org/apache/commons/collections4/map/Flat3Map.java,org.apache.commons.collections4.map.Flat3Map,clear/0,hash1,1
/Users/larrymotuzis/Larry_Motuzis_Data/Project05_CommonsCollections/src/main/java/org/apache/commons/collections4/map/Flat3Map.java,org.apache.commons.collections4.map.Flat3Map,clear/0,value2,1
/Users/larrymotuzis/Larry_Motuzis_Data/Project05_CommonsCollections/src/main/java/org/apache/commons/collections4/map/Flat3Map.java,org.apache.commons.collections4.map.Flat3Map,clear/0,value1,1
/Users/larrymotuzis/Larry_Motuzis_Data/Project05_CommonsCollections/src/main/java/org/apache/commons/collections4/map/Flat3Map.java,org.apache.commons.collections4.map.Flat3Map,clear/0,key3,1
/Users/larrymotuzis/Larry_Motuzis_Data/Project05_CommonsCollections/src/main/java/org/apache/commons/collections4/map/Flat3Map.java,org.apache.commons.collections4.map.Flat3Map,clear/0,value3,1
/Users/larrymotuzis/Larry_Motuzis_Data/Project05_CommonsCollections/src/main/java/org/apache/commons/collections4/map/Flat3Map.java,org.apache.commons.collections4.map.Flat3Map,clear/0,delegateMap,3
/Users/larrymotuzis/Larry_Motuzis_Data/Project05_CommonsCollections/src/main/java/org/apache/commons/collections4/map/Flat3Map.java,org.apache.commons.collections4.map.Flat3Map,keySet/0,delegateMap,2
/Users/larrymotuzis/Larry_Motuzis_Data/Project05_CommonsCollections/src/main/java/org/apache/commons/collections4/map/Flat3Map.java,org.apache.commons.collections4.map.Flat3Map,hashCode/0,hash3,1
/Users/larrymotuzis/Larry_Motuzis_Data/Project05_CommonsCollections/src/main/java/org/apache/commons/collections4/map/Flat3Map.java,org.apache.commons.collections4.map.Flat3Map,hashCode/0,hash2,1
/Users/larrymotuzis/Larry_Motuzis_Data/Project05_CommonsCollections/src/main/java/org/apache/commons/collections4/map/Flat3Map.java,org.apache.commons.collections4.map.Flat3Map,hashCode/0,size,2
/Users/larrymotuzis/Larry_Motuzis_Data/Project05_CommonsCollections/src/main/java/org/apache/commons/collections4/map/Flat3Map.java,org.apache.commons.collections4.map.Flat3Map,hashCode/0,value2,2
/Users/larrymotuzis/Larry_Motuzis_Data/Project05_CommonsCollections/src/main/java/org/apache/commons/collections4/map/Flat3Map.java,org.apache.commons.collections4.map.Flat3Map,hashCode/0,hash1,1
/Users/larrymotuzis/Larry_Motuzis_Data/Project05_CommonsCollections/src/main/java/org/apache/commons/collections4/map/Flat3Map.java,org.apache.commons.collections4.map.Flat3Map,hashCode/0,value1,2
/Users/larrymotuzis/Larry_Motuzis_Data/Project05_CommonsCollections/src/main/java/org/apache/commons/collections4/map/Flat3Map.java,org.apache.commons.collections4.map.Flat3Map,hashCode/0,value3,2
/Users/larrymotuzis/Larry_Motuzis_Data/Project05_CommonsCollections/src/main/java/org/apache/commons/collections4/map/Flat3Map.java,org.apache.commons.collections4.map.Flat3Map,hashCode/0,delegateMap,2
/Users/larrymotuzis/Larry_Motuzis_Data/Project05_CommonsCollections/src/main/java/org/apache/commons/collections4/map/Flat3Map.java,org.apache.commons.collections4.map.Flat3Map,mapIterator/0,size,1
/Users/larrymotuzis/Larry_Motuzis_Data/Project05_CommonsCollections/src/main/java/org/apache/commons/collections4/map/Flat3Map.java,org.apache.commons.collections4.map.Flat3Map,mapIterator/0,delegateMap,2
/Users/larrymotuzis/Larry_Motuzis_Data/Project05_CommonsCollections/src/main/java/org/apache/commons/collections4/map/Flat3Map.java,org.apache.commons.collections4.map.Flat3Map,get/1[java.lang.Object],key1,2
/Users/larrymotuzis/Larry_Motuzis_Data/Project05_CommonsCollections/src/main/java/org/apache/commons/collections4/map/Flat3Map.java,org.apache.commons.collections4.map.Flat3Map,get/1[java.lang.Object],key2,2
/Users/larrymotuzis/Larry_Motuzis_Data/Project05_CommonsCollections/src/main/java/org/apache/commons/collections4/map/Flat3Map.java,org.apache.commons.collections4.map.Flat3Map,get/1[java.lang.Object],hash3,1
/Users/larrymotuzis/Larry_Motuzis_Data/Project05_CommonsCollections/src/main/java/org/apache/commons/collections4/map/Flat3Map.java,org.apache.commons.collections4.map.Flat3Map,get/1[java.lang.Object],hash2,1
/Users/larrymotuzis/Larry_Motuzis_Data/Project05_CommonsCollections/src/main/java/org/apache/commons/collections4/map/Flat3Map.java,org.apache.commons.collections4.map.Flat3Map,get/1[java.lang.Object],size,3
/Users/larrymotuzis/Larry_Motuzis_Data/Project05_CommonsCollections/src/main/java/org/apache/commons/collections4/map/Flat3Map.java,org.apache.commons.collections4.map.Flat3Map,get/1[java.lang.Object],value2,2
/Users/larrymotuzis/Larry_Motuzis_Data/Project05_CommonsCollections/src/main/java/org/apache/commons/collections4/map/Flat3Map.java,org.apache.commons.collections4.map.Flat3Map,get/1[java.lang.Object],hash1,1
/Users/larrymotuzis/Larry_Motuzis_Data/Project05_CommonsCollections/src/main/java/org/apache/commons/collections4/map/Flat3Map.java,org.apache.commons.collections4.map.Flat3Map,get/1[java.lang.Object],value1,2
/Users/larrymotuzis/Larry_Motuzis_Data/Project05_CommonsCollections/src/main/java/org/apache/commons/collections4/map/Flat3Map.java,org.apache.commons.collections4.map.Flat3Map,get/1[java.lang.Object],key3,2
/Users/larrymotuzis/Larry_Motuzis_Data/Project05_CommonsCollections/src/main/java/org/apache/commons/collections4/map/Flat3Map.java,org.apache.commons.collections4.map.Flat3Map,get/1[java.lang.Object],value3,2
/Users/larrymotuzis/Larry_Motuzis_Data/Project05_CommonsCollections/src/main/java/org/apache/commons/collections4/map/Flat3Map.java,org.apache.commons.collections4.map.Flat3Map,get/1[java.lang.Object],delegateMap,2
/Users/larrymotuzis/Larry_Motuzis_Data/Project05_CommonsCollections/src/main/java/org/apache/commons/collections4/map/Flat3Map.java,org.apache.commons.collections4.map.Flat3Map,toString/0,key1,2
/Users/larrymotuzis/Larry_Motuzis_Data/Project05_CommonsCollections/src/main/java/org/apache/commons/collections4/map/Flat3Map.java,org.apache.commons.collections4.map.Flat3Map,toString/0,key2,2
/Users/larrymotuzis/Larry_Motuzis_Data/Project05_CommonsCollections/src/main/java/org/apache/commons/collections4/map/Flat3Map.java,org.apache.commons.collections4.map.Flat3Map,toString/0,size,3
/Users/larrymotuzis/Larry_Motuzis_Data/Project05_CommonsCollections/src/main/java/org/apache/commons/collections4/map/Flat3Map.java,org.apache.commons.collections4.map.Flat3Map,toString/0,value2,2
/Users/larrymotuzis/Larry_Motuzis_Data/Project05_CommonsCollections/src/main/java/org/apache/commons/collections4/map/Flat3Map.java,org.apache.commons.collections4.map.Flat3Map,toString/0,value1,2
/Users/larrymotuzis/Larry_Motuzis_Data/Project05_CommonsCollections/src/main/java/org/apache/commons/collections4/map/Flat3Map.java,org.apache.commons.collections4.map.Flat3Map,toString/0,key3,2
/Users/larrymotuzis/Larry_Motuzis_Data/Project05_CommonsCollections/src/main/java/org/apache/commons/collections4/map/Flat3Map.java,org.apache.commons.collections4.map.Flat3Map,toString/0,value3,2
/Users/larrymotuzis/Larry_Motuzis_Data/Project05_CommonsCollections/src/main/java/org/apache/commons/collections4/map/Flat3Map.java,org.apache.commons.collections4.map.Flat3Map,toString/0,delegateMap,2
/Users/larrymotuzis/Larry_Motuzis_Data/Project05_CommonsCollections/src/main/java/org/apache/commons/collections4/map/Flat3Map.java,org.apache.commons.collections4.map.Flat3Map,"put/2[K,V]",key1,3
/Users/larrymotuzis/Larry_Motuzis_Data/Project05_CommonsCollections/src/main/java/org/apache/commons/collections4/map/Flat3Map.java,org.apache.commons.collections4.map.Flat3Map,"put/2[K,V]",key2,3
/Users/larrymotuzis/Larry_Motuzis_Data/Project05_CommonsCollections/src/main/java/org/apache/commons/collections4/map/Flat3Map.java,org.apache.commons.collections4.map.Flat3Map,"put/2[K,V]",hash3,2
/Users/larrymotuzis/Larry_Motuzis_Data/Project05_CommonsCollections/src/main/java/org/apache/commons/collections4/map/Flat3Map.java,org.apache.commons.collections4.map.Flat3Map,"put/2[K,V]",hash2,2
/Users/larrymotuzis/Larry_Motuzis_Data/Project05_CommonsCollections/src/main/java/org/apache/commons/collections4/map/Flat3Map.java,org.apache.commons.collections4.map.Flat3Map,"put/2[K,V]",size,5
/Users/larrymotuzis/Larry_Motuzis_Data/Project05_CommonsCollections/src/main/java/org/apache/commons/collections4/map/Flat3Map.java,org.apache.commons.collections4.map.Flat3Map,"put/2[K,V]",value2,5
/Users/larrymotuzis/Larry_Motuzis_Data/Project05_CommonsCollections/src/main/java/org/apache/commons/collections4/map/Flat3Map.java,org.apache.commons.collections4.map.Flat3Map,"put/2[K,V]",hash1,2
/Users/larrymotuzis/Larry_Motuzis_Data/Project05_CommonsCollections/src/main/java/org/apache/commons/collections4/map/Flat3Map.java,org.apache.commons.collections4.map.Flat3Map,"put/2[K,V]",value1,5
/Users/larrymotuzis/Larry_Motuzis_Data/Project05_CommonsCollections/src/main/java/org/apache/commons/collections4/map/Flat3Map.java,org.apache.commons.collections4.map.Flat3Map,"put/2[K,V]",key3,3
/Users/larrymotuzis/Larry_Motuzis_Data/Project05_CommonsCollections/src/main/java/org/apache/commons/collections4/map/Flat3Map.java,org.apache.commons.collections4.map.Flat3Map,"put/2[K,V]",value3,5
/Users/larrymotuzis/Larry_Motuzis_Data/Project05_CommonsCollections/src/main/java/org/apache/commons/collections4/map/Flat3Map.java,org.apache.commons.collections4.map.Flat3Map,"put/2[K,V]",delegateMap,3
/Users/larrymotuzis/Larry_Motuzis_Data/Project05_CommonsCollections/src/main/java/org/apache/commons/collections4/map/Flat3Map.java,org.apache.commons.collections4.map.Flat3Map,containsKey/1[java.lang.Object],key1,2
/Users/larrymotuzis/Larry_Motuzis_Data/Project05_CommonsCollections/src/main/java/org/apache/commons/collections4/map/Flat3Map.java,org.apache.commons.collections4.map.Flat3Map,containsKey/1[java.lang.Object],key2,2
/Users/larrymotuzis/Larry_Motuzis_Data/Project05_CommonsCollections/src/main/java/org/apache/commons/collections4/map/Flat3Map.java,org.apache.commons.collections4.map.Flat3Map,containsKey/1[java.lang.Object],hash3,1
/Users/larrymotuzis/Larry_Motuzis_Data/Project05_CommonsCollections/src/main/java/org/apache/commons/collections4/map/Flat3Map.java,org.apache.commons.collections4.map.Flat3Map,containsKey/1[java.lang.Object],hash2,1
/Users/larrymotuzis/Larry_Motuzis_Data/Project05_CommonsCollections/src/main/java/org/apache/commons/collections4/map/Flat3Map.java,org.apache.commons.collections4.map.Flat3Map,containsKey/1[java.lang.Object],size,3
/Users/larrymotuzis/Larry_Motuzis_Data/Project05_CommonsCollections/src/main/java/org/apache/commons/collections4/map/Flat3Map.java,org.apache.commons.collections4.map.Flat3Map,containsKey/1[java.lang.Object],hash1,1
/Users/larrymotuzis/Larry_Motuzis_Data/Project05_CommonsCollections/src/main/java/org/apache/commons/collections4/map/Flat3Map.java,org.apache.commons.collections4.map.Flat3Map,containsKey/1[java.lang.Object],key3,2
/Users/larrymotuzis/Larry_Motuzis_Data/Project05_CommonsCollections/src/main/java/org/apache/commons/collections4/map/Flat3Map.java,org.apache.commons.collections4.map.Flat3Map,containsKey/1[java.lang.Object],delegateMap,2
/Users/larrymotuzis/Larry_Motuzis_Data/Project05_CommonsCollections/src/main/java/org/apache/commons/collections4/map/Flat3Map.java,org.apache.commons.collections4.map.Flat3Map,entrySet/0,delegateMap,2
/Users/larrymotuzis/Larry_Motuzis_Data/Project05_CommonsCollections/src/main/java/org/apache/commons/collections4/splitmap/TransformedSplitMap.java,org.apache.commons.collections4.splitmap.TransformedSplitMap,"transformingMap/3[java.util.Map<K,V>,org.apache.commons.collections4.Transformer<? super J,? extends K>,org.apache.commons.collections4.Transformer<? super U,? extends V>]",valueTransformer,3
/Users/larrymotuzis/Larry_Motuzis_Data/Project05_CommonsCollections/src/main/java/org/apache/commons/collections4/splitmap/TransformedSplitMap.java,org.apache.commons.collections4.splitmap.TransformedSplitMap,"transformingMap/3[java.util.Map<K,V>,org.apache.commons.collections4.Transformer<? super J,? extends K>,org.apache.commons.collections4.Transformer<? super U,? extends V>]",keyTransformer,3
/Users/larrymotuzis/Larry_Motuzis_Data/Project05_CommonsCollections/src/main/java/org/apache/commons/collections4/splitmap/TransformedSplitMap.java,org.apache.commons.collections4.splitmap.TransformedSplitMap,"TransformedSplitMap/3[java.util.Map<K,V>,org.apache.commons.collections4.Transformer<? super J,? extends K>,org.apache.commons.collections4.Transformer<? super U,? extends V>]",valueTransformer,4
/Users/larrymotuzis/Larry_Motuzis_Data/Project05_CommonsCollections/src/main/java/org/apache/commons/collections4/splitmap/TransformedSplitMap.java,org.apache.commons.collections4.splitmap.TransformedSplitMap,"TransformedSplitMap/3[java.util.Map<K,V>,org.apache.commons.collections4.Transformer<? super J,? extends K>,org.apache.commons.collections4.Transformer<? super U,? extends V>]",keyTransformer,4
/Users/larrymotuzis/Larry_Motuzis_Data/Project05_CommonsCollections/src/main/java/org/apache/commons/collections4/splitmap/TransformedSplitMap.java,org.apache.commons.collections4.splitmap.TransformedSplitMap,transformKey/1[J],keyTransformer,1
/Users/larrymotuzis/Larry_Motuzis_Data/Project05_CommonsCollections/src/main/java/org/apache/commons/collections4/splitmap/TransformedSplitMap.java,org.apache.commons.collections4.splitmap.TransformedSplitMap,transformValue/1[U],valueTransformer,1
/Users/larrymotuzis/Larry_Motuzis_Data/Project05_CommonsCollections/src/main/java/org/apache/commons/collections4/splitmap/TransformedSplitMap.java,org.apache.commons.collections4.splitmap.TransformedSplitMap,checkSetValue/1[U],valueTransformer,1
/Users/larrymotuzis/Larry_Motuzis_Data/Project05_CommonsCollections/src/main/java/org/apache/commons/collections4/functors/NullPredicate.java,org.apache.commons.collections4.functors.NullPredicate,readResolve/0,INSTANCE,1
/Users/larrymotuzis/Larry_Motuzis_Data/Project05_CommonsCollections/src/main/java/org/apache/commons/collections4/functors/NullPredicate.java,org.apache.commons.collections4.functors.NullPredicate,nullPredicate/0,INSTANCE,1
/Users/larrymotuzis/Larry_Motuzis_Data/Project05_CommonsCollections/src/main/java/org/apache/commons/collections4/map/ListOrderedMap.java,org.apache.commons.collections4.map.ListOrderedMap$ListOrderedIterator,"ListOrderedIterator/2[org.apache.commons.collections4.map.ListOrderedMap<K,V>,java.util.List<K>]",parent,3
/Users/larrymotuzis/Larry_Motuzis_Data/Project05_CommonsCollections/src/main/java/org/apache/commons/collections4/map/ListOrderedMap.java,org.apache.commons.collections4.map.ListOrderedMap$ListOrderedIterator,next/0,parent,1
/Users/larrymotuzis/Larry_Motuzis_Data/Project05_CommonsCollections/src/main/java/org/apache/commons/collections4/map/ListOrderedMap.java,org.apache.commons.collections4.map.ListOrderedMap$ListOrderedIterator,next/0,last,2
/Users/larrymotuzis/Larry_Motuzis_Data/Project05_CommonsCollections/src/main/java/org/apache/commons/collections4/map/ListOrderedMap.java,org.apache.commons.collections4.map.ListOrderedMap$ListOrderedIterator,remove/0,parent,1
/Users/larrymotuzis/Larry_Motuzis_Data/Project05_CommonsCollections/src/main/java/org/apache/commons/collections4/map/ListOrderedMap.java,org.apache.commons.collections4.map.ListOrderedMap$ListOrderedIterator,remove/0,last,1
/Users/larrymotuzis/Larry_Motuzis_Data/Project05_CommonsCollections/src/main/java/org/apache/commons/collections4/functors/WhileClosure.java,org.apache.commons.collections4.functors.WhileClosure,isDoLoop/0,iDoLoop,1
/Users/larrymotuzis/Larry_Motuzis_Data/Project05_CommonsCollections/src/main/java/org/apache/commons/collections4/functors/WhileClosure.java,org.apache.commons.collections4.functors.WhileClosure,getPredicate/0,iPredicate,1
/Users/larrymotuzis/Larry_Motuzis_Data/Project05_CommonsCollections/src/main/java/org/apache/commons/collections4/functors/WhileClosure.java,org.apache.commons.collections4.functors.WhileClosure,execute/1[T],iDoLoop,1
/Users/larrymotuzis/Larry_Motuzis_Data/Project05_CommonsCollections/src/main/java/org/apache/commons/collections4/functors/WhileClosure.java,org.apache.commons.collections4.functors.WhileClosure,execute/1[T],iPredicate,1
/Users/larrymotuzis/Larry_Motuzis_Data/Project05_CommonsCollections/src/main/java/org/apache/commons/collections4/functors/WhileClosure.java,org.apache.commons.collections4.functors.WhileClosure,execute/1[T],iClosure,2
/Users/larrymotuzis/Larry_Motuzis_Data/Project05_CommonsCollections/src/main/java/org/apache/commons/collections4/functors/WhileClosure.java,org.apache.commons.collections4.functors.WhileClosure,getClosure/0,iClosure,1
/Users/larrymotuzis/Larry_Motuzis_Data/Project05_CommonsCollections/src/main/java/org/apache/commons/collections4/functors/WhileClosure.java,org.apache.commons.collections4.functors.WhileClosure,"WhileClosure/3[org.apache.commons.collections4.Predicate<? super T>,org.apache.commons.collections4.Closure<? super T>,boolean]",iDoLoop,1
/Users/larrymotuzis/Larry_Motuzis_Data/Project05_CommonsCollections/src/main/java/org/apache/commons/collections4/functors/WhileClosure.java,org.apache.commons.collections4.functors.WhileClosure,"WhileClosure/3[org.apache.commons.collections4.Predicate<? super T>,org.apache.commons.collections4.Closure<? super T>,boolean]",iPredicate,1
/Users/larrymotuzis/Larry_Motuzis_Data/Project05_CommonsCollections/src/main/java/org/apache/commons/collections4/functors/WhileClosure.java,org.apache.commons.collections4.functors.WhileClosure,"WhileClosure/3[org.apache.commons.collections4.Predicate<? super T>,org.apache.commons.collections4.Closure<? super T>,boolean]",iClosure,1
/Users/larrymotuzis/Larry_Motuzis_Data/Project05_CommonsCollections/src/main/java/org/apache/commons/collections4/iterators/SingletonListIterator.java,org.apache.commons.collections4.iterators.SingletonListIterator,nextIndex/0,beforeFirst,1
/Users/larrymotuzis/Larry_Motuzis_Data/Project05_CommonsCollections/src/main/java/org/apache/commons/collections4/iterators/SingletonListIterator.java,org.apache.commons.collections4.iterators.SingletonListIterator,previousIndex/0,beforeFirst,1
/Users/larrymotuzis/Larry_Motuzis_Data/Project05_CommonsCollections/src/main/java/org/apache/commons/collections4/iterators/SingletonListIterator.java,org.apache.commons.collections4.iterators.SingletonListIterator,SingletonListIterator/1[E],object,4
/Users/larrymotuzis/Larry_Motuzis_Data/Project05_CommonsCollections/src/main/java/org/apache/commons/collections4/iterators/SingletonListIterator.java,org.apache.commons.collections4.iterators.SingletonListIterator,set/1[E],removed,1
/Users/larrymotuzis/Larry_Motuzis_Data/Project05_CommonsCollections/src/main/java/org/apache/commons/collections4/iterators/SingletonListIterator.java,org.apache.commons.collections4.iterators.SingletonListIterator,set/1[E],nextCalled,1
/Users/larrymotuzis/Larry_Motuzis_Data/Project05_CommonsCollections/src/main/java/org/apache/commons/collections4/iterators/SingletonListIterator.java,org.apache.commons.collections4.iterators.SingletonListIterator,set/1[E],object,4
/Users/larrymotuzis/Larry_Motuzis_Data/Project05_CommonsCollections/src/main/java/org/apache/commons/collections4/iterators/SingletonListIterator.java,org.apache.commons.collections4.iterators.SingletonListIterator,previous/0,removed,1
/Users/larrymotuzis/Larry_Motuzis_Data/Project05_CommonsCollections/src/main/java/org/apache/commons/collections4/iterators/SingletonListIterator.java,org.apache.commons.collections4.iterators.SingletonListIterator,previous/0,beforeFirst,2
/Users/larrymotuzis/Larry_Motuzis_Data/Project05_CommonsCollections/src/main/java/org/apache/commons/collections4/iterators/SingletonListIterator.java,org.apache.commons.collections4.iterators.SingletonListIterator,previous/0,object,1
/Users/larrymotuzis/Larry_Motuzis_Data/Project05_CommonsCollections/src/main/java/org/apache/commons/collections4/iterators/SingletonListIterator.java,org.apache.commons.collections4.iterators.SingletonListIterator,hasPrevious/0,removed,1
/Users/larrymotuzis/Larry_Motuzis_Data/Project05_CommonsCollections/src/main/java/org/apache/commons/collections4/iterators/SingletonListIterator.java,org.apache.commons.collections4.iterators.SingletonListIterator,hasPrevious/0,beforeFirst,1
/Users/larrymotuzis/Larry_Motuzis_Data/Project05_CommonsCollections/src/main/java/org/apache/commons/collections4/iterators/SingletonListIterator.java,org.apache.commons.collections4.iterators.SingletonListIterator,hasNext/0,removed,1
/Users/larrymotuzis/Larry_Motuzis_Data/Project05_CommonsCollections/src/main/java/org/apache/commons/collections4/iterators/SingletonListIterator.java,org.apache.commons.collections4.iterators.SingletonListIterator,hasNext/0,beforeFirst,1
/Users/larrymotuzis/Larry_Motuzis_Data/Project05_CommonsCollections/src/main/java/org/apache/commons/collections4/iterators/SingletonListIterator.java,org.apache.commons.collections4.iterators.SingletonListIterator,next/0,removed,1
/Users/larrymotuzis/Larry_Motuzis_Data/Project05_CommonsCollections/src/main/java/org/apache/commons/collections4/iterators/SingletonListIterator.java,org.apache.commons.collections4.iterators.SingletonListIterator,next/0,beforeFirst,2
/Users/larrymotuzis/Larry_Motuzis_Data/Project05_CommonsCollections/src/main/java/org/apache/commons/collections4/iterators/SingletonListIterator.java,org.apache.commons.collections4.iterators.SingletonListIterator,next/0,nextCalled,1
/Users/larrymotuzis/Larry_Motuzis_Data/Project05_CommonsCollections/src/main/java/org/apache/commons/collections4/iterators/SingletonListIterator.java,org.apache.commons.collections4.iterators.SingletonListIterator,next/0,object,1
/Users/larrymotuzis/Larry_Motuzis_Data/Project05_CommonsCollections/src/main/java/org/apache/commons/collections4/iterators/SingletonListIterator.java,org.apache.commons.collections4.iterators.SingletonListIterator,remove/0,removed,2
/Users/larrymotuzis/Larry_Motuzis_Data/Project05_CommonsCollections/src/main/java/org/apache/commons/collections4/iterators/SingletonListIterator.java,org.apache.commons.collections4.iterators.SingletonListIterator,remove/0,nextCalled,1
/Users/larrymotuzis/Larry_Motuzis_Data/Project05_CommonsCollections/src/main/java/org/apache/commons/collections4/iterators/SingletonListIterator.java,org.apache.commons.collections4.iterators.SingletonListIterator,remove/0,object,1
/Users/larrymotuzis/Larry_Motuzis_Data/Project05_CommonsCollections/src/main/java/org/apache/commons/collections4/iterators/SingletonListIterator.java,org.apache.commons.collections4.iterators.SingletonListIterator,reset/0,beforeFirst,1
/Users/larrymotuzis/Larry_Motuzis_Data/Project05_CommonsCollections/src/main/java/org/apache/commons/collections4/iterators/SingletonListIterator.java,org.apache.commons.collections4.iterators.SingletonListIterator,reset/0,nextCalled,1
/Users/larrymotuzis/Larry_Motuzis_Data/Project05_CommonsCollections/src/main/java/org/apache/commons/collections4/bidimap/TreeBidiMap.java,org.apache.commons.collections4.bidimap.TreeBidiMap$Node,isRightChild/1[org.apache.commons.collections4.bidimap.TreeBidiMap.DataElement],rightNode,1
/Users/larrymotuzis/Larry_Motuzis_Data/Project05_CommonsCollections/src/main/java/org/apache/commons/collections4/bidimap/TreeBidiMap.java,org.apache.commons.collections4.bidimap.TreeBidiMap$Node,isRightChild/1[org.apache.commons.collections4.bidimap.TreeBidiMap.DataElement],parentNode,2
/Users/larrymotuzis/Larry_Motuzis_Data/Project05_CommonsCollections/src/main/java/org/apache/commons/collections4/bidimap/TreeBidiMap.java,org.apache.commons.collections4.bidimap.TreeBidiMap$Node,isLeftChild/1[org.apache.commons.collections4.bidimap.TreeBidiMap.DataElement],leftNode,1
/Users/larrymotuzis/Larry_Motuzis_Data/Project05_CommonsCollections/src/main/java/org/apache/commons/collections4/bidimap/TreeBidiMap.java,org.apache.commons.collections4.bidimap.TreeBidiMap$Node,isLeftChild/1[org.apache.commons.collections4.bidimap.TreeBidiMap.DataElement],parentNode,2
/Users/larrymotuzis/Larry_Motuzis_Data/Project05_CommonsCollections/src/main/java/org/apache/commons/collections4/bidimap/TreeBidiMap.java,org.apache.commons.collections4.bidimap.TreeBidiMap$Node,"setLeft/2[org.apache.commons.collections4.bidimap.TreeBidiMap.Node<K,V>,org.apache.commons.collections4.bidimap.TreeBidiMap.DataElement]",leftNode,1
/Users/larrymotuzis/Larry_Motuzis_Data/Project05_CommonsCollections/src/main/java/org/apache/commons/collections4/bidimap/TreeBidiMap.java,org.apache.commons.collections4.bidimap.TreeBidiMap$Node,"setParent/2[org.apache.commons.collections4.bidimap.TreeBidiMap.Node<K,V>,org.apache.commons.collections4.bidimap.TreeBidiMap.DataElement]",parentNode,1
/Users/larrymotuzis/Larry_Motuzis_Data/Project05_CommonsCollections/src/main/java/org/apache/commons/collections4/bidimap/TreeBidiMap.java,org.apache.commons.collections4.bidimap.TreeBidiMap$Node,getRight/1[org.apache.commons.collections4.bidimap.TreeBidiMap.DataElement],rightNode,1
/Users/larrymotuzis/Larry_Motuzis_Data/Project05_CommonsCollections/src/main/java/org/apache/commons/collections4/bidimap/TreeBidiMap.java,org.apache.commons.collections4.bidimap.TreeBidiMap$Node,isBlack/1[org.apache.commons.collections4.bidimap.TreeBidiMap.DataElement],blackColor,1
/Users/larrymotuzis/Larry_Motuzis_Data/Project05_CommonsCollections/src/main/java/org/apache/commons/collections4/bidimap/TreeBidiMap.java,org.apache.commons.collections4.bidimap.TreeBidiMap$Node,isRed/1[org.apache.commons.collections4.bidimap.TreeBidiMap.DataElement],blackColor,1
/Users/larrymotuzis/Larry_Motuzis_Data/Project05_CommonsCollections/src/main/java/org/apache/commons/collections4/bidimap/TreeBidiMap.java,org.apache.commons.collections4.bidimap.TreeBidiMap$Node,getLeft/1[org.apache.commons.collections4.bidimap.TreeBidiMap.DataElement],leftNode,1
/Users/larrymotuzis/Larry_Motuzis_Data/Project05_CommonsCollections/src/main/java/org/apache/commons/collections4/bidimap/TreeBidiMap.java,org.apache.commons.collections4.bidimap.TreeBidiMap$Node,hashCode/0,calculatedHashCode,2
/Users/larrymotuzis/Larry_Motuzis_Data/Project05_CommonsCollections/src/main/java/org/apache/commons/collections4/bidimap/TreeBidiMap.java,org.apache.commons.collections4.bidimap.TreeBidiMap$Node,hashCode/0,hashCodeValue,2
/Users/larrymotuzis/Larry_Motuzis_Data/Project05_CommonsCollections/src/main/java/org/apache/commons/collections4/bidimap/TreeBidiMap.java,org.apache.commons.collections4.bidimap.TreeBidiMap$Node,"copyColor/2[org.apache.commons.collections4.bidimap.TreeBidiMap.Node<K,V>,org.apache.commons.collections4.bidimap.TreeBidiMap.DataElement]",blackColor,1
/Users/larrymotuzis/Larry_Motuzis_Data/Project05_CommonsCollections/src/main/java/org/apache/commons/collections4/bidimap/TreeBidiMap.java,org.apache.commons.collections4.bidimap.TreeBidiMap$Node,"swapColors/2[org.apache.commons.collections4.bidimap.TreeBidiMap.Node<K,V>,org.apache.commons.collections4.bidimap.TreeBidiMap.DataElement]",blackColor,3
/Users/larrymotuzis/Larry_Motuzis_Data/Project05_CommonsCollections/src/main/java/org/apache/commons/collections4/bidimap/TreeBidiMap.java,org.apache.commons.collections4.bidimap.TreeBidiMap$Node,"setRight/2[org.apache.commons.collections4.bidimap.TreeBidiMap.Node<K,V>,org.apache.commons.collections4.bidimap.TreeBidiMap.DataElement]",rightNode,1
/Users/larrymotuzis/Larry_Motuzis_Data/Project05_CommonsCollections/src/main/java/org/apache/commons/collections4/bidimap/TreeBidiMap.java,org.apache.commons.collections4.bidimap.TreeBidiMap$Node,"Node/2[K,V]",leftNode,1
/Users/larrymotuzis/Larry_Motuzis_Data/Project05_CommonsCollections/src/main/java/org/apache/commons/collections4/bidimap/TreeBidiMap.java,org.apache.commons.collections4.bidimap.TreeBidiMap$Node,"Node/2[K,V]",blackColor,1
/Users/larrymotuzis/Larry_Motuzis_Data/Project05_CommonsCollections/src/main/java/org/apache/commons/collections4/bidimap/TreeBidiMap.java,org.apache.commons.collections4.bidimap.TreeBidiMap$Node,"Node/2[K,V]",calculatedHashCode,1
/Users/larrymotuzis/Larry_Motuzis_Data/Project05_CommonsCollections/src/main/java/org/apache/commons/collections4/bidimap/TreeBidiMap.java,org.apache.commons.collections4.bidimap.TreeBidiMap$Node,"Node/2[K,V]",rightNode,1
/Users/larrymotuzis/Larry_Motuzis_Data/Project05_CommonsCollections/src/main/java/org/apache/commons/collections4/bidimap/TreeBidiMap.java,org.apache.commons.collections4.bidimap.TreeBidiMap$Node,"Node/2[K,V]",parentNode,1
/Users/larrymotuzis/Larry_Motuzis_Data/Project05_CommonsCollections/src/main/java/org/apache/commons/collections4/bidimap/TreeBidiMap.java,org.apache.commons.collections4.bidimap.TreeBidiMap$Node,"Node/2[K,V]",value,4
/Users/larrymotuzis/Larry_Motuzis_Data/Project05_CommonsCollections/src/main/java/org/apache/commons/collections4/bidimap/TreeBidiMap.java,org.apache.commons.collections4.bidimap.TreeBidiMap$Node,"Node/2[K,V]",key,4
/Users/larrymotuzis/Larry_Motuzis_Data/Project05_CommonsCollections/src/main/java/org/apache/commons/collections4/bidimap/TreeBidiMap.java,org.apache.commons.collections4.bidimap.TreeBidiMap$Node,getValue/0,value,1
/Users/larrymotuzis/Larry_Motuzis_Data/Project05_CommonsCollections/src/main/java/org/apache/commons/collections4/bidimap/TreeBidiMap.java,org.apache.commons.collections4.bidimap.TreeBidiMap$Node,setRed/1[org.apache.commons.collections4.bidimap.TreeBidiMap.DataElement],blackColor,1
/Users/larrymotuzis/Larry_Motuzis_Data/Project05_CommonsCollections/src/main/java/org/apache/commons/collections4/bidimap/TreeBidiMap.java,org.apache.commons.collections4.bidimap.TreeBidiMap$Node,getParent/1[org.apache.commons.collections4.bidimap.TreeBidiMap.DataElement],parentNode,1
/Users/larrymotuzis/Larry_Motuzis_Data/Project05_CommonsCollections/src/main/java/org/apache/commons/collections4/bidimap/TreeBidiMap.java,org.apache.commons.collections4.bidimap.TreeBidiMap$Node,setBlack/1[org.apache.commons.collections4.bidimap.TreeBidiMap.DataElement],blackColor,1
/Users/larrymotuzis/Larry_Motuzis_Data/Project05_CommonsCollections/src/main/java/org/apache/commons/collections4/bidimap/TreeBidiMap.java,org.apache.commons.collections4.bidimap.TreeBidiMap$Node,getKey/0,key,1
/Users/larrymotuzis/Larry_Motuzis_Data/Project05_CommonsCollections/src/main/java/org/apache/commons/collections4/map/ListOrderedMap.java,org.apache.commons.collections4.map.ListOrderedMap,previousKey/1[java.lang.Object],insertOrder,2
/Users/larrymotuzis/Larry_Motuzis_Data/Project05_CommonsCollections/src/main/java/org/apache/commons/collections4/map/ListOrderedMap.java,org.apache.commons.collections4.map.ListOrderedMap,"putAll/2[int,java.util.Map<? extends K,? extends V>]",insertOrder,2
/Users/larrymotuzis/Larry_Motuzis_Data/Project05_CommonsCollections/src/main/java/org/apache/commons/collections4/map/ListOrderedMap.java,org.apache.commons.collections4.map.ListOrderedMap,nextKey/1[java.lang.Object],insertOrder,2
/Users/larrymotuzis/Larry_Motuzis_Data/Project05_CommonsCollections/src/main/java/org/apache/commons/collections4/map/ListOrderedMap.java,org.apache.commons.collections4.map.ListOrderedMap,"put/2[K,V]",insertOrder,1
/Users/larrymotuzis/Larry_Motuzis_Data/Project05_CommonsCollections/src/main/java/org/apache/commons/collections4/map/ListOrderedMap.java,org.apache.commons.collections4.map.ListOrderedMap,remove/1[java.lang.Object],insertOrder,1
/Users/larrymotuzis/Larry_Motuzis_Data/Project05_CommonsCollections/src/main/java/org/apache/commons/collections4/map/ListOrderedMap.java,org.apache.commons.collections4.map.ListOrderedMap,getValue/1[int],insertOrder,1
/Users/larrymotuzis/Larry_Motuzis_Data/Project05_CommonsCollections/src/main/java/org/apache/commons/collections4/map/ListOrderedMap.java,org.apache.commons.collections4.map.ListOrderedMap,"setValue/2[int,V]",insertOrder,1
/Users/larrymotuzis/Larry_Motuzis_Data/Project05_CommonsCollections/src/main/java/org/apache/commons/collections4/map/ListOrderedMap.java,org.apache.commons.collections4.map.ListOrderedMap,firstKey/0,insertOrder,1
/Users/larrymotuzis/Larry_Motuzis_Data/Project05_CommonsCollections/src/main/java/org/apache/commons/collections4/map/ListOrderedMap.java,org.apache.commons.collections4.map.ListOrderedMap,clear/0,insertOrder,1
/Users/larrymotuzis/Larry_Motuzis_Data/Project05_CommonsCollections/src/main/java/org/apache/commons/collections4/map/ListOrderedMap.java,org.apache.commons.collections4.map.ListOrderedMap,"put/3[int,K,V]",insertOrder,6
/Users/larrymotuzis/Larry_Motuzis_Data/Project05_CommonsCollections/src/main/java/org/apache/commons/collections4/map/ListOrderedMap.java,org.apache.commons.collections4.map.ListOrderedMap,entrySet/0,insertOrder,1
/Users/larrymotuzis/Larry_Motuzis_Data/Project05_CommonsCollections/src/main/java/org/apache/commons/collections4/map/ListOrderedMap.java,org.apache.commons.collections4.map.ListOrderedMap,lastKey/0,insertOrder,1
/Users/larrymotuzis/Larry_Motuzis_Data/Project05_CommonsCollections/src/main/java/org/apache/commons/collections4/map/ListOrderedMap.java,org.apache.commons.collections4.map.ListOrderedMap,indexOf/1[java.lang.Object],insertOrder,1
/Users/larrymotuzis/Larry_Motuzis_Data/Project05_CommonsCollections/src/main/java/org/apache/commons/collections4/map/ListOrderedMap.java,org.apache.commons.collections4.map.ListOrderedMap,keyList/0,insertOrder,1
/Users/larrymotuzis/Larry_Motuzis_Data/Project05_CommonsCollections/src/main/java/org/apache/commons/collections4/map/ListOrderedMap.java,org.apache.commons.collections4.map.ListOrderedMap,"ListOrderedMap/1[java.util.Map<K,V>]",insertOrder,1
/Users/larrymotuzis/Larry_Motuzis_Data/Project05_CommonsCollections/src/main/java/org/apache/commons/collections4/map/ListOrderedMap.java,org.apache.commons.collections4.map.ListOrderedMap,get/1[int],insertOrder,1
/Users/larrymotuzis/Larry_Motuzis_Data/Project05_CommonsCollections/src/main/java/org/apache/commons/collections4/bloomfilter/IndexFilter.java,org.apache.commons.collections4.bloomfilter.IndexFilter$BitMapTracker,BitMapTracker/1[org.apache.commons.collections4.bloomfilter.Shape],bits,1
/Users/larrymotuzis/Larry_Motuzis_Data/Project05_CommonsCollections/src/main/java/org/apache/commons/collections4/bloomfilter/IndexFilter.java,org.apache.commons.collections4.bloomfilter.IndexFilter$BitMapTracker,test/1[int],bits,2
/Users/larrymotuzis/Larry_Motuzis_Data/Project05_CommonsCollections/src/main/java/org/apache/commons/collections4/map/AbstractHashedMap.java,org.apache.commons.collections4.map.AbstractHashedMap,"removeEntry/3[org.apache.commons.collections4.map.AbstractHashedMap.HashEntry<K,V>,int,org.apache.commons.collections4.map.AbstractHashedMap.HashEntry<K,V>]",data,1
/Users/larrymotuzis/Larry_Motuzis_Data/Project05_CommonsCollections/src/main/java/org/apache/commons/collections4/map/AbstractHashedMap.java,org.apache.commons.collections4.map.AbstractHashedMap,size/0,size,2
/Users/larrymotuzis/Larry_Motuzis_Data/Project05_CommonsCollections/src/main/java/org/apache/commons/collections4/map/AbstractHashedMap.java,org.apache.commons.collections4.map.AbstractHashedMap,doReadObject/1[java.io.ObjectInputStream],loadFactor,2
/Users/larrymotuzis/Larry_Motuzis_Data/Project05_CommonsCollections/src/main/java/org/apache/commons/collections4/map/AbstractHashedMap.java,org.apache.commons.collections4.map.AbstractHashedMap,doReadObject/1[java.io.ObjectInputStream],data,1
/Users/larrymotuzis/Larry_Motuzis_Data/Project05_CommonsCollections/src/main/java/org/apache/commons/collections4/map/AbstractHashedMap.java,org.apache.commons.collections4.map.AbstractHashedMap,doReadObject/1[java.io.ObjectInputStream],threshold,1
/Users/larrymotuzis/Larry_Motuzis_Data/Project05_CommonsCollections/src/main/java/org/apache/commons/collections4/map/AbstractHashedMap.java,org.apache.commons.collections4.map.AbstractHashedMap,checkCapacity/0,size,1
/Users/larrymotuzis/Larry_Motuzis_Data/Project05_CommonsCollections/src/main/java/org/apache/commons/collections4/map/AbstractHashedMap.java,org.apache.commons.collections4.map.AbstractHashedMap,checkCapacity/0,threshold,1
/Users/larrymotuzis/Larry_Motuzis_Data/Project05_CommonsCollections/src/main/java/org/apache/commons/collections4/map/AbstractHashedMap.java,org.apache.commons.collections4.map.AbstractHashedMap,checkCapacity/0,MAXIMUM_CAPACITY,1
/Users/larrymotuzis/Larry_Motuzis_Data/Project05_CommonsCollections/src/main/java/org/apache/commons/collections4/map/AbstractHashedMap.java,org.apache.commons.collections4.map.AbstractHashedMap,"reuseEntry/5[org.apache.commons.collections4.map.AbstractHashedMap.HashEntry<K,V>,int,int,K,V]",data,1
/Users/larrymotuzis/Larry_Motuzis_Data/Project05_CommonsCollections/src/main/java/org/apache/commons/collections4/map/AbstractHashedMap.java,org.apache.commons.collections4.map.AbstractHashedMap,AbstractHashedMap/1[int],DEFAULT_LOAD_FACTOR,1
/Users/larrymotuzis/Larry_Motuzis_Data/Project05_CommonsCollections/src/main/java/org/apache/commons/collections4/map/AbstractHashedMap.java,org.apache.commons.collections4.map.AbstractHashedMap,equals/1[java.lang.Object],size,2
/Users/larrymotuzis/Larry_Motuzis_Data/Project05_CommonsCollections/src/main/java/org/apache/commons/collections4/map/AbstractHashedMap.java,org.apache.commons.collections4.map.AbstractHashedMap,calculateNewCapacity/1[int],MAXIMUM_CAPACITY,4
/Users/larrymotuzis/Larry_Motuzis_Data/Project05_CommonsCollections/src/main/java/org/apache/commons/collections4/map/AbstractHashedMap.java,org.apache.commons.collections4.map.AbstractHashedMap,"AbstractHashedMap/2[int,float]",loadFactor,7
/Users/larrymotuzis/Larry_Motuzis_Data/Project05_CommonsCollections/src/main/java/org/apache/commons/collections4/map/AbstractHashedMap.java,org.apache.commons.collections4.map.AbstractHashedMap,"AbstractHashedMap/2[int,float]",data,1
/Users/larrymotuzis/Larry_Motuzis_Data/Project05_CommonsCollections/src/main/java/org/apache/commons/collections4/map/AbstractHashedMap.java,org.apache.commons.collections4.map.AbstractHashedMap,"AbstractHashedMap/2[int,float]",threshold,1
/Users/larrymotuzis/Larry_Motuzis_Data/Project05_CommonsCollections/src/main/java/org/apache/commons/collections4/map/AbstractHashedMap.java,org.apache.commons.collections4.map.AbstractHashedMap,values/0,values,4
/Users/larrymotuzis/Larry_Motuzis_Data/Project05_CommonsCollections/src/main/java/org/apache/commons/collections4/map/AbstractHashedMap.java,org.apache.commons.collections4.map.AbstractHashedMap,toString/0,size,1
/Users/larrymotuzis/Larry_Motuzis_Data/Project05_CommonsCollections/src/main/java/org/apache/commons/collections4/map/AbstractHashedMap.java,org.apache.commons.collections4.map.AbstractHashedMap,getEntry/1[java.lang.Object],data,1
/Users/larrymotuzis/Larry_Motuzis_Data/Project05_CommonsCollections/src/main/java/org/apache/commons/collections4/map/AbstractHashedMap.java,org.apache.commons.collections4.map.AbstractHashedMap,"put/2[K,V]",data,1
/Users/larrymotuzis/Larry_Motuzis_Data/Project05_CommonsCollections/src/main/java/org/apache/commons/collections4/map/AbstractHashedMap.java,org.apache.commons.collections4.map.AbstractHashedMap,"removeMapping/3[org.apache.commons.collections4.map.AbstractHashedMap.HashEntry<K,V>,int,org.apache.commons.collections4.map.AbstractHashedMap.HashEntry<K,V>]",modCount,1
/Users/larrymotuzis/Larry_Motuzis_Data/Project05_CommonsCollections/src/main/java/org/apache/commons/collections4/map/AbstractHashedMap.java,org.apache.commons.collections4.map.AbstractHashedMap,"removeMapping/3[org.apache.commons.collections4.map.AbstractHashedMap.HashEntry<K,V>,int,org.apache.commons.collections4.map.AbstractHashedMap.HashEntry<K,V>]",size,1
/Users/larrymotuzis/Larry_Motuzis_Data/Project05_CommonsCollections/src/main/java/org/apache/commons/collections4/map/AbstractHashedMap.java,org.apache.commons.collections4.map.AbstractHashedMap,"AbstractHashedMap/3[int,float,int]",loadFactor,4
/Users/larrymotuzis/Larry_Motuzis_Data/Project05_CommonsCollections/src/main/java/org/apache/commons/collections4/map/AbstractHashedMap.java,org.apache.commons.collections4.map.AbstractHashedMap,"AbstractHashedMap/3[int,float,int]",data,1
/Users/larrymotuzis/Larry_Motuzis_Data/Project05_CommonsCollections/src/main/java/org/apache/commons/collections4/map/AbstractHashedMap.java,org.apache.commons.collections4.map.AbstractHashedMap,"AbstractHashedMap/3[int,float,int]",threshold,4
/Users/larrymotuzis/Larry_Motuzis_Data/Project05_CommonsCollections/src/main/java/org/apache/commons/collections4/map/AbstractHashedMap.java,org.apache.commons.collections4.map.AbstractHashedMap,"addMapping/4[int,int,K,V]",modCount,1
/Users/larrymotuzis/Larry_Motuzis_Data/Project05_CommonsCollections/src/main/java/org/apache/commons/collections4/map/AbstractHashedMap.java,org.apache.commons.collections4.map.AbstractHashedMap,"addMapping/4[int,int,K,V]",data,1
/Users/larrymotuzis/Larry_Motuzis_Data/Project05_CommonsCollections/src/main/java/org/apache/commons/collections4/map/AbstractHashedMap.java,org.apache.commons.collections4.map.AbstractHashedMap,"addMapping/4[int,int,K,V]",size,1
/Users/larrymotuzis/Larry_Motuzis_Data/Project05_CommonsCollections/src/main/java/org/apache/commons/collections4/map/AbstractHashedMap.java,org.apache.commons.collections4.map.AbstractHashedMap,keySet/0,keySet,4
/Users/larrymotuzis/Larry_Motuzis_Data/Project05_CommonsCollections/src/main/java/org/apache/commons/collections4/map/AbstractHashedMap.java,org.apache.commons.collections4.map.AbstractHashedMap,ensureCapacity/1[int],modCount,1
/Users/larrymotuzis/Larry_Motuzis_Data/Project05_CommonsCollections/src/main/java/org/apache/commons/collections4/map/AbstractHashedMap.java,org.apache.commons.collections4.map.AbstractHashedMap,ensureCapacity/1[int],size,1
/Users/larrymotuzis/Larry_Motuzis_Data/Project05_CommonsCollections/src/main/java/org/apache/commons/collections4/map/AbstractHashedMap.java,org.apache.commons.collections4.map.AbstractHashedMap,ensureCapacity/1[int],loadFactor,2
/Users/larrymotuzis/Larry_Motuzis_Data/Project05_CommonsCollections/src/main/java/org/apache/commons/collections4/map/AbstractHashedMap.java,org.apache.commons.collections4.map.AbstractHashedMap,ensureCapacity/1[int],data,3
/Users/larrymotuzis/Larry_Motuzis_Data/Project05_CommonsCollections/src/main/java/org/apache/commons/collections4/map/AbstractHashedMap.java,org.apache.commons.collections4.map.AbstractHashedMap,ensureCapacity/1[int],threshold,2
/Users/larrymotuzis/Larry_Motuzis_Data/Project05_CommonsCollections/src/main/java/org/apache/commons/collections4/map/AbstractHashedMap.java,org.apache.commons.collections4.map.AbstractHashedMap,"putAll/1[java.util.Map<? extends K,? extends V>]",size,2
/Users/larrymotuzis/Larry_Motuzis_Data/Project05_CommonsCollections/src/main/java/org/apache/commons/collections4/map/AbstractHashedMap.java,org.apache.commons.collections4.map.AbstractHashedMap,"putAll/1[java.util.Map<? extends K,? extends V>]",loadFactor,1
/Users/larrymotuzis/Larry_Motuzis_Data/Project05_CommonsCollections/src/main/java/org/apache/commons/collections4/map/AbstractHashedMap.java,org.apache.commons.collections4.map.AbstractHashedMap,"putAll/1[java.util.Map<? extends K,? extends V>]",entrySet,1
/Users/larrymotuzis/Larry_Motuzis_Data/Project05_CommonsCollections/src/main/java/org/apache/commons/collections4/map/AbstractHashedMap.java,org.apache.commons.collections4.map.AbstractHashedMap,containsValue/1[java.lang.Object],data,2
/Users/larrymotuzis/Larry_Motuzis_Data/Project05_CommonsCollections/src/main/java/org/apache/commons/collections4/map/AbstractHashedMap.java,org.apache.commons.collections4.map.AbstractHashedMap,remove/1[java.lang.Object],data,1
/Users/larrymotuzis/Larry_Motuzis_Data/Project05_CommonsCollections/src/main/java/org/apache/commons/collections4/map/AbstractHashedMap.java,org.apache.commons.collections4.map.AbstractHashedMap,doWriteObject/1[java.io.ObjectOutputStream],loadFactor,1
/Users/larrymotuzis/Larry_Motuzis_Data/Project05_CommonsCollections/src/main/java/org/apache/commons/collections4/map/AbstractHashedMap.java,org.apache.commons.collections4.map.AbstractHashedMap,doWriteObject/1[java.io.ObjectOutputStream],size,1
/Users/larrymotuzis/Larry_Motuzis_Data/Project05_CommonsCollections/src/main/java/org/apache/commons/collections4/map/AbstractHashedMap.java,org.apache.commons.collections4.map.AbstractHashedMap,"addEntry/2[org.apache.commons.collections4.map.AbstractHashedMap.HashEntry<K,V>,int]",data,1
/Users/larrymotuzis/Larry_Motuzis_Data/Project05_CommonsCollections/src/main/java/org/apache/commons/collections4/map/AbstractHashedMap.java,org.apache.commons.collections4.map.AbstractHashedMap,clear/0,modCount,1
/Users/larrymotuzis/Larry_Motuzis_Data/Project05_CommonsCollections/src/main/java/org/apache/commons/collections4/map/AbstractHashedMap.java,org.apache.commons.collections4.map.AbstractHashedMap,clear/0,data,1
/Users/larrymotuzis/Larry_Motuzis_Data/Project05_CommonsCollections/src/main/java/org/apache/commons/collections4/map/AbstractHashedMap.java,org.apache.commons.collections4.map.AbstractHashedMap,clear/0,size,1
/Users/larrymotuzis/Larry_Motuzis_Data/Project05_CommonsCollections/src/main/java/org/apache/commons/collections4/map/AbstractHashedMap.java,org.apache.commons.collections4.map.AbstractHashedMap,isEmpty/0,size,1
/Users/larrymotuzis/Larry_Motuzis_Data/Project05_CommonsCollections/src/main/java/org/apache/commons/collections4/map/AbstractHashedMap.java,org.apache.commons.collections4.map.AbstractHashedMap,entrySet/0,entrySet,4
/Users/larrymotuzis/Larry_Motuzis_Data/Project05_CommonsCollections/src/main/java/org/apache/commons/collections4/map/AbstractHashedMap.java,org.apache.commons.collections4.map.AbstractHashedMap,convertKey/1[java.lang.Object],NULL,1
/Users/larrymotuzis/Larry_Motuzis_Data/Project05_CommonsCollections/src/main/java/org/apache/commons/collections4/map/AbstractHashedMap.java,org.apache.commons.collections4.map.AbstractHashedMap,"AbstractHashedMap/1[java.util.Map<? extends K,? extends V>]",size,1
/Users/larrymotuzis/Larry_Motuzis_Data/Project05_CommonsCollections/src/main/java/org/apache/commons/collections4/map/AbstractHashedMap.java,org.apache.commons.collections4.map.AbstractHashedMap,"AbstractHashedMap/1[java.util.Map<? extends K,? extends V>]",DEFAULT_LOAD_FACTOR,1
/Users/larrymotuzis/Larry_Motuzis_Data/Project05_CommonsCollections/src/main/java/org/apache/commons/collections4/map/AbstractHashedMap.java,org.apache.commons.collections4.map.AbstractHashedMap,"AbstractHashedMap/1[java.util.Map<? extends K,? extends V>]",DEFAULT_CAPACITY,1
/Users/larrymotuzis/Larry_Motuzis_Data/Project05_CommonsCollections/src/main/java/org/apache/commons/collections4/map/AbstractHashedMap.java,org.apache.commons.collections4.map.AbstractHashedMap,mapIterator/0,size,1
/Users/larrymotuzis/Larry_Motuzis_Data/Project05_CommonsCollections/src/main/java/org/apache/commons/collections4/map/AbstractHashedMap.java,org.apache.commons.collections4.map.AbstractHashedMap,containsKey/1[java.lang.Object],data,1
/Users/larrymotuzis/Larry_Motuzis_Data/Project05_CommonsCollections/src/main/java/org/apache/commons/collections4/map/AbstractHashedMap.java,org.apache.commons.collections4.map.AbstractHashedMap,get/1[java.lang.Object],data,1
/Users/larrymotuzis/Larry_Motuzis_Data/Project05_CommonsCollections/src/main/java/org/apache/commons/collections4/functors/PredicateTransformer.java,org.apache.commons.collections4.functors.PredicateTransformer,getPredicate/0,iPredicate,1
/Users/larrymotuzis/Larry_Motuzis_Data/Project05_CommonsCollections/src/main/java/org/apache/commons/collections4/functors/PredicateTransformer.java,org.apache.commons.collections4.functors.PredicateTransformer,transform/1[T],iPredicate,1
/Users/larrymotuzis/Larry_Motuzis_Data/Project05_CommonsCollections/src/main/java/org/apache/commons/collections4/functors/PredicateTransformer.java,org.apache.commons.collections4.functors.PredicateTransformer,PredicateTransformer/1[org.apache.commons.collections4.Predicate<? super T>],iPredicate,1
/Users/larrymotuzis/Larry_Motuzis_Data/Project05_CommonsCollections/src/main/java/org/apache/commons/collections4/iterators/EmptyIterator.java,org.apache.commons.collections4.iterators.EmptyIterator,resettableEmptyIterator/0,RESETTABLE_INSTANCE,1
/Users/larrymotuzis/Larry_Motuzis_Data/Project05_CommonsCollections/src/main/java/org/apache/commons/collections4/iterators/EmptyIterator.java,org.apache.commons.collections4.iterators.EmptyIterator,emptyIterator/0,INSTANCE,1
/Users/larrymotuzis/Larry_Motuzis_Data/Project05_CommonsCollections/src/main/java/org/apache/commons/collections4/multimap/TransformedMultiValuedMap.java,org.apache.commons.collections4.multimap.TransformedMultiValuedMap,"putAll/2[K,java.lang.Iterable<? extends V>]",valueTransformer,1
/Users/larrymotuzis/Larry_Motuzis_Data/Project05_CommonsCollections/src/main/java/org/apache/commons/collections4/multimap/TransformedMultiValuedMap.java,org.apache.commons.collections4.multimap.TransformedMultiValuedMap,transformKey/1[K],keyTransformer,2
/Users/larrymotuzis/Larry_Motuzis_Data/Project05_CommonsCollections/src/main/java/org/apache/commons/collections4/multimap/TransformedMultiValuedMap.java,org.apache.commons.collections4.multimap.TransformedMultiValuedMap,"TransformedMultiValuedMap/3[org.apache.commons.collections4.MultiValuedMap<K,V>,org.apache.commons.collections4.Transformer<? super K,? extends K>,org.apache.commons.collections4.Transformer<? super V,? extends V>]",valueTransformer,4
/Users/larrymotuzis/Larry_Motuzis_Data/Project05_CommonsCollections/src/main/java/org/apache/commons/collections4/multimap/TransformedMultiValuedMap.java,org.apache.commons.collections4.multimap.TransformedMultiValuedMap,"TransformedMultiValuedMap/3[org.apache.commons.collections4.MultiValuedMap<K,V>,org.apache.commons.collections4.Transformer<? super K,? extends K>,org.apache.commons.collections4.Transformer<? super V,? extends V>]",keyTransformer,4
/Users/larrymotuzis/Larry_Motuzis_Data/Project05_CommonsCollections/src/main/java/org/apache/commons/collections4/multimap/TransformedMultiValuedMap.java,org.apache.commons.collections4.multimap.TransformedMultiValuedMap,transformValue/1[V],valueTransformer,2
/Users/larrymotuzis/Larry_Motuzis_Data/Project05_CommonsCollections/src/main/java/org/apache/commons/collections4/multimap/TransformedMultiValuedMap.java,org.apache.commons.collections4.multimap.TransformedMultiValuedMap,"transformedMap/3[org.apache.commons.collections4.MultiValuedMap<K,V>,org.apache.commons.collections4.Transformer<? super K,? extends K>,org.apache.commons.collections4.Transformer<? super V,? extends V>]",valueTransformer,3
/Users/larrymotuzis/Larry_Motuzis_Data/Project05_CommonsCollections/src/main/java/org/apache/commons/collections4/multimap/TransformedMultiValuedMap.java,org.apache.commons.collections4.multimap.TransformedMultiValuedMap,"transformedMap/3[org.apache.commons.collections4.MultiValuedMap<K,V>,org.apache.commons.collections4.Transformer<? super K,? extends K>,org.apache.commons.collections4.Transformer<? super V,? extends V>]",keyTransformer,3
/Users/larrymotuzis/Larry_Motuzis_Data/Project05_CommonsCollections/src/main/java/org/apache/commons/collections4/multimap/TransformedMultiValuedMap.java,org.apache.commons.collections4.multimap.TransformedMultiValuedMap,"transformingMap/3[org.apache.commons.collections4.MultiValuedMap<K,V>,org.apache.commons.collections4.Transformer<? super K,? extends K>,org.apache.commons.collections4.Transformer<? super V,? extends V>]",valueTransformer,3
/Users/larrymotuzis/Larry_Motuzis_Data/Project05_CommonsCollections/src/main/java/org/apache/commons/collections4/multimap/TransformedMultiValuedMap.java,org.apache.commons.collections4.multimap.TransformedMultiValuedMap,"transformingMap/3[org.apache.commons.collections4.MultiValuedMap<K,V>,org.apache.commons.collections4.Transformer<? super K,? extends K>,org.apache.commons.collections4.Transformer<? super V,? extends V>]",keyTransformer,3
/Users/larrymotuzis/Larry_Motuzis_Data/Project05_CommonsCollections/src/main/java/org/apache/commons/collections4/list/AbstractLinkedList.java,org.apache.commons.collections4.list.AbstractLinkedList$LinkedSubListIterator,"LinkedSubListIterator/2[org.apache.commons.collections4.list.AbstractLinkedList.LinkedSubList<E>,int]",sub,4
/Users/larrymotuzis/Larry_Motuzis_Data/Project05_CommonsCollections/src/main/java/org/apache/commons/collections4/trie/KeyAnalyzer.java,org.apache.commons.collections4.trie.KeyAnalyzer,isEqualBitKey/1[int],EQUAL_BIT_KEY,2
/Users/larrymotuzis/Larry_Motuzis_Data/Project05_CommonsCollections/src/main/java/org/apache/commons/collections4/trie/KeyAnalyzer.java,org.apache.commons.collections4.trie.KeyAnalyzer,isNullBitKey/1[int],NULL_BIT_KEY,2
/Users/larrymotuzis/Larry_Motuzis_Data/Project05_CommonsCollections/src/main/java/org/apache/commons/collections4/trie/KeyAnalyzer.java,org.apache.commons.collections4.trie.KeyAnalyzer,isOutOfBoundsIndex/1[int],OUT_OF_BOUNDS_BIT_KEY,2
/Users/larrymotuzis/Larry_Motuzis_Data/Project05_CommonsCollections/src/main/java/org/apache/commons/collections4/iterators/ExtendedIterator.java,org.apache.commons.collections4.iterators.ExtendedIterator,filter/1[java.util.function.Predicate<T>],throwOnRemove,1
/Users/larrymotuzis/Larry_Motuzis_Data/Project05_CommonsCollections/src/main/java/org/apache/commons/collections4/iterators/ExtendedIterator.java,org.apache.commons.collections4.iterators.ExtendedIterator,remove/0,throwOnRemove,1
/Users/larrymotuzis/Larry_Motuzis_Data/Project05_CommonsCollections/src/main/java/org/apache/commons/collections4/iterators/ExtendedIterator.java,org.apache.commons.collections4.iterators.ExtendedIterator,remove/0,base,1
/Users/larrymotuzis/Larry_Motuzis_Data/Project05_CommonsCollections/src/main/java/org/apache/commons/collections4/iterators/ExtendedIterator.java,org.apache.commons.collections4.iterators.ExtendedIterator,andThen/1[java.util.Iterator<X>],throwOnRemove,1
/Users/larrymotuzis/Larry_Motuzis_Data/Project05_CommonsCollections/src/main/java/org/apache/commons/collections4/iterators/ExtendedIterator.java,org.apache.commons.collections4.iterators.ExtendedIterator,andThen/1[java.util.Iterator<X>],base,3
/Users/larrymotuzis/Larry_Motuzis_Data/Project05_CommonsCollections/src/main/java/org/apache/commons/collections4/iterators/ExtendedIterator.java,org.apache.commons.collections4.iterators.ExtendedIterator,"ExtendedIterator/2[java.util.Iterator<? extends T>,boolean]",throwOnRemove,4
/Users/larrymotuzis/Larry_Motuzis_Data/Project05_CommonsCollections/src/main/java/org/apache/commons/collections4/iterators/ExtendedIterator.java,org.apache.commons.collections4.iterators.ExtendedIterator,"ExtendedIterator/2[java.util.Iterator<? extends T>,boolean]",base,4
/Users/larrymotuzis/Larry_Motuzis_Data/Project05_CommonsCollections/src/main/java/org/apache/commons/collections4/iterators/ExtendedIterator.java,org.apache.commons.collections4.iterators.ExtendedIterator,forEachRemaining/1[java.util.function.Consumer<? super T>],base,1
/Users/larrymotuzis/Larry_Motuzis_Data/Project05_CommonsCollections/src/main/java/org/apache/commons/collections4/iterators/ExtendedIterator.java,org.apache.commons.collections4.iterators.ExtendedIterator,next/0,base,1
/Users/larrymotuzis/Larry_Motuzis_Data/Project05_CommonsCollections/src/main/java/org/apache/commons/collections4/iterators/ExtendedIterator.java,org.apache.commons.collections4.iterators.ExtendedIterator,hasNext/0,base,1
/Users/larrymotuzis/Larry_Motuzis_Data/Project05_CommonsCollections/src/main/java/org/apache/commons/collections4/MultiMapUtils.java,org.apache.commons.collections4.MultiMapUtils,"emptyIfNull/1[org.apache.commons.collections4.MultiValuedMap<K,V>]",EMPTY_MULTI_VALUED_MAP,1
/Users/larrymotuzis/Larry_Motuzis_Data/Project05_CommonsCollections/src/main/java/org/apache/commons/collections4/MultiMapUtils.java,org.apache.commons.collections4.MultiMapUtils,emptyMultiValuedMap/0,EMPTY_MULTI_VALUED_MAP,1
/Users/larrymotuzis/Larry_Motuzis_Data/Project05_CommonsCollections/src/main/java/org/apache/commons/collections4/map/SingletonMap.java,org.apache.commons.collections4.map.SingletonMap,isEqualKey/1[java.lang.Object],key,3
/Users/larrymotuzis/Larry_Motuzis_Data/Project05_CommonsCollections/src/main/java/org/apache/commons/collections4/map/SingletonMap.java,org.apache.commons.collections4.map.SingletonMap,"put/2[K,V]",value,3
/Users/larrymotuzis/Larry_Motuzis_Data/Project05_CommonsCollections/src/main/java/org/apache/commons/collections4/map/SingletonMap.java,org.apache.commons.collections4.map.SingletonMap,"put/2[K,V]",key,3
/Users/larrymotuzis/Larry_Motuzis_Data/Project05_CommonsCollections/src/main/java/org/apache/commons/collections4/map/SingletonMap.java,org.apache.commons.collections4.map.SingletonMap,containsValue/1[java.lang.Object],value,3
/Users/larrymotuzis/Larry_Motuzis_Data/Project05_CommonsCollections/src/main/java/org/apache/commons/collections4/map/SingletonMap.java,org.apache.commons.collections4.map.SingletonMap,get/1[java.lang.Object],value,1
/Users/larrymotuzis/Larry_Motuzis_Data/Project05_CommonsCollections/src/main/java/org/apache/commons/collections4/map/SingletonMap.java,org.apache.commons.collections4.map.SingletonMap,get/1[java.lang.Object],key,3
/Users/larrymotuzis/Larry_Motuzis_Data/Project05_CommonsCollections/src/main/java/org/apache/commons/collections4/map/SingletonMap.java,org.apache.commons.collections4.map.SingletonMap,getKey/0,key,1
/Users/larrymotuzis/Larry_Motuzis_Data/Project05_CommonsCollections/src/main/java/org/apache/commons/collections4/map/SingletonMap.java,org.apache.commons.collections4.map.SingletonMap,getValue/0,value,1
/Users/larrymotuzis/Larry_Motuzis_Data/Project05_CommonsCollections/src/main/java/org/apache/commons/collections4/map/SingletonMap.java,org.apache.commons.collections4.map.SingletonMap,nextKey/1[K],key,2
/Users/larrymotuzis/Larry_Motuzis_Data/Project05_CommonsCollections/src/main/java/org/apache/commons/collections4/map/SingletonMap.java,org.apache.commons.collections4.map.SingletonMap,isEqualValue/1[java.lang.Object],value,3
/Users/larrymotuzis/Larry_Motuzis_Data/Project05_CommonsCollections/src/main/java/org/apache/commons/collections4/map/SingletonMap.java,org.apache.commons.collections4.map.SingletonMap,previousKey/1[K],key,2
/Users/larrymotuzis/Larry_Motuzis_Data/Project05_CommonsCollections/src/main/java/org/apache/commons/collections4/map/SingletonMap.java,org.apache.commons.collections4.map.SingletonMap,"SingletonMap/1[org.apache.commons.collections4.KeyValue<K,V>]",value,1
/Users/larrymotuzis/Larry_Motuzis_Data/Project05_CommonsCollections/src/main/java/org/apache/commons/collections4/map/SingletonMap.java,org.apache.commons.collections4.map.SingletonMap,"SingletonMap/1[org.apache.commons.collections4.KeyValue<K,V>]",key,1
/Users/larrymotuzis/Larry_Motuzis_Data/Project05_CommonsCollections/src/main/java/org/apache/commons/collections4/map/SingletonMap.java,org.apache.commons.collections4.map.SingletonMap,"SingletonMap/2[K,V]",value,4
/Users/larrymotuzis/Larry_Motuzis_Data/Project05_CommonsCollections/src/main/java/org/apache/commons/collections4/map/SingletonMap.java,org.apache.commons.collections4.map.SingletonMap,"SingletonMap/2[K,V]",key,4
/Users/larrymotuzis/Larry_Motuzis_Data/Project05_CommonsCollections/src/main/java/org/apache/commons/collections4/map/SingletonMap.java,org.apache.commons.collections4.map.SingletonMap,remove/1[java.lang.Object],key,2
/Users/larrymotuzis/Larry_Motuzis_Data/Project05_CommonsCollections/src/main/java/org/apache/commons/collections4/map/SingletonMap.java,org.apache.commons.collections4.map.SingletonMap,SingletonMap/0,key,1
/Users/larrymotuzis/Larry_Motuzis_Data/Project05_CommonsCollections/src/main/java/org/apache/commons/collections4/map/SingletonMap.java,org.apache.commons.collections4.map.SingletonMap,setValue/1[V],value,5
/Users/larrymotuzis/Larry_Motuzis_Data/Project05_CommonsCollections/src/main/java/org/apache/commons/collections4/map/SingletonMap.java,org.apache.commons.collections4.map.SingletonMap,containsKey/1[java.lang.Object],key,3
/Users/larrymotuzis/Larry_Motuzis_Data/Project05_CommonsCollections/src/main/java/org/apache/commons/collections4/map/SingletonMap.java,org.apache.commons.collections4.map.SingletonMap,"SingletonMap/1[java.util.Map<? extends K,? extends V>]",value,1
/Users/larrymotuzis/Larry_Motuzis_Data/Project05_CommonsCollections/src/main/java/org/apache/commons/collections4/map/SingletonMap.java,org.apache.commons.collections4.map.SingletonMap,"SingletonMap/1[java.util.Map<? extends K,? extends V>]",key,1
/Users/larrymotuzis/Larry_Motuzis_Data/Project05_CommonsCollections/src/main/java/org/apache/commons/collections4/map/SingletonMap.java,org.apache.commons.collections4.map.SingletonMap,"SingletonMap/1[java.util.Map.Entry<? extends K,? extends V>]",value,1
/Users/larrymotuzis/Larry_Motuzis_Data/Project05_CommonsCollections/src/main/java/org/apache/commons/collections4/map/SingletonMap.java,org.apache.commons.collections4.map.SingletonMap,"SingletonMap/1[java.util.Map.Entry<? extends K,? extends V>]",key,1
/Users/larrymotuzis/Larry_Motuzis_Data/Project05_CommonsCollections/src/main/java/org/apache/commons/collections4/map/SingletonMap.java,org.apache.commons.collections4.map.SingletonMap,keySet/0,key,1
/Users/larrymotuzis/Larry_Motuzis_Data/Project05_CommonsCollections/src/main/java/org/apache/commons/collections4/bloomfilter/CellExtractor.java,org.apache.commons.collections4.bloomfilter.CellExtractor$Anonymous1,processCells/1[org.apache.commons.collections4.bloomfilter.CellExtractor.CellPredicate],counterCells,1
/Users/larrymotuzis/Larry_Motuzis_Data/Project05_CommonsCollections/src/main/java/org/apache/commons/collections4/bloomfilter/CellExtractor.java,org.apache.commons.collections4.bloomfilter.CellExtractor$Anonymous1,asIndexArray/0,counterCells,1
/Users/larrymotuzis/Larry_Motuzis_Data/Project05_CommonsCollections/src/main/java/org/apache/commons/collections4/bloomfilter/CellExtractor.java,org.apache.commons.collections4.bloomfilter.CellExtractor$Anonymous1,populate/0,counterCells,3
/Users/larrymotuzis/Larry_Motuzis_Data/Project05_CommonsCollections/src/main/java/org/apache/commons/collections4/bidimap/AbstractDualBidiMap.java,org.apache.commons.collections4.bidimap.AbstractDualBidiMap$MapEntry,setValue/1[V],parent,1
/Users/larrymotuzis/Larry_Motuzis_Data/Project05_CommonsCollections/src/main/java/org/apache/commons/collections4/bidimap/AbstractDualBidiMap.java,org.apache.commons.collections4.bidimap.AbstractDualBidiMap$MapEntry,"MapEntry/2[java.util.Map.Entry<K,V>,org.apache.commons.collections4.bidimap.AbstractDualBidiMap<K,V>]",parent,4
/Users/larrymotuzis/Larry_Motuzis_Data/Project05_CommonsCollections/src/main/java/org/apache/commons/collections4/CollectionUtils.java,org.apache.commons.collections4.CollectionUtils,emptyCollection/0,EMPTY_COLLECTION,2
/Users/larrymotuzis/Larry_Motuzis_Data/Project05_CommonsCollections/src/main/java/org/apache/commons/collections4/map/AbstractReferenceMap.java,org.apache.commons.collections4.map.AbstractReferenceMap$WeakRef,hashCode/0,hash,1
/Users/larrymotuzis/Larry_Motuzis_Data/Project05_CommonsCollections/src/main/java/org/apache/commons/collections4/map/AbstractReferenceMap.java,org.apache.commons.collections4.map.AbstractReferenceMap$WeakRef,equals/1[java.lang.Object],hash,1
/Users/larrymotuzis/Larry_Motuzis_Data/Project05_CommonsCollections/src/main/java/org/apache/commons/collections4/map/AbstractReferenceMap.java,org.apache.commons.collections4.map.AbstractReferenceMap$WeakRef,"WeakRef/3[int,T,java.lang.ref.ReferenceQueue<? super T>]",hash,3
/Users/larrymotuzis/Larry_Motuzis_Data/Project05_CommonsCollections/src/main/java/org/apache/commons/collections4/map/PassiveExpiringMap.java,org.apache.commons.collections4.map.PassiveExpiringMap$ConstantTimeToLiveExpirationPolicy,ConstantTimeToLiveExpirationPolicy/1[long],timeToLiveMillis,4
/Users/larrymotuzis/Larry_Motuzis_Data/Project05_CommonsCollections/src/main/java/org/apache/commons/collections4/map/PassiveExpiringMap.java,org.apache.commons.collections4.map.PassiveExpiringMap$ConstantTimeToLiveExpirationPolicy,"expirationTime/2[K,V]",timeToLiveMillis,5
/Users/larrymotuzis/Larry_Motuzis_Data/Project05_CommonsCollections/src/main/java/org/apache/commons/collections4/bidimap/UnmodifiableOrderedBidiMap.java,org.apache.commons.collections4.bidimap.UnmodifiableOrderedBidiMap,inverseOrderedBidiMap/0,inverse,3
/Users/larrymotuzis/Larry_Motuzis_Data/Project05_CommonsCollections/src/main/java/org/apache/commons/collections4/functors/ChainedTransformer.java,org.apache.commons.collections4.functors.ChainedTransformer,"chainedTransformer/1[java.util.Collection<? extends org.apache.commons.collections4.Transformer<? super T,? extends T>>]",EMPTY_TRANSFORMER_ARRAY,1
/Users/larrymotuzis/Larry_Motuzis_Data/Project05_CommonsCollections/src/main/java/org/apache/commons/collections4/functors/ChainedTransformer.java,org.apache.commons.collections4.functors.ChainedTransformer,transform/1[T],iTransformers,1
/Users/larrymotuzis/Larry_Motuzis_Data/Project05_CommonsCollections/src/main/java/org/apache/commons/collections4/functors/ChainedTransformer.java,org.apache.commons.collections4.functors.ChainedTransformer,"ChainedTransformer/2[boolean,org.apache.commons.collections4.Transformer<? super T,? extends T>[]]",iTransformers,1
/Users/larrymotuzis/Larry_Motuzis_Data/Project05_CommonsCollections/src/main/java/org/apache/commons/collections4/functors/ChainedTransformer.java,org.apache.commons.collections4.functors.ChainedTransformer,getTransformers/0,iTransformers,1
/Users/larrymotuzis/Larry_Motuzis_Data/Project05_CommonsCollections/src/main/java/org/apache/commons/collections4/iterators/ArrayListIterator.java,org.apache.commons.collections4.iterators.ArrayListIterator,reset/0,lastItemIndex,1
/Users/larrymotuzis/Larry_Motuzis_Data/Project05_CommonsCollections/src/main/java/org/apache/commons/collections4/iterators/ArrayListIterator.java,org.apache.commons.collections4.iterators.ArrayListIterator,set/1[java.lang.Object],lastItemIndex,2
/Users/larrymotuzis/Larry_Motuzis_Data/Project05_CommonsCollections/src/main/java/org/apache/commons/collections4/iterators/ArrayListIterator.java,org.apache.commons.collections4.iterators.ArrayListIterator,previous/0,lastItemIndex,1
/Users/larrymotuzis/Larry_Motuzis_Data/Project05_CommonsCollections/src/main/java/org/apache/commons/collections4/iterators/ArrayListIterator.java,org.apache.commons.collections4.iterators.ArrayListIterator,next/0,lastItemIndex,1
/Users/larrymotuzis/Larry_Motuzis_Data/Project05_CommonsCollections/src/main/java/org/apache/commons/collections4/iterators/ReverseListIterator.java,org.apache.commons.collections4.iterators.ReverseListIterator,previous/0,iterator,1
/Users/larrymotuzis/Larry_Motuzis_Data/Project05_CommonsCollections/src/main/java/org/apache/commons/collections4/iterators/ReverseListIterator.java,org.apache.commons.collections4.iterators.ReverseListIterator,previous/0,validForUpdate,1
/Users/larrymotuzis/Larry_Motuzis_Data/Project05_CommonsCollections/src/main/java/org/apache/commons/collections4/iterators/ReverseListIterator.java,org.apache.commons.collections4.iterators.ReverseListIterator,hasNext/0,iterator,1
/Users/larrymotuzis/Larry_Motuzis_Data/Project05_CommonsCollections/src/main/java/org/apache/commons/collections4/iterators/ReverseListIterator.java,org.apache.commons.collections4.iterators.ReverseListIterator,ReverseListIterator/1[java.util.List<E>],iterator,1
/Users/larrymotuzis/Larry_Motuzis_Data/Project05_CommonsCollections/src/main/java/org/apache/commons/collections4/iterators/ReverseListIterator.java,org.apache.commons.collections4.iterators.ReverseListIterator,ReverseListIterator/1[java.util.List<E>],list,6
/Users/larrymotuzis/Larry_Motuzis_Data/Project05_CommonsCollections/src/main/java/org/apache/commons/collections4/iterators/ReverseListIterator.java,org.apache.commons.collections4.iterators.ReverseListIterator,add/1[E],validForUpdate,2
/Users/larrymotuzis/Larry_Motuzis_Data/Project05_CommonsCollections/src/main/java/org/apache/commons/collections4/iterators/ReverseListIterator.java,org.apache.commons.collections4.iterators.ReverseListIterator,add/1[E],iterator,2
/Users/larrymotuzis/Larry_Motuzis_Data/Project05_CommonsCollections/src/main/java/org/apache/commons/collections4/iterators/ReverseListIterator.java,org.apache.commons.collections4.iterators.ReverseListIterator,nextIndex/0,iterator,1
/Users/larrymotuzis/Larry_Motuzis_Data/Project05_CommonsCollections/src/main/java/org/apache/commons/collections4/iterators/ReverseListIterator.java,org.apache.commons.collections4.iterators.ReverseListIterator,remove/0,validForUpdate,1
/Users/larrymotuzis/Larry_Motuzis_Data/Project05_CommonsCollections/src/main/java/org/apache/commons/collections4/iterators/ReverseListIterator.java,org.apache.commons.collections4.iterators.ReverseListIterator,remove/0,iterator,1
/Users/larrymotuzis/Larry_Motuzis_Data/Project05_CommonsCollections/src/main/java/org/apache/commons/collections4/iterators/ReverseListIterator.java,org.apache.commons.collections4.iterators.ReverseListIterator,reset/0,iterator,1
/Users/larrymotuzis/Larry_Motuzis_Data/Project05_CommonsCollections/src/main/java/org/apache/commons/collections4/iterators/ReverseListIterator.java,org.apache.commons.collections4.iterators.ReverseListIterator,reset/0,list,2
/Users/larrymotuzis/Larry_Motuzis_Data/Project05_CommonsCollections/src/main/java/org/apache/commons/collections4/iterators/ReverseListIterator.java,org.apache.commons.collections4.iterators.ReverseListIterator,set/1[E],validForUpdate,1
/Users/larrymotuzis/Larry_Motuzis_Data/Project05_CommonsCollections/src/main/java/org/apache/commons/collections4/iterators/ReverseListIterator.java,org.apache.commons.collections4.iterators.ReverseListIterator,set/1[E],iterator,1
/Users/larrymotuzis/Larry_Motuzis_Data/Project05_CommonsCollections/src/main/java/org/apache/commons/collections4/iterators/ReverseListIterator.java,org.apache.commons.collections4.iterators.ReverseListIterator,previousIndex/0,iterator,1
/Users/larrymotuzis/Larry_Motuzis_Data/Project05_CommonsCollections/src/main/java/org/apache/commons/collections4/iterators/ReverseListIterator.java,org.apache.commons.collections4.iterators.ReverseListIterator,hasPrevious/0,iterator,1
/Users/larrymotuzis/Larry_Motuzis_Data/Project05_CommonsCollections/src/main/java/org/apache/commons/collections4/iterators/ReverseListIterator.java,org.apache.commons.collections4.iterators.ReverseListIterator,next/0,iterator,1
/Users/larrymotuzis/Larry_Motuzis_Data/Project05_CommonsCollections/src/main/java/org/apache/commons/collections4/iterators/ReverseListIterator.java,org.apache.commons.collections4.iterators.ReverseListIterator,next/0,validForUpdate,1
/Users/larrymotuzis/Larry_Motuzis_Data/Project05_CommonsCollections/src/main/java/org/apache/commons/collections4/collection/PredicatedCollection.java,org.apache.commons.collections4.collection.PredicatedCollection,"predicatedCollection/2[java.util.Collection<T>,org.apache.commons.collections4.Predicate<? super T>]",predicate,3
/Users/larrymotuzis/Larry_Motuzis_Data/Project05_CommonsCollections/src/main/java/org/apache/commons/collections4/collection/PredicatedCollection.java,org.apache.commons.collections4.collection.PredicatedCollection,"PredicatedCollection/2[java.util.Collection<E>,org.apache.commons.collections4.Predicate<? super E>]",predicate,4
/Users/larrymotuzis/Larry_Motuzis_Data/Project05_CommonsCollections/src/main/java/org/apache/commons/collections4/collection/PredicatedCollection.java,org.apache.commons.collections4.collection.PredicatedCollection,validate/1[E],predicate,2
/Users/larrymotuzis/Larry_Motuzis_Data/Project05_CommonsCollections/src/main/java/org/apache/commons/collections4/collection/PredicatedCollection.java,org.apache.commons.collections4.collection.PredicatedCollection,builder/1[org.apache.commons.collections4.Predicate<? super E>],predicate,3
/Users/larrymotuzis/Larry_Motuzis_Data/Project05_CommonsCollections/src/main/java/org/apache/commons/collections4/comparators/ComparableComparator.java,org.apache.commons.collections4.comparators.ComparableComparator,comparableComparator/0,INSTANCE,1
/Users/larrymotuzis/Larry_Motuzis_Data/Project05_CommonsCollections/src/main/java/org/apache/commons/collections4/multimap/AbstractMultiValuedMapDecorator.java,org.apache.commons.collections4.multimap.AbstractMultiValuedMapDecorator,decorated/0,map,1
/Users/larrymotuzis/Larry_Motuzis_Data/Project05_CommonsCollections/src/main/java/org/apache/commons/collections4/multimap/AbstractMultiValuedMapDecorator.java,org.apache.commons.collections4.multimap.AbstractMultiValuedMapDecorator,"putAll/1[java.util.Map<? extends K,? extends V>]",map,2
/Users/larrymotuzis/Larry_Motuzis_Data/Project05_CommonsCollections/src/main/java/org/apache/commons/collections4/multimap/AbstractMultiValuedMapDecorator.java,org.apache.commons.collections4.multimap.AbstractMultiValuedMapDecorator,"AbstractMultiValuedMapDecorator/1[org.apache.commons.collections4.MultiValuedMap<K,V>]",map,4
/Users/larrymotuzis/Larry_Motuzis_Data/Project05_CommonsCollections/src/main/java/org/apache/commons/collections4/multimap/AbstractMultiValuedMapDecorator.java,org.apache.commons.collections4.multimap.AbstractMultiValuedMapDecorator,"putAll/1[org.apache.commons.collections4.MultiValuedMap<? extends K,? extends V>]",map,2
/Users/larrymotuzis/Larry_Motuzis_Data/Project05_CommonsCollections/src/main/java/org/apache/commons/collections4/list/SetUniqueList.java,org.apache.commons.collections4.list.SetUniqueList,containsAll/1[java.util.Collection<?>],set,1
/Users/larrymotuzis/Larry_Motuzis_Data/Project05_CommonsCollections/src/main/java/org/apache/commons/collections4/list/SetUniqueList.java,org.apache.commons.collections4.list.SetUniqueList,remove/1[int],set,1
/Users/larrymotuzis/Larry_Motuzis_Data/Project05_CommonsCollections/src/main/java/org/apache/commons/collections4/list/SetUniqueList.java,org.apache.commons.collections4.list.SetUniqueList,"subList/2[int,int]",set,1
/Users/larrymotuzis/Larry_Motuzis_Data/Project05_CommonsCollections/src/main/java/org/apache/commons/collections4/list/SetUniqueList.java,org.apache.commons.collections4.list.SetUniqueList,"createSetBasedOnList/2[java.util.Set<E>,java.util.List<E>]",set,6
/Users/larrymotuzis/Larry_Motuzis_Data/Project05_CommonsCollections/src/main/java/org/apache/commons/collections4/list/SetUniqueList.java,org.apache.commons.collections4.list.SetUniqueList,retainAll/1[java.util.Collection<?>],set,3
/Users/larrymotuzis/Larry_Motuzis_Data/Project05_CommonsCollections/src/main/java/org/apache/commons/collections4/list/SetUniqueList.java,org.apache.commons.collections4.list.SetUniqueList,contains/1[java.lang.Object],set,1
/Users/larrymotuzis/Larry_Motuzis_Data/Project05_CommonsCollections/src/main/java/org/apache/commons/collections4/list/SetUniqueList.java,org.apache.commons.collections4.list.SetUniqueList,listIterator/0,set,1
/Users/larrymotuzis/Larry_Motuzis_Data/Project05_CommonsCollections/src/main/java/org/apache/commons/collections4/list/SetUniqueList.java,org.apache.commons.collections4.list.SetUniqueList,"set/2[int,E]",set,4
/Users/larrymotuzis/Larry_Motuzis_Data/Project05_CommonsCollections/src/main/java/org/apache/commons/collections4/list/SetUniqueList.java,org.apache.commons.collections4.list.SetUniqueList,"add/2[int,E]",set,2
/Users/larrymotuzis/Larry_Motuzis_Data/Project05_CommonsCollections/src/main/java/org/apache/commons/collections4/list/SetUniqueList.java,org.apache.commons.collections4.list.SetUniqueList,iterator/0,set,1
/Users/larrymotuzis/Larry_Motuzis_Data/Project05_CommonsCollections/src/main/java/org/apache/commons/collections4/list/SetUniqueList.java,org.apache.commons.collections4.list.SetUniqueList,asSet/0,set,1
/Users/larrymotuzis/Larry_Motuzis_Data/Project05_CommonsCollections/src/main/java/org/apache/commons/collections4/list/SetUniqueList.java,org.apache.commons.collections4.list.SetUniqueList,listIterator/1[int],set,1
/Users/larrymotuzis/Larry_Motuzis_Data/Project05_CommonsCollections/src/main/java/org/apache/commons/collections4/list/SetUniqueList.java,org.apache.commons.collections4.list.SetUniqueList,remove/1[java.lang.Object],set,1
/Users/larrymotuzis/Larry_Motuzis_Data/Project05_CommonsCollections/src/main/java/org/apache/commons/collections4/list/SetUniqueList.java,org.apache.commons.collections4.list.SetUniqueList,"SetUniqueList/2[java.util.List<E>,java.util.Set<E>]",set,4
/Users/larrymotuzis/Larry_Motuzis_Data/Project05_CommonsCollections/src/main/java/org/apache/commons/collections4/list/SetUniqueList.java,org.apache.commons.collections4.list.SetUniqueList,clear/0,set,1
/Users/larrymotuzis/Larry_Motuzis_Data/Project05_CommonsCollections/src/main/java/org/apache/commons/collections4/list/SetUniqueList.java,org.apache.commons.collections4.list.SetUniqueList,"addAll/2[int,java.util.Collection<? extends E>]",set,1
/Users/larrymotuzis/Larry_Motuzis_Data/Project05_CommonsCollections/src/main/java/org/apache/commons/collections4/list/SetUniqueList.java,org.apache.commons.collections4.list.SetUniqueList,removeIf/1[java.util.function.Predicate<? super E>],set,1
/Users/larrymotuzis/Larry_Motuzis_Data/Project05_CommonsCollections/src/main/java/org/apache/commons/collections4/list/CursorableLinkedList.java,org.apache.commons.collections4.list.CursorableLinkedList,broadcastNodeRemoved/1[org.apache.commons.collections4.list.AbstractLinkedList.Node<E>],cursors,1
/Users/larrymotuzis/Larry_Motuzis_Data/Project05_CommonsCollections/src/main/java/org/apache/commons/collections4/list/CursorableLinkedList.java,org.apache.commons.collections4.list.CursorableLinkedList,broadcastNodeInserted/1[org.apache.commons.collections4.list.AbstractLinkedList.Node<E>],cursors,1
/Users/larrymotuzis/Larry_Motuzis_Data/Project05_CommonsCollections/src/main/java/org/apache/commons/collections4/list/CursorableLinkedList.java,org.apache.commons.collections4.list.CursorableLinkedList,unregisterCursor/1[org.apache.commons.collections4.list.CursorableLinkedList.Cursor<E>],cursors,1
/Users/larrymotuzis/Larry_Motuzis_Data/Project05_CommonsCollections/src/main/java/org/apache/commons/collections4/list/CursorableLinkedList.java,org.apache.commons.collections4.list.CursorableLinkedList,broadcastNodeChanged/1[org.apache.commons.collections4.list.AbstractLinkedList.Node<E>],cursors,1
/Users/larrymotuzis/Larry_Motuzis_Data/Project05_CommonsCollections/src/main/java/org/apache/commons/collections4/list/CursorableLinkedList.java,org.apache.commons.collections4.list.CursorableLinkedList,registerCursor/1[org.apache.commons.collections4.list.CursorableLinkedList.Cursor<E>],cursors,2
/Users/larrymotuzis/Larry_Motuzis_Data/Project05_CommonsCollections/src/main/java/org/apache/commons/collections4/list/CursorableLinkedList.java,org.apache.commons.collections4.list.CursorableLinkedList,init/0,cursors,1
/Users/larrymotuzis/Larry_Motuzis_Data/Project05_CommonsCollections/src/main/java/org/apache/commons/collections4/iterators/EnumerationIterator.java,org.apache.commons.collections4.iterators.EnumerationIterator,hasNext/0,enumeration,1
/Users/larrymotuzis/Larry_Motuzis_Data/Project05_CommonsCollections/src/main/java/org/apache/commons/collections4/iterators/EnumerationIterator.java,org.apache.commons.collections4.iterators.EnumerationIterator,remove/0,last,2
/Users/larrymotuzis/Larry_Motuzis_Data/Project05_CommonsCollections/src/main/java/org/apache/commons/collections4/iterators/EnumerationIterator.java,org.apache.commons.collections4.iterators.EnumerationIterator,remove/0,collection,2
/Users/larrymotuzis/Larry_Motuzis_Data/Project05_CommonsCollections/src/main/java/org/apache/commons/collections4/iterators/EnumerationIterator.java,org.apache.commons.collections4.iterators.EnumerationIterator,getEnumeration/0,enumeration,1
/Users/larrymotuzis/Larry_Motuzis_Data/Project05_CommonsCollections/src/main/java/org/apache/commons/collections4/iterators/EnumerationIterator.java,org.apache.commons.collections4.iterators.EnumerationIterator,EnumerationIterator/1[java.util.Enumeration<? extends E>],enumeration,3
/Users/larrymotuzis/Larry_Motuzis_Data/Project05_CommonsCollections/src/main/java/org/apache/commons/collections4/iterators/EnumerationIterator.java,org.apache.commons.collections4.iterators.EnumerationIterator,next/0,last,2
/Users/larrymotuzis/Larry_Motuzis_Data/Project05_CommonsCollections/src/main/java/org/apache/commons/collections4/iterators/EnumerationIterator.java,org.apache.commons.collections4.iterators.EnumerationIterator,next/0,enumeration,1
/Users/larrymotuzis/Larry_Motuzis_Data/Project05_CommonsCollections/src/main/java/org/apache/commons/collections4/iterators/EnumerationIterator.java,org.apache.commons.collections4.iterators.EnumerationIterator,"EnumerationIterator/2[java.util.Enumeration<? extends E>,java.util.Collection<? super E>]",last,1
/Users/larrymotuzis/Larry_Motuzis_Data/Project05_CommonsCollections/src/main/java/org/apache/commons/collections4/iterators/EnumerationIterator.java,org.apache.commons.collections4.iterators.EnumerationIterator,"EnumerationIterator/2[java.util.Enumeration<? extends E>,java.util.Collection<? super E>]",collection,4
/Users/larrymotuzis/Larry_Motuzis_Data/Project05_CommonsCollections/src/main/java/org/apache/commons/collections4/iterators/EnumerationIterator.java,org.apache.commons.collections4.iterators.EnumerationIterator,"EnumerationIterator/2[java.util.Enumeration<? extends E>,java.util.Collection<? super E>]",enumeration,4
/Users/larrymotuzis/Larry_Motuzis_Data/Project05_CommonsCollections/src/main/java/org/apache/commons/collections4/iterators/EnumerationIterator.java,org.apache.commons.collections4.iterators.EnumerationIterator,setEnumeration/1[java.util.Enumeration<? extends E>],enumeration,4
/Users/larrymotuzis/Larry_Motuzis_Data/Project05_CommonsCollections/src/main/java/org/apache/commons/collections4/bloomfilter/IndexExtractor.java,org.apache.commons.collections4.bloomfilter.IndexExtractor$1Indices,add/1[int],data,3
/Users/larrymotuzis/Larry_Motuzis_Data/Project05_CommonsCollections/src/main/java/org/apache/commons/collections4/bloomfilter/IndexExtractor.java,org.apache.commons.collections4.bloomfilter.IndexExtractor$1Indices,add/1[int],size,2
/Users/larrymotuzis/Larry_Motuzis_Data/Project05_CommonsCollections/src/main/java/org/apache/commons/collections4/bloomfilter/IndexExtractor.java,org.apache.commons.collections4.bloomfilter.IndexExtractor$1Indices,toArray/0,size,2
/Users/larrymotuzis/Larry_Motuzis_Data/Project05_CommonsCollections/src/main/java/org/apache/commons/collections4/bloomfilter/IndexExtractor.java,org.apache.commons.collections4.bloomfilter.IndexExtractor$1Indices,toArray/0,data,2
/Users/larrymotuzis/Larry_Motuzis_Data/Project05_CommonsCollections/src/main/java/org/apache/commons/collections4/trie/UnmodifiableTrie.java,org.apache.commons.collections4.trie.UnmodifiableTrie,values/0,delegate,1
/Users/larrymotuzis/Larry_Motuzis_Data/Project05_CommonsCollections/src/main/java/org/apache/commons/collections4/trie/UnmodifiableTrie.java,org.apache.commons.collections4.trie.UnmodifiableTrie,headMap/1[K],delegate,1
/Users/larrymotuzis/Larry_Motuzis_Data/Project05_CommonsCollections/src/main/java/org/apache/commons/collections4/trie/UnmodifiableTrie.java,org.apache.commons.collections4.trie.UnmodifiableTrie,tailMap/1[K],delegate,1
/Users/larrymotuzis/Larry_Motuzis_Data/Project05_CommonsCollections/src/main/java/org/apache/commons/collections4/trie/UnmodifiableTrie.java,org.apache.commons.collections4.trie.UnmodifiableTrie,keySet/0,delegate,1
/Users/larrymotuzis/Larry_Motuzis_Data/Project05_CommonsCollections/src/main/java/org/apache/commons/collections4/trie/UnmodifiableTrie.java,org.apache.commons.collections4.trie.UnmodifiableTrie,prefixMap/1[K],delegate,1
/Users/larrymotuzis/Larry_Motuzis_Data/Project05_CommonsCollections/src/main/java/org/apache/commons/collections4/trie/UnmodifiableTrie.java,org.apache.commons.collections4.trie.UnmodifiableTrie,"UnmodifiableTrie/1[org.apache.commons.collections4.Trie<K,? extends V>]",delegate,1
/Users/larrymotuzis/Larry_Motuzis_Data/Project05_CommonsCollections/src/main/java/org/apache/commons/collections4/trie/UnmodifiableTrie.java,org.apache.commons.collections4.trie.UnmodifiableTrie,nextKey/1[K],delegate,1
/Users/larrymotuzis/Larry_Motuzis_Data/Project05_CommonsCollections/src/main/java/org/apache/commons/collections4/trie/UnmodifiableTrie.java,org.apache.commons.collections4.trie.UnmodifiableTrie,entrySet/0,delegate,1
/Users/larrymotuzis/Larry_Motuzis_Data/Project05_CommonsCollections/src/main/java/org/apache/commons/collections4/trie/UnmodifiableTrie.java,org.apache.commons.collections4.trie.UnmodifiableTrie,previousKey/1[K],delegate,1
/Users/larrymotuzis/Larry_Motuzis_Data/Project05_CommonsCollections/src/main/java/org/apache/commons/collections4/trie/UnmodifiableTrie.java,org.apache.commons.collections4.trie.UnmodifiableTrie,lastKey/0,delegate,1
/Users/larrymotuzis/Larry_Motuzis_Data/Project05_CommonsCollections/src/main/java/org/apache/commons/collections4/trie/UnmodifiableTrie.java,org.apache.commons.collections4.trie.UnmodifiableTrie,comparator/0,delegate,1
/Users/larrymotuzis/Larry_Motuzis_Data/Project05_CommonsCollections/src/main/java/org/apache/commons/collections4/trie/UnmodifiableTrie.java,org.apache.commons.collections4.trie.UnmodifiableTrie,size/0,delegate,1
/Users/larrymotuzis/Larry_Motuzis_Data/Project05_CommonsCollections/src/main/java/org/apache/commons/collections4/trie/UnmodifiableTrie.java,org.apache.commons.collections4.trie.UnmodifiableTrie,"subMap/2[K,K]",delegate,1
/Users/larrymotuzis/Larry_Motuzis_Data/Project05_CommonsCollections/src/main/java/org/apache/commons/collections4/trie/UnmodifiableTrie.java,org.apache.commons.collections4.trie.UnmodifiableTrie,isEmpty/0,delegate,1
/Users/larrymotuzis/Larry_Motuzis_Data/Project05_CommonsCollections/src/main/java/org/apache/commons/collections4/trie/UnmodifiableTrie.java,org.apache.commons.collections4.trie.UnmodifiableTrie,hashCode/0,delegate,1
/Users/larrymotuzis/Larry_Motuzis_Data/Project05_CommonsCollections/src/main/java/org/apache/commons/collections4/trie/UnmodifiableTrie.java,org.apache.commons.collections4.trie.UnmodifiableTrie,containsValue/1[java.lang.Object],delegate,1
/Users/larrymotuzis/Larry_Motuzis_Data/Project05_CommonsCollections/src/main/java/org/apache/commons/collections4/trie/UnmodifiableTrie.java,org.apache.commons.collections4.trie.UnmodifiableTrie,firstKey/0,delegate,1
/Users/larrymotuzis/Larry_Motuzis_Data/Project05_CommonsCollections/src/main/java/org/apache/commons/collections4/trie/UnmodifiableTrie.java,org.apache.commons.collections4.trie.UnmodifiableTrie,get/1[java.lang.Object],delegate,1
/Users/larrymotuzis/Larry_Motuzis_Data/Project05_CommonsCollections/src/main/java/org/apache/commons/collections4/trie/UnmodifiableTrie.java,org.apache.commons.collections4.trie.UnmodifiableTrie,mapIterator/0,delegate,1
/Users/larrymotuzis/Larry_Motuzis_Data/Project05_CommonsCollections/src/main/java/org/apache/commons/collections4/trie/UnmodifiableTrie.java,org.apache.commons.collections4.trie.UnmodifiableTrie,containsKey/1[java.lang.Object],delegate,1
/Users/larrymotuzis/Larry_Motuzis_Data/Project05_CommonsCollections/src/main/java/org/apache/commons/collections4/trie/UnmodifiableTrie.java,org.apache.commons.collections4.trie.UnmodifiableTrie,toString/0,delegate,1
/Users/larrymotuzis/Larry_Motuzis_Data/Project05_CommonsCollections/src/main/java/org/apache/commons/collections4/trie/UnmodifiableTrie.java,org.apache.commons.collections4.trie.UnmodifiableTrie,equals/1[java.lang.Object],delegate,1
/Users/larrymotuzis/Larry_Motuzis_Data/Project05_CommonsCollections/src/main/java/org/apache/commons/collections4/IteratorUtils.java,org.apache.commons.collections4.IteratorUtils,"toString/2[java.util.Iterator<E>,org.apache.commons.collections4.Transformer<? super E,java.lang.String>]",DEFAULT_TOSTRING_DELIMITER,1
/Users/larrymotuzis/Larry_Motuzis_Data/Project05_CommonsCollections/src/main/java/org/apache/commons/collections4/IteratorUtils.java,org.apache.commons.collections4.IteratorUtils,toString/1[java.util.Iterator<E>],DEFAULT_TOSTRING_DELIMITER,1
/Users/larrymotuzis/Larry_Motuzis_Data/Project05_CommonsCollections/src/main/java/org/apache/commons/collections4/functors/NullIsFalsePredicate.java,org.apache.commons.collections4.functors.NullIsFalsePredicate,test/1[T],iPredicate,1
/Users/larrymotuzis/Larry_Motuzis_Data/Project05_CommonsCollections/src/main/java/org/apache/commons/collections4/functors/NullIsFalsePredicate.java,org.apache.commons.collections4.functors.NullIsFalsePredicate,NullIsFalsePredicate/1[org.apache.commons.collections4.Predicate<? super T>],iPredicate,1
/Users/larrymotuzis/Larry_Motuzis_Data/Project05_CommonsCollections/src/main/java/org/apache/commons/collections4/functors/NullIsFalsePredicate.java,org.apache.commons.collections4.functors.NullIsFalsePredicate,getPredicates/0,iPredicate,1
/Users/larrymotuzis/Larry_Motuzis_Data/Project05_CommonsCollections/src/main/java/org/apache/commons/collections4/functors/IdentityPredicate.java,org.apache.commons.collections4.functors.IdentityPredicate,test/1[T],iValue,1
/Users/larrymotuzis/Larry_Motuzis_Data/Project05_CommonsCollections/src/main/java/org/apache/commons/collections4/functors/IdentityPredicate.java,org.apache.commons.collections4.functors.IdentityPredicate,getValue/0,iValue,1
/Users/larrymotuzis/Larry_Motuzis_Data/Project05_CommonsCollections/src/main/java/org/apache/commons/collections4/functors/IdentityPredicate.java,org.apache.commons.collections4.functors.IdentityPredicate,IdentityPredicate/1[T],iValue,1
/Users/larrymotuzis/Larry_Motuzis_Data/Project05_CommonsCollections/src/main/java/org/apache/commons/collections4/iterators/FilterListIterator.java,org.apache.commons.collections4.iterators.FilterListIterator,setPredicate/1[org.apache.commons.collections4.Predicate<? super E>],predicate,4
/Users/larrymotuzis/Larry_Motuzis_Data/Project05_CommonsCollections/src/main/java/org/apache/commons/collections4/iterators/FilterListIterator.java,org.apache.commons.collections4.iterators.FilterListIterator,nextIndex/0,nextIndex,2
/Users/larrymotuzis/Larry_Motuzis_Data/Project05_CommonsCollections/src/main/java/org/apache/commons/collections4/iterators/FilterListIterator.java,org.apache.commons.collections4.iterators.FilterListIterator,"FilterListIterator/2[java.util.ListIterator<? extends E>,org.apache.commons.collections4.Predicate<? super E>]",predicate,4
/Users/larrymotuzis/Larry_Motuzis_Data/Project05_CommonsCollections/src/main/java/org/apache/commons/collections4/iterators/FilterListIterator.java,org.apache.commons.collections4.iterators.FilterListIterator,"FilterListIterator/2[java.util.ListIterator<? extends E>,org.apache.commons.collections4.Predicate<? super E>]",iterator,4
/Users/larrymotuzis/Larry_Motuzis_Data/Project05_CommonsCollections/src/main/java/org/apache/commons/collections4/iterators/FilterListIterator.java,org.apache.commons.collections4.iterators.FilterListIterator,hasPrevious/0,previousObjectSet,1
/Users/larrymotuzis/Larry_Motuzis_Data/Project05_CommonsCollections/src/main/java/org/apache/commons/collections4/iterators/FilterListIterator.java,org.apache.commons.collections4.iterators.FilterListIterator,getListIterator/0,iterator,1
/Users/larrymotuzis/Larry_Motuzis_Data/Project05_CommonsCollections/src/main/java/org/apache/commons/collections4/iterators/FilterListIterator.java,org.apache.commons.collections4.iterators.FilterListIterator,setListIterator/1[java.util.ListIterator<? extends E>],iterator,4
/Users/larrymotuzis/Larry_Motuzis_Data/Project05_CommonsCollections/src/main/java/org/apache/commons/collections4/iterators/FilterListIterator.java,org.apache.commons.collections4.iterators.FilterListIterator,setPreviousObject/0,predicate,1
/Users/larrymotuzis/Larry_Motuzis_Data/Project05_CommonsCollections/src/main/java/org/apache/commons/collections4/iterators/FilterListIterator.java,org.apache.commons.collections4.iterators.FilterListIterator,setPreviousObject/0,iterator,3
/Users/larrymotuzis/Larry_Motuzis_Data/Project05_CommonsCollections/src/main/java/org/apache/commons/collections4/iterators/FilterListIterator.java,org.apache.commons.collections4.iterators.FilterListIterator,setPreviousObject/0,nextObjectSet,1
/Users/larrymotuzis/Larry_Motuzis_Data/Project05_CommonsCollections/src/main/java/org/apache/commons/collections4/iterators/FilterListIterator.java,org.apache.commons.collections4.iterators.FilterListIterator,setPreviousObject/0,previousObject,1
/Users/larrymotuzis/Larry_Motuzis_Data/Project05_CommonsCollections/src/main/java/org/apache/commons/collections4/iterators/FilterListIterator.java,org.apache.commons.collections4.iterators.FilterListIterator,setPreviousObject/0,previousObjectSet,1
/Users/larrymotuzis/Larry_Motuzis_Data/Project05_CommonsCollections/src/main/java/org/apache/commons/collections4/iterators/FilterListIterator.java,org.apache.commons.collections4.iterators.FilterListIterator,previousIndex/0,nextIndex,1
/Users/larrymotuzis/Larry_Motuzis_Data/Project05_CommonsCollections/src/main/java/org/apache/commons/collections4/iterators/FilterListIterator.java,org.apache.commons.collections4.iterators.FilterListIterator,FilterListIterator/1[java.util.ListIterator<? extends E>],iterator,4
/Users/larrymotuzis/Larry_Motuzis_Data/Project05_CommonsCollections/src/main/java/org/apache/commons/collections4/iterators/FilterListIterator.java,org.apache.commons.collections4.iterators.FilterListIterator,clearNextObject/0,nextObject,1
/Users/larrymotuzis/Larry_Motuzis_Data/Project05_CommonsCollections/src/main/java/org/apache/commons/collections4/iterators/FilterListIterator.java,org.apache.commons.collections4.iterators.FilterListIterator,clearNextObject/0,nextObjectSet,1
/Users/larrymotuzis/Larry_Motuzis_Data/Project05_CommonsCollections/src/main/java/org/apache/commons/collections4/iterators/FilterListIterator.java,org.apache.commons.collections4.iterators.FilterListIterator,clearPreviousObject/0,previousObject,1
/Users/larrymotuzis/Larry_Motuzis_Data/Project05_CommonsCollections/src/main/java/org/apache/commons/collections4/iterators/FilterListIterator.java,org.apache.commons.collections4.iterators.FilterListIterator,clearPreviousObject/0,previousObjectSet,1
/Users/larrymotuzis/Larry_Motuzis_Data/Project05_CommonsCollections/src/main/java/org/apache/commons/collections4/iterators/FilterListIterator.java,org.apache.commons.collections4.iterators.FilterListIterator,hasNext/0,nextObjectSet,1
/Users/larrymotuzis/Larry_Motuzis_Data/Project05_CommonsCollections/src/main/java/org/apache/commons/collections4/iterators/FilterListIterator.java,org.apache.commons.collections4.iterators.FilterListIterator,next/0,nextObject,1
/Users/larrymotuzis/Larry_Motuzis_Data/Project05_CommonsCollections/src/main/java/org/apache/commons/collections4/iterators/FilterListIterator.java,org.apache.commons.collections4.iterators.FilterListIterator,next/0,nextObjectSet,1
/Users/larrymotuzis/Larry_Motuzis_Data/Project05_CommonsCollections/src/main/java/org/apache/commons/collections4/iterators/FilterListIterator.java,org.apache.commons.collections4.iterators.FilterListIterator,next/0,nextIndex,1
/Users/larrymotuzis/Larry_Motuzis_Data/Project05_CommonsCollections/src/main/java/org/apache/commons/collections4/iterators/FilterListIterator.java,org.apache.commons.collections4.iterators.FilterListIterator,previous/0,nextIndex,1
/Users/larrymotuzis/Larry_Motuzis_Data/Project05_CommonsCollections/src/main/java/org/apache/commons/collections4/iterators/FilterListIterator.java,org.apache.commons.collections4.iterators.FilterListIterator,previous/0,previousObjectSet,1
/Users/larrymotuzis/Larry_Motuzis_Data/Project05_CommonsCollections/src/main/java/org/apache/commons/collections4/iterators/FilterListIterator.java,org.apache.commons.collections4.iterators.FilterListIterator,previous/0,previousObject,1
/Users/larrymotuzis/Larry_Motuzis_Data/Project05_CommonsCollections/src/main/java/org/apache/commons/collections4/iterators/FilterListIterator.java,org.apache.commons.collections4.iterators.FilterListIterator,FilterListIterator/1[org.apache.commons.collections4.Predicate<? super E>],predicate,4
/Users/larrymotuzis/Larry_Motuzis_Data/Project05_CommonsCollections/src/main/java/org/apache/commons/collections4/iterators/FilterListIterator.java,org.apache.commons.collections4.iterators.FilterListIterator,getPredicate/0,predicate,1
/Users/larrymotuzis/Larry_Motuzis_Data/Project05_CommonsCollections/src/main/java/org/apache/commons/collections4/iterators/FilterListIterator.java,org.apache.commons.collections4.iterators.FilterListIterator,setNextObject/0,predicate,1
/Users/larrymotuzis/Larry_Motuzis_Data/Project05_CommonsCollections/src/main/java/org/apache/commons/collections4/iterators/FilterListIterator.java,org.apache.commons.collections4.iterators.FilterListIterator,setNextObject/0,nextObject,1
/Users/larrymotuzis/Larry_Motuzis_Data/Project05_CommonsCollections/src/main/java/org/apache/commons/collections4/iterators/FilterListIterator.java,org.apache.commons.collections4.iterators.FilterListIterator,setNextObject/0,iterator,3
/Users/larrymotuzis/Larry_Motuzis_Data/Project05_CommonsCollections/src/main/java/org/apache/commons/collections4/iterators/FilterListIterator.java,org.apache.commons.collections4.iterators.FilterListIterator,setNextObject/0,nextObjectSet,1
/Users/larrymotuzis/Larry_Motuzis_Data/Project05_CommonsCollections/src/main/java/org/apache/commons/collections4/iterators/FilterListIterator.java,org.apache.commons.collections4.iterators.FilterListIterator,setNextObject/0,previousObjectSet,1
/Users/larrymotuzis/Larry_Motuzis_Data/Project05_CommonsCollections/src/main/java/org/apache/commons/collections4/functors/FalsePredicate.java,org.apache.commons.collections4.functors.FalsePredicate,readResolve/0,INSTANCE,1
/Users/larrymotuzis/Larry_Motuzis_Data/Project05_CommonsCollections/src/main/java/org/apache/commons/collections4/functors/FalsePredicate.java,org.apache.commons.collections4.functors.FalsePredicate,falsePredicate/0,INSTANCE,1
/Users/larrymotuzis/Larry_Motuzis_Data/Project05_CommonsCollections/src/main/java/org/apache/commons/collections4/map/AbstractReferenceMap.java,org.apache.commons.collections4.map.AbstractReferenceMap,doReadObject/1[java.io.ObjectInputStream],valueType,1
/Users/larrymotuzis/Larry_Motuzis_Data/Project05_CommonsCollections/src/main/java/org/apache/commons/collections4/map/AbstractReferenceMap.java,org.apache.commons.collections4.map.AbstractReferenceMap,doReadObject/1[java.io.ObjectInputStream],keyType,1
/Users/larrymotuzis/Larry_Motuzis_Data/Project05_CommonsCollections/src/main/java/org/apache/commons/collections4/map/AbstractReferenceMap.java,org.apache.commons.collections4.map.AbstractReferenceMap,doReadObject/1[java.io.ObjectInputStream],purgeValues,1
/Users/larrymotuzis/Larry_Motuzis_Data/Project05_CommonsCollections/src/main/java/org/apache/commons/collections4/map/AbstractReferenceMap.java,org.apache.commons.collections4.map.AbstractReferenceMap,clear/0,queue,1
/Users/larrymotuzis/Larry_Motuzis_Data/Project05_CommonsCollections/src/main/java/org/apache/commons/collections4/map/AbstractReferenceMap.java,org.apache.commons.collections4.map.AbstractReferenceMap,isValueType/1[org.apache.commons.collections4.map.AbstractReferenceMap.ReferenceStrength],valueType,1
/Users/larrymotuzis/Larry_Motuzis_Data/Project05_CommonsCollections/src/main/java/org/apache/commons/collections4/map/AbstractReferenceMap.java,org.apache.commons.collections4.map.AbstractReferenceMap,"isEqualKey/2[java.lang.Object,java.lang.Object]",keyType,1
/Users/larrymotuzis/Larry_Motuzis_Data/Project05_CommonsCollections/src/main/java/org/apache/commons/collections4/map/AbstractReferenceMap.java,org.apache.commons.collections4.map.AbstractReferenceMap,isKeyType/1[org.apache.commons.collections4.map.AbstractReferenceMap.ReferenceStrength],keyType,1
/Users/larrymotuzis/Larry_Motuzis_Data/Project05_CommonsCollections/src/main/java/org/apache/commons/collections4/map/AbstractReferenceMap.java,org.apache.commons.collections4.map.AbstractReferenceMap,doWriteObject/1[java.io.ObjectOutputStream],purgeValues,1
/Users/larrymotuzis/Larry_Motuzis_Data/Project05_CommonsCollections/src/main/java/org/apache/commons/collections4/map/AbstractReferenceMap.java,org.apache.commons.collections4.map.AbstractReferenceMap,purge/0,queue,2
/Users/larrymotuzis/Larry_Motuzis_Data/Project05_CommonsCollections/src/main/java/org/apache/commons/collections4/map/AbstractReferenceMap.java,org.apache.commons.collections4.map.AbstractReferenceMap,"AbstractReferenceMap/5[org.apache.commons.collections4.map.AbstractReferenceMap.ReferenceStrength,org.apache.commons.collections4.map.AbstractReferenceMap.ReferenceStrength,int,float,boolean]",valueType,4
/Users/larrymotuzis/Larry_Motuzis_Data/Project05_CommonsCollections/src/main/java/org/apache/commons/collections4/map/AbstractReferenceMap.java,org.apache.commons.collections4.map.AbstractReferenceMap,"AbstractReferenceMap/5[org.apache.commons.collections4.map.AbstractReferenceMap.ReferenceStrength,org.apache.commons.collections4.map.AbstractReferenceMap.ReferenceStrength,int,float,boolean]",keyType,4
/Users/larrymotuzis/Larry_Motuzis_Data/Project05_CommonsCollections/src/main/java/org/apache/commons/collections4/map/AbstractReferenceMap.java,org.apache.commons.collections4.map.AbstractReferenceMap,"AbstractReferenceMap/5[org.apache.commons.collections4.map.AbstractReferenceMap.ReferenceStrength,org.apache.commons.collections4.map.AbstractReferenceMap.ReferenceStrength,int,float,boolean]",purgeValues,4
/Users/larrymotuzis/Larry_Motuzis_Data/Project05_CommonsCollections/src/main/java/org/apache/commons/collections4/map/AbstractReferenceMap.java,org.apache.commons.collections4.map.AbstractReferenceMap,init/0,queue,1
/Users/larrymotuzis/Larry_Motuzis_Data/Project05_CommonsCollections/src/main/java/org/apache/commons/collections4/iterators/ArrayIterator.java,org.apache.commons.collections4.iterators.ArrayIterator,getArray/0,array,1
/Users/larrymotuzis/Larry_Motuzis_Data/Project05_CommonsCollections/src/main/java/org/apache/commons/collections4/iterators/ArrayIterator.java,org.apache.commons.collections4.iterators.ArrayIterator,getEndIndex/0,endIndex,1
/Users/larrymotuzis/Larry_Motuzis_Data/Project05_CommonsCollections/src/main/java/org/apache/commons/collections4/iterators/ArrayIterator.java,org.apache.commons.collections4.iterators.ArrayIterator,reset/0,startIndex,1
/Users/larrymotuzis/Larry_Motuzis_Data/Project05_CommonsCollections/src/main/java/org/apache/commons/collections4/iterators/ArrayIterator.java,org.apache.commons.collections4.iterators.ArrayIterator,reset/0,index,1
/Users/larrymotuzis/Larry_Motuzis_Data/Project05_CommonsCollections/src/main/java/org/apache/commons/collections4/iterators/ArrayIterator.java,org.apache.commons.collections4.iterators.ArrayIterator,"ArrayIterator/2[java.lang.Object,int]",startIndex,3
/Users/larrymotuzis/Larry_Motuzis_Data/Project05_CommonsCollections/src/main/java/org/apache/commons/collections4/iterators/ArrayIterator.java,org.apache.commons.collections4.iterators.ArrayIterator,"ArrayIterator/2[java.lang.Object,int]",array,4
/Users/larrymotuzis/Larry_Motuzis_Data/Project05_CommonsCollections/src/main/java/org/apache/commons/collections4/iterators/ArrayIterator.java,org.apache.commons.collections4.iterators.ArrayIterator,next/0,array,1
/Users/larrymotuzis/Larry_Motuzis_Data/Project05_CommonsCollections/src/main/java/org/apache/commons/collections4/iterators/ArrayIterator.java,org.apache.commons.collections4.iterators.ArrayIterator,next/0,index,1
/Users/larrymotuzis/Larry_Motuzis_Data/Project05_CommonsCollections/src/main/java/org/apache/commons/collections4/iterators/ArrayIterator.java,org.apache.commons.collections4.iterators.ArrayIterator,hasNext/0,endIndex,1
/Users/larrymotuzis/Larry_Motuzis_Data/Project05_CommonsCollections/src/main/java/org/apache/commons/collections4/iterators/ArrayIterator.java,org.apache.commons.collections4.iterators.ArrayIterator,hasNext/0,index,1
/Users/larrymotuzis/Larry_Motuzis_Data/Project05_CommonsCollections/src/main/java/org/apache/commons/collections4/iterators/ArrayIterator.java,org.apache.commons.collections4.iterators.ArrayIterator,ArrayIterator/1[java.lang.Object],array,3
/Users/larrymotuzis/Larry_Motuzis_Data/Project05_CommonsCollections/src/main/java/org/apache/commons/collections4/iterators/ArrayIterator.java,org.apache.commons.collections4.iterators.ArrayIterator,getStartIndex/0,startIndex,1
/Users/larrymotuzis/Larry_Motuzis_Data/Project05_CommonsCollections/src/main/java/org/apache/commons/collections4/iterators/ArrayIterator.java,org.apache.commons.collections4.iterators.ArrayIterator,"ArrayIterator/3[java.lang.Object,int,int]",startIndex,7
/Users/larrymotuzis/Larry_Motuzis_Data/Project05_CommonsCollections/src/main/java/org/apache/commons/collections4/iterators/ArrayIterator.java,org.apache.commons.collections4.iterators.ArrayIterator,"ArrayIterator/3[java.lang.Object,int,int]",array,5
/Users/larrymotuzis/Larry_Motuzis_Data/Project05_CommonsCollections/src/main/java/org/apache/commons/collections4/iterators/ArrayIterator.java,org.apache.commons.collections4.iterators.ArrayIterator,"ArrayIterator/3[java.lang.Object,int,int]",endIndex,6
/Users/larrymotuzis/Larry_Motuzis_Data/Project05_CommonsCollections/src/main/java/org/apache/commons/collections4/iterators/ArrayIterator.java,org.apache.commons.collections4.iterators.ArrayIterator,"ArrayIterator/3[java.lang.Object,int,int]",index,1
/Users/larrymotuzis/Larry_Motuzis_Data/Project05_CommonsCollections/src/main/java/org/apache/commons/collections4/map/ConcurrentReferenceHashMap.java,org.apache.commons.collections4.map.ConcurrentReferenceHashMap$HashIterator,HashIterator/0,nextTableIndex,1
/Users/larrymotuzis/Larry_Motuzis_Data/Project05_CommonsCollections/src/main/java/org/apache/commons/collections4/map/ConcurrentReferenceHashMap.java,org.apache.commons.collections4.map.ConcurrentReferenceHashMap$HashIterator,HashIterator/0,nextSegmentIndex,1
/Users/larrymotuzis/Larry_Motuzis_Data/Project05_CommonsCollections/src/main/java/org/apache/commons/collections4/map/ConcurrentReferenceHashMap.java,org.apache.commons.collections4.map.ConcurrentReferenceHashMap$HashIterator,hasNext/0,nextEntry,2
/Users/larrymotuzis/Larry_Motuzis_Data/Project05_CommonsCollections/src/main/java/org/apache/commons/collections4/map/ConcurrentReferenceHashMap.java,org.apache.commons.collections4.map.ConcurrentReferenceHashMap$HashIterator,advance/0,nextEntry,4
/Users/larrymotuzis/Larry_Motuzis_Data/Project05_CommonsCollections/src/main/java/org/apache/commons/collections4/map/ConcurrentReferenceHashMap.java,org.apache.commons.collections4.map.ConcurrentReferenceHashMap$HashIterator,advance/0,nextTableIndex,3
/Users/larrymotuzis/Larry_Motuzis_Data/Project05_CommonsCollections/src/main/java/org/apache/commons/collections4/map/ConcurrentReferenceHashMap.java,org.apache.commons.collections4.map.ConcurrentReferenceHashMap$HashIterator,advance/0,nextSegmentIndex,2
/Users/larrymotuzis/Larry_Motuzis_Data/Project05_CommonsCollections/src/main/java/org/apache/commons/collections4/map/ConcurrentReferenceHashMap.java,org.apache.commons.collections4.map.ConcurrentReferenceHashMap$HashIterator,advance/0,currentTable,3
/Users/larrymotuzis/Larry_Motuzis_Data/Project05_CommonsCollections/src/main/java/org/apache/commons/collections4/map/ConcurrentReferenceHashMap.java,org.apache.commons.collections4.map.ConcurrentReferenceHashMap$HashIterator,remove/0,currentKey,1
/Users/larrymotuzis/Larry_Motuzis_Data/Project05_CommonsCollections/src/main/java/org/apache/commons/collections4/map/ConcurrentReferenceHashMap.java,org.apache.commons.collections4.map.ConcurrentReferenceHashMap$HashIterator,remove/0,lastReturned,2
/Users/larrymotuzis/Larry_Motuzis_Data/Project05_CommonsCollections/src/main/java/org/apache/commons/collections4/map/ConcurrentReferenceHashMap.java,org.apache.commons.collections4.map.ConcurrentReferenceHashMap$HashIterator,nextEntry/0,currentKey,2
/Users/larrymotuzis/Larry_Motuzis_Data/Project05_CommonsCollections/src/main/java/org/apache/commons/collections4/map/ConcurrentReferenceHashMap.java,org.apache.commons.collections4.map.ConcurrentReferenceHashMap$HashIterator,nextEntry/0,lastReturned,3
/Users/larrymotuzis/Larry_Motuzis_Data/Project05_CommonsCollections/src/main/java/org/apache/commons/collections4/map/ConcurrentReferenceHashMap.java,org.apache.commons.collections4.map.ConcurrentReferenceHashMap$HashIterator,nextEntry/0,nextEntry,3
/Users/larrymotuzis/Larry_Motuzis_Data/Project05_CommonsCollections/src/main/java/org/apache/commons/collections4/bidimap/AbstractDualBidiMap.java,org.apache.commons.collections4.bidimap.AbstractDualBidiMap$View,removeAll/1[java.util.Collection<?>],parent,1
/Users/larrymotuzis/Larry_Motuzis_Data/Project05_CommonsCollections/src/main/java/org/apache/commons/collections4/bidimap/AbstractDualBidiMap.java,org.apache.commons.collections4.bidimap.AbstractDualBidiMap$View,removeIf/1[java.util.function.Predicate<? super E>],parent,1
/Users/larrymotuzis/Larry_Motuzis_Data/Project05_CommonsCollections/src/main/java/org/apache/commons/collections4/bidimap/AbstractDualBidiMap.java,org.apache.commons.collections4.bidimap.AbstractDualBidiMap$View,clear/0,parent,1
/Users/larrymotuzis/Larry_Motuzis_Data/Project05_CommonsCollections/src/main/java/org/apache/commons/collections4/bidimap/AbstractDualBidiMap.java,org.apache.commons.collections4.bidimap.AbstractDualBidiMap$View,retainAll/1[java.util.Collection<?>],parent,2
/Users/larrymotuzis/Larry_Motuzis_Data/Project05_CommonsCollections/src/main/java/org/apache/commons/collections4/bidimap/AbstractDualBidiMap.java,org.apache.commons.collections4.bidimap.AbstractDualBidiMap$View,"View/2[java.util.Collection<E>,org.apache.commons.collections4.bidimap.AbstractDualBidiMap<K,V>]",parent,4
/Users/larrymotuzis/Larry_Motuzis_Data/Project05_CommonsCollections/src/main/java/org/apache/commons/collections4/list/TreeList.java,org.apache.commons.collections4.list.TreeList,"checkInterval/3[int,int,int]",size,1
/Users/larrymotuzis/Larry_Motuzis_Data/Project05_CommonsCollections/src/main/java/org/apache/commons/collections4/list/TreeList.java,org.apache.commons.collections4.list.TreeList,"add/2[int,E]",size,2
/Users/larrymotuzis/Larry_Motuzis_Data/Project05_CommonsCollections/src/main/java/org/apache/commons/collections4/list/TreeList.java,org.apache.commons.collections4.list.TreeList,"add/2[int,E]",root,4
/Users/larrymotuzis/Larry_Motuzis_Data/Project05_CommonsCollections/src/main/java/org/apache/commons/collections4/list/TreeList.java,org.apache.commons.collections4.list.TreeList,addAll/1[java.util.Collection<? extends E>],size,4
/Users/larrymotuzis/Larry_Motuzis_Data/Project05_CommonsCollections/src/main/java/org/apache/commons/collections4/list/TreeList.java,org.apache.commons.collections4.list.TreeList,addAll/1[java.util.Collection<? extends E>],root,3
/Users/larrymotuzis/Larry_Motuzis_Data/Project05_CommonsCollections/src/main/java/org/apache/commons/collections4/list/TreeList.java,org.apache.commons.collections4.list.TreeList,get/1[int],size,1
/Users/larrymotuzis/Larry_Motuzis_Data/Project05_CommonsCollections/src/main/java/org/apache/commons/collections4/list/TreeList.java,org.apache.commons.collections4.list.TreeList,get/1[int],root,1
/Users/larrymotuzis/Larry_Motuzis_Data/Project05_CommonsCollections/src/main/java/org/apache/commons/collections4/list/TreeList.java,org.apache.commons.collections4.list.TreeList,TreeList/1[java.util.Collection<? extends E>],size,2
/Users/larrymotuzis/Larry_Motuzis_Data/Project05_CommonsCollections/src/main/java/org/apache/commons/collections4/list/TreeList.java,org.apache.commons.collections4.list.TreeList,TreeList/1[java.util.Collection<? extends E>],root,1
/Users/larrymotuzis/Larry_Motuzis_Data/Project05_CommonsCollections/src/main/java/org/apache/commons/collections4/list/TreeList.java,org.apache.commons.collections4.list.TreeList,clear/0,size,1
/Users/larrymotuzis/Larry_Motuzis_Data/Project05_CommonsCollections/src/main/java/org/apache/commons/collections4/list/TreeList.java,org.apache.commons.collections4.list.TreeList,clear/0,root,1
/Users/larrymotuzis/Larry_Motuzis_Data/Project05_CommonsCollections/src/main/java/org/apache/commons/collections4/list/TreeList.java,org.apache.commons.collections4.list.TreeList,size/0,size,2
/Users/larrymotuzis/Larry_Motuzis_Data/Project05_CommonsCollections/src/main/java/org/apache/commons/collections4/list/TreeList.java,org.apache.commons.collections4.list.TreeList,indexOf/1[java.lang.Object],root,2
/Users/larrymotuzis/Larry_Motuzis_Data/Project05_CommonsCollections/src/main/java/org/apache/commons/collections4/list/TreeList.java,org.apache.commons.collections4.list.TreeList,"set/2[int,E]",size,1
/Users/larrymotuzis/Larry_Motuzis_Data/Project05_CommonsCollections/src/main/java/org/apache/commons/collections4/list/TreeList.java,org.apache.commons.collections4.list.TreeList,"set/2[int,E]",root,1
/Users/larrymotuzis/Larry_Motuzis_Data/Project05_CommonsCollections/src/main/java/org/apache/commons/collections4/list/TreeList.java,org.apache.commons.collections4.list.TreeList,listIterator/1[int],size,1
/Users/larrymotuzis/Larry_Motuzis_Data/Project05_CommonsCollections/src/main/java/org/apache/commons/collections4/list/TreeList.java,org.apache.commons.collections4.list.TreeList,remove/1[int],size,2
/Users/larrymotuzis/Larry_Motuzis_Data/Project05_CommonsCollections/src/main/java/org/apache/commons/collections4/list/TreeList.java,org.apache.commons.collections4.list.TreeList,remove/1[int],root,2
/Users/larrymotuzis/Larry_Motuzis_Data/Project05_CommonsCollections/src/main/java/org/apache/commons/collections4/list/TreeList.java,org.apache.commons.collections4.list.TreeList,toArray/0,size,1
/Users/larrymotuzis/Larry_Motuzis_Data/Project05_CommonsCollections/src/main/java/org/apache/commons/collections4/list/TreeList.java,org.apache.commons.collections4.list.TreeList,toArray/0,root,2
/Users/larrymotuzis/Larry_Motuzis_Data/Project05_CommonsCollections/src/main/java/org/apache/commons/collections4/list/AbstractLinkedList.java,org.apache.commons.collections4.list.AbstractLinkedList$LinkedSubList,"add/2[int,E]",parent,1
/Users/larrymotuzis/Larry_Motuzis_Data/Project05_CommonsCollections/src/main/java/org/apache/commons/collections4/list/AbstractLinkedList.java,org.apache.commons.collections4.list.AbstractLinkedList$LinkedSubList,"add/2[int,E]",size,2
/Users/larrymotuzis/Larry_Motuzis_Data/Project05_CommonsCollections/src/main/java/org/apache/commons/collections4/list/AbstractLinkedList.java,org.apache.commons.collections4.list.AbstractLinkedList$LinkedSubList,"add/2[int,E]",offset,1
/Users/larrymotuzis/Larry_Motuzis_Data/Project05_CommonsCollections/src/main/java/org/apache/commons/collections4/list/AbstractLinkedList.java,org.apache.commons.collections4.list.AbstractLinkedList$LinkedSubList,"add/2[int,E]",expectedModCount,1
/Users/larrymotuzis/Larry_Motuzis_Data/Project05_CommonsCollections/src/main/java/org/apache/commons/collections4/list/AbstractLinkedList.java,org.apache.commons.collections4.list.AbstractLinkedList$LinkedSubList,get/1[int],parent,1
/Users/larrymotuzis/Larry_Motuzis_Data/Project05_CommonsCollections/src/main/java/org/apache/commons/collections4/list/AbstractLinkedList.java,org.apache.commons.collections4.list.AbstractLinkedList$LinkedSubList,get/1[int],size,1
/Users/larrymotuzis/Larry_Motuzis_Data/Project05_CommonsCollections/src/main/java/org/apache/commons/collections4/list/AbstractLinkedList.java,org.apache.commons.collections4.list.AbstractLinkedList$LinkedSubList,get/1[int],offset,1
/Users/larrymotuzis/Larry_Motuzis_Data/Project05_CommonsCollections/src/main/java/org/apache/commons/collections4/list/AbstractLinkedList.java,org.apache.commons.collections4.list.AbstractLinkedList$LinkedSubList,"LinkedSubList/3[org.apache.commons.collections4.list.AbstractLinkedList<E>,int,int]",parent,5
/Users/larrymotuzis/Larry_Motuzis_Data/Project05_CommonsCollections/src/main/java/org/apache/commons/collections4/list/AbstractLinkedList.java,org.apache.commons.collections4.list.AbstractLinkedList$LinkedSubList,"LinkedSubList/3[org.apache.commons.collections4.list.AbstractLinkedList<E>,int,int]",size,2
/Users/larrymotuzis/Larry_Motuzis_Data/Project05_CommonsCollections/src/main/java/org/apache/commons/collections4/list/AbstractLinkedList.java,org.apache.commons.collections4.list.AbstractLinkedList$LinkedSubList,"LinkedSubList/3[org.apache.commons.collections4.list.AbstractLinkedList<E>,int,int]",offset,1
/Users/larrymotuzis/Larry_Motuzis_Data/Project05_CommonsCollections/src/main/java/org/apache/commons/collections4/list/AbstractLinkedList.java,org.apache.commons.collections4.list.AbstractLinkedList$LinkedSubList,"LinkedSubList/3[org.apache.commons.collections4.list.AbstractLinkedList<E>,int,int]",expectedModCount,1
/Users/larrymotuzis/Larry_Motuzis_Data/Project05_CommonsCollections/src/main/java/org/apache/commons/collections4/list/AbstractLinkedList.java,org.apache.commons.collections4.list.AbstractLinkedList$LinkedSubList,iterator/0,parent,1
/Users/larrymotuzis/Larry_Motuzis_Data/Project05_CommonsCollections/src/main/java/org/apache/commons/collections4/list/AbstractLinkedList.java,org.apache.commons.collections4.list.AbstractLinkedList$LinkedSubList,"rangeCheck/2[int,int]",size,1
/Users/larrymotuzis/Larry_Motuzis_Data/Project05_CommonsCollections/src/main/java/org/apache/commons/collections4/list/AbstractLinkedList.java,org.apache.commons.collections4.list.AbstractLinkedList$LinkedSubList,"set/2[int,E]",parent,1
/Users/larrymotuzis/Larry_Motuzis_Data/Project05_CommonsCollections/src/main/java/org/apache/commons/collections4/list/AbstractLinkedList.java,org.apache.commons.collections4.list.AbstractLinkedList$LinkedSubList,"set/2[int,E]",size,1
/Users/larrymotuzis/Larry_Motuzis_Data/Project05_CommonsCollections/src/main/java/org/apache/commons/collections4/list/AbstractLinkedList.java,org.apache.commons.collections4.list.AbstractLinkedList$LinkedSubList,"set/2[int,E]",offset,1
/Users/larrymotuzis/Larry_Motuzis_Data/Project05_CommonsCollections/src/main/java/org/apache/commons/collections4/list/AbstractLinkedList.java,org.apache.commons.collections4.list.AbstractLinkedList$LinkedSubList,size/0,size,2
/Users/larrymotuzis/Larry_Motuzis_Data/Project05_CommonsCollections/src/main/java/org/apache/commons/collections4/list/AbstractLinkedList.java,org.apache.commons.collections4.list.AbstractLinkedList$LinkedSubList,addAll/1[java.util.Collection<? extends E>],size,1
/Users/larrymotuzis/Larry_Motuzis_Data/Project05_CommonsCollections/src/main/java/org/apache/commons/collections4/list/AbstractLinkedList.java,org.apache.commons.collections4.list.AbstractLinkedList$LinkedSubList,"addAll/2[int,java.util.Collection<? extends E>]",parent,1
/Users/larrymotuzis/Larry_Motuzis_Data/Project05_CommonsCollections/src/main/java/org/apache/commons/collections4/list/AbstractLinkedList.java,org.apache.commons.collections4.list.AbstractLinkedList$LinkedSubList,"addAll/2[int,java.util.Collection<? extends E>]",size,3
/Users/larrymotuzis/Larry_Motuzis_Data/Project05_CommonsCollections/src/main/java/org/apache/commons/collections4/list/AbstractLinkedList.java,org.apache.commons.collections4.list.AbstractLinkedList$LinkedSubList,"addAll/2[int,java.util.Collection<? extends E>]",offset,1
/Users/larrymotuzis/Larry_Motuzis_Data/Project05_CommonsCollections/src/main/java/org/apache/commons/collections4/list/AbstractLinkedList.java,org.apache.commons.collections4.list.AbstractLinkedList$LinkedSubList,"addAll/2[int,java.util.Collection<? extends E>]",expectedModCount,1
/Users/larrymotuzis/Larry_Motuzis_Data/Project05_CommonsCollections/src/main/java/org/apache/commons/collections4/list/AbstractLinkedList.java,org.apache.commons.collections4.list.AbstractLinkedList$LinkedSubList,remove/1[int],parent,1
/Users/larrymotuzis/Larry_Motuzis_Data/Project05_CommonsCollections/src/main/java/org/apache/commons/collections4/list/AbstractLinkedList.java,org.apache.commons.collections4.list.AbstractLinkedList$LinkedSubList,remove/1[int],size,2
/Users/larrymotuzis/Larry_Motuzis_Data/Project05_CommonsCollections/src/main/java/org/apache/commons/collections4/list/AbstractLinkedList.java,org.apache.commons.collections4.list.AbstractLinkedList$LinkedSubList,remove/1[int],offset,1
/Users/larrymotuzis/Larry_Motuzis_Data/Project05_CommonsCollections/src/main/java/org/apache/commons/collections4/list/AbstractLinkedList.java,org.apache.commons.collections4.list.AbstractLinkedList$LinkedSubList,remove/1[int],expectedModCount,1
/Users/larrymotuzis/Larry_Motuzis_Data/Project05_CommonsCollections/src/main/java/org/apache/commons/collections4/list/AbstractLinkedList.java,org.apache.commons.collections4.list.AbstractLinkedList$LinkedSubList,"subList/2[int,int]",parent,1
/Users/larrymotuzis/Larry_Motuzis_Data/Project05_CommonsCollections/src/main/java/org/apache/commons/collections4/list/AbstractLinkedList.java,org.apache.commons.collections4.list.AbstractLinkedList$LinkedSubList,"subList/2[int,int]",offset,2
/Users/larrymotuzis/Larry_Motuzis_Data/Project05_CommonsCollections/src/main/java/org/apache/commons/collections4/list/AbstractLinkedList.java,org.apache.commons.collections4.list.AbstractLinkedList$LinkedSubList,checkModCount/0,expectedModCount,1
/Users/larrymotuzis/Larry_Motuzis_Data/Project05_CommonsCollections/src/main/java/org/apache/commons/collections4/list/AbstractLinkedList.java,org.apache.commons.collections4.list.AbstractLinkedList$LinkedSubList,listIterator/1[int],parent,1
/Users/larrymotuzis/Larry_Motuzis_Data/Project05_CommonsCollections/src/main/java/org/apache/commons/collections4/list/AbstractLinkedList.java,org.apache.commons.collections4.list.AbstractLinkedList$LinkedSubList,listIterator/1[int],size,1
/Users/larrymotuzis/Larry_Motuzis_Data/Project05_CommonsCollections/src/main/java/org/apache/commons/collections4/iterators/CollatingIterator.java,org.apache.commons.collections4.iterators.CollatingIterator,set/1[int],iterators,2
/Users/larrymotuzis/Larry_Motuzis_Data/Project05_CommonsCollections/src/main/java/org/apache/commons/collections4/iterators/CollatingIterator.java,org.apache.commons.collections4.iterators.CollatingIterator,set/1[int],valueSet,3
/Users/larrymotuzis/Larry_Motuzis_Data/Project05_CommonsCollections/src/main/java/org/apache/commons/collections4/iterators/CollatingIterator.java,org.apache.commons.collections4.iterators.CollatingIterator,set/1[int],values,3
/Users/larrymotuzis/Larry_Motuzis_Data/Project05_CommonsCollections/src/main/java/org/apache/commons/collections4/iterators/CollatingIterator.java,org.apache.commons.collections4.iterators.CollatingIterator,next/0,lastReturned,1
/Users/larrymotuzis/Larry_Motuzis_Data/Project05_CommonsCollections/src/main/java/org/apache/commons/collections4/iterators/CollatingIterator.java,org.apache.commons.collections4.iterators.CollatingIterator,next/0,values,1
/Users/larrymotuzis/Larry_Motuzis_Data/Project05_CommonsCollections/src/main/java/org/apache/commons/collections4/iterators/CollatingIterator.java,org.apache.commons.collections4.iterators.CollatingIterator,"CollatingIterator/2[java.util.Comparator<? super E>,int]",iterators,1
/Users/larrymotuzis/Larry_Motuzis_Data/Project05_CommonsCollections/src/main/java/org/apache/commons/collections4/iterators/CollatingIterator.java,org.apache.commons.collections4.iterators.CollatingIterator,checkNotStarted/0,values,1
/Users/larrymotuzis/Larry_Motuzis_Data/Project05_CommonsCollections/src/main/java/org/apache/commons/collections4/iterators/CollatingIterator.java,org.apache.commons.collections4.iterators.CollatingIterator,addIterator/1[java.util.Iterator<? extends E>],iterators,1
/Users/larrymotuzis/Larry_Motuzis_Data/Project05_CommonsCollections/src/main/java/org/apache/commons/collections4/iterators/CollatingIterator.java,org.apache.commons.collections4.iterators.CollatingIterator,getIterators/0,iterators,1
/Users/larrymotuzis/Larry_Motuzis_Data/Project05_CommonsCollections/src/main/java/org/apache/commons/collections4/iterators/CollatingIterator.java,org.apache.commons.collections4.iterators.CollatingIterator,start/0,iterators,3
/Users/larrymotuzis/Larry_Motuzis_Data/Project05_CommonsCollections/src/main/java/org/apache/commons/collections4/iterators/CollatingIterator.java,org.apache.commons.collections4.iterators.CollatingIterator,start/0,valueSet,2
/Users/larrymotuzis/Larry_Motuzis_Data/Project05_CommonsCollections/src/main/java/org/apache/commons/collections4/iterators/CollatingIterator.java,org.apache.commons.collections4.iterators.CollatingIterator,start/0,values,3
/Users/larrymotuzis/Larry_Motuzis_Data/Project05_CommonsCollections/src/main/java/org/apache/commons/collections4/iterators/CollatingIterator.java,org.apache.commons.collections4.iterators.CollatingIterator,clear/1[int],valueSet,2
/Users/larrymotuzis/Larry_Motuzis_Data/Project05_CommonsCollections/src/main/java/org/apache/commons/collections4/iterators/CollatingIterator.java,org.apache.commons.collections4.iterators.CollatingIterator,clear/1[int],values,2
/Users/larrymotuzis/Larry_Motuzis_Data/Project05_CommonsCollections/src/main/java/org/apache/commons/collections4/iterators/CollatingIterator.java,org.apache.commons.collections4.iterators.CollatingIterator,hasNext/0,iterators,1
/Users/larrymotuzis/Larry_Motuzis_Data/Project05_CommonsCollections/src/main/java/org/apache/commons/collections4/iterators/CollatingIterator.java,org.apache.commons.collections4.iterators.CollatingIterator,hasNext/0,valueSet,1
/Users/larrymotuzis/Larry_Motuzis_Data/Project05_CommonsCollections/src/main/java/org/apache/commons/collections4/iterators/CollatingIterator.java,org.apache.commons.collections4.iterators.CollatingIterator,anyHasNext/1[java.util.List<java.util.Iterator<? extends E>>],iterators,2
/Users/larrymotuzis/Larry_Motuzis_Data/Project05_CommonsCollections/src/main/java/org/apache/commons/collections4/iterators/CollatingIterator.java,org.apache.commons.collections4.iterators.CollatingIterator,"CollatingIterator/2[java.util.Comparator<? super E>,java.util.Collection<java.util.Iterator<? extends E>>]",iterators,4
/Users/larrymotuzis/Larry_Motuzis_Data/Project05_CommonsCollections/src/main/java/org/apache/commons/collections4/iterators/CollatingIterator.java,org.apache.commons.collections4.iterators.CollatingIterator,setComparator/1[java.util.Comparator<? super E>],comparator,1
/Users/larrymotuzis/Larry_Motuzis_Data/Project05_CommonsCollections/src/main/java/org/apache/commons/collections4/iterators/CollatingIterator.java,org.apache.commons.collections4.iterators.CollatingIterator,getComparator/0,comparator,1
/Users/larrymotuzis/Larry_Motuzis_Data/Project05_CommonsCollections/src/main/java/org/apache/commons/collections4/iterators/CollatingIterator.java,org.apache.commons.collections4.iterators.CollatingIterator,remove/0,iterators,1
/Users/larrymotuzis/Larry_Motuzis_Data/Project05_CommonsCollections/src/main/java/org/apache/commons/collections4/iterators/CollatingIterator.java,org.apache.commons.collections4.iterators.CollatingIterator,remove/0,lastReturned,2
/Users/larrymotuzis/Larry_Motuzis_Data/Project05_CommonsCollections/src/main/java/org/apache/commons/collections4/iterators/CollatingIterator.java,org.apache.commons.collections4.iterators.CollatingIterator,"CollatingIterator/2[java.util.Comparator<? super E>,java.util.Iterator<? extends E>[]]",iterators,3
/Users/larrymotuzis/Larry_Motuzis_Data/Project05_CommonsCollections/src/main/java/org/apache/commons/collections4/iterators/CollatingIterator.java,org.apache.commons.collections4.iterators.CollatingIterator,getIteratorIndex/0,lastReturned,2
/Users/larrymotuzis/Larry_Motuzis_Data/Project05_CommonsCollections/src/main/java/org/apache/commons/collections4/iterators/CollatingIterator.java,org.apache.commons.collections4.iterators.CollatingIterator,least/0,comparator,2
/Users/larrymotuzis/Larry_Motuzis_Data/Project05_CommonsCollections/src/main/java/org/apache/commons/collections4/iterators/CollatingIterator.java,org.apache.commons.collections4.iterators.CollatingIterator,least/0,valueSet,2
/Users/larrymotuzis/Larry_Motuzis_Data/Project05_CommonsCollections/src/main/java/org/apache/commons/collections4/iterators/CollatingIterator.java,org.apache.commons.collections4.iterators.CollatingIterator,least/0,values,4
/Users/larrymotuzis/Larry_Motuzis_Data/Project05_CommonsCollections/src/main/java/org/apache/commons/collections4/iterators/CollatingIterator.java,org.apache.commons.collections4.iterators.CollatingIterator,"setIterator/2[int,java.util.Iterator<? extends E>]",iterators,1
/Users/larrymotuzis/Larry_Motuzis_Data/Project05_CommonsCollections/src/main/java/org/apache/commons/collections4/map/TransformedMap.java,org.apache.commons.collections4.map.TransformedMap,"TransformedMap/3[java.util.Map<K,V>,org.apache.commons.collections4.Transformer<? super K,? extends K>,org.apache.commons.collections4.Transformer<? super V,? extends V>]",valueTransformer,4
/Users/larrymotuzis/Larry_Motuzis_Data/Project05_CommonsCollections/src/main/java/org/apache/commons/collections4/map/TransformedMap.java,org.apache.commons.collections4.map.TransformedMap,"TransformedMap/3[java.util.Map<K,V>,org.apache.commons.collections4.Transformer<? super K,? extends K>,org.apache.commons.collections4.Transformer<? super V,? extends V>]",keyTransformer,4
/Users/larrymotuzis/Larry_Motuzis_Data/Project05_CommonsCollections/src/main/java/org/apache/commons/collections4/map/TransformedMap.java,org.apache.commons.collections4.map.TransformedMap,"transformedMap/3[java.util.Map<K,V>,org.apache.commons.collections4.Transformer<? super K,? extends K>,org.apache.commons.collections4.Transformer<? super V,? extends V>]",valueTransformer,3
/Users/larrymotuzis/Larry_Motuzis_Data/Project05_CommonsCollections/src/main/java/org/apache/commons/collections4/map/TransformedMap.java,org.apache.commons.collections4.map.TransformedMap,"transformedMap/3[java.util.Map<K,V>,org.apache.commons.collections4.Transformer<? super K,? extends K>,org.apache.commons.collections4.Transformer<? super V,? extends V>]",keyTransformer,3
/Users/larrymotuzis/Larry_Motuzis_Data/Project05_CommonsCollections/src/main/java/org/apache/commons/collections4/map/TransformedMap.java,org.apache.commons.collections4.map.TransformedMap,transformKey/1[K],keyTransformer,2
/Users/larrymotuzis/Larry_Motuzis_Data/Project05_CommonsCollections/src/main/java/org/apache/commons/collections4/map/TransformedMap.java,org.apache.commons.collections4.map.TransformedMap,transformValue/1[V],valueTransformer,2
/Users/larrymotuzis/Larry_Motuzis_Data/Project05_CommonsCollections/src/main/java/org/apache/commons/collections4/map/TransformedMap.java,org.apache.commons.collections4.map.TransformedMap,"transformingMap/3[java.util.Map<K,V>,org.apache.commons.collections4.Transformer<? super K,? extends K>,org.apache.commons.collections4.Transformer<? super V,? extends V>]",valueTransformer,3
/Users/larrymotuzis/Larry_Motuzis_Data/Project05_CommonsCollections/src/main/java/org/apache/commons/collections4/map/TransformedMap.java,org.apache.commons.collections4.map.TransformedMap,"transformingMap/3[java.util.Map<K,V>,org.apache.commons.collections4.Transformer<? super K,? extends K>,org.apache.commons.collections4.Transformer<? super V,? extends V>]",keyTransformer,3
/Users/larrymotuzis/Larry_Motuzis_Data/Project05_CommonsCollections/src/main/java/org/apache/commons/collections4/map/TransformedMap.java,org.apache.commons.collections4.map.TransformedMap,isSetValueChecking/0,valueTransformer,1
/Users/larrymotuzis/Larry_Motuzis_Data/Project05_CommonsCollections/src/main/java/org/apache/commons/collections4/map/TransformedMap.java,org.apache.commons.collections4.map.TransformedMap,checkSetValue/1[V],valueTransformer,1
/Users/larrymotuzis/Larry_Motuzis_Data/Project05_CommonsCollections/src/main/java/org/apache/commons/collections4/collection/SynchronizedCollection.java,org.apache.commons.collections4.collection.SynchronizedCollection,addAll/1[java.util.Collection<? extends E>],lock,1
/Users/larrymotuzis/Larry_Motuzis_Data/Project05_CommonsCollections/src/main/java/org/apache/commons/collections4/collection/SynchronizedCollection.java,org.apache.commons.collections4.collection.SynchronizedCollection,clear/0,lock,1
/Users/larrymotuzis/Larry_Motuzis_Data/Project05_CommonsCollections/src/main/java/org/apache/commons/collections4/collection/SynchronizedCollection.java,org.apache.commons.collections4.collection.SynchronizedCollection,containsAll/1[java.util.Collection<?>],lock,1
/Users/larrymotuzis/Larry_Motuzis_Data/Project05_CommonsCollections/src/main/java/org/apache/commons/collections4/collection/SynchronizedCollection.java,org.apache.commons.collections4.collection.SynchronizedCollection,toArray/0,lock,1
/Users/larrymotuzis/Larry_Motuzis_Data/Project05_CommonsCollections/src/main/java/org/apache/commons/collections4/collection/SynchronizedCollection.java,org.apache.commons.collections4.collection.SynchronizedCollection,toArray/1[T[]],lock,1
/Users/larrymotuzis/Larry_Motuzis_Data/Project05_CommonsCollections/src/main/java/org/apache/commons/collections4/collection/SynchronizedCollection.java,org.apache.commons.collections4.collection.SynchronizedCollection,add/1[E],lock,1
/Users/larrymotuzis/Larry_Motuzis_Data/Project05_CommonsCollections/src/main/java/org/apache/commons/collections4/collection/SynchronizedCollection.java,org.apache.commons.collections4.collection.SynchronizedCollection,decorated/0,collection,1
/Users/larrymotuzis/Larry_Motuzis_Data/Project05_CommonsCollections/src/main/java/org/apache/commons/collections4/collection/SynchronizedCollection.java,org.apache.commons.collections4.collection.SynchronizedCollection,size/0,lock,1
/Users/larrymotuzis/Larry_Motuzis_Data/Project05_CommonsCollections/src/main/java/org/apache/commons/collections4/collection/SynchronizedCollection.java,org.apache.commons.collections4.collection.SynchronizedCollection,SynchronizedCollection/1[java.util.Collection<E>],lock,1
/Users/larrymotuzis/Larry_Motuzis_Data/Project05_CommonsCollections/src/main/java/org/apache/commons/collections4/collection/SynchronizedCollection.java,org.apache.commons.collections4.collection.SynchronizedCollection,SynchronizedCollection/1[java.util.Collection<E>],collection,4
/Users/larrymotuzis/Larry_Motuzis_Data/Project05_CommonsCollections/src/main/java/org/apache/commons/collections4/collection/SynchronizedCollection.java,org.apache.commons.collections4.collection.SynchronizedCollection,removeIf/1[java.util.function.Predicate<? super E>],lock,1
/Users/larrymotuzis/Larry_Motuzis_Data/Project05_CommonsCollections/src/main/java/org/apache/commons/collections4/collection/SynchronizedCollection.java,org.apache.commons.collections4.collection.SynchronizedCollection,toString/0,lock,1
/Users/larrymotuzis/Larry_Motuzis_Data/Project05_CommonsCollections/src/main/java/org/apache/commons/collections4/collection/SynchronizedCollection.java,org.apache.commons.collections4.collection.SynchronizedCollection,hashCode/0,lock,1
/Users/larrymotuzis/Larry_Motuzis_Data/Project05_CommonsCollections/src/main/java/org/apache/commons/collections4/collection/SynchronizedCollection.java,org.apache.commons.collections4.collection.SynchronizedCollection,removeAll/1[java.util.Collection<?>],lock,1
/Users/larrymotuzis/Larry_Motuzis_Data/Project05_CommonsCollections/src/main/java/org/apache/commons/collections4/collection/SynchronizedCollection.java,org.apache.commons.collections4.collection.SynchronizedCollection,"SynchronizedCollection/2[java.util.Collection<E>,java.lang.Object]",lock,4
/Users/larrymotuzis/Larry_Motuzis_Data/Project05_CommonsCollections/src/main/java/org/apache/commons/collections4/collection/SynchronizedCollection.java,org.apache.commons.collections4.collection.SynchronizedCollection,"SynchronizedCollection/2[java.util.Collection<E>,java.lang.Object]",collection,4
/Users/larrymotuzis/Larry_Motuzis_Data/Project05_CommonsCollections/src/main/java/org/apache/commons/collections4/collection/SynchronizedCollection.java,org.apache.commons.collections4.collection.SynchronizedCollection,contains/1[java.lang.Object],lock,1
/Users/larrymotuzis/Larry_Motuzis_Data/Project05_CommonsCollections/src/main/java/org/apache/commons/collections4/collection/SynchronizedCollection.java,org.apache.commons.collections4.collection.SynchronizedCollection,isEmpty/0,lock,1
/Users/larrymotuzis/Larry_Motuzis_Data/Project05_CommonsCollections/src/main/java/org/apache/commons/collections4/collection/SynchronizedCollection.java,org.apache.commons.collections4.collection.SynchronizedCollection,retainAll/1[java.util.Collection<?>],lock,1
/Users/larrymotuzis/Larry_Motuzis_Data/Project05_CommonsCollections/src/main/java/org/apache/commons/collections4/collection/SynchronizedCollection.java,org.apache.commons.collections4.collection.SynchronizedCollection,equals/1[java.lang.Object],lock,1
/Users/larrymotuzis/Larry_Motuzis_Data/Project05_CommonsCollections/src/main/java/org/apache/commons/collections4/collection/SynchronizedCollection.java,org.apache.commons.collections4.collection.SynchronizedCollection,remove/1[java.lang.Object],lock,1
/Users/larrymotuzis/Larry_Motuzis_Data/Project05_CommonsCollections/src/main/java/org/apache/commons/collections4/iterators/ObjectArrayIterator.java,org.apache.commons.collections4.iterators.ObjectArrayIterator,getStartIndex/0,startIndex,1
/Users/larrymotuzis/Larry_Motuzis_Data/Project05_CommonsCollections/src/main/java/org/apache/commons/collections4/iterators/ObjectArrayIterator.java,org.apache.commons.collections4.iterators.ObjectArrayIterator,getArray/0,array,1
/Users/larrymotuzis/Larry_Motuzis_Data/Project05_CommonsCollections/src/main/java/org/apache/commons/collections4/iterators/ObjectArrayIterator.java,org.apache.commons.collections4.iterators.ObjectArrayIterator,hasNext/0,endIndex,1
/Users/larrymotuzis/Larry_Motuzis_Data/Project05_CommonsCollections/src/main/java/org/apache/commons/collections4/iterators/ObjectArrayIterator.java,org.apache.commons.collections4.iterators.ObjectArrayIterator,hasNext/0,index,1
/Users/larrymotuzis/Larry_Motuzis_Data/Project05_CommonsCollections/src/main/java/org/apache/commons/collections4/iterators/ObjectArrayIterator.java,org.apache.commons.collections4.iterators.ObjectArrayIterator,reset/0,startIndex,1
/Users/larrymotuzis/Larry_Motuzis_Data/Project05_CommonsCollections/src/main/java/org/apache/commons/collections4/iterators/ObjectArrayIterator.java,org.apache.commons.collections4.iterators.ObjectArrayIterator,reset/0,index,1
/Users/larrymotuzis/Larry_Motuzis_Data/Project05_CommonsCollections/src/main/java/org/apache/commons/collections4/iterators/ObjectArrayIterator.java,org.apache.commons.collections4.iterators.ObjectArrayIterator,next/0,array,1
/Users/larrymotuzis/Larry_Motuzis_Data/Project05_CommonsCollections/src/main/java/org/apache/commons/collections4/iterators/ObjectArrayIterator.java,org.apache.commons.collections4.iterators.ObjectArrayIterator,next/0,index,1
/Users/larrymotuzis/Larry_Motuzis_Data/Project05_CommonsCollections/src/main/java/org/apache/commons/collections4/iterators/ObjectArrayIterator.java,org.apache.commons.collections4.iterators.ObjectArrayIterator,"ObjectArrayIterator/2[E[],int]",array,3
/Users/larrymotuzis/Larry_Motuzis_Data/Project05_CommonsCollections/src/main/java/org/apache/commons/collections4/iterators/ObjectArrayIterator.java,org.apache.commons.collections4.iterators.ObjectArrayIterator,ObjectArrayIterator/1[E[]],array,3
/Users/larrymotuzis/Larry_Motuzis_Data/Project05_CommonsCollections/src/main/java/org/apache/commons/collections4/iterators/ObjectArrayIterator.java,org.apache.commons.collections4.iterators.ObjectArrayIterator,"ObjectArrayIterator/3[E[],int,int]",startIndex,1
/Users/larrymotuzis/Larry_Motuzis_Data/Project05_CommonsCollections/src/main/java/org/apache/commons/collections4/iterators/ObjectArrayIterator.java,org.apache.commons.collections4.iterators.ObjectArrayIterator,"ObjectArrayIterator/3[E[],int,int]",array,4
/Users/larrymotuzis/Larry_Motuzis_Data/Project05_CommonsCollections/src/main/java/org/apache/commons/collections4/iterators/ObjectArrayIterator.java,org.apache.commons.collections4.iterators.ObjectArrayIterator,"ObjectArrayIterator/3[E[],int,int]",endIndex,1
/Users/larrymotuzis/Larry_Motuzis_Data/Project05_CommonsCollections/src/main/java/org/apache/commons/collections4/iterators/ObjectArrayIterator.java,org.apache.commons.collections4.iterators.ObjectArrayIterator,"ObjectArrayIterator/3[E[],int,int]",index,1
/Users/larrymotuzis/Larry_Motuzis_Data/Project05_CommonsCollections/src/main/java/org/apache/commons/collections4/iterators/ObjectArrayIterator.java,org.apache.commons.collections4.iterators.ObjectArrayIterator,getEndIndex/0,endIndex,1
/Users/larrymotuzis/Larry_Motuzis_Data/Project05_CommonsCollections/src/main/java/org/apache/commons/collections4/map/StaticBucketMap.java,org.apache.commons.collections4.map.StaticBucketMap$BaseIterator,remove/0,last,3
/Users/larrymotuzis/Larry_Motuzis_Data/Project05_CommonsCollections/src/main/java/org/apache/commons/collections4/map/StaticBucketMap.java,org.apache.commons.collections4.map.StaticBucketMap$BaseIterator,nextEntry/0,current,2
/Users/larrymotuzis/Larry_Motuzis_Data/Project05_CommonsCollections/src/main/java/org/apache/commons/collections4/map/StaticBucketMap.java,org.apache.commons.collections4.map.StaticBucketMap$BaseIterator,nextEntry/0,last,2
/Users/larrymotuzis/Larry_Motuzis_Data/Project05_CommonsCollections/src/main/java/org/apache/commons/collections4/map/StaticBucketMap.java,org.apache.commons.collections4.map.StaticBucketMap$BaseIterator,hasNext/0,bucket,4
/Users/larrymotuzis/Larry_Motuzis_Data/Project05_CommonsCollections/src/main/java/org/apache/commons/collections4/map/StaticBucketMap.java,org.apache.commons.collections4.map.StaticBucketMap$BaseIterator,hasNext/0,current,3
/Users/larrymotuzis/Larry_Motuzis_Data/Project05_CommonsCollections/src/main/java/org/apache/commons/collections4/multiset/AbstractMultiSet.java,org.apache.commons.collections4.multiset.AbstractMultiSet$EntrySet,EntrySet/1[org.apache.commons.collections4.multiset.AbstractMultiSet<E>],parent,4
/Users/larrymotuzis/Larry_Motuzis_Data/Project05_CommonsCollections/src/main/java/org/apache/commons/collections4/multiset/AbstractMultiSet.java,org.apache.commons.collections4.multiset.AbstractMultiSet$EntrySet,iterator/0,parent,1
/Users/larrymotuzis/Larry_Motuzis_Data/Project05_CommonsCollections/src/main/java/org/apache/commons/collections4/multiset/AbstractMultiSet.java,org.apache.commons.collections4.multiset.AbstractMultiSet$EntrySet,remove/1[java.lang.Object],parent,3
/Users/larrymotuzis/Larry_Motuzis_Data/Project05_CommonsCollections/src/main/java/org/apache/commons/collections4/multiset/AbstractMultiSet.java,org.apache.commons.collections4.multiset.AbstractMultiSet$EntrySet,size/0,parent,1
/Users/larrymotuzis/Larry_Motuzis_Data/Project05_CommonsCollections/src/main/java/org/apache/commons/collections4/multiset/AbstractMultiSet.java,org.apache.commons.collections4.multiset.AbstractMultiSet$EntrySet,contains/1[java.lang.Object],parent,1
/Users/larrymotuzis/Larry_Motuzis_Data/Project05_CommonsCollections/src/main/java/org/apache/commons/collections4/functors/IfClosure.java,org.apache.commons.collections4.functors.IfClosure,"IfClosure/3[org.apache.commons.collections4.Predicate<? super T>,org.apache.commons.collections4.Closure<? super T>,org.apache.commons.collections4.Closure<? super T>]",iPredicate,1
/Users/larrymotuzis/Larry_Motuzis_Data/Project05_CommonsCollections/src/main/java/org/apache/commons/collections4/functors/IfClosure.java,org.apache.commons.collections4.functors.IfClosure,"IfClosure/3[org.apache.commons.collections4.Predicate<? super T>,org.apache.commons.collections4.Closure<? super T>,org.apache.commons.collections4.Closure<? super T>]",iFalseClosure,1
/Users/larrymotuzis/Larry_Motuzis_Data/Project05_CommonsCollections/src/main/java/org/apache/commons/collections4/functors/IfClosure.java,org.apache.commons.collections4.functors.IfClosure,"IfClosure/3[org.apache.commons.collections4.Predicate<? super T>,org.apache.commons.collections4.Closure<? super T>,org.apache.commons.collections4.Closure<? super T>]",iTrueClosure,1
/Users/larrymotuzis/Larry_Motuzis_Data/Project05_CommonsCollections/src/main/java/org/apache/commons/collections4/functors/IfClosure.java,org.apache.commons.collections4.functors.IfClosure,getTrueClosure/0,iTrueClosure,1
/Users/larrymotuzis/Larry_Motuzis_Data/Project05_CommonsCollections/src/main/java/org/apache/commons/collections4/functors/IfClosure.java,org.apache.commons.collections4.functors.IfClosure,getPredicate/0,iPredicate,1
/Users/larrymotuzis/Larry_Motuzis_Data/Project05_CommonsCollections/src/main/java/org/apache/commons/collections4/functors/IfClosure.java,org.apache.commons.collections4.functors.IfClosure,execute/1[T],iPredicate,1
/Users/larrymotuzis/Larry_Motuzis_Data/Project05_CommonsCollections/src/main/java/org/apache/commons/collections4/functors/IfClosure.java,org.apache.commons.collections4.functors.IfClosure,execute/1[T],iFalseClosure,1
/Users/larrymotuzis/Larry_Motuzis_Data/Project05_CommonsCollections/src/main/java/org/apache/commons/collections4/functors/IfClosure.java,org.apache.commons.collections4.functors.IfClosure,execute/1[T],iTrueClosure,1
/Users/larrymotuzis/Larry_Motuzis_Data/Project05_CommonsCollections/src/main/java/org/apache/commons/collections4/functors/IfClosure.java,org.apache.commons.collections4.functors.IfClosure,getFalseClosure/0,iFalseClosure,1
/Users/larrymotuzis/Larry_Motuzis_Data/Project05_CommonsCollections/src/main/java/org/apache/commons/collections4/trie/AbstractPatriciaTrie.java,org.apache.commons.collections4.trie.AbstractPatriciaTrie$TrieEntry,isInternalNode/0,left,1
/Users/larrymotuzis/Larry_Motuzis_Data/Project05_CommonsCollections/src/main/java/org/apache/commons/collections4/trie/AbstractPatriciaTrie.java,org.apache.commons.collections4.trie.AbstractPatriciaTrie$TrieEntry,isInternalNode/0,right,1
/Users/larrymotuzis/Larry_Motuzis_Data/Project05_CommonsCollections/src/main/java/org/apache/commons/collections4/trie/AbstractPatriciaTrie.java,org.apache.commons.collections4.trie.AbstractPatriciaTrie$TrieEntry,"TrieEntry/3[K,V,int]",parent,1
/Users/larrymotuzis/Larry_Motuzis_Data/Project05_CommonsCollections/src/main/java/org/apache/commons/collections4/trie/AbstractPatriciaTrie.java,org.apache.commons.collections4.trie.AbstractPatriciaTrie$TrieEntry,"TrieEntry/3[K,V,int]",left,1
/Users/larrymotuzis/Larry_Motuzis_Data/Project05_CommonsCollections/src/main/java/org/apache/commons/collections4/trie/AbstractPatriciaTrie.java,org.apache.commons.collections4.trie.AbstractPatriciaTrie$TrieEntry,"TrieEntry/3[K,V,int]",right,1
/Users/larrymotuzis/Larry_Motuzis_Data/Project05_CommonsCollections/src/main/java/org/apache/commons/collections4/trie/AbstractPatriciaTrie.java,org.apache.commons.collections4.trie.AbstractPatriciaTrie$TrieEntry,"TrieEntry/3[K,V,int]",predecessor,1
/Users/larrymotuzis/Larry_Motuzis_Data/Project05_CommonsCollections/src/main/java/org/apache/commons/collections4/trie/AbstractPatriciaTrie.java,org.apache.commons.collections4.trie.AbstractPatriciaTrie$TrieEntry,"TrieEntry/3[K,V,int]",bitIndex,4
/Users/larrymotuzis/Larry_Motuzis_Data/Project05_CommonsCollections/src/main/java/org/apache/commons/collections4/trie/AbstractPatriciaTrie.java,org.apache.commons.collections4.trie.AbstractPatriciaTrie$TrieEntry,toString/0,parent,2
/Users/larrymotuzis/Larry_Motuzis_Data/Project05_CommonsCollections/src/main/java/org/apache/commons/collections4/trie/AbstractPatriciaTrie.java,org.apache.commons.collections4.trie.AbstractPatriciaTrie$TrieEntry,toString/0,left,2
/Users/larrymotuzis/Larry_Motuzis_Data/Project05_CommonsCollections/src/main/java/org/apache/commons/collections4/trie/AbstractPatriciaTrie.java,org.apache.commons.collections4.trie.AbstractPatriciaTrie$TrieEntry,toString/0,right,2
/Users/larrymotuzis/Larry_Motuzis_Data/Project05_CommonsCollections/src/main/java/org/apache/commons/collections4/trie/AbstractPatriciaTrie.java,org.apache.commons.collections4.trie.AbstractPatriciaTrie$TrieEntry,toString/0,predecessor,2
/Users/larrymotuzis/Larry_Motuzis_Data/Project05_CommonsCollections/src/main/java/org/apache/commons/collections4/trie/AbstractPatriciaTrie.java,org.apache.commons.collections4.trie.AbstractPatriciaTrie$TrieEntry,toString/0,bitIndex,2
/Users/larrymotuzis/Larry_Motuzis_Data/Project05_CommonsCollections/src/main/java/org/apache/commons/collections4/bag/AbstractMapBag.java,org.apache.commons.collections4.bag.AbstractMapBag$MutableInteger,equals/1[java.lang.Object],value,2
/Users/larrymotuzis/Larry_Motuzis_Data/Project05_CommonsCollections/src/main/java/org/apache/commons/collections4/bag/AbstractMapBag.java,org.apache.commons.collections4.bag.AbstractMapBag$MutableInteger,MutableInteger/1[int],value,4
/Users/larrymotuzis/Larry_Motuzis_Data/Project05_CommonsCollections/src/main/java/org/apache/commons/collections4/bag/AbstractMapBag.java,org.apache.commons.collections4.bag.AbstractMapBag$MutableInteger,hashCode/0,value,1
/Users/larrymotuzis/Larry_Motuzis_Data/Project05_CommonsCollections/src/main/java/org/apache/commons/collections4/bloomfilter/LayerManager.java,org.apache.commons.collections4.bloomfilter.LayerManager$ExtendCheck$Anonymous1,test/1[org.apache.commons.collections4.bloomfilter.LayerManager<T>],count,2
/Users/larrymotuzis/Larry_Motuzis_Data/Project05_CommonsCollections/src/main/java/org/apache/commons/collections4/map/MultiValueMap.java,org.apache.commons.collections4.map.MultiValueMap,"multiValueMap/2[java.util.Map<K,? super C>,org.apache.commons.collections4.Factory<C>]",collectionFactory,3
/Users/larrymotuzis/Larry_Motuzis_Data/Project05_CommonsCollections/src/main/java/org/apache/commons/collections4/map/MultiValueMap.java,org.apache.commons.collections4.map.MultiValueMap,"MultiValueMap/2[java.util.Map<K,? super C>,org.apache.commons.collections4.Factory<C>]",collectionFactory,5
/Users/larrymotuzis/Larry_Motuzis_Data/Project05_CommonsCollections/src/main/java/org/apache/commons/collections4/map/MultiValueMap.java,org.apache.commons.collections4.map.MultiValueMap,values/0,valuesView,2
/Users/larrymotuzis/Larry_Motuzis_Data/Project05_CommonsCollections/src/main/java/org/apache/commons/collections4/map/MultiValueMap.java,org.apache.commons.collections4.map.MultiValueMap,createCollection/1[int],collectionFactory,1
/Users/larrymotuzis/Larry_Motuzis_Data/Project05_CommonsCollections/src/main/java/org/apache/commons/collections4/MultiSetUtils.java,org.apache.commons.collections4.MultiSetUtils,emptyMultiSet/0,EMPTY_MULTISET,1
/Users/larrymotuzis/Larry_Motuzis_Data/Project05_CommonsCollections/src/main/java/org/apache/commons/collections4/comparators/NullComparator.java,org.apache.commons.collections4.comparators.NullComparator,"NullComparator/2[java.util.Comparator<? super E>,boolean]",nullsAreHigh,4
/Users/larrymotuzis/Larry_Motuzis_Data/Project05_CommonsCollections/src/main/java/org/apache/commons/collections4/comparators/NullComparator.java,org.apache.commons.collections4.comparators.NullComparator,"NullComparator/2[java.util.Comparator<? super E>,boolean]",nonNullComparator,4
/Users/larrymotuzis/Larry_Motuzis_Data/Project05_CommonsCollections/src/main/java/org/apache/commons/collections4/comparators/NullComparator.java,org.apache.commons.collections4.comparators.NullComparator,NullComparator/1[boolean],nullsAreHigh,3
/Users/larrymotuzis/Larry_Motuzis_Data/Project05_CommonsCollections/src/main/java/org/apache/commons/collections4/comparators/NullComparator.java,org.apache.commons.collections4.comparators.NullComparator,hashCode/0,nullsAreHigh,1
/Users/larrymotuzis/Larry_Motuzis_Data/Project05_CommonsCollections/src/main/java/org/apache/commons/collections4/comparators/NullComparator.java,org.apache.commons.collections4.comparators.NullComparator,hashCode/0,nonNullComparator,1
/Users/larrymotuzis/Larry_Motuzis_Data/Project05_CommonsCollections/src/main/java/org/apache/commons/collections4/comparators/NullComparator.java,org.apache.commons.collections4.comparators.NullComparator,"compare/2[E,E]",nullsAreHigh,2
/Users/larrymotuzis/Larry_Motuzis_Data/Project05_CommonsCollections/src/main/java/org/apache/commons/collections4/comparators/NullComparator.java,org.apache.commons.collections4.comparators.NullComparator,"compare/2[E,E]",nonNullComparator,1
/Users/larrymotuzis/Larry_Motuzis_Data/Project05_CommonsCollections/src/main/java/org/apache/commons/collections4/comparators/NullComparator.java,org.apache.commons.collections4.comparators.NullComparator,equals/1[java.lang.Object],nullsAreHigh,1
/Users/larrymotuzis/Larry_Motuzis_Data/Project05_CommonsCollections/src/main/java/org/apache/commons/collections4/comparators/NullComparator.java,org.apache.commons.collections4.comparators.NullComparator,equals/1[java.lang.Object],nonNullComparator,1
/Users/larrymotuzis/Larry_Motuzis_Data/Project05_CommonsCollections/src/main/java/org/apache/commons/collections4/comparators/NullComparator.java,org.apache.commons.collections4.comparators.NullComparator,NullComparator/1[java.util.Comparator<? super E>],nonNullComparator,3
/Users/larrymotuzis/Larry_Motuzis_Data/Project05_CommonsCollections/src/main/java/org/apache/commons/collections4/MapUtils.java,org.apache.commons.collections4.MapUtils,"printIndent/2[java.io.PrintStream,int]",INDENT_STRING,1
/Users/larrymotuzis/Larry_Motuzis_Data/Project05_CommonsCollections/src/main/java/org/apache/commons/collections4/bidimap/AbstractDualBidiMap.java,org.apache.commons.collections4.bidimap.AbstractDualBidiMap,removeValue/1[java.lang.Object],reverseMap,2
/Users/larrymotuzis/Larry_Motuzis_Data/Project05_CommonsCollections/src/main/java/org/apache/commons/collections4/bidimap/AbstractDualBidiMap.java,org.apache.commons.collections4.bidimap.AbstractDualBidiMap,removeValue/1[java.lang.Object],normalMap,1
/Users/larrymotuzis/Larry_Motuzis_Data/Project05_CommonsCollections/src/main/java/org/apache/commons/collections4/bidimap/AbstractDualBidiMap.java,org.apache.commons.collections4.bidimap.AbstractDualBidiMap,inverseBidiMap/0,inverseBidiMap,4
/Users/larrymotuzis/Larry_Motuzis_Data/Project05_CommonsCollections/src/main/java/org/apache/commons/collections4/bidimap/AbstractDualBidiMap.java,org.apache.commons.collections4.bidimap.AbstractDualBidiMap,inverseBidiMap/0,reverseMap,1
/Users/larrymotuzis/Larry_Motuzis_Data/Project05_CommonsCollections/src/main/java/org/apache/commons/collections4/bidimap/AbstractDualBidiMap.java,org.apache.commons.collections4.bidimap.AbstractDualBidiMap,inverseBidiMap/0,normalMap,1
/Users/larrymotuzis/Larry_Motuzis_Data/Project05_CommonsCollections/src/main/java/org/apache/commons/collections4/bidimap/AbstractDualBidiMap.java,org.apache.commons.collections4.bidimap.AbstractDualBidiMap,"createBidiMap/3[java.util.Map<V,K>,java.util.Map<K,V>,org.apache.commons.collections4.BidiMap<K,V>]",reverseMap,2
/Users/larrymotuzis/Larry_Motuzis_Data/Project05_CommonsCollections/src/main/java/org/apache/commons/collections4/bidimap/AbstractDualBidiMap.java,org.apache.commons.collections4.bidimap.AbstractDualBidiMap,"createBidiMap/3[java.util.Map<V,K>,java.util.Map<K,V>,org.apache.commons.collections4.BidiMap<K,V>]",normalMap,2
/Users/larrymotuzis/Larry_Motuzis_Data/Project05_CommonsCollections/src/main/java/org/apache/commons/collections4/bidimap/AbstractDualBidiMap.java,org.apache.commons.collections4.bidimap.AbstractDualBidiMap,isEmpty/0,normalMap,1
/Users/larrymotuzis/Larry_Motuzis_Data/Project05_CommonsCollections/src/main/java/org/apache/commons/collections4/bidimap/AbstractDualBidiMap.java,org.apache.commons.collections4.bidimap.AbstractDualBidiMap,getKey/1[java.lang.Object],reverseMap,1
/Users/larrymotuzis/Larry_Motuzis_Data/Project05_CommonsCollections/src/main/java/org/apache/commons/collections4/bidimap/AbstractDualBidiMap.java,org.apache.commons.collections4.bidimap.AbstractDualBidiMap,hashCode/0,normalMap,1
/Users/larrymotuzis/Larry_Motuzis_Data/Project05_CommonsCollections/src/main/java/org/apache/commons/collections4/bidimap/AbstractDualBidiMap.java,org.apache.commons.collections4.bidimap.AbstractDualBidiMap,clear/0,reverseMap,1
/Users/larrymotuzis/Larry_Motuzis_Data/Project05_CommonsCollections/src/main/java/org/apache/commons/collections4/bidimap/AbstractDualBidiMap.java,org.apache.commons.collections4.bidimap.AbstractDualBidiMap,clear/0,normalMap,1
/Users/larrymotuzis/Larry_Motuzis_Data/Project05_CommonsCollections/src/main/java/org/apache/commons/collections4/bidimap/AbstractDualBidiMap.java,org.apache.commons.collections4.bidimap.AbstractDualBidiMap,"put/2[K,V]",reverseMap,4
/Users/larrymotuzis/Larry_Motuzis_Data/Project05_CommonsCollections/src/main/java/org/apache/commons/collections4/bidimap/AbstractDualBidiMap.java,org.apache.commons.collections4.bidimap.AbstractDualBidiMap,"put/2[K,V]",normalMap,4
/Users/larrymotuzis/Larry_Motuzis_Data/Project05_CommonsCollections/src/main/java/org/apache/commons/collections4/bidimap/AbstractDualBidiMap.java,org.apache.commons.collections4.bidimap.AbstractDualBidiMap,get/1[java.lang.Object],normalMap,1
/Users/larrymotuzis/Larry_Motuzis_Data/Project05_CommonsCollections/src/main/java/org/apache/commons/collections4/bidimap/AbstractDualBidiMap.java,org.apache.commons.collections4.bidimap.AbstractDualBidiMap,equals/1[java.lang.Object],normalMap,1
/Users/larrymotuzis/Larry_Motuzis_Data/Project05_CommonsCollections/src/main/java/org/apache/commons/collections4/bidimap/AbstractDualBidiMap.java,org.apache.commons.collections4.bidimap.AbstractDualBidiMap,containsKey/1[java.lang.Object],normalMap,1
/Users/larrymotuzis/Larry_Motuzis_Data/Project05_CommonsCollections/src/main/java/org/apache/commons/collections4/bidimap/AbstractDualBidiMap.java,org.apache.commons.collections4.bidimap.AbstractDualBidiMap,remove/1[java.lang.Object],reverseMap,1
/Users/larrymotuzis/Larry_Motuzis_Data/Project05_CommonsCollections/src/main/java/org/apache/commons/collections4/bidimap/AbstractDualBidiMap.java,org.apache.commons.collections4.bidimap.AbstractDualBidiMap,remove/1[java.lang.Object],normalMap,2
/Users/larrymotuzis/Larry_Motuzis_Data/Project05_CommonsCollections/src/main/java/org/apache/commons/collections4/bidimap/AbstractDualBidiMap.java,org.apache.commons.collections4.bidimap.AbstractDualBidiMap,keySet/0,keySet,4
/Users/larrymotuzis/Larry_Motuzis_Data/Project05_CommonsCollections/src/main/java/org/apache/commons/collections4/bidimap/AbstractDualBidiMap.java,org.apache.commons.collections4.bidimap.AbstractDualBidiMap,"AbstractDualBidiMap/2[java.util.Map<K,V>,java.util.Map<V,K>]",reverseMap,4
/Users/larrymotuzis/Larry_Motuzis_Data/Project05_CommonsCollections/src/main/java/org/apache/commons/collections4/bidimap/AbstractDualBidiMap.java,org.apache.commons.collections4.bidimap.AbstractDualBidiMap,"AbstractDualBidiMap/2[java.util.Map<K,V>,java.util.Map<V,K>]",normalMap,4
/Users/larrymotuzis/Larry_Motuzis_Data/Project05_CommonsCollections/src/main/java/org/apache/commons/collections4/bidimap/AbstractDualBidiMap.java,org.apache.commons.collections4.bidimap.AbstractDualBidiMap,toString/0,normalMap,1
/Users/larrymotuzis/Larry_Motuzis_Data/Project05_CommonsCollections/src/main/java/org/apache/commons/collections4/bidimap/AbstractDualBidiMap.java,org.apache.commons.collections4.bidimap.AbstractDualBidiMap,containsValue/1[java.lang.Object],reverseMap,1
/Users/larrymotuzis/Larry_Motuzis_Data/Project05_CommonsCollections/src/main/java/org/apache/commons/collections4/bidimap/AbstractDualBidiMap.java,org.apache.commons.collections4.bidimap.AbstractDualBidiMap,"putAll/1[java.util.Map<? extends K,? extends V>]",entrySet,1
/Users/larrymotuzis/Larry_Motuzis_Data/Project05_CommonsCollections/src/main/java/org/apache/commons/collections4/bidimap/AbstractDualBidiMap.java,org.apache.commons.collections4.bidimap.AbstractDualBidiMap,size/0,normalMap,1
/Users/larrymotuzis/Larry_Motuzis_Data/Project05_CommonsCollections/src/main/java/org/apache/commons/collections4/bidimap/AbstractDualBidiMap.java,org.apache.commons.collections4.bidimap.AbstractDualBidiMap,values/0,values,4
/Users/larrymotuzis/Larry_Motuzis_Data/Project05_CommonsCollections/src/main/java/org/apache/commons/collections4/bidimap/AbstractDualBidiMap.java,org.apache.commons.collections4.bidimap.AbstractDualBidiMap,"AbstractDualBidiMap/3[java.util.Map<K,V>,java.util.Map<V,K>,org.apache.commons.collections4.BidiMap<V,K>]",inverseBidiMap,4
/Users/larrymotuzis/Larry_Motuzis_Data/Project05_CommonsCollections/src/main/java/org/apache/commons/collections4/bidimap/AbstractDualBidiMap.java,org.apache.commons.collections4.bidimap.AbstractDualBidiMap,"AbstractDualBidiMap/3[java.util.Map<K,V>,java.util.Map<V,K>,org.apache.commons.collections4.BidiMap<V,K>]",reverseMap,4
/Users/larrymotuzis/Larry_Motuzis_Data/Project05_CommonsCollections/src/main/java/org/apache/commons/collections4/bidimap/AbstractDualBidiMap.java,org.apache.commons.collections4.bidimap.AbstractDualBidiMap,"AbstractDualBidiMap/3[java.util.Map<K,V>,java.util.Map<V,K>,org.apache.commons.collections4.BidiMap<V,K>]",normalMap,4
/Users/larrymotuzis/Larry_Motuzis_Data/Project05_CommonsCollections/src/main/java/org/apache/commons/collections4/bidimap/AbstractDualBidiMap.java,org.apache.commons.collections4.bidimap.AbstractDualBidiMap,entrySet/0,entrySet,4
/Users/larrymotuzis/Larry_Motuzis_Data/Project05_CommonsCollections/src/main/java/org/apache/commons/collections4/multimap/AbstractMultiValuedMap.java,org.apache.commons.collections4.multimap.AbstractMultiValuedMap$MultiValuedMapIterator,next/0,current,2
/Users/larrymotuzis/Larry_Motuzis_Data/Project05_CommonsCollections/src/main/java/org/apache/commons/collections4/multimap/AbstractMultiValuedMap.java,org.apache.commons.collections4.multimap.AbstractMultiValuedMap$MultiValuedMapIterator,next/0,it,1
/Users/larrymotuzis/Larry_Motuzis_Data/Project05_CommonsCollections/src/main/java/org/apache/commons/collections4/multimap/AbstractMultiValuedMap.java,org.apache.commons.collections4.multimap.AbstractMultiValuedMap$MultiValuedMapIterator,MultiValuedMapIterator/0,it,1
/Users/larrymotuzis/Larry_Motuzis_Data/Project05_CommonsCollections/src/main/java/org/apache/commons/collections4/multimap/AbstractMultiValuedMap.java,org.apache.commons.collections4.multimap.AbstractMultiValuedMap$MultiValuedMapIterator,remove/0,it,1
/Users/larrymotuzis/Larry_Motuzis_Data/Project05_CommonsCollections/src/main/java/org/apache/commons/collections4/multimap/AbstractMultiValuedMap.java,org.apache.commons.collections4.multimap.AbstractMultiValuedMap$MultiValuedMapIterator,hasNext/0,it,1
/Users/larrymotuzis/Larry_Motuzis_Data/Project05_CommonsCollections/src/main/java/org/apache/commons/collections4/multimap/AbstractMultiValuedMap.java,org.apache.commons.collections4.multimap.AbstractMultiValuedMap$MultiValuedMapIterator,getKey/0,current,2
/Users/larrymotuzis/Larry_Motuzis_Data/Project05_CommonsCollections/src/main/java/org/apache/commons/collections4/multimap/AbstractMultiValuedMap.java,org.apache.commons.collections4.multimap.AbstractMultiValuedMap$MultiValuedMapIterator,setValue/1[V],current,2
/Users/larrymotuzis/Larry_Motuzis_Data/Project05_CommonsCollections/src/main/java/org/apache/commons/collections4/multimap/AbstractMultiValuedMap.java,org.apache.commons.collections4.multimap.AbstractMultiValuedMap$MultiValuedMapIterator,getValue/0,current,2
/Users/larrymotuzis/Larry_Motuzis_Data/Project05_CommonsCollections/src/main/java/org/apache/commons/collections4/keyvalue/AbstractMapEntryDecorator.java,org.apache.commons.collections4.keyvalue.AbstractMapEntryDecorator,equals/1[java.lang.Object],entry,1
/Users/larrymotuzis/Larry_Motuzis_Data/Project05_CommonsCollections/src/main/java/org/apache/commons/collections4/keyvalue/AbstractMapEntryDecorator.java,org.apache.commons.collections4.keyvalue.AbstractMapEntryDecorator,getValue/0,entry,1
/Users/larrymotuzis/Larry_Motuzis_Data/Project05_CommonsCollections/src/main/java/org/apache/commons/collections4/keyvalue/AbstractMapEntryDecorator.java,org.apache.commons.collections4.keyvalue.AbstractMapEntryDecorator,setValue/1[V],entry,1
/Users/larrymotuzis/Larry_Motuzis_Data/Project05_CommonsCollections/src/main/java/org/apache/commons/collections4/keyvalue/AbstractMapEntryDecorator.java,org.apache.commons.collections4.keyvalue.AbstractMapEntryDecorator,getKey/0,entry,1
/Users/larrymotuzis/Larry_Motuzis_Data/Project05_CommonsCollections/src/main/java/org/apache/commons/collections4/keyvalue/AbstractMapEntryDecorator.java,org.apache.commons.collections4.keyvalue.AbstractMapEntryDecorator,toString/0,entry,1
/Users/larrymotuzis/Larry_Motuzis_Data/Project05_CommonsCollections/src/main/java/org/apache/commons/collections4/keyvalue/AbstractMapEntryDecorator.java,org.apache.commons.collections4.keyvalue.AbstractMapEntryDecorator,getMapEntry/0,entry,1
/Users/larrymotuzis/Larry_Motuzis_Data/Project05_CommonsCollections/src/main/java/org/apache/commons/collections4/keyvalue/AbstractMapEntryDecorator.java,org.apache.commons.collections4.keyvalue.AbstractMapEntryDecorator,"AbstractMapEntryDecorator/1[java.util.Map.Entry<K,V>]",entry,4
/Users/larrymotuzis/Larry_Motuzis_Data/Project05_CommonsCollections/src/main/java/org/apache/commons/collections4/keyvalue/AbstractMapEntryDecorator.java,org.apache.commons.collections4.keyvalue.AbstractMapEntryDecorator,hashCode/0,entry,1
/Users/larrymotuzis/Larry_Motuzis_Data/Project05_CommonsCollections/src/main/java/org/apache/commons/collections4/bloomfilter/IndexUtils.java,org.apache.commons.collections4.bloomfilter.IndexUtils,"ensureCapacityForAdd/2[int[],int]",MAX_ARRAY_SIZE,1
/Users/larrymotuzis/Larry_Motuzis_Data/Project05_CommonsCollections/src/main/java/org/apache/commons/collections4/multimap/ArrayListValuedLinkedHashMap.java,org.apache.commons.collections4.multimap.ArrayListValuedLinkedHashMap,"ArrayListValuedLinkedHashMap/1[java.util.Map<? extends K,? extends V>]",DEFAULT_INITIAL_LIST_CAPACITY,1
/Users/larrymotuzis/Larry_Motuzis_Data/Project05_CommonsCollections/src/main/java/org/apache/commons/collections4/multimap/ArrayListValuedLinkedHashMap.java,org.apache.commons.collections4.multimap.ArrayListValuedLinkedHashMap,"ArrayListValuedLinkedHashMap/2[int,int]",initialListCapacity,4
/Users/larrymotuzis/Larry_Motuzis_Data/Project05_CommonsCollections/src/main/java/org/apache/commons/collections4/multimap/ArrayListValuedLinkedHashMap.java,org.apache.commons.collections4.multimap.ArrayListValuedLinkedHashMap,ArrayListValuedLinkedHashMap/1[int],initialListCapacity,3
/Users/larrymotuzis/Larry_Motuzis_Data/Project05_CommonsCollections/src/main/java/org/apache/commons/collections4/multimap/ArrayListValuedLinkedHashMap.java,org.apache.commons.collections4.multimap.ArrayListValuedLinkedHashMap,ArrayListValuedLinkedHashMap/1[int],DEFAULT_INITIAL_MAP_CAPACITY,1
/Users/larrymotuzis/Larry_Motuzis_Data/Project05_CommonsCollections/src/main/java/org/apache/commons/collections4/multimap/ArrayListValuedLinkedHashMap.java,org.apache.commons.collections4.multimap.ArrayListValuedLinkedHashMap,"ArrayListValuedLinkedHashMap/1[org.apache.commons.collections4.MultiValuedMap<? extends K,? extends V>]",DEFAULT_INITIAL_LIST_CAPACITY,1
/Users/larrymotuzis/Larry_Motuzis_Data/Project05_CommonsCollections/src/main/java/org/apache/commons/collections4/multimap/ArrayListValuedLinkedHashMap.java,org.apache.commons.collections4.multimap.ArrayListValuedLinkedHashMap,createCollection/0,initialListCapacity,1
/Users/larrymotuzis/Larry_Motuzis_Data/Project05_CommonsCollections/src/main/java/org/apache/commons/collections4/multimap/ArrayListValuedLinkedHashMap.java,org.apache.commons.collections4.multimap.ArrayListValuedLinkedHashMap,ArrayListValuedLinkedHashMap/0,DEFAULT_INITIAL_MAP_CAPACITY,1
/Users/larrymotuzis/Larry_Motuzis_Data/Project05_CommonsCollections/src/main/java/org/apache/commons/collections4/multimap/ArrayListValuedLinkedHashMap.java,org.apache.commons.collections4.multimap.ArrayListValuedLinkedHashMap,ArrayListValuedLinkedHashMap/0,DEFAULT_INITIAL_LIST_CAPACITY,1
/Users/larrymotuzis/Larry_Motuzis_Data/Project05_CommonsCollections/src/main/java/org/apache/commons/collections4/functors/ExceptionPredicate.java,org.apache.commons.collections4.functors.ExceptionPredicate,readResolve/0,INSTANCE,1
/Users/larrymotuzis/Larry_Motuzis_Data/Project05_CommonsCollections/src/main/java/org/apache/commons/collections4/functors/ExceptionPredicate.java,org.apache.commons.collections4.functors.ExceptionPredicate,exceptionPredicate/0,INSTANCE,1
/Users/larrymotuzis/Larry_Motuzis_Data/Project05_CommonsCollections/src/main/java/org/apache/commons/collections4/trie/AbstractPatriciaTrie.java,org.apache.commons.collections4.trie.AbstractPatriciaTrie$PrefixRangeEntrySet$SingletonIterator,"SingletonIterator/1[org.apache.commons.collections4.trie.AbstractPatriciaTrie.TrieEntry<K,V>]",entry,3
/Users/larrymotuzis/Larry_Motuzis_Data/Project05_CommonsCollections/src/main/java/org/apache/commons/collections4/trie/AbstractPatriciaTrie.java,org.apache.commons.collections4.trie.AbstractPatriciaTrie$PrefixRangeEntrySet$SingletonIterator,hasNext/0,hit,1
/Users/larrymotuzis/Larry_Motuzis_Data/Project05_CommonsCollections/src/main/java/org/apache/commons/collections4/trie/AbstractPatriciaTrie.java,org.apache.commons.collections4.trie.AbstractPatriciaTrie$PrefixRangeEntrySet$SingletonIterator,remove/0,entry,1
/Users/larrymotuzis/Larry_Motuzis_Data/Project05_CommonsCollections/src/main/java/org/apache/commons/collections4/trie/AbstractPatriciaTrie.java,org.apache.commons.collections4.trie.AbstractPatriciaTrie$PrefixRangeEntrySet$SingletonIterator,remove/0,hit,2
/Users/larrymotuzis/Larry_Motuzis_Data/Project05_CommonsCollections/src/main/java/org/apache/commons/collections4/trie/AbstractPatriciaTrie.java,org.apache.commons.collections4.trie.AbstractPatriciaTrie$PrefixRangeEntrySet$SingletonIterator,next/0,entry,1
/Users/larrymotuzis/Larry_Motuzis_Data/Project05_CommonsCollections/src/main/java/org/apache/commons/collections4/trie/AbstractPatriciaTrie.java,org.apache.commons.collections4.trie.AbstractPatriciaTrie$PrefixRangeEntrySet$SingletonIterator,next/0,hit,2
/Users/larrymotuzis/Larry_Motuzis_Data/Project05_CommonsCollections/src/main/java/org/apache/commons/collections4/CollectionUtils.java,org.apache.commons.collections4.CollectionUtils$SetOperationCardinalityHelper,"setCardinality/2[O,int]",newList,1
/Users/larrymotuzis/Larry_Motuzis_Data/Project05_CommonsCollections/src/main/java/org/apache/commons/collections4/CollectionUtils.java,org.apache.commons.collections4.CollectionUtils$SetOperationCardinalityHelper,list/0,newList,1
/Users/larrymotuzis/Larry_Motuzis_Data/Project05_CommonsCollections/src/main/java/org/apache/commons/collections4/CollectionUtils.java,org.apache.commons.collections4.CollectionUtils$SetOperationCardinalityHelper,"SetOperationCardinalityHelper/2[java.lang.Iterable<? extends O>,java.lang.Iterable<? extends O>]",elements,4
/Users/larrymotuzis/Larry_Motuzis_Data/Project05_CommonsCollections/src/main/java/org/apache/commons/collections4/CollectionUtils.java,org.apache.commons.collections4.CollectionUtils$SetOperationCardinalityHelper,"SetOperationCardinalityHelper/2[java.lang.Iterable<? extends O>,java.lang.Iterable<? extends O>]",newList,1
/Users/larrymotuzis/Larry_Motuzis_Data/Project05_CommonsCollections/src/main/java/org/apache/commons/collections4/CollectionUtils.java,org.apache.commons.collections4.CollectionUtils$SetOperationCardinalityHelper,iterator/0,elements,1
/Users/larrymotuzis/Larry_Motuzis_Data/Project05_CommonsCollections/src/main/java/org/apache/commons/collections4/map/SingletonMap.java,org.apache.commons.collections4.map.SingletonMap$SingletonMapIterator,next/0,parent,1
/Users/larrymotuzis/Larry_Motuzis_Data/Project05_CommonsCollections/src/main/java/org/apache/commons/collections4/map/SingletonMap.java,org.apache.commons.collections4.map.SingletonMap$SingletonMapIterator,next/0,hasNext,2
/Users/larrymotuzis/Larry_Motuzis_Data/Project05_CommonsCollections/src/main/java/org/apache/commons/collections4/map/SingletonMap.java,org.apache.commons.collections4.map.SingletonMap$SingletonMapIterator,next/0,canGetSet,1
/Users/larrymotuzis/Larry_Motuzis_Data/Project05_CommonsCollections/src/main/java/org/apache/commons/collections4/map/SingletonMap.java,org.apache.commons.collections4.map.SingletonMap$SingletonMapIterator,getValue/0,parent,1
/Users/larrymotuzis/Larry_Motuzis_Data/Project05_CommonsCollections/src/main/java/org/apache/commons/collections4/map/SingletonMap.java,org.apache.commons.collections4.map.SingletonMap$SingletonMapIterator,getValue/0,canGetSet,1
/Users/larrymotuzis/Larry_Motuzis_Data/Project05_CommonsCollections/src/main/java/org/apache/commons/collections4/map/SingletonMap.java,org.apache.commons.collections4.map.SingletonMap$SingletonMapIterator,toString/0,hasNext,1
/Users/larrymotuzis/Larry_Motuzis_Data/Project05_CommonsCollections/src/main/java/org/apache/commons/collections4/map/SingletonMap.java,org.apache.commons.collections4.map.SingletonMap$SingletonMapIterator,getKey/0,parent,1
/Users/larrymotuzis/Larry_Motuzis_Data/Project05_CommonsCollections/src/main/java/org/apache/commons/collections4/map/SingletonMap.java,org.apache.commons.collections4.map.SingletonMap$SingletonMapIterator,getKey/0,canGetSet,1
/Users/larrymotuzis/Larry_Motuzis_Data/Project05_CommonsCollections/src/main/java/org/apache/commons/collections4/map/SingletonMap.java,org.apache.commons.collections4.map.SingletonMap$SingletonMapIterator,"SingletonMapIterator/1[org.apache.commons.collections4.map.SingletonMap<K,V>]",parent,3
/Users/larrymotuzis/Larry_Motuzis_Data/Project05_CommonsCollections/src/main/java/org/apache/commons/collections4/map/SingletonMap.java,org.apache.commons.collections4.map.SingletonMap$SingletonMapIterator,hasPrevious/0,hasNext,1
/Users/larrymotuzis/Larry_Motuzis_Data/Project05_CommonsCollections/src/main/java/org/apache/commons/collections4/map/SingletonMap.java,org.apache.commons.collections4.map.SingletonMap$SingletonMapIterator,previous/0,parent,1
/Users/larrymotuzis/Larry_Motuzis_Data/Project05_CommonsCollections/src/main/java/org/apache/commons/collections4/map/SingletonMap.java,org.apache.commons.collections4.map.SingletonMap$SingletonMapIterator,previous/0,hasNext,2
/Users/larrymotuzis/Larry_Motuzis_Data/Project05_CommonsCollections/src/main/java/org/apache/commons/collections4/map/SingletonMap.java,org.apache.commons.collections4.map.SingletonMap$SingletonMapIterator,hasNext/0,hasNext,2
/Users/larrymotuzis/Larry_Motuzis_Data/Project05_CommonsCollections/src/main/java/org/apache/commons/collections4/map/SingletonMap.java,org.apache.commons.collections4.map.SingletonMap$SingletonMapIterator,reset/0,hasNext,1
/Users/larrymotuzis/Larry_Motuzis_Data/Project05_CommonsCollections/src/main/java/org/apache/commons/collections4/map/SingletonMap.java,org.apache.commons.collections4.map.SingletonMap$SingletonMapIterator,setValue/1[V],parent,1
/Users/larrymotuzis/Larry_Motuzis_Data/Project05_CommonsCollections/src/main/java/org/apache/commons/collections4/map/SingletonMap.java,org.apache.commons.collections4.map.SingletonMap$SingletonMapIterator,setValue/1[V],canGetSet,1
/Users/larrymotuzis/Larry_Motuzis_Data/Project05_CommonsCollections/src/main/java/org/apache/commons/collections4/bloomfilter/SimpleBloomFilter.java,org.apache.commons.collections4.bloomfilter.SimpleBloomFilter,cardinality/0,cardinality,4
/Users/larrymotuzis/Larry_Motuzis_Data/Project05_CommonsCollections/src/main/java/org/apache/commons/collections4/bloomfilter/SimpleBloomFilter.java,org.apache.commons.collections4.bloomfilter.SimpleBloomFilter,getShape/0,shape,1
/Users/larrymotuzis/Larry_Motuzis_Data/Project05_CommonsCollections/src/main/java/org/apache/commons/collections4/bloomfilter/SimpleBloomFilter.java,org.apache.commons.collections4.bloomfilter.SimpleBloomFilter,"processBitMapPairs/2[org.apache.commons.collections4.bloomfilter.BitMapExtractor,org.apache.commons.collections4.bloomfilter.LongBiPredicate]",bitMap,1
/Users/larrymotuzis/Larry_Motuzis_Data/Project05_CommonsCollections/src/main/java/org/apache/commons/collections4/bloomfilter/SimpleBloomFilter.java,org.apache.commons.collections4.bloomfilter.SimpleBloomFilter,SimpleBloomFilter/1[org.apache.commons.collections4.bloomfilter.Shape],shape,6
/Users/larrymotuzis/Larry_Motuzis_Data/Project05_CommonsCollections/src/main/java/org/apache/commons/collections4/bloomfilter/SimpleBloomFilter.java,org.apache.commons.collections4.bloomfilter.SimpleBloomFilter,SimpleBloomFilter/1[org.apache.commons.collections4.bloomfilter.Shape],bitMap,1
/Users/larrymotuzis/Larry_Motuzis_Data/Project05_CommonsCollections/src/main/java/org/apache/commons/collections4/bloomfilter/SimpleBloomFilter.java,org.apache.commons.collections4.bloomfilter.SimpleBloomFilter,SimpleBloomFilter/1[org.apache.commons.collections4.bloomfilter.Shape],cardinality,1
/Users/larrymotuzis/Larry_Motuzis_Data/Project05_CommonsCollections/src/main/java/org/apache/commons/collections4/bloomfilter/SimpleBloomFilter.java,org.apache.commons.collections4.bloomfilter.SimpleBloomFilter,merge/1[org.apache.commons.collections4.bloomfilter.BitMapExtractor],shape,3
/Users/larrymotuzis/Larry_Motuzis_Data/Project05_CommonsCollections/src/main/java/org/apache/commons/collections4/bloomfilter/SimpleBloomFilter.java,org.apache.commons.collections4.bloomfilter.SimpleBloomFilter,merge/1[org.apache.commons.collections4.bloomfilter.BitMapExtractor],bitMap,2
/Users/larrymotuzis/Larry_Motuzis_Data/Project05_CommonsCollections/src/main/java/org/apache/commons/collections4/bloomfilter/SimpleBloomFilter.java,org.apache.commons.collections4.bloomfilter.SimpleBloomFilter,merge/1[org.apache.commons.collections4.bloomfilter.BitMapExtractor],cardinality,1
/Users/larrymotuzis/Larry_Motuzis_Data/Project05_CommonsCollections/src/main/java/org/apache/commons/collections4/bloomfilter/SimpleBloomFilter.java,org.apache.commons.collections4.bloomfilter.SimpleBloomFilter,SimpleBloomFilter/1[org.apache.commons.collections4.bloomfilter.SimpleBloomFilter],shape,1
/Users/larrymotuzis/Larry_Motuzis_Data/Project05_CommonsCollections/src/main/java/org/apache/commons/collections4/bloomfilter/SimpleBloomFilter.java,org.apache.commons.collections4.bloomfilter.SimpleBloomFilter,SimpleBloomFilter/1[org.apache.commons.collections4.bloomfilter.SimpleBloomFilter],bitMap,1
/Users/larrymotuzis/Larry_Motuzis_Data/Project05_CommonsCollections/src/main/java/org/apache/commons/collections4/bloomfilter/SimpleBloomFilter.java,org.apache.commons.collections4.bloomfilter.SimpleBloomFilter,SimpleBloomFilter/1[org.apache.commons.collections4.bloomfilter.SimpleBloomFilter],cardinality,1
/Users/larrymotuzis/Larry_Motuzis_Data/Project05_CommonsCollections/src/main/java/org/apache/commons/collections4/bloomfilter/SimpleBloomFilter.java,org.apache.commons.collections4.bloomfilter.SimpleBloomFilter,asBitMapArray/0,bitMap,1
/Users/larrymotuzis/Larry_Motuzis_Data/Project05_CommonsCollections/src/main/java/org/apache/commons/collections4/bloomfilter/SimpleBloomFilter.java,org.apache.commons.collections4.bloomfilter.SimpleBloomFilter,clear/0,bitMap,1
/Users/larrymotuzis/Larry_Motuzis_Data/Project05_CommonsCollections/src/main/java/org/apache/commons/collections4/bloomfilter/SimpleBloomFilter.java,org.apache.commons.collections4.bloomfilter.SimpleBloomFilter,clear/0,cardinality,1
/Users/larrymotuzis/Larry_Motuzis_Data/Project05_CommonsCollections/src/main/java/org/apache/commons/collections4/bloomfilter/SimpleBloomFilter.java,org.apache.commons.collections4.bloomfilter.SimpleBloomFilter,contains/1[org.apache.commons.collections4.bloomfilter.IndexExtractor],bitMap,1
/Users/larrymotuzis/Larry_Motuzis_Data/Project05_CommonsCollections/src/main/java/org/apache/commons/collections4/bloomfilter/SimpleBloomFilter.java,org.apache.commons.collections4.bloomfilter.SimpleBloomFilter,merge/1[org.apache.commons.collections4.bloomfilter.IndexExtractor],shape,2
/Users/larrymotuzis/Larry_Motuzis_Data/Project05_CommonsCollections/src/main/java/org/apache/commons/collections4/bloomfilter/SimpleBloomFilter.java,org.apache.commons.collections4.bloomfilter.SimpleBloomFilter,merge/1[org.apache.commons.collections4.bloomfilter.IndexExtractor],bitMap,1
/Users/larrymotuzis/Larry_Motuzis_Data/Project05_CommonsCollections/src/main/java/org/apache/commons/collections4/bloomfilter/SimpleBloomFilter.java,org.apache.commons.collections4.bloomfilter.SimpleBloomFilter,merge/1[org.apache.commons.collections4.bloomfilter.IndexExtractor],cardinality,1
/Users/larrymotuzis/Larry_Motuzis_Data/Project05_CommonsCollections/src/main/java/org/apache/commons/collections4/bloomfilter/SimpleBloomFilter.java,org.apache.commons.collections4.bloomfilter.SimpleBloomFilter,merge/1[org.apache.commons.collections4.bloomfilter.Hasher],shape,1
/Users/larrymotuzis/Larry_Motuzis_Data/Project05_CommonsCollections/src/main/java/org/apache/commons/collections4/bloomfilter/SimpleBloomFilter.java,org.apache.commons.collections4.bloomfilter.SimpleBloomFilter,processBitMaps/1[java.util.function.LongPredicate],bitMap,1
/Users/larrymotuzis/Larry_Motuzis_Data/Project05_CommonsCollections/src/main/java/org/apache/commons/collections4/bloomfilter/SimpleBloomFilter.java,org.apache.commons.collections4.bloomfilter.SimpleBloomFilter,isEmpty/0,cardinality,1
/Users/larrymotuzis/Larry_Motuzis_Data/Project05_CommonsCollections/src/main/java/org/apache/commons/collections4/functors/CloneTransformer.java,org.apache.commons.collections4.functors.CloneTransformer,cloneTransformer/0,INSTANCE,1
/Users/larrymotuzis/Larry_Motuzis_Data/Project05_CommonsCollections/src/main/java/org/apache/commons/collections4/map/Flat3Map.java,org.apache.commons.collections4.map.Flat3Map$EntrySet,size/0,parent,1
/Users/larrymotuzis/Larry_Motuzis_Data/Project05_CommonsCollections/src/main/java/org/apache/commons/collections4/map/Flat3Map.java,org.apache.commons.collections4.map.Flat3Map$EntrySet,"EntrySet/1[org.apache.commons.collections4.map.Flat3Map<K,V>]",parent,3
/Users/larrymotuzis/Larry_Motuzis_Data/Project05_CommonsCollections/src/main/java/org/apache/commons/collections4/map/Flat3Map.java,org.apache.commons.collections4.map.Flat3Map$EntrySet,iterator/0,parent,2
/Users/larrymotuzis/Larry_Motuzis_Data/Project05_CommonsCollections/src/main/java/org/apache/commons/collections4/map/Flat3Map.java,org.apache.commons.collections4.map.Flat3Map$EntrySet,remove/1[java.lang.Object],parent,2
/Users/larrymotuzis/Larry_Motuzis_Data/Project05_CommonsCollections/src/main/java/org/apache/commons/collections4/map/Flat3Map.java,org.apache.commons.collections4.map.Flat3Map$EntrySet,clear/0,parent,1
/Users/larrymotuzis/Larry_Motuzis_Data/Project05_CommonsCollections/src/main/java/org/apache/commons/collections4/iterators/ObjectArrayListIterator.java,org.apache.commons.collections4.iterators.ObjectArrayListIterator,previous/0,lastItemIndex,1
/Users/larrymotuzis/Larry_Motuzis_Data/Project05_CommonsCollections/src/main/java/org/apache/commons/collections4/iterators/ObjectArrayListIterator.java,org.apache.commons.collections4.iterators.ObjectArrayListIterator,next/0,lastItemIndex,1
/Users/larrymotuzis/Larry_Motuzis_Data/Project05_CommonsCollections/src/main/java/org/apache/commons/collections4/iterators/ObjectArrayListIterator.java,org.apache.commons.collections4.iterators.ObjectArrayListIterator,set/1[E],lastItemIndex,2
/Users/larrymotuzis/Larry_Motuzis_Data/Project05_CommonsCollections/src/main/java/org/apache/commons/collections4/iterators/ObjectArrayListIterator.java,org.apache.commons.collections4.iterators.ObjectArrayListIterator,reset/0,lastItemIndex,1
/Users/larrymotuzis/Larry_Motuzis_Data/Project05_CommonsCollections/src/main/java/org/apache/commons/collections4/functors/NOPClosure.java,org.apache.commons.collections4.functors.NOPClosure,readResolve/0,INSTANCE,1
/Users/larrymotuzis/Larry_Motuzis_Data/Project05_CommonsCollections/src/main/java/org/apache/commons/collections4/functors/NOPClosure.java,org.apache.commons.collections4.functors.NOPClosure,nopClosure/0,INSTANCE,1
/Users/larrymotuzis/Larry_Motuzis_Data/Project05_CommonsCollections/src/main/java/org/apache/commons/collections4/bloomfilter/IndexFilter.java,org.apache.commons.collections4.bloomfilter.IndexFilter,"IndexFilter/2[org.apache.commons.collections4.bloomfilter.Shape,java.util.function.IntPredicate]",size,1
/Users/larrymotuzis/Larry_Motuzis_Data/Project05_CommonsCollections/src/main/java/org/apache/commons/collections4/bloomfilter/IndexFilter.java,org.apache.commons.collections4.bloomfilter.IndexFilter,"IndexFilter/2[org.apache.commons.collections4.bloomfilter.Shape,java.util.function.IntPredicate]",tracker,2
/Users/larrymotuzis/Larry_Motuzis_Data/Project05_CommonsCollections/src/main/java/org/apache/commons/collections4/bloomfilter/IndexFilter.java,org.apache.commons.collections4.bloomfilter.IndexFilter,"IndexFilter/2[org.apache.commons.collections4.bloomfilter.Shape,java.util.function.IntPredicate]",consumer,4
/Users/larrymotuzis/Larry_Motuzis_Data/Project05_CommonsCollections/src/main/java/org/apache/commons/collections4/bloomfilter/IndexFilter.java,org.apache.commons.collections4.bloomfilter.IndexFilter,"create/2[org.apache.commons.collections4.bloomfilter.Shape,java.util.function.IntPredicate]",consumer,3
/Users/larrymotuzis/Larry_Motuzis_Data/Project05_CommonsCollections/src/main/java/org/apache/commons/collections4/bloomfilter/IndexFilter.java,org.apache.commons.collections4.bloomfilter.IndexFilter,test/1[int],size,2
/Users/larrymotuzis/Larry_Motuzis_Data/Project05_CommonsCollections/src/main/java/org/apache/commons/collections4/bloomfilter/IndexFilter.java,org.apache.commons.collections4.bloomfilter.IndexFilter,test/1[int],tracker,1
/Users/larrymotuzis/Larry_Motuzis_Data/Project05_CommonsCollections/src/main/java/org/apache/commons/collections4/bloomfilter/IndexFilter.java,org.apache.commons.collections4.bloomfilter.IndexFilter,test/1[int],consumer,1
/Users/larrymotuzis/Larry_Motuzis_Data/Project05_CommonsCollections/src/main/java/org/apache/commons/collections4/trie/AbstractPatriciaTrie.java,org.apache.commons.collections4.trie.AbstractPatriciaTrie$RangeEntryMap,lastKey/0,toKey,3
/Users/larrymotuzis/Larry_Motuzis_Data/Project05_CommonsCollections/src/main/java/org/apache/commons/collections4/trie/AbstractPatriciaTrie.java,org.apache.commons.collections4.trie.AbstractPatriciaTrie$RangeEntryMap,lastKey/0,fromKey,1
/Users/larrymotuzis/Larry_Motuzis_Data/Project05_CommonsCollections/src/main/java/org/apache/commons/collections4/trie/AbstractPatriciaTrie.java,org.apache.commons.collections4.trie.AbstractPatriciaTrie$RangeEntryMap,lastKey/0,toInclusive,1
/Users/larrymotuzis/Larry_Motuzis_Data/Project05_CommonsCollections/src/main/java/org/apache/commons/collections4/trie/AbstractPatriciaTrie.java,org.apache.commons.collections4.trie.AbstractPatriciaTrie$RangeEntryMap,getFromKey/0,fromKey,1
/Users/larrymotuzis/Larry_Motuzis_Data/Project05_CommonsCollections/src/main/java/org/apache/commons/collections4/trie/AbstractPatriciaTrie.java,org.apache.commons.collections4.trie.AbstractPatriciaTrie$RangeEntryMap,"RangeEntryMap/2[K,K]",toKey,2
/Users/larrymotuzis/Larry_Motuzis_Data/Project05_CommonsCollections/src/main/java/org/apache/commons/collections4/trie/AbstractPatriciaTrie.java,org.apache.commons.collections4.trie.AbstractPatriciaTrie$RangeEntryMap,"RangeEntryMap/2[K,K]",fromKey,2
/Users/larrymotuzis/Larry_Motuzis_Data/Project05_CommonsCollections/src/main/java/org/apache/commons/collections4/trie/AbstractPatriciaTrie.java,org.apache.commons.collections4.trie.AbstractPatriciaTrie$RangeEntryMap,"createRangeMap/4[K,boolean,K,boolean]",toKey,2
/Users/larrymotuzis/Larry_Motuzis_Data/Project05_CommonsCollections/src/main/java/org/apache/commons/collections4/trie/AbstractPatriciaTrie.java,org.apache.commons.collections4.trie.AbstractPatriciaTrie$RangeEntryMap,"createRangeMap/4[K,boolean,K,boolean]",fromKey,2
/Users/larrymotuzis/Larry_Motuzis_Data/Project05_CommonsCollections/src/main/java/org/apache/commons/collections4/trie/AbstractPatriciaTrie.java,org.apache.commons.collections4.trie.AbstractPatriciaTrie$RangeEntryMap,"createRangeMap/4[K,boolean,K,boolean]",toInclusive,2
/Users/larrymotuzis/Larry_Motuzis_Data/Project05_CommonsCollections/src/main/java/org/apache/commons/collections4/trie/AbstractPatriciaTrie.java,org.apache.commons.collections4.trie.AbstractPatriciaTrie$RangeEntryMap,"createRangeMap/4[K,boolean,K,boolean]",fromInclusive,2
/Users/larrymotuzis/Larry_Motuzis_Data/Project05_CommonsCollections/src/main/java/org/apache/commons/collections4/trie/AbstractPatriciaTrie.java,org.apache.commons.collections4.trie.AbstractPatriciaTrie$RangeEntryMap,getToKey/0,toKey,1
/Users/larrymotuzis/Larry_Motuzis_Data/Project05_CommonsCollections/src/main/java/org/apache/commons/collections4/trie/AbstractPatriciaTrie.java,org.apache.commons.collections4.trie.AbstractPatriciaTrie$RangeEntryMap,"RangeEntryMap/4[K,boolean,K,boolean]",toKey,6
/Users/larrymotuzis/Larry_Motuzis_Data/Project05_CommonsCollections/src/main/java/org/apache/commons/collections4/trie/AbstractPatriciaTrie.java,org.apache.commons.collections4.trie.AbstractPatriciaTrie$RangeEntryMap,"RangeEntryMap/4[K,boolean,K,boolean]",fromKey,6
/Users/larrymotuzis/Larry_Motuzis_Data/Project05_CommonsCollections/src/main/java/org/apache/commons/collections4/trie/AbstractPatriciaTrie.java,org.apache.commons.collections4.trie.AbstractPatriciaTrie$RangeEntryMap,"RangeEntryMap/4[K,boolean,K,boolean]",toInclusive,3
/Users/larrymotuzis/Larry_Motuzis_Data/Project05_CommonsCollections/src/main/java/org/apache/commons/collections4/trie/AbstractPatriciaTrie.java,org.apache.commons.collections4.trie.AbstractPatriciaTrie$RangeEntryMap,"RangeEntryMap/4[K,boolean,K,boolean]",fromInclusive,3
/Users/larrymotuzis/Larry_Motuzis_Data/Project05_CommonsCollections/src/main/java/org/apache/commons/collections4/trie/AbstractPatriciaTrie.java,org.apache.commons.collections4.trie.AbstractPatriciaTrie$RangeEntryMap,firstKey/0,toKey,1
/Users/larrymotuzis/Larry_Motuzis_Data/Project05_CommonsCollections/src/main/java/org/apache/commons/collections4/trie/AbstractPatriciaTrie.java,org.apache.commons.collections4.trie.AbstractPatriciaTrie$RangeEntryMap,firstKey/0,fromKey,3
/Users/larrymotuzis/Larry_Motuzis_Data/Project05_CommonsCollections/src/main/java/org/apache/commons/collections4/trie/AbstractPatriciaTrie.java,org.apache.commons.collections4.trie.AbstractPatriciaTrie$RangeEntryMap,firstKey/0,fromInclusive,1
/Users/larrymotuzis/Larry_Motuzis_Data/Project05_CommonsCollections/src/main/java/org/apache/commons/collections4/trie/AbstractPatriciaTrie.java,org.apache.commons.collections4.trie.AbstractPatriciaTrie$RangeEntryMap,isFromInclusive/0,fromInclusive,1
/Users/larrymotuzis/Larry_Motuzis_Data/Project05_CommonsCollections/src/main/java/org/apache/commons/collections4/trie/AbstractPatriciaTrie.java,org.apache.commons.collections4.trie.AbstractPatriciaTrie$RangeEntryMap,isToInclusive/0,toInclusive,1
/Users/larrymotuzis/Larry_Motuzis_Data/Project05_CommonsCollections/src/main/java/org/apache/commons/collections4/bloomfilter/ArrayCountingBloomFilter.java,org.apache.commons.collections4.bloomfilter.ArrayCountingBloomFilter,getMaxInsert/1[org.apache.commons.collections4.bloomfilter.CellExtractor],cells,1
/Users/larrymotuzis/Larry_Motuzis_Data/Project05_CommonsCollections/src/main/java/org/apache/commons/collections4/bloomfilter/ArrayCountingBloomFilter.java,org.apache.commons.collections4.bloomfilter.ArrayCountingBloomFilter,isValid/0,state,1
/Users/larrymotuzis/Larry_Motuzis_Data/Project05_CommonsCollections/src/main/java/org/apache/commons/collections4/bloomfilter/ArrayCountingBloomFilter.java,org.apache.commons.collections4.bloomfilter.ArrayCountingBloomFilter,ArrayCountingBloomFilter/1[org.apache.commons.collections4.bloomfilter.Shape],cells,1
/Users/larrymotuzis/Larry_Motuzis_Data/Project05_CommonsCollections/src/main/java/org/apache/commons/collections4/bloomfilter/ArrayCountingBloomFilter.java,org.apache.commons.collections4.bloomfilter.ArrayCountingBloomFilter,ArrayCountingBloomFilter/1[org.apache.commons.collections4.bloomfilter.Shape],shape,6
/Users/larrymotuzis/Larry_Motuzis_Data/Project05_CommonsCollections/src/main/java/org/apache/commons/collections4/bloomfilter/ArrayCountingBloomFilter.java,org.apache.commons.collections4.bloomfilter.ArrayCountingBloomFilter,ArrayCountingBloomFilter/1[org.apache.commons.collections4.bloomfilter.ArrayCountingBloomFilter],cells,1
/Users/larrymotuzis/Larry_Motuzis_Data/Project05_CommonsCollections/src/main/java/org/apache/commons/collections4/bloomfilter/ArrayCountingBloomFilter.java,org.apache.commons.collections4.bloomfilter.ArrayCountingBloomFilter,ArrayCountingBloomFilter/1[org.apache.commons.collections4.bloomfilter.ArrayCountingBloomFilter],shape,1
/Users/larrymotuzis/Larry_Motuzis_Data/Project05_CommonsCollections/src/main/java/org/apache/commons/collections4/bloomfilter/ArrayCountingBloomFilter.java,org.apache.commons.collections4.bloomfilter.ArrayCountingBloomFilter,ArrayCountingBloomFilter/1[org.apache.commons.collections4.bloomfilter.ArrayCountingBloomFilter],state,1
/Users/larrymotuzis/Larry_Motuzis_Data/Project05_CommonsCollections/src/main/java/org/apache/commons/collections4/bloomfilter/ArrayCountingBloomFilter.java,org.apache.commons.collections4.bloomfilter.ArrayCountingBloomFilter,cardinality/0,cells,1
/Users/larrymotuzis/Larry_Motuzis_Data/Project05_CommonsCollections/src/main/java/org/apache/commons/collections4/bloomfilter/ArrayCountingBloomFilter.java,org.apache.commons.collections4.bloomfilter.ArrayCountingBloomFilter,asIndexArray/0,cells,1
/Users/larrymotuzis/Larry_Motuzis_Data/Project05_CommonsCollections/src/main/java/org/apache/commons/collections4/bloomfilter/ArrayCountingBloomFilter.java,org.apache.commons.collections4.bloomfilter.ArrayCountingBloomFilter,"subtract/2[int,int]",cells,2
/Users/larrymotuzis/Larry_Motuzis_Data/Project05_CommonsCollections/src/main/java/org/apache/commons/collections4/bloomfilter/ArrayCountingBloomFilter.java,org.apache.commons.collections4.bloomfilter.ArrayCountingBloomFilter,"subtract/2[int,int]",state,1
/Users/larrymotuzis/Larry_Motuzis_Data/Project05_CommonsCollections/src/main/java/org/apache/commons/collections4/bloomfilter/ArrayCountingBloomFilter.java,org.apache.commons.collections4.bloomfilter.ArrayCountingBloomFilter,processCells/1[org.apache.commons.collections4.bloomfilter.CellExtractor.CellPredicate],cells,2
/Users/larrymotuzis/Larry_Motuzis_Data/Project05_CommonsCollections/src/main/java/org/apache/commons/collections4/bloomfilter/ArrayCountingBloomFilter.java,org.apache.commons.collections4.bloomfilter.ArrayCountingBloomFilter,"add/2[int,int]",cells,2
/Users/larrymotuzis/Larry_Motuzis_Data/Project05_CommonsCollections/src/main/java/org/apache/commons/collections4/bloomfilter/ArrayCountingBloomFilter.java,org.apache.commons.collections4.bloomfilter.ArrayCountingBloomFilter,"add/2[int,int]",state,1
/Users/larrymotuzis/Larry_Motuzis_Data/Project05_CommonsCollections/src/main/java/org/apache/commons/collections4/bloomfilter/ArrayCountingBloomFilter.java,org.apache.commons.collections4.bloomfilter.ArrayCountingBloomFilter,processBitMaps/1[java.util.function.LongPredicate],cells,2
/Users/larrymotuzis/Larry_Motuzis_Data/Project05_CommonsCollections/src/main/java/org/apache/commons/collections4/bloomfilter/ArrayCountingBloomFilter.java,org.apache.commons.collections4.bloomfilter.ArrayCountingBloomFilter,getShape/0,shape,1
/Users/larrymotuzis/Larry_Motuzis_Data/Project05_CommonsCollections/src/main/java/org/apache/commons/collections4/bloomfilter/ArrayCountingBloomFilter.java,org.apache.commons.collections4.bloomfilter.ArrayCountingBloomFilter,clear/0,cells,1
/Users/larrymotuzis/Larry_Motuzis_Data/Project05_CommonsCollections/src/main/java/org/apache/commons/collections4/bloomfilter/ArrayCountingBloomFilter.java,org.apache.commons.collections4.bloomfilter.ArrayCountingBloomFilter,processIndices/1[java.util.function.IntPredicate],cells,1
/Users/larrymotuzis/Larry_Motuzis_Data/Project05_CommonsCollections/src/main/java/org/apache/commons/collections4/bloomfilter/ArrayCountingBloomFilter.java,org.apache.commons.collections4.bloomfilter.ArrayCountingBloomFilter,contains/1[org.apache.commons.collections4.bloomfilter.IndexExtractor],cells,1
/Users/larrymotuzis/Larry_Motuzis_Data/Project05_CommonsCollections/src/main/java/org/apache/commons/collections4/bloomfilter/LayerManager.java,org.apache.commons.collections4.bloomfilter.LayerManager,get/1[int],filters,3
/Users/larrymotuzis/Larry_Motuzis_Data/Project05_CommonsCollections/src/main/java/org/apache/commons/collections4/bloomfilter/LayerManager.java,org.apache.commons.collections4.bloomfilter.LayerManager,first/0,filters,1
/Users/larrymotuzis/Larry_Motuzis_Data/Project05_CommonsCollections/src/main/java/org/apache/commons/collections4/bloomfilter/LayerManager.java,org.apache.commons.collections4.bloomfilter.LayerManager,next/0,filters,1
/Users/larrymotuzis/Larry_Motuzis_Data/Project05_CommonsCollections/src/main/java/org/apache/commons/collections4/bloomfilter/LayerManager.java,org.apache.commons.collections4.bloomfilter.LayerManager,next/0,filterCleanup,1
/Users/larrymotuzis/Larry_Motuzis_Data/Project05_CommonsCollections/src/main/java/org/apache/commons/collections4/bloomfilter/LayerManager.java,org.apache.commons.collections4.bloomfilter.LayerManager,getDepth/0,filters,1
/Users/larrymotuzis/Larry_Motuzis_Data/Project05_CommonsCollections/src/main/java/org/apache/commons/collections4/bloomfilter/LayerManager.java,org.apache.commons.collections4.bloomfilter.LayerManager,processBloomFilters/1[java.util.function.Predicate<org.apache.commons.collections4.bloomfilter.BloomFilter>],filters,1
/Users/larrymotuzis/Larry_Motuzis_Data/Project05_CommonsCollections/src/main/java/org/apache/commons/collections4/bloomfilter/LayerManager.java,org.apache.commons.collections4.bloomfilter.LayerManager,cleanup/0,filters,2
/Users/larrymotuzis/Larry_Motuzis_Data/Project05_CommonsCollections/src/main/java/org/apache/commons/collections4/bloomfilter/LayerManager.java,org.apache.commons.collections4.bloomfilter.LayerManager,cleanup/0,filterCleanup,1
/Users/larrymotuzis/Larry_Motuzis_Data/Project05_CommonsCollections/src/main/java/org/apache/commons/collections4/bloomfilter/LayerManager.java,org.apache.commons.collections4.bloomfilter.LayerManager,"LayerManager/4[java.util.function.Supplier<T>,java.util.function.Predicate<org.apache.commons.collections4.bloomfilter.LayerManager<T>>,java.util.function.Consumer<java.util.Deque<T>>,boolean]",filterSupplier,4
/Users/larrymotuzis/Larry_Motuzis_Data/Project05_CommonsCollections/src/main/java/org/apache/commons/collections4/bloomfilter/LayerManager.java,org.apache.commons.collections4.bloomfilter.LayerManager,"LayerManager/4[java.util.function.Supplier<T>,java.util.function.Predicate<org.apache.commons.collections4.bloomfilter.LayerManager<T>>,java.util.function.Consumer<java.util.Deque<T>>,boolean]",extendCheck,4
/Users/larrymotuzis/Larry_Motuzis_Data/Project05_CommonsCollections/src/main/java/org/apache/commons/collections4/bloomfilter/LayerManager.java,org.apache.commons.collections4.bloomfilter.LayerManager,"LayerManager/4[java.util.function.Supplier<T>,java.util.function.Predicate<org.apache.commons.collections4.bloomfilter.LayerManager<T>>,java.util.function.Consumer<java.util.Deque<T>>,boolean]",filterCleanup,4
/Users/larrymotuzis/Larry_Motuzis_Data/Project05_CommonsCollections/src/main/java/org/apache/commons/collections4/bloomfilter/LayerManager.java,org.apache.commons.collections4.bloomfilter.LayerManager,copy/0,filters,1
/Users/larrymotuzis/Larry_Motuzis_Data/Project05_CommonsCollections/src/main/java/org/apache/commons/collections4/bloomfilter/LayerManager.java,org.apache.commons.collections4.bloomfilter.LayerManager,copy/0,filterSupplier,1
/Users/larrymotuzis/Larry_Motuzis_Data/Project05_CommonsCollections/src/main/java/org/apache/commons/collections4/bloomfilter/LayerManager.java,org.apache.commons.collections4.bloomfilter.LayerManager,copy/0,extendCheck,1
/Users/larrymotuzis/Larry_Motuzis_Data/Project05_CommonsCollections/src/main/java/org/apache/commons/collections4/bloomfilter/LayerManager.java,org.apache.commons.collections4.bloomfilter.LayerManager,copy/0,filterCleanup,1
/Users/larrymotuzis/Larry_Motuzis_Data/Project05_CommonsCollections/src/main/java/org/apache/commons/collections4/bloomfilter/LayerManager.java,org.apache.commons.collections4.bloomfilter.LayerManager,last/0,filters,1
/Users/larrymotuzis/Larry_Motuzis_Data/Project05_CommonsCollections/src/main/java/org/apache/commons/collections4/bloomfilter/LayerManager.java,org.apache.commons.collections4.bloomfilter.LayerManager,getTarget/0,extendCheck,1
/Users/larrymotuzis/Larry_Motuzis_Data/Project05_CommonsCollections/src/main/java/org/apache/commons/collections4/bloomfilter/LayerManager.java,org.apache.commons.collections4.bloomfilter.LayerManager,addFilter/0,filters,1
/Users/larrymotuzis/Larry_Motuzis_Data/Project05_CommonsCollections/src/main/java/org/apache/commons/collections4/bloomfilter/LayerManager.java,org.apache.commons.collections4.bloomfilter.LayerManager,addFilter/0,filterSupplier,1
/Users/larrymotuzis/Larry_Motuzis_Data/Project05_CommonsCollections/src/main/java/org/apache/commons/collections4/bloomfilter/LayerManager.java,org.apache.commons.collections4.bloomfilter.LayerManager,clear/0,filters,1
/Users/larrymotuzis/Larry_Motuzis_Data/Project05_CommonsCollections/src/main/java/org/apache/commons/collections4/collection/IndexedCollection.java,org.apache.commons.collections4.collection.IndexedCollection,addToIndex/1[C],uniqueIndex,1
/Users/larrymotuzis/Larry_Motuzis_Data/Project05_CommonsCollections/src/main/java/org/apache/commons/collections4/collection/IndexedCollection.java,org.apache.commons.collections4.collection.IndexedCollection,addToIndex/1[C],index,2
/Users/larrymotuzis/Larry_Motuzis_Data/Project05_CommonsCollections/src/main/java/org/apache/commons/collections4/collection/IndexedCollection.java,org.apache.commons.collections4.collection.IndexedCollection,addToIndex/1[C],keyTransformer,1
/Users/larrymotuzis/Larry_Motuzis_Data/Project05_CommonsCollections/src/main/java/org/apache/commons/collections4/collection/IndexedCollection.java,org.apache.commons.collections4.collection.IndexedCollection,contains/1[java.lang.Object],index,1
/Users/larrymotuzis/Larry_Motuzis_Data/Project05_CommonsCollections/src/main/java/org/apache/commons/collections4/collection/IndexedCollection.java,org.apache.commons.collections4.collection.IndexedCollection,contains/1[java.lang.Object],keyTransformer,1
/Users/larrymotuzis/Larry_Motuzis_Data/Project05_CommonsCollections/src/main/java/org/apache/commons/collections4/collection/IndexedCollection.java,org.apache.commons.collections4.collection.IndexedCollection,"IndexedCollection/4[java.util.Collection<C>,org.apache.commons.collections4.Transformer<C,K>,org.apache.commons.collections4.MultiMap<K,C>,boolean]",uniqueIndex,4
/Users/larrymotuzis/Larry_Motuzis_Data/Project05_CommonsCollections/src/main/java/org/apache/commons/collections4/collection/IndexedCollection.java,org.apache.commons.collections4.collection.IndexedCollection,"IndexedCollection/4[java.util.Collection<C>,org.apache.commons.collections4.Transformer<C,K>,org.apache.commons.collections4.MultiMap<K,C>,boolean]",index,1
/Users/larrymotuzis/Larry_Motuzis_Data/Project05_CommonsCollections/src/main/java/org/apache/commons/collections4/collection/IndexedCollection.java,org.apache.commons.collections4.collection.IndexedCollection,"IndexedCollection/4[java.util.Collection<C>,org.apache.commons.collections4.Transformer<C,K>,org.apache.commons.collections4.MultiMap<K,C>,boolean]",keyTransformer,4
/Users/larrymotuzis/Larry_Motuzis_Data/Project05_CommonsCollections/src/main/java/org/apache/commons/collections4/collection/IndexedCollection.java,org.apache.commons.collections4.collection.IndexedCollection,"nonUniqueIndexedCollection/2[java.util.Collection<C>,org.apache.commons.collections4.Transformer<C,K>]",keyTransformer,3
/Users/larrymotuzis/Larry_Motuzis_Data/Project05_CommonsCollections/src/main/java/org/apache/commons/collections4/collection/IndexedCollection.java,org.apache.commons.collections4.collection.IndexedCollection,reindex/0,index,1
/Users/larrymotuzis/Larry_Motuzis_Data/Project05_CommonsCollections/src/main/java/org/apache/commons/collections4/collection/IndexedCollection.java,org.apache.commons.collections4.collection.IndexedCollection,"uniqueIndexedCollection/2[java.util.Collection<C>,org.apache.commons.collections4.Transformer<C,K>]",keyTransformer,3
/Users/larrymotuzis/Larry_Motuzis_Data/Project05_CommonsCollections/src/main/java/org/apache/commons/collections4/collection/IndexedCollection.java,org.apache.commons.collections4.collection.IndexedCollection,values/1[K],index,1
/Users/larrymotuzis/Larry_Motuzis_Data/Project05_CommonsCollections/src/main/java/org/apache/commons/collections4/collection/IndexedCollection.java,org.apache.commons.collections4.collection.IndexedCollection,get/1[K],index,1
/Users/larrymotuzis/Larry_Motuzis_Data/Project05_CommonsCollections/src/main/java/org/apache/commons/collections4/collection/IndexedCollection.java,org.apache.commons.collections4.collection.IndexedCollection,clear/0,index,1
/Users/larrymotuzis/Larry_Motuzis_Data/Project05_CommonsCollections/src/main/java/org/apache/commons/collections4/collection/IndexedCollection.java,org.apache.commons.collections4.collection.IndexedCollection,removeFromIndex/1[C],index,1
/Users/larrymotuzis/Larry_Motuzis_Data/Project05_CommonsCollections/src/main/java/org/apache/commons/collections4/collection/IndexedCollection.java,org.apache.commons.collections4.collection.IndexedCollection,removeFromIndex/1[C],keyTransformer,1
/Users/larrymotuzis/Larry_Motuzis_Data/Project05_CommonsCollections/src/main/java/org/apache/commons/collections4/multiset/AbstractMapMultiSet.java,org.apache.commons.collections4.multiset.AbstractMapMultiSet$EntrySetIterator,"EntrySetIterator/2[java.util.Iterator<java.util.Map.Entry<E,org.apache.commons.collections4.multiset.AbstractMapMultiSet.MutableInteger>>,org.apache.commons.collections4.multiset.AbstractMapMultiSet<E>]",parent,4
/Users/larrymotuzis/Larry_Motuzis_Data/Project05_CommonsCollections/src/main/java/org/apache/commons/collections4/multiset/AbstractMapMultiSet.java,org.apache.commons.collections4.multiset.AbstractMapMultiSet$EntrySetIterator,"EntrySetIterator/2[java.util.Iterator<java.util.Map.Entry<E,org.apache.commons.collections4.multiset.AbstractMapMultiSet.MutableInteger>>,org.apache.commons.collections4.multiset.AbstractMapMultiSet<E>]",decorated,4
/Users/larrymotuzis/Larry_Motuzis_Data/Project05_CommonsCollections/src/main/java/org/apache/commons/collections4/multiset/AbstractMapMultiSet.java,org.apache.commons.collections4.multiset.AbstractMapMultiSet$EntrySetIterator,next/0,canRemove,1
/Users/larrymotuzis/Larry_Motuzis_Data/Project05_CommonsCollections/src/main/java/org/apache/commons/collections4/multiset/AbstractMapMultiSet.java,org.apache.commons.collections4.multiset.AbstractMapMultiSet$EntrySetIterator,next/0,last,2
/Users/larrymotuzis/Larry_Motuzis_Data/Project05_CommonsCollections/src/main/java/org/apache/commons/collections4/multiset/AbstractMapMultiSet.java,org.apache.commons.collections4.multiset.AbstractMapMultiSet$EntrySetIterator,next/0,decorated,1
/Users/larrymotuzis/Larry_Motuzis_Data/Project05_CommonsCollections/src/main/java/org/apache/commons/collections4/multiset/AbstractMapMultiSet.java,org.apache.commons.collections4.multiset.AbstractMapMultiSet$EntrySetIterator,hasNext/0,decorated,1
/Users/larrymotuzis/Larry_Motuzis_Data/Project05_CommonsCollections/src/main/java/org/apache/commons/collections4/multiset/AbstractMapMultiSet.java,org.apache.commons.collections4.multiset.AbstractMapMultiSet$EntrySetIterator,remove/0,canRemove,2
/Users/larrymotuzis/Larry_Motuzis_Data/Project05_CommonsCollections/src/main/java/org/apache/commons/collections4/multiset/AbstractMapMultiSet.java,org.apache.commons.collections4.multiset.AbstractMapMultiSet$EntrySetIterator,remove/0,last,1
/Users/larrymotuzis/Larry_Motuzis_Data/Project05_CommonsCollections/src/main/java/org/apache/commons/collections4/multiset/AbstractMapMultiSet.java,org.apache.commons.collections4.multiset.AbstractMapMultiSet$EntrySetIterator,remove/0,decorated,1
/Users/larrymotuzis/Larry_Motuzis_Data/Project05_CommonsCollections/src/main/java/org/apache/commons/collections4/iterators/BoundedIterator.java,org.apache.commons.collections4.iterators.BoundedIterator,"BoundedIterator/3[java.util.Iterator<? extends E>,long,long]",iterator,4
/Users/larrymotuzis/Larry_Motuzis_Data/Project05_CommonsCollections/src/main/java/org/apache/commons/collections4/iterators/BoundedIterator.java,org.apache.commons.collections4.iterators.BoundedIterator,"BoundedIterator/3[java.util.Iterator<? extends E>,long,long]",offset,5
/Users/larrymotuzis/Larry_Motuzis_Data/Project05_CommonsCollections/src/main/java/org/apache/commons/collections4/iterators/BoundedIterator.java,org.apache.commons.collections4.iterators.BoundedIterator,"BoundedIterator/3[java.util.Iterator<? extends E>,long,long]",max,5
/Users/larrymotuzis/Larry_Motuzis_Data/Project05_CommonsCollections/src/main/java/org/apache/commons/collections4/iterators/BoundedIterator.java,org.apache.commons.collections4.iterators.BoundedIterator,"BoundedIterator/3[java.util.Iterator<? extends E>,long,long]",pos,1
/Users/larrymotuzis/Larry_Motuzis_Data/Project05_CommonsCollections/src/main/java/org/apache/commons/collections4/iterators/BoundedIterator.java,org.apache.commons.collections4.iterators.BoundedIterator,hasNext/0,iterator,1
/Users/larrymotuzis/Larry_Motuzis_Data/Project05_CommonsCollections/src/main/java/org/apache/commons/collections4/iterators/BoundedIterator.java,org.apache.commons.collections4.iterators.BoundedIterator,init/0,iterator,2
/Users/larrymotuzis/Larry_Motuzis_Data/Project05_CommonsCollections/src/main/java/org/apache/commons/collections4/iterators/BoundedIterator.java,org.apache.commons.collections4.iterators.BoundedIterator,init/0,offset,1
/Users/larrymotuzis/Larry_Motuzis_Data/Project05_CommonsCollections/src/main/java/org/apache/commons/collections4/iterators/BoundedIterator.java,org.apache.commons.collections4.iterators.BoundedIterator,init/0,pos,2
/Users/larrymotuzis/Larry_Motuzis_Data/Project05_CommonsCollections/src/main/java/org/apache/commons/collections4/iterators/BoundedIterator.java,org.apache.commons.collections4.iterators.BoundedIterator,next/0,iterator,1
/Users/larrymotuzis/Larry_Motuzis_Data/Project05_CommonsCollections/src/main/java/org/apache/commons/collections4/iterators/BoundedIterator.java,org.apache.commons.collections4.iterators.BoundedIterator,next/0,pos,1
/Users/larrymotuzis/Larry_Motuzis_Data/Project05_CommonsCollections/src/main/java/org/apache/commons/collections4/iterators/BoundedIterator.java,org.apache.commons.collections4.iterators.BoundedIterator,checkBounds/0,offset,1
/Users/larrymotuzis/Larry_Motuzis_Data/Project05_CommonsCollections/src/main/java/org/apache/commons/collections4/iterators/BoundedIterator.java,org.apache.commons.collections4.iterators.BoundedIterator,checkBounds/0,pos,1
/Users/larrymotuzis/Larry_Motuzis_Data/Project05_CommonsCollections/src/main/java/org/apache/commons/collections4/iterators/BoundedIterator.java,org.apache.commons.collections4.iterators.BoundedIterator,checkBounds/0,max,1
/Users/larrymotuzis/Larry_Motuzis_Data/Project05_CommonsCollections/src/main/java/org/apache/commons/collections4/iterators/BoundedIterator.java,org.apache.commons.collections4.iterators.BoundedIterator,remove/0,iterator,1
/Users/larrymotuzis/Larry_Motuzis_Data/Project05_CommonsCollections/src/main/java/org/apache/commons/collections4/iterators/BoundedIterator.java,org.apache.commons.collections4.iterators.BoundedIterator,remove/0,offset,1
/Users/larrymotuzis/Larry_Motuzis_Data/Project05_CommonsCollections/src/main/java/org/apache/commons/collections4/iterators/BoundedIterator.java,org.apache.commons.collections4.iterators.BoundedIterator,remove/0,pos,1
/Users/larrymotuzis/Larry_Motuzis_Data/Project05_CommonsCollections/src/main/java/org/apache/commons/collections4/map/ConcurrentReferenceHashMap.java,org.apache.commons.collections4.map.ConcurrentReferenceHashMap$SimpleEntry,toString/0,value,1
/Users/larrymotuzis/Larry_Motuzis_Data/Project05_CommonsCollections/src/main/java/org/apache/commons/collections4/map/ConcurrentReferenceHashMap.java,org.apache.commons.collections4.map.ConcurrentReferenceHashMap$SimpleEntry,toString/0,key,1
/Users/larrymotuzis/Larry_Motuzis_Data/Project05_CommonsCollections/src/main/java/org/apache/commons/collections4/map/ConcurrentReferenceHashMap.java,org.apache.commons.collections4.map.ConcurrentReferenceHashMap$SimpleEntry,"SimpleEntry/2[K,V]",value,3
/Users/larrymotuzis/Larry_Motuzis_Data/Project05_CommonsCollections/src/main/java/org/apache/commons/collections4/map/ConcurrentReferenceHashMap.java,org.apache.commons.collections4.map.ConcurrentReferenceHashMap$SimpleEntry,"SimpleEntry/2[K,V]",key,3
/Users/larrymotuzis/Larry_Motuzis_Data/Project05_CommonsCollections/src/main/java/org/apache/commons/collections4/map/ConcurrentReferenceHashMap.java,org.apache.commons.collections4.map.ConcurrentReferenceHashMap$SimpleEntry,equals/1[java.lang.Object],value,1
/Users/larrymotuzis/Larry_Motuzis_Data/Project05_CommonsCollections/src/main/java/org/apache/commons/collections4/map/ConcurrentReferenceHashMap.java,org.apache.commons.collections4.map.ConcurrentReferenceHashMap$SimpleEntry,equals/1[java.lang.Object],key,1
/Users/larrymotuzis/Larry_Motuzis_Data/Project05_CommonsCollections/src/main/java/org/apache/commons/collections4/map/ConcurrentReferenceHashMap.java,org.apache.commons.collections4.map.ConcurrentReferenceHashMap$SimpleEntry,hashCode/0,value,2
/Users/larrymotuzis/Larry_Motuzis_Data/Project05_CommonsCollections/src/main/java/org/apache/commons/collections4/map/ConcurrentReferenceHashMap.java,org.apache.commons.collections4.map.ConcurrentReferenceHashMap$SimpleEntry,hashCode/0,key,2
/Users/larrymotuzis/Larry_Motuzis_Data/Project05_CommonsCollections/src/main/java/org/apache/commons/collections4/map/ConcurrentReferenceHashMap.java,org.apache.commons.collections4.map.ConcurrentReferenceHashMap$SimpleEntry,getKey/0,key,1
/Users/larrymotuzis/Larry_Motuzis_Data/Project05_CommonsCollections/src/main/java/org/apache/commons/collections4/map/ConcurrentReferenceHashMap.java,org.apache.commons.collections4.map.ConcurrentReferenceHashMap$SimpleEntry,getValue/0,value,1
/Users/larrymotuzis/Larry_Motuzis_Data/Project05_CommonsCollections/src/main/java/org/apache/commons/collections4/map/ConcurrentReferenceHashMap.java,org.apache.commons.collections4.map.ConcurrentReferenceHashMap$SimpleEntry,setValue/1[V],value,4
/Users/larrymotuzis/Larry_Motuzis_Data/Project05_CommonsCollections/src/main/java/org/apache/commons/collections4/map/ConcurrentReferenceHashMap.java,org.apache.commons.collections4.map.ConcurrentReferenceHashMap$WeakKeyReference,"WeakKeyReference/3[K,int,java.lang.ref.ReferenceQueue<java.lang.Object>]",hash,3
/Users/larrymotuzis/Larry_Motuzis_Data/Project05_CommonsCollections/src/main/java/org/apache/commons/collections4/map/ConcurrentReferenceHashMap.java,org.apache.commons.collections4.map.ConcurrentReferenceHashMap$WeakKeyReference,keyHash/0,hash,1
/Users/larrymotuzis/Larry_Motuzis_Data/Project05_CommonsCollections/src/main/java/org/apache/commons/collections4/collection/CompositeCollection.java,org.apache.commons.collections4.collection.CompositeCollection,isEmpty/0,all,1
/Users/larrymotuzis/Larry_Motuzis_Data/Project05_CommonsCollections/src/main/java/org/apache/commons/collections4/collection/CompositeCollection.java,org.apache.commons.collections4.collection.CompositeCollection,setMutator/1[org.apache.commons.collections4.collection.CompositeCollection.CollectionMutator<E>],mutator,4
/Users/larrymotuzis/Larry_Motuzis_Data/Project05_CommonsCollections/src/main/java/org/apache/commons/collections4/collection/CompositeCollection.java,org.apache.commons.collections4.collection.CompositeCollection,removeIf/1[java.util.function.Predicate<? super E>],all,1
/Users/larrymotuzis/Larry_Motuzis_Data/Project05_CommonsCollections/src/main/java/org/apache/commons/collections4/collection/CompositeCollection.java,org.apache.commons.collections4.collection.CompositeCollection,addComposited/1[java.util.Collection<E>],all,1
/Users/larrymotuzis/Larry_Motuzis_Data/Project05_CommonsCollections/src/main/java/org/apache/commons/collections4/collection/CompositeCollection.java,org.apache.commons.collections4.collection.CompositeCollection,add/1[E],all,1
/Users/larrymotuzis/Larry_Motuzis_Data/Project05_CommonsCollections/src/main/java/org/apache/commons/collections4/collection/CompositeCollection.java,org.apache.commons.collections4.collection.CompositeCollection,add/1[E],mutator,2
/Users/larrymotuzis/Larry_Motuzis_Data/Project05_CommonsCollections/src/main/java/org/apache/commons/collections4/collection/CompositeCollection.java,org.apache.commons.collections4.collection.CompositeCollection,iterator/0,all,2
/Users/larrymotuzis/Larry_Motuzis_Data/Project05_CommonsCollections/src/main/java/org/apache/commons/collections4/collection/CompositeCollection.java,org.apache.commons.collections4.collection.CompositeCollection,"addComposited/2[java.util.Collection<E>,java.util.Collection<E>]",all,2
/Users/larrymotuzis/Larry_Motuzis_Data/Project05_CommonsCollections/src/main/java/org/apache/commons/collections4/collection/CompositeCollection.java,org.apache.commons.collections4.collection.CompositeCollection,removeAll/1[java.util.Collection<?>],all,1
/Users/larrymotuzis/Larry_Motuzis_Data/Project05_CommonsCollections/src/main/java/org/apache/commons/collections4/collection/CompositeCollection.java,org.apache.commons.collections4.collection.CompositeCollection,retainAll/1[java.util.Collection<?>],all,1
/Users/larrymotuzis/Larry_Motuzis_Data/Project05_CommonsCollections/src/main/java/org/apache/commons/collections4/collection/CompositeCollection.java,org.apache.commons.collections4.collection.CompositeCollection,addComposited/1[java.util.Collection<E>[]],all,1
/Users/larrymotuzis/Larry_Motuzis_Data/Project05_CommonsCollections/src/main/java/org/apache/commons/collections4/collection/CompositeCollection.java,org.apache.commons.collections4.collection.CompositeCollection,removeComposited/1[java.util.Collection<E>],all,1
/Users/larrymotuzis/Larry_Motuzis_Data/Project05_CommonsCollections/src/main/java/org/apache/commons/collections4/collection/CompositeCollection.java,org.apache.commons.collections4.collection.CompositeCollection,remove/1[java.lang.Object],all,1
/Users/larrymotuzis/Larry_Motuzis_Data/Project05_CommonsCollections/src/main/java/org/apache/commons/collections4/collection/CompositeCollection.java,org.apache.commons.collections4.collection.CompositeCollection,remove/1[java.lang.Object],mutator,2
/Users/larrymotuzis/Larry_Motuzis_Data/Project05_CommonsCollections/src/main/java/org/apache/commons/collections4/collection/CompositeCollection.java,org.apache.commons.collections4.collection.CompositeCollection,size/0,all,1
/Users/larrymotuzis/Larry_Motuzis_Data/Project05_CommonsCollections/src/main/java/org/apache/commons/collections4/collection/CompositeCollection.java,org.apache.commons.collections4.collection.CompositeCollection,clear/0,all,1
/Users/larrymotuzis/Larry_Motuzis_Data/Project05_CommonsCollections/src/main/java/org/apache/commons/collections4/collection/CompositeCollection.java,org.apache.commons.collections4.collection.CompositeCollection,toArray/1[T[]],all,1
/Users/larrymotuzis/Larry_Motuzis_Data/Project05_CommonsCollections/src/main/java/org/apache/commons/collections4/collection/CompositeCollection.java,org.apache.commons.collections4.collection.CompositeCollection,getMutator/0,mutator,1
/Users/larrymotuzis/Larry_Motuzis_Data/Project05_CommonsCollections/src/main/java/org/apache/commons/collections4/collection/CompositeCollection.java,org.apache.commons.collections4.collection.CompositeCollection,addAll/1[java.util.Collection<? extends E>],all,1
/Users/larrymotuzis/Larry_Motuzis_Data/Project05_CommonsCollections/src/main/java/org/apache/commons/collections4/collection/CompositeCollection.java,org.apache.commons.collections4.collection.CompositeCollection,addAll/1[java.util.Collection<? extends E>],mutator,2
/Users/larrymotuzis/Larry_Motuzis_Data/Project05_CommonsCollections/src/main/java/org/apache/commons/collections4/collection/CompositeCollection.java,org.apache.commons.collections4.collection.CompositeCollection,contains/1[java.lang.Object],all,1
/Users/larrymotuzis/Larry_Motuzis_Data/Project05_CommonsCollections/src/main/java/org/apache/commons/collections4/collection/CompositeCollection.java,org.apache.commons.collections4.collection.CompositeCollection,getCollections/0,all,1
/Users/larrymotuzis/Larry_Motuzis_Data/Project05_CommonsCollections/src/main/java/org/apache/commons/collections4/SetUtils.java,org.apache.commons.collections4.SetUtils,emptySortedSet/0,EMPTY_SORTED_SET,1
/Users/larrymotuzis/Larry_Motuzis_Data/Project05_CommonsCollections/src/main/java/org/apache/commons/collections4/map/AbstractLinkedMap.java,org.apache.commons.collections4.map.AbstractLinkedMap$LinkIterator,remove/0,parent,1
/Users/larrymotuzis/Larry_Motuzis_Data/Project05_CommonsCollections/src/main/java/org/apache/commons/collections4/map/AbstractLinkedMap.java,org.apache.commons.collections4.map.AbstractLinkedMap$LinkIterator,remove/0,last,3
/Users/larrymotuzis/Larry_Motuzis_Data/Project05_CommonsCollections/src/main/java/org/apache/commons/collections4/map/AbstractLinkedMap.java,org.apache.commons.collections4.map.AbstractLinkedMap$LinkIterator,remove/0,expectedModCount,2
/Users/larrymotuzis/Larry_Motuzis_Data/Project05_CommonsCollections/src/main/java/org/apache/commons/collections4/map/AbstractLinkedMap.java,org.apache.commons.collections4.map.AbstractLinkedMap$LinkIterator,toString/0,last,3
/Users/larrymotuzis/Larry_Motuzis_Data/Project05_CommonsCollections/src/main/java/org/apache/commons/collections4/map/AbstractLinkedMap.java,org.apache.commons.collections4.map.AbstractLinkedMap$LinkIterator,previousEntry/0,next,1
/Users/larrymotuzis/Larry_Motuzis_Data/Project05_CommonsCollections/src/main/java/org/apache/commons/collections4/map/AbstractLinkedMap.java,org.apache.commons.collections4.map.AbstractLinkedMap$LinkIterator,previousEntry/0,last,2
/Users/larrymotuzis/Larry_Motuzis_Data/Project05_CommonsCollections/src/main/java/org/apache/commons/collections4/map/AbstractLinkedMap.java,org.apache.commons.collections4.map.AbstractLinkedMap$LinkIterator,previousEntry/0,expectedModCount,1
/Users/larrymotuzis/Larry_Motuzis_Data/Project05_CommonsCollections/src/main/java/org/apache/commons/collections4/map/AbstractLinkedMap.java,org.apache.commons.collections4.map.AbstractLinkedMap$LinkIterator,currentEntry/0,last,1
/Users/larrymotuzis/Larry_Motuzis_Data/Project05_CommonsCollections/src/main/java/org/apache/commons/collections4/map/AbstractLinkedMap.java,org.apache.commons.collections4.map.AbstractLinkedMap$LinkIterator,hasNext/0,next,1
/Users/larrymotuzis/Larry_Motuzis_Data/Project05_CommonsCollections/src/main/java/org/apache/commons/collections4/map/AbstractLinkedMap.java,org.apache.commons.collections4.map.AbstractLinkedMap$LinkIterator,nextEntry/0,next,3
/Users/larrymotuzis/Larry_Motuzis_Data/Project05_CommonsCollections/src/main/java/org/apache/commons/collections4/map/AbstractLinkedMap.java,org.apache.commons.collections4.map.AbstractLinkedMap$LinkIterator,nextEntry/0,last,2
/Users/larrymotuzis/Larry_Motuzis_Data/Project05_CommonsCollections/src/main/java/org/apache/commons/collections4/map/AbstractLinkedMap.java,org.apache.commons.collections4.map.AbstractLinkedMap$LinkIterator,nextEntry/0,expectedModCount,1
/Users/larrymotuzis/Larry_Motuzis_Data/Project05_CommonsCollections/src/main/java/org/apache/commons/collections4/map/AbstractLinkedMap.java,org.apache.commons.collections4.map.AbstractLinkedMap$LinkIterator,reset/0,next,1
/Users/larrymotuzis/Larry_Motuzis_Data/Project05_CommonsCollections/src/main/java/org/apache/commons/collections4/map/AbstractLinkedMap.java,org.apache.commons.collections4.map.AbstractLinkedMap$LinkIterator,reset/0,last,1
/Users/larrymotuzis/Larry_Motuzis_Data/Project05_CommonsCollections/src/main/java/org/apache/commons/collections4/map/AbstractLinkedMap.java,org.apache.commons.collections4.map.AbstractLinkedMap$LinkIterator,"LinkIterator/1[org.apache.commons.collections4.map.AbstractLinkedMap<K,V>]",next,1
/Users/larrymotuzis/Larry_Motuzis_Data/Project05_CommonsCollections/src/main/java/org/apache/commons/collections4/map/AbstractLinkedMap.java,org.apache.commons.collections4.map.AbstractLinkedMap$LinkIterator,"LinkIterator/1[org.apache.commons.collections4.map.AbstractLinkedMap<K,V>]",parent,4
/Users/larrymotuzis/Larry_Motuzis_Data/Project05_CommonsCollections/src/main/java/org/apache/commons/collections4/map/AbstractLinkedMap.java,org.apache.commons.collections4.map.AbstractLinkedMap$LinkIterator,"LinkIterator/1[org.apache.commons.collections4.map.AbstractLinkedMap<K,V>]",expectedModCount,1
/Users/larrymotuzis/Larry_Motuzis_Data/Project05_CommonsCollections/src/main/java/org/apache/commons/collections4/iterators/ObjectGraphIterator.java,org.apache.commons.collections4.iterators.ObjectGraphIterator,remove/0,lastUsedIterator,3
/Users/larrymotuzis/Larry_Motuzis_Data/Project05_CommonsCollections/src/main/java/org/apache/commons/collections4/iterators/ObjectGraphIterator.java,org.apache.commons.collections4.iterators.ObjectGraphIterator,next/0,lastUsedIterator,1
/Users/larrymotuzis/Larry_Motuzis_Data/Project05_CommonsCollections/src/main/java/org/apache/commons/collections4/iterators/ObjectGraphIterator.java,org.apache.commons.collections4.iterators.ObjectGraphIterator,next/0,hasNext,2
/Users/larrymotuzis/Larry_Motuzis_Data/Project05_CommonsCollections/src/main/java/org/apache/commons/collections4/iterators/ObjectGraphIterator.java,org.apache.commons.collections4.iterators.ObjectGraphIterator,next/0,currentIterator,1
/Users/larrymotuzis/Larry_Motuzis_Data/Project05_CommonsCollections/src/main/java/org/apache/commons/collections4/iterators/ObjectGraphIterator.java,org.apache.commons.collections4.iterators.ObjectGraphIterator,next/0,currentValue,2
/Users/larrymotuzis/Larry_Motuzis_Data/Project05_CommonsCollections/src/main/java/org/apache/commons/collections4/iterators/ObjectGraphIterator.java,org.apache.commons.collections4.iterators.ObjectGraphIterator,findNextByIterator/1[java.util.Iterator<? extends E>],stack,3
/Users/larrymotuzis/Larry_Motuzis_Data/Project05_CommonsCollections/src/main/java/org/apache/commons/collections4/iterators/ObjectGraphIterator.java,org.apache.commons.collections4.iterators.ObjectGraphIterator,findNextByIterator/1[java.util.Iterator<? extends E>],transformer,2
/Users/larrymotuzis/Larry_Motuzis_Data/Project05_CommonsCollections/src/main/java/org/apache/commons/collections4/iterators/ObjectGraphIterator.java,org.apache.commons.collections4.iterators.ObjectGraphIterator,findNextByIterator/1[java.util.Iterator<? extends E>],currentIterator,8
/Users/larrymotuzis/Larry_Motuzis_Data/Project05_CommonsCollections/src/main/java/org/apache/commons/collections4/iterators/ObjectGraphIterator.java,org.apache.commons.collections4.iterators.ObjectGraphIterator,findNextByIterator/1[java.util.Iterator<? extends E>],hasNext,3
/Users/larrymotuzis/Larry_Motuzis_Data/Project05_CommonsCollections/src/main/java/org/apache/commons/collections4/iterators/ObjectGraphIterator.java,org.apache.commons.collections4.iterators.ObjectGraphIterator,updateCurrentIterator/0,root,4
/Users/larrymotuzis/Larry_Motuzis_Data/Project05_CommonsCollections/src/main/java/org/apache/commons/collections4/iterators/ObjectGraphIterator.java,org.apache.commons.collections4.iterators.ObjectGraphIterator,updateCurrentIterator/0,transformer,2
/Users/larrymotuzis/Larry_Motuzis_Data/Project05_CommonsCollections/src/main/java/org/apache/commons/collections4/iterators/ObjectGraphIterator.java,org.apache.commons.collections4.iterators.ObjectGraphIterator,updateCurrentIterator/0,hasNext,1
/Users/larrymotuzis/Larry_Motuzis_Data/Project05_CommonsCollections/src/main/java/org/apache/commons/collections4/iterators/ObjectGraphIterator.java,org.apache.commons.collections4.iterators.ObjectGraphIterator,updateCurrentIterator/0,currentIterator,2
/Users/larrymotuzis/Larry_Motuzis_Data/Project05_CommonsCollections/src/main/java/org/apache/commons/collections4/iterators/ObjectGraphIterator.java,org.apache.commons.collections4.iterators.ObjectGraphIterator,"ObjectGraphIterator/2[E,org.apache.commons.collections4.Transformer<? super E,? extends E>]",root,6
/Users/larrymotuzis/Larry_Motuzis_Data/Project05_CommonsCollections/src/main/java/org/apache/commons/collections4/iterators/ObjectGraphIterator.java,org.apache.commons.collections4.iterators.ObjectGraphIterator,"ObjectGraphIterator/2[E,org.apache.commons.collections4.Transformer<? super E,? extends E>]",transformer,4
/Users/larrymotuzis/Larry_Motuzis_Data/Project05_CommonsCollections/src/main/java/org/apache/commons/collections4/iterators/ObjectGraphIterator.java,org.apache.commons.collections4.iterators.ObjectGraphIterator,"ObjectGraphIterator/2[E,org.apache.commons.collections4.Transformer<? super E,? extends E>]",currentIterator,1
/Users/larrymotuzis/Larry_Motuzis_Data/Project05_CommonsCollections/src/main/java/org/apache/commons/collections4/iterators/ObjectGraphIterator.java,org.apache.commons.collections4.iterators.ObjectGraphIterator,hasNext/0,hasNext,2
/Users/larrymotuzis/Larry_Motuzis_Data/Project05_CommonsCollections/src/main/java/org/apache/commons/collections4/iterators/ObjectGraphIterator.java,org.apache.commons.collections4.iterators.ObjectGraphIterator,ObjectGraphIterator/1[java.util.Iterator<? extends E>],transformer,1
/Users/larrymotuzis/Larry_Motuzis_Data/Project05_CommonsCollections/src/main/java/org/apache/commons/collections4/iterators/ObjectGraphIterator.java,org.apache.commons.collections4.iterators.ObjectGraphIterator,ObjectGraphIterator/1[java.util.Iterator<? extends E>],currentIterator,1
/Users/larrymotuzis/Larry_Motuzis_Data/Project05_CommonsCollections/src/main/java/org/apache/commons/collections4/iterators/ObjectGraphIterator.java,org.apache.commons.collections4.iterators.ObjectGraphIterator,findNext/1[E],hasNext,1
/Users/larrymotuzis/Larry_Motuzis_Data/Project05_CommonsCollections/src/main/java/org/apache/commons/collections4/iterators/ObjectGraphIterator.java,org.apache.commons.collections4.iterators.ObjectGraphIterator,findNext/1[E],currentValue,1
/Users/larrymotuzis/Larry_Motuzis_Data/Project05_CommonsCollections/src/main/java/org/apache/commons/collections4/functors/SwitchClosure.java,org.apache.commons.collections4.functors.SwitchClosure,"SwitchClosure/4[boolean,org.apache.commons.collections4.Predicate<? super T>[],org.apache.commons.collections4.Closure<? super T>[],org.apache.commons.collections4.Closure<? super T>]",iClosures,1
/Users/larrymotuzis/Larry_Motuzis_Data/Project05_CommonsCollections/src/main/java/org/apache/commons/collections4/functors/SwitchClosure.java,org.apache.commons.collections4.functors.SwitchClosure,"SwitchClosure/4[boolean,org.apache.commons.collections4.Predicate<? super T>[],org.apache.commons.collections4.Closure<? super T>[],org.apache.commons.collections4.Closure<? super T>]",iPredicates,1
/Users/larrymotuzis/Larry_Motuzis_Data/Project05_CommonsCollections/src/main/java/org/apache/commons/collections4/functors/SwitchClosure.java,org.apache.commons.collections4.functors.SwitchClosure,"SwitchClosure/4[boolean,org.apache.commons.collections4.Predicate<? super T>[],org.apache.commons.collections4.Closure<? super T>[],org.apache.commons.collections4.Closure<? super T>]",iDefault,1
/Users/larrymotuzis/Larry_Motuzis_Data/Project05_CommonsCollections/src/main/java/org/apache/commons/collections4/functors/SwitchClosure.java,org.apache.commons.collections4.functors.SwitchClosure,getDefaultClosure/0,iDefault,1
/Users/larrymotuzis/Larry_Motuzis_Data/Project05_CommonsCollections/src/main/java/org/apache/commons/collections4/functors/SwitchClosure.java,org.apache.commons.collections4.functors.SwitchClosure,getPredicates/0,iPredicates,1
/Users/larrymotuzis/Larry_Motuzis_Data/Project05_CommonsCollections/src/main/java/org/apache/commons/collections4/functors/SwitchClosure.java,org.apache.commons.collections4.functors.SwitchClosure,execute/1[T],iClosures,1
/Users/larrymotuzis/Larry_Motuzis_Data/Project05_CommonsCollections/src/main/java/org/apache/commons/collections4/functors/SwitchClosure.java,org.apache.commons.collections4.functors.SwitchClosure,execute/1[T],iPredicates,1
/Users/larrymotuzis/Larry_Motuzis_Data/Project05_CommonsCollections/src/main/java/org/apache/commons/collections4/functors/SwitchClosure.java,org.apache.commons.collections4.functors.SwitchClosure,execute/1[T],iDefault,1
/Users/larrymotuzis/Larry_Motuzis_Data/Project05_CommonsCollections/src/main/java/org/apache/commons/collections4/functors/SwitchClosure.java,org.apache.commons.collections4.functors.SwitchClosure,getClosures/0,iClosures,1
/Users/larrymotuzis/Larry_Motuzis_Data/Project05_CommonsCollections/src/main/java/org/apache/commons/collections4/bloomfilter/LayeredBloomFilter.java,org.apache.commons.collections4.bloomfilter.LayeredBloomFilter,getShape/0,shape,1
/Users/larrymotuzis/Larry_Motuzis_Data/Project05_CommonsCollections/src/main/java/org/apache/commons/collections4/bloomfilter/LayeredBloomFilter.java,org.apache.commons.collections4.bloomfilter.LayeredBloomFilter,processBloomFilters/1[java.util.function.Predicate<org.apache.commons.collections4.bloomfilter.BloomFilter>],layerManager,1
/Users/larrymotuzis/Larry_Motuzis_Data/Project05_CommonsCollections/src/main/java/org/apache/commons/collections4/bloomfilter/LayeredBloomFilter.java,org.apache.commons.collections4.bloomfilter.LayeredBloomFilter,copy/0,shape,1
/Users/larrymotuzis/Larry_Motuzis_Data/Project05_CommonsCollections/src/main/java/org/apache/commons/collections4/bloomfilter/LayeredBloomFilter.java,org.apache.commons.collections4.bloomfilter.LayeredBloomFilter,copy/0,layerManager,1
/Users/larrymotuzis/Larry_Motuzis_Data/Project05_CommonsCollections/src/main/java/org/apache/commons/collections4/bloomfilter/LayeredBloomFilter.java,org.apache.commons.collections4.bloomfilter.LayeredBloomFilter,clear/0,layerManager,1
/Users/larrymotuzis/Larry_Motuzis_Data/Project05_CommonsCollections/src/main/java/org/apache/commons/collections4/bloomfilter/LayeredBloomFilter.java,org.apache.commons.collections4.bloomfilter.LayeredBloomFilter,find/1[org.apache.commons.collections4.bloomfilter.Hasher],shape,1
/Users/larrymotuzis/Larry_Motuzis_Data/Project05_CommonsCollections/src/main/java/org/apache/commons/collections4/bloomfilter/LayeredBloomFilter.java,org.apache.commons.collections4.bloomfilter.LayeredBloomFilter,find/1[org.apache.commons.collections4.bloomfilter.BitMapExtractor],shape,1
/Users/larrymotuzis/Larry_Motuzis_Data/Project05_CommonsCollections/src/main/java/org/apache/commons/collections4/bloomfilter/LayeredBloomFilter.java,org.apache.commons.collections4.bloomfilter.LayeredBloomFilter,createFilter/1[org.apache.commons.collections4.bloomfilter.IndexExtractor],shape,1
/Users/larrymotuzis/Larry_Motuzis_Data/Project05_CommonsCollections/src/main/java/org/apache/commons/collections4/bloomfilter/LayeredBloomFilter.java,org.apache.commons.collections4.bloomfilter.LayeredBloomFilter,getDepth/0,layerManager,1
/Users/larrymotuzis/Larry_Motuzis_Data/Project05_CommonsCollections/src/main/java/org/apache/commons/collections4/bloomfilter/LayeredBloomFilter.java,org.apache.commons.collections4.bloomfilter.LayeredBloomFilter,next/0,layerManager,1
/Users/larrymotuzis/Larry_Motuzis_Data/Project05_CommonsCollections/src/main/java/org/apache/commons/collections4/bloomfilter/LayeredBloomFilter.java,org.apache.commons.collections4.bloomfilter.LayeredBloomFilter,merge/1[org.apache.commons.collections4.bloomfilter.BitMapExtractor],layerManager,1
/Users/larrymotuzis/Larry_Motuzis_Data/Project05_CommonsCollections/src/main/java/org/apache/commons/collections4/bloomfilter/LayeredBloomFilter.java,org.apache.commons.collections4.bloomfilter.LayeredBloomFilter,flatten/0,shape,1
/Users/larrymotuzis/Larry_Motuzis_Data/Project05_CommonsCollections/src/main/java/org/apache/commons/collections4/bloomfilter/LayeredBloomFilter.java,org.apache.commons.collections4.bloomfilter.LayeredBloomFilter,createFilter/1[org.apache.commons.collections4.bloomfilter.Hasher],shape,1
/Users/larrymotuzis/Larry_Motuzis_Data/Project05_CommonsCollections/src/main/java/org/apache/commons/collections4/bloomfilter/LayeredBloomFilter.java,org.apache.commons.collections4.bloomfilter.LayeredBloomFilter,createFilter/1[org.apache.commons.collections4.bloomfilter.BitMapExtractor],shape,1
/Users/larrymotuzis/Larry_Motuzis_Data/Project05_CommonsCollections/src/main/java/org/apache/commons/collections4/bloomfilter/LayeredBloomFilter.java,org.apache.commons.collections4.bloomfilter.LayeredBloomFilter,get/1[int],layerManager,1
/Users/larrymotuzis/Larry_Motuzis_Data/Project05_CommonsCollections/src/main/java/org/apache/commons/collections4/bloomfilter/LayeredBloomFilter.java,org.apache.commons.collections4.bloomfilter.LayeredBloomFilter,"LayeredBloomFilter/2[org.apache.commons.collections4.bloomfilter.Shape,org.apache.commons.collections4.bloomfilter.LayerManager<T>]",shape,4
/Users/larrymotuzis/Larry_Motuzis_Data/Project05_CommonsCollections/src/main/java/org/apache/commons/collections4/bloomfilter/LayeredBloomFilter.java,org.apache.commons.collections4.bloomfilter.LayeredBloomFilter,"LayeredBloomFilter/2[org.apache.commons.collections4.bloomfilter.Shape,org.apache.commons.collections4.bloomfilter.LayerManager<T>]",layerManager,4
/Users/larrymotuzis/Larry_Motuzis_Data/Project05_CommonsCollections/src/main/java/org/apache/commons/collections4/bloomfilter/LayeredBloomFilter.java,org.apache.commons.collections4.bloomfilter.LayeredBloomFilter,cleanup/0,layerManager,1
/Users/larrymotuzis/Larry_Motuzis_Data/Project05_CommonsCollections/src/main/java/org/apache/commons/collections4/bloomfilter/LayeredBloomFilter.java,org.apache.commons.collections4.bloomfilter.LayeredBloomFilter,find/1[org.apache.commons.collections4.bloomfilter.IndexExtractor],shape,1
/Users/larrymotuzis/Larry_Motuzis_Data/Project05_CommonsCollections/src/main/java/org/apache/commons/collections4/bloomfilter/LayeredBloomFilter.java,org.apache.commons.collections4.bloomfilter.LayeredBloomFilter,merge/1[org.apache.commons.collections4.bloomfilter.IndexExtractor],layerManager,1
/Users/larrymotuzis/Larry_Motuzis_Data/Project05_CommonsCollections/src/main/java/org/apache/commons/collections4/bloomfilter/LayeredBloomFilter.java,org.apache.commons.collections4.bloomfilter.LayeredBloomFilter,merge/1[org.apache.commons.collections4.bloomfilter.BloomFilter],layerManager,1
/Users/larrymotuzis/Larry_Motuzis_Data/Project05_CommonsCollections/src/main/java/org/apache/commons/collections4/functors/ConstantFactory.java,org.apache.commons.collections4.functors.ConstantFactory,constantFactory/1[T],NULL_INSTANCE,1
/Users/larrymotuzis/Larry_Motuzis_Data/Project05_CommonsCollections/src/main/java/org/apache/commons/collections4/functors/ConstantFactory.java,org.apache.commons.collections4.functors.ConstantFactory,getConstant/0,iConstant,1
/Users/larrymotuzis/Larry_Motuzis_Data/Project05_CommonsCollections/src/main/java/org/apache/commons/collections4/functors/ConstantFactory.java,org.apache.commons.collections4.functors.ConstantFactory,create/0,iConstant,1
/Users/larrymotuzis/Larry_Motuzis_Data/Project05_CommonsCollections/src/main/java/org/apache/commons/collections4/functors/ConstantFactory.java,org.apache.commons.collections4.functors.ConstantFactory,ConstantFactory/1[T],iConstant,1
/Users/larrymotuzis/Larry_Motuzis_Data/Project05_CommonsCollections/src/main/java/org/apache/commons/collections4/comparators/ReverseComparator.java,org.apache.commons.collections4.comparators.ReverseComparator,hashCode/0,comparator,1
/Users/larrymotuzis/Larry_Motuzis_Data/Project05_CommonsCollections/src/main/java/org/apache/commons/collections4/comparators/ReverseComparator.java,org.apache.commons.collections4.comparators.ReverseComparator,equals/1[java.lang.Object],comparator,1
/Users/larrymotuzis/Larry_Motuzis_Data/Project05_CommonsCollections/src/main/java/org/apache/commons/collections4/comparators/ReverseComparator.java,org.apache.commons.collections4.comparators.ReverseComparator,ReverseComparator/1[java.util.Comparator<? super E>],comparator,5
/Users/larrymotuzis/Larry_Motuzis_Data/Project05_CommonsCollections/src/main/java/org/apache/commons/collections4/comparators/ReverseComparator.java,org.apache.commons.collections4.comparators.ReverseComparator,"compare/2[E,E]",comparator,1
/Users/larrymotuzis/Larry_Motuzis_Data/Project05_CommonsCollections/src/main/java/org/apache/commons/collections4/map/StaticBucketMap.java,org.apache.commons.collections4.map.StaticBucketMap$Node,getValue/0,value,1
/Users/larrymotuzis/Larry_Motuzis_Data/Project05_CommonsCollections/src/main/java/org/apache/commons/collections4/map/StaticBucketMap.java,org.apache.commons.collections4.map.StaticBucketMap$Node,equals/1[java.lang.Object],value,1
/Users/larrymotuzis/Larry_Motuzis_Data/Project05_CommonsCollections/src/main/java/org/apache/commons/collections4/map/StaticBucketMap.java,org.apache.commons.collections4.map.StaticBucketMap$Node,equals/1[java.lang.Object],key,1
/Users/larrymotuzis/Larry_Motuzis_Data/Project05_CommonsCollections/src/main/java/org/apache/commons/collections4/map/StaticBucketMap.java,org.apache.commons.collections4.map.StaticBucketMap$Node,setValue/1[V],value,4
/Users/larrymotuzis/Larry_Motuzis_Data/Project05_CommonsCollections/src/main/java/org/apache/commons/collections4/map/StaticBucketMap.java,org.apache.commons.collections4.map.StaticBucketMap$Node,hashCode/0,value,2
/Users/larrymotuzis/Larry_Motuzis_Data/Project05_CommonsCollections/src/main/java/org/apache/commons/collections4/map/StaticBucketMap.java,org.apache.commons.collections4.map.StaticBucketMap$Node,hashCode/0,key,2
/Users/larrymotuzis/Larry_Motuzis_Data/Project05_CommonsCollections/src/main/java/org/apache/commons/collections4/map/StaticBucketMap.java,org.apache.commons.collections4.map.StaticBucketMap$Node,getKey/0,key,1
/Users/larrymotuzis/Larry_Motuzis_Data/Project05_CommonsCollections/src/main/java/org/apache/commons/collections4/map/LRUMap.java,org.apache.commons.collections4.map.LRUMap,doReadObject/1[java.io.ObjectInputStream],maxSize,1
/Users/larrymotuzis/Larry_Motuzis_Data/Project05_CommonsCollections/src/main/java/org/apache/commons/collections4/map/LRUMap.java,org.apache.commons.collections4.map.LRUMap,LRUMap/1[int],maxSize,3
/Users/larrymotuzis/Larry_Motuzis_Data/Project05_CommonsCollections/src/main/java/org/apache/commons/collections4/map/LRUMap.java,org.apache.commons.collections4.map.LRUMap,"addMapping/4[int,int,K,V]",scanUntilRemovable,1
/Users/larrymotuzis/Larry_Motuzis_Data/Project05_CommonsCollections/src/main/java/org/apache/commons/collections4/map/LRUMap.java,org.apache.commons.collections4.map.LRUMap,"addMapping/4[int,int,K,V]",maxSize,2
/Users/larrymotuzis/Larry_Motuzis_Data/Project05_CommonsCollections/src/main/java/org/apache/commons/collections4/map/LRUMap.java,org.apache.commons.collections4.map.LRUMap,"LRUMap/4[int,int,float,boolean]",scanUntilRemovable,4
/Users/larrymotuzis/Larry_Motuzis_Data/Project05_CommonsCollections/src/main/java/org/apache/commons/collections4/map/LRUMap.java,org.apache.commons.collections4.map.LRUMap,"LRUMap/4[int,int,float,boolean]",maxSize,6
/Users/larrymotuzis/Larry_Motuzis_Data/Project05_CommonsCollections/src/main/java/org/apache/commons/collections4/map/LRUMap.java,org.apache.commons.collections4.map.LRUMap,"LRUMap/2[int,boolean]",scanUntilRemovable,3
/Users/larrymotuzis/Larry_Motuzis_Data/Project05_CommonsCollections/src/main/java/org/apache/commons/collections4/map/LRUMap.java,org.apache.commons.collections4.map.LRUMap,"LRUMap/2[int,boolean]",maxSize,3
/Users/larrymotuzis/Larry_Motuzis_Data/Project05_CommonsCollections/src/main/java/org/apache/commons/collections4/map/LRUMap.java,org.apache.commons.collections4.map.LRUMap,"LRUMap/2[int,float]",maxSize,3
/Users/larrymotuzis/Larry_Motuzis_Data/Project05_CommonsCollections/src/main/java/org/apache/commons/collections4/map/LRUMap.java,org.apache.commons.collections4.map.LRUMap,"LRUMap/3[int,int,float]",maxSize,3
/Users/larrymotuzis/Larry_Motuzis_Data/Project05_CommonsCollections/src/main/java/org/apache/commons/collections4/map/LRUMap.java,org.apache.commons.collections4.map.LRUMap,isFull/0,maxSize,1
/Users/larrymotuzis/Larry_Motuzis_Data/Project05_CommonsCollections/src/main/java/org/apache/commons/collections4/map/LRUMap.java,org.apache.commons.collections4.map.LRUMap,"LRUMap/2[java.util.Map<? extends K,? extends V>,boolean]",scanUntilRemovable,3
/Users/larrymotuzis/Larry_Motuzis_Data/Project05_CommonsCollections/src/main/java/org/apache/commons/collections4/map/LRUMap.java,org.apache.commons.collections4.map.LRUMap,"LRUMap/2[int,int]",maxSize,3
/Users/larrymotuzis/Larry_Motuzis_Data/Project05_CommonsCollections/src/main/java/org/apache/commons/collections4/map/LRUMap.java,org.apache.commons.collections4.map.LRUMap,isScanUntilRemovable/0,scanUntilRemovable,1
/Users/larrymotuzis/Larry_Motuzis_Data/Project05_CommonsCollections/src/main/java/org/apache/commons/collections4/map/LRUMap.java,org.apache.commons.collections4.map.LRUMap,maxSize/0,maxSize,2
/Users/larrymotuzis/Larry_Motuzis_Data/Project05_CommonsCollections/src/main/java/org/apache/commons/collections4/map/LRUMap.java,org.apache.commons.collections4.map.LRUMap,"LRUMap/3[int,float,boolean]",scanUntilRemovable,3
/Users/larrymotuzis/Larry_Motuzis_Data/Project05_CommonsCollections/src/main/java/org/apache/commons/collections4/map/LRUMap.java,org.apache.commons.collections4.map.LRUMap,"LRUMap/3[int,float,boolean]",maxSize,4
/Users/larrymotuzis/Larry_Motuzis_Data/Project05_CommonsCollections/src/main/java/org/apache/commons/collections4/map/LRUMap.java,org.apache.commons.collections4.map.LRUMap,doWriteObject/1[java.io.ObjectOutputStream],maxSize,1
/Users/larrymotuzis/Larry_Motuzis_Data/Project05_CommonsCollections/src/main/java/org/apache/commons/collections4/map/LRUMap.java,org.apache.commons.collections4.map.LRUMap,LRUMap/0,DEFAULT_MAX_SIZE,1
/Users/larrymotuzis/Larry_Motuzis_Data/Project05_CommonsCollections/src/main/java/org/apache/commons/collections4/map/LRUMap.java,org.apache.commons.collections4.map.LRUMap,"reuseMapping/5[org.apache.commons.collections4.map.AbstractLinkedMap.LinkEntry<K,V>,int,int,K,V]",maxSize,2
/Users/larrymotuzis/Larry_Motuzis_Data/Project05_CommonsCollections/src/main/java/org/apache/commons/collections4/list/AbstractLinkedListJava21.java,org.apache.commons.collections4.list.AbstractLinkedListJava21$LinkedSubListIterator,"LinkedSubListIterator/2[org.apache.commons.collections4.list.AbstractLinkedListJava21.LinkedSubList<E>,int]",sub,4
/Users/larrymotuzis/Larry_Motuzis_Data/Project05_CommonsCollections/src/main/java/org/apache/commons/collections4/iterators/UnmodifiableMapIterator.java,org.apache.commons.collections4.iterators.UnmodifiableMapIterator,getValue/0,iterator,1
/Users/larrymotuzis/Larry_Motuzis_Data/Project05_CommonsCollections/src/main/java/org/apache/commons/collections4/iterators/UnmodifiableMapIterator.java,org.apache.commons.collections4.iterators.UnmodifiableMapIterator,"UnmodifiableMapIterator/1[org.apache.commons.collections4.MapIterator<? extends K,? extends V>]",iterator,4
/Users/larrymotuzis/Larry_Motuzis_Data/Project05_CommonsCollections/src/main/java/org/apache/commons/collections4/iterators/UnmodifiableMapIterator.java,org.apache.commons.collections4.iterators.UnmodifiableMapIterator,next/0,iterator,1
/Users/larrymotuzis/Larry_Motuzis_Data/Project05_CommonsCollections/src/main/java/org/apache/commons/collections4/iterators/UnmodifiableMapIterator.java,org.apache.commons.collections4.iterators.UnmodifiableMapIterator,getKey/0,iterator,1
/Users/larrymotuzis/Larry_Motuzis_Data/Project05_CommonsCollections/src/main/java/org/apache/commons/collections4/iterators/UnmodifiableMapIterator.java,org.apache.commons.collections4.iterators.UnmodifiableMapIterator,hasNext/0,iterator,1
/Users/larrymotuzis/Larry_Motuzis_Data/Project05_CommonsCollections/src/main/java/org/apache/commons/collections4/iterators/UnmodifiableMapIterator.java,org.apache.commons.collections4.iterators.UnmodifiableMapIterator,"unmodifiableMapIterator/1[org.apache.commons.collections4.MapIterator<? extends K,? extends V>]",iterator,6
/Users/larrymotuzis/Larry_Motuzis_Data/Project05_CommonsCollections/src/main/java/org/apache/commons/collections4/functors/TransformerClosure.java,org.apache.commons.collections4.functors.TransformerClosure,execute/1[T],iTransformer,1
/Users/larrymotuzis/Larry_Motuzis_Data/Project05_CommonsCollections/src/main/java/org/apache/commons/collections4/functors/TransformerClosure.java,org.apache.commons.collections4.functors.TransformerClosure,"TransformerClosure/1[org.apache.commons.collections4.Transformer<? super T,?>]",iTransformer,1
/Users/larrymotuzis/Larry_Motuzis_Data/Project05_CommonsCollections/src/main/java/org/apache/commons/collections4/functors/TransformerClosure.java,org.apache.commons.collections4.functors.TransformerClosure,getTransformer/0,iTransformer,1
/Users/larrymotuzis/Larry_Motuzis_Data/Project05_CommonsCollections/src/main/java/org/apache/commons/collections4/multiset/AbstractMultiSet.java,org.apache.commons.collections4.multiset.AbstractMultiSet$UniqueSet,contains/1[java.lang.Object],parent,1
/Users/larrymotuzis/Larry_Motuzis_Data/Project05_CommonsCollections/src/main/java/org/apache/commons/collections4/multiset/AbstractMultiSet.java,org.apache.commons.collections4.multiset.AbstractMultiSet$UniqueSet,remove/1[java.lang.Object],parent,2
/Users/larrymotuzis/Larry_Motuzis_Data/Project05_CommonsCollections/src/main/java/org/apache/commons/collections4/multiset/AbstractMultiSet.java,org.apache.commons.collections4.multiset.AbstractMultiSet$UniqueSet,clear/0,parent,1
/Users/larrymotuzis/Larry_Motuzis_Data/Project05_CommonsCollections/src/main/java/org/apache/commons/collections4/multiset/AbstractMultiSet.java,org.apache.commons.collections4.multiset.AbstractMultiSet$UniqueSet,size/0,parent,1
/Users/larrymotuzis/Larry_Motuzis_Data/Project05_CommonsCollections/src/main/java/org/apache/commons/collections4/multiset/AbstractMultiSet.java,org.apache.commons.collections4.multiset.AbstractMultiSet$UniqueSet,UniqueSet/1[org.apache.commons.collections4.multiset.AbstractMultiSet<E>],parent,4
/Users/larrymotuzis/Larry_Motuzis_Data/Project05_CommonsCollections/src/main/java/org/apache/commons/collections4/multiset/AbstractMultiSet.java,org.apache.commons.collections4.multiset.AbstractMultiSet$UniqueSet,containsAll/1[java.util.Collection<?>],parent,1
/Users/larrymotuzis/Larry_Motuzis_Data/Project05_CommonsCollections/src/main/java/org/apache/commons/collections4/multiset/AbstractMultiSet.java,org.apache.commons.collections4.multiset.AbstractMultiSet$UniqueSet,iterator/0,parent,1
/Users/larrymotuzis/Larry_Motuzis_Data/Project05_CommonsCollections/src/main/java/org/apache/commons/collections4/functors/InstantiateFactory.java,org.apache.commons.collections4.functors.InstantiateFactory,findConstructor/0,iClassToInstantiate,1
/Users/larrymotuzis/Larry_Motuzis_Data/Project05_CommonsCollections/src/main/java/org/apache/commons/collections4/functors/InstantiateFactory.java,org.apache.commons.collections4.functors.InstantiateFactory,findConstructor/0,iConstructor,1
/Users/larrymotuzis/Larry_Motuzis_Data/Project05_CommonsCollections/src/main/java/org/apache/commons/collections4/functors/InstantiateFactory.java,org.apache.commons.collections4.functors.InstantiateFactory,findConstructor/0,iParamTypes,1
/Users/larrymotuzis/Larry_Motuzis_Data/Project05_CommonsCollections/src/main/java/org/apache/commons/collections4/functors/InstantiateFactory.java,org.apache.commons.collections4.functors.InstantiateFactory,"InstantiateFactory/3[java.lang.Class<T>,java.lang.Class<?>[],java.lang.Object[]]",iArgs,1
/Users/larrymotuzis/Larry_Motuzis_Data/Project05_CommonsCollections/src/main/java/org/apache/commons/collections4/functors/InstantiateFactory.java,org.apache.commons.collections4.functors.InstantiateFactory,"InstantiateFactory/3[java.lang.Class<T>,java.lang.Class<?>[],java.lang.Object[]]",iClassToInstantiate,1
/Users/larrymotuzis/Larry_Motuzis_Data/Project05_CommonsCollections/src/main/java/org/apache/commons/collections4/functors/InstantiateFactory.java,org.apache.commons.collections4.functors.InstantiateFactory,"InstantiateFactory/3[java.lang.Class<T>,java.lang.Class<?>[],java.lang.Object[]]",iParamTypes,1
/Users/larrymotuzis/Larry_Motuzis_Data/Project05_CommonsCollections/src/main/java/org/apache/commons/collections4/functors/InstantiateFactory.java,org.apache.commons.collections4.functors.InstantiateFactory,InstantiateFactory/1[java.lang.Class<T>],iArgs,1
/Users/larrymotuzis/Larry_Motuzis_Data/Project05_CommonsCollections/src/main/java/org/apache/commons/collections4/functors/InstantiateFactory.java,org.apache.commons.collections4.functors.InstantiateFactory,InstantiateFactory/1[java.lang.Class<T>],iClassToInstantiate,1
/Users/larrymotuzis/Larry_Motuzis_Data/Project05_CommonsCollections/src/main/java/org/apache/commons/collections4/functors/InstantiateFactory.java,org.apache.commons.collections4.functors.InstantiateFactory,InstantiateFactory/1[java.lang.Class<T>],iParamTypes,1
/Users/larrymotuzis/Larry_Motuzis_Data/Project05_CommonsCollections/src/main/java/org/apache/commons/collections4/functors/InstantiateFactory.java,org.apache.commons.collections4.functors.InstantiateFactory,create/0,iArgs,1
/Users/larrymotuzis/Larry_Motuzis_Data/Project05_CommonsCollections/src/main/java/org/apache/commons/collections4/functors/InstantiateFactory.java,org.apache.commons.collections4.functors.InstantiateFactory,create/0,iConstructor,2
/Users/larrymotuzis/Larry_Motuzis_Data/Project05_CommonsCollections/src/main/java/org/apache/commons/collections4/list/AbstractLinkedListJava21.java,org.apache.commons.collections4.list.AbstractLinkedListJava21$LinkedSubList,"add/2[int,E]",parent,1
/Users/larrymotuzis/Larry_Motuzis_Data/Project05_CommonsCollections/src/main/java/org/apache/commons/collections4/list/AbstractLinkedListJava21.java,org.apache.commons.collections4.list.AbstractLinkedListJava21$LinkedSubList,"add/2[int,E]",size,2
/Users/larrymotuzis/Larry_Motuzis_Data/Project05_CommonsCollections/src/main/java/org/apache/commons/collections4/list/AbstractLinkedListJava21.java,org.apache.commons.collections4.list.AbstractLinkedListJava21$LinkedSubList,"add/2[int,E]",offset,1
/Users/larrymotuzis/Larry_Motuzis_Data/Project05_CommonsCollections/src/main/java/org/apache/commons/collections4/list/AbstractLinkedListJava21.java,org.apache.commons.collections4.list.AbstractLinkedListJava21$LinkedSubList,"add/2[int,E]",expectedModCount,1
/Users/larrymotuzis/Larry_Motuzis_Data/Project05_CommonsCollections/src/main/java/org/apache/commons/collections4/list/AbstractLinkedListJava21.java,org.apache.commons.collections4.list.AbstractLinkedListJava21$LinkedSubList,get/1[int],parent,1
/Users/larrymotuzis/Larry_Motuzis_Data/Project05_CommonsCollections/src/main/java/org/apache/commons/collections4/list/AbstractLinkedListJava21.java,org.apache.commons.collections4.list.AbstractLinkedListJava21$LinkedSubList,get/1[int],size,1
/Users/larrymotuzis/Larry_Motuzis_Data/Project05_CommonsCollections/src/main/java/org/apache/commons/collections4/list/AbstractLinkedListJava21.java,org.apache.commons.collections4.list.AbstractLinkedListJava21$LinkedSubList,get/1[int],offset,1
/Users/larrymotuzis/Larry_Motuzis_Data/Project05_CommonsCollections/src/main/java/org/apache/commons/collections4/list/AbstractLinkedListJava21.java,org.apache.commons.collections4.list.AbstractLinkedListJava21$LinkedSubList,"subList/2[int,int]",parent,1
/Users/larrymotuzis/Larry_Motuzis_Data/Project05_CommonsCollections/src/main/java/org/apache/commons/collections4/list/AbstractLinkedListJava21.java,org.apache.commons.collections4.list.AbstractLinkedListJava21$LinkedSubList,"subList/2[int,int]",offset,2
/Users/larrymotuzis/Larry_Motuzis_Data/Project05_CommonsCollections/src/main/java/org/apache/commons/collections4/list/AbstractLinkedListJava21.java,org.apache.commons.collections4.list.AbstractLinkedListJava21$LinkedSubList,iterator/0,parent,1
/Users/larrymotuzis/Larry_Motuzis_Data/Project05_CommonsCollections/src/main/java/org/apache/commons/collections4/list/AbstractLinkedListJava21.java,org.apache.commons.collections4.list.AbstractLinkedListJava21$LinkedSubList,"set/2[int,E]",parent,1
/Users/larrymotuzis/Larry_Motuzis_Data/Project05_CommonsCollections/src/main/java/org/apache/commons/collections4/list/AbstractLinkedListJava21.java,org.apache.commons.collections4.list.AbstractLinkedListJava21$LinkedSubList,"set/2[int,E]",size,1
/Users/larrymotuzis/Larry_Motuzis_Data/Project05_CommonsCollections/src/main/java/org/apache/commons/collections4/list/AbstractLinkedListJava21.java,org.apache.commons.collections4.list.AbstractLinkedListJava21$LinkedSubList,"set/2[int,E]",offset,1
/Users/larrymotuzis/Larry_Motuzis_Data/Project05_CommonsCollections/src/main/java/org/apache/commons/collections4/list/AbstractLinkedListJava21.java,org.apache.commons.collections4.list.AbstractLinkedListJava21$LinkedSubList,"rangeCheck/2[int,int]",size,1
/Users/larrymotuzis/Larry_Motuzis_Data/Project05_CommonsCollections/src/main/java/org/apache/commons/collections4/list/AbstractLinkedListJava21.java,org.apache.commons.collections4.list.AbstractLinkedListJava21$LinkedSubList,addAll/1[java.util.Collection<? extends E>],size,1
/Users/larrymotuzis/Larry_Motuzis_Data/Project05_CommonsCollections/src/main/java/org/apache/commons/collections4/list/AbstractLinkedListJava21.java,org.apache.commons.collections4.list.AbstractLinkedListJava21$LinkedSubList,remove/1[int],parent,1
/Users/larrymotuzis/Larry_Motuzis_Data/Project05_CommonsCollections/src/main/java/org/apache/commons/collections4/list/AbstractLinkedListJava21.java,org.apache.commons.collections4.list.AbstractLinkedListJava21$LinkedSubList,remove/1[int],size,2
/Users/larrymotuzis/Larry_Motuzis_Data/Project05_CommonsCollections/src/main/java/org/apache/commons/collections4/list/AbstractLinkedListJava21.java,org.apache.commons.collections4.list.AbstractLinkedListJava21$LinkedSubList,remove/1[int],offset,1
/Users/larrymotuzis/Larry_Motuzis_Data/Project05_CommonsCollections/src/main/java/org/apache/commons/collections4/list/AbstractLinkedListJava21.java,org.apache.commons.collections4.list.AbstractLinkedListJava21$LinkedSubList,remove/1[int],expectedModCount,1
/Users/larrymotuzis/Larry_Motuzis_Data/Project05_CommonsCollections/src/main/java/org/apache/commons/collections4/list/AbstractLinkedListJava21.java,org.apache.commons.collections4.list.AbstractLinkedListJava21$LinkedSubList,"addAll/2[int,java.util.Collection<? extends E>]",parent,1
/Users/larrymotuzis/Larry_Motuzis_Data/Project05_CommonsCollections/src/main/java/org/apache/commons/collections4/list/AbstractLinkedListJava21.java,org.apache.commons.collections4.list.AbstractLinkedListJava21$LinkedSubList,"addAll/2[int,java.util.Collection<? extends E>]",size,3
/Users/larrymotuzis/Larry_Motuzis_Data/Project05_CommonsCollections/src/main/java/org/apache/commons/collections4/list/AbstractLinkedListJava21.java,org.apache.commons.collections4.list.AbstractLinkedListJava21$LinkedSubList,"addAll/2[int,java.util.Collection<? extends E>]",offset,1
/Users/larrymotuzis/Larry_Motuzis_Data/Project05_CommonsCollections/src/main/java/org/apache/commons/collections4/list/AbstractLinkedListJava21.java,org.apache.commons.collections4.list.AbstractLinkedListJava21$LinkedSubList,"addAll/2[int,java.util.Collection<? extends E>]",expectedModCount,1
/Users/larrymotuzis/Larry_Motuzis_Data/Project05_CommonsCollections/src/main/java/org/apache/commons/collections4/list/AbstractLinkedListJava21.java,org.apache.commons.collections4.list.AbstractLinkedListJava21$LinkedSubList,"LinkedSubList/3[org.apache.commons.collections4.list.AbstractLinkedListJava21<E>,int,int]",parent,5
/Users/larrymotuzis/Larry_Motuzis_Data/Project05_CommonsCollections/src/main/java/org/apache/commons/collections4/list/AbstractLinkedListJava21.java,org.apache.commons.collections4.list.AbstractLinkedListJava21$LinkedSubList,"LinkedSubList/3[org.apache.commons.collections4.list.AbstractLinkedListJava21<E>,int,int]",size,2
/Users/larrymotuzis/Larry_Motuzis_Data/Project05_CommonsCollections/src/main/java/org/apache/commons/collections4/list/AbstractLinkedListJava21.java,org.apache.commons.collections4.list.AbstractLinkedListJava21$LinkedSubList,"LinkedSubList/3[org.apache.commons.collections4.list.AbstractLinkedListJava21<E>,int,int]",offset,1
/Users/larrymotuzis/Larry_Motuzis_Data/Project05_CommonsCollections/src/main/java/org/apache/commons/collections4/list/AbstractLinkedListJava21.java,org.apache.commons.collections4.list.AbstractLinkedListJava21$LinkedSubList,"LinkedSubList/3[org.apache.commons.collections4.list.AbstractLinkedListJava21<E>,int,int]",expectedModCount,1
/Users/larrymotuzis/Larry_Motuzis_Data/Project05_CommonsCollections/src/main/java/org/apache/commons/collections4/list/AbstractLinkedListJava21.java,org.apache.commons.collections4.list.AbstractLinkedListJava21$LinkedSubList,size/0,size,2
/Users/larrymotuzis/Larry_Motuzis_Data/Project05_CommonsCollections/src/main/java/org/apache/commons/collections4/list/AbstractLinkedListJava21.java,org.apache.commons.collections4.list.AbstractLinkedListJava21$LinkedSubList,checkModCount/0,expectedModCount,1
/Users/larrymotuzis/Larry_Motuzis_Data/Project05_CommonsCollections/src/main/java/org/apache/commons/collections4/list/AbstractLinkedListJava21.java,org.apache.commons.collections4.list.AbstractLinkedListJava21$LinkedSubList,listIterator/1[int],parent,1
/Users/larrymotuzis/Larry_Motuzis_Data/Project05_CommonsCollections/src/main/java/org/apache/commons/collections4/list/AbstractLinkedListJava21.java,org.apache.commons.collections4.list.AbstractLinkedListJava21$LinkedSubList,listIterator/1[int],size,1
/Users/larrymotuzis/Larry_Motuzis_Data/Project05_CommonsCollections/src/main/java/org/apache/commons/collections4/keyvalue/MultiKey.java,org.apache.commons.collections4.keyvalue.MultiKey,MultiKey/1[K[]],keys,3
/Users/larrymotuzis/Larry_Motuzis_Data/Project05_CommonsCollections/src/main/java/org/apache/commons/collections4/keyvalue/MultiKey.java,org.apache.commons.collections4.keyvalue.MultiKey,getKeys/0,keys,1
/Users/larrymotuzis/Larry_Motuzis_Data/Project05_CommonsCollections/src/main/java/org/apache/commons/collections4/keyvalue/MultiKey.java,org.apache.commons.collections4.keyvalue.MultiKey,calculateHashCode/1[java.lang.Object[]],keys,3
/Users/larrymotuzis/Larry_Motuzis_Data/Project05_CommonsCollections/src/main/java/org/apache/commons/collections4/keyvalue/MultiKey.java,org.apache.commons.collections4.keyvalue.MultiKey,calculateHashCode/1[java.lang.Object[]],hashCode,2
/Users/larrymotuzis/Larry_Motuzis_Data/Project05_CommonsCollections/src/main/java/org/apache/commons/collections4/keyvalue/MultiKey.java,org.apache.commons.collections4.keyvalue.MultiKey,toString/0,keys,1
/Users/larrymotuzis/Larry_Motuzis_Data/Project05_CommonsCollections/src/main/java/org/apache/commons/collections4/keyvalue/MultiKey.java,org.apache.commons.collections4.keyvalue.MultiKey,equals/1[java.lang.Object],keys,1
/Users/larrymotuzis/Larry_Motuzis_Data/Project05_CommonsCollections/src/main/java/org/apache/commons/collections4/keyvalue/MultiKey.java,org.apache.commons.collections4.keyvalue.MultiKey,getKey/1[int],keys,1
/Users/larrymotuzis/Larry_Motuzis_Data/Project05_CommonsCollections/src/main/java/org/apache/commons/collections4/keyvalue/MultiKey.java,org.apache.commons.collections4.keyvalue.MultiKey,hashCode/0,hashCode,2
/Users/larrymotuzis/Larry_Motuzis_Data/Project05_CommonsCollections/src/main/java/org/apache/commons/collections4/keyvalue/MultiKey.java,org.apache.commons.collections4.keyvalue.MultiKey,"MultiKey/2[K[],boolean]",keys,7
/Users/larrymotuzis/Larry_Motuzis_Data/Project05_CommonsCollections/src/main/java/org/apache/commons/collections4/keyvalue/MultiKey.java,org.apache.commons.collections4.keyvalue.MultiKey,readResolve/0,keys,1
/Users/larrymotuzis/Larry_Motuzis_Data/Project05_CommonsCollections/src/main/java/org/apache/commons/collections4/iterators/LazyIteratorChain.java,org.apache.commons.collections4.iterators.LazyIteratorChain,remove/0,lastUsedIterator,1
/Users/larrymotuzis/Larry_Motuzis_Data/Project05_CommonsCollections/src/main/java/org/apache/commons/collections4/iterators/LazyIteratorChain.java,org.apache.commons.collections4.iterators.LazyIteratorChain,remove/0,currentIterator,1
/Users/larrymotuzis/Larry_Motuzis_Data/Project05_CommonsCollections/src/main/java/org/apache/commons/collections4/iterators/LazyIteratorChain.java,org.apache.commons.collections4.iterators.LazyIteratorChain,next/0,lastUsedIterator,1
/Users/larrymotuzis/Larry_Motuzis_Data/Project05_CommonsCollections/src/main/java/org/apache/commons/collections4/iterators/LazyIteratorChain.java,org.apache.commons.collections4.iterators.LazyIteratorChain,next/0,currentIterator,2
/Users/larrymotuzis/Larry_Motuzis_Data/Project05_CommonsCollections/src/main/java/org/apache/commons/collections4/iterators/LazyIteratorChain.java,org.apache.commons.collections4.iterators.LazyIteratorChain,hasNext/0,lastUsedIterator,1
/Users/larrymotuzis/Larry_Motuzis_Data/Project05_CommonsCollections/src/main/java/org/apache/commons/collections4/iterators/LazyIteratorChain.java,org.apache.commons.collections4.iterators.LazyIteratorChain,hasNext/0,currentIterator,2
/Users/larrymotuzis/Larry_Motuzis_Data/Project05_CommonsCollections/src/main/java/org/apache/commons/collections4/iterators/LazyIteratorChain.java,org.apache.commons.collections4.iterators.LazyIteratorChain,updateCurrentIterator/0,lastUsedIterator,1
/Users/larrymotuzis/Larry_Motuzis_Data/Project05_CommonsCollections/src/main/java/org/apache/commons/collections4/iterators/LazyIteratorChain.java,org.apache.commons.collections4.iterators.LazyIteratorChain,updateCurrentIterator/0,chainExhausted,3
/Users/larrymotuzis/Larry_Motuzis_Data/Project05_CommonsCollections/src/main/java/org/apache/commons/collections4/iterators/LazyIteratorChain.java,org.apache.commons.collections4.iterators.LazyIteratorChain,updateCurrentIterator/0,currentIterator,6
/Users/larrymotuzis/Larry_Motuzis_Data/Project05_CommonsCollections/src/main/java/org/apache/commons/collections4/iterators/LazyIteratorChain.java,org.apache.commons.collections4.iterators.LazyIteratorChain,updateCurrentIterator/0,callCounter,3
/Users/larrymotuzis/Larry_Motuzis_Data/Project05_CommonsCollections/src/main/java/org/apache/commons/collections4/bloomfilter/LayeredBloomFilter.java,org.apache.commons.collections4.bloomfilter.LayeredBloomFilter$Finder,test/1[org.apache.commons.collections4.bloomfilter.BloomFilter],result,1
/Users/larrymotuzis/Larry_Motuzis_Data/Project05_CommonsCollections/src/main/java/org/apache/commons/collections4/bloomfilter/LayeredBloomFilter.java,org.apache.commons.collections4.bloomfilter.LayeredBloomFilter$Finder,test/1[org.apache.commons.collections4.bloomfilter.BloomFilter],bf,1
/Users/larrymotuzis/Larry_Motuzis_Data/Project05_CommonsCollections/src/main/java/org/apache/commons/collections4/bloomfilter/LayeredBloomFilter.java,org.apache.commons.collections4.bloomfilter.LayeredBloomFilter$Finder,test/1[org.apache.commons.collections4.bloomfilter.BloomFilter],resultIdx,1
/Users/larrymotuzis/Larry_Motuzis_Data/Project05_CommonsCollections/src/main/java/org/apache/commons/collections4/bloomfilter/LayeredBloomFilter.java,org.apache.commons.collections4.bloomfilter.LayeredBloomFilter$Finder,test/1[org.apache.commons.collections4.bloomfilter.BloomFilter],bfIdx,2
/Users/larrymotuzis/Larry_Motuzis_Data/Project05_CommonsCollections/src/main/java/org/apache/commons/collections4/bloomfilter/LayeredBloomFilter.java,org.apache.commons.collections4.bloomfilter.LayeredBloomFilter$Finder,Finder/1[org.apache.commons.collections4.bloomfilter.BloomFilter<?>],bf,3
/Users/larrymotuzis/Larry_Motuzis_Data/Project05_CommonsCollections/src/main/java/org/apache/commons/collections4/bloomfilter/LayeredBloomFilter.java,org.apache.commons.collections4.bloomfilter.LayeredBloomFilter$Finder,getResult/0,result,1
/Users/larrymotuzis/Larry_Motuzis_Data/Project05_CommonsCollections/src/main/java/org/apache/commons/collections4/bloomfilter/LayeredBloomFilter.java,org.apache.commons.collections4.bloomfilter.LayeredBloomFilter$Finder,getResult/0,resultIdx,1
/Users/larrymotuzis/Larry_Motuzis_Data/Project05_CommonsCollections/src/main/java/org/apache/commons/collections4/map/Flat3Map.java,org.apache.commons.collections4.map.Flat3Map$KeySet,clear/0,parent,1
/Users/larrymotuzis/Larry_Motuzis_Data/Project05_CommonsCollections/src/main/java/org/apache/commons/collections4/map/Flat3Map.java,org.apache.commons.collections4.map.Flat3Map$KeySet,contains/1[java.lang.Object],parent,1
/Users/larrymotuzis/Larry_Motuzis_Data/Project05_CommonsCollections/src/main/java/org/apache/commons/collections4/map/Flat3Map.java,org.apache.commons.collections4.map.Flat3Map$KeySet,iterator/0,parent,2
/Users/larrymotuzis/Larry_Motuzis_Data/Project05_CommonsCollections/src/main/java/org/apache/commons/collections4/map/Flat3Map.java,org.apache.commons.collections4.map.Flat3Map$KeySet,"KeySet/1[org.apache.commons.collections4.map.Flat3Map<K,?>]",parent,3
/Users/larrymotuzis/Larry_Motuzis_Data/Project05_CommonsCollections/src/main/java/org/apache/commons/collections4/map/Flat3Map.java,org.apache.commons.collections4.map.Flat3Map$KeySet,remove/1[java.lang.Object],parent,2
/Users/larrymotuzis/Larry_Motuzis_Data/Project05_CommonsCollections/src/main/java/org/apache/commons/collections4/map/Flat3Map.java,org.apache.commons.collections4.map.Flat3Map$KeySet,size/0,parent,1
/Users/larrymotuzis/Larry_Motuzis_Data/Project05_CommonsCollections/src/main/java/org/apache/commons/collections4/multimap/AbstractMultiValuedMap.java,org.apache.commons.collections4.multimap.AbstractMultiValuedMap$WrappedCollection,getMapping/0,key,1
/Users/larrymotuzis/Larry_Motuzis_Data/Project05_CommonsCollections/src/main/java/org/apache/commons/collections4/multimap/AbstractMultiValuedMap.java,org.apache.commons.collections4.multimap.AbstractMultiValuedMap$WrappedCollection,clear/0,key,1
/Users/larrymotuzis/Larry_Motuzis_Data/Project05_CommonsCollections/src/main/java/org/apache/commons/collections4/multimap/AbstractMultiValuedMap.java,org.apache.commons.collections4.multimap.AbstractMultiValuedMap$WrappedCollection,add/1[V],key,1
/Users/larrymotuzis/Larry_Motuzis_Data/Project05_CommonsCollections/src/main/java/org/apache/commons/collections4/multimap/AbstractMultiValuedMap.java,org.apache.commons.collections4.multimap.AbstractMultiValuedMap$WrappedCollection,iterator/0,key,1
/Users/larrymotuzis/Larry_Motuzis_Data/Project05_CommonsCollections/src/main/java/org/apache/commons/collections4/multimap/AbstractMultiValuedMap.java,org.apache.commons.collections4.multimap.AbstractMultiValuedMap$WrappedCollection,retainAll/1[java.util.Collection<?>],key,1
/Users/larrymotuzis/Larry_Motuzis_Data/Project05_CommonsCollections/src/main/java/org/apache/commons/collections4/multimap/AbstractMultiValuedMap.java,org.apache.commons.collections4.multimap.AbstractMultiValuedMap$WrappedCollection,remove/1[java.lang.Object],key,1
/Users/larrymotuzis/Larry_Motuzis_Data/Project05_CommonsCollections/src/main/java/org/apache/commons/collections4/multimap/AbstractMultiValuedMap.java,org.apache.commons.collections4.multimap.AbstractMultiValuedMap$WrappedCollection,addAll/1[java.util.Collection<? extends V>],key,1
/Users/larrymotuzis/Larry_Motuzis_Data/Project05_CommonsCollections/src/main/java/org/apache/commons/collections4/multimap/AbstractMultiValuedMap.java,org.apache.commons.collections4.multimap.AbstractMultiValuedMap$WrappedCollection,WrappedCollection/1[K],key,3
/Users/larrymotuzis/Larry_Motuzis_Data/Project05_CommonsCollections/src/main/java/org/apache/commons/collections4/multimap/AbstractMultiValuedMap.java,org.apache.commons.collections4.multimap.AbstractMultiValuedMap$WrappedCollection,removeAll/1[java.util.Collection<?>],key,1
/Users/larrymotuzis/Larry_Motuzis_Data/Project05_CommonsCollections/src/main/java/org/apache/commons/collections4/iterators/PeekingIterator.java,org.apache.commons.collections4.iterators.PeekingIterator,fill/0,iterator,2
/Users/larrymotuzis/Larry_Motuzis_Data/Project05_CommonsCollections/src/main/java/org/apache/commons/collections4/iterators/PeekingIterator.java,org.apache.commons.collections4.iterators.PeekingIterator,fill/0,exhausted,2
/Users/larrymotuzis/Larry_Motuzis_Data/Project05_CommonsCollections/src/main/java/org/apache/commons/collections4/iterators/PeekingIterator.java,org.apache.commons.collections4.iterators.PeekingIterator,fill/0,slot,2
/Users/larrymotuzis/Larry_Motuzis_Data/Project05_CommonsCollections/src/main/java/org/apache/commons/collections4/iterators/PeekingIterator.java,org.apache.commons.collections4.iterators.PeekingIterator,fill/0,slotFilled,3
/Users/larrymotuzis/Larry_Motuzis_Data/Project05_CommonsCollections/src/main/java/org/apache/commons/collections4/iterators/PeekingIterator.java,org.apache.commons.collections4.iterators.PeekingIterator,peekingIterator/1[java.util.Iterator<? extends E>],iterator,6
/Users/larrymotuzis/Larry_Motuzis_Data/Project05_CommonsCollections/src/main/java/org/apache/commons/collections4/iterators/PeekingIterator.java,org.apache.commons.collections4.iterators.PeekingIterator,peek/0,exhausted,1
/Users/larrymotuzis/Larry_Motuzis_Data/Project05_CommonsCollections/src/main/java/org/apache/commons/collections4/iterators/PeekingIterator.java,org.apache.commons.collections4.iterators.PeekingIterator,peek/0,slot,1
/Users/larrymotuzis/Larry_Motuzis_Data/Project05_CommonsCollections/src/main/java/org/apache/commons/collections4/iterators/PeekingIterator.java,org.apache.commons.collections4.iterators.PeekingIterator,element/0,exhausted,1
/Users/larrymotuzis/Larry_Motuzis_Data/Project05_CommonsCollections/src/main/java/org/apache/commons/collections4/iterators/PeekingIterator.java,org.apache.commons.collections4.iterators.PeekingIterator,element/0,slot,1
/Users/larrymotuzis/Larry_Motuzis_Data/Project05_CommonsCollections/src/main/java/org/apache/commons/collections4/iterators/PeekingIterator.java,org.apache.commons.collections4.iterators.PeekingIterator,hasNext/0,iterator,1
/Users/larrymotuzis/Larry_Motuzis_Data/Project05_CommonsCollections/src/main/java/org/apache/commons/collections4/iterators/PeekingIterator.java,org.apache.commons.collections4.iterators.PeekingIterator,hasNext/0,exhausted,1
/Users/larrymotuzis/Larry_Motuzis_Data/Project05_CommonsCollections/src/main/java/org/apache/commons/collections4/iterators/PeekingIterator.java,org.apache.commons.collections4.iterators.PeekingIterator,hasNext/0,slotFilled,1
/Users/larrymotuzis/Larry_Motuzis_Data/Project05_CommonsCollections/src/main/java/org/apache/commons/collections4/iterators/PeekingIterator.java,org.apache.commons.collections4.iterators.PeekingIterator,next/0,iterator,1
/Users/larrymotuzis/Larry_Motuzis_Data/Project05_CommonsCollections/src/main/java/org/apache/commons/collections4/iterators/PeekingIterator.java,org.apache.commons.collections4.iterators.PeekingIterator,next/0,slot,2
/Users/larrymotuzis/Larry_Motuzis_Data/Project05_CommonsCollections/src/main/java/org/apache/commons/collections4/iterators/PeekingIterator.java,org.apache.commons.collections4.iterators.PeekingIterator,next/0,slotFilled,2
/Users/larrymotuzis/Larry_Motuzis_Data/Project05_CommonsCollections/src/main/java/org/apache/commons/collections4/iterators/PeekingIterator.java,org.apache.commons.collections4.iterators.PeekingIterator,remove/0,iterator,1
/Users/larrymotuzis/Larry_Motuzis_Data/Project05_CommonsCollections/src/main/java/org/apache/commons/collections4/iterators/PeekingIterator.java,org.apache.commons.collections4.iterators.PeekingIterator,remove/0,slotFilled,1
/Users/larrymotuzis/Larry_Motuzis_Data/Project05_CommonsCollections/src/main/java/org/apache/commons/collections4/iterators/PeekingIterator.java,org.apache.commons.collections4.iterators.PeekingIterator,PeekingIterator/1[java.util.Iterator<? extends E>],iterator,4
/Users/larrymotuzis/Larry_Motuzis_Data/Project05_CommonsCollections/src/main/java/org/apache/commons/collections4/list/AbstractLinkedListJava21.java,org.apache.commons.collections4.list.AbstractLinkedListJava21$Node,Node/0,next,1
/Users/larrymotuzis/Larry_Motuzis_Data/Project05_CommonsCollections/src/main/java/org/apache/commons/collections4/list/AbstractLinkedListJava21.java,org.apache.commons.collections4.list.AbstractLinkedListJava21$Node,Node/0,previous,1
/Users/larrymotuzis/Larry_Motuzis_Data/Project05_CommonsCollections/src/main/java/org/apache/commons/collections4/list/AbstractLinkedListJava21.java,org.apache.commons.collections4.list.AbstractLinkedListJava21$Node,Node/1[E],value,4
/Users/larrymotuzis/Larry_Motuzis_Data/Project05_CommonsCollections/src/main/java/org/apache/commons/collections4/list/AbstractLinkedListJava21.java,org.apache.commons.collections4.list.AbstractLinkedListJava21$Node,getNextNode/0,next,1
/Users/larrymotuzis/Larry_Motuzis_Data/Project05_CommonsCollections/src/main/java/org/apache/commons/collections4/list/AbstractLinkedListJava21.java,org.apache.commons.collections4.list.AbstractLinkedListJava21$Node,getPreviousNode/0,previous,1
/Users/larrymotuzis/Larry_Motuzis_Data/Project05_CommonsCollections/src/main/java/org/apache/commons/collections4/list/AbstractLinkedListJava21.java,org.apache.commons.collections4.list.AbstractLinkedListJava21$Node,getValue/0,value,1
/Users/larrymotuzis/Larry_Motuzis_Data/Project05_CommonsCollections/src/main/java/org/apache/commons/collections4/list/AbstractLinkedListJava21.java,org.apache.commons.collections4.list.AbstractLinkedListJava21$Node,setNextNode/1[org.apache.commons.collections4.list.AbstractLinkedListJava21.Node<E>],next,4
/Users/larrymotuzis/Larry_Motuzis_Data/Project05_CommonsCollections/src/main/java/org/apache/commons/collections4/list/AbstractLinkedListJava21.java,org.apache.commons.collections4.list.AbstractLinkedListJava21$Node,"Node/3[org.apache.commons.collections4.list.AbstractLinkedListJava21.Node<E>,org.apache.commons.collections4.list.AbstractLinkedListJava21.Node<E>,E]",next,4
/Users/larrymotuzis/Larry_Motuzis_Data/Project05_CommonsCollections/src/main/java/org/apache/commons/collections4/list/AbstractLinkedListJava21.java,org.apache.commons.collections4.list.AbstractLinkedListJava21$Node,"Node/3[org.apache.commons.collections4.list.AbstractLinkedListJava21.Node<E>,org.apache.commons.collections4.list.AbstractLinkedListJava21.Node<E>,E]",previous,4
/Users/larrymotuzis/Larry_Motuzis_Data/Project05_CommonsCollections/src/main/java/org/apache/commons/collections4/list/AbstractLinkedListJava21.java,org.apache.commons.collections4.list.AbstractLinkedListJava21$Node,"Node/3[org.apache.commons.collections4.list.AbstractLinkedListJava21.Node<E>,org.apache.commons.collections4.list.AbstractLinkedListJava21.Node<E>,E]",value,4
/Users/larrymotuzis/Larry_Motuzis_Data/Project05_CommonsCollections/src/main/java/org/apache/commons/collections4/list/AbstractLinkedListJava21.java,org.apache.commons.collections4.list.AbstractLinkedListJava21$Node,setValue/1[E],value,4
/Users/larrymotuzis/Larry_Motuzis_Data/Project05_CommonsCollections/src/main/java/org/apache/commons/collections4/list/AbstractLinkedListJava21.java,org.apache.commons.collections4.list.AbstractLinkedListJava21$Node,setPreviousNode/1[org.apache.commons.collections4.list.AbstractLinkedListJava21.Node<E>],previous,4
/Users/larrymotuzis/Larry_Motuzis_Data/Project05_CommonsCollections/src/main/java/org/apache/commons/collections4/iterators/EmptyOrderedIterator.java,org.apache.commons.collections4.iterators.EmptyOrderedIterator,emptyOrderedIterator/0,INSTANCE,1
/Users/larrymotuzis/Larry_Motuzis_Data/Project05_CommonsCollections/src/main/java/org/apache/commons/collections4/functors/NullIsTruePredicate.java,org.apache.commons.collections4.functors.NullIsTruePredicate,NullIsTruePredicate/1[org.apache.commons.collections4.Predicate<? super T>],iPredicate,1
/Users/larrymotuzis/Larry_Motuzis_Data/Project05_CommonsCollections/src/main/java/org/apache/commons/collections4/functors/NullIsTruePredicate.java,org.apache.commons.collections4.functors.NullIsTruePredicate,test/1[T],iPredicate,1
/Users/larrymotuzis/Larry_Motuzis_Data/Project05_CommonsCollections/src/main/java/org/apache/commons/collections4/functors/NullIsTruePredicate.java,org.apache.commons.collections4.functors.NullIsTruePredicate,getPredicates/0,iPredicate,1
/Users/larrymotuzis/Larry_Motuzis_Data/Project05_CommonsCollections/src/main/java/org/apache/commons/collections4/multiset/AbstractMapMultiSet.java,org.apache.commons.collections4.multiset.AbstractMapMultiSet$MapBasedMultiSetIterator,remove/0,mods,1
/Users/larrymotuzis/Larry_Motuzis_Data/Project05_CommonsCollections/src/main/java/org/apache/commons/collections4/multiset/AbstractMapMultiSet.java,org.apache.commons.collections4.multiset.AbstractMapMultiSet$MapBasedMultiSetIterator,remove/0,canRemove,2
/Users/larrymotuzis/Larry_Motuzis_Data/Project05_CommonsCollections/src/main/java/org/apache/commons/collections4/multiset/AbstractMapMultiSet.java,org.apache.commons.collections4.multiset.AbstractMapMultiSet$MapBasedMultiSetIterator,remove/0,current,1
/Users/larrymotuzis/Larry_Motuzis_Data/Project05_CommonsCollections/src/main/java/org/apache/commons/collections4/multiset/AbstractMapMultiSet.java,org.apache.commons.collections4.multiset.AbstractMapMultiSet$MapBasedMultiSetIterator,remove/0,entryIterator,1
/Users/larrymotuzis/Larry_Motuzis_Data/Project05_CommonsCollections/src/main/java/org/apache/commons/collections4/multiset/AbstractMapMultiSet.java,org.apache.commons.collections4.multiset.AbstractMapMultiSet$MapBasedMultiSetIterator,hasNext/0,entryIterator,1
/Users/larrymotuzis/Larry_Motuzis_Data/Project05_CommonsCollections/src/main/java/org/apache/commons/collections4/multiset/AbstractMapMultiSet.java,org.apache.commons.collections4.multiset.AbstractMapMultiSet$MapBasedMultiSetIterator,hasNext/0,itemCount,1
/Users/larrymotuzis/Larry_Motuzis_Data/Project05_CommonsCollections/src/main/java/org/apache/commons/collections4/multiset/AbstractMapMultiSet.java,org.apache.commons.collections4.multiset.AbstractMapMultiSet$MapBasedMultiSetIterator,next/0,mods,1
/Users/larrymotuzis/Larry_Motuzis_Data/Project05_CommonsCollections/src/main/java/org/apache/commons/collections4/multiset/AbstractMapMultiSet.java,org.apache.commons.collections4.multiset.AbstractMapMultiSet$MapBasedMultiSetIterator,next/0,current,3
/Users/larrymotuzis/Larry_Motuzis_Data/Project05_CommonsCollections/src/main/java/org/apache/commons/collections4/multiset/AbstractMapMultiSet.java,org.apache.commons.collections4.multiset.AbstractMapMultiSet$MapBasedMultiSetIterator,next/0,canRemove,1
/Users/larrymotuzis/Larry_Motuzis_Data/Project05_CommonsCollections/src/main/java/org/apache/commons/collections4/multiset/AbstractMapMultiSet.java,org.apache.commons.collections4.multiset.AbstractMapMultiSet$MapBasedMultiSetIterator,next/0,entryIterator,1
/Users/larrymotuzis/Larry_Motuzis_Data/Project05_CommonsCollections/src/main/java/org/apache/commons/collections4/multiset/AbstractMapMultiSet.java,org.apache.commons.collections4.multiset.AbstractMapMultiSet$MapBasedMultiSetIterator,next/0,itemCount,3
/Users/larrymotuzis/Larry_Motuzis_Data/Project05_CommonsCollections/src/main/java/org/apache/commons/collections4/multiset/AbstractMapMultiSet.java,org.apache.commons.collections4.multiset.AbstractMapMultiSet$MapBasedMultiSetIterator,MapBasedMultiSetIterator/1[org.apache.commons.collections4.multiset.AbstractMapMultiSet<E>],parent,4
/Users/larrymotuzis/Larry_Motuzis_Data/Project05_CommonsCollections/src/main/java/org/apache/commons/collections4/multiset/AbstractMapMultiSet.java,org.apache.commons.collections4.multiset.AbstractMapMultiSet$MapBasedMultiSetIterator,MapBasedMultiSetIterator/1[org.apache.commons.collections4.multiset.AbstractMapMultiSet<E>],current,1
/Users/larrymotuzis/Larry_Motuzis_Data/Project05_CommonsCollections/src/main/java/org/apache/commons/collections4/multiset/AbstractMapMultiSet.java,org.apache.commons.collections4.multiset.AbstractMapMultiSet$MapBasedMultiSetIterator,MapBasedMultiSetIterator/1[org.apache.commons.collections4.multiset.AbstractMapMultiSet<E>],mods,1
/Users/larrymotuzis/Larry_Motuzis_Data/Project05_CommonsCollections/src/main/java/org/apache/commons/collections4/multiset/AbstractMapMultiSet.java,org.apache.commons.collections4.multiset.AbstractMapMultiSet$MapBasedMultiSetIterator,MapBasedMultiSetIterator/1[org.apache.commons.collections4.multiset.AbstractMapMultiSet<E>],canRemove,1
/Users/larrymotuzis/Larry_Motuzis_Data/Project05_CommonsCollections/src/main/java/org/apache/commons/collections4/multiset/AbstractMapMultiSet.java,org.apache.commons.collections4.multiset.AbstractMapMultiSet$MapBasedMultiSetIterator,MapBasedMultiSetIterator/1[org.apache.commons.collections4.multiset.AbstractMapMultiSet<E>],entryIterator,1
/Users/larrymotuzis/Larry_Motuzis_Data/Project05_CommonsCollections/src/main/java/org/apache/commons/collections4/map/AbstractHashedMap.java,org.apache.commons.collections4.map.AbstractHashedMap$KeySet,"KeySet/1[org.apache.commons.collections4.map.AbstractHashedMap<K,?>]",parent,4
/Users/larrymotuzis/Larry_Motuzis_Data/Project05_CommonsCollections/src/main/java/org/apache/commons/collections4/map/AbstractHashedMap.java,org.apache.commons.collections4.map.AbstractHashedMap$KeySet,iterator/0,parent,1
/Users/larrymotuzis/Larry_Motuzis_Data/Project05_CommonsCollections/src/main/java/org/apache/commons/collections4/map/AbstractHashedMap.java,org.apache.commons.collections4.map.AbstractHashedMap$KeySet,clear/0,parent,1
/Users/larrymotuzis/Larry_Motuzis_Data/Project05_CommonsCollections/src/main/java/org/apache/commons/collections4/map/AbstractHashedMap.java,org.apache.commons.collections4.map.AbstractHashedMap$KeySet,size/0,parent,1
/Users/larrymotuzis/Larry_Motuzis_Data/Project05_CommonsCollections/src/main/java/org/apache/commons/collections4/map/AbstractHashedMap.java,org.apache.commons.collections4.map.AbstractHashedMap$KeySet,contains/1[java.lang.Object],parent,1
/Users/larrymotuzis/Larry_Motuzis_Data/Project05_CommonsCollections/src/main/java/org/apache/commons/collections4/map/AbstractHashedMap.java,org.apache.commons.collections4.map.AbstractHashedMap$KeySet,remove/1[java.lang.Object],parent,2
/Users/larrymotuzis/Larry_Motuzis_Data/Project05_CommonsCollections/src/main/java/org/apache/commons/collections4/BagUtils.java,org.apache.commons.collections4.BagUtils,emptySortedBag/0,EMPTY_SORTED_BAG,1
/Users/larrymotuzis/Larry_Motuzis_Data/Project05_CommonsCollections/src/main/java/org/apache/commons/collections4/BagUtils.java,org.apache.commons.collections4.BagUtils,emptyBag/0,EMPTY_BAG,1
/Users/larrymotuzis/Larry_Motuzis_Data/Project05_CommonsCollections/src/main/java/org/apache/commons/collections4/keyvalue/AbstractKeyValue.java,org.apache.commons.collections4.keyvalue.AbstractKeyValue,getKey/0,key,1
/Users/larrymotuzis/Larry_Motuzis_Data/Project05_CommonsCollections/src/main/java/org/apache/commons/collections4/keyvalue/AbstractKeyValue.java,org.apache.commons.collections4.keyvalue.AbstractKeyValue,getValue/0,value,1
/Users/larrymotuzis/Larry_Motuzis_Data/Project05_CommonsCollections/src/main/java/org/apache/commons/collections4/keyvalue/AbstractKeyValue.java,org.apache.commons.collections4.keyvalue.AbstractKeyValue,"AbstractKeyValue/2[K,V]",value,4
/Users/larrymotuzis/Larry_Motuzis_Data/Project05_CommonsCollections/src/main/java/org/apache/commons/collections4/keyvalue/AbstractKeyValue.java,org.apache.commons.collections4.keyvalue.AbstractKeyValue,"AbstractKeyValue/2[K,V]",key,4
/Users/larrymotuzis/Larry_Motuzis_Data/Project05_CommonsCollections/src/main/java/org/apache/commons/collections4/keyvalue/AbstractKeyValue.java,org.apache.commons.collections4.keyvalue.AbstractKeyValue,setKey/1[K],key,5
/Users/larrymotuzis/Larry_Motuzis_Data/Project05_CommonsCollections/src/main/java/org/apache/commons/collections4/keyvalue/AbstractKeyValue.java,org.apache.commons.collections4.keyvalue.AbstractKeyValue,setValue/1[V],value,5
/Users/larrymotuzis/Larry_Motuzis_Data/Project05_CommonsCollections/src/main/java/org/apache/commons/collections4/bloomfilter/EnhancedDoubleHasher.java,org.apache.commons.collections4.bloomfilter.EnhancedDoubleHasher,getIncrement/0,increment,1
/Users/larrymotuzis/Larry_Motuzis_Data/Project05_CommonsCollections/src/main/java/org/apache/commons/collections4/bloomfilter/EnhancedDoubleHasher.java,org.apache.commons.collections4.bloomfilter.EnhancedDoubleHasher,getInitial/0,initial,1
/Users/larrymotuzis/Larry_Motuzis_Data/Project05_CommonsCollections/src/main/java/org/apache/commons/collections4/bloomfilter/EnhancedDoubleHasher.java,org.apache.commons.collections4.bloomfilter.EnhancedDoubleHasher,EnhancedDoubleHasher/1[byte[]],initial,1
/Users/larrymotuzis/Larry_Motuzis_Data/Project05_CommonsCollections/src/main/java/org/apache/commons/collections4/bloomfilter/EnhancedDoubleHasher.java,org.apache.commons.collections4.bloomfilter.EnhancedDoubleHasher,EnhancedDoubleHasher/1[byte[]],increment,1
/Users/larrymotuzis/Larry_Motuzis_Data/Project05_CommonsCollections/src/main/java/org/apache/commons/collections4/bloomfilter/EnhancedDoubleHasher.java,org.apache.commons.collections4.bloomfilter.EnhancedDoubleHasher,"EnhancedDoubleHasher/2[long,long]",initial,4
/Users/larrymotuzis/Larry_Motuzis_Data/Project05_CommonsCollections/src/main/java/org/apache/commons/collections4/bloomfilter/EnhancedDoubleHasher.java,org.apache.commons.collections4.bloomfilter.EnhancedDoubleHasher,"EnhancedDoubleHasher/2[long,long]",increment,4
/Users/larrymotuzis/Larry_Motuzis_Data/Project05_CommonsCollections/src/main/java/org/apache/commons/collections4/iterators/IteratorChain.java,org.apache.commons.collections4.iterators.IteratorChain,remove/0,lastUsedIterator,3
/Users/larrymotuzis/Larry_Motuzis_Data/Project05_CommonsCollections/src/main/java/org/apache/commons/collections4/iterators/IteratorChain.java,org.apache.commons.collections4.iterators.IteratorChain,size/0,iteratorQueue,1
/Users/larrymotuzis/Larry_Motuzis_Data/Project05_CommonsCollections/src/main/java/org/apache/commons/collections4/iterators/IteratorChain.java,org.apache.commons.collections4.iterators.IteratorChain,IteratorChain/1[java.util.Collection<? extends java.util.Iterator<? extends E>>],iteratorQueue,3
/Users/larrymotuzis/Larry_Motuzis_Data/Project05_CommonsCollections/src/main/java/org/apache/commons/collections4/iterators/IteratorChain.java,org.apache.commons.collections4.iterators.IteratorChain,lockChain/0,isLocked,2
/Users/larrymotuzis/Larry_Motuzis_Data/Project05_CommonsCollections/src/main/java/org/apache/commons/collections4/iterators/IteratorChain.java,org.apache.commons.collections4.iterators.IteratorChain,addIterator/1[java.util.Iterator<? extends E>],iteratorQueue,6
/Users/larrymotuzis/Larry_Motuzis_Data/Project05_CommonsCollections/src/main/java/org/apache/commons/collections4/iterators/IteratorChain.java,org.apache.commons.collections4.iterators.IteratorChain,next/0,cachedHasNextValue,2
/Users/larrymotuzis/Larry_Motuzis_Data/Project05_CommonsCollections/src/main/java/org/apache/commons/collections4/iterators/IteratorChain.java,org.apache.commons.collections4.iterators.IteratorChain,next/0,lastUsedIterator,1
/Users/larrymotuzis/Larry_Motuzis_Data/Project05_CommonsCollections/src/main/java/org/apache/commons/collections4/iterators/IteratorChain.java,org.apache.commons.collections4.iterators.IteratorChain,next/0,currentIterator,2
/Users/larrymotuzis/Larry_Motuzis_Data/Project05_CommonsCollections/src/main/java/org/apache/commons/collections4/iterators/IteratorChain.java,org.apache.commons.collections4.iterators.IteratorChain,isLocked/0,isLocked,2
/Users/larrymotuzis/Larry_Motuzis_Data/Project05_CommonsCollections/src/main/java/org/apache/commons/collections4/iterators/IteratorChain.java,org.apache.commons.collections4.iterators.IteratorChain,IteratorChain/1[java.util.Iterator<? extends E>[]],iteratorQueue,3
/Users/larrymotuzis/Larry_Motuzis_Data/Project05_CommonsCollections/src/main/java/org/apache/commons/collections4/iterators/IteratorChain.java,org.apache.commons.collections4.iterators.IteratorChain,updateCurrentIterator/0,cachedHasNextValue,2
/Users/larrymotuzis/Larry_Motuzis_Data/Project05_CommonsCollections/src/main/java/org/apache/commons/collections4/iterators/IteratorChain.java,org.apache.commons.collections4.iterators.IteratorChain,updateCurrentIterator/0,iteratorQueue,4
/Users/larrymotuzis/Larry_Motuzis_Data/Project05_CommonsCollections/src/main/java/org/apache/commons/collections4/iterators/IteratorChain.java,org.apache.commons.collections4.iterators.IteratorChain,updateCurrentIterator/0,currentIterator,5
/Users/larrymotuzis/Larry_Motuzis_Data/Project05_CommonsCollections/src/main/java/org/apache/commons/collections4/iterators/IteratorChain.java,org.apache.commons.collections4.iterators.IteratorChain,checkLocked/0,isLocked,1
/Users/larrymotuzis/Larry_Motuzis_Data/Project05_CommonsCollections/src/main/java/org/apache/commons/collections4/iterators/IteratorChain.java,org.apache.commons.collections4.iterators.IteratorChain,hasNext/0,cachedHasNextValue,2
/Users/larrymotuzis/Larry_Motuzis_Data/Project05_CommonsCollections/src/main/java/org/apache/commons/collections4/functors/ExceptionFactory.java,org.apache.commons.collections4.functors.ExceptionFactory,exceptionFactory/0,INSTANCE,1
/Users/larrymotuzis/Larry_Motuzis_Data/Project05_CommonsCollections/src/main/java/org/apache/commons/collections4/functors/ExceptionFactory.java,org.apache.commons.collections4.functors.ExceptionFactory,readResolve/0,INSTANCE,1
/Users/larrymotuzis/Larry_Motuzis_Data/Project05_CommonsCollections/src/main/java/org/apache/commons/collections4/functors/UniquePredicate.java,org.apache.commons.collections4.functors.UniquePredicate,test/1[T],iSet,1
/Users/larrymotuzis/Larry_Motuzis_Data/Project05_CommonsCollections/src/main/java/org/apache/commons/collections4/trie/AbstractPatriciaTrie.java,org.apache.commons.collections4.trie.AbstractPatriciaTrie$AbstractTrieIterator,AbstractTrieIterator/0,next,1
/Users/larrymotuzis/Larry_Motuzis_Data/Project05_CommonsCollections/src/main/java/org/apache/commons/collections4/trie/AbstractPatriciaTrie.java,org.apache.commons.collections4.trie.AbstractPatriciaTrie$AbstractTrieIterator,remove/0,current,3
/Users/larrymotuzis/Larry_Motuzis_Data/Project05_CommonsCollections/src/main/java/org/apache/commons/collections4/trie/AbstractPatriciaTrie.java,org.apache.commons.collections4.trie.AbstractPatriciaTrie$AbstractTrieIterator,remove/0,expectedModCount,2
/Users/larrymotuzis/Larry_Motuzis_Data/Project05_CommonsCollections/src/main/java/org/apache/commons/collections4/trie/AbstractPatriciaTrie.java,org.apache.commons.collections4.trie.AbstractPatriciaTrie$AbstractTrieIterator,hasNext/0,next,1
/Users/larrymotuzis/Larry_Motuzis_Data/Project05_CommonsCollections/src/main/java/org/apache/commons/collections4/trie/AbstractPatriciaTrie.java,org.apache.commons.collections4.trie.AbstractPatriciaTrie$AbstractTrieIterator,nextEntry/0,next,2
/Users/larrymotuzis/Larry_Motuzis_Data/Project05_CommonsCollections/src/main/java/org/apache/commons/collections4/trie/AbstractPatriciaTrie.java,org.apache.commons.collections4.trie.AbstractPatriciaTrie$AbstractTrieIterator,nextEntry/0,current,1
/Users/larrymotuzis/Larry_Motuzis_Data/Project05_CommonsCollections/src/main/java/org/apache/commons/collections4/trie/AbstractPatriciaTrie.java,org.apache.commons.collections4.trie.AbstractPatriciaTrie$AbstractTrieIterator,nextEntry/0,expectedModCount,1
/Users/larrymotuzis/Larry_Motuzis_Data/Project05_CommonsCollections/src/main/java/org/apache/commons/collections4/trie/AbstractPatriciaTrie.java,org.apache.commons.collections4.trie.AbstractPatriciaTrie$AbstractTrieIterator,"AbstractTrieIterator/1[org.apache.commons.collections4.trie.AbstractPatriciaTrie.TrieEntry<K,V>]",next,1
/Users/larrymotuzis/Larry_Motuzis_Data/Project05_CommonsCollections/src/main/java/org/apache/commons/collections4/bidimap/UnmodifiableBidiMap.java,org.apache.commons.collections4.bidimap.UnmodifiableBidiMap,inverseBidiMap/0,inverse,3
/Users/larrymotuzis/Larry_Motuzis_Data/Project05_CommonsCollections/src/main/java/org/apache/commons/collections4/trie/AbstractPatriciaTrie.java,org.apache.commons.collections4.trie.AbstractPatriciaTrie$PrefixRangeMap,fixup/0,toKey,4
/Users/larrymotuzis/Larry_Motuzis_Data/Project05_CommonsCollections/src/main/java/org/apache/commons/collections4/trie/AbstractPatriciaTrie.java,org.apache.commons.collections4.trie.AbstractPatriciaTrie$PrefixRangeMap,fixup/0,size,5
/Users/larrymotuzis/Larry_Motuzis_Data/Project05_CommonsCollections/src/main/java/org/apache/commons/collections4/trie/AbstractPatriciaTrie.java,org.apache.commons.collections4.trie.AbstractPatriciaTrie$PrefixRangeMap,fixup/0,expectedModCount,2
/Users/larrymotuzis/Larry_Motuzis_Data/Project05_CommonsCollections/src/main/java/org/apache/commons/collections4/trie/AbstractPatriciaTrie.java,org.apache.commons.collections4.trie.AbstractPatriciaTrie$PrefixRangeMap,fixup/0,fromKey,4
/Users/larrymotuzis/Larry_Motuzis_Data/Project05_CommonsCollections/src/main/java/org/apache/commons/collections4/trie/AbstractPatriciaTrie.java,org.apache.commons.collections4.trie.AbstractPatriciaTrie$PrefixRangeMap,inRange/1[K],offsetInBits,1
/Users/larrymotuzis/Larry_Motuzis_Data/Project05_CommonsCollections/src/main/java/org/apache/commons/collections4/trie/AbstractPatriciaTrie.java,org.apache.commons.collections4.trie.AbstractPatriciaTrie$PrefixRangeMap,inRange/1[K],lengthInBits,1
/Users/larrymotuzis/Larry_Motuzis_Data/Project05_CommonsCollections/src/main/java/org/apache/commons/collections4/trie/AbstractPatriciaTrie.java,org.apache.commons.collections4.trie.AbstractPatriciaTrie$PrefixRangeMap,inRange/1[K],prefix,1
/Users/larrymotuzis/Larry_Motuzis_Data/Project05_CommonsCollections/src/main/java/org/apache/commons/collections4/trie/AbstractPatriciaTrie.java,org.apache.commons.collections4.trie.AbstractPatriciaTrie$PrefixRangeMap,getFromKey/0,fromKey,1
/Users/larrymotuzis/Larry_Motuzis_Data/Project05_CommonsCollections/src/main/java/org/apache/commons/collections4/trie/AbstractPatriciaTrie.java,org.apache.commons.collections4.trie.AbstractPatriciaTrie$PrefixRangeMap,"inFromRange/2[K,boolean]",offsetInBits,1
/Users/larrymotuzis/Larry_Motuzis_Data/Project05_CommonsCollections/src/main/java/org/apache/commons/collections4/trie/AbstractPatriciaTrie.java,org.apache.commons.collections4.trie.AbstractPatriciaTrie$PrefixRangeMap,"inFromRange/2[K,boolean]",lengthInBits,1
/Users/larrymotuzis/Larry_Motuzis_Data/Project05_CommonsCollections/src/main/java/org/apache/commons/collections4/trie/AbstractPatriciaTrie.java,org.apache.commons.collections4.trie.AbstractPatriciaTrie$PrefixRangeMap,"inFromRange/2[K,boolean]",prefix,1
/Users/larrymotuzis/Larry_Motuzis_Data/Project05_CommonsCollections/src/main/java/org/apache/commons/collections4/trie/AbstractPatriciaTrie.java,org.apache.commons.collections4.trie.AbstractPatriciaTrie$PrefixRangeMap,firstKey/0,offsetInBits,1
/Users/larrymotuzis/Larry_Motuzis_Data/Project05_CommonsCollections/src/main/java/org/apache/commons/collections4/trie/AbstractPatriciaTrie.java,org.apache.commons.collections4.trie.AbstractPatriciaTrie$PrefixRangeMap,firstKey/0,lengthInBits,1
/Users/larrymotuzis/Larry_Motuzis_Data/Project05_CommonsCollections/src/main/java/org/apache/commons/collections4/trie/AbstractPatriciaTrie.java,org.apache.commons.collections4.trie.AbstractPatriciaTrie$PrefixRangeMap,firstKey/0,prefix,1
/Users/larrymotuzis/Larry_Motuzis_Data/Project05_CommonsCollections/src/main/java/org/apache/commons/collections4/trie/AbstractPatriciaTrie.java,org.apache.commons.collections4.trie.AbstractPatriciaTrie$PrefixRangeMap,firstKey/0,fromKey,2
/Users/larrymotuzis/Larry_Motuzis_Data/Project05_CommonsCollections/src/main/java/org/apache/commons/collections4/trie/AbstractPatriciaTrie.java,org.apache.commons.collections4.trie.AbstractPatriciaTrie$PrefixRangeMap,lastKey/0,offsetInBits,1
/Users/larrymotuzis/Larry_Motuzis_Data/Project05_CommonsCollections/src/main/java/org/apache/commons/collections4/trie/AbstractPatriciaTrie.java,org.apache.commons.collections4.trie.AbstractPatriciaTrie$PrefixRangeMap,lastKey/0,toKey,2
/Users/larrymotuzis/Larry_Motuzis_Data/Project05_CommonsCollections/src/main/java/org/apache/commons/collections4/trie/AbstractPatriciaTrie.java,org.apache.commons.collections4.trie.AbstractPatriciaTrie$PrefixRangeMap,lastKey/0,lengthInBits,1
/Users/larrymotuzis/Larry_Motuzis_Data/Project05_CommonsCollections/src/main/java/org/apache/commons/collections4/trie/AbstractPatriciaTrie.java,org.apache.commons.collections4.trie.AbstractPatriciaTrie$PrefixRangeMap,lastKey/0,prefix,1
/Users/larrymotuzis/Larry_Motuzis_Data/Project05_CommonsCollections/src/main/java/org/apache/commons/collections4/trie/AbstractPatriciaTrie.java,org.apache.commons.collections4.trie.AbstractPatriciaTrie$PrefixRangeMap,"inToRange/2[K,boolean]",offsetInBits,1
/Users/larrymotuzis/Larry_Motuzis_Data/Project05_CommonsCollections/src/main/java/org/apache/commons/collections4/trie/AbstractPatriciaTrie.java,org.apache.commons.collections4.trie.AbstractPatriciaTrie$PrefixRangeMap,"inToRange/2[K,boolean]",lengthInBits,1
/Users/larrymotuzis/Larry_Motuzis_Data/Project05_CommonsCollections/src/main/java/org/apache/commons/collections4/trie/AbstractPatriciaTrie.java,org.apache.commons.collections4.trie.AbstractPatriciaTrie$PrefixRangeMap,"inToRange/2[K,boolean]",prefix,1
/Users/larrymotuzis/Larry_Motuzis_Data/Project05_CommonsCollections/src/main/java/org/apache/commons/collections4/trie/AbstractPatriciaTrie.java,org.apache.commons.collections4.trie.AbstractPatriciaTrie$PrefixRangeMap,"createRangeMap/4[K,boolean,K,boolean]",toKey,2
/Users/larrymotuzis/Larry_Motuzis_Data/Project05_CommonsCollections/src/main/java/org/apache/commons/collections4/trie/AbstractPatriciaTrie.java,org.apache.commons.collections4.trie.AbstractPatriciaTrie$PrefixRangeMap,"createRangeMap/4[K,boolean,K,boolean]",fromKey,2
/Users/larrymotuzis/Larry_Motuzis_Data/Project05_CommonsCollections/src/main/java/org/apache/commons/collections4/trie/AbstractPatriciaTrie.java,org.apache.commons.collections4.trie.AbstractPatriciaTrie$PrefixRangeMap,getToKey/0,toKey,1
/Users/larrymotuzis/Larry_Motuzis_Data/Project05_CommonsCollections/src/main/java/org/apache/commons/collections4/trie/AbstractPatriciaTrie.java,org.apache.commons.collections4.trie.AbstractPatriciaTrie$PrefixRangeMap,"PrefixRangeMap/3[K,int,int]",offsetInBits,3
/Users/larrymotuzis/Larry_Motuzis_Data/Project05_CommonsCollections/src/main/java/org/apache/commons/collections4/trie/AbstractPatriciaTrie.java,org.apache.commons.collections4.trie.AbstractPatriciaTrie$PrefixRangeMap,"PrefixRangeMap/3[K,int,int]",lengthInBits,3
/Users/larrymotuzis/Larry_Motuzis_Data/Project05_CommonsCollections/src/main/java/org/apache/commons/collections4/trie/AbstractPatriciaTrie.java,org.apache.commons.collections4.trie.AbstractPatriciaTrie$PrefixRangeMap,"PrefixRangeMap/3[K,int,int]",prefix,3
/Users/larrymotuzis/Larry_Motuzis_Data/Project05_CommonsCollections/src/main/java/org/apache/commons/collections4/bidimap/TreeBidiMap.java,org.apache.commons.collections4.bidimap.TreeBidiMap$Inverse,keySet/0,inverseKeySet,3
/Users/larrymotuzis/Larry_Motuzis_Data/Project05_CommonsCollections/src/main/java/org/apache/commons/collections4/bidimap/TreeBidiMap.java,org.apache.commons.collections4.bidimap.TreeBidiMap$Inverse,entrySet/0,inverseEntrySet,3
/Users/larrymotuzis/Larry_Motuzis_Data/Project05_CommonsCollections/src/main/java/org/apache/commons/collections4/bidimap/TreeBidiMap.java,org.apache.commons.collections4.bidimap.TreeBidiMap$Inverse,values/0,inverseValuesSet,3
/Users/larrymotuzis/Larry_Motuzis_Data/Project05_CommonsCollections/src/main/java/org/apache/commons/collections4/multimap/AbstractMultiValuedMap.java,org.apache.commons.collections4.multimap.AbstractMultiValuedMap$EntryValues$Anonymous1,nextIterator/1[int],keyIterator,2
/Users/larrymotuzis/Larry_Motuzis_Data/Project05_CommonsCollections/src/main/java/org/apache/commons/collections4/list/AbstractLinkedList.java,org.apache.commons.collections4.list.AbstractLinkedList$LinkedListIterator,"LinkedListIterator/2[org.apache.commons.collections4.list.AbstractLinkedList<E>,int]",next,1
/Users/larrymotuzis/Larry_Motuzis_Data/Project05_CommonsCollections/src/main/java/org/apache/commons/collections4/list/AbstractLinkedList.java,org.apache.commons.collections4.list.AbstractLinkedList$LinkedListIterator,"LinkedListIterator/2[org.apache.commons.collections4.list.AbstractLinkedList<E>,int]",parent,5
/Users/larrymotuzis/Larry_Motuzis_Data/Project05_CommonsCollections/src/main/java/org/apache/commons/collections4/list/AbstractLinkedList.java,org.apache.commons.collections4.list.AbstractLinkedList$LinkedListIterator,"LinkedListIterator/2[org.apache.commons.collections4.list.AbstractLinkedList<E>,int]",expectedModCount,1
/Users/larrymotuzis/Larry_Motuzis_Data/Project05_CommonsCollections/src/main/java/org/apache/commons/collections4/list/AbstractLinkedList.java,org.apache.commons.collections4.list.AbstractLinkedList$LinkedListIterator,"LinkedListIterator/2[org.apache.commons.collections4.list.AbstractLinkedList<E>,int]",nextIndex,1
/Users/larrymotuzis/Larry_Motuzis_Data/Project05_CommonsCollections/src/main/java/org/apache/commons/collections4/list/AbstractLinkedList.java,org.apache.commons.collections4.list.AbstractLinkedList$LinkedListIterator,add/1[E],next,1
/Users/larrymotuzis/Larry_Motuzis_Data/Project05_CommonsCollections/src/main/java/org/apache/commons/collections4/list/AbstractLinkedList.java,org.apache.commons.collections4.list.AbstractLinkedList$LinkedListIterator,add/1[E],parent,1
/Users/larrymotuzis/Larry_Motuzis_Data/Project05_CommonsCollections/src/main/java/org/apache/commons/collections4/list/AbstractLinkedList.java,org.apache.commons.collections4.list.AbstractLinkedList$LinkedListIterator,add/1[E],current,1
/Users/larrymotuzis/Larry_Motuzis_Data/Project05_CommonsCollections/src/main/java/org/apache/commons/collections4/list/AbstractLinkedList.java,org.apache.commons.collections4.list.AbstractLinkedList$LinkedListIterator,add/1[E],expectedModCount,1
/Users/larrymotuzis/Larry_Motuzis_Data/Project05_CommonsCollections/src/main/java/org/apache/commons/collections4/list/AbstractLinkedList.java,org.apache.commons.collections4.list.AbstractLinkedList$LinkedListIterator,add/1[E],nextIndex,1
/Users/larrymotuzis/Larry_Motuzis_Data/Project05_CommonsCollections/src/main/java/org/apache/commons/collections4/list/AbstractLinkedList.java,org.apache.commons.collections4.list.AbstractLinkedList$LinkedListIterator,previous/0,next,3
/Users/larrymotuzis/Larry_Motuzis_Data/Project05_CommonsCollections/src/main/java/org/apache/commons/collections4/list/AbstractLinkedList.java,org.apache.commons.collections4.list.AbstractLinkedList$LinkedListIterator,previous/0,current,1
/Users/larrymotuzis/Larry_Motuzis_Data/Project05_CommonsCollections/src/main/java/org/apache/commons/collections4/list/AbstractLinkedList.java,org.apache.commons.collections4.list.AbstractLinkedList$LinkedListIterator,previous/0,nextIndex,1
/Users/larrymotuzis/Larry_Motuzis_Data/Project05_CommonsCollections/src/main/java/org/apache/commons/collections4/list/AbstractLinkedList.java,org.apache.commons.collections4.list.AbstractLinkedList$LinkedListIterator,hasNext/0,next,1
/Users/larrymotuzis/Larry_Motuzis_Data/Project05_CommonsCollections/src/main/java/org/apache/commons/collections4/list/AbstractLinkedList.java,org.apache.commons.collections4.list.AbstractLinkedList$LinkedListIterator,next/0,next,4
/Users/larrymotuzis/Larry_Motuzis_Data/Project05_CommonsCollections/src/main/java/org/apache/commons/collections4/list/AbstractLinkedList.java,org.apache.commons.collections4.list.AbstractLinkedList$LinkedListIterator,next/0,current,1
/Users/larrymotuzis/Larry_Motuzis_Data/Project05_CommonsCollections/src/main/java/org/apache/commons/collections4/list/AbstractLinkedList.java,org.apache.commons.collections4.list.AbstractLinkedList$LinkedListIterator,next/0,nextIndex,2
/Users/larrymotuzis/Larry_Motuzis_Data/Project05_CommonsCollections/src/main/java/org/apache/commons/collections4/list/AbstractLinkedList.java,org.apache.commons.collections4.list.AbstractLinkedList$LinkedListIterator,previousIndex/0,nextIndex,1
/Users/larrymotuzis/Larry_Motuzis_Data/Project05_CommonsCollections/src/main/java/org/apache/commons/collections4/list/AbstractLinkedList.java,org.apache.commons.collections4.list.AbstractLinkedList$LinkedListIterator,remove/0,next,2
/Users/larrymotuzis/Larry_Motuzis_Data/Project05_CommonsCollections/src/main/java/org/apache/commons/collections4/list/AbstractLinkedList.java,org.apache.commons.collections4.list.AbstractLinkedList$LinkedListIterator,remove/0,parent,2
/Users/larrymotuzis/Larry_Motuzis_Data/Project05_CommonsCollections/src/main/java/org/apache/commons/collections4/list/AbstractLinkedList.java,org.apache.commons.collections4.list.AbstractLinkedList$LinkedListIterator,remove/0,current,2
/Users/larrymotuzis/Larry_Motuzis_Data/Project05_CommonsCollections/src/main/java/org/apache/commons/collections4/list/AbstractLinkedList.java,org.apache.commons.collections4.list.AbstractLinkedList$LinkedListIterator,remove/0,expectedModCount,1
/Users/larrymotuzis/Larry_Motuzis_Data/Project05_CommonsCollections/src/main/java/org/apache/commons/collections4/list/AbstractLinkedList.java,org.apache.commons.collections4.list.AbstractLinkedList$LinkedListIterator,remove/0,nextIndex,1
/Users/larrymotuzis/Larry_Motuzis_Data/Project05_CommonsCollections/src/main/java/org/apache/commons/collections4/list/AbstractLinkedList.java,org.apache.commons.collections4.list.AbstractLinkedList$LinkedListIterator,getLastNodeReturned/0,next,1
/Users/larrymotuzis/Larry_Motuzis_Data/Project05_CommonsCollections/src/main/java/org/apache/commons/collections4/list/AbstractLinkedList.java,org.apache.commons.collections4.list.AbstractLinkedList$LinkedListIterator,getLastNodeReturned/0,current,2
/Users/larrymotuzis/Larry_Motuzis_Data/Project05_CommonsCollections/src/main/java/org/apache/commons/collections4/list/AbstractLinkedList.java,org.apache.commons.collections4.list.AbstractLinkedList$LinkedListIterator,nextIndex/0,nextIndex,2
/Users/larrymotuzis/Larry_Motuzis_Data/Project05_CommonsCollections/src/main/java/org/apache/commons/collections4/list/AbstractLinkedList.java,org.apache.commons.collections4.list.AbstractLinkedList$LinkedListIterator,checkModCount/0,expectedModCount,1
/Users/larrymotuzis/Larry_Motuzis_Data/Project05_CommonsCollections/src/main/java/org/apache/commons/collections4/iterators/ZippingIterator.java,org.apache.commons.collections4.iterators.ZippingIterator,remove/0,lastReturned,3
/Users/larrymotuzis/Larry_Motuzis_Data/Project05_CommonsCollections/src/main/java/org/apache/commons/collections4/iterators/ZippingIterator.java,org.apache.commons.collections4.iterators.ZippingIterator,hasNext/0,iterators,3
/Users/larrymotuzis/Larry_Motuzis_Data/Project05_CommonsCollections/src/main/java/org/apache/commons/collections4/iterators/ZippingIterator.java,org.apache.commons.collections4.iterators.ZippingIterator,hasNext/0,nextIterator,2
/Users/larrymotuzis/Larry_Motuzis_Data/Project05_CommonsCollections/src/main/java/org/apache/commons/collections4/iterators/ZippingIterator.java,org.apache.commons.collections4.iterators.ZippingIterator,ZippingIterator/1[java.util.Iterator<? extends E>[]],iterators,4
/Users/larrymotuzis/Larry_Motuzis_Data/Project05_CommonsCollections/src/main/java/org/apache/commons/collections4/iterators/ZippingIterator.java,org.apache.commons.collections4.iterators.ZippingIterator,next/0,lastReturned,1
/Users/larrymotuzis/Larry_Motuzis_Data/Project05_CommonsCollections/src/main/java/org/apache/commons/collections4/iterators/ZippingIterator.java,org.apache.commons.collections4.iterators.ZippingIterator,next/0,nextIterator,3
/Users/larrymotuzis/Larry_Motuzis_Data/Project05_CommonsCollections/src/main/java/org/apache/commons/collections4/map/AbstractHashedMap.java,org.apache.commons.collections4.map.AbstractHashedMap$EntrySet,iterator/0,parent,1
/Users/larrymotuzis/Larry_Motuzis_Data/Project05_CommonsCollections/src/main/java/org/apache/commons/collections4/map/AbstractHashedMap.java,org.apache.commons.collections4.map.AbstractHashedMap$EntrySet,clear/0,parent,1
/Users/larrymotuzis/Larry_Motuzis_Data/Project05_CommonsCollections/src/main/java/org/apache/commons/collections4/map/AbstractHashedMap.java,org.apache.commons.collections4.map.AbstractHashedMap$EntrySet,"EntrySet/1[org.apache.commons.collections4.map.AbstractHashedMap<K,V>]",parent,4
/Users/larrymotuzis/Larry_Motuzis_Data/Project05_CommonsCollections/src/main/java/org/apache/commons/collections4/map/AbstractHashedMap.java,org.apache.commons.collections4.map.AbstractHashedMap$EntrySet,contains/1[java.lang.Object],parent,1
/Users/larrymotuzis/Larry_Motuzis_Data/Project05_CommonsCollections/src/main/java/org/apache/commons/collections4/map/AbstractHashedMap.java,org.apache.commons.collections4.map.AbstractHashedMap$EntrySet,size/0,parent,1
/Users/larrymotuzis/Larry_Motuzis_Data/Project05_CommonsCollections/src/main/java/org/apache/commons/collections4/map/AbstractHashedMap.java,org.apache.commons.collections4.map.AbstractHashedMap$EntrySet,remove/1[java.lang.Object],parent,1
/Users/larrymotuzis/Larry_Motuzis_Data/Project05_CommonsCollections/src/main/java/org/apache/commons/collections4/map/ConcurrentReferenceHashMap.java,org.apache.commons.collections4.map.ConcurrentReferenceHashMap$CachedEntryIterator,next/0,entry,1
/Users/larrymotuzis/Larry_Motuzis_Data/Project05_CommonsCollections/src/main/java/org/apache/commons/collections4/trie/analyzer/StringKeyAnalyzer.java,org.apache.commons.collections4.trie.analyzer.StringKeyAnalyzer,mask/1[int],MSB,1
/Users/larrymotuzis/Larry_Motuzis_Data/Project05_CommonsCollections/src/main/java/org/apache/commons/collections4/trie/analyzer/StringKeyAnalyzer.java,org.apache.commons.collections4.trie.analyzer.StringKeyAnalyzer,bitsPerElement/0,LENGTH,1
/Users/larrymotuzis/Larry_Motuzis_Data/Project05_CommonsCollections/src/main/java/org/apache/commons/collections4/trie/analyzer/StringKeyAnalyzer.java,org.apache.commons.collections4.trie.analyzer.StringKeyAnalyzer,"isBitSet/3[java.lang.String,int,int]",LENGTH,2
/Users/larrymotuzis/Larry_Motuzis_Data/Project05_CommonsCollections/src/main/java/org/apache/commons/collections4/trie/analyzer/StringKeyAnalyzer.java,org.apache.commons.collections4.trie.analyzer.StringKeyAnalyzer,lengthInBits/1[java.lang.String],LENGTH,1
/Users/larrymotuzis/Larry_Motuzis_Data/Project05_CommonsCollections/src/main/java/org/apache/commons/collections4/trie/analyzer/StringKeyAnalyzer.java,org.apache.commons.collections4.trie.analyzer.StringKeyAnalyzer,"bitIndex/6[java.lang.String,int,int,java.lang.String,int,int]",LENGTH,10
/Users/larrymotuzis/Larry_Motuzis_Data/Project05_CommonsCollections/src/main/java/org/apache/commons/collections4/trie/analyzer/StringKeyAnalyzer.java,org.apache.commons.collections4.trie.analyzer.StringKeyAnalyzer,StringKeyAnalyzer/0,INSTANCE,1
/Users/larrymotuzis/Larry_Motuzis_Data/Project05_CommonsCollections/src/main/java/org/apache/commons/collections4/trie/analyzer/StringKeyAnalyzer.java,org.apache.commons.collections4.trie.analyzer.StringKeyAnalyzer,"isPrefix/4[java.lang.String,int,int,java.lang.String]",LENGTH,4
/Users/larrymotuzis/Larry_Motuzis_Data/Project05_CommonsCollections/src/main/java/org/apache/commons/collections4/trie/AbstractPatriciaTrie.java,org.apache.commons.collections4.trie.AbstractPatriciaTrie$PrefixRangeEntrySet$EntryIterator,"findNext/1[org.apache.commons.collections4.trie.AbstractPatriciaTrie.TrieEntry<K,V>]",subtree,1
/Users/larrymotuzis/Larry_Motuzis_Data/Project05_CommonsCollections/src/main/java/org/apache/commons/collections4/trie/AbstractPatriciaTrie.java,org.apache.commons.collections4.trie.AbstractPatriciaTrie$PrefixRangeEntrySet$EntryIterator,next/0,lastOne,1
/Users/larrymotuzis/Larry_Motuzis_Data/Project05_CommonsCollections/src/main/java/org/apache/commons/collections4/trie/AbstractPatriciaTrie.java,org.apache.commons.collections4.trie.AbstractPatriciaTrie$PrefixRangeEntrySet$EntryIterator,remove/0,subtree,3
/Users/larrymotuzis/Larry_Motuzis_Data/Project05_CommonsCollections/src/main/java/org/apache/commons/collections4/trie/AbstractPatriciaTrie.java,org.apache.commons.collections4.trie.AbstractPatriciaTrie$PrefixRangeEntrySet$EntryIterator,remove/0,lastOne,1
/Users/larrymotuzis/Larry_Motuzis_Data/Project05_CommonsCollections/src/main/java/org/apache/commons/collections4/trie/AbstractPatriciaTrie.java,org.apache.commons.collections4.trie.AbstractPatriciaTrie$PrefixRangeEntrySet$EntryIterator,remove/0,lengthInBits,2
/Users/larrymotuzis/Larry_Motuzis_Data/Project05_CommonsCollections/src/main/java/org/apache/commons/collections4/trie/AbstractPatriciaTrie.java,org.apache.commons.collections4.trie.AbstractPatriciaTrie$PrefixRangeEntrySet$EntryIterator,remove/0,offset,1
/Users/larrymotuzis/Larry_Motuzis_Data/Project05_CommonsCollections/src/main/java/org/apache/commons/collections4/trie/AbstractPatriciaTrie.java,org.apache.commons.collections4.trie.AbstractPatriciaTrie$PrefixRangeEntrySet$EntryIterator,remove/0,prefix,1
/Users/larrymotuzis/Larry_Motuzis_Data/Project05_CommonsCollections/src/main/java/org/apache/commons/collections4/trie/AbstractPatriciaTrie.java,org.apache.commons.collections4.trie.AbstractPatriciaTrie$PrefixRangeEntrySet$EntryIterator,"EntryIterator/4[org.apache.commons.collections4.trie.AbstractPatriciaTrie.TrieEntry<K,V>,K,int,int]",subtree,1
/Users/larrymotuzis/Larry_Motuzis_Data/Project05_CommonsCollections/src/main/java/org/apache/commons/collections4/trie/AbstractPatriciaTrie.java,org.apache.commons.collections4.trie.AbstractPatriciaTrie$PrefixRangeEntrySet$EntryIterator,"EntryIterator/4[org.apache.commons.collections4.trie.AbstractPatriciaTrie.TrieEntry<K,V>,K,int,int]",lengthInBits,3
/Users/larrymotuzis/Larry_Motuzis_Data/Project05_CommonsCollections/src/main/java/org/apache/commons/collections4/trie/AbstractPatriciaTrie.java,org.apache.commons.collections4.trie.AbstractPatriciaTrie$PrefixRangeEntrySet$EntryIterator,"EntryIterator/4[org.apache.commons.collections4.trie.AbstractPatriciaTrie.TrieEntry<K,V>,K,int,int]",offset,3
/Users/larrymotuzis/Larry_Motuzis_Data/Project05_CommonsCollections/src/main/java/org/apache/commons/collections4/trie/AbstractPatriciaTrie.java,org.apache.commons.collections4.trie.AbstractPatriciaTrie$PrefixRangeEntrySet$EntryIterator,"EntryIterator/4[org.apache.commons.collections4.trie.AbstractPatriciaTrie.TrieEntry<K,V>,K,int,int]",prefix,3
/Users/larrymotuzis/Larry_Motuzis_Data/Project05_CommonsCollections/src/main/java/org/apache/commons/collections4/trie/AbstractPatriciaTrie.java,org.apache.commons.collections4.trie.AbstractPatriciaTrie$PrefixRangeEntrySet,iterator/0,expectedModCount,2
/Users/larrymotuzis/Larry_Motuzis_Data/Project05_CommonsCollections/src/main/java/org/apache/commons/collections4/trie/AbstractPatriciaTrie.java,org.apache.commons.collections4.trie.AbstractPatriciaTrie$PrefixRangeEntrySet,iterator/0,prefixStart,4
/Users/larrymotuzis/Larry_Motuzis_Data/Project05_CommonsCollections/src/main/java/org/apache/commons/collections4/trie/AbstractPatriciaTrie.java,org.apache.commons.collections4.trie.AbstractPatriciaTrie$PrefixRangeEntrySet,"PrefixRangeEntrySet/1[org.apache.commons.collections4.trie.AbstractPatriciaTrie<K,V>.PrefixRangeMap]",delegate,4
/Users/larrymotuzis/Larry_Motuzis_Data/Project05_CommonsCollections/src/main/java/org/apache/commons/collections4/trie/AbstractPatriciaTrie.java,org.apache.commons.collections4.trie.AbstractPatriciaTrie$PrefixRangeEntrySet,size/0,delegate,1
/Users/larrymotuzis/Larry_Motuzis_Data/Project05_CommonsCollections/src/main/java/org/apache/commons/collections4/collection/PredicatedCollection.java,org.apache.commons.collections4.collection.PredicatedCollection$Builder,add/1[E],predicate,1
/Users/larrymotuzis/Larry_Motuzis_Data/Project05_CommonsCollections/src/main/java/org/apache/commons/collections4/collection/PredicatedCollection.java,org.apache.commons.collections4.collection.PredicatedCollection$Builder,add/1[E],rejected,1
/Users/larrymotuzis/Larry_Motuzis_Data/Project05_CommonsCollections/src/main/java/org/apache/commons/collections4/collection/PredicatedCollection.java,org.apache.commons.collections4.collection.PredicatedCollection$Builder,add/1[E],accepted,1
/Users/larrymotuzis/Larry_Motuzis_Data/Project05_CommonsCollections/src/main/java/org/apache/commons/collections4/collection/PredicatedCollection.java,org.apache.commons.collections4.collection.PredicatedCollection$Builder,createPredicatedList/1[java.util.List<E>],predicate,1
/Users/larrymotuzis/Larry_Motuzis_Data/Project05_CommonsCollections/src/main/java/org/apache/commons/collections4/collection/PredicatedCollection.java,org.apache.commons.collections4.collection.PredicatedCollection$Builder,createPredicatedList/1[java.util.List<E>],accepted,1
/Users/larrymotuzis/Larry_Motuzis_Data/Project05_CommonsCollections/src/main/java/org/apache/commons/collections4/collection/PredicatedCollection.java,org.apache.commons.collections4.collection.PredicatedCollection$Builder,createPredicatedSet/1[java.util.Set<E>],predicate,1
/Users/larrymotuzis/Larry_Motuzis_Data/Project05_CommonsCollections/src/main/java/org/apache/commons/collections4/collection/PredicatedCollection.java,org.apache.commons.collections4.collection.PredicatedCollection$Builder,createPredicatedSet/1[java.util.Set<E>],accepted,1
/Users/larrymotuzis/Larry_Motuzis_Data/Project05_CommonsCollections/src/main/java/org/apache/commons/collections4/collection/PredicatedCollection.java,org.apache.commons.collections4.collection.PredicatedCollection$Builder,createPredicatedQueue/1[java.util.Queue<E>],predicate,1
/Users/larrymotuzis/Larry_Motuzis_Data/Project05_CommonsCollections/src/main/java/org/apache/commons/collections4/collection/PredicatedCollection.java,org.apache.commons.collections4.collection.PredicatedCollection$Builder,createPredicatedQueue/1[java.util.Queue<E>],accepted,1
/Users/larrymotuzis/Larry_Motuzis_Data/Project05_CommonsCollections/src/main/java/org/apache/commons/collections4/collection/PredicatedCollection.java,org.apache.commons.collections4.collection.PredicatedCollection$Builder,Builder/1[org.apache.commons.collections4.Predicate<? super E>],predicate,4
/Users/larrymotuzis/Larry_Motuzis_Data/Project05_CommonsCollections/src/main/java/org/apache/commons/collections4/collection/PredicatedCollection.java,org.apache.commons.collections4.collection.PredicatedCollection$Builder,createPredicatedMultiSet/1[org.apache.commons.collections4.MultiSet<E>],predicate,1
/Users/larrymotuzis/Larry_Motuzis_Data/Project05_CommonsCollections/src/main/java/org/apache/commons/collections4/collection/PredicatedCollection.java,org.apache.commons.collections4.collection.PredicatedCollection$Builder,createPredicatedMultiSet/1[org.apache.commons.collections4.MultiSet<E>],accepted,1
/Users/larrymotuzis/Larry_Motuzis_Data/Project05_CommonsCollections/src/main/java/org/apache/commons/collections4/collection/PredicatedCollection.java,org.apache.commons.collections4.collection.PredicatedCollection$Builder,createPredicatedBag/1[org.apache.commons.collections4.Bag<E>],predicate,1
/Users/larrymotuzis/Larry_Motuzis_Data/Project05_CommonsCollections/src/main/java/org/apache/commons/collections4/collection/PredicatedCollection.java,org.apache.commons.collections4.collection.PredicatedCollection$Builder,createPredicatedBag/1[org.apache.commons.collections4.Bag<E>],accepted,1
/Users/larrymotuzis/Larry_Motuzis_Data/Project05_CommonsCollections/src/main/java/org/apache/commons/collections4/collection/PredicatedCollection.java,org.apache.commons.collections4.collection.PredicatedCollection$Builder,rejectedElements/0,rejected,1
/Users/larrymotuzis/Larry_Motuzis_Data/Project05_CommonsCollections/src/main/java/org/apache/commons/collections4/multimap/ArrayListValuedHashMap.java,org.apache.commons.collections4.multimap.ArrayListValuedHashMap,ArrayListValuedHashMap/1[int],initialListCapacity,3
/Users/larrymotuzis/Larry_Motuzis_Data/Project05_CommonsCollections/src/main/java/org/apache/commons/collections4/multimap/ArrayListValuedHashMap.java,org.apache.commons.collections4.multimap.ArrayListValuedHashMap,ArrayListValuedHashMap/1[int],DEFAULT_INITIAL_MAP_CAPACITY,1
/Users/larrymotuzis/Larry_Motuzis_Data/Project05_CommonsCollections/src/main/java/org/apache/commons/collections4/multimap/ArrayListValuedHashMap.java,org.apache.commons.collections4.multimap.ArrayListValuedHashMap,"ArrayListValuedHashMap/2[int,int]",initialListCapacity,4
/Users/larrymotuzis/Larry_Motuzis_Data/Project05_CommonsCollections/src/main/java/org/apache/commons/collections4/multimap/ArrayListValuedHashMap.java,org.apache.commons.collections4.multimap.ArrayListValuedHashMap,"ArrayListValuedHashMap/1[org.apache.commons.collections4.MultiValuedMap<? extends K,? extends V>]",DEFAULT_INITIAL_LIST_CAPACITY,1
/Users/larrymotuzis/Larry_Motuzis_Data/Project05_CommonsCollections/src/main/java/org/apache/commons/collections4/multimap/ArrayListValuedHashMap.java,org.apache.commons.collections4.multimap.ArrayListValuedHashMap,"ArrayListValuedHashMap/1[java.util.Map<? extends K,? extends V>]",DEFAULT_INITIAL_LIST_CAPACITY,1
/Users/larrymotuzis/Larry_Motuzis_Data/Project05_CommonsCollections/src/main/java/org/apache/commons/collections4/multimap/ArrayListValuedHashMap.java,org.apache.commons.collections4.multimap.ArrayListValuedHashMap,createCollection/0,initialListCapacity,1
/Users/larrymotuzis/Larry_Motuzis_Data/Project05_CommonsCollections/src/main/java/org/apache/commons/collections4/multimap/ArrayListValuedHashMap.java,org.apache.commons.collections4.multimap.ArrayListValuedHashMap,ArrayListValuedHashMap/0,DEFAULT_INITIAL_MAP_CAPACITY,1
/Users/larrymotuzis/Larry_Motuzis_Data/Project05_CommonsCollections/src/main/java/org/apache/commons/collections4/multimap/ArrayListValuedHashMap.java,org.apache.commons.collections4.multimap.ArrayListValuedHashMap,ArrayListValuedHashMap/0,DEFAULT_INITIAL_LIST_CAPACITY,1
/Users/larrymotuzis/Larry_Motuzis_Data/Project05_CommonsCollections/src/main/java/org/apache/commons/collections4/queue/CircularFifoQueue.java,org.apache.commons.collections4.queue.CircularFifoQueue,maxSize/0,maxElements,1
/Users/larrymotuzis/Larry_Motuzis_Data/Project05_CommonsCollections/src/main/java/org/apache/commons/collections4/queue/CircularFifoQueue.java,org.apache.commons.collections4.queue.CircularFifoQueue,peek/0,elements,1
/Users/larrymotuzis/Larry_Motuzis_Data/Project05_CommonsCollections/src/main/java/org/apache/commons/collections4/queue/CircularFifoQueue.java,org.apache.commons.collections4.queue.CircularFifoQueue,peek/0,start,1
/Users/larrymotuzis/Larry_Motuzis_Data/Project05_CommonsCollections/src/main/java/org/apache/commons/collections4/queue/CircularFifoQueue.java,org.apache.commons.collections4.queue.CircularFifoQueue,isAtFullCapacity/0,maxElements,1
/Users/larrymotuzis/Larry_Motuzis_Data/Project05_CommonsCollections/src/main/java/org/apache/commons/collections4/queue/CircularFifoQueue.java,org.apache.commons.collections4.queue.CircularFifoQueue,get/1[int],elements,1
/Users/larrymotuzis/Larry_Motuzis_Data/Project05_CommonsCollections/src/main/java/org/apache/commons/collections4/queue/CircularFifoQueue.java,org.apache.commons.collections4.queue.CircularFifoQueue,get/1[int],start,1
/Users/larrymotuzis/Larry_Motuzis_Data/Project05_CommonsCollections/src/main/java/org/apache/commons/collections4/queue/CircularFifoQueue.java,org.apache.commons.collections4.queue.CircularFifoQueue,get/1[int],maxElements,1
/Users/larrymotuzis/Larry_Motuzis_Data/Project05_CommonsCollections/src/main/java/org/apache/commons/collections4/queue/CircularFifoQueue.java,org.apache.commons.collections4.queue.CircularFifoQueue,CircularFifoQueue/1[int],elements,1
/Users/larrymotuzis/Larry_Motuzis_Data/Project05_CommonsCollections/src/main/java/org/apache/commons/collections4/queue/CircularFifoQueue.java,org.apache.commons.collections4.queue.CircularFifoQueue,CircularFifoQueue/1[int],maxElements,1
/Users/larrymotuzis/Larry_Motuzis_Data/Project05_CommonsCollections/src/main/java/org/apache/commons/collections4/queue/CircularFifoQueue.java,org.apache.commons.collections4.queue.CircularFifoQueue,add/1[E],elements,1
/Users/larrymotuzis/Larry_Motuzis_Data/Project05_CommonsCollections/src/main/java/org/apache/commons/collections4/queue/CircularFifoQueue.java,org.apache.commons.collections4.queue.CircularFifoQueue,add/1[E],maxElements,1
/Users/larrymotuzis/Larry_Motuzis_Data/Project05_CommonsCollections/src/main/java/org/apache/commons/collections4/queue/CircularFifoQueue.java,org.apache.commons.collections4.queue.CircularFifoQueue,add/1[E],start,1
/Users/larrymotuzis/Larry_Motuzis_Data/Project05_CommonsCollections/src/main/java/org/apache/commons/collections4/queue/CircularFifoQueue.java,org.apache.commons.collections4.queue.CircularFifoQueue,add/1[E],end,4
/Users/larrymotuzis/Larry_Motuzis_Data/Project05_CommonsCollections/src/main/java/org/apache/commons/collections4/queue/CircularFifoQueue.java,org.apache.commons.collections4.queue.CircularFifoQueue,add/1[E],full,1
/Users/larrymotuzis/Larry_Motuzis_Data/Project05_CommonsCollections/src/main/java/org/apache/commons/collections4/queue/CircularFifoQueue.java,org.apache.commons.collections4.queue.CircularFifoQueue,readObject/1[java.io.ObjectInputStream],elements,2
/Users/larrymotuzis/Larry_Motuzis_Data/Project05_CommonsCollections/src/main/java/org/apache/commons/collections4/queue/CircularFifoQueue.java,org.apache.commons.collections4.queue.CircularFifoQueue,readObject/1[java.io.ObjectInputStream],maxElements,2
/Users/larrymotuzis/Larry_Motuzis_Data/Project05_CommonsCollections/src/main/java/org/apache/commons/collections4/queue/CircularFifoQueue.java,org.apache.commons.collections4.queue.CircularFifoQueue,readObject/1[java.io.ObjectInputStream],start,1
/Users/larrymotuzis/Larry_Motuzis_Data/Project05_CommonsCollections/src/main/java/org/apache/commons/collections4/queue/CircularFifoQueue.java,org.apache.commons.collections4.queue.CircularFifoQueue,readObject/1[java.io.ObjectInputStream],end,2
/Users/larrymotuzis/Larry_Motuzis_Data/Project05_CommonsCollections/src/main/java/org/apache/commons/collections4/queue/CircularFifoQueue.java,org.apache.commons.collections4.queue.CircularFifoQueue,readObject/1[java.io.ObjectInputStream],full,2
/Users/larrymotuzis/Larry_Motuzis_Data/Project05_CommonsCollections/src/main/java/org/apache/commons/collections4/queue/CircularFifoQueue.java,org.apache.commons.collections4.queue.CircularFifoQueue,size/0,start,4
/Users/larrymotuzis/Larry_Motuzis_Data/Project05_CommonsCollections/src/main/java/org/apache/commons/collections4/queue/CircularFifoQueue.java,org.apache.commons.collections4.queue.CircularFifoQueue,size/0,maxElements,2
/Users/larrymotuzis/Larry_Motuzis_Data/Project05_CommonsCollections/src/main/java/org/apache/commons/collections4/queue/CircularFifoQueue.java,org.apache.commons.collections4.queue.CircularFifoQueue,size/0,end,4
/Users/larrymotuzis/Larry_Motuzis_Data/Project05_CommonsCollections/src/main/java/org/apache/commons/collections4/queue/CircularFifoQueue.java,org.apache.commons.collections4.queue.CircularFifoQueue,size/0,full,1
/Users/larrymotuzis/Larry_Motuzis_Data/Project05_CommonsCollections/src/main/java/org/apache/commons/collections4/queue/CircularFifoQueue.java,org.apache.commons.collections4.queue.CircularFifoQueue,increment/1[int],maxElements,1
/Users/larrymotuzis/Larry_Motuzis_Data/Project05_CommonsCollections/src/main/java/org/apache/commons/collections4/queue/CircularFifoQueue.java,org.apache.commons.collections4.queue.CircularFifoQueue,remove/0,elements,2
/Users/larrymotuzis/Larry_Motuzis_Data/Project05_CommonsCollections/src/main/java/org/apache/commons/collections4/queue/CircularFifoQueue.java,org.apache.commons.collections4.queue.CircularFifoQueue,remove/0,start,4
/Users/larrymotuzis/Larry_Motuzis_Data/Project05_CommonsCollections/src/main/java/org/apache/commons/collections4/queue/CircularFifoQueue.java,org.apache.commons.collections4.queue.CircularFifoQueue,remove/0,maxElements,1
/Users/larrymotuzis/Larry_Motuzis_Data/Project05_CommonsCollections/src/main/java/org/apache/commons/collections4/queue/CircularFifoQueue.java,org.apache.commons.collections4.queue.CircularFifoQueue,remove/0,full,1
/Users/larrymotuzis/Larry_Motuzis_Data/Project05_CommonsCollections/src/main/java/org/apache/commons/collections4/queue/CircularFifoQueue.java,org.apache.commons.collections4.queue.CircularFifoQueue,clear/0,elements,1
/Users/larrymotuzis/Larry_Motuzis_Data/Project05_CommonsCollections/src/main/java/org/apache/commons/collections4/queue/CircularFifoQueue.java,org.apache.commons.collections4.queue.CircularFifoQueue,clear/0,start,1
/Users/larrymotuzis/Larry_Motuzis_Data/Project05_CommonsCollections/src/main/java/org/apache/commons/collections4/queue/CircularFifoQueue.java,org.apache.commons.collections4.queue.CircularFifoQueue,clear/0,end,1
/Users/larrymotuzis/Larry_Motuzis_Data/Project05_CommonsCollections/src/main/java/org/apache/commons/collections4/queue/CircularFifoQueue.java,org.apache.commons.collections4.queue.CircularFifoQueue,clear/0,full,1
/Users/larrymotuzis/Larry_Motuzis_Data/Project05_CommonsCollections/src/main/java/org/apache/commons/collections4/queue/CircularFifoQueue.java,org.apache.commons.collections4.queue.CircularFifoQueue,decrement/1[int],maxElements,1
/Users/larrymotuzis/Larry_Motuzis_Data/Project05_CommonsCollections/src/main/java/org/apache/commons/collections4/trie/AbstractPatriciaTrie.java,org.apache.commons.collections4.trie.AbstractPatriciaTrie$RangeEntrySet$EntryIterator,hasNext/0,excludedKey,1
/Users/larrymotuzis/Larry_Motuzis_Data/Project05_CommonsCollections/src/main/java/org/apache/commons/collections4/trie/AbstractPatriciaTrie.java,org.apache.commons.collections4.trie.AbstractPatriciaTrie$RangeEntrySet$EntryIterator,"EntryIterator/2[org.apache.commons.collections4.trie.AbstractPatriciaTrie.TrieEntry<K,V>,org.apache.commons.collections4.trie.AbstractPatriciaTrie.TrieEntry<K,V>]",excludedKey,1
/Users/larrymotuzis/Larry_Motuzis_Data/Project05_CommonsCollections/src/main/java/org/apache/commons/collections4/trie/AbstractPatriciaTrie.java,org.apache.commons.collections4.trie.AbstractPatriciaTrie$RangeEntrySet$EntryIterator,next/0,excludedKey,1
/Users/larrymotuzis/Larry_Motuzis_Data/Project05_CommonsCollections/src/main/java/org/apache/commons/collections4/multimap/AbstractMultiValuedMap.java,org.apache.commons.collections4.multimap.AbstractMultiValuedMap$AsMap,hashCode/0,map,1
/Users/larrymotuzis/Larry_Motuzis_Data/Project05_CommonsCollections/src/main/java/org/apache/commons/collections4/multimap/AbstractMultiValuedMap.java,org.apache.commons.collections4.multimap.AbstractMultiValuedMap$AsMap,containsKey/1[java.lang.Object],map,1
/Users/larrymotuzis/Larry_Motuzis_Data/Project05_CommonsCollections/src/main/java/org/apache/commons/collections4/multimap/AbstractMultiValuedMap.java,org.apache.commons.collections4.multimap.AbstractMultiValuedMap$AsMap,get/1[java.lang.Object],map,1
/Users/larrymotuzis/Larry_Motuzis_Data/Project05_CommonsCollections/src/main/java/org/apache/commons/collections4/multimap/AbstractMultiValuedMap.java,org.apache.commons.collections4.multimap.AbstractMultiValuedMap$AsMap,remove/1[java.lang.Object],map,1
/Users/larrymotuzis/Larry_Motuzis_Data/Project05_CommonsCollections/src/main/java/org/apache/commons/collections4/multimap/AbstractMultiValuedMap.java,org.apache.commons.collections4.multimap.AbstractMultiValuedMap$AsMap,toString/0,map,1
/Users/larrymotuzis/Larry_Motuzis_Data/Project05_CommonsCollections/src/main/java/org/apache/commons/collections4/multimap/AbstractMultiValuedMap.java,org.apache.commons.collections4.multimap.AbstractMultiValuedMap$AsMap,"AsMap/1[java.util.Map<K,java.util.Collection<V>>]",map,3
/Users/larrymotuzis/Larry_Motuzis_Data/Project05_CommonsCollections/src/main/java/org/apache/commons/collections4/multimap/AbstractMultiValuedMap.java,org.apache.commons.collections4.multimap.AbstractMultiValuedMap$AsMap,equals/1[java.lang.Object],map,1
/Users/larrymotuzis/Larry_Motuzis_Data/Project05_CommonsCollections/src/main/java/org/apache/commons/collections4/multimap/AbstractMultiValuedMap.java,org.apache.commons.collections4.multimap.AbstractMultiValuedMap$AsMap,size/0,map,1
/Users/larrymotuzis/Larry_Motuzis_Data/Project05_CommonsCollections/src/main/java/org/apache/commons/collections4/list/SetUniqueList.java,org.apache.commons.collections4.list.SetUniqueList$SetListListIterator,add/1[E],set,2
/Users/larrymotuzis/Larry_Motuzis_Data/Project05_CommonsCollections/src/main/java/org/apache/commons/collections4/list/SetUniqueList.java,org.apache.commons.collections4.list.SetUniqueList$SetListListIterator,previous/0,last,2
/Users/larrymotuzis/Larry_Motuzis_Data/Project05_CommonsCollections/src/main/java/org/apache/commons/collections4/list/SetUniqueList.java,org.apache.commons.collections4.list.SetUniqueList$SetListListIterator,set/1[E],set,1
/Users/larrymotuzis/Larry_Motuzis_Data/Project05_CommonsCollections/src/main/java/org/apache/commons/collections4/list/SetUniqueList.java,org.apache.commons.collections4.list.SetUniqueList$SetListListIterator,"SetListListIterator/2[java.util.ListIterator<E>,java.util.Set<E>]",set,3
/Users/larrymotuzis/Larry_Motuzis_Data/Project05_CommonsCollections/src/main/java/org/apache/commons/collections4/list/SetUniqueList.java,org.apache.commons.collections4.list.SetUniqueList$SetListListIterator,remove/0,set,1
/Users/larrymotuzis/Larry_Motuzis_Data/Project05_CommonsCollections/src/main/java/org/apache/commons/collections4/list/SetUniqueList.java,org.apache.commons.collections4.list.SetUniqueList$SetListListIterator,remove/0,last,2
/Users/larrymotuzis/Larry_Motuzis_Data/Project05_CommonsCollections/src/main/java/org/apache/commons/collections4/list/SetUniqueList.java,org.apache.commons.collections4.list.SetUniqueList$SetListListIterator,next/0,last,2
/Users/larrymotuzis/Larry_Motuzis_Data/Project05_CommonsCollections/src/main/java/org/apache/commons/collections4/map/ListOrderedMap.java,org.apache.commons.collections4.map.ListOrderedMap$ValuesView,"ValuesView/1[org.apache.commons.collections4.map.ListOrderedMap<?,V>]",parent,3
/Users/larrymotuzis/Larry_Motuzis_Data/Project05_CommonsCollections/src/main/java/org/apache/commons/collections4/map/ListOrderedMap.java,org.apache.commons.collections4.map.ListOrderedMap$ValuesView,get/1[int],parent,1
/Users/larrymotuzis/Larry_Motuzis_Data/Project05_CommonsCollections/src/main/java/org/apache/commons/collections4/map/ListOrderedMap.java,org.apache.commons.collections4.map.ListOrderedMap$ValuesView,"set/2[int,V]",parent,1
/Users/larrymotuzis/Larry_Motuzis_Data/Project05_CommonsCollections/src/main/java/org/apache/commons/collections4/map/ListOrderedMap.java,org.apache.commons.collections4.map.ListOrderedMap$ValuesView,iterator/0,parent,1
/Users/larrymotuzis/Larry_Motuzis_Data/Project05_CommonsCollections/src/main/java/org/apache/commons/collections4/map/ListOrderedMap.java,org.apache.commons.collections4.map.ListOrderedMap$ValuesView,clear/0,parent,1
/Users/larrymotuzis/Larry_Motuzis_Data/Project05_CommonsCollections/src/main/java/org/apache/commons/collections4/map/ListOrderedMap.java,org.apache.commons.collections4.map.ListOrderedMap$ValuesView,contains/1[java.lang.Object],parent,1
/Users/larrymotuzis/Larry_Motuzis_Data/Project05_CommonsCollections/src/main/java/org/apache/commons/collections4/map/ListOrderedMap.java,org.apache.commons.collections4.map.ListOrderedMap$ValuesView,size/0,parent,1
/Users/larrymotuzis/Larry_Motuzis_Data/Project05_CommonsCollections/src/main/java/org/apache/commons/collections4/map/ListOrderedMap.java,org.apache.commons.collections4.map.ListOrderedMap$ValuesView,remove/1[int],parent,1
/Users/larrymotuzis/Larry_Motuzis_Data/Project05_CommonsCollections/src/main/java/org/apache/commons/collections4/functors/FactoryTransformer.java,org.apache.commons.collections4.functors.FactoryTransformer,getFactory/0,iFactory,1
/Users/larrymotuzis/Larry_Motuzis_Data/Project05_CommonsCollections/src/main/java/org/apache/commons/collections4/functors/FactoryTransformer.java,org.apache.commons.collections4.functors.FactoryTransformer,FactoryTransformer/1[org.apache.commons.collections4.Factory<? extends R>],iFactory,1
/Users/larrymotuzis/Larry_Motuzis_Data/Project05_CommonsCollections/src/main/java/org/apache/commons/collections4/functors/FactoryTransformer.java,org.apache.commons.collections4.functors.FactoryTransformer,transform/1[T],iFactory,1
/Users/larrymotuzis/Larry_Motuzis_Data/Project05_CommonsCollections/src/main/java/org/apache/commons/collections4/functors/StringValueTransformer.java,org.apache.commons.collections4.functors.StringValueTransformer,readResolve/0,INSTANCE,1
/Users/larrymotuzis/Larry_Motuzis_Data/Project05_CommonsCollections/src/main/java/org/apache/commons/collections4/functors/StringValueTransformer.java,org.apache.commons.collections4.functors.StringValueTransformer,stringValueTransformer/0,INSTANCE,1
/Users/larrymotuzis/Larry_Motuzis_Data/Project05_CommonsCollections/src/main/java/org/apache/commons/collections4/iterators/IteratorIterable.java,org.apache.commons.collections4.iterators.IteratorIterable,IteratorIterable/1[java.util.Iterator<? extends E>],iterator,3
/Users/larrymotuzis/Larry_Motuzis_Data/Project05_CommonsCollections/src/main/java/org/apache/commons/collections4/iterators/IteratorIterable.java,org.apache.commons.collections4.iterators.IteratorIterable,createTypesafeIterator/1[java.util.Iterator<? extends E>],iterator,1
/Users/larrymotuzis/Larry_Motuzis_Data/Project05_CommonsCollections/src/main/java/org/apache/commons/collections4/iterators/IteratorIterable.java,org.apache.commons.collections4.iterators.IteratorIterable,"IteratorIterable/2[java.util.Iterator<? extends E>,boolean]",iterator,8
/Users/larrymotuzis/Larry_Motuzis_Data/Project05_CommonsCollections/src/main/java/org/apache/commons/collections4/iterators/IteratorIterable.java,org.apache.commons.collections4.iterators.IteratorIterable,"IteratorIterable/2[java.util.Iterator<? extends E>,boolean]",typeSafeIterator,1
/Users/larrymotuzis/Larry_Motuzis_Data/Project05_CommonsCollections/src/main/java/org/apache/commons/collections4/iterators/IteratorIterable.java,org.apache.commons.collections4.iterators.IteratorIterable,iterator/0,iterator,3
/Users/larrymotuzis/Larry_Motuzis_Data/Project05_CommonsCollections/src/main/java/org/apache/commons/collections4/iterators/IteratorIterable.java,org.apache.commons.collections4.iterators.IteratorIterable,iterator/0,typeSafeIterator,1
/Users/larrymotuzis/Larry_Motuzis_Data/Project05_CommonsCollections/src/main/java/org/apache/commons/collections4/functors/InstantiateTransformer.java,org.apache.commons.collections4.functors.InstantiateTransformer,InstantiateTransformer/0,iArgs,1
/Users/larrymotuzis/Larry_Motuzis_Data/Project05_CommonsCollections/src/main/java/org/apache/commons/collections4/functors/InstantiateTransformer.java,org.apache.commons.collections4.functors.InstantiateTransformer,InstantiateTransformer/0,iParamTypes,1
/Users/larrymotuzis/Larry_Motuzis_Data/Project05_CommonsCollections/src/main/java/org/apache/commons/collections4/functors/InstantiateTransformer.java,org.apache.commons.collections4.functors.InstantiateTransformer,transform/1[java.lang.Class<? extends T>],iArgs,1
/Users/larrymotuzis/Larry_Motuzis_Data/Project05_CommonsCollections/src/main/java/org/apache/commons/collections4/functors/InstantiateTransformer.java,org.apache.commons.collections4.functors.InstantiateTransformer,transform/1[java.lang.Class<? extends T>],iParamTypes,1
/Users/larrymotuzis/Larry_Motuzis_Data/Project05_CommonsCollections/src/main/java/org/apache/commons/collections4/functors/InstantiateTransformer.java,org.apache.commons.collections4.functors.InstantiateTransformer,instantiateTransformer/0,NO_ARG_INSTANCE,1
/Users/larrymotuzis/Larry_Motuzis_Data/Project05_CommonsCollections/src/main/java/org/apache/commons/collections4/functors/InstantiateTransformer.java,org.apache.commons.collections4.functors.InstantiateTransformer,"InstantiateTransformer/2[java.lang.Class<?>[],java.lang.Object[]]",iArgs,1
/Users/larrymotuzis/Larry_Motuzis_Data/Project05_CommonsCollections/src/main/java/org/apache/commons/collections4/functors/InstantiateTransformer.java,org.apache.commons.collections4.functors.InstantiateTransformer,"InstantiateTransformer/2[java.lang.Class<?>[],java.lang.Object[]]",iParamTypes,1
/Users/larrymotuzis/Larry_Motuzis_Data/Project05_CommonsCollections/src/main/java/org/apache/commons/collections4/FluentIterable.java,org.apache.commons.collections4.FluentIterable,reverse/0,iterable,1
/Users/larrymotuzis/Larry_Motuzis_Data/Project05_CommonsCollections/src/main/java/org/apache/commons/collections4/FluentIterable.java,org.apache.commons.collections4.FluentIterable,zip/1[java.lang.Iterable<? extends E>],iterable,1
/Users/larrymotuzis/Larry_Motuzis_Data/Project05_CommonsCollections/src/main/java/org/apache/commons/collections4/FluentIterable.java,org.apache.commons.collections4.FluentIterable,loop/0,iterable,1
/Users/larrymotuzis/Larry_Motuzis_Data/Project05_CommonsCollections/src/main/java/org/apache/commons/collections4/FluentIterable.java,org.apache.commons.collections4.FluentIterable,unmodifiable/0,iterable,1
/Users/larrymotuzis/Larry_Motuzis_Data/Project05_CommonsCollections/src/main/java/org/apache/commons/collections4/FluentIterable.java,org.apache.commons.collections4.FluentIterable,"collate/2[java.lang.Iterable<? extends E>,java.util.Comparator<? super E>]",iterable,1
/Users/larrymotuzis/Larry_Motuzis_Data/Project05_CommonsCollections/src/main/java/org/apache/commons/collections4/FluentIterable.java,org.apache.commons.collections4.FluentIterable,filter/1[org.apache.commons.collections4.Predicate<? super E>],iterable,1
/Users/larrymotuzis/Larry_Motuzis_Data/Project05_CommonsCollections/src/main/java/org/apache/commons/collections4/FluentIterable.java,org.apache.commons.collections4.FluentIterable,append/1[java.lang.Iterable<? extends E>],iterable,1
/Users/larrymotuzis/Larry_Motuzis_Data/Project05_CommonsCollections/src/main/java/org/apache/commons/collections4/FluentIterable.java,org.apache.commons.collections4.FluentIterable,size/0,iterable,1
/Users/larrymotuzis/Larry_Motuzis_Data/Project05_CommonsCollections/src/main/java/org/apache/commons/collections4/FluentIterable.java,org.apache.commons.collections4.FluentIterable,skip/1[long],iterable,1
/Users/larrymotuzis/Larry_Motuzis_Data/Project05_CommonsCollections/src/main/java/org/apache/commons/collections4/FluentIterable.java,org.apache.commons.collections4.FluentIterable,FluentIterable/0,iterable,1
/Users/larrymotuzis/Larry_Motuzis_Data/Project05_CommonsCollections/src/main/java/org/apache/commons/collections4/FluentIterable.java,org.apache.commons.collections4.FluentIterable,zip/1[java.lang.Iterable<? extends E>[]],iterable,1
/Users/larrymotuzis/Larry_Motuzis_Data/Project05_CommonsCollections/src/main/java/org/apache/commons/collections4/FluentIterable.java,org.apache.commons.collections4.FluentIterable,of/1[java.lang.Iterable<T>],iterable,6
/Users/larrymotuzis/Larry_Motuzis_Data/Project05_CommonsCollections/src/main/java/org/apache/commons/collections4/FluentIterable.java,org.apache.commons.collections4.FluentIterable,contains/1[java.lang.Object],iterable,1
/Users/larrymotuzis/Larry_Motuzis_Data/Project05_CommonsCollections/src/main/java/org/apache/commons/collections4/FluentIterable.java,org.apache.commons.collections4.FluentIterable,allMatch/1[org.apache.commons.collections4.Predicate<? super E>],iterable,1
/Users/larrymotuzis/Larry_Motuzis_Data/Project05_CommonsCollections/src/main/java/org/apache/commons/collections4/FluentIterable.java,org.apache.commons.collections4.FluentIterable,FluentIterable/1[java.lang.Iterable<E>],iterable,4
/Users/larrymotuzis/Larry_Motuzis_Data/Project05_CommonsCollections/src/main/java/org/apache/commons/collections4/FluentIterable.java,org.apache.commons.collections4.FluentIterable,"transform/1[org.apache.commons.collections4.Transformer<? super E,? extends O>]",iterable,1
/Users/larrymotuzis/Larry_Motuzis_Data/Project05_CommonsCollections/src/main/java/org/apache/commons/collections4/FluentIterable.java,org.apache.commons.collections4.FluentIterable,limit/1[long],iterable,1
/Users/larrymotuzis/Larry_Motuzis_Data/Project05_CommonsCollections/src/main/java/org/apache/commons/collections4/FluentIterable.java,org.apache.commons.collections4.FluentIterable,toString/0,iterable,1
/Users/larrymotuzis/Larry_Motuzis_Data/Project05_CommonsCollections/src/main/java/org/apache/commons/collections4/FluentIterable.java,org.apache.commons.collections4.FluentIterable,iterator/0,iterable,1
/Users/larrymotuzis/Larry_Motuzis_Data/Project05_CommonsCollections/src/main/java/org/apache/commons/collections4/FluentIterable.java,org.apache.commons.collections4.FluentIterable,toList/0,iterable,1
/Users/larrymotuzis/Larry_Motuzis_Data/Project05_CommonsCollections/src/main/java/org/apache/commons/collections4/FluentIterable.java,org.apache.commons.collections4.FluentIterable,get/1[int],iterable,1
/Users/larrymotuzis/Larry_Motuzis_Data/Project05_CommonsCollections/src/main/java/org/apache/commons/collections4/FluentIterable.java,org.apache.commons.collections4.FluentIterable,collate/1[java.lang.Iterable<? extends E>],iterable,1
/Users/larrymotuzis/Larry_Motuzis_Data/Project05_CommonsCollections/src/main/java/org/apache/commons/collections4/FluentIterable.java,org.apache.commons.collections4.FluentIterable,unique/0,iterable,1
/Users/larrymotuzis/Larry_Motuzis_Data/Project05_CommonsCollections/src/main/java/org/apache/commons/collections4/FluentIterable.java,org.apache.commons.collections4.FluentIterable,isEmpty/0,iterable,1
/Users/larrymotuzis/Larry_Motuzis_Data/Project05_CommonsCollections/src/main/java/org/apache/commons/collections4/FluentIterable.java,org.apache.commons.collections4.FluentIterable,copyInto/1[java.util.Collection<? super E>],iterable,1
/Users/larrymotuzis/Larry_Motuzis_Data/Project05_CommonsCollections/src/main/java/org/apache/commons/collections4/FluentIterable.java,org.apache.commons.collections4.FluentIterable,forEach/1[org.apache.commons.collections4.Closure<? super E>],iterable,1
/Users/larrymotuzis/Larry_Motuzis_Data/Project05_CommonsCollections/src/main/java/org/apache/commons/collections4/FluentIterable.java,org.apache.commons.collections4.FluentIterable,anyMatch/1[org.apache.commons.collections4.Predicate<? super E>],iterable,1
/Users/larrymotuzis/Larry_Motuzis_Data/Project05_CommonsCollections/src/main/java/org/apache/commons/collections4/sequence/SequencesComparator.java,org.apache.commons.collections4.sequence.SequencesComparator$Snake,getDiag/0,diag,1
/Users/larrymotuzis/Larry_Motuzis_Data/Project05_CommonsCollections/src/main/java/org/apache/commons/collections4/sequence/SequencesComparator.java,org.apache.commons.collections4.sequence.SequencesComparator$Snake,getStart/0,start,1
/Users/larrymotuzis/Larry_Motuzis_Data/Project05_CommonsCollections/src/main/java/org/apache/commons/collections4/sequence/SequencesComparator.java,org.apache.commons.collections4.sequence.SequencesComparator$Snake,getEnd/0,end,1
/Users/larrymotuzis/Larry_Motuzis_Data/Project05_CommonsCollections/src/main/java/org/apache/commons/collections4/sequence/SequencesComparator.java,org.apache.commons.collections4.sequence.SequencesComparator$Snake,"Snake/3[int,int,int]",diag,4
/Users/larrymotuzis/Larry_Motuzis_Data/Project05_CommonsCollections/src/main/java/org/apache/commons/collections4/sequence/SequencesComparator.java,org.apache.commons.collections4.sequence.SequencesComparator$Snake,"Snake/3[int,int,int]",start,4
/Users/larrymotuzis/Larry_Motuzis_Data/Project05_CommonsCollections/src/main/java/org/apache/commons/collections4/sequence/SequencesComparator.java,org.apache.commons.collections4.sequence.SequencesComparator$Snake,"Snake/3[int,int,int]",end,4
/Users/larrymotuzis/Larry_Motuzis_Data/Project05_CommonsCollections/src/main/java/org/apache/commons/collections4/map/Flat3Map.java,org.apache.commons.collections4.map.Flat3Map$FlatMapEntry,hashCode/0,removed,1
/Users/larrymotuzis/Larry_Motuzis_Data/Project05_CommonsCollections/src/main/java/org/apache/commons/collections4/map/Flat3Map.java,org.apache.commons.collections4.map.Flat3Map$FlatMapEntry,getValue/0,removed,1
/Users/larrymotuzis/Larry_Motuzis_Data/Project05_CommonsCollections/src/main/java/org/apache/commons/collections4/map/Flat3Map.java,org.apache.commons.collections4.map.Flat3Map$FlatMapEntry,getValue/0,index,2
/Users/larrymotuzis/Larry_Motuzis_Data/Project05_CommonsCollections/src/main/java/org/apache/commons/collections4/map/Flat3Map.java,org.apache.commons.collections4.map.Flat3Map$FlatMapEntry,getKey/0,removed,1
/Users/larrymotuzis/Larry_Motuzis_Data/Project05_CommonsCollections/src/main/java/org/apache/commons/collections4/map/Flat3Map.java,org.apache.commons.collections4.map.Flat3Map$FlatMapEntry,getKey/0,index,2
/Users/larrymotuzis/Larry_Motuzis_Data/Project05_CommonsCollections/src/main/java/org/apache/commons/collections4/map/Flat3Map.java,org.apache.commons.collections4.map.Flat3Map$FlatMapEntry,"FlatMapEntry/2[org.apache.commons.collections4.map.Flat3Map<K,V>,int]",parent,3
/Users/larrymotuzis/Larry_Motuzis_Data/Project05_CommonsCollections/src/main/java/org/apache/commons/collections4/map/Flat3Map.java,org.apache.commons.collections4.map.Flat3Map$FlatMapEntry,"FlatMapEntry/2[org.apache.commons.collections4.map.Flat3Map<K,V>,int]",removed,1
/Users/larrymotuzis/Larry_Motuzis_Data/Project05_CommonsCollections/src/main/java/org/apache/commons/collections4/map/Flat3Map.java,org.apache.commons.collections4.map.Flat3Map$FlatMapEntry,"FlatMapEntry/2[org.apache.commons.collections4.map.Flat3Map<K,V>,int]",index,3
/Users/larrymotuzis/Larry_Motuzis_Data/Project05_CommonsCollections/src/main/java/org/apache/commons/collections4/map/Flat3Map.java,org.apache.commons.collections4.map.Flat3Map$FlatMapEntry,setRemoved/1[boolean],removed,4
/Users/larrymotuzis/Larry_Motuzis_Data/Project05_CommonsCollections/src/main/java/org/apache/commons/collections4/map/Flat3Map.java,org.apache.commons.collections4.map.Flat3Map$FlatMapEntry,equals/1[java.lang.Object],removed,1
/Users/larrymotuzis/Larry_Motuzis_Data/Project05_CommonsCollections/src/main/java/org/apache/commons/collections4/map/Flat3Map.java,org.apache.commons.collections4.map.Flat3Map$FlatMapEntry,setValue/1[V],removed,1
/Users/larrymotuzis/Larry_Motuzis_Data/Project05_CommonsCollections/src/main/java/org/apache/commons/collections4/map/Flat3Map.java,org.apache.commons.collections4.map.Flat3Map$FlatMapEntry,setValue/1[V],index,2
/Users/larrymotuzis/Larry_Motuzis_Data/Project05_CommonsCollections/src/main/java/org/apache/commons/collections4/map/Flat3Map.java,org.apache.commons.collections4.map.Flat3Map$FlatMapEntry,toString/0,removed,1
/Users/larrymotuzis/Larry_Motuzis_Data/Project05_CommonsCollections/src/main/java/org/apache/commons/collections4/map/ConcurrentReferenceHashMap.java,org.apache.commons.collections4.map.ConcurrentReferenceHashMap$HashEntry,"newValueReference/3[V,org.apache.commons.collections4.map.ConcurrentReferenceHashMap.ReferenceType,java.lang.ref.ReferenceQueue<java.lang.Object>]",keyRef,2
/Users/larrymotuzis/Larry_Motuzis_Data/Project05_CommonsCollections/src/main/java/org/apache/commons/collections4/map/ConcurrentReferenceHashMap.java,org.apache.commons.collections4.map.ConcurrentReferenceHashMap$HashEntry,"newValueReference/3[V,org.apache.commons.collections4.map.ConcurrentReferenceHashMap.ReferenceType,java.lang.ref.ReferenceQueue<java.lang.Object>]",hash,2
/Users/larrymotuzis/Larry_Motuzis_Data/Project05_CommonsCollections/src/main/java/org/apache/commons/collections4/map/ConcurrentReferenceHashMap.java,org.apache.commons.collections4.map.ConcurrentReferenceHashMap$HashEntry,value/0,valueRef,1
/Users/larrymotuzis/Larry_Motuzis_Data/Project05_CommonsCollections/src/main/java/org/apache/commons/collections4/map/ConcurrentReferenceHashMap.java,org.apache.commons.collections4.map.ConcurrentReferenceHashMap$HashEntry,"setValue/3[V,org.apache.commons.collections4.map.ConcurrentReferenceHashMap.ReferenceType,java.lang.ref.ReferenceQueue<java.lang.Object>]",valueRef,1
/Users/larrymotuzis/Larry_Motuzis_Data/Project05_CommonsCollections/src/main/java/org/apache/commons/collections4/map/ConcurrentReferenceHashMap.java,org.apache.commons.collections4.map.ConcurrentReferenceHashMap$HashEntry,key/0,keyRef,3
/Users/larrymotuzis/Larry_Motuzis_Data/Project05_CommonsCollections/src/main/java/org/apache/commons/collections4/map/ConcurrentReferenceHashMap.java,org.apache.commons.collections4.map.ConcurrentReferenceHashMap$HashEntry,"HashEntry/7[K,int,org.apache.commons.collections4.map.ConcurrentReferenceHashMap.HashEntry<K,V>,V,org.apache.commons.collections4.map.ConcurrentReferenceHashMap.ReferenceType,org.apache.commons.collections4.map.ConcurrentReferenceHashMap.ReferenceType,java.lang.ref.ReferenceQueue<java.lang.Object>]",next,3
/Users/larrymotuzis/Larry_Motuzis_Data/Project05_CommonsCollections/src/main/java/org/apache/commons/collections4/map/ConcurrentReferenceHashMap.java,org.apache.commons.collections4.map.ConcurrentReferenceHashMap$HashEntry,"HashEntry/7[K,int,org.apache.commons.collections4.map.ConcurrentReferenceHashMap.HashEntry<K,V>,V,org.apache.commons.collections4.map.ConcurrentReferenceHashMap.ReferenceType,org.apache.commons.collections4.map.ConcurrentReferenceHashMap.ReferenceType,java.lang.ref.ReferenceQueue<java.lang.Object>]",valueRef,1
/Users/larrymotuzis/Larry_Motuzis_Data/Project05_CommonsCollections/src/main/java/org/apache/commons/collections4/map/ConcurrentReferenceHashMap.java,org.apache.commons.collections4.map.ConcurrentReferenceHashMap$HashEntry,"HashEntry/7[K,int,org.apache.commons.collections4.map.ConcurrentReferenceHashMap.HashEntry<K,V>,V,org.apache.commons.collections4.map.ConcurrentReferenceHashMap.ReferenceType,org.apache.commons.collections4.map.ConcurrentReferenceHashMap.ReferenceType,java.lang.ref.ReferenceQueue<java.lang.Object>]",keyRef,1
/Users/larrymotuzis/Larry_Motuzis_Data/Project05_CommonsCollections/src/main/java/org/apache/commons/collections4/map/ConcurrentReferenceHashMap.java,org.apache.commons.collections4.map.ConcurrentReferenceHashMap$HashEntry,"HashEntry/7[K,int,org.apache.commons.collections4.map.ConcurrentReferenceHashMap.HashEntry<K,V>,V,org.apache.commons.collections4.map.ConcurrentReferenceHashMap.ReferenceType,org.apache.commons.collections4.map.ConcurrentReferenceHashMap.ReferenceType,java.lang.ref.ReferenceQueue<java.lang.Object>]",hash,3
/Users/larrymotuzis/Larry_Motuzis_Data/Project05_CommonsCollections/src/main/java/org/apache/commons/collections4/map/ConcurrentReferenceHashMap.java,org.apache.commons.collections4.map.ConcurrentReferenceHashMap$HashEntry,"newKeyReference/3[K,org.apache.commons.collections4.map.ConcurrentReferenceHashMap.ReferenceType,java.lang.ref.ReferenceQueue<java.lang.Object>]",hash,2
/Users/larrymotuzis/Larry_Motuzis_Data/Project05_CommonsCollections/src/main/java/org/apache/commons/collections4/map/LinkedMap.java,org.apache.commons.collections4.map.LinkedMap$LinkedMapList,size/0,parent,1
/Users/larrymotuzis/Larry_Motuzis_Data/Project05_CommonsCollections/src/main/java/org/apache/commons/collections4/map/LinkedMap.java,org.apache.commons.collections4.map.LinkedMap$LinkedMapList,lastIndexOf/1[java.lang.Object],parent,1
/Users/larrymotuzis/Larry_Motuzis_Data/Project05_CommonsCollections/src/main/java/org/apache/commons/collections4/map/LinkedMap.java,org.apache.commons.collections4.map.LinkedMap$LinkedMapList,"LinkedMapList/1[org.apache.commons.collections4.map.LinkedMap<K,?>]",parent,3
/Users/larrymotuzis/Larry_Motuzis_Data/Project05_CommonsCollections/src/main/java/org/apache/commons/collections4/map/LinkedMap.java,org.apache.commons.collections4.map.LinkedMap$LinkedMapList,containsAll/1[java.util.Collection<?>],parent,1
/Users/larrymotuzis/Larry_Motuzis_Data/Project05_CommonsCollections/src/main/java/org/apache/commons/collections4/map/LinkedMap.java,org.apache.commons.collections4.map.LinkedMap$LinkedMapList,contains/1[java.lang.Object],parent,1
/Users/larrymotuzis/Larry_Motuzis_Data/Project05_CommonsCollections/src/main/java/org/apache/commons/collections4/map/LinkedMap.java,org.apache.commons.collections4.map.LinkedMap$LinkedMapList,indexOf/1[java.lang.Object],parent,1
/Users/larrymotuzis/Larry_Motuzis_Data/Project05_CommonsCollections/src/main/java/org/apache/commons/collections4/map/LinkedMap.java,org.apache.commons.collections4.map.LinkedMap$LinkedMapList,toArray/0,parent,1
/Users/larrymotuzis/Larry_Motuzis_Data/Project05_CommonsCollections/src/main/java/org/apache/commons/collections4/map/LinkedMap.java,org.apache.commons.collections4.map.LinkedMap$LinkedMapList,get/1[int],parent,1
/Users/larrymotuzis/Larry_Motuzis_Data/Project05_CommonsCollections/src/main/java/org/apache/commons/collections4/map/LinkedMap.java,org.apache.commons.collections4.map.LinkedMap$LinkedMapList,iterator/0,parent,1
/Users/larrymotuzis/Larry_Motuzis_Data/Project05_CommonsCollections/src/main/java/org/apache/commons/collections4/map/LinkedMap.java,org.apache.commons.collections4.map.LinkedMap$LinkedMapList,toArray/1[T[]],parent,1
/Users/larrymotuzis/Larry_Motuzis_Data/Project05_CommonsCollections/src/main/java/org/apache/commons/collections4/comparators/BooleanComparator.java,org.apache.commons.collections4.comparators.BooleanComparator,BooleanComparator/1[boolean],trueFirst,4
/Users/larrymotuzis/Larry_Motuzis_Data/Project05_CommonsCollections/src/main/java/org/apache/commons/collections4/comparators/BooleanComparator.java,org.apache.commons.collections4.comparators.BooleanComparator,"compare/2[java.lang.Boolean,java.lang.Boolean]",trueFirst,1
/Users/larrymotuzis/Larry_Motuzis_Data/Project05_CommonsCollections/src/main/java/org/apache/commons/collections4/comparators/BooleanComparator.java,org.apache.commons.collections4.comparators.BooleanComparator,hashCode/0,trueFirst,1
/Users/larrymotuzis/Larry_Motuzis_Data/Project05_CommonsCollections/src/main/java/org/apache/commons/collections4/comparators/BooleanComparator.java,org.apache.commons.collections4.comparators.BooleanComparator,getTrueFirstComparator/0,TRUE_FIRST,1
/Users/larrymotuzis/Larry_Motuzis_Data/Project05_CommonsCollections/src/main/java/org/apache/commons/collections4/comparators/BooleanComparator.java,org.apache.commons.collections4.comparators.BooleanComparator,sortsTrueFirst/0,trueFirst,1
/Users/larrymotuzis/Larry_Motuzis_Data/Project05_CommonsCollections/src/main/java/org/apache/commons/collections4/comparators/BooleanComparator.java,org.apache.commons.collections4.comparators.BooleanComparator,equals/1[java.lang.Object],trueFirst,2
/Users/larrymotuzis/Larry_Motuzis_Data/Project05_CommonsCollections/src/main/java/org/apache/commons/collections4/comparators/BooleanComparator.java,org.apache.commons.collections4.comparators.BooleanComparator,booleanComparator/1[boolean],TRUE_FIRST,1
/Users/larrymotuzis/Larry_Motuzis_Data/Project05_CommonsCollections/src/main/java/org/apache/commons/collections4/comparators/BooleanComparator.java,org.apache.commons.collections4.comparators.BooleanComparator,booleanComparator/1[boolean],trueFirst,3
/Users/larrymotuzis/Larry_Motuzis_Data/Project05_CommonsCollections/src/main/java/org/apache/commons/collections4/comparators/BooleanComparator.java,org.apache.commons.collections4.comparators.BooleanComparator,booleanComparator/1[boolean],FALSE_FIRST,1
/Users/larrymotuzis/Larry_Motuzis_Data/Project05_CommonsCollections/src/main/java/org/apache/commons/collections4/comparators/BooleanComparator.java,org.apache.commons.collections4.comparators.BooleanComparator,getFalseFirstComparator/0,FALSE_FIRST,1
/Users/larrymotuzis/Larry_Motuzis_Data/Project05_CommonsCollections/src/main/java/org/apache/commons/collections4/multimap/AbstractMultiValuedMap.java,org.apache.commons.collections4.multimap.AbstractMultiValuedMap$ValuesIterator,next/0,iterator,1
/Users/larrymotuzis/Larry_Motuzis_Data/Project05_CommonsCollections/src/main/java/org/apache/commons/collections4/multimap/AbstractMultiValuedMap.java,org.apache.commons.collections4.multimap.AbstractMultiValuedMap$ValuesIterator,hasNext/0,iterator,1
/Users/larrymotuzis/Larry_Motuzis_Data/Project05_CommonsCollections/src/main/java/org/apache/commons/collections4/multimap/AbstractMultiValuedMap.java,org.apache.commons.collections4.multimap.AbstractMultiValuedMap$ValuesIterator,remove/0,iterator,1
/Users/larrymotuzis/Larry_Motuzis_Data/Project05_CommonsCollections/src/main/java/org/apache/commons/collections4/multimap/AbstractMultiValuedMap.java,org.apache.commons.collections4.multimap.AbstractMultiValuedMap$ValuesIterator,remove/0,values,1
/Users/larrymotuzis/Larry_Motuzis_Data/Project05_CommonsCollections/src/main/java/org/apache/commons/collections4/multimap/AbstractMultiValuedMap.java,org.apache.commons.collections4.multimap.AbstractMultiValuedMap$ValuesIterator,remove/0,key,1
/Users/larrymotuzis/Larry_Motuzis_Data/Project05_CommonsCollections/src/main/java/org/apache/commons/collections4/multimap/AbstractMultiValuedMap.java,org.apache.commons.collections4.multimap.AbstractMultiValuedMap$ValuesIterator,ValuesIterator/1[java.lang.Object],iterator,2
/Users/larrymotuzis/Larry_Motuzis_Data/Project05_CommonsCollections/src/main/java/org/apache/commons/collections4/multimap/AbstractMultiValuedMap.java,org.apache.commons.collections4.multimap.AbstractMultiValuedMap$ValuesIterator,ValuesIterator/1[java.lang.Object],values,2
/Users/larrymotuzis/Larry_Motuzis_Data/Project05_CommonsCollections/src/main/java/org/apache/commons/collections4/multimap/AbstractMultiValuedMap.java,org.apache.commons.collections4.multimap.AbstractMultiValuedMap$ValuesIterator,ValuesIterator/1[java.lang.Object],key,4
/Users/larrymotuzis/Larry_Motuzis_Data/Project05_CommonsCollections/src/main/java/org/apache/commons/collections4/map/LazyMap.java,org.apache.commons.collections4.map.LazyMap,"lazyMap/2[java.util.Map<K,V>,org.apache.commons.collections4.Factory<? extends V>]",factory,3
/Users/larrymotuzis/Larry_Motuzis_Data/Project05_CommonsCollections/src/main/java/org/apache/commons/collections4/map/LazyMap.java,org.apache.commons.collections4.map.LazyMap,get/1[java.lang.Object],factory,1
/Users/larrymotuzis/Larry_Motuzis_Data/Project05_CommonsCollections/src/main/java/org/apache/commons/collections4/map/LazyMap.java,org.apache.commons.collections4.map.LazyMap,"LazyMap/2[java.util.Map<K,V>,org.apache.commons.collections4.Factory<? extends V>]",factory,4
/Users/larrymotuzis/Larry_Motuzis_Data/Project05_CommonsCollections/src/main/java/org/apache/commons/collections4/map/LazyMap.java,org.apache.commons.collections4.map.LazyMap,"LazyMap/2[java.util.Map<K,V>,org.apache.commons.collections4.Transformer<? super K,? extends V>]",factory,4
/Users/larrymotuzis/Larry_Motuzis_Data/Project05_CommonsCollections/src/main/java/org/apache/commons/collections4/map/LazyMap.java,org.apache.commons.collections4.map.LazyMap,"lazyMap/2[java.util.Map<K,V>,org.apache.commons.collections4.Transformer<? super K,? extends V>]",factory,3
/Users/larrymotuzis/Larry_Motuzis_Data/Project05_CommonsCollections/src/main/java/org/apache/commons/collections4/map/EntrySetToMapIteratorAdapter.java,org.apache.commons.collections4.map.EntrySetToMapIteratorAdapter,reset/0,iterator,2
/Users/larrymotuzis/Larry_Motuzis_Data/Project05_CommonsCollections/src/main/java/org/apache/commons/collections4/map/EntrySetToMapIteratorAdapter.java,org.apache.commons.collections4.map.EntrySetToMapIteratorAdapter,reset/0,entrySet,1
/Users/larrymotuzis/Larry_Motuzis_Data/Project05_CommonsCollections/src/main/java/org/apache/commons/collections4/map/EntrySetToMapIteratorAdapter.java,org.apache.commons.collections4.map.EntrySetToMapIteratorAdapter,"EntrySetToMapIteratorAdapter/1[java.util.Set<java.util.Map.Entry<K,V>>]",entrySet,4
/Users/larrymotuzis/Larry_Motuzis_Data/Project05_CommonsCollections/src/main/java/org/apache/commons/collections4/map/EntrySetToMapIteratorAdapter.java,org.apache.commons.collections4.map.EntrySetToMapIteratorAdapter,current/0,entry,2
/Users/larrymotuzis/Larry_Motuzis_Data/Project05_CommonsCollections/src/main/java/org/apache/commons/collections4/map/EntrySetToMapIteratorAdapter.java,org.apache.commons.collections4.map.EntrySetToMapIteratorAdapter,hasNext/0,iterator,1
/Users/larrymotuzis/Larry_Motuzis_Data/Project05_CommonsCollections/src/main/java/org/apache/commons/collections4/map/EntrySetToMapIteratorAdapter.java,org.apache.commons.collections4.map.EntrySetToMapIteratorAdapter,next/0,entry,1
/Users/larrymotuzis/Larry_Motuzis_Data/Project05_CommonsCollections/src/main/java/org/apache/commons/collections4/map/EntrySetToMapIteratorAdapter.java,org.apache.commons.collections4.map.EntrySetToMapIteratorAdapter,next/0,iterator,1
/Users/larrymotuzis/Larry_Motuzis_Data/Project05_CommonsCollections/src/main/java/org/apache/commons/collections4/map/EntrySetToMapIteratorAdapter.java,org.apache.commons.collections4.map.EntrySetToMapIteratorAdapter,remove/0,entry,1
/Users/larrymotuzis/Larry_Motuzis_Data/Project05_CommonsCollections/src/main/java/org/apache/commons/collections4/map/EntrySetToMapIteratorAdapter.java,org.apache.commons.collections4.map.EntrySetToMapIteratorAdapter,remove/0,iterator,1
/Users/larrymotuzis/Larry_Motuzis_Data/Project05_CommonsCollections/src/main/java/org/apache/commons/collections4/comparators/ComparatorChain.java,org.apache.commons.collections4.comparators.ComparatorChain,"ComparatorChain/2[java.util.List<java.util.Comparator<E>>,java.util.BitSet]",orderingBits,1
/Users/larrymotuzis/Larry_Motuzis_Data/Project05_CommonsCollections/src/main/java/org/apache/commons/collections4/comparators/ComparatorChain.java,org.apache.commons.collections4.comparators.ComparatorChain,"ComparatorChain/2[java.util.List<java.util.Comparator<E>>,java.util.BitSet]",comparatorChain,1
/Users/larrymotuzis/Larry_Motuzis_Data/Project05_CommonsCollections/src/main/java/org/apache/commons/collections4/comparators/ComparatorChain.java,org.apache.commons.collections4.comparators.ComparatorChain,equals/1[java.lang.Object],orderingBits,1
/Users/larrymotuzis/Larry_Motuzis_Data/Project05_CommonsCollections/src/main/java/org/apache/commons/collections4/comparators/ComparatorChain.java,org.apache.commons.collections4.comparators.ComparatorChain,equals/1[java.lang.Object],comparatorChain,1
/Users/larrymotuzis/Larry_Motuzis_Data/Project05_CommonsCollections/src/main/java/org/apache/commons/collections4/comparators/ComparatorChain.java,org.apache.commons.collections4.comparators.ComparatorChain,hashCode/0,orderingBits,2
/Users/larrymotuzis/Larry_Motuzis_Data/Project05_CommonsCollections/src/main/java/org/apache/commons/collections4/comparators/ComparatorChain.java,org.apache.commons.collections4.comparators.ComparatorChain,hashCode/0,comparatorChain,2
/Users/larrymotuzis/Larry_Motuzis_Data/Project05_CommonsCollections/src/main/java/org/apache/commons/collections4/comparators/ComparatorChain.java,org.apache.commons.collections4.comparators.ComparatorChain,size/0,comparatorChain,1
/Users/larrymotuzis/Larry_Motuzis_Data/Project05_CommonsCollections/src/main/java/org/apache/commons/collections4/comparators/ComparatorChain.java,org.apache.commons.collections4.comparators.ComparatorChain,"compare/2[E,E]",isLocked,2
/Users/larrymotuzis/Larry_Motuzis_Data/Project05_CommonsCollections/src/main/java/org/apache/commons/collections4/comparators/ComparatorChain.java,org.apache.commons.collections4.comparators.ComparatorChain,"compare/2[E,E]",orderingBits,1
/Users/larrymotuzis/Larry_Motuzis_Data/Project05_CommonsCollections/src/main/java/org/apache/commons/collections4/comparators/ComparatorChain.java,org.apache.commons.collections4.comparators.ComparatorChain,"compare/2[E,E]",comparatorChain,1
/Users/larrymotuzis/Larry_Motuzis_Data/Project05_CommonsCollections/src/main/java/org/apache/commons/collections4/comparators/ComparatorChain.java,org.apache.commons.collections4.comparators.ComparatorChain,"addComparator/2[java.util.Comparator<E>,boolean]",orderingBits,1
/Users/larrymotuzis/Larry_Motuzis_Data/Project05_CommonsCollections/src/main/java/org/apache/commons/collections4/comparators/ComparatorChain.java,org.apache.commons.collections4.comparators.ComparatorChain,"addComparator/2[java.util.Comparator<E>,boolean]",comparatorChain,2
/Users/larrymotuzis/Larry_Motuzis_Data/Project05_CommonsCollections/src/main/java/org/apache/commons/collections4/comparators/ComparatorChain.java,org.apache.commons.collections4.comparators.ComparatorChain,setReverseSort/1[int],orderingBits,1
/Users/larrymotuzis/Larry_Motuzis_Data/Project05_CommonsCollections/src/main/java/org/apache/commons/collections4/comparators/ComparatorChain.java,org.apache.commons.collections4.comparators.ComparatorChain,"setComparator/3[int,java.util.Comparator<E>,boolean]",orderingBits,2
/Users/larrymotuzis/Larry_Motuzis_Data/Project05_CommonsCollections/src/main/java/org/apache/commons/collections4/comparators/ComparatorChain.java,org.apache.commons.collections4.comparators.ComparatorChain,"setComparator/3[int,java.util.Comparator<E>,boolean]",comparatorChain,1
/Users/larrymotuzis/Larry_Motuzis_Data/Project05_CommonsCollections/src/main/java/org/apache/commons/collections4/comparators/ComparatorChain.java,org.apache.commons.collections4.comparators.ComparatorChain,checkLocked/0,isLocked,1
/Users/larrymotuzis/Larry_Motuzis_Data/Project05_CommonsCollections/src/main/java/org/apache/commons/collections4/comparators/ComparatorChain.java,org.apache.commons.collections4.comparators.ComparatorChain,setForwardSort/1[int],orderingBits,1
/Users/larrymotuzis/Larry_Motuzis_Data/Project05_CommonsCollections/src/main/java/org/apache/commons/collections4/comparators/ComparatorChain.java,org.apache.commons.collections4.comparators.ComparatorChain,checkChainIntegrity/0,comparatorChain,1
/Users/larrymotuzis/Larry_Motuzis_Data/Project05_CommonsCollections/src/main/java/org/apache/commons/collections4/comparators/ComparatorChain.java,org.apache.commons.collections4.comparators.ComparatorChain,"ComparatorChain/2[java.util.Comparator<E>,boolean]",orderingBits,2
/Users/larrymotuzis/Larry_Motuzis_Data/Project05_CommonsCollections/src/main/java/org/apache/commons/collections4/comparators/ComparatorChain.java,org.apache.commons.collections4.comparators.ComparatorChain,"ComparatorChain/2[java.util.Comparator<E>,boolean]",comparatorChain,2
/Users/larrymotuzis/Larry_Motuzis_Data/Project05_CommonsCollections/src/main/java/org/apache/commons/collections4/comparators/ComparatorChain.java,org.apache.commons.collections4.comparators.ComparatorChain,isLocked/0,isLocked,2
/Users/larrymotuzis/Larry_Motuzis_Data/Project05_CommonsCollections/src/main/java/org/apache/commons/collections4/comparators/TransformingComparator.java,org.apache.commons.collections4.comparators.TransformingComparator,hashCode/0,transformer,2
/Users/larrymotuzis/Larry_Motuzis_Data/Project05_CommonsCollections/src/main/java/org/apache/commons/collections4/comparators/TransformingComparator.java,org.apache.commons.collections4.comparators.TransformingComparator,hashCode/0,decorated,2
/Users/larrymotuzis/Larry_Motuzis_Data/Project05_CommonsCollections/src/main/java/org/apache/commons/collections4/comparators/TransformingComparator.java,org.apache.commons.collections4.comparators.TransformingComparator,equals/1[java.lang.Object],transformer,1
/Users/larrymotuzis/Larry_Motuzis_Data/Project05_CommonsCollections/src/main/java/org/apache/commons/collections4/comparators/TransformingComparator.java,org.apache.commons.collections4.comparators.TransformingComparator,equals/1[java.lang.Object],decorated,1
/Users/larrymotuzis/Larry_Motuzis_Data/Project05_CommonsCollections/src/main/java/org/apache/commons/collections4/comparators/TransformingComparator.java,org.apache.commons.collections4.comparators.TransformingComparator,"TransformingComparator/1[org.apache.commons.collections4.Transformer<? super I,? extends O>]",transformer,3
/Users/larrymotuzis/Larry_Motuzis_Data/Project05_CommonsCollections/src/main/java/org/apache/commons/collections4/comparators/TransformingComparator.java,org.apache.commons.collections4.comparators.TransformingComparator,"TransformingComparator/2[org.apache.commons.collections4.Transformer<? super I,? extends O>,java.util.Comparator<O>]",transformer,4
/Users/larrymotuzis/Larry_Motuzis_Data/Project05_CommonsCollections/src/main/java/org/apache/commons/collections4/comparators/TransformingComparator.java,org.apache.commons.collections4.comparators.TransformingComparator,"TransformingComparator/2[org.apache.commons.collections4.Transformer<? super I,? extends O>,java.util.Comparator<O>]",decorated,4
/Users/larrymotuzis/Larry_Motuzis_Data/Project05_CommonsCollections/src/main/java/org/apache/commons/collections4/comparators/TransformingComparator.java,org.apache.commons.collections4.comparators.TransformingComparator,"compare/2[I,I]",transformer,2
/Users/larrymotuzis/Larry_Motuzis_Data/Project05_CommonsCollections/src/main/java/org/apache/commons/collections4/comparators/TransformingComparator.java,org.apache.commons.collections4.comparators.TransformingComparator,"compare/2[I,I]",decorated,1
/Users/larrymotuzis/Larry_Motuzis_Data/Project05_CommonsCollections/src/main/java/org/apache/commons/collections4/multiset/AbstractMapMultiSet.java,org.apache.commons.collections4.multiset.AbstractMapMultiSet,"AbstractMapMultiSet/1[java.util.Map<E,org.apache.commons.collections4.multiset.AbstractMapMultiSet.MutableInteger>]",map,4
/Users/larrymotuzis/Larry_Motuzis_Data/Project05_CommonsCollections/src/main/java/org/apache/commons/collections4/multiset/AbstractMapMultiSet.java,org.apache.commons.collections4.multiset.AbstractMapMultiSet,uniqueElements/0,size,1
/Users/larrymotuzis/Larry_Motuzis_Data/Project05_CommonsCollections/src/main/java/org/apache/commons/collections4/multiset/AbstractMapMultiSet.java,org.apache.commons.collections4.multiset.AbstractMapMultiSet,uniqueElements/0,map,1
/Users/larrymotuzis/Larry_Motuzis_Data/Project05_CommonsCollections/src/main/java/org/apache/commons/collections4/multiset/AbstractMapMultiSet.java,org.apache.commons.collections4.multiset.AbstractMapMultiSet,getMap/0,map,1
/Users/larrymotuzis/Larry_Motuzis_Data/Project05_CommonsCollections/src/main/java/org/apache/commons/collections4/multiset/AbstractMapMultiSet.java,org.apache.commons.collections4.multiset.AbstractMapMultiSet,contains/1[java.lang.Object],map,1
/Users/larrymotuzis/Larry_Motuzis_Data/Project05_CommonsCollections/src/main/java/org/apache/commons/collections4/multiset/AbstractMapMultiSet.java,org.apache.commons.collections4.multiset.AbstractMapMultiSet,createEntrySetIterator/0,map,1
/Users/larrymotuzis/Larry_Motuzis_Data/Project05_CommonsCollections/src/main/java/org/apache/commons/collections4/multiset/AbstractMapMultiSet.java,org.apache.commons.collections4.multiset.AbstractMapMultiSet,clear/0,modCount,1
/Users/larrymotuzis/Larry_Motuzis_Data/Project05_CommonsCollections/src/main/java/org/apache/commons/collections4/multiset/AbstractMapMultiSet.java,org.apache.commons.collections4.multiset.AbstractMapMultiSet,clear/0,size,1
/Users/larrymotuzis/Larry_Motuzis_Data/Project05_CommonsCollections/src/main/java/org/apache/commons/collections4/multiset/AbstractMapMultiSet.java,org.apache.commons.collections4.multiset.AbstractMapMultiSet,clear/0,map,1
/Users/larrymotuzis/Larry_Motuzis_Data/Project05_CommonsCollections/src/main/java/org/apache/commons/collections4/multiset/AbstractMapMultiSet.java,org.apache.commons.collections4.multiset.AbstractMapMultiSet,getCount/1[java.lang.Object],map,1
/Users/larrymotuzis/Larry_Motuzis_Data/Project05_CommonsCollections/src/main/java/org/apache/commons/collections4/multiset/AbstractMapMultiSet.java,org.apache.commons.collections4.multiset.AbstractMapMultiSet,size/0,size,2
/Users/larrymotuzis/Larry_Motuzis_Data/Project05_CommonsCollections/src/main/java/org/apache/commons/collections4/multiset/AbstractMapMultiSet.java,org.apache.commons.collections4.multiset.AbstractMapMultiSet,toArray/1[T[]],map,1
/Users/larrymotuzis/Larry_Motuzis_Data/Project05_CommonsCollections/src/main/java/org/apache/commons/collections4/multiset/AbstractMapMultiSet.java,org.apache.commons.collections4.multiset.AbstractMapMultiSet,doWriteObject/1[java.io.ObjectOutputStream],size,1
/Users/larrymotuzis/Larry_Motuzis_Data/Project05_CommonsCollections/src/main/java/org/apache/commons/collections4/multiset/AbstractMapMultiSet.java,org.apache.commons.collections4.multiset.AbstractMapMultiSet,doWriteObject/1[java.io.ObjectOutputStream],map,2
/Users/larrymotuzis/Larry_Motuzis_Data/Project05_CommonsCollections/src/main/java/org/apache/commons/collections4/multiset/AbstractMapMultiSet.java,org.apache.commons.collections4.multiset.AbstractMapMultiSet,"setMap/1[java.util.Map<E,org.apache.commons.collections4.multiset.AbstractMapMultiSet.MutableInteger>]",map,4
/Users/larrymotuzis/Larry_Motuzis_Data/Project05_CommonsCollections/src/main/java/org/apache/commons/collections4/multiset/AbstractMapMultiSet.java,org.apache.commons.collections4.multiset.AbstractMapMultiSet,equals/1[java.lang.Object],size,2
/Users/larrymotuzis/Larry_Motuzis_Data/Project05_CommonsCollections/src/main/java/org/apache/commons/collections4/multiset/AbstractMapMultiSet.java,org.apache.commons.collections4.multiset.AbstractMapMultiSet,equals/1[java.lang.Object],map,1
/Users/larrymotuzis/Larry_Motuzis_Data/Project05_CommonsCollections/src/main/java/org/apache/commons/collections4/multiset/AbstractMapMultiSet.java,org.apache.commons.collections4.multiset.AbstractMapMultiSet,isEmpty/0,map,1
/Users/larrymotuzis/Larry_Motuzis_Data/Project05_CommonsCollections/src/main/java/org/apache/commons/collections4/multiset/AbstractMapMultiSet.java,org.apache.commons.collections4.multiset.AbstractMapMultiSet,toArray/0,size,1
/Users/larrymotuzis/Larry_Motuzis_Data/Project05_CommonsCollections/src/main/java/org/apache/commons/collections4/multiset/AbstractMapMultiSet.java,org.apache.commons.collections4.multiset.AbstractMapMultiSet,toArray/0,map,1
/Users/larrymotuzis/Larry_Motuzis_Data/Project05_CommonsCollections/src/main/java/org/apache/commons/collections4/multiset/AbstractMapMultiSet.java,org.apache.commons.collections4.multiset.AbstractMapMultiSet,"remove/2[java.lang.Object,int]",modCount,1
/Users/larrymotuzis/Larry_Motuzis_Data/Project05_CommonsCollections/src/main/java/org/apache/commons/collections4/multiset/AbstractMapMultiSet.java,org.apache.commons.collections4.multiset.AbstractMapMultiSet,"remove/2[java.lang.Object,int]",size,2
/Users/larrymotuzis/Larry_Motuzis_Data/Project05_CommonsCollections/src/main/java/org/apache/commons/collections4/multiset/AbstractMapMultiSet.java,org.apache.commons.collections4.multiset.AbstractMapMultiSet,"remove/2[java.lang.Object,int]",map,2
/Users/larrymotuzis/Larry_Motuzis_Data/Project05_CommonsCollections/src/main/java/org/apache/commons/collections4/multiset/AbstractMapMultiSet.java,org.apache.commons.collections4.multiset.AbstractMapMultiSet,doReadObject/1[java.io.ObjectInputStream],size,1
/Users/larrymotuzis/Larry_Motuzis_Data/Project05_CommonsCollections/src/main/java/org/apache/commons/collections4/multiset/AbstractMapMultiSet.java,org.apache.commons.collections4.multiset.AbstractMapMultiSet,doReadObject/1[java.io.ObjectInputStream],map,1
/Users/larrymotuzis/Larry_Motuzis_Data/Project05_CommonsCollections/src/main/java/org/apache/commons/collections4/multiset/AbstractMapMultiSet.java,org.apache.commons.collections4.multiset.AbstractMapMultiSet,hashCode/0,map,1
/Users/larrymotuzis/Larry_Motuzis_Data/Project05_CommonsCollections/src/main/java/org/apache/commons/collections4/multiset/AbstractMapMultiSet.java,org.apache.commons.collections4.multiset.AbstractMapMultiSet,"add/2[E,int]",modCount,1
/Users/larrymotuzis/Larry_Motuzis_Data/Project05_CommonsCollections/src/main/java/org/apache/commons/collections4/multiset/AbstractMapMultiSet.java,org.apache.commons.collections4.multiset.AbstractMapMultiSet,"add/2[E,int]",size,1
/Users/larrymotuzis/Larry_Motuzis_Data/Project05_CommonsCollections/src/main/java/org/apache/commons/collections4/multiset/AbstractMapMultiSet.java,org.apache.commons.collections4.multiset.AbstractMapMultiSet,"add/2[E,int]",map,2
/Users/larrymotuzis/Larry_Motuzis_Data/Project05_CommonsCollections/src/main/java/org/apache/commons/collections4/map/PassiveExpiringMap.java,org.apache.commons.collections4.map.PassiveExpiringMap,clear/0,expirationMap,1
/Users/larrymotuzis/Larry_Motuzis_Data/Project05_CommonsCollections/src/main/java/org/apache/commons/collections4/map/PassiveExpiringMap.java,org.apache.commons.collections4.map.PassiveExpiringMap,"isExpired/2[long,java.lang.Long]",expirationMap,1
/Users/larrymotuzis/Larry_Motuzis_Data/Project05_CommonsCollections/src/main/java/org/apache/commons/collections4/map/PassiveExpiringMap.java,org.apache.commons.collections4.map.PassiveExpiringMap,"PassiveExpiringMap/1[org.apache.commons.collections4.map.PassiveExpiringMap.ExpirationPolicy<K,V>]",expiringPolicy,3
/Users/larrymotuzis/Larry_Motuzis_Data/Project05_CommonsCollections/src/main/java/org/apache/commons/collections4/map/PassiveExpiringMap.java,org.apache.commons.collections4.map.PassiveExpiringMap,remove/1[java.lang.Object],expirationMap,1
/Users/larrymotuzis/Larry_Motuzis_Data/Project05_CommonsCollections/src/main/java/org/apache/commons/collections4/map/PassiveExpiringMap.java,org.apache.commons.collections4.map.PassiveExpiringMap,removeAllExpired/1[long],expirationMap,1
/Users/larrymotuzis/Larry_Motuzis_Data/Project05_CommonsCollections/src/main/java/org/apache/commons/collections4/map/PassiveExpiringMap.java,org.apache.commons.collections4.map.PassiveExpiringMap,"put/2[K,V]",expiringPolicy,2
/Users/larrymotuzis/Larry_Motuzis_Data/Project05_CommonsCollections/src/main/java/org/apache/commons/collections4/map/PassiveExpiringMap.java,org.apache.commons.collections4.map.PassiveExpiringMap,"put/2[K,V]",expirationMap,1
/Users/larrymotuzis/Larry_Motuzis_Data/Project05_CommonsCollections/src/main/java/org/apache/commons/collections4/map/PassiveExpiringMap.java,org.apache.commons.collections4.map.PassiveExpiringMap,"PassiveExpiringMap/2[org.apache.commons.collections4.map.PassiveExpiringMap.ExpirationPolicy<K,V>,java.util.Map<K,V>]",expiringPolicy,4
/Users/larrymotuzis/Larry_Motuzis_Data/Project05_CommonsCollections/src/main/java/org/apache/commons/collections4/map/PassiveExpiringMap.java,org.apache.commons.collections4.map.PassiveExpiringMap,"removeIfExpired/2[java.lang.Object,long]",expirationMap,1
/Users/larrymotuzis/Larry_Motuzis_Data/Project05_CommonsCollections/src/main/java/org/apache/commons/collections4/iterators/SkippingIterator.java,org.apache.commons.collections4.iterators.SkippingIterator,next/0,pos,1
/Users/larrymotuzis/Larry_Motuzis_Data/Project05_CommonsCollections/src/main/java/org/apache/commons/collections4/iterators/SkippingIterator.java,org.apache.commons.collections4.iterators.SkippingIterator,"SkippingIterator/2[java.util.Iterator<E>,long]",offset,5
/Users/larrymotuzis/Larry_Motuzis_Data/Project05_CommonsCollections/src/main/java/org/apache/commons/collections4/iterators/SkippingIterator.java,org.apache.commons.collections4.iterators.SkippingIterator,"SkippingIterator/2[java.util.Iterator<E>,long]",pos,1
/Users/larrymotuzis/Larry_Motuzis_Data/Project05_CommonsCollections/src/main/java/org/apache/commons/collections4/iterators/SkippingIterator.java,org.apache.commons.collections4.iterators.SkippingIterator,init/0,offset,1
/Users/larrymotuzis/Larry_Motuzis_Data/Project05_CommonsCollections/src/main/java/org/apache/commons/collections4/iterators/SkippingIterator.java,org.apache.commons.collections4.iterators.SkippingIterator,init/0,pos,1
/Users/larrymotuzis/Larry_Motuzis_Data/Project05_CommonsCollections/src/main/java/org/apache/commons/collections4/iterators/SkippingIterator.java,org.apache.commons.collections4.iterators.SkippingIterator,remove/0,offset,1
/Users/larrymotuzis/Larry_Motuzis_Data/Project05_CommonsCollections/src/main/java/org/apache/commons/collections4/iterators/SkippingIterator.java,org.apache.commons.collections4.iterators.SkippingIterator,remove/0,pos,1
/Users/larrymotuzis/Larry_Motuzis_Data/Project05_CommonsCollections/src/main/java/org/apache/commons/collections4/set/ListOrderedSet.java,org.apache.commons.collections4.set.ListOrderedSet$OrderedSetIterator,remove/0,set,1
/Users/larrymotuzis/Larry_Motuzis_Data/Project05_CommonsCollections/src/main/java/org/apache/commons/collections4/set/ListOrderedSet.java,org.apache.commons.collections4.set.ListOrderedSet$OrderedSetIterator,remove/0,last,2
/Users/larrymotuzis/Larry_Motuzis_Data/Project05_CommonsCollections/src/main/java/org/apache/commons/collections4/set/ListOrderedSet.java,org.apache.commons.collections4.set.ListOrderedSet$OrderedSetIterator,next/0,last,2
/Users/larrymotuzis/Larry_Motuzis_Data/Project05_CommonsCollections/src/main/java/org/apache/commons/collections4/set/ListOrderedSet.java,org.apache.commons.collections4.set.ListOrderedSet$OrderedSetIterator,previous/0,last,2
/Users/larrymotuzis/Larry_Motuzis_Data/Project05_CommonsCollections/src/main/java/org/apache/commons/collections4/set/ListOrderedSet.java,org.apache.commons.collections4.set.ListOrderedSet$OrderedSetIterator,"OrderedSetIterator/2[java.util.ListIterator<E>,java.util.Collection<E>]",set,3
/Users/larrymotuzis/Larry_Motuzis_Data/Project05_CommonsCollections/src/main/java/org/apache/commons/collections4/properties/OrderedProperties.java,org.apache.commons.collections4.properties.OrderedProperties,"put/2[java.lang.Object,java.lang.Object]",orderedKeys,1
/Users/larrymotuzis/Larry_Motuzis_Data/Project05_CommonsCollections/src/main/java/org/apache/commons/collections4/properties/OrderedProperties.java,org.apache.commons.collections4.properties.OrderedProperties,"forEach/1[java.util.function.BiConsumer<? super java.lang.Object,? super java.lang.Object>]",orderedKeys,1
/Users/larrymotuzis/Larry_Motuzis_Data/Project05_CommonsCollections/src/main/java/org/apache/commons/collections4/properties/OrderedProperties.java,org.apache.commons.collections4.properties.OrderedProperties,"putIfAbsent/2[java.lang.Object,java.lang.Object]",orderedKeys,1
/Users/larrymotuzis/Larry_Motuzis_Data/Project05_CommonsCollections/src/main/java/org/apache/commons/collections4/properties/OrderedProperties.java,org.apache.commons.collections4.properties.OrderedProperties,"remove/2[java.lang.Object,java.lang.Object]",orderedKeys,1
/Users/larrymotuzis/Larry_Motuzis_Data/Project05_CommonsCollections/src/main/java/org/apache/commons/collections4/properties/OrderedProperties.java,org.apache.commons.collections4.properties.OrderedProperties,entrySet/0,orderedKeys,1
/Users/larrymotuzis/Larry_Motuzis_Data/Project05_CommonsCollections/src/main/java/org/apache/commons/collections4/properties/OrderedProperties.java,org.apache.commons.collections4.properties.OrderedProperties,remove/1[java.lang.Object],orderedKeys,1
/Users/larrymotuzis/Larry_Motuzis_Data/Project05_CommonsCollections/src/main/java/org/apache/commons/collections4/properties/OrderedProperties.java,org.apache.commons.collections4.properties.OrderedProperties,"computeIfAbsent/2[java.lang.Object,java.util.function.Function<? super java.lang.Object,? extends java.lang.Object>]",orderedKeys,1
/Users/larrymotuzis/Larry_Motuzis_Data/Project05_CommonsCollections/src/main/java/org/apache/commons/collections4/properties/OrderedProperties.java,org.apache.commons.collections4.properties.OrderedProperties,keys/0,orderedKeys,1
/Users/larrymotuzis/Larry_Motuzis_Data/Project05_CommonsCollections/src/main/java/org/apache/commons/collections4/properties/OrderedProperties.java,org.apache.commons.collections4.properties.OrderedProperties,"merge/3[java.lang.Object,java.lang.Object,java.util.function.BiFunction<? super java.lang.Object,? super java.lang.Object,? extends java.lang.Object>]",orderedKeys,1
/Users/larrymotuzis/Larry_Motuzis_Data/Project05_CommonsCollections/src/main/java/org/apache/commons/collections4/properties/OrderedProperties.java,org.apache.commons.collections4.properties.OrderedProperties,"putAll/1[java.util.Map<? extends java.lang.Object,? extends java.lang.Object>]",orderedKeys,1
/Users/larrymotuzis/Larry_Motuzis_Data/Project05_CommonsCollections/src/main/java/org/apache/commons/collections4/properties/OrderedProperties.java,org.apache.commons.collections4.properties.OrderedProperties,clear/0,orderedKeys,1
/Users/larrymotuzis/Larry_Motuzis_Data/Project05_CommonsCollections/src/main/java/org/apache/commons/collections4/properties/OrderedProperties.java,org.apache.commons.collections4.properties.OrderedProperties,"compute/2[java.lang.Object,java.util.function.BiFunction<? super java.lang.Object,? super java.lang.Object,? extends java.lang.Object>]",orderedKeys,1
/Users/larrymotuzis/Larry_Motuzis_Data/Project05_CommonsCollections/src/main/java/org/apache/commons/collections4/properties/OrderedProperties.java,org.apache.commons.collections4.properties.OrderedProperties,keySet/0,orderedKeys,1
/Users/larrymotuzis/Larry_Motuzis_Data/Project05_CommonsCollections/src/main/java/org/apache/commons/collections4/map/ListOrderedMap.java,org.apache.commons.collections4.map.ListOrderedMap$EntrySetView,getEntrySet/0,parent,1
/Users/larrymotuzis/Larry_Motuzis_Data/Project05_CommonsCollections/src/main/java/org/apache/commons/collections4/map/ListOrderedMap.java,org.apache.commons.collections4.map.ListOrderedMap$EntrySetView,getEntrySet/0,entrySet,4
/Users/larrymotuzis/Larry_Motuzis_Data/Project05_CommonsCollections/src/main/java/org/apache/commons/collections4/map/ListOrderedMap.java,org.apache.commons.collections4.map.ListOrderedMap$EntrySetView,size/0,parent,1
/Users/larrymotuzis/Larry_Motuzis_Data/Project05_CommonsCollections/src/main/java/org/apache/commons/collections4/map/ListOrderedMap.java,org.apache.commons.collections4.map.ListOrderedMap$EntrySetView,iterator/0,parent,1
/Users/larrymotuzis/Larry_Motuzis_Data/Project05_CommonsCollections/src/main/java/org/apache/commons/collections4/map/ListOrderedMap.java,org.apache.commons.collections4.map.ListOrderedMap$EntrySetView,iterator/0,insertOrder,1
/Users/larrymotuzis/Larry_Motuzis_Data/Project05_CommonsCollections/src/main/java/org/apache/commons/collections4/map/ListOrderedMap.java,org.apache.commons.collections4.map.ListOrderedMap$EntrySetView,remove/1[java.lang.Object],parent,1
/Users/larrymotuzis/Larry_Motuzis_Data/Project05_CommonsCollections/src/main/java/org/apache/commons/collections4/map/ListOrderedMap.java,org.apache.commons.collections4.map.ListOrderedMap$EntrySetView,clear/0,parent,1
/Users/larrymotuzis/Larry_Motuzis_Data/Project05_CommonsCollections/src/main/java/org/apache/commons/collections4/map/ListOrderedMap.java,org.apache.commons.collections4.map.ListOrderedMap$EntrySetView,isEmpty/0,parent,1
/Users/larrymotuzis/Larry_Motuzis_Data/Project05_CommonsCollections/src/main/java/org/apache/commons/collections4/map/ListOrderedMap.java,org.apache.commons.collections4.map.ListOrderedMap$EntrySetView,"EntrySetView/2[org.apache.commons.collections4.map.ListOrderedMap<K,V>,java.util.List<K>]",parent,3
/Users/larrymotuzis/Larry_Motuzis_Data/Project05_CommonsCollections/src/main/java/org/apache/commons/collections4/map/ListOrderedMap.java,org.apache.commons.collections4.map.ListOrderedMap$EntrySetView,"EntrySetView/2[org.apache.commons.collections4.map.ListOrderedMap<K,V>,java.util.List<K>]",insertOrder,3
/Users/larrymotuzis/Larry_Motuzis_Data/Project05_CommonsCollections/src/main/java/org/apache/commons/collections4/bidimap/AbstractDualBidiMap.java,org.apache.commons.collections4.bidimap.AbstractDualBidiMap$BidiMapIterator,getValue/0,last,2
/Users/larrymotuzis/Larry_Motuzis_Data/Project05_CommonsCollections/src/main/java/org/apache/commons/collections4/bidimap/AbstractDualBidiMap.java,org.apache.commons.collections4.bidimap.AbstractDualBidiMap$BidiMapIterator,toString/0,last,1
/Users/larrymotuzis/Larry_Motuzis_Data/Project05_CommonsCollections/src/main/java/org/apache/commons/collections4/bidimap/AbstractDualBidiMap.java,org.apache.commons.collections4.bidimap.AbstractDualBidiMap$BidiMapIterator,getKey/0,last,2
/Users/larrymotuzis/Larry_Motuzis_Data/Project05_CommonsCollections/src/main/java/org/apache/commons/collections4/bidimap/AbstractDualBidiMap.java,org.apache.commons.collections4.bidimap.AbstractDualBidiMap$BidiMapIterator,next/0,iterator,1
/Users/larrymotuzis/Larry_Motuzis_Data/Project05_CommonsCollections/src/main/java/org/apache/commons/collections4/bidimap/AbstractDualBidiMap.java,org.apache.commons.collections4.bidimap.AbstractDualBidiMap$BidiMapIterator,next/0,canRemove,1
/Users/larrymotuzis/Larry_Motuzis_Data/Project05_CommonsCollections/src/main/java/org/apache/commons/collections4/bidimap/AbstractDualBidiMap.java,org.apache.commons.collections4.bidimap.AbstractDualBidiMap$BidiMapIterator,next/0,last,2
/Users/larrymotuzis/Larry_Motuzis_Data/Project05_CommonsCollections/src/main/java/org/apache/commons/collections4/bidimap/AbstractDualBidiMap.java,org.apache.commons.collections4.bidimap.AbstractDualBidiMap$BidiMapIterator,remove/0,canRemove,2
/Users/larrymotuzis/Larry_Motuzis_Data/Project05_CommonsCollections/src/main/java/org/apache/commons/collections4/bidimap/AbstractDualBidiMap.java,org.apache.commons.collections4.bidimap.AbstractDualBidiMap$BidiMapIterator,remove/0,iterator,1
/Users/larrymotuzis/Larry_Motuzis_Data/Project05_CommonsCollections/src/main/java/org/apache/commons/collections4/bidimap/AbstractDualBidiMap.java,org.apache.commons.collections4.bidimap.AbstractDualBidiMap$BidiMapIterator,remove/0,last,2
/Users/larrymotuzis/Larry_Motuzis_Data/Project05_CommonsCollections/src/main/java/org/apache/commons/collections4/bidimap/AbstractDualBidiMap.java,org.apache.commons.collections4.bidimap.AbstractDualBidiMap$BidiMapIterator,reset/0,iterator,2
/Users/larrymotuzis/Larry_Motuzis_Data/Project05_CommonsCollections/src/main/java/org/apache/commons/collections4/bidimap/AbstractDualBidiMap.java,org.apache.commons.collections4.bidimap.AbstractDualBidiMap$BidiMapIterator,reset/0,canRemove,1
/Users/larrymotuzis/Larry_Motuzis_Data/Project05_CommonsCollections/src/main/java/org/apache/commons/collections4/bidimap/AbstractDualBidiMap.java,org.apache.commons.collections4.bidimap.AbstractDualBidiMap$BidiMapIterator,reset/0,last,1
/Users/larrymotuzis/Larry_Motuzis_Data/Project05_CommonsCollections/src/main/java/org/apache/commons/collections4/bidimap/AbstractDualBidiMap.java,org.apache.commons.collections4.bidimap.AbstractDualBidiMap$BidiMapIterator,hasNext/0,iterator,1
/Users/larrymotuzis/Larry_Motuzis_Data/Project05_CommonsCollections/src/main/java/org/apache/commons/collections4/bidimap/AbstractDualBidiMap.java,org.apache.commons.collections4.bidimap.AbstractDualBidiMap$BidiMapIterator,setValue/1[V],parent,1
/Users/larrymotuzis/Larry_Motuzis_Data/Project05_CommonsCollections/src/main/java/org/apache/commons/collections4/bidimap/AbstractDualBidiMap.java,org.apache.commons.collections4.bidimap.AbstractDualBidiMap$BidiMapIterator,setValue/1[V],last,3
/Users/larrymotuzis/Larry_Motuzis_Data/Project05_CommonsCollections/src/main/java/org/apache/commons/collections4/bidimap/AbstractDualBidiMap.java,org.apache.commons.collections4.bidimap.AbstractDualBidiMap$BidiMapIterator,"BidiMapIterator/1[org.apache.commons.collections4.bidimap.AbstractDualBidiMap<K,V>]",parent,4
/Users/larrymotuzis/Larry_Motuzis_Data/Project05_CommonsCollections/src/main/java/org/apache/commons/collections4/bidimap/AbstractDualBidiMap.java,org.apache.commons.collections4.bidimap.AbstractDualBidiMap$BidiMapIterator,"BidiMapIterator/1[org.apache.commons.collections4.bidimap.AbstractDualBidiMap<K,V>]",iterator,2
/Users/larrymotuzis/Larry_Motuzis_Data/Project05_CommonsCollections/src/main/java/org/apache/commons/collections4/map/MultiValueMap.java,org.apache.commons.collections4.map.MultiValueMap$ReflectionFactory,ReflectionFactory/1[java.lang.Class<T>],clazz,3
/Users/larrymotuzis/Larry_Motuzis_Data/Project05_CommonsCollections/src/main/java/org/apache/commons/collections4/map/MultiValueMap.java,org.apache.commons.collections4.map.MultiValueMap$ReflectionFactory,create/0,clazz,2
/Users/larrymotuzis/Larry_Motuzis_Data/Project05_CommonsCollections/src/main/java/org/apache/commons/collections4/map/MultiValueMap.java,org.apache.commons.collections4.map.MultiValueMap$ReflectionFactory,readObject/1[java.io.ObjectInputStream],clazz,2
/Users/larrymotuzis/Larry_Motuzis_Data/Project05_CommonsCollections/src/main/java/org/apache/commons/collections4/bidimap/TreeBidiMap.java,org.apache.commons.collections4.bidimap.TreeBidiMap$AbstractView,AbstractView/1[org.apache.commons.collections4.bidimap.TreeBidiMap.DataElement],orderType,4
/Users/larrymotuzis/Larry_Motuzis_Data/Project05_CommonsCollections/src/main/java/org/apache/commons/collections4/list/TreeList.java,org.apache.commons.collections4.list.TreeList$AVLNode,max/0,right,1
/Users/larrymotuzis/Larry_Motuzis_Data/Project05_CommonsCollections/src/main/java/org/apache/commons/collections4/list/TreeList.java,org.apache.commons.collections4.list.TreeList$AVLNode,"setLeft/2[org.apache.commons.collections4.list.TreeList.AVLNode<E>,org.apache.commons.collections4.list.TreeList.AVLNode<E>]",leftIsPrevious,2
/Users/larrymotuzis/Larry_Motuzis_Data/Project05_CommonsCollections/src/main/java/org/apache/commons/collections4/list/TreeList.java,org.apache.commons.collections4.list.TreeList$AVLNode,"setLeft/2[org.apache.commons.collections4.list.TreeList.AVLNode<E>,org.apache.commons.collections4.list.TreeList.AVLNode<E>]",left,1
/Users/larrymotuzis/Larry_Motuzis_Data/Project05_CommonsCollections/src/main/java/org/apache/commons/collections4/list/TreeList.java,org.apache.commons.collections4.list.TreeList$AVLNode,"insertOnLeft/2[int,E]",left,2
/Users/larrymotuzis/Larry_Motuzis_Data/Project05_CommonsCollections/src/main/java/org/apache/commons/collections4/list/TreeList.java,org.apache.commons.collections4.list.TreeList$AVLNode,"insertOnLeft/2[int,E]",relativePosition,2
/Users/larrymotuzis/Larry_Motuzis_Data/Project05_CommonsCollections/src/main/java/org/apache/commons/collections4/list/TreeList.java,org.apache.commons.collections4.list.TreeList$AVLNode,getValue/0,value,1
/Users/larrymotuzis/Larry_Motuzis_Data/Project05_CommonsCollections/src/main/java/org/apache/commons/collections4/list/TreeList.java,org.apache.commons.collections4.list.TreeList$AVLNode,remove/1[int],left,1
/Users/larrymotuzis/Larry_Motuzis_Data/Project05_CommonsCollections/src/main/java/org/apache/commons/collections4/list/TreeList.java,org.apache.commons.collections4.list.TreeList$AVLNode,remove/1[int],relativePosition,5
/Users/larrymotuzis/Larry_Motuzis_Data/Project05_CommonsCollections/src/main/java/org/apache/commons/collections4/list/TreeList.java,org.apache.commons.collections4.list.TreeList$AVLNode,remove/1[int],right,1
/Users/larrymotuzis/Larry_Motuzis_Data/Project05_CommonsCollections/src/main/java/org/apache/commons/collections4/list/TreeList.java,org.apache.commons.collections4.list.TreeList$AVLNode,getRightSubTree/0,rightIsNext,1
/Users/larrymotuzis/Larry_Motuzis_Data/Project05_CommonsCollections/src/main/java/org/apache/commons/collections4/list/TreeList.java,org.apache.commons.collections4.list.TreeList$AVLNode,getRightSubTree/0,right,1
/Users/larrymotuzis/Larry_Motuzis_Data/Project05_CommonsCollections/src/main/java/org/apache/commons/collections4/list/TreeList.java,org.apache.commons.collections4.list.TreeList$AVLNode,removeSelf/0,leftIsPrevious,2
/Users/larrymotuzis/Larry_Motuzis_Data/Project05_CommonsCollections/src/main/java/org/apache/commons/collections4/list/TreeList.java,org.apache.commons.collections4.list.TreeList$AVLNode,removeSelf/0,rightIsNext,1
/Users/larrymotuzis/Larry_Motuzis_Data/Project05_CommonsCollections/src/main/java/org/apache/commons/collections4/list/TreeList.java,org.apache.commons.collections4.list.TreeList$AVLNode,removeSelf/0,left,9
/Users/larrymotuzis/Larry_Motuzis_Data/Project05_CommonsCollections/src/main/java/org/apache/commons/collections4/list/TreeList.java,org.apache.commons.collections4.list.TreeList$AVLNode,removeSelf/0,relativePosition,8
/Users/larrymotuzis/Larry_Motuzis_Data/Project05_CommonsCollections/src/main/java/org/apache/commons/collections4/list/TreeList.java,org.apache.commons.collections4.list.TreeList$AVLNode,removeSelf/0,right,7
/Users/larrymotuzis/Larry_Motuzis_Data/Project05_CommonsCollections/src/main/java/org/apache/commons/collections4/list/TreeList.java,org.apache.commons.collections4.list.TreeList$AVLNode,removeSelf/0,value,2
/Users/larrymotuzis/Larry_Motuzis_Data/Project05_CommonsCollections/src/main/java/org/apache/commons/collections4/list/TreeList.java,org.apache.commons.collections4.list.TreeList$AVLNode,"AVLNode/4[int,E,org.apache.commons.collections4.list.TreeList.AVLNode<E>,org.apache.commons.collections4.list.TreeList.AVLNode<E>]",leftIsPrevious,1
/Users/larrymotuzis/Larry_Motuzis_Data/Project05_CommonsCollections/src/main/java/org/apache/commons/collections4/list/TreeList.java,org.apache.commons.collections4.list.TreeList$AVLNode,"AVLNode/4[int,E,org.apache.commons.collections4.list.TreeList.AVLNode<E>,org.apache.commons.collections4.list.TreeList.AVLNode<E>]",rightIsNext,1
/Users/larrymotuzis/Larry_Motuzis_Data/Project05_CommonsCollections/src/main/java/org/apache/commons/collections4/list/TreeList.java,org.apache.commons.collections4.list.TreeList$AVLNode,"AVLNode/4[int,E,org.apache.commons.collections4.list.TreeList.AVLNode<E>,org.apache.commons.collections4.list.TreeList.AVLNode<E>]",left,1
/Users/larrymotuzis/Larry_Motuzis_Data/Project05_CommonsCollections/src/main/java/org/apache/commons/collections4/list/TreeList.java,org.apache.commons.collections4.list.TreeList$AVLNode,"AVLNode/4[int,E,org.apache.commons.collections4.list.TreeList.AVLNode<E>,org.apache.commons.collections4.list.TreeList.AVLNode<E>]",relativePosition,4
/Users/larrymotuzis/Larry_Motuzis_Data/Project05_CommonsCollections/src/main/java/org/apache/commons/collections4/list/TreeList.java,org.apache.commons.collections4.list.TreeList$AVLNode,"AVLNode/4[int,E,org.apache.commons.collections4.list.TreeList.AVLNode<E>,org.apache.commons.collections4.list.TreeList.AVLNode<E>]",right,1
/Users/larrymotuzis/Larry_Motuzis_Data/Project05_CommonsCollections/src/main/java/org/apache/commons/collections4/list/TreeList.java,org.apache.commons.collections4.list.TreeList$AVLNode,"AVLNode/4[int,E,org.apache.commons.collections4.list.TreeList.AVLNode<E>,org.apache.commons.collections4.list.TreeList.AVLNode<E>]",value,1
/Users/larrymotuzis/Larry_Motuzis_Data/Project05_CommonsCollections/src/main/java/org/apache/commons/collections4/list/TreeList.java,org.apache.commons.collections4.list.TreeList$AVLNode,min/0,left,1
/Users/larrymotuzis/Larry_Motuzis_Data/Project05_CommonsCollections/src/main/java/org/apache/commons/collections4/list/TreeList.java,org.apache.commons.collections4.list.TreeList$AVLNode,"AVLNode/6[java.util.Iterator<? extends E>,int,int,int,org.apache.commons.collections4.list.TreeList.AVLNode<E>,org.apache.commons.collections4.list.TreeList.AVLNode<E>]",leftIsPrevious,1
/Users/larrymotuzis/Larry_Motuzis_Data/Project05_CommonsCollections/src/main/java/org/apache/commons/collections4/list/TreeList.java,org.apache.commons.collections4.list.TreeList$AVLNode,"AVLNode/6[java.util.Iterator<? extends E>,int,int,int,org.apache.commons.collections4.list.TreeList.AVLNode<E>,org.apache.commons.collections4.list.TreeList.AVLNode<E>]",rightIsNext,1
/Users/larrymotuzis/Larry_Motuzis_Data/Project05_CommonsCollections/src/main/java/org/apache/commons/collections4/list/TreeList.java,org.apache.commons.collections4.list.TreeList$AVLNode,"AVLNode/6[java.util.Iterator<? extends E>,int,int,int,org.apache.commons.collections4.list.TreeList.AVLNode<E>,org.apache.commons.collections4.list.TreeList.AVLNode<E>]",left,2
/Users/larrymotuzis/Larry_Motuzis_Data/Project05_CommonsCollections/src/main/java/org/apache/commons/collections4/list/TreeList.java,org.apache.commons.collections4.list.TreeList$AVLNode,"AVLNode/6[java.util.Iterator<? extends E>,int,int,int,org.apache.commons.collections4.list.TreeList.AVLNode<E>,org.apache.commons.collections4.list.TreeList.AVLNode<E>]",relativePosition,1
/Users/larrymotuzis/Larry_Motuzis_Data/Project05_CommonsCollections/src/main/java/org/apache/commons/collections4/list/TreeList.java,org.apache.commons.collections4.list.TreeList$AVLNode,"AVLNode/6[java.util.Iterator<? extends E>,int,int,int,org.apache.commons.collections4.list.TreeList.AVLNode<E>,org.apache.commons.collections4.list.TreeList.AVLNode<E>]",right,2
/Users/larrymotuzis/Larry_Motuzis_Data/Project05_CommonsCollections/src/main/java/org/apache/commons/collections4/list/TreeList.java,org.apache.commons.collections4.list.TreeList$AVLNode,"AVLNode/6[java.util.Iterator<? extends E>,int,int,int,org.apache.commons.collections4.list.TreeList.AVLNode<E>,org.apache.commons.collections4.list.TreeList.AVLNode<E>]",value,1
/Users/larrymotuzis/Larry_Motuzis_Data/Project05_CommonsCollections/src/main/java/org/apache/commons/collections4/list/TreeList.java,org.apache.commons.collections4.list.TreeList$AVLNode,toString/0,rightIsNext,1
/Users/larrymotuzis/Larry_Motuzis_Data/Project05_CommonsCollections/src/main/java/org/apache/commons/collections4/list/TreeList.java,org.apache.commons.collections4.list.TreeList$AVLNode,toString/0,left,1
/Users/larrymotuzis/Larry_Motuzis_Data/Project05_CommonsCollections/src/main/java/org/apache/commons/collections4/list/TreeList.java,org.apache.commons.collections4.list.TreeList$AVLNode,toString/0,relativePosition,1
/Users/larrymotuzis/Larry_Motuzis_Data/Project05_CommonsCollections/src/main/java/org/apache/commons/collections4/list/TreeList.java,org.apache.commons.collections4.list.TreeList$AVLNode,toString/0,value,1
/Users/larrymotuzis/Larry_Motuzis_Data/Project05_CommonsCollections/src/main/java/org/apache/commons/collections4/list/TreeList.java,org.apache.commons.collections4.list.TreeList$AVLNode,"insert/2[int,E]",relativePosition,1
/Users/larrymotuzis/Larry_Motuzis_Data/Project05_CommonsCollections/src/main/java/org/apache/commons/collections4/list/TreeList.java,org.apache.commons.collections4.list.TreeList$AVLNode,"addAll/2[org.apache.commons.collections4.list.TreeList.AVLNode<E>,int]",height,1
/Users/larrymotuzis/Larry_Motuzis_Data/Project05_CommonsCollections/src/main/java/org/apache/commons/collections4/list/TreeList.java,org.apache.commons.collections4.list.TreeList$AVLNode,setValue/1[E],value,1
/Users/larrymotuzis/Larry_Motuzis_Data/Project05_CommonsCollections/src/main/java/org/apache/commons/collections4/list/TreeList.java,org.apache.commons.collections4.list.TreeList$AVLNode,removeMin/0,left,1
/Users/larrymotuzis/Larry_Motuzis_Data/Project05_CommonsCollections/src/main/java/org/apache/commons/collections4/list/TreeList.java,org.apache.commons.collections4.list.TreeList$AVLNode,removeMin/0,relativePosition,2
/Users/larrymotuzis/Larry_Motuzis_Data/Project05_CommonsCollections/src/main/java/org/apache/commons/collections4/list/TreeList.java,org.apache.commons.collections4.list.TreeList$AVLNode,removeMax/0,relativePosition,2
/Users/larrymotuzis/Larry_Motuzis_Data/Project05_CommonsCollections/src/main/java/org/apache/commons/collections4/list/TreeList.java,org.apache.commons.collections4.list.TreeList$AVLNode,removeMax/0,right,1
/Users/larrymotuzis/Larry_Motuzis_Data/Project05_CommonsCollections/src/main/java/org/apache/commons/collections4/list/TreeList.java,org.apache.commons.collections4.list.TreeList$AVLNode,recalcHeight/0,height,3
/Users/larrymotuzis/Larry_Motuzis_Data/Project05_CommonsCollections/src/main/java/org/apache/commons/collections4/list/TreeList.java,org.apache.commons.collections4.list.TreeList$AVLNode,"indexOf/2[java.lang.Object,int]",left,1
/Users/larrymotuzis/Larry_Motuzis_Data/Project05_CommonsCollections/src/main/java/org/apache/commons/collections4/list/TreeList.java,org.apache.commons.collections4.list.TreeList$AVLNode,"indexOf/2[java.lang.Object,int]",right,1
/Users/larrymotuzis/Larry_Motuzis_Data/Project05_CommonsCollections/src/main/java/org/apache/commons/collections4/list/TreeList.java,org.apache.commons.collections4.list.TreeList$AVLNode,"indexOf/2[java.lang.Object,int]",value,1
/Users/larrymotuzis/Larry_Motuzis_Data/Project05_CommonsCollections/src/main/java/org/apache/commons/collections4/list/TreeList.java,org.apache.commons.collections4.list.TreeList$AVLNode,"insertOnRight/2[int,E]",relativePosition,2
/Users/larrymotuzis/Larry_Motuzis_Data/Project05_CommonsCollections/src/main/java/org/apache/commons/collections4/list/TreeList.java,org.apache.commons.collections4.list.TreeList$AVLNode,"insertOnRight/2[int,E]",right,2
/Users/larrymotuzis/Larry_Motuzis_Data/Project05_CommonsCollections/src/main/java/org/apache/commons/collections4/list/TreeList.java,org.apache.commons.collections4.list.TreeList$AVLNode,balance/0,left,2
/Users/larrymotuzis/Larry_Motuzis_Data/Project05_CommonsCollections/src/main/java/org/apache/commons/collections4/list/TreeList.java,org.apache.commons.collections4.list.TreeList$AVLNode,balance/0,right,2
/Users/larrymotuzis/Larry_Motuzis_Data/Project05_CommonsCollections/src/main/java/org/apache/commons/collections4/list/TreeList.java,org.apache.commons.collections4.list.TreeList$AVLNode,next/0,rightIsNext,1
/Users/larrymotuzis/Larry_Motuzis_Data/Project05_CommonsCollections/src/main/java/org/apache/commons/collections4/list/TreeList.java,org.apache.commons.collections4.list.TreeList$AVLNode,next/0,right,3
/Users/larrymotuzis/Larry_Motuzis_Data/Project05_CommonsCollections/src/main/java/org/apache/commons/collections4/list/TreeList.java,org.apache.commons.collections4.list.TreeList$AVLNode,"toArray/2[java.lang.Object[],int]",left,1
/Users/larrymotuzis/Larry_Motuzis_Data/Project05_CommonsCollections/src/main/java/org/apache/commons/collections4/list/TreeList.java,org.apache.commons.collections4.list.TreeList$AVLNode,"toArray/2[java.lang.Object[],int]",right,1
/Users/larrymotuzis/Larry_Motuzis_Data/Project05_CommonsCollections/src/main/java/org/apache/commons/collections4/list/TreeList.java,org.apache.commons.collections4.list.TreeList$AVLNode,"toArray/2[java.lang.Object[],int]",value,1
/Users/larrymotuzis/Larry_Motuzis_Data/Project05_CommonsCollections/src/main/java/org/apache/commons/collections4/list/TreeList.java,org.apache.commons.collections4.list.TreeList$AVLNode,"setRight/2[org.apache.commons.collections4.list.TreeList.AVLNode<E>,org.apache.commons.collections4.list.TreeList.AVLNode<E>]",rightIsNext,2
/Users/larrymotuzis/Larry_Motuzis_Data/Project05_CommonsCollections/src/main/java/org/apache/commons/collections4/list/TreeList.java,org.apache.commons.collections4.list.TreeList$AVLNode,"setRight/2[org.apache.commons.collections4.list.TreeList.AVLNode<E>,org.apache.commons.collections4.list.TreeList.AVLNode<E>]",right,1
/Users/larrymotuzis/Larry_Motuzis_Data/Project05_CommonsCollections/src/main/java/org/apache/commons/collections4/list/TreeList.java,org.apache.commons.collections4.list.TreeList$AVLNode,get/1[int],relativePosition,1
/Users/larrymotuzis/Larry_Motuzis_Data/Project05_CommonsCollections/src/main/java/org/apache/commons/collections4/list/TreeList.java,org.apache.commons.collections4.list.TreeList$AVLNode,previous/0,leftIsPrevious,1
/Users/larrymotuzis/Larry_Motuzis_Data/Project05_CommonsCollections/src/main/java/org/apache/commons/collections4/list/TreeList.java,org.apache.commons.collections4.list.TreeList$AVLNode,previous/0,left,3
/Users/larrymotuzis/Larry_Motuzis_Data/Project05_CommonsCollections/src/main/java/org/apache/commons/collections4/list/TreeList.java,org.apache.commons.collections4.list.TreeList$AVLNode,getLeftSubTree/0,leftIsPrevious,1
/Users/larrymotuzis/Larry_Motuzis_Data/Project05_CommonsCollections/src/main/java/org/apache/commons/collections4/list/TreeList.java,org.apache.commons.collections4.list.TreeList$AVLNode,getLeftSubTree/0,left,1
/Users/larrymotuzis/Larry_Motuzis_Data/Project05_CommonsCollections/src/main/java/org/apache/commons/collections4/list/TreeList.java,org.apache.commons.collections4.list.TreeList$AVLNode,rotateRight/0,left,1
/Users/larrymotuzis/Larry_Motuzis_Data/Project05_CommonsCollections/src/main/java/org/apache/commons/collections4/list/TreeList.java,org.apache.commons.collections4.list.TreeList$AVLNode,rotateRight/0,relativePosition,1
/Users/larrymotuzis/Larry_Motuzis_Data/Project05_CommonsCollections/src/main/java/org/apache/commons/collections4/list/TreeList.java,org.apache.commons.collections4.list.TreeList$AVLNode,rotateLeft/0,relativePosition,1
/Users/larrymotuzis/Larry_Motuzis_Data/Project05_CommonsCollections/src/main/java/org/apache/commons/collections4/list/TreeList.java,org.apache.commons.collections4.list.TreeList$AVLNode,rotateLeft/0,right,1
/Users/larrymotuzis/Larry_Motuzis_Data/Project05_CommonsCollections/src/main/java/org/apache/commons/collections4/sequence/ReplacementsFinder.java,org.apache.commons.collections4.sequence.ReplacementsFinder,visitInsertCommand/1[T],pendingInsertions,1
/Users/larrymotuzis/Larry_Motuzis_Data/Project05_CommonsCollections/src/main/java/org/apache/commons/collections4/sequence/ReplacementsFinder.java,org.apache.commons.collections4.sequence.ReplacementsFinder,visitKeepCommand/1[T],pendingDeletions,3
/Users/larrymotuzis/Larry_Motuzis_Data/Project05_CommonsCollections/src/main/java/org/apache/commons/collections4/sequence/ReplacementsFinder.java,org.apache.commons.collections4.sequence.ReplacementsFinder,visitKeepCommand/1[T],handler,1
/Users/larrymotuzis/Larry_Motuzis_Data/Project05_CommonsCollections/src/main/java/org/apache/commons/collections4/sequence/ReplacementsFinder.java,org.apache.commons.collections4.sequence.ReplacementsFinder,visitKeepCommand/1[T],pendingInsertions,3
/Users/larrymotuzis/Larry_Motuzis_Data/Project05_CommonsCollections/src/main/java/org/apache/commons/collections4/sequence/ReplacementsFinder.java,org.apache.commons.collections4.sequence.ReplacementsFinder,visitKeepCommand/1[T],skipped,3
/Users/larrymotuzis/Larry_Motuzis_Data/Project05_CommonsCollections/src/main/java/org/apache/commons/collections4/sequence/ReplacementsFinder.java,org.apache.commons.collections4.sequence.ReplacementsFinder,ReplacementsFinder/1[org.apache.commons.collections4.sequence.ReplacementsHandler<T>],pendingDeletions,1
/Users/larrymotuzis/Larry_Motuzis_Data/Project05_CommonsCollections/src/main/java/org/apache/commons/collections4/sequence/ReplacementsFinder.java,org.apache.commons.collections4.sequence.ReplacementsFinder,ReplacementsFinder/1[org.apache.commons.collections4.sequence.ReplacementsHandler<T>],handler,4
/Users/larrymotuzis/Larry_Motuzis_Data/Project05_CommonsCollections/src/main/java/org/apache/commons/collections4/sequence/ReplacementsFinder.java,org.apache.commons.collections4.sequence.ReplacementsFinder,ReplacementsFinder/1[org.apache.commons.collections4.sequence.ReplacementsHandler<T>],pendingInsertions,1
/Users/larrymotuzis/Larry_Motuzis_Data/Project05_CommonsCollections/src/main/java/org/apache/commons/collections4/sequence/ReplacementsFinder.java,org.apache.commons.collections4.sequence.ReplacementsFinder,ReplacementsFinder/1[org.apache.commons.collections4.sequence.ReplacementsHandler<T>],skipped,1
/Users/larrymotuzis/Larry_Motuzis_Data/Project05_CommonsCollections/src/main/java/org/apache/commons/collections4/sequence/ReplacementsFinder.java,org.apache.commons.collections4.sequence.ReplacementsFinder,visitDeleteCommand/1[T],pendingDeletions,1
/Users/larrymotuzis/Larry_Motuzis_Data/Project05_CommonsCollections/src/main/java/org/apache/commons/collections4/iterators/PushbackIterator.java,org.apache.commons.collections4.iterators.PushbackIterator,pushback/1[E],items,1
/Users/larrymotuzis/Larry_Motuzis_Data/Project05_CommonsCollections/src/main/java/org/apache/commons/collections4/iterators/PushbackIterator.java,org.apache.commons.collections4.iterators.PushbackIterator,PushbackIterator/1[java.util.Iterator<? extends E>],iterator,4
/Users/larrymotuzis/Larry_Motuzis_Data/Project05_CommonsCollections/src/main/java/org/apache/commons/collections4/iterators/PushbackIterator.java,org.apache.commons.collections4.iterators.PushbackIterator,next/0,iterator,1
/Users/larrymotuzis/Larry_Motuzis_Data/Project05_CommonsCollections/src/main/java/org/apache/commons/collections4/iterators/PushbackIterator.java,org.apache.commons.collections4.iterators.PushbackIterator,next/0,items,2
/Users/larrymotuzis/Larry_Motuzis_Data/Project05_CommonsCollections/src/main/java/org/apache/commons/collections4/iterators/PushbackIterator.java,org.apache.commons.collections4.iterators.PushbackIterator,pushbackIterator/1[java.util.Iterator<? extends E>],iterator,6
/Users/larrymotuzis/Larry_Motuzis_Data/Project05_CommonsCollections/src/main/java/org/apache/commons/collections4/iterators/PushbackIterator.java,org.apache.commons.collections4.iterators.PushbackIterator,hasNext/0,iterator,1
/Users/larrymotuzis/Larry_Motuzis_Data/Project05_CommonsCollections/src/main/java/org/apache/commons/collections4/iterators/PushbackIterator.java,org.apache.commons.collections4.iterators.PushbackIterator,hasNext/0,items,1
/Users/larrymotuzis/Larry_Motuzis_Data/Project05_CommonsCollections/src/main/java/org/apache/commons/collections4/functors/IfTransformer.java,org.apache.commons.collections4.functors.IfTransformer,getFalseTransformer/0,iFalseTransformer,1
/Users/larrymotuzis/Larry_Motuzis_Data/Project05_CommonsCollections/src/main/java/org/apache/commons/collections4/functors/IfTransformer.java,org.apache.commons.collections4.functors.IfTransformer,getPredicate/0,iPredicate,1
/Users/larrymotuzis/Larry_Motuzis_Data/Project05_CommonsCollections/src/main/java/org/apache/commons/collections4/functors/IfTransformer.java,org.apache.commons.collections4.functors.IfTransformer,transform/1[T],iPredicate,1
/Users/larrymotuzis/Larry_Motuzis_Data/Project05_CommonsCollections/src/main/java/org/apache/commons/collections4/functors/IfTransformer.java,org.apache.commons.collections4.functors.IfTransformer,transform/1[T],iTrueTransformer,1
/Users/larrymotuzis/Larry_Motuzis_Data/Project05_CommonsCollections/src/main/java/org/apache/commons/collections4/functors/IfTransformer.java,org.apache.commons.collections4.functors.IfTransformer,transform/1[T],iFalseTransformer,1
/Users/larrymotuzis/Larry_Motuzis_Data/Project05_CommonsCollections/src/main/java/org/apache/commons/collections4/functors/IfTransformer.java,org.apache.commons.collections4.functors.IfTransformer,"IfTransformer/3[org.apache.commons.collections4.Predicate<? super T>,org.apache.commons.collections4.Transformer<? super T,? extends R>,org.apache.commons.collections4.Transformer<? super T,? extends R>]",iPredicate,1
/Users/larrymotuzis/Larry_Motuzis_Data/Project05_CommonsCollections/src/main/java/org/apache/commons/collections4/functors/IfTransformer.java,org.apache.commons.collections4.functors.IfTransformer,"IfTransformer/3[org.apache.commons.collections4.Predicate<? super T>,org.apache.commons.collections4.Transformer<? super T,? extends R>,org.apache.commons.collections4.Transformer<? super T,? extends R>]",iTrueTransformer,1
/Users/larrymotuzis/Larry_Motuzis_Data/Project05_CommonsCollections/src/main/java/org/apache/commons/collections4/functors/IfTransformer.java,org.apache.commons.collections4.functors.IfTransformer,"IfTransformer/3[org.apache.commons.collections4.Predicate<? super T>,org.apache.commons.collections4.Transformer<? super T,? extends R>,org.apache.commons.collections4.Transformer<? super T,? extends R>]",iFalseTransformer,1
/Users/larrymotuzis/Larry_Motuzis_Data/Project05_CommonsCollections/src/main/java/org/apache/commons/collections4/functors/IfTransformer.java,org.apache.commons.collections4.functors.IfTransformer,getTrueTransformer/0,iTrueTransformer,1
/Users/larrymotuzis/Larry_Motuzis_Data/Project05_CommonsCollections/src/main/java/org/apache/commons/collections4/trie/AbstractPatriciaTrie.java,org.apache.commons.collections4.trie.AbstractPatriciaTrie$RangeEntrySet,iterator/0,delegate,2
/Users/larrymotuzis/Larry_Motuzis_Data/Project05_CommonsCollections/src/main/java/org/apache/commons/collections4/trie/AbstractPatriciaTrie.java,org.apache.commons.collections4.trie.AbstractPatriciaTrie$RangeEntrySet,size/0,size,5
/Users/larrymotuzis/Larry_Motuzis_Data/Project05_CommonsCollections/src/main/java/org/apache/commons/collections4/trie/AbstractPatriciaTrie.java,org.apache.commons.collections4.trie.AbstractPatriciaTrie$RangeEntrySet,size/0,expectedModCount,2
/Users/larrymotuzis/Larry_Motuzis_Data/Project05_CommonsCollections/src/main/java/org/apache/commons/collections4/trie/AbstractPatriciaTrie.java,org.apache.commons.collections4.trie.AbstractPatriciaTrie$RangeEntrySet,contains/1[java.lang.Object],delegate,1
/Users/larrymotuzis/Larry_Motuzis_Data/Project05_CommonsCollections/src/main/java/org/apache/commons/collections4/trie/AbstractPatriciaTrie.java,org.apache.commons.collections4.trie.AbstractPatriciaTrie$RangeEntrySet,"RangeEntrySet/1[org.apache.commons.collections4.trie.AbstractPatriciaTrie<K,V>.AbstractRangeMap]",delegate,3
/Users/larrymotuzis/Larry_Motuzis_Data/Project05_CommonsCollections/src/main/java/org/apache/commons/collections4/trie/AbstractPatriciaTrie.java,org.apache.commons.collections4.trie.AbstractPatriciaTrie$RangeEntrySet,remove/1[java.lang.Object],delegate,1
/Users/larrymotuzis/Larry_Motuzis_Data/Project05_CommonsCollections/src/main/java/org/apache/commons/collections4/list/LazyList.java,org.apache.commons.collections4.list.LazyList,"subList/2[int,int]",factory,2
/Users/larrymotuzis/Larry_Motuzis_Data/Project05_CommonsCollections/src/main/java/org/apache/commons/collections4/list/LazyList.java,org.apache.commons.collections4.list.LazyList,"subList/2[int,int]",transformer,2
/Users/larrymotuzis/Larry_Motuzis_Data/Project05_CommonsCollections/src/main/java/org/apache/commons/collections4/list/LazyList.java,org.apache.commons.collections4.list.LazyList,element/1[int],factory,2
/Users/larrymotuzis/Larry_Motuzis_Data/Project05_CommonsCollections/src/main/java/org/apache/commons/collections4/list/LazyList.java,org.apache.commons.collections4.list.LazyList,element/1[int],transformer,2
/Users/larrymotuzis/Larry_Motuzis_Data/Project05_CommonsCollections/src/main/java/org/apache/commons/collections4/list/LazyList.java,org.apache.commons.collections4.list.LazyList,"lazyList/2[java.util.List<E>,org.apache.commons.collections4.Transformer<java.lang.Integer,? extends E>]",transformer,3
/Users/larrymotuzis/Larry_Motuzis_Data/Project05_CommonsCollections/src/main/java/org/apache/commons/collections4/list/LazyList.java,org.apache.commons.collections4.list.LazyList,"lazyList/2[java.util.List<E>,org.apache.commons.collections4.Factory<? extends E>]",factory,3
/Users/larrymotuzis/Larry_Motuzis_Data/Project05_CommonsCollections/src/main/java/org/apache/commons/collections4/list/LazyList.java,org.apache.commons.collections4.list.LazyList,"LazyList/2[java.util.List<E>,org.apache.commons.collections4.Transformer<java.lang.Integer,? extends E>]",factory,1
/Users/larrymotuzis/Larry_Motuzis_Data/Project05_CommonsCollections/src/main/java/org/apache/commons/collections4/list/LazyList.java,org.apache.commons.collections4.list.LazyList,"LazyList/2[java.util.List<E>,org.apache.commons.collections4.Transformer<java.lang.Integer,? extends E>]",transformer,4
/Users/larrymotuzis/Larry_Motuzis_Data/Project05_CommonsCollections/src/main/java/org/apache/commons/collections4/list/LazyList.java,org.apache.commons.collections4.list.LazyList,"LazyList/2[java.util.List<E>,org.apache.commons.collections4.Factory<? extends E>]",factory,4
/Users/larrymotuzis/Larry_Motuzis_Data/Project05_CommonsCollections/src/main/java/org/apache/commons/collections4/list/LazyList.java,org.apache.commons.collections4.list.LazyList,"LazyList/2[java.util.List<E>,org.apache.commons.collections4.Factory<? extends E>]",transformer,1
/Users/larrymotuzis/Larry_Motuzis_Data/Project05_CommonsCollections/src/main/java/org/apache/commons/collections4/ListUtils.java,org.apache.commons.collections4.ListUtils$Partition,"Partition/2[java.util.List<T>,int]",size,3
/Users/larrymotuzis/Larry_Motuzis_Data/Project05_CommonsCollections/src/main/java/org/apache/commons/collections4/ListUtils.java,org.apache.commons.collections4.ListUtils$Partition,"Partition/2[java.util.List<T>,int]",list,3
/Users/larrymotuzis/Larry_Motuzis_Data/Project05_CommonsCollections/src/main/java/org/apache/commons/collections4/ListUtils.java,org.apache.commons.collections4.ListUtils$Partition,get/1[int],size,4
/Users/larrymotuzis/Larry_Motuzis_Data/Project05_CommonsCollections/src/main/java/org/apache/commons/collections4/ListUtils.java,org.apache.commons.collections4.ListUtils$Partition,get/1[int],list,2
/Users/larrymotuzis/Larry_Motuzis_Data/Project05_CommonsCollections/src/main/java/org/apache/commons/collections4/ListUtils.java,org.apache.commons.collections4.ListUtils$Partition,isEmpty/0,list,1
/Users/larrymotuzis/Larry_Motuzis_Data/Project05_CommonsCollections/src/main/java/org/apache/commons/collections4/ListUtils.java,org.apache.commons.collections4.ListUtils$Partition,size/0,size,3
/Users/larrymotuzis/Larry_Motuzis_Data/Project05_CommonsCollections/src/main/java/org/apache/commons/collections4/ListUtils.java,org.apache.commons.collections4.ListUtils$Partition,size/0,list,1
/Users/larrymotuzis/Larry_Motuzis_Data/Project05_CommonsCollections/src/main/java/org/apache/commons/collections4/bidimap/AbstractDualBidiMap.java,org.apache.commons.collections4.bidimap.AbstractDualBidiMap$KeySetIterator,next/0,canRemove,1
/Users/larrymotuzis/Larry_Motuzis_Data/Project05_CommonsCollections/src/main/java/org/apache/commons/collections4/bidimap/AbstractDualBidiMap.java,org.apache.commons.collections4.bidimap.AbstractDualBidiMap$KeySetIterator,next/0,lastKey,2
/Users/larrymotuzis/Larry_Motuzis_Data/Project05_CommonsCollections/src/main/java/org/apache/commons/collections4/bidimap/AbstractDualBidiMap.java,org.apache.commons.collections4.bidimap.AbstractDualBidiMap$KeySetIterator,remove/0,canRemove,2
/Users/larrymotuzis/Larry_Motuzis_Data/Project05_CommonsCollections/src/main/java/org/apache/commons/collections4/bidimap/AbstractDualBidiMap.java,org.apache.commons.collections4.bidimap.AbstractDualBidiMap$KeySetIterator,remove/0,lastKey,2
/Users/larrymotuzis/Larry_Motuzis_Data/Project05_CommonsCollections/src/main/java/org/apache/commons/collections4/bidimap/AbstractDualBidiMap.java,org.apache.commons.collections4.bidimap.AbstractDualBidiMap$KeySetIterator,"KeySetIterator/2[java.util.Iterator<K>,org.apache.commons.collections4.bidimap.AbstractDualBidiMap<K,?>]",parent,4
/Users/larrymotuzis/Larry_Motuzis_Data/Project05_CommonsCollections/src/main/java/org/apache/commons/collections4/QueueUtils.java,org.apache.commons.collections4.QueueUtils,emptyQueue/0,EMPTY_QUEUE,1
/Users/larrymotuzis/Larry_Motuzis_Data/Project05_CommonsCollections/src/main/java/org/apache/commons/collections4/iterators/UnmodifiableListIterator.java,org.apache.commons.collections4.iterators.UnmodifiableListIterator,unmodifiableListIterator/1[java.util.ListIterator<? extends E>],iterator,6
/Users/larrymotuzis/Larry_Motuzis_Data/Project05_CommonsCollections/src/main/java/org/apache/commons/collections4/iterators/UnmodifiableListIterator.java,org.apache.commons.collections4.iterators.UnmodifiableListIterator,hasNext/0,iterator,1
/Users/larrymotuzis/Larry_Motuzis_Data/Project05_CommonsCollections/src/main/java/org/apache/commons/collections4/iterators/UnmodifiableListIterator.java,org.apache.commons.collections4.iterators.UnmodifiableListIterator,hasPrevious/0,iterator,1
/Users/larrymotuzis/Larry_Motuzis_Data/Project05_CommonsCollections/src/main/java/org/apache/commons/collections4/iterators/UnmodifiableListIterator.java,org.apache.commons.collections4.iterators.UnmodifiableListIterator,nextIndex/0,iterator,1
/Users/larrymotuzis/Larry_Motuzis_Data/Project05_CommonsCollections/src/main/java/org/apache/commons/collections4/iterators/UnmodifiableListIterator.java,org.apache.commons.collections4.iterators.UnmodifiableListIterator,previous/0,iterator,1
/Users/larrymotuzis/Larry_Motuzis_Data/Project05_CommonsCollections/src/main/java/org/apache/commons/collections4/iterators/UnmodifiableListIterator.java,org.apache.commons.collections4.iterators.UnmodifiableListIterator,umodifiableListIterator/1[java.util.ListIterator<? extends E>],iterator,3
/Users/larrymotuzis/Larry_Motuzis_Data/Project05_CommonsCollections/src/main/java/org/apache/commons/collections4/iterators/UnmodifiableListIterator.java,org.apache.commons.collections4.iterators.UnmodifiableListIterator,next/0,iterator,1
/Users/larrymotuzis/Larry_Motuzis_Data/Project05_CommonsCollections/src/main/java/org/apache/commons/collections4/iterators/UnmodifiableListIterator.java,org.apache.commons.collections4.iterators.UnmodifiableListIterator,previousIndex/0,iterator,1
/Users/larrymotuzis/Larry_Motuzis_Data/Project05_CommonsCollections/src/main/java/org/apache/commons/collections4/iterators/UnmodifiableListIterator.java,org.apache.commons.collections4.iterators.UnmodifiableListIterator,UnmodifiableListIterator/1[java.util.ListIterator<? extends E>],iterator,4
/Users/larrymotuzis/Larry_Motuzis_Data/Project05_CommonsCollections/src/main/java/org/apache/commons/collections4/functors/TruePredicate.java,org.apache.commons.collections4.functors.TruePredicate,readResolve/0,INSTANCE,1
/Users/larrymotuzis/Larry_Motuzis_Data/Project05_CommonsCollections/src/main/java/org/apache/commons/collections4/functors/TruePredicate.java,org.apache.commons.collections4.functors.TruePredicate,truePredicate/0,INSTANCE,1
/Users/larrymotuzis/Larry_Motuzis_Data/Project05_CommonsCollections/src/main/java/org/apache/commons/collections4/map/ConcurrentReferenceHashMap.java,org.apache.commons.collections4.map.ConcurrentReferenceHashMap,size/0,RETRIES_BEFORE_LOCK,1
/Users/larrymotuzis/Larry_Motuzis_Data/Project05_CommonsCollections/src/main/java/org/apache/commons/collections4/map/ConcurrentReferenceHashMap.java,org.apache.commons.collections4.map.ConcurrentReferenceHashMap,size/0,segments,5
/Users/larrymotuzis/Larry_Motuzis_Data/Project05_CommonsCollections/src/main/java/org/apache/commons/collections4/map/ConcurrentReferenceHashMap.java,org.apache.commons.collections4.map.ConcurrentReferenceHashMap,clear/0,segments,1
/Users/larrymotuzis/Larry_Motuzis_Data/Project05_CommonsCollections/src/main/java/org/apache/commons/collections4/map/ConcurrentReferenceHashMap.java,org.apache.commons.collections4.map.ConcurrentReferenceHashMap,purgeStaleEntries/0,segments,1
/Users/larrymotuzis/Larry_Motuzis_Data/Project05_CommonsCollections/src/main/java/org/apache/commons/collections4/map/ConcurrentReferenceHashMap.java,org.apache.commons.collections4.map.ConcurrentReferenceHashMap,entrySet/0,entrySet,3
/Users/larrymotuzis/Larry_Motuzis_Data/Project05_CommonsCollections/src/main/java/org/apache/commons/collections4/map/ConcurrentReferenceHashMap.java,org.apache.commons.collections4.map.ConcurrentReferenceHashMap,"ConcurrentReferenceHashMap/6[int,float,int,org.apache.commons.collections4.map.ConcurrentReferenceHashMap.ReferenceType,org.apache.commons.collections4.map.ConcurrentReferenceHashMap.ReferenceType,java.util.EnumSet<org.apache.commons.collections4.map.ConcurrentReferenceHashMap.Option>]",MAX_SEGMENTS,2
/Users/larrymotuzis/Larry_Motuzis_Data/Project05_CommonsCollections/src/main/java/org/apache/commons/collections4/map/ConcurrentReferenceHashMap.java,org.apache.commons.collections4.map.ConcurrentReferenceHashMap,"ConcurrentReferenceHashMap/6[int,float,int,org.apache.commons.collections4.map.ConcurrentReferenceHashMap.ReferenceType,org.apache.commons.collections4.map.ConcurrentReferenceHashMap.ReferenceType,java.util.EnumSet<org.apache.commons.collections4.map.ConcurrentReferenceHashMap.Option>]",identityComparisons,2
/Users/larrymotuzis/Larry_Motuzis_Data/Project05_CommonsCollections/src/main/java/org/apache/commons/collections4/map/ConcurrentReferenceHashMap.java,org.apache.commons.collections4.map.ConcurrentReferenceHashMap,"ConcurrentReferenceHashMap/6[int,float,int,org.apache.commons.collections4.map.ConcurrentReferenceHashMap.ReferenceType,org.apache.commons.collections4.map.ConcurrentReferenceHashMap.ReferenceType,java.util.EnumSet<org.apache.commons.collections4.map.ConcurrentReferenceHashMap.Option>]",MAXIMUM_CAPACITY,2
/Users/larrymotuzis/Larry_Motuzis_Data/Project05_CommonsCollections/src/main/java/org/apache/commons/collections4/map/ConcurrentReferenceHashMap.java,org.apache.commons.collections4.map.ConcurrentReferenceHashMap,"ConcurrentReferenceHashMap/6[int,float,int,org.apache.commons.collections4.map.ConcurrentReferenceHashMap.ReferenceType,org.apache.commons.collections4.map.ConcurrentReferenceHashMap.ReferenceType,java.util.EnumSet<org.apache.commons.collections4.map.ConcurrentReferenceHashMap.Option>]",segmentShift,1
/Users/larrymotuzis/Larry_Motuzis_Data/Project05_CommonsCollections/src/main/java/org/apache/commons/collections4/map/ConcurrentReferenceHashMap.java,org.apache.commons.collections4.map.ConcurrentReferenceHashMap,"ConcurrentReferenceHashMap/6[int,float,int,org.apache.commons.collections4.map.ConcurrentReferenceHashMap.ReferenceType,org.apache.commons.collections4.map.ConcurrentReferenceHashMap.ReferenceType,java.util.EnumSet<org.apache.commons.collections4.map.ConcurrentReferenceHashMap.Option>]",segmentMask,1
/Users/larrymotuzis/Larry_Motuzis_Data/Project05_CommonsCollections/src/main/java/org/apache/commons/collections4/map/ConcurrentReferenceHashMap.java,org.apache.commons.collections4.map.ConcurrentReferenceHashMap,"ConcurrentReferenceHashMap/6[int,float,int,org.apache.commons.collections4.map.ConcurrentReferenceHashMap.ReferenceType,org.apache.commons.collections4.map.ConcurrentReferenceHashMap.ReferenceType,java.util.EnumSet<org.apache.commons.collections4.map.ConcurrentReferenceHashMap.Option>]",segments,3
/Users/larrymotuzis/Larry_Motuzis_Data/Project05_CommonsCollections/src/main/java/org/apache/commons/collections4/map/ConcurrentReferenceHashMap.java,org.apache.commons.collections4.map.ConcurrentReferenceHashMap,hashOf/1[java.lang.Object],identityComparisons,1
/Users/larrymotuzis/Larry_Motuzis_Data/Project05_CommonsCollections/src/main/java/org/apache/commons/collections4/map/ConcurrentReferenceHashMap.java,org.apache.commons.collections4.map.ConcurrentReferenceHashMap,keySet/0,keySet,3
/Users/larrymotuzis/Larry_Motuzis_Data/Project05_CommonsCollections/src/main/java/org/apache/commons/collections4/map/ConcurrentReferenceHashMap.java,org.apache.commons.collections4.map.ConcurrentReferenceHashMap,values/0,values,3
/Users/larrymotuzis/Larry_Motuzis_Data/Project05_CommonsCollections/src/main/java/org/apache/commons/collections4/map/ConcurrentReferenceHashMap.java,org.apache.commons.collections4.map.ConcurrentReferenceHashMap,isEmpty/0,segments,5
/Users/larrymotuzis/Larry_Motuzis_Data/Project05_CommonsCollections/src/main/java/org/apache/commons/collections4/map/ConcurrentReferenceHashMap.java,org.apache.commons.collections4.map.ConcurrentReferenceHashMap,builder/0,DEFAULT_LOAD_FACTOR,1
/Users/larrymotuzis/Larry_Motuzis_Data/Project05_CommonsCollections/src/main/java/org/apache/commons/collections4/map/ConcurrentReferenceHashMap.java,org.apache.commons.collections4.map.ConcurrentReferenceHashMap,builder/0,DEFAULT_INITIAL_CAPACITY,1
/Users/larrymotuzis/Larry_Motuzis_Data/Project05_CommonsCollections/src/main/java/org/apache/commons/collections4/map/ConcurrentReferenceHashMap.java,org.apache.commons.collections4.map.ConcurrentReferenceHashMap,builder/0,DEFAULT_CONCURRENCY_LEVEL,1
/Users/larrymotuzis/Larry_Motuzis_Data/Project05_CommonsCollections/src/main/java/org/apache/commons/collections4/map/ConcurrentReferenceHashMap.java,org.apache.commons.collections4.map.ConcurrentReferenceHashMap,"putAll/1[java.util.Map<? extends K,? extends V>]",entrySet,1
/Users/larrymotuzis/Larry_Motuzis_Data/Project05_CommonsCollections/src/main/java/org/apache/commons/collections4/map/ConcurrentReferenceHashMap.java,org.apache.commons.collections4.map.ConcurrentReferenceHashMap,segmentFor/1[int],segments,1
/Users/larrymotuzis/Larry_Motuzis_Data/Project05_CommonsCollections/src/main/java/org/apache/commons/collections4/map/ConcurrentReferenceHashMap.java,org.apache.commons.collections4.map.ConcurrentReferenceHashMap,segmentFor/1[int],segmentShift,1
/Users/larrymotuzis/Larry_Motuzis_Data/Project05_CommonsCollections/src/main/java/org/apache/commons/collections4/map/ConcurrentReferenceHashMap.java,org.apache.commons.collections4.map.ConcurrentReferenceHashMap,segmentFor/1[int],segmentMask,1
/Users/larrymotuzis/Larry_Motuzis_Data/Project05_CommonsCollections/src/main/java/org/apache/commons/collections4/map/ConcurrentReferenceHashMap.java,org.apache.commons.collections4.map.ConcurrentReferenceHashMap,containsValue/1[java.lang.Object],RETRIES_BEFORE_LOCK,1
/Users/larrymotuzis/Larry_Motuzis_Data/Project05_CommonsCollections/src/main/java/org/apache/commons/collections4/map/ConcurrentReferenceHashMap.java,org.apache.commons.collections4.map.ConcurrentReferenceHashMap,containsValue/1[java.lang.Object],segments,3
/Users/larrymotuzis/Larry_Motuzis_Data/Project05_CommonsCollections/src/main/java/org/apache/commons/collections4/functors/NotNullPredicate.java,org.apache.commons.collections4.functors.NotNullPredicate,readResolve/0,INSTANCE,1
/Users/larrymotuzis/Larry_Motuzis_Data/Project05_CommonsCollections/src/main/java/org/apache/commons/collections4/functors/NotNullPredicate.java,org.apache.commons.collections4.functors.NotNullPredicate,notNullPredicate/0,INSTANCE,1
/Users/larrymotuzis/Larry_Motuzis_Data/Project05_CommonsCollections/src/main/java/org/apache/commons/collections4/functors/DefaultEquator.java,org.apache.commons.collections4.functors.DefaultEquator,readResolve/0,INSTANCE,1
/Users/larrymotuzis/Larry_Motuzis_Data/Project05_CommonsCollections/src/main/java/org/apache/commons/collections4/functors/DefaultEquator.java,org.apache.commons.collections4.functors.DefaultEquator,hash/1[T],HASHCODE_NULL,2
/Users/larrymotuzis/Larry_Motuzis_Data/Project05_CommonsCollections/src/main/java/org/apache/commons/collections4/functors/DefaultEquator.java,org.apache.commons.collections4.functors.DefaultEquator,defaultEquator/0,INSTANCE,1
/Users/larrymotuzis/Larry_Motuzis_Data/Project05_CommonsCollections/src/main/java/org/apache/commons/collections4/iterators/AbstractListIteratorDecorator.java,org.apache.commons.collections4.iterators.AbstractListIteratorDecorator,remove/0,iterator,1
/Users/larrymotuzis/Larry_Motuzis_Data/Project05_CommonsCollections/src/main/java/org/apache/commons/collections4/iterators/AbstractListIteratorDecorator.java,org.apache.commons.collections4.iterators.AbstractListIteratorDecorator,add/1[E],iterator,1
/Users/larrymotuzis/Larry_Motuzis_Data/Project05_CommonsCollections/src/main/java/org/apache/commons/collections4/iterators/AbstractListIteratorDecorator.java,org.apache.commons.collections4.iterators.AbstractListIteratorDecorator,set/1[E],iterator,1
/Users/larrymotuzis/Larry_Motuzis_Data/Project05_CommonsCollections/src/main/java/org/apache/commons/collections4/iterators/AbstractListIteratorDecorator.java,org.apache.commons.collections4.iterators.AbstractListIteratorDecorator,hasPrevious/0,iterator,1
/Users/larrymotuzis/Larry_Motuzis_Data/Project05_CommonsCollections/src/main/java/org/apache/commons/collections4/iterators/AbstractListIteratorDecorator.java,org.apache.commons.collections4.iterators.AbstractListIteratorDecorator,AbstractListIteratorDecorator/1[java.util.ListIterator<E>],iterator,4
/Users/larrymotuzis/Larry_Motuzis_Data/Project05_CommonsCollections/src/main/java/org/apache/commons/collections4/iterators/AbstractListIteratorDecorator.java,org.apache.commons.collections4.iterators.AbstractListIteratorDecorator,hasNext/0,iterator,1
/Users/larrymotuzis/Larry_Motuzis_Data/Project05_CommonsCollections/src/main/java/org/apache/commons/collections4/iterators/AbstractListIteratorDecorator.java,org.apache.commons.collections4.iterators.AbstractListIteratorDecorator,previous/0,iterator,1
/Users/larrymotuzis/Larry_Motuzis_Data/Project05_CommonsCollections/src/main/java/org/apache/commons/collections4/iterators/AbstractListIteratorDecorator.java,org.apache.commons.collections4.iterators.AbstractListIteratorDecorator,previousIndex/0,iterator,1
/Users/larrymotuzis/Larry_Motuzis_Data/Project05_CommonsCollections/src/main/java/org/apache/commons/collections4/iterators/AbstractListIteratorDecorator.java,org.apache.commons.collections4.iterators.AbstractListIteratorDecorator,getListIterator/0,iterator,1
/Users/larrymotuzis/Larry_Motuzis_Data/Project05_CommonsCollections/src/main/java/org/apache/commons/collections4/iterators/AbstractListIteratorDecorator.java,org.apache.commons.collections4.iterators.AbstractListIteratorDecorator,next/0,iterator,1
/Users/larrymotuzis/Larry_Motuzis_Data/Project05_CommonsCollections/src/main/java/org/apache/commons/collections4/iterators/AbstractListIteratorDecorator.java,org.apache.commons.collections4.iterators.AbstractListIteratorDecorator,nextIndex/0,iterator,1
/Users/larrymotuzis/Larry_Motuzis_Data/Project05_CommonsCollections/src/main/java/org/apache/commons/collections4/bloomfilter/BitMaps.java,org.apache.commons.collections4.bloomfilter.BitMaps,numberOfBitMaps/1[int],DIVIDE_BY_64,1
/Users/larrymotuzis/Larry_Motuzis_Data/Project05_CommonsCollections/src/main/java/org/apache/commons/collections4/bloomfilter/BitMaps.java,org.apache.commons.collections4.bloomfilter.BitMaps,getLongIndex/1[int],DIVIDE_BY_64,1
/Users/larrymotuzis/Larry_Motuzis_Data/Project05_CommonsCollections/src/main/java/org/apache/commons/collections4/functors/AndPredicate.java,org.apache.commons.collections4.functors.AndPredicate,"AndPredicate/2[org.apache.commons.collections4.Predicate<? super T>,org.apache.commons.collections4.Predicate<? super T>]",iPredicate2,1
/Users/larrymotuzis/Larry_Motuzis_Data/Project05_CommonsCollections/src/main/java/org/apache/commons/collections4/functors/AndPredicate.java,org.apache.commons.collections4.functors.AndPredicate,"AndPredicate/2[org.apache.commons.collections4.Predicate<? super T>,org.apache.commons.collections4.Predicate<? super T>]",iPredicate1,1
/Users/larrymotuzis/Larry_Motuzis_Data/Project05_CommonsCollections/src/main/java/org/apache/commons/collections4/functors/AndPredicate.java,org.apache.commons.collections4.functors.AndPredicate,test/1[T],iPredicate2,1
/Users/larrymotuzis/Larry_Motuzis_Data/Project05_CommonsCollections/src/main/java/org/apache/commons/collections4/functors/AndPredicate.java,org.apache.commons.collections4.functors.AndPredicate,test/1[T],iPredicate1,1
/Users/larrymotuzis/Larry_Motuzis_Data/Project05_CommonsCollections/src/main/java/org/apache/commons/collections4/functors/AndPredicate.java,org.apache.commons.collections4.functors.AndPredicate,getPredicates/0,iPredicate2,1
/Users/larrymotuzis/Larry_Motuzis_Data/Project05_CommonsCollections/src/main/java/org/apache/commons/collections4/functors/AndPredicate.java,org.apache.commons.collections4.functors.AndPredicate,getPredicates/0,iPredicate1,1
/Users/larrymotuzis/Larry_Motuzis_Data/Project05_CommonsCollections/src/main/java/org/apache/commons/collections4/map/MultiValueMap.java,org.apache.commons.collections4.map.MultiValueMap$ValuesIterator,remove/0,iterator,1
/Users/larrymotuzis/Larry_Motuzis_Data/Project05_CommonsCollections/src/main/java/org/apache/commons/collections4/map/MultiValueMap.java,org.apache.commons.collections4.map.MultiValueMap$ValuesIterator,remove/0,values,1
/Users/larrymotuzis/Larry_Motuzis_Data/Project05_CommonsCollections/src/main/java/org/apache/commons/collections4/map/MultiValueMap.java,org.apache.commons.collections4.map.MultiValueMap$ValuesIterator,remove/0,key,1
/Users/larrymotuzis/Larry_Motuzis_Data/Project05_CommonsCollections/src/main/java/org/apache/commons/collections4/map/MultiValueMap.java,org.apache.commons.collections4.map.MultiValueMap$ValuesIterator,ValuesIterator/1[java.lang.Object],iterator,2
/Users/larrymotuzis/Larry_Motuzis_Data/Project05_CommonsCollections/src/main/java/org/apache/commons/collections4/map/MultiValueMap.java,org.apache.commons.collections4.map.MultiValueMap$ValuesIterator,ValuesIterator/1[java.lang.Object],values,2
/Users/larrymotuzis/Larry_Motuzis_Data/Project05_CommonsCollections/src/main/java/org/apache/commons/collections4/map/MultiValueMap.java,org.apache.commons.collections4.map.MultiValueMap$ValuesIterator,ValuesIterator/1[java.lang.Object],key,4
/Users/larrymotuzis/Larry_Motuzis_Data/Project05_CommonsCollections/src/main/java/org/apache/commons/collections4/map/MultiValueMap.java,org.apache.commons.collections4.map.MultiValueMap$ValuesIterator,hasNext/0,iterator,1
/Users/larrymotuzis/Larry_Motuzis_Data/Project05_CommonsCollections/src/main/java/org/apache/commons/collections4/map/MultiValueMap.java,org.apache.commons.collections4.map.MultiValueMap$ValuesIterator,next/0,iterator,1
/Users/larrymotuzis/Larry_Motuzis_Data/Project05_CommonsCollections/src/main/java/org/apache/commons/collections4/bidimap/DualTreeBidiMap.java,org.apache.commons.collections4.bidimap.DualTreeBidiMap$BidiOrderedMapIterator,remove/0,parent,1
/Users/larrymotuzis/Larry_Motuzis_Data/Project05_CommonsCollections/src/main/java/org/apache/commons/collections4/bidimap/DualTreeBidiMap.java,org.apache.commons.collections4.bidimap.DualTreeBidiMap$BidiOrderedMapIterator,remove/0,iterator,1
/Users/larrymotuzis/Larry_Motuzis_Data/Project05_CommonsCollections/src/main/java/org/apache/commons/collections4/bidimap/DualTreeBidiMap.java,org.apache.commons.collections4.bidimap.DualTreeBidiMap$BidiOrderedMapIterator,remove/0,last,2
/Users/larrymotuzis/Larry_Motuzis_Data/Project05_CommonsCollections/src/main/java/org/apache/commons/collections4/bidimap/DualTreeBidiMap.java,org.apache.commons.collections4.bidimap.DualTreeBidiMap$BidiOrderedMapIterator,getKey/0,last,2
/Users/larrymotuzis/Larry_Motuzis_Data/Project05_CommonsCollections/src/main/java/org/apache/commons/collections4/bidimap/DualTreeBidiMap.java,org.apache.commons.collections4.bidimap.DualTreeBidiMap$BidiOrderedMapIterator,reset/0,parent,1
/Users/larrymotuzis/Larry_Motuzis_Data/Project05_CommonsCollections/src/main/java/org/apache/commons/collections4/bidimap/DualTreeBidiMap.java,org.apache.commons.collections4.bidimap.DualTreeBidiMap$BidiOrderedMapIterator,reset/0,iterator,1
/Users/larrymotuzis/Larry_Motuzis_Data/Project05_CommonsCollections/src/main/java/org/apache/commons/collections4/bidimap/DualTreeBidiMap.java,org.apache.commons.collections4.bidimap.DualTreeBidiMap$BidiOrderedMapIterator,reset/0,last,1
/Users/larrymotuzis/Larry_Motuzis_Data/Project05_CommonsCollections/src/main/java/org/apache/commons/collections4/bidimap/DualTreeBidiMap.java,org.apache.commons.collections4.bidimap.DualTreeBidiMap$BidiOrderedMapIterator,hasNext/0,iterator,1
/Users/larrymotuzis/Larry_Motuzis_Data/Project05_CommonsCollections/src/main/java/org/apache/commons/collections4/bidimap/DualTreeBidiMap.java,org.apache.commons.collections4.bidimap.DualTreeBidiMap$BidiOrderedMapIterator,next/0,iterator,1
/Users/larrymotuzis/Larry_Motuzis_Data/Project05_CommonsCollections/src/main/java/org/apache/commons/collections4/bidimap/DualTreeBidiMap.java,org.apache.commons.collections4.bidimap.DualTreeBidiMap$BidiOrderedMapIterator,next/0,last,2
/Users/larrymotuzis/Larry_Motuzis_Data/Project05_CommonsCollections/src/main/java/org/apache/commons/collections4/bidimap/DualTreeBidiMap.java,org.apache.commons.collections4.bidimap.DualTreeBidiMap$BidiOrderedMapIterator,setValue/1[V],parent,1
/Users/larrymotuzis/Larry_Motuzis_Data/Project05_CommonsCollections/src/main/java/org/apache/commons/collections4/bidimap/DualTreeBidiMap.java,org.apache.commons.collections4.bidimap.DualTreeBidiMap$BidiOrderedMapIterator,setValue/1[V],last,4
/Users/larrymotuzis/Larry_Motuzis_Data/Project05_CommonsCollections/src/main/java/org/apache/commons/collections4/bidimap/DualTreeBidiMap.java,org.apache.commons.collections4.bidimap.DualTreeBidiMap$BidiOrderedMapIterator,toString/0,last,1
/Users/larrymotuzis/Larry_Motuzis_Data/Project05_CommonsCollections/src/main/java/org/apache/commons/collections4/bidimap/DualTreeBidiMap.java,org.apache.commons.collections4.bidimap.DualTreeBidiMap$BidiOrderedMapIterator,getValue/0,last,2
/Users/larrymotuzis/Larry_Motuzis_Data/Project05_CommonsCollections/src/main/java/org/apache/commons/collections4/bidimap/DualTreeBidiMap.java,org.apache.commons.collections4.bidimap.DualTreeBidiMap$BidiOrderedMapIterator,"BidiOrderedMapIterator/1[org.apache.commons.collections4.bidimap.AbstractDualBidiMap<K,V>]",parent,5
/Users/larrymotuzis/Larry_Motuzis_Data/Project05_CommonsCollections/src/main/java/org/apache/commons/collections4/bidimap/DualTreeBidiMap.java,org.apache.commons.collections4.bidimap.DualTreeBidiMap$BidiOrderedMapIterator,"BidiOrderedMapIterator/1[org.apache.commons.collections4.bidimap.AbstractDualBidiMap<K,V>]",iterator,1
/Users/larrymotuzis/Larry_Motuzis_Data/Project05_CommonsCollections/src/main/java/org/apache/commons/collections4/bidimap/DualTreeBidiMap.java,org.apache.commons.collections4.bidimap.DualTreeBidiMap$BidiOrderedMapIterator,hasPrevious/0,iterator,1
/Users/larrymotuzis/Larry_Motuzis_Data/Project05_CommonsCollections/src/main/java/org/apache/commons/collections4/bidimap/DualTreeBidiMap.java,org.apache.commons.collections4.bidimap.DualTreeBidiMap$BidiOrderedMapIterator,previous/0,iterator,1
/Users/larrymotuzis/Larry_Motuzis_Data/Project05_CommonsCollections/src/main/java/org/apache/commons/collections4/bidimap/DualTreeBidiMap.java,org.apache.commons.collections4.bidimap.DualTreeBidiMap$BidiOrderedMapIterator,previous/0,last,2
/Users/larrymotuzis/Larry_Motuzis_Data/Project05_CommonsCollections/src/main/java/org/apache/commons/collections4/map/ListOrderedMap.java,org.apache.commons.collections4.map.ListOrderedMap$ListOrderedMapIterator,getKey/0,readable,1
/Users/larrymotuzis/Larry_Motuzis_Data/Project05_CommonsCollections/src/main/java/org/apache/commons/collections4/map/ListOrderedMap.java,org.apache.commons.collections4.map.ListOrderedMap$ListOrderedMapIterator,getKey/0,last,1
/Users/larrymotuzis/Larry_Motuzis_Data/Project05_CommonsCollections/src/main/java/org/apache/commons/collections4/map/ListOrderedMap.java,org.apache.commons.collections4.map.ListOrderedMap$ListOrderedMapIterator,toString/0,readable,1
/Users/larrymotuzis/Larry_Motuzis_Data/Project05_CommonsCollections/src/main/java/org/apache/commons/collections4/map/ListOrderedMap.java,org.apache.commons.collections4.map.ListOrderedMap$ListOrderedMapIterator,next/0,readable,1
/Users/larrymotuzis/Larry_Motuzis_Data/Project05_CommonsCollections/src/main/java/org/apache/commons/collections4/map/ListOrderedMap.java,org.apache.commons.collections4.map.ListOrderedMap$ListOrderedMapIterator,next/0,iterator,1
/Users/larrymotuzis/Larry_Motuzis_Data/Project05_CommonsCollections/src/main/java/org/apache/commons/collections4/map/ListOrderedMap.java,org.apache.commons.collections4.map.ListOrderedMap$ListOrderedMapIterator,next/0,last,2
/Users/larrymotuzis/Larry_Motuzis_Data/Project05_CommonsCollections/src/main/java/org/apache/commons/collections4/map/ListOrderedMap.java,org.apache.commons.collections4.map.ListOrderedMap$ListOrderedMapIterator,hasPrevious/0,iterator,1
/Users/larrymotuzis/Larry_Motuzis_Data/Project05_CommonsCollections/src/main/java/org/apache/commons/collections4/map/ListOrderedMap.java,org.apache.commons.collections4.map.ListOrderedMap$ListOrderedMapIterator,previous/0,readable,1
/Users/larrymotuzis/Larry_Motuzis_Data/Project05_CommonsCollections/src/main/java/org/apache/commons/collections4/map/ListOrderedMap.java,org.apache.commons.collections4.map.ListOrderedMap$ListOrderedMapIterator,previous/0,iterator,1
/Users/larrymotuzis/Larry_Motuzis_Data/Project05_CommonsCollections/src/main/java/org/apache/commons/collections4/map/ListOrderedMap.java,org.apache.commons.collections4.map.ListOrderedMap$ListOrderedMapIterator,previous/0,last,2
/Users/larrymotuzis/Larry_Motuzis_Data/Project05_CommonsCollections/src/main/java/org/apache/commons/collections4/map/ListOrderedMap.java,org.apache.commons.collections4.map.ListOrderedMap$ListOrderedMapIterator,"ListOrderedMapIterator/1[org.apache.commons.collections4.map.ListOrderedMap<K,V>]",parent,3
/Users/larrymotuzis/Larry_Motuzis_Data/Project05_CommonsCollections/src/main/java/org/apache/commons/collections4/map/ListOrderedMap.java,org.apache.commons.collections4.map.ListOrderedMap$ListOrderedMapIterator,"ListOrderedMapIterator/1[org.apache.commons.collections4.map.ListOrderedMap<K,V>]",iterator,1
/Users/larrymotuzis/Larry_Motuzis_Data/Project05_CommonsCollections/src/main/java/org/apache/commons/collections4/map/ListOrderedMap.java,org.apache.commons.collections4.map.ListOrderedMap$ListOrderedMapIterator,getValue/0,readable,1
/Users/larrymotuzis/Larry_Motuzis_Data/Project05_CommonsCollections/src/main/java/org/apache/commons/collections4/map/ListOrderedMap.java,org.apache.commons.collections4.map.ListOrderedMap$ListOrderedMapIterator,getValue/0,parent,1
/Users/larrymotuzis/Larry_Motuzis_Data/Project05_CommonsCollections/src/main/java/org/apache/commons/collections4/map/ListOrderedMap.java,org.apache.commons.collections4.map.ListOrderedMap$ListOrderedMapIterator,getValue/0,last,1
/Users/larrymotuzis/Larry_Motuzis_Data/Project05_CommonsCollections/src/main/java/org/apache/commons/collections4/map/ListOrderedMap.java,org.apache.commons.collections4.map.ListOrderedMap$ListOrderedMapIterator,hasNext/0,iterator,1
/Users/larrymotuzis/Larry_Motuzis_Data/Project05_CommonsCollections/src/main/java/org/apache/commons/collections4/map/ListOrderedMap.java,org.apache.commons.collections4.map.ListOrderedMap$ListOrderedMapIterator,remove/0,readable,2
/Users/larrymotuzis/Larry_Motuzis_Data/Project05_CommonsCollections/src/main/java/org/apache/commons/collections4/map/ListOrderedMap.java,org.apache.commons.collections4.map.ListOrderedMap$ListOrderedMapIterator,remove/0,iterator,1
/Users/larrymotuzis/Larry_Motuzis_Data/Project05_CommonsCollections/src/main/java/org/apache/commons/collections4/map/ListOrderedMap.java,org.apache.commons.collections4.map.ListOrderedMap$ListOrderedMapIterator,remove/0,last,1
/Users/larrymotuzis/Larry_Motuzis_Data/Project05_CommonsCollections/src/main/java/org/apache/commons/collections4/map/ListOrderedMap.java,org.apache.commons.collections4.map.ListOrderedMap$ListOrderedMapIterator,reset/0,readable,1
/Users/larrymotuzis/Larry_Motuzis_Data/Project05_CommonsCollections/src/main/java/org/apache/commons/collections4/map/ListOrderedMap.java,org.apache.commons.collections4.map.ListOrderedMap$ListOrderedMapIterator,reset/0,iterator,1
/Users/larrymotuzis/Larry_Motuzis_Data/Project05_CommonsCollections/src/main/java/org/apache/commons/collections4/map/ListOrderedMap.java,org.apache.commons.collections4.map.ListOrderedMap$ListOrderedMapIterator,reset/0,last,1
/Users/larrymotuzis/Larry_Motuzis_Data/Project05_CommonsCollections/src/main/java/org/apache/commons/collections4/map/ListOrderedMap.java,org.apache.commons.collections4.map.ListOrderedMap$ListOrderedMapIterator,setValue/1[V],readable,1
/Users/larrymotuzis/Larry_Motuzis_Data/Project05_CommonsCollections/src/main/java/org/apache/commons/collections4/map/ListOrderedMap.java,org.apache.commons.collections4.map.ListOrderedMap$ListOrderedMapIterator,setValue/1[V],last,1
/Users/larrymotuzis/Larry_Motuzis_Data/Project05_CommonsCollections/src/main/java/org/apache/commons/collections4/map/AbstractInputCheckedMapDecorator.java,org.apache.commons.collections4.map.AbstractInputCheckedMapDecorator$EntrySetIterator,"EntrySetIterator/2[java.util.Iterator<java.util.Map.Entry<K,V>>,org.apache.commons.collections4.map.AbstractInputCheckedMapDecorator<K,V>]",parent,3
/Users/larrymotuzis/Larry_Motuzis_Data/Project05_CommonsCollections/src/main/java/org/apache/commons/collections4/map/AbstractInputCheckedMapDecorator.java,org.apache.commons.collections4.map.AbstractInputCheckedMapDecorator$EntrySetIterator,next/0,parent,1
/Users/larrymotuzis/Larry_Motuzis_Data/Project05_CommonsCollections/src/main/java/org/apache/commons/collections4/map/AbstractHashedMap.java,org.apache.commons.collections4.map.AbstractHashedMap$HashEntry,getValue/0,value,1
/Users/larrymotuzis/Larry_Motuzis_Data/Project05_CommonsCollections/src/main/java/org/apache/commons/collections4/map/AbstractHashedMap.java,org.apache.commons.collections4.map.AbstractHashedMap$HashEntry,getKey/0,key,2
/Users/larrymotuzis/Larry_Motuzis_Data/Project05_CommonsCollections/src/main/java/org/apache/commons/collections4/map/AbstractHashedMap.java,org.apache.commons.collections4.map.AbstractHashedMap$HashEntry,"HashEntry/4[org.apache.commons.collections4.map.AbstractHashedMap.HashEntry<K,V>,int,java.lang.Object,V]",next,4
/Users/larrymotuzis/Larry_Motuzis_Data/Project05_CommonsCollections/src/main/java/org/apache/commons/collections4/map/AbstractHashedMap.java,org.apache.commons.collections4.map.AbstractHashedMap$HashEntry,"HashEntry/4[org.apache.commons.collections4.map.AbstractHashedMap.HashEntry<K,V>,int,java.lang.Object,V]",hashCode,4
/Users/larrymotuzis/Larry_Motuzis_Data/Project05_CommonsCollections/src/main/java/org/apache/commons/collections4/map/AbstractHashedMap.java,org.apache.commons.collections4.map.AbstractHashedMap$HashEntry,"HashEntry/4[org.apache.commons.collections4.map.AbstractHashedMap.HashEntry<K,V>,int,java.lang.Object,V]",value,4
/Users/larrymotuzis/Larry_Motuzis_Data/Project05_CommonsCollections/src/main/java/org/apache/commons/collections4/map/AbstractHashedMap.java,org.apache.commons.collections4.map.AbstractHashedMap$HashEntry,"HashEntry/4[org.apache.commons.collections4.map.AbstractHashedMap.HashEntry<K,V>,int,java.lang.Object,V]",key,4
/Users/larrymotuzis/Larry_Motuzis_Data/Project05_CommonsCollections/src/main/java/org/apache/commons/collections4/map/AbstractHashedMap.java,org.apache.commons.collections4.map.AbstractHashedMap$HashEntry,setValue/1[V],value,4
/Users/larrymotuzis/Larry_Motuzis_Data/Project05_CommonsCollections/src/main/java/org/apache/commons/collections4/map/AbstractHashedMap.java,org.apache.commons.collections4.map.AbstractHashedMap$HashEntry,hashCode/0,hashCode,3
/Users/larrymotuzis/Larry_Motuzis_Data/Project05_CommonsCollections/src/main/java/org/apache/commons/collections4/iterators/EmptyListIterator.java,org.apache.commons.collections4.iterators.EmptyListIterator,resettableEmptyListIterator/0,RESETTABLE_INSTANCE,1
/Users/larrymotuzis/Larry_Motuzis_Data/Project05_CommonsCollections/src/main/java/org/apache/commons/collections4/iterators/EmptyListIterator.java,org.apache.commons.collections4.iterators.EmptyListIterator,emptyListIterator/0,INSTANCE,1
/Users/larrymotuzis/Larry_Motuzis_Data/Project05_CommonsCollections/src/main/java/org/apache/commons/collections4/functors/InstanceofPredicate.java,org.apache.commons.collections4.functors.InstanceofPredicate,getType/0,iType,1
/Users/larrymotuzis/Larry_Motuzis_Data/Project05_CommonsCollections/src/main/java/org/apache/commons/collections4/functors/InstanceofPredicate.java,org.apache.commons.collections4.functors.InstanceofPredicate,InstanceofPredicate/1[java.lang.Class<?>],iType,1
/Users/larrymotuzis/Larry_Motuzis_Data/Project05_CommonsCollections/src/main/java/org/apache/commons/collections4/functors/InstanceofPredicate.java,org.apache.commons.collections4.functors.InstanceofPredicate,test/1[java.lang.Object],iType,1
/Users/larrymotuzis/Larry_Motuzis_Data/Project05_CommonsCollections/src/main/java/org/apache/commons/collections4/list/CursorableLinkedList.java,org.apache.commons.collections4.list.CursorableLinkedList$Cursor,nextIndex/0,nextIndexValid,2
/Users/larrymotuzis/Larry_Motuzis_Data/Project05_CommonsCollections/src/main/java/org/apache/commons/collections4/list/CursorableLinkedList.java,org.apache.commons.collections4.list.CursorableLinkedList$Cursor,remove/0,currentRemovedByAnother,2
/Users/larrymotuzis/Larry_Motuzis_Data/Project05_CommonsCollections/src/main/java/org/apache/commons/collections4/list/CursorableLinkedList.java,org.apache.commons.collections4.list.CursorableLinkedList$Cursor,nodeInserted/1[org.apache.commons.collections4.list.AbstractLinkedList.Node<E>],nextIndexValid,1
/Users/larrymotuzis/Larry_Motuzis_Data/Project05_CommonsCollections/src/main/java/org/apache/commons/collections4/list/CursorableLinkedList.java,org.apache.commons.collections4.list.CursorableLinkedList$Cursor,"Cursor/2[org.apache.commons.collections4.list.CursorableLinkedList<E>,int]",valid,1
/Users/larrymotuzis/Larry_Motuzis_Data/Project05_CommonsCollections/src/main/java/org/apache/commons/collections4/list/CursorableLinkedList.java,org.apache.commons.collections4.list.CursorableLinkedList$Cursor,checkModCount/0,valid,1
/Users/larrymotuzis/Larry_Motuzis_Data/Project05_CommonsCollections/src/main/java/org/apache/commons/collections4/list/CursorableLinkedList.java,org.apache.commons.collections4.list.CursorableLinkedList$Cursor,close/0,valid,2
/Users/larrymotuzis/Larry_Motuzis_Data/Project05_CommonsCollections/src/main/java/org/apache/commons/collections4/list/CursorableLinkedList.java,org.apache.commons.collections4.list.CursorableLinkedList$Cursor,nodeRemoved/1[org.apache.commons.collections4.list.AbstractLinkedList.Node<E>],currentRemovedByAnother,4
/Users/larrymotuzis/Larry_Motuzis_Data/Project05_CommonsCollections/src/main/java/org/apache/commons/collections4/list/CursorableLinkedList.java,org.apache.commons.collections4.list.CursorableLinkedList$Cursor,nodeRemoved/1[org.apache.commons.collections4.list.AbstractLinkedList.Node<E>],nextIndexValid,1
/Users/larrymotuzis/Larry_Motuzis_Data/Project05_CommonsCollections/src/main/java/org/apache/commons/collections4/map/AbstractMapDecorator.java,org.apache.commons.collections4.map.AbstractMapDecorator,"AbstractMapDecorator/1[java.util.Map<K,V>]",map,4
/Users/larrymotuzis/Larry_Motuzis_Data/Project05_CommonsCollections/src/main/java/org/apache/commons/collections4/map/AbstractMapDecorator.java,org.apache.commons.collections4.map.AbstractMapDecorator,decorated/0,map,1
/Users/larrymotuzis/Larry_Motuzis_Data/Project05_CommonsCollections/src/main/java/org/apache/commons/collections4/multimap/HashSetValuedHashMap.java,org.apache.commons.collections4.multimap.HashSetValuedHashMap,"HashSetValuedHashMap/2[int,int]",initialSetCapacity,4
/Users/larrymotuzis/Larry_Motuzis_Data/Project05_CommonsCollections/src/main/java/org/apache/commons/collections4/multimap/HashSetValuedHashMap.java,org.apache.commons.collections4.multimap.HashSetValuedHashMap,createCollection/0,initialSetCapacity,1
/Users/larrymotuzis/Larry_Motuzis_Data/Project05_CommonsCollections/src/main/java/org/apache/commons/collections4/multimap/HashSetValuedHashMap.java,org.apache.commons.collections4.multimap.HashSetValuedHashMap,"HashSetValuedHashMap/1[org.apache.commons.collections4.MultiValuedMap<? extends K,? extends V>]",DEFAULT_INITIAL_SET_CAPACITY,1
/Users/larrymotuzis/Larry_Motuzis_Data/Project05_CommonsCollections/src/main/java/org/apache/commons/collections4/multimap/HashSetValuedHashMap.java,org.apache.commons.collections4.multimap.HashSetValuedHashMap,"HashSetValuedHashMap/1[java.util.Map<? extends K,? extends V>]",DEFAULT_INITIAL_SET_CAPACITY,1
/Users/larrymotuzis/Larry_Motuzis_Data/Project05_CommonsCollections/src/main/java/org/apache/commons/collections4/multimap/HashSetValuedHashMap.java,org.apache.commons.collections4.multimap.HashSetValuedHashMap,HashSetValuedHashMap/0,DEFAULT_INITIAL_SET_CAPACITY,1
/Users/larrymotuzis/Larry_Motuzis_Data/Project05_CommonsCollections/src/main/java/org/apache/commons/collections4/multimap/HashSetValuedHashMap.java,org.apache.commons.collections4.multimap.HashSetValuedHashMap,HashSetValuedHashMap/0,DEFAULT_INITIAL_MAP_CAPACITY,1
/Users/larrymotuzis/Larry_Motuzis_Data/Project05_CommonsCollections/src/main/java/org/apache/commons/collections4/multimap/HashSetValuedHashMap.java,org.apache.commons.collections4.multimap.HashSetValuedHashMap,HashSetValuedHashMap/1[int],DEFAULT_INITIAL_MAP_CAPACITY,1
/Users/larrymotuzis/Larry_Motuzis_Data/Project05_CommonsCollections/src/main/java/org/apache/commons/collections4/multimap/HashSetValuedHashMap.java,org.apache.commons.collections4.multimap.HashSetValuedHashMap,HashSetValuedHashMap/1[int],initialSetCapacity,3
/Users/larrymotuzis/Larry_Motuzis_Data/Project05_CommonsCollections/src/main/java/org/apache/commons/collections4/sequence/SequencesComparator.java,org.apache.commons.collections4.sequence.SequencesComparator,"getMiddleSnake/4[int,int,int,int]",vUp,13
/Users/larrymotuzis/Larry_Motuzis_Data/Project05_CommonsCollections/src/main/java/org/apache/commons/collections4/sequence/SequencesComparator.java,org.apache.commons.collections4.sequence.SequencesComparator,"getMiddleSnake/4[int,int,int,int]",vDown,11
/Users/larrymotuzis/Larry_Motuzis_Data/Project05_CommonsCollections/src/main/java/org/apache/commons/collections4/sequence/SequencesComparator.java,org.apache.commons.collections4.sequence.SequencesComparator,"getMiddleSnake/4[int,int,int,int]",equator,2
/Users/larrymotuzis/Larry_Motuzis_Data/Project05_CommonsCollections/src/main/java/org/apache/commons/collections4/sequence/SequencesComparator.java,org.apache.commons.collections4.sequence.SequencesComparator,"getMiddleSnake/4[int,int,int,int]",sequence1,2
/Users/larrymotuzis/Larry_Motuzis_Data/Project05_CommonsCollections/src/main/java/org/apache/commons/collections4/sequence/SequencesComparator.java,org.apache.commons.collections4.sequence.SequencesComparator,"getMiddleSnake/4[int,int,int,int]",sequence2,2
/Users/larrymotuzis/Larry_Motuzis_Data/Project05_CommonsCollections/src/main/java/org/apache/commons/collections4/sequence/SequencesComparator.java,org.apache.commons.collections4.sequence.SequencesComparator,"buildScript/5[int,int,int,int,org.apache.commons.collections4.sequence.EditScript<T>]",equator,1
/Users/larrymotuzis/Larry_Motuzis_Data/Project05_CommonsCollections/src/main/java/org/apache/commons/collections4/sequence/SequencesComparator.java,org.apache.commons.collections4.sequence.SequencesComparator,"buildScript/5[int,int,int,int,org.apache.commons.collections4.sequence.EditScript<T>]",sequence1,4
/Users/larrymotuzis/Larry_Motuzis_Data/Project05_CommonsCollections/src/main/java/org/apache/commons/collections4/sequence/SequencesComparator.java,org.apache.commons.collections4.sequence.SequencesComparator,"buildScript/5[int,int,int,int,org.apache.commons.collections4.sequence.EditScript<T>]",sequence2,2
/Users/larrymotuzis/Larry_Motuzis_Data/Project05_CommonsCollections/src/main/java/org/apache/commons/collections4/sequence/SequencesComparator.java,org.apache.commons.collections4.sequence.SequencesComparator,"buildSnake/4[int,int,int,int]",equator,1
/Users/larrymotuzis/Larry_Motuzis_Data/Project05_CommonsCollections/src/main/java/org/apache/commons/collections4/sequence/SequencesComparator.java,org.apache.commons.collections4.sequence.SequencesComparator,"buildSnake/4[int,int,int,int]",sequence1,1
/Users/larrymotuzis/Larry_Motuzis_Data/Project05_CommonsCollections/src/main/java/org/apache/commons/collections4/sequence/SequencesComparator.java,org.apache.commons.collections4.sequence.SequencesComparator,"buildSnake/4[int,int,int,int]",sequence2,1
/Users/larrymotuzis/Larry_Motuzis_Data/Project05_CommonsCollections/src/main/java/org/apache/commons/collections4/sequence/SequencesComparator.java,org.apache.commons.collections4.sequence.SequencesComparator,"SequencesComparator/2[java.util.List<T>,java.util.List<T>]",sequence1,3
/Users/larrymotuzis/Larry_Motuzis_Data/Project05_CommonsCollections/src/main/java/org/apache/commons/collections4/sequence/SequencesComparator.java,org.apache.commons.collections4.sequence.SequencesComparator,"SequencesComparator/2[java.util.List<T>,java.util.List<T>]",sequence2,3
/Users/larrymotuzis/Larry_Motuzis_Data/Project05_CommonsCollections/src/main/java/org/apache/commons/collections4/sequence/SequencesComparator.java,org.apache.commons.collections4.sequence.SequencesComparator,"SequencesComparator/3[java.util.List<T>,java.util.List<T>,org.apache.commons.collections4.Equator<? super T>]",vUp,1
/Users/larrymotuzis/Larry_Motuzis_Data/Project05_CommonsCollections/src/main/java/org/apache/commons/collections4/sequence/SequencesComparator.java,org.apache.commons.collections4.sequence.SequencesComparator,"SequencesComparator/3[java.util.List<T>,java.util.List<T>,org.apache.commons.collections4.Equator<? super T>]",vDown,1
/Users/larrymotuzis/Larry_Motuzis_Data/Project05_CommonsCollections/src/main/java/org/apache/commons/collections4/sequence/SequencesComparator.java,org.apache.commons.collections4.sequence.SequencesComparator,"SequencesComparator/3[java.util.List<T>,java.util.List<T>,org.apache.commons.collections4.Equator<? super T>]",equator,4
/Users/larrymotuzis/Larry_Motuzis_Data/Project05_CommonsCollections/src/main/java/org/apache/commons/collections4/sequence/SequencesComparator.java,org.apache.commons.collections4.sequence.SequencesComparator,"SequencesComparator/3[java.util.List<T>,java.util.List<T>,org.apache.commons.collections4.Equator<? super T>]",sequence1,5
/Users/larrymotuzis/Larry_Motuzis_Data/Project05_CommonsCollections/src/main/java/org/apache/commons/collections4/sequence/SequencesComparator.java,org.apache.commons.collections4.sequence.SequencesComparator,"SequencesComparator/3[java.util.List<T>,java.util.List<T>,org.apache.commons.collections4.Equator<? super T>]",sequence2,5
/Users/larrymotuzis/Larry_Motuzis_Data/Project05_CommonsCollections/src/main/java/org/apache/commons/collections4/sequence/SequencesComparator.java,org.apache.commons.collections4.sequence.SequencesComparator,getScript/0,sequence1,1
/Users/larrymotuzis/Larry_Motuzis_Data/Project05_CommonsCollections/src/main/java/org/apache/commons/collections4/sequence/SequencesComparator.java,org.apache.commons.collections4.sequence.SequencesComparator,getScript/0,sequence2,1
/Users/larrymotuzis/Larry_Motuzis_Data/Project05_CommonsCollections/src/main/java/org/apache/commons/collections4/list/SetUniqueList.java,org.apache.commons.collections4.list.SetUniqueList$SetListIterator,next/0,last,2
/Users/larrymotuzis/Larry_Motuzis_Data/Project05_CommonsCollections/src/main/java/org/apache/commons/collections4/list/SetUniqueList.java,org.apache.commons.collections4.list.SetUniqueList$SetListIterator,remove/0,set,1
/Users/larrymotuzis/Larry_Motuzis_Data/Project05_CommonsCollections/src/main/java/org/apache/commons/collections4/list/SetUniqueList.java,org.apache.commons.collections4.list.SetUniqueList$SetListIterator,remove/0,last,2
/Users/larrymotuzis/Larry_Motuzis_Data/Project05_CommonsCollections/src/main/java/org/apache/commons/collections4/list/SetUniqueList.java,org.apache.commons.collections4.list.SetUniqueList$SetListIterator,"SetListIterator/2[java.util.Iterator<E>,java.util.Set<E>]",set,3
/Users/larrymotuzis/Larry_Motuzis_Data/Project05_CommonsCollections/src/main/java/org/apache/commons/collections4/map/ConcurrentReferenceHashMap.java,org.apache.commons.collections4.map.ConcurrentReferenceHashMap$WeakValueReference,keyHash/0,hash,1
/Users/larrymotuzis/Larry_Motuzis_Data/Project05_CommonsCollections/src/main/java/org/apache/commons/collections4/map/ConcurrentReferenceHashMap.java,org.apache.commons.collections4.map.ConcurrentReferenceHashMap$WeakValueReference,"WeakValueReference/4[V,java.lang.Object,int,java.lang.ref.ReferenceQueue<java.lang.Object>]",keyRef,3
/Users/larrymotuzis/Larry_Motuzis_Data/Project05_CommonsCollections/src/main/java/org/apache/commons/collections4/map/ConcurrentReferenceHashMap.java,org.apache.commons.collections4.map.ConcurrentReferenceHashMap$WeakValueReference,"WeakValueReference/4[V,java.lang.Object,int,java.lang.ref.ReferenceQueue<java.lang.Object>]",hash,3
/Users/larrymotuzis/Larry_Motuzis_Data/Project05_CommonsCollections/src/main/java/org/apache/commons/collections4/map/ConcurrentReferenceHashMap.java,org.apache.commons.collections4.map.ConcurrentReferenceHashMap$WeakValueReference,keyRef/0,keyRef,2
/Users/larrymotuzis/Larry_Motuzis_Data/Project05_CommonsCollections/src/main/java/org/apache/commons/collections4/map/Flat3Map.java,org.apache.commons.collections4.map.Flat3Map$EntryIterator,remove/0,parent,1
/Users/larrymotuzis/Larry_Motuzis_Data/Project05_CommonsCollections/src/main/java/org/apache/commons/collections4/map/Flat3Map.java,org.apache.commons.collections4.map.Flat3Map$EntryIterator,remove/0,currentEntry,4
/Users/larrymotuzis/Larry_Motuzis_Data/Project05_CommonsCollections/src/main/java/org/apache/commons/collections4/map/Flat3Map.java,org.apache.commons.collections4.map.Flat3Map$EntryIterator,remove/0,nextIndex,1
/Users/larrymotuzis/Larry_Motuzis_Data/Project05_CommonsCollections/src/main/java/org/apache/commons/collections4/map/Flat3Map.java,org.apache.commons.collections4.map.Flat3Map$EntryIterator,"EntryIterator/1[org.apache.commons.collections4.map.Flat3Map<K,V>]",parent,3
/Users/larrymotuzis/Larry_Motuzis_Data/Project05_CommonsCollections/src/main/java/org/apache/commons/collections4/map/Flat3Map.java,org.apache.commons.collections4.map.Flat3Map$EntryIterator,nextEntry/0,parent,1
/Users/larrymotuzis/Larry_Motuzis_Data/Project05_CommonsCollections/src/main/java/org/apache/commons/collections4/map/Flat3Map.java,org.apache.commons.collections4.map.Flat3Map$EntryIterator,nextEntry/0,currentEntry,2
/Users/larrymotuzis/Larry_Motuzis_Data/Project05_CommonsCollections/src/main/java/org/apache/commons/collections4/map/Flat3Map.java,org.apache.commons.collections4.map.Flat3Map$EntryIterator,nextEntry/0,nextIndex,1
/Users/larrymotuzis/Larry_Motuzis_Data/Project05_CommonsCollections/src/main/java/org/apache/commons/collections4/map/Flat3Map.java,org.apache.commons.collections4.map.Flat3Map$EntryIterator,hasNext/0,nextIndex,1
/Users/larrymotuzis/Larry_Motuzis_Data/Project05_CommonsCollections/src/main/java/org/apache/commons/collections4/IterableUtils.java,org.apache.commons.collections4.IterableUtils$UnmodifiableIterable,UnmodifiableIterable/1[java.lang.Iterable<E>],iterable,3
/Users/larrymotuzis/Larry_Motuzis_Data/Project05_CommonsCollections/src/main/java/org/apache/commons/collections4/IterableUtils.java,org.apache.commons.collections4.IterableUtils$UnmodifiableIterable,iterator/0,iterable,1
/Users/larrymotuzis/Larry_Motuzis_Data/Project05_CommonsCollections/src/main/java/org/apache/commons/collections4/functors/OrPredicate.java,org.apache.commons.collections4.functors.OrPredicate,test/1[T],iPredicate2,1
/Users/larrymotuzis/Larry_Motuzis_Data/Project05_CommonsCollections/src/main/java/org/apache/commons/collections4/functors/OrPredicate.java,org.apache.commons.collections4.functors.OrPredicate,test/1[T],iPredicate1,1
/Users/larrymotuzis/Larry_Motuzis_Data/Project05_CommonsCollections/src/main/java/org/apache/commons/collections4/functors/OrPredicate.java,org.apache.commons.collections4.functors.OrPredicate,getPredicates/0,iPredicate2,1
/Users/larrymotuzis/Larry_Motuzis_Data/Project05_CommonsCollections/src/main/java/org/apache/commons/collections4/functors/OrPredicate.java,org.apache.commons.collections4.functors.OrPredicate,getPredicates/0,iPredicate1,1
/Users/larrymotuzis/Larry_Motuzis_Data/Project05_CommonsCollections/src/main/java/org/apache/commons/collections4/functors/OrPredicate.java,org.apache.commons.collections4.functors.OrPredicate,"OrPredicate/2[org.apache.commons.collections4.Predicate<? super T>,org.apache.commons.collections4.Predicate<? super T>]",iPredicate2,1
/Users/larrymotuzis/Larry_Motuzis_Data/Project05_CommonsCollections/src/main/java/org/apache/commons/collections4/functors/OrPredicate.java,org.apache.commons.collections4.functors.OrPredicate,"OrPredicate/2[org.apache.commons.collections4.Predicate<? super T>,org.apache.commons.collections4.Predicate<? super T>]",iPredicate1,1
/Users/larrymotuzis/Larry_Motuzis_Data/Project05_CommonsCollections/src/main/java/org/apache/commons/collections4/iterators/LoopingListIterator.java,org.apache.commons.collections4.iterators.LoopingListIterator,set/1[E],iterator,1
/Users/larrymotuzis/Larry_Motuzis_Data/Project05_CommonsCollections/src/main/java/org/apache/commons/collections4/iterators/LoopingListIterator.java,org.apache.commons.collections4.iterators.LoopingListIterator,LoopingListIterator/1[java.util.List<E>],list,4
/Users/larrymotuzis/Larry_Motuzis_Data/Project05_CommonsCollections/src/main/java/org/apache/commons/collections4/iterators/LoopingListIterator.java,org.apache.commons.collections4.iterators.LoopingListIterator,init/0,iterator,1
/Users/larrymotuzis/Larry_Motuzis_Data/Project05_CommonsCollections/src/main/java/org/apache/commons/collections4/iterators/LoopingListIterator.java,org.apache.commons.collections4.iterators.LoopingListIterator,init/0,list,1
/Users/larrymotuzis/Larry_Motuzis_Data/Project05_CommonsCollections/src/main/java/org/apache/commons/collections4/iterators/LoopingListIterator.java,org.apache.commons.collections4.iterators.LoopingListIterator,add/1[E],iterator,1
/Users/larrymotuzis/Larry_Motuzis_Data/Project05_CommonsCollections/src/main/java/org/apache/commons/collections4/iterators/LoopingListIterator.java,org.apache.commons.collections4.iterators.LoopingListIterator,remove/0,iterator,2
/Users/larrymotuzis/Larry_Motuzis_Data/Project05_CommonsCollections/src/main/java/org/apache/commons/collections4/iterators/LoopingListIterator.java,org.apache.commons.collections4.iterators.LoopingListIterator,hasNext/0,list,1
/Users/larrymotuzis/Larry_Motuzis_Data/Project05_CommonsCollections/src/main/java/org/apache/commons/collections4/iterators/LoopingListIterator.java,org.apache.commons.collections4.iterators.LoopingListIterator,size/0,list,1
/Users/larrymotuzis/Larry_Motuzis_Data/Project05_CommonsCollections/src/main/java/org/apache/commons/collections4/iterators/LoopingListIterator.java,org.apache.commons.collections4.iterators.LoopingListIterator,previous/0,iterator,5
/Users/larrymotuzis/Larry_Motuzis_Data/Project05_CommonsCollections/src/main/java/org/apache/commons/collections4/iterators/LoopingListIterator.java,org.apache.commons.collections4.iterators.LoopingListIterator,previous/0,list,1
/Users/larrymotuzis/Larry_Motuzis_Data/Project05_CommonsCollections/src/main/java/org/apache/commons/collections4/iterators/LoopingListIterator.java,org.apache.commons.collections4.iterators.LoopingListIterator,nextIndex/0,iterator,2
/Users/larrymotuzis/Larry_Motuzis_Data/Project05_CommonsCollections/src/main/java/org/apache/commons/collections4/iterators/LoopingListIterator.java,org.apache.commons.collections4.iterators.LoopingListIterator,nextIndex/0,list,1
/Users/larrymotuzis/Larry_Motuzis_Data/Project05_CommonsCollections/src/main/java/org/apache/commons/collections4/iterators/LoopingListIterator.java,org.apache.commons.collections4.iterators.LoopingListIterator,next/0,iterator,2
/Users/larrymotuzis/Larry_Motuzis_Data/Project05_CommonsCollections/src/main/java/org/apache/commons/collections4/iterators/LoopingListIterator.java,org.apache.commons.collections4.iterators.LoopingListIterator,next/0,list,1
/Users/larrymotuzis/Larry_Motuzis_Data/Project05_CommonsCollections/src/main/java/org/apache/commons/collections4/iterators/LoopingListIterator.java,org.apache.commons.collections4.iterators.LoopingListIterator,previousIndex/0,iterator,2
/Users/larrymotuzis/Larry_Motuzis_Data/Project05_CommonsCollections/src/main/java/org/apache/commons/collections4/iterators/LoopingListIterator.java,org.apache.commons.collections4.iterators.LoopingListIterator,previousIndex/0,list,2
/Users/larrymotuzis/Larry_Motuzis_Data/Project05_CommonsCollections/src/main/java/org/apache/commons/collections4/iterators/LoopingListIterator.java,org.apache.commons.collections4.iterators.LoopingListIterator,hasPrevious/0,list,1
/Users/larrymotuzis/Larry_Motuzis_Data/Project05_CommonsCollections/src/main/java/org/apache/commons/collections4/iterators/UnmodifiableOrderedMapIterator.java,org.apache.commons.collections4.iterators.UnmodifiableOrderedMapIterator,next/0,iterator,1
/Users/larrymotuzis/Larry_Motuzis_Data/Project05_CommonsCollections/src/main/java/org/apache/commons/collections4/iterators/UnmodifiableOrderedMapIterator.java,org.apache.commons.collections4.iterators.UnmodifiableOrderedMapIterator,"UnmodifiableOrderedMapIterator/1[org.apache.commons.collections4.OrderedMapIterator<K,? extends V>]",iterator,4
/Users/larrymotuzis/Larry_Motuzis_Data/Project05_CommonsCollections/src/main/java/org/apache/commons/collections4/iterators/UnmodifiableOrderedMapIterator.java,org.apache.commons.collections4.iterators.UnmodifiableOrderedMapIterator,previous/0,iterator,1
/Users/larrymotuzis/Larry_Motuzis_Data/Project05_CommonsCollections/src/main/java/org/apache/commons/collections4/iterators/UnmodifiableOrderedMapIterator.java,org.apache.commons.collections4.iterators.UnmodifiableOrderedMapIterator,hasPrevious/0,iterator,1
/Users/larrymotuzis/Larry_Motuzis_Data/Project05_CommonsCollections/src/main/java/org/apache/commons/collections4/iterators/UnmodifiableOrderedMapIterator.java,org.apache.commons.collections4.iterators.UnmodifiableOrderedMapIterator,hasNext/0,iterator,1
/Users/larrymotuzis/Larry_Motuzis_Data/Project05_CommonsCollections/src/main/java/org/apache/commons/collections4/iterators/UnmodifiableOrderedMapIterator.java,org.apache.commons.collections4.iterators.UnmodifiableOrderedMapIterator,getKey/0,iterator,1
/Users/larrymotuzis/Larry_Motuzis_Data/Project05_CommonsCollections/src/main/java/org/apache/commons/collections4/iterators/UnmodifiableOrderedMapIterator.java,org.apache.commons.collections4.iterators.UnmodifiableOrderedMapIterator,"unmodifiableOrderedMapIterator/1[org.apache.commons.collections4.OrderedMapIterator<K,? extends V>]",iterator,6
/Users/larrymotuzis/Larry_Motuzis_Data/Project05_CommonsCollections/src/main/java/org/apache/commons/collections4/iterators/UnmodifiableOrderedMapIterator.java,org.apache.commons.collections4.iterators.UnmodifiableOrderedMapIterator,getValue/0,iterator,1
/Users/larrymotuzis/Larry_Motuzis_Data/Project05_CommonsCollections/src/main/java/org/apache/commons/collections4/collection/AbstractCollectionDecorator.java,org.apache.commons.collections4.collection.AbstractCollectionDecorator,AbstractCollectionDecorator/1[java.util.Collection<E>],collection,4
/Users/larrymotuzis/Larry_Motuzis_Data/Project05_CommonsCollections/src/main/java/org/apache/commons/collections4/collection/AbstractCollectionDecorator.java,org.apache.commons.collections4.collection.AbstractCollectionDecorator,decorated/0,collection,1
/Users/larrymotuzis/Larry_Motuzis_Data/Project05_CommonsCollections/src/main/java/org/apache/commons/collections4/collection/AbstractCollectionDecorator.java,org.apache.commons.collections4.collection.AbstractCollectionDecorator,setCollection/1[java.util.Collection<E>],collection,4
/Users/larrymotuzis/Larry_Motuzis_Data/Project05_CommonsCollections/src/main/java/org/apache/commons/collections4/bloomfilter/LayerManager.java,org.apache.commons.collections4.bloomfilter.LayerManager$Builder,Builder/0,cleanup,1
/Users/larrymotuzis/Larry_Motuzis_Data/Project05_CommonsCollections/src/main/java/org/apache/commons/collections4/bloomfilter/LayerManager.java,org.apache.commons.collections4.bloomfilter.LayerManager$Builder,Builder/0,extendCheck,1
/Users/larrymotuzis/Larry_Motuzis_Data/Project05_CommonsCollections/src/main/java/org/apache/commons/collections4/bloomfilter/LayerManager.java,org.apache.commons.collections4.bloomfilter.LayerManager$Builder,setSupplier/1[java.util.function.Supplier<T>],supplier,4
/Users/larrymotuzis/Larry_Motuzis_Data/Project05_CommonsCollections/src/main/java/org/apache/commons/collections4/bloomfilter/LayerManager.java,org.apache.commons.collections4.bloomfilter.LayerManager$Builder,setExtendCheck/1[java.util.function.Predicate<org.apache.commons.collections4.bloomfilter.LayerManager<T>>],extendCheck,4
/Users/larrymotuzis/Larry_Motuzis_Data/Project05_CommonsCollections/src/main/java/org/apache/commons/collections4/bloomfilter/LayerManager.java,org.apache.commons.collections4.bloomfilter.LayerManager$Builder,get/0,cleanup,1
/Users/larrymotuzis/Larry_Motuzis_Data/Project05_CommonsCollections/src/main/java/org/apache/commons/collections4/bloomfilter/LayerManager.java,org.apache.commons.collections4.bloomfilter.LayerManager$Builder,get/0,supplier,1
/Users/larrymotuzis/Larry_Motuzis_Data/Project05_CommonsCollections/src/main/java/org/apache/commons/collections4/bloomfilter/LayerManager.java,org.apache.commons.collections4.bloomfilter.LayerManager$Builder,get/0,extendCheck,1
/Users/larrymotuzis/Larry_Motuzis_Data/Project05_CommonsCollections/src/main/java/org/apache/commons/collections4/bloomfilter/LayerManager.java,org.apache.commons.collections4.bloomfilter.LayerManager$Builder,setCleanup/1[java.util.function.Consumer<java.util.Deque<T>>],cleanup,4
/Users/larrymotuzis/Larry_Motuzis_Data/Project05_CommonsCollections/src/main/java/org/apache/commons/collections4/map/CompositeMap.java,org.apache.commons.collections4.map.CompositeMap,isEmpty/0,composite,1
/Users/larrymotuzis/Larry_Motuzis_Data/Project05_CommonsCollections/src/main/java/org/apache/commons/collections4/map/CompositeMap.java,org.apache.commons.collections4.map.CompositeMap,"CompositeMap/3[java.util.Map<K,V>,java.util.Map<K,V>,org.apache.commons.collections4.map.CompositeMap.MapMutator<K,V>]",mutator,3
/Users/larrymotuzis/Larry_Motuzis_Data/Project05_CommonsCollections/src/main/java/org/apache/commons/collections4/map/CompositeMap.java,org.apache.commons.collections4.map.CompositeMap,values/0,composite,1
/Users/larrymotuzis/Larry_Motuzis_Data/Project05_CommonsCollections/src/main/java/org/apache/commons/collections4/map/CompositeMap.java,org.apache.commons.collections4.map.CompositeMap,size/0,composite,1
/Users/larrymotuzis/Larry_Motuzis_Data/Project05_CommonsCollections/src/main/java/org/apache/commons/collections4/map/CompositeMap.java,org.apache.commons.collections4.map.CompositeMap,containsValue/1[java.lang.Object],composite,1
/Users/larrymotuzis/Larry_Motuzis_Data/Project05_CommonsCollections/src/main/java/org/apache/commons/collections4/map/CompositeMap.java,org.apache.commons.collections4.map.CompositeMap,keySet/0,composite,1
/Users/larrymotuzis/Larry_Motuzis_Data/Project05_CommonsCollections/src/main/java/org/apache/commons/collections4/map/CompositeMap.java,org.apache.commons.collections4.map.CompositeMap,containsKey/1[java.lang.Object],composite,1
/Users/larrymotuzis/Larry_Motuzis_Data/Project05_CommonsCollections/src/main/java/org/apache/commons/collections4/map/CompositeMap.java,org.apache.commons.collections4.map.CompositeMap,clear/0,composite,1
/Users/larrymotuzis/Larry_Motuzis_Data/Project05_CommonsCollections/src/main/java/org/apache/commons/collections4/map/CompositeMap.java,org.apache.commons.collections4.map.CompositeMap,"put/2[K,V]",composite,1
/Users/larrymotuzis/Larry_Motuzis_Data/Project05_CommonsCollections/src/main/java/org/apache/commons/collections4/map/CompositeMap.java,org.apache.commons.collections4.map.CompositeMap,"put/2[K,V]",mutator,2
/Users/larrymotuzis/Larry_Motuzis_Data/Project05_CommonsCollections/src/main/java/org/apache/commons/collections4/map/CompositeMap.java,org.apache.commons.collections4.map.CompositeMap,remove/1[java.lang.Object],composite,2
/Users/larrymotuzis/Larry_Motuzis_Data/Project05_CommonsCollections/src/main/java/org/apache/commons/collections4/map/CompositeMap.java,org.apache.commons.collections4.map.CompositeMap,"CompositeMap/2[java.util.Map<K,V>[],org.apache.commons.collections4.map.CompositeMap.MapMutator<K,V>]",composite,4
/Users/larrymotuzis/Larry_Motuzis_Data/Project05_CommonsCollections/src/main/java/org/apache/commons/collections4/map/CompositeMap.java,org.apache.commons.collections4.map.CompositeMap,"CompositeMap/2[java.util.Map<K,V>[],org.apache.commons.collections4.map.CompositeMap.MapMutator<K,V>]",EMPTY_MAP_ARRAY,1
/Users/larrymotuzis/Larry_Motuzis_Data/Project05_CommonsCollections/src/main/java/org/apache/commons/collections4/map/CompositeMap.java,org.apache.commons.collections4.map.CompositeMap,"CompositeMap/2[java.util.Map<K,V>[],org.apache.commons.collections4.map.CompositeMap.MapMutator<K,V>]",mutator,4
/Users/larrymotuzis/Larry_Motuzis_Data/Project05_CommonsCollections/src/main/java/org/apache/commons/collections4/map/CompositeMap.java,org.apache.commons.collections4.map.CompositeMap,get/1[java.lang.Object],composite,2
/Users/larrymotuzis/Larry_Motuzis_Data/Project05_CommonsCollections/src/main/java/org/apache/commons/collections4/map/CompositeMap.java,org.apache.commons.collections4.map.CompositeMap,"putAll/1[java.util.Map<? extends K,? extends V>]",composite,1
/Users/larrymotuzis/Larry_Motuzis_Data/Project05_CommonsCollections/src/main/java/org/apache/commons/collections4/map/CompositeMap.java,org.apache.commons.collections4.map.CompositeMap,"putAll/1[java.util.Map<? extends K,? extends V>]",mutator,2
/Users/larrymotuzis/Larry_Motuzis_Data/Project05_CommonsCollections/src/main/java/org/apache/commons/collections4/map/CompositeMap.java,org.apache.commons.collections4.map.CompositeMap,"setMutator/1[org.apache.commons.collections4.map.CompositeMap.MapMutator<K,V>]",mutator,4
/Users/larrymotuzis/Larry_Motuzis_Data/Project05_CommonsCollections/src/main/java/org/apache/commons/collections4/map/CompositeMap.java,org.apache.commons.collections4.map.CompositeMap,"addComposited/1[java.util.Map<K,V>]",composite,4
/Users/larrymotuzis/Larry_Motuzis_Data/Project05_CommonsCollections/src/main/java/org/apache/commons/collections4/map/CompositeMap.java,org.apache.commons.collections4.map.CompositeMap,"addComposited/1[java.util.Map<K,V>]",mutator,2
/Users/larrymotuzis/Larry_Motuzis_Data/Project05_CommonsCollections/src/main/java/org/apache/commons/collections4/map/CompositeMap.java,org.apache.commons.collections4.map.CompositeMap,"CompositeMap/1[java.util.Map<K,V>[]]",composite,3
/Users/larrymotuzis/Larry_Motuzis_Data/Project05_CommonsCollections/src/main/java/org/apache/commons/collections4/map/CompositeMap.java,org.apache.commons.collections4.map.CompositeMap,entrySet/0,composite,1
/Users/larrymotuzis/Larry_Motuzis_Data/Project05_CommonsCollections/src/main/java/org/apache/commons/collections4/map/CompositeMap.java,org.apache.commons.collections4.map.CompositeMap,"removeComposited/1[java.util.Map<K,V>]",composite,4
/Users/larrymotuzis/Larry_Motuzis_Data/Project05_CommonsCollections/src/main/java/org/apache/commons/collections4/iterators/EmptyMapIterator.java,org.apache.commons.collections4.iterators.EmptyMapIterator,emptyMapIterator/0,INSTANCE,1
/Users/larrymotuzis/Larry_Motuzis_Data/Project05_CommonsCollections/src/main/java/org/apache/commons/collections4/bag/AbstractMapBag.java,org.apache.commons.collections4.bag.AbstractMapBag,"add/2[E,int]",modCount,1
/Users/larrymotuzis/Larry_Motuzis_Data/Project05_CommonsCollections/src/main/java/org/apache/commons/collections4/bag/AbstractMapBag.java,org.apache.commons.collections4.bag.AbstractMapBag,"add/2[E,int]",size,1
/Users/larrymotuzis/Larry_Motuzis_Data/Project05_CommonsCollections/src/main/java/org/apache/commons/collections4/bag/AbstractMapBag.java,org.apache.commons.collections4.bag.AbstractMapBag,"add/2[E,int]",map,2
/Users/larrymotuzis/Larry_Motuzis_Data/Project05_CommonsCollections/src/main/java/org/apache/commons/collections4/bag/AbstractMapBag.java,org.apache.commons.collections4.bag.AbstractMapBag,toString/0,uniqueSet,1
/Users/larrymotuzis/Larry_Motuzis_Data/Project05_CommonsCollections/src/main/java/org/apache/commons/collections4/bag/AbstractMapBag.java,org.apache.commons.collections4.bag.AbstractMapBag,toArray/0,size,1
/Users/larrymotuzis/Larry_Motuzis_Data/Project05_CommonsCollections/src/main/java/org/apache/commons/collections4/bag/AbstractMapBag.java,org.apache.commons.collections4.bag.AbstractMapBag,toArray/0,map,1
/Users/larrymotuzis/Larry_Motuzis_Data/Project05_CommonsCollections/src/main/java/org/apache/commons/collections4/bag/AbstractMapBag.java,org.apache.commons.collections4.bag.AbstractMapBag,hashCode/0,map,1
/Users/larrymotuzis/Larry_Motuzis_Data/Project05_CommonsCollections/src/main/java/org/apache/commons/collections4/bag/AbstractMapBag.java,org.apache.commons.collections4.bag.AbstractMapBag,size/0,size,2
/Users/larrymotuzis/Larry_Motuzis_Data/Project05_CommonsCollections/src/main/java/org/apache/commons/collections4/bag/AbstractMapBag.java,org.apache.commons.collections4.bag.AbstractMapBag,toArray/1[T[]],map,1
/Users/larrymotuzis/Larry_Motuzis_Data/Project05_CommonsCollections/src/main/java/org/apache/commons/collections4/bag/AbstractMapBag.java,org.apache.commons.collections4.bag.AbstractMapBag,uniqueSet/0,uniqueSet,4
/Users/larrymotuzis/Larry_Motuzis_Data/Project05_CommonsCollections/src/main/java/org/apache/commons/collections4/bag/AbstractMapBag.java,org.apache.commons.collections4.bag.AbstractMapBag,uniqueSet/0,map,1
/Users/larrymotuzis/Larry_Motuzis_Data/Project05_CommonsCollections/src/main/java/org/apache/commons/collections4/bag/AbstractMapBag.java,org.apache.commons.collections4.bag.AbstractMapBag,"AbstractMapBag/1[java.util.Map<E,org.apache.commons.collections4.bag.AbstractMapBag.MutableInteger>]",map,4
/Users/larrymotuzis/Larry_Motuzis_Data/Project05_CommonsCollections/src/main/java/org/apache/commons/collections4/bag/AbstractMapBag.java,org.apache.commons.collections4.bag.AbstractMapBag,clear/0,modCount,1
/Users/larrymotuzis/Larry_Motuzis_Data/Project05_CommonsCollections/src/main/java/org/apache/commons/collections4/bag/AbstractMapBag.java,org.apache.commons.collections4.bag.AbstractMapBag,clear/0,size,1
/Users/larrymotuzis/Larry_Motuzis_Data/Project05_CommonsCollections/src/main/java/org/apache/commons/collections4/bag/AbstractMapBag.java,org.apache.commons.collections4.bag.AbstractMapBag,clear/0,map,1
/Users/larrymotuzis/Larry_Motuzis_Data/Project05_CommonsCollections/src/main/java/org/apache/commons/collections4/bag/AbstractMapBag.java,org.apache.commons.collections4.bag.AbstractMapBag,containsAll/1[org.apache.commons.collections4.Bag<?>],uniqueSet,1
/Users/larrymotuzis/Larry_Motuzis_Data/Project05_CommonsCollections/src/main/java/org/apache/commons/collections4/bag/AbstractMapBag.java,org.apache.commons.collections4.bag.AbstractMapBag,equals/1[java.lang.Object],size,2
/Users/larrymotuzis/Larry_Motuzis_Data/Project05_CommonsCollections/src/main/java/org/apache/commons/collections4/bag/AbstractMapBag.java,org.apache.commons.collections4.bag.AbstractMapBag,equals/1[java.lang.Object],map,1
/Users/larrymotuzis/Larry_Motuzis_Data/Project05_CommonsCollections/src/main/java/org/apache/commons/collections4/bag/AbstractMapBag.java,org.apache.commons.collections4.bag.AbstractMapBag,"remove/2[java.lang.Object,int]",modCount,1
/Users/larrymotuzis/Larry_Motuzis_Data/Project05_CommonsCollections/src/main/java/org/apache/commons/collections4/bag/AbstractMapBag.java,org.apache.commons.collections4.bag.AbstractMapBag,"remove/2[java.lang.Object,int]",size,2
/Users/larrymotuzis/Larry_Motuzis_Data/Project05_CommonsCollections/src/main/java/org/apache/commons/collections4/bag/AbstractMapBag.java,org.apache.commons.collections4.bag.AbstractMapBag,"remove/2[java.lang.Object,int]",map,2
/Users/larrymotuzis/Larry_Motuzis_Data/Project05_CommonsCollections/src/main/java/org/apache/commons/collections4/bag/AbstractMapBag.java,org.apache.commons.collections4.bag.AbstractMapBag,getCount/1[java.lang.Object],map,1
/Users/larrymotuzis/Larry_Motuzis_Data/Project05_CommonsCollections/src/main/java/org/apache/commons/collections4/bag/AbstractMapBag.java,org.apache.commons.collections4.bag.AbstractMapBag,isEmpty/0,map,1
/Users/larrymotuzis/Larry_Motuzis_Data/Project05_CommonsCollections/src/main/java/org/apache/commons/collections4/bag/AbstractMapBag.java,org.apache.commons.collections4.bag.AbstractMapBag,getMap/0,map,1
/Users/larrymotuzis/Larry_Motuzis_Data/Project05_CommonsCollections/src/main/java/org/apache/commons/collections4/bag/AbstractMapBag.java,org.apache.commons.collections4.bag.AbstractMapBag,doWriteObject/1[java.io.ObjectOutputStream],size,1
/Users/larrymotuzis/Larry_Motuzis_Data/Project05_CommonsCollections/src/main/java/org/apache/commons/collections4/bag/AbstractMapBag.java,org.apache.commons.collections4.bag.AbstractMapBag,doWriteObject/1[java.io.ObjectOutputStream],map,2
/Users/larrymotuzis/Larry_Motuzis_Data/Project05_CommonsCollections/src/main/java/org/apache/commons/collections4/bag/AbstractMapBag.java,org.apache.commons.collections4.bag.AbstractMapBag,"doReadObject/2[java.util.Map<E,org.apache.commons.collections4.bag.AbstractMapBag.MutableInteger>,java.io.ObjectInputStream]",size,1
/Users/larrymotuzis/Larry_Motuzis_Data/Project05_CommonsCollections/src/main/java/org/apache/commons/collections4/bag/AbstractMapBag.java,org.apache.commons.collections4.bag.AbstractMapBag,"doReadObject/2[java.util.Map<E,org.apache.commons.collections4.bag.AbstractMapBag.MutableInteger>,java.io.ObjectInputStream]",map,5
/Users/larrymotuzis/Larry_Motuzis_Data/Project05_CommonsCollections/src/main/java/org/apache/commons/collections4/bag/AbstractMapBag.java,org.apache.commons.collections4.bag.AbstractMapBag,contains/1[java.lang.Object],map,1
/Users/larrymotuzis/Larry_Motuzis_Data/Project05_CommonsCollections/src/main/java/org/apache/commons/collections4/bag/AbstractMapBag.java,org.apache.commons.collections4.bag.AbstractMapBag,remove/1[java.lang.Object],modCount,1
/Users/larrymotuzis/Larry_Motuzis_Data/Project05_CommonsCollections/src/main/java/org/apache/commons/collections4/bag/AbstractMapBag.java,org.apache.commons.collections4.bag.AbstractMapBag,remove/1[java.lang.Object],size,1
/Users/larrymotuzis/Larry_Motuzis_Data/Project05_CommonsCollections/src/main/java/org/apache/commons/collections4/bag/AbstractMapBag.java,org.apache.commons.collections4.bag.AbstractMapBag,remove/1[java.lang.Object],map,2
/Users/larrymotuzis/Larry_Motuzis_Data/Project05_CommonsCollections/src/main/java/org/apache/commons/collections4/bag/AbstractMapBag.java,org.apache.commons.collections4.bag.AbstractMapBag,retainAll/1[org.apache.commons.collections4.Bag<?>],uniqueSet,1
/Users/larrymotuzis/Larry_Motuzis_Data/Project05_CommonsCollections/src/main/java/org/apache/commons/collections4/bag/AbstractMapBag.java,org.apache.commons.collections4.bag.AbstractMapBag,"AbstractMapBag/2[java.util.Map<E,org.apache.commons.collections4.bag.AbstractMapBag.MutableInteger>,java.lang.Iterable<? extends E>]",map,3
/Users/larrymotuzis/Larry_Motuzis_Data/Project05_CommonsCollections/src/main/java/org/apache/commons/collections4/iterators/TransformIterator.java,org.apache.commons.collections4.iterators.TransformIterator,TransformIterator/1[java.util.Iterator<? extends I>],iterator,4
/Users/larrymotuzis/Larry_Motuzis_Data/Project05_CommonsCollections/src/main/java/org/apache/commons/collections4/iterators/TransformIterator.java,org.apache.commons.collections4.iterators.TransformIterator,hasNext/0,iterator,1
/Users/larrymotuzis/Larry_Motuzis_Data/Project05_CommonsCollections/src/main/java/org/apache/commons/collections4/iterators/TransformIterator.java,org.apache.commons.collections4.iterators.TransformIterator,getTransformer/0,transformer,1
/Users/larrymotuzis/Larry_Motuzis_Data/Project05_CommonsCollections/src/main/java/org/apache/commons/collections4/iterators/TransformIterator.java,org.apache.commons.collections4.iterators.TransformIterator,next/0,iterator,1
/Users/larrymotuzis/Larry_Motuzis_Data/Project05_CommonsCollections/src/main/java/org/apache/commons/collections4/iterators/TransformIterator.java,org.apache.commons.collections4.iterators.TransformIterator,setIterator/1[java.util.Iterator<? extends I>],iterator,4
/Users/larrymotuzis/Larry_Motuzis_Data/Project05_CommonsCollections/src/main/java/org/apache/commons/collections4/iterators/TransformIterator.java,org.apache.commons.collections4.iterators.TransformIterator,"setTransformer/1[org.apache.commons.collections4.Transformer<? super I,? extends O>]",transformer,4
/Users/larrymotuzis/Larry_Motuzis_Data/Project05_CommonsCollections/src/main/java/org/apache/commons/collections4/iterators/TransformIterator.java,org.apache.commons.collections4.iterators.TransformIterator,"TransformIterator/2[java.util.Iterator<? extends I>,org.apache.commons.collections4.Transformer<? super I,? extends O>]",iterator,4
/Users/larrymotuzis/Larry_Motuzis_Data/Project05_CommonsCollections/src/main/java/org/apache/commons/collections4/iterators/TransformIterator.java,org.apache.commons.collections4.iterators.TransformIterator,"TransformIterator/2[java.util.Iterator<? extends I>,org.apache.commons.collections4.Transformer<? super I,? extends O>]",transformer,4
/Users/larrymotuzis/Larry_Motuzis_Data/Project05_CommonsCollections/src/main/java/org/apache/commons/collections4/iterators/TransformIterator.java,org.apache.commons.collections4.iterators.TransformIterator,remove/0,iterator,1
/Users/larrymotuzis/Larry_Motuzis_Data/Project05_CommonsCollections/src/main/java/org/apache/commons/collections4/iterators/TransformIterator.java,org.apache.commons.collections4.iterators.TransformIterator,getIterator/0,iterator,1
/Users/larrymotuzis/Larry_Motuzis_Data/Project05_CommonsCollections/src/main/java/org/apache/commons/collections4/iterators/TransformIterator.java,org.apache.commons.collections4.iterators.TransformIterator,transform/1[I],transformer,1
/Users/larrymotuzis/Larry_Motuzis_Data/Project05_CommonsCollections/src/main/java/org/apache/commons/collections4/sequence/EditCommand.java,org.apache.commons.collections4.sequence.EditCommand,getObject/0,object,1
/Users/larrymotuzis/Larry_Motuzis_Data/Project05_CommonsCollections/src/main/java/org/apache/commons/collections4/sequence/EditCommand.java,org.apache.commons.collections4.sequence.EditCommand,EditCommand/1[T],object,4
/Users/larrymotuzis/Larry_Motuzis_Data/Project05_CommonsCollections/src/main/java/org/apache/commons/collections4/splitmap/AbstractIterableGetMapDecorator.java,org.apache.commons.collections4.splitmap.AbstractIterableGetMapDecorator,decorated/0,map,1
/Users/larrymotuzis/Larry_Motuzis_Data/Project05_CommonsCollections/src/main/java/org/apache/commons/collections4/splitmap/AbstractIterableGetMapDecorator.java,org.apache.commons.collections4.splitmap.AbstractIterableGetMapDecorator,"AbstractIterableGetMapDecorator/1[java.util.Map<K,V>]",map,4
/Users/larrymotuzis/Larry_Motuzis_Data/Project05_CommonsCollections/src/main/java/org/apache/commons/collections4/bidimap/TreeBidiMap.java,org.apache.commons.collections4.bidimap.TreeBidiMap$DataElement,DataElement/1[java.lang.String],description,4
/Users/larrymotuzis/Larry_Motuzis_Data/Project05_CommonsCollections/src/main/java/org/apache/commons/collections4/bidimap/TreeBidiMap.java,org.apache.commons.collections4.bidimap.TreeBidiMap$DataElement,toString/0,description,1
/Users/larrymotuzis/Larry_Motuzis_Data/Project05_CommonsCollections/src/main/java/org/apache/commons/collections4/set/ListOrderedSet.java,org.apache.commons.collections4.set.ListOrderedSet,remove/1[int],setOrder,1
/Users/larrymotuzis/Larry_Motuzis_Data/Project05_CommonsCollections/src/main/java/org/apache/commons/collections4/set/ListOrderedSet.java,org.apache.commons.collections4.set.ListOrderedSet,"add/2[int,E]",setOrder,1
/Users/larrymotuzis/Larry_Motuzis_Data/Project05_CommonsCollections/src/main/java/org/apache/commons/collections4/set/ListOrderedSet.java,org.apache.commons.collections4.set.ListOrderedSet,add/1[E],setOrder,1
/Users/larrymotuzis/Larry_Motuzis_Data/Project05_CommonsCollections/src/main/java/org/apache/commons/collections4/set/ListOrderedSet.java,org.apache.commons.collections4.set.ListOrderedSet,"addAll/2[int,java.util.Collection<? extends E>]",setOrder,1
/Users/larrymotuzis/Larry_Motuzis_Data/Project05_CommonsCollections/src/main/java/org/apache/commons/collections4/set/ListOrderedSet.java,org.apache.commons.collections4.set.ListOrderedSet,indexOf/1[java.lang.Object],setOrder,1
/Users/larrymotuzis/Larry_Motuzis_Data/Project05_CommonsCollections/src/main/java/org/apache/commons/collections4/set/ListOrderedSet.java,org.apache.commons.collections4.set.ListOrderedSet,ListOrderedSet/1[java.util.Set<E>],setOrder,1
/Users/larrymotuzis/Larry_Motuzis_Data/Project05_CommonsCollections/src/main/java/org/apache/commons/collections4/set/ListOrderedSet.java,org.apache.commons.collections4.set.ListOrderedSet,clear/0,setOrder,1
/Users/larrymotuzis/Larry_Motuzis_Data/Project05_CommonsCollections/src/main/java/org/apache/commons/collections4/set/ListOrderedSet.java,org.apache.commons.collections4.set.ListOrderedSet,iterator/0,setOrder,1
/Users/larrymotuzis/Larry_Motuzis_Data/Project05_CommonsCollections/src/main/java/org/apache/commons/collections4/set/ListOrderedSet.java,org.apache.commons.collections4.set.ListOrderedSet,asList/0,setOrder,1
/Users/larrymotuzis/Larry_Motuzis_Data/Project05_CommonsCollections/src/main/java/org/apache/commons/collections4/set/ListOrderedSet.java,org.apache.commons.collections4.set.ListOrderedSet,ListOrderedSet/0,setOrder,1
/Users/larrymotuzis/Larry_Motuzis_Data/Project05_CommonsCollections/src/main/java/org/apache/commons/collections4/set/ListOrderedSet.java,org.apache.commons.collections4.set.ListOrderedSet,get/1[int],setOrder,1
/Users/larrymotuzis/Larry_Motuzis_Data/Project05_CommonsCollections/src/main/java/org/apache/commons/collections4/set/ListOrderedSet.java,org.apache.commons.collections4.set.ListOrderedSet,retainAll/1[java.util.Collection<?>],setOrder,2
/Users/larrymotuzis/Larry_Motuzis_Data/Project05_CommonsCollections/src/main/java/org/apache/commons/collections4/set/ListOrderedSet.java,org.apache.commons.collections4.set.ListOrderedSet,toArray/0,setOrder,1
/Users/larrymotuzis/Larry_Motuzis_Data/Project05_CommonsCollections/src/main/java/org/apache/commons/collections4/set/ListOrderedSet.java,org.apache.commons.collections4.set.ListOrderedSet,toString/0,setOrder,1
/Users/larrymotuzis/Larry_Motuzis_Data/Project05_CommonsCollections/src/main/java/org/apache/commons/collections4/set/ListOrderedSet.java,org.apache.commons.collections4.set.ListOrderedSet,"ListOrderedSet/2[java.util.Set<E>,java.util.List<E>]",setOrder,1
/Users/larrymotuzis/Larry_Motuzis_Data/Project05_CommonsCollections/src/main/java/org/apache/commons/collections4/set/ListOrderedSet.java,org.apache.commons.collections4.set.ListOrderedSet,remove/1[java.lang.Object],setOrder,1
/Users/larrymotuzis/Larry_Motuzis_Data/Project05_CommonsCollections/src/main/java/org/apache/commons/collections4/set/ListOrderedSet.java,org.apache.commons.collections4.set.ListOrderedSet,toArray/1[T[]],setOrder,1
/Users/larrymotuzis/Larry_Motuzis_Data/Project05_CommonsCollections/src/main/java/org/apache/commons/collections4/set/ListOrderedSet.java,org.apache.commons.collections4.set.ListOrderedSet,removeIf/1[java.util.function.Predicate<? super E>],setOrder,1
/Users/larrymotuzis/Larry_Motuzis_Data/Project05_CommonsCollections/src/main/java/org/apache/commons/collections4/list/AbstractLinkedListJava21.java,org.apache.commons.collections4.list.AbstractLinkedListJava21$LinkedListIterator,checkModCount/0,expectedModCount,1
/Users/larrymotuzis/Larry_Motuzis_Data/Project05_CommonsCollections/src/main/java/org/apache/commons/collections4/list/AbstractLinkedListJava21.java,org.apache.commons.collections4.list.AbstractLinkedListJava21$LinkedListIterator,"LinkedListIterator/2[org.apache.commons.collections4.list.AbstractLinkedListJava21<E>,int]",next,1
/Users/larrymotuzis/Larry_Motuzis_Data/Project05_CommonsCollections/src/main/java/org/apache/commons/collections4/list/AbstractLinkedListJava21.java,org.apache.commons.collections4.list.AbstractLinkedListJava21$LinkedListIterator,"LinkedListIterator/2[org.apache.commons.collections4.list.AbstractLinkedListJava21<E>,int]",parent,5
/Users/larrymotuzis/Larry_Motuzis_Data/Project05_CommonsCollections/src/main/java/org/apache/commons/collections4/list/AbstractLinkedListJava21.java,org.apache.commons.collections4.list.AbstractLinkedListJava21$LinkedListIterator,"LinkedListIterator/2[org.apache.commons.collections4.list.AbstractLinkedListJava21<E>,int]",expectedModCount,1
/Users/larrymotuzis/Larry_Motuzis_Data/Project05_CommonsCollections/src/main/java/org/apache/commons/collections4/list/AbstractLinkedListJava21.java,org.apache.commons.collections4.list.AbstractLinkedListJava21$LinkedListIterator,"LinkedListIterator/2[org.apache.commons.collections4.list.AbstractLinkedListJava21<E>,int]",nextIndex,1
/Users/larrymotuzis/Larry_Motuzis_Data/Project05_CommonsCollections/src/main/java/org/apache/commons/collections4/list/AbstractLinkedListJava21.java,org.apache.commons.collections4.list.AbstractLinkedListJava21$LinkedListIterator,hasNext/0,next,1
/Users/larrymotuzis/Larry_Motuzis_Data/Project05_CommonsCollections/src/main/java/org/apache/commons/collections4/list/AbstractLinkedListJava21.java,org.apache.commons.collections4.list.AbstractLinkedListJava21$LinkedListIterator,next/0,next,4
/Users/larrymotuzis/Larry_Motuzis_Data/Project05_CommonsCollections/src/main/java/org/apache/commons/collections4/list/AbstractLinkedListJava21.java,org.apache.commons.collections4.list.AbstractLinkedListJava21$LinkedListIterator,next/0,current,1
/Users/larrymotuzis/Larry_Motuzis_Data/Project05_CommonsCollections/src/main/java/org/apache/commons/collections4/list/AbstractLinkedListJava21.java,org.apache.commons.collections4.list.AbstractLinkedListJava21$LinkedListIterator,next/0,nextIndex,2
/Users/larrymotuzis/Larry_Motuzis_Data/Project05_CommonsCollections/src/main/java/org/apache/commons/collections4/list/AbstractLinkedListJava21.java,org.apache.commons.collections4.list.AbstractLinkedListJava21$LinkedListIterator,previousIndex/0,nextIndex,1
/Users/larrymotuzis/Larry_Motuzis_Data/Project05_CommonsCollections/src/main/java/org/apache/commons/collections4/list/AbstractLinkedListJava21.java,org.apache.commons.collections4.list.AbstractLinkedListJava21$LinkedListIterator,nextIndex/0,nextIndex,2
/Users/larrymotuzis/Larry_Motuzis_Data/Project05_CommonsCollections/src/main/java/org/apache/commons/collections4/list/AbstractLinkedListJava21.java,org.apache.commons.collections4.list.AbstractLinkedListJava21$LinkedListIterator,remove/0,next,2
/Users/larrymotuzis/Larry_Motuzis_Data/Project05_CommonsCollections/src/main/java/org/apache/commons/collections4/list/AbstractLinkedListJava21.java,org.apache.commons.collections4.list.AbstractLinkedListJava21$LinkedListIterator,remove/0,parent,2
/Users/larrymotuzis/Larry_Motuzis_Data/Project05_CommonsCollections/src/main/java/org/apache/commons/collections4/list/AbstractLinkedListJava21.java,org.apache.commons.collections4.list.AbstractLinkedListJava21$LinkedListIterator,remove/0,current,2
/Users/larrymotuzis/Larry_Motuzis_Data/Project05_CommonsCollections/src/main/java/org/apache/commons/collections4/list/AbstractLinkedListJava21.java,org.apache.commons.collections4.list.AbstractLinkedListJava21$LinkedListIterator,remove/0,expectedModCount,1
/Users/larrymotuzis/Larry_Motuzis_Data/Project05_CommonsCollections/src/main/java/org/apache/commons/collections4/list/AbstractLinkedListJava21.java,org.apache.commons.collections4.list.AbstractLinkedListJava21$LinkedListIterator,remove/0,nextIndex,1
/Users/larrymotuzis/Larry_Motuzis_Data/Project05_CommonsCollections/src/main/java/org/apache/commons/collections4/list/AbstractLinkedListJava21.java,org.apache.commons.collections4.list.AbstractLinkedListJava21$LinkedListIterator,add/1[E],next,1
/Users/larrymotuzis/Larry_Motuzis_Data/Project05_CommonsCollections/src/main/java/org/apache/commons/collections4/list/AbstractLinkedListJava21.java,org.apache.commons.collections4.list.AbstractLinkedListJava21$LinkedListIterator,add/1[E],parent,1
/Users/larrymotuzis/Larry_Motuzis_Data/Project05_CommonsCollections/src/main/java/org/apache/commons/collections4/list/AbstractLinkedListJava21.java,org.apache.commons.collections4.list.AbstractLinkedListJava21$LinkedListIterator,add/1[E],current,1
/Users/larrymotuzis/Larry_Motuzis_Data/Project05_CommonsCollections/src/main/java/org/apache/commons/collections4/list/AbstractLinkedListJava21.java,org.apache.commons.collections4.list.AbstractLinkedListJava21$LinkedListIterator,add/1[E],expectedModCount,1
/Users/larrymotuzis/Larry_Motuzis_Data/Project05_CommonsCollections/src/main/java/org/apache/commons/collections4/list/AbstractLinkedListJava21.java,org.apache.commons.collections4.list.AbstractLinkedListJava21$LinkedListIterator,add/1[E],nextIndex,1
/Users/larrymotuzis/Larry_Motuzis_Data/Project05_CommonsCollections/src/main/java/org/apache/commons/collections4/list/AbstractLinkedListJava21.java,org.apache.commons.collections4.list.AbstractLinkedListJava21$LinkedListIterator,previous/0,next,3
/Users/larrymotuzis/Larry_Motuzis_Data/Project05_CommonsCollections/src/main/java/org/apache/commons/collections4/list/AbstractLinkedListJava21.java,org.apache.commons.collections4.list.AbstractLinkedListJava21$LinkedListIterator,previous/0,current,1
/Users/larrymotuzis/Larry_Motuzis_Data/Project05_CommonsCollections/src/main/java/org/apache/commons/collections4/list/AbstractLinkedListJava21.java,org.apache.commons.collections4.list.AbstractLinkedListJava21$LinkedListIterator,previous/0,nextIndex,1
/Users/larrymotuzis/Larry_Motuzis_Data/Project05_CommonsCollections/src/main/java/org/apache/commons/collections4/list/AbstractLinkedListJava21.java,org.apache.commons.collections4.list.AbstractLinkedListJava21$LinkedListIterator,getLastNodeReturned/0,next,1
/Users/larrymotuzis/Larry_Motuzis_Data/Project05_CommonsCollections/src/main/java/org/apache/commons/collections4/list/AbstractLinkedListJava21.java,org.apache.commons.collections4.list.AbstractLinkedListJava21$LinkedListIterator,getLastNodeReturned/0,current,2
/Users/larrymotuzis/Larry_Motuzis_Data/Project05_CommonsCollections/src/main/java/org/apache/commons/collections4/multimap/LinkedHashSetValuedLinkedHashMap.java,org.apache.commons.collections4.multimap.LinkedHashSetValuedLinkedHashMap,LinkedHashSetValuedLinkedHashMap/1[int],DEFAULT_INITIAL_MAP_CAPACITY,1
/Users/larrymotuzis/Larry_Motuzis_Data/Project05_CommonsCollections/src/main/java/org/apache/commons/collections4/multimap/LinkedHashSetValuedLinkedHashMap.java,org.apache.commons.collections4.multimap.LinkedHashSetValuedLinkedHashMap,LinkedHashSetValuedLinkedHashMap/1[int],initialSetCapacity,3
/Users/larrymotuzis/Larry_Motuzis_Data/Project05_CommonsCollections/src/main/java/org/apache/commons/collections4/multimap/LinkedHashSetValuedLinkedHashMap.java,org.apache.commons.collections4.multimap.LinkedHashSetValuedLinkedHashMap,"LinkedHashSetValuedLinkedHashMap/1[org.apache.commons.collections4.MultiValuedMap<? extends K,? extends V>]",DEFAULT_INITIAL_SET_CAPACITY,1
/Users/larrymotuzis/Larry_Motuzis_Data/Project05_CommonsCollections/src/main/java/org/apache/commons/collections4/multimap/LinkedHashSetValuedLinkedHashMap.java,org.apache.commons.collections4.multimap.LinkedHashSetValuedLinkedHashMap,createCollection/0,initialSetCapacity,1
/Users/larrymotuzis/Larry_Motuzis_Data/Project05_CommonsCollections/src/main/java/org/apache/commons/collections4/multimap/LinkedHashSetValuedLinkedHashMap.java,org.apache.commons.collections4.multimap.LinkedHashSetValuedLinkedHashMap,"LinkedHashSetValuedLinkedHashMap/2[int,int]",initialSetCapacity,4
/Users/larrymotuzis/Larry_Motuzis_Data/Project05_CommonsCollections/src/main/java/org/apache/commons/collections4/multimap/LinkedHashSetValuedLinkedHashMap.java,org.apache.commons.collections4.multimap.LinkedHashSetValuedLinkedHashMap,LinkedHashSetValuedLinkedHashMap/0,DEFAULT_INITIAL_SET_CAPACITY,1
/Users/larrymotuzis/Larry_Motuzis_Data/Project05_CommonsCollections/src/main/java/org/apache/commons/collections4/multimap/LinkedHashSetValuedLinkedHashMap.java,org.apache.commons.collections4.multimap.LinkedHashSetValuedLinkedHashMap,LinkedHashSetValuedLinkedHashMap/0,DEFAULT_INITIAL_MAP_CAPACITY,1
/Users/larrymotuzis/Larry_Motuzis_Data/Project05_CommonsCollections/src/main/java/org/apache/commons/collections4/multimap/LinkedHashSetValuedLinkedHashMap.java,org.apache.commons.collections4.multimap.LinkedHashSetValuedLinkedHashMap,"LinkedHashSetValuedLinkedHashMap/1[java.util.Map<? extends K,? extends V>]",DEFAULT_INITIAL_SET_CAPACITY,1
/Users/larrymotuzis/Larry_Motuzis_Data/Project05_CommonsCollections/src/main/java/org/apache/commons/collections4/trie/AbstractPatriciaTrie.java,org.apache.commons.collections4.trie.AbstractPatriciaTrie$Reference,get/0,item,1
/Users/larrymotuzis/Larry_Motuzis_Data/Project05_CommonsCollections/src/main/java/org/apache/commons/collections4/trie/AbstractPatriciaTrie.java,org.apache.commons.collections4.trie.AbstractPatriciaTrie$Reference,set/1[E],item,3
/Users/larrymotuzis/Larry_Motuzis_Data/Project05_CommonsCollections/src/main/java/org/apache/commons/collections4/map/ConcurrentReferenceHashMap.java,org.apache.commons.collections4.map.ConcurrentReferenceHashMap$InitializableEntry,setValue/1[V],value,1
/Users/larrymotuzis/Larry_Motuzis_Data/Project05_CommonsCollections/src/main/java/org/apache/commons/collections4/map/ConcurrentReferenceHashMap.java,org.apache.commons.collections4.map.ConcurrentReferenceHashMap$InitializableEntry,"init/2[K,V]",value,3
/Users/larrymotuzis/Larry_Motuzis_Data/Project05_CommonsCollections/src/main/java/org/apache/commons/collections4/map/ConcurrentReferenceHashMap.java,org.apache.commons.collections4.map.ConcurrentReferenceHashMap$InitializableEntry,"init/2[K,V]",key,3
/Users/larrymotuzis/Larry_Motuzis_Data/Project05_CommonsCollections/src/main/java/org/apache/commons/collections4/map/ConcurrentReferenceHashMap.java,org.apache.commons.collections4.map.ConcurrentReferenceHashMap$InitializableEntry,getKey/0,key,1
/Users/larrymotuzis/Larry_Motuzis_Data/Project05_CommonsCollections/src/main/java/org/apache/commons/collections4/map/ConcurrentReferenceHashMap.java,org.apache.commons.collections4.map.ConcurrentReferenceHashMap$InitializableEntry,getValue/0,value,1
/Users/larrymotuzis/Larry_Motuzis_Data/Project05_CommonsCollections/src/main/java/org/apache/commons/collections4/bidimap/AbstractDualBidiMap.java,org.apache.commons.collections4.bidimap.AbstractDualBidiMap$ValuesIterator,"ValuesIterator/2[java.util.Iterator<V>,org.apache.commons.collections4.bidimap.AbstractDualBidiMap<?,V>]",parent,4
/Users/larrymotuzis/Larry_Motuzis_Data/Project05_CommonsCollections/src/main/java/org/apache/commons/collections4/bidimap/AbstractDualBidiMap.java,org.apache.commons.collections4.bidimap.AbstractDualBidiMap$ValuesIterator,next/0,lastValue,2
/Users/larrymotuzis/Larry_Motuzis_Data/Project05_CommonsCollections/src/main/java/org/apache/commons/collections4/bidimap/AbstractDualBidiMap.java,org.apache.commons.collections4.bidimap.AbstractDualBidiMap$ValuesIterator,next/0,canRemove,1
/Users/larrymotuzis/Larry_Motuzis_Data/Project05_CommonsCollections/src/main/java/org/apache/commons/collections4/bidimap/AbstractDualBidiMap.java,org.apache.commons.collections4.bidimap.AbstractDualBidiMap$ValuesIterator,remove/0,canRemove,2
/Users/larrymotuzis/Larry_Motuzis_Data/Project05_CommonsCollections/src/main/java/org/apache/commons/collections4/bidimap/AbstractDualBidiMap.java,org.apache.commons.collections4.bidimap.AbstractDualBidiMap$ValuesIterator,remove/0,lastValue,2
/Users/larrymotuzis/Larry_Motuzis_Data/Project05_CommonsCollections/src/main/java/org/apache/commons/collections4/multiset/AbstractMapMultiSet.java,org.apache.commons.collections4.multiset.AbstractMapMultiSet$UniqueSetIterator,next/0,canRemove,1
/Users/larrymotuzis/Larry_Motuzis_Data/Project05_CommonsCollections/src/main/java/org/apache/commons/collections4/multiset/AbstractMapMultiSet.java,org.apache.commons.collections4.multiset.AbstractMapMultiSet$UniqueSetIterator,next/0,lastElement,2
/Users/larrymotuzis/Larry_Motuzis_Data/Project05_CommonsCollections/src/main/java/org/apache/commons/collections4/multiset/AbstractMapMultiSet.java,org.apache.commons.collections4.multiset.AbstractMapMultiSet$UniqueSetIterator,remove/0,parent,2
/Users/larrymotuzis/Larry_Motuzis_Data/Project05_CommonsCollections/src/main/java/org/apache/commons/collections4/multiset/AbstractMapMultiSet.java,org.apache.commons.collections4.multiset.AbstractMapMultiSet$UniqueSetIterator,remove/0,canRemove,2
/Users/larrymotuzis/Larry_Motuzis_Data/Project05_CommonsCollections/src/main/java/org/apache/commons/collections4/multiset/AbstractMapMultiSet.java,org.apache.commons.collections4.multiset.AbstractMapMultiSet$UniqueSetIterator,remove/0,lastElement,3
/Users/larrymotuzis/Larry_Motuzis_Data/Project05_CommonsCollections/src/main/java/org/apache/commons/collections4/multiset/AbstractMapMultiSet.java,org.apache.commons.collections4.multiset.AbstractMapMultiSet$UniqueSetIterator,"UniqueSetIterator/2[java.util.Iterator<E>,org.apache.commons.collections4.multiset.AbstractMapMultiSet<E>]",parent,4
/Users/larrymotuzis/Larry_Motuzis_Data/Project05_CommonsCollections/src/main/java/org/apache/commons/collections4/bloomfilter/CountingLongPredicate.java,org.apache.commons.collections4.bloomfilter.CountingLongPredicate,"CountingLongPredicate/2[long[],org.apache.commons.collections4.bloomfilter.LongBiPredicate]",func,4
/Users/larrymotuzis/Larry_Motuzis_Data/Project05_CommonsCollections/src/main/java/org/apache/commons/collections4/bloomfilter/CountingLongPredicate.java,org.apache.commons.collections4.bloomfilter.CountingLongPredicate,"CountingLongPredicate/2[long[],org.apache.commons.collections4.bloomfilter.LongBiPredicate]",ary,4
/Users/larrymotuzis/Larry_Motuzis_Data/Project05_CommonsCollections/src/main/java/org/apache/commons/collections4/bloomfilter/CountingLongPredicate.java,org.apache.commons.collections4.bloomfilter.CountingLongPredicate,processRemaining/0,func,1
/Users/larrymotuzis/Larry_Motuzis_Data/Project05_CommonsCollections/src/main/java/org/apache/commons/collections4/bloomfilter/CountingLongPredicate.java,org.apache.commons.collections4.bloomfilter.CountingLongPredicate,processRemaining/0,ary,1
/Users/larrymotuzis/Larry_Motuzis_Data/Project05_CommonsCollections/src/main/java/org/apache/commons/collections4/bloomfilter/CountingLongPredicate.java,org.apache.commons.collections4.bloomfilter.CountingLongPredicate,processRemaining/0,idx,1
/Users/larrymotuzis/Larry_Motuzis_Data/Project05_CommonsCollections/src/main/java/org/apache/commons/collections4/bloomfilter/CountingLongPredicate.java,org.apache.commons.collections4.bloomfilter.CountingLongPredicate,test/1[long],func,1
/Users/larrymotuzis/Larry_Motuzis_Data/Project05_CommonsCollections/src/main/java/org/apache/commons/collections4/bloomfilter/CountingLongPredicate.java,org.apache.commons.collections4.bloomfilter.CountingLongPredicate,test/1[long],ary,1
/Users/larrymotuzis/Larry_Motuzis_Data/Project05_CommonsCollections/src/main/java/org/apache/commons/collections4/bloomfilter/CountingLongPredicate.java,org.apache.commons.collections4.bloomfilter.CountingLongPredicate,test/1[long],idx,2
/Users/larrymotuzis/Larry_Motuzis_Data/Project05_CommonsCollections/src/main/java/org/apache/commons/collections4/bloomfilter/Shape.java,org.apache.commons.collections4.bloomfilter.Shape,"calculateNumberOfHashFunctions/2[int,int]",LN_2,1
/Users/larrymotuzis/Larry_Motuzis_Data/Project05_CommonsCollections/src/main/java/org/apache/commons/collections4/bloomfilter/Shape.java,org.apache.commons.collections4.bloomfilter.Shape,"calculateNumberOfHashFunctions/2[int,int]",numberOfBits,3
/Users/larrymotuzis/Larry_Motuzis_Data/Project05_CommonsCollections/src/main/java/org/apache/commons/collections4/bloomfilter/Shape.java,org.apache.commons.collections4.bloomfilter.Shape,equals/1[java.lang.Object],numberOfHashFunctions,1
/Users/larrymotuzis/Larry_Motuzis_Data/Project05_CommonsCollections/src/main/java/org/apache/commons/collections4/bloomfilter/Shape.java,org.apache.commons.collections4.bloomfilter.Shape,equals/1[java.lang.Object],numberOfBits,1
/Users/larrymotuzis/Larry_Motuzis_Data/Project05_CommonsCollections/src/main/java/org/apache/commons/collections4/bloomfilter/Shape.java,org.apache.commons.collections4.bloomfilter.Shape,getProbability/1[int],numberOfHashFunctions,2
/Users/larrymotuzis/Larry_Motuzis_Data/Project05_CommonsCollections/src/main/java/org/apache/commons/collections4/bloomfilter/Shape.java,org.apache.commons.collections4.bloomfilter.Shape,getProbability/1[int],numberOfBits,1
/Users/larrymotuzis/Larry_Motuzis_Data/Project05_CommonsCollections/src/main/java/org/apache/commons/collections4/bloomfilter/Shape.java,org.apache.commons.collections4.bloomfilter.Shape,toString/0,numberOfHashFunctions,1
/Users/larrymotuzis/Larry_Motuzis_Data/Project05_CommonsCollections/src/main/java/org/apache/commons/collections4/bloomfilter/Shape.java,org.apache.commons.collections4.bloomfilter.Shape,toString/0,numberOfBits,1
/Users/larrymotuzis/Larry_Motuzis_Data/Project05_CommonsCollections/src/main/java/org/apache/commons/collections4/bloomfilter/Shape.java,org.apache.commons.collections4.bloomfilter.Shape,"fromNP/2[int,double]",DENOMINATOR,1
/Users/larrymotuzis/Larry_Motuzis_Data/Project05_CommonsCollections/src/main/java/org/apache/commons/collections4/bloomfilter/Shape.java,org.apache.commons.collections4.bloomfilter.Shape,"Shape/2[int,int]",numberOfHashFunctions,4
/Users/larrymotuzis/Larry_Motuzis_Data/Project05_CommonsCollections/src/main/java/org/apache/commons/collections4/bloomfilter/Shape.java,org.apache.commons.collections4.bloomfilter.Shape,"Shape/2[int,int]",numberOfBits,4
/Users/larrymotuzis/Larry_Motuzis_Data/Project05_CommonsCollections/src/main/java/org/apache/commons/collections4/bloomfilter/Shape.java,org.apache.commons.collections4.bloomfilter.Shape,checkNumberOfHashFunctions/1[int],numberOfHashFunctions,5
/Users/larrymotuzis/Larry_Motuzis_Data/Project05_CommonsCollections/src/main/java/org/apache/commons/collections4/bloomfilter/Shape.java,org.apache.commons.collections4.bloomfilter.Shape,getNumberOfHashFunctions/0,numberOfHashFunctions,1
/Users/larrymotuzis/Larry_Motuzis_Data/Project05_CommonsCollections/src/main/java/org/apache/commons/collections4/bloomfilter/Shape.java,org.apache.commons.collections4.bloomfilter.Shape,"fromNM/2[int,int]",numberOfBits,5
/Users/larrymotuzis/Larry_Motuzis_Data/Project05_CommonsCollections/src/main/java/org/apache/commons/collections4/bloomfilter/Shape.java,org.apache.commons.collections4.bloomfilter.Shape,"fromPMK/3[double,int,int]",numberOfHashFunctions,6
/Users/larrymotuzis/Larry_Motuzis_Data/Project05_CommonsCollections/src/main/java/org/apache/commons/collections4/bloomfilter/Shape.java,org.apache.commons.collections4.bloomfilter.Shape,"fromPMK/3[double,int,int]",numberOfBits,5
/Users/larrymotuzis/Larry_Motuzis_Data/Project05_CommonsCollections/src/main/java/org/apache/commons/collections4/bloomfilter/Shape.java,org.apache.commons.collections4.bloomfilter.Shape,checkNumberOfBits/1[int],numberOfBits,5
/Users/larrymotuzis/Larry_Motuzis_Data/Project05_CommonsCollections/src/main/java/org/apache/commons/collections4/bloomfilter/Shape.java,org.apache.commons.collections4.bloomfilter.Shape,"fromNMK/3[int,int,int]",numberOfHashFunctions,4
/Users/larrymotuzis/Larry_Motuzis_Data/Project05_CommonsCollections/src/main/java/org/apache/commons/collections4/bloomfilter/Shape.java,org.apache.commons.collections4.bloomfilter.Shape,"fromNMK/3[int,int,int]",numberOfBits,4
/Users/larrymotuzis/Larry_Motuzis_Data/Project05_CommonsCollections/src/main/java/org/apache/commons/collections4/bloomfilter/Shape.java,org.apache.commons.collections4.bloomfilter.Shape,estimateN/1[int],numberOfHashFunctions,1
/Users/larrymotuzis/Larry_Motuzis_Data/Project05_CommonsCollections/src/main/java/org/apache/commons/collections4/bloomfilter/Shape.java,org.apache.commons.collections4.bloomfilter.Shape,estimateN/1[int],numberOfBits,1
/Users/larrymotuzis/Larry_Motuzis_Data/Project05_CommonsCollections/src/main/java/org/apache/commons/collections4/bloomfilter/Shape.java,org.apache.commons.collections4.bloomfilter.Shape,"fromKM/2[int,int]",numberOfHashFunctions,3
/Users/larrymotuzis/Larry_Motuzis_Data/Project05_CommonsCollections/src/main/java/org/apache/commons/collections4/bloomfilter/Shape.java,org.apache.commons.collections4.bloomfilter.Shape,"fromKM/2[int,int]",numberOfBits,3
/Users/larrymotuzis/Larry_Motuzis_Data/Project05_CommonsCollections/src/main/java/org/apache/commons/collections4/bloomfilter/Shape.java,org.apache.commons.collections4.bloomfilter.Shape,hashCode/0,numberOfHashFunctions,1
/Users/larrymotuzis/Larry_Motuzis_Data/Project05_CommonsCollections/src/main/java/org/apache/commons/collections4/bloomfilter/Shape.java,org.apache.commons.collections4.bloomfilter.Shape,hashCode/0,numberOfBits,1
/Users/larrymotuzis/Larry_Motuzis_Data/Project05_CommonsCollections/src/main/java/org/apache/commons/collections4/bloomfilter/Shape.java,org.apache.commons.collections4.bloomfilter.Shape,estimateMaxN/0,numberOfHashFunctions,1
/Users/larrymotuzis/Larry_Motuzis_Data/Project05_CommonsCollections/src/main/java/org/apache/commons/collections4/bloomfilter/Shape.java,org.apache.commons.collections4.bloomfilter.Shape,estimateMaxN/0,LN_2,1
/Users/larrymotuzis/Larry_Motuzis_Data/Project05_CommonsCollections/src/main/java/org/apache/commons/collections4/bloomfilter/Shape.java,org.apache.commons.collections4.bloomfilter.Shape,estimateMaxN/0,numberOfBits,1
/Users/larrymotuzis/Larry_Motuzis_Data/Project05_CommonsCollections/src/main/java/org/apache/commons/collections4/bloomfilter/Shape.java,org.apache.commons.collections4.bloomfilter.Shape,getNumberOfBits/0,numberOfBits,1
/Users/larrymotuzis/Larry_Motuzis_Data/Project05_CommonsCollections/src/main/java/org/apache/commons/collections4/comparators/FixedOrderComparator.java,org.apache.commons.collections4.comparators.FixedOrderComparator,checkLocked/0,isLocked,1
/Users/larrymotuzis/Larry_Motuzis_Data/Project05_CommonsCollections/src/main/java/org/apache/commons/collections4/comparators/FixedOrderComparator.java,org.apache.commons.collections4.comparators.FixedOrderComparator,hashCode/0,unknownObjectBehavior,1
/Users/larrymotuzis/Larry_Motuzis_Data/Project05_CommonsCollections/src/main/java/org/apache/commons/collections4/comparators/FixedOrderComparator.java,org.apache.commons.collections4.comparators.FixedOrderComparator,hashCode/0,isLocked,1
/Users/larrymotuzis/Larry_Motuzis_Data/Project05_CommonsCollections/src/main/java/org/apache/commons/collections4/comparators/FixedOrderComparator.java,org.apache.commons.collections4.comparators.FixedOrderComparator,hashCode/0,counter,1
/Users/larrymotuzis/Larry_Motuzis_Data/Project05_CommonsCollections/src/main/java/org/apache/commons/collections4/comparators/FixedOrderComparator.java,org.apache.commons.collections4.comparators.FixedOrderComparator,hashCode/0,map,1
/Users/larrymotuzis/Larry_Motuzis_Data/Project05_CommonsCollections/src/main/java/org/apache/commons/collections4/comparators/FixedOrderComparator.java,org.apache.commons.collections4.comparators.FixedOrderComparator,isLocked/0,isLocked,2
/Users/larrymotuzis/Larry_Motuzis_Data/Project05_CommonsCollections/src/main/java/org/apache/commons/collections4/comparators/FixedOrderComparator.java,org.apache.commons.collections4.comparators.FixedOrderComparator,getUnknownObjectBehavior/0,unknownObjectBehavior,1
/Users/larrymotuzis/Larry_Motuzis_Data/Project05_CommonsCollections/src/main/java/org/apache/commons/collections4/comparators/FixedOrderComparator.java,org.apache.commons.collections4.comparators.FixedOrderComparator,setUnknownObjectBehavior/1[org.apache.commons.collections4.comparators.FixedOrderComparator.UnknownObjectBehavior],unknownObjectBehavior,4
/Users/larrymotuzis/Larry_Motuzis_Data/Project05_CommonsCollections/src/main/java/org/apache/commons/collections4/comparators/FixedOrderComparator.java,org.apache.commons.collections4.comparators.FixedOrderComparator,equals/1[java.lang.Object],unknownObjectBehavior,1
/Users/larrymotuzis/Larry_Motuzis_Data/Project05_CommonsCollections/src/main/java/org/apache/commons/collections4/comparators/FixedOrderComparator.java,org.apache.commons.collections4.comparators.FixedOrderComparator,equals/1[java.lang.Object],isLocked,1
/Users/larrymotuzis/Larry_Motuzis_Data/Project05_CommonsCollections/src/main/java/org/apache/commons/collections4/comparators/FixedOrderComparator.java,org.apache.commons.collections4.comparators.FixedOrderComparator,equals/1[java.lang.Object],counter,1
/Users/larrymotuzis/Larry_Motuzis_Data/Project05_CommonsCollections/src/main/java/org/apache/commons/collections4/comparators/FixedOrderComparator.java,org.apache.commons.collections4.comparators.FixedOrderComparator,equals/1[java.lang.Object],map,1
/Users/larrymotuzis/Larry_Motuzis_Data/Project05_CommonsCollections/src/main/java/org/apache/commons/collections4/comparators/FixedOrderComparator.java,org.apache.commons.collections4.comparators.FixedOrderComparator,"addAsEqual/2[T,T]",map,2
/Users/larrymotuzis/Larry_Motuzis_Data/Project05_CommonsCollections/src/main/java/org/apache/commons/collections4/comparators/FixedOrderComparator.java,org.apache.commons.collections4.comparators.FixedOrderComparator,"compare/2[T,T]",unknownObjectBehavior,2
/Users/larrymotuzis/Larry_Motuzis_Data/Project05_CommonsCollections/src/main/java/org/apache/commons/collections4/comparators/FixedOrderComparator.java,org.apache.commons.collections4.comparators.FixedOrderComparator,"compare/2[T,T]",isLocked,1
/Users/larrymotuzis/Larry_Motuzis_Data/Project05_CommonsCollections/src/main/java/org/apache/commons/collections4/comparators/FixedOrderComparator.java,org.apache.commons.collections4.comparators.FixedOrderComparator,"compare/2[T,T]",map,2
/Users/larrymotuzis/Larry_Motuzis_Data/Project05_CommonsCollections/src/main/java/org/apache/commons/collections4/comparators/FixedOrderComparator.java,org.apache.commons.collections4.comparators.FixedOrderComparator,add/1[T],counter,1
/Users/larrymotuzis/Larry_Motuzis_Data/Project05_CommonsCollections/src/main/java/org/apache/commons/collections4/comparators/FixedOrderComparator.java,org.apache.commons.collections4.comparators.FixedOrderComparator,add/1[T],map,1
/Users/larrymotuzis/Larry_Motuzis_Data/Project05_CommonsCollections/src/main/java/org/apache/commons/collections4/multiset/AbstractMapMultiSet.java,org.apache.commons.collections4.multiset.AbstractMapMultiSet$MultiSetEntry,getCount/0,parentEntry,1
/Users/larrymotuzis/Larry_Motuzis_Data/Project05_CommonsCollections/src/main/java/org/apache/commons/collections4/multiset/AbstractMapMultiSet.java,org.apache.commons.collections4.multiset.AbstractMapMultiSet$MultiSetEntry,getElement/0,parentEntry,1
/Users/larrymotuzis/Larry_Motuzis_Data/Project05_CommonsCollections/src/main/java/org/apache/commons/collections4/multiset/AbstractMapMultiSet.java,org.apache.commons.collections4.multiset.AbstractMapMultiSet$MultiSetEntry,"MultiSetEntry/1[java.util.Map.Entry<E,org.apache.commons.collections4.multiset.AbstractMapMultiSet.MutableInteger>]",parentEntry,4
/Users/larrymotuzis/Larry_Motuzis_Data/Project05_CommonsCollections/src/main/java/org/apache/commons/collections4/bidimap/TreeBidiMap.java,org.apache.commons.collections4.bidimap.TreeBidiMap,"swapPosition/3[org.apache.commons.collections4.bidimap.TreeBidiMap.Node<K,V>,org.apache.commons.collections4.bidimap.TreeBidiMap.Node<K,V>,org.apache.commons.collections4.bidimap.TreeBidiMap.DataElement]",rootNode,4
/Users/larrymotuzis/Larry_Motuzis_Data/Project05_CommonsCollections/src/main/java/org/apache/commons/collections4/bidimap/TreeBidiMap.java,org.apache.commons.collections4.bidimap.TreeBidiMap,"insertValue/1[org.apache.commons.collections4.bidimap.TreeBidiMap.Node<K,V>]",rootNode,1
/Users/larrymotuzis/Larry_Motuzis_Data/Project05_CommonsCollections/src/main/java/org/apache/commons/collections4/bidimap/TreeBidiMap.java,org.apache.commons.collections4.bidimap.TreeBidiMap,clear/0,nodeCount,1
/Users/larrymotuzis/Larry_Motuzis_Data/Project05_CommonsCollections/src/main/java/org/apache/commons/collections4/bidimap/TreeBidiMap.java,org.apache.commons.collections4.bidimap.TreeBidiMap,clear/0,rootNode,2
/Users/larrymotuzis/Larry_Motuzis_Data/Project05_CommonsCollections/src/main/java/org/apache/commons/collections4/bidimap/TreeBidiMap.java,org.apache.commons.collections4.bidimap.TreeBidiMap,size/0,nodeCount,1
/Users/larrymotuzis/Larry_Motuzis_Data/Project05_CommonsCollections/src/main/java/org/apache/commons/collections4/bidimap/TreeBidiMap.java,org.apache.commons.collections4.bidimap.TreeBidiMap,"doPut/2[K,V]",rootNode,3
/Users/larrymotuzis/Larry_Motuzis_Data/Project05_CommonsCollections/src/main/java/org/apache/commons/collections4/bidimap/TreeBidiMap.java,org.apache.commons.collections4.bidimap.TreeBidiMap,firstKey/0,nodeCount,1
/Users/larrymotuzis/Larry_Motuzis_Data/Project05_CommonsCollections/src/main/java/org/apache/commons/collections4/bidimap/TreeBidiMap.java,org.apache.commons.collections4.bidimap.TreeBidiMap,firstKey/0,rootNode,1
/Users/larrymotuzis/Larry_Motuzis_Data/Project05_CommonsCollections/src/main/java/org/apache/commons/collections4/bidimap/TreeBidiMap.java,org.apache.commons.collections4.bidimap.TreeBidiMap,lastKey/0,nodeCount,1
/Users/larrymotuzis/Larry_Motuzis_Data/Project05_CommonsCollections/src/main/java/org/apache/commons/collections4/bidimap/TreeBidiMap.java,org.apache.commons.collections4.bidimap.TreeBidiMap,lastKey/0,rootNode,1
/Users/larrymotuzis/Larry_Motuzis_Data/Project05_CommonsCollections/src/main/java/org/apache/commons/collections4/bidimap/TreeBidiMap.java,org.apache.commons.collections4.bidimap.TreeBidiMap,readObject/1[java.io.ObjectInputStream],rootNode,1
/Users/larrymotuzis/Larry_Motuzis_Data/Project05_CommonsCollections/src/main/java/org/apache/commons/collections4/bidimap/TreeBidiMap.java,org.apache.commons.collections4.bidimap.TreeBidiMap,grow/0,nodeCount,1
/Users/larrymotuzis/Larry_Motuzis_Data/Project05_CommonsCollections/src/main/java/org/apache/commons/collections4/bidimap/TreeBidiMap.java,org.apache.commons.collections4.bidimap.TreeBidiMap,inverseBidiMap/0,inverse,3
/Users/larrymotuzis/Larry_Motuzis_Data/Project05_CommonsCollections/src/main/java/org/apache/commons/collections4/bidimap/TreeBidiMap.java,org.apache.commons.collections4.bidimap.TreeBidiMap,"doEquals/2[java.lang.Object,org.apache.commons.collections4.bidimap.TreeBidiMap.DataElement]",nodeCount,1
/Users/larrymotuzis/Larry_Motuzis_Data/Project05_CommonsCollections/src/main/java/org/apache/commons/collections4/bidimap/TreeBidiMap.java,org.apache.commons.collections4.bidimap.TreeBidiMap,doHashCode/1[org.apache.commons.collections4.bidimap.TreeBidiMap.DataElement],nodeCount,1
/Users/larrymotuzis/Larry_Motuzis_Data/Project05_CommonsCollections/src/main/java/org/apache/commons/collections4/bidimap/TreeBidiMap.java,org.apache.commons.collections4.bidimap.TreeBidiMap,"rotateLeft/2[org.apache.commons.collections4.bidimap.TreeBidiMap.Node<K,V>,org.apache.commons.collections4.bidimap.TreeBidiMap.DataElement]",rootNode,1
/Users/larrymotuzis/Larry_Motuzis_Data/Project05_CommonsCollections/src/main/java/org/apache/commons/collections4/bidimap/TreeBidiMap.java,org.apache.commons.collections4.bidimap.TreeBidiMap,"doRedBlackDeleteFixup/2[org.apache.commons.collections4.bidimap.TreeBidiMap.Node<K,V>,org.apache.commons.collections4.bidimap.TreeBidiMap.DataElement]",rootNode,3
/Users/larrymotuzis/Larry_Motuzis_Data/Project05_CommonsCollections/src/main/java/org/apache/commons/collections4/bidimap/TreeBidiMap.java,org.apache.commons.collections4.bidimap.TreeBidiMap,isEmpty/0,nodeCount,1
/Users/larrymotuzis/Larry_Motuzis_Data/Project05_CommonsCollections/src/main/java/org/apache/commons/collections4/bidimap/TreeBidiMap.java,org.apache.commons.collections4.bidimap.TreeBidiMap,modify/0,modifications,1
/Users/larrymotuzis/Larry_Motuzis_Data/Project05_CommonsCollections/src/main/java/org/apache/commons/collections4/bidimap/TreeBidiMap.java,org.apache.commons.collections4.bidimap.TreeBidiMap,"lookup/2[java.lang.Object,org.apache.commons.collections4.bidimap.TreeBidiMap.DataElement]",rootNode,1
/Users/larrymotuzis/Larry_Motuzis_Data/Project05_CommonsCollections/src/main/java/org/apache/commons/collections4/bidimap/TreeBidiMap.java,org.apache.commons.collections4.bidimap.TreeBidiMap,writeObject/1[java.io.ObjectOutputStream],entrySet,1
/Users/larrymotuzis/Larry_Motuzis_Data/Project05_CommonsCollections/src/main/java/org/apache/commons/collections4/bidimap/TreeBidiMap.java,org.apache.commons.collections4.bidimap.TreeBidiMap,"doRedBlackDelete/1[org.apache.commons.collections4.bidimap.TreeBidiMap.Node<K,V>]",rootNode,2
/Users/larrymotuzis/Larry_Motuzis_Data/Project05_CommonsCollections/src/main/java/org/apache/commons/collections4/bidimap/TreeBidiMap.java,org.apache.commons.collections4.bidimap.TreeBidiMap,doToString/1[org.apache.commons.collections4.bidimap.TreeBidiMap.DataElement],nodeCount,2
/Users/larrymotuzis/Larry_Motuzis_Data/Project05_CommonsCollections/src/main/java/org/apache/commons/collections4/bidimap/TreeBidiMap.java,org.apache.commons.collections4.bidimap.TreeBidiMap,"doRedBlackInsert/2[org.apache.commons.collections4.bidimap.TreeBidiMap.Node<K,V>,org.apache.commons.collections4.bidimap.TreeBidiMap.DataElement]",rootNode,2
/Users/larrymotuzis/Larry_Motuzis_Data/Project05_CommonsCollections/src/main/java/org/apache/commons/collections4/bidimap/TreeBidiMap.java,org.apache.commons.collections4.bidimap.TreeBidiMap,values/0,valuesSet,3
/Users/larrymotuzis/Larry_Motuzis_Data/Project05_CommonsCollections/src/main/java/org/apache/commons/collections4/bidimap/TreeBidiMap.java,org.apache.commons.collections4.bidimap.TreeBidiMap,TreeBidiMap/0,rootNode,1
/Users/larrymotuzis/Larry_Motuzis_Data/Project05_CommonsCollections/src/main/java/org/apache/commons/collections4/bidimap/TreeBidiMap.java,org.apache.commons.collections4.bidimap.TreeBidiMap,keySet/0,keySet,4
/Users/larrymotuzis/Larry_Motuzis_Data/Project05_CommonsCollections/src/main/java/org/apache/commons/collections4/bidimap/TreeBidiMap.java,org.apache.commons.collections4.bidimap.TreeBidiMap,entrySet/0,entrySet,4
/Users/larrymotuzis/Larry_Motuzis_Data/Project05_CommonsCollections/src/main/java/org/apache/commons/collections4/bidimap/TreeBidiMap.java,org.apache.commons.collections4.bidimap.TreeBidiMap,"putAll/1[java.util.Map<? extends K,? extends V>]",entrySet,1
/Users/larrymotuzis/Larry_Motuzis_Data/Project05_CommonsCollections/src/main/java/org/apache/commons/collections4/bidimap/TreeBidiMap.java,org.apache.commons.collections4.bidimap.TreeBidiMap,shrink/0,nodeCount,1
/Users/larrymotuzis/Larry_Motuzis_Data/Project05_CommonsCollections/src/main/java/org/apache/commons/collections4/bidimap/TreeBidiMap.java,org.apache.commons.collections4.bidimap.TreeBidiMap,"rotateRight/2[org.apache.commons.collections4.bidimap.TreeBidiMap.Node<K,V>,org.apache.commons.collections4.bidimap.TreeBidiMap.DataElement]",rootNode,1
/Users/larrymotuzis/Larry_Motuzis_Data/Project05_CommonsCollections/src/main/java/org/apache/commons/collections4/list/CursorableLinkedList.java,org.apache.commons.collections4.list.CursorableLinkedList$SubCursor,"SubCursor/2[org.apache.commons.collections4.list.AbstractLinkedList.LinkedSubList<E>,int]",sub,4
/Users/larrymotuzis/Larry_Motuzis_Data/Project05_CommonsCollections/src/main/java/org/apache/commons/collections4/SplitMapUtils.java,org.apache.commons.collections4.SplitMapUtils$WrappedPut,"put/2[K,V]",put,3
/Users/larrymotuzis/Larry_Motuzis_Data/Project05_CommonsCollections/src/main/java/org/apache/commons/collections4/SplitMapUtils.java,org.apache.commons.collections4.SplitMapUtils$WrappedPut,clear/0,put,1
/Users/larrymotuzis/Larry_Motuzis_Data/Project05_CommonsCollections/src/main/java/org/apache/commons/collections4/SplitMapUtils.java,org.apache.commons.collections4.SplitMapUtils$WrappedPut,equals/1[java.lang.Object],put,2
/Users/larrymotuzis/Larry_Motuzis_Data/Project05_CommonsCollections/src/main/java/org/apache/commons/collections4/SplitMapUtils.java,org.apache.commons.collections4.SplitMapUtils$WrappedPut,"WrappedPut/1[org.apache.commons.collections4.Put<K,V>]",put,3
/Users/larrymotuzis/Larry_Motuzis_Data/Project05_CommonsCollections/src/main/java/org/apache/commons/collections4/SplitMapUtils.java,org.apache.commons.collections4.SplitMapUtils$WrappedPut,hashCode/0,put,1
/Users/larrymotuzis/Larry_Motuzis_Data/Project05_CommonsCollections/src/main/java/org/apache/commons/collections4/SplitMapUtils.java,org.apache.commons.collections4.SplitMapUtils$WrappedPut,"putAll/1[java.util.Map<? extends K,? extends V>]",put,1
/Users/larrymotuzis/Larry_Motuzis_Data/Project05_CommonsCollections/src/main/java/org/apache/commons/collections4/functors/InvokerTransformer.java,org.apache.commons.collections4.functors.InvokerTransformer,transform/1[java.lang.Object],iArgs,1
/Users/larrymotuzis/Larry_Motuzis_Data/Project05_CommonsCollections/src/main/java/org/apache/commons/collections4/functors/InvokerTransformer.java,org.apache.commons.collections4.functors.InvokerTransformer,transform/1[java.lang.Object],iMethodName,4
/Users/larrymotuzis/Larry_Motuzis_Data/Project05_CommonsCollections/src/main/java/org/apache/commons/collections4/functors/InvokerTransformer.java,org.apache.commons.collections4.functors.InvokerTransformer,transform/1[java.lang.Object],iParamTypes,1
/Users/larrymotuzis/Larry_Motuzis_Data/Project05_CommonsCollections/src/main/java/org/apache/commons/collections4/functors/InvokerTransformer.java,org.apache.commons.collections4.functors.InvokerTransformer,"InvokerTransformer/3[java.lang.String,java.lang.Class<?>[],java.lang.Object[]]",iArgs,1
/Users/larrymotuzis/Larry_Motuzis_Data/Project05_CommonsCollections/src/main/java/org/apache/commons/collections4/functors/InvokerTransformer.java,org.apache.commons.collections4.functors.InvokerTransformer,"InvokerTransformer/3[java.lang.String,java.lang.Class<?>[],java.lang.Object[]]",iMethodName,1
/Users/larrymotuzis/Larry_Motuzis_Data/Project05_CommonsCollections/src/main/java/org/apache/commons/collections4/functors/InvokerTransformer.java,org.apache.commons.collections4.functors.InvokerTransformer,"InvokerTransformer/3[java.lang.String,java.lang.Class<?>[],java.lang.Object[]]",iParamTypes,1
/Users/larrymotuzis/Larry_Motuzis_Data/Project05_CommonsCollections/src/main/java/org/apache/commons/collections4/functors/InvokerTransformer.java,org.apache.commons.collections4.functors.InvokerTransformer,InvokerTransformer/1[java.lang.String],iArgs,1
/Users/larrymotuzis/Larry_Motuzis_Data/Project05_CommonsCollections/src/main/java/org/apache/commons/collections4/functors/InvokerTransformer.java,org.apache.commons.collections4.functors.InvokerTransformer,InvokerTransformer/1[java.lang.String],iMethodName,1
/Users/larrymotuzis/Larry_Motuzis_Data/Project05_CommonsCollections/src/main/java/org/apache/commons/collections4/functors/InvokerTransformer.java,org.apache.commons.collections4.functors.InvokerTransformer,InvokerTransformer/1[java.lang.String],iParamTypes,1
/Users/larrymotuzis/Larry_Motuzis_Data/Project05_CommonsCollections/src/main/java/org/apache/commons/collections4/map/StaticBucketMap.java,org.apache.commons.collections4.map.StaticBucketMap,containsKey/1[java.lang.Object],buckets,1
/Users/larrymotuzis/Larry_Motuzis_Data/Project05_CommonsCollections/src/main/java/org/apache/commons/collections4/map/StaticBucketMap.java,org.apache.commons.collections4.map.StaticBucketMap,containsKey/1[java.lang.Object],locks,1
/Users/larrymotuzis/Larry_Motuzis_Data/Project05_CommonsCollections/src/main/java/org/apache/commons/collections4/map/StaticBucketMap.java,org.apache.commons.collections4.map.StaticBucketMap,hashCode/0,buckets,1
/Users/larrymotuzis/Larry_Motuzis_Data/Project05_CommonsCollections/src/main/java/org/apache/commons/collections4/map/StaticBucketMap.java,org.apache.commons.collections4.map.StaticBucketMap,hashCode/0,locks,1
/Users/larrymotuzis/Larry_Motuzis_Data/Project05_CommonsCollections/src/main/java/org/apache/commons/collections4/map/StaticBucketMap.java,org.apache.commons.collections4.map.StaticBucketMap,remove/1[java.lang.Object],buckets,2
/Users/larrymotuzis/Larry_Motuzis_Data/Project05_CommonsCollections/src/main/java/org/apache/commons/collections4/map/StaticBucketMap.java,org.apache.commons.collections4.map.StaticBucketMap,remove/1[java.lang.Object],locks,2
/Users/larrymotuzis/Larry_Motuzis_Data/Project05_CommonsCollections/src/main/java/org/apache/commons/collections4/map/StaticBucketMap.java,org.apache.commons.collections4.map.StaticBucketMap,"put/2[K,V]",buckets,2
/Users/larrymotuzis/Larry_Motuzis_Data/Project05_CommonsCollections/src/main/java/org/apache/commons/collections4/map/StaticBucketMap.java,org.apache.commons.collections4.map.StaticBucketMap,"put/2[K,V]",locks,3
/Users/larrymotuzis/Larry_Motuzis_Data/Project05_CommonsCollections/src/main/java/org/apache/commons/collections4/map/StaticBucketMap.java,org.apache.commons.collections4.map.StaticBucketMap,"atomic/2[java.lang.Runnable,int]",locks,1
/Users/larrymotuzis/Larry_Motuzis_Data/Project05_CommonsCollections/src/main/java/org/apache/commons/collections4/map/StaticBucketMap.java,org.apache.commons.collections4.map.StaticBucketMap,get/1[java.lang.Object],buckets,1
/Users/larrymotuzis/Larry_Motuzis_Data/Project05_CommonsCollections/src/main/java/org/apache/commons/collections4/map/StaticBucketMap.java,org.apache.commons.collections4.map.StaticBucketMap,get/1[java.lang.Object],locks,1
/Users/larrymotuzis/Larry_Motuzis_Data/Project05_CommonsCollections/src/main/java/org/apache/commons/collections4/map/StaticBucketMap.java,org.apache.commons.collections4.map.StaticBucketMap,containsValue/1[java.lang.Object],buckets,1
/Users/larrymotuzis/Larry_Motuzis_Data/Project05_CommonsCollections/src/main/java/org/apache/commons/collections4/map/StaticBucketMap.java,org.apache.commons.collections4.map.StaticBucketMap,containsValue/1[java.lang.Object],locks,1
/Users/larrymotuzis/Larry_Motuzis_Data/Project05_CommonsCollections/src/main/java/org/apache/commons/collections4/map/StaticBucketMap.java,org.apache.commons.collections4.map.StaticBucketMap,size/0,locks,2
/Users/larrymotuzis/Larry_Motuzis_Data/Project05_CommonsCollections/src/main/java/org/apache/commons/collections4/map/StaticBucketMap.java,org.apache.commons.collections4.map.StaticBucketMap,StaticBucketMap/0,DEFAULT_BUCKETS,1
/Users/larrymotuzis/Larry_Motuzis_Data/Project05_CommonsCollections/src/main/java/org/apache/commons/collections4/map/StaticBucketMap.java,org.apache.commons.collections4.map.StaticBucketMap,StaticBucketMap/1[int],buckets,1
/Users/larrymotuzis/Larry_Motuzis_Data/Project05_CommonsCollections/src/main/java/org/apache/commons/collections4/map/StaticBucketMap.java,org.apache.commons.collections4.map.StaticBucketMap,StaticBucketMap/1[int],locks,2
/Users/larrymotuzis/Larry_Motuzis_Data/Project05_CommonsCollections/src/main/java/org/apache/commons/collections4/map/StaticBucketMap.java,org.apache.commons.collections4.map.StaticBucketMap,clear/0,buckets,1
/Users/larrymotuzis/Larry_Motuzis_Data/Project05_CommonsCollections/src/main/java/org/apache/commons/collections4/map/StaticBucketMap.java,org.apache.commons.collections4.map.StaticBucketMap,clear/0,locks,1
/Users/larrymotuzis/Larry_Motuzis_Data/Project05_CommonsCollections/src/main/java/org/apache/commons/collections4/bloomfilter/SparseBloomFilter.java,org.apache.commons.collections4.bloomfilter.SparseBloomFilter,SparseBloomFilter/1[org.apache.commons.collections4.bloomfilter.SparseBloomFilter],indices,1
/Users/larrymotuzis/Larry_Motuzis_Data/Project05_CommonsCollections/src/main/java/org/apache/commons/collections4/bloomfilter/SparseBloomFilter.java,org.apache.commons.collections4.bloomfilter.SparseBloomFilter,SparseBloomFilter/1[org.apache.commons.collections4.bloomfilter.SparseBloomFilter],shape,1
/Users/larrymotuzis/Larry_Motuzis_Data/Project05_CommonsCollections/src/main/java/org/apache/commons/collections4/bloomfilter/SparseBloomFilter.java,org.apache.commons.collections4.bloomfilter.SparseBloomFilter,merge/1[org.apache.commons.collections4.bloomfilter.Hasher],indices,1
/Users/larrymotuzis/Larry_Motuzis_Data/Project05_CommonsCollections/src/main/java/org/apache/commons/collections4/bloomfilter/SparseBloomFilter.java,org.apache.commons.collections4.bloomfilter.SparseBloomFilter,merge/1[org.apache.commons.collections4.bloomfilter.Hasher],shape,1
/Users/larrymotuzis/Larry_Motuzis_Data/Project05_CommonsCollections/src/main/java/org/apache/commons/collections4/bloomfilter/SparseBloomFilter.java,org.apache.commons.collections4.bloomfilter.SparseBloomFilter,getShape/0,shape,1
/Users/larrymotuzis/Larry_Motuzis_Data/Project05_CommonsCollections/src/main/java/org/apache/commons/collections4/bloomfilter/SparseBloomFilter.java,org.apache.commons.collections4.bloomfilter.SparseBloomFilter,processBitMaps/1[java.util.function.LongPredicate],indices,1
/Users/larrymotuzis/Larry_Motuzis_Data/Project05_CommonsCollections/src/main/java/org/apache/commons/collections4/bloomfilter/SparseBloomFilter.java,org.apache.commons.collections4.bloomfilter.SparseBloomFilter,processBitMaps/1[java.util.function.LongPredicate],shape,1
/Users/larrymotuzis/Larry_Motuzis_Data/Project05_CommonsCollections/src/main/java/org/apache/commons/collections4/bloomfilter/SparseBloomFilter.java,org.apache.commons.collections4.bloomfilter.SparseBloomFilter,processIndices/1[java.util.function.IntPredicate],indices,1
/Users/larrymotuzis/Larry_Motuzis_Data/Project05_CommonsCollections/src/main/java/org/apache/commons/collections4/bloomfilter/SparseBloomFilter.java,org.apache.commons.collections4.bloomfilter.SparseBloomFilter,SparseBloomFilter/1[org.apache.commons.collections4.bloomfilter.Shape],indices,1
/Users/larrymotuzis/Larry_Motuzis_Data/Project05_CommonsCollections/src/main/java/org/apache/commons/collections4/bloomfilter/SparseBloomFilter.java,org.apache.commons.collections4.bloomfilter.SparseBloomFilter,SparseBloomFilter/1[org.apache.commons.collections4.bloomfilter.Shape],shape,5
/Users/larrymotuzis/Larry_Motuzis_Data/Project05_CommonsCollections/src/main/java/org/apache/commons/collections4/bloomfilter/SparseBloomFilter.java,org.apache.commons.collections4.bloomfilter.SparseBloomFilter,asBitMapArray/0,indices,1
/Users/larrymotuzis/Larry_Motuzis_Data/Project05_CommonsCollections/src/main/java/org/apache/commons/collections4/bloomfilter/SparseBloomFilter.java,org.apache.commons.collections4.bloomfilter.SparseBloomFilter,asBitMapArray/0,shape,1
/Users/larrymotuzis/Larry_Motuzis_Data/Project05_CommonsCollections/src/main/java/org/apache/commons/collections4/bloomfilter/SparseBloomFilter.java,org.apache.commons.collections4.bloomfilter.SparseBloomFilter,clear/0,indices,1
/Users/larrymotuzis/Larry_Motuzis_Data/Project05_CommonsCollections/src/main/java/org/apache/commons/collections4/bloomfilter/SparseBloomFilter.java,org.apache.commons.collections4.bloomfilter.SparseBloomFilter,merge/1[org.apache.commons.collections4.bloomfilter.IndexExtractor],indices,5
/Users/larrymotuzis/Larry_Motuzis_Data/Project05_CommonsCollections/src/main/java/org/apache/commons/collections4/bloomfilter/SparseBloomFilter.java,org.apache.commons.collections4.bloomfilter.SparseBloomFilter,merge/1[org.apache.commons.collections4.bloomfilter.IndexExtractor],shape,2
/Users/larrymotuzis/Larry_Motuzis_Data/Project05_CommonsCollections/src/main/java/org/apache/commons/collections4/bloomfilter/SparseBloomFilter.java,org.apache.commons.collections4.bloomfilter.SparseBloomFilter,contains/1[org.apache.commons.collections4.bloomfilter.IndexExtractor],indices,1
/Users/larrymotuzis/Larry_Motuzis_Data/Project05_CommonsCollections/src/main/java/org/apache/commons/collections4/bloomfilter/SparseBloomFilter.java,org.apache.commons.collections4.bloomfilter.SparseBloomFilter,isEmpty/0,indices,1
/Users/larrymotuzis/Larry_Motuzis_Data/Project05_CommonsCollections/src/main/java/org/apache/commons/collections4/bloomfilter/SparseBloomFilter.java,org.apache.commons.collections4.bloomfilter.SparseBloomFilter,add/1[int],indices,1
/Users/larrymotuzis/Larry_Motuzis_Data/Project05_CommonsCollections/src/main/java/org/apache/commons/collections4/bloomfilter/SparseBloomFilter.java,org.apache.commons.collections4.bloomfilter.SparseBloomFilter,cardinality/0,indices,1
/Users/larrymotuzis/Larry_Motuzis_Data/Project05_CommonsCollections/src/main/java/org/apache/commons/collections4/sequence/EditScript.java,org.apache.commons.collections4.sequence.EditScript,getLCSLength/0,lcsLength,1
/Users/larrymotuzis/Larry_Motuzis_Data/Project05_CommonsCollections/src/main/java/org/apache/commons/collections4/sequence/EditScript.java,org.apache.commons.collections4.sequence.EditScript,append/1[org.apache.commons.collections4.sequence.InsertCommand<T>],commands,1
/Users/larrymotuzis/Larry_Motuzis_Data/Project05_CommonsCollections/src/main/java/org/apache/commons/collections4/sequence/EditScript.java,org.apache.commons.collections4.sequence.EditScript,append/1[org.apache.commons.collections4.sequence.InsertCommand<T>],modifications,1
/Users/larrymotuzis/Larry_Motuzis_Data/Project05_CommonsCollections/src/main/java/org/apache/commons/collections4/sequence/EditScript.java,org.apache.commons.collections4.sequence.EditScript,getModifications/0,modifications,1
/Users/larrymotuzis/Larry_Motuzis_Data/Project05_CommonsCollections/src/main/java/org/apache/commons/collections4/sequence/EditScript.java,org.apache.commons.collections4.sequence.EditScript,EditScript/0,lcsLength,1
/Users/larrymotuzis/Larry_Motuzis_Data/Project05_CommonsCollections/src/main/java/org/apache/commons/collections4/sequence/EditScript.java,org.apache.commons.collections4.sequence.EditScript,EditScript/0,commands,1
/Users/larrymotuzis/Larry_Motuzis_Data/Project05_CommonsCollections/src/main/java/org/apache/commons/collections4/sequence/EditScript.java,org.apache.commons.collections4.sequence.EditScript,EditScript/0,modifications,1
/Users/larrymotuzis/Larry_Motuzis_Data/Project05_CommonsCollections/src/main/java/org/apache/commons/collections4/sequence/EditScript.java,org.apache.commons.collections4.sequence.EditScript,append/1[org.apache.commons.collections4.sequence.KeepCommand<T>],lcsLength,1
/Users/larrymotuzis/Larry_Motuzis_Data/Project05_CommonsCollections/src/main/java/org/apache/commons/collections4/sequence/EditScript.java,org.apache.commons.collections4.sequence.EditScript,append/1[org.apache.commons.collections4.sequence.KeepCommand<T>],commands,1
/Users/larrymotuzis/Larry_Motuzis_Data/Project05_CommonsCollections/src/main/java/org/apache/commons/collections4/sequence/EditScript.java,org.apache.commons.collections4.sequence.EditScript,append/1[org.apache.commons.collections4.sequence.DeleteCommand<T>],commands,1
/Users/larrymotuzis/Larry_Motuzis_Data/Project05_CommonsCollections/src/main/java/org/apache/commons/collections4/sequence/EditScript.java,org.apache.commons.collections4.sequence.EditScript,append/1[org.apache.commons.collections4.sequence.DeleteCommand<T>],modifications,1
/Users/larrymotuzis/Larry_Motuzis_Data/Project05_CommonsCollections/src/main/java/org/apache/commons/collections4/sequence/EditScript.java,org.apache.commons.collections4.sequence.EditScript,visit/1[org.apache.commons.collections4.sequence.CommandVisitor<T>],commands,1
/Users/larrymotuzis/Larry_Motuzis_Data/Project05_CommonsCollections/src/main/java/org/apache/commons/collections4/bloomfilter/CellExtractor.java,org.apache.commons.collections4.bloomfilter.CellExtractor$1$CounterCell,"CounterCell/2[int,int]",count,3
/Users/larrymotuzis/Larry_Motuzis_Data/Project05_CommonsCollections/src/main/java/org/apache/commons/collections4/bloomfilter/CellExtractor.java,org.apache.commons.collections4.bloomfilter.CellExtractor$1$CounterCell,"CounterCell/2[int,int]",idx,3
/Users/larrymotuzis/Larry_Motuzis_Data/Project05_CommonsCollections/src/main/java/org/apache/commons/collections4/bloomfilter/CellExtractor.java,org.apache.commons.collections4.bloomfilter.CellExtractor$1$CounterCell,compareTo/1[],idx,1
/Users/larrymotuzis/Larry_Motuzis_Data/Project05_CommonsCollections/src/main/java/org/apache/commons/collections4/map/ConcurrentReferenceHashMap.java,org.apache.commons.collections4.map.ConcurrentReferenceHashMap$SoftValueReference,keyHash/0,hash,1
/Users/larrymotuzis/Larry_Motuzis_Data/Project05_CommonsCollections/src/main/java/org/apache/commons/collections4/map/ConcurrentReferenceHashMap.java,org.apache.commons.collections4.map.ConcurrentReferenceHashMap$SoftValueReference,"SoftValueReference/4[V,java.lang.Object,int,java.lang.ref.ReferenceQueue<java.lang.Object>]",keyRef,3
/Users/larrymotuzis/Larry_Motuzis_Data/Project05_CommonsCollections/src/main/java/org/apache/commons/collections4/map/ConcurrentReferenceHashMap.java,org.apache.commons.collections4.map.ConcurrentReferenceHashMap$SoftValueReference,"SoftValueReference/4[V,java.lang.Object,int,java.lang.ref.ReferenceQueue<java.lang.Object>]",hash,3
/Users/larrymotuzis/Larry_Motuzis_Data/Project05_CommonsCollections/src/main/java/org/apache/commons/collections4/map/ConcurrentReferenceHashMap.java,org.apache.commons.collections4.map.ConcurrentReferenceHashMap$SoftValueReference,keyRef/0,keyRef,2
/Users/larrymotuzis/Larry_Motuzis_Data/Project05_CommonsCollections/src/main/java/org/apache/commons/collections4/multiset/AbstractMultiSet.java,org.apache.commons.collections4.multiset.AbstractMultiSet$MultiSetIterator,remove/0,parent,1
/Users/larrymotuzis/Larry_Motuzis_Data/Project05_CommonsCollections/src/main/java/org/apache/commons/collections4/multiset/AbstractMultiSet.java,org.apache.commons.collections4.multiset.AbstractMultiSet$MultiSetIterator,remove/0,canRemove,2
/Users/larrymotuzis/Larry_Motuzis_Data/Project05_CommonsCollections/src/main/java/org/apache/commons/collections4/multiset/AbstractMultiSet.java,org.apache.commons.collections4.multiset.AbstractMultiSet$MultiSetIterator,remove/0,current,2
/Users/larrymotuzis/Larry_Motuzis_Data/Project05_CommonsCollections/src/main/java/org/apache/commons/collections4/multiset/AbstractMultiSet.java,org.apache.commons.collections4.multiset.AbstractMultiSet$MultiSetIterator,remove/0,entryIterator,1
/Users/larrymotuzis/Larry_Motuzis_Data/Project05_CommonsCollections/src/main/java/org/apache/commons/collections4/multiset/AbstractMultiSet.java,org.apache.commons.collections4.multiset.AbstractMultiSet$MultiSetIterator,next/0,current,3
/Users/larrymotuzis/Larry_Motuzis_Data/Project05_CommonsCollections/src/main/java/org/apache/commons/collections4/multiset/AbstractMultiSet.java,org.apache.commons.collections4.multiset.AbstractMultiSet$MultiSetIterator,next/0,canRemove,1
/Users/larrymotuzis/Larry_Motuzis_Data/Project05_CommonsCollections/src/main/java/org/apache/commons/collections4/multiset/AbstractMultiSet.java,org.apache.commons.collections4.multiset.AbstractMultiSet$MultiSetIterator,next/0,entryIterator,1
/Users/larrymotuzis/Larry_Motuzis_Data/Project05_CommonsCollections/src/main/java/org/apache/commons/collections4/multiset/AbstractMultiSet.java,org.apache.commons.collections4.multiset.AbstractMultiSet$MultiSetIterator,next/0,itemCount,3
/Users/larrymotuzis/Larry_Motuzis_Data/Project05_CommonsCollections/src/main/java/org/apache/commons/collections4/multiset/AbstractMultiSet.java,org.apache.commons.collections4.multiset.AbstractMultiSet$MultiSetIterator,MultiSetIterator/1[org.apache.commons.collections4.multiset.AbstractMultiSet<E>],parent,5
/Users/larrymotuzis/Larry_Motuzis_Data/Project05_CommonsCollections/src/main/java/org/apache/commons/collections4/multiset/AbstractMultiSet.java,org.apache.commons.collections4.multiset.AbstractMultiSet$MultiSetIterator,MultiSetIterator/1[org.apache.commons.collections4.multiset.AbstractMultiSet<E>],current,1
/Users/larrymotuzis/Larry_Motuzis_Data/Project05_CommonsCollections/src/main/java/org/apache/commons/collections4/multiset/AbstractMultiSet.java,org.apache.commons.collections4.multiset.AbstractMultiSet$MultiSetIterator,MultiSetIterator/1[org.apache.commons.collections4.multiset.AbstractMultiSet<E>],canRemove,1
/Users/larrymotuzis/Larry_Motuzis_Data/Project05_CommonsCollections/src/main/java/org/apache/commons/collections4/multiset/AbstractMultiSet.java,org.apache.commons.collections4.multiset.AbstractMultiSet$MultiSetIterator,MultiSetIterator/1[org.apache.commons.collections4.multiset.AbstractMultiSet<E>],entryIterator,1
/Users/larrymotuzis/Larry_Motuzis_Data/Project05_CommonsCollections/src/main/java/org/apache/commons/collections4/multiset/AbstractMultiSet.java,org.apache.commons.collections4.multiset.AbstractMultiSet$MultiSetIterator,hasNext/0,entryIterator,1
/Users/larrymotuzis/Larry_Motuzis_Data/Project05_CommonsCollections/src/main/java/org/apache/commons/collections4/multiset/AbstractMultiSet.java,org.apache.commons.collections4.multiset.AbstractMultiSet$MultiSetIterator,hasNext/0,itemCount,1
/Users/larrymotuzis/Larry_Motuzis_Data/Project05_CommonsCollections/src/main/java/org/apache/commons/collections4/trie/AbstractBitwiseTrie.java,org.apache.commons.collections4.trie.AbstractBitwiseTrie,AbstractBitwiseTrie/1[org.apache.commons.collections4.trie.KeyAnalyzer<? super K>],keyAnalyzer,4
/Users/larrymotuzis/Larry_Motuzis_Data/Project05_CommonsCollections/src/main/java/org/apache/commons/collections4/trie/AbstractBitwiseTrie.java,org.apache.commons.collections4.trie.AbstractBitwiseTrie,bitsPerElement/0,keyAnalyzer,1
/Users/larrymotuzis/Larry_Motuzis_Data/Project05_CommonsCollections/src/main/java/org/apache/commons/collections4/trie/AbstractBitwiseTrie.java,org.apache.commons.collections4.trie.AbstractBitwiseTrie,"compareKeys/2[K,K]",keyAnalyzer,1
/Users/larrymotuzis/Larry_Motuzis_Data/Project05_CommonsCollections/src/main/java/org/apache/commons/collections4/trie/AbstractBitwiseTrie.java,org.apache.commons.collections4.trie.AbstractBitwiseTrie,"bitIndex/2[K,K]",keyAnalyzer,1
/Users/larrymotuzis/Larry_Motuzis_Data/Project05_CommonsCollections/src/main/java/org/apache/commons/collections4/trie/AbstractBitwiseTrie.java,org.apache.commons.collections4.trie.AbstractBitwiseTrie,getKeyAnalyzer/0,keyAnalyzer,1
/Users/larrymotuzis/Larry_Motuzis_Data/Project05_CommonsCollections/src/main/java/org/apache/commons/collections4/trie/AbstractBitwiseTrie.java,org.apache.commons.collections4.trie.AbstractBitwiseTrie,lengthInBits/1[K],keyAnalyzer,1
/Users/larrymotuzis/Larry_Motuzis_Data/Project05_CommonsCollections/src/main/java/org/apache/commons/collections4/trie/AbstractBitwiseTrie.java,org.apache.commons.collections4.trie.AbstractBitwiseTrie,"isBitSet/3[K,int,int]",keyAnalyzer,1
/Users/larrymotuzis/Larry_Motuzis_Data/Project05_CommonsCollections/src/main/java/org/apache/commons/collections4/CollectionUtils.java,org.apache.commons.collections4.CollectionUtils$CardinalityHelper,freqA/1[java.lang.Object],cardinalityA,1
/Users/larrymotuzis/Larry_Motuzis_Data/Project05_CommonsCollections/src/main/java/org/apache/commons/collections4/CollectionUtils.java,org.apache.commons.collections4.CollectionUtils$CardinalityHelper,"CardinalityHelper/2[java.lang.Iterable<? extends O>,java.lang.Iterable<? extends O>]",cardinalityB,1
/Users/larrymotuzis/Larry_Motuzis_Data/Project05_CommonsCollections/src/main/java/org/apache/commons/collections4/CollectionUtils.java,org.apache.commons.collections4.CollectionUtils$CardinalityHelper,"CardinalityHelper/2[java.lang.Iterable<? extends O>,java.lang.Iterable<? extends O>]",cardinalityA,1
/Users/larrymotuzis/Larry_Motuzis_Data/Project05_CommonsCollections/src/main/java/org/apache/commons/collections4/CollectionUtils.java,org.apache.commons.collections4.CollectionUtils$CardinalityHelper,freqB/1[java.lang.Object],cardinalityB,1
/Users/larrymotuzis/Larry_Motuzis_Data/Project05_CommonsCollections/src/main/java/org/apache/commons/collections4/functors/ClosureTransformer.java,org.apache.commons.collections4.functors.ClosureTransformer,ClosureTransformer/1[org.apache.commons.collections4.Closure<? super T>],iClosure,1
/Users/larrymotuzis/Larry_Motuzis_Data/Project05_CommonsCollections/src/main/java/org/apache/commons/collections4/functors/ClosureTransformer.java,org.apache.commons.collections4.functors.ClosureTransformer,getClosure/0,iClosure,1
/Users/larrymotuzis/Larry_Motuzis_Data/Project05_CommonsCollections/src/main/java/org/apache/commons/collections4/functors/ClosureTransformer.java,org.apache.commons.collections4.functors.ClosureTransformer,transform/1[T],iClosure,1
/Users/larrymotuzis/Larry_Motuzis_Data/Project05_CommonsCollections/src/main/java/org/apache/commons/collections4/functors/EqualPredicate.java,org.apache.commons.collections4.functors.EqualPredicate,getValue/0,test,1
/Users/larrymotuzis/Larry_Motuzis_Data/Project05_CommonsCollections/src/main/java/org/apache/commons/collections4/functors/EqualPredicate.java,org.apache.commons.collections4.functors.EqualPredicate,"EqualPredicate/2[T,org.apache.commons.collections4.Equator<T>]",test,4
/Users/larrymotuzis/Larry_Motuzis_Data/Project05_CommonsCollections/src/main/java/org/apache/commons/collections4/functors/EqualPredicate.java,org.apache.commons.collections4.functors.EqualPredicate,"EqualPredicate/2[T,org.apache.commons.collections4.Equator<T>]",equator,4
/Users/larrymotuzis/Larry_Motuzis_Data/Project05_CommonsCollections/src/main/java/org/apache/commons/collections4/functors/EqualPredicate.java,org.apache.commons.collections4.functors.EqualPredicate,test/1[T],test,3
/Users/larrymotuzis/Larry_Motuzis_Data/Project05_CommonsCollections/src/main/java/org/apache/commons/collections4/functors/EqualPredicate.java,org.apache.commons.collections4.functors.EqualPredicate,test/1[T],equator,2
/Users/larrymotuzis/Larry_Motuzis_Data/Project05_CommonsCollections/src/main/java/org/apache/commons/collections4/functors/EqualPredicate.java,org.apache.commons.collections4.functors.EqualPredicate,"equalPredicate/2[T,org.apache.commons.collections4.Equator<T>]",equator,3
/Users/larrymotuzis/Larry_Motuzis_Data/Project05_CommonsCollections/src/main/java/org/apache/commons/collections4/map/AbstractInputCheckedMapDecorator.java,org.apache.commons.collections4.map.AbstractInputCheckedMapDecorator$MapEntry,"MapEntry/2[java.util.Map.Entry<K,V>,org.apache.commons.collections4.map.AbstractInputCheckedMapDecorator<K,V>]",parent,3
/Users/larrymotuzis/Larry_Motuzis_Data/Project05_CommonsCollections/src/main/java/org/apache/commons/collections4/map/AbstractInputCheckedMapDecorator.java,org.apache.commons.collections4.map.AbstractInputCheckedMapDecorator$MapEntry,setValue/1[V],parent,1
/Users/larrymotuzis/Larry_Motuzis_Data/Project05_CommonsCollections/src/main/java/org/apache/commons/collections4/multimap/AbstractMultiValuedMap.java,org.apache.commons.collections4.multimap.AbstractMultiValuedMap,"put/2[K,V]",map,1
/Users/larrymotuzis/Larry_Motuzis_Data/Project05_CommonsCollections/src/main/java/org/apache/commons/collections4/multimap/AbstractMultiValuedMap.java,org.apache.commons.collections4.multimap.AbstractMultiValuedMap,"setMap/1[java.util.Map<K,? extends java.util.Collection<V>>]",map,4
/Users/larrymotuzis/Larry_Motuzis_Data/Project05_CommonsCollections/src/main/java/org/apache/commons/collections4/multimap/AbstractMultiValuedMap.java,org.apache.commons.collections4.multimap.AbstractMultiValuedMap,"putAll/1[java.util.Map<? extends K,? extends V>]",map,4
/Users/larrymotuzis/Larry_Motuzis_Data/Project05_CommonsCollections/src/main/java/org/apache/commons/collections4/multimap/AbstractMultiValuedMap.java,org.apache.commons.collections4.multimap.AbstractMultiValuedMap,keys/0,keysMultiSetView,3
/Users/larrymotuzis/Larry_Motuzis_Data/Project05_CommonsCollections/src/main/java/org/apache/commons/collections4/multimap/AbstractMultiValuedMap.java,org.apache.commons.collections4.multimap.AbstractMultiValuedMap,doWriteObject/1[java.io.ObjectOutputStream],map,2
/Users/larrymotuzis/Larry_Motuzis_Data/Project05_CommonsCollections/src/main/java/org/apache/commons/collections4/multimap/AbstractMultiValuedMap.java,org.apache.commons.collections4.multimap.AbstractMultiValuedMap,values/0,valuesView,2
/Users/larrymotuzis/Larry_Motuzis_Data/Project05_CommonsCollections/src/main/java/org/apache/commons/collections4/multimap/AbstractMultiValuedMap.java,org.apache.commons.collections4.multimap.AbstractMultiValuedMap,asMap/0,asMapView,3
/Users/larrymotuzis/Larry_Motuzis_Data/Project05_CommonsCollections/src/main/java/org/apache/commons/collections4/multimap/AbstractMultiValuedMap.java,org.apache.commons.collections4.multimap.AbstractMultiValuedMap,asMap/0,map,1
/Users/larrymotuzis/Larry_Motuzis_Data/Project05_CommonsCollections/src/main/java/org/apache/commons/collections4/multimap/AbstractMultiValuedMap.java,org.apache.commons.collections4.multimap.AbstractMultiValuedMap,"putAll/1[org.apache.commons.collections4.MultiValuedMap<? extends K,? extends V>]",map,4
/Users/larrymotuzis/Larry_Motuzis_Data/Project05_CommonsCollections/src/main/java/org/apache/commons/collections4/multimap/AbstractMultiValuedMap.java,org.apache.commons.collections4.multimap.AbstractMultiValuedMap,entries/0,entryValuesView,3
/Users/larrymotuzis/Larry_Motuzis_Data/Project05_CommonsCollections/src/main/java/org/apache/commons/collections4/multimap/AbstractMultiValuedMap.java,org.apache.commons.collections4.multimap.AbstractMultiValuedMap,"AbstractMultiValuedMap/1[java.util.Map<K,? extends java.util.Collection<V>>]",map,4
/Users/larrymotuzis/Larry_Motuzis_Data/Project05_CommonsCollections/src/main/java/org/apache/commons/collections4/multimap/AbstractMultiValuedMap.java,org.apache.commons.collections4.multimap.AbstractMultiValuedMap,getMap/0,map,1
/Users/larrymotuzis/Larry_Motuzis_Data/Project05_CommonsCollections/src/main/java/org/apache/commons/collections4/trie/AbstractBitwiseTrie.java,org.apache.commons.collections4.trie.AbstractBitwiseTrie$BasicEntry,equals/1[java.lang.Object],value,1
/Users/larrymotuzis/Larry_Motuzis_Data/Project05_CommonsCollections/src/main/java/org/apache/commons/collections4/trie/AbstractBitwiseTrie.java,org.apache.commons.collections4.trie.AbstractBitwiseTrie$BasicEntry,equals/1[java.lang.Object],key,1
/Users/larrymotuzis/Larry_Motuzis_Data/Project05_CommonsCollections/src/main/java/org/apache/commons/collections4/trie/AbstractBitwiseTrie.java,org.apache.commons.collections4.trie.AbstractBitwiseTrie$BasicEntry,"setKeyValue/2[K,V]",value,3
/Users/larrymotuzis/Larry_Motuzis_Data/Project05_CommonsCollections/src/main/java/org/apache/commons/collections4/trie/AbstractBitwiseTrie.java,org.apache.commons.collections4.trie.AbstractBitwiseTrie$BasicEntry,"setKeyValue/2[K,V]",key,4
/Users/larrymotuzis/Larry_Motuzis_Data/Project05_CommonsCollections/src/main/java/org/apache/commons/collections4/trie/AbstractBitwiseTrie.java,org.apache.commons.collections4.trie.AbstractBitwiseTrie$BasicEntry,getValue/0,value,1
/Users/larrymotuzis/Larry_Motuzis_Data/Project05_CommonsCollections/src/main/java/org/apache/commons/collections4/trie/AbstractBitwiseTrie.java,org.apache.commons.collections4.trie.AbstractBitwiseTrie$BasicEntry,"BasicEntry/2[K,V]",value,3
/Users/larrymotuzis/Larry_Motuzis_Data/Project05_CommonsCollections/src/main/java/org/apache/commons/collections4/trie/AbstractBitwiseTrie.java,org.apache.commons.collections4.trie.AbstractBitwiseTrie$BasicEntry,"BasicEntry/2[K,V]",key,3
/Users/larrymotuzis/Larry_Motuzis_Data/Project05_CommonsCollections/src/main/java/org/apache/commons/collections4/trie/AbstractBitwiseTrie.java,org.apache.commons.collections4.trie.AbstractBitwiseTrie$BasicEntry,setValue/1[V],value,4
/Users/larrymotuzis/Larry_Motuzis_Data/Project05_CommonsCollections/src/main/java/org/apache/commons/collections4/trie/AbstractBitwiseTrie.java,org.apache.commons.collections4.trie.AbstractBitwiseTrie$BasicEntry,toString/0,value,1
/Users/larrymotuzis/Larry_Motuzis_Data/Project05_CommonsCollections/src/main/java/org/apache/commons/collections4/trie/AbstractBitwiseTrie.java,org.apache.commons.collections4.trie.AbstractBitwiseTrie$BasicEntry,toString/0,key,1
/Users/larrymotuzis/Larry_Motuzis_Data/Project05_CommonsCollections/src/main/java/org/apache/commons/collections4/trie/AbstractBitwiseTrie.java,org.apache.commons.collections4.trie.AbstractBitwiseTrie$BasicEntry,BasicEntry/1[K],key,3
/Users/larrymotuzis/Larry_Motuzis_Data/Project05_CommonsCollections/src/main/java/org/apache/commons/collections4/trie/AbstractBitwiseTrie.java,org.apache.commons.collections4.trie.AbstractBitwiseTrie$BasicEntry,getKey/0,key,1
/Users/larrymotuzis/Larry_Motuzis_Data/Project05_CommonsCollections/src/main/java/org/apache/commons/collections4/iterators/EmptyOrderedMapIterator.java,org.apache.commons.collections4.iterators.EmptyOrderedMapIterator,emptyOrderedMapIterator/0,INSTANCE,1
/Users/larrymotuzis/Larry_Motuzis_Data/Project05_CommonsCollections/src/main/java/org/apache/commons/collections4/functors/TransformerPredicate.java,org.apache.commons.collections4.functors.TransformerPredicate,test/1[T],iTransformer,1
/Users/larrymotuzis/Larry_Motuzis_Data/Project05_CommonsCollections/src/main/java/org/apache/commons/collections4/functors/TransformerPredicate.java,org.apache.commons.collections4.functors.TransformerPredicate,getTransformer/0,iTransformer,1
/Users/larrymotuzis/Larry_Motuzis_Data/Project05_CommonsCollections/src/main/java/org/apache/commons/collections4/functors/TransformerPredicate.java,org.apache.commons.collections4.functors.TransformerPredicate,"TransformerPredicate/1[org.apache.commons.collections4.Transformer<? super T,java.lang.Boolean>]",iTransformer,1
/Users/larrymotuzis/Larry_Motuzis_Data/Project05_CommonsCollections/src/main/java/org/apache/commons/collections4/functors/PrototypeFactory.java,org.apache.commons.collections4.functors.PrototypeFactory$PrototypeSerializationFactory,PrototypeSerializationFactory/1[T],iPrototype,1
/Users/larrymotuzis/Larry_Motuzis_Data/Project05_CommonsCollections/src/main/java/org/apache/commons/collections4/functors/PrototypeFactory.java,org.apache.commons.collections4.functors.PrototypeFactory$PrototypeSerializationFactory,create/0,iPrototype,1
/Users/larrymotuzis/Larry_Motuzis_Data/Project05_CommonsCollections/src/main/java/org/apache/commons/collections4/SplitMapUtils.java,org.apache.commons.collections4.SplitMapUtils$WrappedGet,remove/1[java.lang.Object],get,1
/Users/larrymotuzis/Larry_Motuzis_Data/Project05_CommonsCollections/src/main/java/org/apache/commons/collections4/SplitMapUtils.java,org.apache.commons.collections4.SplitMapUtils$WrappedGet,entrySet/0,get,1
/Users/larrymotuzis/Larry_Motuzis_Data/Project05_CommonsCollections/src/main/java/org/apache/commons/collections4/SplitMapUtils.java,org.apache.commons.collections4.SplitMapUtils$WrappedGet,mapIterator/0,get,3
/Users/larrymotuzis/Larry_Motuzis_Data/Project05_CommonsCollections/src/main/java/org/apache/commons/collections4/SplitMapUtils.java,org.apache.commons.collections4.SplitMapUtils$WrappedGet,size/0,get,1
/Users/larrymotuzis/Larry_Motuzis_Data/Project05_CommonsCollections/src/main/java/org/apache/commons/collections4/SplitMapUtils.java,org.apache.commons.collections4.SplitMapUtils$WrappedGet,equals/1[java.lang.Object],get,2
/Users/larrymotuzis/Larry_Motuzis_Data/Project05_CommonsCollections/src/main/java/org/apache/commons/collections4/SplitMapUtils.java,org.apache.commons.collections4.SplitMapUtils$WrappedGet,keySet/0,get,1
/Users/larrymotuzis/Larry_Motuzis_Data/Project05_CommonsCollections/src/main/java/org/apache/commons/collections4/SplitMapUtils.java,org.apache.commons.collections4.SplitMapUtils$WrappedGet,containsKey/1[java.lang.Object],get,1
/Users/larrymotuzis/Larry_Motuzis_Data/Project05_CommonsCollections/src/main/java/org/apache/commons/collections4/SplitMapUtils.java,org.apache.commons.collections4.SplitMapUtils$WrappedGet,values/0,get,1
/Users/larrymotuzis/Larry_Motuzis_Data/Project05_CommonsCollections/src/main/java/org/apache/commons/collections4/SplitMapUtils.java,org.apache.commons.collections4.SplitMapUtils$WrappedGet,containsValue/1[java.lang.Object],get,1
/Users/larrymotuzis/Larry_Motuzis_Data/Project05_CommonsCollections/src/main/java/org/apache/commons/collections4/SplitMapUtils.java,org.apache.commons.collections4.SplitMapUtils$WrappedGet,"WrappedGet/1[org.apache.commons.collections4.Get<K,V>]",get,3
/Users/larrymotuzis/Larry_Motuzis_Data/Project05_CommonsCollections/src/main/java/org/apache/commons/collections4/SplitMapUtils.java,org.apache.commons.collections4.SplitMapUtils$WrappedGet,hashCode/0,get,1
/Users/larrymotuzis/Larry_Motuzis_Data/Project05_CommonsCollections/src/main/java/org/apache/commons/collections4/SplitMapUtils.java,org.apache.commons.collections4.SplitMapUtils$WrappedGet,get/1[java.lang.Object],get,3
/Users/larrymotuzis/Larry_Motuzis_Data/Project05_CommonsCollections/src/main/java/org/apache/commons/collections4/SplitMapUtils.java,org.apache.commons.collections4.SplitMapUtils$WrappedGet,isEmpty/0,get,1
/Users/larrymotuzis/Larry_Motuzis_Data/Project05_CommonsCollections/src/main/java/org/apache/commons/collections4/map/AbstractInputCheckedMapDecorator.java,org.apache.commons.collections4.map.AbstractInputCheckedMapDecorator$EntrySet,"EntrySet/2[java.util.Set<java.util.Map.Entry<K,V>>,org.apache.commons.collections4.map.AbstractInputCheckedMapDecorator<K,V>]",parent,3
/Users/larrymotuzis/Larry_Motuzis_Data/Project05_CommonsCollections/src/main/java/org/apache/commons/collections4/map/AbstractInputCheckedMapDecorator.java,org.apache.commons.collections4.map.AbstractInputCheckedMapDecorator$EntrySet,toArray/1[T[]],parent,1
/Users/larrymotuzis/Larry_Motuzis_Data/Project05_CommonsCollections/src/main/java/org/apache/commons/collections4/map/AbstractInputCheckedMapDecorator.java,org.apache.commons.collections4.map.AbstractInputCheckedMapDecorator$EntrySet,toArray/0,parent,1
/Users/larrymotuzis/Larry_Motuzis_Data/Project05_CommonsCollections/src/main/java/org/apache/commons/collections4/map/AbstractInputCheckedMapDecorator.java,org.apache.commons.collections4.map.AbstractInputCheckedMapDecorator$EntrySet,iterator/0,parent,1
/Users/larrymotuzis/Larry_Motuzis_Data/Project05_CommonsCollections/src/main/java/org/apache/commons/collections4/list/NodeCachingLinkedList.java,org.apache.commons.collections4.list.NodeCachingLinkedList,NodeCachingLinkedList/0,DEFAULT_MAXIMUM_CACHE_SIZE,1
/Users/larrymotuzis/Larry_Motuzis_Data/Project05_CommonsCollections/src/main/java/org/apache/commons/collections4/list/NodeCachingLinkedList.java,org.apache.commons.collections4.list.NodeCachingLinkedList,getMaximumCacheSize/0,maximumCacheSize,1
/Users/larrymotuzis/Larry_Motuzis_Data/Project05_CommonsCollections/src/main/java/org/apache/commons/collections4/list/NodeCachingLinkedList.java,org.apache.commons.collections4.list.NodeCachingLinkedList,isCacheFull/0,maximumCacheSize,1
/Users/larrymotuzis/Larry_Motuzis_Data/Project05_CommonsCollections/src/main/java/org/apache/commons/collections4/list/NodeCachingLinkedList.java,org.apache.commons.collections4.list.NodeCachingLinkedList,isCacheFull/0,cacheSize,1
/Users/larrymotuzis/Larry_Motuzis_Data/Project05_CommonsCollections/src/main/java/org/apache/commons/collections4/list/NodeCachingLinkedList.java,org.apache.commons.collections4.list.NodeCachingLinkedList,removeAllNodes/0,maximumCacheSize,1
/Users/larrymotuzis/Larry_Motuzis_Data/Project05_CommonsCollections/src/main/java/org/apache/commons/collections4/list/NodeCachingLinkedList.java,org.apache.commons.collections4.list.NodeCachingLinkedList,removeAllNodes/0,cacheSize,1
/Users/larrymotuzis/Larry_Motuzis_Data/Project05_CommonsCollections/src/main/java/org/apache/commons/collections4/list/NodeCachingLinkedList.java,org.apache.commons.collections4.list.NodeCachingLinkedList,setMaximumCacheSize/1[int],maximumCacheSize,4
/Users/larrymotuzis/Larry_Motuzis_Data/Project05_CommonsCollections/src/main/java/org/apache/commons/collections4/list/NodeCachingLinkedList.java,org.apache.commons.collections4.list.NodeCachingLinkedList,NodeCachingLinkedList/1[int],maximumCacheSize,4
/Users/larrymotuzis/Larry_Motuzis_Data/Project05_CommonsCollections/src/main/java/org/apache/commons/collections4/list/NodeCachingLinkedList.java,org.apache.commons.collections4.list.NodeCachingLinkedList,NodeCachingLinkedList/1[java.util.Collection<? extends E>],maximumCacheSize,1
/Users/larrymotuzis/Larry_Motuzis_Data/Project05_CommonsCollections/src/main/java/org/apache/commons/collections4/list/NodeCachingLinkedList.java,org.apache.commons.collections4.list.NodeCachingLinkedList,NodeCachingLinkedList/1[java.util.Collection<? extends E>],DEFAULT_MAXIMUM_CACHE_SIZE,1
/Users/larrymotuzis/Larry_Motuzis_Data/Project05_CommonsCollections/src/main/java/org/apache/commons/collections4/list/NodeCachingLinkedList.java,org.apache.commons.collections4.list.NodeCachingLinkedList,addNodeToCache/1[org.apache.commons.collections4.list.AbstractLinkedList.Node<E>],cacheSize,1
/Users/larrymotuzis/Larry_Motuzis_Data/Project05_CommonsCollections/src/main/java/org/apache/commons/collections4/list/NodeCachingLinkedList.java,org.apache.commons.collections4.list.NodeCachingLinkedList,addNodeToCache/1[org.apache.commons.collections4.list.AbstractLinkedList.Node<E>],firstCachedNode,2
/Users/larrymotuzis/Larry_Motuzis_Data/Project05_CommonsCollections/src/main/java/org/apache/commons/collections4/list/NodeCachingLinkedList.java,org.apache.commons.collections4.list.NodeCachingLinkedList,getNodeFromCache/0,cacheSize,3
/Users/larrymotuzis/Larry_Motuzis_Data/Project05_CommonsCollections/src/main/java/org/apache/commons/collections4/list/NodeCachingLinkedList.java,org.apache.commons.collections4.list.NodeCachingLinkedList,getNodeFromCache/0,firstCachedNode,2
/Users/larrymotuzis/Larry_Motuzis_Data/Project05_CommonsCollections/src/main/java/org/apache/commons/collections4/list/NodeCachingLinkedList.java,org.apache.commons.collections4.list.NodeCachingLinkedList,shrinkCacheToMaximumSize/0,maximumCacheSize,1
/Users/larrymotuzis/Larry_Motuzis_Data/Project05_CommonsCollections/src/main/java/org/apache/commons/collections4/list/NodeCachingLinkedList.java,org.apache.commons.collections4.list.NodeCachingLinkedList,shrinkCacheToMaximumSize/0,cacheSize,1
/Users/larrymotuzis/Larry_Motuzis_Data/Project05_CommonsCollections/src/main/java/org/apache/commons/collections4/set/CompositeSet.java,org.apache.commons.collections4.set.CompositeSet,toArray/1[T[]],all,1
/Users/larrymotuzis/Larry_Motuzis_Data/Project05_CommonsCollections/src/main/java/org/apache/commons/collections4/set/CompositeSet.java,org.apache.commons.collections4.set.CompositeSet,size/0,all,1
/Users/larrymotuzis/Larry_Motuzis_Data/Project05_CommonsCollections/src/main/java/org/apache/commons/collections4/set/CompositeSet.java,org.apache.commons.collections4.set.CompositeSet,add/1[E],all,1
/Users/larrymotuzis/Larry_Motuzis_Data/Project05_CommonsCollections/src/main/java/org/apache/commons/collections4/set/CompositeSet.java,org.apache.commons.collections4.set.CompositeSet,add/1[E],mutator,2
/Users/larrymotuzis/Larry_Motuzis_Data/Project05_CommonsCollections/src/main/java/org/apache/commons/collections4/set/CompositeSet.java,org.apache.commons.collections4.set.CompositeSet,retainAll/1[java.util.Collection<?>],all,1
/Users/larrymotuzis/Larry_Motuzis_Data/Project05_CommonsCollections/src/main/java/org/apache/commons/collections4/set/CompositeSet.java,org.apache.commons.collections4.set.CompositeSet,removeComposited/1[java.util.Set<E>],all,1
/Users/larrymotuzis/Larry_Motuzis_Data/Project05_CommonsCollections/src/main/java/org/apache/commons/collections4/set/CompositeSet.java,org.apache.commons.collections4.set.CompositeSet,getMutator/0,mutator,1
/Users/larrymotuzis/Larry_Motuzis_Data/Project05_CommonsCollections/src/main/java/org/apache/commons/collections4/set/CompositeSet.java,org.apache.commons.collections4.set.CompositeSet,clear/0,all,1
/Users/larrymotuzis/Larry_Motuzis_Data/Project05_CommonsCollections/src/main/java/org/apache/commons/collections4/set/CompositeSet.java,org.apache.commons.collections4.set.CompositeSet,iterator/0,all,2
/Users/larrymotuzis/Larry_Motuzis_Data/Project05_CommonsCollections/src/main/java/org/apache/commons/collections4/set/CompositeSet.java,org.apache.commons.collections4.set.CompositeSet,contains/1[java.lang.Object],all,1
/Users/larrymotuzis/Larry_Motuzis_Data/Project05_CommonsCollections/src/main/java/org/apache/commons/collections4/set/CompositeSet.java,org.apache.commons.collections4.set.CompositeSet,removeAll/1[java.util.Collection<?>],all,1
/Users/larrymotuzis/Larry_Motuzis_Data/Project05_CommonsCollections/src/main/java/org/apache/commons/collections4/set/CompositeSet.java,org.apache.commons.collections4.set.CompositeSet,addAll/1[java.util.Collection<? extends E>],all,1
/Users/larrymotuzis/Larry_Motuzis_Data/Project05_CommonsCollections/src/main/java/org/apache/commons/collections4/set/CompositeSet.java,org.apache.commons.collections4.set.CompositeSet,addAll/1[java.util.Collection<? extends E>],mutator,2
/Users/larrymotuzis/Larry_Motuzis_Data/Project05_CommonsCollections/src/main/java/org/apache/commons/collections4/set/CompositeSet.java,org.apache.commons.collections4.set.CompositeSet,setMutator/1[org.apache.commons.collections4.set.CompositeSet.SetMutator<E>],mutator,4
/Users/larrymotuzis/Larry_Motuzis_Data/Project05_CommonsCollections/src/main/java/org/apache/commons/collections4/set/CompositeSet.java,org.apache.commons.collections4.set.CompositeSet,removeIf/1[java.util.function.Predicate<? super E>],all,1
/Users/larrymotuzis/Larry_Motuzis_Data/Project05_CommonsCollections/src/main/java/org/apache/commons/collections4/set/CompositeSet.java,org.apache.commons.collections4.set.CompositeSet,addComposited/1[java.util.Set<E>],all,1
/Users/larrymotuzis/Larry_Motuzis_Data/Project05_CommonsCollections/src/main/java/org/apache/commons/collections4/set/CompositeSet.java,org.apache.commons.collections4.set.CompositeSet,addComposited/1[java.util.Set<E>],mutator,1
/Users/larrymotuzis/Larry_Motuzis_Data/Project05_CommonsCollections/src/main/java/org/apache/commons/collections4/set/CompositeSet.java,org.apache.commons.collections4.set.CompositeSet,isEmpty/0,all,1
/Users/larrymotuzis/Larry_Motuzis_Data/Project05_CommonsCollections/src/main/java/org/apache/commons/collections4/set/CompositeSet.java,org.apache.commons.collections4.set.CompositeSet,getSets/0,all,1
/Users/larrymotuzis/Larry_Motuzis_Data/Project05_CommonsCollections/src/main/java/org/apache/commons/collections4/iterators/AbstractOrderedMapIteratorDecorator.java,org.apache.commons.collections4.iterators.AbstractOrderedMapIteratorDecorator,getOrderedMapIterator/0,iterator,1
/Users/larrymotuzis/Larry_Motuzis_Data/Project05_CommonsCollections/src/main/java/org/apache/commons/collections4/iterators/AbstractOrderedMapIteratorDecorator.java,org.apache.commons.collections4.iterators.AbstractOrderedMapIteratorDecorator,hasNext/0,iterator,1
/Users/larrymotuzis/Larry_Motuzis_Data/Project05_CommonsCollections/src/main/java/org/apache/commons/collections4/iterators/AbstractOrderedMapIteratorDecorator.java,org.apache.commons.collections4.iterators.AbstractOrderedMapIteratorDecorator,remove/0,iterator,1
/Users/larrymotuzis/Larry_Motuzis_Data/Project05_CommonsCollections/src/main/java/org/apache/commons/collections4/iterators/AbstractOrderedMapIteratorDecorator.java,org.apache.commons.collections4.iterators.AbstractOrderedMapIteratorDecorator,next/0,iterator,1
/Users/larrymotuzis/Larry_Motuzis_Data/Project05_CommonsCollections/src/main/java/org/apache/commons/collections4/iterators/AbstractOrderedMapIteratorDecorator.java,org.apache.commons.collections4.iterators.AbstractOrderedMapIteratorDecorator,previous/0,iterator,1
/Users/larrymotuzis/Larry_Motuzis_Data/Project05_CommonsCollections/src/main/java/org/apache/commons/collections4/iterators/AbstractOrderedMapIteratorDecorator.java,org.apache.commons.collections4.iterators.AbstractOrderedMapIteratorDecorator,getValue/0,iterator,1
/Users/larrymotuzis/Larry_Motuzis_Data/Project05_CommonsCollections/src/main/java/org/apache/commons/collections4/iterators/AbstractOrderedMapIteratorDecorator.java,org.apache.commons.collections4.iterators.AbstractOrderedMapIteratorDecorator,"AbstractOrderedMapIteratorDecorator/1[org.apache.commons.collections4.OrderedMapIterator<K,V>]",iterator,4
/Users/larrymotuzis/Larry_Motuzis_Data/Project05_CommonsCollections/src/main/java/org/apache/commons/collections4/iterators/AbstractOrderedMapIteratorDecorator.java,org.apache.commons.collections4.iterators.AbstractOrderedMapIteratorDecorator,getKey/0,iterator,1
/Users/larrymotuzis/Larry_Motuzis_Data/Project05_CommonsCollections/src/main/java/org/apache/commons/collections4/iterators/AbstractOrderedMapIteratorDecorator.java,org.apache.commons.collections4.iterators.AbstractOrderedMapIteratorDecorator,hasPrevious/0,iterator,1
/Users/larrymotuzis/Larry_Motuzis_Data/Project05_CommonsCollections/src/main/java/org/apache/commons/collections4/iterators/AbstractOrderedMapIteratorDecorator.java,org.apache.commons.collections4.iterators.AbstractOrderedMapIteratorDecorator,setValue/1[V],iterator,1
/Users/larrymotuzis/Larry_Motuzis_Data/Project05_CommonsCollections/src/main/java/org/apache/commons/collections4/iterators/UnmodifiableIterator.java,org.apache.commons.collections4.iterators.UnmodifiableIterator,hasNext/0,iterator,1
/Users/larrymotuzis/Larry_Motuzis_Data/Project05_CommonsCollections/src/main/java/org/apache/commons/collections4/iterators/UnmodifiableIterator.java,org.apache.commons.collections4.iterators.UnmodifiableIterator,unwrap/0,iterator,1
/Users/larrymotuzis/Larry_Motuzis_Data/Project05_CommonsCollections/src/main/java/org/apache/commons/collections4/iterators/UnmodifiableIterator.java,org.apache.commons.collections4.iterators.UnmodifiableIterator,next/0,iterator,1
/Users/larrymotuzis/Larry_Motuzis_Data/Project05_CommonsCollections/src/main/java/org/apache/commons/collections4/iterators/UnmodifiableIterator.java,org.apache.commons.collections4.iterators.UnmodifiableIterator,unmodifiableIterator/1[java.util.Iterator<? extends E>],iterator,6
/Users/larrymotuzis/Larry_Motuzis_Data/Project05_CommonsCollections/src/main/java/org/apache/commons/collections4/iterators/UnmodifiableIterator.java,org.apache.commons.collections4.iterators.UnmodifiableIterator,wrap/1[T],iterator,2
/Users/larrymotuzis/Larry_Motuzis_Data/Project05_CommonsCollections/src/main/java/org/apache/commons/collections4/iterators/UnmodifiableIterator.java,org.apache.commons.collections4.iterators.UnmodifiableIterator,UnmodifiableIterator/1[T],iterator,4
/Users/larrymotuzis/Larry_Motuzis_Data/Project05_CommonsCollections/src/main/java/org/apache/commons/collections4/keyvalue/TiedMapEntry.java,org.apache.commons.collections4.keyvalue.TiedMapEntry,equals/1[java.lang.Object],key,1
/Users/larrymotuzis/Larry_Motuzis_Data/Project05_CommonsCollections/src/main/java/org/apache/commons/collections4/keyvalue/TiedMapEntry.java,org.apache.commons.collections4.keyvalue.TiedMapEntry,setValue/1[V],map,1
/Users/larrymotuzis/Larry_Motuzis_Data/Project05_CommonsCollections/src/main/java/org/apache/commons/collections4/keyvalue/TiedMapEntry.java,org.apache.commons.collections4.keyvalue.TiedMapEntry,setValue/1[V],key,1
/Users/larrymotuzis/Larry_Motuzis_Data/Project05_CommonsCollections/src/main/java/org/apache/commons/collections4/keyvalue/TiedMapEntry.java,org.apache.commons.collections4.keyvalue.TiedMapEntry,"TiedMapEntry/2[java.util.Map<K,V>,K]",map,4
/Users/larrymotuzis/Larry_Motuzis_Data/Project05_CommonsCollections/src/main/java/org/apache/commons/collections4/keyvalue/TiedMapEntry.java,org.apache.commons.collections4.keyvalue.TiedMapEntry,"TiedMapEntry/2[java.util.Map<K,V>,K]",key,4
/Users/larrymotuzis/Larry_Motuzis_Data/Project05_CommonsCollections/src/main/java/org/apache/commons/collections4/keyvalue/TiedMapEntry.java,org.apache.commons.collections4.keyvalue.TiedMapEntry,getKey/0,key,1
/Users/larrymotuzis/Larry_Motuzis_Data/Project05_CommonsCollections/src/main/java/org/apache/commons/collections4/keyvalue/TiedMapEntry.java,org.apache.commons.collections4.keyvalue.TiedMapEntry,getValue/0,map,1
/Users/larrymotuzis/Larry_Motuzis_Data/Project05_CommonsCollections/src/main/java/org/apache/commons/collections4/keyvalue/TiedMapEntry.java,org.apache.commons.collections4.keyvalue.TiedMapEntry,getValue/0,key,1
/Users/larrymotuzis/Larry_Motuzis_Data/Project05_CommonsCollections/src/main/java/org/apache/commons/collections4/iterators/SingletonIterator.java,org.apache.commons.collections4.iterators.SingletonIterator,"SingletonIterator/2[E,boolean]",removeAllowed,4
/Users/larrymotuzis/Larry_Motuzis_Data/Project05_CommonsCollections/src/main/java/org/apache/commons/collections4/iterators/SingletonIterator.java,org.apache.commons.collections4.iterators.SingletonIterator,"SingletonIterator/2[E,boolean]",object,4
/Users/larrymotuzis/Larry_Motuzis_Data/Project05_CommonsCollections/src/main/java/org/apache/commons/collections4/iterators/SingletonIterator.java,org.apache.commons.collections4.iterators.SingletonIterator,next/0,removed,1
/Users/larrymotuzis/Larry_Motuzis_Data/Project05_CommonsCollections/src/main/java/org/apache/commons/collections4/iterators/SingletonIterator.java,org.apache.commons.collections4.iterators.SingletonIterator,next/0,beforeFirst,2
/Users/larrymotuzis/Larry_Motuzis_Data/Project05_CommonsCollections/src/main/java/org/apache/commons/collections4/iterators/SingletonIterator.java,org.apache.commons.collections4.iterators.SingletonIterator,next/0,object,1
/Users/larrymotuzis/Larry_Motuzis_Data/Project05_CommonsCollections/src/main/java/org/apache/commons/collections4/iterators/SingletonIterator.java,org.apache.commons.collections4.iterators.SingletonIterator,reset/0,beforeFirst,1
/Users/larrymotuzis/Larry_Motuzis_Data/Project05_CommonsCollections/src/main/java/org/apache/commons/collections4/iterators/SingletonIterator.java,org.apache.commons.collections4.iterators.SingletonIterator,SingletonIterator/1[E],object,3
/Users/larrymotuzis/Larry_Motuzis_Data/Project05_CommonsCollections/src/main/java/org/apache/commons/collections4/iterators/SingletonIterator.java,org.apache.commons.collections4.iterators.SingletonIterator,hasNext/0,removed,1
/Users/larrymotuzis/Larry_Motuzis_Data/Project05_CommonsCollections/src/main/java/org/apache/commons/collections4/iterators/SingletonIterator.java,org.apache.commons.collections4.iterators.SingletonIterator,hasNext/0,beforeFirst,1
/Users/larrymotuzis/Larry_Motuzis_Data/Project05_CommonsCollections/src/main/java/org/apache/commons/collections4/iterators/SingletonIterator.java,org.apache.commons.collections4.iterators.SingletonIterator,remove/0,removed,2
/Users/larrymotuzis/Larry_Motuzis_Data/Project05_CommonsCollections/src/main/java/org/apache/commons/collections4/iterators/SingletonIterator.java,org.apache.commons.collections4.iterators.SingletonIterator,remove/0,beforeFirst,1
/Users/larrymotuzis/Larry_Motuzis_Data/Project05_CommonsCollections/src/main/java/org/apache/commons/collections4/iterators/SingletonIterator.java,org.apache.commons.collections4.iterators.SingletonIterator,remove/0,removeAllowed,1
/Users/larrymotuzis/Larry_Motuzis_Data/Project05_CommonsCollections/src/main/java/org/apache/commons/collections4/iterators/SingletonIterator.java,org.apache.commons.collections4.iterators.SingletonIterator,remove/0,object,1
/Users/larrymotuzis/Larry_Motuzis_Data/Project05_CommonsCollections/src/main/java/org/apache/commons/collections4/map/AbstractReferenceMap.java,org.apache.commons.collections4.map.AbstractReferenceMap$ReferenceBaseIterator,hasNext/0,next,5
/Users/larrymotuzis/Larry_Motuzis_Data/Project05_CommonsCollections/src/main/java/org/apache/commons/collections4/map/AbstractReferenceMap.java,org.apache.commons.collections4.map.AbstractReferenceMap$ReferenceBaseIterator,hasNext/0,index,2
/Users/larrymotuzis/Larry_Motuzis_Data/Project05_CommonsCollections/src/main/java/org/apache/commons/collections4/map/AbstractReferenceMap.java,org.apache.commons.collections4.map.AbstractReferenceMap$ReferenceBaseIterator,hasNext/0,nextKey,1
/Users/larrymotuzis/Larry_Motuzis_Data/Project05_CommonsCollections/src/main/java/org/apache/commons/collections4/map/AbstractReferenceMap.java,org.apache.commons.collections4.map.AbstractReferenceMap$ReferenceBaseIterator,hasNext/0,nextValue,1
/Users/larrymotuzis/Larry_Motuzis_Data/Project05_CommonsCollections/src/main/java/org/apache/commons/collections4/map/AbstractReferenceMap.java,org.apache.commons.collections4.map.AbstractReferenceMap$ReferenceBaseIterator,nextEntry/0,next,4
/Users/larrymotuzis/Larry_Motuzis_Data/Project05_CommonsCollections/src/main/java/org/apache/commons/collections4/map/AbstractReferenceMap.java,org.apache.commons.collections4.map.AbstractReferenceMap$ReferenceBaseIterator,nextEntry/0,currentKey,1
/Users/larrymotuzis/Larry_Motuzis_Data/Project05_CommonsCollections/src/main/java/org/apache/commons/collections4/map/AbstractReferenceMap.java,org.apache.commons.collections4.map.AbstractReferenceMap$ReferenceBaseIterator,nextEntry/0,current,2
/Users/larrymotuzis/Larry_Motuzis_Data/Project05_CommonsCollections/src/main/java/org/apache/commons/collections4/map/AbstractReferenceMap.java,org.apache.commons.collections4.map.AbstractReferenceMap$ReferenceBaseIterator,nextEntry/0,nextKey,2
/Users/larrymotuzis/Larry_Motuzis_Data/Project05_CommonsCollections/src/main/java/org/apache/commons/collections4/map/AbstractReferenceMap.java,org.apache.commons.collections4.map.AbstractReferenceMap$ReferenceBaseIterator,nextEntry/0,nextValue,2
/Users/larrymotuzis/Larry_Motuzis_Data/Project05_CommonsCollections/src/main/java/org/apache/commons/collections4/map/AbstractReferenceMap.java,org.apache.commons.collections4.map.AbstractReferenceMap$ReferenceBaseIterator,nextEntry/0,currentValue,1
/Users/larrymotuzis/Larry_Motuzis_Data/Project05_CommonsCollections/src/main/java/org/apache/commons/collections4/map/AbstractReferenceMap.java,org.apache.commons.collections4.map.AbstractReferenceMap$ReferenceBaseIterator,checkMod/0,expectedModCount,1
/Users/larrymotuzis/Larry_Motuzis_Data/Project05_CommonsCollections/src/main/java/org/apache/commons/collections4/map/AbstractReferenceMap.java,org.apache.commons.collections4.map.AbstractReferenceMap$ReferenceBaseIterator,remove/0,parent,1
/Users/larrymotuzis/Larry_Motuzis_Data/Project05_CommonsCollections/src/main/java/org/apache/commons/collections4/map/AbstractReferenceMap.java,org.apache.commons.collections4.map.AbstractReferenceMap$ReferenceBaseIterator,remove/0,currentKey,2
/Users/larrymotuzis/Larry_Motuzis_Data/Project05_CommonsCollections/src/main/java/org/apache/commons/collections4/map/AbstractReferenceMap.java,org.apache.commons.collections4.map.AbstractReferenceMap$ReferenceBaseIterator,remove/0,current,2
/Users/larrymotuzis/Larry_Motuzis_Data/Project05_CommonsCollections/src/main/java/org/apache/commons/collections4/map/AbstractReferenceMap.java,org.apache.commons.collections4.map.AbstractReferenceMap$ReferenceBaseIterator,remove/0,expectedModCount,1
/Users/larrymotuzis/Larry_Motuzis_Data/Project05_CommonsCollections/src/main/java/org/apache/commons/collections4/map/AbstractReferenceMap.java,org.apache.commons.collections4.map.AbstractReferenceMap$ReferenceBaseIterator,remove/0,currentValue,1
/Users/larrymotuzis/Larry_Motuzis_Data/Project05_CommonsCollections/src/main/java/org/apache/commons/collections4/map/AbstractReferenceMap.java,org.apache.commons.collections4.map.AbstractReferenceMap$ReferenceBaseIterator,nextNull/0,nextKey,1
/Users/larrymotuzis/Larry_Motuzis_Data/Project05_CommonsCollections/src/main/java/org/apache/commons/collections4/map/AbstractReferenceMap.java,org.apache.commons.collections4.map.AbstractReferenceMap$ReferenceBaseIterator,nextNull/0,nextValue,1
/Users/larrymotuzis/Larry_Motuzis_Data/Project05_CommonsCollections/src/main/java/org/apache/commons/collections4/map/AbstractReferenceMap.java,org.apache.commons.collections4.map.AbstractReferenceMap$ReferenceBaseIterator,"ReferenceBaseIterator/1[org.apache.commons.collections4.map.AbstractReferenceMap<K,V>]",parent,4
/Users/larrymotuzis/Larry_Motuzis_Data/Project05_CommonsCollections/src/main/java/org/apache/commons/collections4/map/AbstractReferenceMap.java,org.apache.commons.collections4.map.AbstractReferenceMap$ReferenceBaseIterator,"ReferenceBaseIterator/1[org.apache.commons.collections4.map.AbstractReferenceMap<K,V>]",expectedModCount,1
/Users/larrymotuzis/Larry_Motuzis_Data/Project05_CommonsCollections/src/main/java/org/apache/commons/collections4/map/AbstractReferenceMap.java,org.apache.commons.collections4.map.AbstractReferenceMap$ReferenceBaseIterator,"ReferenceBaseIterator/1[org.apache.commons.collections4.map.AbstractReferenceMap<K,V>]",index,1
/Users/larrymotuzis/Larry_Motuzis_Data/Project05_CommonsCollections/src/main/java/org/apache/commons/collections4/map/AbstractReferenceMap.java,org.apache.commons.collections4.map.AbstractReferenceMap$ReferenceBaseIterator,currentEntry/0,current,1
/Users/larrymotuzis/Larry_Motuzis_Data/Project05_CommonsCollections/src/main/java/org/apache/commons/collections4/map/ListOrderedMap.java,org.apache.commons.collections4.map.ListOrderedMap$ListOrderedMapEntry,getValue/0,parent,1
/Users/larrymotuzis/Larry_Motuzis_Data/Project05_CommonsCollections/src/main/java/org/apache/commons/collections4/map/ListOrderedMap.java,org.apache.commons.collections4.map.ListOrderedMap$ListOrderedMapEntry,"ListOrderedMapEntry/2[org.apache.commons.collections4.map.ListOrderedMap<K,V>,K]",parent,3
/Users/larrymotuzis/Larry_Motuzis_Data/Project05_CommonsCollections/src/main/java/org/apache/commons/collections4/map/ListOrderedMap.java,org.apache.commons.collections4.map.ListOrderedMap$ListOrderedMapEntry,setValue/1[V],parent,1
/Users/larrymotuzis/Larry_Motuzis_Data/Project05_CommonsCollections/src/main/java/org/apache/commons/collections4/functors/SwitchTransformer.java,org.apache.commons.collections4.functors.SwitchTransformer,"SwitchTransformer/4[boolean,org.apache.commons.collections4.Predicate<? super T>[],org.apache.commons.collections4.Transformer<? super T,? extends R>[],org.apache.commons.collections4.Transformer<? super T,? extends R>]",iTransformers,1
/Users/larrymotuzis/Larry_Motuzis_Data/Project05_CommonsCollections/src/main/java/org/apache/commons/collections4/functors/SwitchTransformer.java,org.apache.commons.collections4.functors.SwitchTransformer,"SwitchTransformer/4[boolean,org.apache.commons.collections4.Predicate<? super T>[],org.apache.commons.collections4.Transformer<? super T,? extends R>[],org.apache.commons.collections4.Transformer<? super T,? extends R>]",iPredicates,1
/Users/larrymotuzis/Larry_Motuzis_Data/Project05_CommonsCollections/src/main/java/org/apache/commons/collections4/functors/SwitchTransformer.java,org.apache.commons.collections4.functors.SwitchTransformer,"SwitchTransformer/4[boolean,org.apache.commons.collections4.Predicate<? super T>[],org.apache.commons.collections4.Transformer<? super T,? extends R>[],org.apache.commons.collections4.Transformer<? super T,? extends R>]",iDefault,1
/Users/larrymotuzis/Larry_Motuzis_Data/Project05_CommonsCollections/src/main/java/org/apache/commons/collections4/functors/SwitchTransformer.java,org.apache.commons.collections4.functors.SwitchTransformer,getPredicates/0,iPredicates,1
/Users/larrymotuzis/Larry_Motuzis_Data/Project05_CommonsCollections/src/main/java/org/apache/commons/collections4/functors/SwitchTransformer.java,org.apache.commons.collections4.functors.SwitchTransformer,getDefaultTransformer/0,iDefault,1
/Users/larrymotuzis/Larry_Motuzis_Data/Project05_CommonsCollections/src/main/java/org/apache/commons/collections4/functors/SwitchTransformer.java,org.apache.commons.collections4.functors.SwitchTransformer,getTransformers/0,iTransformers,1
/Users/larrymotuzis/Larry_Motuzis_Data/Project05_CommonsCollections/src/main/java/org/apache/commons/collections4/functors/SwitchTransformer.java,org.apache.commons.collections4.functors.SwitchTransformer,transform/1[T],iTransformers,1
/Users/larrymotuzis/Larry_Motuzis_Data/Project05_CommonsCollections/src/main/java/org/apache/commons/collections4/functors/SwitchTransformer.java,org.apache.commons.collections4.functors.SwitchTransformer,transform/1[T],iPredicates,1
/Users/larrymotuzis/Larry_Motuzis_Data/Project05_CommonsCollections/src/main/java/org/apache/commons/collections4/functors/SwitchTransformer.java,org.apache.commons.collections4.functors.SwitchTransformer,transform/1[T],iDefault,1
/Users/larrymotuzis/Larry_Motuzis_Data/Project05_CommonsCollections/src/main/java/org/apache/commons/collections4/bidimap/AbstractDualBidiMap.java,org.apache.commons.collections4.bidimap.AbstractDualBidiMap$EntrySetIterator,"EntrySetIterator/2[java.util.Iterator<java.util.Map.Entry<K,V>>,org.apache.commons.collections4.bidimap.AbstractDualBidiMap<K,V>]",parent,4
/Users/larrymotuzis/Larry_Motuzis_Data/Project05_CommonsCollections/src/main/java/org/apache/commons/collections4/bidimap/AbstractDualBidiMap.java,org.apache.commons.collections4.bidimap.AbstractDualBidiMap$EntrySetIterator,next/0,parent,1
/Users/larrymotuzis/Larry_Motuzis_Data/Project05_CommonsCollections/src/main/java/org/apache/commons/collections4/bidimap/AbstractDualBidiMap.java,org.apache.commons.collections4.bidimap.AbstractDualBidiMap$EntrySetIterator,next/0,canRemove,1
/Users/larrymotuzis/Larry_Motuzis_Data/Project05_CommonsCollections/src/main/java/org/apache/commons/collections4/bidimap/AbstractDualBidiMap.java,org.apache.commons.collections4.bidimap.AbstractDualBidiMap$EntrySetIterator,next/0,last,2
/Users/larrymotuzis/Larry_Motuzis_Data/Project05_CommonsCollections/src/main/java/org/apache/commons/collections4/bidimap/AbstractDualBidiMap.java,org.apache.commons.collections4.bidimap.AbstractDualBidiMap$EntrySetIterator,remove/0,canRemove,2
/Users/larrymotuzis/Larry_Motuzis_Data/Project05_CommonsCollections/src/main/java/org/apache/commons/collections4/bidimap/AbstractDualBidiMap.java,org.apache.commons.collections4.bidimap.AbstractDualBidiMap$EntrySetIterator,remove/0,last,2
/Users/larrymotuzis/Larry_Motuzis_Data/Project05_CommonsCollections/src/main/java/org/apache/commons/collections4/functors/NOPTransformer.java,org.apache.commons.collections4.functors.NOPTransformer,readResolve/0,INSTANCE,1
/Users/larrymotuzis/Larry_Motuzis_Data/Project05_CommonsCollections/src/main/java/org/apache/commons/collections4/functors/NOPTransformer.java,org.apache.commons.collections4.functors.NOPTransformer,nopTransformer/0,INSTANCE,1
/Users/larrymotuzis/Larry_Motuzis_Data/Project05_CommonsCollections/src/main/java/org/apache/commons/collections4/iterators/PermutationIterator.java,org.apache.commons.collections4.iterators.PermutationIterator,PermutationIterator/1[java.util.Collection<? extends E>],keys,2
/Users/larrymotuzis/Larry_Motuzis_Data/Project05_CommonsCollections/src/main/java/org/apache/commons/collections4/iterators/PermutationIterator.java,org.apache.commons.collections4.iterators.PermutationIterator,PermutationIterator/1[java.util.Collection<? extends E>],nextPermutation,1
/Users/larrymotuzis/Larry_Motuzis_Data/Project05_CommonsCollections/src/main/java/org/apache/commons/collections4/iterators/PermutationIterator.java,org.apache.commons.collections4.iterators.PermutationIterator,PermutationIterator/1[java.util.Collection<? extends E>],objectMap,2
/Users/larrymotuzis/Larry_Motuzis_Data/Project05_CommonsCollections/src/main/java/org/apache/commons/collections4/iterators/PermutationIterator.java,org.apache.commons.collections4.iterators.PermutationIterator,PermutationIterator/1[java.util.Collection<? extends E>],direction,2
/Users/larrymotuzis/Larry_Motuzis_Data/Project05_CommonsCollections/src/main/java/org/apache/commons/collections4/iterators/PermutationIterator.java,org.apache.commons.collections4.iterators.PermutationIterator,hasNext/0,nextPermutation,1
/Users/larrymotuzis/Larry_Motuzis_Data/Project05_CommonsCollections/src/main/java/org/apache/commons/collections4/iterators/PermutationIterator.java,org.apache.commons.collections4.iterators.PermutationIterator,next/0,keys,12
/Users/larrymotuzis/Larry_Motuzis_Data/Project05_CommonsCollections/src/main/java/org/apache/commons/collections4/iterators/PermutationIterator.java,org.apache.commons.collections4.iterators.PermutationIterator,next/0,nextPermutation,4
/Users/larrymotuzis/Larry_Motuzis_Data/Project05_CommonsCollections/src/main/java/org/apache/commons/collections4/iterators/PermutationIterator.java,org.apache.commons.collections4.iterators.PermutationIterator,next/0,objectMap,1
/Users/larrymotuzis/Larry_Motuzis_Data/Project05_CommonsCollections/src/main/java/org/apache/commons/collections4/iterators/PermutationIterator.java,org.apache.commons.collections4.iterators.PermutationIterator,next/0,direction,9
/Users/larrymotuzis/Larry_Motuzis_Data/Project05_CommonsCollections/src/main/java/org/apache/commons/collections4/list/AbstractLinkedListJava21.java,org.apache.commons.collections4.list.AbstractLinkedListJava21,toArray/1[T[]],size,4
/Users/larrymotuzis/Larry_Motuzis_Data/Project05_CommonsCollections/src/main/java/org/apache/commons/collections4/list/AbstractLinkedListJava21.java,org.apache.commons.collections4.list.AbstractLinkedListJava21,toArray/1[T[]],header,1
/Users/larrymotuzis/Larry_Motuzis_Data/Project05_CommonsCollections/src/main/java/org/apache/commons/collections4/list/AbstractLinkedListJava21.java,org.apache.commons.collections4.list.AbstractLinkedListJava21,addLast/1[E],header,1
/Users/larrymotuzis/Larry_Motuzis_Data/Project05_CommonsCollections/src/main/java/org/apache/commons/collections4/list/AbstractLinkedListJava21.java,org.apache.commons.collections4.list.AbstractLinkedListJava21,removeNode/1[org.apache.commons.collections4.list.AbstractLinkedListJava21.Node<E>],modCount,1
/Users/larrymotuzis/Larry_Motuzis_Data/Project05_CommonsCollections/src/main/java/org/apache/commons/collections4/list/AbstractLinkedListJava21.java,org.apache.commons.collections4.list.AbstractLinkedListJava21,removeNode/1[org.apache.commons.collections4.list.AbstractLinkedListJava21.Node<E>],size,1
/Users/larrymotuzis/Larry_Motuzis_Data/Project05_CommonsCollections/src/main/java/org/apache/commons/collections4/list/AbstractLinkedListJava21.java,org.apache.commons.collections4.list.AbstractLinkedListJava21,isEmpty/0,size,1
/Users/larrymotuzis/Larry_Motuzis_Data/Project05_CommonsCollections/src/main/java/org/apache/commons/collections4/list/AbstractLinkedListJava21.java,org.apache.commons.collections4.list.AbstractLinkedListJava21,removeAllNodes/0,modCount,1
/Users/larrymotuzis/Larry_Motuzis_Data/Project05_CommonsCollections/src/main/java/org/apache/commons/collections4/list/AbstractLinkedListJava21.java,org.apache.commons.collections4.list.AbstractLinkedListJava21,removeAllNodes/0,size,1
/Users/larrymotuzis/Larry_Motuzis_Data/Project05_CommonsCollections/src/main/java/org/apache/commons/collections4/list/AbstractLinkedListJava21.java,org.apache.commons.collections4.list.AbstractLinkedListJava21,removeAllNodes/0,header,2
/Users/larrymotuzis/Larry_Motuzis_Data/Project05_CommonsCollections/src/main/java/org/apache/commons/collections4/list/AbstractLinkedListJava21.java,org.apache.commons.collections4.list.AbstractLinkedListJava21,addFirst/1[E],header,1
/Users/larrymotuzis/Larry_Motuzis_Data/Project05_CommonsCollections/src/main/java/org/apache/commons/collections4/list/AbstractLinkedListJava21.java,org.apache.commons.collections4.list.AbstractLinkedListJava21,removeLast/0,header,1
/Users/larrymotuzis/Larry_Motuzis_Data/Project05_CommonsCollections/src/main/java/org/apache/commons/collections4/list/AbstractLinkedListJava21.java,org.apache.commons.collections4.list.AbstractLinkedListJava21,"getNode/2[int,boolean]",size,5
/Users/larrymotuzis/Larry_Motuzis_Data/Project05_CommonsCollections/src/main/java/org/apache/commons/collections4/list/AbstractLinkedListJava21.java,org.apache.commons.collections4.list.AbstractLinkedListJava21,"getNode/2[int,boolean]",header,1
/Users/larrymotuzis/Larry_Motuzis_Data/Project05_CommonsCollections/src/main/java/org/apache/commons/collections4/list/AbstractLinkedListJava21.java,org.apache.commons.collections4.list.AbstractLinkedListJava21,"addNode/2[org.apache.commons.collections4.list.AbstractLinkedListJava21.Node<E>,org.apache.commons.collections4.list.AbstractLinkedListJava21.Node<E>]",modCount,1
/Users/larrymotuzis/Larry_Motuzis_Data/Project05_CommonsCollections/src/main/java/org/apache/commons/collections4/list/AbstractLinkedListJava21.java,org.apache.commons.collections4.list.AbstractLinkedListJava21,"addNode/2[org.apache.commons.collections4.list.AbstractLinkedListJava21.Node<E>,org.apache.commons.collections4.list.AbstractLinkedListJava21.Node<E>]",size,1
/Users/larrymotuzis/Larry_Motuzis_Data/Project05_CommonsCollections/src/main/java/org/apache/commons/collections4/list/AbstractLinkedListJava21.java,org.apache.commons.collections4.list.AbstractLinkedListJava21,remove/1[java.lang.Object],header,1
/Users/larrymotuzis/Larry_Motuzis_Data/Project05_CommonsCollections/src/main/java/org/apache/commons/collections4/list/AbstractLinkedListJava21.java,org.apache.commons.collections4.list.AbstractLinkedListJava21,init/0,header,1
/Users/larrymotuzis/Larry_Motuzis_Data/Project05_CommonsCollections/src/main/java/org/apache/commons/collections4/list/AbstractLinkedListJava21.java,org.apache.commons.collections4.list.AbstractLinkedListJava21,equals/1[java.lang.Object],size,2
/Users/larrymotuzis/Larry_Motuzis_Data/Project05_CommonsCollections/src/main/java/org/apache/commons/collections4/list/AbstractLinkedListJava21.java,org.apache.commons.collections4.list.AbstractLinkedListJava21,addAll/1[java.util.Collection<? extends E>],size,1
/Users/larrymotuzis/Larry_Motuzis_Data/Project05_CommonsCollections/src/main/java/org/apache/commons/collections4/list/AbstractLinkedListJava21.java,org.apache.commons.collections4.list.AbstractLinkedListJava21,getLast/0,header,1
/Users/larrymotuzis/Larry_Motuzis_Data/Project05_CommonsCollections/src/main/java/org/apache/commons/collections4/list/AbstractLinkedListJava21.java,org.apache.commons.collections4.list.AbstractLinkedListJava21,toArray/0,size,1
/Users/larrymotuzis/Larry_Motuzis_Data/Project05_CommonsCollections/src/main/java/org/apache/commons/collections4/list/AbstractLinkedListJava21.java,org.apache.commons.collections4.list.AbstractLinkedListJava21,indexOf/1[java.lang.Object],header,1
/Users/larrymotuzis/Larry_Motuzis_Data/Project05_CommonsCollections/src/main/java/org/apache/commons/collections4/list/AbstractLinkedListJava21.java,org.apache.commons.collections4.list.AbstractLinkedListJava21,getFirst/0,header,1
/Users/larrymotuzis/Larry_Motuzis_Data/Project05_CommonsCollections/src/main/java/org/apache/commons/collections4/list/AbstractLinkedListJava21.java,org.apache.commons.collections4.list.AbstractLinkedListJava21,lastIndexOf/1[java.lang.Object],size,1
/Users/larrymotuzis/Larry_Motuzis_Data/Project05_CommonsCollections/src/main/java/org/apache/commons/collections4/list/AbstractLinkedListJava21.java,org.apache.commons.collections4.list.AbstractLinkedListJava21,lastIndexOf/1[java.lang.Object],header,1
/Users/larrymotuzis/Larry_Motuzis_Data/Project05_CommonsCollections/src/main/java/org/apache/commons/collections4/list/AbstractLinkedListJava21.java,org.apache.commons.collections4.list.AbstractLinkedListJava21,doWriteObject/1[java.io.ObjectOutputStream],size,1
/Users/larrymotuzis/Larry_Motuzis_Data/Project05_CommonsCollections/src/main/java/org/apache/commons/collections4/list/AbstractLinkedListJava21.java,org.apache.commons.collections4.list.AbstractLinkedListJava21,toString/0,size,1
/Users/larrymotuzis/Larry_Motuzis_Data/Project05_CommonsCollections/src/main/java/org/apache/commons/collections4/list/AbstractLinkedListJava21.java,org.apache.commons.collections4.list.AbstractLinkedListJava21,removeFirst/0,header,1
/Users/larrymotuzis/Larry_Motuzis_Data/Project05_CommonsCollections/src/main/java/org/apache/commons/collections4/list/AbstractLinkedListJava21.java,org.apache.commons.collections4.list.AbstractLinkedListJava21,size/0,size,2
/Users/larrymotuzis/Larry_Motuzis_Data/Project05_CommonsCollections/src/main/java/org/apache/commons/collections4/properties/AbstractPropertiesFactory.java,org.apache.commons.collections4.properties.AbstractPropertiesFactory$PropertyFormat,toPropertyFormat/1[java.lang.String],PROPERTIES,1
/Users/larrymotuzis/Larry_Motuzis_Data/Project05_CommonsCollections/src/main/java/org/apache/commons/collections4/properties/AbstractPropertiesFactory.java,org.apache.commons.collections4.properties.AbstractPropertiesFactory$PropertyFormat,toPropertyFormat/1[java.lang.String],XML,1
/Users/larrymotuzis/Larry_Motuzis_Data/Project05_CommonsCollections/src/main/java/org/apache/commons/collections4/IterableUtils.java,org.apache.commons.collections4.IterableUtils,emptyIterable/0,EMPTY_ITERABLE,1
/Users/larrymotuzis/Larry_Motuzis_Data/Project05_CommonsCollections/src/main/java/org/apache/commons/collections4/bloomfilter/CountingPredicate.java,org.apache.commons.collections4.bloomfilter.CountingPredicate,test/1[T],func,1
/Users/larrymotuzis/Larry_Motuzis_Data/Project05_CommonsCollections/src/main/java/org/apache/commons/collections4/bloomfilter/CountingPredicate.java,org.apache.commons.collections4.bloomfilter.CountingPredicate,test/1[T],ary,1
/Users/larrymotuzis/Larry_Motuzis_Data/Project05_CommonsCollections/src/main/java/org/apache/commons/collections4/bloomfilter/CountingPredicate.java,org.apache.commons.collections4.bloomfilter.CountingPredicate,test/1[T],idx,2
/Users/larrymotuzis/Larry_Motuzis_Data/Project05_CommonsCollections/src/main/java/org/apache/commons/collections4/bloomfilter/CountingPredicate.java,org.apache.commons.collections4.bloomfilter.CountingPredicate,processRemaining/0,func,1
/Users/larrymotuzis/Larry_Motuzis_Data/Project05_CommonsCollections/src/main/java/org/apache/commons/collections4/bloomfilter/CountingPredicate.java,org.apache.commons.collections4.bloomfilter.CountingPredicate,processRemaining/0,ary,1
/Users/larrymotuzis/Larry_Motuzis_Data/Project05_CommonsCollections/src/main/java/org/apache/commons/collections4/bloomfilter/CountingPredicate.java,org.apache.commons.collections4.bloomfilter.CountingPredicate,processRemaining/0,idx,1
/Users/larrymotuzis/Larry_Motuzis_Data/Project05_CommonsCollections/src/main/java/org/apache/commons/collections4/bloomfilter/CountingPredicate.java,org.apache.commons.collections4.bloomfilter.CountingPredicate,"CountingPredicate/2[T[],java.util.function.BiPredicate<T,T>]",func,4
/Users/larrymotuzis/Larry_Motuzis_Data/Project05_CommonsCollections/src/main/java/org/apache/commons/collections4/bloomfilter/CountingPredicate.java,org.apache.commons.collections4.bloomfilter.CountingPredicate,"CountingPredicate/2[T[],java.util.function.BiPredicate<T,T>]",ary,4
/Users/larrymotuzis/Larry_Motuzis_Data/Project05_CommonsCollections/src/main/java/org/apache/commons/collections4/functors/NotPredicate.java,org.apache.commons.collections4.functors.NotPredicate,NotPredicate/1[org.apache.commons.collections4.Predicate<? super T>],iPredicate,1
/Users/larrymotuzis/Larry_Motuzis_Data/Project05_CommonsCollections/src/main/java/org/apache/commons/collections4/functors/NotPredicate.java,org.apache.commons.collections4.functors.NotPredicate,test/1[T],iPredicate,1
/Users/larrymotuzis/Larry_Motuzis_Data/Project05_CommonsCollections/src/main/java/org/apache/commons/collections4/functors/NotPredicate.java,org.apache.commons.collections4.functors.NotPredicate,getPredicates/0,iPredicate,1
/Users/larrymotuzis/Larry_Motuzis_Data/Project05_CommonsCollections/src/main/java/org/apache/commons/collections4/iterators/AbstractMapIteratorDecorator.java,org.apache.commons.collections4.iterators.AbstractMapIteratorDecorator,getMapIterator/0,iterator,1
/Users/larrymotuzis/Larry_Motuzis_Data/Project05_CommonsCollections/src/main/java/org/apache/commons/collections4/iterators/AbstractMapIteratorDecorator.java,org.apache.commons.collections4.iterators.AbstractMapIteratorDecorator,hasNext/0,iterator,1
/Users/larrymotuzis/Larry_Motuzis_Data/Project05_CommonsCollections/src/main/java/org/apache/commons/collections4/iterators/AbstractMapIteratorDecorator.java,org.apache.commons.collections4.iterators.AbstractMapIteratorDecorator,remove/0,iterator,1
/Users/larrymotuzis/Larry_Motuzis_Data/Project05_CommonsCollections/src/main/java/org/apache/commons/collections4/iterators/AbstractMapIteratorDecorator.java,org.apache.commons.collections4.iterators.AbstractMapIteratorDecorator,setValue/1[V],iterator,1
/Users/larrymotuzis/Larry_Motuzis_Data/Project05_CommonsCollections/src/main/java/org/apache/commons/collections4/iterators/AbstractMapIteratorDecorator.java,org.apache.commons.collections4.iterators.AbstractMapIteratorDecorator,getValue/0,iterator,1
/Users/larrymotuzis/Larry_Motuzis_Data/Project05_CommonsCollections/src/main/java/org/apache/commons/collections4/iterators/AbstractMapIteratorDecorator.java,org.apache.commons.collections4.iterators.AbstractMapIteratorDecorator,"AbstractMapIteratorDecorator/1[org.apache.commons.collections4.MapIterator<K,V>]",iterator,4
/Users/larrymotuzis/Larry_Motuzis_Data/Project05_CommonsCollections/src/main/java/org/apache/commons/collections4/iterators/AbstractMapIteratorDecorator.java,org.apache.commons.collections4.iterators.AbstractMapIteratorDecorator,getKey/0,iterator,1
/Users/larrymotuzis/Larry_Motuzis_Data/Project05_CommonsCollections/src/main/java/org/apache/commons/collections4/iterators/AbstractMapIteratorDecorator.java,org.apache.commons.collections4.iterators.AbstractMapIteratorDecorator,next/0,iterator,1
/Users/larrymotuzis/Larry_Motuzis_Data/Project05_CommonsCollections/src/main/java/org/apache/commons/collections4/functors/ChainedClosure.java,org.apache.commons.collections4.functors.ChainedClosure,"ChainedClosure/2[boolean,org.apache.commons.collections4.Closure<? super T>[]]",iClosures,1
/Users/larrymotuzis/Larry_Motuzis_Data/Project05_CommonsCollections/src/main/java/org/apache/commons/collections4/functors/ChainedClosure.java,org.apache.commons.collections4.functors.ChainedClosure,getClosures/0,iClosures,1
/Users/larrymotuzis/Larry_Motuzis_Data/Project05_CommonsCollections/src/main/java/org/apache/commons/collections4/functors/ChainedClosure.java,org.apache.commons.collections4.functors.ChainedClosure,execute/1[T],iClosures,1
/Users/larrymotuzis/Larry_Motuzis_Data/Project05_CommonsCollections/src/main/java/org/apache/commons/collections4/functors/TransformedPredicate.java,org.apache.commons.collections4.functors.TransformedPredicate,"TransformedPredicate/2[org.apache.commons.collections4.Transformer<? super T,? extends T>,org.apache.commons.collections4.Predicate<? super T>]",iPredicate,1
/Users/larrymotuzis/Larry_Motuzis_Data/Project05_CommonsCollections/src/main/java/org/apache/commons/collections4/functors/TransformedPredicate.java,org.apache.commons.collections4.functors.TransformedPredicate,"TransformedPredicate/2[org.apache.commons.collections4.Transformer<? super T,? extends T>,org.apache.commons.collections4.Predicate<? super T>]",iTransformer,1
/Users/larrymotuzis/Larry_Motuzis_Data/Project05_CommonsCollections/src/main/java/org/apache/commons/collections4/functors/TransformedPredicate.java,org.apache.commons.collections4.functors.TransformedPredicate,test/1[T],iPredicate,1
/Users/larrymotuzis/Larry_Motuzis_Data/Project05_CommonsCollections/src/main/java/org/apache/commons/collections4/functors/TransformedPredicate.java,org.apache.commons.collections4.functors.TransformedPredicate,test/1[T],iTransformer,1
/Users/larrymotuzis/Larry_Motuzis_Data/Project05_CommonsCollections/src/main/java/org/apache/commons/collections4/functors/TransformedPredicate.java,org.apache.commons.collections4.functors.TransformedPredicate,getTransformer/0,iTransformer,1
/Users/larrymotuzis/Larry_Motuzis_Data/Project05_CommonsCollections/src/main/java/org/apache/commons/collections4/functors/TransformedPredicate.java,org.apache.commons.collections4.functors.TransformedPredicate,getPredicates/0,iPredicate,1
/Users/larrymotuzis/Larry_Motuzis_Data/Project05_CommonsCollections/src/main/java/org/apache/commons/collections4/map/ListOrderedMap.java,org.apache.commons.collections4.map.ListOrderedMap$KeySetView,iterator/0,parent,1
/Users/larrymotuzis/Larry_Motuzis_Data/Project05_CommonsCollections/src/main/java/org/apache/commons/collections4/map/ListOrderedMap.java,org.apache.commons.collections4.map.ListOrderedMap$KeySetView,clear/0,parent,1
/Users/larrymotuzis/Larry_Motuzis_Data/Project05_CommonsCollections/src/main/java/org/apache/commons/collections4/map/ListOrderedMap.java,org.apache.commons.collections4.map.ListOrderedMap$KeySetView,"KeySetView/1[org.apache.commons.collections4.map.ListOrderedMap<K,?>]",parent,3
/Users/larrymotuzis/Larry_Motuzis_Data/Project05_CommonsCollections/src/main/java/org/apache/commons/collections4/map/ListOrderedMap.java,org.apache.commons.collections4.map.ListOrderedMap$KeySetView,size/0,parent,1
/Users/larrymotuzis/Larry_Motuzis_Data/Project05_CommonsCollections/src/main/java/org/apache/commons/collections4/map/ListOrderedMap.java,org.apache.commons.collections4.map.ListOrderedMap$KeySetView,contains/1[java.lang.Object],parent,1
/Users/larrymotuzis/Larry_Motuzis_Data/Project05_CommonsCollections/src/main/java/org/apache/commons/collections4/multimap/AbstractListValuedMap.java,org.apache.commons.collections4.multimap.AbstractListValuedMap$ValuesListIterator,"ValuesListIterator/2[K,int]",iterator,1
/Users/larrymotuzis/Larry_Motuzis_Data/Project05_CommonsCollections/src/main/java/org/apache/commons/collections4/multimap/AbstractListValuedMap.java,org.apache.commons.collections4.multimap.AbstractListValuedMap$ValuesListIterator,"ValuesListIterator/2[K,int]",values,2
/Users/larrymotuzis/Larry_Motuzis_Data/Project05_CommonsCollections/src/main/java/org/apache/commons/collections4/multimap/AbstractListValuedMap.java,org.apache.commons.collections4.multimap.AbstractListValuedMap$ValuesListIterator,"ValuesListIterator/2[K,int]",key,4
/Users/larrymotuzis/Larry_Motuzis_Data/Project05_CommonsCollections/src/main/java/org/apache/commons/collections4/multimap/AbstractListValuedMap.java,org.apache.commons.collections4.multimap.AbstractListValuedMap$ValuesListIterator,add/1[V],iterator,2
/Users/larrymotuzis/Larry_Motuzis_Data/Project05_CommonsCollections/src/main/java/org/apache/commons/collections4/multimap/AbstractListValuedMap.java,org.apache.commons.collections4.multimap.AbstractListValuedMap$ValuesListIterator,add/1[V],values,1
/Users/larrymotuzis/Larry_Motuzis_Data/Project05_CommonsCollections/src/main/java/org/apache/commons/collections4/multimap/AbstractListValuedMap.java,org.apache.commons.collections4.multimap.AbstractListValuedMap$ValuesListIterator,add/1[V],key,2
/Users/larrymotuzis/Larry_Motuzis_Data/Project05_CommonsCollections/src/main/java/org/apache/commons/collections4/multimap/AbstractListValuedMap.java,org.apache.commons.collections4.multimap.AbstractListValuedMap$ValuesListIterator,ValuesListIterator/1[K],iterator,1
/Users/larrymotuzis/Larry_Motuzis_Data/Project05_CommonsCollections/src/main/java/org/apache/commons/collections4/multimap/AbstractListValuedMap.java,org.apache.commons.collections4.multimap.AbstractListValuedMap$ValuesListIterator,ValuesListIterator/1[K],values,2
/Users/larrymotuzis/Larry_Motuzis_Data/Project05_CommonsCollections/src/main/java/org/apache/commons/collections4/multimap/AbstractListValuedMap.java,org.apache.commons.collections4.multimap.AbstractListValuedMap$ValuesListIterator,ValuesListIterator/1[K],key,4
/Users/larrymotuzis/Larry_Motuzis_Data/Project05_CommonsCollections/src/main/java/org/apache/commons/collections4/multimap/AbstractListValuedMap.java,org.apache.commons.collections4.multimap.AbstractListValuedMap$ValuesListIterator,hasNext/0,iterator,1
/Users/larrymotuzis/Larry_Motuzis_Data/Project05_CommonsCollections/src/main/java/org/apache/commons/collections4/multimap/AbstractListValuedMap.java,org.apache.commons.collections4.multimap.AbstractListValuedMap$ValuesListIterator,next/0,iterator,1
/Users/larrymotuzis/Larry_Motuzis_Data/Project05_CommonsCollections/src/main/java/org/apache/commons/collections4/multimap/AbstractListValuedMap.java,org.apache.commons.collections4.multimap.AbstractListValuedMap$ValuesListIterator,nextIndex/0,iterator,1
/Users/larrymotuzis/Larry_Motuzis_Data/Project05_CommonsCollections/src/main/java/org/apache/commons/collections4/multimap/AbstractListValuedMap.java,org.apache.commons.collections4.multimap.AbstractListValuedMap$ValuesListIterator,previousIndex/0,iterator,1
/Users/larrymotuzis/Larry_Motuzis_Data/Project05_CommonsCollections/src/main/java/org/apache/commons/collections4/multimap/AbstractListValuedMap.java,org.apache.commons.collections4.multimap.AbstractListValuedMap$ValuesListIterator,remove/0,iterator,1
/Users/larrymotuzis/Larry_Motuzis_Data/Project05_CommonsCollections/src/main/java/org/apache/commons/collections4/multimap/AbstractListValuedMap.java,org.apache.commons.collections4.multimap.AbstractListValuedMap$ValuesListIterator,remove/0,values,1
/Users/larrymotuzis/Larry_Motuzis_Data/Project05_CommonsCollections/src/main/java/org/apache/commons/collections4/multimap/AbstractListValuedMap.java,org.apache.commons.collections4.multimap.AbstractListValuedMap$ValuesListIterator,remove/0,key,1
/Users/larrymotuzis/Larry_Motuzis_Data/Project05_CommonsCollections/src/main/java/org/apache/commons/collections4/multimap/AbstractListValuedMap.java,org.apache.commons.collections4.multimap.AbstractListValuedMap$ValuesListIterator,set/1[V],iterator,1
/Users/larrymotuzis/Larry_Motuzis_Data/Project05_CommonsCollections/src/main/java/org/apache/commons/collections4/multimap/AbstractListValuedMap.java,org.apache.commons.collections4.multimap.AbstractListValuedMap$ValuesListIterator,previous/0,iterator,1
/Users/larrymotuzis/Larry_Motuzis_Data/Project05_CommonsCollections/src/main/java/org/apache/commons/collections4/multimap/AbstractListValuedMap.java,org.apache.commons.collections4.multimap.AbstractListValuedMap$ValuesListIterator,hasPrevious/0,iterator,1
/Users/larrymotuzis/Larry_Motuzis_Data/Project05_CommonsCollections/src/main/java/org/apache/commons/collections4/map/AbstractReferenceMap.java,org.apache.commons.collections4.map.AbstractReferenceMap$ReferenceStrength,resolve/1[int],WEAK,1
/Users/larrymotuzis/Larry_Motuzis_Data/Project05_CommonsCollections/src/main/java/org/apache/commons/collections4/map/AbstractReferenceMap.java,org.apache.commons.collections4.map.AbstractReferenceMap$ReferenceStrength,resolve/1[int],HARD,1
/Users/larrymotuzis/Larry_Motuzis_Data/Project05_CommonsCollections/src/main/java/org/apache/commons/collections4/map/AbstractReferenceMap.java,org.apache.commons.collections4.map.AbstractReferenceMap$ReferenceStrength,resolve/1[int],SOFT,1
/Users/larrymotuzis/Larry_Motuzis_Data/Project05_CommonsCollections/src/main/java/org/apache/commons/collections4/map/AbstractReferenceMap.java,org.apache.commons.collections4.map.AbstractReferenceMap$ReferenceStrength,resolve/1[int],value,3
/Users/larrymotuzis/Larry_Motuzis_Data/Project05_CommonsCollections/src/main/java/org/apache/commons/collections4/map/AbstractReferenceMap.java,org.apache.commons.collections4.map.AbstractReferenceMap$ReferenceStrength,ReferenceStrength/1[int],value,3
/Users/larrymotuzis/Larry_Motuzis_Data/Project05_CommonsCollections/src/main/java/org/apache/commons/collections4/bloomfilter/BitMapExtractor.java,org.apache.commons.collections4.bloomfilter.BitMapExtractor$1Bits,add/1[long],size,3
/Users/larrymotuzis/Larry_Motuzis_Data/Project05_CommonsCollections/src/main/java/org/apache/commons/collections4/bloomfilter/BitMapExtractor.java,org.apache.commons.collections4.bloomfilter.BitMapExtractor$1Bits,add/1[long],data,3
/Users/larrymotuzis/Larry_Motuzis_Data/Project05_CommonsCollections/src/main/java/org/apache/commons/collections4/bloomfilter/BitMapExtractor.java,org.apache.commons.collections4.bloomfilter.BitMapExtractor$1Bits,toArray/0,size,2
/Users/larrymotuzis/Larry_Motuzis_Data/Project05_CommonsCollections/src/main/java/org/apache/commons/collections4/bloomfilter/BitMapExtractor.java,org.apache.commons.collections4.bloomfilter.BitMapExtractor$1Bits,toArray/0,data,2
/Users/larrymotuzis/Larry_Motuzis_Data/Project05_CommonsCollections/src/main/java/org/apache/commons/collections4/map/SingletonMap.java,org.apache.commons.collections4.map.SingletonMap$SingletonValues,contains/1[java.lang.Object],parent,1
/Users/larrymotuzis/Larry_Motuzis_Data/Project05_CommonsCollections/src/main/java/org/apache/commons/collections4/map/SingletonMap.java,org.apache.commons.collections4.map.SingletonMap$SingletonValues,"SingletonValues/1[org.apache.commons.collections4.map.SingletonMap<?,V>]",parent,3
/Users/larrymotuzis/Larry_Motuzis_Data/Project05_CommonsCollections/src/main/java/org/apache/commons/collections4/map/SingletonMap.java,org.apache.commons.collections4.map.SingletonMap$SingletonValues,iterator/0,parent,1
/Users/larrymotuzis/Larry_Motuzis_Data/Project05_CommonsCollections/src/main/java/org/apache/commons/collections4/map/AbstractHashedMap.java,org.apache.commons.collections4.map.AbstractHashedMap$HashIterator,"HashIterator/1[org.apache.commons.collections4.map.AbstractHashedMap<K,V>]",next,1
/Users/larrymotuzis/Larry_Motuzis_Data/Project05_CommonsCollections/src/main/java/org/apache/commons/collections4/map/AbstractHashedMap.java,org.apache.commons.collections4.map.AbstractHashedMap$HashIterator,"HashIterator/1[org.apache.commons.collections4.map.AbstractHashedMap<K,V>]",parent,4
/Users/larrymotuzis/Larry_Motuzis_Data/Project05_CommonsCollections/src/main/java/org/apache/commons/collections4/map/AbstractHashedMap.java,org.apache.commons.collections4.map.AbstractHashedMap$HashIterator,"HashIterator/1[org.apache.commons.collections4.map.AbstractHashedMap<K,V>]",expectedModCount,1
/Users/larrymotuzis/Larry_Motuzis_Data/Project05_CommonsCollections/src/main/java/org/apache/commons/collections4/map/AbstractHashedMap.java,org.apache.commons.collections4.map.AbstractHashedMap$HashIterator,"HashIterator/1[org.apache.commons.collections4.map.AbstractHashedMap<K,V>]",hashIndex,1
/Users/larrymotuzis/Larry_Motuzis_Data/Project05_CommonsCollections/src/main/java/org/apache/commons/collections4/map/AbstractHashedMap.java,org.apache.commons.collections4.map.AbstractHashedMap$HashIterator,nextEntry/0,next,2
/Users/larrymotuzis/Larry_Motuzis_Data/Project05_CommonsCollections/src/main/java/org/apache/commons/collections4/map/AbstractHashedMap.java,org.apache.commons.collections4.map.AbstractHashedMap$HashIterator,nextEntry/0,last,1
/Users/larrymotuzis/Larry_Motuzis_Data/Project05_CommonsCollections/src/main/java/org/apache/commons/collections4/map/AbstractHashedMap.java,org.apache.commons.collections4.map.AbstractHashedMap$HashIterator,nextEntry/0,expectedModCount,1
/Users/larrymotuzis/Larry_Motuzis_Data/Project05_CommonsCollections/src/main/java/org/apache/commons/collections4/map/AbstractHashedMap.java,org.apache.commons.collections4.map.AbstractHashedMap$HashIterator,nextEntry/0,hashIndex,2
/Users/larrymotuzis/Larry_Motuzis_Data/Project05_CommonsCollections/src/main/java/org/apache/commons/collections4/map/AbstractHashedMap.java,org.apache.commons.collections4.map.AbstractHashedMap$HashIterator,hasNext/0,next,1
/Users/larrymotuzis/Larry_Motuzis_Data/Project05_CommonsCollections/src/main/java/org/apache/commons/collections4/map/AbstractHashedMap.java,org.apache.commons.collections4.map.AbstractHashedMap$HashIterator,toString/0,last,3
/Users/larrymotuzis/Larry_Motuzis_Data/Project05_CommonsCollections/src/main/java/org/apache/commons/collections4/map/AbstractHashedMap.java,org.apache.commons.collections4.map.AbstractHashedMap$HashIterator,currentEntry/0,last,1
/Users/larrymotuzis/Larry_Motuzis_Data/Project05_CommonsCollections/src/main/java/org/apache/commons/collections4/map/AbstractHashedMap.java,org.apache.commons.collections4.map.AbstractHashedMap$HashIterator,remove/0,parent,1
/Users/larrymotuzis/Larry_Motuzis_Data/Project05_CommonsCollections/src/main/java/org/apache/commons/collections4/map/AbstractHashedMap.java,org.apache.commons.collections4.map.AbstractHashedMap$HashIterator,remove/0,last,3
/Users/larrymotuzis/Larry_Motuzis_Data/Project05_CommonsCollections/src/main/java/org/apache/commons/collections4/map/AbstractHashedMap.java,org.apache.commons.collections4.map.AbstractHashedMap$HashIterator,remove/0,expectedModCount,2
/Users/larrymotuzis/Larry_Motuzis_Data/Project05_CommonsCollections/src/main/java/org/apache/commons/collections4/ComparatorUtils.java,org.apache.commons.collections4.ComparatorUtils,"min/3[E,E,java.util.Comparator<E>]",NATURAL_COMPARATOR,1
/Users/larrymotuzis/Larry_Motuzis_Data/Project05_CommonsCollections/src/main/java/org/apache/commons/collections4/ComparatorUtils.java,org.apache.commons.collections4.ComparatorUtils,chainedComparator/1[java.util.Collection<java.util.Comparator<E>>],EMPTY_COMPARATOR_ARRAY,1
/Users/larrymotuzis/Larry_Motuzis_Data/Project05_CommonsCollections/src/main/java/org/apache/commons/collections4/ComparatorUtils.java,org.apache.commons.collections4.ComparatorUtils,"max/3[E,E,java.util.Comparator<E>]",NATURAL_COMPARATOR,1
/Users/larrymotuzis/Larry_Motuzis_Data/Project05_CommonsCollections/src/main/java/org/apache/commons/collections4/ComparatorUtils.java,org.apache.commons.collections4.ComparatorUtils,nullHighComparator/1[java.util.Comparator<E>],NATURAL_COMPARATOR,1
/Users/larrymotuzis/Larry_Motuzis_Data/Project05_CommonsCollections/src/main/java/org/apache/commons/collections4/ComparatorUtils.java,org.apache.commons.collections4.ComparatorUtils,"transformedComparator/2[java.util.Comparator<O>,org.apache.commons.collections4.Transformer<? super I,? extends O>]",NATURAL_COMPARATOR,1
/Users/larrymotuzis/Larry_Motuzis_Data/Project05_CommonsCollections/src/main/java/org/apache/commons/collections4/ComparatorUtils.java,org.apache.commons.collections4.ComparatorUtils,naturalComparator/0,NATURAL_COMPARATOR,1
/Users/larrymotuzis/Larry_Motuzis_Data/Project05_CommonsCollections/src/main/java/org/apache/commons/collections4/ComparatorUtils.java,org.apache.commons.collections4.ComparatorUtils,nullLowComparator/1[java.util.Comparator<E>],NATURAL_COMPARATOR,1
/Users/larrymotuzis/Larry_Motuzis_Data/Project05_CommonsCollections/src/main/java/org/apache/commons/collections4/trie/AbstractPatriciaTrie.java,org.apache.commons.collections4.trie.AbstractPatriciaTrie$TrieMapIterator,previousEntry/0,previous,2
/Users/larrymotuzis/Larry_Motuzis_Data/Project05_CommonsCollections/src/main/java/org/apache/commons/collections4/trie/AbstractPatriciaTrie.java,org.apache.commons.collections4.trie.AbstractPatriciaTrie$TrieMapIterator,hasPrevious/0,previous,1
/Users/larrymotuzis/Larry_Motuzis_Data/Project05_CommonsCollections/src/main/java/org/apache/commons/collections4/trie/AbstractPatriciaTrie.java,org.apache.commons.collections4.trie.AbstractPatriciaTrie$TrieMapIterator,nextEntry/0,previous,1
/Users/larrymotuzis/Larry_Motuzis_Data/Project05_CommonsCollections/src/main/java/org/apache/commons/collections4/trie/AbstractPatriciaTrie.java,org.apache.commons.collections4.trie.AbstractPatriciaTrie$TrieMapIterator,previous/0,previous,1
/Users/larrymotuzis/Larry_Motuzis_Data/Project05_CommonsCollections/src/main/java/org/apache/commons/collections4/multiset/AbstractMultiSet.java,org.apache.commons.collections4.multiset.AbstractMultiSet,equals/1[java.lang.Object],entrySet,1
/Users/larrymotuzis/Larry_Motuzis_Data/Project05_CommonsCollections/src/main/java/org/apache/commons/collections4/multiset/AbstractMultiSet.java,org.apache.commons.collections4.multiset.AbstractMultiSet,doWriteObject/1[java.io.ObjectOutputStream],entrySet,2
/Users/larrymotuzis/Larry_Motuzis_Data/Project05_CommonsCollections/src/main/java/org/apache/commons/collections4/multiset/AbstractMultiSet.java,org.apache.commons.collections4.multiset.AbstractMultiSet,size/0,entrySet,1
/Users/larrymotuzis/Larry_Motuzis_Data/Project05_CommonsCollections/src/main/java/org/apache/commons/collections4/multiset/AbstractMultiSet.java,org.apache.commons.collections4.multiset.AbstractMultiSet,uniqueSet/0,uniqueSet,4
/Users/larrymotuzis/Larry_Motuzis_Data/Project05_CommonsCollections/src/main/java/org/apache/commons/collections4/multiset/AbstractMultiSet.java,org.apache.commons.collections4.multiset.AbstractMultiSet,hashCode/0,entrySet,1
/Users/larrymotuzis/Larry_Motuzis_Data/Project05_CommonsCollections/src/main/java/org/apache/commons/collections4/multiset/AbstractMultiSet.java,org.apache.commons.collections4.multiset.AbstractMultiSet,entrySet/0,entrySet,4
/Users/larrymotuzis/Larry_Motuzis_Data/Project05_CommonsCollections/src/main/java/org/apache/commons/collections4/multiset/AbstractMultiSet.java,org.apache.commons.collections4.multiset.AbstractMultiSet,toString/0,entrySet,1
/Users/larrymotuzis/Larry_Motuzis_Data/Project05_CommonsCollections/src/main/java/org/apache/commons/collections4/multiset/AbstractMultiSet.java,org.apache.commons.collections4.multiset.AbstractMultiSet,clear/0,entrySet,1
/Users/larrymotuzis/Larry_Motuzis_Data/Project05_CommonsCollections/src/main/java/org/apache/commons/collections4/multiset/AbstractMultiSet.java,org.apache.commons.collections4.multiset.AbstractMultiSet,getCount/1[java.lang.Object],entrySet,1
/Users/larrymotuzis/Larry_Motuzis_Data/Project05_CommonsCollections/src/main/java/org/apache/commons/collections4/multiset/AbstractMultiSet.java,org.apache.commons.collections4.multiset.AbstractMultiSet,createUniqueSetIterator/0,entrySet,1
/Users/larrymotuzis/Larry_Motuzis_Data/Project05_CommonsCollections/src/main/java/org/apache/commons/collections4/iterators/NodeListIterator.java,org.apache.commons.collections4.iterators.NodeListIterator,next/0,index,2
/Users/larrymotuzis/Larry_Motuzis_Data/Project05_CommonsCollections/src/main/java/org/apache/commons/collections4/iterators/NodeListIterator.java,org.apache.commons.collections4.iterators.NodeListIterator,next/0,nodeList,3
/Users/larrymotuzis/Larry_Motuzis_Data/Project05_CommonsCollections/src/main/java/org/apache/commons/collections4/iterators/NodeListIterator.java,org.apache.commons.collections4.iterators.NodeListIterator,NodeListIterator/1[org.w3c.dom.NodeList],nodeList,4
/Users/larrymotuzis/Larry_Motuzis_Data/Project05_CommonsCollections/src/main/java/org/apache/commons/collections4/iterators/NodeListIterator.java,org.apache.commons.collections4.iterators.NodeListIterator,NodeListIterator/1[org.w3c.dom.Node],nodeList,1
/Users/larrymotuzis/Larry_Motuzis_Data/Project05_CommonsCollections/src/main/java/org/apache/commons/collections4/iterators/NodeListIterator.java,org.apache.commons.collections4.iterators.NodeListIterator,hasNext/0,index,1
/Users/larrymotuzis/Larry_Motuzis_Data/Project05_CommonsCollections/src/main/java/org/apache/commons/collections4/iterators/NodeListIterator.java,org.apache.commons.collections4.iterators.NodeListIterator,hasNext/0,nodeList,2
/Users/larrymotuzis/Larry_Motuzis_Data/Project05_CommonsCollections/src/main/java/org/apache/commons/collections4/iterators/CartesianProductIterator.java,org.apache.commons.collections4.iterators.CartesianProductIterator,hasNext/0,iterators,1
/Users/larrymotuzis/Larry_Motuzis_Data/Project05_CommonsCollections/src/main/java/org/apache/commons/collections4/iterators/CartesianProductIterator.java,org.apache.commons.collections4.iterators.CartesianProductIterator,next/0,iterators,4
/Users/larrymotuzis/Larry_Motuzis_Data/Project05_CommonsCollections/src/main/java/org/apache/commons/collections4/iterators/CartesianProductIterator.java,org.apache.commons.collections4.iterators.CartesianProductIterator,next/0,previousTuple,7
/Users/larrymotuzis/Larry_Motuzis_Data/Project05_CommonsCollections/src/main/java/org/apache/commons/collections4/iterators/CartesianProductIterator.java,org.apache.commons.collections4.iterators.CartesianProductIterator,next/0,iterables,2
/Users/larrymotuzis/Larry_Motuzis_Data/Project05_CommonsCollections/src/main/java/org/apache/commons/collections4/iterators/CartesianProductIterator.java,org.apache.commons.collections4.iterators.CartesianProductIterator,CartesianProductIterator/1[java.lang.Iterable<? extends E>[]],iterators,3
/Users/larrymotuzis/Larry_Motuzis_Data/Project05_CommonsCollections/src/main/java/org/apache/commons/collections4/iterators/CartesianProductIterator.java,org.apache.commons.collections4.iterators.CartesianProductIterator,CartesianProductIterator/1[java.lang.Iterable<? extends E>[]],iterables,6
/Users/larrymotuzis/Larry_Motuzis_Data/Project05_CommonsCollections/src/main/java/org/apache/commons/collections4/bidimap/TreeBidiMap.java,org.apache.commons.collections4.bidimap.TreeBidiMap$AbstractViewIterator,navigateNext/0,orderType,1
/Users/larrymotuzis/Larry_Motuzis_Data/Project05_CommonsCollections/src/main/java/org/apache/commons/collections4/bidimap/TreeBidiMap.java,org.apache.commons.collections4.bidimap.TreeBidiMap$AbstractViewIterator,navigateNext/0,nextNode,5
/Users/larrymotuzis/Larry_Motuzis_Data/Project05_CommonsCollections/src/main/java/org/apache/commons/collections4/bidimap/TreeBidiMap.java,org.apache.commons.collections4.bidimap.TreeBidiMap$AbstractViewIterator,navigateNext/0,lastReturnedNode,2
/Users/larrymotuzis/Larry_Motuzis_Data/Project05_CommonsCollections/src/main/java/org/apache/commons/collections4/bidimap/TreeBidiMap.java,org.apache.commons.collections4.bidimap.TreeBidiMap$AbstractViewIterator,navigateNext/0,expectedModifications,1
/Users/larrymotuzis/Larry_Motuzis_Data/Project05_CommonsCollections/src/main/java/org/apache/commons/collections4/bidimap/TreeBidiMap.java,org.apache.commons.collections4.bidimap.TreeBidiMap$AbstractViewIterator,navigateNext/0,previousNode,1
/Users/larrymotuzis/Larry_Motuzis_Data/Project05_CommonsCollections/src/main/java/org/apache/commons/collections4/bidimap/TreeBidiMap.java,org.apache.commons.collections4.bidimap.TreeBidiMap$AbstractViewIterator,hasPrevious/0,previousNode,1
/Users/larrymotuzis/Larry_Motuzis_Data/Project05_CommonsCollections/src/main/java/org/apache/commons/collections4/bidimap/TreeBidiMap.java,org.apache.commons.collections4.bidimap.TreeBidiMap$AbstractViewIterator,navigatePrevious/0,orderType,2
/Users/larrymotuzis/Larry_Motuzis_Data/Project05_CommonsCollections/src/main/java/org/apache/commons/collections4/bidimap/TreeBidiMap.java,org.apache.commons.collections4.bidimap.TreeBidiMap$AbstractViewIterator,navigatePrevious/0,nextNode,3
/Users/larrymotuzis/Larry_Motuzis_Data/Project05_CommonsCollections/src/main/java/org/apache/commons/collections4/bidimap/TreeBidiMap.java,org.apache.commons.collections4.bidimap.TreeBidiMap$AbstractViewIterator,navigatePrevious/0,lastReturnedNode,3
/Users/larrymotuzis/Larry_Motuzis_Data/Project05_CommonsCollections/src/main/java/org/apache/commons/collections4/bidimap/TreeBidiMap.java,org.apache.commons.collections4.bidimap.TreeBidiMap$AbstractViewIterator,navigatePrevious/0,previousNode,5
/Users/larrymotuzis/Larry_Motuzis_Data/Project05_CommonsCollections/src/main/java/org/apache/commons/collections4/bidimap/TreeBidiMap.java,org.apache.commons.collections4.bidimap.TreeBidiMap$AbstractViewIterator,navigatePrevious/0,expectedModifications,1
/Users/larrymotuzis/Larry_Motuzis_Data/Project05_CommonsCollections/src/main/java/org/apache/commons/collections4/bidimap/TreeBidiMap.java,org.apache.commons.collections4.bidimap.TreeBidiMap$AbstractViewIterator,AbstractViewIterator/1[org.apache.commons.collections4.bidimap.TreeBidiMap.DataElement],orderType,6
/Users/larrymotuzis/Larry_Motuzis_Data/Project05_CommonsCollections/src/main/java/org/apache/commons/collections4/bidimap/TreeBidiMap.java,org.apache.commons.collections4.bidimap.TreeBidiMap$AbstractViewIterator,AbstractViewIterator/1[org.apache.commons.collections4.bidimap.TreeBidiMap.DataElement],nextNode,1
/Users/larrymotuzis/Larry_Motuzis_Data/Project05_CommonsCollections/src/main/java/org/apache/commons/collections4/bidimap/TreeBidiMap.java,org.apache.commons.collections4.bidimap.TreeBidiMap$AbstractViewIterator,AbstractViewIterator/1[org.apache.commons.collections4.bidimap.TreeBidiMap.DataElement],lastReturnedNode,1
/Users/larrymotuzis/Larry_Motuzis_Data/Project05_CommonsCollections/src/main/java/org/apache/commons/collections4/bidimap/TreeBidiMap.java,org.apache.commons.collections4.bidimap.TreeBidiMap$AbstractViewIterator,AbstractViewIterator/1[org.apache.commons.collections4.bidimap.TreeBidiMap.DataElement],expectedModifications,1
/Users/larrymotuzis/Larry_Motuzis_Data/Project05_CommonsCollections/src/main/java/org/apache/commons/collections4/bidimap/TreeBidiMap.java,org.apache.commons.collections4.bidimap.TreeBidiMap$AbstractViewIterator,AbstractViewIterator/1[org.apache.commons.collections4.bidimap.TreeBidiMap.DataElement],previousNode,1
/Users/larrymotuzis/Larry_Motuzis_Data/Project05_CommonsCollections/src/main/java/org/apache/commons/collections4/bidimap/TreeBidiMap.java,org.apache.commons.collections4.bidimap.TreeBidiMap$AbstractViewIterator,hasNext/0,nextNode,1
/Users/larrymotuzis/Larry_Motuzis_Data/Project05_CommonsCollections/src/main/java/org/apache/commons/collections4/bidimap/TreeBidiMap.java,org.apache.commons.collections4.bidimap.TreeBidiMap$AbstractViewIterator,remove/0,orderType,3
/Users/larrymotuzis/Larry_Motuzis_Data/Project05_CommonsCollections/src/main/java/org/apache/commons/collections4/bidimap/TreeBidiMap.java,org.apache.commons.collections4.bidimap.TreeBidiMap$AbstractViewIterator,remove/0,nextNode,2
/Users/larrymotuzis/Larry_Motuzis_Data/Project05_CommonsCollections/src/main/java/org/apache/commons/collections4/bidimap/TreeBidiMap.java,org.apache.commons.collections4.bidimap.TreeBidiMap$AbstractViewIterator,remove/0,lastReturnedNode,3
/Users/larrymotuzis/Larry_Motuzis_Data/Project05_CommonsCollections/src/main/java/org/apache/commons/collections4/bidimap/TreeBidiMap.java,org.apache.commons.collections4.bidimap.TreeBidiMap$AbstractViewIterator,remove/0,expectedModifications,2
/Users/larrymotuzis/Larry_Motuzis_Data/Project05_CommonsCollections/src/main/java/org/apache/commons/collections4/bidimap/TreeBidiMap.java,org.apache.commons.collections4.bidimap.TreeBidiMap$AbstractViewIterator,remove/0,previousNode,2
/Users/larrymotuzis/Larry_Motuzis_Data/Project05_CommonsCollections/src/main/java/org/apache/commons/collections4/functors/NullIsExceptionPredicate.java,org.apache.commons.collections4.functors.NullIsExceptionPredicate,getPredicates/0,iPredicate,1
/Users/larrymotuzis/Larry_Motuzis_Data/Project05_CommonsCollections/src/main/java/org/apache/commons/collections4/functors/NullIsExceptionPredicate.java,org.apache.commons.collections4.functors.NullIsExceptionPredicate,test/1[T],iPredicate,1
/Users/larrymotuzis/Larry_Motuzis_Data/Project05_CommonsCollections/src/main/java/org/apache/commons/collections4/functors/NullIsExceptionPredicate.java,org.apache.commons.collections4.functors.NullIsExceptionPredicate,NullIsExceptionPredicate/1[org.apache.commons.collections4.Predicate<? super T>],iPredicate,1
/Users/larrymotuzis/Larry_Motuzis_Data/Project05_CommonsCollections/src/main/java/org/apache/commons/collections4/map/AbstractReferenceMap.java,org.apache.commons.collections4.map.AbstractReferenceMap$SoftRef,equals/1[java.lang.Object],hash,1
/Users/larrymotuzis/Larry_Motuzis_Data/Project05_CommonsCollections/src/main/java/org/apache/commons/collections4/map/AbstractReferenceMap.java,org.apache.commons.collections4.map.AbstractReferenceMap$SoftRef,hashCode/0,hash,1
/Users/larrymotuzis/Larry_Motuzis_Data/Project05_CommonsCollections/src/main/java/org/apache/commons/collections4/map/AbstractReferenceMap.java,org.apache.commons.collections4.map.AbstractReferenceMap$SoftRef,"SoftRef/3[int,T,java.lang.ref.ReferenceQueue<? super T>]",hash,3
/Users/larrymotuzis/Larry_Motuzis_Data/Project05_CommonsCollections/src/main/java/org/apache/commons/collections4/functors/MapTransformer.java,org.apache.commons.collections4.functors.MapTransformer,getMap/0,iMap,1
/Users/larrymotuzis/Larry_Motuzis_Data/Project05_CommonsCollections/src/main/java/org/apache/commons/collections4/functors/MapTransformer.java,org.apache.commons.collections4.functors.MapTransformer,"MapTransformer/1[java.util.Map<? super T,? extends R>]",iMap,1
/Users/larrymotuzis/Larry_Motuzis_Data/Project05_CommonsCollections/src/main/java/org/apache/commons/collections4/functors/MapTransformer.java,org.apache.commons.collections4.functors.MapTransformer,transform/1[T],iMap,1
/Users/larrymotuzis/Larry_Motuzis_Data/Project05_CommonsCollections/src/main/java/org/apache/commons/collections4/map/ConcurrentReferenceHashMap.java,org.apache.commons.collections4.map.ConcurrentReferenceHashMap$Builder,get/0,concurrencyLevel,1
/Users/larrymotuzis/Larry_Motuzis_Data/Project05_CommonsCollections/src/main/java/org/apache/commons/collections4/map/ConcurrentReferenceHashMap.java,org.apache.commons.collections4.map.ConcurrentReferenceHashMap$Builder,get/0,loadFactor,1
/Users/larrymotuzis/Larry_Motuzis_Data/Project05_CommonsCollections/src/main/java/org/apache/commons/collections4/map/ConcurrentReferenceHashMap.java,org.apache.commons.collections4.map.ConcurrentReferenceHashMap$Builder,get/0,sourceMap,2
/Users/larrymotuzis/Larry_Motuzis_Data/Project05_CommonsCollections/src/main/java/org/apache/commons/collections4/map/ConcurrentReferenceHashMap.java,org.apache.commons.collections4.map.ConcurrentReferenceHashMap$Builder,get/0,options,1
/Users/larrymotuzis/Larry_Motuzis_Data/Project05_CommonsCollections/src/main/java/org/apache/commons/collections4/map/ConcurrentReferenceHashMap.java,org.apache.commons.collections4.map.ConcurrentReferenceHashMap$Builder,get/0,initialCapacity,1
/Users/larrymotuzis/Larry_Motuzis_Data/Project05_CommonsCollections/src/main/java/org/apache/commons/collections4/map/ConcurrentReferenceHashMap.java,org.apache.commons.collections4.map.ConcurrentReferenceHashMap$Builder,get/0,valueReferenceType,1
/Users/larrymotuzis/Larry_Motuzis_Data/Project05_CommonsCollections/src/main/java/org/apache/commons/collections4/map/ConcurrentReferenceHashMap.java,org.apache.commons.collections4.map.ConcurrentReferenceHashMap$Builder,get/0,keyReferenceType,1
/Users/larrymotuzis/Larry_Motuzis_Data/Project05_CommonsCollections/src/main/java/org/apache/commons/collections4/map/ConcurrentReferenceHashMap.java,org.apache.commons.collections4.map.ConcurrentReferenceHashMap$Builder,setInitialCapacity/1[int],initialCapacity,4
/Users/larrymotuzis/Larry_Motuzis_Data/Project05_CommonsCollections/src/main/java/org/apache/commons/collections4/map/ConcurrentReferenceHashMap.java,org.apache.commons.collections4.map.ConcurrentReferenceHashMap$Builder,"setSourceMap/1[java.util.Map<? extends K,? extends V>]",sourceMap,4
/Users/larrymotuzis/Larry_Motuzis_Data/Project05_CommonsCollections/src/main/java/org/apache/commons/collections4/map/ConcurrentReferenceHashMap.java,org.apache.commons.collections4.map.ConcurrentReferenceHashMap$Builder,setLoadFactor/1[float],loadFactor,4
/Users/larrymotuzis/Larry_Motuzis_Data/Project05_CommonsCollections/src/main/java/org/apache/commons/collections4/map/ConcurrentReferenceHashMap.java,org.apache.commons.collections4.map.ConcurrentReferenceHashMap$Builder,setValueReferenceType/1[org.apache.commons.collections4.map.ConcurrentReferenceHashMap.ReferenceType],valueReferenceType,4
/Users/larrymotuzis/Larry_Motuzis_Data/Project05_CommonsCollections/src/main/java/org/apache/commons/collections4/map/ConcurrentReferenceHashMap.java,org.apache.commons.collections4.map.ConcurrentReferenceHashMap$Builder,setKeyReferenceType/1[org.apache.commons.collections4.map.ConcurrentReferenceHashMap.ReferenceType],keyReferenceType,4
/Users/larrymotuzis/Larry_Motuzis_Data/Project05_CommonsCollections/src/main/java/org/apache/commons/collections4/map/ConcurrentReferenceHashMap.java,org.apache.commons.collections4.map.ConcurrentReferenceHashMap$Builder,setOptions/1[java.util.EnumSet<org.apache.commons.collections4.map.ConcurrentReferenceHashMap.Option>],options,4
/Users/larrymotuzis/Larry_Motuzis_Data/Project05_CommonsCollections/src/main/java/org/apache/commons/collections4/map/ConcurrentReferenceHashMap.java,org.apache.commons.collections4.map.ConcurrentReferenceHashMap$Builder,setConcurrencyLevel/1[int],concurrencyLevel,4
/Users/larrymotuzis/Larry_Motuzis_Data/Project05_CommonsCollections/src/main/java/org/apache/commons/collections4/iterators/FilterIterator.java,org.apache.commons.collections4.iterators.FilterIterator,getIterator/0,iterator,1
/Users/larrymotuzis/Larry_Motuzis_Data/Project05_CommonsCollections/src/main/java/org/apache/commons/collections4/iterators/FilterIterator.java,org.apache.commons.collections4.iterators.FilterIterator,hasNext/0,nextObjectSet,1
/Users/larrymotuzis/Larry_Motuzis_Data/Project05_CommonsCollections/src/main/java/org/apache/commons/collections4/iterators/FilterIterator.java,org.apache.commons.collections4.iterators.FilterIterator,"FilterIterator/2[java.util.Iterator<? extends E>,org.apache.commons.collections4.Predicate<? super E>]",predicate,4
/Users/larrymotuzis/Larry_Motuzis_Data/Project05_CommonsCollections/src/main/java/org/apache/commons/collections4/iterators/FilterIterator.java,org.apache.commons.collections4.iterators.FilterIterator,"FilterIterator/2[java.util.Iterator<? extends E>,org.apache.commons.collections4.Predicate<? super E>]",iterator,4
/Users/larrymotuzis/Larry_Motuzis_Data/Project05_CommonsCollections/src/main/java/org/apache/commons/collections4/iterators/FilterIterator.java,org.apache.commons.collections4.iterators.FilterIterator,setPredicate/1[org.apache.commons.collections4.Predicate<? super E>],predicate,4
/Users/larrymotuzis/Larry_Motuzis_Data/Project05_CommonsCollections/src/main/java/org/apache/commons/collections4/iterators/FilterIterator.java,org.apache.commons.collections4.iterators.FilterIterator,setPredicate/1[org.apache.commons.collections4.Predicate<? super E>],nextObject,1
/Users/larrymotuzis/Larry_Motuzis_Data/Project05_CommonsCollections/src/main/java/org/apache/commons/collections4/iterators/FilterIterator.java,org.apache.commons.collections4.iterators.FilterIterator,setPredicate/1[org.apache.commons.collections4.Predicate<? super E>],nextObjectSet,1
/Users/larrymotuzis/Larry_Motuzis_Data/Project05_CommonsCollections/src/main/java/org/apache/commons/collections4/iterators/FilterIterator.java,org.apache.commons.collections4.iterators.FilterIterator,next/0,nextObject,1
/Users/larrymotuzis/Larry_Motuzis_Data/Project05_CommonsCollections/src/main/java/org/apache/commons/collections4/iterators/FilterIterator.java,org.apache.commons.collections4.iterators.FilterIterator,next/0,nextObjectSet,2
/Users/larrymotuzis/Larry_Motuzis_Data/Project05_CommonsCollections/src/main/java/org/apache/commons/collections4/iterators/FilterIterator.java,org.apache.commons.collections4.iterators.FilterIterator,FilterIterator/1[java.util.Iterator<? extends E>],iterator,4
/Users/larrymotuzis/Larry_Motuzis_Data/Project05_CommonsCollections/src/main/java/org/apache/commons/collections4/iterators/FilterIterator.java,org.apache.commons.collections4.iterators.FilterIterator,getPredicate/0,predicate,1
/Users/larrymotuzis/Larry_Motuzis_Data/Project05_CommonsCollections/src/main/java/org/apache/commons/collections4/iterators/FilterIterator.java,org.apache.commons.collections4.iterators.FilterIterator,setIterator/1[java.util.Iterator<? extends E>],nextObject,1
/Users/larrymotuzis/Larry_Motuzis_Data/Project05_CommonsCollections/src/main/java/org/apache/commons/collections4/iterators/FilterIterator.java,org.apache.commons.collections4.iterators.FilterIterator,setIterator/1[java.util.Iterator<? extends E>],iterator,4
/Users/larrymotuzis/Larry_Motuzis_Data/Project05_CommonsCollections/src/main/java/org/apache/commons/collections4/iterators/FilterIterator.java,org.apache.commons.collections4.iterators.FilterIterator,setIterator/1[java.util.Iterator<? extends E>],nextObjectSet,1
/Users/larrymotuzis/Larry_Motuzis_Data/Project05_CommonsCollections/src/main/java/org/apache/commons/collections4/iterators/FilterIterator.java,org.apache.commons.collections4.iterators.FilterIterator,remove/0,iterator,1
/Users/larrymotuzis/Larry_Motuzis_Data/Project05_CommonsCollections/src/main/java/org/apache/commons/collections4/iterators/FilterIterator.java,org.apache.commons.collections4.iterators.FilterIterator,remove/0,nextObjectSet,1
/Users/larrymotuzis/Larry_Motuzis_Data/Project05_CommonsCollections/src/main/java/org/apache/commons/collections4/iterators/FilterIterator.java,org.apache.commons.collections4.iterators.FilterIterator,setNextObject/0,predicate,1
/Users/larrymotuzis/Larry_Motuzis_Data/Project05_CommonsCollections/src/main/java/org/apache/commons/collections4/iterators/FilterIterator.java,org.apache.commons.collections4.iterators.FilterIterator,setNextObject/0,nextObject,1
/Users/larrymotuzis/Larry_Motuzis_Data/Project05_CommonsCollections/src/main/java/org/apache/commons/collections4/iterators/FilterIterator.java,org.apache.commons.collections4.iterators.FilterIterator,setNextObject/0,iterator,2
/Users/larrymotuzis/Larry_Motuzis_Data/Project05_CommonsCollections/src/main/java/org/apache/commons/collections4/iterators/FilterIterator.java,org.apache.commons.collections4.iterators.FilterIterator,setNextObject/0,nextObjectSet,1
/Users/larrymotuzis/Larry_Motuzis_Data/Project05_CommonsCollections/src/main/java/org/apache/commons/collections4/iterators/FilterIterator.java,org.apache.commons.collections4.iterators.FilterIterator,safePredicate/1[org.apache.commons.collections4.Predicate<? super E>],predicate,3
/Users/larrymotuzis/Larry_Motuzis_Data/Project05_CommonsCollections/src/main/java/org/apache/commons/collections4/ListUtils.java,org.apache.commons.collections4.ListUtils$LcsVisitor,getSubSequence/0,sequence,1
/Users/larrymotuzis/Larry_Motuzis_Data/Project05_CommonsCollections/src/main/java/org/apache/commons/collections4/ListUtils.java,org.apache.commons.collections4.ListUtils$LcsVisitor,visitKeepCommand/1[E],sequence,1
/Users/larrymotuzis/Larry_Motuzis_Data/Project05_CommonsCollections/src/main/java/org/apache/commons/collections4/ListUtils.java,org.apache.commons.collections4.ListUtils$LcsVisitor,LcsVisitor/0,sequence,1
/Users/larrymotuzis/Larry_Motuzis_Data/Project05_CommonsCollections/src/main/java/org/apache/commons/collections4/functors/ComparatorPredicate.java,org.apache.commons.collections4.functors.ComparatorPredicate,"ComparatorPredicate/3[T,java.util.Comparator<T>,org.apache.commons.collections4.functors.ComparatorPredicate.Criterion]",comparator,4
/Users/larrymotuzis/Larry_Motuzis_Data/Project05_CommonsCollections/src/main/java/org/apache/commons/collections4/functors/ComparatorPredicate.java,org.apache.commons.collections4.functors.ComparatorPredicate,"ComparatorPredicate/3[T,java.util.Comparator<T>,org.apache.commons.collections4.functors.ComparatorPredicate.Criterion]",criterion,4
/Users/larrymotuzis/Larry_Motuzis_Data/Project05_CommonsCollections/src/main/java/org/apache/commons/collections4/functors/ComparatorPredicate.java,org.apache.commons.collections4.functors.ComparatorPredicate,"ComparatorPredicate/3[T,java.util.Comparator<T>,org.apache.commons.collections4.functors.ComparatorPredicate.Criterion]",object,4
/Users/larrymotuzis/Larry_Motuzis_Data/Project05_CommonsCollections/src/main/java/org/apache/commons/collections4/functors/ComparatorPredicate.java,org.apache.commons.collections4.functors.ComparatorPredicate,"comparatorPredicate/3[T,java.util.Comparator<T>,org.apache.commons.collections4.functors.ComparatorPredicate.Criterion]",comparator,3
/Users/larrymotuzis/Larry_Motuzis_Data/Project05_CommonsCollections/src/main/java/org/apache/commons/collections4/functors/ComparatorPredicate.java,org.apache.commons.collections4.functors.ComparatorPredicate,"comparatorPredicate/3[T,java.util.Comparator<T>,org.apache.commons.collections4.functors.ComparatorPredicate.Criterion]",criterion,3
/Users/larrymotuzis/Larry_Motuzis_Data/Project05_CommonsCollections/src/main/java/org/apache/commons/collections4/functors/ComparatorPredicate.java,org.apache.commons.collections4.functors.ComparatorPredicate,"comparatorPredicate/3[T,java.util.Comparator<T>,org.apache.commons.collections4.functors.ComparatorPredicate.Criterion]",object,3
/Users/larrymotuzis/Larry_Motuzis_Data/Project05_CommonsCollections/src/main/java/org/apache/commons/collections4/functors/ComparatorPredicate.java,org.apache.commons.collections4.functors.ComparatorPredicate,"comparatorPredicate/2[T,java.util.Comparator<T>]",comparator,3
/Users/larrymotuzis/Larry_Motuzis_Data/Project05_CommonsCollections/src/main/java/org/apache/commons/collections4/functors/ComparatorPredicate.java,org.apache.commons.collections4.functors.ComparatorPredicate,"comparatorPredicate/2[T,java.util.Comparator<T>]",object,3
/Users/larrymotuzis/Larry_Motuzis_Data/Project05_CommonsCollections/src/main/java/org/apache/commons/collections4/functors/ComparatorPredicate.java,org.apache.commons.collections4.functors.ComparatorPredicate,test/1[T],comparator,1
/Users/larrymotuzis/Larry_Motuzis_Data/Project05_CommonsCollections/src/main/java/org/apache/commons/collections4/functors/ComparatorPredicate.java,org.apache.commons.collections4.functors.ComparatorPredicate,test/1[T],criterion,2
/Users/larrymotuzis/Larry_Motuzis_Data/Project05_CommonsCollections/src/main/java/org/apache/commons/collections4/functors/ComparatorPredicate.java,org.apache.commons.collections4.functors.ComparatorPredicate,test/1[T],object,1
/Users/larrymotuzis/Larry_Motuzis_Data/Project05_CommonsCollections/src/main/java/org/apache/commons/collections4/map/AbstractHashedMap.java,org.apache.commons.collections4.map.AbstractHashedMap$Values,clear/0,parent,1
/Users/larrymotuzis/Larry_Motuzis_Data/Project05_CommonsCollections/src/main/java/org/apache/commons/collections4/map/AbstractHashedMap.java,org.apache.commons.collections4.map.AbstractHashedMap$Values,"Values/1[org.apache.commons.collections4.map.AbstractHashedMap<?,V>]",parent,4
/Users/larrymotuzis/Larry_Motuzis_Data/Project05_CommonsCollections/src/main/java/org/apache/commons/collections4/map/AbstractHashedMap.java,org.apache.commons.collections4.map.AbstractHashedMap$Values,contains/1[java.lang.Object],parent,1
/Users/larrymotuzis/Larry_Motuzis_Data/Project05_CommonsCollections/src/main/java/org/apache/commons/collections4/map/AbstractHashedMap.java,org.apache.commons.collections4.map.AbstractHashedMap$Values,iterator/0,parent,1
/Users/larrymotuzis/Larry_Motuzis_Data/Project05_CommonsCollections/src/main/java/org/apache/commons/collections4/map/AbstractHashedMap.java,org.apache.commons.collections4.map.AbstractHashedMap$Values,size/0,parent,1
/Users/larrymotuzis/Larry_Motuzis_Data/Project05_CommonsCollections/src/main/java/org/apache/commons/collections4/bag/AbstractMapBag.java,org.apache.commons.collections4.bag.AbstractMapBag$BagIterator,BagIterator/1[org.apache.commons.collections4.bag.AbstractMapBag<E>],parent,4
/Users/larrymotuzis/Larry_Motuzis_Data/Project05_CommonsCollections/src/main/java/org/apache/commons/collections4/bag/AbstractMapBag.java,org.apache.commons.collections4.bag.AbstractMapBag$BagIterator,BagIterator/1[org.apache.commons.collections4.bag.AbstractMapBag<E>],current,1
/Users/larrymotuzis/Larry_Motuzis_Data/Project05_CommonsCollections/src/main/java/org/apache/commons/collections4/bag/AbstractMapBag.java,org.apache.commons.collections4.bag.AbstractMapBag$BagIterator,BagIterator/1[org.apache.commons.collections4.bag.AbstractMapBag<E>],mods,1
/Users/larrymotuzis/Larry_Motuzis_Data/Project05_CommonsCollections/src/main/java/org/apache/commons/collections4/bag/AbstractMapBag.java,org.apache.commons.collections4.bag.AbstractMapBag$BagIterator,BagIterator/1[org.apache.commons.collections4.bag.AbstractMapBag<E>],canRemove,1
/Users/larrymotuzis/Larry_Motuzis_Data/Project05_CommonsCollections/src/main/java/org/apache/commons/collections4/bag/AbstractMapBag.java,org.apache.commons.collections4.bag.AbstractMapBag$BagIterator,BagIterator/1[org.apache.commons.collections4.bag.AbstractMapBag<E>],entryIterator,1
/Users/larrymotuzis/Larry_Motuzis_Data/Project05_CommonsCollections/src/main/java/org/apache/commons/collections4/bag/AbstractMapBag.java,org.apache.commons.collections4.bag.AbstractMapBag$BagIterator,remove/0,mods,1
/Users/larrymotuzis/Larry_Motuzis_Data/Project05_CommonsCollections/src/main/java/org/apache/commons/collections4/bag/AbstractMapBag.java,org.apache.commons.collections4.bag.AbstractMapBag$BagIterator,remove/0,canRemove,2
/Users/larrymotuzis/Larry_Motuzis_Data/Project05_CommonsCollections/src/main/java/org/apache/commons/collections4/bag/AbstractMapBag.java,org.apache.commons.collections4.bag.AbstractMapBag$BagIterator,remove/0,current,1
/Users/larrymotuzis/Larry_Motuzis_Data/Project05_CommonsCollections/src/main/java/org/apache/commons/collections4/bag/AbstractMapBag.java,org.apache.commons.collections4.bag.AbstractMapBag$BagIterator,remove/0,entryIterator,1
/Users/larrymotuzis/Larry_Motuzis_Data/Project05_CommonsCollections/src/main/java/org/apache/commons/collections4/bag/AbstractMapBag.java,org.apache.commons.collections4.bag.AbstractMapBag$BagIterator,hasNext/0,entryIterator,1
/Users/larrymotuzis/Larry_Motuzis_Data/Project05_CommonsCollections/src/main/java/org/apache/commons/collections4/bag/AbstractMapBag.java,org.apache.commons.collections4.bag.AbstractMapBag$BagIterator,hasNext/0,itemCount,1
/Users/larrymotuzis/Larry_Motuzis_Data/Project05_CommonsCollections/src/main/java/org/apache/commons/collections4/bag/AbstractMapBag.java,org.apache.commons.collections4.bag.AbstractMapBag$BagIterator,next/0,mods,1
/Users/larrymotuzis/Larry_Motuzis_Data/Project05_CommonsCollections/src/main/java/org/apache/commons/collections4/bag/AbstractMapBag.java,org.apache.commons.collections4.bag.AbstractMapBag$BagIterator,next/0,current,3
/Users/larrymotuzis/Larry_Motuzis_Data/Project05_CommonsCollections/src/main/java/org/apache/commons/collections4/bag/AbstractMapBag.java,org.apache.commons.collections4.bag.AbstractMapBag$BagIterator,next/0,canRemove,1
/Users/larrymotuzis/Larry_Motuzis_Data/Project05_CommonsCollections/src/main/java/org/apache/commons/collections4/bag/AbstractMapBag.java,org.apache.commons.collections4.bag.AbstractMapBag$BagIterator,next/0,entryIterator,1
/Users/larrymotuzis/Larry_Motuzis_Data/Project05_CommonsCollections/src/main/java/org/apache/commons/collections4/bag/AbstractMapBag.java,org.apache.commons.collections4.bag.AbstractMapBag$BagIterator,next/0,itemCount,3
/Users/larrymotuzis/Larry_Motuzis_Data/Project05_CommonsCollections/src/main/java/org/apache/commons/collections4/set/MapBackedSet.java,org.apache.commons.collections4.set.MapBackedSet,"mapBackedSet/2[java.util.Map<E,? super V>,V]",dummyValue,3
/Users/larrymotuzis/Larry_Motuzis_Data/Project05_CommonsCollections/src/main/java/org/apache/commons/collections4/set/MapBackedSet.java,org.apache.commons.collections4.set.MapBackedSet,"mapBackedSet/2[java.util.Map<E,? super V>,V]",map,3
/Users/larrymotuzis/Larry_Motuzis_Data/Project05_CommonsCollections/src/main/java/org/apache/commons/collections4/set/MapBackedSet.java,org.apache.commons.collections4.set.MapBackedSet,containsAll/1[java.util.Collection<?>],map,1
/Users/larrymotuzis/Larry_Motuzis_Data/Project05_CommonsCollections/src/main/java/org/apache/commons/collections4/set/MapBackedSet.java,org.apache.commons.collections4.set.MapBackedSet,toArray/1[T[]],map,1
/Users/larrymotuzis/Larry_Motuzis_Data/Project05_CommonsCollections/src/main/java/org/apache/commons/collections4/set/MapBackedSet.java,org.apache.commons.collections4.set.MapBackedSet,hashCode/0,map,1
/Users/larrymotuzis/Larry_Motuzis_Data/Project05_CommonsCollections/src/main/java/org/apache/commons/collections4/set/MapBackedSet.java,org.apache.commons.collections4.set.MapBackedSet,isEmpty/0,map,1
/Users/larrymotuzis/Larry_Motuzis_Data/Project05_CommonsCollections/src/main/java/org/apache/commons/collections4/set/MapBackedSet.java,org.apache.commons.collections4.set.MapBackedSet,toArray/0,map,1
/Users/larrymotuzis/Larry_Motuzis_Data/Project05_CommonsCollections/src/main/java/org/apache/commons/collections4/set/MapBackedSet.java,org.apache.commons.collections4.set.MapBackedSet,add/1[E],dummyValue,1
/Users/larrymotuzis/Larry_Motuzis_Data/Project05_CommonsCollections/src/main/java/org/apache/commons/collections4/set/MapBackedSet.java,org.apache.commons.collections4.set.MapBackedSet,add/1[E],map,3
/Users/larrymotuzis/Larry_Motuzis_Data/Project05_CommonsCollections/src/main/java/org/apache/commons/collections4/set/MapBackedSet.java,org.apache.commons.collections4.set.MapBackedSet,equals/1[java.lang.Object],map,1
/Users/larrymotuzis/Larry_Motuzis_Data/Project05_CommonsCollections/src/main/java/org/apache/commons/collections4/set/MapBackedSet.java,org.apache.commons.collections4.set.MapBackedSet,size/0,map,1
/Users/larrymotuzis/Larry_Motuzis_Data/Project05_CommonsCollections/src/main/java/org/apache/commons/collections4/set/MapBackedSet.java,org.apache.commons.collections4.set.MapBackedSet,"mapBackedSet/1[java.util.Map<E,? super V>]",map,3
/Users/larrymotuzis/Larry_Motuzis_Data/Project05_CommonsCollections/src/main/java/org/apache/commons/collections4/set/MapBackedSet.java,org.apache.commons.collections4.set.MapBackedSet,clear/0,map,1
/Users/larrymotuzis/Larry_Motuzis_Data/Project05_CommonsCollections/src/main/java/org/apache/commons/collections4/set/MapBackedSet.java,org.apache.commons.collections4.set.MapBackedSet,iterator/0,map,1
/Users/larrymotuzis/Larry_Motuzis_Data/Project05_CommonsCollections/src/main/java/org/apache/commons/collections4/set/MapBackedSet.java,org.apache.commons.collections4.set.MapBackedSet,remove/1[java.lang.Object],map,3
/Users/larrymotuzis/Larry_Motuzis_Data/Project05_CommonsCollections/src/main/java/org/apache/commons/collections4/set/MapBackedSet.java,org.apache.commons.collections4.set.MapBackedSet,removeIf/1[java.util.function.Predicate<? super E>],map,1
/Users/larrymotuzis/Larry_Motuzis_Data/Project05_CommonsCollections/src/main/java/org/apache/commons/collections4/set/MapBackedSet.java,org.apache.commons.collections4.set.MapBackedSet,"MapBackedSet/2[java.util.Map<E,? super V>,V]",dummyValue,4
/Users/larrymotuzis/Larry_Motuzis_Data/Project05_CommonsCollections/src/main/java/org/apache/commons/collections4/set/MapBackedSet.java,org.apache.commons.collections4.set.MapBackedSet,"MapBackedSet/2[java.util.Map<E,? super V>,V]",map,4
/Users/larrymotuzis/Larry_Motuzis_Data/Project05_CommonsCollections/src/main/java/org/apache/commons/collections4/set/MapBackedSet.java,org.apache.commons.collections4.set.MapBackedSet,retainAll/1[java.util.Collection<?>],map,1
/Users/larrymotuzis/Larry_Motuzis_Data/Project05_CommonsCollections/src/main/java/org/apache/commons/collections4/set/MapBackedSet.java,org.apache.commons.collections4.set.MapBackedSet,addAll/1[java.util.Collection<? extends E>],dummyValue,1
/Users/larrymotuzis/Larry_Motuzis_Data/Project05_CommonsCollections/src/main/java/org/apache/commons/collections4/set/MapBackedSet.java,org.apache.commons.collections4.set.MapBackedSet,addAll/1[java.util.Collection<? extends E>],map,3
/Users/larrymotuzis/Larry_Motuzis_Data/Project05_CommonsCollections/src/main/java/org/apache/commons/collections4/set/MapBackedSet.java,org.apache.commons.collections4.set.MapBackedSet,contains/1[java.lang.Object],map,1
/Users/larrymotuzis/Larry_Motuzis_Data/Project05_CommonsCollections/src/main/java/org/apache/commons/collections4/set/MapBackedSet.java,org.apache.commons.collections4.set.MapBackedSet,removeAll/1[java.util.Collection<?>],map,1
/Users/larrymotuzis/Larry_Motuzis_Data/Project05_CommonsCollections/src/main/java/org/apache/commons/collections4/collection/TransformedCollection.java,org.apache.commons.collections4.collection.TransformedCollection,"transformedCollection/2[java.util.Collection<E>,org.apache.commons.collections4.Transformer<? super E,? extends E>]",transformer,4
/Users/larrymotuzis/Larry_Motuzis_Data/Project05_CommonsCollections/src/main/java/org/apache/commons/collections4/collection/TransformedCollection.java,org.apache.commons.collections4.collection.TransformedCollection,transform/1[E],transformer,1
/Users/larrymotuzis/Larry_Motuzis_Data/Project05_CommonsCollections/src/main/java/org/apache/commons/collections4/collection/TransformedCollection.java,org.apache.commons.collections4.collection.TransformedCollection,"transformingCollection/2[java.util.Collection<E>,org.apache.commons.collections4.Transformer<? super E,? extends E>]",transformer,3
/Users/larrymotuzis/Larry_Motuzis_Data/Project05_CommonsCollections/src/main/java/org/apache/commons/collections4/collection/TransformedCollection.java,org.apache.commons.collections4.collection.TransformedCollection,"TransformedCollection/2[java.util.Collection<E>,org.apache.commons.collections4.Transformer<? super E,? extends E>]",transformer,4
/Users/larrymotuzis/Larry_Motuzis_Data/Project05_CommonsCollections/src/main/java/org/apache/commons/collections4/trie/AbstractPatriciaTrie.java,org.apache.commons.collections4.trie.AbstractPatriciaTrie,readObject/1[java.io.ObjectInputStream],root,1
/Users/larrymotuzis/Larry_Motuzis_Data/Project05_CommonsCollections/src/main/java/org/apache/commons/collections4/trie/AbstractPatriciaTrie.java,org.apache.commons.collections4.trie.AbstractPatriciaTrie,floorEntry/1[K],modCount,1
/Users/larrymotuzis/Larry_Motuzis_Data/Project05_CommonsCollections/src/main/java/org/apache/commons/collections4/trie/AbstractPatriciaTrie.java,org.apache.commons.collections4.trie.AbstractPatriciaTrie,floorEntry/1[K],root,4
/Users/larrymotuzis/Larry_Motuzis_Data/Project05_CommonsCollections/src/main/java/org/apache/commons/collections4/trie/AbstractPatriciaTrie.java,org.apache.commons.collections4.trie.AbstractPatriciaTrie,clear/0,size,1
/Users/larrymotuzis/Larry_Motuzis_Data/Project05_CommonsCollections/src/main/java/org/apache/commons/collections4/trie/AbstractPatriciaTrie.java,org.apache.commons.collections4.trie.AbstractPatriciaTrie,clear/0,root,2
/Users/larrymotuzis/Larry_Motuzis_Data/Project05_CommonsCollections/src/main/java/org/apache/commons/collections4/trie/AbstractPatriciaTrie.java,org.apache.commons.collections4.trie.AbstractPatriciaTrie,decrementSize/0,size,1
/Users/larrymotuzis/Larry_Motuzis_Data/Project05_CommonsCollections/src/main/java/org/apache/commons/collections4/trie/AbstractPatriciaTrie.java,org.apache.commons.collections4.trie.AbstractPatriciaTrie,"removeEntry/1[org.apache.commons.collections4.trie.AbstractPatriciaTrie.TrieEntry<K,V>]",root,1
/Users/larrymotuzis/Larry_Motuzis_Data/Project05_CommonsCollections/src/main/java/org/apache/commons/collections4/trie/AbstractPatriciaTrie.java,org.apache.commons.collections4.trie.AbstractPatriciaTrie,incrementModCount/0,modCount,1
/Users/larrymotuzis/Larry_Motuzis_Data/Project05_CommonsCollections/src/main/java/org/apache/commons/collections4/trie/AbstractPatriciaTrie.java,org.apache.commons.collections4.trie.AbstractPatriciaTrie,"getPrefixMapByBits/3[K,int,int]",size,1
/Users/larrymotuzis/Larry_Motuzis_Data/Project05_CommonsCollections/src/main/java/org/apache/commons/collections4/trie/AbstractPatriciaTrie.java,org.apache.commons.collections4.trie.AbstractPatriciaTrie,ceilingEntry/1[K],modCount,1
/Users/larrymotuzis/Larry_Motuzis_Data/Project05_CommonsCollections/src/main/java/org/apache/commons/collections4/trie/AbstractPatriciaTrie.java,org.apache.commons.collections4.trie.AbstractPatriciaTrie,ceilingEntry/1[K],root,4
/Users/larrymotuzis/Larry_Motuzis_Data/Project05_CommonsCollections/src/main/java/org/apache/commons/collections4/trie/AbstractPatriciaTrie.java,org.apache.commons.collections4.trie.AbstractPatriciaTrie,firstEntry/0,root,1
/Users/larrymotuzis/Larry_Motuzis_Data/Project05_CommonsCollections/src/main/java/org/apache/commons/collections4/trie/AbstractPatriciaTrie.java,org.apache.commons.collections4.trie.AbstractPatriciaTrie,"removeInternalEntry/1[org.apache.commons.collections4.trie.AbstractPatriciaTrie.TrieEntry<K,V>]",root,1
/Users/larrymotuzis/Larry_Motuzis_Data/Project05_CommonsCollections/src/main/java/org/apache/commons/collections4/trie/AbstractPatriciaTrie.java,org.apache.commons.collections4.trie.AbstractPatriciaTrie,remove/1[java.lang.Object],root,1
/Users/larrymotuzis/Larry_Motuzis_Data/Project05_CommonsCollections/src/main/java/org/apache/commons/collections4/trie/AbstractPatriciaTrie.java,org.apache.commons.collections4.trie.AbstractPatriciaTrie,"removeExternalEntry/1[org.apache.commons.collections4.trie.AbstractPatriciaTrie.TrieEntry<K,V>]",root,1
/Users/larrymotuzis/Larry_Motuzis_Data/Project05_CommonsCollections/src/main/java/org/apache/commons/collections4/trie/AbstractPatriciaTrie.java,org.apache.commons.collections4.trie.AbstractPatriciaTrie,"previousEntry/1[org.apache.commons.collections4.trie.AbstractPatriciaTrie.TrieEntry<K,V>]",root,3
/Users/larrymotuzis/Larry_Motuzis_Data/Project05_CommonsCollections/src/main/java/org/apache/commons/collections4/trie/AbstractPatriciaTrie.java,org.apache.commons.collections4.trie.AbstractPatriciaTrie,values/0,values,4
/Users/larrymotuzis/Larry_Motuzis_Data/Project05_CommonsCollections/src/main/java/org/apache/commons/collections4/trie/AbstractPatriciaTrie.java,org.apache.commons.collections4.trie.AbstractPatriciaTrie,entrySet/0,entrySet,4
/Users/larrymotuzis/Larry_Motuzis_Data/Project05_CommonsCollections/src/main/java/org/apache/commons/collections4/trie/AbstractPatriciaTrie.java,org.apache.commons.collections4.trie.AbstractPatriciaTrie,writeObject/1[java.io.ObjectOutputStream],size,1
/Users/larrymotuzis/Larry_Motuzis_Data/Project05_CommonsCollections/src/main/java/org/apache/commons/collections4/trie/AbstractPatriciaTrie.java,org.apache.commons.collections4.trie.AbstractPatriciaTrie,writeObject/1[java.io.ObjectOutputStream],entrySet,1
/Users/larrymotuzis/Larry_Motuzis_Data/Project05_CommonsCollections/src/main/java/org/apache/commons/collections4/trie/AbstractPatriciaTrie.java,org.apache.commons.collections4.trie.AbstractPatriciaTrie,lowerEntry/1[K],modCount,1
/Users/larrymotuzis/Larry_Motuzis_Data/Project05_CommonsCollections/src/main/java/org/apache/commons/collections4/trie/AbstractPatriciaTrie.java,org.apache.commons.collections4.trie.AbstractPatriciaTrie,higherEntry/1[K],modCount,1
/Users/larrymotuzis/Larry_Motuzis_Data/Project05_CommonsCollections/src/main/java/org/apache/commons/collections4/trie/AbstractPatriciaTrie.java,org.apache.commons.collections4.trie.AbstractPatriciaTrie,higherEntry/1[K],size,2
/Users/larrymotuzis/Larry_Motuzis_Data/Project05_CommonsCollections/src/main/java/org/apache/commons/collections4/trie/AbstractPatriciaTrie.java,org.apache.commons.collections4.trie.AbstractPatriciaTrie,higherEntry/1[K],root,3
/Users/larrymotuzis/Larry_Motuzis_Data/Project05_CommonsCollections/src/main/java/org/apache/commons/collections4/trie/AbstractPatriciaTrie.java,org.apache.commons.collections4.trie.AbstractPatriciaTrie,incrementSize/0,size,1
/Users/larrymotuzis/Larry_Motuzis_Data/Project05_CommonsCollections/src/main/java/org/apache/commons/collections4/trie/AbstractPatriciaTrie.java,org.apache.commons.collections4.trie.AbstractPatriciaTrie,"put/2[K,V]",root,5
/Users/larrymotuzis/Larry_Motuzis_Data/Project05_CommonsCollections/src/main/java/org/apache/commons/collections4/trie/AbstractPatriciaTrie.java,org.apache.commons.collections4.trie.AbstractPatriciaTrie,size/0,size,2
/Users/larrymotuzis/Larry_Motuzis_Data/Project05_CommonsCollections/src/main/java/org/apache/commons/collections4/trie/AbstractPatriciaTrie.java,org.apache.commons.collections4.trie.AbstractPatriciaTrie,"addEntry/2[org.apache.commons.collections4.trie.AbstractPatriciaTrie.TrieEntry<K,V>,int]",root,2
/Users/larrymotuzis/Larry_Motuzis_Data/Project05_CommonsCollections/src/main/java/org/apache/commons/collections4/trie/AbstractPatriciaTrie.java,org.apache.commons.collections4.trie.AbstractPatriciaTrie,keySet/0,keySet,4
/Users/larrymotuzis/Larry_Motuzis_Data/Project05_CommonsCollections/src/main/java/org/apache/commons/collections4/trie/AbstractPatriciaTrie.java,org.apache.commons.collections4.trie.AbstractPatriciaTrie,"subtree/3[K,int,int]",root,2
/Users/larrymotuzis/Larry_Motuzis_Data/Project05_CommonsCollections/src/main/java/org/apache/commons/collections4/trie/AbstractPatriciaTrie.java,org.apache.commons.collections4.trie.AbstractPatriciaTrie,"getNearestEntryForKey/2[K,int]",root,1
/Users/larrymotuzis/Larry_Motuzis_Data/Project05_CommonsCollections/src/main/java/org/apache/commons/collections4/map/Flat3Map.java,org.apache.commons.collections4.map.Flat3Map$Values,"Values/1[org.apache.commons.collections4.map.Flat3Map<?,V>]",parent,3
/Users/larrymotuzis/Larry_Motuzis_Data/Project05_CommonsCollections/src/main/java/org/apache/commons/collections4/map/Flat3Map.java,org.apache.commons.collections4.map.Flat3Map$Values,contains/1[java.lang.Object],parent,1
/Users/larrymotuzis/Larry_Motuzis_Data/Project05_CommonsCollections/src/main/java/org/apache/commons/collections4/map/Flat3Map.java,org.apache.commons.collections4.map.Flat3Map$Values,size/0,parent,1
/Users/larrymotuzis/Larry_Motuzis_Data/Project05_CommonsCollections/src/main/java/org/apache/commons/collections4/map/Flat3Map.java,org.apache.commons.collections4.map.Flat3Map$Values,iterator/0,parent,2
/Users/larrymotuzis/Larry_Motuzis_Data/Project05_CommonsCollections/src/main/java/org/apache/commons/collections4/map/Flat3Map.java,org.apache.commons.collections4.map.Flat3Map$Values,clear/0,parent,1
/Users/larrymotuzis/Larry_Motuzis_Data/Project05_CommonsCollections/src/main/java/org/apache/commons/collections4/bidimap/DualTreeBidiMap.java,org.apache.commons.collections4.bidimap.DualTreeBidiMap,"DualTreeBidiMap/1[java.util.Map<? extends K,? extends V>]",valueComparator,1
/Users/larrymotuzis/Larry_Motuzis_Data/Project05_CommonsCollections/src/main/java/org/apache/commons/collections4/bidimap/DualTreeBidiMap.java,org.apache.commons.collections4.bidimap.DualTreeBidiMap,"DualTreeBidiMap/1[java.util.Map<? extends K,? extends V>]",comparator,1
/Users/larrymotuzis/Larry_Motuzis_Data/Project05_CommonsCollections/src/main/java/org/apache/commons/collections4/bidimap/DualTreeBidiMap.java,org.apache.commons.collections4.bidimap.DualTreeBidiMap,DualTreeBidiMap/0,valueComparator,1
/Users/larrymotuzis/Larry_Motuzis_Data/Project05_CommonsCollections/src/main/java/org/apache/commons/collections4/bidimap/DualTreeBidiMap.java,org.apache.commons.collections4.bidimap.DualTreeBidiMap,DualTreeBidiMap/0,comparator,1
/Users/larrymotuzis/Larry_Motuzis_Data/Project05_CommonsCollections/src/main/java/org/apache/commons/collections4/bidimap/DualTreeBidiMap.java,org.apache.commons.collections4.bidimap.DualTreeBidiMap,readObject/1[java.io.ObjectInputStream],valueComparator,1
/Users/larrymotuzis/Larry_Motuzis_Data/Project05_CommonsCollections/src/main/java/org/apache/commons/collections4/bidimap/DualTreeBidiMap.java,org.apache.commons.collections4.bidimap.DualTreeBidiMap,readObject/1[java.io.ObjectInputStream],comparator,1
/Users/larrymotuzis/Larry_Motuzis_Data/Project05_CommonsCollections/src/main/java/org/apache/commons/collections4/bidimap/DualTreeBidiMap.java,org.apache.commons.collections4.bidimap.DualTreeBidiMap,"DualTreeBidiMap/2[java.util.Comparator<? super K>,java.util.Comparator<? super V>]",valueComparator,5
/Users/larrymotuzis/Larry_Motuzis_Data/Project05_CommonsCollections/src/main/java/org/apache/commons/collections4/bidimap/DualTreeBidiMap.java,org.apache.commons.collections4.bidimap.DualTreeBidiMap,"DualTreeBidiMap/2[java.util.Comparator<? super K>,java.util.Comparator<? super V>]",comparator,1
/Users/larrymotuzis/Larry_Motuzis_Data/Project05_CommonsCollections/src/main/java/org/apache/commons/collections4/bidimap/DualTreeBidiMap.java,org.apache.commons.collections4.bidimap.DualTreeBidiMap,comparator/0,comparator,2
/Users/larrymotuzis/Larry_Motuzis_Data/Project05_CommonsCollections/src/main/java/org/apache/commons/collections4/bidimap/DualTreeBidiMap.java,org.apache.commons.collections4.bidimap.DualTreeBidiMap,valueComparator/0,valueComparator,1
/Users/larrymotuzis/Larry_Motuzis_Data/Project05_CommonsCollections/src/main/java/org/apache/commons/collections4/bidimap/DualTreeBidiMap.java,org.apache.commons.collections4.bidimap.DualTreeBidiMap,valueComparator/0,comparator,1
/Users/larrymotuzis/Larry_Motuzis_Data/Project05_CommonsCollections/src/main/java/org/apache/commons/collections4/bidimap/DualTreeBidiMap.java,org.apache.commons.collections4.bidimap.DualTreeBidiMap,"DualTreeBidiMap/3[java.util.Map<K,V>,java.util.Map<V,K>,org.apache.commons.collections4.BidiMap<V,K>]",valueComparator,1
/Users/larrymotuzis/Larry_Motuzis_Data/Project05_CommonsCollections/src/main/java/org/apache/commons/collections4/bidimap/DualTreeBidiMap.java,org.apache.commons.collections4.bidimap.DualTreeBidiMap,"DualTreeBidiMap/3[java.util.Map<K,V>,java.util.Map<V,K>,org.apache.commons.collections4.BidiMap<V,K>]",comparator,3
/Users/larrymotuzis/Larry_Motuzis_Data/Project05_CommonsCollections/src/main/java/org/apache/commons/collections4/map/ConcurrentReferenceHashMap.java,org.apache.commons.collections4.map.ConcurrentReferenceHashMap$SoftKeyReference,keyHash/0,hash,1
/Users/larrymotuzis/Larry_Motuzis_Data/Project05_CommonsCollections/src/main/java/org/apache/commons/collections4/map/ConcurrentReferenceHashMap.java,org.apache.commons.collections4.map.ConcurrentReferenceHashMap$SoftKeyReference,"SoftKeyReference/3[K,int,java.lang.ref.ReferenceQueue<java.lang.Object>]",hash,3
/Users/larrymotuzis/Larry_Motuzis_Data/Project05_CommonsCollections/src/main/java/org/apache/commons/collections4/map/AbstractReferenceMap.java,org.apache.commons.collections4.map.AbstractReferenceMap$ReferenceEntry,"ReferenceEntry/5[org.apache.commons.collections4.map.AbstractReferenceMap<K,V>,org.apache.commons.collections4.map.AbstractHashedMap.HashEntry<K,V>,int,K,V]",parent,4
/Users/larrymotuzis/Larry_Motuzis_Data/Project05_CommonsCollections/src/main/java/org/apache/commons/collections4/map/AbstractReferenceMap.java,org.apache.commons.collections4.map.AbstractReferenceMap$ReferenceEntry,equals/1[java.lang.Object],parent,2
/Users/larrymotuzis/Larry_Motuzis_Data/Project05_CommonsCollections/src/main/java/org/apache/commons/collections4/map/AbstractReferenceMap.java,org.apache.commons.collections4.map.AbstractReferenceMap$ReferenceEntry,hashCode/0,parent,1
/Users/larrymotuzis/Larry_Motuzis_Data/Project05_CommonsCollections/src/main/java/org/apache/commons/collections4/bidimap/UnmodifiableSortedBidiMap.java,org.apache.commons.collections4.bidimap.UnmodifiableSortedBidiMap,inverseBidiMap/0,inverse,3
/Users/larrymotuzis/Larry_Motuzis_Data/Project05_CommonsCollections/src/main/java/org/apache/commons/collections4/map/Flat3Map.java,org.apache.commons.collections4.map.Flat3Map$FlatMapIterator,getKey/0,canRemove,1
/Users/larrymotuzis/Larry_Motuzis_Data/Project05_CommonsCollections/src/main/java/org/apache/commons/collections4/map/Flat3Map.java,org.apache.commons.collections4.map.Flat3Map$FlatMapIterator,getKey/0,nextIndex,2
/Users/larrymotuzis/Larry_Motuzis_Data/Project05_CommonsCollections/src/main/java/org/apache/commons/collections4/map/Flat3Map.java,org.apache.commons.collections4.map.Flat3Map$FlatMapIterator,reset/0,canRemove,1
/Users/larrymotuzis/Larry_Motuzis_Data/Project05_CommonsCollections/src/main/java/org/apache/commons/collections4/map/Flat3Map.java,org.apache.commons.collections4.map.Flat3Map$FlatMapIterator,reset/0,nextIndex,1
/Users/larrymotuzis/Larry_Motuzis_Data/Project05_CommonsCollections/src/main/java/org/apache/commons/collections4/map/Flat3Map.java,org.apache.commons.collections4.map.Flat3Map$FlatMapIterator,setValue/1[V],canRemove,1
/Users/larrymotuzis/Larry_Motuzis_Data/Project05_CommonsCollections/src/main/java/org/apache/commons/collections4/map/Flat3Map.java,org.apache.commons.collections4.map.Flat3Map$FlatMapIterator,setValue/1[V],nextIndex,2
/Users/larrymotuzis/Larry_Motuzis_Data/Project05_CommonsCollections/src/main/java/org/apache/commons/collections4/map/Flat3Map.java,org.apache.commons.collections4.map.Flat3Map$FlatMapIterator,toString/0,canRemove,1
/Users/larrymotuzis/Larry_Motuzis_Data/Project05_CommonsCollections/src/main/java/org/apache/commons/collections4/map/Flat3Map.java,org.apache.commons.collections4.map.Flat3Map$FlatMapIterator,next/0,canRemove,1
/Users/larrymotuzis/Larry_Motuzis_Data/Project05_CommonsCollections/src/main/java/org/apache/commons/collections4/map/Flat3Map.java,org.apache.commons.collections4.map.Flat3Map$FlatMapIterator,next/0,nextIndex,1
/Users/larrymotuzis/Larry_Motuzis_Data/Project05_CommonsCollections/src/main/java/org/apache/commons/collections4/map/Flat3Map.java,org.apache.commons.collections4.map.Flat3Map$FlatMapIterator,remove/0,parent,1
/Users/larrymotuzis/Larry_Motuzis_Data/Project05_CommonsCollections/src/main/java/org/apache/commons/collections4/map/Flat3Map.java,org.apache.commons.collections4.map.Flat3Map$FlatMapIterator,remove/0,canRemove,2
/Users/larrymotuzis/Larry_Motuzis_Data/Project05_CommonsCollections/src/main/java/org/apache/commons/collections4/map/Flat3Map.java,org.apache.commons.collections4.map.Flat3Map$FlatMapIterator,remove/0,nextIndex,1
/Users/larrymotuzis/Larry_Motuzis_Data/Project05_CommonsCollections/src/main/java/org/apache/commons/collections4/map/Flat3Map.java,org.apache.commons.collections4.map.Flat3Map$FlatMapIterator,hasNext/0,nextIndex,1
/Users/larrymotuzis/Larry_Motuzis_Data/Project05_CommonsCollections/src/main/java/org/apache/commons/collections4/map/Flat3Map.java,org.apache.commons.collections4.map.Flat3Map$FlatMapIterator,"FlatMapIterator/1[org.apache.commons.collections4.map.Flat3Map<K,V>]",parent,3
/Users/larrymotuzis/Larry_Motuzis_Data/Project05_CommonsCollections/src/main/java/org/apache/commons/collections4/map/Flat3Map.java,org.apache.commons.collections4.map.Flat3Map$FlatMapIterator,getValue/0,canRemove,1
/Users/larrymotuzis/Larry_Motuzis_Data/Project05_CommonsCollections/src/main/java/org/apache/commons/collections4/map/Flat3Map.java,org.apache.commons.collections4.map.Flat3Map$FlatMapIterator,getValue/0,nextIndex,2
/Users/larrymotuzis/Larry_Motuzis_Data/Project05_CommonsCollections/src/main/java/org/apache/commons/collections4/map/DefaultedMap.java,org.apache.commons.collections4.map.DefaultedMap,"DefaultedMap/2[java.util.Map<K,V>,org.apache.commons.collections4.Transformer<? super K,? extends V>]",value,1
/Users/larrymotuzis/Larry_Motuzis_Data/Project05_CommonsCollections/src/main/java/org/apache/commons/collections4/map/DefaultedMap.java,org.apache.commons.collections4.map.DefaultedMap,get/1[java.lang.Object],value,1
/Users/larrymotuzis/Larry_Motuzis_Data/Project05_CommonsCollections/src/main/java/org/apache/commons/collections4/ListUtils.java,org.apache.commons.collections4.ListUtils$CharSequenceAsList,size/0,sequence,1
/Users/larrymotuzis/Larry_Motuzis_Data/Project05_CommonsCollections/src/main/java/org/apache/commons/collections4/ListUtils.java,org.apache.commons.collections4.ListUtils$CharSequenceAsList,CharSequenceAsList/1[java.lang.CharSequence],sequence,3
/Users/larrymotuzis/Larry_Motuzis_Data/Project05_CommonsCollections/src/main/java/org/apache/commons/collections4/ListUtils.java,org.apache.commons.collections4.ListUtils$CharSequenceAsList,get/1[int],sequence,1
/Users/larrymotuzis/Larry_Motuzis_Data/Project05_CommonsCollections/src/main/java/org/apache/commons/collections4/iterators/LoopingIterator.java,org.apache.commons.collections4.iterators.LoopingIterator,next/0,iterator,2
/Users/larrymotuzis/Larry_Motuzis_Data/Project05_CommonsCollections/src/main/java/org/apache/commons/collections4/iterators/LoopingIterator.java,org.apache.commons.collections4.iterators.LoopingIterator,next/0,collection,1
/Users/larrymotuzis/Larry_Motuzis_Data/Project05_CommonsCollections/src/main/java/org/apache/commons/collections4/iterators/LoopingIterator.java,org.apache.commons.collections4.iterators.LoopingIterator,remove/0,iterator,2
/Users/larrymotuzis/Larry_Motuzis_Data/Project05_CommonsCollections/src/main/java/org/apache/commons/collections4/iterators/LoopingIterator.java,org.apache.commons.collections4.iterators.LoopingIterator,LoopingIterator/1[java.util.Collection<? extends E>],collection,4
/Users/larrymotuzis/Larry_Motuzis_Data/Project05_CommonsCollections/src/main/java/org/apache/commons/collections4/iterators/LoopingIterator.java,org.apache.commons.collections4.iterators.LoopingIterator,hasNext/0,collection,1
/Users/larrymotuzis/Larry_Motuzis_Data/Project05_CommonsCollections/src/main/java/org/apache/commons/collections4/iterators/LoopingIterator.java,org.apache.commons.collections4.iterators.LoopingIterator,reset/0,iterator,2
/Users/larrymotuzis/Larry_Motuzis_Data/Project05_CommonsCollections/src/main/java/org/apache/commons/collections4/iterators/LoopingIterator.java,org.apache.commons.collections4.iterators.LoopingIterator,reset/0,collection,1
/Users/larrymotuzis/Larry_Motuzis_Data/Project05_CommonsCollections/src/main/java/org/apache/commons/collections4/iterators/LoopingIterator.java,org.apache.commons.collections4.iterators.LoopingIterator,size/0,collection,1
/Users/larrymotuzis/Larry_Motuzis_Data/Project05_CommonsCollections/src/main/java/org/apache/commons/collections4/bloomfilter/BloomFilter.java,org.apache.commons.collections4.bloomfilter.BloomFilter,contains/1[org.apache.commons.collections4.bloomfilter.BloomFilter<?>],SPARSE,1
/Users/larrymotuzis/Larry_Motuzis_Data/Project05_CommonsCollections/src/main/java/org/apache/commons/collections4/bloomfilter/BloomFilter.java,org.apache.commons.collections4.bloomfilter.BloomFilter,merge/1[org.apache.commons.collections4.bloomfilter.BloomFilter<?>],SPARSE,1
/Users/larrymotuzis/Larry_Motuzis_Data/Project05_CommonsCollections/src/main/java/org/apache/commons/collections4/iterators/IteratorEnumeration.java,org.apache.commons.collections4.iterators.IteratorEnumeration,IteratorEnumeration/1[java.util.Iterator<? extends E>],iterator,4
/Users/larrymotuzis/Larry_Motuzis_Data/Project05_CommonsCollections/src/main/java/org/apache/commons/collections4/iterators/IteratorEnumeration.java,org.apache.commons.collections4.iterators.IteratorEnumeration,getIterator/0,iterator,1
/Users/larrymotuzis/Larry_Motuzis_Data/Project05_CommonsCollections/src/main/java/org/apache/commons/collections4/iterators/IteratorEnumeration.java,org.apache.commons.collections4.iterators.IteratorEnumeration,nextElement/0,iterator,1
/Users/larrymotuzis/Larry_Motuzis_Data/Project05_CommonsCollections/src/main/java/org/apache/commons/collections4/iterators/IteratorEnumeration.java,org.apache.commons.collections4.iterators.IteratorEnumeration,setIterator/1[java.util.Iterator<? extends E>],iterator,4
/Users/larrymotuzis/Larry_Motuzis_Data/Project05_CommonsCollections/src/main/java/org/apache/commons/collections4/iterators/IteratorEnumeration.java,org.apache.commons.collections4.iterators.IteratorEnumeration,hasMoreElements/0,iterator,1
/Users/larrymotuzis/Larry_Motuzis_Data/Project05_CommonsCollections/src/main/java/org/apache/commons/collections4/iterators/EntrySetMapIterator.java,org.apache.commons.collections4.iterators.EntrySetMapIterator,setValue/1[V],last,2
/Users/larrymotuzis/Larry_Motuzis_Data/Project05_CommonsCollections/src/main/java/org/apache/commons/collections4/iterators/EntrySetMapIterator.java,org.apache.commons.collections4.iterators.EntrySetMapIterator,next/0,iterator,1
/Users/larrymotuzis/Larry_Motuzis_Data/Project05_CommonsCollections/src/main/java/org/apache/commons/collections4/iterators/EntrySetMapIterator.java,org.apache.commons.collections4.iterators.EntrySetMapIterator,next/0,canRemove,1
/Users/larrymotuzis/Larry_Motuzis_Data/Project05_CommonsCollections/src/main/java/org/apache/commons/collections4/iterators/EntrySetMapIterator.java,org.apache.commons.collections4.iterators.EntrySetMapIterator,next/0,last,2
/Users/larrymotuzis/Larry_Motuzis_Data/Project05_CommonsCollections/src/main/java/org/apache/commons/collections4/iterators/EntrySetMapIterator.java,org.apache.commons.collections4.iterators.EntrySetMapIterator,reset/0,iterator,2
/Users/larrymotuzis/Larry_Motuzis_Data/Project05_CommonsCollections/src/main/java/org/apache/commons/collections4/iterators/EntrySetMapIterator.java,org.apache.commons.collections4.iterators.EntrySetMapIterator,reset/0,canRemove,1
/Users/larrymotuzis/Larry_Motuzis_Data/Project05_CommonsCollections/src/main/java/org/apache/commons/collections4/iterators/EntrySetMapIterator.java,org.apache.commons.collections4.iterators.EntrySetMapIterator,reset/0,last,1
/Users/larrymotuzis/Larry_Motuzis_Data/Project05_CommonsCollections/src/main/java/org/apache/commons/collections4/iterators/EntrySetMapIterator.java,org.apache.commons.collections4.iterators.EntrySetMapIterator,reset/0,map,1
/Users/larrymotuzis/Larry_Motuzis_Data/Project05_CommonsCollections/src/main/java/org/apache/commons/collections4/iterators/EntrySetMapIterator.java,org.apache.commons.collections4.iterators.EntrySetMapIterator,remove/0,canRemove,2
/Users/larrymotuzis/Larry_Motuzis_Data/Project05_CommonsCollections/src/main/java/org/apache/commons/collections4/iterators/EntrySetMapIterator.java,org.apache.commons.collections4.iterators.EntrySetMapIterator,remove/0,iterator,1
/Users/larrymotuzis/Larry_Motuzis_Data/Project05_CommonsCollections/src/main/java/org/apache/commons/collections4/iterators/EntrySetMapIterator.java,org.apache.commons.collections4.iterators.EntrySetMapIterator,remove/0,last,1
/Users/larrymotuzis/Larry_Motuzis_Data/Project05_CommonsCollections/src/main/java/org/apache/commons/collections4/iterators/EntrySetMapIterator.java,org.apache.commons.collections4.iterators.EntrySetMapIterator,getValue/0,last,2
/Users/larrymotuzis/Larry_Motuzis_Data/Project05_CommonsCollections/src/main/java/org/apache/commons/collections4/iterators/EntrySetMapIterator.java,org.apache.commons.collections4.iterators.EntrySetMapIterator,hasNext/0,iterator,1
/Users/larrymotuzis/Larry_Motuzis_Data/Project05_CommonsCollections/src/main/java/org/apache/commons/collections4/iterators/EntrySetMapIterator.java,org.apache.commons.collections4.iterators.EntrySetMapIterator,toString/0,last,1
/Users/larrymotuzis/Larry_Motuzis_Data/Project05_CommonsCollections/src/main/java/org/apache/commons/collections4/iterators/EntrySetMapIterator.java,org.apache.commons.collections4.iterators.EntrySetMapIterator,getKey/0,last,2
/Users/larrymotuzis/Larry_Motuzis_Data/Project05_CommonsCollections/src/main/java/org/apache/commons/collections4/iterators/EntrySetMapIterator.java,org.apache.commons.collections4.iterators.EntrySetMapIterator,"EntrySetMapIterator/1[java.util.Map<K,V>]",iterator,2
/Users/larrymotuzis/Larry_Motuzis_Data/Project05_CommonsCollections/src/main/java/org/apache/commons/collections4/iterators/EntrySetMapIterator.java,org.apache.commons.collections4.iterators.EntrySetMapIterator,"EntrySetMapIterator/1[java.util.Map<K,V>]",map,5
/Users/larrymotuzis/Larry_Motuzis_Data/Project05_CommonsCollections/src/main/java/org/apache/commons/collections4/list/AbstractLinkedList.java,org.apache.commons.collections4.list.AbstractLinkedList$Node,Node/0,next,1
/Users/larrymotuzis/Larry_Motuzis_Data/Project05_CommonsCollections/src/main/java/org/apache/commons/collections4/list/AbstractLinkedList.java,org.apache.commons.collections4.list.AbstractLinkedList$Node,Node/0,previous,1
/Users/larrymotuzis/Larry_Motuzis_Data/Project05_CommonsCollections/src/main/java/org/apache/commons/collections4/list/AbstractLinkedList.java,org.apache.commons.collections4.list.AbstractLinkedList$Node,Node/1[E],value,4
/Users/larrymotuzis/Larry_Motuzis_Data/Project05_CommonsCollections/src/main/java/org/apache/commons/collections4/list/AbstractLinkedList.java,org.apache.commons.collections4.list.AbstractLinkedList$Node,getNextNode/0,next,1
/Users/larrymotuzis/Larry_Motuzis_Data/Project05_CommonsCollections/src/main/java/org/apache/commons/collections4/list/AbstractLinkedList.java,org.apache.commons.collections4.list.AbstractLinkedList$Node,getPreviousNode/0,previous,1
/Users/larrymotuzis/Larry_Motuzis_Data/Project05_CommonsCollections/src/main/java/org/apache/commons/collections4/list/AbstractLinkedList.java,org.apache.commons.collections4.list.AbstractLinkedList$Node,getValue/0,value,1
/Users/larrymotuzis/Larry_Motuzis_Data/Project05_CommonsCollections/src/main/java/org/apache/commons/collections4/list/AbstractLinkedList.java,org.apache.commons.collections4.list.AbstractLinkedList$Node,"Node/3[org.apache.commons.collections4.list.AbstractLinkedList.Node<E>,org.apache.commons.collections4.list.AbstractLinkedList.Node<E>,E]",next,4
/Users/larrymotuzis/Larry_Motuzis_Data/Project05_CommonsCollections/src/main/java/org/apache/commons/collections4/list/AbstractLinkedList.java,org.apache.commons.collections4.list.AbstractLinkedList$Node,"Node/3[org.apache.commons.collections4.list.AbstractLinkedList.Node<E>,org.apache.commons.collections4.list.AbstractLinkedList.Node<E>,E]",previous,4
/Users/larrymotuzis/Larry_Motuzis_Data/Project05_CommonsCollections/src/main/java/org/apache/commons/collections4/list/AbstractLinkedList.java,org.apache.commons.collections4.list.AbstractLinkedList$Node,"Node/3[org.apache.commons.collections4.list.AbstractLinkedList.Node<E>,org.apache.commons.collections4.list.AbstractLinkedList.Node<E>,E]",value,4
/Users/larrymotuzis/Larry_Motuzis_Data/Project05_CommonsCollections/src/main/java/org/apache/commons/collections4/list/AbstractLinkedList.java,org.apache.commons.collections4.list.AbstractLinkedList$Node,setNextNode/1[org.apache.commons.collections4.list.AbstractLinkedList.Node<E>],next,4
/Users/larrymotuzis/Larry_Motuzis_Data/Project05_CommonsCollections/src/main/java/org/apache/commons/collections4/list/AbstractLinkedList.java,org.apache.commons.collections4.list.AbstractLinkedList$Node,setValue/1[E],value,4
/Users/larrymotuzis/Larry_Motuzis_Data/Project05_CommonsCollections/src/main/java/org/apache/commons/collections4/list/AbstractLinkedList.java,org.apache.commons.collections4.list.AbstractLinkedList$Node,setPreviousNode/1[org.apache.commons.collections4.list.AbstractLinkedList.Node<E>],previous,4
/Users/larrymotuzis/Larry_Motuzis_Data/Project05_CommonsCollections/src/main/java/org/apache/commons/collections4/bloomfilter/WrappedBloomFilter.java,org.apache.commons.collections4.bloomfilter.WrappedBloomFilter,contains/1[org.apache.commons.collections4.bloomfilter.Hasher],wrapped,1
/Users/larrymotuzis/Larry_Motuzis_Data/Project05_CommonsCollections/src/main/java/org/apache/commons/collections4/bloomfilter/WrappedBloomFilter.java,org.apache.commons.collections4.bloomfilter.WrappedBloomFilter,"processBitMapPairs/2[org.apache.commons.collections4.bloomfilter.BitMapExtractor,org.apache.commons.collections4.bloomfilter.LongBiPredicate]",wrapped,1
/Users/larrymotuzis/Larry_Motuzis_Data/Project05_CommonsCollections/src/main/java/org/apache/commons/collections4/bloomfilter/WrappedBloomFilter.java,org.apache.commons.collections4.bloomfilter.WrappedBloomFilter,contains/1[org.apache.commons.collections4.bloomfilter.IndexExtractor],wrapped,1
/Users/larrymotuzis/Larry_Motuzis_Data/Project05_CommonsCollections/src/main/java/org/apache/commons/collections4/bloomfilter/WrappedBloomFilter.java,org.apache.commons.collections4.bloomfilter.WrappedBloomFilter,getWrapped/0,wrapped,1
/Users/larrymotuzis/Larry_Motuzis_Data/Project05_CommonsCollections/src/main/java/org/apache/commons/collections4/bloomfilter/WrappedBloomFilter.java,org.apache.commons.collections4.bloomfilter.WrappedBloomFilter,processIndices/1[java.util.function.IntPredicate],wrapped,1
/Users/larrymotuzis/Larry_Motuzis_Data/Project05_CommonsCollections/src/main/java/org/apache/commons/collections4/bloomfilter/WrappedBloomFilter.java,org.apache.commons.collections4.bloomfilter.WrappedBloomFilter,characteristics/0,wrapped,1
/Users/larrymotuzis/Larry_Motuzis_Data/Project05_CommonsCollections/src/main/java/org/apache/commons/collections4/bloomfilter/WrappedBloomFilter.java,org.apache.commons.collections4.bloomfilter.WrappedBloomFilter,clear/0,wrapped,1
/Users/larrymotuzis/Larry_Motuzis_Data/Project05_CommonsCollections/src/main/java/org/apache/commons/collections4/bloomfilter/WrappedBloomFilter.java,org.apache.commons.collections4.bloomfilter.WrappedBloomFilter,isFull/0,wrapped,1
/Users/larrymotuzis/Larry_Motuzis_Data/Project05_CommonsCollections/src/main/java/org/apache/commons/collections4/bloomfilter/WrappedBloomFilter.java,org.apache.commons.collections4.bloomfilter.WrappedBloomFilter,contains/1[org.apache.commons.collections4.bloomfilter.BitMapExtractor],wrapped,1
/Users/larrymotuzis/Larry_Motuzis_Data/Project05_CommonsCollections/src/main/java/org/apache/commons/collections4/bloomfilter/WrappedBloomFilter.java,org.apache.commons.collections4.bloomfilter.WrappedBloomFilter,asBitMapArray/0,wrapped,1
/Users/larrymotuzis/Larry_Motuzis_Data/Project05_CommonsCollections/src/main/java/org/apache/commons/collections4/bloomfilter/WrappedBloomFilter.java,org.apache.commons.collections4.bloomfilter.WrappedBloomFilter,estimateIntersection/1[org.apache.commons.collections4.bloomfilter.BloomFilter<?>],wrapped,1
/Users/larrymotuzis/Larry_Motuzis_Data/Project05_CommonsCollections/src/main/java/org/apache/commons/collections4/bloomfilter/WrappedBloomFilter.java,org.apache.commons.collections4.bloomfilter.WrappedBloomFilter,WrappedBloomFilter/1[W],wrapped,4
/Users/larrymotuzis/Larry_Motuzis_Data/Project05_CommonsCollections/src/main/java/org/apache/commons/collections4/bloomfilter/WrappedBloomFilter.java,org.apache.commons.collections4.bloomfilter.WrappedBloomFilter,merge/1[org.apache.commons.collections4.bloomfilter.BloomFilter<?>],wrapped,1
/Users/larrymotuzis/Larry_Motuzis_Data/Project05_CommonsCollections/src/main/java/org/apache/commons/collections4/bloomfilter/WrappedBloomFilter.java,org.apache.commons.collections4.bloomfilter.WrappedBloomFilter,contains/1[org.apache.commons.collections4.bloomfilter.BloomFilter<?>],wrapped,1
/Users/larrymotuzis/Larry_Motuzis_Data/Project05_CommonsCollections/src/main/java/org/apache/commons/collections4/bloomfilter/WrappedBloomFilter.java,org.apache.commons.collections4.bloomfilter.WrappedBloomFilter,cardinality/0,wrapped,1
/Users/larrymotuzis/Larry_Motuzis_Data/Project05_CommonsCollections/src/main/java/org/apache/commons/collections4/bloomfilter/WrappedBloomFilter.java,org.apache.commons.collections4.bloomfilter.WrappedBloomFilter,estimateN/0,wrapped,1
/Users/larrymotuzis/Larry_Motuzis_Data/Project05_CommonsCollections/src/main/java/org/apache/commons/collections4/bloomfilter/WrappedBloomFilter.java,org.apache.commons.collections4.bloomfilter.WrappedBloomFilter,getShape/0,wrapped,1
/Users/larrymotuzis/Larry_Motuzis_Data/Project05_CommonsCollections/src/main/java/org/apache/commons/collections4/bloomfilter/WrappedBloomFilter.java,org.apache.commons.collections4.bloomfilter.WrappedBloomFilter,merge/1[org.apache.commons.collections4.bloomfilter.Hasher],wrapped,1
/Users/larrymotuzis/Larry_Motuzis_Data/Project05_CommonsCollections/src/main/java/org/apache/commons/collections4/bloomfilter/WrappedBloomFilter.java,org.apache.commons.collections4.bloomfilter.WrappedBloomFilter,merge/1[org.apache.commons.collections4.bloomfilter.BitMapExtractor],wrapped,1
/Users/larrymotuzis/Larry_Motuzis_Data/Project05_CommonsCollections/src/main/java/org/apache/commons/collections4/bloomfilter/WrappedBloomFilter.java,org.apache.commons.collections4.bloomfilter.WrappedBloomFilter,estimateUnion/1[org.apache.commons.collections4.bloomfilter.BloomFilter<?>],wrapped,1
/Users/larrymotuzis/Larry_Motuzis_Data/Project05_CommonsCollections/src/main/java/org/apache/commons/collections4/bloomfilter/WrappedBloomFilter.java,org.apache.commons.collections4.bloomfilter.WrappedBloomFilter,asIndexArray/0,wrapped,1
/Users/larrymotuzis/Larry_Motuzis_Data/Project05_CommonsCollections/src/main/java/org/apache/commons/collections4/bloomfilter/WrappedBloomFilter.java,org.apache.commons.collections4.bloomfilter.WrappedBloomFilter,merge/1[org.apache.commons.collections4.bloomfilter.IndexExtractor],wrapped,1
/Users/larrymotuzis/Larry_Motuzis_Data/Project05_CommonsCollections/src/main/java/org/apache/commons/collections4/bloomfilter/WrappedBloomFilter.java,org.apache.commons.collections4.bloomfilter.WrappedBloomFilter,processBitMaps/1[java.util.function.LongPredicate],wrapped,1
/Users/larrymotuzis/Larry_Motuzis_Data/Project05_CommonsCollections/src/main/java/org/apache/commons/collections4/iterators/ListIteratorWrapper.java,org.apache.commons.collections4.iterators.ListIteratorWrapper,ListIteratorWrapper/1[java.util.Iterator<? extends E>],iterator,4
/Users/larrymotuzis/Larry_Motuzis_Data/Project05_CommonsCollections/src/main/java/org/apache/commons/collections4/iterators/ListIteratorWrapper.java,org.apache.commons.collections4.iterators.ListIteratorWrapper,next/0,iterator,3
/Users/larrymotuzis/Larry_Motuzis_Data/Project05_CommonsCollections/src/main/java/org/apache/commons/collections4/iterators/ListIteratorWrapper.java,org.apache.commons.collections4.iterators.ListIteratorWrapper,next/0,wrappedIteratorIndex,2
/Users/larrymotuzis/Larry_Motuzis_Data/Project05_CommonsCollections/src/main/java/org/apache/commons/collections4/iterators/ListIteratorWrapper.java,org.apache.commons.collections4.iterators.ListIteratorWrapper,next/0,removeState,1
/Users/larrymotuzis/Larry_Motuzis_Data/Project05_CommonsCollections/src/main/java/org/apache/commons/collections4/iterators/ListIteratorWrapper.java,org.apache.commons.collections4.iterators.ListIteratorWrapper,next/0,list,2
/Users/larrymotuzis/Larry_Motuzis_Data/Project05_CommonsCollections/src/main/java/org/apache/commons/collections4/iterators/ListIteratorWrapper.java,org.apache.commons.collections4.iterators.ListIteratorWrapper,next/0,currentIndex,4
/Users/larrymotuzis/Larry_Motuzis_Data/Project05_CommonsCollections/src/main/java/org/apache/commons/collections4/iterators/ListIteratorWrapper.java,org.apache.commons.collections4.iterators.ListIteratorWrapper,remove/0,iterator,3
/Users/larrymotuzis/Larry_Motuzis_Data/Project05_CommonsCollections/src/main/java/org/apache/commons/collections4/iterators/ListIteratorWrapper.java,org.apache.commons.collections4.iterators.ListIteratorWrapper,remove/0,wrappedIteratorIndex,3
/Users/larrymotuzis/Larry_Motuzis_Data/Project05_CommonsCollections/src/main/java/org/apache/commons/collections4/iterators/ListIteratorWrapper.java,org.apache.commons.collections4.iterators.ListIteratorWrapper,remove/0,removeState,2
/Users/larrymotuzis/Larry_Motuzis_Data/Project05_CommonsCollections/src/main/java/org/apache/commons/collections4/iterators/ListIteratorWrapper.java,org.apache.commons.collections4.iterators.ListIteratorWrapper,remove/0,CANNOT_REMOVE_MESSAGE,1
/Users/larrymotuzis/Larry_Motuzis_Data/Project05_CommonsCollections/src/main/java/org/apache/commons/collections4/iterators/ListIteratorWrapper.java,org.apache.commons.collections4.iterators.ListIteratorWrapper,remove/0,list,1
/Users/larrymotuzis/Larry_Motuzis_Data/Project05_CommonsCollections/src/main/java/org/apache/commons/collections4/iterators/ListIteratorWrapper.java,org.apache.commons.collections4.iterators.ListIteratorWrapper,remove/0,currentIndex,4
/Users/larrymotuzis/Larry_Motuzis_Data/Project05_CommonsCollections/src/main/java/org/apache/commons/collections4/iterators/ListIteratorWrapper.java,org.apache.commons.collections4.iterators.ListIteratorWrapper,previous/0,iterator,2
/Users/larrymotuzis/Larry_Motuzis_Data/Project05_CommonsCollections/src/main/java/org/apache/commons/collections4/iterators/ListIteratorWrapper.java,org.apache.commons.collections4.iterators.ListIteratorWrapper,previous/0,wrappedIteratorIndex,1
/Users/larrymotuzis/Larry_Motuzis_Data/Project05_CommonsCollections/src/main/java/org/apache/commons/collections4/iterators/ListIteratorWrapper.java,org.apache.commons.collections4.iterators.ListIteratorWrapper,previous/0,removeState,1
/Users/larrymotuzis/Larry_Motuzis_Data/Project05_CommonsCollections/src/main/java/org/apache/commons/collections4/iterators/ListIteratorWrapper.java,org.apache.commons.collections4.iterators.ListIteratorWrapper,previous/0,list,1
/Users/larrymotuzis/Larry_Motuzis_Data/Project05_CommonsCollections/src/main/java/org/apache/commons/collections4/iterators/ListIteratorWrapper.java,org.apache.commons.collections4.iterators.ListIteratorWrapper,previous/0,currentIndex,3
/Users/larrymotuzis/Larry_Motuzis_Data/Project05_CommonsCollections/src/main/java/org/apache/commons/collections4/iterators/ListIteratorWrapper.java,org.apache.commons.collections4.iterators.ListIteratorWrapper,reset/0,iterator,2
/Users/larrymotuzis/Larry_Motuzis_Data/Project05_CommonsCollections/src/main/java/org/apache/commons/collections4/iterators/ListIteratorWrapper.java,org.apache.commons.collections4.iterators.ListIteratorWrapper,reset/0,currentIndex,1
/Users/larrymotuzis/Larry_Motuzis_Data/Project05_CommonsCollections/src/main/java/org/apache/commons/collections4/iterators/ListIteratorWrapper.java,org.apache.commons.collections4.iterators.ListIteratorWrapper,previousIndex/0,iterator,2
/Users/larrymotuzis/Larry_Motuzis_Data/Project05_CommonsCollections/src/main/java/org/apache/commons/collections4/iterators/ListIteratorWrapper.java,org.apache.commons.collections4.iterators.ListIteratorWrapper,previousIndex/0,currentIndex,1
/Users/larrymotuzis/Larry_Motuzis_Data/Project05_CommonsCollections/src/main/java/org/apache/commons/collections4/iterators/ListIteratorWrapper.java,org.apache.commons.collections4.iterators.ListIteratorWrapper,hasPrevious/0,iterator,2
/Users/larrymotuzis/Larry_Motuzis_Data/Project05_CommonsCollections/src/main/java/org/apache/commons/collections4/iterators/ListIteratorWrapper.java,org.apache.commons.collections4.iterators.ListIteratorWrapper,hasPrevious/0,currentIndex,1
/Users/larrymotuzis/Larry_Motuzis_Data/Project05_CommonsCollections/src/main/java/org/apache/commons/collections4/iterators/ListIteratorWrapper.java,org.apache.commons.collections4.iterators.ListIteratorWrapper,hasNext/0,iterator,2
/Users/larrymotuzis/Larry_Motuzis_Data/Project05_CommonsCollections/src/main/java/org/apache/commons/collections4/iterators/ListIteratorWrapper.java,org.apache.commons.collections4.iterators.ListIteratorWrapper,hasNext/0,wrappedIteratorIndex,1
/Users/larrymotuzis/Larry_Motuzis_Data/Project05_CommonsCollections/src/main/java/org/apache/commons/collections4/iterators/ListIteratorWrapper.java,org.apache.commons.collections4.iterators.ListIteratorWrapper,hasNext/0,currentIndex,1
/Users/larrymotuzis/Larry_Motuzis_Data/Project05_CommonsCollections/src/main/java/org/apache/commons/collections4/iterators/ListIteratorWrapper.java,org.apache.commons.collections4.iterators.ListIteratorWrapper,set/1[E],UNSUPPORTED_OPERATION_MESSAGE,1
/Users/larrymotuzis/Larry_Motuzis_Data/Project05_CommonsCollections/src/main/java/org/apache/commons/collections4/iterators/ListIteratorWrapper.java,org.apache.commons.collections4.iterators.ListIteratorWrapper,set/1[E],iterator,2
/Users/larrymotuzis/Larry_Motuzis_Data/Project05_CommonsCollections/src/main/java/org/apache/commons/collections4/iterators/ListIteratorWrapper.java,org.apache.commons.collections4.iterators.ListIteratorWrapper,add/1[E],UNSUPPORTED_OPERATION_MESSAGE,1
/Users/larrymotuzis/Larry_Motuzis_Data/Project05_CommonsCollections/src/main/java/org/apache/commons/collections4/iterators/ListIteratorWrapper.java,org.apache.commons.collections4.iterators.ListIteratorWrapper,add/1[E],iterator,2
/Users/larrymotuzis/Larry_Motuzis_Data/Project05_CommonsCollections/src/main/java/org/apache/commons/collections4/iterators/ListIteratorWrapper.java,org.apache.commons.collections4.iterators.ListIteratorWrapper,nextIndex/0,iterator,2
/Users/larrymotuzis/Larry_Motuzis_Data/Project05_CommonsCollections/src/main/java/org/apache/commons/collections4/iterators/ListIteratorWrapper.java,org.apache.commons.collections4.iterators.ListIteratorWrapper,nextIndex/0,currentIndex,1
/Users/larrymotuzis/Larry_Motuzis_Data/Project05_CommonsCollections/src/main/java/org/apache/commons/collections4/functors/AbstractQuantifierPredicate.java,org.apache.commons.collections4.functors.AbstractQuantifierPredicate,AbstractQuantifierPredicate/1[org.apache.commons.collections4.Predicate<? super T>[]],iPredicates,1
/Users/larrymotuzis/Larry_Motuzis_Data/Project05_CommonsCollections/src/main/java/org/apache/commons/collections4/functors/AbstractQuantifierPredicate.java,org.apache.commons.collections4.functors.AbstractQuantifierPredicate,getPredicates/0,iPredicates,1
/Users/larrymotuzis/Larry_Motuzis_Data/Project05_CommonsCollections/src/main/java/org/apache/commons/collections4/queue/CircularFifoQueue.java,org.apache.commons.collections4.queue.CircularFifoQueue$Anonymous1,remove/0,lastReturnedIndex,7
/Users/larrymotuzis/Larry_Motuzis_Data/Project05_CommonsCollections/src/main/java/org/apache/commons/collections4/queue/CircularFifoQueue.java,org.apache.commons.collections4.queue.CircularFifoQueue$Anonymous1,remove/0,index,2
/Users/larrymotuzis/Larry_Motuzis_Data/Project05_CommonsCollections/src/main/java/org/apache/commons/collections4/queue/CircularFifoQueue.java,org.apache.commons.collections4.queue.CircularFifoQueue$Anonymous1,next/0,isFirst,1
/Users/larrymotuzis/Larry_Motuzis_Data/Project05_CommonsCollections/src/main/java/org/apache/commons/collections4/queue/CircularFifoQueue.java,org.apache.commons.collections4.queue.CircularFifoQueue$Anonymous1,next/0,lastReturnedIndex,2
/Users/larrymotuzis/Larry_Motuzis_Data/Project05_CommonsCollections/src/main/java/org/apache/commons/collections4/queue/CircularFifoQueue.java,org.apache.commons.collections4.queue.CircularFifoQueue$Anonymous1,next/0,index,3
/Users/larrymotuzis/Larry_Motuzis_Data/Project05_CommonsCollections/src/main/java/org/apache/commons/collections4/queue/CircularFifoQueue.java,org.apache.commons.collections4.queue.CircularFifoQueue$Anonymous1,hasNext/0,isFirst,1
/Users/larrymotuzis/Larry_Motuzis_Data/Project05_CommonsCollections/src/main/java/org/apache/commons/collections4/queue/CircularFifoQueue.java,org.apache.commons.collections4.queue.CircularFifoQueue$Anonymous1,hasNext/0,index,1
/Users/larrymotuzis/Larry_Motuzis_Data/Project05_CommonsCollections/src/main/java/org/apache/commons/collections4/functors/ExceptionClosure.java,org.apache.commons.collections4.functors.ExceptionClosure,exceptionClosure/0,INSTANCE,1
/Users/larrymotuzis/Larry_Motuzis_Data/Project05_CommonsCollections/src/main/java/org/apache/commons/collections4/functors/ExceptionClosure.java,org.apache.commons.collections4.functors.ExceptionClosure,readResolve/0,INSTANCE,1
/Users/larrymotuzis/Larry_Motuzis_Data/Project05_CommonsCollections/src/main/java/org/apache/commons/collections4/bloomfilter/IndexFilter.java,org.apache.commons.collections4.bloomfilter.IndexFilter$ArrayTracker,ArrayTracker/1[org.apache.commons.collections4.bloomfilter.Shape],seen,1
/Users/larrymotuzis/Larry_Motuzis_Data/Project05_CommonsCollections/src/main/java/org/apache/commons/collections4/bloomfilter/IndexFilter.java,org.apache.commons.collections4.bloomfilter.IndexFilter$ArrayTracker,test/1[int],populated,2
/Users/larrymotuzis/Larry_Motuzis_Data/Project05_CommonsCollections/src/main/java/org/apache/commons/collections4/bloomfilter/IndexFilter.java,org.apache.commons.collections4.bloomfilter.IndexFilter$ArrayTracker,test/1[int],seen,2
/Users/larrymotuzis/Larry_Motuzis_Data/Project05_CommonsCollections/src/main/java/org/apache/commons/collections4/functors/ForClosure.java,org.apache.commons.collections4.functors.ForClosure,getCount/0,iCount,1
/Users/larrymotuzis/Larry_Motuzis_Data/Project05_CommonsCollections/src/main/java/org/apache/commons/collections4/functors/ForClosure.java,org.apache.commons.collections4.functors.ForClosure,"ForClosure/2[int,org.apache.commons.collections4.Closure<? super T>]",iCount,1
/Users/larrymotuzis/Larry_Motuzis_Data/Project05_CommonsCollections/src/main/java/org/apache/commons/collections4/functors/ForClosure.java,org.apache.commons.collections4.functors.ForClosure,"ForClosure/2[int,org.apache.commons.collections4.Closure<? super T>]",iClosure,1
/Users/larrymotuzis/Larry_Motuzis_Data/Project05_CommonsCollections/src/main/java/org/apache/commons/collections4/functors/ForClosure.java,org.apache.commons.collections4.functors.ForClosure,getClosure/0,iClosure,1
/Users/larrymotuzis/Larry_Motuzis_Data/Project05_CommonsCollections/src/main/java/org/apache/commons/collections4/functors/ForClosure.java,org.apache.commons.collections4.functors.ForClosure,execute/1[T],iCount,1
/Users/larrymotuzis/Larry_Motuzis_Data/Project05_CommonsCollections/src/main/java/org/apache/commons/collections4/functors/ForClosure.java,org.apache.commons.collections4.functors.ForClosure,execute/1[T],iClosure,1
/Users/larrymotuzis/Larry_Motuzis_Data/Project05_CommonsCollections/src/main/java/org/apache/commons/collections4/map/ConcurrentReferenceHashMap.java,org.apache.commons.collections4.map.ConcurrentReferenceHashMap$Segment,"removeInternal/4[java.lang.Object,int,java.lang.Object,boolean]",modCount,1
/Users/larrymotuzis/Larry_Motuzis_Data/Project05_CommonsCollections/src/main/java/org/apache/commons/collections4/map/ConcurrentReferenceHashMap.java,org.apache.commons.collections4.map.ConcurrentReferenceHashMap$Segment,"removeInternal/4[java.lang.Object,int,java.lang.Object,boolean]",count,2
/Users/larrymotuzis/Larry_Motuzis_Data/Project05_CommonsCollections/src/main/java/org/apache/commons/collections4/map/ConcurrentReferenceHashMap.java,org.apache.commons.collections4.map.ConcurrentReferenceHashMap$Segment,"removeInternal/4[java.lang.Object,int,java.lang.Object,boolean]",table,1
/Users/larrymotuzis/Larry_Motuzis_Data/Project05_CommonsCollections/src/main/java/org/apache/commons/collections4/map/ConcurrentReferenceHashMap.java,org.apache.commons.collections4.map.ConcurrentReferenceHashMap$Segment,"newHashEntry/4[K,int,org.apache.commons.collections4.map.ConcurrentReferenceHashMap.HashEntry<K,V>,V]",valueType,1
/Users/larrymotuzis/Larry_Motuzis_Data/Project05_CommonsCollections/src/main/java/org/apache/commons/collections4/map/ConcurrentReferenceHashMap.java,org.apache.commons.collections4.map.ConcurrentReferenceHashMap$Segment,"newHashEntry/4[K,int,org.apache.commons.collections4.map.ConcurrentReferenceHashMap.HashEntry<K,V>,V]",refQueue,1
/Users/larrymotuzis/Larry_Motuzis_Data/Project05_CommonsCollections/src/main/java/org/apache/commons/collections4/map/ConcurrentReferenceHashMap.java,org.apache.commons.collections4.map.ConcurrentReferenceHashMap$Segment,"newHashEntry/4[K,int,org.apache.commons.collections4.map.ConcurrentReferenceHashMap.HashEntry<K,V>,V]",keyType,1
/Users/larrymotuzis/Larry_Motuzis_Data/Project05_CommonsCollections/src/main/java/org/apache/commons/collections4/map/ConcurrentReferenceHashMap.java,org.apache.commons.collections4.map.ConcurrentReferenceHashMap$Segment,containsValue/1[java.lang.Object],count,1
/Users/larrymotuzis/Larry_Motuzis_Data/Project05_CommonsCollections/src/main/java/org/apache/commons/collections4/map/ConcurrentReferenceHashMap.java,org.apache.commons.collections4.map.ConcurrentReferenceHashMap$Segment,containsValue/1[java.lang.Object],table,1
/Users/larrymotuzis/Larry_Motuzis_Data/Project05_CommonsCollections/src/main/java/org/apache/commons/collections4/map/ConcurrentReferenceHashMap.java,org.apache.commons.collections4.map.ConcurrentReferenceHashMap$Segment,"Segment/5[int,float,org.apache.commons.collections4.map.ConcurrentReferenceHashMap.ReferenceType,org.apache.commons.collections4.map.ConcurrentReferenceHashMap.ReferenceType,boolean]",loadFactor,3
/Users/larrymotuzis/Larry_Motuzis_Data/Project05_CommonsCollections/src/main/java/org/apache/commons/collections4/map/ConcurrentReferenceHashMap.java,org.apache.commons.collections4.map.ConcurrentReferenceHashMap$Segment,"Segment/5[int,float,org.apache.commons.collections4.map.ConcurrentReferenceHashMap.ReferenceType,org.apache.commons.collections4.map.ConcurrentReferenceHashMap.ReferenceType,boolean]",valueType,3
/Users/larrymotuzis/Larry_Motuzis_Data/Project05_CommonsCollections/src/main/java/org/apache/commons/collections4/map/ConcurrentReferenceHashMap.java,org.apache.commons.collections4.map.ConcurrentReferenceHashMap$Segment,"Segment/5[int,float,org.apache.commons.collections4.map.ConcurrentReferenceHashMap.ReferenceType,org.apache.commons.collections4.map.ConcurrentReferenceHashMap.ReferenceType,boolean]",identityComparisons,3
/Users/larrymotuzis/Larry_Motuzis_Data/Project05_CommonsCollections/src/main/java/org/apache/commons/collections4/map/ConcurrentReferenceHashMap.java,org.apache.commons.collections4.map.ConcurrentReferenceHashMap$Segment,"Segment/5[int,float,org.apache.commons.collections4.map.ConcurrentReferenceHashMap.ReferenceType,org.apache.commons.collections4.map.ConcurrentReferenceHashMap.ReferenceType,boolean]",keyType,3
/Users/larrymotuzis/Larry_Motuzis_Data/Project05_CommonsCollections/src/main/java/org/apache/commons/collections4/map/ConcurrentReferenceHashMap.java,org.apache.commons.collections4.map.ConcurrentReferenceHashMap$Segment,getFirst/1[int],table,1
/Users/larrymotuzis/Larry_Motuzis_Data/Project05_CommonsCollections/src/main/java/org/apache/commons/collections4/map/ConcurrentReferenceHashMap.java,org.apache.commons.collections4.map.ConcurrentReferenceHashMap$Segment,"setTable/1[org.apache.commons.collections4.map.ConcurrentReferenceHashMap.HashEntry<K,V>[]]",loadFactor,1
/Users/larrymotuzis/Larry_Motuzis_Data/Project05_CommonsCollections/src/main/java/org/apache/commons/collections4/map/ConcurrentReferenceHashMap.java,org.apache.commons.collections4.map.ConcurrentReferenceHashMap$Segment,"setTable/1[org.apache.commons.collections4.map.ConcurrentReferenceHashMap.HashEntry<K,V>[]]",threshold,1
/Users/larrymotuzis/Larry_Motuzis_Data/Project05_CommonsCollections/src/main/java/org/apache/commons/collections4/map/ConcurrentReferenceHashMap.java,org.apache.commons.collections4.map.ConcurrentReferenceHashMap$Segment,"setTable/1[org.apache.commons.collections4.map.ConcurrentReferenceHashMap.HashEntry<K,V>[]]",refQueue,1
/Users/larrymotuzis/Larry_Motuzis_Data/Project05_CommonsCollections/src/main/java/org/apache/commons/collections4/map/ConcurrentReferenceHashMap.java,org.apache.commons.collections4.map.ConcurrentReferenceHashMap$Segment,"setTable/1[org.apache.commons.collections4.map.ConcurrentReferenceHashMap.HashEntry<K,V>[]]",table,1
/Users/larrymotuzis/Larry_Motuzis_Data/Project05_CommonsCollections/src/main/java/org/apache/commons/collections4/map/ConcurrentReferenceHashMap.java,org.apache.commons.collections4.map.ConcurrentReferenceHashMap$Segment,"replaceInternal/3[K,int,V]",valueType,1
/Users/larrymotuzis/Larry_Motuzis_Data/Project05_CommonsCollections/src/main/java/org/apache/commons/collections4/map/ConcurrentReferenceHashMap.java,org.apache.commons.collections4.map.ConcurrentReferenceHashMap$Segment,"replaceInternal/3[K,int,V]",refQueue,1
/Users/larrymotuzis/Larry_Motuzis_Data/Project05_CommonsCollections/src/main/java/org/apache/commons/collections4/map/ConcurrentReferenceHashMap.java,org.apache.commons.collections4.map.ConcurrentReferenceHashMap$Segment,"get/2[java.lang.Object,int]",count,1
/Users/larrymotuzis/Larry_Motuzis_Data/Project05_CommonsCollections/src/main/java/org/apache/commons/collections4/map/ConcurrentReferenceHashMap.java,org.apache.commons.collections4.map.ConcurrentReferenceHashMap$Segment,"containsKey/2[java.lang.Object,int]",count,1
/Users/larrymotuzis/Larry_Motuzis_Data/Project05_CommonsCollections/src/main/java/org/apache/commons/collections4/map/ConcurrentReferenceHashMap.java,org.apache.commons.collections4.map.ConcurrentReferenceHashMap$Segment,rehash/0,loadFactor,1
/Users/larrymotuzis/Larry_Motuzis_Data/Project05_CommonsCollections/src/main/java/org/apache/commons/collections4/map/ConcurrentReferenceHashMap.java,org.apache.commons.collections4.map.ConcurrentReferenceHashMap$Segment,rehash/0,threshold,1
/Users/larrymotuzis/Larry_Motuzis_Data/Project05_CommonsCollections/src/main/java/org/apache/commons/collections4/map/ConcurrentReferenceHashMap.java,org.apache.commons.collections4.map.ConcurrentReferenceHashMap$Segment,rehash/0,table,2
/Users/larrymotuzis/Larry_Motuzis_Data/Project05_CommonsCollections/src/main/java/org/apache/commons/collections4/map/ConcurrentReferenceHashMap.java,org.apache.commons.collections4.map.ConcurrentReferenceHashMap$Segment,"replaceInternal2/4[K,int,V,V]",valueType,1
/Users/larrymotuzis/Larry_Motuzis_Data/Project05_CommonsCollections/src/main/java/org/apache/commons/collections4/map/ConcurrentReferenceHashMap.java,org.apache.commons.collections4.map.ConcurrentReferenceHashMap$Segment,"replaceInternal2/4[K,int,V,V]",refQueue,1
/Users/larrymotuzis/Larry_Motuzis_Data/Project05_CommonsCollections/src/main/java/org/apache/commons/collections4/map/ConcurrentReferenceHashMap.java,org.apache.commons.collections4.map.ConcurrentReferenceHashMap$Segment,"putInternal/5[K,int,V,java.util.function.Function<? super K,? extends V>,boolean]",modCount,1
/Users/larrymotuzis/Larry_Motuzis_Data/Project05_CommonsCollections/src/main/java/org/apache/commons/collections4/map/ConcurrentReferenceHashMap.java,org.apache.commons.collections4.map.ConcurrentReferenceHashMap$Segment,"putInternal/5[K,int,V,java.util.function.Function<? super K,? extends V>,boolean]",valueType,1
/Users/larrymotuzis/Larry_Motuzis_Data/Project05_CommonsCollections/src/main/java/org/apache/commons/collections4/map/ConcurrentReferenceHashMap.java,org.apache.commons.collections4.map.ConcurrentReferenceHashMap$Segment,"putInternal/5[K,int,V,java.util.function.Function<? super K,? extends V>,boolean]",count,3
/Users/larrymotuzis/Larry_Motuzis_Data/Project05_CommonsCollections/src/main/java/org/apache/commons/collections4/map/ConcurrentReferenceHashMap.java,org.apache.commons.collections4.map.ConcurrentReferenceHashMap$Segment,"putInternal/5[K,int,V,java.util.function.Function<? super K,? extends V>,boolean]",threshold,1
/Users/larrymotuzis/Larry_Motuzis_Data/Project05_CommonsCollections/src/main/java/org/apache/commons/collections4/map/ConcurrentReferenceHashMap.java,org.apache.commons.collections4.map.ConcurrentReferenceHashMap$Segment,"putInternal/5[K,int,V,java.util.function.Function<? super K,? extends V>,boolean]",refQueue,1
/Users/larrymotuzis/Larry_Motuzis_Data/Project05_CommonsCollections/src/main/java/org/apache/commons/collections4/map/ConcurrentReferenceHashMap.java,org.apache.commons.collections4.map.ConcurrentReferenceHashMap$Segment,"putInternal/5[K,int,V,java.util.function.Function<? super K,? extends V>,boolean]",table,1
/Users/larrymotuzis/Larry_Motuzis_Data/Project05_CommonsCollections/src/main/java/org/apache/commons/collections4/map/ConcurrentReferenceHashMap.java,org.apache.commons.collections4.map.ConcurrentReferenceHashMap$Segment,"keyEq/2[java.lang.Object,java.lang.Object]",identityComparisons,1
/Users/larrymotuzis/Larry_Motuzis_Data/Project05_CommonsCollections/src/main/java/org/apache/commons/collections4/map/ConcurrentReferenceHashMap.java,org.apache.commons.collections4.map.ConcurrentReferenceHashMap$Segment,removeStale/0,refQueue,1
/Users/larrymotuzis/Larry_Motuzis_Data/Project05_CommonsCollections/src/main/java/org/apache/commons/collections4/map/ConcurrentReferenceHashMap.java,org.apache.commons.collections4.map.ConcurrentReferenceHashMap$Segment,clear/0,modCount,1
/Users/larrymotuzis/Larry_Motuzis_Data/Project05_CommonsCollections/src/main/java/org/apache/commons/collections4/map/ConcurrentReferenceHashMap.java,org.apache.commons.collections4.map.ConcurrentReferenceHashMap$Segment,clear/0,count,2
/Users/larrymotuzis/Larry_Motuzis_Data/Project05_CommonsCollections/src/main/java/org/apache/commons/collections4/map/ConcurrentReferenceHashMap.java,org.apache.commons.collections4.map.ConcurrentReferenceHashMap$Segment,clear/0,refQueue,1
/Users/larrymotuzis/Larry_Motuzis_Data/Project05_CommonsCollections/src/main/java/org/apache/commons/collections4/map/ConcurrentReferenceHashMap.java,org.apache.commons.collections4.map.ConcurrentReferenceHashMap$Segment,clear/0,table,1
/Users/larrymotuzis/Larry_Motuzis_Data/Project05_CommonsCollections/src/main/java/org/apache/commons/collections4/map/ConcurrentReferenceHashMap.java,org.apache.commons.collections4.map.ConcurrentReferenceHashMap$EntrySet,EntrySet/1[boolean],cached,3
/Users/larrymotuzis/Larry_Motuzis_Data/Project05_CommonsCollections/src/main/java/org/apache/commons/collections4/map/ConcurrentReferenceHashMap.java,org.apache.commons.collections4.map.ConcurrentReferenceHashMap$EntrySet,iterator/0,cached,1
/Users/larrymotuzis/Larry_Motuzis_Data/Project05_CommonsCollections/src/main/java/org/apache/commons/collections4/list/AbstractLinkedList.java,org.apache.commons.collections4.list.AbstractLinkedList,removeLast/0,header,1
/Users/larrymotuzis/Larry_Motuzis_Data/Project05_CommonsCollections/src/main/java/org/apache/commons/collections4/list/AbstractLinkedList.java,org.apache.commons.collections4.list.AbstractLinkedList,addLast/1[E],header,1
/Users/larrymotuzis/Larry_Motuzis_Data/Project05_CommonsCollections/src/main/java/org/apache/commons/collections4/list/AbstractLinkedList.java,org.apache.commons.collections4.list.AbstractLinkedList,addFirst/1[E],header,1
/Users/larrymotuzis/Larry_Motuzis_Data/Project05_CommonsCollections/src/main/java/org/apache/commons/collections4/list/AbstractLinkedList.java,org.apache.commons.collections4.list.AbstractLinkedList,isEmpty/0,size,1
/Users/larrymotuzis/Larry_Motuzis_Data/Project05_CommonsCollections/src/main/java/org/apache/commons/collections4/list/AbstractLinkedList.java,org.apache.commons.collections4.list.AbstractLinkedList,removeAllNodes/0,modCount,1
/Users/larrymotuzis/Larry_Motuzis_Data/Project05_CommonsCollections/src/main/java/org/apache/commons/collections4/list/AbstractLinkedList.java,org.apache.commons.collections4.list.AbstractLinkedList,removeAllNodes/0,size,1
/Users/larrymotuzis/Larry_Motuzis_Data/Project05_CommonsCollections/src/main/java/org/apache/commons/collections4/list/AbstractLinkedList.java,org.apache.commons.collections4.list.AbstractLinkedList,removeAllNodes/0,header,2
/Users/larrymotuzis/Larry_Motuzis_Data/Project05_CommonsCollections/src/main/java/org/apache/commons/collections4/list/AbstractLinkedList.java,org.apache.commons.collections4.list.AbstractLinkedList,"getNode/2[int,boolean]",size,5
/Users/larrymotuzis/Larry_Motuzis_Data/Project05_CommonsCollections/src/main/java/org/apache/commons/collections4/list/AbstractLinkedList.java,org.apache.commons.collections4.list.AbstractLinkedList,"getNode/2[int,boolean]",header,1
/Users/larrymotuzis/Larry_Motuzis_Data/Project05_CommonsCollections/src/main/java/org/apache/commons/collections4/list/AbstractLinkedList.java,org.apache.commons.collections4.list.AbstractLinkedList,"addNode/2[org.apache.commons.collections4.list.AbstractLinkedList.Node<E>,org.apache.commons.collections4.list.AbstractLinkedList.Node<E>]",modCount,1
/Users/larrymotuzis/Larry_Motuzis_Data/Project05_CommonsCollections/src/main/java/org/apache/commons/collections4/list/AbstractLinkedList.java,org.apache.commons.collections4.list.AbstractLinkedList,"addNode/2[org.apache.commons.collections4.list.AbstractLinkedList.Node<E>,org.apache.commons.collections4.list.AbstractLinkedList.Node<E>]",size,1
/Users/larrymotuzis/Larry_Motuzis_Data/Project05_CommonsCollections/src/main/java/org/apache/commons/collections4/list/AbstractLinkedList.java,org.apache.commons.collections4.list.AbstractLinkedList,remove/1[java.lang.Object],header,1
/Users/larrymotuzis/Larry_Motuzis_Data/Project05_CommonsCollections/src/main/java/org/apache/commons/collections4/list/AbstractLinkedList.java,org.apache.commons.collections4.list.AbstractLinkedList,removeNode/1[org.apache.commons.collections4.list.AbstractLinkedList.Node<E>],modCount,1
/Users/larrymotuzis/Larry_Motuzis_Data/Project05_CommonsCollections/src/main/java/org/apache/commons/collections4/list/AbstractLinkedList.java,org.apache.commons.collections4.list.AbstractLinkedList,removeNode/1[org.apache.commons.collections4.list.AbstractLinkedList.Node<E>],size,1
/Users/larrymotuzis/Larry_Motuzis_Data/Project05_CommonsCollections/src/main/java/org/apache/commons/collections4/list/AbstractLinkedList.java,org.apache.commons.collections4.list.AbstractLinkedList,toString/0,size,1
/Users/larrymotuzis/Larry_Motuzis_Data/Project05_CommonsCollections/src/main/java/org/apache/commons/collections4/list/AbstractLinkedList.java,org.apache.commons.collections4.list.AbstractLinkedList,init/0,header,1
/Users/larrymotuzis/Larry_Motuzis_Data/Project05_CommonsCollections/src/main/java/org/apache/commons/collections4/list/AbstractLinkedList.java,org.apache.commons.collections4.list.AbstractLinkedList,equals/1[java.lang.Object],size,2
/Users/larrymotuzis/Larry_Motuzis_Data/Project05_CommonsCollections/src/main/java/org/apache/commons/collections4/list/AbstractLinkedList.java,org.apache.commons.collections4.list.AbstractLinkedList,addAll/1[java.util.Collection<? extends E>],size,1
/Users/larrymotuzis/Larry_Motuzis_Data/Project05_CommonsCollections/src/main/java/org/apache/commons/collections4/list/AbstractLinkedList.java,org.apache.commons.collections4.list.AbstractLinkedList,getLast/0,header,1
/Users/larrymotuzis/Larry_Motuzis_Data/Project05_CommonsCollections/src/main/java/org/apache/commons/collections4/list/AbstractLinkedList.java,org.apache.commons.collections4.list.AbstractLinkedList,toArray/0,size,1
/Users/larrymotuzis/Larry_Motuzis_Data/Project05_CommonsCollections/src/main/java/org/apache/commons/collections4/list/AbstractLinkedList.java,org.apache.commons.collections4.list.AbstractLinkedList,lastIndexOf/1[java.lang.Object],size,1
/Users/larrymotuzis/Larry_Motuzis_Data/Project05_CommonsCollections/src/main/java/org/apache/commons/collections4/list/AbstractLinkedList.java,org.apache.commons.collections4.list.AbstractLinkedList,lastIndexOf/1[java.lang.Object],header,1
/Users/larrymotuzis/Larry_Motuzis_Data/Project05_CommonsCollections/src/main/java/org/apache/commons/collections4/list/AbstractLinkedList.java,org.apache.commons.collections4.list.AbstractLinkedList,doWriteObject/1[java.io.ObjectOutputStream],size,1
/Users/larrymotuzis/Larry_Motuzis_Data/Project05_CommonsCollections/src/main/java/org/apache/commons/collections4/list/AbstractLinkedList.java,org.apache.commons.collections4.list.AbstractLinkedList,getFirst/0,header,1
/Users/larrymotuzis/Larry_Motuzis_Data/Project05_CommonsCollections/src/main/java/org/apache/commons/collections4/list/AbstractLinkedList.java,org.apache.commons.collections4.list.AbstractLinkedList,indexOf/1[java.lang.Object],header,1
/Users/larrymotuzis/Larry_Motuzis_Data/Project05_CommonsCollections/src/main/java/org/apache/commons/collections4/list/AbstractLinkedList.java,org.apache.commons.collections4.list.AbstractLinkedList,size/0,size,2
/Users/larrymotuzis/Larry_Motuzis_Data/Project05_CommonsCollections/src/main/java/org/apache/commons/collections4/list/AbstractLinkedList.java,org.apache.commons.collections4.list.AbstractLinkedList,removeFirst/0,header,1
/Users/larrymotuzis/Larry_Motuzis_Data/Project05_CommonsCollections/src/main/java/org/apache/commons/collections4/list/AbstractLinkedList.java,org.apache.commons.collections4.list.AbstractLinkedList,toArray/1[T[]],size,4
/Users/larrymotuzis/Larry_Motuzis_Data/Project05_CommonsCollections/src/main/java/org/apache/commons/collections4/list/AbstractLinkedList.java,org.apache.commons.collections4.list.AbstractLinkedList,toArray/1[T[]],header,1
/Users/larrymotuzis/Larry_Motuzis_Data/Project05_CommonsCollections/src/main/java/org/apache/commons/collections4/list/TreeList.java,org.apache.commons.collections4.list.TreeList$TreeListIterator,hasNext/0,parent,1
/Users/larrymotuzis/Larry_Motuzis_Data/Project05_CommonsCollections/src/main/java/org/apache/commons/collections4/list/TreeList.java,org.apache.commons.collections4.list.TreeList$TreeListIterator,hasNext/0,nextIndex,1
/Users/larrymotuzis/Larry_Motuzis_Data/Project05_CommonsCollections/src/main/java/org/apache/commons/collections4/list/TreeList.java,org.apache.commons.collections4.list.TreeList$TreeListIterator,add/1[E],parent,1
/Users/larrymotuzis/Larry_Motuzis_Data/Project05_CommonsCollections/src/main/java/org/apache/commons/collections4/list/TreeList.java,org.apache.commons.collections4.list.TreeList$TreeListIterator,add/1[E],current,1
/Users/larrymotuzis/Larry_Motuzis_Data/Project05_CommonsCollections/src/main/java/org/apache/commons/collections4/list/TreeList.java,org.apache.commons.collections4.list.TreeList$TreeListIterator,add/1[E],expectedModCount,1
/Users/larrymotuzis/Larry_Motuzis_Data/Project05_CommonsCollections/src/main/java/org/apache/commons/collections4/list/TreeList.java,org.apache.commons.collections4.list.TreeList$TreeListIterator,add/1[E],nextIndex,2
/Users/larrymotuzis/Larry_Motuzis_Data/Project05_CommonsCollections/src/main/java/org/apache/commons/collections4/list/TreeList.java,org.apache.commons.collections4.list.TreeList$TreeListIterator,add/1[E],currentIndex,1
/Users/larrymotuzis/Larry_Motuzis_Data/Project05_CommonsCollections/src/main/java/org/apache/commons/collections4/list/TreeList.java,org.apache.commons.collections4.list.TreeList$TreeListIterator,previousIndex/0,nextIndex,1
/Users/larrymotuzis/Larry_Motuzis_Data/Project05_CommonsCollections/src/main/java/org/apache/commons/collections4/list/TreeList.java,org.apache.commons.collections4.list.TreeList$TreeListIterator,previous/0,next,6
/Users/larrymotuzis/Larry_Motuzis_Data/Project05_CommonsCollections/src/main/java/org/apache/commons/collections4/list/TreeList.java,org.apache.commons.collections4.list.TreeList$TreeListIterator,previous/0,current,1
/Users/larrymotuzis/Larry_Motuzis_Data/Project05_CommonsCollections/src/main/java/org/apache/commons/collections4/list/TreeList.java,org.apache.commons.collections4.list.TreeList$TreeListIterator,previous/0,nextIndex,2
/Users/larrymotuzis/Larry_Motuzis_Data/Project05_CommonsCollections/src/main/java/org/apache/commons/collections4/list/TreeList.java,org.apache.commons.collections4.list.TreeList$TreeListIterator,previous/0,currentIndex,1
/Users/larrymotuzis/Larry_Motuzis_Data/Project05_CommonsCollections/src/main/java/org/apache/commons/collections4/list/TreeList.java,org.apache.commons.collections4.list.TreeList$TreeListIterator,checkModCount/0,expectedModCount,1
/Users/larrymotuzis/Larry_Motuzis_Data/Project05_CommonsCollections/src/main/java/org/apache/commons/collections4/list/TreeList.java,org.apache.commons.collections4.list.TreeList$TreeListIterator,set/1[E],current,2
/Users/larrymotuzis/Larry_Motuzis_Data/Project05_CommonsCollections/src/main/java/org/apache/commons/collections4/list/TreeList.java,org.apache.commons.collections4.list.TreeList$TreeListIterator,remove/0,next,1
/Users/larrymotuzis/Larry_Motuzis_Data/Project05_CommonsCollections/src/main/java/org/apache/commons/collections4/list/TreeList.java,org.apache.commons.collections4.list.TreeList$TreeListIterator,remove/0,parent,1
/Users/larrymotuzis/Larry_Motuzis_Data/Project05_CommonsCollections/src/main/java/org/apache/commons/collections4/list/TreeList.java,org.apache.commons.collections4.list.TreeList$TreeListIterator,remove/0,current,1
/Users/larrymotuzis/Larry_Motuzis_Data/Project05_CommonsCollections/src/main/java/org/apache/commons/collections4/list/TreeList.java,org.apache.commons.collections4.list.TreeList$TreeListIterator,remove/0,expectedModCount,1
/Users/larrymotuzis/Larry_Motuzis_Data/Project05_CommonsCollections/src/main/java/org/apache/commons/collections4/list/TreeList.java,org.apache.commons.collections4.list.TreeList$TreeListIterator,remove/0,nextIndex,2
/Users/larrymotuzis/Larry_Motuzis_Data/Project05_CommonsCollections/src/main/java/org/apache/commons/collections4/list/TreeList.java,org.apache.commons.collections4.list.TreeList$TreeListIterator,remove/0,currentIndex,4
/Users/larrymotuzis/Larry_Motuzis_Data/Project05_CommonsCollections/src/main/java/org/apache/commons/collections4/list/TreeList.java,org.apache.commons.collections4.list.TreeList$TreeListIterator,next/0,next,8
/Users/larrymotuzis/Larry_Motuzis_Data/Project05_CommonsCollections/src/main/java/org/apache/commons/collections4/list/TreeList.java,org.apache.commons.collections4.list.TreeList$TreeListIterator,next/0,current,1
/Users/larrymotuzis/Larry_Motuzis_Data/Project05_CommonsCollections/src/main/java/org/apache/commons/collections4/list/TreeList.java,org.apache.commons.collections4.list.TreeList$TreeListIterator,next/0,nextIndex,3
/Users/larrymotuzis/Larry_Motuzis_Data/Project05_CommonsCollections/src/main/java/org/apache/commons/collections4/list/TreeList.java,org.apache.commons.collections4.list.TreeList$TreeListIterator,next/0,currentIndex,1
/Users/larrymotuzis/Larry_Motuzis_Data/Project05_CommonsCollections/src/main/java/org/apache/commons/collections4/list/TreeList.java,org.apache.commons.collections4.list.TreeList$TreeListIterator,hasPrevious/0,nextIndex,1
/Users/larrymotuzis/Larry_Motuzis_Data/Project05_CommonsCollections/src/main/java/org/apache/commons/collections4/list/TreeList.java,org.apache.commons.collections4.list.TreeList$TreeListIterator,nextIndex/0,nextIndex,2
/Users/larrymotuzis/Larry_Motuzis_Data/Project05_CommonsCollections/src/main/java/org/apache/commons/collections4/list/TreeList.java,org.apache.commons.collections4.list.TreeList$TreeListIterator,"TreeListIterator/2[org.apache.commons.collections4.list.TreeList<E>,int]",next,1
/Users/larrymotuzis/Larry_Motuzis_Data/Project05_CommonsCollections/src/main/java/org/apache/commons/collections4/list/TreeList.java,org.apache.commons.collections4.list.TreeList$TreeListIterator,"TreeListIterator/2[org.apache.commons.collections4.list.TreeList<E>,int]",parent,4
/Users/larrymotuzis/Larry_Motuzis_Data/Project05_CommonsCollections/src/main/java/org/apache/commons/collections4/list/TreeList.java,org.apache.commons.collections4.list.TreeList$TreeListIterator,"TreeListIterator/2[org.apache.commons.collections4.list.TreeList<E>,int]",expectedModCount,1
/Users/larrymotuzis/Larry_Motuzis_Data/Project05_CommonsCollections/src/main/java/org/apache/commons/collections4/list/TreeList.java,org.apache.commons.collections4.list.TreeList$TreeListIterator,"TreeListIterator/2[org.apache.commons.collections4.list.TreeList<E>,int]",nextIndex,1
/Users/larrymotuzis/Larry_Motuzis_Data/Project05_CommonsCollections/src/main/java/org/apache/commons/collections4/list/TreeList.java,org.apache.commons.collections4.list.TreeList$TreeListIterator,"TreeListIterator/2[org.apache.commons.collections4.list.TreeList<E>,int]",currentIndex,1
/Users/larrymotuzis/Larry_Motuzis_Data/Project05_CommonsCollections/src/main/java/org/apache/commons/collections4/multiset/AbstractMapMultiSet.java,org.apache.commons.collections4.multiset.AbstractMapMultiSet$MutableInteger,hashCode/0,value,1
/Users/larrymotuzis/Larry_Motuzis_Data/Project05_CommonsCollections/src/main/java/org/apache/commons/collections4/multiset/AbstractMapMultiSet.java,org.apache.commons.collections4.multiset.AbstractMapMultiSet$MutableInteger,MutableInteger/1[int],value,4
/Users/larrymotuzis/Larry_Motuzis_Data/Project05_CommonsCollections/src/main/java/org/apache/commons/collections4/multiset/AbstractMapMultiSet.java,org.apache.commons.collections4.multiset.AbstractMapMultiSet$MutableInteger,equals/1[java.lang.Object],value,2
/Users/larrymotuzis/Larry_Motuzis_Data/Project05_CommonsCollections/src/main/java/org/apache/commons/collections4/functors/PrototypeFactory.java,org.apache.commons.collections4.functors.PrototypeFactory$PrototypeCloneFactory,findCloneMethod/0,iCloneMethod,1
/Users/larrymotuzis/Larry_Motuzis_Data/Project05_CommonsCollections/src/main/java/org/apache/commons/collections4/functors/PrototypeFactory.java,org.apache.commons.collections4.functors.PrototypeFactory$PrototypeCloneFactory,findCloneMethod/0,iPrototype,1
/Users/larrymotuzis/Larry_Motuzis_Data/Project05_CommonsCollections/src/main/java/org/apache/commons/collections4/functors/PrototypeFactory.java,org.apache.commons.collections4.functors.PrototypeFactory$PrototypeCloneFactory,"PrototypeCloneFactory/2[T,java.lang.reflect.Method]",iCloneMethod,1
/Users/larrymotuzis/Larry_Motuzis_Data/Project05_CommonsCollections/src/main/java/org/apache/commons/collections4/functors/PrototypeFactory.java,org.apache.commons.collections4.functors.PrototypeFactory$PrototypeCloneFactory,"PrototypeCloneFactory/2[T,java.lang.reflect.Method]",iPrototype,1
/Users/larrymotuzis/Larry_Motuzis_Data/Project05_CommonsCollections/src/main/java/org/apache/commons/collections4/functors/PrototypeFactory.java,org.apache.commons.collections4.functors.PrototypeFactory$PrototypeCloneFactory,create/0,iCloneMethod,2
/Users/larrymotuzis/Larry_Motuzis_Data/Project05_CommonsCollections/src/main/java/org/apache/commons/collections4/functors/PrototypeFactory.java,org.apache.commons.collections4.functors.PrototypeFactory$PrototypeCloneFactory,create/0,iPrototype,1
/Users/larrymotuzis/Larry_Motuzis_Data/Project05_CommonsCollections/src/main/java/org/apache/commons/collections4/functors/ConstantTransformer.java,org.apache.commons.collections4.functors.ConstantTransformer,getConstant/0,iConstant,1
/Users/larrymotuzis/Larry_Motuzis_Data/Project05_CommonsCollections/src/main/java/org/apache/commons/collections4/functors/ConstantTransformer.java,org.apache.commons.collections4.functors.ConstantTransformer,ConstantTransformer/1[R],iConstant,1
/Users/larrymotuzis/Larry_Motuzis_Data/Project05_CommonsCollections/src/main/java/org/apache/commons/collections4/functors/ConstantTransformer.java,org.apache.commons.collections4.functors.ConstantTransformer,nullTransformer/0,NULL_INSTANCE,1
/Users/larrymotuzis/Larry_Motuzis_Data/Project05_CommonsCollections/src/main/java/org/apache/commons/collections4/functors/ConstantTransformer.java,org.apache.commons.collections4.functors.ConstantTransformer,transform/1[T],iConstant,1
/Users/larrymotuzis/Larry_Motuzis_Data/Project05_CommonsCollections/src/main/java/org/apache/commons/collections4/functors/ExceptionTransformer.java,org.apache.commons.collections4.functors.ExceptionTransformer,exceptionTransformer/0,INSTANCE,1
/Users/larrymotuzis/Larry_Motuzis_Data/Project05_CommonsCollections/src/main/java/org/apache/commons/collections4/functors/ExceptionTransformer.java,org.apache.commons.collections4.functors.ExceptionTransformer,readResolve/0,INSTANCE,1
/Users/larrymotuzis/Larry_Motuzis_Data/Project05_CommonsCollections/src/main/java/org/apache/commons/collections4/bloomfilter/IndexExtractor.java,org.apache.commons.collections4.bloomfilter.IndexExtractor$Anonymous1,test/1[long],wordIdx,2
/Users/larrymotuzis/Larry_Motuzis_Data/Project05_CommonsCollections/src/main/java/org/apache/commons/collections4/trie/AbstractPatriciaTrie.java,org.apache.commons.collections4.trie.AbstractPatriciaTrie$AbstractRangeMap,entrySet/0,entrySet,4
/Users/larrymotuzis/Larry_Motuzis_Data/Project05_CommonsCollections/src/main/java/org/apache/commons/collections4/trie/AbstractPatriciaTrie.java,org.apache.commons.collections4.trie.AbstractPatriciaTrie$AbstractRangeMap,createEntrySet/0,entrySet,1
/Users/larrymotuzis/Larry_Motuzis_Data/Project05_CommonsCollections/src/main/java/org/apache/commons/collections4/map/PredicatedMap.java,org.apache.commons.collections4.map.PredicatedMap,"validate/2[K,V]",keyPredicate,2
/Users/larrymotuzis/Larry_Motuzis_Data/Project05_CommonsCollections/src/main/java/org/apache/commons/collections4/map/PredicatedMap.java,org.apache.commons.collections4.map.PredicatedMap,"validate/2[K,V]",valuePredicate,2
/Users/larrymotuzis/Larry_Motuzis_Data/Project05_CommonsCollections/src/main/java/org/apache/commons/collections4/map/PredicatedMap.java,org.apache.commons.collections4.map.PredicatedMap,checkSetValue/1[V],valuePredicate,1
/Users/larrymotuzis/Larry_Motuzis_Data/Project05_CommonsCollections/src/main/java/org/apache/commons/collections4/map/PredicatedMap.java,org.apache.commons.collections4.map.PredicatedMap,isSetValueChecking/0,valuePredicate,1
/Users/larrymotuzis/Larry_Motuzis_Data/Project05_CommonsCollections/src/main/java/org/apache/commons/collections4/map/PredicatedMap.java,org.apache.commons.collections4.map.PredicatedMap,"predicatedMap/3[java.util.Map<K,V>,org.apache.commons.collections4.Predicate<? super K>,org.apache.commons.collections4.Predicate<? super V>]",keyPredicate,3
/Users/larrymotuzis/Larry_Motuzis_Data/Project05_CommonsCollections/src/main/java/org/apache/commons/collections4/map/PredicatedMap.java,org.apache.commons.collections4.map.PredicatedMap,"predicatedMap/3[java.util.Map<K,V>,org.apache.commons.collections4.Predicate<? super K>,org.apache.commons.collections4.Predicate<? super V>]",valuePredicate,3
/Users/larrymotuzis/Larry_Motuzis_Data/Project05_CommonsCollections/src/main/java/org/apache/commons/collections4/map/PredicatedMap.java,org.apache.commons.collections4.map.PredicatedMap,"PredicatedMap/3[java.util.Map<K,V>,org.apache.commons.collections4.Predicate<? super K>,org.apache.commons.collections4.Predicate<? super V>]",keyPredicate,4
/Users/larrymotuzis/Larry_Motuzis_Data/Project05_CommonsCollections/src/main/java/org/apache/commons/collections4/map/PredicatedMap.java,org.apache.commons.collections4.map.PredicatedMap,"PredicatedMap/3[java.util.Map<K,V>,org.apache.commons.collections4.Predicate<? super K>,org.apache.commons.collections4.Predicate<? super V>]",valuePredicate,4
/Users/larrymotuzis/Larry_Motuzis_Data/Project05_CommonsCollections/src/main/java/org/apache/commons/collections4/iterators/AbstractUntypedIteratorDecorator.java,org.apache.commons.collections4.iterators.AbstractUntypedIteratorDecorator,remove/0,iterator,1
/Users/larrymotuzis/Larry_Motuzis_Data/Project05_CommonsCollections/src/main/java/org/apache/commons/collections4/iterators/AbstractUntypedIteratorDecorator.java,org.apache.commons.collections4.iterators.AbstractUntypedIteratorDecorator,AbstractUntypedIteratorDecorator/1[java.util.Iterator<I>],iterator,4
/Users/larrymotuzis/Larry_Motuzis_Data/Project05_CommonsCollections/src/main/java/org/apache/commons/collections4/iterators/AbstractUntypedIteratorDecorator.java,org.apache.commons.collections4.iterators.AbstractUntypedIteratorDecorator,hasNext/0,iterator,1
/Users/larrymotuzis/Larry_Motuzis_Data/Project05_CommonsCollections/src/main/java/org/apache/commons/collections4/iterators/AbstractUntypedIteratorDecorator.java,org.apache.commons.collections4.iterators.AbstractUntypedIteratorDecorator,getIterator/0,iterator,1
/Users/larrymotuzis/Larry_Motuzis_Data/Project05_CommonsCollections/src/main/java/org/apache/commons/collections4/CollectionUtils.java,org.apache.commons.collections4.CollectionUtils$EquatorWrapper,hashCode/0,equator,1
/Users/larrymotuzis/Larry_Motuzis_Data/Project05_CommonsCollections/src/main/java/org/apache/commons/collections4/CollectionUtils.java,org.apache.commons.collections4.CollectionUtils$EquatorWrapper,hashCode/0,object,1
/Users/larrymotuzis/Larry_Motuzis_Data/Project05_CommonsCollections/src/main/java/org/apache/commons/collections4/CollectionUtils.java,org.apache.commons.collections4.CollectionUtils$EquatorWrapper,getObject/0,object,1
/Users/larrymotuzis/Larry_Motuzis_Data/Project05_CommonsCollections/src/main/java/org/apache/commons/collections4/CollectionUtils.java,org.apache.commons.collections4.CollectionUtils$EquatorWrapper,"EquatorWrapper/2[org.apache.commons.collections4.Equator<? super O>,O]",equator,3
/Users/larrymotuzis/Larry_Motuzis_Data/Project05_CommonsCollections/src/main/java/org/apache/commons/collections4/CollectionUtils.java,org.apache.commons.collections4.CollectionUtils$EquatorWrapper,"EquatorWrapper/2[org.apache.commons.collections4.Equator<? super O>,O]",object,3
/Users/larrymotuzis/Larry_Motuzis_Data/Project05_CommonsCollections/src/main/java/org/apache/commons/collections4/CollectionUtils.java,org.apache.commons.collections4.CollectionUtils$EquatorWrapper,equals/1[java.lang.Object],equator,1
/Users/larrymotuzis/Larry_Motuzis_Data/Project05_CommonsCollections/src/main/java/org/apache/commons/collections4/CollectionUtils.java,org.apache.commons.collections4.CollectionUtils$EquatorWrapper,equals/1[java.lang.Object],object,1
