file,class,type,cbo,cboModified,fanin,fanout,wmc,dit,noc,rfc,lcom,lcom*,tcc,lcc,totalMethodsQty,staticMethodsQty,publicMethodsQty,privateMethodsQty,protectedMethodsQty,defaultMethodsQty,visibleMethodsQty,abstractMethodsQty,finalMethodsQty,synchronizedMethodsQty,totalFieldsQty,staticFieldsQty,publicFieldsQty,privateFieldsQty,protectedFieldsQty,defaultFieldsQty,finalFieldsQty,synchronizedFieldsQty,nosi,loc,returnQty,loopQty,comparisonsQty,tryCatchQty,parenthesizedExpsQty,stringLiteralsQty,numbersQty,assignmentsQty,mathOperationsQty,variablesQty,maxNestedBlocksQty,anonymousClassesQty,innerClassesQty,lambdasQty,uniqueWordsQty,modifiers,logStatementsQty
/Users/larrymotuzis/Larry_Motuzis_Data/Project06_POI/poi/src/main/java/org/apache/poi/hssf/usermodel/HSSFBorderFormatting.java,org.apache.poi.hssf.usermodel.HSSFBorderFormatting,class,9,11,2,9,65,1,0,48,198,0.65277773,0.41223404,0.41223404,48,0,46,0,2,0,48,0,0,0,3,0,0,3,0,0,3,0,0,250,24,0,15,0,0,0,15,13,0,13,1,0,0,0,49,17,0
/Users/larrymotuzis/Larry_Motuzis_Data/Project06_POI/poi/src/main/java/org/apache/poi/hssf/record/PasswordRev4Record.java,org.apache.poi.hssf.record.PasswordRev4Record,class,5,8,3,5,10,4,0,3,15,0.65,0.33333334,0.33333334,10,0,9,0,1,0,10,0,0,0,2,1,1,1,0,0,1,0,0,35,5,0,0,0,0,1,2,5,0,2,0,0,0,1,43,17,0
/Users/larrymotuzis/Larry_Motuzis_Data/Project06_POI/poi/src/main/java/org/apache/poi/ss/formula/ptg/ArrayPtg.java,org.apache.poi.ss.formula.ptg.ArrayPtg,class,7,13,6,7,38,2,0,17,30,0.7254902,0.44166666,0.65,17,1,14,1,0,2,16,0,0,0,9,3,2,7,0,0,9,0,6,138,16,6,4,0,4,25,24,37,15,23,3,0,0,4,167,17,0
/Users/larrymotuzis/Larry_Motuzis_Data/Project06_POI/poi/src/main/java/org/apache/poi/common/usermodel/GenericRecord.java,org.apache.poi.common.usermodel.GenericRecord,interface,0,7,7,0,3,1,0,0,3,0.0,0.0,0.0,3,0,0,0,0,3,3,0,0,0,0,0,0,0,0,0,0,0,0,9,2,0,0,0,0,0,0,0,0,0,0,0,0,0,7,1,0
/Users/larrymotuzis/Larry_Motuzis_Data/Project06_POI/poi/src/main/java/org/apache/poi/ss/util/CellReference.java,org.apache.poi.ss.util.CellReference$CellRefParts,innerclass,0,0,0,0,3,1,0,0,0,0.0,-1.0,-1.0,1,0,0,1,0,0,0,0,0,0,3,0,0,0,0,3,3,0,0,10,0,0,2,0,2,2,0,3,0,3,0,0,0,0,8,26,0
/Users/larrymotuzis/Larry_Motuzis_Data/Project06_POI/poi/src/main/java/org/apache/poi/ddf/EscherSerializationListener.java,org.apache.poi.ddf.EscherSerializationListener,interface,1,19,18,1,2,1,0,0,1,0.0,0.0,0.0,2,0,0,0,0,2,2,0,0,0,0,0,0,0,0,0,0,0,0,4,0,0,0,0,0,0,0,0,0,0,0,0,0,0,48,1,0
/Users/larrymotuzis/Larry_Motuzis_Data/Project06_POI/poi/src/main/java/org/apache/poi/ss/formula/eval/BlankEval.java,org.apache.poi.ss.formula.eval.BlankEval,class,2,15,13,2,1,1,0,0,0,1.0,-1.0,-1.0,1,0,0,1,0,0,0,0,0,0,1,1,1,0,0,0,1,0,0,5,0,0,0,0,0,0,0,1,0,1,0,0,0,0,12,17,0
/Users/larrymotuzis/Larry_Motuzis_Data/Project06_POI/poi/src/main/java/org/apache/poi/ss/formula/functions/FinanceFunction.java,org.apache.poi.ss.formula.functions.FinanceFunction,class,10,11,1,10,19,1,0,6,17,0.8095238,0.0952381,0.14285715,7,0,4,0,3,0,7,1,0,0,6,6,4,2,0,0,6,0,6,96,9,0,5,1,0,2,27,22,0,17,2,4,0,0,44,1025,0
/Users/larrymotuzis/Larry_Motuzis_Data/Project06_POI/poi/src/main/java/org/apache/poi/ss/formula/functions/Countif.java,org.apache.poi.ss.formula.functions.Countif$BooleanMatcher,innerclass,8,8,0,8,12,2,0,4,0,0.25,1.0,1.0,4,1,2,1,1,0,3,0,0,0,1,0,0,1,0,0,1,0,2,43,9,0,1,0,3,2,3,3,1,3,2,0,0,0,27,26,0
/Users/larrymotuzis/Larry_Motuzis_Data/Project06_POI/poi/src/main/java/org/apache/poi/ss/usermodel/PaneType.java,org.apache.poi.ss.usermodel.PaneType,enum,0,1,1,0,0,1,0,0,0,0.0,-1.0,-1.0,0,0,0,0,0,0,0,0,0,0,0,0,0,0,0,0,0,0,0,1,0,0,0,0,0,0,0,0,0,0,0,0,0,0,17,1,0
/Users/larrymotuzis/Larry_Motuzis_Data/Project06_POI/poi/src/main/java/org/apache/poi/ss/usermodel/PageOrder.java,org.apache.poi.ss.usermodel.PageOrder,enum,1,2,1,1,5,1,0,2,0,0.33333334,0.0,0.0,3,1,2,1,0,0,3,0,0,0,2,1,0,2,0,0,1,0,1,19,2,1,0,0,0,0,3,3,0,2,1,0,0,0,29,1,0
/Users/larrymotuzis/Larry_Motuzis_Data/Project06_POI/poi/src/main/java/org/apache/poi/sl/usermodel/PaintStyle.java,org.apache.poi.sl.usermodel.PaintStyle$TextureAlignment,enum,1,1,0,1,4,1,0,2,0,0.0,1.0,1.0,2,1,1,0,0,1,2,0,0,0,1,0,0,1,0,0,1,0,1,13,2,1,0,0,0,9,0,1,0,1,2,0,0,0,25,0,0
/Users/larrymotuzis/Larry_Motuzis_Data/Project06_POI/poi/src/main/java/org/apache/poi/sl/usermodel/PictureData.java,org.apache.poi.sl.usermodel.PictureData$PictureType,enum,1,1,0,1,8,1,0,1,0,0.5,0.6666667,1.0,3,2,2,0,0,1,3,0,0,0,2,0,2,0,0,0,2,0,2,38,4,2,2,0,0,34,34,4,0,4,2,0,0,0,86,0,0
/Users/larrymotuzis/Larry_Motuzis_Data/Project06_POI/poi/src/main/java/org/apache/poi/sl/usermodel/VerticalAlignment.java,org.apache.poi.sl.usermodel.VerticalAlignment,enum,0,1,1,0,0,1,0,0,0,0.0,-1.0,-1.0,0,0,0,0,0,0,0,0,0,0,0,0,0,0,0,0,0,0,0,6,0,0,0,0,0,0,0,0,0,0,0,0,0,0,78,1,0
/Users/larrymotuzis/Larry_Motuzis_Data/Project06_POI/poi/src/main/java/org/apache/poi/ss/formula/ptg/NameXPtg.java,org.apache.poi.ss.formula.ptg.NameXPtg,class,8,15,7,8,13,3,0,6,66,0.83076924,0.045454547,0.09090909,13,0,12,1,0,0,12,0,0,0,5,2,1,4,0,0,5,0,1,51,8,0,0,0,0,3,5,5,3,5,0,0,0,0,91,17,0
/Users/larrymotuzis/Larry_Motuzis_Data/Project06_POI/poi/src/main/java/org/apache/poi/hssf/record/PrintSetupRecord.java,org.apache.poi.hssf.record.PrintSetupRecord,class,6,9,3,6,47,4,0,21,569,0.9095746,0.23681776,0.7585569,47,0,46,0,1,0,47,0,0,0,20,9,1,19,0,0,9,0,1,205,24,0,0,0,0,19,10,51,0,21,0,0,0,0,120,17,0
/Users/larrymotuzis/Larry_Motuzis_Data/Project06_POI/poi/src/main/java/org/apache/poi/hssf/record/Record.java,org.apache.poi.hssf.record.Record,class,8,54,46,8,10,2,6,9,28,0.0,0.0,0.0,8,0,6,0,2,0,8,3,2,0,0,0,0,0,0,0,0,0,1,33,3,0,1,1,0,2,3,5,1,4,1,0,0,0,95,1025,0
/Users/larrymotuzis/Larry_Motuzis_Data/Project06_POI/poi/src/main/java/org/apache/poi/ss/formula/functions/Function.java,org.apache.poi.ss.formula.functions.Function,interface,1,44,43,1,1,1,0,0,0,0.0,NaN,NaN,1,0,0,0,0,1,1,0,0,0,0,0,0,0,0,0,0,0,0,3,0,0,0,0,0,0,0,0,0,0,0,0,0,0,58,1,0
/Users/larrymotuzis/Larry_Motuzis_Data/Project06_POI/poi/src/main/java/org/apache/poi/ss/formula/functions/TDist2t.java,org.apache.poi.ss.formula.functions.TDist2t,class,6,7,1,6,9,2,0,11,3,1.0,0.0,0.0,3,1,2,1,0,0,2,0,0,0,1,1,1,0,0,0,1,0,3,37,9,0,3,1,0,0,5,6,0,6,2,0,0,0,93,17,0
/Users/larrymotuzis/Larry_Motuzis_Data/Project06_POI/poi/src/main/java/org/apache/poi/hssf/usermodel/HSSFHeader.java,org.apache.poi.hssf.usermodel.HSSFHeader,class,4,5,1,4,5,2,0,4,0,0.0,1.0,1.0,3,0,0,0,3,0,3,0,0,0,1,0,0,1,0,0,1,0,0,23,2,0,2,0,0,1,0,4,0,3,1,0,0,0,66,17,0
/Users/larrymotuzis/Larry_Motuzis_Data/Project06_POI/poi/src/main/java/org/apache/poi/hpsf/MissingSectionException.java,org.apache.poi.hpsf.MissingSectionException,class,1,2,1,1,4,5,0,0,6,0.0,0.0,0.0,4,0,4,0,0,0,4,0,0,0,0,0,0,0,0,0,0,0,0,14,0,0,0,0,0,0,0,0,0,0,0,0,0,0,41,1,0
/Users/larrymotuzis/Larry_Motuzis_Data/Project06_POI/poi/src/main/java/org/apache/poi/ss/format/CellFormatPart.java,org.apache.poi.ss.format.CellFormatPart$PartHandler,interface,1,1,0,1,1,1,0,0,0,0.0,NaN,NaN,1,0,0,0,0,1,1,0,0,0,0,0,0,0,0,0,0,0,0,3,0,0,0,0,0,0,0,0,0,0,0,0,0,0,10,0,0
/Users/larrymotuzis/Larry_Motuzis_Data/Project06_POI/poi/src/main/java/org/apache/poi/ss/usermodel/FormulaEvaluator.java,org.apache.poi.ss.usermodel.FormulaEvaluator,interface,4,8,4,4,11,1,0,0,55,0.0,0.0,0.0,11,0,0,0,0,11,11,0,0,0,0,0,0,0,0,0,0,0,0,13,0,0,0,0,0,0,0,0,0,0,0,0,0,0,238,1,0
/Users/larrymotuzis/Larry_Motuzis_Data/Project06_POI/poi/src/main/java/org/apache/poi/hssf/record/PrecisionRecord.java,org.apache.poi.hssf.record.PrecisionRecord,class,5,8,3,5,13,4,0,3,35,0.72727275,0.18181819,0.18181819,11,0,10,0,1,0,11,0,0,0,2,1,1,1,0,0,1,0,0,37,6,0,1,0,2,1,5,4,0,2,0,0,0,0,61,17,0
/Users/larrymotuzis/Larry_Motuzis_Data/Project06_POI/poi/src/main/java/org/apache/poi/ss/formula/functions/WeekNum.java,org.apache.poi.ss.formula.functions.WeekNum,class,11,12,1,11,19,2,0,18,0,0.4333333,0.33333334,0.33333334,3,0,3,0,0,0,3,0,0,0,10,3,1,9,0,0,3,0,13,81,16,0,11,3,0,0,32,16,0,15,2,0,0,0,101,1,0
/Users/larrymotuzis/Larry_Motuzis_Data/Project06_POI/poi/src/main/java/org/apache/poi/common/usermodel/fonts/FontHeader.java,org.apache.poi.common.usermodel.fonts.FontHeader$PanoseContrast,enum,0,0,0,0,0,1,0,0,0,0.0,-1.0,-1.0,0,0,0,0,0,0,0,0,0,0,0,0,0,0,0,0,0,0,0,1,0,0,0,0,0,0,0,0,0,0,0,0,0,0,11,1,0
/Users/larrymotuzis/Larry_Motuzis_Data/Project06_POI/poi/src/main/java/org/apache/poi/hpsf/NoSingleSectionException.java,org.apache.poi.hpsf.NoSingleSectionException,class,1,1,0,1,4,5,0,0,6,0.0,0.0,0.0,4,0,4,0,0,0,4,0,0,0,0,0,0,0,0,0,0,0,0,14,0,0,0,0,0,0,0,0,0,0,0,0,0,0,46,1,0
/Users/larrymotuzis/Larry_Motuzis_Data/Project06_POI/poi/src/main/java/org/apache/poi/hssf/record/HorizontalPageBreakRecord.java,org.apache.poi.hssf.record.HorizontalPageBreakRecord,class,4,7,3,4,6,5,0,0,15,0.8333333,0.0,0.0,6,0,6,0,0,0,6,0,0,0,1,1,1,0,0,0,1,0,0,20,3,0,0,0,0,0,1,1,0,1,0,0,0,0,36,17,0
/Users/larrymotuzis/Larry_Motuzis_Data/Project06_POI/poi/src/main/java/org/apache/poi/hssf/record/chart/PlotGrowthRecord.java,org.apache.poi.hssf.record.chart.PlotGrowthRecord,class,5,7,2,5,13,4,0,3,44,0.71794873,0.21794872,0.26923078,13,0,12,0,1,0,13,0,0,0,3,1,1,2,0,0,1,0,0,46,7,0,0,0,0,2,3,7,1,3,0,0,0,0,51,17,0
/Users/larrymotuzis/Larry_Motuzis_Data/Project06_POI/poi/src/main/java/org/apache/poi/ss/formula/functions/MinaMaxa.java,org.apache.poi.ss.formula.functions.MinaMaxa,class,3,4,1,3,1,2,0,0,0,0.0,NaN,NaN,1,0,0,0,1,0,1,0,0,0,2,2,2,0,0,0,2,0,0,17,0,0,0,0,0,0,0,2,0,2,0,2,0,0,11,1025,0
/Users/larrymotuzis/Larry_Motuzis_Data/Project06_POI/poi/src/main/java/org/apache/poi/util/FontMetricsDumper.java,org.apache.poi.util.FontMetricsDumper,class,1,1,0,1,8,1,0,15,0,0.0,NaN,NaN,1,1,1,0,0,0,1,0,0,0,0,0,0,0,0,0,0,0,4,38,0,7,0,1,0,17,1,15,4,15,2,0,0,0,25,1,0
/Users/larrymotuzis/Larry_Motuzis_Data/Project06_POI/poi/src/main/java/org/apache/poi/sl/usermodel/AutoNumberingScheme.java,org.apache.poi.sl.usermodel.AutoNumberingScheme,enum,2,5,3,2,78,1,0,18,49,0.8181819,0.2,0.3,11,4,4,6,0,1,5,0,0,0,6,5,1,5,0,0,6,0,9,226,65,5,5,0,3,131,103,23,6,20,2,0,0,0,127,1,0
/Users/larrymotuzis/Larry_Motuzis_Data/Project06_POI/poi/src/main/java/org/apache/poi/ss/formula/ConditionalFormattingEvaluator.java,org.apache.poi.ss.formula.ConditionalFormattingEvaluator,class,14,16,2,14,31,1,0,47,50,0.7916666,0.121212125,0.3181818,12,1,10,0,2,0,12,0,0,0,4,0,0,4,0,0,4,0,8,111,11,7,7,0,0,0,2,27,0,23,4,0,0,0,247,1,0
/Users/larrymotuzis/Larry_Motuzis_Data/Project06_POI/poi/src/main/java/org/apache/poi/ss/formula/functions/Intercept.java,org.apache.poi.ss.formula.functions.Intercept,class,3,4,1,3,2,2,0,1,0,0.0,1.0,1.0,2,0,2,0,0,0,2,0,0,0,1,0,0,1,0,0,1,0,0,9,1,0,0,0,0,0,0,1,0,1,0,0,0,0,39,17,0
/Users/larrymotuzis/Larry_Motuzis_Data/Project06_POI/poi/src/main/java/org/apache/poi/hssf/record/LabelSSTRecord.java,org.apache.poi.hssf.record.LabelSSTRecord,class,5,8,3,5,12,5,0,4,54,0.7916667,0.09090909,0.09090909,12,0,9,0,3,0,12,0,0,0,2,1,1,1,0,0,1,0,0,41,7,0,0,0,0,3,2,4,0,2,0,0,0,0,47,17,0
/Users/larrymotuzis/Larry_Motuzis_Data/Project06_POI/poi/src/main/java/org/apache/poi/sl/draw/geom/ArcToCommand.java,org.apache.poi.sl.draw.geom.ArcToCommand,class,3,7,4,3,20,1,0,6,13,0.6363636,0.38181818,0.8181818,11,1,11,0,0,0,11,0,0,0,4,0,0,4,0,0,0,0,9,70,9,0,1,0,3,0,17,18,5,9,1,0,0,0,137,1,0
/Users/larrymotuzis/Larry_Motuzis_Data/Project06_POI/poi/src/main/java/org/apache/poi/ss/usermodel/Picture.java,org.apache.poi.ss.usermodel.Picture,interface,4,5,1,4,9,1,0,0,36,0.0,0.0,0.0,9,0,0,0,0,9,9,0,0,0,0,0,0,0,0,0,0,0,0,11,0,0,0,0,0,0,0,0,0,0,0,0,0,0,79,1,0
/Users/larrymotuzis/Larry_Motuzis_Data/Project06_POI/poi/src/main/java/org/apache/poi/ss/formula/functions/Minifs.java,org.apache.poi.ss.formula.functions.Minifs$Anonymous1,anonymous,2,2,0,2,6,1,0,1,0,0.0,1.0,1.0,2,0,2,0,0,0,2,0,0,0,1,0,0,0,0,1,0,0,0,12,1,0,2,0,2,0,2,3,0,2,1,0,0,0,11,-1,0
/Users/larrymotuzis/Larry_Motuzis_Data/Project06_POI/poi/src/main/java/org/apache/poi/ss/formula/ptg/RefErrorPtg.java,org.apache.poi.ss.formula.ptg.RefErrorPtg,class,6,9,3,6,10,3,0,6,23,0.73333335,0.24444444,0.33333334,10,0,10,0,0,0,10,0,0,0,3,2,1,2,0,0,3,0,1,37,6,0,0,0,0,1,3,5,1,3,0,0,0,1,37,17,0
/Users/larrymotuzis/Larry_Motuzis_Data/Project06_POI/poi/src/main/java/org/apache/poi/hssf/record/SharedValueRecordBase.java,org.apache.poi.hssf.record.SharedValueRecordBase,class,5,12,7,5,23,4,3,9,15,0.33333334,0.42857143,0.42857143,15,0,9,0,6,0,15,2,7,0,1,0,0,1,0,0,0,0,0,51,8,0,4,0,1,1,4,5,1,3,1,0,0,0,70,1025,0
/Users/larrymotuzis/Larry_Motuzis_Data/Project06_POI/poi/src/main/java/org/apache/poi/ss/formula/functions/CountUtils.java,org.apache.poi.ss.formula.functions.CountUtils$I_MatchPredicate,interface,1,1,0,1,1,1,0,0,0,0.0,NaN,NaN,1,0,0,0,0,1,1,0,0,0,0,0,0,0,0,0,0,0,0,3,0,0,0,0,0,0,0,0,0,0,0,0,0,0,11,1,0
/Users/larrymotuzis/Larry_Motuzis_Data/Project06_POI/poi/src/main/java/org/apache/poi/ss/usermodel/Shape.java,org.apache.poi.ss.usermodel.Shape,interface,2,5,3,2,7,1,0,0,21,0.0,0.0,0.0,7,0,0,0,0,7,7,0,0,0,0,0,0,0,0,0,0,0,0,9,0,0,0,0,0,0,0,0,0,0,0,0,0,0,52,1,0
/Users/larrymotuzis/Larry_Motuzis_Data/Project06_POI/poi/src/main/java/org/apache/poi/ss/formula/functions/MatrixFunction.java,org.apache.poi.ss.formula.functions.MatrixFunction$Anonymous1,anonymous,6,6,0,6,5,1,0,3,1,0.5,0.0,0.0,2,0,0,0,2,0,2,0,0,0,1,0,0,1,0,0,1,0,0,15,2,0,2,0,0,0,2,3,0,3,1,0,0,0,20,-1,0
/Users/larrymotuzis/Larry_Motuzis_Data/Project06_POI/poi/src/main/java/org/apache/poi/ss/formula/functions/MatrixFunction.java,org.apache.poi.ss.formula.functions.MatrixFunction$Anonymous2,anonymous,4,4,0,4,2,1,0,3,1,0.5,0.0,0.0,2,0,0,0,2,0,2,0,0,0,1,0,0,1,0,0,1,0,0,10,2,0,0,0,0,0,0,2,0,2,0,0,0,0,18,-1,0
/Users/larrymotuzis/Larry_Motuzis_Data/Project06_POI/poi/src/main/java/org/apache/poi/ss/formula/functions/MatrixFunction.java,org.apache.poi.ss.formula.functions.MatrixFunction$Anonymous3,anonymous,6,6,0,6,5,1,0,4,1,0.5,0.0,0.0,2,0,0,0,2,0,2,0,0,0,1,0,0,1,0,0,1,0,0,19,2,0,1,1,0,0,1,4,0,4,1,0,0,0,25,-1,0
/Users/larrymotuzis/Larry_Motuzis_Data/Project06_POI/poi/src/main/java/org/apache/poi/ss/util/SheetUtil.java,org.apache.poi.ss.util.SheetUtil$Function5Arity,interface,6,6,0,6,1,1,0,0,0,0.0,NaN,NaN,1,0,0,0,0,1,1,0,0,0,0,0,0,0,0,0,0,0,0,3,0,0,0,0,0,0,0,0,0,0,0,0,0,0,26,1,0
/Users/larrymotuzis/Larry_Motuzis_Data/Project06_POI/poi/src/main/java/org/apache/poi/ss/formula/functions/LinearRegressionFunction.java,org.apache.poi.ss.formula.functions.LinearRegressionFunction$FUNCTION,enum,0,0,0,0,0,1,0,0,0,0.0,-1.0,-1.0,0,0,0,0,0,0,0,0,0,0,0,0,0,0,0,0,0,0,0,1,0,0,0,0,0,0,0,0,0,0,0,0,0,0,12,1,0
/Users/larrymotuzis/Larry_Motuzis_Data/Project06_POI/poi/src/main/java/org/apache/poi/sl/usermodel/StrokeStyle.java,org.apache.poi.sl.usermodel.StrokeStyle$LineCompound,enum,1,1,0,1,7,1,0,1,0,0.33333334,0.6666667,1.0,3,2,2,0,0,1,3,0,0,0,2,0,2,0,0,0,2,0,2,24,4,2,2,0,0,0,10,2,0,2,2,0,0,0,42,0,0
/Users/larrymotuzis/Larry_Motuzis_Data/Project06_POI/poi/src/main/java/org/apache/poi/sl/draw/DrawTextParagraph.java,org.apache.poi.sl.draw.DrawTextParagraph$XlinkAttribute,innerclass,1,1,0,1,4,2,0,2,1,0.0,0.0,0.0,2,0,0,0,1,1,2,0,0,0,0,0,0,0,0,0,0,0,0,14,2,0,0,0,0,1,0,0,0,0,1,0,0,0,40,10,0
/Users/larrymotuzis/Larry_Motuzis_Data/Project06_POI/poi/src/main/java/org/apache/poi/poifs/property/PropertyConstants.java,org.apache.poi.poifs.property.PropertyConstants,interface,0,0,0,0,0,1,0,0,0,NaN,-1.0,-1.0,0,0,0,0,0,0,0,0,0,0,4,4,4,0,0,0,4,0,0,6,0,0,0,0,0,0,4,4,0,4,0,0,0,0,19,1,0
/Users/larrymotuzis/Larry_Motuzis_Data/Project06_POI/poi/src/main/java/org/apache/poi/ss/formula/ParseNode.java,org.apache.poi.ss.formula.ParseNode$TokenCollector,innerclass,1,1,0,1,9,1,0,1,0,0.33333334,0.8,1.0,6,0,6,0,0,0,6,0,0,0,2,0,0,2,0,0,1,0,0,34,3,1,2,0,0,3,2,7,1,4,1,0,0,0,30,26,0
/Users/larrymotuzis/Larry_Motuzis_Data/Project06_POI/poi/src/main/java/org/apache/poi/poifs/crypt/cryptoapi/CryptoAPIDecryptor.java,org.apache.poi.poifs.crypt.cryptoapi.CryptoAPIDecryptor$StreamDescriptorEntry,innerclass,1,1,0,1,0,1,0,1,0,NaN,-1.0,-1.0,0,0,0,0,0,0,0,0,0,0,7,1,0,0,0,7,1,0,0,9,0,0,0,0,0,0,1,1,0,7,0,0,0,0,13,8,0
/Users/larrymotuzis/Larry_Motuzis_Data/Project06_POI/poi/src/main/java/org/apache/poi/hssf/usermodel/HSSFOptimiser.java,org.apache.poi.hssf.usermodel.HSSFOptimiser,class,14,15,1,14,61,1,0,38,3,0.0,0.0,0.0,3,3,2,1,0,0,2,0,0,0,0,0,0,0,0,0,0,0,2,189,1,28,12,0,3,0,31,84,2,61,7,0,0,0,149,1,0
/Users/larrymotuzis/Larry_Motuzis_Data/Project06_POI/poi/src/main/java/org/apache/poi/util/GenericRecordXmlWriter.java,org.apache.poi.util.GenericRecordXmlWriter,class,8,10,2,8,76,1,0,114,7,0.8031746,0.4487395,0.589916,35,5,8,1,26,0,35,0,0,0,9,4,0,9,0,0,5,0,34,405,28,3,7,1,22,112,37,72,29,52,2,0,1,5,157,1,0
/Users/larrymotuzis/Larry_Motuzis_Data/Project06_POI/poi/src/main/java/org/apache/poi/ss/usermodel/IgnoredErrorType.java,org.apache.poi.ss.usermodel.IgnoredErrorType,enum,0,0,0,0,0,1,0,0,0,0.0,-1.0,-1.0,0,0,0,0,0,0,0,0,0,0,0,0,0,0,0,0,0,0,0,10,0,0,0,0,0,0,0,0,0,0,0,0,0,0,79,1,0
/Users/larrymotuzis/Larry_Motuzis_Data/Project06_POI/poi/src/main/java/org/apache/poi/hssf/record/chart/DataLabelExtensionRecord.java,org.apache.poi.hssf.record.chart.DataLabelExtensionRecord,class,6,8,2,6,8,4,0,6,16,0.59375,0.21428572,0.21428572,8,0,6,0,2,0,8,0,0,0,4,1,1,3,0,0,2,0,1,37,5,0,0,0,0,3,7,6,1,4,0,0,0,3,39,17,0
/Users/larrymotuzis/Larry_Motuzis_Data/Project06_POI/poi/src/main/java/org/apache/poi/hssf/usermodel/HSSFObjectData.java,org.apache.poi.hssf.usermodel.HSSFObjectData,class,17,21,4,17,16,4,0,24,49,0.72727275,0.054545455,0.054545455,11,0,5,0,5,1,11,0,0,0,1,0,0,1,0,0,1,0,1,58,6,1,2,0,0,7,3,12,3,12,2,0,0,0,88,17,0
/Users/larrymotuzis/Larry_Motuzis_Data/Project06_POI/poi/src/main/java/org/apache/poi/ss/formula/ptg/AddPtg.java,org.apache.poi.ss.formula.ptg.AddPtg,class,2,5,3,2,5,4,0,0,10,0.8,0.0,0.0,5,0,4,1,0,0,4,0,0,0,3,3,2,1,0,0,3,0,0,19,4,0,0,0,0,1,4,3,1,3,0,0,0,0,31,17,0
/Users/larrymotuzis/Larry_Motuzis_Data/Project06_POI/poi/src/main/java/org/apache/poi/ss/usermodel/DataFormatter.java,org.apache.poi.ss.usermodel.DataFormatter,class,22,32,10,22,185,7,0,113,583,0.938856,0.092307694,0.18769231,39,3,24,14,0,1,26,0,0,0,26,14,0,26,0,0,16,0,32,763,63,12,64,5,10,94,40,152,23,104,5,0,6,0,513,1,3
/Users/larrymotuzis/Larry_Motuzis_Data/Project06_POI/poi/src/main/java/org/apache/poi/wp/usermodel/CharacterRun.java,org.apache.poi.wp.usermodel.CharacterRun,interface,0,0,0,0,29,1,0,0,406,0.0,0.0,0.0,29,0,0,0,0,29,29,0,0,0,0,0,0,0,0,0,0,0,0,31,0,0,0,0,0,0,0,0,0,0,0,0,0,0,71,1,0
/Users/larrymotuzis/Larry_Motuzis_Data/Project06_POI/poi/src/main/java/org/apache/poi/ss/formula/functions/Function3Arg.java,org.apache.poi.ss.formula.functions.Function3Arg,interface,2,9,7,2,1,1,0,0,0,0.0,NaN,NaN,1,0,0,0,0,1,1,0,0,0,0,0,0,0,0,0,0,0,0,3,0,0,0,0,0,0,0,0,0,0,0,0,0,0,19,1,0
/Users/larrymotuzis/Larry_Motuzis_Data/Project06_POI/poi/src/main/java/org/apache/poi/ss/format/CellNumberFormatter.java,org.apache.poi.ss.format.CellNumberFormatter$Special,innerclass,0,0,0,0,2,1,0,0,0,0.0,1.0,1.0,2,0,1,0,0,1,2,0,0,0,2,0,0,0,0,2,1,0,0,11,1,0,0,0,0,2,0,2,1,2,0,0,0,0,21,8,0
/Users/larrymotuzis/Larry_Motuzis_Data/Project06_POI/poi/src/main/java/org/apache/poi/ss/formula/functions/TextFunction.java,org.apache.poi.ss.formula.functions.TextFunction$SingleArgTextFunc,innerclass,6,6,0,6,4,2,0,3,3,0.0,0.0,0.0,3,0,1,0,2,0,3,1,0,0,0,0,0,0,0,0,0,0,1,15,2,0,0,1,0,0,0,1,0,1,1,0,0,0,15,1034,0
/Users/larrymotuzis/Larry_Motuzis_Data/Project06_POI/poi/src/main/java/org/apache/poi/ss/usermodel/DifferentialStyleProvider.java,org.apache.poi.ss.usermodel.DifferentialStyleProvider,interface,4,10,6,4,5,1,0,0,10,0.0,0.0,0.0,5,0,0,0,0,5,5,0,0,0,0,0,0,0,0,0,0,0,0,7,0,0,0,0,0,0,0,0,0,0,0,0,0,0,68,1,0
/Users/larrymotuzis/Larry_Motuzis_Data/Project06_POI/poi/src/main/java/org/apache/poi/hssf/record/ProtectionRev4Record.java,org.apache.poi.hssf.record.ProtectionRev4Record,class,6,9,3,6,12,4,0,7,36,0.75,0.13333334,0.13333334,12,0,9,2,1,0,10,0,0,0,3,2,1,2,0,0,2,0,0,43,6,0,0,0,0,2,4,5,0,3,0,0,0,1,49,17,0
/Users/larrymotuzis/Larry_Motuzis_Data/Project06_POI/poi/src/main/java/org/apache/poi/ss/usermodel/RichTextString.java,org.apache.poi.ss.usermodel.RichTextString,interface,1,7,6,1,9,1,0,0,36,0.0,0.0,0.0,9,0,0,0,0,9,9,0,0,0,0,0,0,0,0,0,0,0,0,11,0,0,0,0,0,0,0,0,0,0,0,0,0,0,55,1,0
/Users/larrymotuzis/Larry_Motuzis_Data/Project06_POI/poi/src/main/java/org/apache/poi/ss/formula/eval/StringEval.java,org.apache.poi.ss.formula.eval.StringEval,class,4,41,37,4,5,1,0,3,0,0.625,0.5,0.5,4,0,4,0,0,0,4,0,0,0,2,1,1,1,0,0,2,0,0,19,2,0,1,0,1,4,0,2,1,2,1,0,0,0,28,17,0
/Users/larrymotuzis/Larry_Motuzis_Data/Project06_POI/poi/src/main/java/org/apache/poi/hpsf/VersionedStream.java,org.apache.poi.hpsf.VersionedStream,class,5,6,1,5,2,1,0,2,1,0.5,0.0,0.0,2,0,2,0,0,0,2,0,0,0,2,0,0,2,0,0,2,0,0,10,0,0,0,0,0,0,0,2,0,2,0,0,0,0,19,1,0
/Users/larrymotuzis/Larry_Motuzis_Data/Project06_POI/poi/src/main/java/org/apache/poi/ss/formula/functions/LookupUtils.java,org.apache.poi.ss.formula.functions.LookupUtils$CompareResult,innerclass,1,1,0,1,17,1,0,3,12,0.7083333,0.04761905,0.04761905,9,2,7,2,0,0,7,0,0,0,8,4,4,4,0,0,8,0,0,69,15,0,1,0,0,7,9,12,1,8,1,0,0,0,94,25,0
/Users/larrymotuzis/Larry_Motuzis_Data/Project06_POI/poi/src/main/java/org/apache/poi/ss/util/MutableFPNumber.java,org.apache.poi.ss.util.MutableFPNumber$TenPower,innerclass,1,1,0,1,4,1,0,6,1,0.5,NaN,NaN,2,1,0,1,0,1,1,0,0,0,6,2,4,2,0,0,6,0,1,35,1,0,1,0,1,0,7,18,5,13,1,0,0,0,37,26,0
/Users/larrymotuzis/Larry_Motuzis_Data/Project06_POI/poi/src/main/java/org/apache/poi/ss/formula/functions/Fixed0ArgFunction.java,org.apache.poi.ss.formula.functions.Fixed0ArgFunction,class,4,5,1,4,2,1,0,1,0,0.0,NaN,NaN,1,0,1,0,0,0,1,0,1,0,0,0,0,0,0,0,0,0,0,8,2,0,1,0,0,1,1,0,0,0,1,0,0,0,23,1025,0
/Users/larrymotuzis/Larry_Motuzis_Data/Project06_POI/poi/src/main/java/org/apache/poi/ddf/EscherClientDataRecord.java,org.apache.poi.ddf.EscherClientDataRecord,class,6,7,1,6,19,2,0,11,55,0.82857144,0.1978022,0.30769232,14,2,14,0,0,0,14,0,0,0,5,4,1,4,0,0,3,0,1,62,10,0,5,0,4,2,12,12,9,8,1,0,0,0,74,1,0
/Users/larrymotuzis/Larry_Motuzis_Data/Project06_POI/poi/src/main/java/org/apache/poi/poifs/crypt/xor/XORDecryptor.java,org.apache.poi.poifs.crypt.xor.XORDecryptor,class,11,15,4,11,13,4,0,9,41,0.8,0.044444446,0.06666667,10,1,7,0,3,0,10,0,0,0,2,0,0,2,0,0,0,0,3,89,7,0,3,0,0,3,3,11,0,8,1,0,1,0,59,1,0
/Users/larrymotuzis/Larry_Motuzis_Data/Project06_POI/poi/src/main/java/org/apache/poi/hssf/record/PageBreakRecord.java,org.apache.poi.hssf.record.PageBreakRecord$Break,innerclass,4,4,0,4,8,1,0,3,0,0.4375,0.89285713,1.0,8,0,8,0,0,0,8,0,0,0,4,1,1,3,0,0,1,0,0,38,4,0,0,0,0,3,3,10,2,4,0,0,0,3,54,25,0
/Users/larrymotuzis/Larry_Motuzis_Data/Project06_POI/poi/src/main/java/org/apache/poi/sl/draw/DrawTexturePaint.java,org.apache.poi.sl.draw.DrawTexturePaint,class,8,10,2,8,40,2,0,49,0,0.6530613,0.6,1.0,7,0,5,1,0,1,6,0,0,0,6,1,0,6,0,0,6,0,13,162,9,0,14,0,25,0,69,64,57,42,2,0,0,0,88,1,0
/Users/larrymotuzis/Larry_Motuzis_Data/Project06_POI/poi/src/main/java/org/apache/poi/poifs/storage/BlockWritable.java,org.apache.poi.poifs.storage.BlockWritable,interface,0,1,1,0,1,1,0,0,0,0.0,NaN,NaN,1,0,0,0,0,1,1,0,0,0,0,0,0,0,0,0,0,0,0,3,0,0,0,0,0,0,0,0,0,0,0,0,0,0,31,1,0
/Users/larrymotuzis/Larry_Motuzis_Data/Project06_POI/poi/src/main/java/org/apache/poi/sl/draw/geom/LineToCommandIf.java,org.apache.poi.sl.draw.geom.LineToCommandIf,interface,4,6,2,4,3,1,0,5,3,0.0,0.0,0.0,3,0,0,0,0,3,3,0,0,0,0,0,0,0,0,0,0,0,0,10,0,0,0,0,0,0,0,3,0,3,0,0,0,0,16,1,0
/Users/larrymotuzis/Larry_Motuzis_Data/Project06_POI/poi/src/main/java/org/apache/poi/hpsf/PropertySet.java,org.apache.poi.hpsf.PropertySet,class,20,25,5,20,81,1,2,82,860,0.93131316,0.04761905,0.08478513,45,5,32,3,1,9,42,0,0,0,11,6,3,5,0,3,7,0,22,317,40,7,10,4,4,19,31,64,4,47,3,0,0,0,407,1,0
/Users/larrymotuzis/Larry_Motuzis_Data/Project06_POI/poi/src/main/java/org/apache/poi/poifs/crypt/EncryptionVerifier.java,org.apache.poi.poifs.crypt.EncryptionVerifier,class,7,22,15,7,28,1,4,3,142,0.84999996,0.12631579,0.7157895,20,0,18,0,2,0,20,1,0,0,8,0,0,8,0,0,0,0,1,83,9,0,8,0,8,8,0,17,0,9,0,0,0,0,35,1025,0
/Users/larrymotuzis/Larry_Motuzis_Data/Project06_POI/poi/src/main/java/org/apache/poi/ss/formula/eval/StringValueEval.java,org.apache.poi.ss.formula.eval.StringValueEval,interface,1,10,9,1,1,1,0,0,0,0.0,NaN,NaN,1,0,0,0,0,1,1,0,0,0,0,0,0,0,0,0,0,0,0,3,0,0,0,0,0,0,0,0,0,0,0,0,0,0,8,1,0
/Users/larrymotuzis/Larry_Motuzis_Data/Project06_POI/poi/src/main/java/org/apache/poi/sl/usermodel/MasterSheet.java,org.apache.poi.sl.usermodel.MasterSheet,interface,7,14,7,7,1,1,0,0,0,0.0,NaN,NaN,1,0,0,0,0,1,1,0,0,0,0,0,0,0,0,0,0,0,0,3,0,0,0,0,0,0,0,0,0,0,0,0,0,0,21,1,0
/Users/larrymotuzis/Larry_Motuzis_Data/Project06_POI/poi/src/main/java/org/apache/poi/common/Duplicatable.java,org.apache.poi.common.Duplicatable,interface,1,4,3,1,1,1,0,0,0,0.0,NaN,NaN,1,0,0,0,0,1,1,0,0,0,0,0,0,0,0,0,0,0,0,3,0,0,0,0,0,0,0,0,0,0,0,0,0,0,48,1,0
/Users/larrymotuzis/Larry_Motuzis_Data/Project06_POI/poi/src/main/java/org/apache/poi/ss/formula/functions/NumericFunction.java,org.apache.poi.ss.formula.functions.NumericFunction$OneDoubleIf,interface,0,0,0,0,1,1,0,0,0,0.0,NaN,NaN,1,0,0,0,0,1,1,0,0,0,0,0,0,0,0,0,0,0,0,3,0,0,0,0,0,0,0,0,0,0,0,0,0,0,5,2,0
/Users/larrymotuzis/Larry_Motuzis_Data/Project06_POI/poi/src/main/java/org/apache/poi/ss/formula/eval/forked/ForkedEvaluationSheet.java,org.apache.poi.ss.formula.eval.forked.ForkedEvaluationSheet,class,10,12,2,10,14,1,0,19,0,0.3125,0.85714287,1.0,8,0,8,0,0,0,8,0,0,0,2,0,0,2,0,0,2,0,1,90,6,1,5,0,0,2,0,15,1,12,2,0,1,0,88,16,0
/Users/larrymotuzis/Larry_Motuzis_Data/Project06_POI/poi/src/main/java/org/apache/poi/sl/usermodel/TextRun.java,org.apache.poi.sl.usermodel.TextRun$TextCap,enum,0,0,0,0,0,1,0,0,0,0.0,-1.0,-1.0,0,0,0,0,0,0,0,0,0,0,0,0,0,0,0,0,0,0,0,1,0,0,0,0,0,0,0,0,0,0,0,0,0,0,9,0,0
/Users/larrymotuzis/Larry_Motuzis_Data/Project06_POI/poi/src/main/java/org/apache/poi/ss/formula/functions/TextFunction.java,org.apache.poi.ss.formula.functions.TextFunction$Anonymous10,anonymous,10,10,0,10,14,1,0,12,1,0.0,NaN,NaN,2,0,1,1,0,0,1,0,0,0,0,0,0,0,0,0,0,0,4,59,2,0,4,3,5,3,2,18,1,8,5,0,0,0,33,-1,0
/Users/larrymotuzis/Larry_Motuzis_Data/Project06_POI/poi/src/main/java/org/apache/poi/ss/usermodel/WorkbookFactory.java,org.apache.poi.ss.usermodel.WorkbookFactory$ProviderMethod,interface,2,2,0,2,1,1,0,0,0,0.0,NaN,NaN,1,0,0,0,0,1,1,0,0,0,0,0,0,0,0,0,0,0,0,3,0,0,0,0,0,0,0,0,0,0,0,0,0,0,8,2,0
/Users/larrymotuzis/Larry_Motuzis_Data/Project06_POI/poi/src/main/java/org/apache/poi/hssf/record/aggregates/CFRecordsAggregate.java,org.apache.poi.hssf.record.aggregates.CFRecordsAggregate,class,17,19,2,17,51,3,0,36,0,0.61764705,0.51282054,0.5769231,17,2,13,4,0,0,13,0,0,0,4,2,0,4,0,0,4,0,1,162,12,5,14,0,1,21,6,26,6,19,3,0,0,1,172,17,2
/Users/larrymotuzis/Larry_Motuzis_Data/Project06_POI/poi/src/main/java/org/apache/poi/hssf/usermodel/HSSFName.java,org.apache.poi.hssf.usermodel.HSSFName,class,9,13,4,9,44,1,0,40,0,0.5185185,0.88235295,0.88235295,18,1,14,1,0,3,17,0,0,0,3,0,0,3,0,0,3,0,7,132,11,2,10,0,5,36,14,21,15,19,3,0,0,0,240,17,0
/Users/larrymotuzis/Larry_Motuzis_Data/Project06_POI/poi/src/main/java/org/apache/poi/sl/usermodel/ObjectMetaData.java,org.apache.poi.sl.usermodel.ObjectMetaData$Application,enum,5,5,0,5,7,1,0,3,1,0.5833333,0.33333334,0.33333334,3,1,2,0,0,1,3,0,0,0,4,0,0,0,0,4,0,0,1,36,3,1,2,0,1,15,0,4,0,4,2,1,0,0,36,0,0
/Users/larrymotuzis/Larry_Motuzis_Data/Project06_POI/poi/src/main/java/org/apache/poi/hssf/record/CRNCountRecord.java,org.apache.poi.hssf.record.CRNCountRecord,class,5,7,2,5,10,4,0,3,18,0.7222222,0.25,0.2777778,9,0,8,0,1,0,9,0,0,0,4,2,1,3,0,0,2,0,0,40,6,0,0,0,0,2,3,7,0,4,1,0,0,1,54,17,0
/Users/larrymotuzis/Larry_Motuzis_Data/Project06_POI/poi/src/main/java/org/apache/poi/ss/usermodel/Color.java,org.apache.poi.ss.usermodel.Color,interface,0,8,8,0,0,1,0,0,0,0.0,-1.0,-1.0,0,0,0,0,0,0,0,0,0,0,0,0,0,0,0,0,0,0,0,2,0,0,0,0,0,0,0,0,0,0,0,0,0,0,1,1,0
/Users/larrymotuzis/Larry_Motuzis_Data/Project06_POI/poi/src/main/java/org/apache/poi/ss/formula/ptg/AreaI.java,org.apache.poi.ss.formula.ptg.AreaI$OffsetArea,innerclass,1,1,0,1,5,1,0,2,2,0.6,0.4,1.0,5,0,5,0,0,0,5,0,0,0,4,0,0,4,0,0,4,0,4,24,4,0,0,0,0,0,0,4,4,4,0,0,0,0,14,0,0
/Users/larrymotuzis/Larry_Motuzis_Data/Project06_POI/poi/src/main/java/org/apache/poi/poifs/crypt/standard/StandardDecryptor.java,org.apache.poi.poifs.crypt.standard.StandardDecryptor,class,12,15,3,12,15,2,0,36,30,0.6666667,0.10714286,0.10714286,9,2,4,1,4,0,8,0,0,0,1,0,0,1,0,0,0,0,14,84,8,1,3,1,3,3,13,32,4,29,2,0,0,0,99,1,0
/Users/larrymotuzis/Larry_Motuzis_Data/Project06_POI/poi/src/main/java/org/apache/poi/hssf/model/InternalSheet.java,org.apache.poi.hssf.model.InternalSheet$UnsupportedBOFType,innerclass,1,1,0,1,2,5,0,0,0,0.0,1.0,1.0,2,0,1,0,1,0,2,0,0,0,1,0,0,1,0,0,1,0,0,10,1,0,0,0,0,1,0,1,1,1,0,0,0,0,15,9,0
/Users/larrymotuzis/Larry_Motuzis_Data/Project06_POI/poi/src/main/java/org/apache/poi/ss/formula/atp/ParityFunction.java,org.apache.poi.ss.formula.atp.ParityFunction,class,4,5,1,4,7,1,0,9,1,0.77777785,NaN,NaN,3,1,1,2,0,0,1,0,0,0,3,2,2,1,0,0,3,0,3,30,4,0,2,1,0,0,6,8,0,7,1,0,0,0,36,16,0
/Users/larrymotuzis/Larry_Motuzis_Data/Project06_POI/poi/src/main/java/org/apache/poi/POIReadOnlyDocument.java,org.apache.poi.POIReadOnlyDocument,class,4,5,1,4,6,2,0,1,15,0.0,0.0,0.0,6,1,3,1,2,0,5,0,0,0,0,0,0,0,0,0,0,0,3,20,0,0,0,0,0,1,0,0,0,0,0,0,0,0,46,1025,0
/Users/larrymotuzis/Larry_Motuzis_Data/Project06_POI/poi/src/main/java/org/apache/poi/ss/formula/functions/Dec2Bin.java,org.apache.poi.ss.formula.functions.Dec2Bin,class,9,10,1,9,17,2,0,13,3,0.75000006,0.0,0.0,3,0,3,0,0,0,3,0,0,0,4,4,1,3,0,0,4,0,7,65,12,0,6,2,0,0,11,14,1,12,2,0,0,0,114,1,0
/Users/larrymotuzis/Larry_Motuzis_Data/Project06_POI/poi/src/main/java/org/apache/poi/hssf/record/chart/LegendRecord.java,org.apache.poi.hssf.record.chart.LegendRecord,class,7,9,2,7,35,4,0,12,215,0.90683234,0.31932774,0.73109245,35,0,34,0,1,0,35,0,0,0,23,16,10,13,0,0,16,0,0,148,18,0,0,0,0,22,23,43,1,23,0,0,0,0,113,17,0
/Users/larrymotuzis/Larry_Motuzis_Data/Project06_POI/poi/src/main/java/org/apache/poi/hssf/eventusermodel/HSSFEventFactory.java,org.apache.poi.hssf.eventusermodel.HSSFEventFactory,class,6,8,2,6,15,1,0,11,28,0.0,0.0,0.0,8,0,7,1,0,0,7,0,0,0,0,0,0,0,0,0,0,0,0,55,4,1,3,3,0,1,3,10,0,6,2,0,0,0,110,1,0
/Users/larrymotuzis/Larry_Motuzis_Data/Project06_POI/poi/src/main/java/org/apache/poi/ss/formula/functions/Sqrtpi.java,org.apache.poi.ss.formula.functions.Sqrtpi,class,8,9,1,8,7,1,0,10,3,1.0,NaN,NaN,3,0,1,2,0,0,1,0,0,0,1,1,1,0,0,0,1,0,4,26,6,0,1,1,1,0,3,4,1,4,2,0,0,0,50,1,0
/Users/larrymotuzis/Larry_Motuzis_Data/Project06_POI/poi/src/main/java/org/apache/poi/sl/usermodel/TableShape.java,org.apache.poi.sl.usermodel.TableShape,interface,6,10,4,6,7,1,0,0,21,0.0,0.0,0.0,7,0,0,0,0,7,7,0,0,0,0,0,0,0,0,0,0,0,0,9,0,0,0,0,0,0,0,0,0,0,0,0,0,0,53,1,0
/Users/larrymotuzis/Larry_Motuzis_Data/Project06_POI/poi/src/main/java/org/apache/poi/sl/usermodel/StrokeStyle.java,org.apache.poi.sl.usermodel.StrokeStyle,interface,4,9,5,4,5,1,0,0,10,0.0,0.0,0.0,5,0,0,0,0,5,5,0,0,0,0,0,0,0,0,0,0,0,0,85,0,0,0,0,0,0,0,0,0,0,0,0,3,0,90,1,0
/Users/larrymotuzis/Larry_Motuzis_Data/Project06_POI/poi/src/main/java/org/apache/poi/poifs/property/DirectoryProperty.java,org.apache.poi.poifs.property.DirectoryProperty$PropertyComparator,innerclass,1,1,0,1,8,1,0,5,0,0.0,NaN,NaN,1,0,1,0,0,0,1,0,0,0,0,0,0,0,0,0,0,0,0,25,1,0,3,0,0,5,7,10,1,4,5,0,0,0,57,9,0
/Users/larrymotuzis/Larry_Motuzis_Data/Project06_POI/poi/src/main/java/org/apache/poi/hssf/record/HyperlinkRecord.java,org.apache.poi.hssf.record.HyperlinkRecord,class,12,15,3,12,121,4,0,49,350,0.8492239,0.34834835,0.7447447,41,4,33,4,1,3,37,0,0,0,22,11,1,17,0,4,11,0,17,360,30,0,39,0,35,26,88,103,18,40,3,0,0,2,224,17,1
/Users/larrymotuzis/Larry_Motuzis_Data/Project06_POI/poi/src/main/java/org/apache/poi/ss/formula/functions/Sumif.java,org.apache.poi.ss.formula.functions.Sumif,class,10,11,1,10,20,2,0,13,21,0.0,0.0,0.0,7,5,2,5,0,0,2,0,0,0,0,0,0,0,0,0,0,0,8,85,15,2,1,3,4,0,17,12,4,11,2,0,0,0,99,17,0
/Users/larrymotuzis/Larry_Motuzis_Data/Project06_POI/poi/src/main/java/org/apache/poi/hssf/usermodel/HSSFSheetConditionalFormatting.java,org.apache.poi.hssf.usermodel.HSSFSheetConditionalFormatting,class,18,20,2,18,28,1,0,19,87,0.6315789,0.24561404,0.3859649,19,0,18,0,0,1,19,0,0,0,2,0,0,2,0,0,2,0,1,99,18,2,6,0,0,4,5,16,0,14,1,0,0,0,142,17,0
/Users/larrymotuzis/Larry_Motuzis_Data/Project06_POI/poi/src/main/java/org/apache/poi/hssf/record/DBCellRecord.java,org.apache.poi.hssf.record.DBCellRecord,class,6,11,5,6,10,4,0,6,8,0.6875,0.21428572,0.21428572,8,0,7,0,1,0,8,0,0,0,4,2,2,2,0,0,4,0,0,39,5,2,0,0,0,2,6,9,3,6,1,0,0,2,64,17,0
/Users/larrymotuzis/Larry_Motuzis_Data/Project06_POI/poi/src/main/java/org/apache/poi/hssf/record/chart/BeginRecord.java,org.apache.poi.hssf.record.chart.BeginRecord,class,5,7,2,5,9,4,0,0,36,0.8888889,0.0,0.0,9,0,8,0,1,0,9,0,0,0,1,1,1,0,0,0,1,0,0,27,5,0,0,0,0,0,2,1,0,1,0,0,0,0,49,17,0
/Users/larrymotuzis/Larry_Motuzis_Data/Project06_POI/poi/src/main/java/org/apache/poi/hssf/record/CalcCountRecord.java,org.apache.poi.hssf.record.CalcCountRecord,class,5,7,2,5,11,4,0,4,43,0.77272725,0.10909091,0.10909091,11,0,10,0,1,0,11,0,0,0,2,1,1,1,0,0,1,0,0,37,6,0,0,0,0,1,2,4,0,2,0,0,0,0,67,17,0
/Users/larrymotuzis/Larry_Motuzis_Data/Project06_POI/poi/src/main/java/org/apache/poi/sl/usermodel/LineDecoration.java,org.apache.poi.sl.usermodel.LineDecoration,interface,2,4,2,2,6,1,0,0,15,0.0,0.0,0.0,6,0,0,0,0,6,6,0,0,0,0,0,0,0,0,0,0,0,0,46,0,0,0,0,0,0,0,0,0,0,0,0,2,0,50,1,0
/Users/larrymotuzis/Larry_Motuzis_Data/Project06_POI/poi/src/main/java/org/apache/poi/sl/usermodel/Sheet.java,org.apache.poi.sl.usermodel.Sheet,interface,10,23,13,10,6,1,0,0,15,0.0,0.0,0.0,6,0,0,0,0,6,6,0,0,0,0,0,0,0,0,0,0,0,0,8,0,0,0,0,0,1,0,0,0,0,0,0,0,0,79,1,0
/Users/larrymotuzis/Larry_Motuzis_Data/Project06_POI/poi/src/main/java/org/apache/poi/hssf/record/CodepageRecord.java,org.apache.poi.hssf.record.CodepageRecord,class,5,12,7,5,11,4,0,4,39,0.75757575,0.10909091,0.10909091,11,0,10,0,1,0,11,0,0,0,3,2,2,1,0,0,2,0,0,38,6,0,0,0,0,1,3,5,0,3,0,0,0,0,79,17,0
/Users/larrymotuzis/Larry_Motuzis_Data/Project06_POI/poi/src/main/java/org/apache/poi/ss/usermodel/FillPatternType.java,org.apache.poi.ss.usermodel.FillPatternType,enum,1,3,2,1,5,1,0,1,0,0.16666667,1.0,1.0,3,1,2,1,0,0,2,0,0,0,2,1,0,2,0,0,2,0,2,35,2,0,0,0,0,1,20,2,1,2,1,0,0,0,87,1,0
/Users/larrymotuzis/Larry_Motuzis_Data/Project06_POI/poi/src/main/java/org/apache/poi/hssf/record/CFHeaderBase.java,org.apache.poi.hssf.record.CFHeaderBase,class,6,11,5,6,26,4,2,12,66,0.66249996,0.3263158,0.6315789,20,0,13,0,7,0,20,2,0,0,4,0,0,4,0,0,0,0,0,96,8,1,3,0,2,6,9,21,3,8,1,0,0,0,82,1025,0
/Users/larrymotuzis/Larry_Motuzis_Data/Project06_POI/poi/src/main/java/org/apache/poi/ss/formula/functions/XYNumericFunction.java,org.apache.poi.ss.formula.functions.XYNumericFunction$Accumulator,interface,0,0,0,0,1,1,0,0,0,0.0,NaN,NaN,1,0,0,0,0,1,1,0,0,0,0,0,0,0,0,0,0,0,0,3,0,0,0,0,0,0,0,0,0,0,0,0,0,0,3,4,0
/Users/larrymotuzis/Larry_Motuzis_Data/Project06_POI/poi/src/main/java/org/apache/poi/hssf/record/GroupMarkerSubRecord.java,org.apache.poi.hssf.record.GroupMarkerSubRecord,class,6,7,1,6,10,2,0,7,13,0.7,0.24444444,0.33333334,10,0,8,0,1,1,10,0,0,0,3,2,1,2,0,0,2,0,0,40,5,0,0,0,0,1,2,6,0,4,0,0,0,1,48,17,0
/Users/larrymotuzis/Larry_Motuzis_Data/Project06_POI/poi/src/main/java/org/apache/poi/hssf/usermodel/HSSFConditionalFormattingRule.java,org.apache.poi.hssf.usermodel.HSSFConditionalFormattingRule,class,24,28,4,24,60,1,0,30,441,0.8455882,0.051282052,0.07977208,34,1,23,7,0,4,27,0,0,0,4,1,0,4,0,0,4,0,2,176,46,0,16,0,0,4,3,20,0,17,2,0,0,0,153,17,0
/Users/larrymotuzis/Larry_Motuzis_Data/Project06_POI/poi/src/main/java/org/apache/poi/common/usermodel/fonts/FontHeader.java,org.apache.poi.common.usermodel.fonts.FontHeader,class,21,22,1,21,55,1,0,33,256,0.9257292,0.1984127,0.5555556,29,0,28,1,0,0,28,0,0,0,26,5,1,25,0,0,6,0,12,227,34,0,7,0,2,48,33,34,0,34,1,0,10,21,139,1,0
/Users/larrymotuzis/Larry_Motuzis_Data/Project06_POI/poi/src/main/java/org/apache/poi/hssf/record/cf/FontFormatting.java,org.apache.poi.hssf.record.cf.FontFormatting,class,7,9,2,7,60,1,0,43,1067,0.9491665,0.065853655,0.22439024,50,0,41,9,0,0,41,0,0,0,24,23,1,23,0,0,24,0,4,220,26,0,5,0,0,20,48,39,0,37,0,0,0,2,135,17,0
/Users/larrymotuzis/Larry_Motuzis_Data/Project06_POI/poi/src/main/java/org/apache/poi/ss/usermodel/CellPropertyType.java,org.apache.poi.ss.usermodel.CellPropertyType,enum,1,1,0,1,2,1,0,0,0,0.0,1.0,1.0,2,0,1,0,0,1,2,0,0,0,1,0,0,1,0,0,1,0,0,8,1,0,0,0,0,0,0,1,0,1,0,0,0,0,58,1,0
/Users/larrymotuzis/Larry_Motuzis_Data/Project06_POI/poi/src/main/java/org/apache/poi/ss/formula/functions/DollarFr.java,org.apache.poi.ss.formula.functions.DollarFr,class,9,10,1,9,12,2,0,19,3,1.0,0.0,0.0,3,1,2,1,0,0,2,0,0,0,1,1,1,0,0,0,1,0,12,54,10,0,5,1,0,0,9,16,1,12,2,0,0,0,58,17,0
/Users/larrymotuzis/Larry_Motuzis_Data/Project06_POI/poi/src/main/java/org/apache/poi/sl/draw/geom/PresetGeometries.java,org.apache.poi.sl.draw.geom.PresetGeometries$SingletonHelper,innerclass,1,1,0,1,0,1,0,0,0,NaN,-1.0,-1.0,0,0,0,0,0,0,0,0,0,0,1,1,0,1,0,0,1,0,0,3,0,0,0,0,0,0,0,1,0,1,0,0,0,0,11,10,0
/Users/larrymotuzis/Larry_Motuzis_Data/Project06_POI/poi/src/main/java/org/apache/poi/util/ShortField.java,org.apache.poi.util.ShortField,class,4,5,1,4,12,1,0,8,9,0.54545456,0.4181818,0.5090909,11,0,11,0,0,0,11,0,0,0,2,0,0,2,0,0,1,0,4,44,2,0,0,0,0,1,1,5,1,2,1,0,0,0,73,1,0
/Users/larrymotuzis/Larry_Motuzis_Data/Project06_POI/poi/src/main/java/org/apache/poi/ss/util/cellwalk/CellWalk.java,org.apache.poi.ss.util.cellwalk.CellWalk,class,9,10,1,9,12,1,0,12,0,0.4666667,1.0,1.0,5,0,4,1,0,0,4,0,0,0,3,0,0,3,0,0,2,0,3,61,2,2,3,0,2,0,2,16,4,12,3,0,1,0,52,1,0
/Users/larrymotuzis/Larry_Motuzis_Data/Project06_POI/poi/src/main/java/org/apache/poi/ss/formula/functions/Standardize.java,org.apache.poi.ss.formula.functions.Standardize,class,6,7,1,6,9,2,0,12,3,1.0,0.0,0.0,3,1,2,1,0,0,2,0,0,0,1,1,1,0,0,0,1,0,5,38,9,0,4,1,0,0,5,7,1,7,2,0,0,0,54,17,0
/Users/larrymotuzis/Larry_Motuzis_Data/Project06_POI/poi/src/main/java/org/apache/poi/sl/draw/DrawFontInfo.java,org.apache.poi.sl.draw.DrawFontInfo,class,2,4,2,2,2,1,0,0,0,0.0,1.0,1.0,2,0,1,0,0,1,2,0,0,0,1,0,0,1,0,0,1,0,0,9,1,0,0,0,0,0,0,1,0,1,0,0,0,0,10,0,0
/Users/larrymotuzis/Larry_Motuzis_Data/Project06_POI/poi/src/main/java/org/apache/poi/ddf/EscherArrayProperty.java,org.apache.poi.ddf.EscherArrayProperty$Anonymous1,anonymous,3,3,0,3,5,1,0,3,1,0.33333334,0.33333334,0.33333334,3,0,3,0,0,0,3,0,0,0,1,0,0,0,0,1,0,0,0,15,2,0,0,0,1,1,0,0,0,1,1,0,0,0,18,-1,0
/Users/larrymotuzis/Larry_Motuzis_Data/Project06_POI/poi/src/main/java/org/apache/poi/ss/usermodel/ConditionalFormattingThreshold.java,org.apache.poi.ss.usermodel.ConditionalFormattingThreshold$RangeType,enum,1,1,0,1,11,1,0,2,0,0.25,0.8333333,1.0,4,2,3,0,0,1,4,0,0,0,2,0,2,0,0,0,2,0,3,34,6,1,3,0,0,7,9,2,2,2,2,0,0,0,53,0,0
/Users/larrymotuzis/Larry_Motuzis_Data/Project06_POI/poi/src/main/java/org/apache/poi/sl/draw/geom/ConnectionSiteIf.java,org.apache.poi.sl.draw.geom.ConnectionSiteIf,interface,1,3,2,1,5,1,0,0,10,0.0,0.0,0.0,5,0,0,0,0,5,5,0,0,0,0,0,0,0,0,0,0,0,0,7,0,0,0,0,0,0,0,0,0,0,0,0,0,0,18,1,0
/Users/larrymotuzis/Larry_Motuzis_Data/Project06_POI/poi/src/main/java/org/apache/poi/ss/format/CellFormatCondition.java,org.apache.poi.ss.format.CellFormatCondition$Anonymous1,anonymous,0,0,0,0,2,1,0,0,0,0.0,NaN,NaN,1,0,1,0,0,0,1,0,0,0,0,0,0,0,0,0,0,0,0,5,1,0,0,0,0,0,0,0,0,0,0,0,0,0,3,-1,0
/Users/larrymotuzis/Larry_Motuzis_Data/Project06_POI/poi/src/main/java/org/apache/poi/sl/usermodel/PaintStyle.java,org.apache.poi.sl.usermodel.PaintStyle$SolidPaint,interface,2,2,0,2,1,1,0,0,0,0.0,NaN,NaN,1,0,0,0,0,1,1,0,0,0,0,0,0,0,0,0,0,0,0,3,0,0,0,0,0,0,0,0,0,0,0,0,0,0,5,0,0
/Users/larrymotuzis/Larry_Motuzis_Data/Project06_POI/poi/src/main/java/org/apache/poi/ss/format/CellFormatCondition.java,org.apache.poi.ss.format.CellFormatCondition$Anonymous3,anonymous,0,0,0,0,2,1,0,0,0,0.0,NaN,NaN,1,0,1,0,0,0,1,0,0,0,0,0,0,0,0,0,0,0,0,5,1,0,0,0,0,0,0,0,0,0,0,0,0,0,3,-1,0
/Users/larrymotuzis/Larry_Motuzis_Data/Project06_POI/poi/src/main/java/org/apache/poi/ss/format/CellFormatCondition.java,org.apache.poi.ss.format.CellFormatCondition$Anonymous2,anonymous,0,0,0,0,2,1,0,0,0,0.0,NaN,NaN,1,0,1,0,0,0,1,0,0,0,0,0,0,0,0,0,0,0,0,5,1,0,0,0,0,0,0,0,0,0,0,0,0,0,3,-1,0
/Users/larrymotuzis/Larry_Motuzis_Data/Project06_POI/poi/src/main/java/org/apache/poi/ss/format/CellFormatCondition.java,org.apache.poi.ss.format.CellFormatCondition$Anonymous5,anonymous,0,0,0,0,2,1,0,0,0,0.0,NaN,NaN,1,0,1,0,0,0,1,0,0,0,0,0,0,0,0,0,0,0,0,5,1,0,1,0,0,0,0,0,0,0,0,0,0,0,3,-1,0
/Users/larrymotuzis/Larry_Motuzis_Data/Project06_POI/poi/src/main/java/org/apache/poi/ss/format/CellFormatCondition.java,org.apache.poi.ss.format.CellFormatCondition$Anonymous4,anonymous,0,0,0,0,2,1,0,0,0,0.0,NaN,NaN,1,0,1,0,0,0,1,0,0,0,0,0,0,0,0,0,0,0,0,5,1,0,0,0,0,0,0,0,0,0,0,0,0,0,3,-1,0
/Users/larrymotuzis/Larry_Motuzis_Data/Project06_POI/poi/src/main/java/org/apache/poi/ss/format/CellFormatCondition.java,org.apache.poi.ss.format.CellFormatCondition$Anonymous6,anonymous,0,0,0,0,2,1,0,0,0,0.0,NaN,NaN,1,0,1,0,0,0,1,0,0,0,0,0,0,0,0,0,0,0,0,5,1,0,1,0,0,0,0,0,0,0,0,0,0,0,3,-1,0
/Users/larrymotuzis/Larry_Motuzis_Data/Project06_POI/poi/src/main/java/org/apache/poi/ss/formula/functions/AggregateFunction.java,org.apache.poi.ss.formula.functions.AggregateFunction$Anonymous12,anonymous,3,3,0,3,2,1,0,1,0,0.0,NaN,NaN,1,0,0,0,1,0,1,0,0,0,0,0,0,0,0,0,0,0,1,8,1,0,0,0,0,0,1,0,0,0,1,0,0,0,4,-1,0
/Users/larrymotuzis/Larry_Motuzis_Data/Project06_POI/poi/src/main/java/org/apache/poi/ss/formula/functions/AggregateFunction.java,org.apache.poi.ss.formula.functions.AggregateFunction$Anonymous13,anonymous,2,2,0,2,1,1,0,1,0,0.0,NaN,NaN,1,0,0,0,1,0,1,0,0,0,0,0,0,0,0,0,0,0,1,5,1,0,0,0,0,0,0,0,0,0,0,0,0,0,2,-1,0
/Users/larrymotuzis/Larry_Motuzis_Data/Project06_POI/poi/src/main/java/org/apache/poi/ss/formula/functions/AggregateFunction.java,org.apache.poi.ss.formula.functions.AggregateFunction$Anonymous10,anonymous,3,3,0,3,2,1,0,1,0,0.0,NaN,NaN,1,0,0,0,1,0,1,0,0,0,0,0,0,0,0,0,0,0,1,8,1,0,0,0,0,0,1,0,0,0,1,0,0,0,4,-1,0
/Users/larrymotuzis/Larry_Motuzis_Data/Project06_POI/poi/src/main/java/org/apache/poi/ss/formula/functions/AggregateFunction.java,org.apache.poi.ss.formula.functions.AggregateFunction$Anonymous11,anonymous,3,3,0,3,2,1,0,1,0,0.0,NaN,NaN,1,0,0,0,1,0,1,0,0,0,0,0,0,0,0,0,0,0,1,8,1,0,0,0,0,0,1,0,0,0,1,0,0,0,4,-1,0
/Users/larrymotuzis/Larry_Motuzis_Data/Project06_POI/poi/src/main/java/org/apache/poi/ss/formula/functions/AggregateFunction.java,org.apache.poi.ss.formula.functions.AggregateFunction$Anonymous16,anonymous,3,3,0,3,2,1,0,1,0,0.0,NaN,NaN,1,0,0,0,1,0,1,0,0,0,0,0,0,0,0,0,0,0,1,8,1,0,0,0,0,0,1,0,0,0,1,0,0,0,4,-1,0
/Users/larrymotuzis/Larry_Motuzis_Data/Project06_POI/poi/src/main/java/org/apache/poi/hssf/record/RecordInputStream.java,org.apache.poi.hssf.record.RecordInputStream$LeftoverDataException,innerclass,2,2,0,2,3,4,0,5,1,0.0,NaN,NaN,2,1,1,1,0,0,1,0,0,0,0,0,0,0,0,0,0,0,3,12,2,0,1,0,0,4,0,1,1,1,1,0,0,0,39,25,0
/Users/larrymotuzis/Larry_Motuzis_Data/Project06_POI/poi/src/main/java/org/apache/poi/ss/formula/functions/AggregateFunction.java,org.apache.poi.ss.formula.functions.AggregateFunction$Anonymous17,anonymous,3,3,0,3,2,1,0,1,0,0.0,NaN,NaN,1,0,0,0,1,0,1,0,0,0,0,0,0,0,0,0,0,0,1,8,1,0,0,0,0,0,1,0,0,0,1,0,0,0,4,-1,0
/Users/larrymotuzis/Larry_Motuzis_Data/Project06_POI/poi/src/main/java/org/apache/poi/hssf/record/aggregates/WorksheetProtectionBlock.java,org.apache.poi.hssf.record.aggregates.WorksheetProtectionBlock,class,10,12,2,10,42,3,0,22,107,0.73684216,0.27272728,0.5090909,19,5,11,8,0,0,11,0,0,0,4,0,0,4,0,0,0,0,8,133,17,1,11,0,0,2,2,18,1,10,2,0,0,0,160,17,0
/Users/larrymotuzis/Larry_Motuzis_Data/Project06_POI/poi/src/main/java/org/apache/poi/ss/formula/functions/Single.java,org.apache.poi.ss.formula.functions.Single,class,5,6,1,5,11,1,0,8,1,1.0,NaN,NaN,2,0,1,1,0,0,1,0,0,0,1,1,1,0,0,0,1,0,0,31,5,1,4,0,0,0,0,8,0,5,4,0,0,0,38,17,0
/Users/larrymotuzis/Larry_Motuzis_Data/Project06_POI/poi/src/main/java/org/apache/poi/ss/formula/functions/AggregateFunction.java,org.apache.poi.ss.formula.functions.AggregateFunction$Anonymous14,anonymous,2,2,0,2,1,1,0,1,0,0.0,NaN,NaN,1,0,0,0,1,0,1,0,0,0,0,0,0,0,0,0,0,0,1,5,1,0,0,0,0,0,0,0,0,0,0,0,0,0,2,-1,0
/Users/larrymotuzis/Larry_Motuzis_Data/Project06_POI/poi/src/main/java/org/apache/poi/poifs/filesystem/POIFSWriterListener.java,org.apache.poi.poifs.filesystem.POIFSWriterListener,interface,1,8,7,1,1,1,0,0,0,0.0,NaN,NaN,1,0,1,0,0,0,1,0,0,0,0,0,0,0,0,0,0,0,0,3,0,0,0,0,0,0,0,0,0,0,0,0,0,0,18,1,0
/Users/larrymotuzis/Larry_Motuzis_Data/Project06_POI/poi/src/main/java/org/apache/poi/ss/formula/functions/AggregateFunction.java,org.apache.poi.ss.formula.functions.AggregateFunction$Anonymous15,anonymous,3,3,0,3,2,1,0,1,0,0.0,NaN,NaN,1,0,0,0,1,0,1,0,0,0,0,0,0,0,0,0,0,0,1,8,1,0,0,0,0,0,1,0,0,0,1,0,0,0,4,-1,0
/Users/larrymotuzis/Larry_Motuzis_Data/Project06_POI/poi/src/main/java/org/apache/poi/ss/util/MutableFPNumber.java,org.apache.poi.ss.util.MutableFPNumber,class,5,7,2,5,19,1,0,11,0,0.6,0.7777778,0.7777778,10,0,9,1,0,0,9,0,0,0,6,4,0,6,0,0,4,0,3,132,7,0,1,0,3,3,18,26,10,16,1,0,2,0,114,16,0
/Users/larrymotuzis/Larry_Motuzis_Data/Project06_POI/poi/src/main/java/org/apache/poi/ss/formula/functions/AggregateFunction.java,org.apache.poi.ss.formula.functions.AggregateFunction$Anonymous18,anonymous,3,3,0,3,2,1,0,1,0,0.0,NaN,NaN,1,0,0,0,1,0,1,0,0,0,0,0,0,0,0,0,0,0,1,8,1,0,0,0,0,0,1,0,0,0,1,0,0,0,4,-1,0
/Users/larrymotuzis/Larry_Motuzis_Data/Project06_POI/poi/src/main/java/org/apache/poi/ss/usermodel/CellCopyPolicy.java,org.apache.poi.ss.usermodel.CellCopyPolicy,class,3,5,2,3,20,1,0,16,72,0.875,0.23976608,0.8947368,20,0,19,1,0,0,19,0,0,0,16,8,8,8,0,0,8,0,0,138,9,0,0,0,0,0,0,40,0,16,0,0,1,0,73,1,0
/Users/larrymotuzis/Larry_Motuzis_Data/Project06_POI/poi/src/main/java/org/apache/poi/hpsf/PropertySetFactory.java,org.apache.poi.hpsf.PropertySetFactory,class,10,11,1,10,12,1,0,8,6,0.0,0.0,0.0,4,4,4,0,0,0,4,0,0,0,0,0,0,0,0,0,0,0,3,40,6,0,2,1,1,3,6,7,2,7,1,0,0,0,91,1,0
/Users/larrymotuzis/Larry_Motuzis_Data/Project06_POI/poi/src/main/java/org/apache/poi/common/usermodel/fonts/FontHeader.java,org.apache.poi.common.usermodel.fonts.FontHeader$PanoseLetterForm,enum,0,0,0,0,0,1,0,0,0,0.0,-1.0,-1.0,0,0,0,0,0,0,0,0,0,0,0,0,0,0,0,0,0,0,0,1,0,0,0,0,0,0,0,0,0,0,0,0,0,0,15,1,0
/Users/larrymotuzis/Larry_Motuzis_Data/Project06_POI/poi/src/main/java/org/apache/poi/sl/draw/DrawTextBox.java,org.apache.poi.sl.draw.DrawTextBox,class,2,3,1,2,1,5,0,0,0,0.0,NaN,NaN,1,0,1,0,0,0,1,0,0,0,0,0,0,0,0,0,0,0,0,5,0,0,0,0,0,0,0,0,0,0,0,0,0,0,6,1,0
/Users/larrymotuzis/Larry_Motuzis_Data/Project06_POI/poi/src/main/java/org/apache/poi/ss/formula/ptg/NameXPxg.java,org.apache.poi.ss.formula.ptg.NameXPxg,class,6,9,3,6,18,3,0,6,51,0.64444447,0.25714287,0.34285715,15,0,15,0,0,0,15,0,0,0,3,0,0,3,0,0,0,0,2,71,9,0,1,0,0,4,7,12,0,5,1,0,0,0,71,17,0
/Users/larrymotuzis/Larry_Motuzis_Data/Project06_POI/poi/src/main/java/org/apache/poi/ss/formula/functions/Maxifs.java,org.apache.poi.ss.formula.functions.Maxifs$Anonymous1,anonymous,2,2,0,2,6,1,0,1,0,0.0,1.0,1.0,2,0,2,0,0,0,2,0,0,0,1,0,0,0,0,1,0,0,0,12,1,0,2,0,2,0,2,3,0,2,1,0,0,0,11,-1,0
/Users/larrymotuzis/Larry_Motuzis_Data/Project06_POI/poi/src/main/java/org/apache/poi/ss/formula/functions/Baseifs.java,org.apache.poi.ss.formula.functions.Baseifs,class,11,18,7,11,31,1,6,20,21,0.0,0.0,0.0,7,4,1,3,3,0,4,2,0,0,0,0,0,0,0,0,0,0,8,91,6,6,8,1,6,0,21,23,6,18,5,0,1,0,114,1024,0
/Users/larrymotuzis/Larry_Motuzis_Data/Project06_POI/poi/src/main/java/org/apache/poi/common/usermodel/fonts/FontHeader.java,org.apache.poi.common.usermodel.fonts.FontHeader$PanoseArmStyle,enum,0,0,0,0,0,1,0,0,0,0.0,-1.0,-1.0,0,0,0,0,0,0,0,0,0,0,0,0,0,0,0,0,0,0,0,1,0,0,0,0,0,0,0,0,0,0,0,0,0,0,19,1,0
/Users/larrymotuzis/Larry_Motuzis_Data/Project06_POI/poi/src/main/java/org/apache/poi/ss/formula/EvaluationCache.java,org.apache.poi.ss.formula.EvaluationCache,class,16,20,4,16,36,1,0,28,0,0.29166666,0.93333334,1.0,8,0,5,2,0,1,6,0,0,0,3,0,0,2,0,1,3,0,1,153,9,0,30,0,8,3,0,21,1,18,5,0,0,1,91,16,0
/Users/larrymotuzis/Larry_Motuzis_Data/Project06_POI/poi/src/main/java/org/apache/poi/hssf/record/CountryRecord.java,org.apache.poi.hssf.record.CountryRecord,class,5,8,3,5,13,4,0,5,56,0.7692308,0.14102565,0.1923077,13,0,12,0,1,0,13,0,0,0,3,1,1,2,0,0,1,0,0,47,7,0,0,0,0,2,2,7,0,3,0,0,0,0,53,17,0
/Users/larrymotuzis/Larry_Motuzis_Data/Project06_POI/poi/src/main/java/org/apache/poi/ss/formula/functions/ArrayFunctionUtils.java,org.apache.poi.ss.formula.functions.ArrayFunctionUtils,class,12,13,1,12,25,1,0,21,3,0.0,NaN,NaN,3,3,0,2,0,1,1,0,0,0,0,0,0,0,0,0,0,0,11,103,8,7,7,0,1,3,5,28,1,28,5,0,0,0,53,16,0
/Users/larrymotuzis/Larry_Motuzis_Data/Project06_POI/poi/src/main/java/org/apache/poi/ss/formula/ptg/ErrPtg.java,org.apache.poi.ss.formula.ptg.ErrPtg,class,6,10,4,6,18,3,0,9,31,0.86,0.11111111,0.16666667,10,2,9,1,0,0,9,0,0,0,10,9,8,2,0,0,10,0,2,63,14,0,0,0,0,5,2,10,3,10,1,0,0,0,78,17,0
/Users/larrymotuzis/Larry_Motuzis_Data/Project06_POI/poi/src/main/java/org/apache/poi/hssf/model/InternalWorkbook.java,org.apache.poi.hssf.model.InternalWorkbook,class,79,84,5,79,316,1,0,262,5720,0.95328003,0.18260188,0.526907,125,33,88,37,0,0,88,0,0,0,25,8,5,19,1,0,14,0,60,1267,141,32,57,1,25,67,291,250,71,185,6,0,0,0,789,17,15
/Users/larrymotuzis/Larry_Motuzis_Data/Project06_POI/poi/src/main/java/org/apache/poi/ss/formula/functions/Sumxmy2.java,org.apache.poi.ss.formula.functions.Sumxmy2,class,2,3,1,2,1,3,0,0,0,0.0,NaN,NaN,1,0,0,0,1,0,1,0,0,0,1,1,0,1,0,0,1,0,0,10,2,0,0,0,0,0,0,2,2,4,0,0,0,1,34,17,0
/Users/larrymotuzis/Larry_Motuzis_Data/Project06_POI/poi/src/main/java/org/apache/poi/ss/util/CellUtil.java,org.apache.poi.ss.util.CellUtil$UnicodeMapping,innerclass,0,0,0,0,1,1,0,0,0,0.0,NaN,NaN,1,0,1,0,0,0,1,0,0,0,2,0,2,0,0,0,2,0,0,8,0,0,0,0,0,2,0,2,1,2,0,0,0,0,9,26,0
/Users/larrymotuzis/Larry_Motuzis_Data/Project06_POI/poi/src/main/java/org/apache/poi/ss/usermodel/CellType.java,org.apache.poi.ss.usermodel.CellType,enum,2,12,10,2,5,1,0,1,0,0.0,1.0,1.0,3,1,2,1,0,0,2,0,0,0,1,0,0,1,0,0,1,0,1,24,2,1,1,0,0,2,7,1,1,1,2,0,0,0,63,1,0
/Users/larrymotuzis/Larry_Motuzis_Data/Project06_POI/poi/src/main/java/org/apache/poi/poifs/storage/BATBlock.java,org.apache.poi.poifs.storage.BATBlock,class,7,11,4,7,31,1,0,16,55,0.7083334,0.104761906,0.13333334,18,6,15,3,0,0,15,0,0,0,4,0,0,4,0,0,0,0,3,133,14,5,5,0,2,4,9,31,7,23,2,0,1,0,199,17,0
/Users/larrymotuzis/Larry_Motuzis_Data/Project06_POI/poi/src/main/java/org/apache/poi/ss/formula/functions/Areas.java,org.apache.poi.ss.formula.functions.Areas,class,5,5,0,5,4,1,0,2,0,0.0,NaN,NaN,1,0,1,0,0,0,1,0,0,0,0,0,0,0,0,0,0,0,0,19,3,0,1,1,0,0,3,4,0,3,2,0,0,0,32,17,0
/Users/larrymotuzis/Larry_Motuzis_Data/Project06_POI/poi/src/main/java/org/apache/poi/ss/formula/functions/Countif.java,org.apache.poi.ss.formula.functions.Countif$StringMatcher,innerclass,6,6,0,6,34,2,0,17,0,0.25,0.5,0.5,4,1,3,0,1,0,4,0,0,0,2,0,0,2,0,0,2,0,2,100,14,1,3,0,2,2,6,13,2,8,3,0,0,0,44,25,0
/Users/larrymotuzis/Larry_Motuzis_Data/Project06_POI/poi/src/main/java/org/apache/poi/hssf/record/ScenarioProtectRecord.java,org.apache.poi.hssf.record.ScenarioProtectRecord,class,5,8,3,5,13,4,0,3,35,0.72727275,0.18181819,0.18181819,11,0,10,0,1,0,11,0,0,0,2,1,1,1,0,0,1,0,0,42,6,0,1,0,1,1,5,5,0,2,1,0,0,0,77,17,0
/Users/larrymotuzis/Larry_Motuzis_Data/Project06_POI/poi/src/main/java/org/apache/poi/poifs/crypt/DataSpaceMapUtils.java,org.apache.poi.poifs.crypt.DataSpaceMapUtils$IRMDSTransformInfo,innerclass,5,5,0,5,3,1,0,5,0,0.0,1.0,1.0,3,0,3,0,0,0,3,0,0,0,3,0,0,0,0,3,0,0,2,21,0,0,0,0,0,0,1,6,0,3,0,0,0,0,29,9,0
/Users/larrymotuzis/Larry_Motuzis_Data/Project06_POI/poi/src/main/java/org/apache/poi/ss/formula/functions/Count.java,org.apache.poi.ss.formula.functions.Count,class,8,10,2,8,10,1,0,1,0,0.5,0.33333334,0.33333334,4,1,3,1,0,0,3,0,0,0,4,3,0,4,0,0,4,0,1,54,7,1,1,0,0,0,3,8,0,7,1,2,0,1,94,17,0
/Users/larrymotuzis/Larry_Motuzis_Data/Project06_POI/poi/src/main/java/org/apache/poi/ss/formula/FormulaShifter.java,org.apache.poi.ss.formula.FormulaShifter$ShiftMode,enum,0,0,0,0,0,1,0,0,0,0.0,-1.0,-1.0,0,0,0,0,0,0,0,0,0,0,0,0,0,0,0,0,0,0,0,3,0,0,0,0,0,0,0,0,0,0,0,0,0,0,8,2,0
/Users/larrymotuzis/Larry_Motuzis_Data/Project06_POI/poi/src/main/java/org/apache/poi/hssf/eventusermodel/HSSFListener.java,org.apache.poi.hssf.eventusermodel.HSSFListener,interface,1,9,8,1,1,1,0,0,0,0.0,NaN,NaN,1,0,1,0,0,0,1,0,0,0,0,0,0,0,0,0,0,0,0,3,0,0,0,0,0,0,0,0,0,0,0,0,0,0,30,1,0
/Users/larrymotuzis/Larry_Motuzis_Data/Project06_POI/poi/src/main/java/org/apache/poi/poifs/dev/POIFSDump.java,org.apache.poi.poifs.dev.POIFSDump,class,12,13,1,12,24,1,0,34,6,0.0,0.0,0.0,4,3,3,1,0,0,3,0,0,0,0,0,0,0,0,0,0,0,10,84,0,3,2,4,0,16,3,26,5,24,4,0,0,0,70,17,0
/Users/larrymotuzis/Larry_Motuzis_Data/Project06_POI/poi/src/main/java/org/apache/poi/ss/formula/ptg/RefNPtg.java,org.apache.poi.ss.formula.ptg.RefNPtg,class,5,7,2,5,7,5,0,8,10,0.8,0.0,0.0,5,0,4,0,1,0,5,0,1,0,1,1,1,0,0,0,1,0,1,31,3,0,0,0,0,3,2,2,1,2,1,0,0,0,28,17,0
/Users/larrymotuzis/Larry_Motuzis_Data/Project06_POI/poi/src/main/java/org/apache/poi/hssf/record/UserSViewBegin.java,org.apache.poi.hssf.record.UserSViewBegin,class,6,9,3,6,11,4,0,5,3,0.6,0.33333334,0.33333334,10,0,9,0,1,0,10,0,0,0,2,1,1,1,0,0,1,0,1,35,6,0,1,0,1,2,2,4,0,2,0,0,0,1,82,17,0
/Users/larrymotuzis/Larry_Motuzis_Data/Project06_POI/poi/src/main/java/org/apache/poi/hssf/record/DVALRecord.java,org.apache.poi.hssf.record.DVALRecord,class,5,8,3,5,19,4,0,10,107,0.79824567,0.1871345,0.45614034,19,0,18,0,1,0,19,0,0,0,6,1,1,5,0,0,1,0,0,79,10,0,0,0,0,5,4,18,0,6,0,0,0,0,92,17,0
/Users/larrymotuzis/Larry_Motuzis_Data/Project06_POI/poi/src/main/java/org/apache/poi/hssf/usermodel/EscherGraphics.java,org.apache.poi.hssf.usermodel.EscherGraphics,class,18,20,2,18,59,2,0,57,653,0.8457446,0.22369878,0.2857143,47,0,41,4,0,2,43,0,0,0,8,1,0,8,0,0,5,0,2,242,19,3,5,0,9,19,25,54,31,38,2,0,0,0,260,1,15
/Users/larrymotuzis/Larry_Motuzis_Data/Project06_POI/poi/src/main/java/org/apache/poi/sl/usermodel/Shadow.java,org.apache.poi.sl.usermodel.Shadow,interface,6,8,2,6,5,1,0,0,10,0.0,0.0,0.0,5,0,0,0,0,5,5,0,0,0,0,0,0,0,0,0,0,0,0,7,0,0,0,0,0,0,0,0,0,0,0,0,0,0,43,1,0
/Users/larrymotuzis/Larry_Motuzis_Data/Project06_POI/poi/src/main/java/org/apache/poi/hssf/record/UseSelFSRecord.java,org.apache.poi.hssf.record.UseSelFSRecord,class,6,9,3,6,10,4,0,6,25,0.73333335,0.10714286,0.10714286,10,0,7,2,1,0,8,0,0,0,3,2,1,2,0,0,2,0,0,37,5,0,0,0,0,2,4,5,0,3,0,0,0,1,49,17,0
/Users/larrymotuzis/Larry_Motuzis_Data/Project06_POI/poi/src/main/java/org/apache/poi/hssf/usermodel/HSSFShapeContainer.java,org.apache.poi.hssf.usermodel.HSSFShapeContainer,interface,2,7,5,2,9,1,0,0,36,0.0,0.0,0.0,9,0,0,0,0,9,9,0,0,0,0,0,0,0,0,0,0,0,0,11,0,0,0,0,0,0,0,0,0,0,0,0,0,0,55,1,0
/Users/larrymotuzis/Larry_Motuzis_Data/Project06_POI/poi/src/main/java/org/apache/poi/ss/formula/functions/LogicalFunction.java,org.apache.poi.ss.formula.functions.LogicalFunction,class,5,6,1,5,5,2,0,6,3,0.6666666,0.0,0.0,3,0,2,0,1,0,3,1,0,0,9,9,9,0,0,0,9,0,0,79,3,0,1,1,0,1,2,11,0,11,1,9,0,1,68,1025,0
/Users/larrymotuzis/Larry_Motuzis_Data/Project06_POI/poi/src/main/java/org/apache/poi/ss/formula/functions/Oct2Dec.java,org.apache.poi.ss.formula.functions.Oct2Dec,class,8,9,1,8,4,2,0,5,1,0.6666667,0.0,0.0,2,0,2,0,0,0,2,0,0,0,3,3,1,0,0,2,3,0,1,20,4,0,1,1,0,0,4,4,0,4,1,0,0,0,78,1,0
/Users/larrymotuzis/Larry_Motuzis_Data/Project06_POI/poi/src/main/java/org/apache/poi/sl/draw/DrawBackground.java,org.apache.poi.sl.draw.DrawBackground$Anonymous1,anonymous,3,3,0,3,10,1,0,1,45,0.0,0.0,0.0,10,0,10,0,0,0,10,0,0,0,0,0,0,0,0,0,0,0,0,28,6,0,0,0,0,0,1,0,0,0,0,0,0,0,17,-1,0
/Users/larrymotuzis/Larry_Motuzis_Data/Project06_POI/poi/src/main/java/org/apache/poi/ss/formula/ParseNode.java,org.apache.poi.ss.formula.ParseNode,class,9,12,3,9,23,1,0,17,40,0.8,0.17857143,0.21428572,12,2,8,4,0,0,8,0,0,0,5,1,1,4,0,0,5,0,6,134,8,3,1,0,0,1,16,23,7,20,1,0,1,0,111,16,0
/Users/larrymotuzis/Larry_Motuzis_Data/Project06_POI/poi/src/main/java/org/apache/poi/sl/draw/geom/ConnectionSite.java,org.apache.poi.sl.draw.geom.ConnectionSite,class,4,6,2,4,11,1,0,6,0,0.35714287,0.71428573,1.0,7,0,7,0,0,0,7,0,0,0,2,0,0,2,0,0,1,0,3,31,7,0,3,0,2,0,0,3,0,3,1,0,0,0,57,17,0
/Users/larrymotuzis/Larry_Motuzis_Data/Project06_POI/poi/src/main/java/org/apache/poi/util/FixedField.java,org.apache.poi.util.FixedField,interface,1,5,4,1,4,1,0,0,6,0.0,0.0,0.0,4,0,0,0,0,4,4,0,0,0,0,0,0,0,0,0,0,0,0,6,0,0,0,0,0,0,0,0,0,0,0,0,0,0,59,1,0
/Users/larrymotuzis/Larry_Motuzis_Data/Project06_POI/poi/src/main/java/org/apache/poi/sl/usermodel/Slide.java,org.apache.poi.sl.usermodel.Slide,interface,10,17,7,10,17,1,0,0,136,0.0,0.0,0.0,17,0,0,0,0,17,17,0,0,0,0,0,0,0,0,0,0,0,0,23,2,0,0,0,0,3,0,0,0,0,0,0,0,0,90,1,0
/Users/larrymotuzis/Larry_Motuzis_Data/Project06_POI/poi/src/main/java/org/apache/poi/hssf/record/ExtendedFormatRecord.java,org.apache.poi.hssf.record.ExtendedFormatRecord,class,7,11,4,7,103,4,0,28,2766,0.95236,0.20634921,0.86291486,100,1,98,1,1,0,99,0,0,0,89,80,46,43,0,0,80,0,37,460,55,0,2,0,0,45,83,152,0,91,1,0,0,0,381,17,0
/Users/larrymotuzis/Larry_Motuzis_Data/Project06_POI/poi/src/main/java/org/apache/poi/hssf/record/Margin.java,org.apache.poi.hssf.record.Margin,interface,0,5,5,0,2,1,0,0,1,0.0,0.0,0.0,2,0,0,0,0,2,2,0,0,0,0,0,0,0,0,0,0,0,0,4,0,0,0,0,0,0,0,0,0,0,0,0,0,0,30,1,0
/Users/larrymotuzis/Larry_Motuzis_Data/Project06_POI/poi/src/main/java/org/apache/poi/ss/formula/ptg/AreaI.java,org.apache.poi.ss.formula.ptg.AreaI,interface,1,6,5,1,4,1,0,0,6,0.0,0.0,0.0,4,0,0,0,0,4,4,0,0,0,0,0,0,0,0,0,0,0,0,30,0,0,0,0,0,0,0,0,0,0,0,0,1,0,23,1,0
/Users/larrymotuzis/Larry_Motuzis_Data/Project06_POI/poi/src/main/java/org/apache/poi/ss/formula/functions/TimeValue.java,org.apache.poi.ss.formula.functions.TimeValue,class,6,7,1,6,8,2,0,11,1,0.5,NaN,NaN,2,0,1,1,0,0,1,0,0,0,1,1,0,1,0,0,1,0,2,34,7,0,1,3,0,2,1,4,2,4,3,0,0,0,82,1,1
/Users/larrymotuzis/Larry_Motuzis_Data/Project06_POI/poi/src/main/java/org/apache/poi/ss/formula/ExternSheetReferenceToken.java,org.apache.poi.ss.formula.ExternSheetReferenceToken,interface,0,4,4,0,2,1,0,0,1,0.0,0.0,0.0,2,0,0,0,0,2,2,0,0,0,0,0,0,0,0,0,0,0,0,4,0,0,0,0,0,0,0,0,0,0,0,0,0,0,39,1,0
/Users/larrymotuzis/Larry_Motuzis_Data/Project06_POI/poi/src/main/java/org/apache/poi/ss/usermodel/DataValidationHelper.java,org.apache.poi.ss.usermodel.DataValidationHelper,interface,3,4,1,3,10,1,0,0,45,0.0,0.0,0.0,10,0,0,0,0,10,10,0,0,0,0,0,0,0,0,0,0,0,0,12,0,0,0,0,0,0,0,0,0,0,0,0,0,0,27,1,0
/Users/larrymotuzis/Larry_Motuzis_Data/Project06_POI/poi/src/main/java/org/apache/poi/poifs/property/Child.java,org.apache.poi.poifs.property.Child,interface,1,4,3,1,4,1,0,0,6,0.0,0.0,0.0,4,0,4,0,0,0,4,0,0,0,0,0,0,0,0,0,0,0,0,6,0,0,0,0,0,0,0,0,0,0,0,0,0,0,34,1,0
/Users/larrymotuzis/Larry_Motuzis_Data/Project06_POI/poi/src/main/java/org/apache/poi/util/GenericRecordUtil.java,org.apache.poi.util.GenericRecordUtil$AnnotatedFlag,innerclass,2,2,0,2,7,1,0,11,0,0.41666666,1.0,1.0,4,0,2,1,0,1,3,0,0,0,3,0,0,3,0,0,3,0,1,23,3,1,3,0,4,1,1,5,0,6,1,0,0,1,15,9,0
/Users/larrymotuzis/Larry_Motuzis_Data/Project06_POI/poi/src/main/java/org/apache/poi/hpsf/VariantTypeException.java,org.apache.poi.hpsf.VariantTypeException,class,1,5,4,1,3,4,2,0,0,0.33333334,0.6666667,1.0,3,0,3,0,0,0,3,0,0,0,2,0,0,2,0,0,0,0,0,15,2,0,0,0,0,0,0,2,0,2,0,0,0,0,37,1025,0
/Users/larrymotuzis/Larry_Motuzis_Data/Project06_POI/poi/src/main/java/org/apache/poi/hssf/record/cf/ColorGradientFormatting.java,org.apache.poi.hssf.record.cf.ColorGradientFormatting,class,10,12,2,10,31,1,0,30,29,0.7592592,0.34166667,0.375,18,0,16,2,0,0,16,0,0,0,6,3,0,6,0,0,4,0,5,120,10,7,6,0,4,5,21,34,6,19,1,0,0,0,78,17,1
/Users/larrymotuzis/Larry_Motuzis_Data/Project06_POI/poi/src/main/java/org/apache/poi/hssf/record/TableStylesRecord.java,org.apache.poi.hssf.record.TableStylesRecord,class,6,8,2,6,8,4,0,11,8,0.51785713,0.35714287,0.35714287,8,0,6,0,2,0,8,0,0,0,7,1,1,6,0,0,2,0,1,53,5,0,0,0,2,6,12,14,3,9,0,0,0,6,44,17,0
/Users/larrymotuzis/Larry_Motuzis_Data/Project06_POI/poi/src/main/java/org/apache/poi/hssf/record/chart/NumberFormatIndexRecord.java,org.apache.poi.hssf.record.chart.NumberFormatIndexRecord,class,5,7,2,5,11,4,0,3,35,0.72727275,0.18181819,0.18181819,11,0,10,0,1,0,11,0,0,0,2,1,1,1,0,0,1,0,0,37,6,0,0,0,0,1,2,4,0,2,0,0,0,0,45,17,0
/Users/larrymotuzis/Larry_Motuzis_Data/Project06_POI/poi/src/main/java/org/apache/poi/hssf/record/chart/SeriesTextRecord.java,org.apache.poi.hssf.record.chart.SeriesTextRecord,class,5,7,2,5,18,4,0,11,10,0.6769231,0.43589744,0.5769231,13,0,12,0,1,0,13,0,0,0,5,2,1,4,0,0,2,0,0,71,7,0,1,0,2,7,11,15,3,6,1,0,0,1,70,17,0
/Users/larrymotuzis/Larry_Motuzis_Data/Project06_POI/poi/src/main/java/org/apache/poi/sl/usermodel/PictureShape.java,org.apache.poi.sl.usermodel.PictureShape,interface,6,11,5,6,3,1,0,0,3,0.0,0.0,0.0,3,0,0,0,0,3,3,0,0,0,0,0,0,0,0,0,0,0,0,7,1,0,0,0,0,0,0,0,0,0,0,0,0,0,43,1,0
/Users/larrymotuzis/Larry_Motuzis_Data/Project06_POI/poi/src/main/java/org/apache/poi/ss/usermodel/ColorScaleFormatting.java,org.apache.poi.ss.usermodel.ColorScaleFormatting,interface,2,4,2,2,7,1,0,0,21,0.0,0.0,0.0,7,0,0,0,0,7,7,0,0,0,0,0,0,0,0,0,0,0,0,9,0,0,0,0,0,0,0,0,0,0,0,0,0,0,59,1,0
/Users/larrymotuzis/Larry_Motuzis_Data/Project06_POI/poi/src/main/java/org/apache/poi/poifs/macros/VBAMacroExtractor.java,org.apache.poi.poifs.macros.VBAMacroExtractor,class,2,3,1,2,12,1,0,18,3,0.0,0.0,0.0,3,1,3,0,0,0,3,0,0,0,0,0,0,0,0,0,0,0,2,60,0,1,4,2,0,12,5,12,4,11,3,0,0,0,93,1,0
/Users/larrymotuzis/Larry_Motuzis_Data/Project06_POI/poi/src/main/java/org/apache/poi/hssf/record/aggregates/RecordAggregate.java,org.apache.poi.hssf.record.aggregates.RecordAggregate,class,6,20,14,6,3,2,13,3,3,0.0,0.0,0.0,3,0,3,0,0,0,3,1,1,0,0,0,0,0,0,0,0,0,0,63,2,0,0,0,0,0,0,2,0,2,0,0,4,0,77,1025,0
/Users/larrymotuzis/Larry_Motuzis_Data/Project06_POI/poi/src/main/java/org/apache/poi/hssf/util/LazilyConcatenatedByteArray.java,org.apache.poi.hssf.util.LazilyConcatenatedByteArray,class,2,4,2,2,9,1,0,7,0,0.0,1.0,1.0,4,0,4,0,0,0,4,0,0,0,1,0,0,1,0,0,1,0,1,35,2,2,1,0,0,1,6,6,0,4,2,0,0,0,77,1,0
/Users/larrymotuzis/Larry_Motuzis_Data/Project06_POI/poi/src/main/java/org/apache/poi/poifs/crypt/standard/StandardEncryptionInfoBuilder.java,org.apache.poi.poifs.crypt.standard.StandardEncryptionInfoBuilder,class,13,13,0,13,17,1,0,9,1,0.0,0.0,0.0,2,0,2,0,0,0,2,0,0,0,0,0,0,0,0,0,0,0,0,54,0,1,14,0,2,5,5,11,1,5,1,0,0,0,56,1,0
/Users/larrymotuzis/Larry_Motuzis_Data/Project06_POI/poi/src/main/java/org/apache/poi/poifs/filesystem/BlockStore.java,org.apache.poi.poifs.filesystem.BlockStore$ChainLoopDetector,innerclass,2,2,0,2,6,1,0,1,0,0.0,1.0,1.0,2,0,0,0,2,0,2,0,0,0,1,0,0,1,0,0,1,0,0,23,1,0,1,0,2,3,2,4,4,3,1,0,0,0,49,4,0
/Users/larrymotuzis/Larry_Motuzis_Data/Project06_POI/poi/src/main/java/org/apache/poi/hssf/eventusermodel/dummyrecord/LastCellOfRowDummyRecord.java,org.apache.poi.hssf.eventusermodel.dummyrecord.LastCellOfRowDummyRecord,class,3,5,2,3,6,4,0,1,11,0.6666667,0.13333334,0.2,6,0,6,0,0,0,6,0,0,0,2,0,0,2,0,0,2,0,0,23,5,0,0,0,0,2,0,2,0,2,0,0,0,0,55,17,0
/Users/larrymotuzis/Larry_Motuzis_Data/Project06_POI/poi/src/main/java/org/apache/poi/ss/formula/functions/Slope.java,org.apache.poi.ss.formula.functions.Slope,class,3,3,0,3,2,2,0,1,0,0.0,1.0,1.0,2,0,2,0,0,0,2,0,0,0,1,0,0,1,0,0,1,0,0,9,1,0,0,0,0,0,0,1,0,1,0,0,0,0,37,17,0
/Users/larrymotuzis/Larry_Motuzis_Data/Project06_POI/poi/src/main/java/org/apache/poi/ss/formula/functions/MinaMaxa.java,org.apache.poi.ss.formula.functions.MinaMaxa$Anonymous2,anonymous,2,2,0,2,2,1,0,1,0,0.0,NaN,NaN,1,0,0,0,1,0,1,0,0,0,0,0,0,0,0,0,0,0,1,5,1,0,0,0,0,0,2,0,0,0,0,0,0,0,2,-1,0
/Users/larrymotuzis/Larry_Motuzis_Data/Project06_POI/poi/src/main/java/org/apache/poi/ss/formula/functions/MinaMaxa.java,org.apache.poi.ss.formula.functions.MinaMaxa$Anonymous1,anonymous,2,2,0,2,2,1,0,1,0,0.0,NaN,NaN,1,0,0,0,1,0,1,0,0,0,0,0,0,0,0,0,0,0,1,5,1,0,0,0,0,0,2,0,0,0,0,0,0,0,2,-1,0
/Users/larrymotuzis/Larry_Motuzis_Data/Project06_POI/poi/src/main/java/org/apache/poi/ss/usermodel/DataConsolidateFunction.java,org.apache.poi.ss.usermodel.DataConsolidateFunction,enum,1,1,0,1,3,1,0,0,0,0.33333334,0.6666667,1.0,3,0,2,0,0,1,3,0,0,0,2,0,0,2,0,0,2,0,0,13,2,0,0,0,0,11,11,2,0,2,0,0,0,0,31,1,0
/Users/larrymotuzis/Larry_Motuzis_Data/Project06_POI/poi/src/main/java/org/apache/poi/sl/draw/DrawShape.java,org.apache.poi.sl.draw.DrawShape,class,9,19,10,9,46,1,5,36,22,0.3846154,0.2777778,0.2777778,13,5,6,4,2,1,9,0,0,0,1,0,0,0,1,0,1,0,7,160,11,1,21,0,13,1,24,40,10,30,3,0,0,0,92,1,0
/Users/larrymotuzis/Larry_Motuzis_Data/Project06_POI/poi/src/main/java/org/apache/poi/ss/util/cellwalk/CellWalk.java,org.apache.poi.ss.util.cellwalk.CellWalk$SimpleCellWalkContext,innerclass,1,1,0,1,3,1,0,0,3,0.6666667,0.0,0.0,3,0,3,0,0,0,3,0,0,0,3,0,0,3,0,0,0,0,0,14,3,0,0,0,0,0,0,0,0,3,0,0,0,0,16,10,0
/Users/larrymotuzis/Larry_Motuzis_Data/Project06_POI/poi/src/main/java/org/apache/poi/ss/formula/functions/Minifs.java,org.apache.poi.ss.formula.functions.Minifs,class,5,6,1,5,2,2,0,0,1,1.0,0.0,0.0,2,0,0,0,2,0,2,0,0,0,1,1,1,0,0,0,1,0,0,21,2,0,0,0,0,0,0,1,0,1,0,1,0,0,86,17,0
/Users/larrymotuzis/Larry_Motuzis_Data/Project06_POI/poi/src/main/java/org/apache/poi/hpsf/Section.java,org.apache.poi.hpsf.Section,class,16,20,4,16,113,1,0,111,630,0.88214284,0.10420168,0.28907564,40,1,32,5,1,2,35,0,0,0,7,1,0,7,0,0,4,0,22,414,26,14,34,4,30,25,73,96,24,73,4,0,0,0,354,1,4
/Users/larrymotuzis/Larry_Motuzis_Data/Project06_POI/poi/src/main/java/org/apache/poi/ss/util/CellRangeAddressList.java,org.apache.poi.ss.util.CellRangeAddressList,class,7,12,5,7,23,1,0,16,30,0.375,0.375,0.375,16,1,16,0,0,0,16,0,0,0,1,0,0,0,1,0,1,0,2,77,10,3,0,1,1,4,4,9,3,9,1,0,0,0,138,1,0
/Users/larrymotuzis/Larry_Motuzis_Data/Project06_POI/poi/src/main/java/org/apache/poi/ddf/EscherMetafileBlip.java,org.apache.poi.ddf.EscherMetafileBlip,class,10,11,1,10,49,3,0,33,254,0.8719212,0.1904762,0.73015875,29,3,28,1,0,0,28,0,0,0,21,7,3,18,0,0,8,0,14,256,21,0,13,3,6,15,54,84,12,31,1,0,0,0,164,17,2
/Users/larrymotuzis/Larry_Motuzis_Data/Project06_POI/poi/src/main/java/org/apache/poi/ss/formula/functions/Fixed1ArgFunction.java,org.apache.poi.ss.formula.functions.Fixed1ArgFunction,class,3,29,26,3,2,1,26,1,0,0.0,NaN,NaN,1,0,1,0,0,0,1,0,1,0,0,0,0,0,0,0,0,0,0,8,2,0,1,0,0,0,2,0,0,0,1,0,0,0,18,1025,0
/Users/larrymotuzis/Larry_Motuzis_Data/Project06_POI/poi/src/main/java/org/apache/poi/ss/formula/functions/DVarp.java,org.apache.poi.ss.formula.functions.DVarp,class,6,6,0,6,4,1,0,6,0,0.0,1.0,1.0,2,0,2,0,0,0,2,0,0,0,1,0,0,1,0,0,1,0,1,18,2,1,0,0,0,0,1,5,0,4,1,0,0,0,35,17,0
/Users/larrymotuzis/Larry_Motuzis_Data/Project06_POI/poi/src/main/java/org/apache/poi/ss/formula/ptg/UnknownPtg.java,org.apache.poi.ss.formula.ptg.UnknownPtg,class,3,6,3,3,9,2,0,1,30,0.7777778,0.083333336,0.083333336,9,0,9,0,0,0,9,0,0,0,2,0,0,2,0,0,2,0,0,31,7,0,0,0,0,1,1,2,0,2,0,0,0,0,27,1,0
/Users/larrymotuzis/Larry_Motuzis_Data/Project06_POI/poi/src/main/java/org/apache/poi/ss/format/CellFormatType.java,org.apache.poi.ss.format.CellFormatType$Anonymous2,anonymous,2,2,0,2,3,1,0,0,3,0.0,0.0,0.0,3,0,0,0,0,3,3,0,0,0,0,0,0,0,0,0,0,0,0,11,3,0,0,0,0,0,0,0,0,0,0,0,0,0,10,-1,0
/Users/larrymotuzis/Larry_Motuzis_Data/Project06_POI/poi/src/main/java/org/apache/poi/ss/format/CellFormatType.java,org.apache.poi.ss.format.CellFormatType$Anonymous1,anonymous,2,2,0,2,3,1,0,0,3,0.0,0.0,0.0,3,0,0,0,0,3,3,0,0,0,0,0,0,0,0,0,0,0,0,11,3,0,0,0,0,0,0,0,0,0,0,0,0,0,11,-1,0
/Users/larrymotuzis/Larry_Motuzis_Data/Project06_POI/poi/src/main/java/org/apache/poi/sl/usermodel/PaintStyle.java,org.apache.poi.sl.usermodel.PaintStyle$FlipMode,enum,0,0,0,0,0,1,0,0,0,0.0,-1.0,-1.0,0,0,0,0,0,0,0,0,0,0,0,0,0,0,0,0,0,0,0,5,0,0,0,0,0,0,0,0,0,0,0,0,0,0,15,0,0
/Users/larrymotuzis/Larry_Motuzis_Data/Project06_POI/poi/src/main/java/org/apache/poi/common/usermodel/fonts/FontCharset.java,org.apache.poi.common.usermodel.fonts.FontCharset,enum,2,5,3,2,10,1,0,7,2,0.5833333,0.2,0.3,4,1,3,0,0,1,5,0,0,0,3,1,0,3,0,0,0,0,2,51,4,1,0,1,1,21,22,6,0,4,2,0,0,0,123,1,1
/Users/larrymotuzis/Larry_Motuzis_Data/Project06_POI/poi/src/main/java/org/apache/poi/poifs/crypt/agile/KeyData.java,org.apache.poi.poifs.crypt.agile.KeyData,class,9,12,3,9,28,1,0,14,89,0.78947365,0.23976608,0.8947368,19,0,18,0,0,1,19,0,0,0,8,0,0,8,0,0,0,0,17,89,8,0,9,0,1,20,1,19,0,11,1,0,0,0,68,1,0
/Users/larrymotuzis/Larry_Motuzis_Data/Project06_POI/poi/src/main/java/org/apache/poi/ss/format/CellFormatType.java,org.apache.poi.ss.format.CellFormatType$Anonymous5,anonymous,2,2,0,2,3,1,0,0,3,0.0,0.0,0.0,3,0,0,0,0,3,3,0,0,0,0,0,0,0,0,0,0,0,0,11,3,0,0,0,0,0,0,0,0,0,0,0,0,0,10,-1,0
/Users/larrymotuzis/Larry_Motuzis_Data/Project06_POI/poi/src/main/java/org/apache/poi/ss/format/CellFormatType.java,org.apache.poi.ss.format.CellFormatType$Anonymous4,anonymous,2,2,0,2,3,1,0,0,3,0.0,0.0,0.0,3,0,0,0,0,3,3,0,0,0,0,0,0,0,0,0,0,0,0,11,3,0,0,0,0,0,0,0,0,0,0,0,0,0,10,-1,0
/Users/larrymotuzis/Larry_Motuzis_Data/Project06_POI/poi/src/main/java/org/apache/poi/poifs/property/DirectoryProperty.java,org.apache.poi.poifs.property.DirectoryProperty,class,5,12,7,5,18,2,1,21,21,0.6,0.26666668,0.33333334,10,0,8,0,2,0,10,0,0,0,2,0,0,2,0,0,2,0,1,112,6,2,2,0,1,2,17,12,11,11,3,0,1,0,111,1,0
/Users/larrymotuzis/Larry_Motuzis_Data/Project06_POI/poi/src/main/java/org/apache/poi/ss/format/CellFormatType.java,org.apache.poi.ss.format.CellFormatType$Anonymous3,anonymous,2,2,0,2,5,1,0,1,3,0.0,0.0,0.0,3,0,0,0,0,3,3,0,0,0,0,0,0,0,0,0,0,0,1,11,3,0,1,0,1,0,0,0,0,0,0,0,0,0,9,-1,0
/Users/larrymotuzis/Larry_Motuzis_Data/Project06_POI/poi/src/main/java/org/apache/poi/ss/usermodel/DateUtil.java,org.apache.poi.ss.usermodel.DateUtil,class,6,19,13,6,133,3,0,106,1096,0.95138884,0.0,0.0,48,47,34,12,2,0,37,0,0,0,21,21,5,16,0,0,20,0,69,446,58,1,21,3,18,40,105,122,48,101,4,0,1,2,329,1,0
/Users/larrymotuzis/Larry_Motuzis_Data/Project06_POI/poi/src/main/java/org/apache/poi/sl/extractor/SlideShowExtractor.java,org.apache.poi.sl.extractor.SlideShowExtractor,class,26,27,1,26,95,1,0,70,381,0.90681005,0.20952381,0.20952381,31,3,15,16,0,0,15,0,0,0,9,2,0,8,1,0,3,0,3,277,18,10,21,2,14,18,5,56,3,53,3,0,0,8,160,1,1
/Users/larrymotuzis/Larry_Motuzis_Data/Project06_POI/poi/src/main/java/org/apache/poi/sl/draw/geom/PresetParser.java,org.apache.poi.sl.draw.geom.PresetParser$Mode,enum,1,1,0,1,1,1,0,0,0,0.0,NaN,NaN,1,0,0,0,0,1,1,0,0,0,1,0,0,0,0,1,1,0,0,8,0,0,0,0,0,0,0,1,0,1,0,0,1,0,20,0,0
/Users/larrymotuzis/Larry_Motuzis_Data/Project06_POI/poi/src/main/java/org/apache/poi/util/ThreadLocalUtil.java,org.apache.poi.util.ThreadLocalUtil,class,1,5,4,1,3,1,0,2,1,0.33333334,1.0,1.0,3,2,2,1,0,0,2,0,0,0,1,1,0,1,0,0,1,0,0,11,0,0,0,0,0,0,0,1,0,1,0,0,0,0,84,1,0
/Users/larrymotuzis/Larry_Motuzis_Data/Project06_POI/poi/src/main/java/org/apache/poi/ss/format/CellNumberStringMod.java,org.apache.poi.ss.format.CellNumberStringMod,class,3,5,2,3,14,1,0,2,16,0.77777773,0.36363637,0.8333333,12,0,12,0,0,0,12,0,0,0,9,3,3,6,0,0,5,0,0,56,9,0,2,0,3,2,5,14,4,10,0,0,0,0,88,1,0
/Users/larrymotuzis/Larry_Motuzis_Data/Project06_POI/poi/src/main/java/org/apache/poi/ss/formula/ptg/OperandPtg.java,org.apache.poi.ss.formula.ptg.OperandPtg,class,2,18,16,2,4,2,13,0,6,0.0,0.0,0.0,4,0,2,0,2,0,4,1,1,0,0,0,0,0,0,0,0,0,0,11,1,0,0,0,0,0,0,0,0,0,0,0,0,0,12,1025,0
/Users/larrymotuzis/Larry_Motuzis_Data/Project06_POI/poi/src/main/java/org/apache/poi/ss/formula/functions/NumericFunction.java,org.apache.poi.ss.formula.functions.NumericFunction,class,11,25,14,11,49,1,2,41,62,0.91477275,0.0,0.0,12,10,2,8,2,0,4,1,1,0,44,44,39,4,0,1,44,0,72,184,25,0,20,5,17,7,37,68,8,84,3,0,2,9,98,1025,0
/Users/larrymotuzis/Larry_Motuzis_Data/Project06_POI/poi/src/main/java/org/apache/poi/ss/formula/functions/ArrayMode.java,org.apache.poi.ss.formula.functions.ArrayMode,interface,0,1,1,0,0,1,0,0,0,0.0,-1.0,-1.0,0,0,0,0,0,0,0,0,0,0,0,0,0,0,0,0,0,0,0,2,0,0,0,0,0,0,0,0,0,0,0,0,0,0,13,1,0
/Users/larrymotuzis/Larry_Motuzis_Data/Project06_POI/poi/src/main/java/org/apache/poi/ss/formula/functions/Maxifs.java,org.apache.poi.ss.formula.functions.Maxifs,class,5,6,1,5,2,2,0,0,1,1.0,0.0,0.0,2,0,0,0,2,0,2,0,0,0,1,1,1,0,0,0,1,0,0,21,2,0,0,0,0,0,0,1,0,1,0,1,0,0,87,17,0
/Users/larrymotuzis/Larry_Motuzis_Data/Project06_POI/poi/src/main/java/org/apache/poi/hpsf/CustomProperty.java,org.apache.poi.hpsf.CustomProperty,class,2,5,3,2,11,2,0,8,8,0.375,0.35714287,0.35714287,8,0,8,0,0,0,8,0,0,0,1,0,0,1,0,0,0,0,1,38,4,0,4,0,1,0,0,9,0,5,1,0,0,0,71,1,0
/Users/larrymotuzis/Larry_Motuzis_Data/Project06_POI/poi/src/main/java/org/apache/poi/poifs/filesystem/EntryNode.java,org.apache.poi.poifs.filesystem.EntryNode,class,5,14,9,5,14,1,2,6,19,0.6,0.2888889,0.46666667,10,0,6,0,4,0,10,1,0,0,2,0,0,2,0,0,0,0,0,41,8,0,1,0,2,0,0,6,0,4,1,0,0,0,102,1025,0
/Users/larrymotuzis/Larry_Motuzis_Data/Project06_POI/poi/src/main/java/org/apache/poi/ss/formula/functions/NormInv.java,org.apache.poi.ss.formula.functions.NormInv,class,7,9,2,7,13,2,0,11,10,1.0,0.0,0.0,5,2,2,2,0,1,3,0,0,0,1,1,1,0,0,0,1,0,4,46,11,0,4,1,0,0,7,7,0,7,2,0,0,0,61,17,0
/Users/larrymotuzis/Larry_Motuzis_Data/Project06_POI/poi/src/main/java/org/apache/poi/poifs/filesystem/TempFilePOIFSFileSystem.java,org.apache.poi.poifs.filesystem.TempFilePOIFSFileSystem,class,5,6,1,5,6,3,0,7,0,0.25,1.0,1.0,2,0,1,0,1,0,2,0,0,0,2,1,0,1,0,1,1,0,0,25,0,0,1,2,0,4,0,3,0,2,3,0,0,0,43,1,1
/Users/larrymotuzis/Larry_Motuzis_Data/Project06_POI/poi/src/main/java/org/apache/poi/poifs/filesystem/DocumentInputStream.java,org.apache.poi.poifs.filesystem.DocumentInputStream,class,9,23,14,9,52,2,0,29,233,0.8269231,0.077922076,0.0952381,26,0,22,4,0,0,22,0,0,2,10,1,0,10,0,0,3,0,4,206,22,2,9,0,5,13,46,54,16,28,2,0,0,0,159,17,0
/Users/larrymotuzis/Larry_Motuzis_Data/Project06_POI/poi/src/main/java/org/apache/poi/sl/draw/DrawTextShape.java,org.apache.poi.sl.draw.DrawTextShape,class,13,17,4,13,29,3,1,46,15,0.0,0.0,0.0,6,0,5,0,1,0,6,0,0,0,0,0,0,0,0,0,0,0,4,136,5,2,12,0,2,0,20,56,11,37,2,0,0,0,96,1,0
/Users/larrymotuzis/Larry_Motuzis_Data/Project06_POI/poi/src/main/java/org/apache/poi/poifs/crypt/Decryptor.java,org.apache.poi.poifs.crypt.Decryptor,class,8,23,15,8,32,1,5,8,226,0.89285713,0.09057971,0.32971016,24,1,16,0,8,0,24,4,0,0,5,2,2,2,1,0,2,0,0,78,10,0,8,0,6,13,1,13,1,8,1,0,0,1,164,1025,0
/Users/larrymotuzis/Larry_Motuzis_Data/Project06_POI/poi/src/main/java/org/apache/poi/util/TempFile.java,org.apache.poi.util.TempFile,class,6,7,1,6,11,1,0,11,11,0.7142857,0.13333334,0.2,7,6,5,2,0,0,6,0,0,0,3,3,1,2,0,0,2,0,6,52,5,0,3,1,0,4,0,6,0,5,1,0,0,0,133,17,0
/Users/larrymotuzis/Larry_Motuzis_Data/Project06_POI/poi/src/main/java/org/apache/poi/ss/formula/ptg/ArrayInitialPtg.java,org.apache.poi.ss.formula.ptg.ArrayInitialPtg,class,7,9,2,7,11,2,0,9,49,0.72727275,0.06666667,0.06666667,11,1,10,1,0,0,10,0,0,0,3,0,0,3,0,0,3,0,5,48,6,0,0,0,0,4,1,8,1,8,0,0,0,3,93,16,0
/Users/larrymotuzis/Larry_Motuzis_Data/Project06_POI/poi/src/main/java/org/apache/poi/hssf/record/aggregates/RecordAggregate.java,org.apache.poi.hssf.record.aggregates.RecordAggregate$PositionTrackingVisitor,innerclass,3,3,0,3,4,1,0,2,0,0.25,1.0,1.0,4,0,4,0,0,0,4,0,0,0,2,0,0,2,0,0,1,0,0,18,1,0,0,0,0,0,0,4,0,2,0,0,0,0,21,25,0
/Users/larrymotuzis/Larry_Motuzis_Data/Project06_POI/poi/src/main/java/org/apache/poi/ddf/UnknownEscherRecord.java,org.apache.poi.ddf.UnknownEscherRecord,class,7,9,2,7,27,2,0,26,82,0.8645833,0.13333334,0.3,16,2,15,0,1,0,16,0,0,0,6,4,0,6,0,0,4,0,1,113,13,3,1,0,2,9,22,26,17,13,3,0,0,0,102,17,0
/Users/larrymotuzis/Larry_Motuzis_Data/Project06_POI/poi/src/main/java/org/apache/poi/sl/draw/geom/ArcToCommandIf.java,org.apache.poi.sl.draw.geom.ArcToCommandIf,interface,4,6,2,4,9,1,0,14,36,0.0,0.0,0.0,9,0,0,0,0,9,9,0,0,0,0,0,0,0,0,0,0,0,8,25,0,0,0,0,0,0,2,12,14,12,0,0,0,0,43,1,0
/Users/larrymotuzis/Larry_Motuzis_Data/Project06_POI/poi/src/main/java/org/apache/poi/sl/usermodel/Notes.java,org.apache.poi.sl.usermodel.Notes,interface,5,7,2,5,1,1,0,0,0,0.0,NaN,NaN,1,0,0,0,0,1,1,0,0,0,0,0,0,0,0,0,0,0,0,3,0,0,0,0,0,0,0,0,0,0,0,0,0,0,4,1,0
/Users/larrymotuzis/Larry_Motuzis_Data/Project06_POI/poi/src/main/java/org/apache/poi/hssf/record/crypto/Biff8DecryptingStream.java,org.apache.poi.hssf.record.crypto.Biff8DecryptingStream,class,10,12,2,10,29,1,0,27,22,0.64705884,0.41911766,0.4852941,17,1,17,0,0,0,17,0,0,0,4,1,1,3,0,0,3,0,3,123,18,0,1,1,1,2,16,12,0,11,2,0,0,0,102,17,0
/Users/larrymotuzis/Larry_Motuzis_Data/Project06_POI/poi/src/main/java/org/apache/poi/hssf/usermodel/HSSFRow.java,org.apache.poi.hssf.usermodel.HSSFRow$CellIterator,innerclass,3,3,0,3,10,1,0,2,2,0.5,0.33333334,0.5,5,0,4,1,0,0,4,0,0,0,2,0,0,0,0,2,0,0,0,34,2,1,2,0,0,2,4,7,1,4,2,0,0,0,31,2,0
/Users/larrymotuzis/Larry_Motuzis_Data/Project06_POI/poi/src/main/java/org/apache/poi/ss/formula/functions/Trend.java,org.apache.poi.ss.formula.functions.Trend$TrendResults,innerclass,1,1,0,1,1,1,0,0,0,0.0,NaN,NaN,1,0,1,0,0,0,1,0,0,0,3,0,0,3,0,0,3,0,0,10,0,0,0,0,0,0,0,3,0,3,0,0,0,0,6,26,0
/Users/larrymotuzis/Larry_Motuzis_Data/Project06_POI/poi/src/main/java/org/apache/poi/poifs/crypt/EncryptionMode.java,org.apache.poi.poifs.crypt.EncryptionMode,enum,1,2,1,1,1,1,0,0,0,0.0,NaN,NaN,1,0,0,0,0,1,1,0,0,0,4,0,4,0,0,0,4,0,0,11,0,0,0,0,0,0,15,4,0,4,0,0,0,0,41,1,0
/Users/larrymotuzis/Larry_Motuzis_Data/Project06_POI/poi/src/main/java/org/apache/poi/ss/util/NumberComparer.java,org.apache.poi.ss.util.NumberComparer,class,4,5,1,4,27,1,0,13,6,0.0,NaN,NaN,4,4,1,3,0,0,1,0,0,0,0,0,0,0,0,0,0,0,16,75,15,0,11,0,0,3,22,15,6,14,2,0,0,0,189,17,0
/Users/larrymotuzis/Larry_Motuzis_Data/Project06_POI/poi/src/main/java/org/apache/poi/ss/formula/ptg/DividePtg.java,org.apache.poi.ss.formula.ptg.DividePtg,class,2,5,3,2,5,4,0,0,10,0.8,0.0,0.0,5,0,4,1,0,0,4,0,0,0,2,2,2,0,0,0,2,0,0,18,4,0,0,0,0,1,4,2,1,2,0,0,0,0,25,17,0
/Users/larrymotuzis/Larry_Motuzis_Data/Project06_POI/poi/src/main/java/org/apache/poi/ss/usermodel/HorizontalAlignment.java,org.apache.poi.ss.usermodel.HorizontalAlignment,enum,1,3,2,1,4,1,0,2,1,0.0,0.0,0.0,2,1,2,0,0,0,2,0,0,0,0,0,0,0,0,0,0,0,2,18,2,0,0,0,0,1,1,0,1,0,1,0,0,0,168,1,0
/Users/larrymotuzis/Larry_Motuzis_Data/Project06_POI/poi/src/main/java/org/apache/poi/ss/usermodel/PrintCellComments.java,org.apache.poi.ss.usermodel.PrintCellComments,enum,1,2,1,1,5,1,0,2,0,0.33333334,0.0,0.0,3,1,2,1,0,0,3,0,0,0,2,1,0,2,0,0,0,0,1,20,2,1,0,0,0,0,4,3,0,2,1,0,0,0,41,1,0
/Users/larrymotuzis/Larry_Motuzis_Data/Project06_POI/poi/src/main/java/org/apache/poi/ss/formula/eval/ExternalNameEval.java,org.apache.poi.ss.formula.eval.ExternalNameEval,class,2,3,1,2,3,1,0,3,0,0.0,1.0,1.0,3,0,3,0,0,0,3,0,0,0,1,0,0,1,0,0,1,0,0,12,2,0,0,0,0,2,0,1,1,1,0,0,0,0,19,17,0
/Users/larrymotuzis/Larry_Motuzis_Data/Project06_POI/poi/src/main/java/org/apache/poi/ss/formula/functions/CountUtils.java,org.apache.poi.ss.formula.functions.CountUtils,class,7,10,3,7,17,1,0,12,6,0.0,0.0,0.0,4,3,3,1,0,0,3,0,0,0,0,0,0,0,0,0,0,0,2,59,5,4,1,0,0,2,6,15,0,15,5,0,2,0,64,16,0
/Users/larrymotuzis/Larry_Motuzis_Data/Project06_POI/poi/src/main/java/org/apache/poi/hssf/record/BackupRecord.java,org.apache.poi.hssf.record.BackupRecord,class,5,8,3,5,11,4,0,4,43,0.77272725,0.10909091,0.10909091,11,0,10,0,1,0,11,0,0,0,2,1,1,1,0,0,1,0,0,37,6,0,0,0,0,1,2,4,0,2,0,0,0,0,45,17,0
/Users/larrymotuzis/Larry_Motuzis_Data/Project06_POI/poi/src/main/java/org/apache/poi/ss/formula/FormulaRenderer.java,org.apache.poi.ss.formula.FormulaRenderer,class,11,15,4,11,22,1,0,16,1,0.0,NaN,NaN,2,2,1,1,0,0,1,0,0,0,0,0,0,0,0,0,0,0,2,67,2,2,2,0,3,9,4,12,5,11,3,0,0,0,78,1,0
/Users/larrymotuzis/Larry_Motuzis_Data/Project06_POI/poi/src/main/java/org/apache/poi/ss/util/SheetUtil.java,org.apache.poi.ss.util.SheetUtil,class,17,21,4,17,46,1,0,46,161,0.9172932,0.016666668,0.016666668,19,19,12,3,4,0,16,0,0,0,7,7,1,6,0,0,5,0,26,247,25,4,15,3,1,4,14,51,4,44,3,1,2,1,300,1,0
/Users/larrymotuzis/Larry_Motuzis_Data/Project06_POI/poi/src/main/java/org/apache/poi/hssf/usermodel/HSSFFont.java,org.apache.poi.hssf.usermodel.HSSFFont,class,7,11,4,7,38,1,0,24,0,0.75714284,0.74867725,0.85978836,28,0,27,0,1,0,28,0,0,0,5,3,1,2,0,2,5,0,1,118,22,0,6,0,3,4,6,10,5,9,3,0,0,0,112,17,0
/Users/larrymotuzis/Larry_Motuzis_Data/Project06_POI/poi/src/main/java/org/apache/poi/sl/image/ImageHeaderPNG.java,org.apache.poi.sl.image.ImageHeaderPNG,class,1,1,0,1,4,1,0,2,0,0.25,1.0,1.0,2,0,2,0,0,0,2,0,0,0,2,1,0,2,0,0,2,0,1,16,2,0,1,0,0,0,1,3,0,3,2,0,0,0,33,17,0
/Users/larrymotuzis/Larry_Motuzis_Data/Project06_POI/poi/src/main/java/org/apache/poi/ss/formula/eval/FunctionEval.java,org.apache.poi.ss.formula.eval.FunctionEval,class,53,54,1,53,20,1,0,9,0,0.16666667,1.0,1.0,6,5,4,2,0,0,4,0,0,0,1,1,0,0,1,0,1,0,3,265,5,3,5,0,2,8,184,204,4,16,3,0,1,0,140,17,0
/Users/larrymotuzis/Larry_Motuzis_Data/Project06_POI/poi/src/main/java/org/apache/poi/poifs/macros/VBAMacroReader.java,org.apache.poi.poifs.macros.VBAMacroReader$DIR_STATE,enum,0,0,0,0,0,1,0,0,0,0.0,-1.0,-1.0,0,0,0,0,0,0,0,0,0,0,0,0,0,0,0,0,0,0,0,1,0,0,0,0,0,0,0,0,0,0,0,0,0,0,14,2,0
/Users/larrymotuzis/Larry_Motuzis_Data/Project06_POI/poi/src/main/java/org/apache/poi/util/GenericRecordXmlWriter.java,org.apache.poi.util.GenericRecordXmlWriter$GenericRecordHandler,interface,1,1,0,1,1,1,0,0,0,0.0,NaN,NaN,1,0,0,0,0,1,1,0,0,0,0,0,0,0,0,0,0,0,0,3,0,0,0,0,0,0,0,0,0,0,0,0,0,0,39,4,0
/Users/larrymotuzis/Larry_Motuzis_Data/Project06_POI/poi/src/main/java/org/apache/poi/hssf/record/NameRecord.java,org.apache.poi.hssf.record.NameRecord,class,13,16,3,13,78,4,0,38,447,0.91144884,0.274359,0.85384613,43,1,39,3,0,1,40,0,0,0,26,14,14,12,0,0,14,0,3,326,46,0,10,0,15,34,34,80,5,45,2,0,1,2,241,17,0
/Users/larrymotuzis/Larry_Motuzis_Data/Project06_POI/poi/src/main/java/org/apache/poi/hssf/usermodel/EscherGraphics2d.java,org.apache.poi.hssf.usermodel.EscherGraphics2d,class,4,5,1,4,95,3,0,96,3140,0.9541446,0.014459665,0.019025875,81,0,73,8,0,0,73,0,0,0,7,1,0,7,0,0,2,0,1,313,30,1,7,1,2,5,19,23,2,20,2,0,0,0,280,17,5
/Users/larrymotuzis/Larry_Motuzis_Data/Project06_POI/poi/src/main/java/org/apache/poi/ss/formula/functions/Imaginary.java,org.apache.poi.ss.formula.functions.Imaginary,class,9,10,1,9,10,2,0,14,1,0.8636364,0.0,0.0,2,0,2,0,0,0,2,0,0,0,11,11,11,0,0,0,11,0,4,57,6,0,3,1,1,11,10,24,3,21,3,0,0,0,89,1,0
/Users/larrymotuzis/Larry_Motuzis_Data/Project06_POI/poi/src/main/java/org/apache/poi/hssf/HSSFReadException.java,org.apache.poi.hssf.HSSFReadException,class,1,2,1,1,2,2,0,0,1,1.0,0.0,0.0,2,0,2,0,0,0,2,0,0,0,1,1,0,1,0,0,1,0,0,9,0,0,0,0,0,0,1,1,0,1,0,0,0,0,71,1,0
/Users/larrymotuzis/Larry_Motuzis_Data/Project06_POI/poi/src/main/java/org/apache/poi/util/DelayableLittleEndianOutput.java,org.apache.poi.util.DelayableLittleEndianOutput,interface,1,2,1,1,1,1,0,0,0,0.0,NaN,NaN,1,0,0,0,0,1,1,0,0,0,0,0,0,0,0,0,0,0,0,3,0,0,0,0,0,0,0,0,0,0,0,0,0,0,54,1,0
/Users/larrymotuzis/Larry_Motuzis_Data/Project06_POI/poi/src/main/java/org/apache/poi/hssf/record/OldCellRecord.java,org.apache.poi.hssf.record.OldCellRecord,class,2,4,2,2,10,1,2,6,20,0.7592593,0.22222222,0.7777778,9,0,8,0,1,0,9,0,4,0,6,0,0,6,0,0,4,0,0,45,8,0,0,0,0,5,1,7,1,6,1,0,0,0,55,1025,0
/Users/larrymotuzis/Larry_Motuzis_Data/Project06_POI/poi/src/main/java/org/apache/poi/hssf/usermodel/HSSFPalette.java,org.apache.poi.hssf.usermodel.HSSFPalette$CustomColor,innerclass,5,5,0,5,8,2,0,7,7,0.5416667,0.16666667,0.16666667,6,0,4,2,0,0,4,0,0,0,4,0,0,4,0,0,0,0,2,40,4,0,1,0,4,3,12,9,3,7,2,0,0,0,28,26,0
/Users/larrymotuzis/Larry_Motuzis_Data/Project06_POI/poi/src/main/java/org/apache/poi/poifs/filesystem/POIFSFileSystem.java,org.apache.poi.poifs.filesystem.POIFSFileSystem,class,28,50,22,28,94,2,1,108,972,0.9056605,0.10707071,0.3030303,53,5,29,8,11,5,45,0,0,0,13,5,0,12,1,0,6,0,25,414,32,10,11,9,6,18,40,85,18,65,4,0,0,0,457,1,1
/Users/larrymotuzis/Larry_Motuzis_Data/Project06_POI/poi/src/main/java/org/apache/poi/hssf/record/RecordInputStream.java,org.apache.poi.hssf.record.RecordInputStream,class,12,216,204,12,80,4,0,40,300,0.8551136,0.19373219,0.2991453,32,0,27,5,0,0,27,0,0,0,11,4,1,10,0,0,6,0,4,306,29,5,22,1,7,27,30,50,16,31,4,0,2,0,268,17,0
/Users/larrymotuzis/Larry_Motuzis_Data/Project06_POI/poi/src/main/java/org/apache/poi/ss/formula/functions/MultiOperandNumericFunction.java,org.apache.poi.ss.formula.functions.MultiOperandNumericFunction$ConsumerFactory,innerclass,9,9,0,9,9,1,0,5,15,0.0,0.0,0.0,6,6,0,3,0,3,3,0,0,0,0,0,0,0,0,0,0,0,5,37,8,0,0,0,0,0,2,3,0,3,1,0,0,5,26,10,0
/Users/larrymotuzis/Larry_Motuzis_Data/Project06_POI/poi/src/main/java/org/apache/poi/ss/formula/functions/Log.java,org.apache.poi.ss.formula.functions.Log,class,5,5,0,5,6,1,0,5,0,0.5,NaN,NaN,1,1,1,0,0,0,1,0,0,0,2,2,0,2,0,0,2,0,8,26,3,0,4,1,2,0,7,7,2,6,2,0,0,0,26,1,0
/Users/larrymotuzis/Larry_Motuzis_Data/Project06_POI/poi/src/main/java/org/apache/poi/sl/draw/DrawTableShape.java,org.apache.poi.sl.draw.DrawTableShape,class,18,20,2,18,54,2,0,38,45,0.9,0.0,0.0,10,1,7,1,2,0,9,0,0,0,1,1,1,0,0,0,1,0,9,167,8,13,17,0,8,0,34,58,16,47,5,0,0,0,92,1,0
/Users/larrymotuzis/Larry_Motuzis_Data/Project06_POI/poi/src/main/java/org/apache/poi/poifs/nio/DataSource.java,org.apache.poi.poifs.nio.DataSource,class,0,3,3,0,5,1,2,0,10,0.0,0.0,0.0,5,0,5,0,0,0,5,5,0,0,0,0,0,0,0,0,0,0,0,7,0,0,0,0,0,0,0,0,0,0,0,0,0,0,31,1025,0
/Users/larrymotuzis/Larry_Motuzis_Data/Project06_POI/poi/src/main/java/org/apache/poi/hssf/record/DSFRecord.java,org.apache.poi.hssf.record.DSFRecord,class,6,9,3,6,11,4,0,6,25,0.72727275,0.16666667,0.16666667,11,0,8,2,1,0,9,0,0,0,3,2,1,2,0,0,2,0,0,40,6,0,0,0,0,2,5,5,0,3,0,0,0,1,53,17,0
/Users/larrymotuzis/Larry_Motuzis_Data/Project06_POI/poi/src/main/java/org/apache/poi/hssf/record/CFRuleBase.java,org.apache.poi.hssf.record.CFRuleBase$ComparisonOperator,interface,0,0,0,0,0,1,0,0,0,NaN,-1.0,-1.0,0,0,0,0,0,0,0,0,0,0,10,0,0,0,0,10,0,0,0,12,0,0,0,0,0,0,10,10,0,10,0,0,0,0,22,1,0
/Users/larrymotuzis/Larry_Motuzis_Data/Project06_POI/poi/src/main/java/org/apache/poi/ss/formula/functions/Sumproduct.java,org.apache.poi.ss.formula.functions.Sumproduct,class,12,14,2,12,40,1,0,20,21,0.0,NaN,NaN,7,6,1,6,0,0,1,0,0,0,0,0,0,0,0,0,0,0,10,137,17,8,4,2,0,5,17,32,2,27,3,0,0,0,162,17,0
/Users/larrymotuzis/Larry_Motuzis_Data/Project06_POI/poi/src/main/java/org/apache/poi/hssf/record/RecordFactoryInputStream.java,org.apache.poi.hssf.record.RecordFactoryInputStream,class,19,22,3,19,32,1,0,21,0,0.40625,1.0,1.0,4,0,2,2,0,0,2,0,0,0,8,0,0,8,0,0,2,0,3,193,19,1,6,0,1,1,9,30,2,18,3,0,1,0,150,17,0
/Users/larrymotuzis/Larry_Motuzis_Data/Project06_POI/poi/src/main/java/org/apache/poi/ss/formula/functions/Averageifs.java,org.apache.poi.ss.formula.functions.Averageifs,class,5,6,1,5,2,2,0,0,1,1.0,0.0,0.0,2,0,0,0,2,0,2,0,0,0,1,1,1,0,0,0,1,0,0,22,2,0,0,0,0,0,0,1,0,1,0,1,0,0,85,17,0
/Users/larrymotuzis/Larry_Motuzis_Data/Project06_POI/poi/src/main/java/org/apache/poi/hssf/usermodel/HSSFEvaluationWorkbook.java,org.apache.poi.hssf.usermodel.HSSFEvaluationWorkbook,class,34,40,6,34,41,1,0,36,146,0.5862069,0.26495728,0.43589744,29,1,27,2,0,0,27,0,0,0,2,0,0,2,0,0,2,0,0,173,28,1,9,0,3,3,7,28,1,23,2,0,1,0,116,17,0
/Users/larrymotuzis/Larry_Motuzis_Data/Project06_POI/poi/src/main/java/org/apache/poi/poifs/crypt/ChunkedCipherInputStream.java,org.apache.poi.poifs.crypt.ChunkedCipherInputStream,class,5,14,9,5,51,2,8,18,132,0.8148148,0.078431375,0.18300654,21,0,13,3,5,0,18,1,1,2,8,0,0,8,0,0,5,0,9,170,17,3,12,2,13,4,37,39,15,26,3,0,0,0,130,1025,0
/Users/larrymotuzis/Larry_Motuzis_Data/Project06_POI/poi/src/main/java/org/apache/poi/ss/usermodel/CellCopyPolicy.java,org.apache.poi.ss.usermodel.CellCopyPolicy$Builder,innerclass,2,2,0,2,10,1,0,0,45,0.90000004,0.0,0.0,10,0,10,0,0,0,10,0,0,0,8,0,0,8,0,0,0,0,0,47,9,0,0,0,0,0,0,16,0,8,0,0,0,0,42,9,0
/Users/larrymotuzis/Larry_Motuzis_Data/Project06_POI/poi/src/main/java/org/apache/poi/hssf/record/CFRuleBase.java,org.apache.poi.hssf.record.CFRuleBase,class,14,18,4,14,84,4,2,43,1486,0.98032403,0.060606062,0.2107744,60,3,42,5,13,0,55,1,0,0,72,63,33,4,6,29,63,0,29,325,36,0,6,0,8,11,70,96,2,75,2,0,1,1,302,1025,0
/Users/larrymotuzis/Larry_Motuzis_Data/Project06_POI/poi/src/main/java/org/apache/poi/ss/formula/atp/Stdevs.java,org.apache.poi.ss.formula.atp.Stdevs,class,4,5,1,4,1,1,0,3,0,1.0,NaN,NaN,1,0,1,0,0,0,1,0,0,0,1,1,1,0,0,0,1,0,0,6,1,0,0,0,0,0,0,1,0,1,0,0,0,0,12,1,0
/Users/larrymotuzis/Larry_Motuzis_Data/Project06_POI/poi/src/main/java/org/apache/poi/ss/formula/functions/FloorPrecise.java,org.apache.poi.ss.formula.functions.FloorPrecise,class,9,10,1,9,9,1,0,11,3,1.0,NaN,NaN,3,1,1,2,0,0,1,0,0,0,1,1,1,0,0,0,1,0,8,33,6,0,4,1,0,0,7,7,0,6,2,0,0,0,46,17,0
/Users/larrymotuzis/Larry_Motuzis_Data/Project06_POI/poi/src/main/java/org/apache/poi/util/LZWDecompresser.java,org.apache.poi.util.LZWDecompresser,class,4,5,1,4,15,1,0,10,13,0.77551025,0.1904762,0.2857143,7,2,4,0,3,0,7,2,0,0,7,4,2,5,0,0,6,0,1,68,2,3,4,0,10,0,19,28,9,20,4,0,0,0,186,1025,0
/Users/larrymotuzis/Larry_Motuzis_Data/Project06_POI/poi/src/main/java/org/apache/poi/ss/formula/IStabilityClassifier.java,org.apache.poi.ss.formula.IStabilityClassifier,interface,1,4,3,1,1,1,0,0,0,1.0,NaN,NaN,1,0,0,0,0,1,1,0,0,0,1,0,0,0,0,1,0,0,0,4,0,0,0,0,0,0,0,1,0,4,0,0,0,1,169,1,0
/Users/larrymotuzis/Larry_Motuzis_Data/Project06_POI/poi/src/main/java/org/apache/poi/ss/formula/atp/Stdevp.java,org.apache.poi.ss.formula.atp.Stdevp,class,4,5,1,4,1,1,0,3,0,1.0,NaN,NaN,1,0,1,0,0,0,1,0,0,0,1,1,1,0,0,0,1,0,0,6,1,0,0,0,0,0,0,1,0,1,0,0,0,0,12,1,0
/Users/larrymotuzis/Larry_Motuzis_Data/Project06_POI/poi/src/main/java/org/apache/poi/sl/draw/geom/PolarAdjustHandle.java,org.apache.poi.sl.draw.geom.PolarAdjustHandle,class,3,5,2,3,32,1,0,2,125,0.7826086,0.25296444,1.0,23,0,23,0,0,0,23,0,0,0,7,0,0,7,0,0,0,0,8,81,18,0,8,0,8,0,0,8,0,8,1,0,0,0,68,17,0
/Users/larrymotuzis/Larry_Motuzis_Data/Project06_POI/poi/src/main/java/org/apache/poi/sl/usermodel/Shape.java,org.apache.poi.sl.usermodel.Shape,interface,6,47,41,6,6,1,0,0,15,0.0,0.0,0.0,6,0,0,0,0,6,6,0,0,0,0,0,0,0,0,0,0,0,0,8,0,0,0,0,0,0,0,0,0,0,0,0,0,0,79,1,0
/Users/larrymotuzis/Larry_Motuzis_Data/Project06_POI/poi/src/main/java/org/apache/poi/ss/usermodel/FontCharset.java,org.apache.poi.ss.usermodel.FontCharset,enum,2,3,1,2,6,1,0,2,0,0.33333334,0.0,0.0,3,1,2,1,0,0,3,0,0,0,2,1,0,2,0,0,0,0,1,18,3,1,0,0,0,1,20,3,0,2,1,0,0,0,67,1,0
/Users/larrymotuzis/Larry_Motuzis_Data/Project06_POI/poi/src/main/java/org/apache/poi/sl/draw/geom/ClosePathCommand.java,org.apache.poi.sl.draw.geom.ClosePathCommand,class,3,6,3,3,3,1,0,1,3,0.0,0.0,0.0,3,0,3,0,0,0,3,0,0,0,0,0,0,0,0,0,0,0,0,11,2,0,0,0,1,0,1,0,0,0,0,0,0,0,44,1,0
/Users/larrymotuzis/Larry_Motuzis_Data/Project06_POI/poi/src/main/java/org/apache/poi/util/DrawingDump.java,org.apache.poi.util.DrawingDump,class,3,3,0,3,3,1,0,6,1,0.0,NaN,NaN,2,1,1,1,0,0,1,0,0,0,0,0,0,0,0,0,0,0,1,15,0,1,0,1,1,4,2,5,1,5,2,0,0,0,31,17,0
/Users/larrymotuzis/Larry_Motuzis_Data/Project06_POI/poi/src/main/java/org/apache/poi/sl/draw/DrawGroupShape.java,org.apache.poi.sl.draw.DrawGroupShape,class,6,9,3,6,6,2,0,17,3,0.0,0.0,0.0,3,0,2,0,1,0,3,0,0,0,0,0,0,0,0,0,0,0,1,32,1,1,2,0,0,0,4,10,2,10,1,0,0,0,25,1,0
/Users/larrymotuzis/Larry_Motuzis_Data/Project06_POI/poi/src/main/java/org/apache/poi/hssf/usermodel/HSSFEvaluationSheet.java,org.apache.poi.hssf.usermodel.HSSFEvaluationSheet,class,7,9,2,7,9,1,0,4,0,0.16666667,0.6666667,0.6666667,6,0,6,0,0,0,6,0,0,0,1,0,0,1,0,0,1,0,0,30,7,0,3,0,0,0,0,4,0,4,1,0,0,0,30,16,0
/Users/larrymotuzis/Larry_Motuzis_Data/Project06_POI/poi/src/main/java/org/apache/poi/sl/draw/DrawTextParagraph.java,org.apache.poi.sl.draw.DrawTextParagraph,class,34,37,3,34,117,2,0,145,148,0.87878793,0.21052632,0.48421052,24,1,12,4,8,0,20,0,0,0,10,3,2,1,6,1,3,0,16,523,25,7,48,0,19,15,42,172,35,122,3,0,2,2,265,1,2
/Users/larrymotuzis/Larry_Motuzis_Data/Project06_POI/poi/src/main/java/org/apache/poi/ddf/AbstractEscherOptRecord.java,org.apache.poi.ddf.AbstractEscherOptRecord,class,9,12,3,9,22,2,2,29,0,0.26666668,0.4945055,0.4945055,15,0,12,1,2,0,14,0,0,0,1,0,0,1,0,0,1,0,2,75,9,3,3,0,0,5,8,10,9,10,1,0,0,3,78,1025,0
/Users/larrymotuzis/Larry_Motuzis_Data/Project06_POI/poi/src/main/java/org/apache/poi/hssf/record/chart/DatRecord.java,org.apache.poi.hssf.record.chart.DatRecord,class,6,8,2,6,19,4,0,6,15,0.80701756,0.45614034,0.45614034,19,0,18,0,1,0,19,0,0,0,6,5,1,5,0,0,5,0,0,65,10,0,0,0,0,5,6,12,0,6,0,0,0,0,66,17,0
/Users/larrymotuzis/Larry_Motuzis_Data/Project06_POI/poi/src/main/java/org/apache/poi/sl/draw/geom/MoveToCommand.java,org.apache.poi.sl.draw.geom.MoveToCommand,class,4,7,3,4,7,1,0,6,0,0.0,1.0,1.0,4,0,4,0,0,0,4,0,0,0,1,0,0,1,0,0,1,0,2,21,5,0,2,0,1,0,0,2,0,2,1,0,0,0,53,17,0
/Users/larrymotuzis/Larry_Motuzis_Data/Project06_POI/poi/src/main/java/org/apache/poi/hssf/record/ContinueRecord.java,org.apache.poi.hssf.record.ContinueRecord,class,6,11,5,6,11,4,0,4,15,0.65,0.22222222,0.22222222,10,0,9,0,1,0,10,0,0,0,2,1,1,1,0,0,1,0,0,35,6,0,1,0,1,1,1,4,0,2,0,0,0,0,52,17,0
/Users/larrymotuzis/Larry_Motuzis_Data/Project06_POI/poi/src/main/java/org/apache/poi/hssf/usermodel/HSSFConditionalFormattingThreshold.java,org.apache.poi.hssf.usermodel.HSSFConditionalFormattingThreshold,class,6,9,3,6,8,1,0,10,0,0.5,1.0,1.0,8,0,6,0,0,2,8,0,0,0,3,0,0,3,0,0,3,0,1,31,4,0,0,0,0,0,0,3,0,3,0,0,0,0,35,17,0
/Users/larrymotuzis/Larry_Motuzis_Data/Project06_POI/poi/src/main/java/org/apache/poi/hssf/record/FtCblsSubRecord.java,org.apache.poi.hssf.record.FtCblsSubRecord,class,7,8,1,7,11,2,0,6,13,0.6666667,0.24444444,0.33333334,10,0,8,0,1,1,10,0,0,0,3,2,1,2,0,0,3,0,0,43,5,0,1,0,0,3,3,6,1,4,1,0,0,1,70,17,0
/Users/larrymotuzis/Larry_Motuzis_Data/Project06_POI/poi/src/main/java/org/apache/poi/hssf/record/BookBoolRecord.java,org.apache.poi.hssf.record.BookBoolRecord,class,5,8,3,5,11,4,0,3,35,0.72727275,0.18181819,0.18181819,11,0,10,0,1,0,11,0,0,0,2,1,1,1,0,0,1,0,0,37,6,0,0,0,0,1,2,4,0,2,0,0,0,0,54,17,0
/Users/larrymotuzis/Larry_Motuzis_Data/Project06_POI/poi/src/main/java/org/apache/poi/ss/formula/functions/Finance.java,org.apache.poi.ss.formula.functions.Finance,class,1,3,2,1,12,1,0,8,55,0.0,0.0,0.0,11,11,11,0,0,0,11,0,0,0,0,0,0,0,0,0,0,0,17,37,11,0,1,0,8,0,16,2,25,1,1,0,0,0,68,1,0
/Users/larrymotuzis/Larry_Motuzis_Data/Project06_POI/poi/src/main/java/org/apache/poi/extractor/ExtractorProvider.java,org.apache.poi.extractor.ExtractorProvider,interface,5,8,3,5,5,1,0,0,10,0.0,0.0,0.0,5,0,0,0,0,5,5,0,0,0,0,0,0,0,0,0,0,0,0,9,0,0,0,0,0,1,0,0,0,0,0,0,0,0,107,1,0
/Users/larrymotuzis/Larry_Motuzis_Data/Project06_POI/poi/src/main/java/org/apache/poi/ss/formula/functions/AverageIf.java,org.apache.poi.ss.formula.functions.AverageIf$Anonymous1,anonymous,2,2,0,2,4,1,0,1,0,0.0,1.0,1.0,2,0,2,0,0,0,2,0,0,0,2,0,0,0,0,2,0,0,0,13,2,0,1,0,2,0,3,4,1,3,1,0,0,0,12,-1,0
/Users/larrymotuzis/Larry_Motuzis_Data/Project06_POI/poi/src/main/java/org/apache/poi/hssf/usermodel/HSSFRichTextString.java,org.apache.poi.hssf.usermodel.HSSFRichTextString,class,7,16,9,7,41,1,0,27,0,0.71875,0.5887446,0.5887446,24,0,17,2,0,5,22,0,0,0,4,1,1,3,0,0,1,0,0,126,16,2,8,0,4,5,6,22,0,14,3,0,0,0,217,17,0
/Users/larrymotuzis/Larry_Motuzis_Data/Project06_POI/poi/src/main/java/org/apache/poi/ss/usermodel/FontUnderline.java,org.apache.poi.ss.usermodel.FontUnderline,enum,1,2,1,1,16,1,0,2,0,0.4,0.3,0.3,5,2,4,1,0,0,5,0,0,0,2,1,0,2,0,0,0,0,1,59,9,1,0,0,0,0,6,8,0,3,1,0,0,0,55,1,0
/Users/larrymotuzis/Larry_Motuzis_Data/Project06_POI/poi/src/main/java/org/apache/poi/ss/formula/ptg/Ref3DPtg.java,org.apache.poi.ss.formula.ptg.Ref3DPtg,class,11,15,4,11,14,4,0,11,69,0.8095238,0.12087912,0.12087912,14,0,14,0,0,0,14,0,0,0,3,2,1,2,0,0,2,0,2,52,7,0,0,0,0,3,2,5,1,3,0,0,0,0,93,17,0
/Users/larrymotuzis/Larry_Motuzis_Data/Project06_POI/poi/src/main/java/org/apache/poi/ss/formula/EvaluationWorkbook.java,org.apache.poi.ss.formula.EvaluationWorkbook$ExternalSheetRange,innerclass,1,1,0,1,3,2,0,1,1,0.33333334,0.33333334,0.33333334,3,0,3,0,0,0,3,0,0,0,1,0,0,1,0,0,1,0,0,13,2,0,0,0,0,0,0,1,0,1,0,0,0,0,9,0,0
/Users/larrymotuzis/Larry_Motuzis_Data/Project06_POI/poi/src/main/java/org/apache/poi/ss/usermodel/CellStyle.java,org.apache.poi.ss.usermodel.CellStyle,interface,8,18,10,8,52,1,0,0,1326,0.0,0.0,0.0,52,0,0,0,0,52,52,0,0,0,0,0,0,0,0,0,0,0,0,54,0,0,0,0,0,1,0,0,0,0,0,0,0,0,243,1,0
/Users/larrymotuzis/Larry_Motuzis_Data/Project06_POI/poi/src/main/java/org/apache/poi/ss/formula/functions/Mode.java,org.apache.poi.ss.formula.functions.Mode,class,12,13,1,12,25,1,0,20,6,0.0,0.0,0.0,4,3,2,2,0,0,2,0,0,0,0,0,0,0,0,0,0,0,7,84,7,8,2,1,1,2,11,26,2,23,3,0,0,0,74,17,0
/Users/larrymotuzis/Larry_Motuzis_Data/Project06_POI/poi/src/main/java/org/apache/poi/ss/formula/functions/Indirect.java,org.apache.poi.ss.formula.functions.Indirect,class,10,11,1,10,41,1,0,33,21,0.85714287,NaN,NaN,7,5,1,6,0,0,1,0,0,0,2,2,1,1,0,0,2,0,17,179,31,1,11,3,0,1,28,39,6,29,3,0,0,0,131,17,1
/Users/larrymotuzis/Larry_Motuzis_Data/Project06_POI/poi/src/main/java/org/apache/poi/ss/usermodel/PrintSetup.java,org.apache.poi.ss.usermodel.PrintSetup,interface,0,1,1,0,36,1,0,0,630,1.0,0.0,0.0,36,0,0,0,0,36,36,0,0,0,33,33,33,0,0,0,33,0,0,71,0,0,0,0,0,0,33,33,0,33,0,0,0,0,162,1,0
/Users/larrymotuzis/Larry_Motuzis_Data/Project06_POI/poi/src/main/java/org/apache/poi/ss/formula/PlainCellCache.java,org.apache.poi.ss.formula.PlainCellCache,class,2,3,1,2,5,1,0,4,0,0.0,1.0,1.0,5,0,5,0,0,0,5,0,0,0,1,0,0,1,0,0,0,0,0,55,1,0,0,0,0,0,0,1,0,1,0,0,1,0,15,16,0
/Users/larrymotuzis/Larry_Motuzis_Data/Project06_POI/poi/src/main/java/org/apache/poi/ss/usermodel/Footer.java,org.apache.poi.ss.usermodel.Footer,interface,1,2,1,1,6,1,0,0,15,0.0,0.0,0.0,6,0,0,0,0,6,6,0,0,0,0,0,0,0,0,0,0,0,0,8,0,0,0,0,0,0,0,0,0,0,0,0,0,0,43,1,0
/Users/larrymotuzis/Larry_Motuzis_Data/Project06_POI/poi/src/main/java/org/apache/poi/common/usermodel/fonts/FontPitch.java,org.apache.poi.common.usermodel.fonts.FontPitch,enum,2,5,3,2,7,1,0,4,4,0.4,0.1,0.1,5,3,4,0,0,1,5,0,0,0,1,0,0,1,0,0,0,0,2,23,5,1,1,0,2,0,5,1,1,1,2,0,0,0,92,1,0
/Users/larrymotuzis/Larry_Motuzis_Data/Project06_POI/poi/src/main/java/org/apache/poi/ss/formula/FormulaShifter.java,org.apache.poi.ss.formula.FormulaShifter,class,18,21,3,18,178,1,0,49,203,0.79487175,0.0,0.0,26,6,7,19,0,0,7,0,0,0,9,0,0,9,0,0,9,0,16,484,102,1,6,0,0,30,31,87,51,68,2,0,1,0,178,17,0
/Users/larrymotuzis/Larry_Motuzis_Data/Project06_POI/poi/src/main/java/org/apache/poi/hpsf/UnicodeString.java,org.apache.poi.hpsf.UnicodeString,class,12,15,3,12,11,1,0,16,0,0.4,1.0,1.0,5,0,5,0,0,0,5,0,0,0,2,1,0,2,0,0,1,0,6,45,6,0,6,0,0,7,13,9,11,8,1,0,0,0,58,1,2
/Users/larrymotuzis/Larry_Motuzis_Data/Project06_POI/poi/src/main/java/org/apache/poi/hssf/usermodel/HSSFPalette.java,org.apache.poi.hssf.usermodel.HSSFPalette,class,5,13,8,5,19,2,0,8,6,0.33333334,0.53571427,0.53571427,9,0,7,1,1,0,8,0,0,0,1,0,0,1,0,0,0,0,3,98,9,3,8,0,1,1,7,16,5,11,2,0,1,0,97,17,0
/Users/larrymotuzis/Larry_Motuzis_Data/Project06_POI/poi/src/main/java/org/apache/poi/hssf/record/PaneRecord.java,org.apache.poi.hssf.record.PaneRecord,class,6,8,2,6,19,4,0,4,95,0.84210527,0.22222222,0.45614034,19,0,18,0,1,0,19,0,0,0,10,5,5,5,0,0,5,0,0,81,10,0,0,0,0,9,10,20,1,10,0,0,0,0,73,17,0
/Users/larrymotuzis/Larry_Motuzis_Data/Project06_POI/poi/src/main/java/org/apache/poi/hssf/record/chart/FontBasisRecord.java,org.apache.poi.hssf.record.chart.FontBasisRecord,class,5,7,2,5,19,4,0,3,95,0.7719298,0.22222222,0.45614034,19,0,18,0,1,0,19,0,0,0,6,1,1,5,0,0,1,0,0,77,10,0,0,0,0,5,6,16,1,6,0,0,0,0,57,17,0
/Users/larrymotuzis/Larry_Motuzis_Data/Project06_POI/poi/src/main/java/org/apache/poi/sl/draw/DrawNothing.java,org.apache.poi.sl.draw.DrawNothing,class,2,3,1,2,4,1,0,0,6,0.75,0.0,0.0,4,0,4,0,0,0,4,0,0,0,1,0,0,0,1,0,1,0,0,12,0,0,0,0,0,0,0,1,0,1,0,0,0,0,27,1,0
/Users/larrymotuzis/Larry_Motuzis_Data/Project06_POI/poi/src/main/java/org/apache/poi/ss/formula/OperatorEnum.java,org.apache.poi.ss.formula.OperatorEnum$CompareOp,interface,1,1,0,1,1,1,0,0,0,0.0,NaN,NaN,1,0,0,0,0,1,1,0,0,0,0,0,0,0,0,0,0,0,0,3,0,0,0,0,0,0,0,0,0,0,0,0,0,0,6,2,0
/Users/larrymotuzis/Larry_Motuzis_Data/Project06_POI/poi/src/main/java/org/apache/poi/hssf/record/chart/SheetPropertiesRecord.java,org.apache.poi.hssf.record.chart.SheetPropertiesRecord,class,7,9,2,7,22,4,0,8,15,0.8429752,0.46753246,0.5887446,22,0,21,0,1,0,22,0,0,0,11,9,4,7,0,0,9,0,0,82,12,0,0,0,0,10,11,19,1,11,0,0,0,0,115,17,0
/Users/larrymotuzis/Larry_Motuzis_Data/Project06_POI/poi/src/main/java/org/apache/poi/hssf/record/cf/DataBarThreshold.java,org.apache.poi.hssf.record.cf.DataBarThreshold,class,4,7,3,4,4,2,0,0,6,0.0,0.0,0.0,4,0,4,0,0,0,4,0,0,0,0,0,0,0,0,0,0,0,0,14,1,0,0,0,0,0,0,0,0,0,0,0,0,0,20,17,0
/Users/larrymotuzis/Larry_Motuzis_Data/Project06_POI/poi/src/main/java/org/apache/poi/ss/usermodel/Header.java,org.apache.poi.ss.usermodel.Header,interface,1,2,1,1,6,1,0,0,15,0.0,0.0,0.0,6,0,0,0,0,6,6,0,0,0,0,0,0,0,0,0,0,0,0,8,0,0,0,0,0,0,0,0,0,0,0,0,0,0,43,1,0
/Users/larrymotuzis/Larry_Motuzis_Data/Project06_POI/poi/src/main/java/org/apache/poi/ss/formula/EvaluationSheet.java,org.apache.poi.ss.formula.EvaluationSheet,interface,2,11,9,2,4,1,0,0,6,0.0,0.0,0.0,4,0,0,0,0,4,4,0,0,0,0,0,0,0,0,0,0,0,0,6,0,0,0,0,0,0,0,0,0,0,0,0,0,0,66,1,0
/Users/larrymotuzis/Larry_Motuzis_Data/Project06_POI/poi/src/main/java/org/apache/poi/hssf/model/RowBlocksReader.java,org.apache.poi.hssf.model.RowBlocksReader,class,9,10,1,9,11,1,0,14,0,0.5,0.5,1.0,4,0,4,0,0,0,4,0,0,0,3,0,0,3,0,0,3,0,0,65,3,1,0,0,1,2,1,22,1,17,3,0,0,0,93,17,0
/Users/larrymotuzis/Larry_Motuzis_Data/Project06_POI/poi/src/main/java/org/apache/poi/hssf/record/StringRecord.java,org.apache.poi.hssf.record.StringRecord,class,5,11,6,5,12,4,0,9,19,0.6666667,0.2888889,0.33333334,10,0,9,0,1,0,10,0,0,0,3,1,1,2,0,0,1,0,0,44,5,0,1,0,0,2,2,9,0,4,1,0,0,1,53,17,0
/Users/larrymotuzis/Larry_Motuzis_Data/Project06_POI/poi/src/main/java/org/apache/poi/hssf/record/cont/UnknownLengthRecordOutput.java,org.apache.poi.hssf.record.cont.UnknownLengthRecordOutput,class,4,5,1,4,15,1,0,7,0,0.59090906,0.9818182,1.0,11,0,11,0,0,0,11,0,0,0,6,1,0,6,0,0,4,0,0,72,3,0,3,0,0,2,9,18,2,7,1,0,0,0,86,16,0
/Users/larrymotuzis/Larry_Motuzis_Data/Project06_POI/poi/src/main/java/org/apache/poi/hssf/model/RecordStream.java,org.apache.poi.hssf.model.RecordStream,class,2,20,18,2,13,1,0,5,0,0.5,0.60714287,0.75,8,0,8,0,0,0,8,0,0,0,4,0,0,4,0,0,2,0,0,43,8,0,0,0,1,1,2,4,0,4,1,0,0,0,51,17,0
/Users/larrymotuzis/Larry_Motuzis_Data/Project06_POI/poi/src/main/java/org/apache/poi/ss/formula/functions/LinearRegressionFunction.java,org.apache.poi.ss.formula.functions.LinearRegressionFunction$SingleCellValueArray,innerclass,2,2,0,2,2,2,0,0,0,0.0,1.0,1.0,2,0,1,0,1,0,2,0,0,0,1,0,0,1,0,0,1,0,0,10,1,0,0,0,0,0,1,1,0,1,0,0,0,0,11,26,0
/Users/larrymotuzis/Larry_Motuzis_Data/Project06_POI/poi/src/main/java/org/apache/poi/poifs/crypt/DataSpaceMapUtils.java,org.apache.poi.poifs.crypt.DataSpaceMapUtils$DataSpaceMapEntry,innerclass,6,6,0,6,5,1,0,7,0,0.0,1.0,1.0,3,0,3,0,0,0,3,0,0,0,3,0,0,0,0,3,3,0,4,32,0,2,0,0,0,0,2,13,1,8,1,0,0,0,31,9,0
/Users/larrymotuzis/Larry_Motuzis_Data/Project06_POI/poi/src/main/java/org/apache/poi/util/Reproducibility.java,org.apache.poi.util.Reproducibility,class,1,1,0,1,3,1,0,2,0,0.0,1.0,1.0,2,2,2,0,0,0,2,0,0,0,1,1,0,1,0,0,0,0,1,16,1,0,1,1,0,1,0,4,0,2,1,0,0,0,82,1,0
/Users/larrymotuzis/Larry_Motuzis_Data/Project06_POI/poi/src/main/java/org/apache/poi/ss/formula/functions/Countblank.java,org.apache.poi.ss.formula.functions.Countblank,class,8,9,1,8,4,2,0,6,0,0.0,NaN,NaN,1,0,1,0,0,0,1,0,0,0,1,1,0,1,0,0,1,0,2,19,2,0,1,0,2,2,0,3,1,3,1,0,0,1,50,17,0
/Users/larrymotuzis/Larry_Motuzis_Data/Project06_POI/poi/src/main/java/org/apache/poi/hssf/util/HSSFColor.java,org.apache.poi.hssf.util.HSSFColor,class,5,7,2,5,35,1,0,29,126,0.8,0.17948718,0.1923077,20,8,13,7,0,0,13,0,3,2,5,2,0,5,0,0,3,0,60,171,20,2,9,0,7,4,15,13,9,13,2,0,1,0,240,1,0
/Users/larrymotuzis/Larry_Motuzis_Data/Project06_POI/poi/src/main/java/org/apache/poi/hssf/record/VerticalPageBreakRecord.java,org.apache.poi.hssf.record.VerticalPageBreakRecord,class,4,7,3,4,6,5,0,0,15,0.8333333,0.0,0.0,6,0,6,0,0,0,6,0,0,0,1,1,1,0,0,0,1,0,0,20,3,0,0,0,0,0,1,1,0,1,0,0,0,0,36,17,0
/Users/larrymotuzis/Larry_Motuzis_Data/Project06_POI/poi/src/main/java/org/apache/poi/ss/formula/functions/NormSInv.java,org.apache.poi.ss.formula.functions.NormSInv,class,7,8,1,7,9,2,0,10,6,1.0,0.0,0.0,4,1,2,2,0,0,2,0,0,0,1,1,1,0,0,0,1,0,2,31,7,0,2,1,0,0,6,4,0,4,2,0,0,0,57,17,0
/Users/larrymotuzis/Larry_Motuzis_Data/Project06_POI/poi/src/main/java/org/apache/poi/hssf/record/DrawingRecord.java,org.apache.poi.hssf.record.DrawingRecord,class,6,11,5,6,16,4,0,4,16,0.75,0.30769232,0.46153846,13,0,11,0,1,1,13,0,0,0,4,2,1,3,0,0,2,0,0,50,6,0,3,0,2,3,1,9,0,4,1,0,0,1,62,17,0
/Users/larrymotuzis/Larry_Motuzis_Data/Project06_POI/poi/src/main/java/org/apache/poi/hssf/record/chart/ValueRangeRecord.java,org.apache.poi.hssf.record.chart.ValueRangeRecord,class,6,8,2,6,39,4,0,9,129,0.87820506,0.41295546,0.757085,39,0,38,0,1,0,39,0,0,0,16,10,1,15,0,0,10,0,0,150,20,0,0,0,0,15,16,37,1,16,0,0,0,0,107,17,0
/Users/larrymotuzis/Larry_Motuzis_Data/Project06_POI/poi/src/main/java/org/apache/poi/common/usermodel/HyperlinkType.java,org.apache.poi.common.usermodel.HyperlinkType,enum,1,3,2,1,2,1,0,0,0,0.0,1.0,1.0,2,0,0,0,0,2,2,0,0,0,1,0,0,1,0,0,1,0,0,14,1,0,0,0,0,3,5,1,0,1,0,0,0,0,78,1,0
/Users/larrymotuzis/Larry_Motuzis_Data/Project06_POI/poi/src/main/java/org/apache/poi/hssf/record/chart/ChartStartObjectRecord.java,org.apache.poi.hssf.record.chart.ChartStartObjectRecord,class,5,7,2,5,8,4,0,3,16,0.5535714,0.21428572,0.21428572,8,0,7,0,1,0,8,0,0,0,7,1,1,6,0,0,1,0,0,49,5,0,0,0,0,6,7,13,1,7,0,0,0,6,45,17,0
/Users/larrymotuzis/Larry_Motuzis_Data/Project06_POI/poi/src/main/java/org/apache/poi/util/CodePageUtil.java,org.apache.poi.util.CodePageUtil,class,2,9,7,2,79,1,0,4,10,0.80357105,0.0,0.0,5,5,5,0,0,0,5,0,0,0,56,56,56,0,0,0,56,0,4,202,73,0,0,0,0,70,57,58,2,58,2,0,0,0,181,1,0
/Users/larrymotuzis/Larry_Motuzis_Data/Project06_POI/poi/src/main/java/org/apache/poi/hssf/record/CFHeaderRecord.java,org.apache.poi.hssf.record.CFHeaderRecord,class,5,8,3,5,8,5,0,2,28,0.875,0.0,0.0,8,0,7,0,1,0,8,0,0,0,1,1,1,0,0,0,1,0,0,27,4,0,0,0,0,1,1,1,0,1,0,0,0,0,39,17,0
/Users/larrymotuzis/Larry_Motuzis_Data/Project06_POI/poi/src/main/java/org/apache/poi/hssf/record/cont/ContinuableRecordOutput.java,org.apache.poi.hssf.record.cont.ContinuableRecordOutput$Anonymous1,anonymous,3,3,0,3,8,1,0,0,28,0.0,0.0,0.0,8,0,8,0,0,0,8,0,0,0,0,0,0,0,0,0,0,0,0,19,1,0,0,0,0,0,0,0,0,0,0,0,0,0,15,-1,0
/Users/larrymotuzis/Larry_Motuzis_Data/Project06_POI/poi/src/main/java/org/apache/poi/ss/formula/functions/DStdevp.java,org.apache.poi.ss.formula.functions.DStdevp,class,6,6,0,6,4,1,0,6,0,0.0,1.0,1.0,2,0,2,0,0,0,2,0,0,0,1,0,0,1,0,0,1,0,1,18,2,1,0,0,0,0,1,5,0,4,1,0,0,0,36,17,0
/Users/larrymotuzis/Larry_Motuzis_Data/Project06_POI/poi/src/main/java/org/apache/poi/ss/util/SheetUtil.java,org.apache.poi.ss.util.SheetUtil$Anonymous1,anonymous,4,4,0,4,11,1,0,1,55,0.0,0.0,0.0,11,0,11,0,0,0,11,0,0,0,0,0,0,0,0,0,0,0,0,27,3,0,0,0,0,0,0,0,0,0,0,0,0,0,32,-1,0
/Users/larrymotuzis/Larry_Motuzis_Data/Project06_POI/poi/src/main/java/org/apache/poi/hssf/record/aggregates/PageSettingsBlock.java,org.apache.poi.hssf.record.aggregates.PageSettingsBlock,class,27,31,4,27,112,5,0,58,686,0.9062499,0.0591133,0.19211823,40,7,29,11,0,0,29,0,0,0,16,0,0,16,0,0,2,0,19,414,30,7,15,0,4,12,16,57,6,35,5,0,1,1,303,17,0
/Users/larrymotuzis/Larry_Motuzis_Data/Project06_POI/poi/src/main/java/org/apache/poi/sl/usermodel/FreeformShape.java,org.apache.poi.sl.usermodel.FreeformShape,interface,5,9,4,5,2,1,0,0,1,0.0,0.0,0.0,2,0,0,0,0,2,2,0,0,0,0,0,0,0,0,0,0,0,0,4,0,0,0,0,0,0,0,0,0,0,0,0,0,0,31,1,0
/Users/larrymotuzis/Larry_Motuzis_Data/Project06_POI/poi/src/main/java/org/apache/poi/hssf/record/SubRecord.java,org.apache.poi.hssf.record.SubRecord,class,10,22,12,10,14,2,11,11,64,0.9166666,0.015151516,0.015151516,12,3,9,0,3,0,12,4,1,0,2,2,0,2,0,0,1,0,1,83,5,0,2,0,0,1,2,8,1,7,1,0,2,0,131,1025,0
/Users/larrymotuzis/Larry_Motuzis_Data/Project06_POI/poi/src/main/java/org/apache/poi/poifs/crypt/DataSpaceMapUtils.java,org.apache.poi.poifs.crypt.DataSpaceMapUtils$DataSpaceVersionInfo,innerclass,4,4,0,4,3,1,0,4,0,0.0,1.0,1.0,3,0,3,0,0,0,3,0,0,0,4,0,0,0,0,4,0,0,2,33,0,0,0,0,0,0,3,17,0,7,0,0,0,0,28,9,0
/Users/larrymotuzis/Larry_Motuzis_Data/Project06_POI/poi/src/main/java/org/apache/poi/sl/draw/geom/MoveToCommandIf.java,org.apache.poi.sl.draw.geom.MoveToCommandIf,interface,4,6,2,4,3,1,0,5,3,0.0,0.0,0.0,3,0,0,0,0,3,3,0,0,0,0,0,0,0,0,0,0,0,0,10,0,0,0,0,0,0,0,3,0,3,0,0,0,0,16,1,0
/Users/larrymotuzis/Larry_Motuzis_Data/Project06_POI/poi/src/main/java/org/apache/poi/ss/formula/ptg/GreaterThanPtg.java,org.apache.poi.ss.formula.ptg.GreaterThanPtg,class,2,6,4,2,5,4,0,0,10,0.8,0.0,0.0,5,0,4,1,0,0,4,0,0,0,3,3,2,1,0,0,3,0,0,19,4,0,0,0,0,1,4,3,1,3,0,0,0,0,42,17,0
/Users/larrymotuzis/Larry_Motuzis_Data/Project06_POI/poi/src/main/java/org/apache/poi/hssf/usermodel/HSSFComment.java,org.apache.poi.hssf.usermodel.HSSFComment,class,24,29,5,24,45,4,0,63,340,0.90625,0.16256158,0.16256158,32,1,22,3,5,2,29,0,0,0,6,5,0,6,0,0,6,0,2,175,16,0,6,0,2,6,16,28,5,27,1,0,0,0,156,1,0
/Users/larrymotuzis/Larry_Motuzis_Data/Project06_POI/poi/src/main/java/org/apache/poi/ss/formula/ptg/StringPtg.java,org.apache.poi.ss.formula.ptg.StringPtg,class,7,12,5,7,17,3,0,14,4,0.6388889,0.44444445,0.5833333,9,0,9,0,0,0,9,0,0,0,4,2,1,3,0,0,4,0,6,64,6,1,2,0,2,2,11,13,4,10,2,0,0,0,101,17,0
/Users/larrymotuzis/Larry_Motuzis_Data/Project06_POI/poi/src/main/java/org/apache/poi/ss/formula/ptg/Ref3DPxg.java,org.apache.poi.ss.formula.ptg.Ref3DPxg,class,9,11,2,9,18,4,0,9,88,0.7058824,0.1764706,0.2647059,17,0,17,0,0,0,17,0,0,0,3,0,0,3,0,0,0,0,1,71,9,0,0,0,1,5,5,11,0,4,1,0,0,0,76,17,0
/Users/larrymotuzis/Larry_Motuzis_Data/Project06_POI/poi/src/main/java/org/apache/poi/ss/formula/functions/Hex2Dec.java,org.apache.poi.ss.formula.functions.Hex2Dec,class,9,10,1,9,5,2,0,7,1,0.6666667,0.0,0.0,2,0,2,0,0,0,2,0,0,0,3,3,1,0,0,2,3,0,2,27,4,0,1,1,0,0,4,6,0,5,1,0,0,0,80,1,0
/Users/larrymotuzis/Larry_Motuzis_Data/Project06_POI/poi/src/main/java/org/apache/poi/ss/formula/functions/XYNumericFunction.java,org.apache.poi.ss.formula.functions.XYNumericFunction,class,14,18,4,14,22,5,3,10,6,0.0,0.0,0.0,4,1,1,2,1,0,2,1,0,0,0,0,0,0,0,0,0,0,4,131,8,1,6,1,0,0,3,18,0,14,3,0,5,0,54,1025,0
/Users/larrymotuzis/Larry_Motuzis_Data/Project06_POI/poi/src/main/java/org/apache/poi/poifs/crypt/DataSpaceMapUtils.java,org.apache.poi.poifs.crypt.DataSpaceMapUtils$TransformInfoHeader,innerclass,5,5,0,5,3,1,0,8,0,0.0,1.0,1.0,3,0,3,0,0,0,3,0,0,0,6,0,0,0,0,6,0,0,4,45,0,0,0,0,0,0,3,23,1,11,0,0,0,0,34,9,0
/Users/larrymotuzis/Larry_Motuzis_Data/Project06_POI/poi/src/main/java/org/apache/poi/hssf/usermodel/HSSFSimpleShape.java,org.apache.poi.hssf.usermodel.HSSFSimpleShape,class,23,33,10,23,30,2,4,49,131,0.93981487,0.05147059,0.05147059,18,0,10,1,6,1,17,0,0,0,12,11,11,1,0,0,11,0,0,153,10,0,12,0,1,2,17,37,1,33,1,0,0,0,109,1,0
/Users/larrymotuzis/Larry_Motuzis_Data/Project06_POI/poi/src/main/java/org/apache/poi/util/ReplacingInputStream.java,org.apache.poi.util.ReplacingInputStream,class,5,6,1,5,29,3,0,6,7,0.61904764,0.26666668,0.4,6,0,6,0,0,0,6,0,0,0,7,0,0,6,0,1,3,0,1,110,10,1,15,0,0,4,21,30,3,10,4,0,1,0,88,1,0
/Users/larrymotuzis/Larry_Motuzis_Data/Project06_POI/poi/src/main/java/org/apache/poi/ss/util/CellReference.java,org.apache.poi.ss.util.CellReference,class,10,42,32,10,96,1,0,54,386,0.88578093,0.15862069,0.31264368,33,11,28,3,0,2,30,0,0,0,13,8,0,13,0,0,13,0,31,324,40,3,22,0,7,32,57,64,33,52,3,0,2,0,359,1,0
/Users/larrymotuzis/Larry_Motuzis_Data/Project06_POI/poi/src/main/java/org/apache/poi/poifs/nio/ByteArrayBackedDataSource.java,org.apache.poi.poifs.nio.ByteArrayBackedDataSource,class,3,5,2,3,13,2,0,8,0,0.41666666,0.71428573,0.71428573,8,0,7,1,0,0,7,0,0,0,3,1,0,3,0,0,1,0,3,52,2,0,0,0,1,3,8,14,7,8,1,0,0,0,59,1,0
/Users/larrymotuzis/Larry_Motuzis_Data/Project06_POI/poi/src/main/java/org/apache/poi/hssf/record/ObjectProtectRecord.java,org.apache.poi.hssf.record.ObjectProtectRecord,class,5,8,3,5,13,4,0,3,35,0.72727275,0.18181819,0.18181819,11,0,10,0,1,0,11,0,0,0,2,1,1,1,0,0,1,0,0,37,6,0,1,0,2,1,5,4,0,2,0,0,0,0,67,17,0
/Users/larrymotuzis/Larry_Motuzis_Data/Project06_POI/poi/src/main/java/org/apache/poi/hssf/record/WindowOneRecord.java,org.apache.poi.hssf.record.WindowOneRecord,class,6,9,3,6,37,4,0,16,384,0.8935809,0.2117117,0.6981982,37,0,36,0,1,0,37,0,0,0,16,7,1,15,0,0,7,0,0,153,19,0,0,0,0,15,8,39,0,16,0,0,0,0,154,17,0
/Users/larrymotuzis/Larry_Motuzis_Data/Project06_POI/poi/src/main/java/org/apache/poi/hssf/model/WorkbookRecordList.java,org.apache.poi.hssf.model.WorkbookRecordList,class,2,5,3,2,42,1,0,26,316,0.91233766,0.088319086,0.088319086,28,0,27,1,0,0,27,0,0,0,11,0,0,11,0,0,0,0,0,146,13,1,2,0,1,0,6,26,10,14,2,0,0,0,73,17,0
/Users/larrymotuzis/Larry_Motuzis_Data/Project06_POI/poi/src/main/java/org/apache/poi/hssf/record/EndSubRecord.java,org.apache.poi.hssf.record.EndSubRecord,class,6,7,1,6,12,2,0,1,37,0.75,0.08888889,0.13333334,10,0,8,0,1,1,10,0,0,0,2,2,1,1,0,0,2,0,0,36,6,0,1,0,1,2,4,2,1,2,1,0,0,0,57,17,0
/Users/larrymotuzis/Larry_Motuzis_Data/Project06_POI/poi/src/main/java/org/apache/poi/hssf/record/ProtectRecord.java,org.apache.poi.hssf.record.ProtectRecord,class,6,10,4,6,12,4,0,7,36,0.75,0.13333334,0.13333334,12,0,9,2,1,0,10,0,0,0,3,2,1,2,0,0,2,0,0,43,6,0,0,0,0,2,4,5,0,3,0,0,0,1,73,17,0
/Users/larrymotuzis/Larry_Motuzis_Data/Project06_POI/poi/src/main/java/org/apache/poi/util/GenericRecordJsonWriter.java,org.apache.poi.util.GenericRecordJsonWriter,class,9,12,3,9,87,2,0,117,0,0.8303031,0.5,0.7689394,33,5,8,1,23,1,33,0,0,0,10,5,0,5,5,0,7,0,33,428,30,3,6,1,16,136,51,78,20,61,2,0,2,4,156,1,0
/Users/larrymotuzis/Larry_Motuzis_Data/Project06_POI/poi/src/main/java/org/apache/poi/hssf/usermodel/HSSFCellStyle.java,org.apache.poi.hssf.usermodel.HSSFCellStyle,class,24,30,6,24,112,1,0,99,0,0.822449,0.6169772,0.78302276,70,0,66,1,3,0,70,0,0,0,7,3,0,7,0,0,7,0,4,362,48,0,25,0,11,8,21,37,6,26,3,0,0,2,348,17,0
/Users/larrymotuzis/Larry_Motuzis_Data/Project06_POI/poi/src/main/java/org/apache/poi/ss/formula/functions/Lookup.java,org.apache.poi.ss.formula.functions.Lookup,class,6,7,1,6,9,2,0,12,3,0.0,0.0,0.0,3,1,2,1,0,0,2,0,0,0,0,0,0,0,0,0,0,0,12,48,5,0,2,2,1,2,4,14,2,12,2,0,0,0,69,17,0
/Users/larrymotuzis/Larry_Motuzis_Data/Project06_POI/poi/src/main/java/org/apache/poi/ss/formula/functions/WeekdayFunc.java,org.apache.poi.ss.formula.functions.WeekdayFunc,class,8,9,1,8,14,1,0,7,1,0.5,NaN,NaN,2,0,1,1,0,0,1,0,0,0,1,1,1,0,0,0,1,0,6,47,6,0,6,1,3,0,19,12,8,8,3,0,0,0,44,17,0
/Users/larrymotuzis/Larry_Motuzis_Data/Project06_POI/poi/src/main/java/org/apache/poi/ss/formula/OperandClassTransformer.java,org.apache.poi.ss.formula.OperandClassTransformer,class,12,13,1,12,53,1,0,15,26,0.75,1.0,1.0,8,2,2,6,0,0,2,0,0,0,1,0,0,1,0,0,1,0,2,182,15,4,9,0,1,13,4,25,7,16,3,0,0,0,175,16,0
/Users/larrymotuzis/Larry_Motuzis_Data/Project06_POI/poi/src/main/java/org/apache/poi/ss/formula/functions/Offset.java,org.apache.poi.ss.formula.functions.Offset$LinearOffsetRange,innerclass,1,1,0,1,11,1,0,3,0,0.25,1.0,1.0,6,0,6,0,0,0,6,0,0,0,2,0,0,2,0,0,2,0,0,32,7,0,2,0,1,4,5,2,5,2,2,0,0,0,89,24,0
/Users/larrymotuzis/Larry_Motuzis_Data/Project06_POI/poi/src/main/java/org/apache/poi/extractor/ExtractorFactory.java,org.apache.poi.extractor.ExtractorFactory$Singleton,innerclass,1,1,0,1,0,1,0,0,0,NaN,-1.0,-1.0,0,0,0,0,0,0,0,0,0,0,1,1,0,1,0,0,1,0,0,3,0,0,0,0,0,0,0,1,0,1,0,0,0,0,10,10,0
/Users/larrymotuzis/Larry_Motuzis_Data/Project06_POI/poi/src/main/java/org/apache/poi/hssf/record/UncalcedRecord.java,org.apache.poi.hssf.record.UncalcedRecord,class,5,7,2,5,10,4,0,3,25,0.7,0.22222222,0.22222222,10,1,9,0,1,0,10,0,0,0,2,1,1,1,0,0,1,0,0,35,6,0,0,0,0,1,4,4,0,2,0,0,0,1,45,17,0
/Users/larrymotuzis/Larry_Motuzis_Data/Project06_POI/poi/src/main/java/org/apache/poi/hssf/record/chart/FontIndexRecord.java,org.apache.poi.hssf.record.chart.FontIndexRecord,class,5,7,2,5,11,4,0,3,35,0.72727275,0.18181819,0.18181819,11,0,10,0,1,0,11,0,0,0,2,1,1,1,0,0,1,0,0,37,6,0,0,0,0,1,2,4,0,2,0,0,0,0,41,17,0
/Users/larrymotuzis/Larry_Motuzis_Data/Project06_POI/poi/src/main/java/org/apache/poi/ss/formula/atp/WorkdayIntlFunction.java,org.apache.poi.ss.formula.atp.WorkdayIntlFunction,class,8,9,1,8,9,1,0,10,0,0.25,NaN,NaN,2,0,1,1,0,0,1,0,0,0,2,1,1,1,0,0,1,0,1,36,4,0,1,1,0,0,10,10,0,9,3,0,0,0,72,16,0
/Users/larrymotuzis/Larry_Motuzis_Data/Project06_POI/poi/src/main/java/org/apache/poi/ss/formula/FormulaParser.java,org.apache.poi.ss.formula.FormulaParser$SimpleRangePart$Type,enum,1,1,0,1,4,1,0,0,0,0.0,NaN,NaN,1,1,1,0,0,0,1,0,0,0,0,0,0,0,0,0,0,0,0,10,2,0,0,0,0,1,0,0,0,0,1,0,0,0,22,2,0
/Users/larrymotuzis/Larry_Motuzis_Data/Project06_POI/poi/src/main/java/org/apache/poi/ss/usermodel/BuiltinFormats.java,org.apache.poi.ss.usermodel.BuiltinFormats,class,0,0,0,0,8,1,0,3,0,0.5,1.0,1.0,3,3,3,0,0,0,3,0,0,0,2,2,1,1,0,0,2,0,0,24,5,1,0,0,0,52,4,4,0,4,2,0,0,0,79,17,0
/Users/larrymotuzis/Larry_Motuzis_Data/Project06_POI/poi/src/main/java/org/apache/poi/ss/usermodel/helpers/ColumnShifter.java,org.apache.poi.ss.usermodel.helpers.ColumnShifter,class,6,7,1,6,19,2,0,20,0,0.25,1.0,1.0,4,0,3,1,0,0,3,0,0,0,1,0,0,0,1,0,1,0,2,59,2,4,2,0,2,0,9,15,13,14,3,0,0,0,68,1025,0
/Users/larrymotuzis/Larry_Motuzis_Data/Project06_POI/poi/src/main/java/org/apache/poi/hssf/model/RecordOrderer.java,org.apache.poi.hssf.model.RecordOrderer,class,12,13,1,12,128,1,0,20,136,0.0,0.0,0.0,17,16,3,14,0,0,3,0,0,0,0,0,0,0,0,0,0,0,17,265,32,7,6,0,3,15,21,25,16,25,2,0,0,0,159,16,0
/Users/larrymotuzis/Larry_Motuzis_Data/Project06_POI/poi/src/main/java/org/apache/poi/ss/format/CellElapsedFormatter.java,org.apache.poi.ss.format.CellElapsedFormatter$TimeSpec,innerclass,0,0,0,0,5,1,0,1,0,0.2,1.0,1.0,2,0,2,0,0,0,2,0,0,0,5,0,0,0,0,5,4,0,1,21,2,0,3,0,0,0,2,7,3,6,1,0,0,0,12,10,0
/Users/larrymotuzis/Larry_Motuzis_Data/Project06_POI/poi/src/main/java/org/apache/poi/hssf/record/DateWindow1904Record.java,org.apache.poi.hssf.record.DateWindow1904Record,class,5,8,3,5,11,4,0,4,43,0.77272725,0.10909091,0.10909091,11,0,10,0,1,0,11,0,0,0,2,1,1,1,0,0,1,0,0,37,6,0,0,0,0,1,2,4,0,2,0,0,0,0,50,17,0
/Users/larrymotuzis/Larry_Motuzis_Data/Project06_POI/poi/src/main/java/org/apache/poi/ss/formula/functions/TDistRt.java,org.apache.poi.ss.formula.functions.TDistRt,class,6,7,1,6,8,2,0,10,3,1.0,0.0,0.0,3,1,2,1,0,0,2,0,0,0,1,1,1,0,0,0,1,0,2,34,8,0,3,1,0,0,4,6,0,6,2,0,0,0,93,17,0
/Users/larrymotuzis/Larry_Motuzis_Data/Project06_POI/poi/src/main/java/org/apache/poi/poifs/crypt/CryptoFunctions.java,org.apache.poi.poifs.crypt.CryptoFunctions,class,8,19,11,8,62,1,0,46,266,0.925,0.006535948,0.006535948,24,23,18,6,0,0,18,0,0,0,5,5,0,4,0,1,4,0,41,251,25,6,16,5,26,23,197,65,21,46,4,0,0,0,399,17,0
/Users/larrymotuzis/Larry_Motuzis_Data/Project06_POI/poi/src/main/java/org/apache/poi/ss/formula/functions/Mirr.java,org.apache.poi.ss.formula.functions.Mirr,class,4,6,2,4,12,2,0,3,6,0.0,0.0,0.0,4,1,1,1,2,0,3,0,0,0,0,0,0,0,0,0,0,0,5,45,4,2,2,0,0,0,20,15,12,10,2,0,0,0,114,1,0
/Users/larrymotuzis/Larry_Motuzis_Data/Project06_POI/poi/src/main/java/org/apache/poi/hssf/record/RecalcIdRecord.java,org.apache.poi.hssf.record.RecalcIdRecord,class,5,8,3,5,12,4,0,5,26,0.63888884,0.3030303,0.42424244,12,0,11,0,1,0,12,0,0,0,3,1,1,2,0,0,2,0,0,47,7,0,0,0,0,2,4,8,0,3,0,0,0,1,107,17,0
/Users/larrymotuzis/Larry_Motuzis_Data/Project06_POI/poi/src/main/java/org/apache/poi/poifs/filesystem/POIFSDocumentPath.java,org.apache.poi.poifs.filesystem.POIFSDocumentPath,class,1,9,8,1,20,1,0,11,0,0.45,0.8,0.8,10,0,10,0,0,0,10,0,0,0,2,0,0,2,0,0,1,0,9,47,9,0,10,0,9,2,8,7,3,7,1,0,0,1,136,1,0
/Users/larrymotuzis/Larry_Motuzis_Data/Project06_POI/poi/src/main/java/org/apache/poi/sl/draw/DrawSlide.java,org.apache.poi.sl.draw.DrawSlide,class,6,7,1,6,3,2,0,6,1,0.0,0.0,0.0,2,0,2,0,0,0,2,0,0,0,0,0,0,0,0,0,0,0,1,16,0,0,1,0,0,0,0,3,0,3,1,0,0,0,14,1,0
/Users/larrymotuzis/Larry_Motuzis_Data/Project06_POI/poi/src/main/java/org/apache/poi/hssf/record/aggregates/CustomViewSettingsRecordAggregate.java,org.apache.poi.hssf.record.aggregates.CustomViewSettingsRecordAggregate,class,7,8,1,7,14,3,0,9,0,0.5,0.5,0.5,4,1,4,0,0,0,4,0,0,0,4,0,0,4,0,0,3,0,1,54,2,2,6,0,1,3,0,5,1,5,4,0,0,0,71,17,0
/Users/larrymotuzis/Larry_Motuzis_Data/Project06_POI/poi/src/main/java/org/apache/poi/poifs/storage/HeaderBlockConstants.java,org.apache.poi.poifs.storage.HeaderBlockConstants,interface,0,1,1,0,0,1,0,0,0,NaN,-1.0,-1.0,0,0,0,0,0,0,0,0,0,0,11,0,0,0,0,11,0,0,0,13,0,0,0,0,1,0,10,11,2,11,0,0,0,0,39,1,0
/Users/larrymotuzis/Larry_Motuzis_Data/Project06_POI/poi/src/main/java/org/apache/poi/ss/formula/functions/LookupUtils.java,org.apache.poi.ss.formula.functions.LookupUtils$ValueVector$Anonymous1,anonymous,2,2,0,2,4,1,0,2,0,0.0,1.0,1.0,2,0,2,0,0,0,2,0,0,0,1,0,0,1,0,0,0,0,0,10,2,0,0,0,0,0,1,1,0,1,1,0,0,0,11,-1,0
/Users/larrymotuzis/Larry_Motuzis_Data/Project06_POI/poi/src/main/java/org/apache/poi/ss/formula/functions/LookupUtils.java,org.apache.poi.ss.formula.functions.LookupUtils$ValueVector$Anonymous2,anonymous,1,1,0,1,4,1,0,1,0,0.0,1.0,1.0,2,0,2,0,0,0,2,0,0,0,1,0,0,1,0,0,0,0,0,11,2,0,0,0,0,0,3,1,1,1,1,0,0,0,11,-1,0
/Users/larrymotuzis/Larry_Motuzis_Data/Project06_POI/poi/src/main/java/org/apache/poi/ss/usermodel/PaperSize.java,org.apache.poi.ss.usermodel.PaperSize,enum,0,0,0,0,0,1,0,0,0,0.0,-1.0,-1.0,0,0,0,0,0,0,0,0,0,0,0,0,0,0,0,0,0,0,0,1,0,0,0,0,0,0,0,0,0,0,0,0,0,0,24,1,0
/Users/larrymotuzis/Larry_Motuzis_Data/Project06_POI/poi/src/main/java/org/apache/poi/hssf/record/common/ExtendedColor.java,org.apache.poi.hssf.record.common.ExtendedColor,class,6,11,5,6,28,1,0,9,59,0.90151507,0.30718955,0.59477127,18,0,18,0,0,0,18,0,0,0,22,17,17,5,0,0,17,0,0,114,9,0,8,0,2,6,26,35,1,22,1,0,0,0,93,17,0
/Users/larrymotuzis/Larry_Motuzis_Data/Project06_POI/poi/src/main/java/org/apache/poi/hssf/usermodel/HSSFShapeFactory.java,org.apache.poi.hssf.usermodel.HSSFShapeFactory,class,24,26,2,24,27,1,0,19,1,0.0,NaN,NaN,2,2,1,1,0,0,1,0,0,0,0,0,0,0,0,0,0,0,1,110,3,2,7,0,6,6,4,28,4,17,4,0,0,1,80,1,0
/Users/larrymotuzis/Larry_Motuzis_Data/Project06_POI/poi/src/main/java/org/apache/poi/poifs/filesystem/EntryUtils.java,org.apache.poi.poifs.filesystem.EntryUtils$DirectoryDelegate,innerclass,6,6,0,6,11,1,0,13,0,0.2,1.0,1.0,5,1,2,2,0,1,3,0,0,0,1,0,0,0,0,1,1,0,3,34,9,0,2,0,2,0,0,2,0,2,1,0,0,0,19,10,0
/Users/larrymotuzis/Larry_Motuzis_Data/Project06_POI/poi/src/main/java/org/apache/poi/ddf/EscherDump.java,org.apache.poi.ddf.EscherDump,class,5,6,1,5,3,1,0,4,1,0.0,0.0,0.0,2,0,2,0,0,0,2,0,0,0,0,0,0,0,0,0,0,0,0,15,0,1,0,0,0,0,1,5,1,4,1,0,0,0,40,17,0
/Users/larrymotuzis/Larry_Motuzis_Data/Project06_POI/poi/src/main/java/org/apache/poi/ss/formula/udf/IndexedUDFFinder.java,org.apache.poi.ss.formula.udf.IndexedUDFFinder,class,5,6,1,5,5,2,0,5,0,0.25,0.5,0.5,4,0,4,0,0,0,4,0,0,0,1,0,0,1,0,0,1,0,0,21,3,0,1,0,0,0,0,3,0,3,1,0,0,0,31,1,0
/Users/larrymotuzis/Larry_Motuzis_Data/Project06_POI/poi/src/main/java/org/apache/poi/ss/formula/eval/NotImplementedFunctionException.java,org.apache.poi.ss.formula.eval.NotImplementedFunctionException,class,1,3,2,1,3,5,0,0,0,0.5,1.0,1.0,3,0,3,0,0,0,3,0,0,0,2,1,0,2,0,0,1,0,0,15,1,0,0,0,0,0,1,3,0,2,0,0,0,0,37,17,0
/Users/larrymotuzis/Larry_Motuzis_Data/Project06_POI/poi/src/main/java/org/apache/poi/hssf/usermodel/HSSFRangeCopier.java,org.apache.poi.hssf.usermodel.HSSFRangeCopier,class,7,7,0,7,4,2,0,6,3,0.0,0.0,0.0,3,0,2,0,1,0,3,0,0,0,0,0,0,0,0,0,0,0,0,14,0,0,0,0,1,0,0,3,0,3,1,0,0,0,24,1,0
/Users/larrymotuzis/Larry_Motuzis_Data/Project06_POI/poi/src/main/java/org/apache/poi/hssf/extractor/EventBasedExcelExtractor.java,org.apache.poi.hssf.extractor.EventBasedExcelExtractor$TextListener,innerclass,14,14,0,14,21,1,0,19,0,0.4375,1.0,1.0,2,0,2,0,0,0,2,0,0,0,8,0,0,6,0,2,2,0,0,95,0,0,4,0,0,4,6,32,0,18,4,0,0,0,52,2,0
/Users/larrymotuzis/Larry_Motuzis_Data/Project06_POI/poi/src/main/java/org/apache/poi/ss/formula/functions/NumericFunction.java,org.apache.poi.ss.formula.functions.NumericFunction$TwoDoubleIf,interface,0,0,0,0,1,1,0,0,0,0.0,NaN,NaN,1,0,0,0,0,1,1,0,0,0,0,0,0,0,0,0,0,0,0,3,0,0,0,0,0,0,0,0,0,0,0,0,0,0,6,2,0
/Users/larrymotuzis/Larry_Motuzis_Data/Project06_POI/poi/src/main/java/org/apache/poi/common/usermodel/fonts/FontFacet.java,org.apache.poi.common.usermodel.fonts.FontFacet,interface,1,1,0,1,5,1,0,0,10,0.0,0.0,0.0,5,0,0,0,0,5,5,0,0,0,0,0,0,0,0,0,0,0,0,17,3,0,0,0,0,3,0,0,0,0,0,0,0,0,51,1,0
/Users/larrymotuzis/Larry_Motuzis_Data/Project06_POI/poi/src/main/java/org/apache/poi/ss/format/CellTextFormatter.java,org.apache.poi.ss.format.CellTextFormatter,class,4,6,2,4,7,2,0,11,1,0.44444445,0.33333334,0.33333334,3,0,3,0,0,0,3,0,0,0,3,1,0,2,0,1,3,0,1,38,2,2,0,0,0,3,7,12,4,13,2,0,0,1,38,1,0
/Users/larrymotuzis/Larry_Motuzis_Data/Project06_POI/poi/src/main/java/org/apache/poi/hssf/usermodel/helpers/HSSFColumnShifter.java,org.apache.poi.hssf.usermodel.helpers.HSSFColumnShifter,class,6,7,1,6,5,2,0,0,10,0.0,0.0,0.0,5,0,5,0,0,0,5,0,0,0,0,0,0,0,0,0,0,0,0,17,0,0,0,0,0,4,0,0,0,0,0,0,0,0,28,17,0
/Users/larrymotuzis/Larry_Motuzis_Data/Project06_POI/poi/src/main/java/org/apache/poi/ss/formula/functions/Fixed2ArgFunction.java,org.apache.poi.ss.formula.functions.Fixed2ArgFunction,class,3,32,29,3,2,1,29,1,0,0.0,NaN,NaN,1,0,1,0,0,0,1,0,1,0,0,0,0,0,0,0,0,0,0,8,2,0,1,0,0,0,3,0,0,0,1,0,0,0,18,1025,0
/Users/larrymotuzis/Larry_Motuzis_Data/Project06_POI/poi/src/main/java/org/apache/poi/poifs/crypt/xor/XOREncryptor.java,org.apache.poi.poifs.crypt.xor.XOREncryptor$XORCipherOutputStream,innerclass,9,9,0,9,17,4,0,17,34,0.7777778,0.035714287,0.035714287,9,0,4,1,4,0,8,0,0,0,2,0,0,2,0,0,0,0,2,57,4,2,2,0,10,1,16,16,11,11,2,0,0,0,69,2,0
/Users/larrymotuzis/Larry_Motuzis_Data/Project06_POI/poi/src/main/java/org/apache/poi/ss/formula/eval/forked/ForkedEvaluationWorkbook.java,org.apache.poi.ss.formula.eval.forked.ForkedEvaluationWorkbook,class,16,18,2,16,25,1,0,24,0,0.52380955,0.63684213,0.7157895,21,0,20,1,0,0,20,0,0,0,2,0,0,2,0,0,2,0,0,87,19,1,1,0,0,1,0,9,0,8,1,0,0,0,92,16,0
/Users/larrymotuzis/Larry_Motuzis_Data/Project06_POI/poi/src/main/java/org/apache/poi/hssf/record/PaletteRecord.java,org.apache.poi.hssf.record.PaletteRecord,class,9,12,3,9,18,4,0,15,0,0.7636364,0.5090909,0.5090909,11,0,10,0,1,0,11,0,0,0,5,4,3,2,0,0,5,0,1,100,8,3,0,0,0,1,67,10,4,10,1,0,1,1,105,17,0
/Users/larrymotuzis/Larry_Motuzis_Data/Project06_POI/poi/src/main/java/org/apache/poi/ss/formula/atp/WorkdayCalculator.java,org.apache.poi.ss.formula.atp.WorkdayCalculator,class,3,7,4,3,30,1,0,27,58,0.9739583,0.044444446,0.06666667,12,0,4,3,5,0,10,0,0,0,16,16,1,15,0,0,16,0,25,114,12,4,4,0,1,0,28,36,3,33,3,0,0,0,108,1,0
/Users/larrymotuzis/Larry_Motuzis_Data/Project06_POI/poi/src/main/java/org/apache/poi/poifs/crypt/binaryrc4/BinaryRC4EncryptionHeader.java,org.apache.poi.poifs.crypt.binaryrc4.BinaryRC4EncryptionHeader,class,4,7,3,4,4,2,0,9,6,0.0,0.0,0.0,4,0,2,0,2,0,4,0,0,0,0,0,0,0,0,0,0,0,0,21,1,0,0,0,0,1,4,0,0,0,0,0,0,0,31,1,0
/Users/larrymotuzis/Larry_Motuzis_Data/Project06_POI/poi/src/main/java/org/apache/poi/ss/usermodel/Workbook.java,org.apache.poi.ss.usermodel.Workbook,interface,15,26,11,15,62,1,0,3,1891,0.9861751,0.0,0.0,62,0,0,0,0,62,62,0,0,0,7,0,0,0,0,7,0,0,1,75,2,0,0,0,0,1,8,7,0,7,0,0,0,0,478,1,0
/Users/larrymotuzis/Larry_Motuzis_Data/Project06_POI/poi/src/main/java/org/apache/poi/hssf/record/RightMarginRecord.java,org.apache.poi.hssf.record.RightMarginRecord,class,6,9,3,6,11,4,0,3,35,0.72727275,0.18181819,0.18181819,11,0,10,0,1,0,11,0,0,0,2,1,1,1,0,0,1,0,0,37,6,0,0,0,0,1,2,4,0,2,0,0,0,0,35,17,0
/Users/larrymotuzis/Larry_Motuzis_Data/Project06_POI/poi/src/main/java/org/apache/poi/ss/usermodel/TableStyle.java,org.apache.poi.ss.usermodel.TableStyle,interface,2,7,5,2,4,1,0,0,6,0.0,0.0,0.0,4,0,0,0,0,4,4,0,0,0,0,0,0,0,0,0,0,0,0,6,0,0,0,0,0,0,0,0,0,0,0,0,0,0,83,1,0
/Users/larrymotuzis/Larry_Motuzis_Data/Project06_POI/poi/src/main/java/org/apache/poi/util/CodepointsUtil.java,org.apache.poi.util.CodepointsUtil,class,3,4,1,3,2,1,0,3,1,0.0,0.0,0.0,2,2,2,0,0,0,2,0,0,0,0,0,0,0,0,0,0,0,1,17,2,0,0,0,0,0,0,1,0,1,0,1,0,0,23,1,0
/Users/larrymotuzis/Larry_Motuzis_Data/Project06_POI/poi/src/main/java/org/apache/poi/poifs/property/RootProperty.java,org.apache.poi.poifs.property.RootProperty,class,3,7,4,3,4,3,0,5,4,0.5,0.16666667,0.16666667,4,0,2,0,0,2,4,0,0,0,1,1,0,1,0,0,1,0,1,20,1,0,0,0,0,1,2,3,1,3,0,0,0,0,54,17,0
/Users/larrymotuzis/Larry_Motuzis_Data/Project06_POI/poi/src/main/java/org/apache/poi/ss/formula/eval/RelationalOperationEval.java,org.apache.poi.ss.formula.eval.RelationalOperationEval$Anonymous2,anonymous,0,0,0,0,2,1,0,0,0,0.0,NaN,NaN,1,0,0,0,1,0,1,0,0,0,0,0,0,0,0,0,0,0,0,5,1,0,0,0,0,0,1,0,0,0,0,0,0,0,4,-1,0
/Users/larrymotuzis/Larry_Motuzis_Data/Project06_POI/poi/src/main/java/org/apache/poi/ss/formula/eval/RelationalOperationEval.java,org.apache.poi.ss.formula.eval.RelationalOperationEval$Anonymous1,anonymous,0,0,0,0,2,1,0,0,0,0.0,NaN,NaN,1,0,0,0,1,0,1,0,0,0,0,0,0,0,0,0,0,0,0,5,1,0,1,0,0,0,1,0,0,0,0,0,0,0,4,-1,0
/Users/larrymotuzis/Larry_Motuzis_Data/Project06_POI/poi/src/main/java/org/apache/poi/ss/formula/eval/RelationalOperationEval.java,org.apache.poi.ss.formula.eval.RelationalOperationEval$Anonymous6,anonymous,0,0,0,0,2,1,0,0,0,0.0,NaN,NaN,1,0,0,0,1,0,1,0,0,0,0,0,0,0,0,0,0,0,0,5,1,0,1,0,0,0,1,0,0,0,0,0,0,0,4,-1,0
/Users/larrymotuzis/Larry_Motuzis_Data/Project06_POI/poi/src/main/java/org/apache/poi/hssf/usermodel/HSSFDataFormatter.java,org.apache.poi.hssf.usermodel.HSSFDataFormatter,class,2,2,0,2,2,2,0,1,1,0.0,0.0,0.0,2,0,2,0,0,0,2,0,0,0,0,0,0,0,0,0,0,0,1,8,0,0,0,0,0,0,0,0,0,0,0,0,0,0,119,17,0
/Users/larrymotuzis/Larry_Motuzis_Data/Project06_POI/poi/src/main/java/org/apache/poi/ss/formula/eval/RelationalOperationEval.java,org.apache.poi.ss.formula.eval.RelationalOperationEval$Anonymous5,anonymous,0,0,0,0,2,1,0,0,0,0.0,NaN,NaN,1,0,0,0,1,0,1,0,0,0,0,0,0,0,0,0,0,0,0,5,1,0,0,0,0,0,1,0,0,0,0,0,0,0,4,-1,0
/Users/larrymotuzis/Larry_Motuzis_Data/Project06_POI/poi/src/main/java/org/apache/poi/ss/util/CellUtil.java,org.apache.poi.ss.util.CellUtil,class,23,29,6,23,121,1,0,132,395,0.92137086,0.008333334,0.008333334,31,30,14,17,0,0,16,0,0,0,32,32,24,7,0,1,32,0,96,529,24,3,35,2,8,98,3,110,1,92,4,0,1,1,348,17,7
/Users/larrymotuzis/Larry_Motuzis_Data/Project06_POI/poi/src/main/java/org/apache/poi/ss/formula/eval/RelationalOperationEval.java,org.apache.poi.ss.formula.eval.RelationalOperationEval$Anonymous4,anonymous,0,0,0,0,2,1,0,0,0,0.0,NaN,NaN,1,0,0,0,1,0,1,0,0,0,0,0,0,0,0,0,0,0,0,5,1,0,0,0,0,0,1,0,0,0,0,0,0,0,4,-1,0
/Users/larrymotuzis/Larry_Motuzis_Data/Project06_POI/poi/src/main/java/org/apache/poi/ss/formula/eval/RelationalOperationEval.java,org.apache.poi.ss.formula.eval.RelationalOperationEval$Anonymous3,anonymous,0,0,0,0,2,1,0,0,0,0.0,NaN,NaN,1,0,0,0,1,0,1,0,0,0,0,0,0,0,0,0,0,0,0,5,1,0,0,0,0,0,1,0,0,0,0,0,0,0,4,-1,0
/Users/larrymotuzis/Larry_Motuzis_Data/Project06_POI/poi/src/main/java/org/apache/poi/hpsf/SummaryInformation.java,org.apache.poi.hpsf.SummaryInformation,class,10,14,4,10,62,2,0,17,1711,0.9915254,0.0,0.0,59,0,59,0,0,0,59,0,0,0,2,2,2,0,0,0,2,0,3,194,22,0,2,0,0,2,1,6,1,6,1,0,0,0,211,17,0
/Users/larrymotuzis/Larry_Motuzis_Data/Project06_POI/poi/src/main/java/org/apache/poi/ss/formula/SheetRangeIdentifier.java,org.apache.poi.ss.formula.SheetRangeIdentifier,class,2,6,4,2,5,2,0,6,0,0.25,0.5,0.5,4,0,3,0,1,0,4,0,0,0,1,0,0,1,0,0,1,0,0,23,2,0,0,0,0,1,0,1,0,1,1,0,0,0,14,1,0
/Users/larrymotuzis/Larry_Motuzis_Data/Project06_POI/poi/src/main/java/org/apache/poi/ss/formula/functions/Today.java,org.apache.poi.ss.formula.functions.Today,class,4,4,0,4,2,1,0,5,0,0.0,NaN,NaN,1,1,1,0,0,0,1,0,0,0,0,0,0,0,0,0,0,0,1,14,2,0,1,0,0,0,2,1,0,1,1,0,0,0,18,17,0
/Users/larrymotuzis/Larry_Motuzis_Data/Project06_POI/poi/src/main/java/org/apache/poi/sl/draw/PathGradientPaint.java,org.apache.poi.sl.draw.PathGradientPaint,class,3,3,0,3,7,1,0,2,2,0.6,0.0,0.0,4,0,2,1,0,1,3,0,0,0,5,0,0,5,0,0,5,0,0,126,2,1,2,0,1,0,1,7,0,6,2,0,1,0,40,1,0
/Users/larrymotuzis/Larry_Motuzis_Data/Project06_POI/poi/src/main/java/org/apache/poi/ss/formula/functions/LinearRegressionFunction.java,org.apache.poi.ss.formula.functions.LinearRegressionFunction$RefValueArray,innerclass,3,3,0,3,2,2,0,3,0,0.0,1.0,1.0,2,0,1,0,1,0,2,0,0,0,2,0,0,2,0,0,2,0,0,13,1,0,0,0,1,0,0,3,2,3,0,0,0,0,13,26,0
/Users/larrymotuzis/Larry_Motuzis_Data/Project06_POI/poi/src/main/java/org/apache/poi/sl/usermodel/AutoShape.java,org.apache.poi.sl.usermodel.AutoShape,interface,5,10,5,5,0,1,0,0,0,0.0,-1.0,-1.0,0,0,0,0,0,0,0,0,0,0,0,0,0,0,0,0,0,0,0,2,0,0,0,0,0,0,0,0,0,0,0,0,0,0,2,1,0
/Users/larrymotuzis/Larry_Motuzis_Data/Project06_POI/poi/src/main/java/org/apache/poi/hssf/record/pivottable/ViewFieldsRecord.java,org.apache.poi.hssf.record.pivottable.ViewFieldsRecord,class,5,7,2,5,14,4,0,10,8,0.609375,0.35714287,0.35714287,8,0,6,0,2,0,8,0,0,0,8,3,1,7,0,0,7,0,0,69,6,0,4,0,2,5,8,16,2,10,2,0,1,5,73,17,0
/Users/larrymotuzis/Larry_Motuzis_Data/Project06_POI/poi/src/main/java/org/apache/poi/hpsf/Vector.java,org.apache.poi.hpsf.Vector,class,3,4,1,3,7,1,0,5,0,0.33333334,0.6666667,1.0,3,0,3,0,0,0,3,0,0,0,2,0,0,2,0,0,1,0,0,30,1,1,2,0,1,1,4,8,1,8,2,0,0,0,33,1,0
/Users/larrymotuzis/Larry_Motuzis_Data/Project06_POI/poi/src/main/java/org/apache/poi/ss/usermodel/WorkbookFactory.java,org.apache.poi.ss.usermodel.WorkbookFactory,class,9,11,2,9,28,1,0,29,79,0.71428573,0.018181818,0.018181818,14,13,11,3,0,0,11,0,0,0,1,0,0,1,0,0,1,0,17,99,14,1,5,1,0,5,2,12,4,19,2,0,2,7,170,17,0
/Users/larrymotuzis/Larry_Motuzis_Data/Project06_POI/poi/src/main/java/org/apache/poi/ss/formula/eval/TwoOperandNumericOperation.java,org.apache.poi.ss.formula.eval.TwoOperandNumericOperation,class,10,12,2,10,11,4,2,11,6,0.75,0.0,0.0,4,0,2,0,2,0,4,1,1,0,5,5,5,0,0,0,5,0,4,86,9,0,2,2,1,0,4,12,0,14,3,4,1,1,37,1025,0
/Users/larrymotuzis/Larry_Motuzis_Data/Project06_POI/poi/src/main/java/org/apache/poi/hssf/record/CFRule12Record.java,org.apache.poi.hssf.record.CFRule12Record,class,22,25,3,22,67,5,0,67,322,0.82467544,0.1908046,0.4827586,33,6,29,3,1,0,30,0,0,0,14,1,1,13,0,0,1,0,15,307,28,2,31,0,10,13,25,87,5,45,2,0,0,6,186,17,1
/Users/larrymotuzis/Larry_Motuzis_Data/Project06_POI/poi/src/main/java/org/apache/poi/ss/formula/functions/Averageifs.java,org.apache.poi.ss.formula.functions.Averageifs$Anonymous1,anonymous,2,2,0,2,4,1,0,1,0,0.0,1.0,1.0,2,0,2,0,0,0,2,0,0,0,2,0,0,0,0,2,0,0,0,13,2,0,1,0,2,0,3,4,1,3,1,0,0,0,12,-1,0
/Users/larrymotuzis/Larry_Motuzis_Data/Project06_POI/poi/src/main/java/org/apache/poi/sl/usermodel/SlideShowFactory.java,org.apache.poi.sl.usermodel.SlideShowFactory$ProviderMethod,interface,2,2,0,2,1,1,0,0,0,0.0,NaN,NaN,1,0,0,0,0,1,1,0,0,0,0,0,0,0,0,0,0,0,0,3,0,0,0,0,0,0,0,0,0,0,0,0,0,0,7,2,0
/Users/larrymotuzis/Larry_Motuzis_Data/Project06_POI/poi/src/main/java/org/apache/poi/ss/util/SSCellRange.java,org.apache.poi.ss.util.SSCellRange,class,6,8,2,6,18,1,0,11,0,0.6166667,0.5090909,0.8181818,12,1,11,1,0,0,11,0,0,0,5,0,0,5,0,0,5,0,6,69,11,1,1,0,2,10,10,15,14,14,1,0,0,0,61,17,0
/Users/larrymotuzis/Larry_Motuzis_Data/Project06_POI/poi/src/main/java/org/apache/poi/ss/formula/PlainCellCache.java,org.apache.poi.ss.formula.PlainCellCache$Loc,innerclass,1,1,0,1,12,1,0,1,0,0.33333334,0.6944444,0.7777778,9,1,9,0,0,0,9,0,0,0,2,0,0,2,0,0,2,0,1,37,8,0,2,0,14,0,13,5,9,3,1,0,0,0,25,25,0
/Users/larrymotuzis/Larry_Motuzis_Data/Project06_POI/poi/src/main/java/org/apache/poi/ss/formula/WorkbookEvaluator.java,org.apache.poi.ss.formula.WorkbookEvaluator,class,76,91,15,76,169,1,0,156,652,0.9058441,0.13725491,0.31194296,44,8,18,10,0,16,34,0,0,0,14,2,0,14,0,0,8,0,17,626,67,5,29,6,8,41,41,145,26,105,6,0,0,2,481,17,5
/Users/larrymotuzis/Larry_Motuzis_Data/Project06_POI/poi/src/main/java/org/apache/poi/ss/util/AreaReference.java,org.apache.poi.ss.util.AreaReference,class,4,13,9,4,66,1,0,45,58,0.77941173,0.41758242,0.72527474,17,8,14,3,0,0,14,0,0,0,8,4,0,8,0,0,8,0,18,268,21,6,17,1,3,25,30,86,15,54,4,0,0,0,249,1,0
/Users/larrymotuzis/Larry_Motuzis_Data/Project06_POI/poi/src/main/java/org/apache/poi/hssf/record/HCenterRecord.java,org.apache.poi.hssf.record.HCenterRecord,class,5,8,3,5,13,4,0,3,35,0.72727275,0.18181819,0.18181819,11,0,10,0,1,0,11,0,0,0,2,1,1,1,0,0,1,0,0,37,6,0,1,0,2,1,5,4,0,2,0,0,0,0,44,17,0
/Users/larrymotuzis/Larry_Motuzis_Data/Project06_POI/poi/src/main/java/org/apache/poi/ss/formula/ptg/MultiplyPtg.java,org.apache.poi.ss.formula.ptg.MultiplyPtg,class,2,5,3,2,5,4,0,0,10,0.8,0.0,0.0,5,0,4,1,0,0,4,0,0,0,2,2,2,0,0,0,2,0,0,18,4,0,0,0,0,1,4,2,1,2,0,0,0,0,22,17,0
/Users/larrymotuzis/Larry_Motuzis_Data/Project06_POI/poi/src/main/java/org/apache/poi/ss/usermodel/CreationHelper.java,org.apache.poi.ss.usermodel.CreationHelper,interface,9,11,2,9,8,1,0,0,28,0.0,0.0,0.0,8,0,0,0,0,8,8,0,0,0,0,0,0,0,0,0,0,0,0,10,0,0,0,0,0,0,0,0,0,0,0,0,0,0,92,1,0
/Users/larrymotuzis/Larry_Motuzis_Data/Project06_POI/poi/src/main/java/org/apache/poi/ss/usermodel/ConditionalFormattingThreshold.java,org.apache.poi.ss.usermodel.ConditionalFormattingThreshold,interface,1,5,4,1,6,1,0,0,15,0.0,0.0,0.0,6,0,0,0,0,6,6,0,0,0,0,0,0,0,0,0,0,0,0,42,0,0,0,0,0,0,0,0,0,0,0,0,1,0,105,1,0
/Users/larrymotuzis/Larry_Motuzis_Data/Project06_POI/poi/src/main/java/org/apache/poi/hssf/record/pivottable/DataItemRecord.java,org.apache.poi.hssf.record.pivottable.DataItemRecord,class,5,7,2,5,8,4,0,6,10,0.546875,0.32142857,0.35714287,8,0,6,0,2,0,8,0,0,0,8,1,1,7,0,0,1,0,0,53,5,0,0,0,0,6,7,15,1,8,0,0,0,6,36,17,0
/Users/larrymotuzis/Larry_Motuzis_Data/Project06_POI/poi/src/main/java/org/apache/poi/sl/draw/DrawTextParagraph.java,org.apache.poi.sl.draw.DrawTextParagraph$AttributedStringData,innerclass,0,0,0,0,1,1,0,0,0,0.0,NaN,NaN,1,0,0,0,0,1,1,0,0,0,3,0,0,0,0,3,0,0,0,11,0,0,0,0,0,0,0,4,0,4,0,0,0,0,10,10,0
/Users/larrymotuzis/Larry_Motuzis_Data/Project06_POI/poi/src/main/java/org/apache/poi/poifs/crypt/xor/XOREncryptionInfoBuilder.java,org.apache.poi.poifs.crypt.xor.XOREncryptionInfoBuilder,class,12,12,0,12,3,1,0,6,3,0.0,0.0,0.0,3,0,3,0,0,0,3,0,0,0,0,0,0,0,0,0,0,0,0,24,0,0,0,0,0,0,0,4,0,4,0,0,0,0,26,1,0
/Users/larrymotuzis/Larry_Motuzis_Data/Project06_POI/poi/src/main/java/org/apache/poi/sl/draw/geom/PathCommand.java,org.apache.poi.sl.draw.geom.PathCommand,interface,1,9,8,1,1,1,0,0,0,0.0,NaN,NaN,1,0,0,0,0,1,1,0,0,0,0,0,0,0,0,0,0,0,0,3,0,0,0,0,0,0,0,0,0,0,0,0,0,0,24,1,0
/Users/larrymotuzis/Larry_Motuzis_Data/Project06_POI/poi/src/main/java/org/apache/poi/sl/draw/DrawMasterSheet.java,org.apache.poi.sl.draw.DrawMasterSheet,class,7,8,1,7,4,2,0,4,1,0.0,0.0,0.0,2,0,1,0,1,0,2,0,0,0,0,0,0,0,0,0,0,0,0,15,2,0,1,0,1,0,0,2,0,2,2,0,0,0,29,1,0
/Users/larrymotuzis/Larry_Motuzis_Data/Project06_POI/poi/src/main/java/org/apache/poi/ddf/EscherShapePathProperty.java,org.apache.poi.ddf.EscherShapePathProperty,class,2,2,0,2,2,3,0,0,1,1.0,0.0,0.0,2,0,2,0,0,0,2,0,0,0,5,5,5,0,0,0,5,0,0,13,0,0,0,0,0,0,5,5,0,5,0,0,0,0,44,1,0
/Users/larrymotuzis/Larry_Motuzis_Data/Project06_POI/poi/src/main/java/org/apache/poi/ss/usermodel/IconMultiStateFormatting.java,org.apache.poi.ss.usermodel.IconMultiStateFormatting$IconSet,enum,1,1,0,1,6,1,0,2,0,0.41666666,0.8333333,1.0,4,2,3,0,0,1,4,0,0,0,3,0,3,0,0,0,3,0,2,34,4,1,0,0,0,18,34,3,1,3,2,0,0,0,81,0,0
/Users/larrymotuzis/Larry_Motuzis_Data/Project06_POI/poi/src/main/java/org/apache/poi/sl/draw/SLGraphics.java,org.apache.poi.sl.draw.SLGraphics,class,17,18,1,17,90,3,0,75,2484,0.9298246,0.065945946,0.21441442,76,0,73,1,2,0,75,0,0,0,9,1,0,9,0,0,1,0,4,327,26,1,4,1,0,3,14,49,4,38,2,0,0,0,736,1,1
/Users/larrymotuzis/Larry_Motuzis_Data/Project06_POI/poi/src/main/java/org/apache/poi/ss/formula/functions/ArrayFunction.java,org.apache.poi.ss.formula.functions.ArrayFunction,interface,6,13,7,6,31,1,0,14,10,0.0,0.0,0.0,5,2,0,0,0,5,5,0,0,0,0,0,0,0,0,0,0,0,6,162,6,4,2,3,0,3,34,72,16,35,4,0,0,0,105,1,0
/Users/larrymotuzis/Larry_Motuzis_Data/Project06_POI/poi/src/main/java/org/apache/poi/hssf/record/TextObjectRecord.java,org.apache.poi.hssf.record.TextObjectRecord,class,10,13,3,10,44,4,0,37,150,0.91555554,0.26900584,0.61403507,25,3,18,6,1,0,19,0,0,0,27,17,13,14,0,0,17,0,4,213,14,2,7,0,3,18,39,60,8,43,2,0,0,4,193,17,0
/Users/larrymotuzis/Larry_Motuzis_Data/Project06_POI/poi/src/main/java/org/apache/poi/hpsf/UnsupportedVariantTypeException.java,org.apache.poi.hpsf.UnsupportedVariantTypeException,class,3,6,3,3,1,5,2,2,0,0.0,NaN,NaN,1,0,1,0,0,0,1,0,0,0,0,0,0,0,0,0,0,0,2,5,0,0,0,0,0,7,0,0,1,0,0,0,0,0,56,1025,0
/Users/larrymotuzis/Larry_Motuzis_Data/Project06_POI/poi/src/main/java/org/apache/poi/poifs/dev/POIFSViewable.java,org.apache.poi.poifs.dev.POIFSViewable,interface,0,5,5,0,4,1,0,0,6,0.0,0.0,0.0,4,0,4,0,0,0,4,0,0,0,0,0,0,0,0,0,0,0,0,6,0,0,0,0,0,0,0,0,0,0,0,0,0,0,75,1,0
/Users/larrymotuzis/Larry_Motuzis_Data/Project06_POI/poi/src/main/java/org/apache/poi/ss/formula/functions/Replace.java,org.apache.poi.ss.formula.functions.Replace,class,6,7,1,6,7,2,0,9,0,0.0,NaN,NaN,1,0,1,0,0,0,1,0,0,0,0,0,0,0,0,0,0,0,4,31,3,0,1,1,0,0,6,5,4,5,1,0,0,0,55,17,0
/Users/larrymotuzis/Larry_Motuzis_Data/Project06_POI/poi/src/main/java/org/apache/poi/ss/usermodel/Row.java,org.apache.poi.ss.usermodel.Row$MissingCellPolicy,enum,0,0,0,0,0,1,0,0,0,0.0,-1.0,-1.0,0,0,0,0,0,0,0,0,0,0,0,0,0,0,0,0,0,0,0,1,0,0,0,0,0,0,0,0,0,0,0,0,0,0,28,1,0
/Users/larrymotuzis/Larry_Motuzis_Data/Project06_POI/poi/src/main/java/org/apache/poi/ss/formula/functions/TDistLt.java,org.apache.poi.ss.formula.functions.TDistLt,class,7,8,1,7,13,2,0,16,15,1.0,0.0,0.0,6,4,2,4,0,0,2,0,0,0,1,1,1,0,0,0,1,0,5,55,13,0,4,1,0,0,5,10,0,10,2,0,0,0,109,17,0
/Users/larrymotuzis/Larry_Motuzis_Data/Project06_POI/poi/src/main/java/org/apache/poi/ss/formula/FormulaCellCacheEntry.java,org.apache.poi.ss.formula.FormulaCellCacheEntry,class,6,15,9,6,21,2,0,16,3,0.5,0.4,0.6666667,7,0,6,1,0,0,6,0,0,0,2,0,0,2,0,0,0,0,2,74,4,3,6,0,0,0,8,11,3,8,2,0,0,0,68,16,0
/Users/larrymotuzis/Larry_Motuzis_Data/Project06_POI/poi/src/main/java/org/apache/poi/ddf/EscherClientAnchorRecord.java,org.apache.poi.ddf.EscherClientAnchorRecord,class,6,7,1,6,43,2,0,14,304,0.85714287,0.19354838,0.6552419,32,2,32,0,0,0,32,0,0,0,14,3,1,13,0,0,2,0,2,196,19,0,5,0,6,10,41,61,29,20,2,0,0,0,170,1,0
/Users/larrymotuzis/Larry_Motuzis_Data/Project06_POI/poi/src/main/java/org/apache/poi/ss/formula/functions/DVar.java,org.apache.poi.ss.formula.functions.DVar,class,6,6,0,6,4,1,0,6,0,0.0,1.0,1.0,2,0,2,0,0,0,2,0,0,0,1,0,0,1,0,0,1,0,1,18,2,1,0,0,0,0,1,5,0,4,1,0,0,0,35,17,0
/Users/larrymotuzis/Larry_Motuzis_Data/Project06_POI/poi/src/main/java/org/apache/poi/common/usermodel/fonts/FontInfo.java,org.apache.poi.common.usermodel.fonts.FontInfo,interface,5,6,1,5,13,1,0,1,78,0.0,0.0,0.0,13,0,0,0,0,13,13,0,0,0,0,0,0,0,0,0,0,0,1,39,6,0,0,0,0,7,0,0,0,0,0,0,0,0,110,1,0
/Users/larrymotuzis/Larry_Motuzis_Data/Project06_POI/poi/src/main/java/org/apache/poi/hssf/record/chart/TextRecord.java,org.apache.poi.hssf.record.chart.TextRecord,class,7,9,2,7,61,4,0,15,676,0.95145047,0.31530055,0.84153,61,0,60,0,1,0,61,0,0,0,52,40,26,26,0,0,40,0,1,285,31,0,0,0,0,51,52,91,1,53,0,0,0,0,163,17,0
/Users/larrymotuzis/Larry_Motuzis_Data/Project06_POI/poi/src/main/java/org/apache/poi/ss/formula/IEvaluationListener.java,org.apache.poi.ss.formula.IEvaluationListener$ICacheEntry,interface,1,1,0,1,1,1,0,0,0,0.0,NaN,NaN,1,0,0,0,0,1,1,0,0,0,0,0,0,0,0,0,0,0,0,3,0,0,0,0,0,0,0,0,0,0,0,0,0,0,32,0,0
/Users/larrymotuzis/Larry_Motuzis_Data/Project06_POI/poi/src/main/java/org/apache/poi/ss/formula/ptg/UnionPtg.java,org.apache.poi.ss.formula.ptg.UnionPtg,class,4,7,3,4,9,3,0,2,34,0.8333334,0.035714287,0.035714287,9,0,8,1,0,0,8,0,1,0,2,2,2,0,0,0,2,0,0,30,7,0,0,0,0,2,5,2,2,2,0,0,0,0,32,17,0
/Users/larrymotuzis/Larry_Motuzis_Data/Project06_POI/poi/src/main/java/org/apache/poi/ss/formula/Formula.java,org.apache.poi.ss.formula.Formula,class,8,9,1,8,23,1,0,14,36,0.71875,0.24761905,0.26666668,16,4,15,1,0,0,15,0,0,0,4,2,0,4,0,0,4,0,2,85,15,0,4,0,1,2,11,15,2,13,1,0,0,0,152,1,0
/Users/larrymotuzis/Larry_Motuzis_Data/Project06_POI/poi/src/main/java/org/apache/poi/ss/formula/FormulaUsedBlankCellSet.java,org.apache.poi.ss.formula.FormulaUsedBlankCellSet$BookSheetKey,innerclass,1,1,0,1,6,1,0,0,0,0.0,1.0,1.0,3,0,3,0,0,0,3,0,0,0,2,0,0,2,0,0,2,0,0,18,3,0,2,0,1,0,1,3,2,3,1,0,0,0,15,25,0
/Users/larrymotuzis/Larry_Motuzis_Data/Project06_POI/poi/src/main/java/org/apache/poi/ss/formula/functions/DateFunc.java,org.apache.poi.ss.formula.functions.DateFunc,class,7,8,1,7,21,2,0,10,6,1.0,NaN,NaN,4,2,1,3,0,0,1,0,0,0,1,1,1,0,0,0,1,0,3,50,6,1,7,1,3,0,17,10,2,9,2,0,0,0,44,17,0
/Users/larrymotuzis/Larry_Motuzis_Data/Project06_POI/poi/src/main/java/org/apache/poi/hssf/record/pivottable/ViewDefinitionRecord.java,org.apache.poi.hssf.record.pivottable.ViewDefinitionRecord,class,5,7,2,5,8,4,0,8,8,0.5054348,0.35714287,0.35714287,8,0,6,0,2,0,8,0,0,0,23,1,1,22,0,0,1,0,1,140,5,0,0,0,0,22,2,48,1,26,0,0,0,22,58,17,0
/Users/larrymotuzis/Larry_Motuzis_Data/Project06_POI/poi/src/main/java/org/apache/poi/hssf/extractor/OldExcelExtractor.java,org.apache.poi.hssf.extractor.OldExcelExtractor$Anonymous1,anonymous,2,2,0,2,7,1,0,0,15,0.0,0.0,0.0,6,0,6,0,0,0,6,0,0,0,0,0,0,0,0,0,0,0,0,19,4,0,1,0,0,2,0,0,0,0,0,0,0,0,26,-1,0
/Users/larrymotuzis/Larry_Motuzis_Data/Project06_POI/poi/src/main/java/org/apache/poi/ss/formula/DataValidationEvaluator.java,org.apache.poi.ss.formula.DataValidationEvaluator$OperatorEnum$Anonymous10,anonymous,0,0,0,0,2,1,0,1,0,0.0,NaN,NaN,1,0,1,0,0,0,1,0,0,0,0,0,0,0,0,0,0,0,0,5,1,0,0,0,0,0,1,0,0,0,0,0,0,0,5,-1,0
/Users/larrymotuzis/Larry_Motuzis_Data/Project06_POI/poi/src/main/java/org/apache/poi/ss/formula/DataValidationEvaluator.java,org.apache.poi.ss.formula.DataValidationEvaluator$OperatorEnum$Anonymous11,anonymous,0,0,0,0,2,1,0,1,0,0.0,NaN,NaN,1,0,1,0,0,0,1,0,0,0,0,0,0,0,0,0,0,0,0,5,1,0,0,0,0,0,1,0,0,0,0,0,0,0,5,-1,0
/Users/larrymotuzis/Larry_Motuzis_Data/Project06_POI/poi/src/main/java/org/apache/poi/ss/formula/DataValidationEvaluator.java,org.apache.poi.ss.formula.DataValidationEvaluator$OperatorEnum$Anonymous12,anonymous,0,0,0,0,2,1,0,1,0,0.0,NaN,NaN,1,0,1,0,0,0,1,0,0,0,0,0,0,0,0,0,0,0,0,5,1,0,0,0,0,0,1,0,0,0,0,0,0,0,5,-1,0
/Users/larrymotuzis/Larry_Motuzis_Data/Project06_POI/poi/src/main/java/org/apache/poi/ss/formula/DataValidationEvaluator.java,org.apache.poi.ss.formula.DataValidationEvaluator$OperatorEnum$Anonymous13,anonymous,0,0,0,0,2,1,0,1,0,0.0,NaN,NaN,1,0,1,0,0,0,1,0,0,0,0,0,0,0,0,0,0,0,0,5,1,0,0,0,0,0,1,0,0,0,0,0,0,0,5,-1,0
/Users/larrymotuzis/Larry_Motuzis_Data/Project06_POI/poi/src/main/java/org/apache/poi/sl/usermodel/TextShape.java,org.apache.poi.sl.usermodel.TextShape,interface,10,18,8,10,22,1,0,0,231,0.0,0.0,0.0,22,0,0,0,0,22,22,0,0,0,0,0,0,0,0,0,0,0,0,55,0,0,0,0,0,0,0,0,0,0,0,0,3,0,267,1,0
/Users/larrymotuzis/Larry_Motuzis_Data/Project06_POI/poi/src/main/java/org/apache/poi/ss/usermodel/Row.java,org.apache.poi.ss.usermodel.Row,interface,6,13,7,6,26,1,0,3,325,0.0,0.0,0.0,26,0,3,0,0,23,26,0,0,0,0,0,0,0,0,0,0,0,1,33,2,0,0,0,0,0,1,0,0,0,0,0,1,0,247,1,0
/Users/larrymotuzis/Larry_Motuzis_Data/Project06_POI/poi/src/main/java/org/apache/poi/hpsf/ReadingNotSupportedException.java,org.apache.poi.hpsf.ReadingNotSupportedException,class,1,2,1,1,1,6,0,0,0,0.0,NaN,NaN,1,0,1,0,0,0,1,0,0,0,0,0,0,0,0,0,0,0,0,5,0,0,0,0,0,0,0,0,0,0,0,0,0,0,28,1,0
/Users/larrymotuzis/Larry_Motuzis_Data/Project06_POI/poi/src/main/java/org/apache/poi/ss/formula/ptg/AreaPtg.java,org.apache.poi.ss.formula.ptg.AreaPtg,class,4,9,5,4,6,5,0,0,15,0.8333333,0.0,0.0,6,0,6,0,0,0,6,0,0,0,1,1,1,0,0,0,1,0,0,21,2,0,0,0,0,0,1,1,0,1,0,0,0,0,26,17,0
/Users/larrymotuzis/Larry_Motuzis_Data/Project06_POI/poi/src/main/java/org/apache/poi/ss/formula/functions/Function2Arg.java,org.apache.poi.ss.formula.functions.Function2Arg,interface,2,7,5,2,1,1,0,0,0,0.0,NaN,NaN,1,0,0,0,0,1,1,0,0,0,0,0,0,0,0,0,0,0,0,3,0,0,0,0,0,0,0,0,0,0,0,0,0,0,19,1,0
/Users/larrymotuzis/Larry_Motuzis_Data/Project06_POI/poi/src/main/java/org/apache/poi/ss/formula/functions/FloorMath.java,org.apache.poi.ss.formula.functions.FloorMath,class,9,10,1,9,15,1,0,11,3,1.0,NaN,NaN,3,1,1,2,0,0,1,0,0,0,1,1,1,0,0,0,1,0,10,46,8,0,6,1,0,0,14,12,0,10,3,0,0,0,56,17,0
/Users/larrymotuzis/Larry_Motuzis_Data/Project06_POI/poi/src/main/java/org/apache/poi/hssf/model/HSSFFormulaParser.java,org.apache.poi.hssf.model.HSSFFormulaParser,class,9,16,7,9,6,1,0,6,15,0.0,0.0,0.0,6,5,4,2,0,0,4,0,0,0,0,0,0,0,0,0,0,0,7,19,5,0,0,0,0,0,1,0,0,0,0,0,0,0,91,17,0
/Users/larrymotuzis/Larry_Motuzis_Data/Project06_POI/poi/src/main/java/org/apache/poi/hssf/record/common/FormatRun.java,org.apache.poi.hssf.record.common.FormatRun,class,5,7,2,5,17,1,0,3,1,0.36363637,0.4909091,0.5090909,11,0,11,0,0,0,11,0,0,0,2,0,0,0,0,2,1,0,0,51,10,0,5,0,1,5,2,5,3,3,1,0,0,0,35,1,0
/Users/larrymotuzis/Larry_Motuzis_Data/Project06_POI/poi/src/main/java/org/apache/poi/ss/usermodel/Drawing.java,org.apache.poi.ss.usermodel.Drawing,interface,6,7,1,6,4,1,0,0,6,0.0,0.0,0.0,4,0,0,0,0,4,4,0,0,0,0,0,0,0,0,0,0,0,0,6,0,0,0,0,0,0,0,0,0,0,0,0,0,0,76,1,0
/Users/larrymotuzis/Larry_Motuzis_Data/Project06_POI/poi/src/main/java/org/apache/poi/poifs/filesystem/OfficeXmlFileException.java,org.apache.poi.poifs.filesystem.OfficeXmlFileException,class,1,2,1,1,1,6,0,0,0,0.0,NaN,NaN,1,0,1,0,0,0,1,0,0,0,0,0,0,0,0,0,0,0,0,5,0,0,0,0,0,0,0,0,0,0,0,0,0,0,34,1,0
/Users/larrymotuzis/Larry_Motuzis_Data/Project06_POI/poi/src/main/java/org/apache/poi/hssf/model/InternalSheet.java,org.apache.poi.hssf.model.InternalSheet,class,52,61,9,52,213,5,0,162,4243,0.9549237,0.10321324,0.31353456,103,20,78,24,0,1,79,0,0,0,28,9,8,10,9,1,13,0,24,888,78,10,67,0,17,22,87,153,20,111,4,0,2,0,611,17,12
/Users/larrymotuzis/Larry_Motuzis_Data/Project06_POI/poi/src/main/java/org/apache/poi/util/Units.java,org.apache.poi.util.Units,class,2,4,2,2,18,1,0,9,62,0.86875,0.24166666,0.24166666,16,16,16,0,0,0,16,0,0,0,10,10,10,0,0,0,10,0,6,88,16,0,2,0,7,0,22,38,39,30,0,0,0,0,131,1,0
/Users/larrymotuzis/Larry_Motuzis_Data/Project06_POI/poi/src/main/java/org/apache/poi/hssf/record/common/FeatProtection.java,org.apache.poi.hssf.record.common.FeatProtection,class,5,7,2,5,13,1,0,9,0,0.7083333,0.4848485,0.8333333,12,0,12,0,0,0,12,0,0,0,6,2,2,4,0,0,2,0,0,53,6,0,1,0,1,5,5,13,1,6,0,0,0,1,76,17,0
/Users/larrymotuzis/Larry_Motuzis_Data/Project06_POI/poi/src/main/java/org/apache/poi/hssf/eventusermodel/dummyrecord/MissingCellDummyRecord.java,org.apache.poi.hssf.eventusermodel.dummyrecord.MissingCellDummyRecord,class,3,5,2,3,6,4,0,1,11,0.6666667,0.13333334,0.2,6,0,6,0,0,0,6,0,0,0,2,0,0,2,0,0,2,0,0,23,5,0,0,0,0,2,0,2,0,2,0,0,0,0,33,17,0
/Users/larrymotuzis/Larry_Motuzis_Data/Project06_POI/poi/src/main/java/org/apache/poi/poifs/filesystem/DocumentFactoryHelper.java,org.apache.poi.poifs.filesystem.DocumentFactoryHelper$Anonymous1,anonymous,1,1,0,1,1,1,0,2,0,0.0,NaN,NaN,1,0,1,0,0,0,1,0,0,0,0,0,0,0,0,0,0,0,0,6,0,0,0,0,0,0,0,0,0,0,0,0,0,0,4,-1,0
/Users/larrymotuzis/Larry_Motuzis_Data/Project06_POI/poi/src/main/java/org/apache/poi/ss/formula/OperationEvaluationContext.java,org.apache.poi.ss.formula.OperationEvaluationContext,class,33,66,33,33,116,1,0,66,453,0.8888889,0.12923077,0.2830769,35,5,22,9,0,4,26,0,0,0,9,1,1,8,0,0,8,0,22,476,64,3,23,5,3,28,54,122,31,91,5,0,0,0,226,17,0
/Users/larrymotuzis/Larry_Motuzis_Data/Project06_POI/poi/src/main/java/org/apache/poi/ss/formula/atp/MRound.java,org.apache.poi.ss.formula.atp.MRound,class,6,7,1,6,6,1,0,10,1,1.0,NaN,NaN,2,0,1,1,0,0,1,0,0,0,1,1,1,0,0,0,1,0,2,30,3,0,2,1,0,0,7,6,1,5,3,0,0,0,39,16,0
/Users/larrymotuzis/Larry_Motuzis_Data/Project06_POI/poi/src/main/java/org/apache/poi/ss/formula/ptg/AttrPtg.java,org.apache.poi.ss.formula.ptg.AttrPtg,class,9,15,6,9,41,3,0,15,80,0.83142865,0.32806325,0.7509881,25,4,23,2,0,0,23,0,0,0,14,10,2,12,0,0,14,0,10,166,33,2,3,0,3,31,36,25,9,18,2,0,1,3,141,17,0
/Users/larrymotuzis/Larry_Motuzis_Data/Project06_POI/poi/src/main/java/org/apache/poi/ss/formula/functions/Na.java,org.apache.poi.ss.formula.functions.Na,class,1,1,0,1,2,1,0,0,0,0.0,NaN,NaN,1,1,1,0,0,0,1,0,0,0,0,0,0,0,0,0,0,0,0,5,1,0,1,0,0,0,1,0,0,0,0,0,0,0,13,17,0
/Users/larrymotuzis/Larry_Motuzis_Data/Project06_POI/poi/src/main/java/org/apache/poi/hssf/record/chart/ChartTitleFormatRecord.java,org.apache.poi.hssf.record.chart.ChartTitleFormatRecord$CTFormat,innerclass,4,4,0,4,7,1,0,3,0,0.5714286,0.61904764,0.71428573,7,0,7,0,0,0,7,0,0,0,3,1,1,2,0,0,1,0,0,29,3,0,0,0,0,2,1,6,0,3,0,0,0,0,32,26,0
/Users/larrymotuzis/Larry_Motuzis_Data/Project06_POI/poi/src/main/java/org/apache/poi/hssf/record/common/FeatSmartTag.java,org.apache.poi.hssf.record.common.FeatSmartTag,class,5,7,2,5,9,1,0,5,0,0.25,0.35714287,0.35714287,8,0,8,0,0,0,8,0,0,0,1,0,0,1,0,0,0,0,0,27,4,0,1,0,1,1,1,3,0,1,0,0,0,1,58,17,0
/Users/larrymotuzis/Larry_Motuzis_Data/Project06_POI/poi/src/main/java/org/apache/poi/ss/formula/ThreeDEval.java,org.apache.poi.ss.formula.ThreeDEval,interface,3,4,1,3,1,1,0,0,0,0.0,NaN,NaN,1,0,0,0,0,1,1,0,0,0,0,0,0,0,0,0,0,0,0,3,0,0,0,0,0,0,0,0,0,0,0,0,0,0,33,1,0
/Users/larrymotuzis/Larry_Motuzis_Data/Project06_POI/poi/src/main/java/org/apache/poi/ss/util/DateFormatConverter.java,org.apache.poi.ss.util.DateFormatConverter$DateFormatTokenizer,innerclass,1,1,0,1,14,1,0,9,0,0.375,1.0,1.0,4,1,4,0,0,0,4,0,0,0,2,0,0,0,0,2,0,0,0,50,4,4,5,0,6,3,2,9,0,10,2,0,0,0,20,9,0
/Users/larrymotuzis/Larry_Motuzis_Data/Project06_POI/poi/src/main/java/org/apache/poi/ss/usermodel/RangeCopier.java,org.apache.poi.ss.usermodel.RangeCopier,class,10,11,1,10,32,1,0,45,14,0.65625,0.14285715,0.14285715,8,1,5,1,2,0,7,1,0,0,4,0,0,4,0,0,0,0,5,116,1,4,12,0,0,0,6,33,14,27,3,1,0,1,99,1025,0
/Users/larrymotuzis/Larry_Motuzis_Data/Project06_POI/poi/src/main/java/org/apache/poi/hssf/record/HideObjRecord.java,org.apache.poi.hssf.record.HideObjRecord,class,5,8,3,5,11,4,0,4,43,0.8,0.10909091,0.10909091,11,0,10,0,1,0,11,0,0,0,5,4,4,1,0,0,4,0,0,40,6,0,0,0,0,1,5,7,0,5,0,0,0,0,52,17,0
/Users/larrymotuzis/Larry_Motuzis_Data/Project06_POI/poi/src/main/java/org/apache/poi/hssf/record/chart/DefaultDataLabelTextPropertiesRecord.java,org.apache.poi.hssf.record.chart.DefaultDataLabelTextPropertiesRecord,class,5,7,2,5,11,4,0,3,35,0.8909091,0.18181819,0.18181819,11,0,10,0,1,0,11,0,0,0,5,4,4,1,0,0,4,0,0,40,6,0,0,0,0,1,5,7,0,5,0,0,0,0,67,17,0
/Users/larrymotuzis/Larry_Motuzis_Data/Project06_POI/poi/src/main/java/org/apache/poi/ss/formula/functions/IfFunc.java,org.apache.poi.ss.formula.functions.IfFunc,class,12,14,2,12,35,2,0,13,10,0.0,0.0,0.0,5,1,4,0,0,1,5,0,0,0,0,0,0,0,0,0,0,0,10,161,15,2,7,6,0,0,27,62,11,33,4,0,0,0,103,17,0
/Users/larrymotuzis/Larry_Motuzis_Data/Project06_POI/poi/src/main/java/org/apache/poi/hssf/eventusermodel/EventWorkbookBuilder.java,org.apache.poi.hssf.eventusermodel.EventWorkbookBuilder,class,8,10,2,8,5,1,0,6,1,0.0,0.0,0.0,2,2,2,0,0,0,2,0,0,0,0,0,0,0,0,0,0,0,5,63,2,0,3,0,0,0,0,1,0,1,1,0,1,0,84,1,0
/Users/larrymotuzis/Larry_Motuzis_Data/Project06_POI/poi/src/main/java/org/apache/poi/util/ArrayUtil.java,org.apache.poi.util.ArrayUtil,class,1,1,0,1,11,1,0,2,1,0.0,NaN,NaN,2,1,1,1,0,0,1,0,0,0,0,0,0,0,0,0,0,0,5,37,2,0,1,0,0,4,5,5,6,3,1,0,0,0,49,17,0
/Users/larrymotuzis/Larry_Motuzis_Data/Project06_POI/poi/src/main/java/org/apache/poi/poifs/filesystem/FilteringDirectoryNode.java,org.apache.poi.poifs.filesystem.FilteringDirectoryNode,class,7,10,3,7,38,1,0,29,11,0.6376812,0.5194805,0.5194805,23,0,22,1,0,0,22,0,0,0,3,0,0,3,0,0,3,0,1,155,24,3,3,0,1,1,5,11,1,11,3,0,1,0,100,1,0
/Users/larrymotuzis/Larry_Motuzis_Data/Project06_POI/poi/src/main/java/org/apache/poi/poifs/crypt/CipherProvider.java,org.apache.poi.poifs.crypt.CipherProvider,enum,2,6,4,2,4,1,0,1,0,0.0,1.0,1.0,2,1,1,0,0,1,2,0,0,0,3,0,3,0,0,0,3,0,1,15,1,1,1,0,0,5,2,3,0,3,2,0,0,0,26,1,0
/Users/larrymotuzis/Larry_Motuzis_Data/Project06_POI/poi/src/main/java/org/apache/poi/sl/usermodel/PictureData.java,org.apache.poi.sl.usermodel.PictureData,interface,2,7,5,2,7,1,0,0,21,0.0,0.0,0.0,7,0,0,0,0,7,7,0,0,0,0,0,0,0,0,0,0,0,0,47,0,0,0,0,0,0,0,0,0,0,0,0,1,0,129,1,0
/Users/larrymotuzis/Larry_Motuzis_Data/Project06_POI/poi/src/main/java/org/apache/poi/sl/draw/geom/Path.java,org.apache.poi.sl.draw.geom.Path,class,5,9,4,5,20,1,0,5,35,0.72222227,0.33333334,1.0,15,0,15,0,0,0,15,0,0,0,6,0,0,6,0,0,1,0,6,60,11,1,3,0,1,0,2,13,0,8,1,0,0,0,92,17,0
/Users/larrymotuzis/Larry_Motuzis_Data/Project06_POI/poi/src/main/java/org/apache/poi/ss/formula/EvaluationConditionalFormatRule.java,org.apache.poi.ss.formula.EvaluationConditionalFormatRule,class,28,30,2,28,143,1,0,92,288,0.90079373,0.12280702,0.7017544,28,0,18,9,0,1,19,0,0,0,18,0,0,18,0,0,17,0,27,434,69,8,39,2,25,3,34,81,18,66,3,0,1,0,272,1,0
/Users/larrymotuzis/Larry_Motuzis_Data/Project06_POI/poi/src/main/java/org/apache/poi/poifs/macros/VBAMacroReader.java,org.apache.poi.poifs.macros.VBAMacroReader$ASCIIUnicodeStringPair,innerclass,0,0,0,0,5,1,0,0,0,0.4,1.0,1.0,5,0,0,3,0,2,2,0,0,0,3,0,0,3,0,0,3,0,0,24,3,0,0,0,0,1,1,6,0,3,0,0,0,0,15,10,0
/Users/larrymotuzis/Larry_Motuzis_Data/Project06_POI/poi/src/main/java/org/apache/poi/common/usermodel/fonts/FontFamily.java,org.apache.poi.common.usermodel.fonts.FontFamily,enum,1,5,4,1,6,1,0,2,0,0.25,0.33333334,0.33333334,4,2,3,1,0,0,3,0,0,0,1,0,0,1,0,0,0,0,2,25,4,1,1,0,0,0,7,1,1,1,2,0,0,0,81,1,0
/Users/larrymotuzis/Larry_Motuzis_Data/Project06_POI/poi/src/main/java/org/apache/poi/ss/formula/ptg/NamePtg.java,org.apache.poi.ss.formula.ptg.NamePtg,class,8,16,8,8,12,3,0,7,44,0.7708333,0.16666667,0.22727273,12,0,12,0,0,0,12,0,0,0,4,2,1,3,0,0,2,0,1,47,7,0,0,0,0,2,4,7,3,4,0,0,0,0,61,17,0
/Users/larrymotuzis/Larry_Motuzis_Data/Project06_POI/poi/src/main/java/org/apache/poi/ss/usermodel/DataValidationConstraint.java,org.apache.poi.ss.usermodel.DataValidationConstraint,interface,0,2,2,0,9,1,0,0,36,0.0,0.0,0.0,9,0,9,0,0,0,9,9,0,0,0,0,0,0,0,0,0,0,0,45,0,0,0,0,0,0,0,0,0,0,0,0,2,0,47,1,0
/Users/larrymotuzis/Larry_Motuzis_Data/Project06_POI/poi/src/main/java/org/apache/poi/hssf/record/FeatHdrRecord.java,org.apache.poi.hssf.record.FeatHdrRecord,class,7,9,2,7,10,4,0,13,6,0.7333333,0.30555555,0.41666666,9,0,8,0,1,0,9,0,0,0,10,5,5,5,0,0,6,0,0,53,5,0,1,0,1,5,9,16,1,10,0,0,0,5,122,17,0
/Users/larrymotuzis/Larry_Motuzis_Data/Project06_POI/poi/src/main/java/org/apache/poi/hpsf/TypedPropertyValue.java,org.apache.poi.hpsf.TypedPropertyValue,class,19,25,6,19,118,1,0,32,0,0.53333336,0.5,0.6,5,1,4,0,0,1,5,0,0,0,3,1,0,3,0,0,1,0,1,199,1,2,2,0,3,2,10,53,2,26,3,0,0,0,82,1,1
/Users/larrymotuzis/Larry_Motuzis_Data/Project06_POI/poi/src/main/java/org/apache/poi/ss/formula/eval/AreaEval.java,org.apache.poi.ss.formula.eval.AreaEval,interface,4,26,22,4,12,1,0,0,66,0.0,0.0,0.0,12,0,0,0,0,12,12,0,0,0,0,0,0,0,0,0,0,0,0,14,0,0,0,0,0,0,0,0,0,0,0,0,0,0,69,1,0
/Users/larrymotuzis/Larry_Motuzis_Data/Project06_POI/poi/src/main/java/org/apache/poi/ss/usermodel/FractionFormat.java,org.apache.poi.ss.usermodel.FractionFormat,class,4,6,2,4,25,2,0,36,8,0.7,0.0,0.0,5,0,4,1,0,0,4,0,0,0,6,3,0,6,0,0,6,0,9,107,9,0,8,2,1,12,20,28,1,21,4,0,0,0,128,1,1
/Users/larrymotuzis/Larry_Motuzis_Data/Project06_POI/poi/src/main/java/org/apache/poi/hssf/extractor/ExcelExtractor.java,org.apache.poi.hssf.extractor.ExcelExtractor$CommandArgs,innerclass,2,2,0,2,30,1,0,6,22,0.77777773,0.25,1.0,9,1,8,1,0,0,8,0,0,0,7,0,0,7,0,0,7,0,5,105,9,1,1,0,0,28,3,26,7,18,3,0,0,0,57,26,0
/Users/larrymotuzis/Larry_Motuzis_Data/Project06_POI/poi/src/main/java/org/apache/poi/ss/formula/functions/Column.java,org.apache.poi.ss.formula.functions.Column,class,5,5,0,5,5,1,0,2,0,0.0,NaN,NaN,1,1,1,0,0,0,1,0,0,0,0,0,0,0,0,0,0,0,0,21,3,0,1,0,2,0,7,3,1,1,1,0,0,0,10,17,0
/Users/larrymotuzis/Larry_Motuzis_Data/Project06_POI/poi/src/main/java/org/apache/poi/ss/formula/ptg/FuncPtg.java,org.apache.poi.ss.formula.ptg.FuncPtg,class,7,10,3,7,8,4,0,10,19,0.78571427,0.06666667,0.06666667,7,2,6,1,0,0,6,0,0,0,2,2,2,0,0,0,2,0,2,30,5,0,1,0,0,2,2,3,2,3,1,0,0,0,33,17,0
/Users/larrymotuzis/Larry_Motuzis_Data/Project06_POI/poi/src/main/java/org/apache/poi/util/XMLHelper.java,org.apache.poi.util.XMLHelper,class,12,14,2,12,49,1,0,51,182,0.9199999,0.054545455,0.054545455,20,19,11,9,0,0,11,0,0,0,15,15,0,6,0,9,12,0,75,276,23,2,3,6,0,42,6,35,2,34,3,0,3,1,145,17,1
/Users/larrymotuzis/Larry_Motuzis_Data/Project06_POI/poi/src/main/java/org/apache/poi/ss/formula/udf/AggregatingUDFFinder.java,org.apache.poi.ss.formula.udf.AggregatingUDFFinder,class,3,5,2,3,5,1,1,4,0,0.5,1.0,1.0,3,0,3,0,0,0,3,0,0,0,2,1,1,1,0,0,2,0,1,21,2,1,1,0,0,0,0,3,0,3,2,0,0,0,57,1,0
/Users/larrymotuzis/Larry_Motuzis_Data/Project06_POI/poi/src/main/java/org/apache/poi/ss/format/CellFormatPart.java,org.apache.poi.ss.format.CellFormatPart,class,10,17,7,10,92,1,0,83,135,0.9210527,0.10989011,0.23076923,19,7,8,6,0,5,14,0,0,0,16,12,9,5,0,2,16,0,25,302,28,9,13,0,6,98,92,88,17,69,4,0,1,0,255,1,1
/Users/larrymotuzis/Larry_Motuzis_Data/Project06_POI/poi/src/main/java/org/apache/poi/common/usermodel/fonts/FontGroup.java,org.apache.poi.common.usermodel.fonts.FontGroup,enum,3,6,3,3,16,1,0,13,3,0.6666667,0.0,0.0,3,3,2,1,0,0,3,0,0,0,1,1,0,1,0,0,0,0,3,102,4,1,7,0,3,1,63,13,0,10,2,0,2,0,107,1,0
/Users/larrymotuzis/Larry_Motuzis_Data/Project06_POI/poi/src/main/java/org/apache/poi/poifs/eventfilesystem/POIFSReaderEvent.java,org.apache.poi.poifs.eventfilesystem.POIFSReaderEvent,class,3,5,2,3,5,1,0,0,2,0.6,0.4,1.0,5,0,4,0,0,1,5,0,0,0,4,0,0,4,0,0,4,0,0,24,4,0,0,0,0,0,0,4,0,4,0,0,0,0,29,1,0
/Users/larrymotuzis/Larry_Motuzis_Data/Project06_POI/poi/src/main/java/org/apache/poi/ss/formula/ptg/AreaPtgBase.java,org.apache.poi.ss.formula.ptg.AreaPtgBase,class,10,18,8,10,39,3,3,34,199,0.7972351,0.2860215,0.54408604,31,0,24,0,7,0,31,0,23,0,7,3,0,7,0,0,3,0,6,166,16,0,2,0,1,10,7,29,1,15,1,0,0,0,116,1025,0
/Users/larrymotuzis/Larry_Motuzis_Data/Project06_POI/poi/src/main/java/org/apache/poi/poifs/property/PropertyFactory.java,org.apache.poi.poifs.property.PropertyFactory,class,5,6,1,5,6,1,0,2,1,0.0,NaN,NaN,2,1,0,1,0,1,1,0,0,0,0,0,0,0,0,0,0,0,0,25,0,1,0,0,0,0,2,4,2,3,2,0,0,0,48,16,0
/Users/larrymotuzis/Larry_Motuzis_Data/Project06_POI/poi/src/main/java/org/apache/poi/poifs/crypt/cryptoapi/CryptoAPIEncryptionHeader.java,org.apache.poi.poifs.crypt.cryptoapi.CryptoAPIEncryptionHeader,class,8,11,3,8,9,3,0,3,10,0.0,0.0,0.0,5,0,3,0,2,0,5,0,0,0,0,0,0,0,0,0,0,0,0,33,1,1,1,0,0,3,1,2,1,1,2,0,0,0,41,1,0
/Users/larrymotuzis/Larry_Motuzis_Data/Project06_POI/poi/src/main/java/org/apache/poi/ss/formula/ptg/ExternSheetNameResolver.java,org.apache.poi.ss.formula.ptg.ExternSheetNameResolver,class,4,8,4,4,10,1,0,18,1,0.0,NaN,NaN,2,1,1,1,0,0,1,0,0,0,0,0,0,0,0,0,0,0,4,54,1,0,4,0,1,1,8,11,3,9,4,0,0,0,29,16,0
/Users/larrymotuzis/Larry_Motuzis_Data/Project06_POI/poi/src/main/java/org/apache/poi/sl/usermodel/TextRun.java,org.apache.poi.sl.usermodel.TextRun,interface,8,12,4,8,29,1,0,0,406,0.0,0.0,0.0,29,0,0,0,0,29,29,0,0,0,0,0,0,0,0,0,0,0,0,33,0,0,0,0,0,2,0,0,0,0,0,0,2,0,156,1,0
/Users/larrymotuzis/Larry_Motuzis_Data/Project06_POI/poi/src/main/java/org/apache/poi/sl/draw/DrawPaint.java,org.apache.poi.sl.draw.DrawPaint$SimpleSolidPaint$Anonymous1,anonymous,0,0,0,0,10,1,0,5,45,0.0,0.0,0.0,10,0,10,0,0,0,10,0,0,0,0,0,0,0,0,0,0,0,1,32,10,0,0,0,0,0,10,0,2,0,0,0,0,0,10,-1,0
/Users/larrymotuzis/Larry_Motuzis_Data/Project06_POI/poi/src/main/java/org/apache/poi/ss/formula/functions/DoubleList.java,org.apache.poi.ss.formula.functions.DoubleList,class,2,9,7,2,7,1,0,2,0,0.4,1.0,1.0,5,0,4,1,0,0,4,0,0,0,3,1,0,2,0,1,1,0,2,26,2,0,0,0,0,0,6,6,3,4,1,0,0,0,28,16,0
/Users/larrymotuzis/Larry_Motuzis_Data/Project06_POI/poi/src/main/java/org/apache/poi/hssf/usermodel/HSSFAutoFilter.java,org.apache.poi.hssf.usermodel.HSSFAutoFilter,class,2,3,1,2,1,1,0,0,0,0.0,NaN,NaN,1,0,0,0,0,1,1,0,0,0,1,0,0,1,0,0,0,0,0,6,0,0,0,0,0,0,0,1,0,1,0,0,0,0,12,17,0
/Users/larrymotuzis/Larry_Motuzis_Data/Project06_POI/poi/src/main/java/org/apache/poi/hssf/record/HeaderFooterRecord.java,org.apache.poi.hssf.record.HeaderFooterRecord,class,6,11,5,6,12,4,0,7,13,0.72727275,0.27272728,0.27272728,11,0,10,0,1,0,11,0,0,0,3,2,1,2,0,0,2,0,2,39,7,0,1,0,1,2,5,5,1,3,0,0,0,1,102,17,0
/Users/larrymotuzis/Larry_Motuzis_Data/Project06_POI/poi/src/main/java/org/apache/poi/sl/draw/DrawPaint.java,org.apache.poi.sl.draw.DrawPaint$SimpleSolidPaint,innerclass,4,4,0,4,9,1,0,4,0,0.2,0.6,0.6,5,0,3,0,0,2,5,0,0,0,1,0,0,1,0,0,1,0,2,62,5,0,3,0,2,2,0,2,0,1,1,1,0,0,23,10,0
/Users/larrymotuzis/Larry_Motuzis_Data/Project06_POI/poi/src/main/java/org/apache/poi/util/BitField.java,org.apache.poi.util.BitField,class,2,9,7,2,27,1,0,9,111,0.71052635,0.1754386,0.21052632,19,0,19,0,0,0,19,0,0,0,2,0,0,2,0,0,2,0,0,70,18,1,4,0,7,1,6,5,2,4,2,0,0,0,108,1,0
/Users/larrymotuzis/Larry_Motuzis_Data/Project06_POI/poi/src/main/java/org/apache/poi/hssf/record/SSTDeserializer.java,org.apache.poi.hssf.record.SSTDeserializer,class,5,7,2,5,7,1,0,9,0,0.33333334,1.0,1.0,3,1,3,0,0,0,3,0,0,0,2,1,0,2,0,0,1,0,1,23,1,1,2,0,1,1,2,4,0,4,2,0,0,0,58,0,1
/Users/larrymotuzis/Larry_Motuzis_Data/Project06_POI/poi/src/main/java/org/apache/poi/poifs/crypt/DataSpaceMapUtils.java,org.apache.poi.poifs.crypt.DataSpaceMapUtils$DataSpaceDefinition,innerclass,4,4,0,4,5,1,0,5,0,0.0,1.0,1.0,3,0,3,0,0,0,3,0,0,0,1,0,0,0,0,1,0,0,2,21,0,2,0,0,0,0,2,5,0,3,1,0,0,0,26,9,0
/Users/larrymotuzis/Larry_Motuzis_Data/Project06_POI/poi/src/main/java/org/apache/poi/poifs/nio/CleanerUtil.java,org.apache.poi.poifs.nio.CleanerUtil,class,3,5,2,3,16,1,0,31,4,0.5,0.0,0.0,4,3,1,3,0,0,2,0,0,0,3,3,2,1,0,0,3,0,19,90,7,0,1,3,0,20,1,21,4,19,4,0,1,2,159,17,0
/Users/larrymotuzis/Larry_Motuzis_Data/Project06_POI/poi/src/main/java/org/apache/poi/hssf/util/HSSFColor.java,org.apache.poi.hssf.util.HSSFColor$HSSFColorPredefined,enum,3,3,0,3,6,1,0,6,0,0.0,0.6666667,0.6666667,6,0,5,0,0,1,6,0,0,0,1,0,0,1,0,0,1,0,0,21,5,0,0,0,0,0,144,1,0,1,0,0,0,0,74,1,0
/Users/larrymotuzis/Larry_Motuzis_Data/Project06_POI/poi/src/main/java/org/apache/poi/ss/formula/FormulaParser.java,org.apache.poi.ss.formula.FormulaParser$SimpleRangePart,innerclass,3,3,0,3,15,1,0,3,0,0.3888889,0.7222222,1.0,9,0,9,0,0,0,9,0,0,0,2,0,0,2,0,0,2,0,1,45,8,0,6,0,0,3,0,2,2,2,1,0,1,0,69,26,0
/Users/larrymotuzis/Larry_Motuzis_Data/Project06_POI/poi/src/main/java/org/apache/poi/OldFileFormatException.java,org.apache.poi.OldFileFormatException,class,1,1,0,1,1,2,0,0,0,1.0,NaN,NaN,1,0,1,0,0,0,1,0,0,0,1,1,0,1,0,0,1,0,0,6,0,0,0,0,0,0,1,1,0,1,0,0,0,0,29,1025,0
/Users/larrymotuzis/Larry_Motuzis_Data/Project06_POI/poi/src/main/java/org/apache/poi/ddf/EscherRGBProperty.java,org.apache.poi.ddf.EscherRGBProperty,class,3,4,1,3,6,3,0,2,15,0.0,0.0,0.0,6,0,6,0,0,0,6,0,0,0,0,0,0,0,0,0,0,0,0,20,4,0,0,0,5,0,5,0,2,0,0,0,0,0,42,1,0
/Users/larrymotuzis/Larry_Motuzis_Data/Project06_POI/poi/src/main/java/org/apache/poi/poifs/filesystem/DocumentEntry.java,org.apache.poi.poifs.filesystem.DocumentEntry,interface,1,13,12,1,1,1,0,0,0,0.0,NaN,NaN,1,0,1,0,0,0,1,0,0,0,0,0,0,0,0,0,0,0,0,3,0,0,0,0,0,0,0,0,0,0,0,0,0,0,20,1,0
/Users/larrymotuzis/Larry_Motuzis_Data/Project06_POI/poi/src/main/java/org/apache/poi/ss/formula/ptg/ExpPtg.java,org.apache.poi.ss.formula.ptg.ExpPtg,class,6,10,4,6,10,3,0,5,25,0.72499996,0.22222222,0.33333334,10,0,10,0,0,0,10,0,0,0,4,2,1,3,0,0,4,0,1,40,6,0,0,0,0,3,2,6,1,4,0,0,0,0,47,17,0
/Users/larrymotuzis/Larry_Motuzis_Data/Project06_POI/poi/src/main/java/org/apache/poi/poifs/crypt/cryptoapi/CryptoAPIDecryptor.java,org.apache.poi.poifs.crypt.cryptoapi.CryptoAPIDecryptor,class,16,22,6,16,25,4,0,48,44,0.7083333,0.10606061,0.15151516,12,2,8,0,4,0,12,0,0,0,2,0,0,2,0,0,0,0,10,159,9,2,5,3,1,5,16,52,2,37,3,0,2,0,151,1,0
/Users/larrymotuzis/Larry_Motuzis_Data/Project06_POI/poi/src/main/java/org/apache/poi/hpsf/VariantSupport.java,org.apache.poi.hpsf.VariantSupport,class,18,20,2,18,64,2,0,47,19,0.82857144,0.04761905,0.04761905,7,6,6,0,1,0,7,0,0,0,5,5,1,4,0,0,4,0,17,217,12,2,2,2,14,1,13,48,4,31,3,0,0,0,219,1,1
/Users/larrymotuzis/Larry_Motuzis_Data/Project06_POI/poi/src/main/java/org/apache/poi/ss/formula/functions/Lcm.java,org.apache.poi.ss.formula.functions.Lcm,class,5,6,1,5,12,1,0,10,1,0.75,NaN,NaN,2,0,1,1,0,0,1,0,0,0,2,2,1,1,0,0,2,0,1,49,9,2,1,2,0,0,8,10,0,9,4,0,0,0,72,1,0
/Users/larrymotuzis/Larry_Motuzis_Data/Project06_POI/poi/src/main/java/org/apache/poi/ss/usermodel/WorkbookProvider.java,org.apache.poi.ss.usermodel.WorkbookProvider,interface,3,5,2,3,6,1,0,0,15,0.0,0.0,0.0,6,0,0,0,0,6,6,0,0,0,0,0,0,0,0,0,0,0,0,8,0,0,0,0,0,0,0,0,0,0,0,0,0,0,18,1,0
/Users/larrymotuzis/Larry_Motuzis_Data/Project06_POI/poi/src/main/java/org/apache/poi/common/usermodel/PictureType.java,org.apache.poi.common.usermodel.PictureType,enum,2,3,1,2,18,1,0,3,5,0.6666667,0.23809524,0.47619048,6,2,5,0,0,1,7,0,0,0,3,1,2,1,0,0,3,0,1,69,13,1,0,0,0,34,18,4,0,4,2,0,0,0,101,1,0
/Users/larrymotuzis/Larry_Motuzis_Data/Project06_POI/poi/src/main/java/org/apache/poi/ss/formula/CellCacheEntry.java,org.apache.poi.ss.formula.CellCacheEntry,class,10,19,9,10,24,1,2,18,37,0.7878788,0.2,0.2,11,1,6,1,4,0,10,0,9,0,3,1,1,2,0,0,2,0,1,85,10,2,14,0,8,4,2,8,2,7,2,0,0,0,83,1024,0
/Users/larrymotuzis/Larry_Motuzis_Data/Project06_POI/poi/src/main/java/org/apache/poi/hssf/record/CRNRecord.java,org.apache.poi.hssf.record.CRNRecord,class,5,7,2,5,10,4,0,9,8,0.57777774,0.3888889,0.41666666,9,0,8,0,1,0,9,0,0,0,5,1,1,4,0,0,1,0,0,45,6,0,1,0,1,4,3,10,3,6,0,0,0,4,61,17,0
/Users/larrymotuzis/Larry_Motuzis_Data/Project06_POI/poi/src/main/java/org/apache/poi/ss/formula/CacheAreaEval.java,org.apache.poi.ss.formula.CacheAreaEval,class,8,14,6,8,16,2,0,15,16,0.5,0.21428572,0.21428572,8,0,8,0,0,0,8,0,0,0,1,0,0,1,0,0,1,0,0,66,6,4,0,0,2,8,7,24,22,19,3,0,0,0,69,17,0
/Users/larrymotuzis/Larry_Motuzis_Data/Project06_POI/poi/src/main/java/org/apache/poi/hssf/usermodel/HSSFClientAnchor.java,org.apache.poi.hssf.usermodel.HSSFClientAnchor,class,9,21,12,9,54,2,0,47,123,0.7156863,0.47096774,0.54408604,34,1,29,3,2,0,31,0,0,0,3,2,2,1,0,0,2,0,8,167,21,1,14,0,6,24,37,18,11,11,2,0,0,0,162,17,0
/Users/larrymotuzis/Larry_Motuzis_Data/Project06_POI/poi/src/main/java/org/apache/poi/sl/draw/geom/AdjustPoint.java,org.apache.poi.sl.draw.geom.AdjustPoint,class,2,12,10,2,12,1,0,2,0,0.375,0.6785714,1.0,8,0,8,0,0,0,8,0,0,0,2,0,0,2,0,0,0,0,3,31,8,0,3,0,3,0,0,3,0,3,1,0,0,0,55,1,0
/Users/larrymotuzis/Larry_Motuzis_Data/Project06_POI/poi/src/main/java/org/apache/poi/poifs/crypt/agile/EncryptionDocument.java,org.apache.poi.poifs.crypt.agile.EncryptionDocument,class,10,20,10,10,30,1,0,28,65,0.7678572,0.14285715,0.23076923,14,6,8,0,0,6,14,0,0,0,4,1,0,3,0,1,2,0,6,91,7,2,9,0,3,10,3,19,0,15,1,0,0,0,72,1,0
/Users/larrymotuzis/Larry_Motuzis_Data/Project06_POI/poi/src/main/java/org/apache/poi/hssf/record/chart/CategorySeriesAxisRecord.java,org.apache.poi.hssf.record.chart.CategorySeriesAxisRecord,class,6,8,2,6,23,4,0,6,101,0.82065225,0.30039525,0.53754944,23,0,22,0,1,0,23,0,0,0,8,4,1,7,0,0,4,0,0,88,12,0,0,0,0,7,8,19,1,8,0,0,0,0,93,17,0
/Users/larrymotuzis/Larry_Motuzis_Data/Project06_POI/poi/src/main/java/org/apache/poi/sl/draw/ImageRenderer.java,org.apache.poi.sl.draw.ImageRenderer,interface,4,9,5,4,16,1,0,4,120,0.0,0.0,0.0,16,0,0,0,0,16,16,0,0,0,0,0,0,0,0,0,0,0,2,29,4,0,0,0,0,0,0,1,0,1,0,0,0,0,155,1,0
/Users/larrymotuzis/Larry_Motuzis_Data/Project06_POI/poi/src/main/java/org/apache/poi/sl/usermodel/FillStyle.java,org.apache.poi.sl.usermodel.FillStyle,interface,1,6,5,1,1,1,0,0,0,0.0,NaN,NaN,1,0,0,0,0,1,1,0,0,0,0,0,0,0,0,0,0,0,0,3,0,0,0,0,0,0,0,0,0,0,0,0,0,0,16,1,0
/Users/larrymotuzis/Larry_Motuzis_Data/Project06_POI/poi/src/main/java/org/apache/poi/hssf/record/aggregates/ValueRecordsAggregate.java,org.apache.poi.hssf.record.aggregates.ValueRecordsAggregate,class,17,19,2,17,66,1,0,28,89,0.8105264,0.2952381,0.52380955,19,2,15,4,0,0,15,0,0,0,5,2,0,5,0,0,2,0,6,258,15,11,15,0,4,9,32,64,16,42,4,0,1,0,158,17,0
/Users/larrymotuzis/Larry_Motuzis_Data/Project06_POI/poi/src/main/java/org/apache/poi/hssf/record/DeltaRecord.java,org.apache.poi.hssf.record.DeltaRecord,class,5,7,2,5,10,4,0,4,33,0.8333333,0.13333334,0.13333334,10,0,9,0,1,0,10,0,0,0,3,2,2,1,0,0,2,0,0,36,6,0,0,0,0,1,3,5,0,3,0,0,0,0,48,17,0
/Users/larrymotuzis/Larry_Motuzis_Data/Project06_POI/poi/src/main/java/org/apache/poi/ss/formula/functions/CeilingPrecise.java,org.apache.poi.ss.formula.functions.CeilingPrecise,class,9,10,1,9,9,1,0,11,3,1.0,NaN,NaN,3,1,1,2,0,0,1,0,0,0,1,1,1,0,0,0,1,0,8,33,6,0,4,1,0,0,7,7,0,6,2,0,0,0,48,17,0
/Users/larrymotuzis/Larry_Motuzis_Data/Project06_POI/poi/src/main/java/org/apache/poi/hssf/usermodel/HSSFPictureData.java,org.apache.poi.hssf.usermodel.HSSFPictureData,class,4,7,3,4,27,1,0,4,0,0.875,1.0,1.0,6,0,6,0,0,0,6,0,0,0,8,7,7,1,0,0,8,0,0,78,25,0,0,0,0,16,8,8,1,8,1,0,0,0,82,1,0
/Users/larrymotuzis/Larry_Motuzis_Data/Project06_POI/poi/src/main/java/org/apache/poi/ss/usermodel/DataFormatter.java,org.apache.poi.ss.usermodel.DataFormatter$CellFormatResultWrapper,innerclass,1,1,0,1,4,2,0,2,1,0.33333334,0.0,0.0,3,0,2,1,0,0,2,0,0,0,1,0,0,1,0,0,1,0,0,17,3,0,0,0,0,1,0,1,0,1,1,0,0,0,31,18,0
/Users/larrymotuzis/Larry_Motuzis_Data/Project06_POI/poi/src/main/java/org/apache/poi/poifs/filesystem/NotOLE2FileException.java,org.apache.poi.poifs.filesystem.NotOLE2FileException,class,0,1,1,0,1,4,0,0,0,0.0,NaN,NaN,1,0,1,0,0,0,1,0,0,0,0,0,0,0,0,0,0,0,0,5,0,0,0,0,0,0,0,0,0,0,0,0,0,0,25,1,0
/Users/larrymotuzis/Larry_Motuzis_Data/Project06_POI/poi/src/main/java/org/apache/poi/ss/usermodel/SheetConditionalFormatting.java,org.apache.poi.ss.usermodel.SheetConditionalFormatting,interface,5,6,1,5,13,1,0,0,78,0.0,0.0,0.0,13,0,0,0,0,13,13,0,0,0,0,0,0,0,0,0,0,0,0,15,0,0,0,0,0,0,0,0,0,0,0,0,0,0,148,1,0
/Users/larrymotuzis/Larry_Motuzis_Data/Project06_POI/poi/src/main/java/org/apache/poi/hssf/usermodel/HSSFConditionalFormatting.java,org.apache.poi.hssf.usermodel.HSSFConditionalFormatting,class,8,10,2,8,13,1,0,11,0,0.5,0.6545454,0.6545454,11,0,9,0,0,2,11,0,0,0,2,0,0,2,0,0,2,0,0,45,5,0,2,0,0,2,0,3,0,3,1,0,0,0,121,17,0
/Users/larrymotuzis/Larry_Motuzis_Data/Project06_POI/poi/src/main/java/org/apache/poi/ss/format/CellGeneralFormatter.java,org.apache.poi.ss.format.CellGeneralFormatter,class,2,5,3,2,14,2,0,16,6,0.0,0.0,0.0,4,0,4,0,0,0,4,0,0,0,0,0,0,0,0,0,0,0,2,49,1,1,4,1,1,6,5,10,2,6,4,0,0,0,47,1,0
/Users/larrymotuzis/Larry_Motuzis_Data/Project06_POI/poi/src/main/java/org/apache/poi/hssf/model/LinkTable.java,org.apache.poi.hssf.model.LinkTable$ExternalBookBlock,innerclass,5,5,0,5,14,1,0,14,0,0.43333337,0.62222224,0.8,10,0,10,0,0,0,10,0,0,0,3,0,0,3,0,0,2,0,1,61,7,3,2,0,0,0,12,16,3,6,2,0,0,0,50,26,0
/Users/larrymotuzis/Larry_Motuzis_Data/Project06_POI/poi/src/main/java/org/apache/poi/ss/formula/functions/DMin.java,org.apache.poi.ss.formula.functions.DMin,class,4,4,0,4,6,1,0,1,0,0.0,1.0,1.0,2,0,2,0,0,0,2,0,0,0,1,0,0,1,0,0,0,0,0,26,3,0,2,0,2,0,0,4,0,3,3,0,0,0,33,17,0
/Users/larrymotuzis/Larry_Motuzis_Data/Project06_POI/poi/src/main/java/org/apache/poi/hssf/usermodel/DVConstraint.java,org.apache.poi.hssf.usermodel.DVConstraint,class,14,18,4,14,85,1,0,45,382,0.83928573,0.13043478,0.36363637,32,13,21,9,0,2,23,0,0,0,7,0,0,7,0,0,1,0,29,308,36,1,31,2,1,21,12,54,6,34,3,0,2,0,209,1,0
/Users/larrymotuzis/Larry_Motuzis_Data/Project06_POI/poi/src/main/java/org/apache/poi/ss/formula/ptg/ParenthesisPtg.java,org.apache.poi.ss.formula.ptg.ParenthesisPtg,class,4,8,4,4,8,3,0,2,26,0.8333333,0.04761905,0.04761905,8,0,7,1,0,0,7,0,0,0,3,3,2,1,0,0,3,0,0,28,6,0,0,0,0,3,3,3,2,3,0,0,0,0,55,17,0
/Users/larrymotuzis/Larry_Motuzis_Data/Project06_POI/poi/src/main/java/org/apache/poi/hssf/usermodel/HeaderFooter.java,org.apache.poi.hssf.usermodel.HeaderFooter$MarkupTag,enum,0,0,0,0,3,1,0,0,0,0.33333334,0.0,0.0,3,0,2,1,0,0,2,0,0,0,2,0,0,2,0,0,2,0,0,13,2,0,0,0,0,15,0,2,0,2,0,0,0,0,48,2,0
/Users/larrymotuzis/Larry_Motuzis_Data/Project06_POI/poi/src/main/java/org/apache/poi/util/ExceptionUtil.java,org.apache.poi.util.ExceptionUtil,class,0,2,2,0,5,1,0,0,3,0.0,0.0,0.0,3,2,2,1,0,0,2,0,0,0,0,0,0,0,0,0,0,0,0,16,1,0,0,0,1,0,0,0,0,0,1,0,0,0,63,1,0
/Users/larrymotuzis/Larry_Motuzis_Data/Project06_POI/poi/src/main/java/org/apache/poi/hssf/record/ArrayRecord.java,org.apache.poi.hssf.record.ArrayRecord,class,8,12,4,8,15,5,0,11,2,0.6944444,0.4848485,0.54545456,12,0,10,0,2,0,12,0,0,0,6,3,1,5,0,0,3,0,0,57,8,0,3,0,3,4,9,14,1,8,0,0,0,3,71,17,0
/Users/larrymotuzis/Larry_Motuzis_Data/Project06_POI/poi/src/main/java/org/apache/poi/sl/usermodel/RectAlign.java,org.apache.poi.sl.usermodel.RectAlign,enum,0,1,1,0,2,1,0,0,0,0.0,NaN,NaN,2,0,1,1,0,0,1,0,0,0,1,0,0,1,0,0,1,0,0,18,1,0,0,0,0,9,0,1,0,1,0,0,0,0,41,1,0
/Users/larrymotuzis/Larry_Motuzis_Data/Project06_POI/poi/src/main/java/org/apache/poi/sl/draw/DrawGraphicalFrame.java,org.apache.poi.sl.draw.DrawGraphicalFrame,class,6,7,1,6,3,2,0,5,1,0.0,0.0,0.0,2,0,2,0,0,0,2,0,0,0,0,0,0,0,0,0,0,0,1,13,1,0,1,0,1,0,0,2,0,2,1,0,0,0,14,1,0
/Users/larrymotuzis/Larry_Motuzis_Data/Project06_POI/poi/src/main/java/org/apache/poi/sl/draw/geom/PresetParser.java,org.apache.poi.sl.draw.geom.PresetParser,class,20,23,3,20,128,1,0,84,252,0.8275861,0.33333334,0.33333334,29,4,0,26,0,3,3,0,0,0,6,1,0,6,0,0,2,0,19,445,17,6,26,0,16,58,21,73,3,63,2,0,1,8,160,0,1
/Users/larrymotuzis/Larry_Motuzis_Data/Project06_POI/poi/src/main/java/org/apache/poi/common/usermodel/Hyperlink.java,org.apache.poi.common.usermodel.Hyperlink,interface,1,3,2,1,5,1,0,0,10,0.0,0.0,0.0,5,0,0,0,0,5,5,0,0,0,0,0,0,0,0,0,0,0,0,7,0,0,0,0,0,0,0,0,0,0,0,0,0,0,26,1,0
/Users/larrymotuzis/Larry_Motuzis_Data/Project06_POI/poi/src/main/java/org/apache/poi/hssf/usermodel/HSSFChildAnchor.java,org.apache.poi.hssf.usermodel.HSSFChildAnchor,class,4,10,6,4,27,2,0,19,21,0.33333334,0.43137255,0.43137255,18,0,16,0,2,0,18,0,0,0,1,0,0,1,0,0,0,0,8,71,12,0,7,0,0,1,1,6,0,2,1,0,0,0,51,17,0
/Users/larrymotuzis/Larry_Motuzis_Data/Project06_POI/poi/src/main/java/org/apache/poi/hpsf/Array.java,org.apache.poi.hpsf.Array$ArrayHeader,innerclass,3,3,0,3,7,1,0,3,0,0.33333334,0.6666667,1.0,3,0,0,0,0,3,3,0,0,0,2,0,0,2,0,0,0,0,0,29,2,2,0,0,1,2,4,10,1,8,1,0,0,0,35,8,0
/Users/larrymotuzis/Larry_Motuzis_Data/Project06_POI/poi/src/main/java/org/apache/poi/ss/formula/function/FunctionMetadata.java,org.apache.poi.ss.formula.function.FunctionMetadata,class,1,8,7,1,13,1,0,3,15,0.74285716,0.33333334,1.0,10,0,9,0,0,1,10,0,0,0,7,1,0,7,0,0,7,0,0,44,9,0,3,0,1,4,1,7,1,7,0,0,0,0,104,17,0
/Users/larrymotuzis/Larry_Motuzis_Data/Project06_POI/poi/src/main/java/org/apache/poi/poifs/crypt/binaryrc4/BinaryRC4Decryptor.java,org.apache.poi.poifs.crypt.binaryrc4.BinaryRC4Decryptor$BinaryRC4CipherInputStream,innerclass,3,3,0,3,3,3,0,1,3,0.0,0.0,0.0,3,0,2,0,1,0,3,0,0,0,0,0,0,0,0,0,0,0,0,11,1,0,0,0,0,0,0,0,0,0,0,0,0,0,18,2,0
/Users/larrymotuzis/Larry_Motuzis_Data/Project06_POI/poi/src/main/java/org/apache/poi/hssf/usermodel/HSSFCombobox.java,org.apache.poi.hssf.usermodel.HSSFCombobox,class,17,19,2,17,6,3,0,21,15,0.0,0.0,0.0,6,0,3,0,3,0,6,0,0,0,0,0,0,0,0,0,0,0,0,60,3,0,0,0,2,1,9,12,2,12,0,0,0,0,67,1,0
/Users/larrymotuzis/Larry_Motuzis_Data/Project06_POI/poi/src/main/java/org/apache/poi/ss/usermodel/FontFormatting.java,org.apache.poi.ss.usermodel.FontFormatting,interface,1,4,3,1,15,1,0,0,105,0.0,0.0,0.0,15,0,0,0,0,15,15,0,0,0,0,0,0,0,0,0,0,0,0,17,0,0,0,0,0,0,0,0,0,0,0,0,0,0,74,1,0
/Users/larrymotuzis/Larry_Motuzis_Data/Project06_POI/poi/src/main/java/org/apache/poi/ss/formula/functions/Trend.java,org.apache.poi.ss.formula.functions.Trend,class,16,17,1,16,76,1,0,24,28,0.0,NaN,NaN,8,7,1,7,0,0,1,0,0,0,0,0,0,0,0,0,0,0,22,280,16,15,15,3,6,4,108,84,13,46,4,0,1,0,146,17,0
/Users/larrymotuzis/Larry_Motuzis_Data/Project06_POI/poi/src/main/java/org/apache/poi/sl/usermodel/TextBox.java,org.apache.poi.sl.usermodel.TextBox,interface,5,9,4,5,0,1,0,0,0,0.0,-1.0,-1.0,0,0,0,0,0,0,0,0,0,0,0,0,0,0,0,0,0,0,0,2,0,0,0,0,0,0,0,0,0,0,0,0,0,0,22,1,0
/Users/larrymotuzis/Larry_Motuzis_Data/Project06_POI/poi/src/main/java/org/apache/poi/ss/formula/functions/Subtotal.java,org.apache.poi.ss.formula.functions.Subtotal,class,5,6,1,5,31,1,0,17,1,0.0,NaN,NaN,2,1,1,1,0,0,1,0,0,0,0,0,0,0,0,0,0,0,4,82,25,1,0,1,0,0,28,8,1,8,2,0,0,0,70,1,0
/Users/larrymotuzis/Larry_Motuzis_Data/Project06_POI/poi/src/main/java/org/apache/poi/ddf/EscherSpRecord.java,org.apache.poi.ddf.EscherSpRecord,class,7,8,1,7,42,2,0,17,98,0.8304497,0.14166667,0.175,17,0,16,1,0,0,16,0,0,0,17,15,13,4,0,0,15,0,0,102,12,0,12,0,12,40,39,27,10,21,1,0,0,0,123,1,0
/Users/larrymotuzis/Larry_Motuzis_Data/Project06_POI/poi/src/main/java/org/apache/poi/ss/formula/atp/Ifs.java,org.apache.poi.ss.formula.atp.Ifs,class,5,6,1,5,5,1,0,1,1,1.0,NaN,NaN,2,0,1,1,0,0,1,0,0,0,1,1,1,0,0,0,1,0,0,17,3,1,1,0,0,0,5,4,3,3,2,0,0,0,58,16,0
/Users/larrymotuzis/Larry_Motuzis_Data/Project06_POI/poi/src/main/java/org/apache/poi/ss/formula/EvaluationTracker.java,org.apache.poi.ss.formula.EvaluationTracker,class,7,10,3,7,16,1,0,12,0,0.38888893,1.0,1.0,6,0,6,0,0,0,6,0,0,0,3,0,0,3,0,0,3,0,0,69,3,0,4,0,0,4,8,12,3,12,2,0,0,0,122,16,0
/Users/larrymotuzis/Larry_Motuzis_Data/Project06_POI/poi/src/main/java/org/apache/poi/hssf/record/WindowTwoRecord.java,org.apache.poi.hssf.record.WindowTwoRecord,class,6,8,2,6,49,4,0,17,217,0.90531933,0.39962998,0.7585569,47,0,46,0,1,0,47,0,0,0,20,13,1,19,0,0,13,0,0,186,24,0,0,0,0,19,16,47,0,21,1,0,0,0,172,17,0
/Users/larrymotuzis/Larry_Motuzis_Data/Project06_POI/poi/src/main/java/org/apache/poi/ss/formula/LazyRefEval.java,org.apache.poi.ss.formula.LazyRefEval,class,9,11,2,9,7,2,0,12,0,0.0,1.0,1.0,7,0,7,0,0,0,7,0,0,0,1,0,0,1,0,0,1,0,0,29,6,0,0,0,0,2,0,5,1,5,0,0,0,0,56,17,0
/Users/larrymotuzis/Larry_Motuzis_Data/Project06_POI/poi/src/main/java/org/apache/poi/ss/formula/functions/LookupUtils.java,org.apache.poi.ss.formula.functions.LookupUtils$TolerantStringLookupComparer,innerclass,4,4,0,4,4,3,0,2,3,0.0,0.0,0.0,3,1,0,0,2,1,3,0,0,0,0,0,0,0,0,0,0,0,1,15,3,0,0,0,0,0,0,1,0,1,1,0,0,0,14,26,0
/Users/larrymotuzis/Larry_Motuzis_Data/Project06_POI/poi/src/main/java/org/apache/poi/poifs/crypt/agile/AgileEncryptionVerifier.java,org.apache.poi.poifs.crypt.agile.AgileEncryptionVerifier,class,11,15,4,11,31,2,0,33,51,0.6428572,0.16483517,0.23076923,14,0,13,0,1,0,14,0,1,0,2,0,0,2,0,0,0,0,1,106,4,2,15,0,0,12,4,13,3,8,2,0,0,0,75,1,0
/Users/larrymotuzis/Larry_Motuzis_Data/Project06_POI/poi/src/main/java/org/apache/poi/hssf/record/aggregates/ChartSubstreamRecordAggregate.java,org.apache.poi.hssf.record.aggregates.ChartSubstreamRecordAggregate,class,9,9,0,9,10,3,0,9,0,0.16666667,1.0,1.0,2,0,2,0,0,0,2,0,0,0,3,0,0,3,0,0,2,0,1,44,1,2,3,0,2,2,0,5,1,5,4,0,0,0,51,17,0
/Users/larrymotuzis/Larry_Motuzis_Data/Project06_POI/poi/src/main/java/org/apache/poi/poifs/filesystem/POIFSStream.java,org.apache.poi.poifs.filesystem.POIFSStream$StreamBlockOffsetIterator,innerclass,3,3,0,3,7,1,0,4,0,0.375,0.5,0.5,4,0,3,0,0,1,4,0,0,0,2,0,0,2,0,0,1,0,0,28,2,0,1,1,0,1,0,4,0,3,1,0,0,0,38,2,0
/Users/larrymotuzis/Larry_Motuzis_Data/Project06_POI/poi/src/main/java/org/apache/poi/ss/formula/EvaluationWorkbook.java,org.apache.poi.ss.formula.EvaluationWorkbook,interface,11,19,8,11,16,2,0,0,120,0.0,0.0,0.0,16,0,0,0,0,16,16,0,0,0,0,0,0,0,0,0,0,0,0,64,0,0,0,0,0,0,0,0,0,0,0,0,3,0,114,1,0
/Users/larrymotuzis/Larry_Motuzis_Data/Project06_POI/poi/src/main/java/org/apache/poi/ss/formula/functions/Roman.java,org.apache.poi.ss.formula.functions.Roman,class,7,9,2,7,19,2,0,7,3,0.6666667,0.0,0.0,3,0,2,1,0,0,2,0,0,0,3,3,0,3,0,0,3,0,4,63,10,4,3,2,1,62,30,17,2,14,2,0,0,0,83,1,0
/Users/larrymotuzis/Larry_Motuzis_Data/Project06_POI/poi/src/main/java/org/apache/poi/hssf/usermodel/helpers/HSSFRowColShifter.java,org.apache.poi.hssf.usermodel.helpers.HSSFRowColShifter,class,13,15,2,13,14,1,0,20,10,0.8,0.0,0.0,5,4,0,1,0,4,4,0,0,0,1,1,0,1,0,0,1,0,7,52,2,3,3,1,0,1,0,13,0,12,3,0,0,0,70,16,1
/Users/larrymotuzis/Larry_Motuzis_Data/Project06_POI/poi/src/main/java/org/apache/poi/sl/usermodel/StrokeStyle.java,org.apache.poi.sl.usermodel.StrokeStyle$LineDash,enum,2,2,0,2,9,1,0,1,0,0.44444445,0.6666667,1.0,3,2,2,0,0,1,3,0,0,0,3,0,3,0,0,0,3,0,2,32,4,2,4,0,1,0,57,3,0,3,2,0,0,0,49,0,0
/Users/larrymotuzis/Larry_Motuzis_Data/Project06_POI/poi/src/main/java/org/apache/poi/hssf/usermodel/HSSFEvaluationWorkbook.java,org.apache.poi.hssf.usermodel.HSSFEvaluationWorkbook$Name,innerclass,4,4,0,4,7,1,0,4,0,0.42857143,0.7619048,1.0,7,0,7,0,0,0,7,0,0,0,2,0,0,2,0,0,2,0,0,26,6,0,0,0,0,0,0,2,0,2,0,0,0,0,17,26,0
/Users/larrymotuzis/Larry_Motuzis_Data/Project06_POI/poi/src/main/java/org/apache/poi/ss/format/CellNumberPartHandler.java,org.apache.poi.ss.format.CellNumberPartHandler,class,5,7,2,5,37,1,0,14,31,0.8068182,0.25,1.0,11,2,8,3,0,0,8,0,0,0,8,0,0,8,0,0,1,0,4,109,15,4,8,0,1,0,8,19,2,15,3,0,0,0,50,1,0
/Users/larrymotuzis/Larry_Motuzis_Data/Project06_POI/poi/src/main/java/org/apache/poi/sl/usermodel/ObjectData.java,org.apache.poi.sl.usermodel.ObjectData,interface,6,8,2,6,9,1,0,9,21,0.0,0.0,0.0,7,0,0,0,0,7,7,0,0,0,0,0,0,0,0,0,0,0,0,27,4,0,1,3,0,2,0,5,0,5,1,0,0,0,85,1,1
/Users/larrymotuzis/Larry_Motuzis_Data/Project06_POI/poi/src/main/java/org/apache/poi/hssf/record/FontRecord.java,org.apache.poi.hssf.record.FontRecord,class,6,9,3,6,55,4,0,27,309,0.8795986,0.29149798,0.757085,39,0,38,0,1,0,39,0,0,0,23,13,9,14,0,0,13,0,2,207,22,0,10,0,2,14,22,65,2,30,2,0,0,0,228,17,0
/Users/larrymotuzis/Larry_Motuzis_Data/Project06_POI/poi/src/main/java/org/apache/poi/ss/formula/ptg/AreaNPtg.java,org.apache.poi.ss.formula.ptg.AreaNPtg,class,3,5,2,3,4,5,0,0,6,0.75,0.0,0.0,4,0,4,0,0,0,4,0,0,0,1,1,1,0,0,0,1,0,0,15,2,0,0,0,0,0,1,1,0,1,0,0,0,0,22,17,0
/Users/larrymotuzis/Larry_Motuzis_Data/Project06_POI/poi/src/main/java/org/apache/poi/poifs/macros/VBAMacroReader.java,org.apache.poi.poifs.macros.VBAMacroReader$ModuleImpl,innerclass,3,3,0,3,3,1,0,1,1,0.6666667,0.33333334,0.33333334,3,0,2,0,0,1,3,0,0,0,4,0,0,0,0,4,0,0,0,15,2,0,0,0,0,0,0,1,0,4,0,0,0,0,19,12,0
/Users/larrymotuzis/Larry_Motuzis_Data/Project06_POI/poi/src/main/java/org/apache/poi/ss/formula/SheetRangeAndWorkbookIndexFormatter.java,org.apache.poi.ss.formula.SheetRangeAndWorkbookIndexFormatter,class,1,2,1,1,10,1,0,9,10,0.0,NaN,NaN,5,4,1,4,0,0,1,0,0,0,0,0,0,0,0,0,0,0,3,45,5,0,2,0,0,0,2,2,0,1,1,0,0,0,20,1,0
/Users/larrymotuzis/Larry_Motuzis_Data/Project06_POI/poi/src/main/java/org/apache/poi/ss/usermodel/Date1904Support.java,org.apache.poi.ss.usermodel.Date1904Support,interface,1,2,1,1,1,1,0,0,0,0.0,NaN,NaN,1,0,0,0,0,1,1,0,0,0,0,0,0,0,0,0,0,0,0,3,0,0,0,0,0,0,0,0,0,0,0,0,0,0,32,1,0
/Users/larrymotuzis/Larry_Motuzis_Data/Project06_POI/poi/src/main/java/org/apache/poi/ss/formula/constant/ErrorConstant.java,org.apache.poi.ss.formula.constant.ErrorConstant,class,2,6,4,2,14,1,0,11,4,0.7555556,0.16666667,0.16666667,5,1,4,1,0,0,4,0,0,0,9,8,0,9,0,0,9,0,0,50,12,0,0,0,0,5,0,9,2,9,2,0,0,0,46,17,1
/Users/larrymotuzis/Larry_Motuzis_Data/Project06_POI/poi/src/main/java/org/apache/poi/util/BitFieldFactory.java,org.apache.poi.util.BitFieldFactory,class,1,5,4,1,1,1,0,1,0,0.0,NaN,NaN,1,1,1,0,0,0,1,0,0,0,1,1,0,1,0,0,1,0,0,6,1,0,0,0,0,0,0,1,0,2,0,0,0,1,10,1,0
/Users/larrymotuzis/Larry_Motuzis_Data/Project06_POI/poi/src/main/java/org/apache/poi/sl/usermodel/ColorStyle.java,org.apache.poi.sl.usermodel.ColorStyle,interface,0,7,7,0,10,1,0,0,45,0.0,0.0,0.0,10,0,0,0,0,10,10,0,0,0,0,0,0,0,0,0,0,0,0,12,0,0,0,0,0,0,0,0,0,0,0,0,0,0,63,1,0
/Users/larrymotuzis/Larry_Motuzis_Data/Project06_POI/poi/src/main/java/org/apache/poi/poifs/crypt/DataSpaceMapUtils.java,org.apache.poi.poifs.crypt.DataSpaceMapUtils,class,17,26,9,17,23,1,0,24,15,0.0,0.0,0.0,6,6,6,0,0,0,6,0,0,0,0,0,0,0,0,0,0,0,4,261,4,3,8,1,2,13,45,22,11,22,3,0,6,1,88,1,0
/Users/larrymotuzis/Larry_Motuzis_Data/Project06_POI/poi/src/main/java/org/apache/poi/hssf/record/aggregates/RecordAggregate.java,org.apache.poi.hssf.record.aggregates.RecordAggregate$RecordVisitor,interface,1,1,0,1,1,1,0,0,0,0.0,NaN,NaN,1,0,0,0,0,1,1,0,0,0,0,0,0,0,0,0,0,0,0,3,0,0,0,0,0,0,0,0,0,0,0,0,0,0,15,1,0
/Users/larrymotuzis/Larry_Motuzis_Data/Project06_POI/poi/src/main/java/org/apache/poi/ss/formula/CollaboratingWorkbooksEnvironment.java,org.apache.poi.ss.formula.CollaboratingWorkbooksEnvironment$WorkbookNotFoundException,innerclass,0,0,0,0,1,3,0,0,0,1.0,NaN,NaN,1,0,0,0,0,1,1,0,0,0,1,1,0,1,0,0,1,0,0,6,0,0,0,0,0,0,1,1,0,1,0,0,0,0,12,25,0
/Users/larrymotuzis/Larry_Motuzis_Data/Project06_POI/poi/src/main/java/org/apache/poi/hssf/record/AutoFilterInfoRecord.java,org.apache.poi.hssf.record.AutoFilterInfoRecord,class,5,7,2,5,11,4,0,3,35,0.72727275,0.18181819,0.18181819,11,0,10,0,1,0,11,0,0,0,2,1,1,1,0,0,1,0,0,37,6,0,0,0,0,1,2,4,0,2,0,0,0,0,54,17,0
/Users/larrymotuzis/Larry_Motuzis_Data/Project06_POI/poi/src/main/java/org/apache/poi/poifs/crypt/CipherAlgorithm.java,org.apache.poi.poifs.crypt.CipherAlgorithm,enum,4,24,20,4,9,1,0,3,0,0.5555556,0.6666667,1.0,3,2,2,0,0,1,3,0,0,0,9,0,9,0,0,0,9,0,2,36,2,3,2,0,0,23,70,9,2,9,3,0,0,0,41,1,0
/Users/larrymotuzis/Larry_Motuzis_Data/Project06_POI/poi/src/main/java/org/apache/poi/ss/formula/functions/NormSDist.java,org.apache.poi.ss.formula.functions.NormSDist,class,10,11,1,10,8,2,0,10,6,1.0,0.0,0.0,4,1,2,2,0,0,2,0,0,0,1,1,1,0,0,0,1,0,5,31,7,0,2,1,0,0,5,4,0,4,2,0,0,0,55,17,0
/Users/larrymotuzis/Larry_Motuzis_Data/Project06_POI/poi/src/main/java/org/apache/poi/ss/formula/OperatorEnum.java,org.apache.poi.ss.formula.OperatorEnum,enum,3,4,1,3,54,1,0,6,62,0.8333333,0.6666667,1.0,12,9,0,9,0,3,3,0,0,0,2,0,0,2,0,0,2,0,9,133,39,0,17,0,15,4,34,10,0,10,2,0,1,0,113,0,0
/Users/larrymotuzis/Larry_Motuzis_Data/Project06_POI/poi/src/main/java/org/apache/poi/poifs/property/DocumentProperty.java,org.apache.poi.poifs.property.DocumentProperty,class,3,11,8,3,8,2,0,5,16,0.5,0.21428572,0.21428572,8,0,6,0,2,0,8,0,0,0,1,0,0,1,0,0,0,0,0,32,3,0,0,0,0,0,0,3,0,1,0,0,0,0,77,1,0
/Users/larrymotuzis/Larry_Motuzis_Data/Project06_POI/poi/src/main/java/org/apache/poi/ss/formula/udf/UDFFinder.java,org.apache.poi.ss.formula.udf.UDFFinder,interface,1,7,6,1,1,1,0,0,0,0.0,NaN,NaN,1,0,0,0,0,1,1,0,0,0,0,0,0,0,0,0,0,0,0,3,0,0,0,0,0,0,0,0,0,0,0,0,0,0,24,1,0
/Users/larrymotuzis/Larry_Motuzis_Data/Project06_POI/poi/src/main/java/org/apache/poi/hssf/record/aggregates/ValueRecordsAggregate.java,org.apache.poi.hssf.record.aggregates.ValueRecordsAggregate$ValueIterator,innerclass,2,2,0,2,12,1,0,2,2,0.55,0.4,0.6,5,0,4,0,0,1,5,0,0,0,2,0,0,0,0,2,0,0,0,35,4,1,2,0,0,0,3,7,0,5,2,0,0,0,22,0,0
/Users/larrymotuzis/Larry_Motuzis_Data/Project06_POI/poi/src/main/java/org/apache/poi/ss/formula/atp/Vars.java,org.apache.poi.ss.formula.atp.Vars,class,4,5,1,4,1,1,0,3,0,1.0,NaN,NaN,1,0,1,0,0,0,1,0,0,0,1,1,1,0,0,0,1,0,0,6,1,0,0,0,0,0,0,1,0,1,0,0,0,0,12,1,0
/Users/larrymotuzis/Larry_Motuzis_Data/Project06_POI/poi/src/main/java/org/apache/poi/ss/formula/ptg/RangePtg.java,org.apache.poi.ss.formula.ptg.RangePtg,class,4,7,3,4,9,3,0,2,34,0.8518519,0.035714287,0.035714287,9,0,8,1,0,0,8,0,1,0,3,3,3,0,0,0,3,0,0,31,7,0,0,0,0,2,5,3,2,3,0,0,0,0,36,17,0
/Users/larrymotuzis/Larry_Motuzis_Data/Project06_POI/poi/src/main/java/org/apache/poi/ss/formula/functions/Gcd.java,org.apache.poi.ss.formula.functions.Gcd,class,7,8,1,7,12,1,0,10,1,0.75,NaN,NaN,2,0,1,1,0,0,1,0,0,0,2,2,1,1,0,0,2,0,5,46,8,2,1,2,1,0,8,10,0,9,4,0,0,0,73,1,0
/Users/larrymotuzis/Larry_Motuzis_Data/Project06_POI/poi/src/main/java/org/apache/poi/util/LittleEndian.java,org.apache.poi.util.LittleEndian$BufferUnderrunException,innerclass,0,0,0,0,1,4,0,0,0,1.0,NaN,NaN,1,0,0,0,0,1,1,0,0,0,1,1,0,1,0,0,1,0,0,6,0,0,0,0,0,1,1,1,0,1,0,0,0,0,18,25,0
/Users/larrymotuzis/Larry_Motuzis_Data/Project06_POI/poi/src/main/java/org/apache/poi/ss/formula/atp/Varp.java,org.apache.poi.ss.formula.atp.Varp,class,4,5,1,4,1,1,0,3,0,1.0,NaN,NaN,1,0,1,0,0,0,1,0,0,0,1,1,1,0,0,0,1,0,0,6,1,0,0,0,0,0,0,1,0,1,0,0,0,0,12,1,0
/Users/larrymotuzis/Larry_Motuzis_Data/Project06_POI/poi/src/main/java/org/apache/poi/sl/draw/PathGradientPaint.java,org.apache.poi.sl.draw.PathGradientPaint$PathGradientContext,innerclass,2,2,0,2,14,1,0,38,5,0.6458334,0.33333334,0.4,6,0,4,0,0,2,6,0,0,0,8,0,0,0,2,6,7,0,4,97,6,2,4,0,6,1,26,39,14,34,2,0,0,0,96,1,0
/Users/larrymotuzis/Larry_Motuzis_Data/Project06_POI/poi/src/main/java/org/apache/poi/poifs/filesystem/POIFSDocument.java,org.apache.poi.poifs.filesystem.POIFSDocument,class,15,23,8,15,25,1,0,38,28,0.61764705,0.375,0.55,17,0,11,1,0,5,16,0,0,0,4,0,0,4,0,0,0,0,7,126,11,1,2,2,3,4,9,38,6,22,2,0,0,0,120,17,0
/Users/larrymotuzis/Larry_Motuzis_Data/Project06_POI/poi/src/main/java/org/apache/poi/ss/usermodel/AutoFilter.java,org.apache.poi.ss.usermodel.AutoFilter,interface,0,1,1,0,0,1,0,0,0,0.0,-1.0,-1.0,0,0,0,0,0,0,0,0,0,0,0,0,0,0,0,0,0,0,0,2,0,0,0,0,0,0,0,0,0,0,0,0,0,0,62,1,0
/Users/larrymotuzis/Larry_Motuzis_Data/Project06_POI/poi/src/main/java/org/apache/poi/sl/draw/DrawFontManagerDefault.java,org.apache.poi.sl.draw.DrawFontManagerDefault,class,6,8,2,6,26,1,0,20,19,0.71428573,0.1,0.1,7,1,5,2,0,0,5,0,0,0,1,0,0,0,1,0,1,0,2,57,9,0,7,0,7,5,10,16,0,12,1,0,0,0,94,1,0
/Users/larrymotuzis/Larry_Motuzis_Data/Project06_POI/poi/src/main/java/org/apache/poi/ddf/EscherContainerRecord.java,org.apache.poi.ddf.EscherContainerRecord,class,10,12,2,10,49,2,0,38,160,0.9333333,0.21014492,0.2826087,24,0,23,0,1,0,24,0,0,0,10,8,6,4,0,0,9,0,4,172,18,9,6,0,3,12,17,34,15,25,2,0,0,1,200,17,1
/Users/larrymotuzis/Larry_Motuzis_Data/Project06_POI/poi/src/main/java/org/apache/poi/poifs/crypt/standard/StandardEncryptor.java,org.apache.poi.poifs.crypt.standard.StandardEncryptor,class,17,20,3,17,10,4,0,33,36,1.0,0.0,0.0,9,0,4,1,4,0,8,0,0,0,1,1,0,1,0,0,1,0,6,114,4,0,0,1,0,2,3,17,1,18,1,0,1,1,83,1,0
/Users/larrymotuzis/Larry_Motuzis_Data/Project06_POI/poi/src/main/java/org/apache/poi/ss/usermodel/ComparisonOperator.java,org.apache.poi.ss.usermodel.ComparisonOperator,class,0,0,0,0,0,1,0,0,0,NaN,-1.0,-1.0,0,0,0,0,0,0,0,0,0,0,9,9,9,0,0,0,9,0,0,11,0,0,0,0,0,0,9,9,0,9,0,0,0,0,39,17,0
/Users/larrymotuzis/Larry_Motuzis_Data/Project06_POI/poi/src/main/java/org/apache/poi/hssf/record/LbsDataSubRecord.java,org.apache.poi.hssf.record.LbsDataSubRecord$LbsDropData,innerclass,5,5,0,5,13,1,0,9,0,0.675,0.51111114,0.62222224,10,0,10,0,0,0,10,0,0,0,8,3,3,5,0,0,4,0,0,62,4,0,3,0,0,6,7,19,1,9,1,0,0,5,100,9,0
/Users/larrymotuzis/Larry_Motuzis_Data/Project06_POI/poi/src/main/java/org/apache/poi/poifs/filesystem/EntryUtils.java,org.apache.poi.poifs.filesystem.EntryUtils$POIDelegate,interface,0,0,0,0,0,1,0,0,0,0.0,-1.0,-1.0,0,0,0,0,0,0,0,0,0,0,0,0,0,0,0,0,0,0,0,2,0,0,0,0,0,0,0,0,0,0,0,0,0,0,4,2,0
/Users/larrymotuzis/Larry_Motuzis_Data/Project06_POI/poi/src/main/java/org/apache/poi/ss/formula/functions/Value.java,org.apache.poi.ss.formula.functions.Value,class,9,11,2,9,47,2,0,22,6,0.75,0.0,0.0,4,2,4,0,0,0,4,0,0,0,2,2,0,2,0,0,2,0,9,153,25,2,5,3,0,1,7,29,5,21,3,0,0,1,116,17,0
/Users/larrymotuzis/Larry_Motuzis_Data/Project06_POI/poi/src/main/java/org/apache/poi/ss/util/cellwalk/CellWalkContext.java,org.apache.poi.ss.util.cellwalk.CellWalkContext,interface,0,3,3,0,3,1,0,0,3,0.0,0.0,0.0,3,0,0,0,0,3,3,0,0,0,0,0,0,0,0,0,0,0,0,5,0,0,0,0,0,0,0,0,0,0,0,0,0,0,38,1,0
/Users/larrymotuzis/Larry_Motuzis_Data/Project06_POI/poi/src/main/java/org/apache/poi/ss/formula/FormulaRenderingWorkbook.java,org.apache.poi.ss.formula.FormulaRenderingWorkbook,interface,4,6,2,4,5,1,0,0,10,0.0,0.0,0.0,5,0,0,0,0,5,5,0,0,0,0,0,0,0,0,0,0,0,0,7,0,0,0,0,0,0,0,0,0,0,0,0,0,0,39,1,0
/Users/larrymotuzis/Larry_Motuzis_Data/Project06_POI/poi/src/main/java/org/apache/poi/sl/usermodel/SimpleShape.java,org.apache.poi.sl.usermodel.SimpleShape,interface,15,27,12,15,16,1,0,0,120,0.0,0.0,0.0,16,0,0,0,0,16,16,0,0,0,0,0,0,0,0,0,0,0,0,18,0,0,0,0,0,0,0,0,0,0,0,0,0,0,118,1,0
/Users/larrymotuzis/Larry_Motuzis_Data/Project06_POI/poi/src/main/java/org/apache/poi/ss/usermodel/CellRange.java,org.apache.poi.ss.usermodel.CellRange,interface,1,2,1,1,9,1,0,0,36,0.0,0.0,0.0,9,0,0,0,0,9,9,0,0,0,0,0,0,0,0,0,0,0,0,11,0,0,0,0,0,0,0,0,0,0,0,0,0,0,72,1,0
/Users/larrymotuzis/Larry_Motuzis_Data/Project06_POI/poi/src/main/java/org/apache/poi/hssf/record/HSSFRecordTypes.java,org.apache.poi.hssf.record.HSSFRecordTypes,enum,171,351,180,171,7,1,0,7,0,0.6285714,0.52380955,1.0,7,1,5,0,0,2,7,0,0,0,5,1,4,1,0,0,5,0,5,33,5,0,0,0,0,0,169,5,0,6,0,0,1,1,48,1,0
/Users/larrymotuzis/Larry_Motuzis_Data/Project06_POI/poi/src/main/java/org/apache/poi/ss/formula/functions/MatrixFunction.java,org.apache.poi.ss.formula.functions.MatrixFunction$MutableValueCollector,innerclass,3,3,0,3,3,2,0,1,3,0.0,0.0,0.0,3,0,2,0,1,0,3,0,0,0,0,0,0,0,0,0,0,0,0,11,1,0,0,0,0,1,0,0,0,0,0,0,0,0,24,25,0
/Users/larrymotuzis/Larry_Motuzis_Data/Project06_POI/poi/src/main/java/org/apache/poi/ss/format/CellDateFormatter.java,org.apache.poi.ss.format.CellDateFormatter$DatePartHandler,innerclass,2,2,0,2,30,1,0,10,0,0.33333334,1.0,1.0,3,0,3,0,0,0,3,0,0,0,4,0,0,4,0,0,0,0,0,75,10,2,2,0,1,7,21,25,4,9,3,0,0,0,37,0,0
/Users/larrymotuzis/Larry_Motuzis_Data/Project06_POI/poi/src/main/java/org/apache/poi/util/IntList.java,org.apache.poi.util.IntList,class,2,3,1,2,64,1,0,7,0,0.38666666,0.76086956,0.76086956,25,0,24,1,0,0,24,0,0,0,3,1,0,3,0,0,1,0,10,217,28,9,18,0,5,1,39,34,22,22,4,0,0,0,228,1,0
/Users/larrymotuzis/Larry_Motuzis_Data/Project06_POI/poi/src/main/java/org/apache/poi/sl/draw/geom/PathIf.java,org.apache.poi.sl.draw.geom.PathIf,interface,3,7,4,3,13,1,0,0,78,0.0,0.0,0.0,13,0,0,0,0,13,13,0,0,0,0,0,0,0,0,0,0,0,0,15,0,0,0,0,0,0,0,0,0,0,0,0,0,0,28,1,0
/Users/larrymotuzis/Larry_Motuzis_Data/Project06_POI/poi/src/main/java/org/apache/poi/ss/formula/functions/Choose.java,org.apache.poi.ss.formula.functions.Choose,class,7,9,2,7,7,1,0,4,1,0.0,0.0,0.0,2,1,2,0,0,0,2,0,0,0,0,0,0,0,0,0,0,0,4,25,6,0,1,1,0,0,3,3,0,3,2,0,0,0,16,17,0
/Users/larrymotuzis/Larry_Motuzis_Data/Project06_POI/poi/src/main/java/org/apache/poi/ss/formula/functions/LinearRegressionFunction.java,org.apache.poi.ss.formula.functions.LinearRegressionFunction$AreaValueArray,innerclass,4,4,0,4,2,2,0,3,0,0.0,1.0,1.0,2,0,1,0,1,0,2,0,0,0,2,0,0,2,0,0,2,0,0,14,1,0,0,0,0,0,0,4,3,4,0,0,0,0,16,26,0
/Users/larrymotuzis/Larry_Motuzis_Data/Project06_POI/poi/src/main/java/org/apache/poi/hssf/usermodel/HSSFDataValidationHelper.java,org.apache.poi.hssf.usermodel.HSSFDataValidationHelper,class,7,8,1,7,11,1,0,6,55,0.0,0.0,0.0,11,0,11,0,0,0,11,0,0,0,0,0,0,0,0,0,0,0,9,35,10,0,0,0,0,0,0,0,0,0,0,0,0,0,34,1,0
/Users/larrymotuzis/Larry_Motuzis_Data/Project06_POI/poi/src/main/java/org/apache/poi/hssf/record/chart/ChartFormatRecord.java,org.apache.poi.hssf.record.chart.ChartFormatRecord,class,6,8,2,6,19,4,0,12,101,0.80921054,0.20467836,0.53216374,19,0,18,0,1,0,19,0,0,0,8,2,1,7,0,0,2,0,0,82,10,0,0,0,0,7,3,19,0,8,0,0,0,2,65,17,0
/Users/larrymotuzis/Larry_Motuzis_Data/Project06_POI/poi/src/main/java/org/apache/poi/ss/util/CellRangeAddressBase.java,org.apache.poi.ss.util.CellRangeAddressBase$RowMajorCellAddressIterator,innerclass,3,3,0,3,11,1,0,5,0,0.22222222,1.0,1.0,3,0,3,0,0,0,3,0,0,0,2,0,0,2,0,0,1,0,0,31,2,0,0,0,0,4,2,8,0,7,2,0,0,0,48,10,0
/Users/larrymotuzis/Larry_Motuzis_Data/Project06_POI/poi/src/main/java/org/apache/poi/hssf/record/aggregates/ConditionalFormattingTable.java,org.apache.poi.hssf.record.aggregates.ConditionalFormattingTable,class,8,10,2,8,15,3,0,11,0,0.11111111,0.75,0.75,9,0,8,1,0,0,8,0,0,0,1,0,0,1,0,0,1,0,1,46,3,3,0,0,1,3,4,4,3,4,2,0,0,0,65,17,0
/Users/larrymotuzis/Larry_Motuzis_Data/Project06_POI/poi/src/main/java/org/apache/poi/hpsf/ClassID.java,org.apache.poi.hpsf.ClassID,class,7,17,10,7,37,1,0,21,35,0.6052632,0.39766082,0.45614034,19,0,19,0,0,0,19,0,0,0,2,1,1,1,0,0,2,0,10,90,11,1,16,0,2,11,87,26,23,8,1,0,0,0,172,1,0
/Users/larrymotuzis/Larry_Motuzis_Data/Project06_POI/poi/src/main/java/org/apache/poi/hpsf/ClipboardData.java,org.apache.poi.hpsf.ClipboardData,class,7,10,3,7,7,1,0,11,0,0.6666666,0.6,1.0,6,2,6,0,0,0,6,0,0,0,5,3,0,5,0,0,2,0,4,39,4,0,0,0,0,2,9,12,5,8,1,0,0,0,57,1,1
/Users/larrymotuzis/Larry_Motuzis_Data/Project06_POI/poi/src/main/java/org/apache/poi/sl/draw/geom/QuadToCommand.java,org.apache.poi.sl.draw.geom.QuadToCommand,class,4,6,2,4,10,1,0,6,0,0.33333334,0.73333335,1.0,6,0,6,0,0,0,6,0,0,0,2,0,0,2,0,0,2,0,3,31,6,0,3,0,1,0,0,3,0,3,1,0,0,0,59,17,0
/Users/larrymotuzis/Larry_Motuzis_Data/Project06_POI/poi/src/main/java/org/apache/poi/poifs/eventfilesystem/POIFSReader.java,org.apache.poi.poifs.eventfilesystem.POIFSReader,class,14,15,1,14,28,1,0,28,33,0.73333335,0.10714286,0.10714286,10,2,8,2,0,0,8,0,0,0,3,0,0,3,0,0,1,0,1,106,1,5,6,4,0,8,4,24,1,21,4,0,0,0,142,1,0
/Users/larrymotuzis/Larry_Motuzis_Data/Project06_POI/poi/src/main/java/org/apache/poi/sl/image/ImageHeaderBitmap.java,org.apache.poi.sl.image.ImageHeaderBitmap,class,4,5,1,4,4,1,0,13,0,0.25,1.0,1.0,2,0,2,0,0,0,2,0,0,0,2,1,0,2,0,0,2,0,1,17,1,0,1,1,1,1,2,4,1,3,1,0,0,0,21,1,1
/Users/larrymotuzis/Larry_Motuzis_Data/Project06_POI/poi/src/main/java/org/apache/poi/poifs/macros/VBAMacroReader.java,org.apache.poi.poifs.macros.VBAMacroReader$ModuleMap,innerclass,1,1,0,1,0,3,0,0,0,NaN,-1.0,-1.0,0,0,0,0,0,0,0,0,0,0,1,0,0,0,0,1,0,0,0,3,0,0,0,0,0,0,0,1,0,1,0,0,0,0,4,12,0
/Users/larrymotuzis/Larry_Motuzis_Data/Project06_POI/poi/src/main/java/org/apache/poi/ss/formula/ptg/FuncVarPtg.java,org.apache.poi.ss.formula.ptg.FuncVarPtg,class,12,18,6,12,12,4,0,19,37,0.86,0.071428575,0.071428575,10,3,7,2,1,0,8,0,0,0,5,4,2,3,0,0,5,0,8,52,9,0,1,0,0,3,4,9,1,7,1,0,0,1,74,17,0
/Users/larrymotuzis/Larry_Motuzis_Data/Project06_POI/poi/src/main/java/org/apache/poi/sl/draw/geom/CurveToCommandIf.java,org.apache.poi.sl.draw.geom.CurveToCommandIf,interface,4,6,2,4,7,1,0,7,21,0.0,0.0,0.0,7,0,0,0,0,7,7,0,0,0,0,0,0,0,0,0,0,0,0,20,0,0,0,0,0,0,0,9,0,9,0,0,0,0,24,1,0
/Users/larrymotuzis/Larry_Motuzis_Data/Project06_POI/poi/src/main/java/org/apache/poi/poifs/crypt/binaryrc4/BinaryRC4EncryptionVerifier.java,org.apache.poi.poifs.crypt.binaryrc4.BinaryRC4EncryptionVerifier,class,7,10,3,7,13,2,0,16,28,0.0,0.0,0.0,8,0,5,0,3,0,8,0,0,0,0,0,0,0,0,0,0,0,0,54,1,0,5,0,3,1,9,6,0,6,1,0,0,0,37,1,0
/Users/larrymotuzis/Larry_Motuzis_Data/Project06_POI/poi/src/main/java/org/apache/poi/hssf/usermodel/HSSFFooter.java,org.apache.poi.hssf.usermodel.HSSFFooter,class,4,5,1,4,5,2,0,4,0,0.0,1.0,1.0,3,0,0,0,3,0,3,0,0,0,1,0,0,1,0,0,1,0,0,23,2,0,2,0,0,1,0,4,0,3,1,0,0,0,66,17,0
/Users/larrymotuzis/Larry_Motuzis_Data/Project06_POI/poi/src/main/java/org/apache/poi/ss/formula/CellEvaluationFrame.java,org.apache.poi.ss.formula.CellEvaluationFrame,class,6,8,2,6,9,1,0,11,7,0.61904764,0.33333334,0.6666667,7,0,6,1,0,0,6,0,0,0,3,0,0,3,0,0,2,0,0,39,4,0,1,0,0,1,2,6,0,6,1,0,0,0,60,16,0
/Users/larrymotuzis/Larry_Motuzis_Data/Project06_POI/poi/src/main/java/org/apache/poi/ss/usermodel/CellPropertyCategory.java,org.apache.poi.ss.usermodel.CellPropertyCategory,enum,0,1,1,0,0,1,0,0,0,0.0,-1.0,-1.0,0,0,0,0,0,0,0,0,0,0,0,0,0,0,0,0,0,0,0,1,0,0,0,0,0,0,0,0,0,0,0,0,0,0,30,1,0
/Users/larrymotuzis/Larry_Motuzis_Data/Project06_POI/poi/src/main/java/org/apache/poi/hssf/eventmodel/EventRecordFactory.java,org.apache.poi.hssf.eventmodel.EventRecordFactory,class,6,7,1,6,17,1,0,10,2,0.5,0.0,0.0,4,0,2,2,0,0,2,0,0,0,2,0,0,2,0,0,2,0,3,58,6,2,6,0,0,0,3,9,0,6,5,0,0,0,84,17,0
/Users/larrymotuzis/Larry_Motuzis_Data/Project06_POI/poi/src/main/java/org/apache/poi/sl/draw/DrawConnectorShape.java,org.apache.poi.sl.draw.DrawConnectorShape,class,2,3,1,2,1,3,0,0,0,0.0,NaN,NaN,1,0,1,0,0,0,1,0,0,0,0,0,0,0,0,0,0,0,0,5,0,0,0,0,0,0,0,0,0,0,0,0,0,0,5,1,0
/Users/larrymotuzis/Larry_Motuzis_Data/Project06_POI/poi/src/main/java/org/apache/poi/ss/formula/FormulaCellCache.java,org.apache.poi.ss.formula.FormulaCellCache,class,4,5,1,4,8,1,0,9,0,0.0,1.0,1.0,7,0,7,0,0,0,7,0,0,0,1,0,0,1,0,0,1,0,0,31,3,1,0,0,0,0,0,2,0,2,1,0,1,0,23,16,0
/Users/larrymotuzis/Larry_Motuzis_Data/Project06_POI/poi/src/main/java/org/apache/poi/sl/draw/DrawSimpleShape.java,org.apache.poi.sl.draw.DrawSimpleShape,class,20,25,5,20,69,2,3,86,64,0.8333333,0.018181818,0.018181818,12,0,3,1,8,0,11,0,0,0,1,1,0,1,0,0,1,0,23,324,16,5,37,0,17,0,52,113,57,82,4,0,0,1,100,1,0
/Users/larrymotuzis/Larry_Motuzis_Data/Project06_POI/poi/src/main/java/org/apache/poi/hssf/usermodel/HSSFWorkbookFactory.java,org.apache.poi.hssf.usermodel.HSSFWorkbookFactory,class,8,9,1,8,13,1,0,5,21,0.0,0.0,0.0,7,1,7,0,0,0,7,0,0,0,0,0,0,0,0,0,0,0,0,55,7,0,3,3,0,4,0,6,0,4,2,0,0,0,61,1,0
/Users/larrymotuzis/Larry_Motuzis_Data/Project06_POI/poi/src/main/java/org/apache/poi/hpsf/wellknown/PropertyIDMap.java,org.apache.poi.hpsf.wellknown.PropertyIDMap,class,1,8,7,1,21,1,0,16,0,0.97930294,0.55,0.55,17,4,16,1,0,0,16,0,0,3,54,53,47,7,0,0,51,0,3,123,13,1,3,0,0,66,48,57,2,57,1,0,0,0,298,1,0
/Users/larrymotuzis/Larry_Motuzis_Data/Project06_POI/poi/src/main/java/org/apache/poi/ss/usermodel/DataValidationConstraint.java,org.apache.poi.ss.usermodel.DataValidationConstraint$ValidationType,innerclass,0,0,0,0,1,1,0,0,0,0.0,-1.0,-1.0,1,0,0,1,0,0,0,0,0,0,8,8,8,0,0,0,8,0,0,12,0,0,0,0,0,0,8,8,0,8,0,0,0,0,43,25,0
/Users/larrymotuzis/Larry_Motuzis_Data/Project06_POI/poi/src/main/java/org/apache/poi/hssf/record/StandardRecord.java,org.apache.poi.hssf.record.StandardRecord,class,5,158,153,5,9,3,150,7,21,0.0,0.0,0.0,7,0,3,0,4,0,7,3,2,0,0,0,0,0,0,0,0,0,0,28,2,0,1,1,1,4,2,3,5,3,2,0,0,0,78,1025,0
/Users/larrymotuzis/Larry_Motuzis_Data/Project06_POI/poi/src/main/java/org/apache/poi/hssf/usermodel/helpers/HSSFRowShifter.java,org.apache.poi.hssf.usermodel.helpers.HSSFRowShifter,class,8,10,2,8,6,2,0,1,15,0.0,0.0,0.0,6,0,6,0,0,0,6,0,0,0,0,0,0,0,0,0,0,0,1,20,0,0,0,0,0,5,0,0,0,0,0,0,0,0,38,17,0
/Users/larrymotuzis/Larry_Motuzis_Data/Project06_POI/poi/src/main/java/org/apache/poi/hssf/record/pivottable/PageItemRecord.java,org.apache.poi.hssf.record.pivottable.PageItemRecord,class,8,10,2,8,11,4,0,6,8,0.625,0.21428572,0.21428572,8,0,6,0,2,0,8,0,0,0,2,1,1,1,0,0,2,0,1,64,5,2,1,0,0,2,3,8,4,6,1,0,1,1,44,17,0
/Users/larrymotuzis/Larry_Motuzis_Data/Project06_POI/poi/src/main/java/org/apache/poi/hssf/record/CellValueRecordInterface.java,org.apache.poi.hssf.record.CellValueRecordInterface,interface,0,9,9,0,6,1,0,0,15,0.0,0.0,0.0,6,0,0,0,0,6,6,0,0,0,0,0,0,0,0,0,0,0,0,8,0,0,0,0,0,0,0,0,0,0,0,0,0,0,43,1,0
/Users/larrymotuzis/Larry_Motuzis_Data/Project06_POI/poi/src/main/java/org/apache/poi/hssf/eventmodel/ERFListener.java,org.apache.poi.hssf.eventmodel.ERFListener,interface,1,2,1,1,1,1,0,0,0,0.0,NaN,NaN,1,0,1,0,0,0,1,0,0,0,0,0,0,0,0,0,0,0,0,3,0,0,0,0,0,0,0,0,0,0,0,0,0,0,35,1,0
/Users/larrymotuzis/Larry_Motuzis_Data/Project06_POI/poi/src/main/java/org/apache/poi/poifs/dev/POIFSViewEngine.java,org.apache.poi.poifs.dev.POIFSViewEngine,class,2,4,2,2,10,1,0,17,1,0.5,NaN,NaN,2,2,1,1,0,0,1,0,0,0,1,1,0,1,0,0,1,0,5,47,2,4,1,1,0,1,3,11,2,10,4,0,0,0,68,1,0
/Users/larrymotuzis/Larry_Motuzis_Data/Project06_POI/poi/src/main/java/org/apache/poi/ss/formula/atp/YearFrac.java,org.apache.poi.ss.formula.atp.YearFrac,class,8,9,1,8,9,1,0,13,6,1.0,NaN,NaN,4,2,1,3,0,0,1,0,0,0,1,1,1,0,0,0,1,0,5,45,7,0,1,1,1,0,6,13,0,12,2,0,0,0,68,16,0
/Users/larrymotuzis/Larry_Motuzis_Data/Project06_POI/poi/src/main/java/org/apache/poi/poifs/crypt/agile/AgileEncryptionInfoBuilder.java,org.apache.poi.poifs.crypt.agile.AgileEncryptionInfoBuilder,class,17,20,3,17,20,1,0,14,10,0.0,0.0,0.0,5,3,2,1,2,0,4,0,0,0,0,0,0,0,0,0,0,0,3,73,3,1,12,1,4,7,2,14,2,8,1,0,0,0,67,1,0
/Users/larrymotuzis/Larry_Motuzis_Data/Project06_POI/poi/src/main/java/org/apache/poi/hssf/record/PrintHeadersRecord.java,org.apache.poi.hssf.record.PrintHeadersRecord,class,5,7,2,5,13,4,0,3,35,0.72727275,0.18181819,0.18181819,11,0,10,0,1,0,11,0,0,0,2,1,1,1,0,0,1,0,0,42,6,0,1,0,1,1,5,5,0,2,1,0,0,0,51,17,0
/Users/larrymotuzis/Larry_Motuzis_Data/Project06_POI/poi/src/main/java/org/apache/poi/ss/usermodel/ConditionType.java,org.apache.poi.ss.usermodel.ConditionType,class,1,3,2,1,4,1,0,3,0,0.7777778,1.0,1.0,4,2,3,1,0,0,3,0,0,0,9,7,8,1,0,0,9,0,1,25,3,0,0,0,0,6,6,9,1,9,0,0,0,0,61,1,0
/Users/larrymotuzis/Larry_Motuzis_Data/Project06_POI/poi/src/main/java/org/apache/poi/hssf/usermodel/HSSFHyperlink.java,org.apache.poi.hssf.usermodel.HSSFHyperlink,class,6,10,4,6,36,1,0,30,0,0.4375,0.84189725,0.9130435,24,1,20,1,3,0,23,0,0,0,2,0,0,0,2,0,2,0,2,122,15,0,3,0,1,3,0,14,1,5,1,0,0,0,105,1,0
/Users/larrymotuzis/Larry_Motuzis_Data/Project06_POI/poi/src/main/java/org/apache/poi/sl/usermodel/PaintStyle.java,org.apache.poi.sl.usermodel.PaintStyle,interface,1,13,12,1,0,1,0,0,0,0.0,-1.0,-1.0,0,0,0,0,0,0,0,0,0,0,0,0,0,0,0,0,0,0,0,71,0,0,0,0,0,0,0,0,0,0,0,0,6,0,76,1,0
/Users/larrymotuzis/Larry_Motuzis_Data/Project06_POI/poi/src/main/java/org/apache/poi/ddf/EscherColorRef.java,org.apache.poi.ddf.EscherColorRef,class,6,7,1,6,37,1,0,11,0,0.80999994,0.79532164,0.79532164,20,0,19,1,0,0,19,0,0,0,10,8,0,10,0,0,8,0,2,138,21,2,6,0,6,1,21,22,1,14,2,0,2,0,211,1,0
/Users/larrymotuzis/Larry_Motuzis_Data/Project06_POI/poi/src/main/java/org/apache/poi/hpsf/HPSFPropertiesOnlyDocument.java,org.apache.poi.hpsf.HPSFPropertiesOnlyDocument,class,4,6,2,4,5,2,0,9,10,0.0,0.0,0.0,5,0,4,1,0,0,4,0,0,0,0,0,0,0,0,0,0,0,0,30,0,0,0,2,0,0,1,6,0,6,1,0,0,0,60,1,0
/Users/larrymotuzis/Larry_Motuzis_Data/Project06_POI/poi/src/main/java/org/apache/poi/hssf/record/RowRecord.java,org.apache.poi.hssf.record.RowRecord,class,6,10,4,6,46,4,0,20,382,0.8951219,0.26707318,0.8121951,41,0,40,0,1,0,41,0,0,0,20,12,2,18,0,0,12,0,1,191,22,0,3,0,2,21,26,51,3,21,1,0,0,1,191,17,0
/Users/larrymotuzis/Larry_Motuzis_Data/Project06_POI/poi/src/main/java/org/apache/poi/ss/formula/functions/LookupUtils.java,org.apache.poi.ss.formula.functions.LookupUtils$BooleanLookupComparer,innerclass,4,4,0,4,5,2,0,2,0,0.0,1.0,1.0,3,0,0,0,3,0,3,0,0,0,1,0,0,1,0,0,1,0,1,21,4,0,1,0,0,0,0,3,0,3,1,0,0,0,19,26,0
/Users/larrymotuzis/Larry_Motuzis_Data/Project06_POI/poi/src/main/java/org/apache/poi/ss/formula/TwoDEval.java,org.apache.poi.ss.formula.TwoDEval,interface,2,20,18,2,9,1,0,0,36,0.0,0.0,0.0,9,0,0,0,0,9,9,0,0,0,0,0,0,0,0,0,0,0,0,13,1,0,0,0,0,0,0,0,0,0,0,0,0,0,47,1,0
/Users/larrymotuzis/Larry_Motuzis_Data/Project06_POI/poi/src/main/java/org/apache/poi/ss/usermodel/ReadingOrder.java,org.apache.poi.ss.usermodel.ReadingOrder,enum,1,2,1,1,4,1,0,2,1,0.0,0.0,0.0,2,1,2,0,0,0,2,0,0,0,0,0,0,0,0,0,0,0,2,13,2,0,0,0,0,1,1,0,1,0,1,0,0,0,40,1,0
/Users/larrymotuzis/Larry_Motuzis_Data/Project06_POI/poi/src/main/java/org/apache/poi/hssf/usermodel/HSSFWorkbook.java,org.apache.poi.hssf.usermodel.HSSFWorkbook,class,87,114,27,87,294,2,0,287,3739,0.93851626,0.2560467,0.43936613,123,7,98,13,0,12,110,0,0,0,16,8,1,14,1,0,8,0,29,1138,87,38,64,8,15,58,202,233,47,199,5,0,2,0,920,17,5
/Users/larrymotuzis/Larry_Motuzis_Data/Project06_POI/poi/src/main/java/org/apache/poi/ss/util/ImageUtils.java,org.apache.poi.ss.util.ImageUtils,class,12,14,2,12,51,1,0,55,26,0.7916667,0.1,0.1,8,7,5,3,0,0,5,0,0,0,3,3,0,3,0,0,3,0,19,162,6,2,19,5,14,11,35,59,30,44,5,0,0,2,151,17,3
/Users/larrymotuzis/Larry_Motuzis_Data/Project06_POI/poi/src/main/java/org/apache/poi/poifs/crypt/cryptoapi/CryptoAPIEncryptor.java,org.apache.poi.poifs.crypt.cryptoapi.CryptoAPIEncryptor,class,17,20,3,17,16,5,0,39,43,0.8,0.022222223,0.022222223,10,0,8,0,0,2,10,0,0,0,1,0,0,1,0,0,0,0,3,132,3,2,2,2,1,2,44,30,2,22,2,0,1,0,128,1,0
/Users/larrymotuzis/Larry_Motuzis_Data/Project06_POI/poi/src/main/java/org/apache/poi/poifs/dev/POIFSLister.java,org.apache.poi.poifs.dev.POIFSLister,class,6,7,1,6,16,1,0,17,6,0.0,0.0,0.0,4,4,4,0,0,0,4,0,0,0,0,0,0,0,0,0,0,0,9,64,0,2,1,2,0,18,7,18,7,13,3,0,0,0,64,1,0
/Users/larrymotuzis/Larry_Motuzis_Data/Project06_POI/poi/src/main/java/org/apache/poi/ss/formula/functions/Bin2Dec.java,org.apache.poi.ss.formula.functions.Bin2Dec,class,9,10,1,9,12,2,0,22,6,1.0,0.0,0.0,4,1,2,2,0,0,2,0,0,0,1,1,1,0,0,0,1,0,9,71,7,1,1,1,3,2,15,24,7,19,2,0,0,0,89,1,0
/Users/larrymotuzis/Larry_Motuzis_Data/Project06_POI/poi/src/main/java/org/apache/poi/ss/formula/ptg/ScalarConstantPtg.java,org.apache.poi.ss.formula.ptg.ScalarConstantPtg,class,1,7,6,1,2,2,6,0,1,0.0,0.0,0.0,2,0,2,0,0,0,2,0,2,0,0,0,0,0,0,0,0,0,0,8,2,0,0,0,0,0,0,0,0,0,0,0,0,0,20,1025,0
/Users/larrymotuzis/Larry_Motuzis_Data/Project06_POI/poi/src/main/java/org/apache/poi/hssf/record/chart/ChartEndBlockRecord.java,org.apache.poi.hssf.record.chart.ChartEndBlockRecord,class,6,8,2,6,11,4,0,7,16,0.6,0.16666667,0.16666667,9,0,8,0,1,0,9,0,0,0,5,1,1,4,0,0,1,0,0,49,5,0,2,0,1,4,7,10,1,5,1,0,0,4,45,17,0
/Users/larrymotuzis/Larry_Motuzis_Data/Project06_POI/poi/src/main/java/org/apache/poi/ss/formula/functions/FactDouble.java,org.apache.poi.ss.formula.functions.FactDouble,class,6,7,1,6,9,2,0,11,3,0.8333334,0.0,0.0,3,1,3,0,0,0,3,0,0,0,2,2,1,0,0,1,1,0,3,34,8,0,2,1,0,0,6,4,1,4,1,0,0,0,61,1,0
/Users/larrymotuzis/Larry_Motuzis_Data/Project06_POI/poi/src/main/java/org/apache/poi/ss/usermodel/DataValidationConstraint.java,org.apache.poi.ss.usermodel.DataValidationConstraint$OperatorType,innerclass,0,0,0,0,5,1,0,0,0,0.3888889,NaN,NaN,2,1,1,1,0,0,1,0,0,0,9,9,9,0,0,0,9,0,0,22,0,0,1,0,0,1,8,9,0,9,2,0,0,0,52,25,0
/Users/larrymotuzis/Larry_Motuzis_Data/Project06_POI/poi/src/main/java/org/apache/poi/ss/formula/eval/forked/ForkedEvaluationCell.java,org.apache.poi.ss.formula.eval.forked.ForkedEvaluationCell,class,13,17,4,13,27,1,0,19,48,0.77678573,0.31428573,0.46666667,16,0,15,1,0,0,15,0,0,0,7,0,0,7,0,0,2,0,0,108,22,0,6,0,4,6,0,12,3,8,1,0,0,0,73,16,0
/Users/larrymotuzis/Larry_Motuzis_Data/Project06_POI/poi/src/main/java/org/apache/poi/util/TempFileCreationStrategy.java,org.apache.poi.util.TempFileCreationStrategy,interface,0,2,2,0,2,1,0,0,1,0.0,0.0,0.0,2,0,0,0,0,2,2,0,0,0,0,0,0,0,0,0,0,0,0,4,0,0,0,0,0,0,0,0,0,0,0,0,0,0,130,1,0
/Users/larrymotuzis/Larry_Motuzis_Data/Project06_POI/poi/src/main/java/org/apache/poi/sl/draw/DrawTextFragment.java,org.apache.poi.sl.draw.DrawTextFragment,class,2,5,3,2,21,1,0,21,36,0.7307693,0.3181818,0.54545456,13,0,12,1,0,0,12,0,0,0,3,0,0,0,0,3,2,0,0,74,9,2,7,1,1,3,2,16,5,13,2,0,0,0,69,1,0
/Users/larrymotuzis/Larry_Motuzis_Data/Project06_POI/poi/src/main/java/org/apache/poi/ss/formula/FormulaType.java,org.apache.poi.ss.formula.FormulaType,enum,2,6,4,2,5,1,0,1,1,0.33333334,0.33333334,0.33333334,3,1,2,0,0,1,3,0,0,0,1,0,0,1,0,0,1,0,2,21,2,0,0,0,0,1,1,1,1,1,1,0,0,0,114,1,0
/Users/larrymotuzis/Larry_Motuzis_Data/Project06_POI/poi/src/main/java/org/apache/poi/ss/extractor/EmbeddedExtractor.java,org.apache.poi.ss.extractor.EmbeddedExtractor$FsExtractor,innerclass,3,3,0,3,2,2,0,3,1,0.0,0.0,0.0,2,0,2,0,0,0,2,0,0,0,0,0,0,0,0,0,0,0,0,10,2,0,0,0,0,1,0,1,1,1,0,0,0,0,15,8,0
/Users/larrymotuzis/Larry_Motuzis_Data/Project06_POI/poi/src/main/java/org/apache/poi/sl/usermodel/SlideShowProvider.java,org.apache.poi.sl.usermodel.SlideShowProvider,interface,7,9,2,7,6,1,0,0,15,0.0,0.0,0.0,6,0,0,0,0,6,6,0,0,0,0,0,0,0,0,0,0,0,0,8,0,0,0,0,0,0,0,0,0,0,0,0,0,0,18,1,0
/Users/larrymotuzis/Larry_Motuzis_Data/Project06_POI/poi/src/main/java/org/apache/poi/ss/util/SheetBuilder.java,org.apache.poi.ss.util.SheetBuilder,class,5,6,1,5,20,1,0,14,18,0.71875,0.5,1.0,8,0,5,3,0,0,5,0,0,0,4,0,0,4,0,0,2,0,0,71,8,2,5,0,3,0,5,13,0,13,3,0,0,0,120,1,0
/Users/larrymotuzis/Larry_Motuzis_Data/Project06_POI/poi/src/main/java/org/apache/poi/hssf/record/TableRecord.java,org.apache.poi.hssf.record.TableRecord,class,8,11,3,8,32,5,0,10,119,0.8435897,0.38916257,0.7389163,30,1,27,1,2,0,29,0,0,0,13,7,1,12,0,0,7,0,0,126,16,0,2,0,2,11,15,33,1,16,0,0,0,3,101,17,0
/Users/larrymotuzis/Larry_Motuzis_Data/Project06_POI/poi/src/main/java/org/apache/poi/hssf/record/pivottable/StreamIDRecord.java,org.apache.poi.hssf.record.pivottable.StreamIDRecord,class,5,7,2,5,8,4,0,3,16,0.6875,0.21428572,0.21428572,8,0,6,0,2,0,8,0,0,0,2,1,1,1,0,0,1,0,0,29,5,0,0,0,0,1,2,3,0,2,0,0,0,1,32,17,0
/Users/larrymotuzis/Larry_Motuzis_Data/Project06_POI/poi/src/main/java/org/apache/poi/ss/formula/functions/NotImplementedFunction.java,org.apache.poi.ss.formula.functions.NotImplementedFunction,class,3,4,1,3,4,1,0,2,0,0.0,1.0,1.0,4,0,3,0,1,0,4,0,0,0,1,0,0,1,0,0,1,0,0,15,1,0,0,0,0,0,0,2,0,1,0,0,0,0,38,17,0
/Users/larrymotuzis/Larry_Motuzis_Data/Project06_POI/poi/src/main/java/org/apache/poi/hssf/record/cont/ContinuableRecordInput.java,org.apache.poi.hssf.record.cont.ContinuableRecordInput,class,4,6,2,4,12,1,0,9,0,0.16666667,0.6818182,0.6818182,12,0,12,0,0,0,12,0,0,0,1,0,0,1,0,0,1,0,0,53,8,0,0,0,15,0,11,15,14,15,0,0,0,0,114,1,0
/Users/larrymotuzis/Larry_Motuzis_Data/Project06_POI/poi/src/main/java/org/apache/poi/ss/formula/functions/StatsLib.java,org.apache.poi.ss.formula.functions.StatsLib,class,2,19,17,2,34,1,0,4,45,0.0,0.0,0.0,10,9,9,1,0,0,9,0,0,0,0,0,0,0,0,0,0,0,10,92,9,4,10,0,7,0,29,34,23,17,2,0,0,0,50,16,0
/Users/larrymotuzis/Larry_Motuzis_Data/Project06_POI/poi/src/main/java/org/apache/poi/ss/usermodel/CellCopyContext.java,org.apache.poi.ss.usermodel.CellCopyContext,class,2,2,0,2,2,1,0,2,0,0.0,1.0,1.0,2,0,2,0,0,0,2,0,0,0,1,0,0,1,0,0,1,0,0,9,1,0,0,0,0,0,0,1,0,1,0,0,0,0,47,1,0
/Users/larrymotuzis/Larry_Motuzis_Data/Project06_POI/poi/src/main/java/org/apache/poi/hssf/record/LeftMarginRecord.java,org.apache.poi.hssf.record.LeftMarginRecord,class,6,9,3,6,11,4,0,3,35,0.72727275,0.18181819,0.18181819,11,0,10,0,1,0,11,0,0,0,2,1,1,1,0,0,1,0,0,37,6,0,0,0,0,1,2,4,0,2,0,0,0,0,35,17,0
/Users/larrymotuzis/Larry_Motuzis_Data/Project06_POI/poi/src/main/java/org/apache/poi/sl/usermodel/TextRun.java,org.apache.poi.sl.usermodel.TextRun$FieldType,enum,0,0,0,0,0,1,0,0,0,0.0,-1.0,-1.0,0,0,0,0,0,0,0,0,0,0,0,0,0,0,0,0,0,0,0,1,0,0,0,0,0,0,0,0,0,0,0,0,0,0,13,0,0
/Users/larrymotuzis/Larry_Motuzis_Data/Project06_POI/poi/src/main/java/org/apache/poi/hssf/record/chart/AxisUsedRecord.java,org.apache.poi.hssf.record.chart.AxisUsedRecord,class,5,7,2,5,11,4,0,3,35,0.72727275,0.18181819,0.18181819,11,0,10,0,1,0,11,0,0,0,2,1,1,1,0,0,1,0,0,37,6,0,0,0,0,1,2,4,0,2,0,0,0,0,43,17,0
/Users/larrymotuzis/Larry_Motuzis_Data/Project06_POI/poi/src/main/java/org/apache/poi/hssf/usermodel/HSSFCell.java,org.apache.poi.hssf.usermodel.HSSFCell,class,39,49,10,39,186,2,0,132,51,0.8577587,0.5781684,0.7964847,58,4,30,11,16,1,47,0,0,0,12,6,4,8,0,0,8,0,20,734,73,2,37,1,43,45,19,140,12,100,2,0,0,0,405,1,0
/Users/larrymotuzis/Larry_Motuzis_Data/Project06_POI/poi/src/main/java/org/apache/poi/ss/formula/functions/Columns.java,org.apache.poi.ss.formula.functions.Columns,class,6,7,1,6,3,2,0,1,0,0.0,NaN,NaN,1,0,1,0,0,0,1,0,0,0,0,0,0,0,0,0,0,0,0,15,2,0,0,0,1,0,1,2,0,1,1,0,0,0,22,17,0
/Users/larrymotuzis/Larry_Motuzis_Data/Project06_POI/poi/src/main/java/org/apache/poi/ss/usermodel/PatternFormatting.java,org.apache.poi.ss.usermodel.PatternFormatting,interface,1,4,3,1,10,1,0,0,45,1.0,0.0,0.0,10,0,0,0,0,10,10,0,0,0,19,19,19,0,0,0,19,0,0,31,0,0,0,0,0,0,19,19,0,19,0,0,0,0,64,1,0
/Users/larrymotuzis/Larry_Motuzis_Data/Project06_POI/poi/src/main/java/org/apache/poi/ss/formula/ptg/Area2DPtgBase.java,org.apache.poi.ss.formula.ptg.Area2DPtgBase,class,6,9,3,6,7,4,2,6,21,0.85714287,0.0,0.0,7,0,3,0,4,0,7,0,3,0,1,1,0,1,0,0,1,0,0,25,2,0,0,0,0,0,1,1,1,1,0,0,0,0,38,1025,0
/Users/larrymotuzis/Larry_Motuzis_Data/Project06_POI/poi/src/main/java/org/apache/poi/ddf/EscherArrayProperty.java,org.apache.poi.ddf.EscherArrayProperty,class,8,11,3,8,38,3,0,24,120,0.82857144,0.27450982,0.50980395,21,4,18,3,0,0,18,0,0,0,5,3,0,5,0,0,3,0,9,129,17,0,4,0,10,6,30,17,14,14,2,1,0,1,184,17,0
/Users/larrymotuzis/Larry_Motuzis_Data/Project06_POI/poi/src/main/java/org/apache/poi/ss/formula/constant/ConstantValueParser.java,org.apache.poi.ss.formula.constant.ConstantValueParser,class,5,8,3,5,29,1,0,19,22,0.765625,0.0,0.0,8,7,3,5,0,0,3,0,0,0,8,8,0,8,0,0,8,0,8,109,17,3,5,0,1,7,14,24,4,22,1,0,0,0,91,17,0
/Users/larrymotuzis/Larry_Motuzis_Data/Project06_POI/poi/src/main/java/org/apache/poi/sl/usermodel/HighlightColorSupport.java,org.apache.poi.sl.usermodel.HighlightColorSupport,interface,1,2,1,1,3,1,0,0,3,0.0,0.0,0.0,3,0,0,0,0,3,3,0,0,0,0,0,0,0,0,0,0,0,0,5,0,0,0,0,0,2,0,0,0,0,0,0,0,0,57,1,0
/Users/larrymotuzis/Larry_Motuzis_Data/Project06_POI/poi/src/main/java/org/apache/poi/util/GenericRecordJsonWriter.java,org.apache.poi.util.GenericRecordJsonWriter$AppendableWriter,innerclass,2,2,0,2,15,2,0,8,0,0.33333334,0.73333335,1.0,6,0,3,0,0,3,6,0,0,0,3,0,0,3,0,0,2,0,1,48,0,0,7,0,4,0,0,8,0,5,2,0,0,0,22,8,0
/Users/larrymotuzis/Larry_Motuzis_Data/Project06_POI/poi/src/main/java/org/apache/poi/ss/formula/atp/XMatchFunction.java,org.apache.poi.ss.formula.atp.XMatchFunction,class,11,12,1,11,13,1,0,14,6,0.875,NaN,NaN,4,0,1,3,0,0,1,0,0,0,2,1,1,1,0,0,2,0,6,64,9,0,0,3,0,0,10,17,1,14,2,0,0,0,60,16,0
/Users/larrymotuzis/Larry_Motuzis_Data/Project06_POI/poi/src/main/java/org/apache/poi/hssf/record/HeaderFooterBase.java,org.apache.poi.hssf.record.HeaderFooterBase,class,4,7,3,4,21,4,2,15,7,0.45,0.3888889,0.41666666,10,0,5,1,4,0,9,1,4,0,2,0,0,2,0,0,0,0,0,71,6,0,4,0,1,6,12,10,3,3,3,0,0,0,54,1025,0
/Users/larrymotuzis/Larry_Motuzis_Data/Project06_POI/poi/src/main/java/org/apache/poi/hpsf/GUID.java,org.apache.poi.hpsf.GUID,class,2,4,2,2,1,1,0,3,0,0.0,NaN,NaN,1,0,1,0,0,0,1,0,0,0,4,0,0,4,0,0,0,0,0,12,0,0,0,0,0,0,0,4,0,4,0,0,0,0,16,1,0
/Users/larrymotuzis/Larry_Motuzis_Data/Project06_POI/poi/src/main/java/org/apache/poi/ddf/EscherBSERecord.java,org.apache.poi.ddf.EscherBSERecord,class,9,10,1,9,50,2,0,22,513,0.8830128,0.15384616,0.757085,39,2,39,0,0,0,39,0,0,0,16,3,1,15,0,0,3,0,6,228,23,0,9,0,3,17,69,67,36,27,2,0,0,0,150,17,0
/Users/larrymotuzis/Larry_Motuzis_Data/Project06_POI/poi/src/main/java/org/apache/poi/hssf/record/EmbeddedObjectRefSubRecord.java,org.apache.poi.hssf.record.EmbeddedObjectRefSubRecord,class,14,15,1,14,56,2,0,32,60,0.75909096,0.375,0.65,20,2,14,4,1,1,16,0,0,0,11,3,1,10,0,0,3,0,4,244,17,0,19,1,8,17,44,77,18,34,3,0,0,8,188,17,1
/Users/larrymotuzis/Larry_Motuzis_Data/Project06_POI/poi/src/main/java/org/apache/poi/ddf/EscherTextboxRecord.java,org.apache.poi.ddf.EscherTextboxRecord,class,7,8,1,7,16,2,0,13,51,0.8428572,0.16483517,0.23076923,14,2,14,0,0,0,14,0,0,0,5,4,1,4,0,0,2,0,1,63,9,0,2,0,1,4,11,13,10,9,1,0,0,0,129,17,0
/Users/larrymotuzis/Larry_Motuzis_Data/Project06_POI/poi/src/main/java/org/apache/poi/sl/usermodel/TableCell.java,org.apache.poi.sl.usermodel.TableCell$BorderEdge,enum,0,0,0,0,0,1,0,0,0,0.0,-1.0,-1.0,0,0,0,0,0,0,0,0,0,0,0,0,0,0,0,0,0,0,0,1,0,0,0,0,0,0,0,0,0,0,0,0,0,0,4,0,0
/Users/larrymotuzis/Larry_Motuzis_Data/Project06_POI/poi/src/main/java/org/apache/poi/sl/draw/BitmapImageRenderer.java,org.apache.poi.sl.draw.BitmapImageRenderer$ImageLoader,interface,0,0,0,0,1,1,0,0,0,0.0,NaN,NaN,1,0,0,0,0,1,1,0,0,0,0,0,0,0,0,0,0,0,0,3,0,0,0,0,0,0,0,0,0,0,0,0,0,0,13,2,0
/Users/larrymotuzis/Larry_Motuzis_Data/Project06_POI/poi/src/main/java/org/apache/poi/hssf/record/chart/AreaFormatRecord.java,org.apache.poi.hssf.record.chart.AreaFormatRecord,class,6,8,2,6,25,4,0,9,158,0.8266667,0.23666666,0.57,25,0,24,0,1,0,25,0,0,0,9,3,1,8,0,0,3,0,1,110,13,0,0,0,0,8,9,24,1,10,0,0,0,0,83,17,0
/Users/larrymotuzis/Larry_Motuzis_Data/Project06_POI/poi/src/main/java/org/apache/poi/hssf/record/RefModeRecord.java,org.apache.poi.hssf.record.RefModeRecord,class,5,7,2,5,11,4,0,4,43,0.79545456,0.10909091,0.10909091,11,0,10,0,1,0,11,0,0,0,4,3,3,1,0,0,3,0,0,38,6,0,0,0,0,1,4,6,0,4,0,0,0,0,49,17,0
/Users/larrymotuzis/Larry_Motuzis_Data/Project06_POI/poi/src/main/java/org/apache/poi/ddf/EscherDggRecord.java,org.apache.poi.ddf.EscherDggRecord$FileIdCluster,innerclass,2,2,0,2,8,1,0,3,5,0.5,0.5,0.6,7,1,5,2,0,0,5,0,0,0,2,0,0,2,0,0,0,0,0,29,4,0,1,0,1,2,1,6,2,4,0,0,0,0,25,9,0
/Users/larrymotuzis/Larry_Motuzis_Data/Project06_POI/poi/src/main/java/org/apache/poi/hssf/eventusermodel/HSSFRequest.java,org.apache.poi.hssf.eventusermodel.HSSFRequest,class,6,9,3,6,9,1,0,9,0,0.25,0.5,0.5,4,0,3,0,1,0,4,0,0,0,1,0,0,1,0,0,1,0,3,34,1,2,2,0,0,0,4,8,0,8,4,0,0,1,143,1,0
/Users/larrymotuzis/Larry_Motuzis_Data/Project06_POI/poi/src/main/java/org/apache/poi/hssf/record/BoundSheetRecord.java,org.apache.poi.hssf.record.BoundSheetRecord,class,7,13,6,7,25,4,0,25,76,0.7928571,0.34640524,0.59477127,20,2,17,2,1,0,18,0,0,0,7,3,1,6,0,0,3,0,1,100,12,0,1,0,2,6,12,22,3,11,1,0,0,1,130,17,0
/Users/larrymotuzis/Larry_Motuzis_Data/Project06_POI/poi/src/main/java/org/apache/poi/ss/formula/functions/FinanceFunction.java,org.apache.poi.ss.formula.functions.FinanceFunction$Anonymous1,anonymous,0,0,0,0,1,1,0,1,0,0.0,NaN,NaN,1,0,0,0,1,0,1,0,0,0,0,0,0,0,0,0,0,0,0,5,1,0,0,0,0,0,0,0,0,0,0,0,0,0,2,-1,0
/Users/larrymotuzis/Larry_Motuzis_Data/Project06_POI/poi/src/main/java/org/apache/poi/ss/formula/functions/FinanceFunction.java,org.apache.poi.ss.formula.functions.FinanceFunction$Anonymous2,anonymous,0,0,0,0,1,1,0,1,0,0.0,NaN,NaN,1,0,0,0,1,0,1,0,0,0,0,0,0,0,0,0,0,0,0,5,1,0,0,0,0,0,0,0,0,0,0,0,0,0,2,-1,0
/Users/larrymotuzis/Larry_Motuzis_Data/Project06_POI/poi/src/main/java/org/apache/poi/ss/formula/functions/FinanceFunction.java,org.apache.poi.ss.formula.functions.FinanceFunction$Anonymous3,anonymous,0,0,0,0,1,1,0,1,0,0.0,NaN,NaN,1,0,0,0,1,0,1,0,0,0,0,0,0,0,0,0,0,0,0,5,1,0,0,0,0,0,0,0,0,0,0,0,0,0,2,-1,0
/Users/larrymotuzis/Larry_Motuzis_Data/Project06_POI/poi/src/main/java/org/apache/poi/sl/usermodel/PlaceableShape.java,org.apache.poi.sl.usermodel.PlaceableShape,interface,6,20,14,6,10,1,0,0,45,0.0,0.0,0.0,10,0,0,0,0,10,10,0,0,0,0,0,0,0,0,0,0,0,0,12,0,0,0,0,0,0,0,0,0,0,0,0,0,0,50,1,0
/Users/larrymotuzis/Larry_Motuzis_Data/Project06_POI/poi/src/main/java/org/apache/poi/common/usermodel/fonts/FontHeader.java,org.apache.poi.common.usermodel.fonts.FontHeader$PanoseProportion,enum,0,0,0,0,0,1,0,0,0,0.0,-1.0,-1.0,0,0,0,0,0,0,0,0,0,0,0,0,0,0,0,0,0,0,0,1,0,0,0,0,0,0,0,0,0,0,0,0,0,0,12,1,0
/Users/larrymotuzis/Larry_Motuzis_Data/Project06_POI/poi/src/main/java/org/apache/poi/poifs/crypt/xor/XOREncryptionHeader.java,org.apache.poi.poifs.crypt.xor.XOREncryptionHeader,class,4,6,2,4,4,2,0,0,6,0.0,0.0,0.0,4,0,2,0,2,0,4,0,0,0,0,0,0,0,0,0,0,0,0,12,1,0,0,0,0,0,0,0,0,0,0,0,0,0,16,1,0
/Users/larrymotuzis/Larry_Motuzis_Data/Project06_POI/poi/src/main/java/org/apache/poi/hssf/usermodel/HSSFChart.java,org.apache.poi.hssf.usermodel.HSSFChart,class,52,53,1,52,132,1,0,249,2148,0.9503676,0.3602941,0.49264705,68,1,17,51,0,0,17,0,0,0,8,0,0,8,0,0,0,0,1,1012,63,6,26,0,5,4,397,121,2,94,4,0,2,0,215,17,0
/Users/larrymotuzis/Larry_Motuzis_Data/Project06_POI/poi/src/main/java/org/apache/poi/ss/formula/functions/AggregateFunction.java,org.apache.poi.ss.formula.functions.AggregateFunction$AggregateFunctionA,innerclass,1,1,0,1,2,3,0,0,1,0.0,0.0,0.0,2,0,0,0,2,0,2,0,0,0,0,0,0,0,0,0,0,0,0,8,1,0,0,0,0,0,0,0,0,0,0,0,0,0,8,1032,0
/Users/larrymotuzis/Larry_Motuzis_Data/Project06_POI/poi/src/main/java/org/apache/poi/ss/formula/functions/FinanceFunction.java,org.apache.poi.ss.formula.functions.FinanceFunction$Anonymous4,anonymous,0,0,0,0,1,1,0,1,0,0.0,NaN,NaN,1,0,0,0,1,0,1,0,0,0,0,0,0,0,0,0,0,0,0,5,1,0,0,0,0,0,0,0,0,0,0,0,0,0,2,-1,0
/Users/larrymotuzis/Larry_Motuzis_Data/Project06_POI/poi/src/main/java/org/apache/poi/hssf/record/PrintGridlinesRecord.java,org.apache.poi.hssf.record.PrintGridlinesRecord,class,5,7,2,5,13,4,0,3,35,0.72727275,0.18181819,0.18181819,11,0,10,0,1,0,11,0,0,0,2,1,1,1,0,0,1,0,0,37,6,0,1,0,2,1,5,4,0,2,0,0,0,0,51,17,0
/Users/larrymotuzis/Larry_Motuzis_Data/Project06_POI/poi/src/main/java/org/apache/poi/hssf/usermodel/HSSFChart.java,org.apache.poi.hssf.usermodel.HSSFChart$HSSFSeries,innerclass,8,8,0,8,32,1,0,25,89,0.8055556,0.26666668,0.675,18,0,13,2,0,3,16,0,0,0,6,0,0,6,0,0,0,0,0,126,17,2,6,0,2,2,6,21,6,17,2,0,0,0,79,9,0
/Users/larrymotuzis/Larry_Motuzis_Data/Project06_POI/poi/src/main/java/org/apache/poi/hssf/record/RecordInputStream.java,org.apache.poi.hssf.record.RecordInputStream$SimpleHeaderInput,innerclass,2,2,0,2,4,1,0,2,0,0.0,1.0,1.0,4,0,3,1,0,0,3,0,0,0,1,0,0,1,0,0,1,0,0,15,3,0,0,0,0,0,0,1,0,1,0,0,0,0,16,26,0
/Users/larrymotuzis/Larry_Motuzis_Data/Project06_POI/poi/src/main/java/org/apache/poi/poifs/filesystem/POIFSWriterEvent.java,org.apache.poi.poifs.filesystem.POIFSWriterEvent,class,2,6,4,2,5,1,0,0,2,0.6,0.4,1.0,5,0,4,0,0,1,5,0,0,0,4,0,0,4,0,0,0,0,0,24,4,0,0,0,0,0,0,4,0,4,0,0,0,0,35,1,0
/Users/larrymotuzis/Larry_Motuzis_Data/Project06_POI/poi/src/main/java/org/apache/poi/ss/formula/ptg/AreaErrPtg.java,org.apache.poi.ss.formula.ptg.AreaErrPtg,class,6,9,3,6,9,3,0,6,22,0.6296297,0.19444445,0.2777778,9,0,9,0,0,0,9,0,0,0,3,1,1,2,0,0,3,0,1,36,6,0,0,0,0,2,4,5,1,3,0,0,0,2,31,17,0
/Users/larrymotuzis/Larry_Motuzis_Data/Project06_POI/poi/src/main/java/org/apache/poi/ss/formula/functions/XYNumericFunction.java,org.apache.poi.ss.formula.functions.XYNumericFunction$RefValueArray,innerclass,3,3,0,3,2,2,0,3,0,0.0,1.0,1.0,2,0,1,0,1,0,2,0,0,0,2,0,0,2,0,0,2,0,0,13,1,0,0,0,1,0,0,3,2,3,0,0,0,0,13,26,0
/Users/larrymotuzis/Larry_Motuzis_Data/Project06_POI/poi/src/main/java/org/apache/poi/sl/usermodel/PaintStyle.java,org.apache.poi.sl.usermodel.PaintStyle$GradientPaint$GradientType,enum,0,0,0,0,0,1,0,0,0,0.0,-1.0,-1.0,0,0,0,0,0,0,0,0,0,0,0,0,0,0,0,0,0,0,0,1,0,0,0,0,0,0,0,0,0,0,0,0,0,0,4,0,0
/Users/larrymotuzis/Larry_Motuzis_Data/Project06_POI/poi/src/main/java/org/apache/poi/ss/formula/eval/BoolEval.java,org.apache.poi.ss.formula.eval.BoolEval,class,3,16,13,3,9,1,0,3,3,0.6666667,0.3,0.3,6,1,5,1,0,0,5,0,0,0,3,2,2,1,0,0,3,0,0,23,5,0,0,0,0,4,2,3,1,3,0,0,0,0,28,17,0
/Users/larrymotuzis/Larry_Motuzis_Data/Project06_POI/poi/src/main/java/org/apache/poi/ss/formula/functions/Covar.java,org.apache.poi.ss.formula.functions.Covar,class,8,9,1,8,6,2,0,8,1,0.77777773,0.0,0.0,3,0,2,1,0,0,2,0,0,0,3,2,2,1,0,0,3,0,0,28,5,0,1,1,0,0,5,6,0,6,1,0,0,0,53,1,0
/Users/larrymotuzis/Larry_Motuzis_Data/Project06_POI/poi/src/main/java/org/apache/poi/ss/format/SimpleFraction.java,org.apache.poi.ss.format.SimpleFraction,class,1,4,3,1,20,1,0,5,11,0.6666667,0.2,0.3,6,3,5,1,0,0,5,0,0,0,2,0,0,2,0,0,2,0,8,75,8,1,1,0,5,11,11,24,13,17,2,0,0,0,86,1,0
/Users/larrymotuzis/Larry_Motuzis_Data/Project06_POI/poi/src/main/java/org/apache/poi/ss/formula/functions/XYNumericFunction.java,org.apache.poi.ss.formula.functions.XYNumericFunction$AreaValueArray,innerclass,3,3,0,3,2,2,0,3,0,0.0,1.0,1.0,2,0,1,0,1,0,2,0,0,0,2,0,0,2,0,0,2,0,0,14,1,0,0,0,0,0,0,4,3,4,0,0,0,0,16,26,0
/Users/larrymotuzis/Larry_Motuzis_Data/Project06_POI/poi/src/main/java/org/apache/poi/hssf/record/FeatRecord.java,org.apache.poi.hssf.record.FeatRecord,class,12,14,2,12,29,4,0,22,30,0.7760417,0.35833332,0.7583333,16,0,15,0,1,0,16,0,0,0,12,4,3,9,0,0,5,0,1,121,9,2,5,0,4,9,13,34,2,14,1,0,0,4,95,17,1
/Users/larrymotuzis/Larry_Motuzis_Data/Project06_POI/poi/src/main/java/org/apache/poi/poifs/crypt/agile/AgileDecryptor.java,org.apache.poi.poifs.crypt.agile.AgileDecryptor$AgileCipherInputStream,innerclass,4,4,0,4,2,3,0,3,1,0.0,0.0,0.0,2,0,1,0,1,0,2,0,0,0,0,0,0,0,0,0,0,0,1,8,1,0,0,0,0,0,1,0,0,0,0,0,0,0,89,2,0
/Users/larrymotuzis/Larry_Motuzis_Data/Project06_POI/poi/src/main/java/org/apache/poi/sl/image/ImageHeaderPICT.java,org.apache.poi.sl.image.ImageHeaderPICT,class,3,4,1,3,8,1,0,3,4,0.6666666,0.6666667,1.0,5,2,3,2,0,0,3,0,0,0,5,3,2,3,0,0,5,0,8,58,4,1,1,0,3,0,33,31,15,21,2,0,0,0,61,1,0
/Users/larrymotuzis/Larry_Motuzis_Data/Project06_POI/poi/src/main/java/org/apache/poi/hssf/usermodel/HSSFPatternFormatting.java,org.apache.poi.hssf.usermodel.HSSFPatternFormatting,class,8,10,2,8,17,1,0,20,4,0.5833333,0.46969697,0.6818182,12,0,10,0,2,0,12,0,0,0,3,0,0,3,0,0,3,0,0,64,6,0,5,0,0,0,5,5,0,5,1,0,0,0,31,1,0
/Users/larrymotuzis/Larry_Motuzis_Data/Project06_POI/poi/src/main/java/org/apache/poi/sl/usermodel/SlideShow.java,org.apache.poi.sl.usermodel.SlideShow,interface,11,19,8,11,16,1,0,0,120,0.0,0.0,0.0,16,0,0,0,0,16,16,0,0,0,0,0,0,0,0,0,0,0,0,18,0,0,0,0,0,1,0,0,0,0,0,0,0,0,162,1,0
/Users/larrymotuzis/Larry_Motuzis_Data/Project06_POI/poi/src/main/java/org/apache/poi/ss/formula/ptg/OperationPtg.java,org.apache.poi.ss.formula.ptg.OperationPtg,class,1,11,10,1,5,2,5,0,10,1.0,0.0,0.0,5,0,4,0,1,0,5,2,0,0,3,3,3,0,0,0,3,0,0,15,2,0,0,0,0,0,3,3,0,3,0,0,0,0,54,1025,0
/Users/larrymotuzis/Larry_Motuzis_Data/Project06_POI/poi/src/main/java/org/apache/poi/hssf/record/SaveRecalcRecord.java,org.apache.poi.hssf.record.SaveRecalcRecord,class,5,7,2,5,13,4,0,3,35,0.72727275,0.18181819,0.18181819,11,0,10,0,1,0,11,0,0,0,2,1,1,1,0,0,1,0,0,37,6,0,1,0,2,1,5,4,0,2,0,0,0,0,43,17,0
/Users/larrymotuzis/Larry_Motuzis_Data/Project06_POI/poi/src/main/java/org/apache/poi/sl/draw/DrawSheet.java,org.apache.poi.sl.draw.DrawSheet,class,8,12,4,8,9,1,2,18,8,0.6,0.1,0.1,5,0,4,0,1,0,5,0,0,0,1,0,0,0,1,0,1,0,1,38,1,1,1,0,0,0,6,8,0,8,2,0,0,0,45,1,0
/Users/larrymotuzis/Larry_Motuzis_Data/Project06_POI/poi/src/main/java/org/apache/poi/poifs/crypt/agile/AgileEncryptor.java,org.apache.poi.poifs.crypt.agile.AgileEncryptor,class,22,25,3,22,15,5,0,86,30,0.7222222,0.083333336,0.083333336,9,0,4,0,5,0,9,0,0,0,2,0,0,2,0,0,0,0,18,161,3,1,3,3,3,6,6,50,1,48,2,0,1,0,135,1,0
/Users/larrymotuzis/Larry_Motuzis_Data/Project06_POI/poi/src/main/java/org/apache/poi/hssf/record/chart/LineFormatRecord.java,org.apache.poi.hssf.record.chart.LineFormatRecord,class,7,9,2,7,25,4,0,10,122,0.90181804,0.29666665,0.6333333,25,0,24,0,1,0,25,0,0,0,22,17,14,8,0,0,17,0,0,111,13,0,0,0,0,21,22,35,1,22,0,0,0,0,104,17,0
/Users/larrymotuzis/Larry_Motuzis_Data/Project06_POI/poi/src/main/java/org/apache/poi/util/GenericRecordUtil.java,org.apache.poi.util.GenericRecordUtil,class,6,39,33,6,20,1,0,13,105,0.0,0.0,0.0,15,14,14,1,0,0,14,0,0,0,0,0,0,0,0,0,0,0,11,85,14,1,2,0,3,2,2,7,0,7,2,0,1,4,38,17,0
/Users/larrymotuzis/Larry_Motuzis_Data/Project06_POI/poi/src/main/java/org/apache/poi/ss/usermodel/ClientAnchor.java,org.apache.poi.ss.usermodel.ClientAnchor,interface,1,5,4,1,18,1,0,0,153,0.0,0.0,0.0,18,0,18,0,0,0,18,0,0,0,0,0,0,0,0,0,0,0,0,32,0,0,0,0,0,0,0,0,0,0,0,0,1,0,170,1,0
/Users/larrymotuzis/Larry_Motuzis_Data/Project06_POI/poi/src/main/java/org/apache/poi/sl/draw/geom/Guide.java,org.apache.poi.sl.draw.geom.Guide,class,2,5,3,2,9,1,1,3,0,0.33333334,0.73333335,1.0,6,0,6,0,0,0,6,0,0,0,2,0,0,2,0,0,0,0,3,25,6,0,3,0,0,0,0,3,0,3,1,0,0,0,50,1,0
/Users/larrymotuzis/Larry_Motuzis_Data/Project06_POI/poi/src/main/java/org/apache/poi/ss/util/NormalisedDecimal.java,org.apache.poi.ss.util.NormalisedDecimal,class,3,8,5,3,30,1,0,30,0,0.7777778,0.58181816,0.8181818,12,1,9,1,0,2,11,0,0,0,9,6,0,9,0,0,9,0,5,127,16,0,3,0,2,5,40,22,13,20,2,0,0,0,202,16,0
/Users/larrymotuzis/Larry_Motuzis_Data/Project06_POI/poi/src/main/java/org/apache/poi/ss/usermodel/ClientAnchor.java,org.apache.poi.ss.usermodel.ClientAnchor$AnchorType,enum,2,2,0,2,2,1,0,1,0,0.0,NaN,NaN,2,1,1,1,0,0,1,0,0,0,1,0,1,0,0,0,1,0,1,12,1,0,0,0,0,0,4,1,0,1,0,0,0,0,95,9,0
/Users/larrymotuzis/Larry_Motuzis_Data/Project06_POI/poi/src/main/java/org/apache/poi/ddf/EscherTertiaryOptRecord.java,org.apache.poi.ddf.EscherTertiaryOptRecord,class,3,4,1,3,5,3,0,0,10,1.0,0.0,0.0,5,0,5,0,0,0,5,0,0,0,1,1,1,0,0,0,1,0,0,17,3,0,0,0,0,0,0,1,0,1,0,0,0,0,39,1,0
/Users/larrymotuzis/Larry_Motuzis_Data/Project06_POI/poi/src/main/java/org/apache/poi/hssf/record/chart/ChartRecord.java,org.apache.poi.hssf.record.chart.ChartRecord,class,5,7,2,5,17,4,0,3,74,0.7529412,0.22794117,0.40441176,17,0,16,0,1,0,17,0,0,0,5,1,1,4,0,0,1,0,0,67,9,0,0,0,0,4,5,13,1,5,0,0,0,0,105,17,0
/Users/larrymotuzis/Larry_Motuzis_Data/Project06_POI/poi/src/main/java/org/apache/poi/ss/formula/functions/IPMT.java,org.apache.poi.ss.formula.functions.IPMT,class,4,4,0,4,2,2,0,5,0,0.0,NaN,NaN,1,0,1,0,0,0,1,0,0,0,0,0,0,0,0,0,0,0,1,17,1,0,1,0,0,0,5,9,0,9,1,0,0,0,26,1,0
/Users/larrymotuzis/Larry_Motuzis_Data/Project06_POI/poi/src/main/java/org/apache/poi/hssf/record/aggregates/RecordAggregate.java,org.apache.poi.hssf.record.aggregates.RecordAggregate$SerializingRecordVisitor,innerclass,4,4,0,4,3,1,0,1,0,0.22222222,1.0,1.0,3,0,3,0,0,0,3,0,0,0,3,0,0,3,0,0,2,0,0,17,1,0,0,0,0,0,1,5,1,4,0,0,0,0,15,26,0
/Users/larrymotuzis/Larry_Motuzis_Data/Project06_POI/poi/src/main/java/org/apache/poi/poifs/crypt/xor/XOREncryptionVerifier.java,org.apache.poi.poifs.crypt.xor.XOREncryptionVerifier,class,6,10,4,6,7,2,0,8,21,0.0,0.0,0.0,7,0,4,0,3,0,7,0,2,0,0,0,0,0,0,0,0,0,0,30,1,0,0,0,0,0,4,2,0,2,0,0,0,0,25,1,0
/Users/larrymotuzis/Larry_Motuzis_Data/Project06_POI/poi/src/main/java/org/apache/poi/hssf/record/StyleRecord.java,org.apache.poi.hssf.record.StyleRecord,class,7,10,3,7,26,4,0,21,14,0.7109375,0.44166666,0.65,16,0,15,0,1,0,16,0,0,0,8,3,1,7,0,0,3,0,0,105,9,0,2,0,1,9,15,24,2,9,3,0,0,3,88,17,0
/Users/larrymotuzis/Larry_Motuzis_Data/Project06_POI/poi/src/main/java/org/apache/poi/poifs/nio/FileBackedDataSource.java,org.apache.poi.poifs.nio.FileBackedDataSource,class,5,8,3,5,30,2,0,31,36,0.78571427,0.41025642,0.7051282,16,2,13,3,0,0,13,0,0,0,7,1,0,7,0,0,6,0,7,111,6,0,5,2,0,9,3,13,2,13,2,0,0,1,73,1,2
/Users/larrymotuzis/Larry_Motuzis_Data/Project06_POI/poi/src/main/java/org/apache/poi/ss/usermodel/BorderExtent.java,org.apache.poi.ss.usermodel.BorderExtent,enum,0,0,0,0,0,1,0,0,0,0.0,-1.0,-1.0,0,0,0,0,0,0,0,0,0,0,0,0,0,0,0,0,0,0,0,15,0,0,0,0,0,0,0,0,0,0,0,0,0,0,73,1,0
/Users/larrymotuzis/Larry_Motuzis_Data/Project06_POI/poi/src/main/java/org/apache/poi/hssf/usermodel/StaticFontMetrics.java,org.apache.poi.hssf.usermodel.StaticFontMetrics,class,3,5,2,3,16,1,0,21,3,0.6666667,NaN,NaN,3,2,1,2,0,0,1,0,0,1,3,3,0,3,0,0,2,0,6,64,2,0,7,3,1,12,0,20,2,13,3,0,0,0,86,16,2
/Users/larrymotuzis/Larry_Motuzis_Data/Project06_POI/poi/src/main/java/org/apache/poi/sl/usermodel/TextParagraph.java,org.apache.poi.sl.usermodel.TextParagraph$BulletStyle,interface,2,2,0,2,8,1,0,0,28,0.0,0.0,0.0,8,0,0,0,0,8,8,0,0,0,0,0,0,0,0,0,0,0,0,10,0,0,0,0,0,0,0,0,0,0,0,0,0,0,57,0,0
/Users/larrymotuzis/Larry_Motuzis_Data/Project06_POI/poi/src/main/java/org/apache/poi/util/LongField.java,org.apache.poi.util.LongField,class,4,5,1,4,12,1,0,8,9,0.54545456,0.4181818,0.5090909,11,0,11,0,0,0,11,0,0,0,2,0,0,2,0,0,1,0,4,44,2,0,0,0,0,1,1,5,1,2,1,0,0,0,73,1,0
/Users/larrymotuzis/Larry_Motuzis_Data/Project06_POI/poi/src/main/java/org/apache/poi/ss/formula/functions/Offset.java,org.apache.poi.ss.formula.functions.Offset,class,11,12,1,11,20,1,0,17,6,0.0,0.0,0.0,4,3,1,2,0,1,2,0,0,0,0,0,0,0,0,0,0,0,6,137,8,0,2,1,4,1,19,12,0,10,3,0,2,0,72,17,0
/Users/larrymotuzis/Larry_Motuzis_Data/Project06_POI/poi/src/main/java/org/apache/poi/ss/usermodel/DataFormatter.java,org.apache.poi.ss.usermodel.DataFormatter$ConstantStringFormat,innerclass,1,1,0,1,3,2,0,3,1,0.5,0.33333334,0.33333334,3,0,3,0,0,0,3,0,0,0,2,1,0,2,0,0,2,0,1,13,2,0,0,0,0,2,0,2,0,2,0,0,0,0,42,26,0
/Users/larrymotuzis/Larry_Motuzis_Data/Project06_POI/poi/src/main/java/org/apache/poi/ss/usermodel/DataFormatter.java,org.apache.poi.ss.usermodel.DataFormatter$PhoneFormat,innerclass,2,2,0,2,7,2,0,12,4,0.75,0.33333334,0.33333334,4,1,3,1,0,0,3,0,0,0,2,2,1,1,0,0,2,0,5,32,4,0,0,0,0,3,9,8,5,8,1,0,0,0,36,26,0
/Users/larrymotuzis/Larry_Motuzis_Data/Project06_POI/poi/src/main/java/org/apache/poi/sl/draw/DrawFactory.java,org.apache.poi.sl.draw.DrawFactory,class,36,46,10,36,45,1,0,31,188,0.9,0.004761905,0.004761905,20,2,20,0,0,0,21,0,0,0,1,1,0,1,0,0,1,0,0,147,31,0,9,1,3,3,0,14,3,10,2,0,0,0,102,1,0
/Users/larrymotuzis/Larry_Motuzis_Data/Project06_POI/poi/src/main/java/org/apache/poi/ss/formula/EvaluationWorkbook.java,org.apache.poi.ss.formula.EvaluationWorkbook$ExternalName,innerclass,0,0,0,0,4,1,0,0,0,0.5,0.5,1.0,4,0,4,0,0,0,4,0,0,0,3,0,0,3,0,0,3,0,0,19,3,0,0,0,0,0,0,3,0,3,0,0,0,0,9,0,0
/Users/larrymotuzis/Larry_Motuzis_Data/Project06_POI/poi/src/main/java/org/apache/poi/util/LocaleID.java,org.apache.poi.util.LocaleID,enum,1,4,3,1,11,1,0,13,19,0.7875,0.2777778,1.0,10,2,8,1,0,1,9,0,0,0,8,2,0,8,0,0,8,0,10,44,9,0,1,0,1,1393,1249,8,0,8,0,0,0,0,293,1,0
/Users/larrymotuzis/Larry_Motuzis_Data/Project06_POI/poi/src/main/java/org/apache/poi/ss/format/CellFormatType.java,org.apache.poi.ss.format.CellFormatType,enum,1,6,5,1,3,1,0,0,3,0.0,0.0,0.0,3,0,0,0,0,3,3,3,0,0,0,0,0,0,0,0,0,0,0,65,0,0,0,0,0,0,0,0,0,0,0,5,0,0,55,1,0
/Users/larrymotuzis/Larry_Motuzis_Data/Project06_POI/poi/src/main/java/org/apache/poi/ss/SpreadsheetVersion.java,org.apache.poi.ss.SpreadsheetVersion,enum,2,19,17,2,10,1,0,2,25,0.76666665,0.22222222,0.8,10,0,9,0,0,1,10,0,0,0,6,0,0,6,0,0,6,0,1,44,9,0,0,0,0,0,13,6,2,6,0,0,0,0,126,1,0
/Users/larrymotuzis/Larry_Motuzis_Data/Project06_POI/poi/src/main/java/org/apache/poi/hssf/record/chart/UnitsRecord.java,org.apache.poi.hssf.record.chart.UnitsRecord,class,5,7,2,5,11,4,0,3,35,0.72727275,0.18181819,0.18181819,11,0,10,0,1,0,11,0,0,0,2,1,1,1,0,0,1,0,0,37,6,0,0,0,0,1,2,4,0,2,0,0,0,0,36,17,0
/Users/larrymotuzis/Larry_Motuzis_Data/Project06_POI/poi/src/main/java/org/apache/poi/ss/formula/functions/NumberValueFunction.java,org.apache.poi.ss.formula.functions.NumberValueFunction,class,8,9,1,8,18,1,0,22,3,1.0,NaN,NaN,3,1,1,2,0,0,1,0,0,0,1,1,1,0,0,0,1,0,20,79,6,1,4,2,0,12,25,38,4,14,2,0,0,0,56,17,0
/Users/larrymotuzis/Larry_Motuzis_Data/Project06_POI/poi/src/main/java/org/apache/poi/ss/formula/function/FunctionDataBuilder.java,org.apache.poi.ss.formula.function.FunctionDataBuilder,class,3,4,1,3,12,1,0,13,0,0.16666667,1.0,1.0,3,0,3,0,0,0,3,0,0,0,4,0,0,4,0,0,3,0,0,48,1,1,2,0,0,4,6,12,7,9,2,0,0,0,51,16,0
/Users/larrymotuzis/Larry_Motuzis_Data/Project06_POI/poi/src/main/java/org/apache/poi/hssf/record/IterationRecord.java,org.apache.poi.hssf.record.IterationRecord,class,6,8,2,6,11,4,0,6,13,0.6666667,0.38181818,0.38181818,11,0,10,0,1,0,11,0,0,0,3,2,1,2,0,0,2,0,0,39,6,0,0,0,0,2,4,6,0,3,0,0,0,1,61,17,0
/Users/larrymotuzis/Larry_Motuzis_Data/Project06_POI/poi/src/main/java/org/apache/poi/ss/formula/ptg/MemAreaPtg.java,org.apache.poi.ss.formula.ptg.MemAreaPtg,class,6,12,6,6,10,3,0,7,31,0.74999994,0.15555556,0.22222222,10,0,10,0,0,0,10,0,0,0,4,2,1,3,0,0,4,0,1,40,7,0,0,0,0,2,3,6,1,4,0,0,0,0,38,17,0
/Users/larrymotuzis/Larry_Motuzis_Data/Project06_POI/poi/src/main/java/org/apache/poi/ss/util/PaneInformation.java,org.apache.poi.ss.util.PaneInformation,class,2,5,3,2,22,1,0,1,0,0.67,0.5555556,1.0,10,0,10,0,0,0,10,0,0,0,10,4,4,6,0,0,10,0,1,66,20,0,7,0,1,0,4,11,0,11,1,0,0,0,84,1,0
/Users/larrymotuzis/Larry_Motuzis_Data/Project06_POI/poi/src/main/java/org/apache/poi/ss/usermodel/DataFormatter.java,org.apache.poi.ss.usermodel.DataFormatter$InternalDecimalFormatWithScale,innerclass,2,2,0,2,12,2,0,15,7,0.7083333,0.33333334,0.5,6,1,3,2,0,1,4,0,0,0,4,2,0,4,0,0,4,0,4,49,4,1,2,0,2,4,3,13,2,8,2,0,0,0,57,10,0
/Users/larrymotuzis/Larry_Motuzis_Data/Project06_POI/poi/src/main/java/org/apache/poi/sl/draw/geom/Formula.java,org.apache.poi.sl.draw.geom.Formula,interface,1,3,2,1,1,1,0,0,0,1.0,NaN,NaN,1,0,0,0,0,1,1,0,0,0,1,0,0,0,0,1,0,0,0,4,0,0,0,0,0,0,1,1,0,1,0,0,0,0,31,1,0
/Users/larrymotuzis/Larry_Motuzis_Data/Project06_POI/poi/src/main/java/org/apache/poi/hssf/record/BOFRecord.java,org.apache.poi.hssf.record.BOFRecord,class,5,14,9,5,34,4,0,13,162,0.8730159,0.16017316,0.45454547,24,1,21,2,1,0,22,0,0,0,21,15,15,6,0,0,15,0,1,145,19,0,0,0,0,14,21,40,0,22,1,0,0,0,144,17,0
/Users/larrymotuzis/Larry_Motuzis_Data/Project06_POI/poi/src/main/java/org/apache/poi/ss/formula/atp/ArgumentsEvaluator.java,org.apache.poi.ss.formula.atp.ArgumentsEvaluator,class,6,15,9,6,13,1,0,16,6,1.0,0.0,0.0,4,0,3,1,0,0,3,0,0,0,1,1,1,0,0,0,1,0,1,47,9,3,3,0,1,0,3,12,0,11,3,0,0,0,54,16,0
/Users/larrymotuzis/Larry_Motuzis_Data/Project06_POI/poi/src/main/java/org/apache/poi/ss/formula/functions/Function1Arg.java,org.apache.poi.ss.formula.functions.Function1Arg,interface,2,5,3,2,1,1,0,0,0,0.0,NaN,NaN,1,0,0,0,0,1,1,0,0,0,0,0,0,0,0,0,0,0,0,3,0,0,0,0,0,0,0,0,0,0,0,0,0,0,19,1,0
/Users/larrymotuzis/Larry_Motuzis_Data/Project06_POI/poi/src/main/java/org/apache/poi/sl/usermodel/TextShape.java,org.apache.poi.sl.usermodel.TextShape$TextPlaceholder,enum,1,1,0,1,7,1,0,1,0,0.0,1.0,1.0,3,2,2,0,0,1,3,0,0,0,1,0,1,0,0,0,1,0,1,22,3,1,3,0,1,0,8,1,0,1,2,0,0,0,81,0,0
/Users/larrymotuzis/Larry_Motuzis_Data/Project06_POI/poi/src/main/java/org/apache/poi/hssf/record/chart/DataFormatRecord.java,org.apache.poi.hssf.record.chart.DataFormatRecord,class,6,8,2,6,19,4,0,6,87,0.7807018,0.24561404,0.45614034,19,0,18,0,1,0,19,0,0,0,6,2,1,5,0,0,2,0,0,74,10,0,0,0,0,5,6,15,1,6,0,0,0,0,66,17,0
/Users/larrymotuzis/Larry_Motuzis_Data/Project06_POI/poi/src/main/java/org/apache/poi/poifs/eventfilesystem/POIFSReaderListener.java,org.apache.poi.poifs.eventfilesystem.POIFSReaderListener,interface,1,3,2,1,1,1,0,0,0,0.0,NaN,NaN,1,0,1,0,0,0,1,0,0,0,0,0,0,0,0,0,0,0,0,3,0,0,0,0,0,0,0,0,0,0,0,0,0,0,18,1,0
/Users/larrymotuzis/Larry_Motuzis_Data/Project06_POI/poi/src/main/java/org/apache/poi/util/DefaultTempFileCreationStrategy.java,org.apache.poi.util.DefaultTempFileCreationStrategy,class,2,5,3,2,19,1,1,15,7,0.74285716,0.26666668,0.4,7,0,4,1,2,0,6,0,0,0,5,2,2,3,0,0,4,0,6,72,5,0,7,1,0,7,0,13,3,10,5,0,0,0,153,1,0
/Users/larrymotuzis/Larry_Motuzis_Data/Project06_POI/poi/src/main/java/org/apache/poi/ss/formula/functions/DStarRunner.java,org.apache.poi.ss.formula.functions.DStarRunner,class,16,18,2,16,85,1,0,40,64,0.8333333,0.33333334,0.33333334,12,9,3,9,0,0,3,0,0,0,1,0,0,1,0,0,1,0,36,319,48,4,9,8,13,9,31,57,4,44,4,0,2,0,198,17,0
/Users/larrymotuzis/Larry_Motuzis_Data/Project06_POI/poi/src/main/java/org/apache/poi/util/Dimension2DDouble.java,org.apache.poi.util.Dimension2DDouble,class,1,3,2,1,9,2,0,1,0,0.125,0.96428573,1.0,8,0,8,0,0,0,8,0,0,0,2,0,0,0,0,2,0,0,1,36,6,0,2,0,1,3,4,8,6,4,1,0,0,0,21,1,0
/Users/larrymotuzis/Larry_Motuzis_Data/Project06_POI/poi/src/main/java/org/apache/poi/hssf/record/crypto/Biff8EncryptionKey.java,org.apache.poi.hssf.record.crypto.Biff8EncryptionKey,class,0,1,1,0,4,1,0,4,0,0.0,0.33333334,0.33333334,2,2,2,0,0,0,3,0,0,0,1,1,0,1,0,0,1,0,0,17,1,0,1,0,0,0,0,1,0,1,1,0,0,0,55,17,0
/Users/larrymotuzis/Larry_Motuzis_Data/Project06_POI/poi/src/main/java/org/apache/poi/hssf/record/BottomMarginRecord.java,org.apache.poi.hssf.record.BottomMarginRecord,class,6,9,3,6,11,4,0,3,35,0.72727275,0.18181819,0.18181819,11,0,10,0,1,0,11,0,0,0,2,1,1,1,0,0,1,0,0,37,6,0,0,0,0,1,2,4,0,2,0,0,0,0,35,17,0
/Users/larrymotuzis/Larry_Motuzis_Data/Project06_POI/poi/src/main/java/org/apache/poi/poifs/property/Property.java,org.apache.poi.poifs.property.Property,class,9,25,16,9,41,1,2,17,284,0.9103618,0.21370968,0.6552419,32,2,18,0,11,3,32,2,0,0,38,19,0,35,3,0,19,0,6,215,17,3,4,0,8,11,48,85,16,48,2,0,0,0,229,1025,0
/Users/larrymotuzis/Larry_Motuzis_Data/Project06_POI/poi/src/main/java/org/apache/poi/sl/image/ImageHeaderWMF.java,org.apache.poi.sl.image.ImageHeaderWMF,class,4,5,1,4,9,1,0,11,0,0.44285712,0.71428573,0.71428573,7,0,7,0,0,0,7,0,0,0,7,2,1,6,0,0,6,0,2,97,5,0,2,0,6,4,18,55,10,16,1,0,0,0,127,1,2
/Users/larrymotuzis/Larry_Motuzis_Data/Project06_POI/poi/src/main/java/org/apache/poi/ss/formula/functions/Days.java,org.apache.poi.ss.formula.functions.Days,class,10,11,1,10,9,1,0,18,15,1.0,0.0,0.0,6,3,1,4,0,1,2,0,0,0,1,1,1,0,0,0,1,0,8,41,8,0,1,2,0,0,3,8,0,8,1,0,0,0,75,1,0
/Users/larrymotuzis/Larry_Motuzis_Data/Project06_POI/poi/src/main/java/org/apache/poi/ss/formula/udf/DefaultUDFFinder.java,org.apache.poi.ss.formula.udf.DefaultUDFFinder,class,2,2,0,2,4,1,0,3,0,0.0,1.0,1.0,2,0,2,0,0,0,2,0,0,0,1,0,0,1,0,0,1,0,0,17,1,1,1,0,0,1,3,4,2,4,1,0,0,0,33,17,0
/Users/larrymotuzis/Larry_Motuzis_Data/Project06_POI/poi/src/main/java/org/apache/poi/ss/formula/functions/MultiOperandNumericFunction.java,org.apache.poi.ss.formula.functions.MultiOperandNumericFunction,class,20,31,11,20,45,1,7,34,56,0.8166667,0.022222223,0.022222223,12,0,5,2,5,0,10,1,2,0,5,1,0,5,0,0,1,0,10,185,17,7,4,1,1,2,5,29,1,27,5,0,3,0,170,1025,0
/Users/larrymotuzis/Larry_Motuzis_Data/Project06_POI/poi/src/main/java/org/apache/poi/extractor/MainExtractorFactory.java,org.apache.poi.extractor.MainExtractorFactory,class,10,11,1,10,9,1,0,7,6,0.0,0.0,0.0,4,0,4,0,0,0,4,0,0,0,0,0,0,0,0,0,0,0,1,29,6,1,1,1,0,2,0,1,0,1,3,0,0,0,50,1,0
/Users/larrymotuzis/Larry_Motuzis_Data/Project06_POI/poi/src/main/java/org/apache/poi/ss/formula/functions/PercentRank.java,org.apache.poi.ss.formula.functions.PercentRank,class,11,12,1,11,39,1,0,25,15,1.0,0.0,0.0,6,3,4,2,0,0,4,0,0,0,1,1,1,0,0,0,1,0,15,123,19,5,7,3,3,0,15,29,9,26,4,0,0,0,103,17,0
/Users/larrymotuzis/Larry_Motuzis_Data/Project06_POI/poi/src/main/java/org/apache/poi/sl/usermodel/TableCell.java,org.apache.poi.sl.usermodel.TableCell,interface,9,12,3,9,10,1,0,0,45,0.0,0.0,0.0,10,0,0,0,0,10,10,0,0,0,0,0,0,0,0,0,0,0,0,13,0,0,0,0,0,0,0,0,0,0,0,0,1,0,76,1,0
/Users/larrymotuzis/Larry_Motuzis_Data/Project06_POI/poi/src/main/java/org/apache/poi/hssf/eventusermodel/EventWorkbookBuilder.java,org.apache.poi.hssf.eventusermodel.EventWorkbookBuilder$SheetRecordCollectingListener,innerclass,9,9,0,9,12,1,0,14,16,0.71875,0.21428572,0.39285713,8,0,8,0,0,0,8,0,0,0,4,0,0,4,0,0,3,0,1,43,5,1,0,0,0,0,2,5,0,5,1,0,0,0,54,9,0
/Users/larrymotuzis/Larry_Motuzis_Data/Project06_POI/poi/src/main/java/org/apache/poi/util/DocumentFormatException.java,org.apache.poi.util.DocumentFormatException,class,1,2,1,1,5,4,0,0,6,0.0,0.0,0.0,4,1,4,0,0,0,4,0,0,0,0,0,0,0,0,0,0,0,0,16,0,0,0,0,0,0,0,0,0,0,1,0,0,0,37,1,0
/Users/larrymotuzis/Larry_Motuzis_Data/Project06_POI/poi/src/main/java/org/apache/poi/ss/formula/functions/DStarRunner.java,org.apache.poi.ss.formula.functions.DStarRunner$operator,enum,0,0,0,0,0,1,0,0,0,0.0,-1.0,-1.0,0,0,0,0,0,0,0,0,0,0,0,0,0,0,0,0,0,0,0,1,0,0,0,0,0,0,0,0,0,0,0,0,0,0,4,2,0
/Users/larrymotuzis/Larry_Motuzis_Data/Project06_POI/poi/src/main/java/org/apache/poi/ss/formula/functions/Countif.java,org.apache.poi.ss.formula.functions.Countif,class,16,19,3,16,35,6,0,24,21,0.0,0.0,0.0,7,5,1,4,0,2,3,0,0,0,0,0,0,0,0,0,0,0,6,436,28,0,6,1,3,13,4,9,2,8,2,0,6,0,160,17,0
/Users/larrymotuzis/Larry_Motuzis_Data/Project06_POI/poi/src/main/java/org/apache/poi/util/HexRead.java,org.apache.poi.util.HexRead,class,2,3,1,2,29,1,0,14,15,0.0,0.0,0.0,6,6,5,1,0,0,5,0,0,0,0,0,0,0,0,0,0,0,8,94,5,3,9,4,0,3,15,27,6,13,4,0,0,0,87,1,0
/Users/larrymotuzis/Larry_Motuzis_Data/Project06_POI/poi/src/main/java/org/apache/poi/hssf/record/EOFRecord.java,org.apache.poi.hssf.record.EOFRecord,class,5,11,6,5,8,4,0,0,28,0.875,0.0,0.0,8,0,6,1,1,0,7,0,0,0,3,3,3,0,0,0,3,0,0,26,5,0,0,0,0,0,3,3,1,3,0,0,0,0,53,17,0
/Users/larrymotuzis/Larry_Motuzis_Data/Project06_POI/poi/src/main/java/org/apache/poi/common/usermodel/fonts/FontHeader.java,org.apache.poi.common.usermodel.fonts.FontHeader$PanoseXHeight,enum,0,0,0,0,0,1,0,0,0,0.0,-1.0,-1.0,0,0,0,0,0,0,0,0,0,0,0,0,0,0,0,0,0,0,0,1,0,0,0,0,0,0,0,0,0,0,0,0,0,0,16,1,0
/Users/larrymotuzis/Larry_Motuzis_Data/Project06_POI/poi/src/main/java/org/apache/poi/common/usermodel/fonts/FontGroup.java,org.apache.poi.common.usermodel.fonts.FontGroup$FontGroupRange,innerclass,1,1,0,1,4,1,0,0,2,0.5,0.33333334,0.33333334,4,0,2,0,0,2,4,0,0,0,2,0,0,2,0,0,1,0,0,16,2,0,0,0,0,0,1,3,0,2,0,0,0,0,8,9,0
/Users/larrymotuzis/Larry_Motuzis_Data/Project06_POI/poi/src/main/java/org/apache/poi/ss/usermodel/ConditionalFormatting.java,org.apache.poi.ss.usermodel.ConditionalFormatting,interface,2,3,1,2,6,1,0,0,15,0.0,0.0,0.0,6,0,0,0,0,6,6,0,0,0,0,0,0,0,0,0,0,0,0,8,0,0,0,0,0,0,0,0,0,0,0,0,0,0,109,1,0
/Users/larrymotuzis/Larry_Motuzis_Data/Project06_POI/poi/src/main/java/org/apache/poi/hssf/record/CellRecord.java,org.apache.poi.hssf.record.CellRecord,class,5,16,11,5,16,4,5,8,88,0.75,0.13333334,0.23333333,16,0,9,0,7,0,16,4,8,0,3,0,0,3,0,0,0,0,0,52,5,0,0,0,0,3,1,9,1,3,0,0,0,0,67,1025,0
/Users/larrymotuzis/Larry_Motuzis_Data/Project06_POI/poi/src/main/java/org/apache/poi/sl/usermodel/PresetColor.java,org.apache.poi.sl.usermodel.PresetColor,enum,1,2,1,1,9,1,0,3,0,0.4166667,0.33333334,0.5,3,2,2,0,0,1,4,0,0,0,4,1,3,1,0,0,4,0,2,58,2,1,2,0,2,170,350,5,1,5,2,0,0,0,219,1,0
/Users/larrymotuzis/Larry_Motuzis_Data/Project06_POI/poi/src/main/java/org/apache/poi/sl/draw/geom/AdjustValueIf.java,org.apache.poi.sl.draw.geom.AdjustValueIf,interface,3,6,3,3,3,1,0,5,1,0.0,0.0,0.0,2,0,0,0,0,2,2,0,0,0,0,0,0,0,0,0,0,0,0,10,2,0,1,0,1,0,0,2,0,2,0,0,0,0,12,1,0
/Users/larrymotuzis/Larry_Motuzis_Data/Project06_POI/poi/src/main/java/org/apache/poi/hssf/record/CommonObjectDataSubRecord.java,org.apache.poi.hssf.record.CommonObjectDataSubRecord,class,7,10,3,7,31,2,0,11,191,0.95873016,0.28045976,0.6896552,30,0,28,0,1,1,30,0,0,0,42,36,32,10,0,0,36,0,0,154,15,0,1,0,0,12,44,58,2,42,1,0,0,0,129,17,0
/Users/larrymotuzis/Larry_Motuzis_Data/Project06_POI/poi/src/main/java/org/apache/poi/ss/formula/functions/MatrixFunction.java,org.apache.poi.ss.formula.functions.MatrixFunction$Mdeterm,innerclass,9,9,0,9,6,3,0,3,1,0.33333334,0.33333334,0.33333334,3,0,1,0,2,0,3,0,0,0,1,0,0,1,0,0,1,0,0,21,2,0,2,0,1,0,6,5,0,4,1,0,0,0,28,10,0
/Users/larrymotuzis/Larry_Motuzis_Data/Project06_POI/poi/src/main/java/org/apache/poi/ss/formula/functions/TextFunction.java,org.apache.poi.ss.formula.functions.TextFunction$LeftRight,innerclass,8,8,0,8,6,2,0,9,1,0.5,0.33333334,0.33333334,3,0,2,0,1,0,3,0,0,0,2,1,0,2,0,0,2,0,4,32,4,0,0,1,0,0,4,6,1,5,1,0,0,0,31,26,0
/Users/larrymotuzis/Larry_Motuzis_Data/Project06_POI/poi/src/main/java/org/apache/poi/sl/usermodel/TextShape.java,org.apache.poi.sl.usermodel.TextShape$TextAutofit,enum,0,0,0,0,0,1,0,0,0,0.0,-1.0,-1.0,0,0,0,0,0,0,0,0,0,0,0,0,0,0,0,0,0,0,0,4,0,0,0,0,0,0,0,0,0,0,0,0,0,0,71,0,0
/Users/larrymotuzis/Larry_Motuzis_Data/Project06_POI/poi/src/main/java/org/apache/poi/hssf/record/ExternalNameRecord.java,org.apache.poi.hssf.record.ExternalNameRecord,class,8,10,2,8,42,4,0,23,48,0.85714287,0.3857143,0.7285714,21,0,20,0,1,0,21,0,0,0,17,9,1,16,0,0,9,0,0,139,14,0,11,0,9,10,23,39,7,23,3,0,0,2,149,17,0
/Users/larrymotuzis/Larry_Motuzis_Data/Project06_POI/poi/src/main/java/org/apache/poi/ss/usermodel/helpers/BaseRowColShifter.java,org.apache.poi.ss.usermodel.helpers.BaseRowColShifter,class,6,8,2,6,9,1,2,7,15,0.0,0.0,0.0,6,1,6,0,0,0,6,5,0,0,0,0,0,0,0,0,0,0,0,23,3,0,0,0,0,2,1,4,1,4,1,0,0,0,116,1025,0
/Users/larrymotuzis/Larry_Motuzis_Data/Project06_POI/poi/src/main/java/org/apache/poi/hssf/record/chart/AxisLineFormatRecord.java,org.apache.poi.hssf.record.chart.AxisLineFormatRecord,class,5,7,2,5,11,4,0,3,35,0.90909094,0.18181819,0.18181819,11,0,10,0,1,0,11,0,0,0,6,5,5,1,0,0,5,0,0,41,6,0,0,0,0,1,6,8,0,6,0,0,0,0,60,17,0
/Users/larrymotuzis/Larry_Motuzis_Data/Project06_POI/poi/src/main/java/org/apache/poi/util/GenericRecordJsonWriter.java,org.apache.poi.util.GenericRecordJsonWriter$GenericRecordHandler,interface,1,1,0,1,1,1,0,0,0,0.0,NaN,NaN,1,0,0,0,0,1,1,0,0,0,0,0,0,0,0,0,0,0,0,3,0,0,0,0,0,0,0,0,0,0,0,0,0,0,39,4,0
/Users/larrymotuzis/Larry_Motuzis_Data/Project06_POI/poi/src/main/java/org/apache/poi/hpsf/Property.java,org.apache.poi.hpsf.Property,class,15,22,7,15,75,1,1,56,12,0.6666666,0.5147059,0.6691176,21,1,16,4,1,0,17,0,0,0,5,2,1,4,0,0,2,0,22,258,26,2,31,5,15,21,26,61,12,40,3,0,0,0,259,1,2
/Users/larrymotuzis/Larry_Motuzis_Data/Project06_POI/poi/src/main/java/org/apache/poi/ss/formula/functions/Hyperlink.java,org.apache.poi.ss.formula.functions.Hyperlink,class,2,3,1,2,2,2,0,0,1,0.0,0.0,0.0,2,0,2,0,0,0,2,0,0,0,0,0,0,0,0,0,0,0,0,8,2,0,0,0,0,0,0,0,0,0,0,0,0,0,58,17,0
/Users/larrymotuzis/Larry_Motuzis_Data/Project06_POI/poi/src/main/java/org/apache/poi/sl/usermodel/Insets2D.java,org.apache.poi.sl.usermodel.Insets2D,class,2,11,9,2,7,1,0,2,0,0.0,1.0,1.0,6,0,6,0,0,0,6,0,0,0,4,0,4,0,0,0,0,0,0,39,5,0,4,0,9,5,6,14,16,10,1,0,0,0,90,17,0
/Users/larrymotuzis/Larry_Motuzis_Data/Project06_POI/poi/src/main/java/org/apache/poi/ss/extractor/ExcelExtractor.java,org.apache.poi.ss.extractor.ExcelExtractor,interface,0,2,2,0,5,1,0,0,10,0.0,0.0,0.0,5,0,0,0,0,5,5,0,0,0,0,0,0,0,0,0,0,0,0,7,0,0,0,0,0,0,0,0,0,0,0,0,0,0,52,1,0
/Users/larrymotuzis/Larry_Motuzis_Data/Project06_POI/poi/src/main/java/org/apache/poi/ss/formula/eval/MissingArgEval.java,org.apache.poi.ss.formula.eval.MissingArgEval,class,2,9,7,2,1,1,0,0,0,1.0,-1.0,-1.0,1,0,0,1,0,0,0,0,0,0,1,1,1,0,0,0,1,0,0,5,0,0,0,0,0,0,0,1,0,1,0,0,0,0,56,17,0
/Users/larrymotuzis/Larry_Motuzis_Data/Project06_POI/poi/src/main/java/org/apache/poi/ss/formula/ptg/Deleted3DPxg.java,org.apache.poi.ss.formula.ptg.Deleted3DPxg,class,6,7,1,6,15,3,0,7,42,0.61538464,0.23076923,0.26923078,13,0,13,0,0,0,13,0,0,0,2,0,0,2,0,0,0,0,2,57,8,0,1,0,0,4,6,7,0,3,1,0,0,1,50,17,0
/Users/larrymotuzis/Larry_Motuzis_Data/Project06_POI/poi/src/main/java/org/apache/poi/ss/formula/atp/AnalysisToolPak.java,org.apache.poi.ss.formula.atp.AnalysisToolPak,class,7,9,2,7,22,1,0,20,8,0.5925926,0.4,0.4,9,6,6,3,0,0,6,0,0,0,3,2,1,2,0,0,3,0,148,223,5,2,4,0,2,151,1,17,4,16,2,0,1,0,90,17,1
/Users/larrymotuzis/Larry_Motuzis_Data/Project06_POI/poi/src/main/java/org/apache/poi/hssf/record/DimensionsRecord.java,org.apache.poi.hssf.record.DimensionsRecord,class,6,10,4,6,18,4,0,13,90,0.82352936,0.16911764,0.40441176,17,0,16,0,1,0,17,0,0,0,7,2,1,6,0,0,2,0,0,76,9,0,1,0,0,6,4,16,0,7,1,0,0,1,61,17,1
/Users/larrymotuzis/Larry_Motuzis_Data/Project06_POI/poi/src/main/java/org/apache/poi/ss/formula/FormulaUsedBlankCellSet.java,org.apache.poi.ss.formula.FormulaUsedBlankCellSet,class,5,8,3,5,7,1,0,8,0,0.2,0.5,0.5,5,0,4,1,0,0,4,0,0,0,1,0,0,1,0,0,1,0,0,153,4,0,2,0,0,0,0,6,0,5,1,0,3,0,38,16,0
/Users/larrymotuzis/Larry_Motuzis_Data/Project06_POI/poi/src/main/java/org/apache/poi/hssf/record/aggregates/MergedCellsTable.java,org.apache.poi.hssf.record.aggregates.MergedCellsTable,class,6,8,2,6,21,3,0,13,0,0.45454544,0.7777778,0.7777778,11,0,9,2,0,0,9,0,0,0,2,1,0,2,0,0,2,0,0,75,5,5,1,0,2,3,12,19,12,19,2,0,0,0,73,17,0
/Users/larrymotuzis/Larry_Motuzis_Data/Project06_POI/poi/src/main/java/org/apache/poi/hpsf/HPSFException.java,org.apache.poi.hpsf.HPSFException,class,0,4,4,0,5,3,3,0,4,0.4,0.3,0.3,5,0,5,0,0,0,5,0,0,0,1,0,0,1,0,0,0,0,0,20,1,0,0,0,0,0,0,2,0,1,0,0,0,0,51,1,0
/Users/larrymotuzis/Larry_Motuzis_Data/Project06_POI/poi/src/main/java/org/apache/poi/ss/usermodel/WorkbookFactory.java,org.apache.poi.ss.usermodel.WorkbookFactory$Singleton,innerclass,1,1,0,1,0,1,0,0,0,NaN,-1.0,-1.0,0,0,0,0,0,0,0,0,0,0,1,1,0,1,0,0,1,0,0,3,0,0,0,0,0,0,0,1,0,1,0,0,0,0,10,10,0
/Users/larrymotuzis/Larry_Motuzis_Data/Project06_POI/poi/src/main/java/org/apache/poi/hssf/model/InternalSheet.java,org.apache.poi.hssf.model.InternalSheet$RecordCloner,innerclass,1,1,0,1,2,1,0,2,0,0.0,1.0,1.0,2,0,2,0,0,0,2,0,0,0,1,0,0,1,0,0,1,0,0,9,0,0,0,0,0,0,0,1,0,1,0,0,0,0,8,26,0
/Users/larrymotuzis/Larry_Motuzis_Data/Project06_POI/poi/src/main/java/org/apache/poi/sl/draw/DrawPaint.java,org.apache.poi.sl.draw.DrawPaint,class,23,31,8,23,108,1,0,120,352,0.8390805,0.16176471,0.20588236,29,19,10,12,6,1,17,0,0,0,3,2,0,2,1,0,2,0,58,499,42,7,32,2,42,18,187,138,107,99,2,1,1,4,362,1,3
/Users/larrymotuzis/Larry_Motuzis_Data/Project06_POI/poi/src/main/java/org/apache/poi/hssf/record/MergeCellsRecord.java,org.apache.poi.hssf.record.MergeCellsRecord,class,6,9,3,6,14,4,0,9,3,0.54545456,0.47272727,0.5090909,11,0,10,0,1,0,11,0,0,0,4,1,1,3,0,0,4,0,1,54,7,2,1,0,1,2,4,15,3,8,1,0,0,1,94,17,0
/Users/larrymotuzis/Larry_Motuzis_Data/Project06_POI/poi/src/main/java/org/apache/poi/ss/formula/functions/DCount.java,org.apache.poi.ss.formula.functions.DCount,class,4,4,0,4,4,1,0,0,1,0.33333334,0.33333334,0.33333334,3,0,3,0,0,0,3,0,0,0,1,0,0,1,0,0,0,0,0,15,3,0,0,0,0,0,0,0,0,1,1,0,0,0,33,17,0
/Users/larrymotuzis/Larry_Motuzis_Data/Project06_POI/poi/src/main/java/org/apache/poi/hssf/record/FormatRecord.java,org.apache.poi.hssf.record.FormatRecord,class,7,11,4,7,26,4,0,21,24,0.73333335,0.31111112,0.46666667,12,1,9,2,1,0,10,0,0,0,5,2,1,4,0,0,5,0,3,97,8,2,3,0,2,6,15,24,5,12,2,0,0,1,83,17,1
/Users/larrymotuzis/Larry_Motuzis_Data/Project06_POI/poi/src/main/java/org/apache/poi/hssf/usermodel/HSSFRow.java,org.apache.poi.hssf.usermodel.HSSFRow,class,25,33,8,25,116,1,0,82,387,0.8055556,0.25873017,0.55714285,42,0,31,6,2,3,36,0,0,0,6,1,1,5,0,0,4,0,6,409,33,12,26,0,17,14,46,64,32,48,4,0,1,0,379,17,0
/Users/larrymotuzis/Larry_Motuzis_Data/Project06_POI/poi/src/main/java/org/apache/poi/hssf/record/SCLRecord.java,org.apache.poi.hssf.record.SCLRecord,class,5,7,2,5,13,4,0,3,44,0.71794873,0.21794872,0.26923078,13,0,12,0,1,0,13,0,0,0,3,1,1,2,0,0,1,0,0,47,7,0,0,0,0,2,3,7,1,3,0,0,0,0,52,17,0
/Users/larrymotuzis/Larry_Motuzis_Data/Project06_POI/poi/src/main/java/org/apache/poi/ss/formula/functions/Var1or2ArgFunction.java,org.apache.poi.ss.formula.functions.Var1or2ArgFunction,class,4,10,6,4,3,1,5,1,0,0.0,NaN,NaN,1,0,1,0,0,0,1,0,1,0,0,0,0,0,0,0,0,0,0,11,3,0,0,0,0,0,5,0,0,0,1,0,0,0,21,1024,0
/Users/larrymotuzis/Larry_Motuzis_Data/Project06_POI/poi/src/main/java/org/apache/poi/ss/formula/functions/MatrixFunction.java,org.apache.poi.ss.formula.functions.MatrixFunction$TwoArrayArg,innerclass,11,11,0,11,14,2,0,11,6,0.0,0.0,0.0,4,0,1,0,3,0,4,2,0,0,0,0,0,0,0,0,0,0,6,70,8,1,1,5,8,0,6,15,4,12,3,0,0,0,35,1033,0
/Users/larrymotuzis/Larry_Motuzis_Data/Project06_POI/poi/src/main/java/org/apache/poi/ss/util/SheetUtil.java,org.apache.poi.ss.util.SheetUtil$WithJavaDesktop,innerclass,4,4,0,4,11,1,0,24,0,0.25,-1.0,-1.0,4,4,0,4,0,0,0,0,0,0,1,1,0,1,0,0,0,0,5,43,4,0,2,1,2,1,6,8,6,7,2,0,0,0,103,26,0
/Users/larrymotuzis/Larry_Motuzis_Data/Project06_POI/poi/src/main/java/org/apache/poi/poifs/crypt/xor/XOREncryptor.java,org.apache.poi.poifs.crypt.xor.XOREncryptor,class,9,11,2,9,9,5,0,10,36,0.0,0.0,0.0,9,0,6,0,3,0,9,0,0,0,0,0,0,0,0,0,0,0,3,93,4,0,0,0,0,1,4,5,0,5,0,0,1,0,44,1,0
/Users/larrymotuzis/Larry_Motuzis_Data/Project06_POI/poi/src/main/java/org/apache/poi/ddf/EscherBitmapBlip.java,org.apache.poi.ddf.EscherBitmapBlip,class,6,7,1,6,14,3,0,12,21,0.8181818,0.3090909,0.38181818,11,0,11,0,0,0,11,0,0,0,6,4,3,3,0,0,5,0,5,62,7,0,3,0,1,4,26,15,12,10,1,0,0,0,84,1,0
/Users/larrymotuzis/Larry_Motuzis_Data/Project06_POI/poi/src/main/java/org/apache/poi/hssf/record/OldFormulaRecord.java,org.apache.poi.hssf.record.OldFormulaRecord,class,7,8,1,7,17,2,0,17,25,0.85227275,0.27272728,0.6545454,11,0,11,0,0,0,11,0,0,0,8,4,4,4,0,0,4,0,2,68,12,0,4,0,0,4,4,13,0,11,2,0,0,0,85,17,0
/Users/larrymotuzis/Larry_Motuzis_Data/Project06_POI/poi/src/main/java/org/apache/poi/poifs/filesystem/DirectoryNode.java,org.apache.poi.poifs.filesystem.DirectoryNode,class,17,50,33,17,51,2,0,41,259,0.7733334,0.20229885,0.39310345,30,0,25,0,1,4,30,0,0,0,5,0,0,5,0,0,5,0,0,203,29,1,8,1,4,19,1,27,3,22,2,0,0,0,227,1,0
/Users/larrymotuzis/Larry_Motuzis_Data/Project06_POI/poi/src/main/java/org/apache/poi/poifs/common/POIFSConstants.java,org.apache.poi.poifs.common.POIFSConstants,interface,1,1,0,1,0,1,0,0,0,NaN,-1.0,-1.0,0,0,0,0,0,0,0,0,0,0,12,0,0,0,0,12,0,0,0,14,0,0,0,0,0,0,12,12,0,12,0,0,0,0,81,1,0
/Users/larrymotuzis/Larry_Motuzis_Data/Project06_POI/poi/src/main/java/org/apache/poi/hssf/usermodel/HSSFWorkbook.java,org.apache.poi.hssf.usermodel.HSSFWorkbook$SheetIterator,innerclass,1,1,0,1,4,1,0,3,0,0.25,0.5,0.5,4,0,4,0,0,0,4,0,0,0,1,0,0,1,0,0,1,0,0,15,2,0,0,0,0,3,0,1,1,1,0,0,0,0,42,18,0
/Users/larrymotuzis/Larry_Motuzis_Data/Project06_POI/poi/src/main/java/org/apache/poi/wp/usermodel/Paragraph.java,org.apache.poi.wp.usermodel.Paragraph,interface,0,0,0,0,10,1,0,0,45,0.0,0.0,0.0,10,0,10,0,0,0,10,0,0,0,0,0,0,0,0,0,0,0,0,12,0,0,0,0,0,0,0,0,0,0,0,0,0,0,28,1,0
/Users/larrymotuzis/Larry_Motuzis_Data/Project06_POI/poi/src/main/java/org/apache/poi/poifs/crypt/EncryptionHeader.java,org.apache.poi.poifs.crypt.EncryptionHeader,class,9,25,16,9,29,1,4,5,216,0.875,0.10869565,0.76086956,24,0,21,0,3,0,24,1,0,0,10,0,0,10,0,0,0,0,1,110,12,1,4,0,2,12,1,21,1,11,2,0,0,0,76,1025,0
/Users/larrymotuzis/Larry_Motuzis_Data/Project06_POI/poi/src/main/java/org/apache/poi/hpsf/IllegalVariantTypeException.java,org.apache.poi.hpsf.IllegalVariantTypeException,class,3,3,0,3,2,5,0,2,1,0.0,0.0,0.0,2,0,2,0,0,0,2,0,0,0,0,0,0,0,0,0,0,0,2,8,0,0,0,0,0,4,0,0,1,0,0,0,0,0,30,1,0
/Users/larrymotuzis/Larry_Motuzis_Data/Project06_POI/poi/src/main/java/org/apache/poi/hssf/record/cont/ContinuableRecordOutput.java,org.apache.poi.hssf.record.cont.ContinuableRecordOutput,class,5,16,11,5,34,1,0,19,0,0.7058824,0.65,0.65,17,1,15,1,0,1,16,0,0,0,4,1,0,4,0,0,2,0,3,158,3,6,0,0,0,0,34,26,8,16,3,1,0,0,172,17,0
/Users/larrymotuzis/Larry_Motuzis_Data/Project06_POI/poi/src/main/java/org/apache/poi/common/usermodel/fonts/FontHeader.java,org.apache.poi.common.usermodel.fonts.FontHeader$PanoseMidLine,enum,0,0,0,0,0,1,0,0,0,0.0,-1.0,-1.0,0,0,0,0,0,0,0,0,0,0,0,0,0,0,0,0,0,0,0,1,0,0,0,0,0,0,0,0,0,0,0,0,0,0,14,1,0
/Users/larrymotuzis/Larry_Motuzis_Data/Project06_POI/poi/src/main/java/org/apache/poi/ss/usermodel/FormulaError.java,org.apache.poi.ss.usermodel.FormulaError,enum,2,7,5,2,17,1,0,13,6,0.6875,0.10714286,0.10714286,8,4,7,1,0,0,8,0,0,0,6,3,0,6,0,0,6,0,5,66,9,2,6,0,0,13,10,13,3,12,2,0,0,0,185,1,0
/Users/larrymotuzis/Larry_Motuzis_Data/Project06_POI/poi/src/main/java/org/apache/poi/hssf/record/chart/ObjectLinkRecord.java,org.apache.poi.hssf.record.chart.ObjectLinkRecord,class,6,8,2,6,15,4,0,4,57,0.84444445,0.22857143,0.34285715,15,0,14,0,1,0,15,0,0,0,9,6,6,3,0,0,6,0,0,62,8,0,0,0,0,8,9,15,1,9,0,0,0,0,72,17,0
/Users/larrymotuzis/Larry_Motuzis_Data/Project06_POI/poi/src/main/java/org/apache/poi/hssf/record/chart/SeriesRecord.java,org.apache.poi.hssf.record.chart.SeriesRecord,class,5,7,2,5,21,4,0,3,120,0.9223059,0.21428572,0.5,21,0,20,0,1,0,21,0,0,0,19,13,13,6,0,0,13,0,0,99,11,0,0,0,0,6,19,31,1,19,0,0,0,0,77,17,0
/Users/larrymotuzis/Larry_Motuzis_Data/Project06_POI/poi/src/main/java/org/apache/poi/ss/formula/atp/NetworkdaysFunction.java,org.apache.poi.ss.formula.atp.NetworkdaysFunction,class,8,9,1,8,7,1,0,5,0,0.25,NaN,NaN,2,0,1,1,0,0,1,0,0,0,2,1,1,1,0,0,1,0,0,29,4,0,1,1,0,0,6,8,0,8,2,0,0,0,77,16,0
/Users/larrymotuzis/Larry_Motuzis_Data/Project06_POI/poi/src/main/java/org/apache/poi/util/ByteField.java,org.apache.poi.util.ByteField,class,3,4,1,3,13,1,0,5,21,0.69696975,0.3090909,0.38181818,11,0,11,0,0,0,11,0,0,0,3,1,0,3,0,0,2,0,1,49,2,0,0,0,0,1,3,7,0,4,1,0,0,0,78,1,0
/Users/larrymotuzis/Larry_Motuzis_Data/Project06_POI/poi/src/main/java/org/apache/poi/ss/formula/atp/PercentRankIncFunction.java,org.apache.poi.ss.formula.atp.PercentRankIncFunction,class,5,6,1,5,2,1,0,3,1,0.5,NaN,NaN,2,0,1,1,0,0,1,0,0,0,2,1,1,1,0,0,1,0,0,10,1,0,0,0,0,0,0,2,0,2,0,0,0,0,76,16,0
/Users/larrymotuzis/Larry_Motuzis_Data/Project06_POI/poi/src/main/java/org/apache/poi/hssf/record/common/SharedFeature.java,org.apache.poi.hssf.record.common.SharedFeature,interface,3,8,5,3,4,1,0,0,6,0.0,0.0,0.0,4,0,0,0,0,4,4,0,0,0,0,0,0,0,0,0,0,0,0,6,0,0,0,0,0,0,0,0,0,0,0,0,0,0,19,1,0
/Users/larrymotuzis/Larry_Motuzis_Data/Project06_POI/poi/src/main/java/org/apache/poi/ss/formula/ptg/ValueOperatorPtg.java,org.apache.poi.ss.formula.ptg.ValueOperatorPtg,class,3,19,16,3,6,3,15,2,15,0.0,0.0,0.0,6,0,5,0,1,0,6,0,4,0,0,0,0,0,0,0,0,0,0,19,3,0,0,0,0,1,1,0,0,0,0,0,0,0,55,1025,0
/Users/larrymotuzis/Larry_Motuzis_Data/Project06_POI/poi/src/main/java/org/apache/poi/ss/usermodel/IconMultiStateFormatting.java,org.apache.poi.ss.usermodel.IconMultiStateFormatting,interface,2,4,2,2,9,1,0,0,36,0.0,0.0,0.0,9,0,0,0,0,9,9,0,0,0,0,0,0,0,0,0,0,0,0,45,0,0,0,0,0,0,0,0,0,0,0,0,1,0,126,1,0
/Users/larrymotuzis/Larry_Motuzis_Data/Project06_POI/poi/src/main/java/org/apache/poi/hpsf/Date.java,org.apache.poi.hpsf.Date,class,3,4,1,3,1,1,0,1,0,0.5,NaN,NaN,1,0,1,0,0,0,1,0,0,0,2,1,0,2,0,0,2,0,0,7,0,0,0,0,0,0,1,2,0,2,0,0,0,0,14,1,0
/Users/larrymotuzis/Larry_Motuzis_Data/Project06_POI/poi/src/main/java/org/apache/poi/ss/formula/eval/EvaluationException.java,org.apache.poi.ss.formula.eval.EvaluationException,class,2,97,95,2,5,3,0,0,8,0.6,0.1,0.1,5,3,5,0,0,0,5,0,0,0,1,0,0,1,0,0,1,0,0,18,4,0,0,0,0,0,0,1,0,1,0,0,0,0,162,17,0
/Users/larrymotuzis/Larry_Motuzis_Data/Project06_POI/poi/src/main/java/org/apache/poi/sl/draw/geom/AdjustValue.java,org.apache.poi.sl.draw.geom.AdjustValue,class,2,3,1,2,0,2,0,0,0,0.0,-1.0,-1.0,0,0,0,0,0,0,0,0,0,0,0,0,0,0,0,0,0,0,0,2,0,0,0,0,0,0,0,0,0,0,0,0,0,0,14,1,0
/Users/larrymotuzis/Larry_Motuzis_Data/Project06_POI/poi/src/main/java/org/apache/poi/sl/usermodel/PaintStyle.java,org.apache.poi.sl.usermodel.PaintStyle$PaintModifier,enum,0,0,0,0,0,1,0,0,0,0.0,-1.0,-1.0,0,0,0,0,0,0,0,0,0,0,0,0,0,0,0,0,0,0,0,7,0,0,0,0,0,0,0,0,0,0,0,0,0,0,44,0,0
/Users/larrymotuzis/Larry_Motuzis_Data/Project06_POI/poi/src/main/java/org/apache/poi/hssf/record/PaletteRecord.java,org.apache.poi.hssf.record.PaletteRecord$PColor,innerclass,5,5,0,5,7,1,0,3,0,0.25,1.0,1.0,7,0,1,0,0,6,7,0,0,0,4,1,1,3,0,0,4,0,0,39,2,0,0,0,2,3,10,13,2,4,0,0,0,3,39,26,0
/Users/larrymotuzis/Larry_Motuzis_Data/Project06_POI/poi/src/main/java/org/apache/poi/hssf/record/common/PhRun.java,org.apache.poi.hssf.record.common.PhRun,class,4,6,2,4,12,1,0,5,0,0.0,1.0,1.0,6,0,4,0,0,2,6,0,0,0,3,0,0,0,0,3,3,0,1,35,4,0,6,0,0,0,1,10,0,4,1,0,0,0,30,1,0
/Users/larrymotuzis/Larry_Motuzis_Data/Project06_POI/poi/src/main/java/org/apache/poi/ss/formula/ptg/IntersectionPtg.java,org.apache.poi.ss.formula.ptg.IntersectionPtg,class,4,7,3,4,9,3,0,2,34,0.8333334,0.035714287,0.035714287,9,0,8,1,0,0,8,0,1,0,2,2,2,0,0,0,2,0,0,30,7,0,0,0,0,2,5,2,2,2,0,0,0,0,27,17,0
/Users/larrymotuzis/Larry_Motuzis_Data/Project06_POI/poi/src/main/java/org/apache/poi/ss/formula/ptg/IntPtg.java,org.apache.poi.ss.formula.ptg.IntPtg,class,6,10,4,6,13,3,0,8,31,0.8,0.044444446,0.044444446,10,1,10,0,0,0,10,0,0,0,5,4,2,3,0,0,5,0,3,41,7,0,0,0,0,2,4,5,2,5,1,0,0,0,70,17,0
/Users/larrymotuzis/Larry_Motuzis_Data/Project06_POI/poi/src/main/java/org/apache/poi/ss/format/CellNumberFormatter.java,org.apache.poi.ss.format.CellNumberFormatter$GeneralNumberFormatter,innerclass,3,3,0,3,6,2,0,3,3,0.0,0.0,0.0,3,0,2,1,0,0,2,0,0,0,0,0,0,0,0,0,0,0,0,22,1,0,2,0,1,3,2,3,1,2,1,0,0,0,16,10,0
/Users/larrymotuzis/Larry_Motuzis_Data/Project06_POI/poi/src/main/java/org/apache/poi/ss/formula/functions/Var2or3ArgFunction.java,org.apache.poi.ss.formula.functions.Var2or3ArgFunction,class,4,14,10,4,3,1,9,1,0,0.0,NaN,NaN,1,0,1,0,0,0,1,0,1,0,0,0,0,0,0,0,0,0,0,11,3,0,0,0,0,0,7,0,0,0,1,0,0,0,21,1024,0
/Users/larrymotuzis/Larry_Motuzis_Data/Project06_POI/poi/src/main/java/org/apache/poi/util/ReplacingInputStream.java,org.apache.poi.util.ReplacingInputStream$State,enum,0,0,0,0,0,1,0,0,0,0.0,-1.0,-1.0,0,0,0,0,0,0,0,0,0,0,0,0,0,0,0,0,0,0,0,1,0,0,0,0,0,0,0,0,0,0,0,0,0,0,8,2,0
/Users/larrymotuzis/Larry_Motuzis_Data/Project06_POI/poi/src/main/java/org/apache/poi/hssf/record/aggregates/SharedValueManager.java,org.apache.poi.hssf.record.aggregates.SharedValueManager,class,11,15,4,11,32,1,0,28,22,0.6458333,0.25,0.35714287,12,3,8,4,0,0,8,0,0,0,4,0,0,4,0,0,3,0,3,150,16,6,8,0,2,7,10,17,8,16,2,0,1,0,156,17,0
/Users/larrymotuzis/Larry_Motuzis_Data/Project06_POI/poi/src/main/java/org/apache/poi/ss/formula/functions/LookupUtils.java,org.apache.poi.ss.formula.functions.LookupUtils$ColumnVector,innerclass,4,4,0,4,6,1,0,3,0,0.22222222,1.0,1.0,3,0,3,0,0,0,3,0,0,0,3,0,0,3,0,0,3,0,0,23,2,0,0,0,1,6,3,4,4,4,1,0,0,0,31,26,0
/Users/larrymotuzis/Larry_Motuzis_Data/Project06_POI/poi/src/main/java/org/apache/poi/poifs/crypt/agile/DataIntegrity.java,org.apache.poi.poifs.crypt.agile.DataIntegrity,class,6,9,3,6,8,1,0,6,0,0.42857143,0.52380955,0.71428573,7,0,6,0,0,1,7,0,0,0,2,0,0,2,0,0,0,0,5,32,2,0,1,0,0,7,0,7,0,5,1,0,0,0,64,1,0
/Users/larrymotuzis/Larry_Motuzis_Data/Project06_POI/poi/src/main/java/org/apache/poi/ss/formula/ptg/ControlPtg.java,org.apache.poi.ss.formula.ptg.ControlPtg,class,1,6,5,1,3,2,4,0,3,0.0,0.0,0.0,3,0,2,0,1,0,3,0,1,0,0,0,0,0,0,0,0,0,0,10,1,0,0,0,0,1,0,0,0,0,0,0,0,0,16,1025,0
/Users/larrymotuzis/Larry_Motuzis_Data/Project06_POI/poi/src/main/java/org/apache/poi/hssf/eventusermodel/MissingRecordAwareHSSFListener.java,org.apache.poi.hssf.eventusermodel.MissingRecordAwareHSSFListener,class,14,15,1,14,34,1,0,11,0,0.33333334,1.0,1.0,3,0,2,1,0,0,2,0,0,0,4,0,0,4,0,0,0,0,2,112,2,4,14,0,1,0,27,36,5,18,4,0,0,0,97,17,0
/Users/larrymotuzis/Larry_Motuzis_Data/Project06_POI/poi/src/main/java/org/apache/poi/ss/formula/FormulaParsingWorkbook.java,org.apache.poi.ss.formula.FormulaParsingWorkbook,interface,8,10,2,8,9,1,0,0,36,0.0,0.0,0.0,9,0,0,0,0,9,9,0,0,0,0,0,0,0,0,0,0,0,0,11,0,0,0,0,0,0,0,0,0,0,0,0,0,0,81,1,0
/Users/larrymotuzis/Larry_Motuzis_Data/Project06_POI/poi/src/main/java/org/apache/poi/ss/formula/functions/EDate.java,org.apache.poi.ss.formula.functions.EDate,class,10,11,1,10,11,1,0,12,1,1.0,NaN,NaN,2,0,1,1,0,0,1,0,0,0,1,1,1,0,0,0,1,0,2,45,8,0,2,1,2,0,6,7,0,7,2,0,0,0,34,1,0
/Users/larrymotuzis/Larry_Motuzis_Data/Project06_POI/poi/src/main/java/org/apache/poi/ss/formula/CollaboratingWorkbooksEnvironment.java,org.apache.poi.ss.formula.CollaboratingWorkbooksEnvironment,class,8,11,3,8,32,3,0,36,43,0.7727273,0.0,0.0,11,5,4,7,0,0,4,0,0,0,4,1,1,3,0,0,3,0,4,137,3,9,4,0,1,19,14,29,6,26,4,0,1,0,123,17,0
/Users/larrymotuzis/Larry_Motuzis_Data/Project06_POI/poi/src/main/java/org/apache/poi/util/XMLHelper.java,org.apache.poi.util.XMLHelper$SecurityFeature,interface,0,0,0,0,1,1,0,0,0,0.0,NaN,NaN,1,0,0,0,0,1,1,0,0,0,0,0,0,0,0,0,0,0,0,3,0,0,0,0,0,0,0,0,0,0,0,0,0,0,6,2,0
/Users/larrymotuzis/Larry_Motuzis_Data/Project06_POI/poi/src/main/java/org/apache/poi/ss/formula/functions/Fixed4ArgFunction.java,org.apache.poi.ss.formula.functions.Fixed4ArgFunction,class,4,7,3,4,2,1,2,1,0,0.0,NaN,NaN,1,0,1,0,0,0,1,0,1,0,0,0,0,0,0,0,0,0,0,8,2,0,1,0,0,0,5,0,0,0,1,0,0,0,18,1025,0
/Users/larrymotuzis/Larry_Motuzis_Data/Project06_POI/poi/src/main/java/org/apache/poi/hssf/extractor/ExcelExtractor.java,org.apache.poi.hssf.extractor.ExcelExtractor$CommandParseException,innerclass,0,0,0,0,1,3,0,0,0,0.0,NaN,NaN,1,0,1,0,0,0,1,0,0,0,0,0,0,0,0,0,0,0,0,5,0,0,0,0,0,0,0,0,0,0,0,0,0,0,4,26,0
/Users/larrymotuzis/Larry_Motuzis_Data/Project06_POI/poi/src/main/java/org/apache/poi/ss/format/CellFormat.java,org.apache.poi.ss.format.CellFormat$Anonymous1,anonymous,3,3,0,3,1,1,0,1,0,0.0,NaN,NaN,1,0,1,0,0,0,1,0,0,0,0,0,0,0,0,0,0,0,0,6,1,0,0,0,1,0,0,1,0,1,0,0,0,0,10,-1,0
/Users/larrymotuzis/Larry_Motuzis_Data/Project06_POI/poi/src/main/java/org/apache/poi/hssf/record/RefreshAllRecord.java,org.apache.poi.hssf.record.RefreshAllRecord,class,6,9,3,6,12,4,0,7,36,0.75,0.13333334,0.13333334,12,0,9,2,1,0,10,0,0,0,3,2,1,2,0,0,2,0,0,43,6,0,0,0,0,2,4,5,0,3,0,0,0,1,55,17,0
/Users/larrymotuzis/Larry_Motuzis_Data/Project06_POI/poi/src/main/java/org/apache/poi/ss/formula/ptg/TblPtg.java,org.apache.poi.ss.formula.ptg.TblPtg,class,6,8,2,6,9,3,0,5,24,0.75,0.16666667,0.2777778,9,0,9,0,0,0,9,0,0,0,4,2,1,3,0,0,4,0,1,36,6,0,0,0,0,3,2,4,1,4,0,0,0,0,96,17,0
/Users/larrymotuzis/Larry_Motuzis_Data/Project06_POI/poi/src/main/java/org/apache/poi/ss/format/CellFormatter.java,org.apache.poi.ss.format.CellFormatter,class,1,17,16,1,7,1,7,4,15,0.71428573,0.14285715,0.14285715,7,1,6,0,0,1,7,2,0,0,2,0,0,0,2,0,2,0,0,26,3,0,0,0,0,0,0,4,1,4,0,0,0,0,59,1025,0
/Users/larrymotuzis/Larry_Motuzis_Data/Project06_POI/poi/src/main/java/org/apache/poi/ss/format/CellFormatCondition.java,org.apache.poi.ss.format.CellFormatCondition,class,2,4,2,2,10,1,0,4,1,0.5,0.0,0.0,2,1,2,0,0,0,3,1,0,0,7,7,0,7,0,0,7,0,1,72,6,0,0,0,0,12,6,9,2,9,1,6,0,0,50,1025,0
/Users/larrymotuzis/Larry_Motuzis_Data/Project06_POI/poi/src/main/java/org/apache/poi/poifs/crypt/ChainingMode.java,org.apache.poi.poifs.crypt.ChainingMode,enum,1,22,21,1,5,1,0,2,0,0.33333334,1.0,1.0,2,1,1,0,0,1,2,0,0,0,3,0,3,0,0,0,3,0,1,17,2,1,1,0,0,5,3,3,0,3,2,0,0,0,15,1,0
/Users/larrymotuzis/Larry_Motuzis_Data/Project06_POI/poi/src/main/java/org/apache/poi/ss/usermodel/DataValidation.java,org.apache.poi.ss.usermodel.DataValidation,interface,2,4,2,2,18,1,0,0,153,0.0,0.0,0.0,18,0,18,0,0,0,18,18,0,0,0,0,0,0,0,0,0,0,0,25,0,0,0,0,0,0,0,0,0,0,0,0,1,0,100,1,0
/Users/larrymotuzis/Larry_Motuzis_Data/Project06_POI/poi/src/main/java/org/apache/poi/hssf/record/GridsetRecord.java,org.apache.poi.hssf.record.GridsetRecord,class,5,7,2,5,13,4,0,3,35,0.72727275,0.18181819,0.18181819,11,0,10,0,1,0,11,0,0,0,2,1,1,1,0,0,1,0,0,42,6,0,1,0,1,1,5,5,0,2,1,0,0,0,56,17,0
/Users/larrymotuzis/Larry_Motuzis_Data/Project06_POI/poi/src/main/java/org/apache/poi/ss/formula/functions/LookupUtils.java,org.apache.poi.ss.formula.functions.LookupUtils$MatchMode,enum,0,0,0,0,2,1,0,0,0,0.0,1.0,1.0,2,0,1,0,0,1,2,0,0,0,1,0,0,1,0,0,1,0,0,8,1,0,0,0,0,0,4,1,0,1,0,0,0,0,13,1,0
/Users/larrymotuzis/Larry_Motuzis_Data/Project06_POI/poi/src/main/java/org/apache/poi/hssf/record/cf/PatternFormatting.java,org.apache.poi.hssf.record.cf.PatternFormatting,class,7,9,2,7,14,1,0,8,15,0.83333325,0.41758242,0.6043956,14,0,14,0,0,0,14,0,0,0,24,22,19,5,0,0,22,0,0,72,7,0,0,0,0,22,25,31,0,24,0,0,0,0,104,17,0
/Users/larrymotuzis/Larry_Motuzis_Data/Project06_POI/poi/src/main/java/org/apache/poi/ss/formula/functions/LogicalFunction.java,org.apache.poi.ss.formula.functions.LogicalFunction$Anonymous6,anonymous,2,2,0,2,1,1,0,0,0,0.0,NaN,NaN,1,0,0,0,1,0,1,0,0,0,0,0,0,0,0,0,0,0,0,5,1,0,0,0,0,0,0,0,0,0,0,0,0,0,5,-1,0
/Users/larrymotuzis/Larry_Motuzis_Data/Project06_POI/poi/src/main/java/org/apache/poi/ss/formula/functions/LogicalFunction.java,org.apache.poi.ss.formula.functions.LogicalFunction$Anonymous5,anonymous,2,2,0,2,1,1,0,0,0,0.0,NaN,NaN,1,0,0,0,1,0,1,0,0,0,0,0,0,0,0,0,0,0,0,5,1,0,0,0,0,0,0,0,0,0,0,0,0,0,5,-1,0
/Users/larrymotuzis/Larry_Motuzis_Data/Project06_POI/poi/src/main/java/org/apache/poi/ss/formula/functions/LogicalFunction.java,org.apache.poi.ss.formula.functions.LogicalFunction$Anonymous4,anonymous,2,2,0,2,1,1,0,0,0,0.0,NaN,NaN,1,0,0,0,1,0,1,0,0,0,0,0,0,0,0,0,0,0,0,5,1,0,0,0,0,0,0,0,0,0,0,0,0,0,5,-1,0
/Users/larrymotuzis/Larry_Motuzis_Data/Project06_POI/poi/src/main/java/org/apache/poi/ss/formula/functions/LogicalFunction.java,org.apache.poi.ss.formula.functions.LogicalFunction$Anonymous3,anonymous,2,2,0,2,1,1,0,0,0,0.0,NaN,NaN,1,0,0,0,1,0,1,0,0,0,0,0,0,0,0,0,0,0,0,5,1,0,0,0,0,0,0,0,0,0,0,0,0,0,5,-1,0
/Users/larrymotuzis/Larry_Motuzis_Data/Project06_POI/poi/src/main/java/org/apache/poi/ss/formula/functions/LogicalFunction.java,org.apache.poi.ss.formula.functions.LogicalFunction$Anonymous9,anonymous,4,4,0,4,4,1,0,0,0,0.0,NaN,NaN,1,0,1,0,0,0,1,0,0,0,0,0,0,0,0,0,0,0,0,8,2,0,0,0,0,0,0,0,0,0,1,0,0,0,7,-1,0
/Users/larrymotuzis/Larry_Motuzis_Data/Project06_POI/poi/src/main/java/org/apache/poi/ss/formula/functions/LogicalFunction.java,org.apache.poi.ss.formula.functions.LogicalFunction$Anonymous8,anonymous,1,1,0,1,2,1,0,0,0,0.0,NaN,NaN,1,0,0,0,1,0,1,0,0,0,0,0,0,0,0,0,0,0,0,5,1,0,1,0,0,0,0,0,0,0,0,0,0,0,4,-1,0
/Users/larrymotuzis/Larry_Motuzis_Data/Project06_POI/poi/src/main/java/org/apache/poi/ss/formula/functions/LogicalFunction.java,org.apache.poi.ss.formula.functions.LogicalFunction$Anonymous7,anonymous,2,2,0,2,2,1,0,0,0,0.0,NaN,NaN,1,0,0,0,1,0,1,0,0,0,0,0,0,0,0,0,0,0,0,8,2,0,1,0,0,0,0,0,0,0,1,0,0,0,6,-1,0
/Users/larrymotuzis/Larry_Motuzis_Data/Project06_POI/poi/src/main/java/org/apache/poi/ss/formula/functions/LogicalFunction.java,org.apache.poi.ss.formula.functions.LogicalFunction$Anonymous2,anonymous,2,2,0,2,1,1,0,0,0,0.0,NaN,NaN,1,0,0,0,1,0,1,0,0,0,0,0,0,0,0,0,0,0,0,5,1,0,0,0,1,0,0,0,0,0,0,0,0,0,5,-1,0
/Users/larrymotuzis/Larry_Motuzis_Data/Project06_POI/poi/src/main/java/org/apache/poi/ss/formula/eval/ConcatEval.java,org.apache.poi.ss.formula.eval.ConcatEval,class,9,10,1,9,6,2,0,8,3,0.6666667,NaN,NaN,3,0,1,2,0,0,1,0,0,0,1,1,1,0,0,0,1,0,2,30,4,0,1,1,0,3,0,5,1,5,1,0,0,0,27,17,0
/Users/larrymotuzis/Larry_Motuzis_Data/Project06_POI/poi/src/main/java/org/apache/poi/ss/formula/functions/LogicalFunction.java,org.apache.poi.ss.formula.functions.LogicalFunction$Anonymous1,anonymous,2,2,0,2,1,1,0,0,0,0.0,NaN,NaN,1,0,0,0,1,0,1,0,0,0,0,0,0,0,0,0,0,0,0,5,1,0,0,0,0,0,0,0,0,0,0,0,0,0,5,-1,0
/Users/larrymotuzis/Larry_Motuzis_Data/Project06_POI/poi/src/main/java/org/apache/poi/poifs/crypt/EncryptionInfo.java,org.apache.poi.poifs.crypt.EncryptionInfo,class,17,41,24,17,40,1,0,20,157,0.8848484,0.15238096,0.64761907,22,1,21,1,0,0,21,0,0,0,15,7,5,10,0,0,11,0,3,151,12,0,13,2,3,21,15,39,1,18,1,0,0,0,164,1,0
/Users/larrymotuzis/Larry_Motuzis_Data/Project06_POI/poi/src/main/java/org/apache/poi/hssf/record/BoolErrRecord.java,org.apache.poi.hssf.record.BoolErrRecord,class,7,9,2,7,32,5,0,12,72,0.7058824,0.23529412,0.2647059,17,0,14,0,3,0,17,0,0,0,3,1,1,2,0,0,1,0,0,93,11,0,1,0,0,14,11,12,3,4,1,0,0,1,84,17,0
/Users/larrymotuzis/Larry_Motuzis_Data/Project06_POI/poi/src/main/java/org/apache/poi/hssf/usermodel/HSSFPolygon.java,org.apache.poi.hssf.usermodel.HSSFPolygon,class,23,28,5,23,24,3,0,33,78,0.9230769,0.0,0.0,13,0,8,0,4,1,13,0,0,0,2,2,1,1,0,0,2,0,6,148,10,4,7,0,2,2,66,31,17,29,1,0,0,0,114,1,2
/Users/larrymotuzis/Larry_Motuzis_Data/Project06_POI/poi/src/main/java/org/apache/poi/ss/formula/functions/PPMT.java,org.apache.poi.ss.formula.functions.PPMT,class,4,5,1,4,2,2,0,5,0,0.0,NaN,NaN,1,0,1,0,0,0,1,0,0,0,0,0,0,0,0,0,0,0,9,17,1,0,0,0,0,0,5,9,0,9,1,0,0,0,30,1,0
/Users/larrymotuzis/Larry_Motuzis_Data/Project06_POI/poi/src/main/java/org/apache/poi/ddf/EscherSimpleProperty.java,org.apache.poi.ddf.EscherSimpleProperty,class,4,8,4,4,14,2,3,5,0,0.2,0.62222224,0.62222224,10,0,10,0,0,0,10,0,0,0,1,0,0,1,0,0,1,0,1,51,10,0,3,0,1,2,3,4,1,2,1,0,0,0,88,1,0
/Users/larrymotuzis/Larry_Motuzis_Data/Project06_POI/poi/src/main/java/org/apache/poi/hssf/record/ObjRecord.java,org.apache.poi.hssf.record.ObjRecord,class,10,14,4,10,33,3,0,24,27,0.72222227,0.41758242,0.6043956,15,1,14,1,0,0,14,0,0,0,6,3,1,5,0,0,4,0,3,127,13,7,8,1,2,4,16,25,11,18,3,0,0,2,156,17,0
/Users/larrymotuzis/Larry_Motuzis_Data/Project06_POI/poi/src/main/java/org/apache/poi/ss/formula/atp/TextJoinFunction.java,org.apache.poi.ss.formula.atp.TextJoinFunction,class,8,9,1,8,22,1,0,28,6,0.875,NaN,NaN,4,0,1,3,0,0,1,0,0,0,2,1,1,1,0,0,1,0,3,73,8,6,2,1,3,2,10,21,2,21,4,0,0,0,98,16,0
/Users/larrymotuzis/Larry_Motuzis_Data/Project06_POI/poi/src/main/java/org/apache/poi/ss/formula/eval/PercentEval.java,org.apache.poi.ss.formula.eval.PercentEval,class,8,9,1,8,4,2,0,3,1,1.0,NaN,NaN,2,0,1,1,0,0,1,0,0,0,1,1,1,0,0,0,1,0,2,19,3,0,1,1,0,0,2,3,1,3,1,0,0,0,20,17,0
/Users/larrymotuzis/Larry_Motuzis_Data/Project06_POI/poi/src/main/java/org/apache/poi/poifs/filesystem/DocumentFactoryHelper.java,org.apache.poi.poifs.filesystem.DocumentFactoryHelper,class,10,11,1,10,13,1,0,8,6,0.0,0.0,0.0,4,3,3,1,0,0,3,0,0,0,0,0,0,0,0,0,0,0,3,44,4,0,3,1,0,3,0,5,0,3,2,1,0,0,118,17,0
/Users/larrymotuzis/Larry_Motuzis_Data/Project06_POI/poi/src/main/java/org/apache/poi/ss/formula/eval/NumberEval.java,org.apache.poi.ss.formula.eval.NumberEval,class,6,81,75,6,9,1,0,7,0,0.6666667,0.6,0.6,5,0,5,0,0,0,5,0,1,0,3,1,1,2,0,0,2,0,0,34,3,0,2,0,2,5,1,5,2,3,1,0,0,0,26,17,0
/Users/larrymotuzis/Larry_Motuzis_Data/Project06_POI/poi/src/main/java/org/apache/poi/hssf/record/SubRecord.java,org.apache.poi.hssf.record.SubRecord$UnknownSubRecord,innerclass,6,6,0,6,6,2,0,5,3,0.4166667,0.2,0.2,6,0,5,0,1,0,6,0,0,0,2,0,0,2,0,0,2,0,0,27,4,0,0,0,0,2,0,3,0,3,0,0,0,2,21,26,0
/Users/larrymotuzis/Larry_Motuzis_Data/Project06_POI/poi/src/main/java/org/apache/poi/hssf/model/ConvertAnchor.java,org.apache.poi.hssf.model.ConvertAnchor,class,6,6,0,6,2,1,0,26,0,0.0,NaN,NaN,1,1,1,0,0,0,1,0,0,0,0,0,0,0,0,0,0,0,8,29,2,0,0,0,0,0,2,4,0,4,1,0,0,0,14,1,0
/Users/larrymotuzis/Larry_Motuzis_Data/Project06_POI/poi/src/main/java/org/apache/poi/ss/formula/functions/Baseifs.java,org.apache.poi.ss.formula.functions.Baseifs$Aggregator,interface,1,1,0,1,2,1,0,0,1,0.0,0.0,0.0,2,0,0,0,0,2,2,0,0,0,0,0,0,0,0,0,0,0,0,4,0,0,0,0,0,0,0,0,0,0,0,0,0,0,15,12,0
/Users/larrymotuzis/Larry_Motuzis_Data/Project06_POI/poi/src/main/java/org/apache/poi/hssf/usermodel/DVConstraint.java,org.apache.poi.hssf.usermodel.DVConstraint$FormulaPair,innerclass,1,1,0,1,5,1,0,1,0,0.33333334,0.6666667,1.0,3,0,2,0,0,1,3,0,0,0,2,0,0,2,0,0,2,0,0,14,2,0,2,0,2,0,0,2,0,2,0,0,0,0,10,24,0
/Users/larrymotuzis/Larry_Motuzis_Data/Project06_POI/poi/src/main/java/org/apache/poi/ss/formula/eval/TwoOperandNumericOperation.java,org.apache.poi.ss.formula.eval.TwoOperandNumericOperation$Anonymous1,anonymous,0,0,0,0,1,1,0,0,0,0.0,NaN,NaN,1,0,0,0,1,0,1,0,0,0,0,0,0,0,0,0,0,0,0,5,1,0,0,0,0,0,0,0,1,0,0,0,0,0,3,-1,0
/Users/larrymotuzis/Larry_Motuzis_Data/Project06_POI/poi/src/main/java/org/apache/poi/ss/formula/eval/TwoOperandNumericOperation.java,org.apache.poi.ss.formula.eval.TwoOperandNumericOperation$Anonymous4,anonymous,0,0,0,0,4,1,0,2,0,0.0,NaN,NaN,1,0,0,0,1,0,1,0,0,0,0,0,0,0,0,0,0,0,4,8,2,0,0,0,0,0,5,0,2,0,1,0,0,0,3,-1,0
/Users/larrymotuzis/Larry_Motuzis_Data/Project06_POI/poi/src/main/java/org/apache/poi/poifs/macros/VBAMacroReader.java,org.apache.poi.poifs.macros.VBAMacroReader,class,18,20,2,18,126,3,0,95,275,0.9055943,0.16666667,0.16666667,26,8,6,14,6,0,12,0,0,0,11,10,0,9,2,0,10,0,27,542,22,15,26,16,5,48,59,119,16,95,5,0,5,0,330,1,5
/Users/larrymotuzis/Larry_Motuzis_Data/Project06_POI/poi/src/main/java/org/apache/poi/ss/formula/eval/TwoOperandNumericOperation.java,org.apache.poi.ss.formula.eval.TwoOperandNumericOperation$Anonymous2,anonymous,1,1,0,1,2,1,0,3,0,0.0,NaN,NaN,1,0,0,0,1,0,1,0,0,0,0,0,0,0,0,0,0,0,0,10,1,0,1,0,0,0,1,2,0,2,1,0,0,0,9,-1,0
/Users/larrymotuzis/Larry_Motuzis_Data/Project06_POI/poi/src/main/java/org/apache/poi/ss/formula/eval/TwoOperandNumericOperation.java,org.apache.poi.ss.formula.eval.TwoOperandNumericOperation$Anonymous3,anonymous,0,0,0,0,1,1,0,3,0,0.0,NaN,NaN,1,0,0,0,1,0,1,0,0,0,0,0,0,0,0,0,0,0,0,7,1,0,0,0,0,0,0,2,0,2,0,0,0,0,7,-1,0
/Users/larrymotuzis/Larry_Motuzis_Data/Project06_POI/poi/src/main/java/org/apache/poi/hssf/record/chart/PlotAreaRecord.java,org.apache.poi.hssf.record.chart.PlotAreaRecord,class,5,7,2,5,8,4,0,0,28,0.875,0.0,0.0,8,0,7,0,1,0,8,0,0,0,1,1,1,0,0,0,1,0,0,24,5,0,0,0,0,0,2,1,0,1,0,0,0,0,43,17,0
/Users/larrymotuzis/Larry_Motuzis_Data/Project06_POI/poi/src/main/java/org/apache/poi/util/LittleEndianInput.java,org.apache.poi.util.LittleEndianInput,interface,1,38,37,1,11,1,0,0,55,0.0,0.0,0.0,11,0,0,0,0,11,11,0,0,0,0,0,0,0,0,0,0,0,0,13,0,0,0,0,0,0,0,0,0,0,0,0,0,0,40,1,0
/Users/larrymotuzis/Larry_Motuzis_Data/Project06_POI/poi/src/main/java/org/apache/poi/sl/usermodel/Line.java,org.apache.poi.sl.usermodel.Line,interface,6,6,0,6,0,1,0,0,0,0.0,-1.0,-1.0,0,0,0,0,0,0,0,0,0,0,0,0,0,0,0,0,0,0,0,2,0,0,0,0,0,0,0,0,0,0,0,0,0,0,18,1,0
/Users/larrymotuzis/Larry_Motuzis_Data/Project06_POI/poi/src/main/java/org/apache/poi/ss/formula/ptg/BoolPtg.java,org.apache.poi.ss.formula.ptg.BoolPtg,class,6,10,4,6,14,3,0,5,31,0.82,0.11111111,0.16666667,10,2,9,1,0,0,9,0,0,0,5,4,2,3,0,0,5,0,2,38,8,0,1,0,0,3,5,5,1,5,0,0,0,0,46,17,0
/Users/larrymotuzis/Larry_Motuzis_Data/Project06_POI/poi/src/main/java/org/apache/poi/ss/formula/OperationEvaluatorFactory.java,org.apache.poi.ss.formula.OperationEvaluatorFactory,class,30,32,2,30,16,1,0,40,6,0.75,0.0,0.0,4,3,1,2,0,1,2,0,0,0,1,1,0,1,0,0,1,0,2,78,7,0,6,0,0,3,1,14,1,11,3,0,0,0,58,16,0
/Users/larrymotuzis/Larry_Motuzis_Data/Project06_POI/poi/src/main/java/org/apache/poi/hssf/record/TabIdRecord.java,org.apache.poi.hssf.record.TabIdRecord,class,6,9,3,6,15,4,0,5,0,0.6944445,0.3181818,0.3181818,12,0,11,0,1,0,12,0,0,0,3,2,1,2,0,0,2,0,0,48,7,2,1,0,1,1,4,9,2,5,1,0,0,1,62,17,0
/Users/larrymotuzis/Larry_Motuzis_Data/Project06_POI/poi/src/main/java/org/apache/poi/ss/usermodel/BorderStyle.java,org.apache.poi.ss.usermodel.BorderStyle,enum,1,4,3,1,5,1,0,2,0,0.16666667,0.33333334,0.33333334,3,1,2,1,0,0,3,0,0,0,2,1,0,2,0,0,2,0,1,31,2,1,0,0,0,0,16,3,1,2,1,0,0,0,66,1,0
/Users/larrymotuzis/Larry_Motuzis_Data/Project06_POI/poi/src/main/java/org/apache/poi/ss/format/CellElapsedFormatter.java,org.apache.poi.ss.format.CellElapsedFormatter,class,6,9,3,6,18,2,0,18,9,0.78571427,0.33333334,0.33333334,6,2,3,3,0,0,3,0,0,0,7,4,0,7,0,0,6,0,6,129,8,2,1,1,1,5,10,17,8,15,2,0,2,0,62,1,0
/Users/larrymotuzis/Larry_Motuzis_Data/Project06_POI/poi/src/main/java/org/apache/poi/ss/formula/functions/ImReal.java,org.apache.poi.ss.formula.functions.ImReal,class,9,10,1,9,8,2,0,11,1,1.0,0.0,0.0,2,0,2,0,0,0,2,0,0,0,1,1,1,0,0,0,1,0,2,32,6,0,1,1,0,4,3,9,1,9,1,0,0,0,76,1,0
/Users/larrymotuzis/Larry_Motuzis_Data/Project06_POI/poi/src/main/java/org/apache/poi/sl/usermodel/Background.java,org.apache.poi.sl.usermodel.Background,interface,5,9,4,5,1,1,0,0,0,0.0,NaN,NaN,1,0,0,0,0,1,1,0,0,0,0,0,0,0,0,0,0,0,0,3,0,0,0,0,0,0,0,0,0,0,0,0,0,0,5,1,0
/Users/larrymotuzis/Larry_Motuzis_Data/Project06_POI/poi/src/main/java/org/apache/poi/hssf/record/cf/Threshold.java,org.apache.poi.hssf.record.cf.Threshold,class,6,14,8,6,28,1,3,14,0,0.5,0.5,0.65,16,0,12,0,4,0,16,1,0,0,3,0,0,3,0,0,0,0,0,87,7,0,10,0,0,3,9,20,1,5,1,0,0,0,41,1025,0
/Users/larrymotuzis/Larry_Motuzis_Data/Project06_POI/poi/src/main/java/org/apache/poi/ss/extractor/EmbeddedData.java,org.apache.poi.ss.extractor.EmbeddedData,class,3,10,7,3,11,1,0,6,16,0.6944445,0.2777778,0.6111111,9,0,9,0,0,0,9,0,0,0,4,0,0,4,0,0,0,0,0,40,4,0,2,0,1,4,0,6,0,4,1,0,0,0,33,1,0
/Users/larrymotuzis/Larry_Motuzis_Data/Project06_POI/poi/src/main/java/org/apache/poi/poifs/crypt/agile/AgileDecryptor.java,org.apache.poi.poifs.crypt.agile.AgileDecryptor,class,17,22,5,17,18,4,0,49,39,0.8666666,0.083333336,0.083333336,10,4,4,1,4,1,9,0,0,0,6,5,0,1,0,5,5,0,28,117,9,0,4,1,1,5,12,48,5,37,1,0,1,0,119,1,0
/Users/larrymotuzis/Larry_Motuzis_Data/Project06_POI/poi/src/main/java/org/apache/poi/sl/usermodel/Placeholder.java,org.apache.poi.sl.usermodel.Placeholder,enum,1,9,8,1,18,1,0,2,17,0.71428573,0.06666667,0.06666667,7,6,5,1,0,1,6,0,0,0,5,0,5,0,0,0,5,0,6,61,8,2,9,0,0,0,108,5,0,5,2,0,0,0,62,1,0
/Users/larrymotuzis/Larry_Motuzis_Data/Project06_POI/poi/src/main/java/org/apache/poi/ss/formula/functions/XYNumericFunction.java,org.apache.poi.ss.formula.functions.XYNumericFunction$SingleCellValueArray,innerclass,2,2,0,2,2,2,0,0,0,0.0,1.0,1.0,2,0,1,0,1,0,2,0,0,0,1,0,0,1,0,0,1,0,0,10,1,0,0,0,0,0,1,1,0,1,0,0,0,0,11,26,0
/Users/larrymotuzis/Larry_Motuzis_Data/Project06_POI/poi/src/main/java/org/apache/poi/poifs/filesystem/BlockStore.java,org.apache.poi.poifs.filesystem.BlockStore,class,2,9,7,2,9,1,2,0,36,0.0,0.0,0.0,9,0,0,0,9,0,9,9,0,0,0,0,0,0,0,0,0,0,0,34,0,0,0,0,0,0,0,0,0,0,0,0,1,0,97,1025,0
/Users/larrymotuzis/Larry_Motuzis_Data/Project06_POI/poi/src/main/java/org/apache/poi/ss/formula/ptg/PowerPtg.java,org.apache.poi.ss.formula.ptg.PowerPtg,class,2,5,3,2,5,4,0,0,10,0.8,0.0,0.0,5,0,4,1,0,0,4,0,0,0,2,2,2,0,0,0,2,0,0,18,4,0,0,0,0,1,4,2,1,2,0,0,0,0,17,17,0
/Users/larrymotuzis/Larry_Motuzis_Data/Project06_POI/poi/src/main/java/org/apache/poi/poifs/dev/POIFSViewer.java,org.apache.poi.poifs.dev.POIFSViewer,class,3,4,1,3,10,1,0,10,3,0.0,NaN,NaN,3,2,1,2,0,0,1,0,0,0,0,0,0,0,0,0,0,0,3,38,0,3,1,1,1,7,5,5,1,5,2,0,0,0,43,17,0
/Users/larrymotuzis/Larry_Motuzis_Data/Project06_POI/poi/src/main/java/org/apache/poi/util/XMLHelper.java,org.apache.poi.util.XMLHelper$SecurityProperty,interface,0,0,0,0,1,1,0,0,0,0.0,NaN,NaN,1,0,0,0,0,1,1,0,0,0,0,0,0,0,0,0,0,0,0,3,0,0,0,0,0,0,0,0,0,0,0,0,0,0,9,2,0
/Users/larrymotuzis/Larry_Motuzis_Data/Project06_POI/poi/src/main/java/org/apache/poi/hssf/record/OldStringRecord.java,org.apache.poi.hssf.record.OldStringRecord,class,6,10,4,6,13,1,0,11,22,0.7962963,0.19444445,0.41666666,9,1,8,0,1,0,9,0,0,0,6,2,2,4,0,0,2,0,1,52,7,0,3,1,0,2,4,9,1,7,1,0,0,0,56,17,0
/Users/larrymotuzis/Larry_Motuzis_Data/Project06_POI/poi/src/main/java/org/apache/poi/ss/usermodel/ExtendedColor.java,org.apache.poi.ss.usermodel.ExtendedColor,class,3,6,3,3,33,1,0,21,171,0.0,0.0,0.0,19,1,14,1,4,0,18,13,0,0,0,0,0,0,0,0,0,0,4,82,8,3,7,0,7,1,25,15,12,12,2,0,0,0,126,1025,0
/Users/larrymotuzis/Larry_Motuzis_Data/Project06_POI/poi/src/main/java/org/apache/poi/hssf/usermodel/HSSFExtendedColor.java,org.apache.poi.hssf.usermodel.HSSFExtendedColor,class,5,10,5,5,25,2,0,15,0,0.13333334,0.74285716,0.74285716,15,0,12,0,3,0,15,0,0,0,1,0,0,1,0,0,0,0,3,82,15,0,8,0,0,0,33,19,0,10,2,0,0,0,63,1,0
/Users/larrymotuzis/Larry_Motuzis_Data/Project06_POI/poi/src/main/java/org/apache/poi/poifs/filesystem/POIFSStream.java,org.apache.poi.poifs.filesystem.POIFSStream$StreamBlockByteBufferIterator,innerclass,3,3,0,3,8,1,0,5,0,0.375,0.5,0.5,4,0,3,0,0,1,4,0,0,0,2,0,0,2,0,0,1,0,0,33,2,0,1,2,0,1,0,4,0,3,1,0,0,0,38,2,0
/Users/larrymotuzis/Larry_Motuzis_Data/Project06_POI/poi/src/main/java/org/apache/poi/hpsf/NoPropertySetStreamException.java,org.apache.poi.hpsf.NoPropertySetStreamException,class,1,3,2,1,4,4,0,0,6,0.0,0.0,0.0,4,0,4,0,0,0,4,0,0,0,0,0,0,0,0,0,0,0,0,14,0,0,0,0,0,0,0,0,0,0,0,0,0,0,46,1,0
/Users/larrymotuzis/Larry_Motuzis_Data/Project06_POI/poi/src/main/java/org/apache/poi/hssf/record/DefaultColWidthRecord.java,org.apache.poi.hssf.record.DefaultColWidthRecord,class,5,7,2,5,11,4,0,4,35,0.7878788,0.18181819,0.18181819,11,0,10,0,1,0,11,0,0,0,3,2,2,1,0,0,2,0,0,39,6,0,0,0,0,1,3,6,0,3,0,0,0,0,60,17,0
/Users/larrymotuzis/Larry_Motuzis_Data/Project06_POI/poi/src/main/java/org/apache/poi/ss/formula/ptg/Ref2DPtgBase.java,org.apache.poi.ss.formula.ptg.Ref2DPtgBase,class,6,9,3,6,7,4,2,10,21,0.85714287,0.0,0.0,7,0,3,0,4,0,7,0,2,0,1,1,0,1,0,0,1,0,0,28,2,0,0,0,0,0,1,1,1,1,0,0,0,0,39,1024,0
/Users/larrymotuzis/Larry_Motuzis_Data/Project06_POI/poi/src/main/java/org/apache/poi/common/usermodel/fonts/FontGroup.java,org.apache.poi.common.usermodel.fonts.FontGroup$Range,innerclass,1,1,0,1,3,1,0,0,0,0.33333334,0.6666667,1.0,3,0,0,0,0,3,3,0,0,0,2,0,0,2,0,0,2,0,0,14,2,0,0,0,0,0,0,2,0,2,0,0,0,0,7,10,0
/Users/larrymotuzis/Larry_Motuzis_Data/Project06_POI/poi/src/main/java/org/apache/poi/ss/util/ExpandedDouble.java,org.apache.poi.ss.util.ExpandedDouble,class,2,7,5,2,9,1,0,8,0,0.5357143,0.6,0.6666667,7,2,5,1,0,1,6,0,0,0,4,2,0,4,0,0,4,0,8,41,5,0,2,0,1,1,8,11,4,7,1,0,0,0,95,16,0
/Users/larrymotuzis/Larry_Motuzis_Data/Project06_POI/poi/src/main/java/org/apache/poi/ss/formula/functions/DAverage.java,org.apache.poi.ss.formula.functions.DAverage,class,5,6,1,5,6,1,0,7,0,0.125,1.0,1.0,4,1,2,2,0,0,2,0,0,0,2,0,0,2,0,0,0,0,3,20,4,0,1,0,1,0,1,1,0,2,1,0,0,0,31,17,0
/Users/larrymotuzis/Larry_Motuzis_Data/Project06_POI/poi/src/main/java/org/apache/poi/sl/draw/geom/LineToCommand.java,org.apache.poi.sl.draw.geom.LineToCommand,class,4,7,3,4,7,1,0,6,0,0.0,1.0,1.0,4,0,4,0,0,0,4,0,0,0,1,0,0,1,0,0,1,0,2,21,5,0,2,0,1,0,0,2,0,2,1,0,0,0,53,17,0
/Users/larrymotuzis/Larry_Motuzis_Data/Project06_POI/poi/src/main/java/org/apache/poi/hssf/record/PageBreakRecord.java,org.apache.poi.hssf.record.PageBreakRecord,class,7,11,4,7,21,4,2,19,0,0.625,0.64761907,0.74285716,16,0,11,1,4,0,15,1,6,0,3,1,0,3,0,0,3,0,0,122,9,3,1,0,0,2,5,20,3,16,1,0,1,2,110,1025,0
/Users/larrymotuzis/Larry_Motuzis_Data/Project06_POI/poi/src/main/java/org/apache/poi/ss/formula/UserDefinedFunction.java,org.apache.poi.ss.formula.UserDefinedFunction,class,7,8,1,7,7,1,0,7,1,1.0,NaN,NaN,2,0,1,1,0,0,1,0,0,0,1,1,1,0,0,0,1,0,1,34,2,0,2,0,1,3,5,9,2,9,2,0,0,0,81,16,0
/Users/larrymotuzis/Larry_Motuzis_Data/Project06_POI/poi/src/main/java/org/apache/poi/ss/formula/eval/FunctionEval.java,org.apache.poi.ss.formula.eval.FunctionEval$FunctionID,innerclass,0,0,0,0,0,1,0,0,0,NaN,-1.0,-1.0,0,0,0,0,0,0,0,0,0,0,6,6,6,0,0,0,6,0,0,8,0,0,0,0,0,0,1,6,0,6,0,0,0,0,25,26,0
/Users/larrymotuzis/Larry_Motuzis_Data/Project06_POI/poi/src/main/java/org/apache/poi/hssf/usermodel/DVConstraint.java,org.apache.poi.hssf.usermodel.DVConstraint$FormulaValuePair,innerclass,0,0,0,0,6,1,0,1,0,0.33333334,0.6666667,1.0,3,0,3,0,0,0,3,0,0,0,2,0,0,2,0,0,0,0,1,22,6,0,3,0,0,0,0,0,0,2,1,0,0,0,10,10,0
/Users/larrymotuzis/Larry_Motuzis_Data/Project06_POI/poi/src/main/java/org/apache/poi/ss/util/WorkbookUtil.java,org.apache.poi.ss.util.WorkbookUtil,class,1,2,1,1,31,1,0,8,3,0.0,0.0,0.0,3,3,3,0,0,0,3,0,0,0,0,0,0,0,0,0,0,0,2,67,4,2,6,0,0,11,11,8,5,8,3,0,0,0,108,1,0
/Users/larrymotuzis/Larry_Motuzis_Data/Project06_POI/poi/src/main/java/org/apache/poi/poifs/filesystem/EntryUtils.java,org.apache.poi.poifs.filesystem.EntryUtils,class,11,12,1,11,12,1,0,16,21,0.0,0.0,0.0,7,6,6,1,0,0,6,0,0,0,0,0,0,0,0,0,0,0,4,137,2,2,0,1,0,1,0,5,0,5,2,0,3,0,110,17,0
/Users/larrymotuzis/Larry_Motuzis_Data/Project06_POI/poi/src/main/java/org/apache/poi/ss/usermodel/BorderFormatting.java,org.apache.poi.ss.usermodel.BorderFormatting,interface,2,5,3,2,42,1,0,0,861,0.0,0.0,0.0,42,0,0,0,0,42,42,0,0,0,0,0,0,0,0,0,0,0,0,44,0,0,0,0,0,0,0,0,0,0,0,0,0,0,49,1,0
/Users/larrymotuzis/Larry_Motuzis_Data/Project06_POI/poi/src/main/java/org/apache/poi/poifs/filesystem/BATManaged.java,org.apache.poi.poifs.filesystem.BATManaged,interface,0,1,1,0,2,1,0,0,1,0.0,0.0,0.0,2,0,0,0,0,2,2,0,0,0,0,0,0,0,0,0,0,0,0,4,0,0,0,0,0,0,0,0,0,0,0,0,0,0,33,1,0
/Users/larrymotuzis/Larry_Motuzis_Data/Project06_POI/poi/src/main/java/org/apache/poi/hssf/record/TopMarginRecord.java,org.apache.poi.hssf.record.TopMarginRecord,class,6,9,3,6,11,4,0,3,35,0.72727275,0.18181819,0.18181819,11,0,10,0,1,0,11,0,0,0,2,1,1,1,0,0,1,0,0,37,6,0,0,0,0,1,2,4,0,2,0,0,0,0,40,17,0
/Users/larrymotuzis/Larry_Motuzis_Data/Project06_POI/poi/src/main/java/org/apache/poi/ss/formula/functions/Sumx2my2.java,org.apache.poi.ss.formula.functions.Sumx2my2,class,2,3,1,2,1,3,0,0,0,0.0,NaN,NaN,1,0,0,0,1,0,1,0,0,0,1,1,0,1,0,0,1,0,0,6,1,0,0,0,0,0,0,1,3,3,0,0,0,1,34,17,0
/Users/larrymotuzis/Larry_Motuzis_Data/Project06_POI/poi/src/main/java/org/apache/poi/ddf/EscherBlipRecord.java,org.apache.poi.ddf.EscherBlipRecord,class,6,10,4,6,22,2,2,12,51,0.8571429,0.17582418,0.30769232,14,2,14,0,0,0,14,0,0,0,6,5,2,4,0,0,4,0,3,63,9,0,5,0,4,3,13,13,9,10,1,0,0,0,76,1,0
/Users/larrymotuzis/Larry_Motuzis_Data/Project06_POI/poi/src/main/java/org/apache/poi/poifs/crypt/standard/StandardEncryptionVerifier.java,org.apache.poi.poifs.crypt.standard.StandardEncryptionVerifier,class,12,16,4,12,15,2,1,22,24,0.6666667,0.16666667,0.16666667,9,0,6,0,3,0,9,0,0,0,2,1,0,2,0,0,2,0,0,67,2,0,6,0,3,2,8,11,1,9,1,0,0,0,60,1,0
/Users/larrymotuzis/Larry_Motuzis_Data/Project06_POI/poi/src/main/java/org/apache/poi/ss/formula/ptg/Area3DPxg.java,org.apache.poi.ss.formula.ptg.Area3DPxg,class,9,12,3,9,18,4,0,9,88,0.7058824,0.1764706,0.2647059,17,0,17,0,0,0,17,0,0,0,3,0,0,3,0,0,0,0,1,71,9,0,0,0,1,5,5,11,0,4,1,0,0,0,74,17,0
/Users/larrymotuzis/Larry_Motuzis_Data/Project06_POI/poi/src/main/java/org/apache/poi/ss/formula/ptg/Ptg.java,org.apache.poi.ss.formula.ptg.Ptg,class,55,116,61,55,99,1,7,23,239,0.9043478,0.03508772,0.03508772,23,10,17,4,2,0,19,7,4,0,5,4,4,1,0,0,4,0,12,263,69,7,4,0,1,9,16,29,6,20,3,0,0,0,202,1025,0
/Users/larrymotuzis/Larry_Motuzis_Data/Project06_POI/poi/src/main/java/org/apache/poi/hssf/usermodel/HSSFWorkbook.java,org.apache.poi.hssf.usermodel.HSSFWorkbook$SheetRecordCollector,innerclass,3,3,0,3,5,1,0,3,0,0.25,0.8333333,1.0,4,0,4,0,0,0,4,0,0,0,2,0,0,2,0,0,1,0,0,22,2,1,0,0,0,0,3,5,1,3,1,0,0,0,27,26,0
/Users/larrymotuzis/Larry_Motuzis_Data/Project06_POI/poi/src/main/java/org/apache/poi/hssf/record/cf/DataBarFormatting.java,org.apache.poi.hssf.record.cf.DataBarFormatting,class,10,12,2,10,32,1,0,22,134,0.8055556,0.25974026,0.82251084,24,0,22,2,0,0,22,0,0,0,9,3,0,9,0,0,3,0,0,105,12,0,4,0,3,10,11,23,1,10,1,0,0,1,65,17,2
/Users/larrymotuzis/Larry_Motuzis_Data/Project06_POI/poi/src/main/java/org/apache/poi/ss/formula/functions/DCountA.java,org.apache.poi.ss.formula.functions.DCountA,class,4,4,0,4,4,1,0,0,1,0.33333334,0.33333334,0.33333334,3,0,3,0,0,0,3,0,0,0,1,0,0,1,0,0,0,0,0,15,3,0,0,0,1,0,0,0,0,1,1,0,0,0,35,17,0
/Users/larrymotuzis/Larry_Motuzis_Data/Project06_POI/poi/src/main/java/org/apache/poi/sl/usermodel/TabStop.java,org.apache.poi.sl.usermodel.TabStop,interface,1,1,0,1,4,1,0,0,6,0.0,0.0,0.0,4,0,0,0,0,4,4,0,0,0,0,0,0,0,0,0,0,0,0,29,0,0,0,0,0,0,0,0,0,0,0,0,1,0,44,1,0
/Users/larrymotuzis/Larry_Motuzis_Data/Project06_POI/poi/src/main/java/org/apache/poi/hssf/record/InterfaceEndRecord.java,org.apache.poi.hssf.record.InterfaceEndRecord,class,8,10,2,8,10,4,0,1,26,0.8125,0.04761905,0.04761905,8,1,6,1,1,0,7,0,0,0,2,2,2,0,0,0,2,0,0,32,7,0,0,0,0,1,4,2,1,2,1,0,0,0,41,17,0
/Users/larrymotuzis/Larry_Motuzis_Data/Project06_POI/poi/src/main/java/org/apache/poi/ss/formula/functions/Complex.java,org.apache.poi.ss.formula.functions.Complex,class,9,10,1,9,24,2,0,19,4,0.75,0.33333334,0.33333334,4,0,3,1,0,0,3,0,0,0,3,3,3,0,0,0,3,0,7,86,12,0,8,4,2,3,13,10,0,9,3,0,0,0,93,1,0
/Users/larrymotuzis/Larry_Motuzis_Data/Project06_POI/poi/src/main/java/org/apache/poi/ss/formula/functions/Fixed3ArgFunction.java,org.apache.poi.ss.formula.functions.Fixed3ArgFunction,class,3,11,8,3,2,1,7,1,0,0.0,NaN,NaN,1,0,1,0,0,0,1,0,1,0,0,0,0,0,0,0,0,0,0,8,2,0,1,0,0,0,4,0,0,0,1,0,0,0,18,1025,0
/Users/larrymotuzis/Larry_Motuzis_Data/Project06_POI/poi/src/main/java/org/apache/poi/ss/formula/ptg/RefPtgBase.java,org.apache.poi.ss.formula.ptg.RefPtgBase,class,8,15,7,8,16,3,3,21,34,0.75,0.35833332,0.45833334,16,0,10,0,6,0,16,0,11,0,5,3,0,5,0,0,3,0,4,62,7,0,0,0,0,5,3,12,0,6,0,0,0,0,81,1025,0
/Users/larrymotuzis/Larry_Motuzis_Data/Project06_POI/poi/src/main/java/org/apache/poi/util/UserNameAwareTempFileCreationStrategy.java,org.apache.poi.util.UserNameAwareTempFileCreationStrategy,class,1,1,0,1,3,2,0,4,0,0.0,NaN,NaN,1,0,0,0,1,0,1,0,0,0,1,1,0,1,0,0,1,0,2,12,1,0,1,0,0,2,0,5,1,4,1,0,0,0,65,1,0
/Users/larrymotuzis/Larry_Motuzis_Data/Project06_POI/poi/src/main/java/org/apache/poi/hssf/usermodel/HSSFPatriarch.java,org.apache.poi.hssf.usermodel.HSSFPatriarch,class,42,54,12,42,63,1,0,89,413,0.8294118,0.13508065,0.4233871,34,1,24,2,2,6,32,0,0,0,5,0,0,5,0,0,4,0,4,284,28,6,8,1,2,9,16,53,7,51,3,0,0,0,316,17,0
/Users/larrymotuzis/Larry_Motuzis_Data/Project06_POI/poi/src/main/java/org/apache/poi/ss/extractor/EmbeddedExtractor.java,org.apache.poi.ss.extractor.EmbeddedExtractor,class,20,26,6,20,47,6,10,42,89,0.9591837,0.015151516,0.015151516,14,5,8,2,4,0,12,0,0,0,7,7,0,7,0,0,6,0,5,262,16,8,13,3,2,9,14,36,5,25,4,0,5,0,144,1,1
/Users/larrymotuzis/Larry_Motuzis_Data/Project06_POI/poi/src/main/java/org/apache/poi/ss/formula/functions/DMax.java,org.apache.poi.ss.formula.functions.DMax,class,4,4,0,4,6,1,0,1,0,0.0,1.0,1.0,2,0,2,0,0,0,2,0,0,0,1,0,0,1,0,0,0,0,0,26,3,0,2,0,2,0,0,4,0,3,3,0,0,0,33,17,0
/Users/larrymotuzis/Larry_Motuzis_Data/Project06_POI/poi/src/main/java/org/apache/poi/sl/draw/geom/IAdjustableShape.java,org.apache.poi.sl.draw.geom.IAdjustableShape,interface,1,3,2,1,1,1,0,0,0,0.0,NaN,NaN,1,0,0,0,0,1,1,0,0,0,0,0,0,0,0,0,0,0,0,3,0,0,0,0,0,0,0,0,0,0,0,0,0,0,32,1,0
/Users/larrymotuzis/Larry_Motuzis_Data/Project06_POI/poi/src/main/java/org/apache/poi/hssf/record/cf/ColorGradientThreshold.java,org.apache.poi.hssf.record.cf.ColorGradientThreshold,class,6,9,3,6,9,2,0,5,6,0.33333334,0.41666666,0.41666666,9,0,9,0,0,0,9,0,0,0,1,0,0,1,0,0,0,0,0,33,4,0,0,0,0,1,2,4,1,1,0,0,0,0,33,17,0
/Users/larrymotuzis/Larry_Motuzis_Data/Project06_POI/poi/src/main/java/org/apache/poi/ss/formula/functions/BaseNumberUtils.java,org.apache.poi.ss.formula.functions.BaseNumberUtils,class,2,3,1,2,17,1,0,5,1,0.0,NaN,NaN,2,2,1,1,0,0,1,0,0,0,0,0,0,0,0,0,0,0,2,49,3,1,2,0,5,1,7,15,10,7,3,0,0,0,43,1,0
/Users/larrymotuzis/Larry_Motuzis_Data/Project06_POI/poi/src/main/java/org/apache/poi/ss/formula/functions/Npv.java,org.apache.poi.ss.formula.functions.Npv,class,5,5,0,5,3,1,0,6,0,0.0,NaN,NaN,1,0,1,0,0,0,1,0,0,0,0,0,0,0,0,0,0,0,2,19,3,0,0,1,0,0,3,5,0,5,1,0,0,0,50,17,0
/Users/larrymotuzis/Larry_Motuzis_Data/Project06_POI/poi/src/main/java/org/apache/poi/sl/draw/geom/AdjustPointIf.java,org.apache.poi.sl.draw.geom.AdjustPointIf,interface,0,11,11,0,6,1,0,0,15,0.0,0.0,0.0,6,0,0,0,0,6,6,0,0,0,0,0,0,0,0,0,0,0,0,8,0,0,0,0,0,0,0,0,0,0,0,0,0,0,16,1,0
/Users/larrymotuzis/Larry_Motuzis_Data/Project06_POI/poi/src/main/java/org/apache/poi/ss/formula/FormulaUsedBlankCellSet.java,org.apache.poi.ss.formula.FormulaUsedBlankCellSet$BlankCellSheetGroup,innerclass,1,1,0,1,18,1,0,5,0,0.16666667,1.0,1.0,3,0,3,0,0,0,3,0,0,0,6,0,0,6,0,0,1,0,0,58,6,1,7,0,0,0,6,14,2,8,4,0,0,0,24,26,0
/Users/larrymotuzis/Larry_Motuzis_Data/Project06_POI/poi/src/main/java/org/apache/poi/EmptyFileException.java,org.apache.poi.EmptyFileException,class,0,2,2,0,3,5,0,2,1,1.0,0.0,0.0,2,0,2,0,0,0,2,0,0,0,1,1,0,1,0,0,1,0,0,9,0,0,0,0,0,5,1,1,2,1,0,0,0,0,23,1,0
/Users/larrymotuzis/Larry_Motuzis_Data/Project06_POI/poi/src/main/java/org/apache/poi/ss/formula/functions/DProduct.java,org.apache.poi.ss.formula.functions.DProduct,class,4,4,0,4,4,1,0,1,0,0.25,1.0,1.0,2,0,2,0,0,0,2,0,0,0,2,0,0,2,0,0,0,0,0,19,2,0,0,0,2,0,0,4,0,2,2,0,0,0,31,17,0
/Users/larrymotuzis/Larry_Motuzis_Data/Project06_POI/poi/src/main/java/org/apache/poi/ss/usermodel/ConditionalFormattingRule.java,org.apache.poi.ss.usermodel.ConditionalFormattingRule,interface,11,13,2,11,19,1,0,0,171,0.0,0.0,0.0,19,0,1,0,0,18,19,0,0,0,0,0,0,0,0,0,0,0,0,21,0,0,0,0,0,0,0,0,0,0,0,0,0,0,184,1,0
/Users/larrymotuzis/Larry_Motuzis_Data/Project06_POI/poi/src/main/java/org/apache/poi/ss/formula/functions/Frequency.java,org.apache.poi.ss.formula.functions.Frequency,class,11,12,1,11,7,2,0,9,6,1.0,0.0,0.0,4,2,1,1,0,2,3,0,0,0,1,1,1,0,0,0,1,0,4,31,4,1,0,1,0,0,5,8,5,8,1,0,0,0,66,1,0
/Users/larrymotuzis/Larry_Motuzis_Data/Project06_POI/poi/src/main/java/org/apache/poi/ss/formula/functions/Errortype.java,org.apache.poi.ss.formula.functions.Errortype,class,8,10,2,8,10,2,0,5,1,0.0,NaN,NaN,2,0,1,1,0,0,1,0,0,0,0,0,0,0,0,0,0,0,2,32,9,0,0,1,0,2,7,1,1,1,1,0,0,0,51,17,0
/Users/larrymotuzis/Larry_Motuzis_Data/Project06_POI/poi/src/main/java/org/apache/poi/hssf/model/LinkTable.java,org.apache.poi.hssf.model.LinkTable$CRNBlock,innerclass,3,3,0,3,5,1,0,4,0,0.25,1.0,1.0,2,0,2,0,0,0,2,0,0,0,2,0,0,2,0,0,2,0,0,20,1,1,1,0,2,3,1,7,2,6,2,0,0,0,24,26,0
/Users/larrymotuzis/Larry_Motuzis_Data/Project06_POI/poi/src/main/java/org/apache/poi/ss/formula/eval/RangeEval.java,org.apache.poi.ss.formula.eval.RangeEval,class,8,9,1,8,8,2,0,13,6,1.0,NaN,NaN,4,2,1,3,0,0,1,0,0,0,1,1,1,0,0,0,1,0,7,36,5,0,0,1,1,2,4,9,5,9,1,0,0,0,39,17,0
/Users/larrymotuzis/Larry_Motuzis_Data/Project06_POI/poi/src/main/java/org/apache/poi/ss/formula/ptg/EqualPtg.java,org.apache.poi.ss.formula.ptg.EqualPtg,class,2,6,4,2,5,4,0,0,10,0.8,0.0,0.0,5,0,4,1,0,0,4,0,0,0,2,2,2,0,0,0,2,0,0,18,4,0,0,0,0,1,4,2,1,2,0,0,0,0,17,17,0
/Users/larrymotuzis/Larry_Motuzis_Data/Project06_POI/poi/src/main/java/org/apache/poi/ss/usermodel/TableStyleInfo.java,org.apache.poi.ss.usermodel.TableStyleInfo,interface,1,8,7,1,6,1,0,0,15,0.0,0.0,0.0,6,0,0,0,0,6,6,0,0,0,0,0,0,0,0,0,0,0,0,8,0,0,0,0,0,0,0,0,0,0,0,0,0,0,45,1,0
/Users/larrymotuzis/Larry_Motuzis_Data/Project06_POI/poi/src/main/java/org/apache/poi/ss/util/CellRangeAddress.java,org.apache.poi.ss.util.CellRangeAddress,class,6,26,20,6,17,2,0,22,34,0.7777778,0.0,0.0,9,3,8,1,0,0,8,0,0,0,1,1,1,0,0,0,1,0,2,62,6,0,2,0,0,6,4,9,4,7,1,0,0,0,127,1,0
/Users/larrymotuzis/Larry_Motuzis_Data/Project06_POI/poi/src/main/java/org/apache/poi/hssf/model/DrawingManager2.java,org.apache.poi.hssf.model.DrawingManager2,class,3,6,3,3,7,1,0,12,0,0.42857143,0.7619048,1.0,7,0,7,0,0,0,7,0,0,0,2,0,0,2,0,0,2,0,0,34,4,0,0,0,1,0,6,4,3,4,0,0,0,0,49,1,0
/Users/larrymotuzis/Larry_Motuzis_Data/Project06_POI/poi/src/main/java/org/apache/poi/ss/formula/functions/NormDist.java,org.apache.poi.ss.formula.functions.NormDist,class,10,12,2,10,13,2,0,14,10,1.0,0.0,0.0,5,2,2,2,0,1,3,0,0,0,1,1,1,0,0,0,1,0,8,47,11,0,5,1,0,0,6,8,0,8,2,0,0,0,65,17,0
/Users/larrymotuzis/Larry_Motuzis_Data/Project06_POI/poi/src/main/java/org/apache/poi/ss/formula/functions/Now.java,org.apache.poi.ss.formula.functions.Now,class,2,2,0,2,2,1,0,2,0,0.0,NaN,NaN,1,1,1,0,0,0,1,0,0,0,0,0,0,0,0,0,0,0,1,9,2,0,1,0,0,0,1,1,0,1,1,0,0,0,17,17,0
/Users/larrymotuzis/Larry_Motuzis_Data/Project06_POI/poi/src/main/java/org/apache/poi/ss/formula/functions/LinearRegressionFunction.java,org.apache.poi.ss.formula.functions.LinearRegressionFunction$ValueArray,innerclass,3,3,0,3,6,1,0,1,0,0.25,0.5,0.5,4,0,2,0,2,0,4,1,1,0,1,0,0,1,0,0,1,0,0,16,2,0,0,0,1,3,2,1,2,1,1,0,0,0,17,1034,0
/Users/larrymotuzis/Larry_Motuzis_Data/Project06_POI/poi/src/main/java/org/apache/poi/ss/format/CellElapsedFormatter.java,org.apache.poi.ss.format.CellElapsedFormatter$ElapsedPartHandler,innerclass,4,4,0,4,14,1,0,10,0,0.0,NaN,NaN,1,0,1,0,0,0,1,0,0,0,0,0,0,0,0,0,0,0,1,36,5,0,1,0,0,3,11,9,3,3,2,0,0,0,26,2,0
/Users/larrymotuzis/Larry_Motuzis_Data/Project06_POI/poi/src/main/java/org/apache/poi/util/Configurator.java,org.apache.poi.util.Configurator,class,2,6,4,2,5,1,0,6,0,0.0,NaN,NaN,1,1,1,0,0,0,1,0,0,0,1,1,0,1,0,0,1,0,2,16,3,0,1,1,0,3,0,2,0,2,1,0,0,0,26,1,1
/Users/larrymotuzis/Larry_Motuzis_Data/Project06_POI/poi/src/main/java/org/apache/poi/sl/usermodel/ObjectMetaData.java,org.apache.poi.sl.usermodel.ObjectMetaData,interface,2,4,2,2,4,1,0,0,6,0.0,0.0,0.0,4,0,0,0,0,4,4,0,0,0,0,0,0,0,0,0,0,0,0,42,0,0,0,0,0,0,0,0,0,0,0,0,1,0,53,1,0
/Users/larrymotuzis/Larry_Motuzis_Data/Project06_POI/poi/src/main/java/org/apache/poi/poifs/crypt/cryptoapi/CryptoAPIEncryptionVerifier.java,org.apache.poi.poifs.crypt.cryptoapi.CryptoAPIEncryptionVerifier,class,8,11,3,8,7,3,0,3,21,0.0,0.0,0.0,7,0,4,0,3,0,7,0,0,0,0,0,0,0,0,0,0,0,0,23,1,0,0,0,0,0,0,0,0,0,0,0,0,0,25,1,0
/Users/larrymotuzis/Larry_Motuzis_Data/Project06_POI/poi/src/main/java/org/apache/poi/hpsf/Blob.java,org.apache.poi.hpsf.Blob,class,4,5,1,4,4,1,0,3,0,0.5555556,1.0,1.0,3,2,3,0,0,0,3,0,0,0,3,2,0,3,0,0,1,0,1,18,1,0,0,0,0,0,2,5,0,4,1,0,0,0,36,1,0
/Users/larrymotuzis/Larry_Motuzis_Data/Project06_POI/poi/src/main/java/org/apache/poi/ss/formula/SheetRange.java,org.apache.poi.ss.formula.SheetRange,interface,0,2,2,0,2,1,0,0,1,0.0,0.0,0.0,2,0,2,0,0,0,2,0,0,0,0,0,0,0,0,0,0,0,0,4,0,0,0,0,0,0,0,0,0,0,0,0,0,0,6,1,0
/Users/larrymotuzis/Larry_Motuzis_Data/Project06_POI/poi/src/main/java/org/apache/poi/ddf/EscherProperty.java,org.apache.poi.ddf.EscherProperty,class,5,11,6,5,22,1,2,5,80,0.825,0.16666667,0.23333333,16,0,13,0,3,0,16,2,2,0,5,4,0,3,0,2,5,0,2,51,11,0,2,0,9,7,10,5,0,5,0,0,0,0,100,1025,0
/Users/larrymotuzis/Larry_Motuzis_Data/Project06_POI/poi/src/main/java/org/apache/poi/util/LittleEndianConsts.java,org.apache.poi.util.LittleEndianConsts,interface,0,1,1,0,0,1,0,0,0,NaN,-1.0,-1.0,0,0,0,0,0,0,0,0,0,0,5,0,0,0,0,5,0,0,0,7,0,0,0,0,0,0,5,5,0,5,0,0,0,0,26,1,0
/Users/larrymotuzis/Larry_Motuzis_Data/Project06_POI/poi/src/main/java/org/apache/poi/ss/util/CellRangeAddressBase.java,org.apache.poi.ss.util.CellRangeAddressBase$CellPosition,enum,0,0,0,0,0,1,0,0,0,0.0,-1.0,-1.0,0,0,0,0,0,0,0,0,0,0,0,0,0,0,0,0,0,0,0,6,0,0,0,0,0,0,0,0,0,0,0,0,0,0,42,1,0
/Users/larrymotuzis/Larry_Motuzis_Data/Project06_POI/poi/src/main/java/org/apache/poi/hssf/record/SharedFormulaRecord.java,org.apache.poi.hssf.record.SharedFormulaRecord,class,11,16,5,11,14,5,0,15,10,0.6388889,0.38181818,0.38181818,12,0,9,1,2,0,11,0,0,0,3,1,1,2,0,0,1,0,0,55,7,0,1,0,1,4,6,11,1,8,1,0,0,2,117,17,0
/Users/larrymotuzis/Larry_Motuzis_Data/Project06_POI/poi/src/main/java/org/apache/poi/hssf/eventusermodel/AbortableHSSFListener.java,org.apache.poi.hssf.eventusermodel.AbortableHSSFListener,class,2,3,1,2,2,1,0,0,1,0.0,0.0,0.0,2,0,2,0,0,0,2,1,0,0,0,0,0,0,0,0,0,0,0,5,0,0,0,0,0,0,0,0,0,0,0,0,0,0,99,1025,0
/Users/larrymotuzis/Larry_Motuzis_Data/Project06_POI/poi/src/main/java/org/apache/poi/sl/draw/geom/QuadToCommandIf.java,org.apache.poi.sl.draw.geom.QuadToCommandIf,interface,4,6,2,4,5,1,0,6,10,0.0,0.0,0.0,5,0,0,0,0,5,5,0,0,0,0,0,0,0,0,0,0,0,0,15,0,0,0,0,0,0,0,6,0,6,0,0,0,0,20,1,0
/Users/larrymotuzis/Larry_Motuzis_Data/Project06_POI/poi/src/main/java/org/apache/poi/hssf/record/WriteAccessRecord.java,org.apache.poi.hssf.record.WriteAccessRecord,class,8,11,3,8,26,4,0,26,45,0.8571429,0.07575758,0.15151516,11,0,10,0,1,0,12,0,0,0,7,6,1,6,0,0,6,0,3,104,6,1,3,0,4,8,26,29,10,20,3,0,0,0,120,17,0
/Users/larrymotuzis/Larry_Motuzis_Data/Project06_POI/poi/src/main/java/org/apache/poi/ss/formula/SheetRangeEvaluator.java,org.apache.poi.ss.formula.SheetRangeEvaluator,class,4,8,4,4,18,1,0,12,8,0.5185185,0.3888889,0.41666666,9,0,9,0,0,0,9,0,0,0,3,0,0,3,0,0,3,0,2,62,8,2,1,0,0,8,2,10,6,8,2,0,0,0,86,16,0
/Users/larrymotuzis/Larry_Motuzis_Data/Project06_POI/poi/src/main/java/org/apache/poi/ss/formula/functions/TextFunction.java,org.apache.poi.ss.formula.functions.TextFunction$SearchFind,innerclass,7,7,0,7,9,2,0,6,4,0.5,0.0,0.0,4,0,3,1,0,0,3,0,0,0,1,0,0,1,0,0,1,0,5,43,7,0,1,2,0,0,5,8,2,7,2,0,0,0,25,26,0
/Users/larrymotuzis/Larry_Motuzis_Data/Project06_POI/poi/src/main/java/org/apache/poi/hssf/eventusermodel/HSSFUserException.java,org.apache.poi.hssf.eventusermodel.HSSFUserException,class,0,0,0,0,5,3,0,0,4,0.4,0.3,0.3,5,0,5,0,0,0,5,0,0,0,1,0,0,1,0,0,0,0,0,20,1,0,0,0,0,0,0,2,0,1,0,0,0,0,76,1,0
/Users/larrymotuzis/Larry_Motuzis_Data/Project06_POI/poi/src/main/java/org/apache/poi/ss/formula/ptg/Pxg.java,org.apache.poi.ss.formula.ptg.Pxg,interface,0,3,3,0,4,1,0,0,6,0.0,0.0,0.0,4,0,4,0,0,0,4,0,0,0,0,0,0,0,0,0,0,0,0,6,0,0,0,0,0,0,0,0,0,0,0,0,0,0,27,1,0
/Users/larrymotuzis/Larry_Motuzis_Data/Project06_POI/poi/src/main/java/org/apache/poi/ss/formula/functions/DateValue.java,org.apache.poi.ss.formula.functions.DateValue,class,9,11,2,9,5,2,0,9,0,0.0,NaN,NaN,1,0,1,0,0,0,1,0,0,0,1,1,0,1,0,0,1,0,3,19,4,0,1,1,0,1,0,2,0,2,2,0,0,0,87,1,1
/Users/larrymotuzis/Larry_Motuzis_Data/Project06_POI/poi/src/main/java/org/apache/poi/hssf/record/chart/BarRecord.java,org.apache.poi.hssf.record.chart.BarRecord,class,6,8,2,6,23,4,0,7,69,0.82608694,0.36363637,0.53754944,23,0,22,0,1,0,23,0,0,0,8,5,1,7,0,0,5,0,1,93,12,0,0,0,0,7,8,19,1,9,0,0,0,0,78,17,0
/Users/larrymotuzis/Larry_Motuzis_Data/Project06_POI/poi/src/main/java/org/apache/poi/ddf/EscherBoolProperty.java,org.apache.poi.ddf.EscherBoolProperty,class,2,2,0,2,4,3,0,1,3,0.0,0.0,0.0,3,0,3,0,0,0,3,0,0,0,0,0,0,0,0,0,0,0,0,11,1,0,1,0,0,0,1,0,0,0,0,0,0,0,48,1,0
/Users/larrymotuzis/Larry_Motuzis_Data/Project06_POI/poi/src/main/java/org/apache/poi/ss/formula/functions/TextFunction.java,org.apache.poi.ss.formula.functions.TextFunction$Anonymous6,anonymous,2,2,0,2,1,1,0,2,0,0.0,NaN,NaN,1,0,0,0,1,0,1,0,0,0,0,0,0,0,0,0,0,0,0,5,1,0,0,0,0,2,0,0,0,0,0,0,0,0,5,-1,0
/Users/larrymotuzis/Larry_Motuzis_Data/Project06_POI/poi/src/main/java/org/apache/poi/util/LittleEndianByteArrayInputStream.java,org.apache.poi.util.LittleEndianByteArrayInputStream,class,4,25,21,4,24,3,0,14,153,0.0,0.0,0.0,18,0,17,0,1,0,18,0,0,0,0,0,0,0,0,0,0,0,5,79,9,0,3,0,0,8,6,11,4,9,1,0,0,0,85,1,0
/Users/larrymotuzis/Larry_Motuzis_Data/Project06_POI/poi/src/main/java/org/apache/poi/ss/formula/functions/TextFunction.java,org.apache.poi.ss.formula.functions.TextFunction$Anonymous5,anonymous,2,2,0,2,3,1,0,7,0,0.0,NaN,NaN,1,0,0,0,1,0,1,0,0,0,0,0,0,0,0,0,0,0,3,16,1,1,0,0,0,0,0,3,0,2,2,0,0,0,12,-1,0
/Users/larrymotuzis/Larry_Motuzis_Data/Project06_POI/poi/src/main/java/org/apache/poi/ss/formula/functions/TextFunction.java,org.apache.poi.ss.formula.functions.TextFunction$Anonymous8,anonymous,5,5,0,5,5,1,0,6,0,0.0,NaN,NaN,1,0,1,0,0,0,1,0,0,0,0,0,0,0,0,0,0,0,4,29,5,0,0,1,0,1,3,7,2,7,1,0,0,0,20,-1,0
/Users/larrymotuzis/Larry_Motuzis_Data/Project06_POI/poi/src/main/java/org/apache/poi/ss/formula/functions/TextFunction.java,org.apache.poi.ss.formula.functions.TextFunction$Anonymous7,anonymous,3,3,0,3,5,1,0,4,1,0.0,NaN,NaN,2,0,0,1,1,0,1,0,0,0,0,0,0,0,0,0,0,0,0,14,2,1,0,0,0,0,1,1,0,1,2,0,0,0,63,-1,0
/Users/larrymotuzis/Larry_Motuzis_Data/Project06_POI/poi/src/main/java/org/apache/poi/hssf/record/chart/FrameRecord.java,org.apache.poi.hssf.record.chart.FrameRecord,class,6,8,2,6,17,4,0,6,50,0.84033614,0.31617647,0.40441176,17,0,16,0,1,0,17,0,0,0,7,5,3,4,0,0,5,0,0,63,9,0,0,0,0,4,7,13,1,7,0,0,0,0,80,17,0
/Users/larrymotuzis/Larry_Motuzis_Data/Project06_POI/poi/src/main/java/org/apache/poi/util/LittleEndianOutput.java,org.apache.poi.util.LittleEndianOutput,interface,1,48,47,1,7,1,0,0,21,0.0,0.0,0.0,7,0,0,0,0,7,7,0,0,0,0,0,0,0,0,0,0,0,0,9,0,0,0,0,0,0,0,0,0,0,0,0,0,0,12,1,0
/Users/larrymotuzis/Larry_Motuzis_Data/Project06_POI/poi/src/main/java/org/apache/poi/ss/formula/functions/TextFunction.java,org.apache.poi.ss.formula.functions.TextFunction$Anonymous9,anonymous,5,5,0,5,2,1,0,4,0,0.0,NaN,NaN,1,0,1,0,0,0,1,0,0,0,0,0,0,0,0,0,0,0,3,14,2,0,0,1,0,0,0,2,0,2,1,0,0,0,11,-1,0
/Users/larrymotuzis/Larry_Motuzis_Data/Project06_POI/poi/src/main/java/org/apache/poi/hssf/record/LabelRecord.java,org.apache.poi.hssf.record.LabelRecord,class,8,11,3,8,22,3,0,14,127,0.86111116,0.08496732,0.18300654,18,0,18,0,0,0,18,0,0,0,8,2,1,7,0,0,2,0,0,84,10,0,1,0,1,10,5,16,0,8,2,0,0,0,106,17,1
/Users/larrymotuzis/Larry_Motuzis_Data/Project06_POI/poi/src/main/java/org/apache/poi/ss/formula/ptg/MemErrPtg.java,org.apache.poi.ss.formula.ptg.MemErrPtg,class,6,10,4,6,10,3,0,7,31,0.74999994,0.15555556,0.22222222,10,0,10,0,0,0,10,0,0,0,4,2,1,3,0,0,2,0,1,41,7,0,0,0,0,2,2,6,1,4,0,0,0,0,38,17,0
/Users/larrymotuzis/Larry_Motuzis_Data/Project06_POI/poi/src/main/java/org/apache/poi/ss/formula/functions/TextFunction.java,org.apache.poi.ss.formula.functions.TextFunction$Anonymous2,anonymous,2,2,0,2,1,1,0,1,0,0.0,NaN,NaN,1,0,0,0,1,0,1,0,0,0,0,0,0,0,0,0,0,0,0,5,1,0,0,0,0,0,0,0,0,0,0,0,0,0,5,-1,0
/Users/larrymotuzis/Larry_Motuzis_Data/Project06_POI/poi/src/main/java/org/apache/poi/ss/formula/functions/TextFunction.java,org.apache.poi.ss.formula.functions.TextFunction$Anonymous1,anonymous,5,5,0,5,4,1,0,3,0,0.0,NaN,NaN,1,0,1,0,0,0,1,0,0,0,0,0,0,0,0,0,0,0,2,15,2,0,0,1,0,0,2,1,0,1,2,0,0,0,11,-1,0
/Users/larrymotuzis/Larry_Motuzis_Data/Project06_POI/poi/src/main/java/org/apache/poi/ss/formula/functions/TextFunction.java,org.apache.poi.ss.formula.functions.TextFunction$Anonymous4,anonymous,2,2,0,2,1,1,0,1,0,0.0,NaN,NaN,1,0,0,0,1,0,1,0,0,0,0,0,0,0,0,0,0,0,0,5,1,0,0,0,0,0,0,0,0,0,0,0,0,0,5,-1,0
/Users/larrymotuzis/Larry_Motuzis_Data/Project06_POI/poi/src/main/java/org/apache/poi/ss/formula/functions/TextFunction.java,org.apache.poi.ss.formula.functions.TextFunction$Anonymous3,anonymous,2,2,0,2,1,1,0,1,0,0.0,NaN,NaN,1,0,0,0,1,0,1,0,0,0,0,0,0,0,0,0,0,0,0,5,1,0,0,0,0,0,0,0,0,0,0,0,0,0,5,-1,0
/Users/larrymotuzis/Larry_Motuzis_Data/Project06_POI/poi/src/main/java/org/apache/poi/ss/usermodel/TableStyleType.java,org.apache.poi.ss.usermodel.TableStyleType$Anonymous10,anonymous,4,4,0,4,2,1,0,3,0,0.0,NaN,NaN,1,0,1,0,0,0,1,0,0,0,0,0,0,0,0,0,0,0,0,6,2,0,0,0,0,0,1,0,0,0,1,0,0,0,9,-1,0
/Users/larrymotuzis/Larry_Motuzis_Data/Project06_POI/poi/src/main/java/org/apache/poi/ss/formula/FormulaParser.java,org.apache.poi.ss.formula.FormulaParser,class,53,57,4,53,404,1,0,165,699,0.9222223,0.0,0.0,63,15,3,60,0,0,3,0,0,0,20,10,0,20,0,0,16,0,60,1472,144,26,142,3,9,131,66,278,67,183,4,0,1,0,581,17,1
/Users/larrymotuzis/Larry_Motuzis_Data/Project06_POI/poi/src/main/java/org/apache/poi/ss/usermodel/TableStyleType.java,org.apache.poi.ss.usermodel.TableStyleType$Anonymous11,anonymous,4,4,0,4,2,1,0,3,0,0.0,NaN,NaN,1,0,1,0,0,0,1,0,0,0,0,0,0,0,0,0,0,0,0,6,2,0,0,0,0,0,1,0,0,0,1,0,0,0,9,-1,0
/Users/larrymotuzis/Larry_Motuzis_Data/Project06_POI/poi/src/main/java/org/apache/poi/ss/format/CellFormatResult.java,org.apache.poi.ss.format.CellFormatResult,class,0,4,4,0,3,1,0,0,0,0.0,NaN,NaN,1,0,1,0,0,0,1,0,0,0,3,0,3,0,0,0,3,0,0,11,0,0,1,0,1,1,0,3,0,3,1,0,0,0,49,1,0
/Users/larrymotuzis/Larry_Motuzis_Data/Project06_POI/poi/src/main/java/org/apache/poi/ss/usermodel/TableStyleType.java,org.apache.poi.ss.usermodel.TableStyleType$Anonymous12,anonymous,4,4,0,4,2,1,0,3,0,0.0,NaN,NaN,1,0,1,0,0,0,1,0,0,0,0,0,0,0,0,0,0,0,0,6,2,0,0,0,0,0,2,0,2,0,1,0,0,0,9,-1,0
/Users/larrymotuzis/Larry_Motuzis_Data/Project06_POI/poi/src/main/java/org/apache/poi/ss/usermodel/TableStyleType.java,org.apache.poi.ss.usermodel.TableStyleType$Anonymous13,anonymous,4,4,0,4,2,1,0,3,0,0.0,NaN,NaN,1,0,1,0,0,0,1,0,0,0,0,0,0,0,0,0,0,0,0,6,2,0,0,0,0,0,2,0,2,0,1,0,0,0,9,-1,0
/Users/larrymotuzis/Larry_Motuzis_Data/Project06_POI/poi/src/main/java/org/apache/poi/hssf/record/chart/ChartEndObjectRecord.java,org.apache.poi.hssf.record.chart.ChartEndObjectRecord,class,6,8,2,6,10,4,0,7,16,0.575,0.21428572,0.21428572,8,0,7,0,1,0,8,0,0,0,5,1,1,4,0,0,1,0,0,46,5,0,2,0,1,4,7,9,1,5,1,0,0,4,44,17,0
/Users/larrymotuzis/Larry_Motuzis_Data/Project06_POI/poi/src/main/java/org/apache/poi/poifs/filesystem/POIFSStream.java,org.apache.poi.poifs.filesystem.POIFSStream$StreamBlockByteBuffer,innerclass,5,5,0,5,19,2,0,14,2,0.52000004,0.4,0.6,5,0,3,0,0,2,5,0,0,0,4,0,0,0,0,4,0,0,1,63,2,1,7,0,8,0,8,16,2,8,2,0,0,0,38,4,0
/Users/larrymotuzis/Larry_Motuzis_Data/Project06_POI/poi/src/main/java/org/apache/poi/ss/formula/eval/FunctionNameEval.java,org.apache.poi.ss.formula.eval.FunctionNameEval,class,1,3,2,1,3,1,0,2,0,0.0,1.0,1.0,3,0,3,0,0,0,3,0,0,0,1,0,0,1,0,0,1,0,0,12,2,0,0,0,0,2,0,1,1,1,0,0,0,0,14,17,0
/Users/larrymotuzis/Larry_Motuzis_Data/Project06_POI/poi/src/main/java/org/apache/poi/sl/draw/Drawable.java,org.apache.poi.sl.draw.Drawable$DrawableHint,innerclass,0,0,0,0,19,2,0,1,3,0.0,0.0,0.0,3,0,2,0,1,0,3,0,0,0,0,0,0,0,0,0,0,0,0,46,18,0,0,0,0,17,16,0,1,0,1,0,0,0,13,0,0
/Users/larrymotuzis/Larry_Motuzis_Data/Project06_POI/poi/src/main/java/org/apache/poi/hssf/record/chart/AxisRecord.java,org.apache.poi.hssf.record.chart.AxisRecord,class,5,7,2,5,19,4,0,5,95,0.84795326,0.22222222,0.45614034,19,0,18,0,1,0,19,0,0,0,9,4,4,5,0,0,4,0,0,80,10,0,0,0,0,5,9,19,1,9,0,0,0,0,67,17,0
/Users/larrymotuzis/Larry_Motuzis_Data/Project06_POI/poi/src/main/java/org/apache/poi/poifs/crypt/cryptoapi/CryptoAPIDocumentInputStream.java,org.apache.poi.poifs.crypt.cryptoapi.CryptoAPIDocumentInputStream,class,4,5,1,4,10,3,0,5,0,0.53333336,0.6,0.6,5,0,5,0,0,0,5,0,0,2,3,0,0,3,0,0,1,0,0,47,4,0,2,2,0,0,11,9,0,5,1,0,0,0,52,0,0
/Users/larrymotuzis/Larry_Motuzis_Data/Project06_POI/poi/src/main/java/org/apache/poi/poifs/property/Parent.java,org.apache.poi.poifs.property.Parent,interface,2,3,1,2,4,1,0,0,6,0.0,0.0,0.0,4,0,4,0,0,0,4,0,0,0,0,0,0,0,0,0,0,0,0,6,0,0,0,0,0,0,0,0,0,0,0,0,0,0,58,1,0
/Users/larrymotuzis/Larry_Motuzis_Data/Project06_POI/poi/src/main/java/org/apache/poi/POIException.java,org.apache.poi.POIException,class,0,1,1,0,3,3,0,0,3,1.0,0.0,0.0,3,0,3,0,0,0,3,0,0,0,1,1,0,1,0,0,1,0,0,12,0,0,0,0,0,0,1,1,0,1,0,0,0,0,50,1,0
/Users/larrymotuzis/Larry_Motuzis_Data/Project06_POI/poi/src/main/java/org/apache/poi/poifs/crypt/agile/CertificateKeyEncryptor.java,org.apache.poi.poifs.crypt.agile.CertificateKeyEncryptor,class,6,7,1,6,9,1,0,6,0,0.5,0.5714286,1.0,8,0,7,0,0,1,8,0,0,0,3,0,0,3,0,0,0,0,6,40,3,0,1,0,0,10,0,9,0,6,1,0,0,0,88,1,0
/Users/larrymotuzis/Larry_Motuzis_Data/Project06_POI/poi/src/main/java/org/apache/poi/ss/formula/eval/AreaEvalBase.java,org.apache.poi.ss.formula.eval.AreaEvalBase,class,5,7,2,5,39,1,1,8,172,0.8177083,0.1884058,0.38043478,24,0,20,0,4,0,24,2,12,0,8,0,0,8,0,0,8,0,0,99,18,0,3,0,0,8,8,12,12,10,1,0,0,0,62,1025,0
/Users/larrymotuzis/Larry_Motuzis_Data/Project06_POI/poi/src/main/java/org/apache/poi/ss/formula/functions/Sheet.java,org.apache.poi.ss.formula.functions.Sheet,class,10,11,1,10,7,1,0,6,0,1.0,NaN,NaN,1,0,1,0,0,0,1,0,0,0,1,1,1,0,0,0,1,0,0,40,7,0,1,1,1,0,7,9,4,9,4,0,0,0,64,1,0
/Users/larrymotuzis/Larry_Motuzis_Data/Project06_POI/poi/src/main/java/org/apache/poi/hpsf/Filetime.java,org.apache.poi.hpsf.Filetime,class,5,10,5,5,14,1,0,14,31,0.73333335,0.19444445,0.19444445,10,4,9,1,0,0,9,0,0,0,3,2,0,3,0,0,2,0,9,39,7,0,2,0,18,0,23,7,7,6,0,0,0,0,101,1,0
/Users/larrymotuzis/Larry_Motuzis_Data/Project06_POI/poi/src/main/java/org/apache/poi/common/usermodel/fonts/FontHeader.java,org.apache.poi.common.usermodel.fonts.FontHeader$PanoseSerif,enum,0,0,0,0,0,1,0,0,0,0.0,-1.0,-1.0,0,0,0,0,0,0,0,0,0,0,0,0,0,0,0,0,0,0,0,1,0,0,0,0,0,0,0,0,0,0,0,0,0,0,9,1,0
/Users/larrymotuzis/Larry_Motuzis_Data/Project06_POI/poi/src/main/java/org/apache/poi/hssf/util/RKUtil.java,org.apache.poi.hssf.util.RKUtil,class,0,2,2,0,6,1,0,1,1,0.0,NaN,NaN,2,1,1,1,0,0,1,0,0,0,0,0,0,0,0,0,0,0,1,19,1,0,2,0,2,0,8,6,2,2,1,0,0,0,26,17,0
/Users/larrymotuzis/Larry_Motuzis_Data/Project06_POI/poi/src/main/java/org/apache/poi/ss/formula/functions/Dec2Hex.java,org.apache.poi.ss.formula.functions.Dec2Hex,class,9,10,1,9,16,2,0,15,3,0.75000006,0.0,0.0,3,0,3,0,0,0,3,0,0,0,4,4,1,3,0,0,4,0,10,68,11,0,6,2,0,5,12,16,2,12,2,0,0,0,110,17,0
/Users/larrymotuzis/Larry_Motuzis_Data/Project06_POI/poi/src/main/java/org/apache/poi/hssf/record/GutsRecord.java,org.apache.poi.hssf.record.GutsRecord,class,5,8,3,5,17,4,0,7,94,0.8,0.15441176,0.33088234,17,0,16,0,1,0,17,0,0,0,5,1,1,4,0,0,1,0,0,67,9,0,0,0,0,4,2,13,0,5,0,0,0,0,65,17,0
/Users/larrymotuzis/Larry_Motuzis_Data/Project06_POI/poi/src/main/java/org/apache/poi/util/HexDump.java,org.apache.poi.util.HexDump,class,4,11,7,4,38,1,0,14,120,0.9375,0.0,0.0,16,15,14,2,0,0,14,0,0,1,2,2,2,0,0,0,2,0,18,134,14,5,5,0,8,17,47,32,12,26,3,0,0,0,111,17,0
/Users/larrymotuzis/Larry_Motuzis_Data/Project06_POI/poi/src/main/java/org/apache/poi/ddf/EscherPropertyTypesHolder.java,org.apache.poi.ddf.EscherPropertyTypesHolder,enum,1,2,1,1,0,1,0,0,0,0.0,-1.0,-1.0,0,0,0,0,0,0,0,0,0,0,0,0,0,0,0,0,0,0,0,1,0,0,0,0,0,0,0,0,0,0,0,0,0,0,8,1,0
/Users/larrymotuzis/Larry_Motuzis_Data/Project06_POI/poi/src/main/java/org/apache/poi/hpsf/DocumentSummaryInformation.java,org.apache.poi.hpsf.DocumentSummaryInformation,class,12,16,4,12,93,2,0,41,3003,1.0,0.0,0.0,78,0,76,2,0,0,76,0,0,0,2,2,2,0,0,0,2,0,1,295,25,3,4,0,1,9,10,19,2,16,3,0,0,0,262,1,0
/Users/larrymotuzis/Larry_Motuzis_Data/Project06_POI/poi/src/main/java/org/apache/poi/ss/formula/PlainValueCellCacheEntry.java,org.apache.poi.ss.formula.PlainValueCellCacheEntry,class,2,5,3,2,1,2,0,1,0,0.0,NaN,NaN,1,0,1,0,0,0,1,0,0,0,0,0,0,0,0,0,0,0,0,5,0,0,0,0,0,0,0,0,0,0,0,0,0,0,18,16,0
/Users/larrymotuzis/Larry_Motuzis_Data/Project06_POI/poi/src/main/java/org/apache/poi/UnsupportedFileFormatException.java,org.apache.poi.UnsupportedFileFormatException,class,0,2,2,0,2,5,2,0,1,1.0,0.0,0.0,2,0,0,0,2,0,2,0,0,0,1,1,0,1,0,0,1,0,0,9,0,0,0,0,0,0,1,1,0,1,0,0,0,0,30,1025,0
/Users/larrymotuzis/Larry_Motuzis_Data/Project06_POI/poi/src/main/java/org/apache/poi/sl/image/ImageHeaderEMF.java,org.apache.poi.sl.image.ImageHeaderEMF,class,4,5,1,4,7,1,0,8,0,0.44444445,1.0,1.0,3,0,3,0,0,0,3,0,0,0,3,2,0,3,0,0,3,0,0,36,3,0,3,0,0,3,16,18,4,10,1,0,0,0,33,1,2
/Users/larrymotuzis/Larry_Motuzis_Data/Project06_POI/poi/src/main/java/org/apache/poi/ss/formula/atp/IfNa.java,org.apache.poi.ss.formula.atp.IfNa,class,4,5,1,4,6,1,0,4,1,1.0,NaN,NaN,2,0,1,1,0,0,1,0,0,0,1,1,1,0,0,0,1,0,0,25,5,0,2,2,0,0,3,2,0,2,2,0,0,0,34,17,0
/Users/larrymotuzis/Larry_Motuzis_Data/Project06_POI/poi/src/main/java/org/apache/poi/hssf/record/aggregates/RecordAggregate.java,org.apache.poi.hssf.record.aggregates.RecordAggregate$RecordSizingVisitor,innerclass,3,3,0,3,3,1,0,1,0,0.0,1.0,1.0,3,0,3,0,0,0,3,0,0,0,1,0,0,1,0,0,0,0,0,12,1,0,0,0,0,0,1,2,0,1,0,0,0,0,9,26,0
/Users/larrymotuzis/Larry_Motuzis_Data/Project06_POI/poi/src/main/java/org/apache/poi/ss/formula/functions/Rows.java,org.apache.poi.ss.formula.functions.Rows,class,5,5,0,5,3,2,0,1,0,0.0,NaN,NaN,1,0,1,0,0,0,1,0,0,0,0,0,0,0,0,0,0,0,0,15,2,0,0,0,1,0,1,2,0,1,1,0,0,0,19,17,0
/Users/larrymotuzis/Larry_Motuzis_Data/Project06_POI/poi/src/main/java/org/apache/poi/poifs/storage/BATBlock.java,org.apache.poi.poifs.storage.BATBlock$BATBlockAndIndex,innerclass,1,1,0,1,3,1,0,0,0,0.33333334,0.0,0.0,3,0,2,1,0,0,2,0,0,0,2,0,0,2,0,0,2,0,0,14,2,0,0,0,0,0,0,2,0,2,0,0,0,0,9,25,0
/Users/larrymotuzis/Larry_Motuzis_Data/Project06_POI/poi/src/main/java/org/apache/poi/ss/formula/DataValidationEvaluator.java,org.apache.poi.ss.formula.DataValidationEvaluator,class,18,25,7,18,37,1,0,39,35,0.76666665,0.11111111,0.16666667,10,2,7,1,2,0,9,0,0,0,3,0,0,3,0,0,3,0,6,289,16,4,16,0,3,0,3,20,0,19,3,0,3,0,317,1,0
/Users/larrymotuzis/Larry_Motuzis_Data/Project06_POI/poi/src/main/java/org/apache/poi/ss/formula/eval/forked/ForkedEvaluator.java,org.apache.poi.ss.formula.eval.forked.ForkedEvaluator,class,14,15,1,14,12,1,0,18,0,0.33333334,0.3,0.3,6,2,5,1,0,0,5,0,0,0,2,0,0,2,0,0,2,0,3,42,7,0,0,0,0,2,0,5,1,6,1,0,0,1,168,17,0
/Users/larrymotuzis/Larry_Motuzis_Data/Project06_POI/poi/src/main/java/org/apache/poi/hssf/extractor/OldExcelExtractor.java,org.apache.poi.hssf.extractor.OldExcelExtractor,class,18,19,1,18,50,1,0,43,97,0.8111111,0.13186814,0.14285715,18,1,13,4,1,0,14,0,0,0,5,1,0,5,0,0,1,0,2,227,8,1,7,5,3,11,10,37,3,25,3,1,0,0,159,1,0
/Users/larrymotuzis/Larry_Motuzis_Data/Project06_POI/poi/src/main/java/org/apache/poi/util/IOUtils.java,org.apache.poi.util.IOUtils,class,6,25,19,6,102,1,0,56,547,0.91428566,0.018518519,0.02910053,35,34,27,7,0,1,28,0,0,0,5,5,0,5,0,0,3,0,38,279,33,6,21,4,9,24,58,48,17,40,3,0,0,0,360,17,1
/Users/larrymotuzis/Larry_Motuzis_Data/Project06_POI/poi/src/main/java/org/apache/poi/hssf/util/CellRangeAddress8Bit.java,org.apache.poi.hssf.util.CellRangeAddress8Bit,class,4,12,8,4,7,2,0,10,13,0.6666667,0.0,0.0,6,2,5,1,0,0,5,0,0,0,1,1,1,0,0,0,1,0,1,27,3,0,0,0,0,1,1,1,2,1,1,0,0,0,53,17,0
/Users/larrymotuzis/Larry_Motuzis_Data/Project06_POI/poi/src/main/java/org/apache/poi/ddf/EscherPropertyFactory.java,org.apache.poi.ddf.EscherPropertyFactory,class,5,6,1,5,11,1,0,8,0,0.0,NaN,NaN,1,0,1,0,0,0,1,0,0,0,0,0,0,0,0,0,0,0,1,50,1,2,2,0,2,3,4,19,3,12,3,0,0,0,59,17,0
/Users/larrymotuzis/Larry_Motuzis_Data/Project06_POI/poi/src/main/java/org/apache/poi/hssf/record/AbstractEscherHolderRecord.java,org.apache.poi.hssf.record.AbstractEscherHolderRecord,class,11,18,7,11,44,3,3,30,112,0.72222227,0.2806324,0.53754944,24,0,20,2,2,0,23,3,0,0,3,1,0,3,0,0,2,0,2,138,15,6,5,1,2,2,8,20,3,14,3,0,0,0,137,1025,0
/Users/larrymotuzis/Larry_Motuzis_Data/Project06_POI/poi/src/main/java/org/apache/poi/hssf/record/aggregates/ColumnInfoRecordsAggregate.java,org.apache.poi.hssf.record.aggregates.ColumnInfoRecordsAggregate,class,6,8,2,6,110,3,0,53,64,0.3448276,0.375,0.375,29,4,15,13,0,1,16,0,0,0,1,0,0,1,0,0,1,0,18,381,33,13,30,0,1,7,51,96,22,78,3,0,0,0,173,17,0
/Users/larrymotuzis/Larry_Motuzis_Data/Project06_POI/poi/src/main/java/org/apache/poi/common/usermodel/fonts/FontHeader.java,org.apache.poi.common.usermodel.fonts.FontHeader$PanoseFamily,enum,0,0,0,0,0,1,0,0,0,0.0,-1.0,-1.0,0,0,0,0,0,0,0,0,0,0,0,0,0,0,0,0,0,0,0,1,0,0,0,0,0,0,0,0,0,0,0,0,0,0,11,1,0
/Users/larrymotuzis/Larry_Motuzis_Data/Project06_POI/poi/src/main/java/org/apache/poi/ddf/EscherColorRef.java,org.apache.poi.ddf.EscherColorRef$SysIndexSource,enum,0,0,0,0,1,1,0,0,0,0.0,NaN,NaN,1,0,0,0,0,1,1,0,0,0,1,0,0,1,0,0,0,0,0,13,0,0,0,0,0,0,8,1,0,1,0,0,0,0,48,1,0
/Users/larrymotuzis/Larry_Motuzis_Data/Project06_POI/poi/src/main/java/org/apache/poi/hssf/model/LinkTable.java,org.apache.poi.hssf.model.LinkTable,class,15,17,2,15,96,1,0,66,161,0.7290322,0.45059288,0.8300395,31,4,23,8,0,0,23,0,0,0,5,0,0,5,0,0,4,0,7,437,39,15,24,0,2,14,58,93,18,70,3,0,2,0,258,16,0
/Users/larrymotuzis/Larry_Motuzis_Data/Project06_POI/poi/src/main/java/org/apache/poi/hpsf/Array.java,org.apache.poi.hpsf.Array,class,6,8,2,6,8,1,0,6,0,0.5625,0.33333334,0.33333334,4,2,4,0,0,0,4,0,0,0,4,2,0,4,0,0,2,0,3,72,2,1,2,0,1,2,4,12,1,10,2,0,2,0,61,1,0
/Users/larrymotuzis/Larry_Motuzis_Data/Project06_POI/poi/src/main/java/org/apache/poi/poifs/filesystem/FilteringDirectoryNode.java,org.apache.poi.poifs.filesystem.FilteringDirectoryNode$FilteringIterator,innerclass,4,4,0,4,10,1,0,8,2,0.5,0.33333334,0.33333334,5,0,3,2,0,0,3,0,0,0,2,0,0,2,0,0,1,0,0,32,2,1,2,0,1,1,0,5,0,4,2,0,0,0,19,2,0
/Users/larrymotuzis/Larry_Motuzis_Data/Project06_POI/poi/src/main/java/org/apache/poi/ss/formula/functions/Var3or4ArgFunction.java,org.apache.poi.ss.formula.functions.Var3or4ArgFunction,class,4,7,3,4,3,1,3,1,0,0.0,NaN,NaN,1,0,1,0,0,0,1,0,1,0,0,0,0,0,0,0,0,0,0,11,3,0,0,0,0,0,9,0,0,0,1,0,0,0,21,1024,0
/Users/larrymotuzis/Larry_Motuzis_Data/Project06_POI/poi/src/main/java/org/apache/poi/hssf/record/chart/CatLabRecord.java,org.apache.poi.hssf.record.chart.CatLabRecord,class,5,7,2,5,11,4,0,4,8,0.53571427,0.35714287,0.35714287,8,0,7,0,1,0,8,0,0,0,7,1,1,6,0,0,1,0,0,54,5,0,3,0,1,6,9,14,1,7,1,0,0,6,43,17,0
/Users/larrymotuzis/Larry_Motuzis_Data/Project06_POI/poi/src/main/java/org/apache/poi/ss/formula/atp/DateParser.java,org.apache.poi.ss.formula.atp.DateParser,class,2,2,0,2,0,2,0,0,0,0.0,-1.0,-1.0,0,0,0,0,0,0,0,0,0,0,0,0,0,0,0,0,0,0,0,2,0,0,0,0,0,1,0,0,0,0,0,0,0,0,6,1,0
/Users/larrymotuzis/Larry_Motuzis_Data/Project06_POI/poi/src/main/java/org/apache/poi/ss/formula/atp/WorkdayFunction.java,org.apache.poi.ss.formula.atp.WorkdayFunction,class,8,9,1,8,6,1,0,8,0,0.25,NaN,NaN,2,0,1,1,0,0,1,0,0,0,2,1,1,1,0,0,1,0,1,27,3,0,1,1,0,0,6,8,0,8,1,0,0,0,68,16,0
/Users/larrymotuzis/Larry_Motuzis_Data/Project06_POI/poi/src/main/java/org/apache/poi/ss/usermodel/ChildAnchor.java,org.apache.poi.ss.usermodel.ChildAnchor,interface,0,1,1,0,8,1,0,0,28,0.0,0.0,0.0,8,0,0,0,0,8,8,0,0,0,0,0,0,0,0,0,0,0,0,10,0,0,0,0,0,0,0,0,0,0,0,0,0,0,41,1,0
/Users/larrymotuzis/Larry_Motuzis_Data/Project06_POI/poi/src/main/java/org/apache/poi/hssf/record/pivottable/ViewSourceRecord.java,org.apache.poi.hssf.record.pivottable.ViewSourceRecord,class,5,7,2,5,8,4,0,3,16,0.6875,0.21428572,0.21428572,8,0,6,0,2,0,8,0,0,0,2,1,1,1,0,0,1,0,0,29,5,0,0,0,0,1,2,3,0,2,0,0,0,1,31,17,0
/Users/larrymotuzis/Larry_Motuzis_Data/Project06_POI/poi/src/main/java/org/apache/poi/util/RecordFormatException.java,org.apache.poi.util.RecordFormatException,class,1,8,7,1,5,4,2,0,6,0.0,0.0,0.0,4,1,4,0,0,0,4,0,0,0,0,0,0,0,0,0,0,0,0,16,0,0,0,0,0,0,0,0,0,0,1,0,0,0,51,1,0
/Users/larrymotuzis/Larry_Motuzis_Data/Project06_POI/poi/src/main/java/org/apache/poi/ss/formula/ptg/AbstractFunctionPtg.java,org.apache.poi.ss.formula.ptg.AbstractFunctionPtg,class,6,14,8,6,31,3,2,14,112,0.87254906,0.083333336,0.23333333,17,3,12,1,4,0,16,1,8,0,6,2,1,5,0,0,6,0,7,99,17,1,3,0,0,15,7,12,4,11,2,0,0,0,128,1025,0
/Users/larrymotuzis/Larry_Motuzis_Data/Project06_POI/poi/src/main/java/org/apache/poi/ss/formula/functions/XYNumericFunction.java,org.apache.poi.ss.formula.functions.XYNumericFunction$ValueArray,innerclass,3,3,0,3,6,1,0,1,0,0.25,0.5,0.5,4,0,2,0,2,0,4,1,1,0,1,0,0,1,0,0,1,0,0,16,2,0,0,0,1,3,2,1,2,1,1,0,0,0,17,1034,0
/Users/larrymotuzis/Larry_Motuzis_Data/Project06_POI/poi/src/main/java/org/apache/poi/ss/formula/IEvaluationListener.java,org.apache.poi.ss.formula.IEvaluationListener,interface,3,8,5,3,9,1,0,0,36,0.0,0.0,0.0,9,0,0,0,0,9,9,0,0,0,0,0,0,0,0,0,0,0,0,14,0,0,0,0,0,0,0,0,0,0,0,0,1,0,67,0,0
/Users/larrymotuzis/Larry_Motuzis_Data/Project06_POI/poi/src/main/java/org/apache/poi/ss/formula/function/FunctionMetadataRegistry.java,org.apache.poi.ss.formula.function.FunctionMetadataRegistry,class,3,11,8,3,16,1,0,10,37,0.93,0.06666667,0.06666667,10,6,4,4,0,2,6,0,0,0,10,8,6,4,0,0,8,0,8,60,11,0,6,0,1,1,6,13,0,12,2,0,0,0,62,17,0
/Users/larrymotuzis/Larry_Motuzis_Data/Project06_POI/poi/src/main/java/org/apache/poi/hssf/record/chart/ChartFRTInfoRecord.java,org.apache.poi.hssf.record.chart.ChartFRTInfoRecord$CFRTID,innerclass,3,3,0,3,3,1,0,2,0,0.33333334,1.0,1.0,3,0,3,0,0,0,3,0,0,0,3,1,1,2,0,0,3,0,0,17,0,0,0,0,0,0,1,5,0,3,0,0,0,0,23,26,0
/Users/larrymotuzis/Larry_Motuzis_Data/Project06_POI/poi/src/main/java/org/apache/poi/ss/formula/functions/TextFunction.java,org.apache.poi.ss.formula.functions.TextFunction,class,19,28,9,19,13,4,0,18,10,0.81176484,0.0,0.0,5,3,1,0,4,0,5,1,1,0,17,17,16,0,1,0,17,0,7,332,9,4,0,3,0,0,2,26,0,31,5,10,3,2,179,1025,0
/Users/larrymotuzis/Larry_Motuzis_Data/Project06_POI/poi/src/main/java/org/apache/poi/ss/formula/functions/Correl.java,org.apache.poi.ss.formula.functions.Correl,class,6,7,1,6,4,2,0,5,1,1.0,NaN,NaN,2,0,1,1,0,0,1,0,0,0,1,1,1,0,0,0,1,0,0,19,3,0,0,1,0,0,2,4,0,4,1,0,0,0,62,1,0
/Users/larrymotuzis/Larry_Motuzis_Data/Project06_POI/poi/src/main/java/org/apache/poi/sl/usermodel/GroupShape.java,org.apache.poi.sl.usermodel.GroupShape,interface,6,11,5,6,2,1,0,0,1,0.0,0.0,0.0,2,0,0,0,0,2,2,0,0,0,0,0,0,0,0,0,0,0,0,4,0,0,0,0,0,0,0,0,0,0,0,0,0,0,22,1,0
/Users/larrymotuzis/Larry_Motuzis_Data/Project06_POI/poi/src/main/java/org/apache/poi/hssf/record/SSTSerializer.java,org.apache.poi.hssf.record.SSTSerializer,class,6,8,2,6,9,1,0,8,0,0.53333336,0.8333333,1.0,6,1,4,2,0,0,4,0,0,0,5,0,0,5,0,0,5,0,2,43,4,1,1,0,1,0,2,12,2,10,3,0,0,0,51,16,0
/Users/larrymotuzis/Larry_Motuzis_Data/Project06_POI/poi/src/main/java/org/apache/poi/sl/usermodel/LineDecoration.java,org.apache.poi.sl.usermodel.LineDecoration$DecorationShape,enum,1,1,0,1,7,1,0,1,0,0.33333334,0.6666667,1.0,3,2,2,0,0,1,3,0,0,0,2,0,2,0,0,0,2,0,2,19,4,2,2,0,0,0,12,2,0,2,2,0,0,0,37,0,0
/Users/larrymotuzis/Larry_Motuzis_Data/Project06_POI/poi/src/main/java/org/apache/poi/hssf/record/ExtSSTRecord.java,org.apache.poi.hssf.record.ExtSSTRecord,class,8,13,5,8,23,4,0,15,37,0.7571429,0.21978022,0.30769232,14,2,12,0,0,2,14,0,0,0,5,3,3,2,0,0,3,0,2,104,8,3,4,0,3,2,13,18,7,10,2,0,1,0,97,17,0
/Users/larrymotuzis/Larry_Motuzis_Data/Project06_POI/poi/src/main/java/org/apache/poi/ss/formula/FormulaCellCache.java,org.apache.poi.ss.formula.FormulaCellCache$IEntryOperation,interface,1,1,0,1,1,1,0,0,0,0.0,NaN,NaN,1,0,0,0,0,1,1,0,0,0,0,0,0,0,0,0,0,0,0,3,0,0,0,0,0,0,0,0,0,0,0,0,0,0,8,8,0
/Users/larrymotuzis/Larry_Motuzis_Data/Project06_POI/poi/src/main/java/org/apache/poi/ss/formula/DataValidationEvaluator.java,org.apache.poi.ss.formula.DataValidationEvaluator$ValidationEnum$Anonymous5,anonymous,10,10,0,10,6,1,0,10,0,0.0,NaN,NaN,1,0,1,0,0,0,1,0,0,0,0,0,0,0,0,0,0,0,0,17,5,0,1,0,4,0,1,2,0,1,1,0,0,0,35,-1,0
/Users/larrymotuzis/Larry_Motuzis_Data/Project06_POI/poi/src/main/java/org/apache/poi/ss/formula/DataValidationEvaluator.java,org.apache.poi.ss.formula.DataValidationEvaluator$ValidationEnum$Anonymous4,anonymous,4,4,0,4,2,1,0,5,0,0.0,NaN,NaN,1,0,1,0,0,0,1,0,0,0,0,0,0,0,0,0,0,0,2,7,2,0,0,0,0,0,0,1,0,1,1,0,0,0,12,-1,0
/Users/larrymotuzis/Larry_Motuzis_Data/Project06_POI/poi/src/main/java/org/apache/poi/ss/formula/DataValidationEvaluator.java,org.apache.poi.ss.formula.DataValidationEvaluator$DataValidationContext,innerclass,5,5,0,5,11,1,0,11,5,0.6136364,0.45454547,1.0,11,0,11,0,0,0,11,0,0,0,4,0,0,4,0,0,4,0,0,42,10,0,0,0,0,0,0,4,2,4,0,0,0,0,55,9,0
/Users/larrymotuzis/Larry_Motuzis_Data/Project06_POI/poi/src/main/java/org/apache/poi/ss/formula/DataValidationEvaluator.java,org.apache.poi.ss.formula.DataValidationEvaluator$ValidationEnum$Anonymous3,anonymous,10,10,0,10,15,1,0,11,0,0.0,NaN,NaN,1,0,1,0,0,0,1,0,0,0,0,0,0,0,0,0,0,0,4,36,6,1,3,0,4,0,0,2,0,2,3,0,0,0,28,-1,0
/Users/larrymotuzis/Larry_Motuzis_Data/Project06_POI/poi/src/main/java/org/apache/poi/hssf/usermodel/HSSFAnchor.java,org.apache.poi.hssf.usermodel.HSSFAnchor,class,6,19,13,6,9,1,2,6,21,1.0,0.0,0.0,7,1,5,0,2,0,7,4,0,0,2,0,0,0,2,0,0,0,0,29,3,0,2,0,0,0,0,0,0,2,2,0,0,0,47,1025,0
/Users/larrymotuzis/Larry_Motuzis_Data/Project06_POI/poi/src/main/java/org/apache/poi/ss/formula/DataValidationEvaluator.java,org.apache.poi.ss.formula.DataValidationEvaluator$ValidationEnum$Anonymous2,anonymous,2,2,0,2,2,1,0,3,0,0.0,NaN,NaN,1,0,1,0,0,0,1,0,0,0,0,0,0,0,0,0,0,0,1,9,2,0,1,0,0,0,1,1,0,1,1,0,0,0,10,-1,0
/Users/larrymotuzis/Larry_Motuzis_Data/Project06_POI/poi/src/main/java/org/apache/poi/ss/formula/DataValidationEvaluator.java,org.apache.poi.ss.formula.DataValidationEvaluator$ValidationEnum$Anonymous1,anonymous,2,2,0,2,1,1,0,0,0,0.0,NaN,NaN,1,0,1,0,0,0,1,0,0,0,0,0,0,0,0,0,0,0,0,5,1,0,0,0,0,0,0,0,0,0,0,0,0,0,9,-1,0
/Users/larrymotuzis/Larry_Motuzis_Data/Project06_POI/poi/src/main/java/org/apache/poi/ss/formula/ptg/Pxg3D.java,org.apache.poi.ss.formula.ptg.Pxg3D,interface,1,3,2,1,2,1,0,0,1,0.0,0.0,0.0,2,0,2,0,0,0,2,0,0,0,0,0,0,0,0,0,0,0,0,4,0,0,0,0,0,0,0,0,0,0,0,0,0,0,25,1,0
/Users/larrymotuzis/Larry_Motuzis_Data/Project06_POI/poi/src/main/java/org/apache/poi/EncryptedDocumentException.java,org.apache.poi.EncryptedDocumentException,class,0,4,4,0,3,5,0,0,3,1.0,0.0,0.0,3,0,3,0,0,0,3,0,0,0,1,1,0,1,0,0,1,0,0,12,0,0,0,0,0,0,1,1,0,1,0,0,0,0,15,1,0
/Users/larrymotuzis/Larry_Motuzis_Data/Project06_POI/poi/src/main/java/org/apache/poi/ss/formula/functions/AggregateFunction.java,org.apache.poi.ss.formula.functions.AggregateFunction$LargeSmall,innerclass,10,10,0,10,7,2,0,8,0,0.0,1.0,1.0,2,0,1,0,1,0,2,0,0,0,1,0,0,1,0,0,1,0,7,33,5,0,0,2,0,0,1,6,0,6,2,0,0,0,22,26,0
/Users/larrymotuzis/Larry_Motuzis_Data/Project06_POI/poi/src/main/java/org/apache/poi/ss/formula/ptg/NumberPtg.java,org.apache.poi.ss.formula.ptg.NumberPtg,class,7,13,6,7,10,3,0,8,37,0.79999995,0.08888889,0.08888889,10,0,10,0,0,0,10,0,0,0,3,2,2,1,0,0,3,0,3,36,6,0,0,0,0,1,2,3,1,3,0,0,0,0,56,17,0
/Users/larrymotuzis/Larry_Motuzis_Data/Project06_POI/poi/src/main/java/org/apache/poi/ss/util/IEEEDouble.java,org.apache.poi.ss.util.IEEEDouble,class,0,1,1,0,1,1,0,1,0,0.6666667,NaN,NaN,1,1,1,0,0,0,1,0,0,0,6,6,4,2,0,0,6,0,1,11,1,0,0,0,2,0,6,6,2,6,0,0,0,0,59,16,0
/Users/larrymotuzis/Larry_Motuzis_Data/Project06_POI/poi/src/main/java/org/apache/poi/hssf/record/CFRuleRecord.java,org.apache.poi.hssf.record.CFRuleRecord,class,7,11,4,7,11,5,0,22,55,0.90909094,0.0,0.0,11,2,8,2,1,0,9,0,0,0,1,1,1,0,0,0,1,0,7,60,6,0,0,0,0,0,5,15,1,8,0,0,0,0,102,17,0
/Users/larrymotuzis/Larry_Motuzis_Data/Project06_POI/poi/src/main/java/org/apache/poi/util/CodepointsUtil.java,org.apache.poi.util.CodepointsUtil$Anonymous1,anonymous,0,0,0,0,2,1,0,3,1,0.0,0.0,0.0,2,0,2,0,0,0,2,0,0,0,0,0,0,0,0,0,0,0,1,8,2,0,0,0,0,0,0,0,0,0,0,0,0,0,3,-1,0
/Users/larrymotuzis/Larry_Motuzis_Data/Project06_POI/poi/src/main/java/org/apache/poi/ss/usermodel/FontScheme.java,org.apache.poi.ss.usermodel.FontScheme,enum,1,2,1,1,3,1,0,0,0,0.16666667,1.0,1.0,3,1,2,0,0,1,3,0,0,0,2,1,0,2,0,0,2,0,0,12,2,0,0,0,0,0,3,2,0,2,0,0,0,0,51,1,0
/Users/larrymotuzis/Larry_Motuzis_Data/Project06_POI/poi/src/main/java/org/apache/poi/ss/formula/functions/Counta.java,org.apache.poi.ss.formula.functions.Counta,class,6,8,2,6,9,1,0,1,0,0.5,0.33333334,0.33333334,4,1,3,1,0,0,3,0,0,0,4,3,0,4,0,0,4,0,0,51,6,1,1,0,0,0,3,8,0,7,1,2,0,1,58,17,0
/Users/larrymotuzis/Larry_Motuzis_Data/Project06_POI/poi/src/main/java/org/apache/poi/ss/formula/eval/RelationalOperationEval.java,org.apache.poi.ss.formula.eval.RelationalOperationEval,class,12,13,1,12,27,2,0,18,10,0.8,0.0,0.0,5,2,2,2,1,0,3,1,0,0,6,6,6,0,0,0,6,0,6,122,18,0,4,1,0,5,16,23,2,25,3,6,0,1,105,1025,0
/Users/larrymotuzis/Larry_Motuzis_Data/Project06_POI/poi/src/main/java/org/apache/poi/ss/formula/functions/Fixed.java,org.apache.poi.ss.formula.functions.Fixed,class,10,12,2,10,10,1,0,15,10,0.0,0.0,0.0,5,0,4,1,0,0,4,0,0,0,0,0,0,0,0,0,0,0,10,43,9,0,1,1,1,1,13,10,0,9,1,0,0,0,30,17,0
/Users/larrymotuzis/Larry_Motuzis_Data/Project06_POI/poi/src/main/java/org/apache/poi/ss/usermodel/FontFamily.java,org.apache.poi.ss.usermodel.FontFamily,enum,1,2,1,1,5,1,0,2,0,0.16666667,0.33333334,0.33333334,3,1,2,1,0,0,3,0,0,0,2,1,0,2,0,0,0,0,1,17,2,1,0,0,0,0,7,3,0,2,1,0,0,0,50,1,0
/Users/larrymotuzis/Larry_Motuzis_Data/Project06_POI/poi/src/main/java/org/apache/poi/logging/NoOpLogger.java,org.apache.poi.logging.NoOpLogger,class,12,14,2,12,375,1,0,0,70125,1.0,0.0,0.0,375,0,375,0,0,0,375,0,0,0,1,1,0,0,0,1,1,0,0,783,30,0,0,0,0,1,0,1,0,1,0,0,0,0,72,16,0
/Users/larrymotuzis/Larry_Motuzis_Data/Project06_POI/poi/src/main/java/org/apache/poi/sl/draw/geom/ClosePathCommandIf.java,org.apache.poi.sl.draw.geom.ClosePathCommandIf,interface,1,2,1,1,0,1,0,0,0,0.0,-1.0,-1.0,0,0,0,0,0,0,0,0,0,0,0,0,0,0,0,0,0,0,0,2,0,0,0,0,0,0,0,0,0,0,0,0,0,0,4,1,0
/Users/larrymotuzis/Larry_Motuzis_Data/Project06_POI/poi/src/main/java/org/apache/poi/ss/usermodel/ExcelGeneralNumberFormat.java,org.apache.poi.ss.usermodel.ExcelGeneralNumberFormat,class,1,2,1,1,11,2,0,12,1,0.5555556,0.33333334,0.33333334,3,0,3,0,0,0,3,0,0,0,6,2,0,6,0,0,6,0,9,41,5,0,1,0,2,4,6,9,0,9,2,0,0,0,55,1,0
/Users/larrymotuzis/Larry_Motuzis_Data/Project06_POI/poi/src/main/java/org/apache/poi/poifs/crypt/cryptoapi/CryptoAPIEncryptionInfoBuilder.java,org.apache.poi.poifs.crypt.cryptoapi.CryptoAPIEncryptionInfoBuilder,class,12,12,0,12,8,1,0,7,3,0.0,0.0,0.0,3,0,3,0,0,0,3,0,0,0,0,0,0,0,0,0,0,0,0,36,0,0,5,0,1,0,2,8,0,5,1,0,0,0,41,1,0
/Users/larrymotuzis/Larry_Motuzis_Data/Project06_POI/poi/src/main/java/org/apache/poi/hssf/record/NoteRecord.java,org.apache.poi.hssf.record.NoteRecord,class,5,10,5,5,30,4,0,14,78,0.81249994,0.29473683,0.6315789,20,0,18,0,1,1,20,0,0,0,12,5,4,8,0,0,5,0,0,116,11,0,6,0,2,6,16,31,3,13,1,0,0,0,141,17,0
/Users/larrymotuzis/Larry_Motuzis_Data/Project06_POI/poi/src/main/java/org/apache/poi/hssf/HSSFParser.java,org.apache.poi.hssf.HSSFParser,class,2,2,0,2,6,1,0,1,1,0.0,NaN,NaN,2,1,1,1,0,0,1,0,0,0,0,0,0,0,0,0,0,0,0,21,1,0,0,1,0,2,0,0,0,0,2,0,0,0,54,17,0
/Users/larrymotuzis/Larry_Motuzis_Data/Project06_POI/poi/src/main/java/org/apache/poi/ss/formula/functions/TimeFunc.java,org.apache.poi.ss.formula.functions.TimeFunc,class,5,6,1,5,9,2,0,5,3,0.75,NaN,NaN,3,2,1,2,0,0,1,0,0,0,4,4,0,4,0,0,4,0,4,33,5,0,1,1,1,0,8,7,7,7,1,0,0,0,81,17,0
/Users/larrymotuzis/Larry_Motuzis_Data/Project06_POI/poi/src/main/java/org/apache/poi/ss/usermodel/CellReferenceType.java,org.apache.poi.ss.usermodel.CellReferenceType,enum,0,1,1,0,0,1,0,0,0,0.0,-1.0,-1.0,0,0,0,0,0,0,0,0,0,0,0,0,0,0,0,0,0,0,0,4,0,0,0,0,0,0,0,0,0,0,0,0,0,0,29,1,0
/Users/larrymotuzis/Larry_Motuzis_Data/Project06_POI/poi/src/main/java/org/apache/poi/sl/draw/geom/Outline.java,org.apache.poi.sl.draw.geom.Outline,class,1,2,1,1,3,1,0,0,0,0.33333334,0.6666667,1.0,3,0,3,0,0,0,3,0,0,0,2,0,0,2,0,0,2,0,0,14,2,0,0,0,0,0,0,2,0,2,0,0,0,0,7,1,0
/Users/larrymotuzis/Larry_Motuzis_Data/Project06_POI/poi/src/main/java/org/apache/poi/ddf/EscherOptRecord.java,org.apache.poi.ddf.EscherOptRecord,class,5,6,1,5,10,3,0,10,36,0.9444444,0.0,0.0,9,0,9,0,0,0,9,0,0,0,2,2,2,0,0,0,2,0,0,37,6,0,1,0,0,1,2,2,1,2,1,0,0,0,66,1,0
/Users/larrymotuzis/Larry_Motuzis_Data/Project06_POI/poi/src/main/java/org/apache/poi/sl/usermodel/AbstractColorStyle.java,org.apache.poi.sl.usermodel.AbstractColorStyle,class,3,5,2,3,4,1,0,3,1,0.0,0.0,0.0,2,0,2,0,0,0,2,0,0,0,0,0,0,0,0,0,0,0,4,14,4,0,1,0,1,0,0,0,0,0,1,0,0,0,23,1025,0
/Users/larrymotuzis/Larry_Motuzis_Data/Project06_POI/poi/src/main/java/org/apache/poi/hssf/record/chart/AxisParentRecord.java,org.apache.poi.hssf.record.chart.AxisParentRecord,class,5,7,2,5,19,4,0,5,95,0.8289474,0.22222222,0.45614034,19,0,18,0,1,0,19,0,0,0,8,3,3,5,0,0,3,0,0,79,10,0,0,0,0,5,8,18,1,8,0,0,0,0,65,17,0
/Users/larrymotuzis/Larry_Motuzis_Data/Project06_POI/poi/src/main/java/org/apache/poi/ss/usermodel/Comment.java,org.apache.poi.ss.usermodel.Comment,interface,3,6,3,3,14,1,0,0,91,0.0,0.0,0.0,14,0,0,0,0,14,14,0,0,0,0,0,0,0,0,0,0,0,0,16,0,0,0,0,0,0,0,0,0,0,0,0,0,0,72,1,0
/Users/larrymotuzis/Larry_Motuzis_Data/Project06_POI/poi/src/main/java/org/apache/poi/ss/formula/functions/BooleanFunction.java,org.apache.poi.ss.formula.functions.BooleanFunction$Anonymous2,anonymous,0,0,0,0,2,1,0,0,1,0.0,0.0,0.0,2,0,0,0,2,0,2,0,0,0,0,0,0,0,0,0,0,0,0,8,2,0,0,0,0,0,0,0,0,0,0,0,0,0,9,-1,0
/Users/larrymotuzis/Larry_Motuzis_Data/Project06_POI/poi/src/main/java/org/apache/poi/hssf/usermodel/HSSFFontFormatting.java,org.apache.poi.hssf.usermodel.HSSFFontFormatting,class,9,11,2,9,46,1,0,42,0,0.5,0.8948949,0.9459459,37,0,34,0,0,3,37,0,0,0,2,0,0,2,0,0,2,0,0,153,20,0,1,0,0,1,1,4,0,4,1,0,0,0,100,17,0
/Users/larrymotuzis/Larry_Motuzis_Data/Project06_POI/poi/src/main/java/org/apache/poi/ss/formula/functions/BooleanFunction.java,org.apache.poi.ss.formula.functions.BooleanFunction$Anonymous1,anonymous,0,0,0,0,2,1,0,0,1,0.0,0.0,0.0,2,0,0,0,2,0,2,0,0,0,0,0,0,0,0,0,0,0,0,8,2,0,0,0,0,0,0,0,0,0,0,0,0,0,9,-1,0
/Users/larrymotuzis/Larry_Motuzis_Data/Project06_POI/poi/src/main/java/org/apache/poi/ss/formula/functions/Countif.java,org.apache.poi.ss.formula.functions.Countif$CmpOp,innerclass,1,1,0,1,34,1,0,5,0,0.8125001,0.5714286,0.71428573,9,2,7,2,0,0,7,0,0,0,16,14,14,2,0,0,16,0,7,95,21,0,2,0,0,13,19,18,3,18,3,0,0,0,44,26,0
/Users/larrymotuzis/Larry_Motuzis_Data/Project06_POI/poi/src/main/java/org/apache/poi/ss/formula/functions/Count.java,org.apache.poi.ss.formula.functions.Count$Anonymous2,anonymous,3,3,0,3,2,1,0,3,1,0.0,0.0,0.0,2,0,2,0,0,0,2,0,0,0,0,0,0,0,0,0,0,0,0,8,2,0,0,0,0,0,0,0,0,0,0,0,0,0,14,-1,0
/Users/larrymotuzis/Larry_Motuzis_Data/Project06_POI/poi/src/main/java/org/apache/poi/ss/formula/functions/Count.java,org.apache.poi.ss.formula.functions.Count$Anonymous1,anonymous,3,3,0,3,2,1,0,2,1,0.0,0.0,0.0,2,0,2,0,0,0,2,0,0,0,0,0,0,0,0,0,0,0,0,8,2,0,0,0,0,0,0,0,0,0,0,0,0,0,13,-1,0
/Users/larrymotuzis/Larry_Motuzis_Data/Project06_POI/poi/src/main/java/org/apache/poi/hssf/record/cf/IconMultiStateFormatting.java,org.apache.poi.hssf.record.cf.IconMultiStateFormatting,class,10,12,2,10,22,1,0,20,16,0.7291667,0.41666666,0.65,16,0,16,0,0,0,16,0,0,0,6,3,0,6,0,0,1,0,1,85,8,3,3,0,1,5,7,22,0,10,1,0,0,0,62,17,1
/Users/larrymotuzis/Larry_Motuzis_Data/Project06_POI/poi/src/main/java/org/apache/poi/ss/formula/eval/UnaryMinusEval.java,org.apache.poi.ss.formula.eval.UnaryMinusEval,class,9,10,1,9,6,2,0,5,3,1.0,0.0,0.0,3,0,2,1,0,0,2,0,0,0,1,1,1,0,0,0,1,0,2,25,5,0,2,1,0,0,3,3,0,4,1,0,0,1,23,17,0
/Users/larrymotuzis/Larry_Motuzis_Data/Project06_POI/poi/src/main/java/org/apache/poi/ss/formula/eval/forked/ForkedEvaluationSheet.java,org.apache.poi.ss.formula.eval.forked.ForkedEvaluationSheet$RowColKey,innerclass,1,1,0,1,10,1,0,0,0,0.16666667,0.93333334,1.0,6,0,6,0,0,0,6,0,0,0,2,0,0,2,0,0,2,0,0,31,7,0,3,0,1,0,1,4,2,4,1,0,0,0,21,26,0
/Users/larrymotuzis/Larry_Motuzis_Data/Project06_POI/poi/src/main/java/org/apache/poi/hssf/usermodel/HSSFCreationHelper.java,org.apache.poi.hssf.usermodel.HSSFCreationHelper,class,13,14,1,13,9,1,0,2,16,0.44444445,0.2777778,0.2777778,9,0,8,0,0,1,9,0,0,0,1,0,0,1,0,0,1,0,0,30,8,0,0,0,0,1,0,1,0,1,0,0,0,0,52,1,0
/Users/larrymotuzis/Larry_Motuzis_Data/Project06_POI/poi/src/main/java/org/apache/poi/ss/formula/functions/Offset.java,org.apache.poi.ss.formula.functions.Offset$BaseRef,innerclass,2,2,0,2,8,1,0,7,0,0.5714286,0.52380955,1.0,7,0,7,0,0,0,7,0,0,0,6,0,0,6,0,0,6,0,0,42,6,0,1,0,0,0,4,12,4,6,1,0,0,0,35,26,0
/Users/larrymotuzis/Larry_Motuzis_Data/Project06_POI/poi/src/main/java/org/apache/poi/ss/formula/atp/XLookupFunction.java,org.apache.poi.ss.formula.atp.XLookupFunction$Anonymous1,anonymous,5,5,0,5,24,1,0,3,210,0.0,0.0,0.0,21,0,21,0,0,0,21,0,0,0,0,0,0,0,0,0,0,0,0,68,22,0,2,0,0,1,9,0,1,0,1,0,0,0,35,-1,0
/Users/larrymotuzis/Larry_Motuzis_Data/Project06_POI/poi/src/main/java/org/apache/poi/hpsf/Thumbnail.java,org.apache.poi.hpsf.Thumbnail,class,5,7,2,5,12,1,0,5,18,0.8412699,0.25,0.3611111,9,2,9,0,0,0,9,0,0,0,14,13,11,3,0,0,12,0,3,49,5,0,3,0,3,6,12,17,4,15,1,0,0,0,164,17,0
/Users/larrymotuzis/Larry_Motuzis_Data/Project06_POI/poi/src/main/java/org/apache/poi/hssf/usermodel/HSSFShapeGroup.java,org.apache.poi.hssf.usermodel.HSSFShapeGroup,class,27,32,5,27,48,2,0,67,180,0.64285713,0.2820513,0.2820513,28,0,19,1,5,3,27,0,0,0,2,0,0,2,0,0,2,0,1,269,18,5,2,0,5,2,21,50,2,43,2,0,0,0,153,1,0
/Users/larrymotuzis/Larry_Motuzis_Data/Project06_POI/poi/src/main/java/org/apache/poi/poifs/filesystem/Ole10Native.java,org.apache.poi.poifs.filesystem.Ole10Native,class,12,13,1,12,53,1,0,51,565,0.91923076,0.056818184,0.15151516,39,11,33,6,0,0,33,0,0,0,20,8,1,19,0,0,6,0,9,248,19,1,7,3,2,8,43,56,7,35,3,0,1,0,266,1,0
/Users/larrymotuzis/Larry_Motuzis_Data/Project06_POI/poi/src/main/java/org/apache/poi/sl/usermodel/ShapeType.java,org.apache.poi.sl.usermodel.ShapeType,enum,1,3,2,1,16,1,0,9,0,0.33333334,0.33333334,0.33333334,3,1,2,0,0,1,3,0,0,0,3,0,3,0,0,0,3,0,1,36,5,2,6,0,3,205,494,7,1,5,2,0,0,0,88,1,0
/Users/larrymotuzis/Larry_Motuzis_Data/Project06_POI/poi/src/main/java/org/apache/poi/ss/formula/eval/NumericValueEval.java,org.apache.poi.ss.formula.eval.NumericValueEval,interface,1,18,17,1,1,1,0,0,0,0.0,NaN,NaN,1,0,0,0,0,1,1,0,0,0,0,0,0,0,0,0,0,0,0,3,0,0,0,0,0,0,0,0,0,0,0,0,0,0,5,1,0
/Users/larrymotuzis/Larry_Motuzis_Data/Project06_POI/poi/src/main/java/org/apache/poi/hssf/record/RecordFactory.java,org.apache.poi.hssf.record.RecordFactory,class,17,25,8,17,20,1,0,35,49,0.87878793,0.06666667,0.06666667,11,10,10,1,0,0,10,0,0,0,3,3,0,3,0,0,2,0,7,89,12,4,1,0,3,1,6,24,3,19,1,0,0,0,128,17,0
/Users/larrymotuzis/Larry_Motuzis_Data/Project06_POI/poi/src/main/java/org/apache/poi/ss/formula/ptg/Area3DPtg.java,org.apache.poi.ss.formula.ptg.Area3DPtg,class,11,17,6,11,15,4,0,10,73,0.8,0.15238096,0.2,15,0,15,0,0,0,15,0,0,0,3,2,1,2,0,0,2,0,2,57,7,0,0,0,0,3,2,5,1,3,0,0,0,0,93,17,0
/Users/larrymotuzis/Larry_Motuzis_Data/Project06_POI/poi/src/main/java/org/apache/poi/sl/usermodel/TextShape.java,org.apache.poi.sl.usermodel.TextShape$TextDirection,enum,0,0,0,0,0,1,0,0,0,0.0,-1.0,-1.0,0,0,0,0,0,0,0,0,0,0,0,0,0,0,0,0,0,0,0,5,0,0,0,0,0,0,0,0,0,0,0,0,0,0,49,0,0
/Users/larrymotuzis/Larry_Motuzis_Data/Project06_POI/poi/src/main/java/org/apache/poi/util/LittleEndianInputStream.java,org.apache.poi.util.LittleEndianInputStream,class,6,8,2,6,36,3,0,22,198,0.9047619,0.03508772,0.03508772,21,1,19,2,0,0,19,0,0,2,4,2,0,4,0,0,2,0,14,133,14,1,5,6,1,3,15,19,4,14,2,0,0,0,103,1,0
/Users/larrymotuzis/Larry_Motuzis_Data/Project06_POI/poi/src/main/java/org/apache/poi/ss/formula/functions/CountUtils.java,org.apache.poi.ss.formula.functions.CountUtils$I_MatchAreaPredicate,interface,2,2,0,2,1,1,0,0,0,0.0,NaN,NaN,1,0,0,0,0,1,1,0,0,0,0,0,0,0,0,0,0,0,0,3,0,0,0,0,0,0,0,0,0,0,0,0,0,0,11,1,0
/Users/larrymotuzis/Larry_Motuzis_Data/Project06_POI/poi/src/main/java/org/apache/poi/ss/formula/functions/MultiOperandNumericFunction.java,org.apache.poi.ss.formula.functions.MultiOperandNumericFunction$EvalConsumer,interface,2,2,0,2,1,1,0,0,0,0.0,NaN,NaN,1,0,0,0,0,1,1,0,0,0,0,0,0,0,0,0,0,0,0,3,0,0,0,0,0,0,0,0,0,0,0,0,0,0,6,2,0
/Users/larrymotuzis/Larry_Motuzis_Data/Project06_POI/poi/src/main/java/org/apache/poi/hssf/record/CalcModeRecord.java,org.apache.poi.hssf.record.CalcModeRecord,class,5,7,2,5,11,4,0,4,43,0.8,0.10909091,0.10909091,11,0,10,0,1,0,11,0,0,0,5,4,4,1,0,0,4,0,0,40,6,0,0,0,0,1,5,7,0,5,0,0,0,0,68,17,0
/Users/larrymotuzis/Larry_Motuzis_Data/Project06_POI/poi/src/main/java/org/apache/poi/hssf/eventusermodel/dummyrecord/DummyRecordBase.java,org.apache.poi.hssf.eventusermodel.dummyrecord.DummyRecordBase,class,3,6,3,3,4,3,3,0,6,0.0,0.0,0.0,4,0,3,0,1,0,4,0,2,0,0,0,0,0,0,0,0,0,0,13,1,0,0,0,0,2,1,0,0,0,0,0,0,0,12,1024,0
/Users/larrymotuzis/Larry_Motuzis_Data/Project06_POI/poi/src/main/java/org/apache/poi/ss/formula/functions/Match.java,org.apache.poi.ss.formula.functions.Match$SingleValueVector,innerclass,2,2,0,2,4,1,0,0,1,0.33333334,0.33333334,0.33333334,3,0,3,0,0,0,3,0,0,0,1,0,0,1,0,0,1,0,0,15,2,0,1,0,0,2,2,1,1,1,1,0,0,0,16,26,0
/Users/larrymotuzis/Larry_Motuzis_Data/Project06_POI/poi/src/main/java/org/apache/poi/ss/formula/function/FunctionMetadataReader.java,org.apache.poi.ss.formula.function.FunctionMetadataReader,class,5,7,2,5,36,1,0,27,64,0.925,0.16666667,0.16666667,12,12,4,8,0,0,4,0,0,0,10,10,0,10,0,0,9,0,21,135,15,3,7,3,0,27,25,32,8,30,4,0,0,0,141,16,0
/Users/larrymotuzis/Larry_Motuzis_Data/Project06_POI/poi/src/main/java/org/apache/poi/hssf/record/chart/SeriesListRecord.java,org.apache.poi.hssf.record.chart.SeriesListRecord,class,6,8,2,6,14,4,0,5,15,0.65,0.22222222,0.22222222,10,0,9,0,1,0,10,0,0,0,2,1,1,1,0,0,1,0,0,44,6,2,2,0,2,1,4,9,2,6,1,0,0,0,66,17,0
/Users/larrymotuzis/Larry_Motuzis_Data/Project06_POI/poi/src/main/java/org/apache/poi/hssf/record/chart/SeriesLabelsRecord.java,org.apache.poi.hssf.record.chart.SeriesLabelsRecord,class,6,8,2,6,23,4,0,7,0,0.80434775,0.58498025,0.60474306,23,0,22,0,1,0,23,0,0,0,8,7,1,7,0,0,7,0,0,79,12,0,0,0,0,7,8,16,0,8,0,0,0,0,85,17,0
/Users/larrymotuzis/Larry_Motuzis_Data/Project06_POI/poi/src/main/java/org/apache/poi/hssf/OldExcelFormatException.java,org.apache.poi.hssf.OldExcelFormatException,class,1,1,0,1,1,2,0,0,0,0.0,NaN,NaN,1,0,1,0,0,0,1,0,0,0,0,0,0,0,0,0,0,0,0,5,0,0,0,0,0,0,0,0,0,0,0,0,0,0,6,1,0
/Users/larrymotuzis/Larry_Motuzis_Data/Project06_POI/poi/src/main/java/org/apache/poi/poifs/crypt/cryptoapi/CryptoAPIDecryptor.java,org.apache.poi.poifs.crypt.cryptoapi.CryptoAPIDecryptor$CryptoAPICipherInputStream,innerclass,2,2,0,2,2,3,0,1,1,0.0,0.0,0.0,2,0,1,0,1,0,2,0,0,0,0,0,0,0,0,0,0,0,0,8,1,0,0,0,0,0,0,0,0,0,0,0,0,0,17,2,0
/Users/larrymotuzis/Larry_Motuzis_Data/Project06_POI/poi/src/main/java/org/apache/poi/poifs/crypt/binaryrc4/BinaryRC4EncryptionInfoBuilder.java,org.apache.poi.poifs.crypt.binaryrc4.BinaryRC4EncryptionInfoBuilder,class,12,12,0,12,5,1,0,8,3,0.0,0.0,0.0,3,0,3,0,0,0,3,0,0,0,0,0,0,0,0,0,0,0,0,27,0,0,2,0,1,0,2,6,0,6,0,0,0,0,31,1,0
/Users/larrymotuzis/Larry_Motuzis_Data/Project06_POI/poi/src/main/java/org/apache/poi/ss/formula/ptg/DeletedArea3DPtg.java,org.apache.poi.ss.formula.ptg.DeletedArea3DPtg,class,9,12,3,9,11,3,0,9,27,0.6590909,0.25454545,0.38181818,11,0,11,0,0,0,11,0,0,0,4,1,1,3,0,0,4,0,2,46,7,0,0,0,0,4,4,7,1,4,0,0,0,2,55,17,0
/Users/larrymotuzis/Larry_Motuzis_Data/Project06_POI/poi/src/main/java/org/apache/poi/sl/draw/DrawAutoShape.java,org.apache.poi.sl.draw.DrawAutoShape,class,2,4,2,2,1,4,2,0,0,0.0,NaN,NaN,1,0,1,0,0,0,1,0,0,0,0,0,0,0,0,0,0,0,0,5,0,0,0,0,0,0,0,0,0,0,0,0,0,0,5,1,0
/Users/larrymotuzis/Larry_Motuzis_Data/Project06_POI/poi/src/main/java/org/apache/poi/poifs/nio/CleanerUtil.java,org.apache.poi.poifs.nio.CleanerUtil$BufferCleaner,interface,0,0,0,0,1,1,0,0,0,0.0,NaN,NaN,1,0,0,0,0,1,1,0,0,0,0,0,0,0,0,0,0,0,0,3,0,0,0,0,0,0,0,0,0,0,0,0,0,0,21,1,0
/Users/larrymotuzis/Larry_Motuzis_Data/Project06_POI/poi/src/main/java/org/apache/poi/hssf/usermodel/HSSFEvaluationCell.java,org.apache.poi.hssf.usermodel.HSSFEvaluationCell,class,7,10,3,7,15,1,0,12,0,0.5,0.75238097,0.8666667,15,0,15,0,0,0,15,0,0,0,2,0,0,2,0,0,2,0,0,50,13,0,0,0,0,0,0,2,0,2,0,0,0,0,45,16,0
/Users/larrymotuzis/Larry_Motuzis_Data/Project06_POI/poi/src/main/java/org/apache/poi/hssf/usermodel/HeaderFooter.java,org.apache.poi.hssf.usermodel.HeaderFooter,class,3,6,3,3,53,1,2,18,351,0.0,0.0,0.0,27,15,21,3,3,0,24,2,6,0,0,0,0,0,0,0,0,0,7,170,21,3,3,0,1,34,21,35,4,14,3,0,1,0,121,1025,0
/Users/larrymotuzis/Larry_Motuzis_Data/Project06_POI/poi/src/main/java/org/apache/poi/hssf/record/SupBookRecord.java,org.apache.poi.hssf.record.SupBookRecord,class,6,9,3,6,51,4,0,21,93,0.87626255,0.29473683,0.4105263,22,4,19,2,1,0,20,0,0,0,18,14,1,8,0,9,16,0,3,183,19,4,9,0,0,16,24,50,3,29,2,0,0,0,140,17,2
/Users/larrymotuzis/Larry_Motuzis_Data/Project06_POI/poi/src/main/java/org/apache/poi/sl/draw/geom/Context.java,org.apache.poi.sl.draw.geom.Context,class,6,21,15,6,11,1,0,12,4,0.65,0.3,0.4,5,0,3,0,0,2,5,0,0,0,4,1,0,4,0,0,4,0,3,38,5,2,1,0,1,5,0,6,2,6,2,0,0,0,43,1,0
/Users/larrymotuzis/Larry_Motuzis_Data/Project06_POI/poi/src/main/java/org/apache/poi/sl/draw/geom/CustomGeometry.java,org.apache.poi.sl.draw.geom.CustomGeometry,class,11,17,6,11,15,1,0,16,32,0.7307692,0.4181818,1.0,13,2,11,2,0,0,11,0,0,0,6,0,0,0,0,6,5,0,11,65,9,0,1,0,1,0,0,11,0,11,1,0,0,0,94,17,0
/Users/larrymotuzis/Larry_Motuzis_Data/Project06_POI/poi/src/main/java/org/apache/poi/poifs/filesystem/DocumentDescriptor.java,org.apache.poi.poifs.filesystem.DocumentDescriptor,class,2,4,2,2,12,1,0,10,0,0.25,1.0,1.0,4,0,4,0,0,0,4,0,0,0,3,0,0,3,0,0,0,0,0,45,3,1,6,0,3,4,4,9,2,7,2,0,0,0,53,1,0
/Users/larrymotuzis/Larry_Motuzis_Data/Project06_POI/poi/src/main/java/org/apache/poi/ss/util/CellRangeAddressBase.java,org.apache.poi.ss.util.CellRangeAddressBase,class,10,29,19,10,66,1,1,30,210,0.6363636,0.3419355,0.4967742,33,2,26,2,5,0,31,0,11,0,4,0,0,4,0,0,0,0,11,167,27,0,16,0,15,11,14,14,12,10,1,0,2,0,187,1025,0
/Users/larrymotuzis/Larry_Motuzis_Data/Project06_POI/poi/src/main/java/org/apache/poi/hssf/record/OldLabelRecord.java,org.apache.poi.hssf.record.OldLabelRecord,class,9,11,2,9,11,2,0,16,22,0.8333333,0.10714286,0.21428572,8,0,8,0,0,0,8,0,0,0,6,3,2,4,0,0,4,0,1,43,4,0,1,0,0,6,4,7,0,6,1,0,0,0,79,17,1
/Users/larrymotuzis/Larry_Motuzis_Data/Project06_POI/poi/src/main/java/org/apache/poi/ss/formula/functions/LookupUtils.java,org.apache.poi.ss.formula.functions.LookupUtils$BinarySearchIndexes,innerclass,0,0,0,0,7,1,0,0,0,0.2,0.9,1.0,5,0,5,0,0,0,5,0,0,0,2,0,0,2,0,0,0,0,0,29,4,0,0,0,1,0,4,5,3,3,1,0,0,0,34,26,0
/Users/larrymotuzis/Larry_Motuzis_Data/Project06_POI/poi/src/main/java/org/apache/poi/hssf/record/SubRecord.java,org.apache.poi.hssf.record.SubRecord$SubRecordTypes$RecordConstructor,interface,2,2,0,2,1,1,0,0,0,0.0,NaN,NaN,1,0,0,0,0,1,1,0,0,0,0,0,0,0,0,0,0,0,0,3,0,0,0,0,0,0,0,0,0,0,0,0,0,0,35,1,0
/Users/larrymotuzis/Larry_Motuzis_Data/Project06_POI/poi/src/main/java/org/apache/poi/sl/usermodel/ConnectorShape.java,org.apache.poi.sl.usermodel.ConnectorShape,interface,5,8,3,5,0,1,0,0,0,0.0,-1.0,-1.0,0,0,0,0,0,0,0,0,0,0,0,0,0,0,0,0,0,0,0,2,0,0,0,0,0,0,0,0,0,0,0,0,0,0,2,1,0
/Users/larrymotuzis/Larry_Motuzis_Data/Project06_POI/poi/src/main/java/org/apache/poi/hssf/record/DrawingSelectionRecord.java,org.apache.poi.hssf.record.DrawingSelectionRecord,class,8,10,2,8,9,4,0,5,9,0.59523815,0.14285715,0.14285715,7,0,6,0,1,0,7,0,0,0,6,1,1,5,0,0,1,0,0,63,5,2,0,0,0,5,5,10,3,9,1,0,1,5,61,17,0
/Users/larrymotuzis/Larry_Motuzis_Data/Project06_POI/poi/src/main/java/org/apache/poi/poifs/crypt/agile/AgileEncryptor.java,org.apache.poi.poifs.crypt.agile.AgileEncryptor$AgileCipherOutputStream,innerclass,9,9,0,9,5,4,0,13,10,0.0,0.0,0.0,5,0,1,1,3,0,4,0,0,0,0,0,0,0,0,0,0,0,3,23,1,0,0,0,0,0,1,2,0,2,0,0,0,0,117,2,0
/Users/larrymotuzis/Larry_Motuzis_Data/Project06_POI/poi/src/main/java/org/apache/poi/hssf/record/OldSheetRecord.java,org.apache.poi.hssf.record.OldSheetRecord,class,7,8,1,7,11,1,0,11,20,0.7708333,0.14285715,0.35714287,8,0,8,0,0,0,8,0,0,0,6,1,1,5,0,0,5,0,1,49,6,0,1,1,0,4,5,8,0,8,3,0,0,2,76,17,0
/Users/larrymotuzis/Larry_Motuzis_Data/Project06_POI/poi/src/main/java/org/apache/poi/hpsf/VariantBool.java,org.apache.poi.hpsf.VariantBool,class,4,7,3,4,5,1,0,5,0,0.5555556,1.0,1.0,3,0,3,0,0,0,3,0,0,0,3,2,0,2,0,1,2,0,0,26,1,0,0,0,0,1,3,7,0,4,1,0,0,0,26,1,1
/Users/larrymotuzis/Larry_Motuzis_Data/Project06_POI/poi/src/main/java/org/apache/poi/hpsf/Decimal.java,org.apache.poi.hpsf.Decimal,class,2,3,1,2,1,1,0,4,0,0.0,NaN,NaN,1,0,1,0,0,0,1,0,0,0,5,0,0,5,0,0,0,0,0,14,0,0,0,0,0,0,0,5,0,5,0,0,0,0,31,1,0
/Users/larrymotuzis/Larry_Motuzis_Data/Project06_POI/poi/src/main/java/org/apache/poi/ss/formula/functions/Countifs.java,org.apache.poi.ss.formula.functions.Countifs,class,5,6,1,5,2,2,0,0,1,1.0,0.0,0.0,2,0,0,0,2,0,2,0,0,0,1,1,1,0,0,0,1,0,0,18,2,0,0,0,0,0,0,1,0,1,0,1,0,0,50,1,0
/Users/larrymotuzis/Larry_Motuzis_Data/Project06_POI/poi/src/main/java/org/apache/poi/hssf/usermodel/HSSFChart.java,org.apache.poi.hssf.usermodel.HSSFChart$HSSFChartType,enum,0,0,0,0,1,1,0,0,0,0.0,NaN,NaN,1,0,1,0,0,0,1,1,0,0,0,0,0,0,0,0,0,0,0,32,0,0,0,0,0,0,0,0,0,0,0,6,0,0,14,1,0
/Users/larrymotuzis/Larry_Motuzis_Data/Project06_POI/poi/src/main/java/org/apache/poi/hssf/record/MulRKRecord.java,org.apache.poi.hssf.record.MulRKRecord$RkRec,innerclass,3,3,0,3,4,1,0,4,1,0.44444445,0.0,0.0,3,1,2,1,0,0,2,0,0,0,3,1,3,0,0,0,3,0,0,20,2,1,0,0,1,2,3,7,2,6,1,0,0,2,27,26,0
/Users/larrymotuzis/Larry_Motuzis_Data/Project06_POI/poi/src/main/java/org/apache/poi/ss/formula/FormulaUsedBlankCellSet.java,org.apache.poi.ss.formula.FormulaUsedBlankCellSet$BlankCellRectangleGroup,innerclass,1,1,0,1,11,1,0,6,0,0.0625,1.0,1.0,4,0,4,0,0,0,4,0,0,0,4,0,0,4,0,0,3,0,0,48,10,0,3,0,0,2,2,8,1,7,1,0,0,0,27,26,0
/Users/larrymotuzis/Larry_Motuzis_Data/Project06_POI/poi/src/main/java/org/apache/poi/ss/formula/ptg/PercentPtg.java,org.apache.poi.ss.formula.ptg.PercentPtg,class,2,5,3,2,5,4,0,0,10,0.84999996,0.0,0.0,5,0,4,1,0,0,4,0,0,0,4,4,3,1,0,0,4,0,0,20,4,0,0,0,0,1,4,4,1,4,0,0,0,0,26,17,0
/Users/larrymotuzis/Larry_Motuzis_Data/Project06_POI/poi/src/main/java/org/apache/poi/hssf/record/chart/AreaRecord.java,org.apache.poi.hssf.record.chart.AreaRecord,class,6,8,2,6,17,4,0,6,26,0.7882353,0.40441176,0.40441176,17,0,16,0,1,0,17,0,0,0,5,4,1,4,0,0,4,0,0,58,9,0,0,0,0,4,5,10,0,5,0,0,0,0,68,17,0
/Users/larrymotuzis/Larry_Motuzis_Data/Project06_POI/poi/src/main/java/org/apache/poi/ss/formula/functions/Rate.java,org.apache.poi.ss.formula.functions.Rate,class,8,10,2,8,17,1,0,14,6,0.75,0.0,0.0,4,3,1,1,0,2,3,0,0,0,1,1,0,1,0,0,1,0,21,61,6,1,0,1,9,1,30,32,30,23,2,0,0,0,110,1,1
/Users/larrymotuzis/Larry_Motuzis_Data/Project06_POI/poi/src/main/java/org/apache/poi/poifs/crypt/agile/KeyEncryptor.java,org.apache.poi.poifs.crypt.agile.KeyEncryptor,class,6,9,3,6,13,1,0,7,0,0.64285713,0.52380955,0.71428573,7,0,6,0,0,1,7,0,0,0,4,2,0,2,0,2,2,0,0,44,2,1,3,0,0,5,1,10,0,8,2,0,0,0,49,1,0
/Users/larrymotuzis/Larry_Motuzis_Data/Project06_POI/poi/src/main/java/org/apache/poi/ss/usermodel/DataFormatter.java,org.apache.poi.ss.usermodel.DataFormatter$ZipPlusFourFormat,innerclass,2,2,0,2,4,2,0,6,4,0.75,0.33333334,0.33333334,4,1,3,1,0,0,3,0,0,0,2,2,1,1,0,0,2,0,2,16,3,0,0,0,0,2,4,3,1,3,0,0,0,0,32,26,0
/Users/larrymotuzis/Larry_Motuzis_Data/Project06_POI/poi/src/main/java/org/apache/poi/POIDocument.java,org.apache.poi.POIDocument,class,15,17,2,15,67,1,1,52,239,0.8384616,0.1660079,0.1660079,26,0,12,3,11,0,23,3,0,0,5,1,0,5,0,0,1,0,1,214,16,0,23,7,4,21,1,34,3,24,3,0,0,0,274,1025,5
/Users/larrymotuzis/Larry_Motuzis_Data/Project06_POI/poi/src/main/java/org/apache/poi/ss/usermodel/ExcelNumberFormat.java,org.apache.poi.ss.usermodel.ExcelNumberFormat,class,5,10,5,5,11,1,0,6,6,0.6,0.2,0.3,5,2,5,0,0,0,5,0,0,0,2,0,0,2,0,0,2,0,1,34,6,1,5,0,0,0,0,7,0,5,3,0,0,0,73,1,0
/Users/larrymotuzis/Larry_Motuzis_Data/Project06_POI/poi/src/main/java/org/apache/poi/ss/format/CellFormat.java,org.apache.poi.ss.format.CellFormat,class,9,11,2,9,74,1,0,43,51,0.82142854,0.19444445,0.19444445,14,4,9,5,0,0,9,0,0,1,12,5,0,12,0,0,12,0,10,234,38,1,12,2,13,25,25,43,6,29,4,1,0,1,255,1,1
/Users/larrymotuzis/Larry_Motuzis_Data/Project06_POI/poi/src/main/java/org/apache/poi/ss/formula/eval/IntersectionEval.java,org.apache.poi.ss.formula.eval.IntersectionEval,class,8,9,1,8,13,2,0,13,6,1.0,NaN,NaN,4,2,1,3,0,0,1,0,0,0,1,1,1,0,0,0,1,0,7,57,10,0,1,1,1,2,4,15,5,15,2,0,0,0,52,17,0
/Users/larrymotuzis/Larry_Motuzis_Data/Project06_POI/poi/src/main/java/org/apache/poi/hssf/record/FnGroupCountRecord.java,org.apache.poi.hssf.record.FnGroupCountRecord,class,5,8,3,5,11,4,0,4,43,0.8484848,0.10909091,0.10909091,11,0,10,0,1,0,11,0,0,0,3,2,2,1,0,0,2,0,0,38,6,0,0,0,0,1,3,5,0,3,0,0,0,0,56,17,0
/Users/larrymotuzis/Larry_Motuzis_Data/Project06_POI/poi/src/main/java/org/apache/poi/poifs/filesystem/POIFSMiniStore.java,org.apache.poi.poifs.filesystem.POIFSMiniStore,class,13,16,3,13,31,2,0,46,14,0.6666666,0.34545454,0.5090909,12,0,0,1,9,2,11,0,0,0,5,0,0,5,0,0,4,0,2,143,11,7,7,1,2,1,10,38,9,33,4,0,0,0,159,1,0
/Users/larrymotuzis/Larry_Motuzis_Data/Project06_POI/poi/src/main/java/org/apache/poi/poifs/crypt/binaryrc4/BinaryRC4Decryptor.java,org.apache.poi.poifs.crypt.binaryrc4.BinaryRC4Decryptor,class,13,18,5,13,17,4,0,35,33,0.6818182,0.12727273,0.18181819,11,2,7,0,4,0,11,0,0,0,2,0,0,2,0,0,0,0,9,101,9,1,2,1,0,3,16,31,0,24,2,0,1,0,87,1,0
/Users/larrymotuzis/Larry_Motuzis_Data/Project06_POI/poi/src/main/java/org/apache/poi/ddf/EscherPropertyMetaData.java,org.apache.poi.ddf.EscherPropertyMetaData,class,0,0,0,0,4,1,0,0,0,0.84375,0.6666667,1.0,4,0,4,0,0,0,4,0,0,0,8,6,6,2,0,0,6,0,0,23,2,0,0,0,0,0,6,9,0,8,0,0,0,0,36,1,0
/Users/larrymotuzis/Larry_Motuzis_Data/Project06_POI/poi/src/main/java/org/apache/poi/hssf/record/HeaderRecord.java,org.apache.poi.hssf.record.HeaderRecord,class,4,7,3,4,6,5,0,0,15,0.8333333,0.0,0.0,6,0,6,0,0,0,6,0,0,0,1,1,1,0,0,0,1,0,0,21,3,0,0,0,0,0,1,1,0,1,0,0,0,0,24,17,0
/Users/larrymotuzis/Larry_Motuzis_Data/Project06_POI/poi/src/main/java/org/apache/poi/hssf/record/FtCfSubRecord.java,org.apache.poi.hssf.record.FtCfSubRecord,class,7,8,1,7,13,2,0,4,40,0.8194445,0.1969697,0.3181818,12,0,10,0,1,1,12,0,0,0,6,5,5,1,0,0,5,0,0,49,6,0,1,0,0,6,6,8,1,6,1,0,0,0,89,17,0
/Users/larrymotuzis/Larry_Motuzis_Data/Project06_POI/poi/src/main/java/org/apache/poi/ss/formula/functions/EOMonth.java,org.apache.poi.ss.formula.functions.EOMonth,class,6,7,1,6,5,1,0,12,0,1.0,NaN,NaN,1,0,1,0,0,0,1,0,0,0,1,1,1,0,0,0,1,0,1,30,3,0,1,1,0,0,10,6,1,5,2,0,0,0,54,1,0
/Users/larrymotuzis/Larry_Motuzis_Data/Project06_POI/poi/src/main/java/org/apache/poi/hssf/record/pivottable/ExtendedPivotTableViewFieldsRecord.java,org.apache.poi.hssf.record.pivottable.ExtendedPivotTableViewFieldsRecord,class,6,8,2,6,14,4,0,11,8,0.575,0.35714287,0.35714287,8,0,6,0,2,0,8,0,0,0,10,2,1,9,0,0,2,0,0,80,6,0,4,0,2,8,16,22,3,11,1,0,0,6,74,17,0
/Users/larrymotuzis/Larry_Motuzis_Data/Project06_POI/poi/src/main/java/org/apache/poi/hssf/record/RecordFactoryInputStream.java,org.apache.poi.hssf.record.RecordFactoryInputStream$StreamEncryptionInfo,innerclass,11,11,0,11,16,1,0,11,0,0.55,0.5,1.0,5,0,5,0,0,0,5,0,0,0,4,0,0,4,0,0,4,0,4,66,4,0,2,1,1,5,1,16,2,9,3,0,0,0,94,26,0
/Users/larrymotuzis/Larry_Motuzis_Data/Project06_POI/poi/src/main/java/org/apache/poi/hssf/record/chart/ChartTitleFormatRecord.java,org.apache.poi.hssf.record.chart.ChartTitleFormatRecord,class,7,9,2,7,16,4,0,9,3,0.6,0.22222222,0.22222222,10,0,9,0,1,0,10,0,0,0,2,1,1,1,0,0,2,0,1,81,6,3,2,0,1,1,8,11,7,8,2,0,1,1,60,1,0
/Users/larrymotuzis/Larry_Motuzis_Data/Project06_POI/poi/src/main/java/org/apache/poi/hssf/record/ExternSheetRecord.java,org.apache.poi.hssf.record.ExternSheetRecord$RefSubRecord,innerclass,4,4,0,4,9,1,0,4,12,0.6666667,0.33333334,0.41666666,9,0,9,0,0,0,9,0,0,0,4,1,1,3,0,0,2,0,0,39,5,0,0,0,0,3,1,7,0,4,0,0,0,0,57,26,0
/Users/larrymotuzis/Larry_Motuzis_Data/Project06_POI/poi/src/main/java/org/apache/poi/ss/formula/EvaluationConditionalFormatRule.java,org.apache.poi.ss.formula.EvaluationConditionalFormatRule$ValueAndFormat,innerclass,1,1,0,1,23,1,0,9,0,0.4166667,0.8333333,1.0,9,0,9,0,0,0,9,0,0,0,4,0,0,4,0,0,4,0,4,64,14,0,12,0,2,0,7,10,0,6,1,0,0,0,35,12,0
/Users/larrymotuzis/Larry_Motuzis_Data/Project06_POI/poi/src/main/java/org/apache/poi/extractor/ExtractorFactory.java,org.apache.poi.extractor.ExtractorFactory,class,16,19,3,16,49,1,0,52,127,0.8315789,0.09803922,0.13725491,19,18,17,2,0,0,18,0,0,0,5,4,1,4,0,0,4,0,18,173,20,4,10,2,1,15,6,22,4,31,3,0,2,10,248,17,1
/Users/larrymotuzis/Larry_Motuzis_Data/Project06_POI/poi/src/main/java/org/apache/poi/hssf/usermodel/HSSFShape.java,org.apache.poi.hssf.usermodel.HSSFShape,class,21,36,15,21,66,1,2,30,615,0.9605522,0.085020244,0.20782726,39,0,27,0,9,3,39,5,0,0,26,20,20,5,0,1,23,0,4,228,21,2,20,0,16,2,42,56,12,47,5,0,0,0,205,1025,0
/Users/larrymotuzis/Larry_Motuzis_Data/Project06_POI/poi/src/main/java/org/apache/poi/ss/formula/functions/MatrixFunction.java,org.apache.poi.ss.formula.functions.MatrixFunction,class,11,13,2,11,19,6,0,4,6,0.75,0.0,0.0,4,3,1,2,1,0,2,0,1,0,4,4,4,0,0,0,4,0,4,241,3,4,2,0,0,0,14,14,1,11,3,3,4,0,49,1025,0
/Users/larrymotuzis/Larry_Motuzis_Data/Project06_POI/poi/src/main/java/org/apache/poi/sl/usermodel/PaintStyle.java,org.apache.poi.sl.usermodel.PaintStyle$GradientPaint,interface,5,5,0,5,6,1,0,0,15,0.0,0.0,0.0,6,0,0,0,0,6,6,0,0,0,0,0,0,0,0,0,0,0,0,11,1,0,0,0,0,0,0,0,0,0,0,0,1,0,24,0,0
/Users/larrymotuzis/Larry_Motuzis_Data/Project06_POI/poi/src/main/java/org/apache/poi/hssf/record/PasswordRecord.java,org.apache.poi.hssf.record.PasswordRecord,class,5,9,4,5,11,4,0,3,25,0.6818182,0.27272728,0.27272728,11,0,10,0,1,0,11,0,0,0,2,1,1,1,0,0,1,0,0,38,6,0,0,0,0,1,2,5,0,2,0,0,0,0,41,17,0
/Users/larrymotuzis/Larry_Motuzis_Data/Project06_POI/poi/src/main/java/org/apache/poi/hssf/extractor/ExcelExtractor.java,org.apache.poi.hssf.extractor.ExcelExtractor,class,15,16,1,15,52,3,0,60,96,0.859375,0.114285715,0.35238096,16,3,15,1,0,0,15,0,0,0,8,0,0,8,0,0,2,0,6,310,7,3,10,2,1,22,8,39,4,33,8,0,2,0,185,1,0
/Users/larrymotuzis/Larry_Motuzis_Data/Project06_POI/poi/src/main/java/org/apache/poi/util/LittleEndianByteArrayOutputStream.java,org.apache.poi.util.LittleEndianByteArrayOutputStream,class,4,8,4,4,18,2,0,6,6,0.5384615,0.42424244,0.42424244,13,0,12,1,0,0,12,0,0,0,3,0,0,3,0,0,2,0,3,74,2,0,0,0,14,8,19,19,13,7,1,0,0,0,51,17,0
/Users/larrymotuzis/Larry_Motuzis_Data/Project06_POI/poi/src/main/java/org/apache/poi/ss/formula/functions/IDStarAlgorithm.java,org.apache.poi.ss.formula.functions.IDStarAlgorithm,interface,1,14,13,1,3,1,0,0,3,0.0,0.0,0.0,3,0,0,0,0,3,3,0,0,0,0,0,0,0,0,0,0,0,0,7,1,0,0,0,0,0,0,0,0,0,0,0,0,0,67,1,0
/Users/larrymotuzis/Larry_Motuzis_Data/Project06_POI/poi/src/main/java/org/apache/poi/hssf/record/WSBoolRecord.java,org.apache.poi.hssf.record.WSBoolRecord,class,7,9,2,7,29,4,0,9,112,0.8563218,0.36206895,0.62315273,29,0,28,0,1,0,29,0,0,0,12,10,1,11,0,0,10,0,0,105,15,0,0,0,0,11,13,25,0,13,0,0,0,0,124,17,0
/Users/larrymotuzis/Larry_Motuzis_Data/Project06_POI/poi/src/main/java/org/apache/poi/ss/formula/functions/Substitute.java,org.apache.poi.ss.formula.functions.Substitute,class,7,9,2,7,14,2,0,12,6,0.0,0.0,0.0,4,2,2,2,0,0,2,0,0,0,0,0,0,0,0,0,0,0,9,67,10,2,1,2,0,0,9,17,4,15,2,0,0,0,51,17,0
/Users/larrymotuzis/Larry_Motuzis_Data/Project06_POI/poi/src/main/java/org/apache/poi/ss/formula/functions/Sumifs.java,org.apache.poi.ss.formula.functions.Sumifs,class,5,6,1,5,2,2,0,0,1,1.0,0.0,0.0,2,0,0,0,2,0,2,0,0,0,1,1,1,0,0,0,1,0,0,18,2,0,0,0,0,0,0,1,0,1,0,1,0,0,85,17,0
/Users/larrymotuzis/Larry_Motuzis_Data/Project06_POI/poi/src/main/java/org/apache/poi/ss/formula/functions/Countif.java,org.apache.poi.ss.formula.functions.Countif$ErrorMatcher,innerclass,4,4,0,4,5,2,0,4,0,0.0,1.0,1.0,4,0,3,0,1,0,4,0,0,0,1,0,0,1,0,0,1,0,0,20,4,0,0,0,1,0,0,2,1,2,1,0,0,0,18,25,0
/Users/larrymotuzis/Larry_Motuzis_Data/Project06_POI/poi/src/main/java/org/apache/poi/sl/draw/geom/PresetParser.java,org.apache.poi.sl.draw.geom.PresetParser$Mode$Handler,interface,1,1,0,1,1,1,0,0,0,0.0,NaN,NaN,1,0,0,0,0,1,1,0,0,0,0,0,0,0,0,0,0,0,0,3,0,0,0,0,0,0,0,0,0,0,0,0,0,0,11,0,0
/Users/larrymotuzis/Larry_Motuzis_Data/Project06_POI/poi/src/main/java/org/apache/poi/hssf/record/CFHeader12Record.java,org.apache.poi.hssf.record.CFHeader12Record,class,9,12,3,9,14,5,0,13,31,0.60714287,0.32967034,0.3956044,14,0,12,0,2,0,14,0,0,0,2,1,1,1,0,0,1,0,1,54,9,0,0,0,0,3,1,5,1,2,0,0,0,0,55,17,0
/Users/larrymotuzis/Larry_Motuzis_Data/Project06_POI/poi/src/main/java/org/apache/poi/hssf/usermodel/HSSFPrintSetup.java,org.apache.poi.hssf.usermodel.HSSFPrintSetup,class,2,3,1,2,39,1,0,38,0,0.0,1.0,1.0,39,0,38,0,1,0,39,0,0,0,1,0,0,0,0,1,0,0,0,120,19,0,0,0,0,0,0,1,0,1,0,0,0,0,140,1,0
/Users/larrymotuzis/Larry_Motuzis_Data/Project06_POI/poi/src/main/java/org/apache/poi/hssf/record/EscherAggregate.java,org.apache.poi.hssf.record.EscherAggregate,class,22,26,4,22,56,5,0,66,207,0.9582404,0.16017316,0.2900433,26,4,21,4,1,0,22,0,0,0,210,208,206,4,0,0,209,0,7,496,16,10,7,0,11,207,255,281,20,262,2,2,1,1,340,17,0
/Users/larrymotuzis/Larry_Motuzis_Data/Project06_POI/poi/src/main/java/org/apache/poi/hssf/record/BlankRecord.java,org.apache.poi.hssf.record.BlankRecord,class,6,10,4,6,15,4,0,7,73,0.78333336,0.15238096,0.26666668,15,0,14,0,1,0,15,0,0,0,4,1,1,3,0,0,1,0,0,57,8,0,0,0,0,3,2,10,0,4,0,0,0,0,68,17,0
/Users/larrymotuzis/Larry_Motuzis_Data/Project06_POI/poi/src/main/java/org/apache/poi/ss/formula/functions/LookupUtils.java,org.apache.poi.ss.formula.functions.LookupUtils$LookupValueComparerBase,innerclass,4,4,0,4,8,1,0,5,8,0.6,0.1,0.1,5,0,2,0,3,0,5,2,1,0,1,0,0,1,0,0,1,0,0,23,3,0,3,0,0,4,0,1,1,1,1,0,0,0,30,1034,0
/Users/larrymotuzis/Larry_Motuzis_Data/Project06_POI/poi/src/main/java/org/apache/poi/ss/util/DateParser.java,org.apache.poi.ss.util.DateParser,class,4,9,5,4,17,1,1,27,10,0.0,0.0,0.0,5,4,2,2,1,0,3,0,0,0,0,0,0,0,0,0,0,0,15,70,6,3,0,2,0,1,12,11,3,11,3,0,1,0,60,1,0
/Users/larrymotuzis/Larry_Motuzis_Data/Project06_POI/poi/src/main/java/org/apache/poi/ss/util/DateParser.java,org.apache.poi.ss.util.DateParser$Format,enum,0,0,0,0,2,1,0,3,0,0.0,NaN,NaN,1,0,0,0,0,1,1,0,0,0,5,0,0,5,0,0,0,0,1,15,0,0,0,0,0,16,0,5,0,5,1,0,0,0,22,2,0
/Users/larrymotuzis/Larry_Motuzis_Data/Project06_POI/poi/src/main/java/org/apache/poi/hssf/record/VCenterRecord.java,org.apache.poi.hssf.record.VCenterRecord,class,5,8,3,5,13,4,0,3,35,0.72727275,0.18181819,0.18181819,11,0,10,0,1,0,11,0,0,0,2,1,1,1,0,0,1,0,0,37,6,0,1,0,1,1,5,4,0,2,0,0,0,0,45,17,0
/Users/larrymotuzis/Larry_Motuzis_Data/Project06_POI/poi/src/main/java/org/apache/poi/poifs/crypt/DataSpaceMapUtils.java,org.apache.poi.poifs.crypt.DataSpaceMapUtils$DataSpaceMap,innerclass,4,4,0,4,5,1,0,4,0,0.0,1.0,1.0,3,0,3,0,0,0,3,0,0,0,1,0,0,0,0,1,0,0,0,21,0,2,0,0,0,0,2,5,0,3,1,0,0,0,21,9,0
/Users/larrymotuzis/Larry_Motuzis_Data/Project06_POI/poi/src/main/java/org/apache/poi/ss/formula/functions/DGet.java,org.apache.poi.ss.formula.functions.DGet,class,6,6,0,6,9,1,0,4,0,0.0,1.0,1.0,2,0,2,0,0,0,2,0,0,0,1,0,0,1,0,0,0,0,2,39,7,0,2,1,1,0,2,3,0,1,3,0,0,0,32,17,0
/Users/larrymotuzis/Larry_Motuzis_Data/Project06_POI/poi/src/main/java/org/apache/poi/ss/usermodel/Table.java,org.apache.poi.ss.usermodel.Table,interface,5,21,16,5,15,1,0,6,91,1.0,0.0,0.0,14,0,0,0,0,14,14,0,0,0,1,0,0,0,0,1,0,0,1,20,2,0,1,0,0,1,0,1,0,1,1,0,0,0,162,1,0
/Users/larrymotuzis/Larry_Motuzis_Data/Project06_POI/poi/src/main/java/org/apache/poi/ss/formula/DataValidationEvaluator.java,org.apache.poi.ss.formula.DataValidationEvaluator$OperatorEnum$Anonymous7,anonymous,0,0,0,0,3,1,0,1,0,0.0,NaN,NaN,1,0,1,0,0,0,1,0,0,0,0,0,0,0,0,0,0,0,0,5,1,0,0,0,0,0,2,0,0,0,0,0,0,0,5,-1,0
/Users/larrymotuzis/Larry_Motuzis_Data/Project06_POI/poi/src/main/java/org/apache/poi/ss/formula/DataValidationEvaluator.java,org.apache.poi.ss.formula.DataValidationEvaluator$OperatorEnum$Anonymous6,anonymous,0,0,0,0,3,1,0,1,0,0.0,NaN,NaN,1,0,1,0,0,0,1,0,0,0,0,0,0,0,0,0,0,0,0,5,1,0,0,0,0,0,2,0,0,0,0,0,0,0,5,-1,0
/Users/larrymotuzis/Larry_Motuzis_Data/Project06_POI/poi/src/main/java/org/apache/poi/ss/formula/DataValidationEvaluator.java,org.apache.poi.ss.formula.DataValidationEvaluator$OperatorEnum$Anonymous9,anonymous,0,0,0,0,2,1,0,1,0,0.0,NaN,NaN,1,0,1,0,0,0,1,0,0,0,0,0,0,0,0,0,0,0,0,5,1,0,1,0,0,0,1,0,0,0,0,0,0,0,5,-1,0
/Users/larrymotuzis/Larry_Motuzis_Data/Project06_POI/poi/src/main/java/org/apache/poi/ss/formula/DataValidationEvaluator.java,org.apache.poi.ss.formula.DataValidationEvaluator$OperatorEnum$Anonymous8,anonymous,0,0,0,0,2,1,0,1,0,0.0,NaN,NaN,1,0,1,0,0,0,1,0,0,0,0,0,0,0,0,0,0,0,0,5,1,0,1,0,0,0,1,0,0,0,0,0,0,0,5,-1,0
/Users/larrymotuzis/Larry_Motuzis_Data/Project06_POI/poi/src/main/java/org/apache/poi/logging/PoiLogManager.java,org.apache.poi.logging.PoiLogManager,class,4,8,4,4,15,1,0,6,6,0.75,0.0,0.0,4,3,2,2,0,0,2,0,0,1,2,2,0,2,0,0,1,0,5,56,8,0,2,2,0,6,4,6,2,5,3,0,0,0,52,17,0
/Users/larrymotuzis/Larry_Motuzis_Data/Project06_POI/poi/src/main/java/org/apache/poi/hssf/record/NameRecord.java,org.apache.poi.hssf.record.NameRecord$Option,innerclass,0,0,0,0,2,1,0,0,0,1.0,NaN,NaN,1,1,1,0,0,0,1,0,0,0,7,7,7,0,0,0,7,0,0,12,1,0,1,0,1,0,9,7,0,7,0,0,0,0,31,26,0
/Users/larrymotuzis/Larry_Motuzis_Data/Project06_POI/poi/src/main/java/org/apache/poi/sl/draw/Drawable.java,org.apache.poi.sl.draw.Drawable,interface,2,11,9,2,3,2,0,0,3,1.0,0.0,0.0,3,0,0,0,0,3,3,0,0,0,18,0,0,0,0,18,0,0,0,69,0,0,0,0,0,0,18,18,0,18,0,0,1,0,211,1,0
/Users/larrymotuzis/Larry_Motuzis_Data/Project06_POI/poi/src/main/java/org/apache/poi/hssf/usermodel/HSSFDataBarFormatting.java,org.apache.poi.hssf.usermodel.HSSFDataBarFormatting,class,8,9,1,8,14,1,0,14,0,0.5714286,0.8901099,1.0,14,0,13,0,1,0,14,0,0,0,3,0,0,3,0,0,3,0,0,50,8,0,0,0,0,0,0,4,0,4,0,0,0,0,40,17,0
/Users/larrymotuzis/Larry_Motuzis_Data/Project06_POI/poi/src/main/java/org/apache/poi/ss/formula/functions/LookupUtils.java,org.apache.poi.ss.formula.functions.LookupUtils$NumberLookupComparer,innerclass,4,4,0,4,3,2,0,4,0,0.0,1.0,1.0,3,0,0,0,3,0,3,0,0,0,1,0,0,1,0,0,1,0,3,14,2,0,0,0,0,0,0,2,0,2,0,0,0,0,17,26,0
/Users/larrymotuzis/Larry_Motuzis_Data/Project06_POI/poi/src/main/java/org/apache/poi/poifs/filesystem/DirectoryEntry.java,org.apache.poi.poifs.filesystem.DirectoryEntry,interface,5,19,14,5,13,1,0,0,78,0.0,0.0,0.0,13,0,0,0,0,13,13,0,0,0,0,0,0,0,0,0,0,0,0,15,0,0,0,0,0,0,0,0,0,0,0,0,0,0,109,1,0
/Users/larrymotuzis/Larry_Motuzis_Data/Project06_POI/poi/src/main/java/org/apache/poi/hssf/record/BiffHeaderInput.java,org.apache.poi.hssf.record.BiffHeaderInput,interface,0,3,3,0,3,1,0,0,3,0.0,0.0,0.0,3,0,0,0,0,3,3,0,0,0,0,0,0,0,0,0,0,0,0,5,0,0,0,0,0,0,0,0,0,0,0,0,0,0,24,1,0
/Users/larrymotuzis/Larry_Motuzis_Data/Project06_POI/poi/src/main/java/org/apache/poi/util/StaxHelper.java,org.apache.poi.util.StaxHelper,class,2,2,0,2,4,1,0,3,6,0.0,0.0,0.0,4,3,3,1,0,0,3,0,0,0,0,0,0,0,0,0,0,0,3,13,3,0,0,0,0,1,0,0,0,0,0,0,0,0,26,17,0
/Users/larrymotuzis/Larry_Motuzis_Data/Project06_POI/poi/src/main/java/org/apache/poi/ss/formula/eval/RefListEval.java,org.apache.poi.ss.formula.eval.RefListEval,class,2,3,1,2,4,1,0,3,1,0.33333334,0.0,0.0,3,0,2,1,0,0,2,0,0,0,1,0,0,1,0,0,1,0,0,18,1,0,0,0,1,0,0,1,0,1,1,0,0,0,21,1,0
/Users/larrymotuzis/Larry_Motuzis_Data/Project06_POI/poi/src/main/java/org/apache/poi/hssf/eventusermodel/FormatTrackingHSSFListener.java,org.apache.poi.hssf.eventusermodel.FormatTrackingHSSFListener,class,10,13,3,10,19,1,0,30,27,0.76666665,0.2,0.2888889,10,0,8,0,2,0,10,0,0,0,6,1,0,6,0,0,6,0,3,85,9,0,4,0,2,3,2,18,1,15,2,0,0,0,129,1,2
/Users/larrymotuzis/Larry_Motuzis_Data/Project06_POI/poi/src/main/java/org/apache/poi/ss/formula/functions/AggregateFunction.java,org.apache.poi.ss.formula.functions.AggregateFunction$Percentile,innerclass,10,10,0,10,10,2,0,8,1,0.0,0.0,0.0,2,0,1,0,1,0,2,0,0,0,0,0,0,0,0,0,0,0,10,42,5,0,3,2,2,0,11,10,8,8,2,0,0,0,80,26,0
/Users/larrymotuzis/Larry_Motuzis_Data/Project06_POI/poi/src/main/java/org/apache/poi/ss/formula/functions/Poisson.java,org.apache.poi.ss.formula.functions.Poisson,class,10,11,1,10,12,1,0,11,6,0.875,0.0,0.0,4,3,2,2,0,0,2,0,0,0,2,2,1,1,0,0,2,0,8,47,7,0,3,2,1,0,8,10,0,10,2,0,0,0,65,1,0
/Users/larrymotuzis/Larry_Motuzis_Data/Project06_POI/poi/src/main/java/org/apache/poi/hssf/record/common/FeatFormulaErr2.java,org.apache.poi.hssf.record.common.FeatFormulaErr2,class,5,7,2,5,25,1,0,8,0,0.8044445,0.68666667,0.7,25,0,25,0,0,0,25,0,0,0,9,8,0,9,0,0,8,0,0,85,13,0,0,0,0,9,9,18,0,9,0,0,0,0,122,17,0
/Users/larrymotuzis/Larry_Motuzis_Data/Project06_POI/poi/src/main/java/org/apache/poi/hssf/record/ColumnInfoRecord.java,org.apache.poi.hssf.record.ColumnInfoRecord,class,6,9,3,6,35,4,0,15,115,0.823077,0.31692308,0.71076924,26,0,25,0,1,0,26,0,0,0,10,4,1,9,0,0,4,0,0,127,17,0,4,0,0,10,14,28,2,10,1,0,0,1,108,17,0
/Users/larrymotuzis/Larry_Motuzis_Data/Project06_POI/poi/src/main/java/org/apache/poi/util/LittleEndian.java,org.apache.poi.util.LittleEndian,class,6,25,19,6,58,4,0,19,820,0.0,0.0,0.0,41,40,40,1,0,0,40,0,0,0,0,0,0,0,0,0,0,0,25,211,23,3,0,0,109,1,126,60,67,34,1,0,1,0,154,17,0
/Users/larrymotuzis/Larry_Motuzis_Data/Project06_POI/poi/src/main/java/org/apache/poi/hssf/usermodel/FontDetails.java,org.apache.poi.hssf.usermodel.FontDetails,class,3,6,3,3,29,1,0,20,56,0.8055555,0.09090909,0.10909091,12,5,8,1,3,0,11,0,0,0,3,0,0,3,0,0,1,0,12,82,10,5,10,0,2,11,13,24,9,20,4,0,0,0,106,1,0
/Users/larrymotuzis/Larry_Motuzis_Data/Project06_POI/poi/src/main/java/org/apache/poi/ss/formula/functions/AggregateFunction.java,org.apache.poi.ss.formula.functions.AggregateFunction,class,10,14,4,10,3,11,6,0,3,0.66666675,0.0,0.0,3,1,0,0,2,1,3,0,0,0,22,22,22,0,0,0,22,0,0,276,1,0,0,0,0,0,0,23,0,23,0,18,6,0,70,1025,0
/Users/larrymotuzis/Larry_Motuzis_Data/Project06_POI/poi/src/main/java/org/apache/poi/ss/util/MutableFPNumber.java,org.apache.poi.ss.util.MutableFPNumber$Rounder,innerclass,0,0,0,0,4,1,0,2,0,0.0,0.0,0.0,1,1,1,0,0,0,2,0,0,0,1,1,0,1,0,0,1,0,1,18,2,1,0,0,0,0,5,6,0,4,1,0,0,0,25,26,0
/Users/larrymotuzis/Larry_Motuzis_Data/Project06_POI/poi/src/main/java/org/apache/poi/ss/formula/functions/LookupUtils.java,org.apache.poi.ss.formula.functions.LookupUtils$ValueVector,interface,2,2,0,2,4,1,0,0,6,0.0,0.0,0.0,4,0,0,0,0,4,4,0,0,0,0,0,0,0,0,0,0,0,0,31,2,0,0,0,0,0,0,0,0,0,0,2,0,0,19,1,0
/Users/larrymotuzis/Larry_Motuzis_Data/Project06_POI/poi/src/main/java/org/apache/poi/ddf/EscherDggRecord.java,org.apache.poi.ddf.EscherDggRecord,class,11,12,1,11,36,2,0,35,110,0.76666665,0.3043478,0.5543478,25,0,24,1,0,0,24,0,0,0,6,1,1,5,0,0,2,0,5,198,18,4,4,0,3,8,36,49,18,22,2,0,1,1,131,17,0
/Users/larrymotuzis/Larry_Motuzis_Data/Project06_POI/poi/src/main/java/org/apache/poi/ss/formula/eval/RefEval.java,org.apache.poi.ss.formula.eval.RefEval,interface,3,26,23,3,7,1,0,0,21,0.0,0.0,0.0,7,0,0,0,0,7,7,0,0,0,0,0,0,0,0,0,0,0,0,9,0,0,0,0,0,0,0,0,0,0,0,0,0,0,81,1,0
/Users/larrymotuzis/Larry_Motuzis_Data/Project06_POI/poi/src/main/java/org/apache/poi/ss/formula/functions/Rank.java,org.apache.poi.ss.formula.functions.Rank,class,8,9,1,8,33,2,0,17,15,0.0,0.0,0.0,6,4,2,4,0,0,2,0,0,0,0,0,0,0,0,0,0,0,11,100,12,3,3,2,7,0,10,20,0,17,3,0,0,0,83,1,0
/Users/larrymotuzis/Larry_Motuzis_Data/Project06_POI/poi/src/main/java/org/apache/poi/sl/usermodel/PlaceholderDetails.java,org.apache.poi.sl.usermodel.PlaceholderDetails$PlaceholderSize,enum,0,0,0,0,0,1,0,0,0,0.0,-1.0,-1.0,0,0,0,0,0,0,0,0,0,0,0,0,0,0,0,0,0,0,0,1,0,0,0,0,0,0,0,0,0,0,0,0,0,0,4,0,0
/Users/larrymotuzis/Larry_Motuzis_Data/Project06_POI/poi/src/main/java/org/apache/poi/ss/formula/functions/LookupUtils.java,org.apache.poi.ss.formula.functions.LookupUtils$StringLookupComparer,innerclass,6,6,0,6,7,2,0,8,0,0.4375,0.5,0.5,4,0,0,0,4,0,4,0,0,0,4,0,0,0,4,0,4,0,3,29,4,0,1,0,1,0,0,8,0,8,1,0,0,0,33,10,0
/Users/larrymotuzis/Larry_Motuzis_Data/Project06_POI/poi/src/main/java/org/apache/poi/hssf/record/IndexRecord.java,org.apache.poi.hssf.record.IndexRecord,class,7,10,3,7,25,4,0,12,87,0.7888888,0.21568628,0.43137255,18,1,17,0,1,0,18,0,0,0,5,1,1,4,0,0,1,0,0,87,11,2,5,0,2,4,11,16,6,9,1,0,0,1,98,17,0
/Users/larrymotuzis/Larry_Motuzis_Data/Project06_POI/poi/src/main/java/org/apache/poi/hssf/record/pivottable/PageItemRecord.java,org.apache.poi.hssf.record.pivottable.PageItemRecord$FieldInfo,innerclass,4,4,0,4,4,1,0,3,0,0.25,1.0,1.0,4,0,3,1,0,0,3,0,0,0,4,1,1,3,0,0,1,0,0,24,1,0,0,0,0,3,1,7,0,4,0,0,0,3,44,26,0
/Users/larrymotuzis/Larry_Motuzis_Data/Project06_POI/poi/src/main/java/org/apache/poi/wp/usermodel/HeaderFooterType.java,org.apache.poi.wp.usermodel.HeaderFooterType,enum,1,2,1,1,5,1,0,1,0,0.0,0.0,0.0,3,1,2,1,0,0,2,0,0,0,1,0,0,1,0,0,1,0,1,19,2,1,1,0,0,1,3,1,1,1,2,0,0,0,54,1,0
/Users/larrymotuzis/Larry_Motuzis_Data/Project06_POI/poi/src/main/java/org/apache/poi/poifs/crypt/agile/AgileEncryptionHeader.java,org.apache.poi.poifs.crypt.agile.AgileEncryptionHeader,class,11,15,4,11,26,2,0,32,43,0.72727275,0.10909091,0.18181819,11,0,8,0,3,0,11,0,0,0,2,0,0,2,0,0,0,0,1,89,4,0,14,1,4,14,3,12,5,10,2,0,0,0,56,1,0
/Users/larrymotuzis/Larry_Motuzis_Data/Project06_POI/poi/src/main/java/org/apache/poi/ss/formula/FormulaParseException.java,org.apache.poi.ss.formula.FormulaParseException,class,0,1,1,0,1,4,0,0,0,0.0,NaN,NaN,1,0,1,0,0,0,1,0,0,0,0,0,0,0,0,0,0,0,0,5,0,0,0,0,0,0,0,0,0,0,0,0,0,0,45,17,0
/Users/larrymotuzis/Larry_Motuzis_Data/Project06_POI/poi/src/main/java/org/apache/poi/ss/formula/LazyAreaEval.java,org.apache.poi.ss.formula.LazyAreaEval,class,9,12,3,9,12,2,0,18,0,0.1,0.8,0.8,10,0,9,0,0,1,10,0,0,0,1,0,0,1,0,0,1,0,0,50,8,0,0,0,2,8,0,11,10,10,1,0,0,0,64,16,0
/Users/larrymotuzis/Larry_Motuzis_Data/Project06_POI/poi/src/main/java/org/apache/poi/ss/formula/functions/Countif.java,org.apache.poi.ss.formula.functions.Countif$NumberMatcher,innerclass,6,6,0,6,11,2,0,7,0,0.0,1.0,1.0,3,0,2,0,1,0,3,0,0,0,1,0,0,1,0,0,1,0,2,46,9,0,2,0,2,0,0,5,0,5,2,0,0,0,26,26,0
/Users/larrymotuzis/Larry_Motuzis_Data/Project06_POI/poi/src/main/java/org/apache/poi/hssf/record/NoteStructureSubRecord.java,org.apache.poi.hssf.record.NoteStructureSubRecord,class,7,8,1,7,11,2,0,6,13,0.6666667,0.24444444,0.33333334,10,0,9,0,1,0,10,0,0,0,3,2,1,2,0,0,3,0,0,43,5,0,1,0,0,3,3,6,1,4,1,0,0,1,79,17,0
/Users/larrymotuzis/Larry_Motuzis_Data/Project06_POI/poi/src/main/java/org/apache/poi/hssf/record/chart/TickRecord.java,org.apache.poi.hssf.record.chart.TickRecord,class,6,8,2,6,37,4,0,14,372,0.87917334,0.22072072,0.7447447,37,0,36,0,1,0,37,0,0,0,17,5,1,16,0,0,5,0,1,175,19,0,0,0,0,14,15,44,1,18,0,0,0,0,105,17,0
/Users/larrymotuzis/Larry_Motuzis_Data/Project06_POI/poi/src/main/java/org/apache/poi/poifs/macros/Module.java,org.apache.poi.poifs.macros.Module$ModuleType,enum,0,0,0,0,0,1,0,0,0,0.0,-1.0,-1.0,0,0,0,0,0,0,0,0,0,0,0,0,0,0,0,0,0,0,0,1,0,0,0,0,0,0,0,0,0,0,0,0,0,0,7,1,0
/Users/larrymotuzis/Larry_Motuzis_Data/Project06_POI/poi/src/main/java/org/apache/poi/ss/formula/functions/CalendarFieldFunction.java,org.apache.poi.ss.formula.functions.CalendarFieldFunction,class,9,10,1,9,10,2,0,6,1,0.8095239,NaN,NaN,3,0,1,2,0,0,1,0,1,0,7,6,6,1,0,0,7,0,3,44,7,0,2,1,1,0,6,11,2,11,2,0,0,0,45,17,0
/Users/larrymotuzis/Larry_Motuzis_Data/Project06_POI/poi/src/main/java/org/apache/poi/hssf/record/common/FutureRecord.java,org.apache.poi.hssf.record.common.FutureRecord,interface,2,4,2,2,3,1,0,0,3,0.0,0.0,0.0,3,0,3,0,0,0,3,0,0,0,0,0,0,0,0,0,0,0,0,5,0,0,0,0,0,0,0,0,0,0,0,0,0,0,17,1,0
/Users/larrymotuzis/Larry_Motuzis_Data/Project06_POI/poi/src/main/java/org/apache/poi/ss/formula/functions/MatrixFunction.java,org.apache.poi.ss.formula.functions.MatrixFunction$OneArrayArg,innerclass,11,11,0,11,9,2,0,12,6,0.0,0.0,0.0,4,0,1,0,3,0,4,2,0,0,0,0,0,0,0,0,0,0,5,48,5,1,1,2,6,0,10,12,4,11,2,0,0,0,32,1033,0
/Users/larrymotuzis/Larry_Motuzis_Data/Project06_POI/poi/src/main/java/org/apache/poi/sl/usermodel/TextParagraph.java,org.apache.poi.sl.usermodel.TextParagraph,interface,10,42,32,10,28,1,0,0,378,0.0,0.0,0.0,28,0,0,0,0,28,28,0,0,0,0,0,0,0,0,0,0,0,0,53,0,0,0,0,0,1,0,0,0,0,0,0,3,0,236,1,0
/Users/larrymotuzis/Larry_Motuzis_Data/Project06_POI/poi/src/main/java/org/apache/poi/hssf/record/EscherAggregate.java,org.apache.poi.hssf.record.EscherAggregate$Anonymous2,anonymous,1,1,0,1,4,1,0,1,1,0.0,0.0,0.0,2,0,2,0,0,0,2,0,0,0,0,0,0,0,0,0,0,0,0,9,0,0,2,0,0,0,0,0,0,0,1,0,0,0,8,-1,0
/Users/larrymotuzis/Larry_Motuzis_Data/Project06_POI/poi/src/main/java/org/apache/poi/hssf/record/EscherAggregate.java,org.apache.poi.hssf.record.EscherAggregate$Anonymous1,anonymous,1,1,0,1,4,1,0,2,1,0.0,0.0,0.0,2,0,2,0,0,0,2,0,0,0,0,0,0,0,0,0,0,0,0,10,0,0,2,0,0,0,0,0,0,0,1,0,0,0,8,-1,0
/Users/larrymotuzis/Larry_Motuzis_Data/Project06_POI/poi/src/main/java/org/apache/poi/hssf/record/WindowProtectRecord.java,org.apache.poi.hssf.record.WindowProtectRecord,class,6,9,3,6,12,4,0,7,36,0.75,0.22727273,0.22727273,12,0,11,0,1,0,12,0,0,0,3,2,1,2,0,0,2,0,0,43,6,0,0,0,0,2,4,5,0,3,0,0,0,1,48,17,0
/Users/larrymotuzis/Larry_Motuzis_Data/Project06_POI/poi/src/main/java/org/apache/poi/ss/formula/functions/BesselJ.java,org.apache.poi.ss.formula.functions.BesselJ,class,9,10,1,9,8,2,0,10,3,1.0,0.0,0.0,3,1,2,1,0,0,2,0,0,0,1,1,1,0,0,0,1,0,5,35,8,0,3,1,0,0,4,7,0,7,2,0,0,0,47,17,0
/Users/larrymotuzis/Larry_Motuzis_Data/Project06_POI/poi/src/main/java/org/apache/poi/sl/draw/geom/BuiltInGuide.java,org.apache.poi.sl.draw.geom.BuiltInGuide,enum,1,2,1,1,39,1,0,13,1,0.0,0.0,0.0,2,0,2,0,0,0,2,0,0,0,0,0,0,0,0,0,0,0,2,86,39,0,0,0,0,0,29,4,27,4,1,0,0,0,26,0,0
/Users/larrymotuzis/Larry_Motuzis_Data/Project06_POI/poi/src/main/java/org/apache/poi/ss/formula/ptg/AttrPtg.java,org.apache.poi.ss.formula.ptg.AttrPtg$SpaceType,innerclass,0,0,0,0,1,1,0,0,0,0.0,-1.0,-1.0,1,0,0,1,0,0,0,0,0,0,7,7,7,0,0,0,7,0,0,11,0,0,0,0,0,0,7,7,0,7,0,0,0,0,59,25,0
/Users/larrymotuzis/Larry_Motuzis_Data/Project06_POI/poi/src/main/java/org/apache/poi/extractor/POIOLE2TextExtractor.java,org.apache.poi.extractor.POIOLE2TextExtractor,interface,7,11,4,7,5,1,0,4,10,0.0,0.0,0.0,5,0,0,0,0,5,5,0,0,0,0,0,0,0,0,0,0,0,0,15,4,0,0,0,0,0,0,0,0,0,0,0,0,0,66,1,0
/Users/larrymotuzis/Larry_Motuzis_Data/Project06_POI/poi/src/main/java/org/apache/poi/ss/formula/functions/Vlookup.java,org.apache.poi.ss.formula.functions.Vlookup,class,8,10,2,8,6,2,0,12,3,0.6666667,0.0,0.0,3,0,2,1,0,0,2,0,0,0,1,1,0,1,0,0,1,0,2,32,4,0,0,2,0,0,1,8,0,7,2,0,0,0,91,17,0
/Users/larrymotuzis/Larry_Motuzis_Data/Project06_POI/poi/src/main/java/org/apache/poi/ss/formula/functions/T.java,org.apache.poi.ss.formula.functions.T,class,6,7,1,6,5,2,0,3,0,0.0,NaN,NaN,1,0,1,0,0,0,1,0,0,0,0,0,0,0,0,0,0,0,0,19,3,0,0,0,1,0,2,4,0,2,1,0,0,0,45,17,0
/Users/larrymotuzis/Larry_Motuzis_Data/Project06_POI/poi/src/main/java/org/apache/poi/hssf/record/FooterRecord.java,org.apache.poi.hssf.record.FooterRecord,class,4,7,3,4,6,5,0,0,15,0.8333333,0.0,0.0,6,0,6,0,0,0,6,0,0,0,1,1,1,0,0,0,1,0,0,21,3,0,0,0,0,0,1,1,0,1,0,0,0,0,25,17,0
/Users/larrymotuzis/Larry_Motuzis_Data/Project06_POI/poi/src/main/java/org/apache/poi/hpsf/WritingNotSupportedException.java,org.apache.poi.hpsf.WritingNotSupportedException,class,1,3,2,1,1,6,0,0,0,0.0,NaN,NaN,1,0,1,0,0,0,1,0,0,0,0,0,0,0,0,0,0,0,0,5,0,0,0,0,0,0,0,0,0,0,0,0,0,0,24,1,0
/Users/larrymotuzis/Larry_Motuzis_Data/Project06_POI/poi/src/main/java/org/apache/poi/ss/util/CellReference.java,org.apache.poi.ss.util.CellReference$NameType,enum,0,0,0,0,0,1,0,0,0,0.0,-1.0,-1.0,0,0,0,0,0,0,0,0,0,0,0,0,0,0,0,0,0,0,0,1,0,0,0,0,0,0,0,0,0,0,0,0,0,0,26,1,0
/Users/larrymotuzis/Larry_Motuzis_Data/Project06_POI/poi/src/main/java/org/apache/poi/sl/draw/DrawPictureShape.java,org.apache.poi.sl.draw.DrawPictureShape,class,13,17,4,13,33,3,0,34,26,0.75,0.035714287,0.035714287,8,1,6,0,2,0,8,0,0,0,1,1,0,1,0,0,1,0,3,137,9,2,4,2,2,4,10,47,13,31,3,0,0,0,127,1,2
/Users/larrymotuzis/Larry_Motuzis_Data/Project06_POI/poi/src/main/java/org/apache/poi/ss/util/CellRangeUtil.java,org.apache.poi.ss.util.CellRangeUtil,class,3,4,1,3,48,1,0,24,85,0.78571427,0.0,0.0,14,13,5,9,0,0,5,0,0,0,4,4,4,0,0,0,4,0,25,126,24,4,13,0,1,2,21,30,6,28,4,0,0,0,144,17,0
/Users/larrymotuzis/Larry_Motuzis_Data/Project06_POI/poi/src/main/java/org/apache/poi/poifs/property/PropertyTable.java,org.apache.poi.poifs.property.PropertyTable,class,12,17,5,12,39,1,0,42,0,0.6769231,0.56363636,0.8181818,13,0,10,2,0,1,11,0,0,0,5,2,0,5,0,0,5,0,4,137,7,5,9,0,2,7,10,26,6,19,3,0,0,0,156,17,2
/Users/larrymotuzis/Larry_Motuzis_Data/Project06_POI/poi/src/main/java/org/apache/poi/sl/draw/DrawBackground.java,org.apache.poi.sl.draw.DrawBackground,class,10,12,2,10,4,2,0,15,3,0.0,0.0,0.0,3,0,2,0,1,0,3,0,0,0,0,0,0,0,0,0,0,0,3,50,1,0,1,0,0,1,2,7,0,7,1,1,0,0,24,1,0
/Users/larrymotuzis/Larry_Motuzis_Data/Project06_POI/poi/src/main/java/org/apache/poi/hssf/record/SubRecord.java,org.apache.poi.hssf.record.SubRecord$SubRecordTypes,enum,2,2,0,2,3,1,0,7,0,0.44444445,1.0,1.0,3,1,2,0,0,1,3,0,0,0,3,1,2,1,0,0,3,0,5,17,2,0,0,0,0,0,10,3,0,3,0,0,1,0,32,1,0
/Users/larrymotuzis/Larry_Motuzis_Data/Project06_POI/poi/src/main/java/org/apache/poi/ss/formula/functions/LookupUtils.java,org.apache.poi.ss.formula.functions.LookupUtils$LookupValueComparer,interface,2,2,0,2,1,1,0,0,0,0.0,NaN,NaN,1,0,0,0,0,1,1,0,0,0,0,0,0,0,0,0,0,0,0,3,0,0,0,0,0,0,0,0,0,0,0,0,0,0,30,1,0
/Users/larrymotuzis/Larry_Motuzis_Data/Project06_POI/poi/src/main/java/org/apache/poi/hpsf/Currency.java,org.apache.poi.hpsf.Currency,class,3,4,1,3,1,1,0,1,0,0.5,NaN,NaN,1,0,1,0,0,0,1,0,0,0,2,1,0,2,0,0,2,0,0,7,0,0,0,0,0,0,1,2,0,2,0,0,0,0,14,1,0
/Users/larrymotuzis/Larry_Motuzis_Data/Project06_POI/poi/src/main/java/org/apache/poi/hpsf/Array.java,org.apache.poi.hpsf.Array$ArrayDimension,innerclass,1,1,0,1,1,1,0,2,0,0.0,NaN,NaN,1,0,0,0,0,1,1,0,0,0,2,0,0,2,0,0,0,0,0,8,0,0,0,0,0,1,0,2,0,2,0,0,0,0,12,8,0
/Users/larrymotuzis/Larry_Motuzis_Data/Project06_POI/poi/src/main/java/org/apache/poi/ss/usermodel/DateUtil.java,org.apache.poi.ss.usermodel.DateUtil$FormatException,innerclass,0,0,0,0,1,3,0,0,0,0.0,NaN,NaN,1,0,1,0,0,0,1,0,0,0,0,0,0,0,0,0,0,0,0,5,0,0,0,0,0,1,0,0,0,0,0,0,0,0,3,26,0
/Users/larrymotuzis/Larry_Motuzis_Data/Project06_POI/poi/src/main/java/org/apache/poi/ss/formula/ptg/RefPtg.java,org.apache.poi.ss.formula.ptg.RefPtg,class,4,9,5,4,7,5,0,0,21,0.85714287,0.0,0.0,7,0,7,0,0,0,7,0,0,0,1,1,1,0,0,0,1,0,0,24,2,0,0,0,0,0,1,1,0,1,0,0,0,0,39,17,0
/Users/larrymotuzis/Larry_Motuzis_Data/Project06_POI/poi/src/main/java/org/apache/poi/util/StringUtil.java,org.apache.poi.util.StringUtil,class,9,23,14,9,88,1,0,41,624,0.95366794,0.03529412,0.0605042,37,36,35,2,0,0,35,0,0,0,7,7,3,4,0,0,6,0,30,255,44,6,18,0,19,17,222,46,30,40,2,0,0,0,324,17,0
/Users/larrymotuzis/Larry_Motuzis_Data/Project06_POI/poi/src/main/java/org/apache/poi/sl/draw/geom/CurveToCommand.java,org.apache.poi.sl.draw.geom.CurveToCommand,class,4,6,2,4,13,1,0,6,0,0.5,0.5714286,1.0,8,0,8,0,0,0,8,0,0,0,3,0,0,3,0,0,3,0,4,41,7,0,4,0,1,0,0,4,0,4,1,0,0,0,62,17,0
/Users/larrymotuzis/Larry_Motuzis_Data/Project06_POI/poi/src/main/java/org/apache/poi/ss/formula/eval/TwoOperandNumericOperation.java,org.apache.poi.ss.formula.eval.TwoOperandNumericOperation$SubtractEvalClass,innerclass,1,1,0,1,2,3,0,0,1,0.0,0.0,0.0,2,0,1,0,1,0,2,0,0,0,0,0,0,0,0,0,0,0,0,7,1,0,0,0,0,0,0,0,1,0,0,0,0,0,10,26,0
/Users/larrymotuzis/Larry_Motuzis_Data/Project06_POI/poi/src/main/java/org/apache/poi/hssf/record/DrawingSelectionRecord.java,org.apache.poi.hssf.record.DrawingSelectionRecord$OfficeArtRecordHeader,innerclass,3,3,0,3,3,1,0,5,0,0.25,1.0,1.0,3,0,3,0,0,0,3,0,0,0,4,1,1,3,0,0,4,0,0,19,1,0,0,0,0,3,1,4,0,4,0,0,0,3,53,26,0
/Users/larrymotuzis/Larry_Motuzis_Data/Project06_POI/poi/src/main/java/org/apache/poi/hssf/extractor/EventBasedExcelExtractor.java,org.apache.poi.hssf.extractor.EventBasedExcelExtractor,class,14,15,1,14,21,1,0,11,102,0.8625,0.057142857,0.06666667,16,0,15,1,0,0,15,0,0,0,5,0,0,3,0,2,2,0,0,177,6,0,1,1,1,6,0,19,1,13,2,0,1,0,161,1,0
/Users/larrymotuzis/Larry_Motuzis_Data/Project06_POI/poi/src/main/java/org/apache/poi/ss/formula/functions/Function4Arg.java,org.apache.poi.ss.formula.functions.Function4Arg,interface,2,6,4,2,1,1,0,0,0,0.0,NaN,NaN,1,0,0,0,0,1,1,0,0,0,0,0,0,0,0,0,0,0,0,3,0,0,0,0,0,0,0,0,0,0,0,0,0,0,19,1,0
/Users/larrymotuzis/Larry_Motuzis_Data/Project06_POI/poi/src/main/java/org/apache/poi/ss/formula/functions/Sumifs.java,org.apache.poi.ss.formula.functions.Sumifs$Anonymous1,anonymous,2,2,0,2,3,1,0,1,0,0.0,1.0,1.0,2,0,2,0,0,0,2,0,0,0,1,0,0,0,0,1,0,0,0,9,1,0,0,0,2,0,2,2,0,1,0,0,0,0,8,-1,0
/Users/larrymotuzis/Larry_Motuzis_Data/Project06_POI/poi/src/main/java/org/apache/poi/ss/extractor/EmbeddedExtractor.java,org.apache.poi.ss.extractor.EmbeddedExtractor$BiffExtractor,innerclass,5,5,0,5,10,2,0,9,6,0.0,0.0,0.0,4,0,2,0,2,0,4,0,0,0,0,0,0,0,0,0,0,0,2,25,4,0,4,0,2,4,0,3,2,3,1,0,0,0,31,8,0
/Users/larrymotuzis/Larry_Motuzis_Data/Project06_POI/poi/src/main/java/org/apache/poi/hssf/record/chart/EndRecord.java,org.apache.poi.hssf.record.chart.EndRecord,class,5,7,2,5,8,4,0,0,28,0.875,0.0,0.0,8,0,7,0,1,0,8,0,0,0,1,1,1,0,0,0,1,0,0,24,5,0,0,0,0,0,2,1,0,1,0,0,0,0,47,17,0
/Users/larrymotuzis/Larry_Motuzis_Data/Project06_POI/poi/src/main/java/org/apache/poi/ss/util/PropertyTemplate.java,org.apache.poi.ss.util.PropertyTemplate,class,14,15,1,14,159,1,0,57,690,0.75,0.13725491,0.13725491,40,2,18,22,0,0,18,0,0,0,1,0,0,1,0,0,1,0,8,466,18,20,32,0,1,7,22,93,6,82,3,0,0,0,176,17,0
/Users/larrymotuzis/Larry_Motuzis_Data/Project06_POI/poi/src/main/java/org/apache/poi/ss/formula/EvaluationCell.java,org.apache.poi.ss.formula.EvaluationCell,interface,4,15,11,4,12,1,0,0,66,0.0,0.0,0.0,12,0,0,0,0,12,12,0,0,0,0,0,0,0,0,0,0,0,0,14,0,0,0,0,0,0,0,0,0,0,0,0,0,0,49,1,0
/Users/larrymotuzis/Larry_Motuzis_Data/Project06_POI/poi/src/main/java/org/apache/poi/poifs/eventfilesystem/POIFSReaderRegistry.java,org.apache.poi.poifs.eventfilesystem.POIFSReaderRegistry,class,4,6,2,4,13,1,0,13,0,0.38888893,1.0,1.0,6,0,0,2,0,4,4,0,0,0,3,0,0,3,0,0,0,0,0,49,1,1,2,0,0,0,0,10,0,12,2,0,0,2,58,0,0
/Users/larrymotuzis/Larry_Motuzis_Data/Project06_POI/poi/src/main/java/org/apache/poi/sl/draw/DrawPaint.java,org.apache.poi.sl.draw.DrawPaint$Anonymous2,anonymous,3,3,0,3,14,1,0,13,55,0.0,0.0,0.0,11,0,10,1,0,0,10,0,0,0,0,0,0,0,0,0,0,0,2,39,12,0,3,0,2,0,7,1,1,1,1,0,0,0,18,-1,0
/Users/larrymotuzis/Larry_Motuzis_Data/Project06_POI/poi/src/main/java/org/apache/poi/hssf/record/RKRecord.java,org.apache.poi.hssf.record.RKRecord,class,6,11,5,6,10,5,0,4,33,0.9166667,0.13333334,0.13333334,10,0,7,0,3,0,10,0,0,0,6,5,5,1,0,0,6,0,1,40,7,0,0,0,0,3,6,7,0,6,0,0,0,0,129,17,0
/Users/larrymotuzis/Larry_Motuzis_Data/Project06_POI/poi/src/main/java/org/apache/poi/hssf/record/FormulaSpecialCachedValue.java,org.apache.poi.hssf.record.FormulaSpecialCachedValue,class,9,12,3,9,49,1,0,16,54,0.75624996,0.36190477,0.4857143,20,6,14,5,0,1,15,0,0,0,8,7,4,4,0,0,8,0,4,138,29,1,6,0,2,23,23,19,9,16,1,0,0,0,118,17,0
/Users/larrymotuzis/Larry_Motuzis_Data/Project06_POI/poi/src/main/java/org/apache/poi/ss/formula/functions/AggregateFunction.java,org.apache.poi.ss.formula.functions.AggregateFunction$Geomean,innerclass,5,5,0,5,4,3,0,2,1,0.0,0.0,0.0,2,0,0,0,1,1,2,0,0,0,0,0,0,0,0,0,0,0,0,13,1,1,0,0,0,0,2,0,0,0,2,0,0,0,14,10,0
/Users/larrymotuzis/Larry_Motuzis_Data/Project06_POI/poi/src/main/java/org/apache/poi/ss/usermodel/Font.java,org.apache.poi.ss.usermodel.Font,interface,1,4,3,1,23,1,0,0,241,0.9099379,0.023715414,0.023715414,23,0,0,0,0,23,23,0,0,0,14,0,0,0,0,14,0,0,0,39,0,0,0,0,0,1,14,14,0,14,0,0,0,0,147,1,0
/Users/larrymotuzis/Larry_Motuzis_Data/Project06_POI/poi/src/main/java/org/apache/poi/poifs/macros/Module.java,org.apache.poi.poifs.macros.Module,interface,1,3,2,1,2,1,0,0,1,0.0,0.0,0.0,2,0,2,0,0,0,2,0,0,0,0,0,0,0,0,0,0,0,0,5,0,0,0,0,0,0,0,0,0,0,0,0,1,0,18,1,0
/Users/larrymotuzis/Larry_Motuzis_Data/Project06_POI/poi/src/main/java/org/apache/poi/hssf/record/chart/ChartStartBlockRecord.java,org.apache.poi.hssf.record.chart.ChartStartBlockRecord,class,5,7,2,5,9,4,0,3,24,0.6031746,0.16666667,0.16666667,9,0,8,0,1,0,9,0,0,0,7,1,1,6,0,0,1,0,0,51,5,0,0,0,0,6,7,13,1,7,0,0,0,6,46,17,0
/Users/larrymotuzis/Larry_Motuzis_Data/Project06_POI/poi/src/main/java/org/apache/poi/ss/formula/functions/RowFunc.java,org.apache.poi.ss.formula.functions.RowFunc,class,5,5,0,5,5,1,0,2,0,0.0,NaN,NaN,1,1,1,0,0,0,1,0,0,0,0,0,0,0,0,0,0,0,0,21,3,0,1,0,2,0,7,3,1,1,1,0,0,0,19,17,0
/Users/larrymotuzis/Larry_Motuzis_Data/Project06_POI/poi/src/main/java/org/apache/poi/ss/usermodel/ConditionFilterType.java,org.apache.poi.ss.usermodel.ConditionFilterType,enum,0,1,1,0,0,1,0,0,0,0.0,-1.0,-1.0,0,0,0,0,0,0,0,0,0,0,0,0,0,0,0,0,0,0,0,2,0,0,0,0,0,0,0,0,0,0,0,0,0,0,51,1,0
/Users/larrymotuzis/Larry_Motuzis_Data/Project06_POI/poi/src/main/java/org/apache/poi/ss/formula/BaseFormulaEvaluator.java,org.apache.poi.ss.formula.BaseFormulaEvaluator,class,12,13,1,12,46,1,0,35,111,0.6111111,0.13725491,0.13725491,18,3,10,0,8,0,18,2,0,0,1,0,0,0,1,0,1,0,3,131,14,4,6,0,0,8,2,11,3,10,3,0,0,0,230,1025,0
/Users/larrymotuzis/Larry_Motuzis_Data/Project06_POI/poi/src/main/java/org/apache/poi/ss/formula/ptg/SubtractPtg.java,org.apache.poi.ss.formula.ptg.SubtractPtg,class,2,5,3,2,5,4,0,0,10,0.8,0.0,0.0,5,0,4,1,0,0,4,0,0,0,2,2,2,0,0,0,2,0,0,18,4,0,0,0,0,1,4,2,1,2,0,0,0,0,17,17,0
/Users/larrymotuzis/Larry_Motuzis_Data/Project06_POI/poi/src/main/java/org/apache/poi/hssf/record/DConRefRecord.java,org.apache.poi.hssf.record.DConRefRecord,class,7,9,2,7,28,4,0,20,62,0.7581699,0.30833334,0.65,17,1,14,1,2,0,16,0,0,0,9,1,1,8,0,0,8,0,3,110,14,1,8,1,3,10,14,25,4,14,2,0,0,2,178,1,0
/Users/larrymotuzis/Larry_Motuzis_Data/Project06_POI/poi/src/main/java/org/apache/poi/ss/formula/functions/FreeRefFunction.java,org.apache.poi.ss.formula.functions.FreeRefFunction,interface,2,75,73,2,1,1,0,0,0,0.0,NaN,NaN,1,0,0,0,0,1,1,0,0,0,0,0,0,0,0,0,0,0,0,3,0,0,0,0,0,0,0,0,0,0,0,0,0,0,112,1,0
/Users/larrymotuzis/Larry_Motuzis_Data/Project06_POI/poi/src/main/java/org/apache/poi/poifs/crypt/binaryrc4/BinaryRC4Encryptor.java,org.apache.poi.poifs.crypt.binaryrc4.BinaryRC4Encryptor$BinaryRC4CipherOutputStream,innerclass,5,5,0,5,6,4,0,6,15,0.0,0.0,0.0,6,0,3,0,3,0,6,0,0,0,0,0,0,0,0,0,0,0,1,20,1,0,0,0,0,0,0,0,0,0,0,0,0,0,33,4,0
/Users/larrymotuzis/Larry_Motuzis_Data/Project06_POI/poi/src/main/java/org/apache/poi/hssf/record/ExtSSTRecord.java,org.apache.poi.hssf.record.ExtSSTRecord$InfoSubRecord,innerclass,4,4,0,4,7,1,0,5,0,0.5357143,0.6666667,0.71428573,7,0,7,0,0,0,7,0,0,0,4,1,1,3,0,0,1,0,0,34,3,0,0,0,0,2,1,9,0,4,0,0,0,0,51,25,0
/Users/larrymotuzis/Larry_Motuzis_Data/Project06_POI/poi/src/main/java/org/apache/poi/hpsf/IndirectPropertyName.java,org.apache.poi.hpsf.IndirectPropertyName,class,2,4,2,2,1,2,0,0,0,0.0,NaN,NaN,1,0,0,0,0,1,1,0,0,0,0,0,0,0,0,0,0,0,0,4,0,0,0,0,0,0,0,0,0,0,0,0,0,0,6,1,0
/Users/larrymotuzis/Larry_Motuzis_Data/Project06_POI/poi/src/main/java/org/apache/poi/ss/formula/functions/Quotient.java,org.apache.poi.ss.formula.functions.Quotient,class,6,7,1,6,6,2,0,5,1,1.0,0.0,0.0,2,0,2,0,0,0,2,0,0,0,1,1,1,0,0,0,1,0,0,31,6,0,2,2,1,0,4,5,1,5,1,0,0,0,54,1,0
/Users/larrymotuzis/Larry_Motuzis_Data/Project06_POI/poi/src/main/java/org/apache/poi/ss/formula/NameIdentifier.java,org.apache.poi.ss.formula.NameIdentifier,class,0,6,6,0,5,1,0,5,0,0.25,0.8333333,1.0,4,0,4,0,0,0,4,0,0,0,2,0,0,2,0,0,2,0,0,27,3,0,0,0,0,2,1,3,0,3,1,0,0,0,13,1,0
/Users/larrymotuzis/Larry_Motuzis_Data/Project06_POI/poi/src/main/java/org/apache/poi/ss/formula/functions/TDist.java,org.apache.poi.ss.formula.functions.TDist,class,10,11,1,10,15,2,0,12,10,1.0,0.0,0.0,5,3,2,1,0,2,4,0,0,0,1,1,1,0,0,0,1,0,9,55,14,0,7,1,1,0,11,9,2,9,2,0,0,0,114,17,0
/Users/larrymotuzis/Larry_Motuzis_Data/Project06_POI/poi/src/main/java/org/apache/poi/ss/usermodel/ExcelStyleDateFormatter.java,org.apache.poi.ss.usermodel.ExcelStyleDateFormatter,class,2,4,2,2,21,4,0,17,14,0.76666665,0.16666667,0.16666667,8,1,7,1,0,0,9,0,0,0,15,14,10,5,0,0,14,0,24,96,5,0,10,0,5,24,20,44,12,24,1,0,0,0,107,1,0
/Users/larrymotuzis/Larry_Motuzis_Data/Project06_POI/poi/src/main/java/org/apache/poi/poifs/crypt/binaryrc4/BinaryRC4Encryptor.java,org.apache.poi.poifs.crypt.binaryrc4.BinaryRC4Encryptor,class,17,20,3,17,11,5,0,25,43,0.8,0.022222223,0.022222223,10,0,6,0,4,0,10,0,0,0,1,0,0,1,0,0,0,0,5,86,4,0,0,1,0,2,8,18,1,17,1,0,1,1,67,1,0
/Users/larrymotuzis/Larry_Motuzis_Data/Project06_POI/poi/src/main/java/org/apache/poi/hssf/record/chart/LinkedDataRecord.java,org.apache.poi.hssf.record.chart.LinkedDataRecord,class,9,11,2,9,22,4,0,16,82,0.8244047,0.30476192,0.64761907,21,0,20,0,1,0,21,0,0,0,16,11,10,6,0,0,11,0,0,94,11,0,1,0,1,15,15,28,1,17,0,0,0,1,101,17,0
/Users/larrymotuzis/Larry_Motuzis_Data/Project06_POI/poi/src/main/java/org/apache/poi/hssf/record/DefaultRowHeightRecord.java,org.apache.poi.hssf.record.DefaultRowHeightRecord,class,5,7,2,5,13,4,0,5,42,0.75,0.21794872,0.26923078,13,0,12,0,1,0,13,0,0,0,4,2,2,2,0,0,2,0,0,50,7,0,0,0,0,2,4,10,0,4,0,0,0,0,73,17,0
/Users/larrymotuzis/Larry_Motuzis_Data/Project06_POI/poi/src/main/java/org/apache/poi/ss/formula/eval/RefEvalBase.java,org.apache.poi.ss.formula.eval.RefEvalBase,class,2,2,0,2,9,1,0,2,2,0.5625,0.4642857,0.75,8,0,5,0,3,0,8,0,2,0,4,0,0,4,0,0,4,0,0,39,5,0,1,0,0,1,1,8,2,4,1,0,0,0,34,1025,0
/Users/larrymotuzis/Larry_Motuzis_Data/Project06_POI/poi/src/main/java/org/apache/poi/ddf/EscherColorRef.java,org.apache.poi.ddf.EscherColorRef$SysIndexProcedure,enum,1,1,0,1,1,1,0,0,0,0.0,NaN,NaN,1,0,0,0,0,1,1,0,0,0,1,0,0,1,0,0,0,0,0,13,0,0,0,0,0,0,8,1,0,1,0,0,0,0,118,1,0
/Users/larrymotuzis/Larry_Motuzis_Data/Project06_POI/poi/src/main/java/org/apache/poi/ss/formula/functions/Forecast.java,org.apache.poi.ss.formula.functions.Forecast,class,8,9,1,8,12,2,0,15,6,1.0,0.0,0.0,4,1,2,2,0,0,2,0,0,0,1,1,1,0,0,0,1,0,2,50,8,1,3,1,3,0,11,19,8,17,2,0,0,0,66,1,0
/Users/larrymotuzis/Larry_Motuzis_Data/Project06_POI/poi/src/main/java/org/apache/poi/ss/formula/atp/YearFracCalculator.java,org.apache.poi.ss.formula.atp.YearFracCalculator,class,5,7,2,5,75,1,0,17,102,0.8671875,NaN,NaN,16,15,1,15,0,0,1,0,0,0,8,8,0,8,0,0,8,0,27,221,36,1,18,0,13,3,51,42,31,29,1,0,1,0,133,16,0
/Users/larrymotuzis/Larry_Motuzis_Data/Project06_POI/poi/src/main/java/org/apache/poi/hssf/record/chart/ChartFRTInfoRecord.java,org.apache.poi.hssf.record.chart.ChartFRTInfoRecord,class,6,8,2,6,12,4,0,9,8,0.5416667,0.21428572,0.21428572,8,0,7,0,1,0,8,0,0,0,6,1,1,5,0,0,5,0,1,74,5,2,1,0,0,6,8,14,3,8,1,0,1,5,52,17,0
/Users/larrymotuzis/Larry_Motuzis_Data/Project06_POI/poi/src/main/java/org/apache/poi/poifs/filesystem/POIFSStream.java,org.apache.poi.poifs.filesystem.POIFSStream,class,7,15,8,7,14,2,0,9,9,0.6333333,0.33333334,0.41666666,10,0,6,1,0,3,9,0,0,0,3,0,0,3,0,0,1,0,0,180,5,1,4,0,0,2,0,11,0,7,1,0,3,0,122,1,0
/Users/larrymotuzis/Larry_Motuzis_Data/Project06_POI/poi/src/main/java/org/apache/poi/ss/formula/functions/BooleanFunction.java,org.apache.poi.ss.formula.functions.BooleanFunction,class,10,11,1,10,27,1,0,15,24,0.825,0.0,0.0,8,3,2,4,2,0,4,2,1,0,5,5,5,0,0,0,5,0,7,116,11,4,9,2,0,0,7,33,0,25,5,2,0,1,102,1025,0
/Users/larrymotuzis/Larry_Motuzis_Data/Project06_POI/poi/src/main/java/org/apache/poi/ss/formula/atp/YearFracCalculator.java,org.apache.poi.ss.formula.atp.YearFracCalculator$SimpleDate,innerclass,0,0,0,0,1,1,0,2,0,0.33333334,NaN,NaN,1,0,1,0,0,0,1,0,0,0,6,2,6,0,0,0,6,0,0,14,0,0,0,0,0,0,3,6,1,6,0,0,0,0,22,26,0
/Users/larrymotuzis/Larry_Motuzis_Data/Project06_POI/poi/src/main/java/org/apache/poi/common/usermodel/fonts/FontHeader.java,org.apache.poi.common.usermodel.fonts.FontHeader$PanoseStroke,enum,0,0,0,0,0,1,0,0,0,0.0,-1.0,-1.0,0,0,0,0,0,0,0,0,0,0,0,0,0,0,0,0,0,0,0,1,0,0,0,0,0,0,0,0,0,0,0,0,0,0,12,1,0
/Users/larrymotuzis/Larry_Motuzis_Data/Project06_POI/poi/src/main/java/org/apache/poi/poifs/crypt/cryptoapi/CryptoAPIEncryptor.java,org.apache.poi.poifs.crypt.cryptoapi.CryptoAPIEncryptor$CryptoAPICipherOutputStream,innerclass,7,7,0,7,6,4,0,7,15,0.0,0.0,0.0,6,0,1,0,4,1,6,0,0,0,0,0,0,0,0,0,0,0,1,23,2,0,0,0,0,1,0,2,0,2,0,0,0,0,42,4,0
/Users/larrymotuzis/Larry_Motuzis_Data/Project06_POI/poi/src/main/java/org/apache/poi/hssf/record/aggregates/DataValidityTable.java,org.apache.poi.hssf.record.aggregates.DataValidityTable,class,5,6,1,5,6,3,0,8,0,0.0,1.0,1.0,4,0,4,0,0,0,4,0,0,0,2,0,0,2,0,0,2,0,0,27,1,1,1,0,0,0,0,5,0,3,1,0,0,0,45,17,0
/Users/larrymotuzis/Larry_Motuzis_Data/Project06_POI/poi/src/main/java/org/apache/poi/hssf/record/EscherAggregate.java,org.apache.poi.hssf.record.EscherAggregate$ShapeCollector,innerclass,7,7,0,7,6,2,0,10,0,0.33333334,0.6666667,1.0,3,0,1,0,0,2,3,0,0,0,2,0,0,0,0,2,2,0,0,25,2,1,2,0,0,0,1,8,0,7,1,0,0,0,26,10,0
/Users/larrymotuzis/Larry_Motuzis_Data/Project06_POI/poi/src/main/java/org/apache/poi/ss/usermodel/DataFormat.java,org.apache.poi.ss.usermodel.DataFormat,interface,0,2,2,0,2,1,0,0,1,0.0,0.0,0.0,2,0,0,0,0,2,2,0,0,0,0,0,0,0,0,0,0,0,0,4,0,0,0,0,0,0,0,0,0,0,0,0,0,0,28,1,0
/Users/larrymotuzis/Larry_Motuzis_Data/Project06_POI/poi/src/main/java/org/apache/poi/sl/usermodel/StrokeStyle.java,org.apache.poi.sl.usermodel.StrokeStyle$LineCap,enum,1,1,0,1,7,1,0,1,0,0.33333334,0.6666667,1.0,3,2,2,0,0,1,3,0,0,0,2,0,2,0,0,0,2,0,2,22,4,2,2,0,0,0,6,2,0,2,2,0,0,0,36,0,0
/Users/larrymotuzis/Larry_Motuzis_Data/Project06_POI/poi/src/main/java/org/apache/poi/hssf/record/FtPioGrbitSubRecord.java,org.apache.poi.hssf.record.FtPioGrbitSubRecord,class,7,8,1,7,17,2,0,4,43,0.87499994,0.26373628,0.3956044,14,0,12,0,1,1,14,0,0,0,12,11,11,1,0,0,11,0,0,66,7,0,2,0,3,12,23,16,10,12,1,0,0,0,159,17,0
/Users/larrymotuzis/Larry_Motuzis_Data/Project06_POI/poi/src/main/java/org/apache/poi/ss/formula/functions/Rept.java,org.apache.poi.ss.formula.functions.Rept,class,6,7,1,6,5,2,0,8,0,0.0,NaN,NaN,1,0,1,0,0,0,1,0,0,0,0,0,0,0,0,0,0,0,3,28,4,1,0,2,0,0,2,6,1,6,1,0,0,0,68,1,0
/Users/larrymotuzis/Larry_Motuzis_Data/Project06_POI/poi/src/main/java/org/apache/poi/hssf/record/ExternSheetRecord.java,org.apache.poi.hssf.record.ExternSheetRecord,class,7,11,4,7,36,4,0,17,54,0.6666667,0.34736842,0.34736842,21,1,19,1,1,0,20,0,0,0,2,1,1,1,0,0,2,0,0,147,17,7,6,0,0,1,15,19,5,19,2,0,1,1,159,1,0
/Users/larrymotuzis/Larry_Motuzis_Data/Project06_POI/poi/src/main/java/org/apache/poi/hssf/usermodel/HSSFTextbox.java,org.apache.poi.hssf.usermodel.HSSFTextbox,class,22,28,6,22,26,3,1,37,190,0.9863636,0.0,0.0,20,0,15,0,4,1,20,0,0,0,11,11,11,0,0,0,11,0,0,136,9,0,6,0,2,2,31,29,2,29,1,0,0,0,128,1,0
/Users/larrymotuzis/Larry_Motuzis_Data/Project06_POI/poi/src/main/java/org/apache/poi/ddf/EscherChildAnchorRecord.java,org.apache.poi.ddf.EscherChildAnchorRecord,class,6,7,1,6,20,2,0,11,91,0.7666667,0.20261438,0.35947713,18,0,18,0,0,0,18,0,0,0,5,1,1,4,0,0,1,0,0,108,12,0,0,0,0,6,24,36,15,9,1,0,0,0,88,1,0
/Users/larrymotuzis/Larry_Motuzis_Data/Project06_POI/poi/src/main/java/org/apache/poi/sl/usermodel/SlideShowFactory.java,org.apache.poi.sl.usermodel.SlideShowFactory$Singleton,innerclass,1,1,0,1,0,1,0,0,0,NaN,-1.0,-1.0,0,0,0,0,0,0,0,0,0,0,1,1,0,1,0,0,1,0,0,3,0,0,0,0,0,0,0,1,0,1,0,0,0,0,11,10,0
/Users/larrymotuzis/Larry_Motuzis_Data/Project06_POI/poi/src/main/java/org/apache/poi/hpsf/IllegalPropertySetDataException.java,org.apache.poi.hpsf.IllegalPropertySetDataException,class,1,3,2,1,4,5,0,0,6,0.0,0.0,0.0,4,0,4,0,0,0,4,0,0,0,0,0,0,0,0,0,0,0,0,14,0,0,0,0,0,0,0,0,0,0,0,0,0,0,49,1,0
/Users/larrymotuzis/Larry_Motuzis_Data/Project06_POI/poi/src/main/java/org/apache/poi/ss/format/CellDateFormatter.java,org.apache.poi.ss.format.CellDateFormatter,class,5,7,2,5,20,2,0,25,4,0.71875,0.16666667,0.16666667,4,0,4,0,0,0,4,0,0,1,8,3,0,8,0,0,3,0,3,163,0,1,8,1,2,1,17,28,8,23,6,0,1,0,77,1,0
/Users/larrymotuzis/Larry_Motuzis_Data/Project06_POI/poi/src/main/java/org/apache/poi/ss/formula/atp/PercentRankExcFunction.java,org.apache.poi.ss.formula.atp.PercentRankExcFunction,class,8,9,1,8,34,1,0,15,6,0.875,NaN,NaN,4,0,1,3,0,0,1,0,0,0,2,1,1,1,0,0,1,0,1,99,15,3,4,3,4,0,13,24,4,19,3,0,0,0,97,16,0
/Users/larrymotuzis/Larry_Motuzis_Data/Project06_POI/poi/src/main/java/org/apache/poi/poifs/filesystem/DocumentNode.java,org.apache.poi.poifs.filesystem.DocumentNode,class,7,14,7,7,10,2,0,6,30,0.6666667,0.083333336,0.083333336,9,0,6,0,1,2,9,0,0,0,1,0,0,1,0,0,0,0,0,36,8,0,1,0,0,0,1,2,0,2,1,0,0,0,93,1,0
/Users/larrymotuzis/Larry_Motuzis_Data/Project06_POI/poi/src/main/java/org/apache/poi/ss/extractor/EmbeddedExtractor.java,org.apache.poi.ss.extractor.EmbeddedExtractor$Ole10Extractor,innerclass,6,6,0,6,4,2,0,5,1,0.0,0.0,0.0,2,0,2,0,0,0,2,0,0,0,0,0,0,0,0,0,0,0,1,15,2,0,1,1,0,0,0,2,0,2,1,0,0,0,20,9,0
/Users/larrymotuzis/Larry_Motuzis_Data/Project06_POI/poi/src/main/java/org/apache/poi/ddf/EscherRecord.java,org.apache.poi.ddf.EscherRecord,class,9,32,23,9,35,1,14,21,454,0.89393944,0.07007576,0.10606061,33,3,28,0,5,0,33,5,2,0,6,4,0,5,1,0,3,0,1,107,19,1,1,0,0,7,10,16,3,9,1,0,0,0,246,1025,0
/Users/larrymotuzis/Larry_Motuzis_Data/Project06_POI/poi/src/main/java/org/apache/poi/ss/usermodel/PrintOrientation.java,org.apache.poi.ss.usermodel.PrintOrientation,enum,1,2,1,1,5,1,0,2,0,0.33333334,0.0,0.0,3,1,2,1,0,0,3,0,0,0,2,1,0,2,0,0,0,0,1,20,2,1,0,0,0,0,4,3,0,2,1,0,0,0,36,1,0
/Users/larrymotuzis/Larry_Motuzis_Data/Project06_POI/poi/src/main/java/org/apache/poi/ss/formula/functions/AggregateFunction.java,org.apache.poi.ss.formula.functions.AggregateFunction$Anonymous9,anonymous,3,3,0,3,2,1,0,1,0,0.0,NaN,NaN,1,0,0,0,1,0,1,0,0,0,0,0,0,0,0,0,0,0,1,8,1,0,0,0,0,0,1,0,0,0,1,0,0,0,4,-1,0
/Users/larrymotuzis/Larry_Motuzis_Data/Project06_POI/poi/src/main/java/org/apache/poi/hssf/record/chart/SeriesChartGroupIndexRecord.java,org.apache.poi.hssf.record.chart.SeriesChartGroupIndexRecord,class,5,7,2,5,11,4,0,3,35,0.72727275,0.18181819,0.18181819,11,0,10,0,1,0,11,0,0,0,2,1,1,1,0,0,1,0,0,37,6,0,0,0,0,1,2,4,0,2,0,0,0,0,50,17,0
/Users/larrymotuzis/Larry_Motuzis_Data/Project06_POI/poi/src/main/java/org/apache/poi/sl/usermodel/ShapeContainer.java,org.apache.poi.sl.usermodel.ShapeContainer,interface,13,22,9,13,11,1,0,0,55,0.0,0.0,0.0,11,0,0,0,0,11,11,0,0,0,0,0,0,0,0,0,0,0,0,13,0,0,0,0,0,0,0,0,0,0,0,0,0,0,87,1,0
/Users/larrymotuzis/Larry_Motuzis_Data/Project06_POI/poi/src/main/java/org/apache/poi/ss/formula/functions/MultiOperandNumericFunction.java,org.apache.poi.ss.formula.functions.MultiOperandNumericFunction$Policy,enum,0,0,0,0,0,1,0,0,0,0.0,-1.0,-1.0,0,0,0,0,0,0,0,0,0,0,0,0,0,0,0,0,0,0,0,1,0,0,0,0,0,0,0,0,0,0,0,0,0,0,5,1,0
/Users/larrymotuzis/Larry_Motuzis_Data/Project06_POI/poi/src/main/java/org/apache/poi/ss/formula/functions/AggregateFunction.java,org.apache.poi.ss.formula.functions.AggregateFunction$Anonymous4,anonymous,3,3,0,3,2,1,0,1,0,0.0,NaN,NaN,1,0,0,0,1,0,1,0,0,0,0,0,0,0,0,0,0,0,1,8,1,0,0,0,0,0,1,0,0,0,1,0,0,0,4,-1,0
/Users/larrymotuzis/Larry_Motuzis_Data/Project06_POI/poi/src/main/java/org/apache/poi/ss/formula/functions/AggregateFunction.java,org.apache.poi.ss.formula.functions.AggregateFunction$Anonymous3,anonymous,3,3,0,3,2,1,0,1,0,0.0,NaN,NaN,1,0,0,0,1,0,1,0,0,0,0,0,0,0,0,0,0,0,1,8,1,0,0,0,0,0,1,0,0,0,1,0,0,0,4,-1,0
/Users/larrymotuzis/Larry_Motuzis_Data/Project06_POI/poi/src/main/java/org/apache/poi/ss/formula/functions/AggregateFunction.java,org.apache.poi.ss.formula.functions.AggregateFunction$Anonymous2,anonymous,2,2,0,2,1,1,0,1,0,0.0,NaN,NaN,1,0,0,0,1,0,1,0,0,0,0,0,0,0,0,0,0,0,1,5,1,0,0,0,0,0,0,0,0,0,0,0,0,0,2,-1,0
/Users/larrymotuzis/Larry_Motuzis_Data/Project06_POI/poi/src/main/java/org/apache/poi/ss/formula/functions/AggregateFunction.java,org.apache.poi.ss.formula.functions.AggregateFunction$Anonymous1,anonymous,2,2,0,2,3,1,0,1,3,0.0,0.0,0.0,3,0,2,0,1,0,3,0,0,0,0,0,0,0,0,0,0,0,0,11,3,0,0,0,0,0,0,0,0,0,0,0,0,0,14,-1,0
/Users/larrymotuzis/Larry_Motuzis_Data/Project06_POI/poi/src/main/java/org/apache/poi/ss/formula/EvaluationWorkbook.java,org.apache.poi.ss.formula.EvaluationWorkbook$ExternalSheet,innerclass,0,0,0,0,3,1,0,0,0,0.33333334,0.6666667,1.0,3,0,3,0,0,0,3,0,0,0,2,0,0,2,0,0,2,0,0,14,2,0,0,0,0,0,0,2,0,2,0,0,0,0,9,0,0
/Users/larrymotuzis/Larry_Motuzis_Data/Project06_POI/poi/src/main/java/org/apache/poi/ss/formula/functions/AggregateFunction.java,org.apache.poi.ss.formula.functions.AggregateFunction$Anonymous8,anonymous,2,2,0,2,2,1,0,1,0,0.0,NaN,NaN,1,0,0,0,1,0,1,0,0,0,0,0,0,0,0,0,0,0,1,5,1,0,0,0,0,0,2,0,0,0,0,0,0,0,2,-1,0
/Users/larrymotuzis/Larry_Motuzis_Data/Project06_POI/poi/src/main/java/org/apache/poi/ss/usermodel/ConditionFilterData.java,org.apache.poi.ss.usermodel.ConditionFilterData,interface,0,1,1,0,6,1,0,0,15,0.0,0.0,0.0,6,0,0,0,0,6,6,0,0,0,0,0,0,0,0,0,0,0,0,8,0,0,0,0,0,0,0,0,0,0,0,0,0,0,34,1,0
/Users/larrymotuzis/Larry_Motuzis_Data/Project06_POI/poi/src/main/java/org/apache/poi/ss/formula/functions/AggregateFunction.java,org.apache.poi.ss.formula.functions.AggregateFunction$Anonymous7,anonymous,2,2,0,2,1,1,0,1,0,0.0,NaN,NaN,1,0,0,0,1,0,1,0,0,0,0,0,0,0,0,0,0,0,1,5,1,0,0,0,0,0,0,0,0,0,0,0,0,0,2,-1,0
/Users/larrymotuzis/Larry_Motuzis_Data/Project06_POI/poi/src/main/java/org/apache/poi/ss/formula/DataValidationEvaluator.java,org.apache.poi.ss.formula.DataValidationEvaluator$OperatorEnum,enum,1,1,0,1,1,1,0,0,0,1.0,NaN,NaN,1,0,1,0,0,0,1,1,0,0,1,1,1,0,0,0,1,0,0,43,0,0,0,0,0,0,0,1,0,1,0,8,0,0,69,1,0
/Users/larrymotuzis/Larry_Motuzis_Data/Project06_POI/poi/src/main/java/org/apache/poi/ss/formula/functions/AggregateFunction.java,org.apache.poi.ss.formula.functions.AggregateFunction$Anonymous6,anonymous,2,2,0,2,2,1,0,1,0,0.0,NaN,NaN,1,0,0,0,1,0,1,0,0,0,0,0,0,0,0,0,0,0,1,5,1,0,0,0,0,0,2,0,0,0,0,0,0,0,2,-1,0
/Users/larrymotuzis/Larry_Motuzis_Data/Project06_POI/poi/src/main/java/org/apache/poi/ss/formula/functions/AggregateFunction.java,org.apache.poi.ss.formula.functions.AggregateFunction$Anonymous5,anonymous,2,2,0,2,1,1,0,1,0,0.0,NaN,NaN,1,0,0,0,1,0,1,0,0,0,0,0,0,0,0,0,0,0,1,5,1,0,0,0,0,0,0,0,0,0,0,0,0,0,2,-1,0
/Users/larrymotuzis/Larry_Motuzis_Data/Project06_POI/poi/src/main/java/org/apache/poi/hssf/record/InterfaceHdrRecord.java,org.apache.poi.hssf.record.InterfaceHdrRecord,class,5,9,4,5,9,4,0,3,16,0.77777773,0.2777778,0.2777778,9,0,8,0,1,0,9,0,0,0,3,2,2,1,0,0,3,0,0,33,5,0,0,0,0,1,3,5,0,3,0,0,0,1,50,17,0
/Users/larrymotuzis/Larry_Motuzis_Data/Project06_POI/poi/src/main/java/org/apache/poi/ss/formula/functions/Index.java,org.apache.poi.ss.formula.functions.Index,class,9,10,1,9,25,1,0,18,21,0.0,0.0,0.0,7,3,4,3,0,0,4,0,0,0,0,0,0,0,0,0,0,0,7,86,15,0,4,2,2,4,27,13,4,9,3,0,0,0,96,17,0
/Users/larrymotuzis/Larry_Motuzis_Data/Project06_POI/poi/src/main/java/org/apache/poi/ddf/EscherSpgrRecord.java,org.apache.poi.ddf.EscherSpgrRecord,class,7,8,1,7,19,2,0,10,91,0.7666667,0.20261438,0.35947713,18,0,18,0,0,0,18,0,0,0,5,1,1,4,0,0,1,0,0,89,12,0,1,0,0,6,19,22,17,9,1,0,0,0,85,1,0
/Users/larrymotuzis/Larry_Motuzis_Data/Project06_POI/poi/src/main/java/org/apache/poi/hssf/record/chart/AxisOptionsRecord.java,org.apache.poi.hssf.record.chart.AxisOptionsRecord,class,7,9,2,7,43,4,0,7,371,0.9069767,0.29457363,0.73754156,43,0,42,0,1,0,43,0,0,0,20,11,1,19,0,0,11,0,0,175,22,0,0,0,0,17,26,46,1,20,0,0,0,0,103,17,0
/Users/larrymotuzis/Larry_Motuzis_Data/Project06_POI/poi/src/main/java/org/apache/poi/ss/usermodel/DataValidation.java,org.apache.poi.ss.usermodel.DataValidation$ErrorStyle,innerclass,0,0,0,0,0,1,0,0,0,NaN,-1.0,-1.0,0,0,0,0,0,0,0,0,0,0,3,3,3,0,0,0,3,0,0,5,0,0,0,0,0,0,3,3,0,3,0,0,0,0,20,25,0
/Users/larrymotuzis/Larry_Motuzis_Data/Project06_POI/poi/src/main/java/org/apache/poi/hssf/record/HSSFRecordTypes.java,org.apache.poi.hssf.record.HSSFRecordTypes$RecordConstructor,interface,2,2,0,2,1,1,0,0,0,0.0,NaN,NaN,1,0,0,0,0,1,1,0,0,0,0,0,0,0,0,0,0,0,0,3,0,0,0,0,0,0,0,0,0,0,0,0,0,0,6,1,0
/Users/larrymotuzis/Larry_Motuzis_Data/Project06_POI/poi/src/main/java/org/apache/poi/hssf/usermodel/HSSFIconMultiStateFormatting.java,org.apache.poi.hssf.usermodel.HSSFIconMultiStateFormatting,class,9,10,1,9,12,1,0,10,0,0.4,0.84444445,1.0,10,0,9,0,0,1,10,0,0,0,2,0,0,2,0,0,2,0,0,44,5,2,0,0,1,0,2,9,0,7,1,0,0,0,35,17,0
/Users/larrymotuzis/Larry_Motuzis_Data/Project06_POI/poi/src/main/java/org/apache/poi/ss/formula/SheetRefEvaluator.java,org.apache.poi.ss.formula.SheetRefEvaluator,class,11,16,5,11,15,1,0,14,0,0.59375,0.47619048,0.47619048,8,0,7,1,0,0,7,0,0,0,4,0,0,4,0,0,3,0,0,52,7,1,3,0,0,3,1,9,1,8,4,0,0,0,85,16,0
/Users/larrymotuzis/Larry_Motuzis_Data/Project06_POI/poi/src/main/java/org/apache/poi/ss/formula/functions/DSum.java,org.apache.poi.ss.formula.functions.DSum,class,4,4,0,4,3,1,0,1,0,0.0,1.0,1.0,2,0,2,0,0,0,2,0,0,0,1,0,0,1,0,0,0,0,0,13,2,0,0,0,1,0,1,3,0,2,1,0,0,0,34,17,0
/Users/larrymotuzis/Larry_Motuzis_Data/Project06_POI/poi/src/main/java/org/apache/poi/util/IntegerField.java,org.apache.poi.util.IntegerField,class,4,5,1,4,12,1,0,8,9,0.54545456,0.4181818,0.5090909,11,0,11,0,0,0,11,0,0,0,2,0,0,2,0,0,1,0,4,44,2,0,0,0,0,1,1,5,0,2,1,0,0,0,77,1,0
/Users/larrymotuzis/Larry_Motuzis_Data/Project06_POI/poi/src/main/java/org/apache/poi/ss/formula/atp/RandBetween.java,org.apache.poi.ss.formula.atp.RandBetween,class,5,6,1,5,6,1,0,7,1,1.0,NaN,NaN,2,0,1,1,0,0,1,0,0,0,1,1,1,0,0,0,1,0,3,27,4,0,1,1,4,0,4,6,4,3,2,0,0,0,62,16,0
/Users/larrymotuzis/Larry_Motuzis_Data/Project06_POI/poi/src/main/java/org/apache/poi/ss/formula/functions/AggregateFunction.java,org.apache.poi.ss.formula.functions.AggregateFunction$ValueCollector,innerclass,4,4,0,4,3,2,0,1,3,0.6666667,0.0,0.0,3,1,2,0,1,0,3,0,0,0,1,1,0,1,0,0,1,0,0,12,1,0,0,0,0,1,0,1,0,1,0,0,0,0,18,24,0
/Users/larrymotuzis/Larry_Motuzis_Data/Project06_POI/poi/src/main/java/org/apache/poi/hssf/usermodel/HSSFFormulaEvaluator.java,org.apache.poi.hssf.usermodel.HSSFFormulaEvaluator,class,21,23,2,21,23,2,0,19,169,0.8947368,0.0,0.0,19,4,16,1,2,0,18,0,0,0,1,0,0,1,0,0,1,0,4,77,7,0,0,0,1,2,0,5,1,5,1,0,0,0,166,1,0
/Users/larrymotuzis/Larry_Motuzis_Data/Project06_POI/poi/src/main/java/org/apache/poi/ss/util/cellwalk/CellHandler.java,org.apache.poi.ss.util.cellwalk.CellHandler,interface,2,3,1,2,1,1,0,0,0,0.0,NaN,NaN,1,0,0,0,0,1,1,0,0,0,0,0,0,0,0,0,0,0,0,3,0,0,0,0,0,0,0,0,0,0,0,0,0,0,15,1,0
/Users/larrymotuzis/Larry_Motuzis_Data/Project06_POI/poi/src/main/java/org/apache/poi/sl/draw/BitmapImageRenderer.java,org.apache.poi.sl.draw.BitmapImageRenderer,class,8,11,3,8,50,1,0,67,45,0.82894737,0.3956044,0.6043956,19,6,14,5,0,0,14,0,0,0,8,4,0,7,1,0,4,0,7,220,27,4,15,4,7,3,47,65,20,53,5,0,1,2,154,1,1
/Users/larrymotuzis/Larry_Motuzis_Data/Project06_POI/poi/src/main/java/org/apache/poi/poifs/filesystem/EntryUtils.java,org.apache.poi.poifs.filesystem.EntryUtils$DocumentDelegate,innerclass,7,7,0,7,15,1,0,10,0,0.25,1.0,1.0,4,1,2,1,0,1,3,0,0,0,1,0,0,0,0,1,1,0,2,53,9,2,2,2,2,0,8,10,2,10,4,0,0,0,40,10,0
/Users/larrymotuzis/Larry_Motuzis_Data/Project06_POI/poi/src/main/java/org/apache/poi/hssf/usermodel/HSSFSheet.java,org.apache.poi.hssf.usermodel.HSSFSheet,class,75,103,28,75,366,1,0,311,5895,0.9262337,0.362953,0.44322148,175,1,139,25,10,1,150,0,0,0,11,4,1,8,2,0,8,0,20,1215,115,33,71,0,26,47,92,252,55,205,4,1,0,1,858,17,3
/Users/larrymotuzis/Larry_Motuzis_Data/Project06_POI/poi/src/main/java/org/apache/poi/sl/draw/geom/GuideIf.java,org.apache.poi.sl.draw.geom.GuideIf$Op,enum,0,0,0,0,0,1,0,0,0,0.0,-1.0,-1.0,0,0,0,0,0,0,0,0,0,0,0,0,0,0,0,0,0,0,0,1,0,0,0,0,0,0,0,0,0,0,0,0,0,0,3,0,0
/Users/larrymotuzis/Larry_Motuzis_Data/Project06_POI/poi/src/main/java/org/apache/poi/sl/usermodel/Comment.java,org.apache.poi.sl.usermodel.Comment,interface,0,1,1,0,10,1,0,0,45,0.0,0.0,0.0,10,0,0,0,0,10,10,0,0,0,0,0,0,0,0,0,0,0,0,12,0,0,0,0,0,0,0,0,0,0,0,0,0,0,38,1,0
/Users/larrymotuzis/Larry_Motuzis_Data/Project06_POI/poi/src/main/java/org/apache/poi/ss/formula/DataValidationEvaluator.java,org.apache.poi.ss.formula.DataValidationEvaluator$ValidationEnum,enum,12,12,0,12,18,1,0,26,10,0.0,0.0,0.0,5,1,2,1,2,0,4,0,0,0,0,0,0,0,0,0,0,0,9,121,14,0,4,2,4,2,0,7,1,5,3,5,0,0,146,1,0
/Users/larrymotuzis/Larry_Motuzis_Data/Project06_POI/poi/src/main/java/org/apache/poi/ss/formula/functions/Hlookup.java,org.apache.poi.ss.formula.functions.Hlookup,class,8,10,2,8,5,2,0,12,3,0.6666667,0.0,0.0,3,0,2,1,0,0,2,0,0,0,1,1,0,1,0,0,1,0,2,26,4,0,0,1,0,0,1,7,0,7,1,0,0,0,90,17,0
/Users/larrymotuzis/Larry_Motuzis_Data/Project06_POI/poi/src/main/java/org/apache/poi/poifs/crypt/xor/XORDecryptor.java,org.apache.poi.poifs.crypt.xor.XORDecryptor$XORCipherInputStream,innerclass,6,6,0,6,7,3,0,12,6,0.6,0.33333334,0.5,5,0,2,1,2,0,4,0,0,0,3,0,0,3,0,0,1,0,1,39,3,1,0,0,9,0,6,18,11,15,1,0,0,0,68,2,0
/Users/larrymotuzis/Larry_Motuzis_Data/Project06_POI/poi/src/main/java/org/apache/poi/ss/usermodel/Sheet.java,org.apache.poi.ss.usermodel.Sheet,interface,23,37,14,23,123,1,0,3,7503,0.996748,0.0,0.0,123,0,0,0,0,123,123,0,0,0,10,0,0,0,0,10,0,0,1,139,2,0,0,0,0,3,7,10,0,10,0,0,0,0,667,1,0
/Users/larrymotuzis/Larry_Motuzis_Data/Project06_POI/poi/src/main/java/org/apache/poi/poifs/filesystem/DocumentOutputStream.java,org.apache.poi.poifs.filesystem.DocumentOutputStream,class,11,14,3,11,21,2,0,24,39,0.7727273,0.17857143,0.21428572,11,2,6,3,0,2,8,0,0,0,8,0,0,8,0,0,3,0,2,81,3,0,4,0,4,6,9,12,4,9,2,0,0,0,104,17,0
/Users/larrymotuzis/Larry_Motuzis_Data/Project06_POI/poi/src/main/java/org/apache/poi/hssf/usermodel/HSSFPicture.java,org.apache.poi.hssf.usermodel.HSSFPicture,class,24,29,5,24,30,3,1,59,190,0.0,0.0,0.0,20,0,17,0,2,1,20,0,0,0,0,0,0,0,0,0,0,0,4,123,13,1,8,1,5,3,7,29,6,27,1,0,0,0,153,1,0
/Users/larrymotuzis/Larry_Motuzis_Data/Project06_POI/poi/src/main/java/org/apache/poi/util/RandomSingleton.java,org.apache.poi.util.RandomSingleton,class,0,0,0,0,1,1,0,0,0,0.0,NaN,NaN,1,1,1,0,0,0,1,0,0,0,1,1,0,1,0,0,1,0,0,6,1,0,0,0,0,0,0,1,0,1,0,0,0,0,12,1,0
/Users/larrymotuzis/Larry_Motuzis_Data/Project06_POI/poi/src/main/java/org/apache/poi/ddf/EscherSplitMenuColorsRecord.java,org.apache.poi.ddf.EscherSplitMenuColorsRecord,class,7,8,1,7,19,2,0,10,91,0.7666667,0.20261438,0.35947713,18,0,18,0,0,0,18,0,0,0,5,1,1,4,0,0,1,0,0,97,12,0,1,0,0,7,19,30,11,10,1,0,0,0,76,1,0
/Users/larrymotuzis/Larry_Motuzis_Data/Project06_POI/poi/src/main/java/org/apache/poi/hssf/usermodel/HSSFDataValidation.java,org.apache.poi.hssf.usermodel.HSSFDataValidation,class,8,12,4,8,32,1,0,10,140,0.8528138,0.16666667,1.0,21,0,21,0,0,0,21,0,0,0,11,0,0,11,0,0,0,0,0,97,14,0,7,0,0,4,4,16,4,12,1,0,0,0,88,17,0
/Users/larrymotuzis/Larry_Motuzis_Data/Project06_POI/poi/src/main/java/org/apache/poi/util/LittleEndianOutputStream.java,org.apache.poi.util.LittleEndianOutputStream,class,3,6,3,3,17,3,0,6,45,0.0,0.0,0.0,10,0,10,0,0,0,10,0,0,0,0,0,0,0,0,0,0,0,1,82,0,0,0,7,20,0,21,6,9,6,1,0,0,0,37,17,0
/Users/larrymotuzis/Larry_Motuzis_Data/Project06_POI/poi/src/main/java/org/apache/poi/hssf/record/UserSViewEnd.java,org.apache.poi.hssf.record.UserSViewEnd,class,6,8,2,6,10,4,0,4,6,0.6111111,0.2777778,0.2777778,9,0,8,0,1,0,9,0,0,0,2,1,1,1,0,0,1,0,0,32,5,0,1,0,1,1,1,4,0,2,0,0,0,1,70,17,0
/Users/larrymotuzis/Larry_Motuzis_Data/Project06_POI/poi/src/main/java/org/apache/poi/ss/usermodel/VerticalAlignment.java,org.apache.poi.ss.usermodel.VerticalAlignment,enum,1,3,2,1,4,1,0,2,1,0.0,0.0,0.0,2,1,2,0,0,0,2,0,0,0,0,0,0,0,0,0,0,0,2,15,2,0,0,0,0,1,1,0,1,0,1,0,0,0,89,1,0
/Users/larrymotuzis/Larry_Motuzis_Data/Project06_POI/poi/src/main/java/org/apache/poi/hssf/usermodel/HSSFShapeTypes.java,org.apache.poi.hssf.usermodel.HSSFShapeTypes,interface,0,0,0,0,0,1,0,0,0,NaN,-1.0,-1.0,0,0,0,0,0,0,0,0,0,0,203,203,203,0,0,0,203,0,0,205,0,0,0,0,0,0,203,203,0,203,0,0,0,0,170,1,0
/Users/larrymotuzis/Larry_Motuzis_Data/Project06_POI/poi/src/main/java/org/apache/poi/poifs/crypt/agile/PasswordKeyEncryptor.java,org.apache.poi.poifs.crypt.agile.PasswordKeyEncryptor,class,9,12,3,9,32,1,0,13,229,0.85185176,0.17378917,0.9259259,27,0,26,0,0,1,27,0,0,0,12,0,0,12,0,0,0,0,24,123,12,0,5,0,0,28,1,27,0,15,1,0,0,0,93,1,0
/Users/larrymotuzis/Larry_Motuzis_Data/Project06_POI/poi/src/main/java/org/apache/poi/ss/formula/SharedFormula.java,org.apache.poi.ss.formula.SharedFormula,class,8,9,1,8,11,1,0,20,2,0.5,0.0,0.0,4,0,2,2,0,0,2,0,0,0,2,0,0,2,0,0,2,0,0,45,5,1,0,0,3,0,2,13,2,8,2,0,0,0,56,1,0
/Users/larrymotuzis/Larry_Motuzis_Data/Project06_POI/poi/src/main/java/org/apache/poi/ss/formula/functions/DStarRunner.java,org.apache.poi.ss.formula.functions.DStarRunner$DStarAlgorithmEnum,enum,1,1,0,1,2,1,0,1,0,0.0,1.0,1.0,2,0,1,0,0,1,2,0,0,0,1,0,0,1,0,0,1,0,0,20,1,0,0,0,0,0,0,1,0,1,0,0,0,0,48,1,0
/Users/larrymotuzis/Larry_Motuzis_Data/Project06_POI/poi/src/main/java/org/apache/poi/sl/draw/DrawFontManager.java,org.apache.poi.sl.draw.DrawFontManager,interface,1,4,3,1,4,1,0,0,6,0.0,0.0,0.0,4,0,0,0,0,4,4,0,0,0,0,0,0,0,0,0,0,0,0,6,0,0,0,0,0,0,0,0,0,0,0,0,0,0,92,1,0
/Users/larrymotuzis/Larry_Motuzis_Data/Project06_POI/poi/src/main/java/org/apache/poi/sl/usermodel/MetroShapeProvider.java,org.apache.poi.sl.usermodel.MetroShapeProvider,interface,3,3,0,3,1,1,0,0,0,0.0,NaN,NaN,1,0,0,0,0,1,1,0,0,0,0,0,0,0,0,0,0,0,0,3,0,0,0,0,0,0,0,0,0,0,0,0,0,0,19,1,0
/Users/larrymotuzis/Larry_Motuzis_Data/Project06_POI/poi/src/main/java/org/apache/poi/hssf/record/FilePassRecord.java,org.apache.poi.hssf.record.FilePassRecord,class,18,21,3,18,18,4,0,17,17,0.7,0.25,0.2777778,10,0,8,1,1,0,9,0,0,0,5,3,1,4,0,0,5,0,0,88,6,0,1,2,7,5,6,15,0,10,1,0,0,1,68,17,0
/Users/larrymotuzis/Larry_Motuzis_Data/Project06_POI/poi/src/main/java/org/apache/poi/ss/formula/FormulaCellCacheEntrySet.java,org.apache.poi.ss.formula.FormulaCellCacheEntrySet,class,3,5,2,3,28,1,0,3,0,0.4,1.0,1.0,5,1,4,1,0,0,4,0,0,0,3,1,0,3,0,0,1,0,5,104,10,7,11,0,0,2,14,33,9,26,4,0,0,0,75,16,0
/Users/larrymotuzis/Larry_Motuzis_Data/Project06_POI/poi/src/main/java/org/apache/poi/ss/util/DateFormatConverter.java,org.apache.poi.ss.util.DateFormatConverter,class,4,5,1,4,34,1,0,30,26,0.8125,0.0,0.0,8,7,6,2,0,0,6,0,0,0,2,2,0,2,0,0,1,0,10,174,19,2,5,0,7,50,5,17,1,15,2,0,1,0,83,17,1
/Users/larrymotuzis/Larry_Motuzis_Data/Project06_POI/poi/src/main/java/org/apache/poi/sl/usermodel/SlideShowFactory.java,org.apache.poi.sl.usermodel.SlideShowFactory,class,9,11,2,9,28,1,0,25,79,0.71428573,0.018181818,0.018181818,14,13,11,3,0,0,11,0,0,0,1,0,0,1,0,0,1,0,14,99,14,1,5,1,0,5,2,12,3,19,2,0,2,7,148,17,0
/Users/larrymotuzis/Larry_Motuzis_Data/Project06_POI/poi/src/main/java/org/apache/poi/ddf/EscherComplexProperty.java,org.apache.poi.ddf.EscherComplexProperty,class,4,7,3,4,22,2,1,12,20,0.7083333,0.275,0.375,16,2,14,0,2,0,16,0,0,0,3,2,0,3,0,0,1,0,9,76,14,0,3,0,6,2,13,8,3,6,1,0,0,0,128,1,0
/Users/larrymotuzis/Larry_Motuzis_Data/Project06_POI/poi/src/main/java/org/apache/poi/sl/draw/geom/XYAdjustHandle.java,org.apache.poi.sl.draw.geom.XYAdjustHandle,class,3,5,2,3,32,1,0,2,125,0.7826086,0.25296444,1.0,23,0,23,0,0,0,23,0,0,0,7,0,0,7,0,0,0,0,8,81,18,0,8,0,8,0,0,8,0,8,1,0,0,0,66,17,0
/Users/larrymotuzis/Larry_Motuzis_Data/Project06_POI/poi/src/main/java/org/apache/poi/hssf/record/chart/SeriesIndexRecord.java,org.apache.poi.hssf.record.chart.SeriesIndexRecord,class,5,7,2,5,11,4,0,3,35,0.72727275,0.18181819,0.18181819,11,0,10,0,1,0,11,0,0,0,2,1,1,1,0,0,1,0,0,37,6,0,0,0,0,1,2,4,0,2,0,0,0,0,40,17,0
/Users/larrymotuzis/Larry_Motuzis_Data/Project06_POI/poi/src/main/java/org/apache/poi/hpsf/ClassIDPredefined.java,org.apache.poi.hpsf.ClassIDPredefined,enum,2,10,8,2,11,1,0,6,9,0.71428573,0.21428572,0.53571427,7,2,6,0,0,1,8,0,0,0,5,1,0,5,0,0,4,0,1,75,6,1,2,0,1,86,0,5,0,5,2,0,0,0,182,1,0
/Users/larrymotuzis/Larry_Motuzis_Data/Project06_POI/poi/src/main/java/org/apache/poi/ddf/EscherDgRecord.java,org.apache.poi.ddf.EscherDgRecord,class,6,8,2,6,16,2,0,10,76,0.75,0.18333334,0.23333333,16,0,16,0,0,0,16,0,0,0,3,1,1,2,0,0,1,0,0,68,11,0,0,0,1,4,13,11,10,5,0,0,0,0,81,1,0
/Users/larrymotuzis/Larry_Motuzis_Data/Project06_POI/poi/src/main/java/org/apache/poi/ss/usermodel/CellBase.java,org.apache.poi.ss.usermodel.CellBase,class,11,12,1,11,45,1,0,33,300,0.0,0.0,0.0,25,0,12,2,11,0,23,10,5,0,0,0,0,0,0,0,0,0,3,128,12,0,14,0,0,7,1,4,2,3,2,0,0,0,157,1025,0
/Users/larrymotuzis/Larry_Motuzis_Data/Project06_POI/poi/src/main/java/org/apache/poi/poifs/macros/VBAMacroReader.java,org.apache.poi.poifs.macros.VBAMacroReader$RecordType,enum,1,1,0,1,6,1,0,1,0,0.25,0.8333333,1.0,4,1,0,0,0,4,4,0,0,0,2,0,0,2,0,0,2,0,1,22,3,1,1,0,0,0,38,4,0,2,2,0,0,0,55,2,0
/Users/larrymotuzis/Larry_Motuzis_Data/Project06_POI/poi/src/main/java/org/apache/poi/hpsf/extractor/HPSFPropertiesExtractor.java,org.apache.poi.hpsf.extractor.HPSFPropertiesExtractor,class,12,14,2,12,25,1,0,22,61,0.70000005,0.2820513,0.2820513,15,2,13,2,0,0,13,0,0,0,2,0,0,2,0,0,1,0,6,81,13,2,8,0,2,9,0,17,1,13,2,0,0,0,77,1,0
/Users/larrymotuzis/Larry_Motuzis_Data/Project06_POI/poi/src/main/java/org/apache/poi/sl/draw/geom/AdjustHandle.java,org.apache.poi.sl.draw.geom.AdjustHandle,interface,0,3,3,0,0,1,0,0,0,0.0,-1.0,-1.0,0,0,0,0,0,0,0,0,0,0,0,0,0,0,0,0,0,0,0,2,0,0,0,0,0,0,0,0,0,0,0,0,0,0,2,1,0
/Users/larrymotuzis/Larry_Motuzis_Data/Project06_POI/poi/src/main/java/org/apache/poi/ss/formula/functions/DollarDe.java,org.apache.poi.ss.formula.functions.DollarDe,class,9,10,1,9,12,2,0,19,3,1.0,0.0,0.0,3,1,2,1,0,0,2,0,0,0,1,1,1,0,0,0,1,0,12,55,10,0,5,1,0,0,9,17,1,13,2,0,0,0,60,17,0
/Users/larrymotuzis/Larry_Motuzis_Data/Project06_POI/poi/src/main/java/org/apache/poi/poifs/filesystem/Entry.java,org.apache.poi.poifs.filesystem.Entry,interface,1,15,14,1,6,1,0,0,15,0.0,0.0,0.0,6,0,6,0,0,0,6,0,0,0,0,0,0,0,0,0,0,0,0,8,0,0,0,0,0,0,0,0,0,0,0,0,0,0,74,1,0
/Users/larrymotuzis/Larry_Motuzis_Data/Project06_POI/poi/src/main/java/org/apache/poi/hssf/record/UnknownRecord.java,org.apache.poi.hssf.record.UnknownRecord,class,6,10,4,6,126,4,0,8,19,0.8705881,0.25,0.2777778,10,2,8,1,1,0,9,0,0,0,17,15,15,2,0,0,15,0,3,244,76,0,1,0,0,71,115,21,1,19,1,0,0,2,175,17,0
/Users/larrymotuzis/Larry_Motuzis_Data/Project06_POI/poi/src/main/java/org/apache/poi/ss/formula/functions/AverageIf.java,org.apache.poi.ss.formula.functions.AverageIf,class,12,13,1,12,13,2,0,15,6,1.0,0.0,0.0,4,0,1,0,3,0,4,0,0,0,1,1,1,0,0,0,1,0,4,59,6,2,2,1,1,0,8,11,0,10,4,1,0,0,53,1,0
/Users/larrymotuzis/Larry_Motuzis_Data/Project06_POI/poi/src/main/java/org/apache/poi/hssf/eventusermodel/dummyrecord/MissingRowDummyRecord.java,org.apache.poi.hssf.eventusermodel.dummyrecord.MissingRowDummyRecord,class,3,5,2,3,5,4,0,1,8,0.6,0.1,0.1,5,0,5,0,0,0,5,0,0,0,1,0,0,1,0,0,1,0,0,18,4,0,0,0,0,1,0,1,0,1,0,0,0,0,29,17,0
/Users/larrymotuzis/Larry_Motuzis_Data/Project06_POI/poi/src/main/java/org/apache/poi/ss/usermodel/Name.java,org.apache.poi.ss.usermodel.Name,interface,0,2,2,0,13,1,0,0,78,0.0,0.0,0.0,13,0,0,0,0,13,13,0,0,0,0,0,0,0,0,0,0,0,0,15,0,0,0,0,0,0,0,0,0,0,0,0,0,0,208,1,0
/Users/larrymotuzis/Larry_Motuzis_Data/Project06_POI/poi/src/main/java/org/apache/poi/ss/usermodel/IndexedColors.java,org.apache.poi.ss.usermodel.IndexedColors,enum,1,2,1,1,8,1,0,1,0,0.33333334,0.5,0.5,3,1,2,0,0,1,4,0,0,0,2,1,1,1,0,0,2,0,1,24,2,1,1,0,0,2,59,4,2,3,1,0,0,0,91,1,0
/Users/larrymotuzis/Larry_Motuzis_Data/Project06_POI/poi/src/main/java/org/apache/poi/ss/formula/ptg/UnaryMinusPtg.java,org.apache.poi.ss.formula.ptg.UnaryMinusPtg,class,2,5,3,2,5,4,0,0,10,0.8,0.0,0.0,5,0,4,1,0,0,4,0,0,0,3,3,2,1,0,0,3,0,0,19,4,0,0,0,0,1,3,3,1,3,0,0,0,0,38,17,0
/Users/larrymotuzis/Larry_Motuzis_Data/Project06_POI/poi/src/main/java/org/apache/poi/sl/usermodel/TextParagraph.java,org.apache.poi.sl.usermodel.TextParagraph$FontAlign,enum,0,0,0,0,0,1,0,0,0,0.0,-1.0,-1.0,0,0,0,0,0,0,0,0,0,0,0,0,0,0,0,0,0,0,0,5,0,0,0,0,0,0,0,0,0,0,0,0,0,0,44,0,0
/Users/larrymotuzis/Larry_Motuzis_Data/Project06_POI/poi/src/main/java/org/apache/poi/ss/formula/functions/Address.java,org.apache.poi.ss.formula.functions.Address,class,8,9,1,8,13,1,0,9,0,0.0,NaN,NaN,1,0,1,0,0,0,1,0,0,0,4,4,4,0,0,0,4,0,5,62,3,0,4,1,0,0,16,21,2,13,2,0,0,0,56,1,0
/Users/larrymotuzis/Larry_Motuzis_Data/Project06_POI/poi/src/main/java/org/apache/poi/ddf/NullEscherSerializationListener.java,org.apache.poi.ddf.NullEscherSerializationListener,class,2,4,2,2,2,1,0,0,1,0.0,0.0,0.0,2,0,2,0,0,0,2,0,0,0,0,0,0,0,0,0,0,0,0,6,0,0,0,0,0,0,0,0,0,0,0,0,0,0,12,1,0
/Users/larrymotuzis/Larry_Motuzis_Data/Project06_POI/poi/src/main/java/org/apache/poi/ss/format/CellNumberFormatter.java,org.apache.poi.ss.format.CellNumberFormatter,class,11,14,3,11,162,3,0,107,339,0.90972203,0.16666667,0.16666667,30,14,4,26,0,0,4,0,0,0,24,1,0,24,0,0,24,0,52,631,23,19,66,3,11,21,70,167,37,115,6,0,2,0,194,1,1
/Users/larrymotuzis/Larry_Motuzis_Data/Project06_POI/poi/src/main/java/org/apache/poi/ddf/EscherPropertyTypes.java,org.apache.poi.ddf.EscherPropertyTypes,enum,2,12,10,2,5,1,0,7,0,0.5625,0.5,0.5,4,1,2,0,0,2,4,0,0,0,4,1,3,1,0,0,4,0,5,21,2,0,1,0,2,318,318,5,0,5,0,0,0,0,80,1,0
/Users/larrymotuzis/Larry_Motuzis_Data/Project06_POI/poi/src/main/java/org/apache/poi/ss/formula/eval/ValueEval.java,org.apache.poi.ss.formula.eval.ValueEval,interface,0,157,157,0,0,1,0,0,0,0.0,-1.0,-1.0,0,0,0,0,0,0,0,0,0,0,0,0,0,0,0,0,0,0,0,2,0,0,0,0,0,0,0,0,0,0,0,0,0,0,2,1,0
/Users/larrymotuzis/Larry_Motuzis_Data/Project06_POI/poi/src/main/java/org/apache/poi/ss/formula/functions/LookupUtils.java,org.apache.poi.ss.formula.functions.LookupUtils$SearchMode,enum,0,0,0,0,2,1,0,0,0,0.0,1.0,1.0,2,0,1,0,0,1,2,0,0,0,1,0,0,1,0,0,1,0,0,8,1,0,0,0,0,0,4,1,0,1,0,0,0,0,11,1,0
/Users/larrymotuzis/Larry_Motuzis_Data/Project06_POI/poi/src/main/java/org/apache/poi/ss/usermodel/SheetVisibility.java,org.apache.poi.ss.usermodel.SheetVisibility,enum,0,1,1,0,0,1,0,0,0,0.0,-1.0,-1.0,0,0,0,0,0,0,0,0,0,0,0,0,0,0,0,0,0,0,0,4,0,0,0,0,0,0,0,0,0,0,0,0,0,0,43,1,0
/Users/larrymotuzis/Larry_Motuzis_Data/Project06_POI/poi/src/main/java/org/apache/poi/hssf/record/DrawingGroupRecord.java,org.apache.poi.hssf.record.DrawingGroupRecord,class,8,12,4,8,27,4,0,16,163,0.91228074,0.010989011,0.010989011,19,4,12,5,1,1,14,0,0,0,3,3,1,2,0,0,2,0,5,95,14,3,2,0,2,2,15,21,10,13,2,0,0,0,109,17,0
/Users/larrymotuzis/Larry_Motuzis_Data/Project06_POI/poi/src/main/java/org/apache/poi/sl/draw/geom/PresetGeometries.java,org.apache.poi.sl.draw.geom.PresetGeometries,class,3,5,2,3,10,1,0,11,1,0.2857143,0.4,0.4,7,1,6,1,0,0,6,0,0,0,1,0,0,1,0,0,1,0,1,43,6,0,2,3,1,2,0,5,0,5,3,0,1,0,36,17,0
/Users/larrymotuzis/Larry_Motuzis_Data/Project06_POI/poi/src/main/java/org/apache/poi/poifs/crypt/standard/EncryptionRecord.java,org.apache.poi.poifs.crypt.standard.EncryptionRecord,interface,1,16,15,1,1,1,0,0,0,0.0,NaN,NaN,1,0,0,0,0,1,1,0,0,0,0,0,0,0,0,0,0,0,0,3,0,0,0,0,0,0,0,0,0,0,0,0,0,0,10,1,0
/Users/larrymotuzis/Larry_Motuzis_Data/Project06_POI/poi/src/main/java/org/apache/poi/ss/formula/functions/LookupUtils.java,org.apache.poi.ss.formula.functions.LookupUtils$SheetVector,innerclass,3,3,0,3,4,1,0,3,0,0.16666667,1.0,1.0,3,0,3,0,0,0,3,0,0,0,2,0,0,2,0,0,2,0,0,18,2,0,0,0,1,3,1,3,3,3,1,0,0,0,24,26,0
/Users/larrymotuzis/Larry_Motuzis_Data/Project06_POI/poi/src/main/java/org/apache/poi/ss/formula/functions/AggregateFunction.java,org.apache.poi.ss.formula.functions.AggregateFunction$Product,innerclass,4,4,0,4,2,3,0,2,1,0.0,0.0,0.0,2,0,0,0,1,1,2,0,0,0,0,0,0,0,0,0,0,0,1,8,1,0,0,0,0,0,0,0,0,0,0,0,0,0,11,10,0
/Users/larrymotuzis/Larry_Motuzis_Data/Project06_POI/poi/src/main/java/org/apache/poi/ss/usermodel/DataBarFormatting.java,org.apache.poi.ss.usermodel.DataBarFormatting,interface,2,4,2,2,12,1,0,0,66,0.0,0.0,0.0,12,0,0,0,0,12,12,0,0,0,0,0,0,0,0,0,0,0,0,14,0,0,0,0,0,0,0,0,0,0,0,0,0,0,53,1,0
/Users/larrymotuzis/Larry_Motuzis_Data/Project06_POI/poi/src/main/java/org/apache/poi/ss/formula/WorkbookDependentFormula.java,org.apache.poi.ss.formula.WorkbookDependentFormula,interface,2,2,0,2,1,1,0,0,0,0.0,NaN,NaN,1,0,0,0,0,1,1,0,0,0,0,0,0,0,0,0,0,0,0,3,0,0,0,0,0,0,0,0,0,0,0,0,0,0,19,1,0
/Users/larrymotuzis/Larry_Motuzis_Data/Project06_POI/poi/src/main/java/org/apache/poi/ss/formula/eval/UnaryPlusEval.java,org.apache.poi.ss.formula.eval.UnaryPlusEval,class,10,11,1,10,6,2,0,5,3,1.0,0.0,0.0,3,0,2,1,0,0,2,0,0,0,1,1,1,0,0,0,1,0,2,25,5,0,1,1,0,0,2,3,0,4,2,0,0,1,24,17,0
/Users/larrymotuzis/Larry_Motuzis_Data/Project06_POI/poi/src/main/java/org/apache/poi/ss/formula/eval/ErrorEval.java,org.apache.poi.ss.formula.eval.ErrorEval,class,3,101,98,3,8,1,0,8,0,0.89393944,0.3,0.3,6,2,5,1,0,0,5,0,0,0,11,10,9,2,0,0,11,0,3,42,6,0,1,0,0,5,0,13,3,13,1,0,0,0,93,17,0
/Users/larrymotuzis/Larry_Motuzis_Data/Project06_POI/poi/src/main/java/org/apache/poi/poifs/filesystem/Ole10NativeException.java,org.apache.poi.poifs.filesystem.Ole10NativeException,class,0,1,1,0,3,3,0,0,3,0.0,0.0,0.0,3,0,3,0,0,0,3,0,0,0,0,0,0,0,0,0,0,0,0,11,0,0,0,0,0,0,0,0,0,0,0,0,0,0,6,1,0
/Users/larrymotuzis/Larry_Motuzis_Data/Project06_POI/poi/src/main/java/org/apache/poi/ss/usermodel/RangeCopier.java,org.apache.poi.ss.usermodel.RangeCopier$Anonymous1,anonymous,0,0,0,0,0,1,0,0,0,0.0,-1.0,-1.0,0,0,0,0,0,0,0,0,0,0,0,0,0,0,0,0,0,0,0,2,0,0,0,0,0,0,0,0,0,0,0,0,0,0,0,-1,0
/Users/larrymotuzis/Larry_Motuzis_Data/Project06_POI/poi/src/main/java/org/apache/poi/ss/formula/functions/LookupUtils.java,org.apache.poi.ss.formula.functions.LookupUtils$RowVector,innerclass,4,4,0,4,6,1,0,3,0,0.22222222,1.0,1.0,3,0,3,0,0,0,3,0,0,0,3,0,0,3,0,0,3,0,0,23,2,0,0,0,1,6,3,4,4,4,1,0,0,0,30,26,0
/Users/larrymotuzis/Larry_Motuzis_Data/Project06_POI/poi/src/main/java/org/apache/poi/hpsf/UnexpectedPropertySetTypeException.java,org.apache.poi.hpsf.UnexpectedPropertySetTypeException,class,1,3,2,1,4,4,0,0,6,0.0,0.0,0.0,4,0,4,0,0,0,4,0,0,0,0,0,0,0,0,0,0,0,0,14,0,0,0,0,0,0,0,0,0,0,0,0,0,0,49,1,0
/Users/larrymotuzis/Larry_Motuzis_Data/Project06_POI/poi/src/main/java/org/apache/poi/ss/usermodel/PageMargin.java,org.apache.poi.ss.usermodel.PageMargin,enum,1,3,2,1,5,1,0,4,0,0.33333334,0.5,0.5,3,1,2,0,0,1,4,0,0,0,2,1,0,2,0,0,2,0,2,26,2,1,0,0,0,0,0,3,0,3,1,0,0,0,95,1,0
/Users/larrymotuzis/Larry_Motuzis_Data/Project06_POI/poi/src/main/java/org/apache/poi/ss/formula/ptg/GreaterEqualPtg.java,org.apache.poi.ss.formula.ptg.GreaterEqualPtg,class,2,6,4,2,5,4,0,0,10,0.8666666,0.0,0.0,5,0,4,1,0,0,4,0,0,0,3,3,3,0,0,0,3,0,0,19,4,0,0,0,0,1,5,3,1,3,0,0,0,0,29,17,0
/Users/larrymotuzis/Larry_Motuzis_Data/Project06_POI/poi/src/main/java/org/apache/poi/poifs/storage/HeaderBlock.java,org.apache.poi.poifs.storage.HeaderBlock,class,13,19,6,13,42,1,0,20,144,0.8083333,0.21904762,0.9047619,24,2,21,3,0,0,21,0,0,0,10,1,0,10,0,0,3,0,8,181,11,4,6,0,3,22,49,48,11,28,1,0,0,0,195,17,0
/Users/larrymotuzis/Larry_Motuzis_Data/Project06_POI/poi/src/main/java/org/apache/poi/ss/formula/EvaluationName.java,org.apache.poi.ss.formula.EvaluationName,interface,3,9,6,3,6,1,0,0,15,0.0,0.0,0.0,6,0,0,0,0,6,6,0,0,0,0,0,0,0,0,0,0,0,0,8,0,0,0,0,0,0,0,0,0,0,0,0,0,0,17,1,0
/Users/larrymotuzis/Larry_Motuzis_Data/Project06_POI/poi/src/main/java/org/apache/poi/ss/formula/functions/Match.java,org.apache.poi.ss.formula.functions.Match,class,17,19,2,17,35,2,0,24,21,0.0,0.0,0.0,7,5,2,5,0,0,2,0,0,0,0,0,0,0,0,0,0,0,10,135,17,3,5,2,0,4,13,21,6,21,3,0,1,0,151,17,0
/Users/larrymotuzis/Larry_Motuzis_Data/Project06_POI/poi/src/main/java/org/apache/poi/sl/draw/geom/GuideIf.java,org.apache.poi.sl.draw.geom.GuideIf,interface,4,10,6,4,33,1,0,16,15,0.8333333,0.0,0.0,6,0,0,0,0,6,6,0,0,0,1,0,0,0,0,1,0,0,21,73,19,0,2,0,8,5,17,10,20,6,1,0,1,0,49,1,0
/Users/larrymotuzis/Larry_Motuzis_Data/Project06_POI/poi/src/main/java/org/apache/poi/extractor/POITextExtractor.java,org.apache.poi.extractor.POITextExtractor,interface,1,8,7,1,9,1,0,3,21,0.0,0.0,0.0,7,0,0,0,0,7,7,0,0,0,0,0,0,0,0,0,0,0,0,14,0,0,1,0,0,0,0,1,0,1,1,0,0,0,93,1,0
/Users/larrymotuzis/Larry_Motuzis_Data/Project06_POI/poi/src/main/java/org/apache/poi/ss/usermodel/ShapeContainer.java,org.apache.poi.ss.usermodel.ShapeContainer,interface,1,2,1,1,0,1,0,0,0,0.0,-1.0,-1.0,0,0,0,0,0,0,0,0,0,0,0,0,0,0,0,0,0,0,0,2,0,0,0,0,0,0,0,0,0,0,0,0,0,0,8,1,0
/Users/larrymotuzis/Larry_Motuzis_Data/Project06_POI/poi/src/main/java/org/apache/poi/hpsf/NoFormatIDException.java,org.apache.poi.hpsf.NoFormatIDException,class,1,2,1,1,4,5,0,0,6,0.0,0.0,0.0,4,0,4,0,0,0,4,0,0,0,0,0,0,0,0,0,0,0,0,14,0,0,0,0,0,0,0,0,0,0,0,0,0,0,36,1,0
/Users/larrymotuzis/Larry_Motuzis_Data/Project06_POI/poi/src/main/java/org/apache/poi/ss/formula/ptg/MissingArgPtg.java,org.apache.poi.ss.formula.ptg.MissingArgPtg,class,4,6,2,4,7,3,0,2,19,0.8571429,0.06666667,0.06666667,7,0,6,1,0,0,6,0,0,0,3,3,2,1,0,0,3,0,0,25,5,0,0,0,0,1,2,3,1,3,0,0,0,0,30,17,0
/Users/larrymotuzis/Larry_Motuzis_Data/Project06_POI/poi/src/main/java/org/apache/poi/sl/usermodel/TextParagraph.java,org.apache.poi.sl.usermodel.TextParagraph$TextAlign,enum,0,0,0,0,0,1,0,0,0,0.0,-1.0,-1.0,0,0,0,0,0,0,0,0,0,0,0,0,0,0,0,0,0,0,0,8,0,0,0,0,0,0,0,0,0,0,0,0,0,0,51,0,0
/Users/larrymotuzis/Larry_Motuzis_Data/Project06_POI/poi/src/main/java/org/apache/poi/ss/usermodel/PictureData.java,org.apache.poi.ss.usermodel.PictureData,interface,1,3,2,1,4,1,0,0,6,0.0,0.0,0.0,4,0,0,0,0,4,4,0,0,0,0,0,0,0,0,0,0,0,0,6,0,0,0,0,0,0,0,0,0,0,0,0,0,0,41,1,0
/Users/larrymotuzis/Larry_Motuzis_Data/Project06_POI/poi/src/main/java/org/apache/poi/poifs/crypt/Encryptor.java,org.apache.poi.poifs.crypt.Encryptor,class,8,25,17,8,16,1,5,4,87,0.84444445,0.08571429,0.14285715,15,1,13,0,2,0,15,4,0,0,3,1,0,2,1,0,1,0,0,42,5,0,1,0,0,3,0,5,0,3,0,0,0,1,92,1025,0
/Users/larrymotuzis/Larry_Motuzis_Data/Project06_POI/poi/src/main/java/org/apache/poi/ss/util/RegionUtil.java,org.apache.poi.ss.util.RegionUtil$CellPropertySetter,innerclass,6,6,0,6,5,1,0,4,4,0.4,0.3,0.3,5,0,5,0,0,0,5,0,0,0,2,0,0,2,0,0,2,0,3,22,0,0,0,0,0,2,0,5,0,3,0,0,0,0,29,26,0
/Users/larrymotuzis/Larry_Motuzis_Data/Project06_POI/poi/src/main/java/org/apache/poi/ss/formula/functions/FinanceLib.java,org.apache.poi.ss.formula.functions.FinanceLib,class,1,2,1,1,17,1,0,2,15,0.0,0.0,0.0,6,5,5,1,0,0,5,0,0,0,0,0,0,0,0,0,0,0,11,54,9,1,4,0,23,0,23,13,44,11,1,0,0,0,139,17,0
/Users/larrymotuzis/Larry_Motuzis_Data/Project06_POI/poi/src/main/java/org/apache/poi/hssf/record/MulBlankRecord.java,org.apache.poi.hssf.record.MulBlankRecord,class,6,12,6,6,16,4,0,6,33,0.7,0.30769232,0.46153846,14,1,12,1,1,0,13,0,0,0,5,1,1,4,0,0,5,0,1,64,11,2,0,0,1,4,8,12,8,7,1,0,0,1,82,17,0
/Users/larrymotuzis/Larry_Motuzis_Data/Project06_POI/poi/src/main/java/org/apache/poi/hssf/record/FileSharingRecord.java,org.apache.poi.hssf.record.FileSharingRecord,class,5,8,3,5,18,4,0,11,55,0.76,0.23809524,0.42857143,15,0,14,0,1,0,15,0,0,0,5,1,1,4,0,0,1,0,0,74,9,0,0,0,0,4,6,15,1,7,1,0,0,0,79,17,0
/Users/larrymotuzis/Larry_Motuzis_Data/Project06_POI/poi/src/main/java/org/apache/poi/ss/usermodel/Hyperlink.java,org.apache.poi.ss.usermodel.Hyperlink,interface,1,4,3,1,8,1,0,0,28,0.0,0.0,0.0,8,0,8,0,0,0,8,0,0,0,0,0,0,0,0,0,0,0,0,10,0,0,0,0,0,0,0,0,0,0,0,0,0,0,24,1,0
/Users/larrymotuzis/Larry_Motuzis_Data/Project06_POI/poi/src/main/java/org/apache/poi/hssf/record/aggregates/FormulaRecordAggregate.java,org.apache.poi.hssf.record.aggregates.FormulaRecordAggregate,class,20,25,5,20,48,3,0,44,0,0.59615386,0.72333336,0.92,26,1,25,1,0,0,25,0,0,0,4,0,0,4,0,0,1,0,1,170,15,0,17,0,0,7,2,24,1,18,2,0,0,0,185,17,0
/Users/larrymotuzis/Larry_Motuzis_Data/Project06_POI/poi/src/main/java/org/apache/poi/ss/formula/ptg/DeletedRef3DPtg.java,org.apache.poi.ss.formula.ptg.DeletedRef3DPtg,class,9,12,3,9,10,3,0,9,23,0.6333333,0.24444444,0.33333334,10,0,10,0,0,0,10,0,0,0,3,1,1,2,0,0,3,0,2,39,6,0,0,0,0,3,3,5,1,3,0,0,0,2,52,17,0
/Users/larrymotuzis/Larry_Motuzis_Data/Project06_POI/poi/src/main/java/org/apache/poi/ss/formula/WorkbookEvaluatorProvider.java,org.apache.poi.ss.formula.WorkbookEvaluatorProvider,interface,2,5,3,2,1,1,0,0,0,0.0,NaN,NaN,1,0,0,0,0,1,1,0,0,0,0,0,0,0,0,0,0,0,0,3,0,0,0,0,0,0,0,0,0,0,0,0,0,0,23,1,0
/Users/larrymotuzis/Larry_Motuzis_Data/Project06_POI/poi/src/main/java/org/apache/poi/ss/usermodel/SimpleShape.java,org.apache.poi.ss.usermodel.SimpleShape,interface,1,2,1,1,1,1,0,0,0,0.0,NaN,NaN,1,0,0,0,0,1,1,0,0,0,0,0,0,0,0,0,0,0,0,3,0,0,0,0,0,0,0,0,0,0,0,0,0,0,19,1,0
/Users/larrymotuzis/Larry_Motuzis_Data/Project06_POI/poi/src/main/java/org/apache/poi/hpsf/Variant.java,org.apache.poi.hpsf.Variant,class,0,4,4,0,12,1,1,7,1,0.94736844,0.0,0.0,2,2,2,0,0,0,3,0,0,0,57,57,54,3,0,0,57,0,2,91,2,1,4,0,4,45,103,69,0,62,1,0,0,0,206,1,0
/Users/larrymotuzis/Larry_Motuzis_Data/Project06_POI/poi/src/main/java/org/apache/poi/ss/formula/functions/LookupUtils.java,org.apache.poi.ss.formula.functions.LookupUtils,class,26,30,4,26,109,6,0,60,190,0.95,0.0,0.0,20,20,11,8,0,1,13,0,0,0,2,2,0,2,0,0,2,0,24,686,42,8,22,1,3,8,26,75,10,51,5,0,14,0,275,17,0
/Users/larrymotuzis/Larry_Motuzis_Data/Project06_POI/poi/src/main/java/org/apache/poi/sl/usermodel/PlaceholderDetails.java,org.apache.poi.sl.usermodel.PlaceholderDetails,interface,2,6,4,2,10,1,0,0,45,0.0,0.0,0.0,10,0,0,0,0,10,10,0,0,0,0,0,0,0,0,0,0,0,0,17,2,0,0,0,0,0,0,0,0,0,0,0,1,0,82,1,0
/Users/larrymotuzis/Larry_Motuzis_Data/Project06_POI/poi/src/main/java/org/apache/poi/ss/formula/functions/CeilingMath.java,org.apache.poi.ss.formula.functions.CeilingMath,class,9,10,1,9,15,1,0,11,3,1.0,NaN,NaN,3,1,1,2,0,0,1,0,0,0,1,1,1,0,0,0,1,0,10,46,8,0,6,1,0,0,14,12,0,10,3,0,0,0,57,17,0
/Users/larrymotuzis/Larry_Motuzis_Data/Project06_POI/poi/src/main/java/org/apache/poi/ss/usermodel/helpers/RowShifter.java,org.apache.poi.ss.usermodel.helpers.RowShifter,class,4,5,1,4,17,2,0,21,8,0.6,0.16666667,0.16666667,5,2,4,1,0,0,4,0,0,0,1,0,0,0,1,0,1,0,4,65,2,2,0,0,3,3,9,15,17,14,2,0,0,0,90,1025,0
/Users/larrymotuzis/Larry_Motuzis_Data/Project06_POI/poi/src/main/java/org/apache/poi/ss/formula/functions/Code.java,org.apache.poi.ss.formula.functions.Code,class,6,7,1,6,3,2,0,6,0,0.0,NaN,NaN,1,0,1,0,0,0,1,0,0,0,0,0,0,0,0,0,0,0,3,17,3,0,0,1,0,0,1,3,0,3,1,0,0,0,41,1,0
/Users/larrymotuzis/Larry_Motuzis_Data/Project06_POI/poi/src/main/java/org/apache/poi/util/XMLHelper.java,org.apache.poi.util.XMLHelper$DocHelperErrorHandler,innerclass,6,6,0,6,9,1,0,10,8,0.6,0.0,0.0,5,0,4,1,0,0,4,0,0,0,1,0,0,1,0,0,1,0,0,31,0,0,3,0,1,1,2,7,2,5,2,0,0,0,28,10,0
/Users/larrymotuzis/Larry_Motuzis_Data/Project06_POI/poi/src/main/java/org/apache/poi/sl/usermodel/ObjectMetaData.java,org.apache.poi.sl.usermodel.ObjectMetaData$Application$Anonymous1,anonymous,1,1,0,1,4,1,0,0,6,0.0,0.0,0.0,4,0,4,0,0,0,4,0,0,0,0,0,0,0,0,0,0,0,0,14,4,0,0,0,0,0,0,0,0,0,0,0,0,0,14,-1,0
/Users/larrymotuzis/Larry_Motuzis_Data/Project06_POI/poi/src/main/java/org/apache/poi/ss/formula/functions/MathX.java,org.apache.poi.ss.formula.functions.MathX,class,3,18,15,3,60,1,0,24,378,0.0,0.0,0.0,28,27,26,2,0,0,26,0,0,0,0,0,0,0,0,0,0,0,34,191,37,8,12,0,11,0,43,36,25,22,3,0,0,0,157,16,0
/Users/larrymotuzis/Larry_Motuzis_Data/Project06_POI/poi/src/main/java/org/apache/poi/ss/usermodel/ObjectData.java,org.apache.poi.ss.usermodel.ObjectData,interface,4,5,1,4,7,1,0,0,21,0.0,0.0,0.0,7,0,0,0,0,7,7,0,0,0,0,0,0,0,0,0,0,0,0,11,1,0,0,0,0,1,0,0,0,0,0,0,0,0,70,1,0
/Users/larrymotuzis/Larry_Motuzis_Data/Project06_POI/poi/src/main/java/org/apache/poi/extractor/ExtractorFactory.java,org.apache.poi.extractor.ExtractorFactory$ProviderMethod,interface,2,2,0,2,1,1,0,0,0,0.0,NaN,NaN,1,0,0,0,0,1,1,0,0,0,0,0,0,0,0,0,0,0,0,3,0,0,0,0,0,0,0,0,0,0,0,0,0,0,10,2,0
/Users/larrymotuzis/Larry_Motuzis_Data/Project06_POI/poi/src/main/java/org/apache/poi/hssf/usermodel/HSSFColorScaleFormatting.java,org.apache.poi.hssf.usermodel.HSSFColorScaleFormatting,class,11,12,1,11,12,1,0,9,0,0.5416667,0.8214286,1.0,8,0,7,0,1,0,8,0,0,0,3,0,0,3,0,0,3,0,0,50,4,4,0,0,1,0,4,18,0,14,1,0,0,0,41,17,0
/Users/larrymotuzis/Larry_Motuzis_Data/Project06_POI/poi/src/main/java/org/apache/poi/hssf/record/LbsDataSubRecord.java,org.apache.poi.hssf.record.LbsDataSubRecord,class,11,12,1,11,43,2,0,20,22,0.625,0.25757575,0.3181818,12,1,10,0,1,1,12,0,0,0,12,1,1,11,0,0,1,0,1,236,8,5,20,0,8,14,32,50,7,22,2,0,1,9,239,1,0
/Users/larrymotuzis/Larry_Motuzis_Data/Project06_POI/poi/src/main/java/org/apache/poi/poifs/crypt/standard/StandardEncryptionHeader.java,org.apache.poi.poifs.crypt.standard.StandardEncryptionHeader,class,11,16,5,11,13,2,1,35,10,0.0,0.0,0.0,5,0,2,0,3,0,5,0,0,0,0,0,0,0,0,0,0,0,3,79,1,1,5,0,4,1,12,10,3,8,3,0,0,0,57,1,0
/Users/larrymotuzis/Larry_Motuzis_Data/Project06_POI/poi/src/main/java/org/apache/poi/hssf/record/aggregates/RowRecordsAggregate.java,org.apache.poi.hssf.record.aggregates.RowRecordsAggregate,class,21,22,1,21,90,3,0,73,368,0.8412698,0.21428572,0.45238096,36,2,28,8,0,0,28,0,0,0,7,0,0,7,0,0,4,0,4,333,28,12,18,2,13,10,42,88,38,66,3,0,0,0,188,17,0
/Users/larrymotuzis/Larry_Motuzis_Data/Project06_POI/poi/src/main/java/org/apache/poi/ss/extractor/EmbeddedExtractor.java,org.apache.poi.ss.extractor.EmbeddedExtractor$PdfExtractor,innerclass,10,10,0,10,11,2,0,18,6,0.0,0.0,0.0,4,0,3,0,1,0,4,0,0,0,0,0,0,0,0,0,0,0,5,38,7,0,6,1,2,7,4,12,3,11,1,0,0,0,66,8,0
/Users/larrymotuzis/Larry_Motuzis_Data/Project06_POI/poi/src/main/java/org/apache/poi/sl/usermodel/LineDecoration.java,org.apache.poi.sl.usermodel.LineDecoration$DecorationSize,enum,1,1,0,1,7,1,0,1,0,0.33333334,0.6666667,1.0,3,2,2,0,0,1,3,0,0,0,2,0,2,0,0,0,2,0,2,19,4,2,2,0,0,0,6,2,0,2,2,0,0,0,23,0,0
/Users/larrymotuzis/Larry_Motuzis_Data/Project06_POI/poi/src/main/java/org/apache/poi/util/LocaleUtil.java,org.apache.poi.util.LocaleUtil,class,4,15,11,4,18,1,0,22,54,0.8076923,0.07692308,0.07692308,13,12,12,1,0,0,13,0,0,0,4,4,2,2,0,0,4,0,13,58,8,0,4,0,4,4,6,9,0,9,1,0,0,1,135,17,0
/Users/larrymotuzis/Larry_Motuzis_Data/Project06_POI/poi/src/main/java/org/apache/poi/poifs/crypt/ChunkedCipherOutputStream.java,org.apache.poi.poifs.crypt.ChunkedCipherOutputStream,class,8,18,10,8,53,3,8,42,111,0.8216783,0.21904762,0.43333334,22,0,9,1,12,0,21,3,1,0,13,2,0,13,0,0,8,0,6,205,11,2,12,4,8,8,25,54,10,33,3,0,0,0,139,1025,2
/Users/larrymotuzis/Larry_Motuzis_Data/Project06_POI/poi/src/main/java/org/apache/poi/ss/formula/functions/DStdev.java,org.apache.poi.ss.formula.functions.DStdev,class,6,6,0,6,4,1,0,6,0,0.0,1.0,1.0,2,0,2,0,0,0,2,0,0,0,1,0,0,1,0,0,1,0,1,18,2,1,0,0,0,0,1,5,0,4,1,0,0,0,36,17,0
/Users/larrymotuzis/Larry_Motuzis_Data/Project06_POI/poi/src/main/java/org/apache/poi/hssf/record/MMSRecord.java,org.apache.poi.hssf.record.MMSRecord,class,5,8,3,5,14,4,0,6,56,0.7692308,0.14102565,0.1923077,13,0,12,0,1,0,13,0,0,0,3,1,1,2,0,0,1,0,0,49,8,0,1,0,0,2,3,7,0,3,1,0,0,0,56,17,0
/Users/larrymotuzis/Larry_Motuzis_Data/Project06_POI/poi/src/main/java/org/apache/poi/sl/draw/EmbeddedExtractor.java,org.apache.poi.sl.draw.EmbeddedExtractor,interface,2,2,0,2,1,1,0,1,0,0.0,NaN,NaN,1,0,0,0,0,1,1,0,0,0,0,0,0,0,0,0,0,0,1,21,1,0,0,0,0,0,0,0,0,0,0,0,1,0,4,1,0
/Users/larrymotuzis/Larry_Motuzis_Data/Project06_POI/poi/src/main/java/org/apache/poi/poifs/crypt/EncryptionInfoBuilder.java,org.apache.poi.poifs.crypt.EncryptionInfoBuilder,interface,5,12,7,5,2,1,0,0,1,0.0,0.0,0.0,2,0,0,0,0,2,2,0,0,0,0,0,0,0,0,0,0,0,0,4,0,0,0,0,0,0,0,0,0,0,0,0,0,0,23,1,0
/Users/larrymotuzis/Larry_Motuzis_Data/Project06_POI/poi/src/main/java/org/apache/poi/ddf/DefaultEscherRecordFactory.java,org.apache.poi.ddf.DefaultEscherRecordFactory,class,6,8,2,6,9,1,0,8,3,0.6666667,0.0,0.0,3,0,2,0,1,0,3,0,0,0,1,1,0,1,0,0,1,0,1,26,5,0,3,0,0,0,2,5,1,5,1,0,0,0,41,1,0
/Users/larrymotuzis/Larry_Motuzis_Data/Project06_POI/poi/src/main/java/org/apache/poi/ss/formula/eval/OperandResolver.java,org.apache.poi.ss.formula.eval.OperandResolver,class,14,75,61,14,54,1,0,39,66,0.9791667,0.0,0.0,12,11,9,3,0,0,9,0,0,0,4,4,0,4,0,0,4,0,16,170,31,0,9,2,5,22,9,21,9,18,2,0,0,0,283,17,0
/Users/larrymotuzis/Larry_Motuzis_Data/Project06_POI/poi/src/main/java/org/apache/poi/sl/usermodel/Hyperlink.java,org.apache.poi.sl.usermodel.Hyperlink,interface,6,9,3,6,7,1,0,0,21,0.0,0.0,0.0,7,0,0,0,0,7,7,0,0,0,0,0,0,0,0,0,0,0,0,9,0,0,0,0,0,0,0,0,0,0,0,0,0,0,45,1,0
/Users/larrymotuzis/Larry_Motuzis_Data/Project06_POI/poi/src/main/java/org/apache/poi/util/IntMapper.java,org.apache.poi.util.IntMapper,class,3,4,1,3,11,1,0,7,0,0.60606056,0.56363636,0.6545454,11,0,11,0,0,0,11,0,0,0,3,1,0,3,0,0,3,0,0,43,8,0,0,0,0,0,2,6,0,4,0,0,0,0,82,1,0
/Users/larrymotuzis/Larry_Motuzis_Data/Project06_POI/poi/src/main/java/org/apache/poi/ss/formula/functions/Irr.java,org.apache.poi.ss.formula.functions.Irr,class,10,12,2,10,12,1,0,9,3,0.6666667,0.0,0.0,3,2,3,0,0,0,3,0,0,0,3,3,0,3,0,0,3,0,6,59,8,2,4,1,0,3,16,20,7,15,2,0,0,0,106,17,3
/Users/larrymotuzis/Larry_Motuzis_Data/Project06_POI/poi/src/main/java/org/apache/poi/sl/usermodel/GraphicalFrame.java,org.apache.poi.sl.usermodel.GraphicalFrame,interface,6,8,2,6,1,1,0,0,0,0.0,NaN,NaN,1,0,0,0,0,1,1,0,0,0,0,0,0,0,0,0,0,0,0,3,0,0,0,0,0,0,0,0,0,0,0,0,0,0,11,1,0
/Users/larrymotuzis/Larry_Motuzis_Data/Project06_POI/poi/src/main/java/org/apache/poi/hssf/record/common/UnicodeString.java,org.apache.poi.hssf.record.common.UnicodeString,class,10,17,7,10,96,1,0,56,83,0.79928315,0.42165244,0.7863248,31,0,26,4,0,1,27,0,0,0,9,4,0,9,0,0,4,0,5,294,41,8,37,0,13,20,40,64,5,38,3,0,0,1,230,1,1
/Users/larrymotuzis/Larry_Motuzis_Data/Project06_POI/poi/src/main/java/org/apache/poi/poifs/crypt/standard/StandardEncryptor.java,org.apache.poi.poifs.crypt.standard.StandardEncryptor$StandardCipherOutputStream,innerclass,9,9,0,9,12,3,0,19,0,0.5714286,0.46666667,1.0,7,0,4,1,1,1,6,0,0,0,4,0,0,0,4,0,3,0,2,51,0,0,1,2,1,6,0,7,1,7,2,0,0,0,46,4,1
/Users/larrymotuzis/Larry_Motuzis_Data/Project06_POI/poi/src/main/java/org/apache/poi/ddf/EscherRecordFactory.java,org.apache.poi.ddf.EscherRecordFactory,interface,2,21,19,2,1,1,0,0,0,0.0,NaN,NaN,1,0,0,0,0,1,1,0,0,0,0,0,0,0,0,0,0,0,0,3,0,0,0,0,0,0,0,0,0,0,0,0,0,0,38,1,0
/Users/larrymotuzis/Larry_Motuzis_Data/Project06_POI/poi/src/main/java/org/apache/poi/ss/formula/atp/Switch.java,org.apache.poi.ss.formula.atp.Switch,class,5,6,1,5,9,1,0,5,1,1.0,NaN,NaN,2,0,1,1,0,0,1,0,0,0,1,1,1,0,0,0,1,0,0,36,6,1,1,2,1,0,9,9,5,8,4,0,0,0,57,17,0
/Users/larrymotuzis/Larry_Motuzis_Data/Project06_POI/poi/src/main/java/org/apache/poi/ss/util/NumberToTextConverter.java,org.apache.poi.ss.util.NumberToTextConverter,class,3,8,5,3,32,1,0,23,34,0.8333334,0.0,0.0,9,8,1,7,0,1,2,0,0,0,2,2,0,2,0,0,2,0,10,120,11,3,5,0,1,9,33,20,9,17,2,0,0,0,184,17,0
/Users/larrymotuzis/Larry_Motuzis_Data/Project06_POI/poi/src/main/java/org/apache/poi/ss/formula/ptg/NotEqualPtg.java,org.apache.poi.ss.formula.ptg.NotEqualPtg,class,2,6,4,2,5,4,0,0,10,0.8,0.0,0.0,5,0,4,1,0,0,4,0,0,0,2,2,2,0,0,0,2,0,0,18,4,0,0,0,0,1,4,2,1,2,0,0,0,0,21,17,0
/Users/larrymotuzis/Larry_Motuzis_Data/Project06_POI/poi/src/main/java/org/apache/poi/ss/usermodel/ShapeTypes.java,org.apache.poi.ss.usermodel.ShapeTypes,class,0,0,0,0,0,1,0,0,0,NaN,-1.0,-1.0,0,0,0,0,0,0,0,0,0,0,187,187,187,0,0,0,187,0,0,189,0,0,0,0,0,0,187,187,0,187,0,0,0,0,51,1,0
/Users/larrymotuzis/Larry_Motuzis_Data/Project06_POI/poi/src/main/java/org/apache/poi/hssf/record/MulRKRecord.java,org.apache.poi.hssf.record.MulRKRecord,class,9,14,5,9,13,4,0,5,54,0.8,0.15384616,0.35897437,13,0,12,0,1,0,13,0,0,0,5,1,1,4,0,0,5,0,2,69,10,0,0,0,0,6,2,5,2,5,0,0,1,1,96,17,0
/Users/larrymotuzis/Larry_Motuzis_Data/Project06_POI/poi/src/main/java/org/apache/poi/ss/formula/ptg/LessThanPtg.java,org.apache.poi.ss.formula.ptg.LessThanPtg,class,2,6,4,2,5,4,0,0,10,0.8,0.0,0.0,5,0,4,1,0,0,4,0,0,0,3,3,2,1,0,0,3,0,0,19,4,0,0,0,0,1,4,3,1,3,0,0,0,0,53,17,0
/Users/larrymotuzis/Larry_Motuzis_Data/Project06_POI/poi/src/main/java/org/apache/poi/util/RLEDecompressingInputStream.java,org.apache.poi.util.RLEDecompressingInputStream,class,4,5,1,4,53,2,0,20,69,0.7333334,0.16666667,0.22727273,15,3,11,3,0,1,12,0,0,0,5,1,0,5,0,0,3,0,10,178,29,6,21,1,29,3,91,48,17,36,5,0,0,0,151,1,0
/Users/larrymotuzis/Larry_Motuzis_Data/Project06_POI/poi/src/main/java/org/apache/poi/ss/formula/ptg/LessEqualPtg.java,org.apache.poi.ss.formula.ptg.LessEqualPtg,class,2,6,4,2,5,4,0,0,10,0.8,0.0,0.0,5,0,4,1,0,0,4,0,0,0,2,2,2,0,0,0,2,0,0,18,4,0,0,0,0,1,4,2,1,2,0,0,0,0,23,17,0
/Users/larrymotuzis/Larry_Motuzis_Data/Project06_POI/poi/src/main/java/org/apache/poi/hssf/record/NumberRecord.java,org.apache.poi.hssf.record.NumberRecord,class,5,12,7,5,12,5,0,4,54,0.7916667,0.09090909,0.09090909,12,0,9,0,3,0,12,0,0,0,2,1,1,1,0,0,1,0,0,41,7,0,0,0,0,3,2,4,0,2,0,0,0,0,50,17,0
/Users/larrymotuzis/Larry_Motuzis_Data/Project06_POI/poi/src/main/java/org/apache/poi/hpsf/CodePageString.java,org.apache.poi.hpsf.CodePageString,class,9,16,7,9,13,1,1,17,0,0.64285713,0.42857143,0.71428573,7,2,7,0,0,0,7,0,0,0,4,3,0,4,0,0,2,0,5,50,6,0,6,0,2,6,9,12,7,10,1,0,0,0,73,1,3
/Users/larrymotuzis/Larry_Motuzis_Data/Project06_POI/poi/src/main/java/org/apache/poi/ss/formula/SheetIdentifier.java,org.apache.poi.ss.formula.SheetIdentifier,class,2,9,7,2,8,1,1,9,5,0.5,0.33333334,0.4,6,0,5,0,1,0,6,0,0,0,2,0,0,2,0,0,2,0,0,33,4,0,1,0,0,5,1,3,1,3,1,0,0,0,17,1,0
/Users/larrymotuzis/Larry_Motuzis_Data/Project06_POI/poi/src/main/java/org/apache/poi/poifs/crypt/HashAlgorithm.java,org.apache.poi.poifs.crypt.HashAlgorithm,enum,2,28,26,2,11,1,0,3,0,0.60714287,0.33333334,0.5,4,3,3,0,0,1,4,0,0,0,7,0,7,0,0,0,7,0,3,42,3,3,1,0,0,55,26,7,0,7,2,0,0,0,77,1,0
/Users/larrymotuzis/Larry_Motuzis_Data/Project06_POI/poi/src/main/java/org/apache/poi/ss/formula/atp/IfError.java,org.apache.poi.ss.formula.atp.IfError,class,6,7,1,6,6,1,0,5,3,1.0,NaN,NaN,3,1,1,2,0,0,1,0,0,0,1,1,1,0,0,0,1,0,2,27,5,0,1,1,0,0,3,3,0,2,1,0,0,0,40,16,0
/Users/larrymotuzis/Larry_Motuzis_Data/Project06_POI/poi/src/main/java/org/apache/poi/hssf/record/aggregates/SharedValueManager.java,org.apache.poi.hssf.record.aggregates.SharedValueManager$SharedFormulaGroup,innerclass,4,4,0,4,11,1,0,14,0,0.45,0.6,1.0,5,0,5,0,0,0,5,0,1,0,4,0,0,4,0,0,3,0,0,39,2,1,3,0,0,9,5,8,9,7,2,0,0,0,60,26,0
/Users/larrymotuzis/Larry_Motuzis_Data/Project06_POI/poi/src/main/java/org/apache/poi/poifs/filesystem/FileMagic.java,org.apache.poi.poifs.filesystem.FileMagic,enum,3,10,7,3,21,1,0,11,14,0.6111111,0.4642857,0.75,9,5,4,1,0,4,8,0,0,0,2,1,0,0,0,2,2,0,6,88,9,5,3,1,1,18,95,16,0,10,3,0,0,0,131,1,0
/Users/larrymotuzis/Larry_Motuzis_Data/Project06_POI/poi/src/main/java/org/apache/poi/ss/formula/functions/Sumx2py2.java,org.apache.poi.ss.formula.functions.Sumx2py2,class,2,3,1,2,1,3,0,0,0,0.0,NaN,NaN,1,0,0,0,1,0,1,0,0,0,1,1,0,1,0,0,1,0,0,6,1,0,0,0,0,0,0,1,3,3,0,0,0,1,34,17,0
/Users/larrymotuzis/Larry_Motuzis_Data/Project06_POI/poi/src/main/java/org/apache/poi/hssf/record/DVRecord.java,org.apache.poi.hssf.record.DVRecord,class,11,14,3,11,45,4,0,30,166,0.8699059,0.4311594,0.76086956,29,5,23,5,1,0,24,0,0,0,22,12,1,21,0,0,19,0,20,186,26,0,9,0,9,22,33,62,7,27,1,0,0,2,218,17,0
/Users/larrymotuzis/Larry_Motuzis_Data/Project06_POI/poi/src/main/java/org/apache/poi/ss/formula/functions/Delta.java,org.apache.poi.ss.formula.functions.Delta,class,9,10,1,9,8,2,0,9,3,0.77777785,0.0,0.0,3,1,2,1,0,0,2,0,0,0,3,3,1,2,0,0,3,0,5,32,7,0,4,1,1,0,6,7,0,7,2,0,0,0,75,17,0
/Users/larrymotuzis/Larry_Motuzis_Data/Project06_POI/poi/src/main/java/org/apache/poi/ss/util/CellAddress.java,org.apache.poi.ss.util.CellAddress,class,3,9,6,3,20,1,0,17,8,0.5897436,0.44871795,0.46153846,13,0,13,0,0,0,13,0,0,0,3,1,1,2,0,0,3,0,4,65,10,1,4,0,3,0,8,12,7,10,2,0,0,0,117,1,0
/Users/larrymotuzis/Larry_Motuzis_Data/Project06_POI/poi/src/main/java/org/apache/poi/hssf/record/pivottable/ViewFieldsRecord.java,org.apache.poi.hssf.record.pivottable.ViewFieldsRecord$Axis,enum,0,0,0,0,1,1,0,0,0,0.0,NaN,NaN,1,0,0,0,0,1,1,0,0,0,1,0,0,0,0,1,1,0,0,5,0,0,0,0,0,0,5,1,0,1,0,0,0,0,24,2,0
/Users/larrymotuzis/Larry_Motuzis_Data/Project06_POI/poi/src/main/java/org/apache/poi/poifs/filesystem/Ole10Native.java,org.apache.poi.poifs.filesystem.Ole10Native$EncodingMode,enum,0,0,0,0,0,1,0,0,0,0.0,-1.0,-1.0,0,0,0,0,0,0,0,0,0,0,0,0,0,0,0,0,0,0,0,4,0,0,0,0,0,0,0,0,0,0,0,0,0,0,24,2,0
/Users/larrymotuzis/Larry_Motuzis_Data/Project06_POI/poi/src/main/java/org/apache/poi/poifs/crypt/cryptoapi/CryptoAPIDocumentOutputStream.java,org.apache.poi.poifs.crypt.cryptoapi.CryptoAPIDocumentOutputStream,class,6,8,2,6,9,2,0,8,3,0.6111111,0.4,0.4,6,0,6,0,0,0,6,0,0,2,3,0,0,3,0,0,3,0,0,42,1,0,0,3,0,0,6,5,0,3,1,0,0,0,44,0,0
/Users/larrymotuzis/Larry_Motuzis_Data/Project06_POI/poi/src/main/java/org/apache/poi/ss/usermodel/TableStyleType.java,org.apache.poi.ss.usermodel.TableStyleType$Anonymous6,anonymous,5,5,0,5,2,1,0,5,0,0.0,NaN,NaN,1,0,1,0,0,0,1,0,0,0,0,0,0,0,0,0,0,0,0,6,2,0,0,0,0,0,0,0,0,0,1,0,0,0,9,-1,0
/Users/larrymotuzis/Larry_Motuzis_Data/Project06_POI/poi/src/main/java/org/apache/poi/ss/usermodel/TableStyleType.java,org.apache.poi.ss.usermodel.TableStyleType$Anonymous7,anonymous,5,5,0,5,2,1,0,5,0,0.0,NaN,NaN,1,0,1,0,0,0,1,0,0,0,0,0,0,0,0,0,0,0,0,6,2,0,0,0,0,0,0,0,0,0,1,0,0,0,9,-1,0
/Users/larrymotuzis/Larry_Motuzis_Data/Project06_POI/poi/src/main/java/org/apache/poi/hssf/usermodel/HSSFSheet.java,org.apache.poi.hssf.usermodel.HSSFSheet$Anonymous1,anonymous,6,6,0,6,2,1,0,22,0,0.0,NaN,NaN,1,0,1,0,0,0,1,0,0,0,1,0,0,1,0,0,0,0,2,20,1,0,0,0,1,0,0,5,0,5,1,0,0,0,23,-1,0
/Users/larrymotuzis/Larry_Motuzis_Data/Project06_POI/poi/src/main/java/org/apache/poi/ss/usermodel/TableStyleType.java,org.apache.poi.ss.usermodel.TableStyleType$Anonymous8,anonymous,4,4,0,4,2,1,0,4,0,0.0,NaN,NaN,1,0,1,0,0,0,1,0,0,0,0,0,0,0,0,0,0,0,0,6,2,0,0,0,0,0,2,0,2,0,1,0,0,0,9,-1,0
/Users/larrymotuzis/Larry_Motuzis_Data/Project06_POI/poi/src/main/java/org/apache/poi/ss/usermodel/CellValue.java,org.apache.poi.ss.usermodel.CellValue,class,3,6,3,3,18,1,0,5,44,0.79761904,0.09090909,0.27272728,12,2,11,1,0,0,11,0,0,0,7,2,2,5,0,0,7,0,2,60,13,0,0,0,0,6,8,7,3,7,1,0,0,0,49,17,0
/Users/larrymotuzis/Larry_Motuzis_Data/Project06_POI/poi/src/main/java/org/apache/poi/ss/usermodel/TableStyleType.java,org.apache.poi.ss.usermodel.TableStyleType$Anonymous9,anonymous,4,4,0,4,2,1,0,4,0,0.0,NaN,NaN,1,0,1,0,0,0,1,0,0,0,0,0,0,0,0,0,0,0,0,6,2,0,0,0,0,0,2,0,2,0,1,0,0,0,9,-1,0
/Users/larrymotuzis/Larry_Motuzis_Data/Project06_POI/poi/src/main/java/org/apache/poi/sl/usermodel/PaintStyle.java,org.apache.poi.sl.usermodel.PaintStyle$TexturePaint,interface,6,6,0,6,12,1,0,0,66,0.0,0.0,0.0,12,0,0,0,0,12,12,0,0,0,0,0,0,0,0,0,0,0,0,30,8,0,0,0,0,0,0,0,0,0,0,0,0,0,111,0,0
/Users/larrymotuzis/Larry_Motuzis_Data/Project06_POI/poi/src/main/java/org/apache/poi/ss/formula/functions/Counta.java,org.apache.poi.ss.formula.functions.Counta$Anonymous1,anonymous,2,2,0,2,2,1,0,2,1,0.0,0.0,0.0,2,0,2,0,0,0,2,0,0,0,0,0,0,0,0,0,0,0,0,8,2,0,0,0,0,0,0,0,0,0,0,0,0,0,13,-1,0
/Users/larrymotuzis/Larry_Motuzis_Data/Project06_POI/poi/src/main/java/org/apache/poi/ss/usermodel/TableStyleType.java,org.apache.poi.ss.usermodel.TableStyleType$Anonymous2,anonymous,7,7,0,7,6,1,0,10,0,0.0,NaN,NaN,1,0,1,0,0,0,1,0,0,0,0,0,0,0,0,0,0,0,2,21,3,1,2,0,0,0,6,10,5,8,2,0,0,0,22,-1,0
/Users/larrymotuzis/Larry_Motuzis_Data/Project06_POI/poi/src/main/java/org/apache/poi/ss/usermodel/TableStyleType.java,org.apache.poi.ss.usermodel.TableStyleType$Anonymous3,anonymous,7,7,0,7,7,1,0,10,0,0.0,NaN,NaN,1,0,1,0,0,0,1,0,0,0,0,0,0,0,0,0,0,0,2,21,3,1,2,0,0,0,6,10,7,8,2,0,0,0,22,-1,0
/Users/larrymotuzis/Larry_Motuzis_Data/Project06_POI/poi/src/main/java/org/apache/poi/ss/usermodel/TableStyleType.java,org.apache.poi.ss.usermodel.TableStyleType$Anonymous4,anonymous,7,7,0,7,6,1,0,11,0,0.0,NaN,NaN,1,0,1,0,0,0,1,0,0,0,0,0,0,0,0,0,0,0,2,21,3,1,2,0,0,0,6,10,6,8,2,0,0,0,22,-1,0
/Users/larrymotuzis/Larry_Motuzis_Data/Project06_POI/poi/src/main/java/org/apache/poi/ss/usermodel/TableStyleType.java,org.apache.poi.ss.usermodel.TableStyleType$Anonymous5,anonymous,7,7,0,7,7,1,0,11,0,0.0,NaN,NaN,1,0,1,0,0,0,1,0,0,0,0,0,0,0,0,0,0,0,2,21,3,1,2,0,0,0,6,10,8,8,2,0,0,0,22,-1,0
/Users/larrymotuzis/Larry_Motuzis_Data/Project06_POI/poi/src/main/java/org/apache/poi/ss/formula/functions/Days360.java,org.apache.poi.ss.formula.functions.Days360,class,6,7,1,6,16,2,0,19,21,0.0,0.0,0.0,7,5,2,5,0,0,2,0,0,0,0,0,0,0,0,0,0,0,10,68,9,0,3,2,3,0,20,24,9,19,2,0,0,0,153,1,0
/Users/larrymotuzis/Larry_Motuzis_Data/Project06_POI/poi/src/main/java/org/apache/poi/ss/usermodel/Cell.java,org.apache.poi.ss.usermodel.Cell,interface,11,26,15,11,40,1,0,2,741,0.0,0.0,0.0,39,0,0,0,0,39,39,0,0,0,0,0,0,0,0,0,0,0,0,43,0,0,1,0,0,1,0,0,0,0,0,0,0,0,313,1,0
/Users/larrymotuzis/Larry_Motuzis_Data/Project06_POI/poi/src/main/java/org/apache/poi/hssf/record/common/FtrHeader.java,org.apache.poi.hssf.record.common.FtrHeader,class,6,12,6,6,14,1,0,6,33,0.61904764,0.31868133,0.4945055,14,1,14,0,0,0,14,0,0,0,3,0,0,3,0,0,0,0,0,53,7,0,0,0,0,3,5,10,0,3,0,0,0,0,68,17,0
/Users/larrymotuzis/Larry_Motuzis_Data/Project06_POI/poi/src/main/java/org/apache/poi/ss/formula/functions/Counta.java,org.apache.poi.ss.formula.functions.Counta$Anonymous2,anonymous,2,2,0,2,2,1,0,3,1,0.0,0.0,0.0,2,0,2,0,0,0,2,0,0,0,0,0,0,0,0,0,0,0,0,8,2,0,0,0,0,0,0,0,0,0,0,0,0,0,18,-1,0
/Users/larrymotuzis/Larry_Motuzis_Data/Project06_POI/poi/src/main/java/org/apache/poi/ss/usermodel/TableStyleType.java,org.apache.poi.ss.usermodel.TableStyleType$Anonymous1,anonymous,4,4,0,4,1,1,0,4,0,0.0,NaN,NaN,1,0,1,0,0,0,1,0,0,0,0,0,0,0,0,0,0,0,0,5,1,0,0,0,0,0,0,0,0,0,0,0,0,0,8,-1,0
/Users/larrymotuzis/Larry_Motuzis_Data/Project06_POI/poi/src/main/java/org/apache/poi/ss/formula/functions/Countifs.java,org.apache.poi.ss.formula.functions.Countifs$Anonymous1,anonymous,2,2,0,2,2,1,0,0,0,0.0,1.0,1.0,2,0,2,0,0,0,2,0,0,0,1,0,0,0,0,1,0,0,0,9,1,0,0,0,0,0,2,2,0,1,0,0,0,0,8,-1,0
/Users/larrymotuzis/Larry_Motuzis_Data/Project06_POI/poi/src/main/java/org/apache/poi/ss/formula/atp/XLookupFunction.java,org.apache.poi.ss.formula.atp.XLookupFunction,class,13,14,1,13,25,1,0,19,13,0.75,0.0,0.0,6,0,2,4,0,0,2,0,0,0,2,1,1,1,0,0,2,0,6,185,19,0,2,5,0,0,17,23,2,19,6,1,0,0,64,16,0
/Users/larrymotuzis/Larry_Motuzis_Data/Project06_POI/poi/src/main/java/org/apache/poi/hssf/usermodel/HSSFChart.java,org.apache.poi.hssf.usermodel.HSSFChart$HSSFChartType$Anonymous5,anonymous,0,0,0,0,1,1,0,0,0,0.0,NaN,NaN,1,0,1,0,0,0,1,0,0,0,0,0,0,0,0,0,0,0,0,5,1,0,0,0,0,0,1,0,0,0,0,0,0,0,4,-1,0
/Users/larrymotuzis/Larry_Motuzis_Data/Project06_POI/poi/src/main/java/org/apache/poi/hssf/usermodel/HSSFChart.java,org.apache.poi.hssf.usermodel.HSSFChart$HSSFChartType$Anonymous6,anonymous,0,0,0,0,1,1,0,0,0,0.0,NaN,NaN,1,0,1,0,0,0,1,0,0,0,0,0,0,0,0,0,0,0,0,5,1,0,0,0,0,0,1,0,0,0,0,0,0,0,2,-1,0
/Users/larrymotuzis/Larry_Motuzis_Data/Project06_POI/poi/src/main/java/org/apache/poi/hssf/usermodel/HSSFChart.java,org.apache.poi.hssf.usermodel.HSSFChart$HSSFChartType$Anonymous3,anonymous,0,0,0,0,1,1,0,0,0,0.0,NaN,NaN,1,0,1,0,0,0,1,0,0,0,0,0,0,0,0,0,0,0,0,5,1,0,0,0,0,0,1,0,0,0,0,0,0,0,3,-1,0
/Users/larrymotuzis/Larry_Motuzis_Data/Project06_POI/poi/src/main/java/org/apache/poi/hssf/usermodel/HSSFChart.java,org.apache.poi.hssf.usermodel.HSSFChart$HSSFChartType$Anonymous4,anonymous,0,0,0,0,1,1,0,0,0,0.0,NaN,NaN,1,0,1,0,0,0,1,0,0,0,0,0,0,0,0,0,0,0,0,5,1,0,0,0,0,0,1,0,0,0,0,0,0,0,3,-1,0
/Users/larrymotuzis/Larry_Motuzis_Data/Project06_POI/poi/src/main/java/org/apache/poi/hssf/usermodel/HSSFChart.java,org.apache.poi.hssf.usermodel.HSSFChart$HSSFChartType$Anonymous1,anonymous,0,0,0,0,1,1,0,0,0,0.0,NaN,NaN,1,0,1,0,0,0,1,0,0,0,0,0,0,0,0,0,0,0,0,5,1,0,0,0,0,0,1,0,0,0,0,0,0,0,4,-1,0
/Users/larrymotuzis/Larry_Motuzis_Data/Project06_POI/poi/src/main/java/org/apache/poi/hssf/usermodel/HSSFChart.java,org.apache.poi.hssf.usermodel.HSSFChart$HSSFChartType$Anonymous2,anonymous,0,0,0,0,1,1,0,0,0,0.0,NaN,NaN,1,0,1,0,0,0,1,0,0,0,0,0,0,0,0,0,0,0,0,5,1,0,0,0,0,0,1,0,0,0,0,0,0,0,3,-1,0
/Users/larrymotuzis/Larry_Motuzis_Data/Project06_POI/poi/src/main/java/org/apache/poi/hssf/record/aggregates/PageSettingsBlock.java,org.apache.poi.hssf.record.aggregates.PageSettingsBlock$PLSAggregate,innerclass,5,5,0,5,5,3,0,6,0,0.16666667,1.0,1.0,2,0,2,0,0,0,2,0,0,0,3,1,0,3,0,0,2,0,0,25,0,2,2,0,0,0,0,5,0,4,2,0,0,0,56,26,0
/Users/larrymotuzis/Larry_Motuzis_Data/Project06_POI/poi/src/main/java/org/apache/poi/ss/extractor/EmbeddedExtractor.java,org.apache.poi.ss.extractor.EmbeddedExtractor$OOXMLExtractor,innerclass,7,7,0,7,5,2,0,9,1,0.0,0.0,0.0,2,0,2,0,0,0,2,0,0,0,0,0,0,0,0,0,0,0,2,22,2,0,3,0,0,4,0,9,1,5,1,0,0,0,29,8,0
/Users/larrymotuzis/Larry_Motuzis_Data/Project06_POI/poi/src/main/java/org/apache/poi/sl/usermodel/ObjectShape.java,org.apache.poi.sl.usermodel.ObjectShape,interface,13,16,3,13,13,1,0,17,21,0.0,0.0,0.0,7,0,0,0,0,7,7,0,0,0,0,0,0,0,0,0,0,0,1,45,2,1,4,3,1,6,0,11,1,10,5,0,0,0,127,1,0
/Users/larrymotuzis/Larry_Motuzis_Data/Project06_POI/poi/src/main/java/org/apache/poi/hssf/record/common/ExtRst.java,org.apache.poi.hssf.record.common.ExtRst,class,8,10,2,8,39,1,0,26,6,0.625,0.43809524,0.62857145,16,0,10,1,5,0,15,0,0,0,8,1,0,8,0,0,1,0,4,166,23,5,15,0,8,12,37,44,20,21,2,0,0,2,83,1,2
/Users/larrymotuzis/Larry_Motuzis_Data/Project06_POI/poi/src/main/java/org/apache/poi/hssf/record/NameCommentRecord.java,org.apache.poi.hssf.record.NameCommentRecord,class,5,8,3,5,22,4,0,13,11,0.64285713,0.43956044,0.6043956,14,0,13,0,1,0,14,0,0,0,6,1,1,5,0,0,4,0,0,96,8,0,2,0,2,5,13,26,3,12,1,0,0,2,73,17,0
/Users/larrymotuzis/Larry_Motuzis_Data/Project06_POI/poi/src/main/java/org/apache/poi/sl/draw/DrawFreeformShape.java,org.apache.poi.sl.draw.DrawFreeformShape,class,2,3,1,2,1,5,0,0,0,0.0,NaN,NaN,1,0,1,0,0,0,1,0,0,0,0,0,0,0,0,0,0,0,0,5,0,0,0,0,0,1,0,0,0,0,0,0,0,0,5,1,0
/Users/larrymotuzis/Larry_Motuzis_Data/Project06_POI/poi/src/main/java/org/apache/poi/sl/draw/EmbeddedExtractor.java,org.apache.poi.sl.draw.EmbeddedExtractor$EmbeddedPart,innerclass,1,1,0,1,4,1,0,0,2,0.5,0.33333334,0.33333334,4,0,4,0,0,0,4,0,0,0,2,0,0,2,0,0,0,0,0,16,2,0,0,0,0,0,0,2,0,2,0,0,0,0,8,0,0
/Users/larrymotuzis/Larry_Motuzis_Data/Project06_POI/poi/src/main/java/org/apache/poi/ss/formula/functions/Function0Arg.java,org.apache.poi.ss.formula.functions.Function0Arg,interface,3,4,1,3,1,1,0,0,0,0.0,NaN,NaN,1,0,0,0,0,1,1,0,0,0,0,0,0,0,0,0,0,0,0,3,0,0,0,0,0,1,0,0,0,0,0,0,0,0,26,1,0
/Users/larrymotuzis/Larry_Motuzis_Data/Project06_POI/poi/src/main/java/org/apache/poi/hssf/record/RecordBase.java,org.apache.poi.hssf.record.RecordBase,class,1,15,14,1,2,1,2,0,1,0.0,0.0,0.0,2,0,2,0,0,0,2,2,0,0,0,0,0,0,0,0,0,0,0,4,0,0,0,0,0,0,0,0,0,0,0,0,0,0,45,1025,0
/Users/larrymotuzis/Larry_Motuzis_Data/Project06_POI/poi/src/main/java/org/apache/poi/hssf/record/cont/ContinuableRecord.java,org.apache.poi.hssf.record.cont.ContinuableRecord,class,5,11,6,5,6,3,5,5,10,0.0,0.0,0.0,5,0,2,0,3,0,5,1,2,0,0,0,0,0,0,0,0,0,1,27,2,0,0,1,0,0,1,5,0,4,1,0,0,0,85,1025,0
/Users/larrymotuzis/Larry_Motuzis_Data/Project06_POI/poi/src/main/java/org/apache/poi/ss/util/RegionUtil.java,org.apache.poi.ss.util.RegionUtil,class,7,7,0,7,17,1,0,6,36,0.0,0.0,0.0,9,8,8,1,0,0,8,0,0,0,0,0,0,0,0,0,0,0,8,102,0,8,0,0,0,0,0,44,0,44,1,0,1,0,59,17,0
/Users/larrymotuzis/Larry_Motuzis_Data/Project06_POI/poi/src/main/java/org/apache/poi/ss/usermodel/HeaderFooter.java,org.apache.poi.ss.usermodel.HeaderFooter,interface,0,3,3,0,6,1,0,0,15,0.0,0.0,0.0,6,0,0,0,0,6,6,0,0,0,0,0,0,0,0,0,0,0,0,8,0,0,0,0,0,0,0,0,0,0,0,0,0,0,25,1,0
/Users/larrymotuzis/Larry_Motuzis_Data/Project06_POI/poi/src/main/java/org/apache/poi/ss/formula/eval/NotImplementedException.java,org.apache.poi.ss.formula.eval.NotImplementedException,class,1,6,5,1,2,4,1,0,1,1.0,0.0,0.0,2,0,2,0,0,0,2,0,0,0,1,1,0,1,0,0,1,0,0,9,0,0,0,0,0,0,1,1,0,1,0,0,0,0,50,1,0
/Users/larrymotuzis/Larry_Motuzis_Data/Project06_POI/poi/src/main/java/org/apache/poi/sl/usermodel/TabStop.java,org.apache.poi.sl.usermodel.TabStop$TabStopType,enum,1,1,0,1,7,1,0,1,0,0.33333334,0.6666667,1.0,3,2,2,0,0,1,3,0,0,0,2,0,2,0,0,0,2,0,2,23,4,2,2,0,0,0,8,2,0,2,2,0,0,0,26,0,0
/Users/larrymotuzis/Larry_Motuzis_Data/Project06_POI/poi/src/main/java/org/apache/poi/hssf/record/SelectionRecord.java,org.apache.poi.hssf.record.SelectionRecord,class,6,8,2,6,21,4,0,16,47,0.72222227,0.27941176,0.5735294,18,0,16,1,1,0,17,0,0,0,6,1,1,5,0,0,1,0,2,89,9,2,1,0,1,5,5,25,1,9,1,0,0,1,78,17,0
/Users/larrymotuzis/Larry_Motuzis_Data/Project06_POI/poi/src/main/java/org/apache/poi/ss/formula/atp/AnalysisToolPak.java,org.apache.poi.ss.formula.atp.AnalysisToolPak$NotImplemented,innerclass,4,4,0,4,2,1,0,0,0,0.0,1.0,1.0,2,0,2,0,0,0,2,0,0,0,1,0,0,1,0,0,1,0,0,9,0,0,0,0,0,0,0,1,0,1,0,0,0,0,16,26,0
/Users/larrymotuzis/Larry_Motuzis_Data/Project06_POI/poi/src/main/java/org/apache/poi/ss/formula/SheetNameFormatter.java,org.apache.poi.ss.formula.SheetNameFormatter,class,2,10,8,2,52,1,0,25,60,0.8333334,0.083333336,0.083333336,12,11,3,3,0,6,9,0,0,0,2,2,0,2,0,0,2,0,25,178,26,2,11,3,1,7,18,19,3,19,4,0,0,0,259,17,0
/Users/larrymotuzis/Larry_Motuzis_Data/Project06_POI/poi/src/main/java/org/apache/poi/hssf/record/cf/IconMultiStateThreshold.java,org.apache.poi.hssf.record.cf.IconMultiStateThreshold,class,5,8,3,5,8,2,0,6,0,0.7083333,0.53571427,0.53571427,8,0,8,0,0,0,8,0,0,0,3,2,2,1,0,0,2,0,0,34,3,0,0,0,0,0,4,6,1,3,0,0,0,0,50,17,0
/Users/larrymotuzis/Larry_Motuzis_Data/Project06_POI/poi/src/main/java/org/apache/poi/ss/formula/ptg/ConcatPtg.java,org.apache.poi.ss.formula.ptg.ConcatPtg,class,2,5,3,2,5,4,0,0,10,0.8,0.0,0.0,5,0,4,1,0,0,4,0,0,0,3,3,2,1,0,0,3,0,0,19,4,0,0,0,0,1,4,3,1,3,0,0,0,0,22,17,0
/Users/larrymotuzis/Larry_Motuzis_Data/Project06_POI/poi/src/main/java/org/apache/poi/common/usermodel/fonts/FontHeader.java,org.apache.poi.common.usermodel.fonts.FontHeader$PanoseWeight,enum,0,0,0,0,0,1,0,0,0,0.0,-1.0,-1.0,0,0,0,0,0,0,0,0,0,0,0,0,0,0,0,0,0,0,0,1,0,0,0,0,0,0,0,0,0,0,0,0,0,0,7,1,0
/Users/larrymotuzis/Larry_Motuzis_Data/Project06_POI/poi/src/main/java/org/apache/poi/ss/formula/ptg/UnaryPlusPtg.java,org.apache.poi.ss.formula.ptg.UnaryPlusPtg,class,2,5,3,2,5,4,0,0,10,0.8,0.0,0.0,5,0,4,1,0,0,4,0,0,0,3,3,2,1,0,0,3,0,0,19,4,0,0,0,0,1,3,3,1,3,0,0,0,0,34,17,0
/Users/larrymotuzis/Larry_Motuzis_Data/Project06_POI/poi/src/main/java/org/apache/poi/ss/formula/functions/LinearRegressionFunction.java,org.apache.poi.ss.formula.functions.LinearRegressionFunction,class,14,17,3,14,25,5,0,8,4,0.5,0.0,0.0,4,1,2,2,0,0,2,0,0,0,1,0,0,1,0,0,1,0,4,141,8,2,6,1,5,0,8,31,11,25,3,0,5,0,83,17,0
/Users/larrymotuzis/Larry_Motuzis_Data/Project06_POI/poi/src/main/java/org/apache/poi/hssf/record/WriteProtectRecord.java,org.apache.poi.hssf.record.WriteProtectRecord,class,5,9,4,5,9,4,0,2,28,0.875,0.0,0.0,8,0,7,0,1,0,8,0,0,0,1,1,1,0,0,0,1,0,0,27,5,0,1,0,0,0,3,1,0,1,1,0,0,0,41,17,0
/Users/larrymotuzis/Larry_Motuzis_Data/Project06_POI/poi/src/main/java/org/apache/poi/ddf/EscherRecordTypes.java,org.apache.poi.ddf.EscherRecordTypes,enum,1,19,18,1,5,1,0,7,0,0.4666667,1.0,1.0,3,1,1,1,0,1,2,0,0,0,5,1,4,1,0,0,5,0,5,25,3,0,2,0,1,42,50,6,7,6,1,0,0,0,83,1,0
/Users/larrymotuzis/Larry_Motuzis_Data/Project06_POI/poi/src/main/java/org/apache/poi/hpsf/HPSFRuntimeException.java,org.apache.poi.hpsf.HPSFRuntimeException,class,0,7,7,0,5,4,4,0,4,0.7,0.3,0.3,5,0,5,0,0,0,5,0,0,0,2,1,0,2,0,0,1,0,0,21,1,0,0,0,0,0,1,3,0,2,0,0,0,0,59,1,0
/Users/larrymotuzis/Larry_Motuzis_Data/Project06_POI/poi/src/main/java/org/apache/poi/hssf/record/SSTRecord.java,org.apache.poi.hssf.record.SSTRecord,class,11,17,6,11,24,4,0,18,8,0.7421875,0.46666667,0.65,16,0,13,0,1,2,16,0,0,0,8,2,1,7,0,0,4,0,2,101,13,1,7,0,3,7,8,29,0,16,1,0,0,2,190,17,0
/Users/larrymotuzis/Larry_Motuzis_Data/Project06_POI/poi/src/main/java/org/apache/poi/hssf/record/DrawingRecordForBiffViewer.java,org.apache.poi.hssf.record.DrawingRecordForBiffViewer,class,7,8,1,7,11,4,0,7,45,0.9,0.0,0.0,10,1,8,1,1,0,9,0,0,0,1,1,1,0,0,0,1,0,1,42,6,0,0,1,0,1,1,4,0,3,1,0,0,0,53,17,0
/Users/larrymotuzis/Larry_Motuzis_Data/Project06_POI/poi/src/main/java/org/apache/poi/hssf/record/cf/BorderFormatting.java,org.apache.poi.hssf.record.cf.BorderFormatting,class,7,9,2,7,33,1,0,11,0,0.7857143,0.5568182,0.7689394,33,0,33,0,0,0,33,0,0,0,28,26,14,14,0,0,26,0,1,146,17,0,0,0,0,10,31,45,1,29,0,0,0,0,134,17,0
/Users/larrymotuzis/Larry_Motuzis_Data/Project06_POI/poi/src/main/java/org/apache/poi/ss/formula/ptg/MemFuncPtg.java,org.apache.poi.ss.formula.ptg.MemFuncPtg,class,6,13,7,6,11,3,0,5,41,0.72727275,0.12727273,0.18181819,11,0,11,0,0,0,11,0,0,0,2,1,1,1,0,0,2,0,1,38,8,0,0,0,0,2,2,2,1,2,0,0,0,0,48,17,0
/Users/larrymotuzis/Larry_Motuzis_Data/Project06_POI/poi/src/main/java/org/apache/poi/ss/usermodel/TableStyleType.java,org.apache.poi.ss.usermodel.TableStyleType,enum,6,8,2,6,12,1,0,13,6,0.0,0.16666667,0.16666667,4,0,4,0,0,0,4,0,1,0,0,0,0,0,0,0,0,0,0,186,10,0,5,0,0,0,0,1,0,1,1,13,0,0,139,1,0
/Users/larrymotuzis/Larry_Motuzis_Data/Project06_POI/poi/src/main/java/org/apache/poi/ss/usermodel/DataFormatter.java,org.apache.poi.ss.usermodel.DataFormatter$SSNFormat,innerclass,2,2,0,2,4,2,0,6,4,0.75,0.33333334,0.33333334,4,1,3,1,0,0,3,0,0,0,2,2,1,1,0,0,2,0,2,16,3,0,0,0,0,2,6,3,1,3,0,0,0,0,30,26,0
/Users/larrymotuzis/Larry_Motuzis_Data/Project06_POI/poi/src/main/java/org/apache/poi/hssf/usermodel/HSSFDataFormat.java,org.apache.poi.hssf.usermodel.HSSFDataFormat,class,3,7,4,3,22,1,0,14,6,0.625,0.23809524,0.2857143,8,4,6,1,0,1,7,0,0,0,4,1,0,4,0,0,3,0,1,77,11,3,4,0,0,2,4,10,1,9,3,0,0,0,110,17,0
/Users/larrymotuzis/Larry_Motuzis_Data/Project06_POI/poi/src/main/java/org/apache/poi/poifs/common/POIFSBigBlockSize.java,org.apache.poi.poifs.common.POIFSBigBlockSize,class,1,8,7,1,7,1,0,2,7,0.5714286,0.33333334,0.47619048,7,0,6,0,1,0,7,0,0,0,2,0,0,2,0,0,0,0,0,26,6,0,0,0,0,0,1,2,4,2,0,0,0,0,42,17,0
/Users/larrymotuzis/Larry_Motuzis_Data/Project06_POI/poi/src/main/java/org/apache/poi/hpsf/CustomProperties.java,org.apache.poi.hpsf.CustomProperties,class,6,9,3,6,53,1,0,54,94,0.78400004,0.37549406,0.6798419,25,0,22,2,0,1,23,0,0,0,5,1,0,5,0,0,3,0,9,175,25,4,7,1,7,7,7,32,2,19,2,0,0,0,236,1,2
/Users/larrymotuzis/Larry_Motuzis_Data/Project06_POI/poi/src/main/java/org/apache/poi/ss/formula/functions/Countif.java,org.apache.poi.ss.formula.functions.Countif$MatcherBase,innerclass,3,3,0,3,6,1,0,7,0,0.16666667,0.6666667,0.6666667,6,0,1,0,4,1,6,1,4,0,1,0,0,1,0,0,1,0,0,19,4,0,0,0,0,2,0,1,1,1,0,0,0,0,20,1034,0
/Users/larrymotuzis/Larry_Motuzis_Data/Project06_POI/poi/src/main/java/org/apache/poi/hssf/record/FormulaRecord.java,org.apache.poi.hssf.record.FormulaRecord,class,11,21,10,11,41,5,0,30,166,0.84375,0.3326613,0.76209676,32,0,29,0,3,0,32,0,0,0,10,5,1,9,0,0,5,0,6,138,20,0,9,0,2,10,5,30,1,13,1,0,0,2,152,17,0
