file,class,method,variable,usage
/Users/thiago/Documents/Thiago/CodeToAnalyze/retrofit/retrofit-adapters/rxjava3/src/test/java/retrofit2/adapter/rxjava3/RecordingMaybeObserver.java,retrofit2.adapter.rxjava3.RecordingMaybeObserver$Rule,create/0,subscribers,1
/Users/thiago/Documents/Thiago/CodeToAnalyze/retrofit/retrofit/src/main/java/retrofit2/OkHttpCall.java,retrofit2.OkHttpCall$ExceptionCatchingResponseBody,source/0,delegateSource,1
/Users/thiago/Documents/Thiago/CodeToAnalyze/retrofit/retrofit/src/main/java/retrofit2/OkHttpCall.java,retrofit2.OkHttpCall$ExceptionCatchingResponseBody,contentType/0,delegate,1
/Users/thiago/Documents/Thiago/CodeToAnalyze/retrofit/retrofit/src/main/java/retrofit2/OkHttpCall.java,retrofit2.OkHttpCall$ExceptionCatchingResponseBody,throwIfCaught/0,thrownException,2
/Users/thiago/Documents/Thiago/CodeToAnalyze/retrofit/retrofit/src/main/java/retrofit2/OkHttpCall.java,retrofit2.OkHttpCall$ExceptionCatchingResponseBody,contentLength/0,delegate,1
/Users/thiago/Documents/Thiago/CodeToAnalyze/retrofit/retrofit/src/main/java/retrofit2/OkHttpCall.java,retrofit2.OkHttpCall$ExceptionCatchingResponseBody,close/0,delegate,1
/Users/thiago/Documents/Thiago/CodeToAnalyze/retrofit/retrofit/src/main/java/retrofit2/OkHttpCall.java,retrofit2.OkHttpCall$ExceptionCatchingResponseBody,ExceptionCatchingResponseBody/1[retrofit2.ResponseBody],delegate,4
/Users/thiago/Documents/Thiago/CodeToAnalyze/retrofit/retrofit/src/main/java/retrofit2/OkHttpCall.java,retrofit2.OkHttpCall$ExceptionCatchingResponseBody,ExceptionCatchingResponseBody/1[retrofit2.ResponseBody],delegateSource,1
/Users/thiago/Documents/Thiago/CodeToAnalyze/retrofit/retrofit-adapters/rxjava3/src/main/java/retrofit2/adapter/rxjava3/Result.java,retrofit2.adapter.rxjava3.Result,"Result/2[retrofit2.Response<T>,java.lang.Throwable]",response,3
/Users/thiago/Documents/Thiago/CodeToAnalyze/retrofit/retrofit-adapters/rxjava3/src/main/java/retrofit2/adapter/rxjava3/Result.java,retrofit2.adapter.rxjava3.Result,"Result/2[retrofit2.Response<T>,java.lang.Throwable]",error,3
/Users/thiago/Documents/Thiago/CodeToAnalyze/retrofit/retrofit-adapters/rxjava3/src/main/java/retrofit2/adapter/rxjava3/Result.java,retrofit2.adapter.rxjava3.Result,response/0,response,2
/Users/thiago/Documents/Thiago/CodeToAnalyze/retrofit/retrofit-adapters/rxjava3/src/main/java/retrofit2/adapter/rxjava3/Result.java,retrofit2.adapter.rxjava3.Result,error/0,error,2
/Users/thiago/Documents/Thiago/CodeToAnalyze/retrofit/retrofit-adapters/rxjava3/src/main/java/retrofit2/adapter/rxjava3/Result.java,retrofit2.adapter.rxjava3.Result,error/1[java.lang.Throwable],error,4
/Users/thiago/Documents/Thiago/CodeToAnalyze/retrofit/retrofit-adapters/rxjava3/src/main/java/retrofit2/adapter/rxjava3/Result.java,retrofit2.adapter.rxjava3.Result,response/1[retrofit2.Response<T>],response,4
/Users/thiago/Documents/Thiago/CodeToAnalyze/retrofit/retrofit-adapters/rxjava3/src/main/java/retrofit2/adapter/rxjava3/Result.java,retrofit2.adapter.rxjava3.Result,isError/0,error,2
/Users/thiago/Documents/Thiago/CodeToAnalyze/retrofit/retrofit-converters/jaxb/src/test/java/retrofit2/converter/jaxb/Contact.java,retrofit2.converter.jaxb.Contact,"Contact/2[java.lang.String,java.util.List<retrofit2.converter.jaxb.PhoneNumber>]",phone_numbers,1
/Users/thiago/Documents/Thiago/CodeToAnalyze/retrofit/retrofit-converters/jaxb/src/test/java/retrofit2/converter/jaxb/Contact.java,retrofit2.converter.jaxb.Contact,"Contact/2[java.lang.String,java.util.List<retrofit2.converter.jaxb.PhoneNumber>]",name,3
/Users/thiago/Documents/Thiago/CodeToAnalyze/retrofit/retrofit-converters/jaxb/src/test/java/retrofit2/converter/jaxb/Contact.java,retrofit2.converter.jaxb.Contact,equals/1[java.lang.Object],phone_numbers,2
/Users/thiago/Documents/Thiago/CodeToAnalyze/retrofit/retrofit-converters/jaxb/src/test/java/retrofit2/converter/jaxb/Contact.java,retrofit2.converter.jaxb.Contact,equals/1[java.lang.Object],name,2
/Users/thiago/Documents/Thiago/CodeToAnalyze/retrofit/retrofit-converters/jaxb/src/test/java/retrofit2/converter/jaxb/Contact.java,retrofit2.converter.jaxb.Contact,hashCode/0,phone_numbers,1
/Users/thiago/Documents/Thiago/CodeToAnalyze/retrofit/retrofit-converters/jaxb/src/test/java/retrofit2/converter/jaxb/Contact.java,retrofit2.converter.jaxb.Contact,hashCode/0,name,1
/Users/thiago/Documents/Thiago/CodeToAnalyze/retrofit/retrofit-adapters/rxjava3/src/test/java/retrofit2/adapter/rxjava3/RxJava3CallAdapterFactoryTest.java,retrofit2.adapter.rxjava3.RxJava3CallAdapterFactoryTest,nonRxJavaTypeReturnsNull/0,factory,1
/Users/thiago/Documents/Thiago/CodeToAnalyze/retrofit/retrofit-adapters/rxjava3/src/test/java/retrofit2/adapter/rxjava3/RxJava3CallAdapterFactoryTest.java,retrofit2.adapter.rxjava3.RxJava3CallAdapterFactoryTest,nonRxJavaTypeReturnsNull/0,retrofit,1
/Users/thiago/Documents/Thiago/CodeToAnalyze/retrofit/retrofit-adapters/rxjava3/src/test/java/retrofit2/adapter/rxjava3/RxJava3CallAdapterFactoryTest.java,retrofit2.adapter.rxjava3.RxJava3CallAdapterFactoryTest,nonRxJavaTypeReturnsNull/0,NO_ANNOTATIONS,1
/Users/thiago/Documents/Thiago/CodeToAnalyze/retrofit/retrofit-adapters/rxjava3/src/test/java/retrofit2/adapter/rxjava3/RxJava3CallAdapterFactoryTest.java,retrofit2.adapter.rxjava3.RxJava3CallAdapterFactoryTest,rawBodyTypeThrows/0,factory,4
/Users/thiago/Documents/Thiago/CodeToAnalyze/retrofit/retrofit-adapters/rxjava3/src/test/java/retrofit2/adapter/rxjava3/RxJava3CallAdapterFactoryTest.java,retrofit2.adapter.rxjava3.RxJava3CallAdapterFactoryTest,rawBodyTypeThrows/0,retrofit,4
/Users/thiago/Documents/Thiago/CodeToAnalyze/retrofit/retrofit-adapters/rxjava3/src/test/java/retrofit2/adapter/rxjava3/RxJava3CallAdapterFactoryTest.java,retrofit2.adapter.rxjava3.RxJava3CallAdapterFactoryTest,rawBodyTypeThrows/0,NO_ANNOTATIONS,4
/Users/thiago/Documents/Thiago/CodeToAnalyze/retrofit/retrofit-adapters/rxjava3/src/test/java/retrofit2/adapter/rxjava3/RxJava3CallAdapterFactoryTest.java,retrofit2.adapter.rxjava3.RxJava3CallAdapterFactoryTest,rawResultTypeThrows/0,factory,4
/Users/thiago/Documents/Thiago/CodeToAnalyze/retrofit/retrofit-adapters/rxjava3/src/test/java/retrofit2/adapter/rxjava3/RxJava3CallAdapterFactoryTest.java,retrofit2.adapter.rxjava3.RxJava3CallAdapterFactoryTest,rawResultTypeThrows/0,retrofit,4
/Users/thiago/Documents/Thiago/CodeToAnalyze/retrofit/retrofit-adapters/rxjava3/src/test/java/retrofit2/adapter/rxjava3/RxJava3CallAdapterFactoryTest.java,retrofit2.adapter.rxjava3.RxJava3CallAdapterFactoryTest,rawResultTypeThrows/0,NO_ANNOTATIONS,4
/Users/thiago/Documents/Thiago/CodeToAnalyze/retrofit/retrofit-adapters/rxjava3/src/test/java/retrofit2/adapter/rxjava3/RxJava3CallAdapterFactoryTest.java,retrofit2.adapter.rxjava3.RxJava3CallAdapterFactoryTest,responseTypes/0,factory,28
/Users/thiago/Documents/Thiago/CodeToAnalyze/retrofit/retrofit-adapters/rxjava3/src/test/java/retrofit2/adapter/rxjava3/RxJava3CallAdapterFactoryTest.java,retrofit2.adapter.rxjava3.RxJava3CallAdapterFactoryTest,responseTypes/0,retrofit,28
/Users/thiago/Documents/Thiago/CodeToAnalyze/retrofit/retrofit-adapters/rxjava3/src/test/java/retrofit2/adapter/rxjava3/RxJava3CallAdapterFactoryTest.java,retrofit2.adapter.rxjava3.RxJava3CallAdapterFactoryTest,responseTypes/0,NO_ANNOTATIONS,28
/Users/thiago/Documents/Thiago/CodeToAnalyze/retrofit/retrofit-adapters/rxjava3/src/test/java/retrofit2/adapter/rxjava3/RxJava3CallAdapterFactoryTest.java,retrofit2.adapter.rxjava3.RxJava3CallAdapterFactoryTest,rawResponseTypeThrows/0,factory,4
/Users/thiago/Documents/Thiago/CodeToAnalyze/retrofit/retrofit-adapters/rxjava3/src/test/java/retrofit2/adapter/rxjava3/RxJava3CallAdapterFactoryTest.java,retrofit2.adapter.rxjava3.RxJava3CallAdapterFactoryTest,rawResponseTypeThrows/0,retrofit,4
/Users/thiago/Documents/Thiago/CodeToAnalyze/retrofit/retrofit-adapters/rxjava3/src/test/java/retrofit2/adapter/rxjava3/RxJava3CallAdapterFactoryTest.java,retrofit2.adapter.rxjava3.RxJava3CallAdapterFactoryTest,rawResponseTypeThrows/0,NO_ANNOTATIONS,4
/Users/thiago/Documents/Thiago/CodeToAnalyze/retrofit/retrofit-adapters/rxjava3/src/test/java/retrofit2/adapter/rxjava3/RxJava3CallAdapterFactoryTest.java,retrofit2.adapter.rxjava3.RxJava3CallAdapterFactoryTest,setUp/0,factory,1
/Users/thiago/Documents/Thiago/CodeToAnalyze/retrofit/retrofit-adapters/rxjava3/src/test/java/retrofit2/adapter/rxjava3/RxJava3CallAdapterFactoryTest.java,retrofit2.adapter.rxjava3.RxJava3CallAdapterFactoryTest,setUp/0,retrofit,1
/Users/thiago/Documents/Thiago/CodeToAnalyze/retrofit/retrofit-mock/src/test/java/retrofit2/mock/NetworkBehaviorTest.java,retrofit2.mock.NetworkBehaviorTest$Anonymous1,call/0,code,1
/Users/thiago/Documents/Thiago/CodeToAnalyze/retrofit/retrofit-converters/gson/src/main/java/retrofit2/converter/gson/GsonResponseBodyConverter.java,retrofit2.converter.gson.GsonResponseBodyConverter,convert/1[retrofit2.converter.gson.ResponseBody],adapter,1
/Users/thiago/Documents/Thiago/CodeToAnalyze/retrofit/retrofit-converters/gson/src/main/java/retrofit2/converter/gson/GsonResponseBodyConverter.java,retrofit2.converter.gson.GsonResponseBodyConverter,convert/1[retrofit2.converter.gson.ResponseBody],gson,1
/Users/thiago/Documents/Thiago/CodeToAnalyze/retrofit/retrofit-converters/gson/src/main/java/retrofit2/converter/gson/GsonResponseBodyConverter.java,retrofit2.converter.gson.GsonResponseBodyConverter,"GsonResponseBodyConverter/2[retrofit2.converter.gson.Gson,retrofit2.converter.gson.TypeAdapter<T>]",adapter,3
/Users/thiago/Documents/Thiago/CodeToAnalyze/retrofit/retrofit-converters/gson/src/main/java/retrofit2/converter/gson/GsonResponseBodyConverter.java,retrofit2.converter.gson.GsonResponseBodyConverter,"GsonResponseBodyConverter/2[retrofit2.converter.gson.Gson,retrofit2.converter.gson.TypeAdapter<T>]",gson,3
/Users/thiago/Documents/Thiago/CodeToAnalyze/retrofit/retrofit-converters/jaxb/src/test/java/retrofit2/converter/jaxb/JaxbConverterFactoryTest.java,retrofit2.converter.jaxb.JaxbConverterFactoryTest,setUp/0,server,1
/Users/thiago/Documents/Thiago/CodeToAnalyze/retrofit/retrofit-converters/jaxb/src/test/java/retrofit2/converter/jaxb/JaxbConverterFactoryTest.java,retrofit2.converter.jaxb.JaxbConverterFactoryTest,setUp/0,service,1
/Users/thiago/Documents/Thiago/CodeToAnalyze/retrofit/retrofit-converters/jaxb/src/test/java/retrofit2/converter/jaxb/JaxbConverterFactoryTest.java,retrofit2.converter.jaxb.JaxbConverterFactoryTest,malformedXml/0,server,1
/Users/thiago/Documents/Thiago/CodeToAnalyze/retrofit/retrofit-converters/jaxb/src/test/java/retrofit2/converter/jaxb/JaxbConverterFactoryTest.java,retrofit2.converter.jaxb.JaxbConverterFactoryTest,malformedXml/0,service,1
/Users/thiago/Documents/Thiago/CodeToAnalyze/retrofit/retrofit-converters/jaxb/src/test/java/retrofit2/converter/jaxb/JaxbConverterFactoryTest.java,retrofit2.converter.jaxb.JaxbConverterFactoryTest,unrecognizedField/0,server,1
/Users/thiago/Documents/Thiago/CodeToAnalyze/retrofit/retrofit-converters/jaxb/src/test/java/retrofit2/converter/jaxb/JaxbConverterFactoryTest.java,retrofit2.converter.jaxb.JaxbConverterFactoryTest,unrecognizedField/0,service,1
/Users/thiago/Documents/Thiago/CodeToAnalyze/retrofit/retrofit-converters/jaxb/src/test/java/retrofit2/converter/jaxb/JaxbConverterFactoryTest.java,retrofit2.converter.jaxb.JaxbConverterFactoryTest,characterEncoding/0,server,1
/Users/thiago/Documents/Thiago/CodeToAnalyze/retrofit/retrofit-converters/jaxb/src/test/java/retrofit2/converter/jaxb/JaxbConverterFactoryTest.java,retrofit2.converter.jaxb.JaxbConverterFactoryTest,characterEncoding/0,service,1
/Users/thiago/Documents/Thiago/CodeToAnalyze/retrofit/retrofit-converters/jaxb/src/test/java/retrofit2/converter/jaxb/JaxbConverterFactoryTest.java,retrofit2.converter.jaxb.JaxbConverterFactoryTest,externalDtd/0,server,4
/Users/thiago/Documents/Thiago/CodeToAnalyze/retrofit/retrofit-converters/jaxb/src/test/java/retrofit2/converter/jaxb/JaxbConverterFactoryTest.java,retrofit2.converter.jaxb.JaxbConverterFactoryTest,externalDtd/0,service,1
/Users/thiago/Documents/Thiago/CodeToAnalyze/retrofit/retrofit-converters/jaxb/src/test/java/retrofit2/converter/jaxb/JaxbConverterFactoryTest.java,retrofit2.converter.jaxb.JaxbConverterFactoryTest,xmlRequestBody/0,server,2
/Users/thiago/Documents/Thiago/CodeToAnalyze/retrofit/retrofit-converters/jaxb/src/test/java/retrofit2/converter/jaxb/JaxbConverterFactoryTest.java,retrofit2.converter.jaxb.JaxbConverterFactoryTest,xmlRequestBody/0,service,1
/Users/thiago/Documents/Thiago/CodeToAnalyze/retrofit/retrofit-converters/jaxb/src/test/java/retrofit2/converter/jaxb/JaxbConverterFactoryTest.java,retrofit2.converter.jaxb.JaxbConverterFactoryTest,xmlRequestBody/0,SAMPLE_CONTACT_XML,1
/Users/thiago/Documents/Thiago/CodeToAnalyze/retrofit/retrofit-converters/jaxb/src/test/java/retrofit2/converter/jaxb/JaxbConverterFactoryTest.java,retrofit2.converter.jaxb.JaxbConverterFactoryTest,xmlRequestBody/0,SAMPLE_CONTACT,1
/Users/thiago/Documents/Thiago/CodeToAnalyze/retrofit/retrofit-converters/jaxb/src/test/java/retrofit2/converter/jaxb/JaxbConverterFactoryTest.java,retrofit2.converter.jaxb.JaxbConverterFactoryTest,userSuppliedJaxbContext/0,server,3
/Users/thiago/Documents/Thiago/CodeToAnalyze/retrofit/retrofit-converters/jaxb/src/test/java/retrofit2/converter/jaxb/JaxbConverterFactoryTest.java,retrofit2.converter.jaxb.JaxbConverterFactoryTest,userSuppliedJaxbContext/0,service,2
/Users/thiago/Documents/Thiago/CodeToAnalyze/retrofit/retrofit-converters/jaxb/src/test/java/retrofit2/converter/jaxb/JaxbConverterFactoryTest.java,retrofit2.converter.jaxb.JaxbConverterFactoryTest,userSuppliedJaxbContext/0,SAMPLE_CONTACT_XML,1
/Users/thiago/Documents/Thiago/CodeToAnalyze/retrofit/retrofit-converters/jaxb/src/test/java/retrofit2/converter/jaxb/JaxbConverterFactoryTest.java,retrofit2.converter.jaxb.JaxbConverterFactoryTest,userSuppliedJaxbContext/0,SAMPLE_CONTACT,1
/Users/thiago/Documents/Thiago/CodeToAnalyze/retrofit/retrofit-converters/jaxb/src/test/java/retrofit2/converter/jaxb/JaxbConverterFactoryTest.java,retrofit2.converter.jaxb.JaxbConverterFactoryTest,externalEntity/0,server,4
/Users/thiago/Documents/Thiago/CodeToAnalyze/retrofit/retrofit-converters/jaxb/src/test/java/retrofit2/converter/jaxb/JaxbConverterFactoryTest.java,retrofit2.converter.jaxb.JaxbConverterFactoryTest,externalEntity/0,service,1
/Users/thiago/Documents/Thiago/CodeToAnalyze/retrofit/retrofit-converters/jaxb/src/test/java/retrofit2/converter/jaxb/JaxbConverterFactoryTest.java,retrofit2.converter.jaxb.JaxbConverterFactoryTest,xmlResponseBody/0,server,1
/Users/thiago/Documents/Thiago/CodeToAnalyze/retrofit/retrofit-converters/jaxb/src/test/java/retrofit2/converter/jaxb/JaxbConverterFactoryTest.java,retrofit2.converter.jaxb.JaxbConverterFactoryTest,xmlResponseBody/0,service,1
/Users/thiago/Documents/Thiago/CodeToAnalyze/retrofit/retrofit-converters/jaxb/src/test/java/retrofit2/converter/jaxb/JaxbConverterFactoryTest.java,retrofit2.converter.jaxb.JaxbConverterFactoryTest,xmlResponseBody/0,SAMPLE_CONTACT_XML,1
/Users/thiago/Documents/Thiago/CodeToAnalyze/retrofit/retrofit-converters/jaxb/src/test/java/retrofit2/converter/jaxb/JaxbConverterFactoryTest.java,retrofit2.converter.jaxb.JaxbConverterFactoryTest,xmlResponseBody/0,SAMPLE_CONTACT,1
/Users/thiago/Documents/Thiago/CodeToAnalyze/retrofit/retrofit-converters/moshi/src/main/java/retrofit2/converter/moshi/MoshiConverterFactory.java,retrofit2.converter.moshi.MoshiConverterFactory,failOnUnknown/0,serializeNulls,1
/Users/thiago/Documents/Thiago/CodeToAnalyze/retrofit/retrofit-converters/moshi/src/main/java/retrofit2/converter/moshi/MoshiConverterFactory.java,retrofit2.converter.moshi.MoshiConverterFactory,failOnUnknown/0,streaming,1
/Users/thiago/Documents/Thiago/CodeToAnalyze/retrofit/retrofit-converters/moshi/src/main/java/retrofit2/converter/moshi/MoshiConverterFactory.java,retrofit2.converter.moshi.MoshiConverterFactory,failOnUnknown/0,failOnUnknown,2
/Users/thiago/Documents/Thiago/CodeToAnalyze/retrofit/retrofit-converters/moshi/src/main/java/retrofit2/converter/moshi/MoshiConverterFactory.java,retrofit2.converter.moshi.MoshiConverterFactory,failOnUnknown/0,moshi,1
/Users/thiago/Documents/Thiago/CodeToAnalyze/retrofit/retrofit-converters/moshi/src/main/java/retrofit2/converter/moshi/MoshiConverterFactory.java,retrofit2.converter.moshi.MoshiConverterFactory,failOnUnknown/0,lenient,1
/Users/thiago/Documents/Thiago/CodeToAnalyze/retrofit/retrofit-converters/moshi/src/main/java/retrofit2/converter/moshi/MoshiConverterFactory.java,retrofit2.converter.moshi.MoshiConverterFactory,withNullSerialization/0,streaming,1
/Users/thiago/Documents/Thiago/CodeToAnalyze/retrofit/retrofit-converters/moshi/src/main/java/retrofit2/converter/moshi/MoshiConverterFactory.java,retrofit2.converter.moshi.MoshiConverterFactory,withNullSerialization/0,moshi,1
/Users/thiago/Documents/Thiago/CodeToAnalyze/retrofit/retrofit-converters/moshi/src/main/java/retrofit2/converter/moshi/MoshiConverterFactory.java,retrofit2.converter.moshi.MoshiConverterFactory,withNullSerialization/0,failOnUnknown,1
/Users/thiago/Documents/Thiago/CodeToAnalyze/retrofit/retrofit-converters/moshi/src/main/java/retrofit2/converter/moshi/MoshiConverterFactory.java,retrofit2.converter.moshi.MoshiConverterFactory,withNullSerialization/0,lenient,1
/Users/thiago/Documents/Thiago/CodeToAnalyze/retrofit/retrofit-converters/moshi/src/main/java/retrofit2/converter/moshi/MoshiConverterFactory.java,retrofit2.converter.moshi.MoshiConverterFactory,"responseBodyConverter/3[java.lang.reflect.Type,java.lang.annotation.Annotation[],retrofit2.Retrofit]",serializeNulls,2
/Users/thiago/Documents/Thiago/CodeToAnalyze/retrofit/retrofit-converters/moshi/src/main/java/retrofit2/converter/moshi/MoshiConverterFactory.java,retrofit2.converter.moshi.MoshiConverterFactory,"responseBodyConverter/3[java.lang.reflect.Type,java.lang.annotation.Annotation[],retrofit2.Retrofit]",moshi,1
/Users/thiago/Documents/Thiago/CodeToAnalyze/retrofit/retrofit-converters/moshi/src/main/java/retrofit2/converter/moshi/MoshiConverterFactory.java,retrofit2.converter.moshi.MoshiConverterFactory,"responseBodyConverter/3[java.lang.reflect.Type,java.lang.annotation.Annotation[],retrofit2.Retrofit]",failOnUnknown,2
/Users/thiago/Documents/Thiago/CodeToAnalyze/retrofit/retrofit-converters/moshi/src/main/java/retrofit2/converter/moshi/MoshiConverterFactory.java,retrofit2.converter.moshi.MoshiConverterFactory,"responseBodyConverter/3[java.lang.reflect.Type,java.lang.annotation.Annotation[],retrofit2.Retrofit]",lenient,2
/Users/thiago/Documents/Thiago/CodeToAnalyze/retrofit/retrofit-converters/moshi/src/main/java/retrofit2/converter/moshi/MoshiConverterFactory.java,retrofit2.converter.moshi.MoshiConverterFactory,"requestBodyConverter/4[java.lang.reflect.Type,java.lang.annotation.Annotation[],java.lang.annotation.Annotation[],retrofit2.Retrofit]",serializeNulls,2
/Users/thiago/Documents/Thiago/CodeToAnalyze/retrofit/retrofit-converters/moshi/src/main/java/retrofit2/converter/moshi/MoshiConverterFactory.java,retrofit2.converter.moshi.MoshiConverterFactory,"requestBodyConverter/4[java.lang.reflect.Type,java.lang.annotation.Annotation[],java.lang.annotation.Annotation[],retrofit2.Retrofit]",streaming,1
/Users/thiago/Documents/Thiago/CodeToAnalyze/retrofit/retrofit-converters/moshi/src/main/java/retrofit2/converter/moshi/MoshiConverterFactory.java,retrofit2.converter.moshi.MoshiConverterFactory,"requestBodyConverter/4[java.lang.reflect.Type,java.lang.annotation.Annotation[],java.lang.annotation.Annotation[],retrofit2.Retrofit]",moshi,1
/Users/thiago/Documents/Thiago/CodeToAnalyze/retrofit/retrofit-converters/moshi/src/main/java/retrofit2/converter/moshi/MoshiConverterFactory.java,retrofit2.converter.moshi.MoshiConverterFactory,"requestBodyConverter/4[java.lang.reflect.Type,java.lang.annotation.Annotation[],java.lang.annotation.Annotation[],retrofit2.Retrofit]",failOnUnknown,2
/Users/thiago/Documents/Thiago/CodeToAnalyze/retrofit/retrofit-converters/moshi/src/main/java/retrofit2/converter/moshi/MoshiConverterFactory.java,retrofit2.converter.moshi.MoshiConverterFactory,"requestBodyConverter/4[java.lang.reflect.Type,java.lang.annotation.Annotation[],java.lang.annotation.Annotation[],retrofit2.Retrofit]",lenient,2
/Users/thiago/Documents/Thiago/CodeToAnalyze/retrofit/retrofit-converters/moshi/src/main/java/retrofit2/converter/moshi/MoshiConverterFactory.java,retrofit2.converter.moshi.MoshiConverterFactory,create/1[retrofit2.converter.moshi.Moshi],moshi,3
/Users/thiago/Documents/Thiago/CodeToAnalyze/retrofit/retrofit-converters/moshi/src/main/java/retrofit2/converter/moshi/MoshiConverterFactory.java,retrofit2.converter.moshi.MoshiConverterFactory,"MoshiConverterFactory/5[retrofit2.converter.moshi.Moshi,boolean,boolean,boolean,boolean]",serializeNulls,3
/Users/thiago/Documents/Thiago/CodeToAnalyze/retrofit/retrofit-converters/moshi/src/main/java/retrofit2/converter/moshi/MoshiConverterFactory.java,retrofit2.converter.moshi.MoshiConverterFactory,"MoshiConverterFactory/5[retrofit2.converter.moshi.Moshi,boolean,boolean,boolean,boolean]",streaming,3
/Users/thiago/Documents/Thiago/CodeToAnalyze/retrofit/retrofit-converters/moshi/src/main/java/retrofit2/converter/moshi/MoshiConverterFactory.java,retrofit2.converter.moshi.MoshiConverterFactory,"MoshiConverterFactory/5[retrofit2.converter.moshi.Moshi,boolean,boolean,boolean,boolean]",moshi,3
/Users/thiago/Documents/Thiago/CodeToAnalyze/retrofit/retrofit-converters/moshi/src/main/java/retrofit2/converter/moshi/MoshiConverterFactory.java,retrofit2.converter.moshi.MoshiConverterFactory,"MoshiConverterFactory/5[retrofit2.converter.moshi.Moshi,boolean,boolean,boolean,boolean]",failOnUnknown,3
/Users/thiago/Documents/Thiago/CodeToAnalyze/retrofit/retrofit-converters/moshi/src/main/java/retrofit2/converter/moshi/MoshiConverterFactory.java,retrofit2.converter.moshi.MoshiConverterFactory,"MoshiConverterFactory/5[retrofit2.converter.moshi.Moshi,boolean,boolean,boolean,boolean]",lenient,3
/Users/thiago/Documents/Thiago/CodeToAnalyze/retrofit/retrofit-converters/moshi/src/main/java/retrofit2/converter/moshi/MoshiConverterFactory.java,retrofit2.converter.moshi.MoshiConverterFactory,asLenient/0,serializeNulls,1
/Users/thiago/Documents/Thiago/CodeToAnalyze/retrofit/retrofit-converters/moshi/src/main/java/retrofit2/converter/moshi/MoshiConverterFactory.java,retrofit2.converter.moshi.MoshiConverterFactory,asLenient/0,streaming,1
/Users/thiago/Documents/Thiago/CodeToAnalyze/retrofit/retrofit-converters/moshi/src/main/java/retrofit2/converter/moshi/MoshiConverterFactory.java,retrofit2.converter.moshi.MoshiConverterFactory,asLenient/0,moshi,1
/Users/thiago/Documents/Thiago/CodeToAnalyze/retrofit/retrofit-converters/moshi/src/main/java/retrofit2/converter/moshi/MoshiConverterFactory.java,retrofit2.converter.moshi.MoshiConverterFactory,asLenient/0,failOnUnknown,1
/Users/thiago/Documents/Thiago/CodeToAnalyze/retrofit/retrofit-converters/moshi/src/main/java/retrofit2/converter/moshi/MoshiConverterFactory.java,retrofit2.converter.moshi.MoshiConverterFactory,asLenient/0,lenient,1
/Users/thiago/Documents/Thiago/CodeToAnalyze/retrofit/retrofit-converters/moshi/src/main/java/retrofit2/converter/moshi/MoshiConverterFactory.java,retrofit2.converter.moshi.MoshiConverterFactory,withStreaming/0,serializeNulls,1
/Users/thiago/Documents/Thiago/CodeToAnalyze/retrofit/retrofit-converters/moshi/src/main/java/retrofit2/converter/moshi/MoshiConverterFactory.java,retrofit2.converter.moshi.MoshiConverterFactory,withStreaming/0,moshi,1
/Users/thiago/Documents/Thiago/CodeToAnalyze/retrofit/retrofit-converters/moshi/src/main/java/retrofit2/converter/moshi/MoshiConverterFactory.java,retrofit2.converter.moshi.MoshiConverterFactory,withStreaming/0,failOnUnknown,1
/Users/thiago/Documents/Thiago/CodeToAnalyze/retrofit/retrofit-converters/moshi/src/main/java/retrofit2/converter/moshi/MoshiConverterFactory.java,retrofit2.converter.moshi.MoshiConverterFactory,withStreaming/0,lenient,1
/Users/thiago/Documents/Thiago/CodeToAnalyze/retrofit/retrofit/src/main/java/retrofit2/ParameterHandler.java,retrofit2.ParameterHandler$FieldMap,"FieldMap/4[java.lang.reflect.Method,int,retrofit2.Converter<T,java.lang.String>,boolean]",p,3
/Users/thiago/Documents/Thiago/CodeToAnalyze/retrofit/retrofit/src/main/java/retrofit2/ParameterHandler.java,retrofit2.ParameterHandler$FieldMap,"FieldMap/4[java.lang.reflect.Method,int,retrofit2.Converter<T,java.lang.String>,boolean]",method,3
/Users/thiago/Documents/Thiago/CodeToAnalyze/retrofit/retrofit/src/main/java/retrofit2/ParameterHandler.java,retrofit2.ParameterHandler$FieldMap,"FieldMap/4[java.lang.reflect.Method,int,retrofit2.Converter<T,java.lang.String>,boolean]",valueConverter,3
/Users/thiago/Documents/Thiago/CodeToAnalyze/retrofit/retrofit/src/main/java/retrofit2/ParameterHandler.java,retrofit2.ParameterHandler$FieldMap,"FieldMap/4[java.lang.reflect.Method,int,retrofit2.Converter<T,java.lang.String>,boolean]",encoded,3
/Users/thiago/Documents/Thiago/CodeToAnalyze/retrofit/retrofit/src/main/java/retrofit2/ParameterHandler.java,retrofit2.ParameterHandler$FieldMap,"apply/2[retrofit2.RequestBuilder,java.util.Map<java.lang.String,T>]",p,4
/Users/thiago/Documents/Thiago/CodeToAnalyze/retrofit/retrofit/src/main/java/retrofit2/ParameterHandler.java,retrofit2.ParameterHandler$FieldMap,"apply/2[retrofit2.RequestBuilder,java.util.Map<java.lang.String,T>]",method,4
/Users/thiago/Documents/Thiago/CodeToAnalyze/retrofit/retrofit/src/main/java/retrofit2/ParameterHandler.java,retrofit2.ParameterHandler$FieldMap,"apply/2[retrofit2.RequestBuilder,java.util.Map<java.lang.String,T>]",valueConverter,2
/Users/thiago/Documents/Thiago/CodeToAnalyze/retrofit/retrofit/src/main/java/retrofit2/ParameterHandler.java,retrofit2.ParameterHandler$FieldMap,"apply/2[retrofit2.RequestBuilder,java.util.Map<java.lang.String,T>]",encoded,1
/Users/thiago/Documents/Thiago/CodeToAnalyze/retrofit/retrofit/src/main/java/retrofit2/CompletableFutureCallAdapterFactory.java,retrofit2.CompletableFutureCallAdapterFactory$BodyCallAdapter$BodyCallback,"onFailure/2[retrofit2.Call<R>,java.lang.Throwable]",future,1
/Users/thiago/Documents/Thiago/CodeToAnalyze/retrofit/retrofit/src/main/java/retrofit2/CompletableFutureCallAdapterFactory.java,retrofit2.CompletableFutureCallAdapterFactory$BodyCallAdapter$BodyCallback,BodyCallback/1[java.util.concurrent.CompletableFuture<R>],future,3
/Users/thiago/Documents/Thiago/CodeToAnalyze/retrofit/retrofit/src/main/java/retrofit2/CompletableFutureCallAdapterFactory.java,retrofit2.CompletableFutureCallAdapterFactory$BodyCallAdapter$BodyCallback,"onResponse/2[retrofit2.Call<R>,retrofit2.Response<R>]",future,2
/Users/thiago/Documents/Thiago/CodeToAnalyze/retrofit/samples/src/main/java/com/example/retrofit/JsonQueryParameters.java,com.example.retrofit.JsonQueryParameters$JsonStringConverterFactory,JsonStringConverterFactory/1[retrofit2.Converter.Factory],delegateFactory,3
/Users/thiago/Documents/Thiago/CodeToAnalyze/retrofit/samples/src/main/java/com/example/retrofit/JsonQueryParameters.java,com.example.retrofit.JsonQueryParameters$JsonStringConverterFactory,"stringConverter/3[java.lang.reflect.Type,java.lang.annotation.Annotation[],retrofit2.Retrofit]",delegateFactory,1
/Users/thiago/Documents/Thiago/CodeToAnalyze/retrofit/retrofit/src/main/java/retrofit2/CompletableFutureCallAdapterFactory.java,retrofit2.CompletableFutureCallAdapterFactory$BodyCallAdapter,responseType/0,responseType,2
/Users/thiago/Documents/Thiago/CodeToAnalyze/retrofit/retrofit/src/main/java/retrofit2/CompletableFutureCallAdapterFactory.java,retrofit2.CompletableFutureCallAdapterFactory$BodyCallAdapter,BodyCallAdapter/1[java.lang.reflect.Type],responseType,3
/Users/thiago/Documents/Thiago/CodeToAnalyze/retrofit/retrofit/java-test/src/test/java/retrofit2/CompletableFutureCallAdapterFactoryTest.java,retrofit2.CompletableFutureCallAdapterFactoryTest,responseType/0,factory,7
/Users/thiago/Documents/Thiago/CodeToAnalyze/retrofit/retrofit/java-test/src/test/java/retrofit2/CompletableFutureCallAdapterFactoryTest.java,retrofit2.CompletableFutureCallAdapterFactoryTest,responseType/0,retrofit,7
/Users/thiago/Documents/Thiago/CodeToAnalyze/retrofit/retrofit/java-test/src/test/java/retrofit2/CompletableFutureCallAdapterFactoryTest.java,retrofit2.CompletableFutureCallAdapterFactoryTest,responseType/0,NO_ANNOTATIONS,7
/Users/thiago/Documents/Thiago/CodeToAnalyze/retrofit/retrofit/java-test/src/test/java/retrofit2/CompletableFutureCallAdapterFactoryTest.java,retrofit2.CompletableFutureCallAdapterFactoryTest,rawTypeThrows/0,factory,1
/Users/thiago/Documents/Thiago/CodeToAnalyze/retrofit/retrofit/java-test/src/test/java/retrofit2/CompletableFutureCallAdapterFactoryTest.java,retrofit2.CompletableFutureCallAdapterFactoryTest,rawTypeThrows/0,retrofit,1
/Users/thiago/Documents/Thiago/CodeToAnalyze/retrofit/retrofit/java-test/src/test/java/retrofit2/CompletableFutureCallAdapterFactoryTest.java,retrofit2.CompletableFutureCallAdapterFactoryTest,rawTypeThrows/0,NO_ANNOTATIONS,1
/Users/thiago/Documents/Thiago/CodeToAnalyze/retrofit/retrofit/java-test/src/test/java/retrofit2/CompletableFutureCallAdapterFactoryTest.java,retrofit2.CompletableFutureCallAdapterFactoryTest,setUp/0,server,1
/Users/thiago/Documents/Thiago/CodeToAnalyze/retrofit/retrofit/java-test/src/test/java/retrofit2/CompletableFutureCallAdapterFactoryTest.java,retrofit2.CompletableFutureCallAdapterFactoryTest,setUp/0,retrofit,1
/Users/thiago/Documents/Thiago/CodeToAnalyze/retrofit/retrofit/java-test/src/test/java/retrofit2/CompletableFutureCallAdapterFactoryTest.java,retrofit2.CompletableFutureCallAdapterFactoryTest,rawResponseTypeThrows/0,factory,1
/Users/thiago/Documents/Thiago/CodeToAnalyze/retrofit/retrofit/java-test/src/test/java/retrofit2/CompletableFutureCallAdapterFactoryTest.java,retrofit2.CompletableFutureCallAdapterFactoryTest,rawResponseTypeThrows/0,retrofit,1
/Users/thiago/Documents/Thiago/CodeToAnalyze/retrofit/retrofit/java-test/src/test/java/retrofit2/CompletableFutureCallAdapterFactoryTest.java,retrofit2.CompletableFutureCallAdapterFactoryTest,rawResponseTypeThrows/0,NO_ANNOTATIONS,1
/Users/thiago/Documents/Thiago/CodeToAnalyze/retrofit/retrofit/java-test/src/test/java/retrofit2/CompletableFutureCallAdapterFactoryTest.java,retrofit2.CompletableFutureCallAdapterFactoryTest,nonListenableFutureReturnsNull/0,factory,1
/Users/thiago/Documents/Thiago/CodeToAnalyze/retrofit/retrofit/java-test/src/test/java/retrofit2/CompletableFutureCallAdapterFactoryTest.java,retrofit2.CompletableFutureCallAdapterFactoryTest,nonListenableFutureReturnsNull/0,retrofit,1
/Users/thiago/Documents/Thiago/CodeToAnalyze/retrofit/retrofit/java-test/src/test/java/retrofit2/CompletableFutureCallAdapterFactoryTest.java,retrofit2.CompletableFutureCallAdapterFactoryTest,nonListenableFutureReturnsNull/0,NO_ANNOTATIONS,1
/Users/thiago/Documents/Thiago/CodeToAnalyze/retrofit/retrofit/src/main/java/retrofit2/Utils.java,retrofit2.Utils$WildcardTypeImpl,hashCode/0,upperBound,1
/Users/thiago/Documents/Thiago/CodeToAnalyze/retrofit/retrofit/src/main/java/retrofit2/Utils.java,retrofit2.Utils$WildcardTypeImpl,hashCode/0,lowerBound,2
/Users/thiago/Documents/Thiago/CodeToAnalyze/retrofit/retrofit/src/main/java/retrofit2/Utils.java,retrofit2.Utils$WildcardTypeImpl,toString/0,upperBound,2
/Users/thiago/Documents/Thiago/CodeToAnalyze/retrofit/retrofit/src/main/java/retrofit2/Utils.java,retrofit2.Utils$WildcardTypeImpl,toString/0,lowerBound,2
/Users/thiago/Documents/Thiago/CodeToAnalyze/retrofit/retrofit/src/main/java/retrofit2/Utils.java,retrofit2.Utils$WildcardTypeImpl,"WildcardTypeImpl/2[java.lang.reflect.Type[],java.lang.reflect.Type[]]",upperBound,2
/Users/thiago/Documents/Thiago/CodeToAnalyze/retrofit/retrofit/src/main/java/retrofit2/Utils.java,retrofit2.Utils$WildcardTypeImpl,"WildcardTypeImpl/2[java.lang.reflect.Type[],java.lang.reflect.Type[]]",lowerBound,2
/Users/thiago/Documents/Thiago/CodeToAnalyze/retrofit/retrofit/src/main/java/retrofit2/Utils.java,retrofit2.Utils$WildcardTypeImpl,getLowerBounds/0,lowerBound,2
/Users/thiago/Documents/Thiago/CodeToAnalyze/retrofit/retrofit/src/main/java/retrofit2/Utils.java,retrofit2.Utils$WildcardTypeImpl,getUpperBounds/0,upperBound,1
/Users/thiago/Documents/Thiago/CodeToAnalyze/retrofit/retrofit/src/main/java/retrofit2/CompletableFutureCallAdapterFactory.java,retrofit2.CompletableFutureCallAdapterFactory$ResponseCallAdapter,ResponseCallAdapter/1[java.lang.reflect.Type],responseType,3
/Users/thiago/Documents/Thiago/CodeToAnalyze/retrofit/retrofit/src/main/java/retrofit2/CompletableFutureCallAdapterFactory.java,retrofit2.CompletableFutureCallAdapterFactory$ResponseCallAdapter,responseType/0,responseType,2
/Users/thiago/Documents/Thiago/CodeToAnalyze/retrofit/samples/src/main/java/com/example/retrofit/SimpleMockService.java,com.example.retrofit.SimpleMockService$MockGitHub,MockGitHub/1[retrofit2.mock.BehaviorDelegate<com.example.retrofit.SimpleService.GitHub>],delegate,3
/Users/thiago/Documents/Thiago/CodeToAnalyze/retrofit/samples/src/main/java/com/example/retrofit/SimpleMockService.java,com.example.retrofit.SimpleMockService$MockGitHub,MockGitHub/1[retrofit2.mock.BehaviorDelegate<com.example.retrofit.SimpleService.GitHub>],ownerRepoContributors,1
/Users/thiago/Documents/Thiago/CodeToAnalyze/retrofit/samples/src/main/java/com/example/retrofit/SimpleMockService.java,com.example.retrofit.SimpleMockService$MockGitHub,"contributors/2[java.lang.String,java.lang.String]",delegate,1
/Users/thiago/Documents/Thiago/CodeToAnalyze/retrofit/samples/src/main/java/com/example/retrofit/SimpleMockService.java,com.example.retrofit.SimpleMockService$MockGitHub,"contributors/2[java.lang.String,java.lang.String]",ownerRepoContributors,1
/Users/thiago/Documents/Thiago/CodeToAnalyze/retrofit/samples/src/main/java/com/example/retrofit/SimpleMockService.java,com.example.retrofit.SimpleMockService$MockGitHub,"addContributor/4[java.lang.String,java.lang.String,java.lang.String,int]",ownerRepoContributors,2
/Users/thiago/Documents/Thiago/CodeToAnalyze/retrofit/retrofit-adapters/rxjava3/src/main/java/retrofit2/adapter/rxjava3/BodyObservable.java,retrofit2.adapter.rxjava3.BodyObservable$BodyObserver,onSubscribe/1[retrofit2.adapter.rxjava3.Disposable],observer,1
/Users/thiago/Documents/Thiago/CodeToAnalyze/retrofit/retrofit-adapters/rxjava3/src/main/java/retrofit2/adapter/rxjava3/BodyObservable.java,retrofit2.adapter.rxjava3.BodyObservable$BodyObserver,onComplete/0,observer,1
/Users/thiago/Documents/Thiago/CodeToAnalyze/retrofit/retrofit-adapters/rxjava3/src/main/java/retrofit2/adapter/rxjava3/BodyObservable.java,retrofit2.adapter.rxjava3.BodyObservable$BodyObserver,onComplete/0,terminated,1
/Users/thiago/Documents/Thiago/CodeToAnalyze/retrofit/retrofit-adapters/rxjava3/src/main/java/retrofit2/adapter/rxjava3/BodyObservable.java,retrofit2.adapter.rxjava3.BodyObservable$BodyObserver,onError/1[java.lang.Throwable],observer,1
/Users/thiago/Documents/Thiago/CodeToAnalyze/retrofit/retrofit-adapters/rxjava3/src/main/java/retrofit2/adapter/rxjava3/BodyObservable.java,retrofit2.adapter.rxjava3.BodyObservable$BodyObserver,onError/1[java.lang.Throwable],terminated,1
/Users/thiago/Documents/Thiago/CodeToAnalyze/retrofit/retrofit-adapters/rxjava3/src/main/java/retrofit2/adapter/rxjava3/BodyObservable.java,retrofit2.adapter.rxjava3.BodyObservable$BodyObserver,BodyObserver/1[retrofit2.adapter.rxjava3.Observer<? super R>],observer,3
/Users/thiago/Documents/Thiago/CodeToAnalyze/retrofit/retrofit-adapters/rxjava3/src/main/java/retrofit2/adapter/rxjava3/BodyObservable.java,retrofit2.adapter.rxjava3.BodyObservable$BodyObserver,onNext/1[retrofit2.Response<R>],observer,2
/Users/thiago/Documents/Thiago/CodeToAnalyze/retrofit/retrofit-adapters/rxjava3/src/main/java/retrofit2/adapter/rxjava3/BodyObservable.java,retrofit2.adapter.rxjava3.BodyObservable$BodyObserver,onNext/1[retrofit2.Response<R>],terminated,1
/Users/thiago/Documents/Thiago/CodeToAnalyze/retrofit/retrofit/test-helpers/src/main/java/retrofit2/helpers/DelegatingCallAdapterFactory.java,retrofit2.helpers.DelegatingCallAdapterFactory,"get/3[java.lang.reflect.Type,java.lang.annotation.Annotation[],retrofit2.Retrofit]",called,1
/Users/thiago/Documents/Thiago/CodeToAnalyze/retrofit/retrofit-adapters/rxjava2/src/test/java/retrofit2/adapter/rxjava2/ObservableTest.java,retrofit2.adapter.rxjava2.ObservableTest,resultSuccess200/0,server,1
/Users/thiago/Documents/Thiago/CodeToAnalyze/retrofit/retrofit-adapters/rxjava2/src/test/java/retrofit2/adapter/rxjava2/ObservableTest.java,retrofit2.adapter.rxjava2.ObservableTest,resultSuccess200/0,service,1
/Users/thiago/Documents/Thiago/CodeToAnalyze/retrofit/retrofit-adapters/rxjava2/src/test/java/retrofit2/adapter/rxjava2/ObservableTest.java,retrofit2.adapter.rxjava2.ObservableTest,resultSuccess200/0,observerRule,1
/Users/thiago/Documents/Thiago/CodeToAnalyze/retrofit/retrofit-adapters/rxjava2/src/test/java/retrofit2/adapter/rxjava2/ObservableTest.java,retrofit2.adapter.rxjava2.ObservableTest,responseSuccess200/0,server,1
/Users/thiago/Documents/Thiago/CodeToAnalyze/retrofit/retrofit-adapters/rxjava2/src/test/java/retrofit2/adapter/rxjava2/ObservableTest.java,retrofit2.adapter.rxjava2.ObservableTest,responseSuccess200/0,service,1
/Users/thiago/Documents/Thiago/CodeToAnalyze/retrofit/retrofit-adapters/rxjava2/src/test/java/retrofit2/adapter/rxjava2/ObservableTest.java,retrofit2.adapter.rxjava2.ObservableTest,responseSuccess200/0,observerRule,1
/Users/thiago/Documents/Thiago/CodeToAnalyze/retrofit/retrofit-adapters/rxjava2/src/test/java/retrofit2/adapter/rxjava2/ObservableTest.java,retrofit2.adapter.rxjava2.ObservableTest,observableAssembly/0,service,1
/Users/thiago/Documents/Thiago/CodeToAnalyze/retrofit/retrofit-adapters/rxjava2/src/test/java/retrofit2/adapter/rxjava2/ObservableTest.java,retrofit2.adapter.rxjava2.ObservableTest,resultFailure/0,server,1
/Users/thiago/Documents/Thiago/CodeToAnalyze/retrofit/retrofit-adapters/rxjava2/src/test/java/retrofit2/adapter/rxjava2/ObservableTest.java,retrofit2.adapter.rxjava2.ObservableTest,resultFailure/0,service,1
/Users/thiago/Documents/Thiago/CodeToAnalyze/retrofit/retrofit-adapters/rxjava2/src/test/java/retrofit2/adapter/rxjava2/ObservableTest.java,retrofit2.adapter.rxjava2.ObservableTest,resultFailure/0,observerRule,1
/Users/thiago/Documents/Thiago/CodeToAnalyze/retrofit/retrofit-adapters/rxjava2/src/test/java/retrofit2/adapter/rxjava2/ObservableTest.java,retrofit2.adapter.rxjava2.ObservableTest,setUp/0,server,1
/Users/thiago/Documents/Thiago/CodeToAnalyze/retrofit/retrofit-adapters/rxjava2/src/test/java/retrofit2/adapter/rxjava2/ObservableTest.java,retrofit2.adapter.rxjava2.ObservableTest,setUp/0,service,1
/Users/thiago/Documents/Thiago/CodeToAnalyze/retrofit/retrofit-adapters/rxjava2/src/test/java/retrofit2/adapter/rxjava2/ObservableTest.java,retrofit2.adapter.rxjava2.ObservableTest,bodyFailure/0,server,1
/Users/thiago/Documents/Thiago/CodeToAnalyze/retrofit/retrofit-adapters/rxjava2/src/test/java/retrofit2/adapter/rxjava2/ObservableTest.java,retrofit2.adapter.rxjava2.ObservableTest,bodyFailure/0,service,1
/Users/thiago/Documents/Thiago/CodeToAnalyze/retrofit/retrofit-adapters/rxjava2/src/test/java/retrofit2/adapter/rxjava2/ObservableTest.java,retrofit2.adapter.rxjava2.ObservableTest,bodyFailure/0,observerRule,1
/Users/thiago/Documents/Thiago/CodeToAnalyze/retrofit/retrofit-adapters/rxjava2/src/test/java/retrofit2/adapter/rxjava2/ObservableTest.java,retrofit2.adapter.rxjava2.ObservableTest,responseSuccess404/0,server,1
/Users/thiago/Documents/Thiago/CodeToAnalyze/retrofit/retrofit-adapters/rxjava2/src/test/java/retrofit2/adapter/rxjava2/ObservableTest.java,retrofit2.adapter.rxjava2.ObservableTest,responseSuccess404/0,service,1
/Users/thiago/Documents/Thiago/CodeToAnalyze/retrofit/retrofit-adapters/rxjava2/src/test/java/retrofit2/adapter/rxjava2/ObservableTest.java,retrofit2.adapter.rxjava2.ObservableTest,responseSuccess404/0,observerRule,1
/Users/thiago/Documents/Thiago/CodeToAnalyze/retrofit/retrofit-adapters/rxjava2/src/test/java/retrofit2/adapter/rxjava2/ObservableTest.java,retrofit2.adapter.rxjava2.ObservableTest,resultSuccess404/0,server,1
/Users/thiago/Documents/Thiago/CodeToAnalyze/retrofit/retrofit-adapters/rxjava2/src/test/java/retrofit2/adapter/rxjava2/ObservableTest.java,retrofit2.adapter.rxjava2.ObservableTest,resultSuccess404/0,service,1
/Users/thiago/Documents/Thiago/CodeToAnalyze/retrofit/retrofit-adapters/rxjava2/src/test/java/retrofit2/adapter/rxjava2/ObservableTest.java,retrofit2.adapter.rxjava2.ObservableTest,resultSuccess404/0,observerRule,1
/Users/thiago/Documents/Thiago/CodeToAnalyze/retrofit/retrofit-adapters/rxjava2/src/test/java/retrofit2/adapter/rxjava2/ObservableTest.java,retrofit2.adapter.rxjava2.ObservableTest,bodySuccess200/0,server,1
/Users/thiago/Documents/Thiago/CodeToAnalyze/retrofit/retrofit-adapters/rxjava2/src/test/java/retrofit2/adapter/rxjava2/ObservableTest.java,retrofit2.adapter.rxjava2.ObservableTest,bodySuccess200/0,service,1
/Users/thiago/Documents/Thiago/CodeToAnalyze/retrofit/retrofit-adapters/rxjava2/src/test/java/retrofit2/adapter/rxjava2/ObservableTest.java,retrofit2.adapter.rxjava2.ObservableTest,bodySuccess200/0,observerRule,1
/Users/thiago/Documents/Thiago/CodeToAnalyze/retrofit/retrofit-adapters/rxjava2/src/test/java/retrofit2/adapter/rxjava2/ObservableTest.java,retrofit2.adapter.rxjava2.ObservableTest,subscribeTwice/0,server,2
/Users/thiago/Documents/Thiago/CodeToAnalyze/retrofit/retrofit-adapters/rxjava2/src/test/java/retrofit2/adapter/rxjava2/ObservableTest.java,retrofit2.adapter.rxjava2.ObservableTest,subscribeTwice/0,service,1
/Users/thiago/Documents/Thiago/CodeToAnalyze/retrofit/retrofit-adapters/rxjava2/src/test/java/retrofit2/adapter/rxjava2/ObservableTest.java,retrofit2.adapter.rxjava2.ObservableTest,subscribeTwice/0,observerRule,2
/Users/thiago/Documents/Thiago/CodeToAnalyze/retrofit/retrofit-adapters/rxjava2/src/test/java/retrofit2/adapter/rxjava2/ObservableTest.java,retrofit2.adapter.rxjava2.ObservableTest,bodySuccess404/0,server,1
/Users/thiago/Documents/Thiago/CodeToAnalyze/retrofit/retrofit-adapters/rxjava2/src/test/java/retrofit2/adapter/rxjava2/ObservableTest.java,retrofit2.adapter.rxjava2.ObservableTest,bodySuccess404/0,service,1
/Users/thiago/Documents/Thiago/CodeToAnalyze/retrofit/retrofit-adapters/rxjava2/src/test/java/retrofit2/adapter/rxjava2/ObservableTest.java,retrofit2.adapter.rxjava2.ObservableTest,bodySuccess404/0,observerRule,1
/Users/thiago/Documents/Thiago/CodeToAnalyze/retrofit/retrofit-adapters/rxjava2/src/test/java/retrofit2/adapter/rxjava2/ObservableTest.java,retrofit2.adapter.rxjava2.ObservableTest,responseFailure/0,server,1
/Users/thiago/Documents/Thiago/CodeToAnalyze/retrofit/retrofit-adapters/rxjava2/src/test/java/retrofit2/adapter/rxjava2/ObservableTest.java,retrofit2.adapter.rxjava2.ObservableTest,responseFailure/0,service,1
/Users/thiago/Documents/Thiago/CodeToAnalyze/retrofit/retrofit-adapters/rxjava2/src/test/java/retrofit2/adapter/rxjava2/ObservableTest.java,retrofit2.adapter.rxjava2.ObservableTest,responseFailure/0,observerRule,1
/Users/thiago/Documents/Thiago/CodeToAnalyze/retrofit/retrofit-adapters/rxjava2/src/test/java/retrofit2/adapter/rxjava2/FlowableThrowingTest.java,retrofit2.adapter.rxjava2.FlowableThrowingTest,bodyThrowingInOnErrorDeliveredToPlugin/0,server,1
/Users/thiago/Documents/Thiago/CodeToAnalyze/retrofit/retrofit-adapters/rxjava2/src/test/java/retrofit2/adapter/rxjava2/FlowableThrowingTest.java,retrofit2.adapter.rxjava2.FlowableThrowingTest,bodyThrowingInOnErrorDeliveredToPlugin/0,subscriberRule,1
/Users/thiago/Documents/Thiago/CodeToAnalyze/retrofit/retrofit-adapters/rxjava2/src/test/java/retrofit2/adapter/rxjava2/FlowableThrowingTest.java,retrofit2.adapter.rxjava2.FlowableThrowingTest,bodyThrowingInOnErrorDeliveredToPlugin/0,service,1
/Users/thiago/Documents/Thiago/CodeToAnalyze/retrofit/retrofit-adapters/rxjava2/src/test/java/retrofit2/adapter/rxjava2/FlowableThrowingTest.java,retrofit2.adapter.rxjava2.FlowableThrowingTest,resultThrowingInOnNextDeliveredToError/0,server,1
/Users/thiago/Documents/Thiago/CodeToAnalyze/retrofit/retrofit-adapters/rxjava2/src/test/java/retrofit2/adapter/rxjava2/FlowableThrowingTest.java,retrofit2.adapter.rxjava2.FlowableThrowingTest,resultThrowingInOnNextDeliveredToError/0,subscriberRule,1
/Users/thiago/Documents/Thiago/CodeToAnalyze/retrofit/retrofit-adapters/rxjava2/src/test/java/retrofit2/adapter/rxjava2/FlowableThrowingTest.java,retrofit2.adapter.rxjava2.FlowableThrowingTest,resultThrowingInOnNextDeliveredToError/0,service,1
/Users/thiago/Documents/Thiago/CodeToAnalyze/retrofit/retrofit-adapters/rxjava2/src/test/java/retrofit2/adapter/rxjava2/FlowableThrowingTest.java,retrofit2.adapter.rxjava2.FlowableThrowingTest,bodyThrowingInOnCompleteDeliveredToPlugin/0,server,1
/Users/thiago/Documents/Thiago/CodeToAnalyze/retrofit/retrofit-adapters/rxjava2/src/test/java/retrofit2/adapter/rxjava2/FlowableThrowingTest.java,retrofit2.adapter.rxjava2.FlowableThrowingTest,bodyThrowingInOnCompleteDeliveredToPlugin/0,subscriberRule,1
/Users/thiago/Documents/Thiago/CodeToAnalyze/retrofit/retrofit-adapters/rxjava2/src/test/java/retrofit2/adapter/rxjava2/FlowableThrowingTest.java,retrofit2.adapter.rxjava2.FlowableThrowingTest,bodyThrowingInOnCompleteDeliveredToPlugin/0,service,1
/Users/thiago/Documents/Thiago/CodeToAnalyze/retrofit/retrofit-adapters/rxjava2/src/test/java/retrofit2/adapter/rxjava2/FlowableThrowingTest.java,retrofit2.adapter.rxjava2.FlowableThrowingTest,responseThrowingInOnNextDeliveredToError/0,server,1
/Users/thiago/Documents/Thiago/CodeToAnalyze/retrofit/retrofit-adapters/rxjava2/src/test/java/retrofit2/adapter/rxjava2/FlowableThrowingTest.java,retrofit2.adapter.rxjava2.FlowableThrowingTest,responseThrowingInOnNextDeliveredToError/0,subscriberRule,1
/Users/thiago/Documents/Thiago/CodeToAnalyze/retrofit/retrofit-adapters/rxjava2/src/test/java/retrofit2/adapter/rxjava2/FlowableThrowingTest.java,retrofit2.adapter.rxjava2.FlowableThrowingTest,responseThrowingInOnNextDeliveredToError/0,service,1
/Users/thiago/Documents/Thiago/CodeToAnalyze/retrofit/retrofit-adapters/rxjava2/src/test/java/retrofit2/adapter/rxjava2/FlowableThrowingTest.java,retrofit2.adapter.rxjava2.FlowableThrowingTest,responseThrowingInOnCompleteDeliveredToPlugin/0,server,1
/Users/thiago/Documents/Thiago/CodeToAnalyze/retrofit/retrofit-adapters/rxjava2/src/test/java/retrofit2/adapter/rxjava2/FlowableThrowingTest.java,retrofit2.adapter.rxjava2.FlowableThrowingTest,responseThrowingInOnCompleteDeliveredToPlugin/0,subscriberRule,1
/Users/thiago/Documents/Thiago/CodeToAnalyze/retrofit/retrofit-adapters/rxjava2/src/test/java/retrofit2/adapter/rxjava2/FlowableThrowingTest.java,retrofit2.adapter.rxjava2.FlowableThrowingTest,responseThrowingInOnCompleteDeliveredToPlugin/0,service,1
/Users/thiago/Documents/Thiago/CodeToAnalyze/retrofit/retrofit-adapters/rxjava2/src/test/java/retrofit2/adapter/rxjava2/FlowableThrowingTest.java,retrofit2.adapter.rxjava2.FlowableThrowingTest,bodyThrowingInOnNextDeliveredToError/0,server,1
/Users/thiago/Documents/Thiago/CodeToAnalyze/retrofit/retrofit-adapters/rxjava2/src/test/java/retrofit2/adapter/rxjava2/FlowableThrowingTest.java,retrofit2.adapter.rxjava2.FlowableThrowingTest,bodyThrowingInOnNextDeliveredToError/0,subscriberRule,1
/Users/thiago/Documents/Thiago/CodeToAnalyze/retrofit/retrofit-adapters/rxjava2/src/test/java/retrofit2/adapter/rxjava2/FlowableThrowingTest.java,retrofit2.adapter.rxjava2.FlowableThrowingTest,bodyThrowingInOnNextDeliveredToError/0,service,1
/Users/thiago/Documents/Thiago/CodeToAnalyze/retrofit/retrofit-adapters/rxjava2/src/test/java/retrofit2/adapter/rxjava2/FlowableThrowingTest.java,retrofit2.adapter.rxjava2.FlowableThrowingTest,resultThrowingInOnErrorDeliveredToPlugin/0,server,1
/Users/thiago/Documents/Thiago/CodeToAnalyze/retrofit/retrofit-adapters/rxjava2/src/test/java/retrofit2/adapter/rxjava2/FlowableThrowingTest.java,retrofit2.adapter.rxjava2.FlowableThrowingTest,resultThrowingInOnErrorDeliveredToPlugin/0,subscriberRule,1
/Users/thiago/Documents/Thiago/CodeToAnalyze/retrofit/retrofit-adapters/rxjava2/src/test/java/retrofit2/adapter/rxjava2/FlowableThrowingTest.java,retrofit2.adapter.rxjava2.FlowableThrowingTest,resultThrowingInOnErrorDeliveredToPlugin/0,service,1
/Users/thiago/Documents/Thiago/CodeToAnalyze/retrofit/retrofit-adapters/rxjava2/src/test/java/retrofit2/adapter/rxjava2/FlowableThrowingTest.java,retrofit2.adapter.rxjava2.FlowableThrowingTest,resultThrowingInOnCompletedDeliveredToPlugin/0,server,1
/Users/thiago/Documents/Thiago/CodeToAnalyze/retrofit/retrofit-adapters/rxjava2/src/test/java/retrofit2/adapter/rxjava2/FlowableThrowingTest.java,retrofit2.adapter.rxjava2.FlowableThrowingTest,resultThrowingInOnCompletedDeliveredToPlugin/0,subscriberRule,1
/Users/thiago/Documents/Thiago/CodeToAnalyze/retrofit/retrofit-adapters/rxjava2/src/test/java/retrofit2/adapter/rxjava2/FlowableThrowingTest.java,retrofit2.adapter.rxjava2.FlowableThrowingTest,resultThrowingInOnCompletedDeliveredToPlugin/0,service,1
/Users/thiago/Documents/Thiago/CodeToAnalyze/retrofit/retrofit-adapters/rxjava2/src/test/java/retrofit2/adapter/rxjava2/FlowableThrowingTest.java,retrofit2.adapter.rxjava2.FlowableThrowingTest,setUp/0,server,1
/Users/thiago/Documents/Thiago/CodeToAnalyze/retrofit/retrofit-adapters/rxjava2/src/test/java/retrofit2/adapter/rxjava2/FlowableThrowingTest.java,retrofit2.adapter.rxjava2.FlowableThrowingTest,setUp/0,service,1
/Users/thiago/Documents/Thiago/CodeToAnalyze/retrofit/retrofit-adapters/rxjava2/src/test/java/retrofit2/adapter/rxjava2/FlowableThrowingTest.java,retrofit2.adapter.rxjava2.FlowableThrowingTest,responseThrowingInOnErrorDeliveredToPlugin/0,server,1
/Users/thiago/Documents/Thiago/CodeToAnalyze/retrofit/retrofit-adapters/rxjava2/src/test/java/retrofit2/adapter/rxjava2/FlowableThrowingTest.java,retrofit2.adapter.rxjava2.FlowableThrowingTest,responseThrowingInOnErrorDeliveredToPlugin/0,subscriberRule,1
/Users/thiago/Documents/Thiago/CodeToAnalyze/retrofit/retrofit-adapters/rxjava2/src/test/java/retrofit2/adapter/rxjava2/FlowableThrowingTest.java,retrofit2.adapter.rxjava2.FlowableThrowingTest,responseThrowingInOnErrorDeliveredToPlugin/0,service,1
/Users/thiago/Documents/Thiago/CodeToAnalyze/retrofit/samples/src/main/java/com/example/retrofit/JsonQueryParameters.java,com.example.retrofit.JsonQueryParameters$Filter,Filter/1[java.lang.String],userId,3
/Users/thiago/Documents/Thiago/CodeToAnalyze/retrofit/samples/src/main/java/com/example/retrofit/ErrorHandlingAdapter.java,com.example.retrofit.ErrorHandlingAdapter$MyCallAdapter,clone/0,call,1
/Users/thiago/Documents/Thiago/CodeToAnalyze/retrofit/samples/src/main/java/com/example/retrofit/ErrorHandlingAdapter.java,com.example.retrofit.ErrorHandlingAdapter$MyCallAdapter,clone/0,callbackExecutor,1
/Users/thiago/Documents/Thiago/CodeToAnalyze/retrofit/samples/src/main/java/com/example/retrofit/ErrorHandlingAdapter.java,com.example.retrofit.ErrorHandlingAdapter$MyCallAdapter,cancel/0,call,1
/Users/thiago/Documents/Thiago/CodeToAnalyze/retrofit/samples/src/main/java/com/example/retrofit/ErrorHandlingAdapter.java,com.example.retrofit.ErrorHandlingAdapter$MyCallAdapter,"MyCallAdapter/2[retrofit2.Call<T>,java.util.concurrent.Executor]",call,3
/Users/thiago/Documents/Thiago/CodeToAnalyze/retrofit/samples/src/main/java/com/example/retrofit/ErrorHandlingAdapter.java,com.example.retrofit.ErrorHandlingAdapter$MyCallAdapter,"MyCallAdapter/2[retrofit2.Call<T>,java.util.concurrent.Executor]",callbackExecutor,3
/Users/thiago/Documents/Thiago/CodeToAnalyze/retrofit/samples/src/main/java/com/example/retrofit/ErrorHandlingAdapter.java,com.example.retrofit.ErrorHandlingAdapter$MyCallAdapter,enqueue/1[com.example.retrofit.ErrorHandlingAdapter.MyCallback<T>],call,1
/Users/thiago/Documents/Thiago/CodeToAnalyze/retrofit/samples/src/main/java/com/example/retrofit/Crawler.java,com.example.retrofit.Crawler$Page,"Page/2[java.lang.String,java.util.List<java.lang.String>]",links,3
/Users/thiago/Documents/Thiago/CodeToAnalyze/retrofit/samples/src/main/java/com/example/retrofit/Crawler.java,com.example.retrofit.Crawler$Page,"Page/2[java.lang.String,java.util.List<java.lang.String>]",title,3
/Users/thiago/Documents/Thiago/CodeToAnalyze/retrofit/retrofit/src/main/java/retrofit2/HttpServiceMethod.java,retrofit2.HttpServiceMethod$SuspendForBody,"SuspendForBody/6[retrofit2.RequestFactory,okhttp3.Call.Factory,retrofit2.Converter<retrofit2.ResponseBody,ResponseT>,retrofit2.CallAdapter<ResponseT,retrofit2.Call<ResponseT>>,boolean,boolean]",callAdapter,3
/Users/thiago/Documents/Thiago/CodeToAnalyze/retrofit/retrofit/src/main/java/retrofit2/HttpServiceMethod.java,retrofit2.HttpServiceMethod$SuspendForBody,"SuspendForBody/6[retrofit2.RequestFactory,okhttp3.Call.Factory,retrofit2.Converter<retrofit2.ResponseBody,ResponseT>,retrofit2.CallAdapter<ResponseT,retrofit2.Call<ResponseT>>,boolean,boolean]",isNullable,3
/Users/thiago/Documents/Thiago/CodeToAnalyze/retrofit/retrofit/src/main/java/retrofit2/HttpServiceMethod.java,retrofit2.HttpServiceMethod$SuspendForBody,"SuspendForBody/6[retrofit2.RequestFactory,okhttp3.Call.Factory,retrofit2.Converter<retrofit2.ResponseBody,ResponseT>,retrofit2.CallAdapter<ResponseT,retrofit2.Call<ResponseT>>,boolean,boolean]",isUnit,3
/Users/thiago/Documents/Thiago/CodeToAnalyze/retrofit/retrofit/src/main/java/retrofit2/HttpServiceMethod.java,retrofit2.HttpServiceMethod$SuspendForBody,"adapt/2[retrofit2.Call<ResponseT>,java.lang.Object[]]",callAdapter,1
/Users/thiago/Documents/Thiago/CodeToAnalyze/retrofit/retrofit/src/main/java/retrofit2/HttpServiceMethod.java,retrofit2.HttpServiceMethod$SuspendForBody,"adapt/2[retrofit2.Call<ResponseT>,java.lang.Object[]]",isUnit,1
/Users/thiago/Documents/Thiago/CodeToAnalyze/retrofit/retrofit/src/main/java/retrofit2/HttpServiceMethod.java,retrofit2.HttpServiceMethod$SuspendForBody,"adapt/2[retrofit2.Call<ResponseT>,java.lang.Object[]]",isNullable,1
/Users/thiago/Documents/Thiago/CodeToAnalyze/retrofit/retrofit-adapters/rxjava/src/test/java/retrofit2/adapter/rxjava/CompletableThrowingSafeSubscriberTest.java,retrofit2.adapter.rxjava.CompletableThrowingSafeSubscriberTest$ForwardingCompletableObserver,onError/1[java.lang.Throwable],delegate,1
/Users/thiago/Documents/Thiago/CodeToAnalyze/retrofit/retrofit-adapters/rxjava/src/test/java/retrofit2/adapter/rxjava/CompletableThrowingSafeSubscriberTest.java,retrofit2.adapter.rxjava.CompletableThrowingSafeSubscriberTest$ForwardingCompletableObserver,onCompleted/0,delegate,1
/Users/thiago/Documents/Thiago/CodeToAnalyze/retrofit/retrofit-adapters/rxjava/src/test/java/retrofit2/adapter/rxjava/CompletableThrowingSafeSubscriberTest.java,retrofit2.adapter.rxjava.CompletableThrowingSafeSubscriberTest$ForwardingCompletableObserver,ForwardingCompletableObserver/1[retrofit2.adapter.rxjava.RecordingSubscriber<java.lang.Void>],delegate,3
/Users/thiago/Documents/Thiago/CodeToAnalyze/retrofit/retrofit-converters/wire/src/main/java/retrofit2/converter/wire/WireResponseBodyConverter.java,retrofit2.converter.wire.WireResponseBodyConverter,convert/1[retrofit2.converter.wire.ResponseBody],adapter,1
/Users/thiago/Documents/Thiago/CodeToAnalyze/retrofit/retrofit-converters/wire/src/main/java/retrofit2/converter/wire/WireResponseBodyConverter.java,retrofit2.converter.wire.WireResponseBodyConverter,WireResponseBodyConverter/1[retrofit2.converter.wire.ProtoAdapter<T>],adapter,3
/Users/thiago/Documents/Thiago/CodeToAnalyze/retrofit/retrofit-converters/wire/src/main/java/retrofit2/converter/wire/WireConverterFactory.java,retrofit2.converter.wire.WireConverterFactory,WireConverterFactory/1[boolean],streaming,3
/Users/thiago/Documents/Thiago/CodeToAnalyze/retrofit/retrofit-converters/wire/src/main/java/retrofit2/converter/wire/WireConverterFactory.java,retrofit2.converter.wire.WireConverterFactory,"requestBodyConverter/4[java.lang.reflect.Type,java.lang.annotation.Annotation[],java.lang.annotation.Annotation[],retrofit2.Retrofit]",streaming,1
/Users/thiago/Documents/Thiago/CodeToAnalyze/retrofit/retrofit-adapters/rxjava3/src/test/java/retrofit2/adapter/rxjava3/RecordingSubscriber.java,retrofit2.adapter.rxjava3.RecordingSubscriber,RecordingSubscriber/1[long],initialRequest,3
/Users/thiago/Documents/Thiago/CodeToAnalyze/retrofit/retrofit-adapters/rxjava3/src/test/java/retrofit2/adapter/rxjava3/RecordingSubscriber.java,retrofit2.adapter.rxjava3.RecordingSubscriber,request/1[long],subscription,2
/Users/thiago/Documents/Thiago/CodeToAnalyze/retrofit/retrofit-adapters/rxjava3/src/test/java/retrofit2/adapter/rxjava3/RecordingSubscriber.java,retrofit2.adapter.rxjava3.RecordingSubscriber,onComplete/0,events,1
/Users/thiago/Documents/Thiago/CodeToAnalyze/retrofit/retrofit-adapters/rxjava3/src/test/java/retrofit2/adapter/rxjava3/RecordingSubscriber.java,retrofit2.adapter.rxjava3.RecordingSubscriber,takeNotification/0,events,1
/Users/thiago/Documents/Thiago/CodeToAnalyze/retrofit/retrofit-adapters/rxjava3/src/test/java/retrofit2/adapter/rxjava3/RecordingSubscriber.java,retrofit2.adapter.rxjava3.RecordingSubscriber,assertNoEvents/0,events,1
/Users/thiago/Documents/Thiago/CodeToAnalyze/retrofit/retrofit-adapters/rxjava3/src/test/java/retrofit2/adapter/rxjava3/RecordingSubscriber.java,retrofit2.adapter.rxjava3.RecordingSubscriber,onNext/1[T],events,1
/Users/thiago/Documents/Thiago/CodeToAnalyze/retrofit/retrofit-adapters/rxjava3/src/test/java/retrofit2/adapter/rxjava3/RecordingSubscriber.java,retrofit2.adapter.rxjava3.RecordingSubscriber,onSubscribe/1[retrofit2.adapter.rxjava3.Subscription],subscription,4
/Users/thiago/Documents/Thiago/CodeToAnalyze/retrofit/retrofit-adapters/rxjava3/src/test/java/retrofit2/adapter/rxjava3/RecordingSubscriber.java,retrofit2.adapter.rxjava3.RecordingSubscriber,onSubscribe/1[retrofit2.adapter.rxjava3.Subscription],initialRequest,1
/Users/thiago/Documents/Thiago/CodeToAnalyze/retrofit/retrofit-adapters/rxjava3/src/test/java/retrofit2/adapter/rxjava3/RecordingSubscriber.java,retrofit2.adapter.rxjava3.RecordingSubscriber,onError/1[java.lang.Throwable],events,1
/Users/thiago/Documents/Thiago/CodeToAnalyze/retrofit/samples/src/main/java/com/example/retrofit/Crawler.java,com.example.retrofit.Crawler,Crawler/1[com.example.retrofit.Crawler.PageService],pageService,3
/Users/thiago/Documents/Thiago/CodeToAnalyze/retrofit/samples/src/main/java/com/example/retrofit/Crawler.java,com.example.retrofit.Crawler,crawlPage/1[com.example.retrofit.HttpUrl],hostnames,1
/Users/thiago/Documents/Thiago/CodeToAnalyze/retrofit/samples/src/main/java/com/example/retrofit/Crawler.java,com.example.retrofit.Crawler,crawlPage/1[com.example.retrofit.HttpUrl],pageService,1
/Users/thiago/Documents/Thiago/CodeToAnalyze/retrofit/retrofit/src/main/java/retrofit2/HttpServiceMethod.java,retrofit2.HttpServiceMethod$SuspendForResponse,"SuspendForResponse/4[retrofit2.RequestFactory,okhttp3.Call.Factory,retrofit2.Converter<retrofit2.ResponseBody,ResponseT>,retrofit2.CallAdapter<ResponseT,retrofit2.Call<ResponseT>>]",callAdapter,3
/Users/thiago/Documents/Thiago/CodeToAnalyze/retrofit/retrofit/src/main/java/retrofit2/HttpServiceMethod.java,retrofit2.HttpServiceMethod$SuspendForResponse,"adapt/2[retrofit2.Call<ResponseT>,java.lang.Object[]]",callAdapter,1
/Users/thiago/Documents/Thiago/CodeToAnalyze/retrofit/retrofit/test-helpers/src/main/java/retrofit2/helpers/NonMatchingCallAdapterFactory.java,retrofit2.helpers.NonMatchingCallAdapterFactory,"get/3[java.lang.reflect.Type,java.lang.annotation.Annotation[],retrofit2.Retrofit]",called,1
/Users/thiago/Documents/Thiago/CodeToAnalyze/retrofit/retrofit-converters/simplexml/src/main/java/retrofit2/converter/simplexml/SimpleXmlRequestBodyConverter.java,retrofit2.converter.simplexml.SimpleXmlRequestBodyConverter,SimpleXmlRequestBodyConverter/1[retrofit2.converter.simplexml.Serializer],serializer,3
/Users/thiago/Documents/Thiago/CodeToAnalyze/retrofit/retrofit-converters/simplexml/src/main/java/retrofit2/converter/simplexml/SimpleXmlRequestBodyConverter.java,retrofit2.converter.simplexml.SimpleXmlRequestBodyConverter,convert/1[T],CHARSET,1
/Users/thiago/Documents/Thiago/CodeToAnalyze/retrofit/retrofit-converters/simplexml/src/main/java/retrofit2/converter/simplexml/SimpleXmlRequestBodyConverter.java,retrofit2.converter.simplexml.SimpleXmlRequestBodyConverter,convert/1[T],MEDIA_TYPE,1
/Users/thiago/Documents/Thiago/CodeToAnalyze/retrofit/retrofit-converters/simplexml/src/main/java/retrofit2/converter/simplexml/SimpleXmlRequestBodyConverter.java,retrofit2.converter.simplexml.SimpleXmlRequestBodyConverter,convert/1[T],serializer,1
/Users/thiago/Documents/Thiago/CodeToAnalyze/retrofit/retrofit-adapters/rxjava/src/test/java/retrofit2/adapter/rxjava/AsyncTest.java,retrofit2.adapter.rxjava.AsyncTest,bodyThrowingInOnSafeSubscriberErrorDeliveredToPlugin/0,server,1
/Users/thiago/Documents/Thiago/CodeToAnalyze/retrofit/retrofit-adapters/rxjava/src/test/java/retrofit2/adapter/rxjava/AsyncTest.java,retrofit2.adapter.rxjava.AsyncTest,bodyThrowingInOnSafeSubscriberErrorDeliveredToPlugin/0,service,1
/Users/thiago/Documents/Thiago/CodeToAnalyze/retrofit/retrofit-adapters/rxjava/src/test/java/retrofit2/adapter/rxjava/AsyncTest.java,retrofit2.adapter.rxjava.AsyncTest,bodyThrowingInOnErrorDeliveredToPlugin/0,server,1
/Users/thiago/Documents/Thiago/CodeToAnalyze/retrofit/retrofit-adapters/rxjava/src/test/java/retrofit2/adapter/rxjava/AsyncTest.java,retrofit2.adapter.rxjava.AsyncTest,bodyThrowingInOnErrorDeliveredToPlugin/0,service,1
/Users/thiago/Documents/Thiago/CodeToAnalyze/retrofit/retrofit-adapters/rxjava/src/test/java/retrofit2/adapter/rxjava/AsyncTest.java,retrofit2.adapter.rxjava.AsyncTest,failure/0,server,1
/Users/thiago/Documents/Thiago/CodeToAnalyze/retrofit/retrofit-adapters/rxjava/src/test/java/retrofit2/adapter/rxjava/AsyncTest.java,retrofit2.adapter.rxjava.AsyncTest,failure/0,service,1
/Users/thiago/Documents/Thiago/CodeToAnalyze/retrofit/retrofit-adapters/rxjava/src/test/java/retrofit2/adapter/rxjava/AsyncTest.java,retrofit2.adapter.rxjava.AsyncTest,throwingInOnCompleteDeliveredToPlugin/0,server,1
/Users/thiago/Documents/Thiago/CodeToAnalyze/retrofit/retrofit-adapters/rxjava/src/test/java/retrofit2/adapter/rxjava/AsyncTest.java,retrofit2.adapter.rxjava.AsyncTest,throwingInOnCompleteDeliveredToPlugin/0,service,1
/Users/thiago/Documents/Thiago/CodeToAnalyze/retrofit/retrofit-adapters/rxjava/src/test/java/retrofit2/adapter/rxjava/AsyncTest.java,retrofit2.adapter.rxjava.AsyncTest,setUp/0,server,1
/Users/thiago/Documents/Thiago/CodeToAnalyze/retrofit/retrofit-adapters/rxjava/src/test/java/retrofit2/adapter/rxjava/AsyncTest.java,retrofit2.adapter.rxjava.AsyncTest,setUp/0,service,1
/Users/thiago/Documents/Thiago/CodeToAnalyze/retrofit/retrofit-adapters/rxjava/src/test/java/retrofit2/adapter/rxjava/AsyncTest.java,retrofit2.adapter.rxjava.AsyncTest,success/0,server,1
/Users/thiago/Documents/Thiago/CodeToAnalyze/retrofit/retrofit-adapters/rxjava/src/test/java/retrofit2/adapter/rxjava/AsyncTest.java,retrofit2.adapter.rxjava.AsyncTest,success/0,service,1
/Users/thiago/Documents/Thiago/CodeToAnalyze/retrofit/retrofit/src/main/java/retrofit2/RequestFactory.java,retrofit2.RequestFactory$Builder,"validateResolvableType/2[int,java.lang.reflect.Type]",method,1
/Users/thiago/Documents/Thiago/CodeToAnalyze/retrofit/retrofit/src/main/java/retrofit2/RequestFactory.java,retrofit2.RequestFactory$Builder,build/0,gotBody,1
/Users/thiago/Documents/Thiago/CodeToAnalyze/retrofit/retrofit/src/main/java/retrofit2/RequestFactory.java,retrofit2.RequestFactory$Builder,build/0,parameterAnnotationsArray,1
/Users/thiago/Documents/Thiago/CodeToAnalyze/retrofit/retrofit/src/main/java/retrofit2/RequestFactory.java,retrofit2.RequestFactory$Builder,build/0,method,7
/Users/thiago/Documents/Thiago/CodeToAnalyze/retrofit/retrofit/src/main/java/retrofit2/RequestFactory.java,retrofit2.RequestFactory$Builder,build/0,parameterTypes,1
/Users/thiago/Documents/Thiago/CodeToAnalyze/retrofit/retrofit/src/main/java/retrofit2/RequestFactory.java,retrofit2.RequestFactory$Builder,build/0,gotField,1
/Users/thiago/Documents/Thiago/CodeToAnalyze/retrofit/retrofit/src/main/java/retrofit2/RequestFactory.java,retrofit2.RequestFactory$Builder,build/0,gotPart,1
/Users/thiago/Documents/Thiago/CodeToAnalyze/retrofit/retrofit/src/main/java/retrofit2/RequestFactory.java,retrofit2.RequestFactory$Builder,build/0,httpMethod,2
/Users/thiago/Documents/Thiago/CodeToAnalyze/retrofit/retrofit/src/main/java/retrofit2/RequestFactory.java,retrofit2.RequestFactory$Builder,build/0,relativeUrl,1
/Users/thiago/Documents/Thiago/CodeToAnalyze/retrofit/retrofit/src/main/java/retrofit2/RequestFactory.java,retrofit2.RequestFactory$Builder,build/0,isFormEncoded,3
/Users/thiago/Documents/Thiago/CodeToAnalyze/retrofit/retrofit/src/main/java/retrofit2/RequestFactory.java,retrofit2.RequestFactory$Builder,build/0,parameterHandlers,2
/Users/thiago/Documents/Thiago/CodeToAnalyze/retrofit/retrofit/src/main/java/retrofit2/RequestFactory.java,retrofit2.RequestFactory$Builder,build/0,methodAnnotations,1
/Users/thiago/Documents/Thiago/CodeToAnalyze/retrofit/retrofit/src/main/java/retrofit2/RequestFactory.java,retrofit2.RequestFactory$Builder,build/0,gotUrl,1
/Users/thiago/Documents/Thiago/CodeToAnalyze/retrofit/retrofit/src/main/java/retrofit2/RequestFactory.java,retrofit2.RequestFactory$Builder,build/0,isMultipart,3
/Users/thiago/Documents/Thiago/CodeToAnalyze/retrofit/retrofit/src/main/java/retrofit2/RequestFactory.java,retrofit2.RequestFactory$Builder,build/0,hasBody,2
/Users/thiago/Documents/Thiago/CodeToAnalyze/retrofit/retrofit/src/main/java/retrofit2/RequestFactory.java,retrofit2.RequestFactory$Builder,"parseParameter/4[int,java.lang.reflect.Type,java.lang.annotation.Annotation[],boolean]",method,2
/Users/thiago/Documents/Thiago/CodeToAnalyze/retrofit/retrofit/src/main/java/retrofit2/RequestFactory.java,retrofit2.RequestFactory$Builder,"parseParameter/4[int,java.lang.reflect.Type,java.lang.annotation.Annotation[],boolean]",isKotlinSuspendFunction,1
/Users/thiago/Documents/Thiago/CodeToAnalyze/retrofit/retrofit/src/main/java/retrofit2/RequestFactory.java,retrofit2.RequestFactory$Builder,parseMethodAnnotation/1[java.lang.annotation.Annotation],headers,1
/Users/thiago/Documents/Thiago/CodeToAnalyze/retrofit/retrofit/src/main/java/retrofit2/RequestFactory.java,retrofit2.RequestFactory$Builder,parseMethodAnnotation/1[java.lang.annotation.Annotation],method,4
/Users/thiago/Documents/Thiago/CodeToAnalyze/retrofit/retrofit/src/main/java/retrofit2/RequestFactory.java,retrofit2.RequestFactory$Builder,parseMethodAnnotation/1[java.lang.annotation.Annotation],isMultipart,2
/Users/thiago/Documents/Thiago/CodeToAnalyze/retrofit/retrofit/src/main/java/retrofit2/RequestFactory.java,retrofit2.RequestFactory$Builder,parseMethodAnnotation/1[java.lang.annotation.Annotation],hasBody,1
/Users/thiago/Documents/Thiago/CodeToAnalyze/retrofit/retrofit/src/main/java/retrofit2/RequestFactory.java,retrofit2.RequestFactory$Builder,parseMethodAnnotation/1[java.lang.annotation.Annotation],isFormEncoded,2
/Users/thiago/Documents/Thiago/CodeToAnalyze/retrofit/retrofit/src/main/java/retrofit2/RequestFactory.java,retrofit2.RequestFactory$Builder,"parseParameterAnnotation/4[int,java.lang.reflect.Type,java.lang.annotation.Annotation[],java.lang.annotation.Annotation]",gotBody,2
/Users/thiago/Documents/Thiago/CodeToAnalyze/retrofit/retrofit/src/main/java/retrofit2/RequestFactory.java,retrofit2.RequestFactory$Builder,"parseParameterAnnotation/4[int,java.lang.reflect.Type,java.lang.annotation.Annotation[],java.lang.annotation.Annotation]",gotQueryName,3
/Users/thiago/Documents/Thiago/CodeToAnalyze/retrofit/retrofit/src/main/java/retrofit2/RequestFactory.java,retrofit2.RequestFactory$Builder,"parseParameterAnnotation/4[int,java.lang.reflect.Type,java.lang.annotation.Annotation[],java.lang.annotation.Annotation]",method,57
/Users/thiago/Documents/Thiago/CodeToAnalyze/retrofit/retrofit/src/main/java/retrofit2/RequestFactory.java,retrofit2.RequestFactory$Builder,"parseParameterAnnotation/4[int,java.lang.reflect.Type,java.lang.annotation.Annotation[],java.lang.annotation.Annotation]",gotField,2
/Users/thiago/Documents/Thiago/CodeToAnalyze/retrofit/retrofit/src/main/java/retrofit2/RequestFactory.java,retrofit2.RequestFactory$Builder,"parseParameterAnnotation/4[int,java.lang.reflect.Type,java.lang.annotation.Annotation[],java.lang.annotation.Annotation]",gotPath,2
/Users/thiago/Documents/Thiago/CodeToAnalyze/retrofit/retrofit/src/main/java/retrofit2/RequestFactory.java,retrofit2.RequestFactory$Builder,"parseParameterAnnotation/4[int,java.lang.reflect.Type,java.lang.annotation.Annotation[],java.lang.annotation.Annotation]",gotPart,2
/Users/thiago/Documents/Thiago/CodeToAnalyze/retrofit/retrofit/src/main/java/retrofit2/RequestFactory.java,retrofit2.RequestFactory$Builder,"parseParameterAnnotation/4[int,java.lang.reflect.Type,java.lang.annotation.Annotation[],java.lang.annotation.Annotation]",relativeUrl,2
/Users/thiago/Documents/Thiago/CodeToAnalyze/retrofit/retrofit/src/main/java/retrofit2/RequestFactory.java,retrofit2.RequestFactory$Builder,"parseParameterAnnotation/4[int,java.lang.reflect.Type,java.lang.annotation.Annotation[],java.lang.annotation.Annotation]",httpMethod,2
/Users/thiago/Documents/Thiago/CodeToAnalyze/retrofit/retrofit/src/main/java/retrofit2/RequestFactory.java,retrofit2.RequestFactory$Builder,"parseParameterAnnotation/4[int,java.lang.reflect.Type,java.lang.annotation.Annotation[],java.lang.annotation.Annotation]",gotQueryMap,3
/Users/thiago/Documents/Thiago/CodeToAnalyze/retrofit/retrofit/src/main/java/retrofit2/RequestFactory.java,retrofit2.RequestFactory$Builder,"parseParameterAnnotation/4[int,java.lang.reflect.Type,java.lang.annotation.Annotation[],java.lang.annotation.Annotation]",isFormEncoded,3
/Users/thiago/Documents/Thiago/CodeToAnalyze/retrofit/retrofit/src/main/java/retrofit2/RequestFactory.java,retrofit2.RequestFactory$Builder,"parseParameterAnnotation/4[int,java.lang.reflect.Type,java.lang.annotation.Annotation[],java.lang.annotation.Annotation]",parameterHandlers,1
/Users/thiago/Documents/Thiago/CodeToAnalyze/retrofit/retrofit/src/main/java/retrofit2/RequestFactory.java,retrofit2.RequestFactory$Builder,"parseParameterAnnotation/4[int,java.lang.reflect.Type,java.lang.annotation.Annotation[],java.lang.annotation.Annotation]",methodAnnotations,5
/Users/thiago/Documents/Thiago/CodeToAnalyze/retrofit/retrofit/src/main/java/retrofit2/RequestFactory.java,retrofit2.RequestFactory$Builder,"parseParameterAnnotation/4[int,java.lang.reflect.Type,java.lang.annotation.Annotation[],java.lang.annotation.Annotation]",retrofit,21
/Users/thiago/Documents/Thiago/CodeToAnalyze/retrofit/retrofit/src/main/java/retrofit2/RequestFactory.java,retrofit2.RequestFactory$Builder,"parseParameterAnnotation/4[int,java.lang.reflect.Type,java.lang.annotation.Annotation[],java.lang.annotation.Annotation]",gotUrl,3
/Users/thiago/Documents/Thiago/CodeToAnalyze/retrofit/retrofit/src/main/java/retrofit2/RequestFactory.java,retrofit2.RequestFactory$Builder,"parseParameterAnnotation/4[int,java.lang.reflect.Type,java.lang.annotation.Annotation[],java.lang.annotation.Annotation]",gotQuery,3
/Users/thiago/Documents/Thiago/CodeToAnalyze/retrofit/retrofit/src/main/java/retrofit2/RequestFactory.java,retrofit2.RequestFactory$Builder,"parseParameterAnnotation/4[int,java.lang.reflect.Type,java.lang.annotation.Annotation[],java.lang.annotation.Annotation]",isMultipart,3
/Users/thiago/Documents/Thiago/CodeToAnalyze/retrofit/retrofit/src/main/java/retrofit2/RequestFactory.java,retrofit2.RequestFactory$Builder,"Builder/3[retrofit2.Retrofit,java.lang.Class<?>,java.lang.reflect.Method]",parameterAnnotationsArray,1
/Users/thiago/Documents/Thiago/CodeToAnalyze/retrofit/retrofit/src/main/java/retrofit2/RequestFactory.java,retrofit2.RequestFactory$Builder,"Builder/3[retrofit2.Retrofit,java.lang.Class<?>,java.lang.reflect.Method]",methodAnnotations,1
/Users/thiago/Documents/Thiago/CodeToAnalyze/retrofit/retrofit/src/main/java/retrofit2/RequestFactory.java,retrofit2.RequestFactory$Builder,"Builder/3[retrofit2.Retrofit,java.lang.Class<?>,java.lang.reflect.Method]",retrofit,3
/Users/thiago/Documents/Thiago/CodeToAnalyze/retrofit/retrofit/src/main/java/retrofit2/RequestFactory.java,retrofit2.RequestFactory$Builder,"Builder/3[retrofit2.Retrofit,java.lang.Class<?>,java.lang.reflect.Method]",method,6
/Users/thiago/Documents/Thiago/CodeToAnalyze/retrofit/retrofit/src/main/java/retrofit2/RequestFactory.java,retrofit2.RequestFactory$Builder,"Builder/3[retrofit2.Retrofit,java.lang.Class<?>,java.lang.reflect.Method]",parameterTypes,1
/Users/thiago/Documents/Thiago/CodeToAnalyze/retrofit/retrofit/src/main/java/retrofit2/RequestFactory.java,retrofit2.RequestFactory$Builder,"Builder/3[retrofit2.Retrofit,java.lang.Class<?>,java.lang.reflect.Method]",service,3
/Users/thiago/Documents/Thiago/CodeToAnalyze/retrofit/retrofit/src/main/java/retrofit2/RequestFactory.java,retrofit2.RequestFactory$Builder,"validatePathName/2[int,java.lang.String]",PARAM_NAME_REGEX,1
/Users/thiago/Documents/Thiago/CodeToAnalyze/retrofit/retrofit/src/main/java/retrofit2/RequestFactory.java,retrofit2.RequestFactory$Builder,"validatePathName/2[int,java.lang.String]",method,2
/Users/thiago/Documents/Thiago/CodeToAnalyze/retrofit/retrofit/src/main/java/retrofit2/RequestFactory.java,retrofit2.RequestFactory$Builder,"validatePathName/2[int,java.lang.String]",PARAM_URL_REGEX,1
/Users/thiago/Documents/Thiago/CodeToAnalyze/retrofit/retrofit/src/main/java/retrofit2/RequestFactory.java,retrofit2.RequestFactory$Builder,"validatePathName/2[int,java.lang.String]",relativeUrlParamNames,1
/Users/thiago/Documents/Thiago/CodeToAnalyze/retrofit/retrofit/src/main/java/retrofit2/RequestFactory.java,retrofit2.RequestFactory$Builder,"validatePathName/2[int,java.lang.String]",relativeUrl,1
/Users/thiago/Documents/Thiago/CodeToAnalyze/retrofit/retrofit/src/main/java/retrofit2/RequestFactory.java,retrofit2.RequestFactory$Builder,"parseHeaders/2[java.lang.String[],boolean]",headers,2
/Users/thiago/Documents/Thiago/CodeToAnalyze/retrofit/retrofit/src/main/java/retrofit2/RequestFactory.java,retrofit2.RequestFactory$Builder,"parseHeaders/2[java.lang.String[],boolean]",method,2
/Users/thiago/Documents/Thiago/CodeToAnalyze/retrofit/retrofit/src/main/java/retrofit2/RequestFactory.java,retrofit2.RequestFactory$Builder,"parseHeaders/2[java.lang.String[],boolean]",contentType,1
/Users/thiago/Documents/Thiago/CodeToAnalyze/retrofit/retrofit/src/main/java/retrofit2/RequestFactory.java,retrofit2.RequestFactory$Builder,parsePathParameters/1[java.lang.String],PARAM_URL_REGEX,1
/Users/thiago/Documents/Thiago/CodeToAnalyze/retrofit/retrofit/src/main/java/retrofit2/RequestFactory.java,retrofit2.RequestFactory$Builder,"parseHttpMethodAndPath/3[java.lang.String,java.lang.String,boolean]",method,2
/Users/thiago/Documents/Thiago/CodeToAnalyze/retrofit/retrofit/src/main/java/retrofit2/RequestFactory.java,retrofit2.RequestFactory$Builder,"parseHttpMethodAndPath/3[java.lang.String,java.lang.String,boolean]",PARAM_URL_REGEX,1
/Users/thiago/Documents/Thiago/CodeToAnalyze/retrofit/retrofit/src/main/java/retrofit2/RequestFactory.java,retrofit2.RequestFactory$Builder,"parseHttpMethodAndPath/3[java.lang.String,java.lang.String,boolean]",relativeUrlParamNames,1
/Users/thiago/Documents/Thiago/CodeToAnalyze/retrofit/retrofit/src/main/java/retrofit2/RequestFactory.java,retrofit2.RequestFactory$Builder,"parseHttpMethodAndPath/3[java.lang.String,java.lang.String,boolean]",httpMethod,6
/Users/thiago/Documents/Thiago/CodeToAnalyze/retrofit/retrofit/src/main/java/retrofit2/RequestFactory.java,retrofit2.RequestFactory$Builder,"parseHttpMethodAndPath/3[java.lang.String,java.lang.String,boolean]",relativeUrl,1
/Users/thiago/Documents/Thiago/CodeToAnalyze/retrofit/retrofit/src/main/java/retrofit2/RequestFactory.java,retrofit2.RequestFactory$Builder,"parseHttpMethodAndPath/3[java.lang.String,java.lang.String,boolean]",hasBody,3
/Users/thiago/Documents/Thiago/CodeToAnalyze/retrofit/retrofit/src/main/java/retrofit2/ParameterHandler.java,retrofit2.ParameterHandler$Tag,Tag/1[java.lang.Class<T>],cls,3
/Users/thiago/Documents/Thiago/CodeToAnalyze/retrofit/retrofit/src/main/java/retrofit2/ParameterHandler.java,retrofit2.ParameterHandler$Tag,"apply/2[retrofit2.RequestBuilder,T]",cls,1
/Users/thiago/Documents/Thiago/CodeToAnalyze/retrofit/samples/src/main/java/com/example/retrofit/ChunkingConverter.java,com.example.retrofit.ChunkingConverter$Repo,"Repo/2[java.lang.String,java.lang.String]",owner,3
/Users/thiago/Documents/Thiago/CodeToAnalyze/retrofit/samples/src/main/java/com/example/retrofit/ChunkingConverter.java,com.example.retrofit.ChunkingConverter$Repo,"Repo/2[java.lang.String,java.lang.String]",name,3
/Users/thiago/Documents/Thiago/CodeToAnalyze/retrofit/retrofit-mock/src/test/java/retrofit2/mock/BehaviorDelegateTest.java,retrofit2.mock.BehaviorDelegateTest,syncCanBeCanceled/0,service,1
/Users/thiago/Documents/Thiago/CodeToAnalyze/retrofit/retrofit-mock/src/test/java/retrofit2/mock/BehaviorDelegateTest.java,retrofit2.mock.BehaviorDelegateTest,syncCanBeCanceled/0,behavior,3
/Users/thiago/Documents/Thiago/CodeToAnalyze/retrofit/retrofit-mock/src/test/java/retrofit2/mock/BehaviorDelegateTest.java,retrofit2.mock.BehaviorDelegateTest,asyncSuccessCalledAfterDelay/0,service,1
/Users/thiago/Documents/Thiago/CodeToAnalyze/retrofit/retrofit-mock/src/test/java/retrofit2/mock/BehaviorDelegateTest.java,retrofit2.mock.BehaviorDelegateTest,asyncSuccessCalledAfterDelay/0,behavior,3
/Users/thiago/Documents/Thiago/CodeToAnalyze/retrofit/retrofit-mock/src/test/java/retrofit2/mock/BehaviorDelegateTest.java,retrofit2.mock.BehaviorDelegateTest,setUp/0,service,1
/Users/thiago/Documents/Thiago/CodeToAnalyze/retrofit/retrofit-mock/src/test/java/retrofit2/mock/BehaviorDelegateTest.java,retrofit2.mock.BehaviorDelegateTest,setUp/0,behavior,1
/Users/thiago/Documents/Thiago/CodeToAnalyze/retrofit/retrofit-mock/src/test/java/retrofit2/mock/BehaviorDelegateTest.java,retrofit2.mock.BehaviorDelegateTest,syncCanceledBeforeStart/0,service,1
/Users/thiago/Documents/Thiago/CodeToAnalyze/retrofit/retrofit-mock/src/test/java/retrofit2/mock/BehaviorDelegateTest.java,retrofit2.mock.BehaviorDelegateTest,syncCanceledBeforeStart/0,behavior,3
/Users/thiago/Documents/Thiago/CodeToAnalyze/retrofit/retrofit-mock/src/test/java/retrofit2/mock/BehaviorDelegateTest.java,retrofit2.mock.BehaviorDelegateTest,syncFailureThrownAfterDelay/0,mockFailure,1
/Users/thiago/Documents/Thiago/CodeToAnalyze/retrofit/retrofit-mock/src/test/java/retrofit2/mock/BehaviorDelegateTest.java,retrofit2.mock.BehaviorDelegateTest,syncFailureThrownAfterDelay/0,service,1
/Users/thiago/Documents/Thiago/CodeToAnalyze/retrofit/retrofit-mock/src/test/java/retrofit2/mock/BehaviorDelegateTest.java,retrofit2.mock.BehaviorDelegateTest,syncFailureThrownAfterDelay/0,behavior,3
/Users/thiago/Documents/Thiago/CodeToAnalyze/retrofit/retrofit-mock/src/test/java/retrofit2/mock/BehaviorDelegateTest.java,retrofit2.mock.BehaviorDelegateTest,asyncFailureCalledAfterDelay/0,mockFailure,1
/Users/thiago/Documents/Thiago/CodeToAnalyze/retrofit/retrofit-mock/src/test/java/retrofit2/mock/BehaviorDelegateTest.java,retrofit2.mock.BehaviorDelegateTest,asyncFailureCalledAfterDelay/0,service,1
/Users/thiago/Documents/Thiago/CodeToAnalyze/retrofit/retrofit-mock/src/test/java/retrofit2/mock/BehaviorDelegateTest.java,retrofit2.mock.BehaviorDelegateTest,asyncFailureCalledAfterDelay/0,behavior,3
/Users/thiago/Documents/Thiago/CodeToAnalyze/retrofit/retrofit-mock/src/test/java/retrofit2/mock/BehaviorDelegateTest.java,retrofit2.mock.BehaviorDelegateTest,syncFailureThrowsAfterDelay/0,service,1
/Users/thiago/Documents/Thiago/CodeToAnalyze/retrofit/retrofit-mock/src/test/java/retrofit2/mock/BehaviorDelegateTest.java,retrofit2.mock.BehaviorDelegateTest,syncFailureThrowsAfterDelay/0,behavior,4
/Users/thiago/Documents/Thiago/CodeToAnalyze/retrofit/retrofit-mock/src/test/java/retrofit2/mock/BehaviorDelegateTest.java,retrofit2.mock.BehaviorDelegateTest,syncSuccessReturnsAfterDelay/0,service,1
/Users/thiago/Documents/Thiago/CodeToAnalyze/retrofit/retrofit-mock/src/test/java/retrofit2/mock/BehaviorDelegateTest.java,retrofit2.mock.BehaviorDelegateTest,syncSuccessReturnsAfterDelay/0,behavior,3
/Users/thiago/Documents/Thiago/CodeToAnalyze/retrofit/retrofit-mock/src/test/java/retrofit2/mock/BehaviorDelegateTest.java,retrofit2.mock.BehaviorDelegateTest,asyncCanBeCanceledBeforeStart/0,service,1
/Users/thiago/Documents/Thiago/CodeToAnalyze/retrofit/retrofit-mock/src/test/java/retrofit2/mock/BehaviorDelegateTest.java,retrofit2.mock.BehaviorDelegateTest,asyncCanBeCanceledBeforeStart/0,behavior,3
/Users/thiago/Documents/Thiago/CodeToAnalyze/retrofit/retrofit-mock/src/test/java/retrofit2/mock/BehaviorDelegateTest.java,retrofit2.mock.BehaviorDelegateTest,asyncFailureTriggersFailureAfterDelay/0,service,1
/Users/thiago/Documents/Thiago/CodeToAnalyze/retrofit/retrofit-mock/src/test/java/retrofit2/mock/BehaviorDelegateTest.java,retrofit2.mock.BehaviorDelegateTest,asyncFailureTriggersFailureAfterDelay/0,behavior,4
/Users/thiago/Documents/Thiago/CodeToAnalyze/retrofit/retrofit-mock/src/test/java/retrofit2/mock/BehaviorDelegateTest.java,retrofit2.mock.BehaviorDelegateTest,asyncCanBeCanceled/0,service,1
/Users/thiago/Documents/Thiago/CodeToAnalyze/retrofit/retrofit-mock/src/test/java/retrofit2/mock/BehaviorDelegateTest.java,retrofit2.mock.BehaviorDelegateTest,asyncCanBeCanceled/0,behavior,3
/Users/thiago/Documents/Thiago/CodeToAnalyze/retrofit/retrofit-converters/moshi/src/test/java/retrofit2/converter/moshi/MoshiConverterFactoryTest.java,retrofit2.converter.moshi.MoshiConverterFactoryTest$AnImplementation,AnImplementation/1[java.lang.String],theName,1
/Users/thiago/Documents/Thiago/CodeToAnalyze/retrofit/retrofit-converters/moshi/src/test/java/retrofit2/converter/moshi/MoshiConverterFactoryTest.java,retrofit2.converter.moshi.MoshiConverterFactoryTest$AnImplementation,getName/0,theName,1
/Users/thiago/Documents/Thiago/CodeToAnalyze/retrofit/retrofit-adapters/rxjava2/src/test/java/retrofit2/adapter/rxjava2/SingleWithSchedulerTest.java,retrofit2.adapter.rxjava2.SingleWithSchedulerTest,responseUsesScheduler/0,scheduler,1
/Users/thiago/Documents/Thiago/CodeToAnalyze/retrofit/retrofit-adapters/rxjava2/src/test/java/retrofit2/adapter/rxjava2/SingleWithSchedulerTest.java,retrofit2.adapter.rxjava2.SingleWithSchedulerTest,responseUsesScheduler/0,server,1
/Users/thiago/Documents/Thiago/CodeToAnalyze/retrofit/retrofit-adapters/rxjava2/src/test/java/retrofit2/adapter/rxjava2/SingleWithSchedulerTest.java,retrofit2.adapter.rxjava2.SingleWithSchedulerTest,responseUsesScheduler/0,service,1
/Users/thiago/Documents/Thiago/CodeToAnalyze/retrofit/retrofit-adapters/rxjava2/src/test/java/retrofit2/adapter/rxjava2/SingleWithSchedulerTest.java,retrofit2.adapter.rxjava2.SingleWithSchedulerTest,responseUsesScheduler/0,observerRule,1
/Users/thiago/Documents/Thiago/CodeToAnalyze/retrofit/retrofit-adapters/rxjava2/src/test/java/retrofit2/adapter/rxjava2/SingleWithSchedulerTest.java,retrofit2.adapter.rxjava2.SingleWithSchedulerTest,setUp/0,scheduler,1
/Users/thiago/Documents/Thiago/CodeToAnalyze/retrofit/retrofit-adapters/rxjava2/src/test/java/retrofit2/adapter/rxjava2/SingleWithSchedulerTest.java,retrofit2.adapter.rxjava2.SingleWithSchedulerTest,setUp/0,server,1
/Users/thiago/Documents/Thiago/CodeToAnalyze/retrofit/retrofit-adapters/rxjava2/src/test/java/retrofit2/adapter/rxjava2/SingleWithSchedulerTest.java,retrofit2.adapter.rxjava2.SingleWithSchedulerTest,setUp/0,service,1
/Users/thiago/Documents/Thiago/CodeToAnalyze/retrofit/retrofit-adapters/rxjava2/src/test/java/retrofit2/adapter/rxjava2/SingleWithSchedulerTest.java,retrofit2.adapter.rxjava2.SingleWithSchedulerTest,resultUsesScheduler/0,scheduler,1
/Users/thiago/Documents/Thiago/CodeToAnalyze/retrofit/retrofit-adapters/rxjava2/src/test/java/retrofit2/adapter/rxjava2/SingleWithSchedulerTest.java,retrofit2.adapter.rxjava2.SingleWithSchedulerTest,resultUsesScheduler/0,server,1
/Users/thiago/Documents/Thiago/CodeToAnalyze/retrofit/retrofit-adapters/rxjava2/src/test/java/retrofit2/adapter/rxjava2/SingleWithSchedulerTest.java,retrofit2.adapter.rxjava2.SingleWithSchedulerTest,resultUsesScheduler/0,service,1
/Users/thiago/Documents/Thiago/CodeToAnalyze/retrofit/retrofit-adapters/rxjava2/src/test/java/retrofit2/adapter/rxjava2/SingleWithSchedulerTest.java,retrofit2.adapter.rxjava2.SingleWithSchedulerTest,resultUsesScheduler/0,observerRule,1
/Users/thiago/Documents/Thiago/CodeToAnalyze/retrofit/retrofit-adapters/rxjava2/src/test/java/retrofit2/adapter/rxjava2/SingleWithSchedulerTest.java,retrofit2.adapter.rxjava2.SingleWithSchedulerTest,bodyUsesScheduler/0,scheduler,1
/Users/thiago/Documents/Thiago/CodeToAnalyze/retrofit/retrofit-adapters/rxjava2/src/test/java/retrofit2/adapter/rxjava2/SingleWithSchedulerTest.java,retrofit2.adapter.rxjava2.SingleWithSchedulerTest,bodyUsesScheduler/0,server,1
/Users/thiago/Documents/Thiago/CodeToAnalyze/retrofit/retrofit-adapters/rxjava2/src/test/java/retrofit2/adapter/rxjava2/SingleWithSchedulerTest.java,retrofit2.adapter.rxjava2.SingleWithSchedulerTest,bodyUsesScheduler/0,service,1
/Users/thiago/Documents/Thiago/CodeToAnalyze/retrofit/retrofit-adapters/rxjava2/src/test/java/retrofit2/adapter/rxjava2/SingleWithSchedulerTest.java,retrofit2.adapter.rxjava2.SingleWithSchedulerTest,bodyUsesScheduler/0,observerRule,1
/Users/thiago/Documents/Thiago/CodeToAnalyze/retrofit/retrofit-converters/moshi/src/main/java/retrofit2/converter/moshi/MoshiRequestBodyConverter.java,retrofit2.converter.moshi.MoshiRequestBodyConverter,convert/1[T],streaming,1
/Users/thiago/Documents/Thiago/CodeToAnalyze/retrofit/retrofit-converters/moshi/src/main/java/retrofit2/converter/moshi/MoshiRequestBodyConverter.java,retrofit2.converter.moshi.MoshiRequestBodyConverter,convert/1[T],adapter,2
/Users/thiago/Documents/Thiago/CodeToAnalyze/retrofit/retrofit-converters/moshi/src/main/java/retrofit2/converter/moshi/MoshiRequestBodyConverter.java,retrofit2.converter.moshi.MoshiRequestBodyConverter,convert/1[T],MEDIA_TYPE,1
/Users/thiago/Documents/Thiago/CodeToAnalyze/retrofit/retrofit-converters/moshi/src/main/java/retrofit2/converter/moshi/MoshiRequestBodyConverter.java,retrofit2.converter.moshi.MoshiRequestBodyConverter,"MoshiRequestBodyConverter/2[retrofit2.converter.moshi.JsonAdapter<T>,boolean]",streaming,3
/Users/thiago/Documents/Thiago/CodeToAnalyze/retrofit/retrofit-converters/moshi/src/main/java/retrofit2/converter/moshi/MoshiRequestBodyConverter.java,retrofit2.converter.moshi.MoshiRequestBodyConverter,"MoshiRequestBodyConverter/2[retrofit2.converter.moshi.JsonAdapter<T>,boolean]",adapter,3
/Users/thiago/Documents/Thiago/CodeToAnalyze/retrofit/retrofit-mock/src/main/java/retrofit2/mock/MockRetrofit.java,retrofit2.mock.MockRetrofit$Builder,backgroundExecutor/1[java.util.concurrent.ExecutorService],executor,4
/Users/thiago/Documents/Thiago/CodeToAnalyze/retrofit/retrofit-mock/src/main/java/retrofit2/mock/MockRetrofit.java,retrofit2.mock.MockRetrofit$Builder,build/0,retrofit,1
/Users/thiago/Documents/Thiago/CodeToAnalyze/retrofit/retrofit-mock/src/main/java/retrofit2/mock/MockRetrofit.java,retrofit2.mock.MockRetrofit$Builder,build/0,executor,3
/Users/thiago/Documents/Thiago/CodeToAnalyze/retrofit/retrofit-mock/src/main/java/retrofit2/mock/MockRetrofit.java,retrofit2.mock.MockRetrofit$Builder,build/0,behavior,3
/Users/thiago/Documents/Thiago/CodeToAnalyze/retrofit/retrofit-mock/src/main/java/retrofit2/mock/MockRetrofit.java,retrofit2.mock.MockRetrofit$Builder,networkBehavior/1[retrofit2.mock.NetworkBehavior],behavior,4
/Users/thiago/Documents/Thiago/CodeToAnalyze/retrofit/retrofit-mock/src/main/java/retrofit2/mock/MockRetrofit.java,retrofit2.mock.MockRetrofit$Builder,Builder/1[retrofit2.Retrofit],retrofit,4
/Users/thiago/Documents/Thiago/CodeToAnalyze/retrofit/retrofit-adapters/rxjava3/src/test/java/retrofit2/adapter/rxjava3/CompletableThrowingTest.java,retrofit2.adapter.rxjava3.CompletableThrowingTest,throwingInOnCompleteDeliveredToPlugin/0,server,1
/Users/thiago/Documents/Thiago/CodeToAnalyze/retrofit/retrofit-adapters/rxjava3/src/test/java/retrofit2/adapter/rxjava3/CompletableThrowingTest.java,retrofit2.adapter.rxjava3.CompletableThrowingTest,throwingInOnCompleteDeliveredToPlugin/0,service,1
/Users/thiago/Documents/Thiago/CodeToAnalyze/retrofit/retrofit-adapters/rxjava3/src/test/java/retrofit2/adapter/rxjava3/CompletableThrowingTest.java,retrofit2.adapter.rxjava3.CompletableThrowingTest,throwingInOnCompleteDeliveredToPlugin/0,observerRule,1
/Users/thiago/Documents/Thiago/CodeToAnalyze/retrofit/retrofit-adapters/rxjava3/src/test/java/retrofit2/adapter/rxjava3/CompletableThrowingTest.java,retrofit2.adapter.rxjava3.CompletableThrowingTest,setUp/0,server,1
/Users/thiago/Documents/Thiago/CodeToAnalyze/retrofit/retrofit-adapters/rxjava3/src/test/java/retrofit2/adapter/rxjava3/CompletableThrowingTest.java,retrofit2.adapter.rxjava3.CompletableThrowingTest,setUp/0,service,1
/Users/thiago/Documents/Thiago/CodeToAnalyze/retrofit/retrofit-adapters/rxjava3/src/test/java/retrofit2/adapter/rxjava3/CompletableThrowingTest.java,retrofit2.adapter.rxjava3.CompletableThrowingTest,bodyThrowingInOnErrorDeliveredToPlugin/0,server,1
/Users/thiago/Documents/Thiago/CodeToAnalyze/retrofit/retrofit-adapters/rxjava3/src/test/java/retrofit2/adapter/rxjava3/CompletableThrowingTest.java,retrofit2.adapter.rxjava3.CompletableThrowingTest,bodyThrowingInOnErrorDeliveredToPlugin/0,service,1
/Users/thiago/Documents/Thiago/CodeToAnalyze/retrofit/retrofit-adapters/rxjava3/src/test/java/retrofit2/adapter/rxjava3/CompletableThrowingTest.java,retrofit2.adapter.rxjava3.CompletableThrowingTest,bodyThrowingInOnErrorDeliveredToPlugin/0,observerRule,1
/Users/thiago/Documents/Thiago/CodeToAnalyze/retrofit/retrofit-adapters/rxjava/src/test/java/retrofit2/adapter/rxjava/CompletableThrowingSafeSubscriberTest.java,retrofit2.adapter.rxjava.CompletableThrowingSafeSubscriberTest,throwingInOnCompleteDeliveredToPlugin/0,server,1
/Users/thiago/Documents/Thiago/CodeToAnalyze/retrofit/retrofit-adapters/rxjava/src/test/java/retrofit2/adapter/rxjava/CompletableThrowingSafeSubscriberTest.java,retrofit2.adapter.rxjava.CompletableThrowingSafeSubscriberTest,throwingInOnCompleteDeliveredToPlugin/0,subscriberRule,1
/Users/thiago/Documents/Thiago/CodeToAnalyze/retrofit/retrofit-adapters/rxjava/src/test/java/retrofit2/adapter/rxjava/CompletableThrowingSafeSubscriberTest.java,retrofit2.adapter.rxjava.CompletableThrowingSafeSubscriberTest,throwingInOnCompleteDeliveredToPlugin/0,service,1
/Users/thiago/Documents/Thiago/CodeToAnalyze/retrofit/retrofit-adapters/rxjava/src/test/java/retrofit2/adapter/rxjava/CompletableThrowingSafeSubscriberTest.java,retrofit2.adapter.rxjava.CompletableThrowingSafeSubscriberTest,setUp/0,server,1
/Users/thiago/Documents/Thiago/CodeToAnalyze/retrofit/retrofit-adapters/rxjava/src/test/java/retrofit2/adapter/rxjava/CompletableThrowingSafeSubscriberTest.java,retrofit2.adapter.rxjava.CompletableThrowingSafeSubscriberTest,setUp/0,service,1
/Users/thiago/Documents/Thiago/CodeToAnalyze/retrofit/retrofit-adapters/rxjava/src/test/java/retrofit2/adapter/rxjava/CompletableThrowingSafeSubscriberTest.java,retrofit2.adapter.rxjava.CompletableThrowingSafeSubscriberTest,bodyThrowingInOnErrorDeliveredToPlugin/0,server,1
/Users/thiago/Documents/Thiago/CodeToAnalyze/retrofit/retrofit-adapters/rxjava/src/test/java/retrofit2/adapter/rxjava/CompletableThrowingSafeSubscriberTest.java,retrofit2.adapter.rxjava.CompletableThrowingSafeSubscriberTest,bodyThrowingInOnErrorDeliveredToPlugin/0,subscriberRule,1
/Users/thiago/Documents/Thiago/CodeToAnalyze/retrofit/retrofit-adapters/rxjava/src/test/java/retrofit2/adapter/rxjava/CompletableThrowingSafeSubscriberTest.java,retrofit2.adapter.rxjava.CompletableThrowingSafeSubscriberTest,bodyThrowingInOnErrorDeliveredToPlugin/0,service,1
/Users/thiago/Documents/Thiago/CodeToAnalyze/retrofit/retrofit-adapters/rxjava3/src/test/java/retrofit2/adapter/rxjava3/RecordingCompletableObserver.java,retrofit2.adapter.rxjava3.RecordingCompletableObserver,onComplete/0,events,1
/Users/thiago/Documents/Thiago/CodeToAnalyze/retrofit/retrofit-adapters/rxjava3/src/test/java/retrofit2/adapter/rxjava3/RecordingCompletableObserver.java,retrofit2.adapter.rxjava3.RecordingCompletableObserver,assertNoEvents/0,events,1
/Users/thiago/Documents/Thiago/CodeToAnalyze/retrofit/retrofit-adapters/rxjava3/src/test/java/retrofit2/adapter/rxjava3/RecordingCompletableObserver.java,retrofit2.adapter.rxjava3.RecordingCompletableObserver,onError/1[java.lang.Throwable],events,1
/Users/thiago/Documents/Thiago/CodeToAnalyze/retrofit/retrofit-adapters/rxjava3/src/test/java/retrofit2/adapter/rxjava3/RecordingCompletableObserver.java,retrofit2.adapter.rxjava3.RecordingCompletableObserver,takeNotification/0,events,1
/Users/thiago/Documents/Thiago/CodeToAnalyze/retrofit/retrofit-adapters/rxjava/src/test/java/retrofit2/adapter/rxjava/CompletableWithSchedulerTest.java,retrofit2.adapter.rxjava.CompletableWithSchedulerTest,setUp/0,scheduler,1
/Users/thiago/Documents/Thiago/CodeToAnalyze/retrofit/retrofit-adapters/rxjava/src/test/java/retrofit2/adapter/rxjava/CompletableWithSchedulerTest.java,retrofit2.adapter.rxjava.CompletableWithSchedulerTest,setUp/0,server,1
/Users/thiago/Documents/Thiago/CodeToAnalyze/retrofit/retrofit-adapters/rxjava/src/test/java/retrofit2/adapter/rxjava/CompletableWithSchedulerTest.java,retrofit2.adapter.rxjava.CompletableWithSchedulerTest,setUp/0,service,1
/Users/thiago/Documents/Thiago/CodeToAnalyze/retrofit/retrofit-adapters/rxjava/src/test/java/retrofit2/adapter/rxjava/CompletableWithSchedulerTest.java,retrofit2.adapter.rxjava.CompletableWithSchedulerTest,completableUsesScheduler/0,scheduler,1
/Users/thiago/Documents/Thiago/CodeToAnalyze/retrofit/retrofit-adapters/rxjava/src/test/java/retrofit2/adapter/rxjava/CompletableWithSchedulerTest.java,retrofit2.adapter.rxjava.CompletableWithSchedulerTest,completableUsesScheduler/0,server,1
/Users/thiago/Documents/Thiago/CodeToAnalyze/retrofit/retrofit-adapters/rxjava/src/test/java/retrofit2/adapter/rxjava/CompletableWithSchedulerTest.java,retrofit2.adapter.rxjava.CompletableWithSchedulerTest,completableUsesScheduler/0,subscriberRule,1
/Users/thiago/Documents/Thiago/CodeToAnalyze/retrofit/retrofit-adapters/rxjava/src/test/java/retrofit2/adapter/rxjava/CompletableWithSchedulerTest.java,retrofit2.adapter.rxjava.CompletableWithSchedulerTest,completableUsesScheduler/0,service,1
/Users/thiago/Documents/Thiago/CodeToAnalyze/retrofit/retrofit-adapters/rxjava2/src/test/java/retrofit2/adapter/rxjava2/RecordingSubscriber.java,retrofit2.adapter.rxjava2.RecordingSubscriber,onSubscribe/1[retrofit2.adapter.rxjava2.Subscription],subscription,4
/Users/thiago/Documents/Thiago/CodeToAnalyze/retrofit/retrofit-adapters/rxjava2/src/test/java/retrofit2/adapter/rxjava2/RecordingSubscriber.java,retrofit2.adapter.rxjava2.RecordingSubscriber,onSubscribe/1[retrofit2.adapter.rxjava2.Subscription],initialRequest,1
/Users/thiago/Documents/Thiago/CodeToAnalyze/retrofit/retrofit-adapters/rxjava2/src/test/java/retrofit2/adapter/rxjava2/RecordingSubscriber.java,retrofit2.adapter.rxjava2.RecordingSubscriber,request/1[long],subscription,2
/Users/thiago/Documents/Thiago/CodeToAnalyze/retrofit/retrofit-adapters/rxjava2/src/test/java/retrofit2/adapter/rxjava2/RecordingSubscriber.java,retrofit2.adapter.rxjava2.RecordingSubscriber,RecordingSubscriber/1[long],initialRequest,3
/Users/thiago/Documents/Thiago/CodeToAnalyze/retrofit/retrofit-adapters/rxjava2/src/test/java/retrofit2/adapter/rxjava2/RecordingSubscriber.java,retrofit2.adapter.rxjava2.RecordingSubscriber,onComplete/0,events,1
/Users/thiago/Documents/Thiago/CodeToAnalyze/retrofit/retrofit-adapters/rxjava2/src/test/java/retrofit2/adapter/rxjava2/RecordingSubscriber.java,retrofit2.adapter.rxjava2.RecordingSubscriber,assertNoEvents/0,events,1
/Users/thiago/Documents/Thiago/CodeToAnalyze/retrofit/retrofit-adapters/rxjava2/src/test/java/retrofit2/adapter/rxjava2/RecordingSubscriber.java,retrofit2.adapter.rxjava2.RecordingSubscriber,takeNotification/0,events,1
/Users/thiago/Documents/Thiago/CodeToAnalyze/retrofit/retrofit-adapters/rxjava2/src/test/java/retrofit2/adapter/rxjava2/RecordingSubscriber.java,retrofit2.adapter.rxjava2.RecordingSubscriber,onNext/1[T],events,1
/Users/thiago/Documents/Thiago/CodeToAnalyze/retrofit/retrofit-adapters/rxjava2/src/test/java/retrofit2/adapter/rxjava2/RecordingSubscriber.java,retrofit2.adapter.rxjava2.RecordingSubscriber,onError/1[java.lang.Throwable],events,1
/Users/thiago/Documents/Thiago/CodeToAnalyze/retrofit/retrofit-adapters/rxjava3/src/test/java/retrofit2/adapter/rxjava3/CompletableWithSchedulerTest.java,retrofit2.adapter.rxjava3.CompletableWithSchedulerTest,completableUsesScheduler/0,scheduler,1
/Users/thiago/Documents/Thiago/CodeToAnalyze/retrofit/retrofit-adapters/rxjava3/src/test/java/retrofit2/adapter/rxjava3/CompletableWithSchedulerTest.java,retrofit2.adapter.rxjava3.CompletableWithSchedulerTest,completableUsesScheduler/0,server,1
/Users/thiago/Documents/Thiago/CodeToAnalyze/retrofit/retrofit-adapters/rxjava3/src/test/java/retrofit2/adapter/rxjava3/CompletableWithSchedulerTest.java,retrofit2.adapter.rxjava3.CompletableWithSchedulerTest,completableUsesScheduler/0,service,1
/Users/thiago/Documents/Thiago/CodeToAnalyze/retrofit/retrofit-adapters/rxjava3/src/test/java/retrofit2/adapter/rxjava3/CompletableWithSchedulerTest.java,retrofit2.adapter.rxjava3.CompletableWithSchedulerTest,completableUsesScheduler/0,observerRule,1
/Users/thiago/Documents/Thiago/CodeToAnalyze/retrofit/retrofit-adapters/rxjava3/src/test/java/retrofit2/adapter/rxjava3/CompletableWithSchedulerTest.java,retrofit2.adapter.rxjava3.CompletableWithSchedulerTest,setUp/0,scheduler,1
/Users/thiago/Documents/Thiago/CodeToAnalyze/retrofit/retrofit-adapters/rxjava3/src/test/java/retrofit2/adapter/rxjava3/CompletableWithSchedulerTest.java,retrofit2.adapter.rxjava3.CompletableWithSchedulerTest,setUp/0,server,1
/Users/thiago/Documents/Thiago/CodeToAnalyze/retrofit/retrofit-adapters/rxjava3/src/test/java/retrofit2/adapter/rxjava3/CompletableWithSchedulerTest.java,retrofit2.adapter.rxjava3.CompletableWithSchedulerTest,setUp/0,service,1
/Users/thiago/Documents/Thiago/CodeToAnalyze/retrofit/retrofit-adapters/java8/src/main/java/retrofit2/adapter/java8/Java8CallAdapterFactory.java,retrofit2.adapter.java8.Java8CallAdapterFactory$BodyCallAdapter,responseType/0,responseType,2
/Users/thiago/Documents/Thiago/CodeToAnalyze/retrofit/retrofit-adapters/java8/src/main/java/retrofit2/adapter/java8/Java8CallAdapterFactory.java,retrofit2.adapter.java8.Java8CallAdapterFactory$BodyCallAdapter,BodyCallAdapter/1[java.lang.reflect.Type],responseType,3
/Users/thiago/Documents/Thiago/CodeToAnalyze/retrofit/retrofit-adapters/rxjava/src/test/java/retrofit2/adapter/rxjava/CancelDisposeTest.java,retrofit2.adapter.rxjava.CancelDisposeTest,setUp/0,server,1
/Users/thiago/Documents/Thiago/CodeToAnalyze/retrofit/retrofit-adapters/rxjava/src/test/java/retrofit2/adapter/rxjava/CancelDisposeTest.java,retrofit2.adapter.rxjava.CancelDisposeTest,setUp/0,service,1
/Users/thiago/Documents/Thiago/CodeToAnalyze/retrofit/retrofit-adapters/rxjava/src/test/java/retrofit2/adapter/rxjava/CancelDisposeTest.java,retrofit2.adapter.rxjava.CancelDisposeTest,setUp/0,client,1
/Users/thiago/Documents/Thiago/CodeToAnalyze/retrofit/retrofit-adapters/rxjava/src/test/java/retrofit2/adapter/rxjava/CancelDisposeTest.java,retrofit2.adapter.rxjava.CancelDisposeTest,cancelDoesNotDispose/0,service,1
/Users/thiago/Documents/Thiago/CodeToAnalyze/retrofit/retrofit-adapters/rxjava/src/test/java/retrofit2/adapter/rxjava/CancelDisposeTest.java,retrofit2.adapter.rxjava.CancelDisposeTest,cancelDoesNotDispose/0,client,1
/Users/thiago/Documents/Thiago/CodeToAnalyze/retrofit/retrofit-adapters/rxjava/src/test/java/retrofit2/adapter/rxjava/CancelDisposeTest.java,retrofit2.adapter.rxjava.CancelDisposeTest,disposeCancelsCall/0,service,1
/Users/thiago/Documents/Thiago/CodeToAnalyze/retrofit/retrofit-adapters/rxjava/src/test/java/retrofit2/adapter/rxjava/CancelDisposeTest.java,retrofit2.adapter.rxjava.CancelDisposeTest,disposeCancelsCall/0,client,1
/Users/thiago/Documents/Thiago/CodeToAnalyze/retrofit/retrofit-adapters/rxjava3/src/test/java/retrofit2/adapter/rxjava3/RecordingObserver.java,retrofit2.adapter.rxjava3.RecordingObserver$Rule,create/0,subscribers,1
/Users/thiago/Documents/Thiago/CodeToAnalyze/retrofit/retrofit/src/main/java/retrofit2/Retrofit.java,retrofit2.Retrofit$Anonymous1,"invoke/3[java.lang.Object,java.lang.reflect.Method,java.lang.Object[]]",emptyArgs,1
/Users/thiago/Documents/Thiago/CodeToAnalyze/retrofit/retrofit-converters/gson/src/test/java/retrofit2/converter/gson/GsonConverterFactoryTest.java,retrofit2.converter.gson.GsonConverterFactoryTest$ErroringValue,ErroringValue/1[java.lang.String],theName,3
/Users/thiago/Documents/Thiago/CodeToAnalyze/retrofit/retrofit-adapters/rxjava3/src/main/java/retrofit2/adapter/rxjava3/CallEnqueueObservable.java,retrofit2.adapter.rxjava3.CallEnqueueObservable,subscribeActual/1[retrofit2.adapter.rxjava3.Observer<? super retrofit2.Response<T>>],originalCall,1
/Users/thiago/Documents/Thiago/CodeToAnalyze/retrofit/retrofit-adapters/rxjava3/src/main/java/retrofit2/adapter/rxjava3/CallEnqueueObservable.java,retrofit2.adapter.rxjava3.CallEnqueueObservable,CallEnqueueObservable/1[retrofit2.Call<T>],originalCall,3
/Users/thiago/Documents/Thiago/CodeToAnalyze/retrofit/samples/src/main/java/com/example/retrofit/ErrorHandlingAdapter.java,com.example.retrofit.ErrorHandlingAdapter$ErrorHandlingCallAdapterFactory$ErrorHandlingCallAdapter,responseType/0,responseType,2
/Users/thiago/Documents/Thiago/CodeToAnalyze/retrofit/samples/src/main/java/com/example/retrofit/ErrorHandlingAdapter.java,com.example.retrofit.ErrorHandlingAdapter$ErrorHandlingCallAdapterFactory$ErrorHandlingCallAdapter,adapt/1[retrofit2.Call<R>],callbackExecutor,1
/Users/thiago/Documents/Thiago/CodeToAnalyze/retrofit/samples/src/main/java/com/example/retrofit/ErrorHandlingAdapter.java,com.example.retrofit.ErrorHandlingAdapter$ErrorHandlingCallAdapterFactory$ErrorHandlingCallAdapter,"ErrorHandlingCallAdapter/2[java.lang.reflect.Type,java.util.concurrent.Executor]",responseType,3
/Users/thiago/Documents/Thiago/CodeToAnalyze/retrofit/samples/src/main/java/com/example/retrofit/ErrorHandlingAdapter.java,com.example.retrofit.ErrorHandlingAdapter$ErrorHandlingCallAdapterFactory$ErrorHandlingCallAdapter,"ErrorHandlingCallAdapter/2[java.lang.reflect.Type,java.util.concurrent.Executor]",callbackExecutor,3
/Users/thiago/Documents/Thiago/CodeToAnalyze/retrofit/retrofit-converters/guava/src/test/java/retrofit/converter/guava/GuavaOptionalConverterFactoryTest.java,retrofit.converter.guava.GuavaOptionalConverterFactoryTest,setUp/0,server,1
/Users/thiago/Documents/Thiago/CodeToAnalyze/retrofit/retrofit-converters/guava/src/test/java/retrofit/converter/guava/GuavaOptionalConverterFactoryTest.java,retrofit.converter.guava.GuavaOptionalConverterFactoryTest,setUp/0,service,1
/Users/thiago/Documents/Thiago/CodeToAnalyze/retrofit/retrofit-converters/guava/src/test/java/retrofit/converter/guava/GuavaOptionalConverterFactoryTest.java,retrofit.converter.guava.GuavaOptionalConverterFactoryTest,delegates/0,server,2
/Users/thiago/Documents/Thiago/CodeToAnalyze/retrofit/retrofit-converters/guava/src/test/java/retrofit/converter/guava/GuavaOptionalConverterFactoryTest.java,retrofit.converter.guava.GuavaOptionalConverterFactoryTest,optional/0,server,1
/Users/thiago/Documents/Thiago/CodeToAnalyze/retrofit/retrofit-converters/guava/src/test/java/retrofit/converter/guava/GuavaOptionalConverterFactoryTest.java,retrofit.converter.guava.GuavaOptionalConverterFactoryTest,optional/0,service,1
/Users/thiago/Documents/Thiago/CodeToAnalyze/retrofit/retrofit-converters/guava/src/test/java/retrofit/converter/guava/GuavaOptionalConverterFactoryTest.java,retrofit.converter.guava.GuavaOptionalConverterFactoryTest,onlyMatchesOptional/0,server,1
/Users/thiago/Documents/Thiago/CodeToAnalyze/retrofit/retrofit-converters/guava/src/test/java/retrofit/converter/guava/GuavaOptionalConverterFactoryTest.java,retrofit.converter.guava.GuavaOptionalConverterFactoryTest,onlyMatchesOptional/0,service,1
/Users/thiago/Documents/Thiago/CodeToAnalyze/retrofit/retrofit/src/main/java/retrofit2/OkHttpCall.java,retrofit2.OkHttpCall$NoContentResponseBody,contentLength/0,contentLength,2
/Users/thiago/Documents/Thiago/CodeToAnalyze/retrofit/retrofit/src/main/java/retrofit2/OkHttpCall.java,retrofit2.OkHttpCall$NoContentResponseBody,"NoContentResponseBody/2[retrofit2.MediaType,long]",contentLength,3
/Users/thiago/Documents/Thiago/CodeToAnalyze/retrofit/retrofit/src/main/java/retrofit2/OkHttpCall.java,retrofit2.OkHttpCall$NoContentResponseBody,"NoContentResponseBody/2[retrofit2.MediaType,long]",contentType,3
/Users/thiago/Documents/Thiago/CodeToAnalyze/retrofit/retrofit/src/main/java/retrofit2/OkHttpCall.java,retrofit2.OkHttpCall$NoContentResponseBody,contentType/0,contentType,2
/Users/thiago/Documents/Thiago/CodeToAnalyze/retrofit/retrofit-adapters/rxjava3/src/test/java/retrofit2/adapter/rxjava3/FlowableTest.java,retrofit2.adapter.rxjava3.FlowableTest,bodySuccess404/0,server,1
/Users/thiago/Documents/Thiago/CodeToAnalyze/retrofit/retrofit-adapters/rxjava3/src/test/java/retrofit2/adapter/rxjava3/FlowableTest.java,retrofit2.adapter.rxjava3.FlowableTest,bodySuccess404/0,subscriberRule,1
/Users/thiago/Documents/Thiago/CodeToAnalyze/retrofit/retrofit-adapters/rxjava3/src/test/java/retrofit2/adapter/rxjava3/FlowableTest.java,retrofit2.adapter.rxjava3.FlowableTest,bodySuccess404/0,service,1
/Users/thiago/Documents/Thiago/CodeToAnalyze/retrofit/retrofit-adapters/rxjava3/src/test/java/retrofit2/adapter/rxjava3/FlowableTest.java,retrofit2.adapter.rxjava3.FlowableTest,resultSuccess200/0,server,1
/Users/thiago/Documents/Thiago/CodeToAnalyze/retrofit/retrofit-adapters/rxjava3/src/test/java/retrofit2/adapter/rxjava3/FlowableTest.java,retrofit2.adapter.rxjava3.FlowableTest,resultSuccess200/0,subscriberRule,1
/Users/thiago/Documents/Thiago/CodeToAnalyze/retrofit/retrofit-adapters/rxjava3/src/test/java/retrofit2/adapter/rxjava3/FlowableTest.java,retrofit2.adapter.rxjava3.FlowableTest,resultSuccess200/0,service,1
/Users/thiago/Documents/Thiago/CodeToAnalyze/retrofit/retrofit-adapters/rxjava3/src/test/java/retrofit2/adapter/rxjava3/FlowableTest.java,retrofit2.adapter.rxjava3.FlowableTest,responseSuccess404/0,server,1
/Users/thiago/Documents/Thiago/CodeToAnalyze/retrofit/retrofit-adapters/rxjava3/src/test/java/retrofit2/adapter/rxjava3/FlowableTest.java,retrofit2.adapter.rxjava3.FlowableTest,responseSuccess404/0,subscriberRule,1
/Users/thiago/Documents/Thiago/CodeToAnalyze/retrofit/retrofit-adapters/rxjava3/src/test/java/retrofit2/adapter/rxjava3/FlowableTest.java,retrofit2.adapter.rxjava3.FlowableTest,responseSuccess404/0,service,1
/Users/thiago/Documents/Thiago/CodeToAnalyze/retrofit/retrofit-adapters/rxjava3/src/test/java/retrofit2/adapter/rxjava3/FlowableTest.java,retrofit2.adapter.rxjava3.FlowableTest,setUp/0,server,1
/Users/thiago/Documents/Thiago/CodeToAnalyze/retrofit/retrofit-adapters/rxjava3/src/test/java/retrofit2/adapter/rxjava3/FlowableTest.java,retrofit2.adapter.rxjava3.FlowableTest,setUp/0,service,1
/Users/thiago/Documents/Thiago/CodeToAnalyze/retrofit/retrofit-adapters/rxjava3/src/test/java/retrofit2/adapter/rxjava3/FlowableTest.java,retrofit2.adapter.rxjava3.FlowableTest,resultSuccess404/0,server,1
/Users/thiago/Documents/Thiago/CodeToAnalyze/retrofit/retrofit-adapters/rxjava3/src/test/java/retrofit2/adapter/rxjava3/FlowableTest.java,retrofit2.adapter.rxjava3.FlowableTest,resultSuccess404/0,subscriberRule,1
/Users/thiago/Documents/Thiago/CodeToAnalyze/retrofit/retrofit-adapters/rxjava3/src/test/java/retrofit2/adapter/rxjava3/FlowableTest.java,retrofit2.adapter.rxjava3.FlowableTest,resultSuccess404/0,service,1
/Users/thiago/Documents/Thiago/CodeToAnalyze/retrofit/retrofit-adapters/rxjava3/src/test/java/retrofit2/adapter/rxjava3/FlowableTest.java,retrofit2.adapter.rxjava3.FlowableTest,resultFailure/0,server,1
/Users/thiago/Documents/Thiago/CodeToAnalyze/retrofit/retrofit-adapters/rxjava3/src/test/java/retrofit2/adapter/rxjava3/FlowableTest.java,retrofit2.adapter.rxjava3.FlowableTest,resultFailure/0,subscriberRule,1
/Users/thiago/Documents/Thiago/CodeToAnalyze/retrofit/retrofit-adapters/rxjava3/src/test/java/retrofit2/adapter/rxjava3/FlowableTest.java,retrofit2.adapter.rxjava3.FlowableTest,resultFailure/0,service,1
/Users/thiago/Documents/Thiago/CodeToAnalyze/retrofit/retrofit-adapters/rxjava3/src/test/java/retrofit2/adapter/rxjava3/FlowableTest.java,retrofit2.adapter.rxjava3.FlowableTest,bodyFailure/0,server,1
/Users/thiago/Documents/Thiago/CodeToAnalyze/retrofit/retrofit-adapters/rxjava3/src/test/java/retrofit2/adapter/rxjava3/FlowableTest.java,retrofit2.adapter.rxjava3.FlowableTest,bodyFailure/0,subscriberRule,1
/Users/thiago/Documents/Thiago/CodeToAnalyze/retrofit/retrofit-adapters/rxjava3/src/test/java/retrofit2/adapter/rxjava3/FlowableTest.java,retrofit2.adapter.rxjava3.FlowableTest,bodyFailure/0,service,1
/Users/thiago/Documents/Thiago/CodeToAnalyze/retrofit/retrofit-adapters/rxjava3/src/test/java/retrofit2/adapter/rxjava3/FlowableTest.java,retrofit2.adapter.rxjava3.FlowableTest,responseSuccess200/0,server,1
/Users/thiago/Documents/Thiago/CodeToAnalyze/retrofit/retrofit-adapters/rxjava3/src/test/java/retrofit2/adapter/rxjava3/FlowableTest.java,retrofit2.adapter.rxjava3.FlowableTest,responseSuccess200/0,subscriberRule,1
/Users/thiago/Documents/Thiago/CodeToAnalyze/retrofit/retrofit-adapters/rxjava3/src/test/java/retrofit2/adapter/rxjava3/FlowableTest.java,retrofit2.adapter.rxjava3.FlowableTest,responseSuccess200/0,service,1
/Users/thiago/Documents/Thiago/CodeToAnalyze/retrofit/retrofit-adapters/rxjava3/src/test/java/retrofit2/adapter/rxjava3/FlowableTest.java,retrofit2.adapter.rxjava3.FlowableTest,bodySuccess200/0,server,1
/Users/thiago/Documents/Thiago/CodeToAnalyze/retrofit/retrofit-adapters/rxjava3/src/test/java/retrofit2/adapter/rxjava3/FlowableTest.java,retrofit2.adapter.rxjava3.FlowableTest,bodySuccess200/0,subscriberRule,1
/Users/thiago/Documents/Thiago/CodeToAnalyze/retrofit/retrofit-adapters/rxjava3/src/test/java/retrofit2/adapter/rxjava3/FlowableTest.java,retrofit2.adapter.rxjava3.FlowableTest,bodySuccess200/0,service,1
/Users/thiago/Documents/Thiago/CodeToAnalyze/retrofit/retrofit-adapters/rxjava3/src/test/java/retrofit2/adapter/rxjava3/FlowableTest.java,retrofit2.adapter.rxjava3.FlowableTest,subscribeTwice/0,server,2
/Users/thiago/Documents/Thiago/CodeToAnalyze/retrofit/retrofit-adapters/rxjava3/src/test/java/retrofit2/adapter/rxjava3/FlowableTest.java,retrofit2.adapter.rxjava3.FlowableTest,subscribeTwice/0,subscriberRule,2
/Users/thiago/Documents/Thiago/CodeToAnalyze/retrofit/retrofit-adapters/rxjava3/src/test/java/retrofit2/adapter/rxjava3/FlowableTest.java,retrofit2.adapter.rxjava3.FlowableTest,subscribeTwice/0,service,1
/Users/thiago/Documents/Thiago/CodeToAnalyze/retrofit/retrofit-adapters/rxjava3/src/test/java/retrofit2/adapter/rxjava3/FlowableTest.java,retrofit2.adapter.rxjava3.FlowableTest,responseFailure/0,server,1
/Users/thiago/Documents/Thiago/CodeToAnalyze/retrofit/retrofit-adapters/rxjava3/src/test/java/retrofit2/adapter/rxjava3/FlowableTest.java,retrofit2.adapter.rxjava3.FlowableTest,responseFailure/0,subscriberRule,1
/Users/thiago/Documents/Thiago/CodeToAnalyze/retrofit/retrofit-adapters/rxjava3/src/test/java/retrofit2/adapter/rxjava3/FlowableTest.java,retrofit2.adapter.rxjava3.FlowableTest,responseFailure/0,service,1
/Users/thiago/Documents/Thiago/CodeToAnalyze/retrofit/retrofit-converters/jackson/src/main/java/retrofit2/converter/jackson/JacksonRequestBodyConverter.java,retrofit2.converter.jackson.JacksonRequestBodyConverter,"JacksonRequestBodyConverter/3[retrofit2.converter.jackson.ObjectWriter,retrofit2.converter.jackson.MediaType,boolean]",streaming,3
/Users/thiago/Documents/Thiago/CodeToAnalyze/retrofit/retrofit-converters/jackson/src/main/java/retrofit2/converter/jackson/JacksonRequestBodyConverter.java,retrofit2.converter.jackson.JacksonRequestBodyConverter,"JacksonRequestBodyConverter/3[retrofit2.converter.jackson.ObjectWriter,retrofit2.converter.jackson.MediaType,boolean]",adapter,3
/Users/thiago/Documents/Thiago/CodeToAnalyze/retrofit/retrofit-converters/jackson/src/main/java/retrofit2/converter/jackson/JacksonRequestBodyConverter.java,retrofit2.converter.jackson.JacksonRequestBodyConverter,"JacksonRequestBodyConverter/3[retrofit2.converter.jackson.ObjectWriter,retrofit2.converter.jackson.MediaType,boolean]",mediaType,3
/Users/thiago/Documents/Thiago/CodeToAnalyze/retrofit/retrofit-converters/jackson/src/main/java/retrofit2/converter/jackson/JacksonRequestBodyConverter.java,retrofit2.converter.jackson.JacksonRequestBodyConverter,convert/1[T],streaming,1
/Users/thiago/Documents/Thiago/CodeToAnalyze/retrofit/retrofit-converters/jackson/src/main/java/retrofit2/converter/jackson/JacksonRequestBodyConverter.java,retrofit2.converter.jackson.JacksonRequestBodyConverter,convert/1[T],adapter,2
/Users/thiago/Documents/Thiago/CodeToAnalyze/retrofit/retrofit-converters/jackson/src/main/java/retrofit2/converter/jackson/JacksonRequestBodyConverter.java,retrofit2.converter.jackson.JacksonRequestBodyConverter,convert/1[T],mediaType,2
/Users/thiago/Documents/Thiago/CodeToAnalyze/retrofit/retrofit-converters/protobuf/src/main/java/retrofit2/converter/protobuf/ProtoRequestBodyConverter.java,retrofit2.converter.protobuf.ProtoRequestBodyConverter,ProtoRequestBodyConverter/1[boolean],streaming,3
/Users/thiago/Documents/Thiago/CodeToAnalyze/retrofit/retrofit-converters/protobuf/src/main/java/retrofit2/converter/protobuf/ProtoRequestBodyConverter.java,retrofit2.converter.protobuf.ProtoRequestBodyConverter,convert/1[T],streaming,1
/Users/thiago/Documents/Thiago/CodeToAnalyze/retrofit/retrofit-converters/protobuf/src/main/java/retrofit2/converter/protobuf/ProtoRequestBodyConverter.java,retrofit2.converter.protobuf.ProtoRequestBodyConverter,convert/1[T],MEDIA_TYPE,1
/Users/thiago/Documents/Thiago/CodeToAnalyze/retrofit/retrofit-converters/wire/src/test/java/retrofit2/converter/wire/CrashingPhone.java,retrofit2.converter.wire.CrashingPhone$Builder,number/1[java.lang.String],number,4
/Users/thiago/Documents/Thiago/CodeToAnalyze/retrofit/retrofit-converters/wire/src/test/java/retrofit2/converter/wire/CrashingPhone.java,retrofit2.converter.wire.CrashingPhone$Builder,build/0,number,1
/Users/thiago/Documents/Thiago/CodeToAnalyze/retrofit/retrofit/android-test/src/androidTest/java/retrofit2/DefaultMethodsAndroidTest.java,retrofit2.DefaultMethodsAndroidTest,doesNotFailOnApi26/0,server,5
/Users/thiago/Documents/Thiago/CodeToAnalyze/retrofit/retrofit/android-test/src/androidTest/java/retrofit2/DefaultMethodsAndroidTest.java,retrofit2.DefaultMethodsAndroidTest,failsOnApi24And25/0,server,1
/Users/thiago/Documents/Thiago/CodeToAnalyze/retrofit/samples/src/main/java/com/example/retrofit/DynamicBaseUrl.java,com.example.retrofit.DynamicBaseUrl$HostSelectionInterceptor,intercept/1[com.example.retrofit.Chain],host,1
/Users/thiago/Documents/Thiago/CodeToAnalyze/retrofit/samples/src/main/java/com/example/retrofit/DynamicBaseUrl.java,com.example.retrofit.DynamicBaseUrl$HostSelectionInterceptor,setHost/1[java.lang.String],host,3
/Users/thiago/Documents/Thiago/CodeToAnalyze/retrofit/retrofit-adapters/rxjava3/src/test/java/retrofit2/adapter/rxjava3/SingleTest.java,retrofit2.adapter.rxjava3.SingleTest,bodySuccess404/0,server,1
/Users/thiago/Documents/Thiago/CodeToAnalyze/retrofit/retrofit-adapters/rxjava3/src/test/java/retrofit2/adapter/rxjava3/SingleTest.java,retrofit2.adapter.rxjava3.SingleTest,bodySuccess404/0,service,1
/Users/thiago/Documents/Thiago/CodeToAnalyze/retrofit/retrofit-adapters/rxjava3/src/test/java/retrofit2/adapter/rxjava3/SingleTest.java,retrofit2.adapter.rxjava3.SingleTest,bodySuccess404/0,observerRule,1
/Users/thiago/Documents/Thiago/CodeToAnalyze/retrofit/retrofit-adapters/rxjava3/src/test/java/retrofit2/adapter/rxjava3/SingleTest.java,retrofit2.adapter.rxjava3.SingleTest,resultSuccess200/0,server,1
/Users/thiago/Documents/Thiago/CodeToAnalyze/retrofit/retrofit-adapters/rxjava3/src/test/java/retrofit2/adapter/rxjava3/SingleTest.java,retrofit2.adapter.rxjava3.SingleTest,resultSuccess200/0,service,1
/Users/thiago/Documents/Thiago/CodeToAnalyze/retrofit/retrofit-adapters/rxjava3/src/test/java/retrofit2/adapter/rxjava3/SingleTest.java,retrofit2.adapter.rxjava3.SingleTest,resultSuccess200/0,observerRule,1
/Users/thiago/Documents/Thiago/CodeToAnalyze/retrofit/retrofit-adapters/rxjava3/src/test/java/retrofit2/adapter/rxjava3/SingleTest.java,retrofit2.adapter.rxjava3.SingleTest,responseSuccess404/0,server,1
/Users/thiago/Documents/Thiago/CodeToAnalyze/retrofit/retrofit-adapters/rxjava3/src/test/java/retrofit2/adapter/rxjava3/SingleTest.java,retrofit2.adapter.rxjava3.SingleTest,responseSuccess404/0,service,1
/Users/thiago/Documents/Thiago/CodeToAnalyze/retrofit/retrofit-adapters/rxjava3/src/test/java/retrofit2/adapter/rxjava3/SingleTest.java,retrofit2.adapter.rxjava3.SingleTest,responseSuccess404/0,observerRule,1
/Users/thiago/Documents/Thiago/CodeToAnalyze/retrofit/retrofit-adapters/rxjava3/src/test/java/retrofit2/adapter/rxjava3/SingleTest.java,retrofit2.adapter.rxjava3.SingleTest,setUp/0,server,1
/Users/thiago/Documents/Thiago/CodeToAnalyze/retrofit/retrofit-adapters/rxjava3/src/test/java/retrofit2/adapter/rxjava3/SingleTest.java,retrofit2.adapter.rxjava3.SingleTest,setUp/0,service,1
/Users/thiago/Documents/Thiago/CodeToAnalyze/retrofit/retrofit-adapters/rxjava3/src/test/java/retrofit2/adapter/rxjava3/SingleTest.java,retrofit2.adapter.rxjava3.SingleTest,bodyFailure/0,server,1
/Users/thiago/Documents/Thiago/CodeToAnalyze/retrofit/retrofit-adapters/rxjava3/src/test/java/retrofit2/adapter/rxjava3/SingleTest.java,retrofit2.adapter.rxjava3.SingleTest,bodyFailure/0,service,1
/Users/thiago/Documents/Thiago/CodeToAnalyze/retrofit/retrofit-adapters/rxjava3/src/test/java/retrofit2/adapter/rxjava3/SingleTest.java,retrofit2.adapter.rxjava3.SingleTest,bodyFailure/0,observerRule,1
/Users/thiago/Documents/Thiago/CodeToAnalyze/retrofit/retrofit-adapters/rxjava3/src/test/java/retrofit2/adapter/rxjava3/SingleTest.java,retrofit2.adapter.rxjava3.SingleTest,responseSuccess200/0,server,1
/Users/thiago/Documents/Thiago/CodeToAnalyze/retrofit/retrofit-adapters/rxjava3/src/test/java/retrofit2/adapter/rxjava3/SingleTest.java,retrofit2.adapter.rxjava3.SingleTest,responseSuccess200/0,service,1
/Users/thiago/Documents/Thiago/CodeToAnalyze/retrofit/retrofit-adapters/rxjava3/src/test/java/retrofit2/adapter/rxjava3/SingleTest.java,retrofit2.adapter.rxjava3.SingleTest,responseSuccess200/0,observerRule,1
/Users/thiago/Documents/Thiago/CodeToAnalyze/retrofit/retrofit-adapters/rxjava3/src/test/java/retrofit2/adapter/rxjava3/SingleTest.java,retrofit2.adapter.rxjava3.SingleTest,bodySuccess200/0,server,1
/Users/thiago/Documents/Thiago/CodeToAnalyze/retrofit/retrofit-adapters/rxjava3/src/test/java/retrofit2/adapter/rxjava3/SingleTest.java,retrofit2.adapter.rxjava3.SingleTest,bodySuccess200/0,service,1
/Users/thiago/Documents/Thiago/CodeToAnalyze/retrofit/retrofit-adapters/rxjava3/src/test/java/retrofit2/adapter/rxjava3/SingleTest.java,retrofit2.adapter.rxjava3.SingleTest,bodySuccess200/0,observerRule,1
/Users/thiago/Documents/Thiago/CodeToAnalyze/retrofit/retrofit-adapters/rxjava3/src/test/java/retrofit2/adapter/rxjava3/SingleTest.java,retrofit2.adapter.rxjava3.SingleTest,resultSuccess404/0,server,1
/Users/thiago/Documents/Thiago/CodeToAnalyze/retrofit/retrofit-adapters/rxjava3/src/test/java/retrofit2/adapter/rxjava3/SingleTest.java,retrofit2.adapter.rxjava3.SingleTest,resultSuccess404/0,service,1
/Users/thiago/Documents/Thiago/CodeToAnalyze/retrofit/retrofit-adapters/rxjava3/src/test/java/retrofit2/adapter/rxjava3/SingleTest.java,retrofit2.adapter.rxjava3.SingleTest,resultSuccess404/0,observerRule,1
/Users/thiago/Documents/Thiago/CodeToAnalyze/retrofit/retrofit-adapters/rxjava3/src/test/java/retrofit2/adapter/rxjava3/SingleTest.java,retrofit2.adapter.rxjava3.SingleTest,responseFailure/0,server,1
/Users/thiago/Documents/Thiago/CodeToAnalyze/retrofit/retrofit-adapters/rxjava3/src/test/java/retrofit2/adapter/rxjava3/SingleTest.java,retrofit2.adapter.rxjava3.SingleTest,responseFailure/0,service,1
/Users/thiago/Documents/Thiago/CodeToAnalyze/retrofit/retrofit-adapters/rxjava3/src/test/java/retrofit2/adapter/rxjava3/SingleTest.java,retrofit2.adapter.rxjava3.SingleTest,responseFailure/0,observerRule,1
/Users/thiago/Documents/Thiago/CodeToAnalyze/retrofit/retrofit-adapters/rxjava3/src/test/java/retrofit2/adapter/rxjava3/SingleTest.java,retrofit2.adapter.rxjava3.SingleTest,resultFailure/0,server,1
/Users/thiago/Documents/Thiago/CodeToAnalyze/retrofit/retrofit-adapters/rxjava3/src/test/java/retrofit2/adapter/rxjava3/SingleTest.java,retrofit2.adapter.rxjava3.SingleTest,resultFailure/0,service,1
/Users/thiago/Documents/Thiago/CodeToAnalyze/retrofit/retrofit-adapters/rxjava3/src/test/java/retrofit2/adapter/rxjava3/SingleTest.java,retrofit2.adapter.rxjava3.SingleTest,resultFailure/0,observerRule,1
/Users/thiago/Documents/Thiago/CodeToAnalyze/retrofit/retrofit-adapters/rxjava3/src/test/java/retrofit2/adapter/rxjava3/SingleTest.java,retrofit2.adapter.rxjava3.SingleTest,subscribeTwice/0,server,2
/Users/thiago/Documents/Thiago/CodeToAnalyze/retrofit/retrofit-adapters/rxjava3/src/test/java/retrofit2/adapter/rxjava3/SingleTest.java,retrofit2.adapter.rxjava3.SingleTest,subscribeTwice/0,service,1
/Users/thiago/Documents/Thiago/CodeToAnalyze/retrofit/retrofit-adapters/rxjava3/src/test/java/retrofit2/adapter/rxjava3/SingleTest.java,retrofit2.adapter.rxjava3.SingleTest,subscribeTwice/0,observerRule,2
/Users/thiago/Documents/Thiago/CodeToAnalyze/retrofit/retrofit-adapters/rxjava2/src/test/java/retrofit2/adapter/rxjava2/RecordingSubscriber.java,retrofit2.adapter.rxjava2.RecordingSubscriber$Rule,createWithInitialRequest/1[long],subscribers,1
/Users/thiago/Documents/Thiago/CodeToAnalyze/retrofit/retrofit-converters/jackson/src/main/java/retrofit2/converter/jackson/JacksonResponseBodyConverter.java,retrofit2.converter.jackson.JacksonResponseBodyConverter,convert/1[retrofit2.converter.jackson.ResponseBody],adapter,1
/Users/thiago/Documents/Thiago/CodeToAnalyze/retrofit/retrofit-converters/jackson/src/main/java/retrofit2/converter/jackson/JacksonResponseBodyConverter.java,retrofit2.converter.jackson.JacksonResponseBodyConverter,JacksonResponseBodyConverter/1[retrofit2.converter.jackson.ObjectReader],adapter,3
/Users/thiago/Documents/Thiago/CodeToAnalyze/retrofit/retrofit-converters/jaxb3/src/test/java/retrofit2/converter/jaxb3/JaxbConverterFactoryTest.java,retrofit2.converter.jaxb3.JaxbConverterFactoryTest,setUp/0,server,1
/Users/thiago/Documents/Thiago/CodeToAnalyze/retrofit/retrofit-converters/jaxb3/src/test/java/retrofit2/converter/jaxb3/JaxbConverterFactoryTest.java,retrofit2.converter.jaxb3.JaxbConverterFactoryTest,setUp/0,service,1
/Users/thiago/Documents/Thiago/CodeToAnalyze/retrofit/retrofit-converters/jaxb3/src/test/java/retrofit2/converter/jaxb3/JaxbConverterFactoryTest.java,retrofit2.converter.jaxb3.JaxbConverterFactoryTest,malformedXml/0,server,1
/Users/thiago/Documents/Thiago/CodeToAnalyze/retrofit/retrofit-converters/jaxb3/src/test/java/retrofit2/converter/jaxb3/JaxbConverterFactoryTest.java,retrofit2.converter.jaxb3.JaxbConverterFactoryTest,malformedXml/0,service,1
/Users/thiago/Documents/Thiago/CodeToAnalyze/retrofit/retrofit-converters/jaxb3/src/test/java/retrofit2/converter/jaxb3/JaxbConverterFactoryTest.java,retrofit2.converter.jaxb3.JaxbConverterFactoryTest,unrecognizedField/0,server,1
/Users/thiago/Documents/Thiago/CodeToAnalyze/retrofit/retrofit-converters/jaxb3/src/test/java/retrofit2/converter/jaxb3/JaxbConverterFactoryTest.java,retrofit2.converter.jaxb3.JaxbConverterFactoryTest,unrecognizedField/0,service,1
/Users/thiago/Documents/Thiago/CodeToAnalyze/retrofit/retrofit-converters/jaxb3/src/test/java/retrofit2/converter/jaxb3/JaxbConverterFactoryTest.java,retrofit2.converter.jaxb3.JaxbConverterFactoryTest,characterEncoding/0,server,1
/Users/thiago/Documents/Thiago/CodeToAnalyze/retrofit/retrofit-converters/jaxb3/src/test/java/retrofit2/converter/jaxb3/JaxbConverterFactoryTest.java,retrofit2.converter.jaxb3.JaxbConverterFactoryTest,characterEncoding/0,service,1
/Users/thiago/Documents/Thiago/CodeToAnalyze/retrofit/retrofit-converters/jaxb3/src/test/java/retrofit2/converter/jaxb3/JaxbConverterFactoryTest.java,retrofit2.converter.jaxb3.JaxbConverterFactoryTest,externalDtd/0,server,4
/Users/thiago/Documents/Thiago/CodeToAnalyze/retrofit/retrofit-converters/jaxb3/src/test/java/retrofit2/converter/jaxb3/JaxbConverterFactoryTest.java,retrofit2.converter.jaxb3.JaxbConverterFactoryTest,externalDtd/0,service,1
/Users/thiago/Documents/Thiago/CodeToAnalyze/retrofit/retrofit-converters/jaxb3/src/test/java/retrofit2/converter/jaxb3/JaxbConverterFactoryTest.java,retrofit2.converter.jaxb3.JaxbConverterFactoryTest,xmlRequestBody/0,server,2
/Users/thiago/Documents/Thiago/CodeToAnalyze/retrofit/retrofit-converters/jaxb3/src/test/java/retrofit2/converter/jaxb3/JaxbConverterFactoryTest.java,retrofit2.converter.jaxb3.JaxbConverterFactoryTest,xmlRequestBody/0,service,1
/Users/thiago/Documents/Thiago/CodeToAnalyze/retrofit/retrofit-converters/jaxb3/src/test/java/retrofit2/converter/jaxb3/JaxbConverterFactoryTest.java,retrofit2.converter.jaxb3.JaxbConverterFactoryTest,xmlRequestBody/0,SAMPLE_CONTACT_XML,1
/Users/thiago/Documents/Thiago/CodeToAnalyze/retrofit/retrofit-converters/jaxb3/src/test/java/retrofit2/converter/jaxb3/JaxbConverterFactoryTest.java,retrofit2.converter.jaxb3.JaxbConverterFactoryTest,xmlRequestBody/0,SAMPLE_CONTACT,1
/Users/thiago/Documents/Thiago/CodeToAnalyze/retrofit/retrofit-converters/jaxb3/src/test/java/retrofit2/converter/jaxb3/JaxbConverterFactoryTest.java,retrofit2.converter.jaxb3.JaxbConverterFactoryTest,userSuppliedJaxbContext/0,server,3
/Users/thiago/Documents/Thiago/CodeToAnalyze/retrofit/retrofit-converters/jaxb3/src/test/java/retrofit2/converter/jaxb3/JaxbConverterFactoryTest.java,retrofit2.converter.jaxb3.JaxbConverterFactoryTest,userSuppliedJaxbContext/0,service,2
/Users/thiago/Documents/Thiago/CodeToAnalyze/retrofit/retrofit-converters/jaxb3/src/test/java/retrofit2/converter/jaxb3/JaxbConverterFactoryTest.java,retrofit2.converter.jaxb3.JaxbConverterFactoryTest,userSuppliedJaxbContext/0,SAMPLE_CONTACT_XML,1
/Users/thiago/Documents/Thiago/CodeToAnalyze/retrofit/retrofit-converters/jaxb3/src/test/java/retrofit2/converter/jaxb3/JaxbConverterFactoryTest.java,retrofit2.converter.jaxb3.JaxbConverterFactoryTest,userSuppliedJaxbContext/0,SAMPLE_CONTACT,1
/Users/thiago/Documents/Thiago/CodeToAnalyze/retrofit/retrofit-converters/jaxb3/src/test/java/retrofit2/converter/jaxb3/JaxbConverterFactoryTest.java,retrofit2.converter.jaxb3.JaxbConverterFactoryTest,externalEntity/0,server,4
/Users/thiago/Documents/Thiago/CodeToAnalyze/retrofit/retrofit-converters/jaxb3/src/test/java/retrofit2/converter/jaxb3/JaxbConverterFactoryTest.java,retrofit2.converter.jaxb3.JaxbConverterFactoryTest,externalEntity/0,service,1
/Users/thiago/Documents/Thiago/CodeToAnalyze/retrofit/retrofit-converters/jaxb3/src/test/java/retrofit2/converter/jaxb3/JaxbConverterFactoryTest.java,retrofit2.converter.jaxb3.JaxbConverterFactoryTest,xmlResponseBody/0,server,1
/Users/thiago/Documents/Thiago/CodeToAnalyze/retrofit/retrofit-converters/jaxb3/src/test/java/retrofit2/converter/jaxb3/JaxbConverterFactoryTest.java,retrofit2.converter.jaxb3.JaxbConverterFactoryTest,xmlResponseBody/0,service,1
/Users/thiago/Documents/Thiago/CodeToAnalyze/retrofit/retrofit-converters/jaxb3/src/test/java/retrofit2/converter/jaxb3/JaxbConverterFactoryTest.java,retrofit2.converter.jaxb3.JaxbConverterFactoryTest,xmlResponseBody/0,SAMPLE_CONTACT_XML,1
/Users/thiago/Documents/Thiago/CodeToAnalyze/retrofit/retrofit-converters/jaxb3/src/test/java/retrofit2/converter/jaxb3/JaxbConverterFactoryTest.java,retrofit2.converter.jaxb3.JaxbConverterFactoryTest,xmlResponseBody/0,SAMPLE_CONTACT,1
/Users/thiago/Documents/Thiago/CodeToAnalyze/retrofit/retrofit-adapters/rxjava3/src/test/java/retrofit2/adapter/rxjava3/CompletableTest.java,retrofit2.adapter.rxjava3.CompletableTest,setUp/0,server,1
/Users/thiago/Documents/Thiago/CodeToAnalyze/retrofit/retrofit-adapters/rxjava3/src/test/java/retrofit2/adapter/rxjava3/CompletableTest.java,retrofit2.adapter.rxjava3.CompletableTest,setUp/0,service,1
/Users/thiago/Documents/Thiago/CodeToAnalyze/retrofit/retrofit-adapters/rxjava3/src/test/java/retrofit2/adapter/rxjava3/CompletableTest.java,retrofit2.adapter.rxjava3.CompletableTest,completableSuccess404/0,server,1
/Users/thiago/Documents/Thiago/CodeToAnalyze/retrofit/retrofit-adapters/rxjava3/src/test/java/retrofit2/adapter/rxjava3/CompletableTest.java,retrofit2.adapter.rxjava3.CompletableTest,completableSuccess404/0,service,1
/Users/thiago/Documents/Thiago/CodeToAnalyze/retrofit/retrofit-adapters/rxjava3/src/test/java/retrofit2/adapter/rxjava3/CompletableTest.java,retrofit2.adapter.rxjava3.CompletableTest,completableSuccess404/0,observerRule,1
/Users/thiago/Documents/Thiago/CodeToAnalyze/retrofit/retrofit-adapters/rxjava3/src/test/java/retrofit2/adapter/rxjava3/CompletableTest.java,retrofit2.adapter.rxjava3.CompletableTest,subscribeTwice/0,server,2
/Users/thiago/Documents/Thiago/CodeToAnalyze/retrofit/retrofit-adapters/rxjava3/src/test/java/retrofit2/adapter/rxjava3/CompletableTest.java,retrofit2.adapter.rxjava3.CompletableTest,subscribeTwice/0,service,1
/Users/thiago/Documents/Thiago/CodeToAnalyze/retrofit/retrofit-adapters/rxjava3/src/test/java/retrofit2/adapter/rxjava3/CompletableTest.java,retrofit2.adapter.rxjava3.CompletableTest,subscribeTwice/0,observerRule,2
/Users/thiago/Documents/Thiago/CodeToAnalyze/retrofit/retrofit-adapters/rxjava3/src/test/java/retrofit2/adapter/rxjava3/CompletableTest.java,retrofit2.adapter.rxjava3.CompletableTest,completableSuccess200/0,server,1
/Users/thiago/Documents/Thiago/CodeToAnalyze/retrofit/retrofit-adapters/rxjava3/src/test/java/retrofit2/adapter/rxjava3/CompletableTest.java,retrofit2.adapter.rxjava3.CompletableTest,completableSuccess200/0,service,1
/Users/thiago/Documents/Thiago/CodeToAnalyze/retrofit/retrofit-adapters/rxjava3/src/test/java/retrofit2/adapter/rxjava3/CompletableTest.java,retrofit2.adapter.rxjava3.CompletableTest,completableSuccess200/0,observerRule,1
/Users/thiago/Documents/Thiago/CodeToAnalyze/retrofit/retrofit-adapters/rxjava3/src/test/java/retrofit2/adapter/rxjava3/CompletableTest.java,retrofit2.adapter.rxjava3.CompletableTest,completableFailure/0,server,1
/Users/thiago/Documents/Thiago/CodeToAnalyze/retrofit/retrofit-adapters/rxjava3/src/test/java/retrofit2/adapter/rxjava3/CompletableTest.java,retrofit2.adapter.rxjava3.CompletableTest,completableFailure/0,service,1
/Users/thiago/Documents/Thiago/CodeToAnalyze/retrofit/retrofit-adapters/rxjava3/src/test/java/retrofit2/adapter/rxjava3/CompletableTest.java,retrofit2.adapter.rxjava3.CompletableTest,completableFailure/0,observerRule,1
/Users/thiago/Documents/Thiago/CodeToAnalyze/retrofit/retrofit-adapters/rxjava/src/test/java/retrofit2/adapter/rxjava/SingleWithSchedulerTest.java,retrofit2.adapter.rxjava.SingleWithSchedulerTest,responseUsesScheduler/0,scheduler,1
/Users/thiago/Documents/Thiago/CodeToAnalyze/retrofit/retrofit-adapters/rxjava/src/test/java/retrofit2/adapter/rxjava/SingleWithSchedulerTest.java,retrofit2.adapter.rxjava.SingleWithSchedulerTest,responseUsesScheduler/0,server,1
/Users/thiago/Documents/Thiago/CodeToAnalyze/retrofit/retrofit-adapters/rxjava/src/test/java/retrofit2/adapter/rxjava/SingleWithSchedulerTest.java,retrofit2.adapter.rxjava.SingleWithSchedulerTest,responseUsesScheduler/0,subscriberRule,1
/Users/thiago/Documents/Thiago/CodeToAnalyze/retrofit/retrofit-adapters/rxjava/src/test/java/retrofit2/adapter/rxjava/SingleWithSchedulerTest.java,retrofit2.adapter.rxjava.SingleWithSchedulerTest,responseUsesScheduler/0,service,1
/Users/thiago/Documents/Thiago/CodeToAnalyze/retrofit/retrofit-adapters/rxjava/src/test/java/retrofit2/adapter/rxjava/SingleWithSchedulerTest.java,retrofit2.adapter.rxjava.SingleWithSchedulerTest,setUp/0,scheduler,1
/Users/thiago/Documents/Thiago/CodeToAnalyze/retrofit/retrofit-adapters/rxjava/src/test/java/retrofit2/adapter/rxjava/SingleWithSchedulerTest.java,retrofit2.adapter.rxjava.SingleWithSchedulerTest,setUp/0,server,1
/Users/thiago/Documents/Thiago/CodeToAnalyze/retrofit/retrofit-adapters/rxjava/src/test/java/retrofit2/adapter/rxjava/SingleWithSchedulerTest.java,retrofit2.adapter.rxjava.SingleWithSchedulerTest,setUp/0,service,1
/Users/thiago/Documents/Thiago/CodeToAnalyze/retrofit/retrofit-adapters/rxjava/src/test/java/retrofit2/adapter/rxjava/SingleWithSchedulerTest.java,retrofit2.adapter.rxjava.SingleWithSchedulerTest,resultUsesScheduler/0,scheduler,1
/Users/thiago/Documents/Thiago/CodeToAnalyze/retrofit/retrofit-adapters/rxjava/src/test/java/retrofit2/adapter/rxjava/SingleWithSchedulerTest.java,retrofit2.adapter.rxjava.SingleWithSchedulerTest,resultUsesScheduler/0,server,1
/Users/thiago/Documents/Thiago/CodeToAnalyze/retrofit/retrofit-adapters/rxjava/src/test/java/retrofit2/adapter/rxjava/SingleWithSchedulerTest.java,retrofit2.adapter.rxjava.SingleWithSchedulerTest,resultUsesScheduler/0,subscriberRule,1
/Users/thiago/Documents/Thiago/CodeToAnalyze/retrofit/retrofit-adapters/rxjava/src/test/java/retrofit2/adapter/rxjava/SingleWithSchedulerTest.java,retrofit2.adapter.rxjava.SingleWithSchedulerTest,resultUsesScheduler/0,service,1
/Users/thiago/Documents/Thiago/CodeToAnalyze/retrofit/retrofit-adapters/rxjava/src/test/java/retrofit2/adapter/rxjava/SingleWithSchedulerTest.java,retrofit2.adapter.rxjava.SingleWithSchedulerTest,bodyUsesScheduler/0,scheduler,1
/Users/thiago/Documents/Thiago/CodeToAnalyze/retrofit/retrofit-adapters/rxjava/src/test/java/retrofit2/adapter/rxjava/SingleWithSchedulerTest.java,retrofit2.adapter.rxjava.SingleWithSchedulerTest,bodyUsesScheduler/0,server,1
/Users/thiago/Documents/Thiago/CodeToAnalyze/retrofit/retrofit-adapters/rxjava/src/test/java/retrofit2/adapter/rxjava/SingleWithSchedulerTest.java,retrofit2.adapter.rxjava.SingleWithSchedulerTest,bodyUsesScheduler/0,subscriberRule,1
/Users/thiago/Documents/Thiago/CodeToAnalyze/retrofit/retrofit-adapters/rxjava/src/test/java/retrofit2/adapter/rxjava/SingleWithSchedulerTest.java,retrofit2.adapter.rxjava.SingleWithSchedulerTest,bodyUsesScheduler/0,service,1
/Users/thiago/Documents/Thiago/CodeToAnalyze/retrofit/retrofit/src/main/java/retrofit2/AndroidMainExecutor.java,retrofit2.AndroidMainExecutor,execute/1[java.lang.Runnable],handler,1
/Users/thiago/Documents/Thiago/CodeToAnalyze/retrofit/retrofit-converters/java8/src/test/java/retrofit/converter/java8/Java8OptionalConverterFactoryTest.java,retrofit.converter.java8.Java8OptionalConverterFactoryTest,setUp/0,server,1
/Users/thiago/Documents/Thiago/CodeToAnalyze/retrofit/retrofit-converters/java8/src/test/java/retrofit/converter/java8/Java8OptionalConverterFactoryTest.java,retrofit.converter.java8.Java8OptionalConverterFactoryTest,setUp/0,service,1
/Users/thiago/Documents/Thiago/CodeToAnalyze/retrofit/retrofit-converters/java8/src/test/java/retrofit/converter/java8/Java8OptionalConverterFactoryTest.java,retrofit.converter.java8.Java8OptionalConverterFactoryTest,delegates/0,server,2
/Users/thiago/Documents/Thiago/CodeToAnalyze/retrofit/retrofit-converters/java8/src/test/java/retrofit/converter/java8/Java8OptionalConverterFactoryTest.java,retrofit.converter.java8.Java8OptionalConverterFactoryTest,optional/0,server,1
/Users/thiago/Documents/Thiago/CodeToAnalyze/retrofit/retrofit-converters/java8/src/test/java/retrofit/converter/java8/Java8OptionalConverterFactoryTest.java,retrofit.converter.java8.Java8OptionalConverterFactoryTest,optional/0,service,1
/Users/thiago/Documents/Thiago/CodeToAnalyze/retrofit/retrofit-converters/java8/src/test/java/retrofit/converter/java8/Java8OptionalConverterFactoryTest.java,retrofit.converter.java8.Java8OptionalConverterFactoryTest,onlyMatchesOptional/0,server,1
/Users/thiago/Documents/Thiago/CodeToAnalyze/retrofit/retrofit-converters/java8/src/test/java/retrofit/converter/java8/Java8OptionalConverterFactoryTest.java,retrofit.converter.java8.Java8OptionalConverterFactoryTest,onlyMatchesOptional/0,service,1
/Users/thiago/Documents/Thiago/CodeToAnalyze/retrofit/retrofit-adapters/java8/src/test/java/retrofit2/adapter/java8/Java8CallAdapterFactoryTest.java,retrofit2.adapter.java8.Java8CallAdapterFactoryTest,rawTypeThrows/0,factory,1
/Users/thiago/Documents/Thiago/CodeToAnalyze/retrofit/retrofit-adapters/java8/src/test/java/retrofit2/adapter/java8/Java8CallAdapterFactoryTest.java,retrofit2.adapter.java8.Java8CallAdapterFactoryTest,rawTypeThrows/0,retrofit,1
/Users/thiago/Documents/Thiago/CodeToAnalyze/retrofit/retrofit-adapters/java8/src/test/java/retrofit2/adapter/java8/Java8CallAdapterFactoryTest.java,retrofit2.adapter.java8.Java8CallAdapterFactoryTest,rawTypeThrows/0,NO_ANNOTATIONS,1
/Users/thiago/Documents/Thiago/CodeToAnalyze/retrofit/retrofit-adapters/java8/src/test/java/retrofit2/adapter/java8/Java8CallAdapterFactoryTest.java,retrofit2.adapter.java8.Java8CallAdapterFactoryTest,rawResponseTypeThrows/0,factory,1
/Users/thiago/Documents/Thiago/CodeToAnalyze/retrofit/retrofit-adapters/java8/src/test/java/retrofit2/adapter/java8/Java8CallAdapterFactoryTest.java,retrofit2.adapter.java8.Java8CallAdapterFactoryTest,rawResponseTypeThrows/0,retrofit,1
/Users/thiago/Documents/Thiago/CodeToAnalyze/retrofit/retrofit-adapters/java8/src/test/java/retrofit2/adapter/java8/Java8CallAdapterFactoryTest.java,retrofit2.adapter.java8.Java8CallAdapterFactoryTest,rawResponseTypeThrows/0,NO_ANNOTATIONS,1
/Users/thiago/Documents/Thiago/CodeToAnalyze/retrofit/retrofit-adapters/java8/src/test/java/retrofit2/adapter/java8/Java8CallAdapterFactoryTest.java,retrofit2.adapter.java8.Java8CallAdapterFactoryTest,nonListenableFutureReturnsNull/0,factory,1
/Users/thiago/Documents/Thiago/CodeToAnalyze/retrofit/retrofit-adapters/java8/src/test/java/retrofit2/adapter/java8/Java8CallAdapterFactoryTest.java,retrofit2.adapter.java8.Java8CallAdapterFactoryTest,nonListenableFutureReturnsNull/0,retrofit,1
/Users/thiago/Documents/Thiago/CodeToAnalyze/retrofit/retrofit-adapters/java8/src/test/java/retrofit2/adapter/java8/Java8CallAdapterFactoryTest.java,retrofit2.adapter.java8.Java8CallAdapterFactoryTest,nonListenableFutureReturnsNull/0,NO_ANNOTATIONS,1
/Users/thiago/Documents/Thiago/CodeToAnalyze/retrofit/retrofit-adapters/java8/src/test/java/retrofit2/adapter/java8/Java8CallAdapterFactoryTest.java,retrofit2.adapter.java8.Java8CallAdapterFactoryTest,setUp/0,server,1
/Users/thiago/Documents/Thiago/CodeToAnalyze/retrofit/retrofit-adapters/java8/src/test/java/retrofit2/adapter/java8/Java8CallAdapterFactoryTest.java,retrofit2.adapter.java8.Java8CallAdapterFactoryTest,setUp/0,factory,1
/Users/thiago/Documents/Thiago/CodeToAnalyze/retrofit/retrofit-adapters/java8/src/test/java/retrofit2/adapter/java8/Java8CallAdapterFactoryTest.java,retrofit2.adapter.java8.Java8CallAdapterFactoryTest,setUp/0,retrofit,1
/Users/thiago/Documents/Thiago/CodeToAnalyze/retrofit/retrofit-adapters/java8/src/test/java/retrofit2/adapter/java8/Java8CallAdapterFactoryTest.java,retrofit2.adapter.java8.Java8CallAdapterFactoryTest,responseType/0,factory,7
/Users/thiago/Documents/Thiago/CodeToAnalyze/retrofit/retrofit-adapters/java8/src/test/java/retrofit2/adapter/java8/Java8CallAdapterFactoryTest.java,retrofit2.adapter.java8.Java8CallAdapterFactoryTest,responseType/0,retrofit,7
/Users/thiago/Documents/Thiago/CodeToAnalyze/retrofit/retrofit-adapters/java8/src/test/java/retrofit2/adapter/java8/Java8CallAdapterFactoryTest.java,retrofit2.adapter.java8.Java8CallAdapterFactoryTest,responseType/0,NO_ANNOTATIONS,7
/Users/thiago/Documents/Thiago/CodeToAnalyze/retrofit/retrofit-mock/src/main/java/retrofit2/mock/BehaviorDelegate.java,retrofit2.mock.BehaviorDelegate$ServiceMethodAdapterInfo,"ServiceMethodAdapterInfo/3[boolean,boolean,java.lang.reflect.Type]",responseType,3
/Users/thiago/Documents/Thiago/CodeToAnalyze/retrofit/retrofit-mock/src/main/java/retrofit2/mock/BehaviorDelegate.java,retrofit2.mock.BehaviorDelegate$ServiceMethodAdapterInfo,"ServiceMethodAdapterInfo/3[boolean,boolean,java.lang.reflect.Type]",wantsResponse,3
/Users/thiago/Documents/Thiago/CodeToAnalyze/retrofit/retrofit-mock/src/main/java/retrofit2/mock/BehaviorDelegate.java,retrofit2.mock.BehaviorDelegate$ServiceMethodAdapterInfo,"ServiceMethodAdapterInfo/3[boolean,boolean,java.lang.reflect.Type]",isSuspend,3
/Users/thiago/Documents/Thiago/CodeToAnalyze/retrofit/retrofit-adapters/rxjava3/src/main/java/retrofit2/adapter/rxjava3/ResultObservable.java,retrofit2.adapter.rxjava3.ResultObservable$ResultObserver,onSubscribe/1[retrofit2.adapter.rxjava3.Disposable],observer,1
/Users/thiago/Documents/Thiago/CodeToAnalyze/retrofit/retrofit-adapters/rxjava3/src/main/java/retrofit2/adapter/rxjava3/ResultObservable.java,retrofit2.adapter.rxjava3.ResultObservable$ResultObserver,onError/1[java.lang.Throwable],observer,3
/Users/thiago/Documents/Thiago/CodeToAnalyze/retrofit/retrofit-adapters/rxjava3/src/main/java/retrofit2/adapter/rxjava3/ResultObservable.java,retrofit2.adapter.rxjava3.ResultObservable$ResultObserver,ResultObserver/1[retrofit2.adapter.rxjava3.Observer<? super retrofit2.adapter.rxjava3.Result<R>>],observer,3
/Users/thiago/Documents/Thiago/CodeToAnalyze/retrofit/retrofit-adapters/rxjava3/src/main/java/retrofit2/adapter/rxjava3/ResultObservable.java,retrofit2.adapter.rxjava3.ResultObservable$ResultObserver,onComplete/0,observer,1
/Users/thiago/Documents/Thiago/CodeToAnalyze/retrofit/retrofit-adapters/rxjava3/src/main/java/retrofit2/adapter/rxjava3/ResultObservable.java,retrofit2.adapter.rxjava3.ResultObservable$ResultObserver,onNext/1[retrofit2.Response<R>],observer,1
/Users/thiago/Documents/Thiago/CodeToAnalyze/retrofit/retrofit-mock/src/main/java/retrofit2/mock/Calls.java,retrofit2.mock.Calls$DeferredCall,getDelegate/0,delegate,2
/Users/thiago/Documents/Thiago/CodeToAnalyze/retrofit/retrofit-mock/src/main/java/retrofit2/mock/Calls.java,retrofit2.mock.Calls$DeferredCall,getDelegate/0,callable,1
/Users/thiago/Documents/Thiago/CodeToAnalyze/retrofit/retrofit-mock/src/main/java/retrofit2/mock/Calls.java,retrofit2.mock.Calls$DeferredCall,DeferredCall/1[java.util.concurrent.Callable<retrofit2.Call<T>>],callable,3
/Users/thiago/Documents/Thiago/CodeToAnalyze/retrofit/retrofit-mock/src/main/java/retrofit2/mock/Calls.java,retrofit2.mock.Calls$DeferredCall,clone/0,callable,1
/Users/thiago/Documents/Thiago/CodeToAnalyze/retrofit/retrofit-adapters/rxjava2/src/main/java/retrofit2/adapter/rxjava2/RxJava2CallAdapter.java,retrofit2.adapter.rxjava2.RxJava2CallAdapter,responseType/0,responseType,2
/Users/thiago/Documents/Thiago/CodeToAnalyze/retrofit/retrofit-adapters/rxjava2/src/main/java/retrofit2/adapter/rxjava2/RxJava2CallAdapter.java,retrofit2.adapter.rxjava2.RxJava2CallAdapter,adapt/1[retrofit2.Call<R>],scheduler,2
/Users/thiago/Documents/Thiago/CodeToAnalyze/retrofit/retrofit-adapters/rxjava2/src/main/java/retrofit2/adapter/rxjava2/RxJava2CallAdapter.java,retrofit2.adapter.rxjava2.RxJava2CallAdapter,adapt/1[retrofit2.Call<R>],isCompletable,1
/Users/thiago/Documents/Thiago/CodeToAnalyze/retrofit/retrofit-adapters/rxjava2/src/main/java/retrofit2/adapter/rxjava2/RxJava2CallAdapter.java,retrofit2.adapter.rxjava2.RxJava2CallAdapter,adapt/1[retrofit2.Call<R>],isFlowable,1
/Users/thiago/Documents/Thiago/CodeToAnalyze/retrofit/retrofit-adapters/rxjava2/src/main/java/retrofit2/adapter/rxjava2/RxJava2CallAdapter.java,retrofit2.adapter.rxjava2.RxJava2CallAdapter,adapt/1[retrofit2.Call<R>],isAsync,1
/Users/thiago/Documents/Thiago/CodeToAnalyze/retrofit/retrofit-adapters/rxjava2/src/main/java/retrofit2/adapter/rxjava2/RxJava2CallAdapter.java,retrofit2.adapter.rxjava2.RxJava2CallAdapter,adapt/1[retrofit2.Call<R>],isSingle,1
/Users/thiago/Documents/Thiago/CodeToAnalyze/retrofit/retrofit-adapters/rxjava2/src/main/java/retrofit2/adapter/rxjava2/RxJava2CallAdapter.java,retrofit2.adapter.rxjava2.RxJava2CallAdapter,adapt/1[retrofit2.Call<R>],isMaybe,1
/Users/thiago/Documents/Thiago/CodeToAnalyze/retrofit/retrofit-adapters/rxjava2/src/main/java/retrofit2/adapter/rxjava2/RxJava2CallAdapter.java,retrofit2.adapter.rxjava2.RxJava2CallAdapter,adapt/1[retrofit2.Call<R>],isResult,1
/Users/thiago/Documents/Thiago/CodeToAnalyze/retrofit/retrofit-adapters/rxjava2/src/main/java/retrofit2/adapter/rxjava2/RxJava2CallAdapter.java,retrofit2.adapter.rxjava2.RxJava2CallAdapter,adapt/1[retrofit2.Call<R>],isBody,1
/Users/thiago/Documents/Thiago/CodeToAnalyze/retrofit/retrofit-adapters/rxjava2/src/main/java/retrofit2/adapter/rxjava2/RxJava2CallAdapter.java,retrofit2.adapter.rxjava2.RxJava2CallAdapter,"RxJava2CallAdapter/9[java.lang.reflect.Type,retrofit2.adapter.rxjava2.Scheduler,boolean,boolean,boolean,boolean,boolean,boolean,boolean]",scheduler,3
/Users/thiago/Documents/Thiago/CodeToAnalyze/retrofit/retrofit-adapters/rxjava2/src/main/java/retrofit2/adapter/rxjava2/RxJava2CallAdapter.java,retrofit2.adapter.rxjava2.RxJava2CallAdapter,"RxJava2CallAdapter/9[java.lang.reflect.Type,retrofit2.adapter.rxjava2.Scheduler,boolean,boolean,boolean,boolean,boolean,boolean,boolean]",responseType,3
/Users/thiago/Documents/Thiago/CodeToAnalyze/retrofit/retrofit-adapters/rxjava2/src/main/java/retrofit2/adapter/rxjava2/RxJava2CallAdapter.java,retrofit2.adapter.rxjava2.RxJava2CallAdapter,"RxJava2CallAdapter/9[java.lang.reflect.Type,retrofit2.adapter.rxjava2.Scheduler,boolean,boolean,boolean,boolean,boolean,boolean,boolean]",isCompletable,3
/Users/thiago/Documents/Thiago/CodeToAnalyze/retrofit/retrofit-adapters/rxjava2/src/main/java/retrofit2/adapter/rxjava2/RxJava2CallAdapter.java,retrofit2.adapter.rxjava2.RxJava2CallAdapter,"RxJava2CallAdapter/9[java.lang.reflect.Type,retrofit2.adapter.rxjava2.Scheduler,boolean,boolean,boolean,boolean,boolean,boolean,boolean]",isFlowable,3
/Users/thiago/Documents/Thiago/CodeToAnalyze/retrofit/retrofit-adapters/rxjava2/src/main/java/retrofit2/adapter/rxjava2/RxJava2CallAdapter.java,retrofit2.adapter.rxjava2.RxJava2CallAdapter,"RxJava2CallAdapter/9[java.lang.reflect.Type,retrofit2.adapter.rxjava2.Scheduler,boolean,boolean,boolean,boolean,boolean,boolean,boolean]",isAsync,3
/Users/thiago/Documents/Thiago/CodeToAnalyze/retrofit/retrofit-adapters/rxjava2/src/main/java/retrofit2/adapter/rxjava2/RxJava2CallAdapter.java,retrofit2.adapter.rxjava2.RxJava2CallAdapter,"RxJava2CallAdapter/9[java.lang.reflect.Type,retrofit2.adapter.rxjava2.Scheduler,boolean,boolean,boolean,boolean,boolean,boolean,boolean]",isSingle,3
/Users/thiago/Documents/Thiago/CodeToAnalyze/retrofit/retrofit-adapters/rxjava2/src/main/java/retrofit2/adapter/rxjava2/RxJava2CallAdapter.java,retrofit2.adapter.rxjava2.RxJava2CallAdapter,"RxJava2CallAdapter/9[java.lang.reflect.Type,retrofit2.adapter.rxjava2.Scheduler,boolean,boolean,boolean,boolean,boolean,boolean,boolean]",isMaybe,3
/Users/thiago/Documents/Thiago/CodeToAnalyze/retrofit/retrofit-adapters/rxjava2/src/main/java/retrofit2/adapter/rxjava2/RxJava2CallAdapter.java,retrofit2.adapter.rxjava2.RxJava2CallAdapter,"RxJava2CallAdapter/9[java.lang.reflect.Type,retrofit2.adapter.rxjava2.Scheduler,boolean,boolean,boolean,boolean,boolean,boolean,boolean]",isResult,3
/Users/thiago/Documents/Thiago/CodeToAnalyze/retrofit/retrofit-adapters/rxjava2/src/main/java/retrofit2/adapter/rxjava2/RxJava2CallAdapter.java,retrofit2.adapter.rxjava2.RxJava2CallAdapter,"RxJava2CallAdapter/9[java.lang.reflect.Type,retrofit2.adapter.rxjava2.Scheduler,boolean,boolean,boolean,boolean,boolean,boolean,boolean]",isBody,3
/Users/thiago/Documents/Thiago/CodeToAnalyze/retrofit/retrofit/java-test/src/test/java/retrofit2/Java8DefaultStaticMethodsInValidationTest.java,retrofit2.Java8DefaultStaticMethodsInValidationTest,test/0,server,1
/Users/thiago/Documents/Thiago/CodeToAnalyze/retrofit/retrofit-adapters/rxjava/src/test/java/retrofit2/adapter/rxjava/RxJavaCallAdapterFactoryTest.java,retrofit2.adapter.rxjava.RxJavaCallAdapterFactoryTest,rawResponseTypeThrows/0,factory,2
/Users/thiago/Documents/Thiago/CodeToAnalyze/retrofit/retrofit-adapters/rxjava/src/test/java/retrofit2/adapter/rxjava/RxJavaCallAdapterFactoryTest.java,retrofit2.adapter.rxjava.RxJavaCallAdapterFactoryTest,rawResponseTypeThrows/0,retrofit,2
/Users/thiago/Documents/Thiago/CodeToAnalyze/retrofit/retrofit-adapters/rxjava/src/test/java/retrofit2/adapter/rxjava/RxJavaCallAdapterFactoryTest.java,retrofit2.adapter.rxjava.RxJavaCallAdapterFactoryTest,rawResponseTypeThrows/0,NO_ANNOTATIONS,2
/Users/thiago/Documents/Thiago/CodeToAnalyze/retrofit/retrofit-adapters/rxjava/src/test/java/retrofit2/adapter/rxjava/RxJavaCallAdapterFactoryTest.java,retrofit2.adapter.rxjava.RxJavaCallAdapterFactoryTest,responseTypes/0,factory,14
/Users/thiago/Documents/Thiago/CodeToAnalyze/retrofit/retrofit-adapters/rxjava/src/test/java/retrofit2/adapter/rxjava/RxJavaCallAdapterFactoryTest.java,retrofit2.adapter.rxjava.RxJavaCallAdapterFactoryTest,responseTypes/0,retrofit,14
/Users/thiago/Documents/Thiago/CodeToAnalyze/retrofit/retrofit-adapters/rxjava/src/test/java/retrofit2/adapter/rxjava/RxJavaCallAdapterFactoryTest.java,retrofit2.adapter.rxjava.RxJavaCallAdapterFactoryTest,responseTypes/0,NO_ANNOTATIONS,14
/Users/thiago/Documents/Thiago/CodeToAnalyze/retrofit/retrofit-adapters/rxjava/src/test/java/retrofit2/adapter/rxjava/RxJavaCallAdapterFactoryTest.java,retrofit2.adapter.rxjava.RxJavaCallAdapterFactoryTest,nonRxJavaTypeReturnsNull/0,factory,1
/Users/thiago/Documents/Thiago/CodeToAnalyze/retrofit/retrofit-adapters/rxjava/src/test/java/retrofit2/adapter/rxjava/RxJavaCallAdapterFactoryTest.java,retrofit2.adapter.rxjava.RxJavaCallAdapterFactoryTest,nonRxJavaTypeReturnsNull/0,retrofit,1
/Users/thiago/Documents/Thiago/CodeToAnalyze/retrofit/retrofit-adapters/rxjava/src/test/java/retrofit2/adapter/rxjava/RxJavaCallAdapterFactoryTest.java,retrofit2.adapter.rxjava.RxJavaCallAdapterFactoryTest,nonRxJavaTypeReturnsNull/0,NO_ANNOTATIONS,1
/Users/thiago/Documents/Thiago/CodeToAnalyze/retrofit/retrofit-adapters/rxjava/src/test/java/retrofit2/adapter/rxjava/RxJavaCallAdapterFactoryTest.java,retrofit2.adapter.rxjava.RxJavaCallAdapterFactoryTest,rawBodyTypeThrows/0,factory,2
/Users/thiago/Documents/Thiago/CodeToAnalyze/retrofit/retrofit-adapters/rxjava/src/test/java/retrofit2/adapter/rxjava/RxJavaCallAdapterFactoryTest.java,retrofit2.adapter.rxjava.RxJavaCallAdapterFactoryTest,rawBodyTypeThrows/0,retrofit,2
/Users/thiago/Documents/Thiago/CodeToAnalyze/retrofit/retrofit-adapters/rxjava/src/test/java/retrofit2/adapter/rxjava/RxJavaCallAdapterFactoryTest.java,retrofit2.adapter.rxjava.RxJavaCallAdapterFactoryTest,rawBodyTypeThrows/0,NO_ANNOTATIONS,2
/Users/thiago/Documents/Thiago/CodeToAnalyze/retrofit/retrofit-adapters/rxjava/src/test/java/retrofit2/adapter/rxjava/RxJavaCallAdapterFactoryTest.java,retrofit2.adapter.rxjava.RxJavaCallAdapterFactoryTest,setUp/0,factory,1
/Users/thiago/Documents/Thiago/CodeToAnalyze/retrofit/retrofit-adapters/rxjava/src/test/java/retrofit2/adapter/rxjava/RxJavaCallAdapterFactoryTest.java,retrofit2.adapter.rxjava.RxJavaCallAdapterFactoryTest,setUp/0,retrofit,1
/Users/thiago/Documents/Thiago/CodeToAnalyze/retrofit/retrofit-adapters/rxjava/src/test/java/retrofit2/adapter/rxjava/RxJavaCallAdapterFactoryTest.java,retrofit2.adapter.rxjava.RxJavaCallAdapterFactoryTest,rawResultTypeThrows/0,factory,2
/Users/thiago/Documents/Thiago/CodeToAnalyze/retrofit/retrofit-adapters/rxjava/src/test/java/retrofit2/adapter/rxjava/RxJavaCallAdapterFactoryTest.java,retrofit2.adapter.rxjava.RxJavaCallAdapterFactoryTest,rawResultTypeThrows/0,retrofit,2
/Users/thiago/Documents/Thiago/CodeToAnalyze/retrofit/retrofit-adapters/rxjava/src/test/java/retrofit2/adapter/rxjava/RxJavaCallAdapterFactoryTest.java,retrofit2.adapter.rxjava.RxJavaCallAdapterFactoryTest,rawResultTypeThrows/0,NO_ANNOTATIONS,2
/Users/thiago/Documents/Thiago/CodeToAnalyze/retrofit/retrofit/java-test/src/test/java/retrofit2/RequestFactoryTest.java,retrofit2.RequestFactoryTest,malformedContentTypeHeaderThrows/0,TEXT_PLAIN,1
/Users/thiago/Documents/Thiago/CodeToAnalyze/retrofit/retrofit/java-test/src/test/java/retrofit2/RequestFactoryTest.java,retrofit2.RequestFactoryTest,malformedContentTypeParameterThrows/0,TEXT_PLAIN,1
/Users/thiago/Documents/Thiago/CodeToAnalyze/retrofit/retrofit/java-test/src/test/java/retrofit2/RequestFactoryTest.java,retrofit2.RequestFactoryTest,simpleMultipart/0,TEXT_PLAIN,1
/Users/thiago/Documents/Thiago/CodeToAnalyze/retrofit/retrofit/java-test/src/test/java/retrofit2/RequestFactoryTest.java,retrofit2.RequestFactoryTest,customMethodWithBody/0,TEXT_PLAIN,1
/Users/thiago/Documents/Thiago/CodeToAnalyze/retrofit/retrofit/java-test/src/test/java/retrofit2/RequestFactoryTest.java,retrofit2.RequestFactoryTest,put/0,TEXT_PLAIN,1
/Users/thiago/Documents/Thiago/CodeToAnalyze/retrofit/retrofit/java-test/src/test/java/retrofit2/RequestFactoryTest.java,retrofit2.RequestFactoryTest,postWithUrl/0,TEXT_PLAIN,1
/Users/thiago/Documents/Thiago/CodeToAnalyze/retrofit/retrofit/java-test/src/test/java/retrofit2/RequestFactoryTest.java,retrofit2.RequestFactoryTest,multipartWithEncoding/0,TEXT_PLAIN,1
/Users/thiago/Documents/Thiago/CodeToAnalyze/retrofit/retrofit/java-test/src/test/java/retrofit2/RequestFactoryTest.java,retrofit2.RequestFactoryTest,post/0,TEXT_PLAIN,1
/Users/thiago/Documents/Thiago/CodeToAnalyze/retrofit/retrofit/java-test/src/test/java/retrofit2/RequestFactoryTest.java,retrofit2.RequestFactoryTest,bodyWithPathParams/0,TEXT_PLAIN,1
/Users/thiago/Documents/Thiago/CodeToAnalyze/retrofit/retrofit/java-test/src/test/java/retrofit2/RequestFactoryTest.java,retrofit2.RequestFactoryTest,normalPostWithPathParam/0,TEXT_PLAIN,1
/Users/thiago/Documents/Thiago/CodeToAnalyze/retrofit/retrofit/java-test/src/test/java/retrofit2/RequestFactoryTest.java,retrofit2.RequestFactoryTest,patch/0,TEXT_PLAIN,1
/Users/thiago/Documents/Thiago/CodeToAnalyze/retrofit/retrofit/java-test/src/test/java/retrofit2/RequestFactoryTest.java,retrofit2.RequestFactoryTest,contentTypeAnnotationHeaderOverrides/0,TEXT_PLAIN,1
/Users/thiago/Documents/Thiago/CodeToAnalyze/retrofit/retrofit/java-test/src/test/java/retrofit2/RequestFactoryTest.java,retrofit2.RequestFactoryTest,contentTypeParameterHeaderOverrides/0,TEXT_PLAIN,1
/Users/thiago/Documents/Thiago/CodeToAnalyze/retrofit/retrofit/java-test/src/test/java/retrofit2/RequestFactoryTest.java,retrofit2.RequestFactoryTest,contentTypeAnnotationHeaderOverridesMultipart/0,TEXT_PLAIN,1
/Users/thiago/Documents/Thiago/CodeToAnalyze/retrofit/retrofit/kotlin-test/src/test/java/retrofit2/KotlinUnitTest.java,retrofit2.KotlinUnitTest,unitGet/0,server,2
/Users/thiago/Documents/Thiago/CodeToAnalyze/retrofit/retrofit/kotlin-test/src/test/java/retrofit2/KotlinUnitTest.java,retrofit2.KotlinUnitTest,unitHead/0,server,2
/Users/thiago/Documents/Thiago/CodeToAnalyze/retrofit/retrofit-adapters/rxjava2/src/test/java/retrofit2/adapter/rxjava2/MaybeThrowingTest.java,retrofit2.adapter.rxjava2.MaybeThrowingTest$ForwardingObserver,onSuccess/1[T],delegate,1
/Users/thiago/Documents/Thiago/CodeToAnalyze/retrofit/retrofit-adapters/rxjava2/src/test/java/retrofit2/adapter/rxjava2/MaybeThrowingTest.java,retrofit2.adapter.rxjava2.MaybeThrowingTest$ForwardingObserver,onError/1[java.lang.Throwable],delegate,1
/Users/thiago/Documents/Thiago/CodeToAnalyze/retrofit/retrofit-adapters/rxjava2/src/test/java/retrofit2/adapter/rxjava2/MaybeThrowingTest.java,retrofit2.adapter.rxjava2.MaybeThrowingTest$ForwardingObserver,onComplete/0,delegate,1
/Users/thiago/Documents/Thiago/CodeToAnalyze/retrofit/retrofit-adapters/rxjava2/src/test/java/retrofit2/adapter/rxjava2/MaybeThrowingTest.java,retrofit2.adapter.rxjava2.MaybeThrowingTest$ForwardingObserver,onSubscribe/1[retrofit2.adapter.rxjava2.Disposable],delegate,1
/Users/thiago/Documents/Thiago/CodeToAnalyze/retrofit/retrofit-adapters/rxjava2/src/test/java/retrofit2/adapter/rxjava2/MaybeThrowingTest.java,retrofit2.adapter.rxjava2.MaybeThrowingTest$ForwardingObserver,ForwardingObserver/1[retrofit2.adapter.rxjava2.MaybeObserver<T>],delegate,3
/Users/thiago/Documents/Thiago/CodeToAnalyze/retrofit/retrofit-adapters/rxjava2/src/main/java/retrofit2/adapter/rxjava2/CallEnqueueObservable.java,retrofit2.adapter.rxjava2.CallEnqueueObservable$CallCallback,"CallCallback/2[retrofit2.Call<?>,retrofit2.adapter.rxjava2.Observer<? super retrofit2.Response<T>>]",call,3
/Users/thiago/Documents/Thiago/CodeToAnalyze/retrofit/retrofit-adapters/rxjava2/src/main/java/retrofit2/adapter/rxjava2/CallEnqueueObservable.java,retrofit2.adapter.rxjava2.CallEnqueueObservable$CallCallback,"CallCallback/2[retrofit2.Call<?>,retrofit2.adapter.rxjava2.Observer<? super retrofit2.Response<T>>]",observer,3
/Users/thiago/Documents/Thiago/CodeToAnalyze/retrofit/retrofit-adapters/rxjava2/src/main/java/retrofit2/adapter/rxjava2/CallEnqueueObservable.java,retrofit2.adapter.rxjava2.CallEnqueueObservable$CallCallback,"onResponse/2[retrofit2.Call<T>,retrofit2.Response<T>]",call,1
/Users/thiago/Documents/Thiago/CodeToAnalyze/retrofit/retrofit-adapters/rxjava2/src/main/java/retrofit2/adapter/rxjava2/CallEnqueueObservable.java,retrofit2.adapter.rxjava2.CallEnqueueObservable$CallCallback,"onResponse/2[retrofit2.Call<T>,retrofit2.Response<T>]",observer,3
/Users/thiago/Documents/Thiago/CodeToAnalyze/retrofit/retrofit-adapters/rxjava2/src/main/java/retrofit2/adapter/rxjava2/CallEnqueueObservable.java,retrofit2.adapter.rxjava2.CallEnqueueObservable$CallCallback,"onResponse/2[retrofit2.Call<T>,retrofit2.Response<T>]",disposed,3
/Users/thiago/Documents/Thiago/CodeToAnalyze/retrofit/retrofit-adapters/rxjava2/src/main/java/retrofit2/adapter/rxjava2/CallEnqueueObservable.java,retrofit2.adapter.rxjava2.CallEnqueueObservable$CallCallback,"onResponse/2[retrofit2.Call<T>,retrofit2.Response<T>]",terminated,2
/Users/thiago/Documents/Thiago/CodeToAnalyze/retrofit/retrofit-adapters/rxjava2/src/main/java/retrofit2/adapter/rxjava2/CallEnqueueObservable.java,retrofit2.adapter.rxjava2.CallEnqueueObservable$CallCallback,"onFailure/2[retrofit2.Call<T>,java.lang.Throwable]",call,2
/Users/thiago/Documents/Thiago/CodeToAnalyze/retrofit/retrofit-adapters/rxjava2/src/main/java/retrofit2/adapter/rxjava2/CallEnqueueObservable.java,retrofit2.adapter.rxjava2.CallEnqueueObservable$CallCallback,"onFailure/2[retrofit2.Call<T>,java.lang.Throwable]",observer,1
/Users/thiago/Documents/Thiago/CodeToAnalyze/retrofit/retrofit-adapters/rxjava2/src/main/java/retrofit2/adapter/rxjava2/CallEnqueueObservable.java,retrofit2.adapter.rxjava2.CallEnqueueObservable$CallCallback,dispose/0,call,1
/Users/thiago/Documents/Thiago/CodeToAnalyze/retrofit/retrofit-adapters/rxjava2/src/main/java/retrofit2/adapter/rxjava2/CallEnqueueObservable.java,retrofit2.adapter.rxjava2.CallEnqueueObservable$CallCallback,dispose/0,disposed,1
/Users/thiago/Documents/Thiago/CodeToAnalyze/retrofit/retrofit-adapters/rxjava2/src/main/java/retrofit2/adapter/rxjava2/CallEnqueueObservable.java,retrofit2.adapter.rxjava2.CallEnqueueObservable$CallCallback,isDisposed/0,disposed,1
/Users/thiago/Documents/Thiago/CodeToAnalyze/retrofit/retrofit-adapters/rxjava3/src/test/java/retrofit2/adapter/rxjava3/RecordingSingleObserver.java,retrofit2.adapter.rxjava3.RecordingSingleObserver$Rule,create/0,subscribers,1
/Users/thiago/Documents/Thiago/CodeToAnalyze/retrofit/samples/src/main/java/com/example/retrofit/SimpleService.java,com.example.retrofit.SimpleService,main/1[java.lang.String[]],API_URL,1
/Users/thiago/Documents/Thiago/CodeToAnalyze/retrofit/retrofit/src/main/java/retrofit2/RequestBuilder.java,retrofit2.RequestBuilder,"addQueryParam/3[java.lang.String,java.lang.String,boolean]",baseUrl,2
/Users/thiago/Documents/Thiago/CodeToAnalyze/retrofit/retrofit/src/main/java/retrofit2/RequestBuilder.java,retrofit2.RequestBuilder,"addQueryParam/3[java.lang.String,java.lang.String,boolean]",urlBuilder,4
/Users/thiago/Documents/Thiago/CodeToAnalyze/retrofit/retrofit/src/main/java/retrofit2/RequestBuilder.java,retrofit2.RequestBuilder,"addQueryParam/3[java.lang.String,java.lang.String,boolean]",relativeUrl,4
/Users/thiago/Documents/Thiago/CodeToAnalyze/retrofit/retrofit/src/main/java/retrofit2/RequestBuilder.java,retrofit2.RequestBuilder,"addTag/2[java.lang.Class<T>,T]",requestBuilder,1
/Users/thiago/Documents/Thiago/CodeToAnalyze/retrofit/retrofit/src/main/java/retrofit2/RequestBuilder.java,retrofit2.RequestBuilder,"canonicalizeForPath/2[java.lang.String,boolean]",PATH_SEGMENT_ALWAYS_ENCODE_SET,1
/Users/thiago/Documents/Thiago/CodeToAnalyze/retrofit/retrofit/src/main/java/retrofit2/RequestBuilder.java,retrofit2.RequestBuilder,setRelativeUrl/1[java.lang.Object],relativeUrl,3
/Users/thiago/Documents/Thiago/CodeToAnalyze/retrofit/retrofit/src/main/java/retrofit2/RequestBuilder.java,retrofit2.RequestBuilder,"addHeader/3[java.lang.String,java.lang.String,boolean]",headersBuilder,2
/Users/thiago/Documents/Thiago/CodeToAnalyze/retrofit/retrofit/src/main/java/retrofit2/RequestBuilder.java,retrofit2.RequestBuilder,"addHeader/3[java.lang.String,java.lang.String,boolean]",contentType,1
/Users/thiago/Documents/Thiago/CodeToAnalyze/retrofit/retrofit/src/main/java/retrofit2/RequestBuilder.java,retrofit2.RequestBuilder,"addPart/2[retrofit2.Headers,retrofit2.RequestBody]",body,2
/Users/thiago/Documents/Thiago/CodeToAnalyze/retrofit/retrofit/src/main/java/retrofit2/RequestBuilder.java,retrofit2.RequestBuilder,"addPart/2[retrofit2.Headers,retrofit2.RequestBody]",multipartBuilder,1
/Users/thiago/Documents/Thiago/CodeToAnalyze/retrofit/retrofit/src/main/java/retrofit2/RequestBuilder.java,retrofit2.RequestBuilder,addPart/1[MultipartBody.Part],multipartBuilder,1
/Users/thiago/Documents/Thiago/CodeToAnalyze/retrofit/retrofit/src/main/java/retrofit2/RequestBuilder.java,retrofit2.RequestBuilder,"addPathParam/3[java.lang.String,java.lang.String,boolean]",PATH_TRAVERSAL,1
/Users/thiago/Documents/Thiago/CodeToAnalyze/retrofit/retrofit/src/main/java/retrofit2/RequestBuilder.java,retrofit2.RequestBuilder,"addPathParam/3[java.lang.String,java.lang.String,boolean]",relativeUrl,3
/Users/thiago/Documents/Thiago/CodeToAnalyze/retrofit/retrofit/src/main/java/retrofit2/RequestBuilder.java,retrofit2.RequestBuilder,get/0,baseUrl,2
/Users/thiago/Documents/Thiago/CodeToAnalyze/retrofit/retrofit/src/main/java/retrofit2/RequestBuilder.java,retrofit2.RequestBuilder,get/0,headersBuilder,2
/Users/thiago/Documents/Thiago/CodeToAnalyze/retrofit/retrofit/src/main/java/retrofit2/RequestBuilder.java,retrofit2.RequestBuilder,get/0,method,2
/Users/thiago/Documents/Thiago/CodeToAnalyze/retrofit/retrofit/src/main/java/retrofit2/RequestBuilder.java,retrofit2.RequestBuilder,get/0,urlBuilder,1
/Users/thiago/Documents/Thiago/CodeToAnalyze/retrofit/retrofit/src/main/java/retrofit2/RequestBuilder.java,retrofit2.RequestBuilder,get/0,formBuilder,2
/Users/thiago/Documents/Thiago/CodeToAnalyze/retrofit/retrofit/src/main/java/retrofit2/RequestBuilder.java,retrofit2.RequestBuilder,get/0,relativeUrl,2
/Users/thiago/Documents/Thiago/CodeToAnalyze/retrofit/retrofit/src/main/java/retrofit2/RequestBuilder.java,retrofit2.RequestBuilder,get/0,body,1
/Users/thiago/Documents/Thiago/CodeToAnalyze/retrofit/retrofit/src/main/java/retrofit2/RequestBuilder.java,retrofit2.RequestBuilder,get/0,contentType,1
/Users/thiago/Documents/Thiago/CodeToAnalyze/retrofit/retrofit/src/main/java/retrofit2/RequestBuilder.java,retrofit2.RequestBuilder,get/0,requestBuilder,1
/Users/thiago/Documents/Thiago/CodeToAnalyze/retrofit/retrofit/src/main/java/retrofit2/RequestBuilder.java,retrofit2.RequestBuilder,get/0,hasBody,1
/Users/thiago/Documents/Thiago/CodeToAnalyze/retrofit/retrofit/src/main/java/retrofit2/RequestBuilder.java,retrofit2.RequestBuilder,get/0,multipartBuilder,2
/Users/thiago/Documents/Thiago/CodeToAnalyze/retrofit/retrofit/src/main/java/retrofit2/RequestBuilder.java,retrofit2.RequestBuilder,"RequestBuilder/8[java.lang.String,retrofit2.HttpUrl,java.lang.String,retrofit2.Headers,retrofit2.MediaType,boolean,boolean,boolean]",baseUrl,3
/Users/thiago/Documents/Thiago/CodeToAnalyze/retrofit/retrofit/src/main/java/retrofit2/RequestBuilder.java,retrofit2.RequestBuilder,"RequestBuilder/8[java.lang.String,retrofit2.HttpUrl,java.lang.String,retrofit2.Headers,retrofit2.MediaType,boolean,boolean,boolean]",headersBuilder,2
/Users/thiago/Documents/Thiago/CodeToAnalyze/retrofit/retrofit/src/main/java/retrofit2/RequestBuilder.java,retrofit2.RequestBuilder,"RequestBuilder/8[java.lang.String,retrofit2.HttpUrl,java.lang.String,retrofit2.Headers,retrofit2.MediaType,boolean,boolean,boolean]",method,3
/Users/thiago/Documents/Thiago/CodeToAnalyze/retrofit/retrofit/src/main/java/retrofit2/RequestBuilder.java,retrofit2.RequestBuilder,"RequestBuilder/8[java.lang.String,retrofit2.HttpUrl,java.lang.String,retrofit2.Headers,retrofit2.MediaType,boolean,boolean,boolean]",formBuilder,1
/Users/thiago/Documents/Thiago/CodeToAnalyze/retrofit/retrofit/src/main/java/retrofit2/RequestBuilder.java,retrofit2.RequestBuilder,"RequestBuilder/8[java.lang.String,retrofit2.HttpUrl,java.lang.String,retrofit2.Headers,retrofit2.MediaType,boolean,boolean,boolean]",relativeUrl,3
/Users/thiago/Documents/Thiago/CodeToAnalyze/retrofit/retrofit/src/main/java/retrofit2/RequestBuilder.java,retrofit2.RequestBuilder,"RequestBuilder/8[java.lang.String,retrofit2.HttpUrl,java.lang.String,retrofit2.Headers,retrofit2.MediaType,boolean,boolean,boolean]",contentType,3
/Users/thiago/Documents/Thiago/CodeToAnalyze/retrofit/retrofit/src/main/java/retrofit2/RequestBuilder.java,retrofit2.RequestBuilder,"RequestBuilder/8[java.lang.String,retrofit2.HttpUrl,java.lang.String,retrofit2.Headers,retrofit2.MediaType,boolean,boolean,boolean]",requestBuilder,1
/Users/thiago/Documents/Thiago/CodeToAnalyze/retrofit/retrofit/src/main/java/retrofit2/RequestBuilder.java,retrofit2.RequestBuilder,"RequestBuilder/8[java.lang.String,retrofit2.HttpUrl,java.lang.String,retrofit2.Headers,retrofit2.MediaType,boolean,boolean,boolean]",hasBody,3
/Users/thiago/Documents/Thiago/CodeToAnalyze/retrofit/retrofit/src/main/java/retrofit2/RequestBuilder.java,retrofit2.RequestBuilder,"RequestBuilder/8[java.lang.String,retrofit2.HttpUrl,java.lang.String,retrofit2.Headers,retrofit2.MediaType,boolean,boolean,boolean]",multipartBuilder,2
/Users/thiago/Documents/Thiago/CodeToAnalyze/retrofit/retrofit/src/main/java/retrofit2/RequestBuilder.java,retrofit2.RequestBuilder,addHeaders/1[retrofit2.Headers],headersBuilder,1
/Users/thiago/Documents/Thiago/CodeToAnalyze/retrofit/retrofit/src/main/java/retrofit2/RequestBuilder.java,retrofit2.RequestBuilder,"addFormField/3[java.lang.String,java.lang.String,boolean]",formBuilder,2
/Users/thiago/Documents/Thiago/CodeToAnalyze/retrofit/retrofit/src/main/java/retrofit2/RequestBuilder.java,retrofit2.RequestBuilder,setBody/1[retrofit2.RequestBody],body,3
/Users/thiago/Documents/Thiago/CodeToAnalyze/retrofit/retrofit/src/main/java/retrofit2/RequestBuilder.java,retrofit2.RequestBuilder,"canonicalizeForPath/5[retrofit2.Buffer,java.lang.String,int,int,boolean]",PATH_SEGMENT_ALWAYS_ENCODE_SET,1
/Users/thiago/Documents/Thiago/CodeToAnalyze/retrofit/retrofit/src/main/java/retrofit2/RequestBuilder.java,retrofit2.RequestBuilder,"canonicalizeForPath/5[retrofit2.Buffer,java.lang.String,int,int,boolean]",HEX_DIGITS,2
/Users/thiago/Documents/Thiago/CodeToAnalyze/retrofit/retrofit-adapters/rxjava3/src/main/java/retrofit2/adapter/rxjava3/CallExecuteObservable.java,retrofit2.adapter.rxjava3.CallExecuteObservable$CallDisposable,dispose/0,call,1
/Users/thiago/Documents/Thiago/CodeToAnalyze/retrofit/retrofit-adapters/rxjava3/src/main/java/retrofit2/adapter/rxjava3/CallExecuteObservable.java,retrofit2.adapter.rxjava3.CallExecuteObservable$CallDisposable,dispose/0,disposed,1
/Users/thiago/Documents/Thiago/CodeToAnalyze/retrofit/retrofit-adapters/rxjava3/src/main/java/retrofit2/adapter/rxjava3/CallExecuteObservable.java,retrofit2.adapter.rxjava3.CallExecuteObservable$CallDisposable,CallDisposable/1[retrofit2.Call<?>],call,3
/Users/thiago/Documents/Thiago/CodeToAnalyze/retrofit/retrofit-adapters/rxjava3/src/main/java/retrofit2/adapter/rxjava3/CallExecuteObservable.java,retrofit2.adapter.rxjava3.CallExecuteObservable$CallDisposable,isDisposed/0,disposed,1
/Users/thiago/Documents/Thiago/CodeToAnalyze/retrofit/retrofit-converters/jaxb/src/main/java/retrofit2/converter/jaxb/JaxbResponseConverter.java,retrofit2.converter.jaxb.JaxbResponseConverter,convert/1[retrofit2.converter.jaxb.ResponseBody],xmlInputFactory,1
/Users/thiago/Documents/Thiago/CodeToAnalyze/retrofit/retrofit-converters/jaxb/src/main/java/retrofit2/converter/jaxb/JaxbResponseConverter.java,retrofit2.converter.jaxb.JaxbResponseConverter,convert/1[retrofit2.converter.jaxb.ResponseBody],context,1
/Users/thiago/Documents/Thiago/CodeToAnalyze/retrofit/retrofit-converters/jaxb/src/main/java/retrofit2/converter/jaxb/JaxbResponseConverter.java,retrofit2.converter.jaxb.JaxbResponseConverter,convert/1[retrofit2.converter.jaxb.ResponseBody],type,1
/Users/thiago/Documents/Thiago/CodeToAnalyze/retrofit/retrofit-converters/jaxb/src/main/java/retrofit2/converter/jaxb/JaxbResponseConverter.java,retrofit2.converter.jaxb.JaxbResponseConverter,"JaxbResponseConverter/2[retrofit2.converter.jaxb.JAXBContext,java.lang.Class<T>]",xmlInputFactory,2
/Users/thiago/Documents/Thiago/CodeToAnalyze/retrofit/retrofit-converters/jaxb/src/main/java/retrofit2/converter/jaxb/JaxbResponseConverter.java,retrofit2.converter.jaxb.JaxbResponseConverter,"JaxbResponseConverter/2[retrofit2.converter.jaxb.JAXBContext,java.lang.Class<T>]",context,3
/Users/thiago/Documents/Thiago/CodeToAnalyze/retrofit/retrofit-converters/jaxb/src/main/java/retrofit2/converter/jaxb/JaxbResponseConverter.java,retrofit2.converter.jaxb.JaxbResponseConverter,"JaxbResponseConverter/2[retrofit2.converter.jaxb.JAXBContext,java.lang.Class<T>]",type,3
/Users/thiago/Documents/Thiago/CodeToAnalyze/retrofit/retrofit-adapters/guava/src/main/java/retrofit2/adapter/guava/GuavaCallAdapterFactory.java,retrofit2.adapter.guava.GuavaCallAdapterFactory$CallCancelListenableFuture,CallCancelListenableFuture/1[retrofit2.Call<?>],call,3
/Users/thiago/Documents/Thiago/CodeToAnalyze/retrofit/retrofit-adapters/guava/src/main/java/retrofit2/adapter/guava/GuavaCallAdapterFactory.java,retrofit2.adapter.guava.GuavaCallAdapterFactory$CallCancelListenableFuture,interruptTask/0,call,1
/Users/thiago/Documents/Thiago/CodeToAnalyze/retrofit/retrofit-adapters/rxjava2/src/test/java/retrofit2/adapter/rxjava2/RecordingSingleObserver.java,retrofit2.adapter.rxjava2.RecordingSingleObserver,onError/1[java.lang.Throwable],events,1
/Users/thiago/Documents/Thiago/CodeToAnalyze/retrofit/retrofit-adapters/rxjava2/src/test/java/retrofit2/adapter/rxjava2/RecordingSingleObserver.java,retrofit2.adapter.rxjava2.RecordingSingleObserver,assertNoEvents/0,events,1
/Users/thiago/Documents/Thiago/CodeToAnalyze/retrofit/retrofit-adapters/rxjava2/src/test/java/retrofit2/adapter/rxjava2/RecordingSingleObserver.java,retrofit2.adapter.rxjava2.RecordingSingleObserver,onSuccess/1[T],events,1
/Users/thiago/Documents/Thiago/CodeToAnalyze/retrofit/retrofit-adapters/rxjava2/src/test/java/retrofit2/adapter/rxjava2/RecordingSingleObserver.java,retrofit2.adapter.rxjava2.RecordingSingleObserver,takeNotification/0,events,1
/Users/thiago/Documents/Thiago/CodeToAnalyze/retrofit/retrofit-adapters/rxjava2/src/test/java/retrofit2/adapter/rxjava2/ObservableThrowingTest.java,retrofit2.adapter.rxjava2.ObservableThrowingTest,bodyThrowingInOnErrorDeliveredToPlugin/0,server,1
/Users/thiago/Documents/Thiago/CodeToAnalyze/retrofit/retrofit-adapters/rxjava2/src/test/java/retrofit2/adapter/rxjava2/ObservableThrowingTest.java,retrofit2.adapter.rxjava2.ObservableThrowingTest,bodyThrowingInOnErrorDeliveredToPlugin/0,subscriberRule,1
/Users/thiago/Documents/Thiago/CodeToAnalyze/retrofit/retrofit-adapters/rxjava2/src/test/java/retrofit2/adapter/rxjava2/ObservableThrowingTest.java,retrofit2.adapter.rxjava2.ObservableThrowingTest,bodyThrowingInOnErrorDeliveredToPlugin/0,service,1
/Users/thiago/Documents/Thiago/CodeToAnalyze/retrofit/retrofit-adapters/rxjava2/src/test/java/retrofit2/adapter/rxjava2/ObservableThrowingTest.java,retrofit2.adapter.rxjava2.ObservableThrowingTest,resultThrowingInOnNextDeliveredToError/0,server,1
/Users/thiago/Documents/Thiago/CodeToAnalyze/retrofit/retrofit-adapters/rxjava2/src/test/java/retrofit2/adapter/rxjava2/ObservableThrowingTest.java,retrofit2.adapter.rxjava2.ObservableThrowingTest,resultThrowingInOnNextDeliveredToError/0,subscriberRule,1
/Users/thiago/Documents/Thiago/CodeToAnalyze/retrofit/retrofit-adapters/rxjava2/src/test/java/retrofit2/adapter/rxjava2/ObservableThrowingTest.java,retrofit2.adapter.rxjava2.ObservableThrowingTest,resultThrowingInOnNextDeliveredToError/0,service,1
/Users/thiago/Documents/Thiago/CodeToAnalyze/retrofit/retrofit-adapters/rxjava2/src/test/java/retrofit2/adapter/rxjava2/ObservableThrowingTest.java,retrofit2.adapter.rxjava2.ObservableThrowingTest,bodyThrowingInOnCompleteDeliveredToPlugin/0,server,1
/Users/thiago/Documents/Thiago/CodeToAnalyze/retrofit/retrofit-adapters/rxjava2/src/test/java/retrofit2/adapter/rxjava2/ObservableThrowingTest.java,retrofit2.adapter.rxjava2.ObservableThrowingTest,bodyThrowingInOnCompleteDeliveredToPlugin/0,subscriberRule,1
/Users/thiago/Documents/Thiago/CodeToAnalyze/retrofit/retrofit-adapters/rxjava2/src/test/java/retrofit2/adapter/rxjava2/ObservableThrowingTest.java,retrofit2.adapter.rxjava2.ObservableThrowingTest,bodyThrowingInOnCompleteDeliveredToPlugin/0,service,1
/Users/thiago/Documents/Thiago/CodeToAnalyze/retrofit/retrofit-adapters/rxjava2/src/test/java/retrofit2/adapter/rxjava2/ObservableThrowingTest.java,retrofit2.adapter.rxjava2.ObservableThrowingTest,responseThrowingInOnNextDeliveredToError/0,server,1
/Users/thiago/Documents/Thiago/CodeToAnalyze/retrofit/retrofit-adapters/rxjava2/src/test/java/retrofit2/adapter/rxjava2/ObservableThrowingTest.java,retrofit2.adapter.rxjava2.ObservableThrowingTest,responseThrowingInOnNextDeliveredToError/0,subscriberRule,1
/Users/thiago/Documents/Thiago/CodeToAnalyze/retrofit/retrofit-adapters/rxjava2/src/test/java/retrofit2/adapter/rxjava2/ObservableThrowingTest.java,retrofit2.adapter.rxjava2.ObservableThrowingTest,responseThrowingInOnNextDeliveredToError/0,service,1
/Users/thiago/Documents/Thiago/CodeToAnalyze/retrofit/retrofit-adapters/rxjava2/src/test/java/retrofit2/adapter/rxjava2/ObservableThrowingTest.java,retrofit2.adapter.rxjava2.ObservableThrowingTest,responseThrowingInOnCompleteDeliveredToPlugin/0,server,1
/Users/thiago/Documents/Thiago/CodeToAnalyze/retrofit/retrofit-adapters/rxjava2/src/test/java/retrofit2/adapter/rxjava2/ObservableThrowingTest.java,retrofit2.adapter.rxjava2.ObservableThrowingTest,responseThrowingInOnCompleteDeliveredToPlugin/0,subscriberRule,1
/Users/thiago/Documents/Thiago/CodeToAnalyze/retrofit/retrofit-adapters/rxjava2/src/test/java/retrofit2/adapter/rxjava2/ObservableThrowingTest.java,retrofit2.adapter.rxjava2.ObservableThrowingTest,responseThrowingInOnCompleteDeliveredToPlugin/0,service,1
/Users/thiago/Documents/Thiago/CodeToAnalyze/retrofit/retrofit-adapters/rxjava2/src/test/java/retrofit2/adapter/rxjava2/ObservableThrowingTest.java,retrofit2.adapter.rxjava2.ObservableThrowingTest,bodyThrowingInOnNextDeliveredToError/0,server,1
/Users/thiago/Documents/Thiago/CodeToAnalyze/retrofit/retrofit-adapters/rxjava2/src/test/java/retrofit2/adapter/rxjava2/ObservableThrowingTest.java,retrofit2.adapter.rxjava2.ObservableThrowingTest,bodyThrowingInOnNextDeliveredToError/0,subscriberRule,1
/Users/thiago/Documents/Thiago/CodeToAnalyze/retrofit/retrofit-adapters/rxjava2/src/test/java/retrofit2/adapter/rxjava2/ObservableThrowingTest.java,retrofit2.adapter.rxjava2.ObservableThrowingTest,bodyThrowingInOnNextDeliveredToError/0,service,1
/Users/thiago/Documents/Thiago/CodeToAnalyze/retrofit/retrofit-adapters/rxjava2/src/test/java/retrofit2/adapter/rxjava2/ObservableThrowingTest.java,retrofit2.adapter.rxjava2.ObservableThrowingTest,resultThrowingInOnErrorDeliveredToPlugin/0,server,1
/Users/thiago/Documents/Thiago/CodeToAnalyze/retrofit/retrofit-adapters/rxjava2/src/test/java/retrofit2/adapter/rxjava2/ObservableThrowingTest.java,retrofit2.adapter.rxjava2.ObservableThrowingTest,resultThrowingInOnErrorDeliveredToPlugin/0,subscriberRule,1
/Users/thiago/Documents/Thiago/CodeToAnalyze/retrofit/retrofit-adapters/rxjava2/src/test/java/retrofit2/adapter/rxjava2/ObservableThrowingTest.java,retrofit2.adapter.rxjava2.ObservableThrowingTest,resultThrowingInOnErrorDeliveredToPlugin/0,service,1
/Users/thiago/Documents/Thiago/CodeToAnalyze/retrofit/retrofit-adapters/rxjava2/src/test/java/retrofit2/adapter/rxjava2/ObservableThrowingTest.java,retrofit2.adapter.rxjava2.ObservableThrowingTest,resultThrowingInOnCompletedDeliveredToPlugin/0,server,1
/Users/thiago/Documents/Thiago/CodeToAnalyze/retrofit/retrofit-adapters/rxjava2/src/test/java/retrofit2/adapter/rxjava2/ObservableThrowingTest.java,retrofit2.adapter.rxjava2.ObservableThrowingTest,resultThrowingInOnCompletedDeliveredToPlugin/0,subscriberRule,1
/Users/thiago/Documents/Thiago/CodeToAnalyze/retrofit/retrofit-adapters/rxjava2/src/test/java/retrofit2/adapter/rxjava2/ObservableThrowingTest.java,retrofit2.adapter.rxjava2.ObservableThrowingTest,resultThrowingInOnCompletedDeliveredToPlugin/0,service,1
/Users/thiago/Documents/Thiago/CodeToAnalyze/retrofit/retrofit-adapters/rxjava2/src/test/java/retrofit2/adapter/rxjava2/ObservableThrowingTest.java,retrofit2.adapter.rxjava2.ObservableThrowingTest,setUp/0,server,1
/Users/thiago/Documents/Thiago/CodeToAnalyze/retrofit/retrofit-adapters/rxjava2/src/test/java/retrofit2/adapter/rxjava2/ObservableThrowingTest.java,retrofit2.adapter.rxjava2.ObservableThrowingTest,setUp/0,service,1
/Users/thiago/Documents/Thiago/CodeToAnalyze/retrofit/retrofit-adapters/rxjava2/src/test/java/retrofit2/adapter/rxjava2/ObservableThrowingTest.java,retrofit2.adapter.rxjava2.ObservableThrowingTest,responseThrowingInOnErrorDeliveredToPlugin/0,server,1
/Users/thiago/Documents/Thiago/CodeToAnalyze/retrofit/retrofit-adapters/rxjava2/src/test/java/retrofit2/adapter/rxjava2/ObservableThrowingTest.java,retrofit2.adapter.rxjava2.ObservableThrowingTest,responseThrowingInOnErrorDeliveredToPlugin/0,subscriberRule,1
/Users/thiago/Documents/Thiago/CodeToAnalyze/retrofit/retrofit-adapters/rxjava2/src/test/java/retrofit2/adapter/rxjava2/ObservableThrowingTest.java,retrofit2.adapter.rxjava2.ObservableThrowingTest,responseThrowingInOnErrorDeliveredToPlugin/0,service,1
/Users/thiago/Documents/Thiago/CodeToAnalyze/retrofit/retrofit-converters/guava/src/main/java/retrofit/converter/guava/OptionalConverter.java,retrofit.converter.guava.OptionalConverter,convert/1[retrofit.converter.guava.ResponseBody],delegate,1
/Users/thiago/Documents/Thiago/CodeToAnalyze/retrofit/retrofit-converters/guava/src/main/java/retrofit/converter/guava/OptionalConverter.java,retrofit.converter.guava.OptionalConverter,"OptionalConverter/1[retrofit2.Converter<retrofit.converter.guava.ResponseBody,T>]",delegate,3
/Users/thiago/Documents/Thiago/CodeToAnalyze/retrofit/retrofit-adapters/guava/src/main/java/retrofit2/adapter/guava/GuavaCallAdapterFactory.java,retrofit2.adapter.guava.GuavaCallAdapterFactory$ResponseCallAdapter,ResponseCallAdapter/1[java.lang.reflect.Type],responseType,3
/Users/thiago/Documents/Thiago/CodeToAnalyze/retrofit/retrofit-adapters/guava/src/main/java/retrofit2/adapter/guava/GuavaCallAdapterFactory.java,retrofit2.adapter.guava.GuavaCallAdapterFactory$ResponseCallAdapter,responseType/0,responseType,2
/Users/thiago/Documents/Thiago/CodeToAnalyze/retrofit/retrofit-adapters/rxjava/src/test/java/retrofit2/adapter/rxjava/ObservableThrowingTest.java,retrofit2.adapter.rxjava.ObservableThrowingTest,bodyThrowingInOnErrorDeliveredToPlugin/0,server,1
/Users/thiago/Documents/Thiago/CodeToAnalyze/retrofit/retrofit-adapters/rxjava/src/test/java/retrofit2/adapter/rxjava/ObservableThrowingTest.java,retrofit2.adapter.rxjava.ObservableThrowingTest,bodyThrowingInOnErrorDeliveredToPlugin/0,subscriberRule,1
/Users/thiago/Documents/Thiago/CodeToAnalyze/retrofit/retrofit-adapters/rxjava/src/test/java/retrofit2/adapter/rxjava/ObservableThrowingTest.java,retrofit2.adapter.rxjava.ObservableThrowingTest,bodyThrowingInOnErrorDeliveredToPlugin/0,service,1
/Users/thiago/Documents/Thiago/CodeToAnalyze/retrofit/retrofit-adapters/rxjava/src/test/java/retrofit2/adapter/rxjava/ObservableThrowingTest.java,retrofit2.adapter.rxjava.ObservableThrowingTest,responseThrowingInOnNextDeliveredToError/0,server,1
/Users/thiago/Documents/Thiago/CodeToAnalyze/retrofit/retrofit-adapters/rxjava/src/test/java/retrofit2/adapter/rxjava/ObservableThrowingTest.java,retrofit2.adapter.rxjava.ObservableThrowingTest,responseThrowingInOnNextDeliveredToError/0,subscriberRule,1
/Users/thiago/Documents/Thiago/CodeToAnalyze/retrofit/retrofit-adapters/rxjava/src/test/java/retrofit2/adapter/rxjava/ObservableThrowingTest.java,retrofit2.adapter.rxjava.ObservableThrowingTest,responseThrowingInOnNextDeliveredToError/0,service,1
/Users/thiago/Documents/Thiago/CodeToAnalyze/retrofit/retrofit-adapters/rxjava/src/test/java/retrofit2/adapter/rxjava/ObservableThrowingTest.java,retrofit2.adapter.rxjava.ObservableThrowingTest,responseThrowingInOnCompleteDeliveredToPlugin/0,server,1
/Users/thiago/Documents/Thiago/CodeToAnalyze/retrofit/retrofit-adapters/rxjava/src/test/java/retrofit2/adapter/rxjava/ObservableThrowingTest.java,retrofit2.adapter.rxjava.ObservableThrowingTest,responseThrowingInOnCompleteDeliveredToPlugin/0,subscriberRule,1
/Users/thiago/Documents/Thiago/CodeToAnalyze/retrofit/retrofit-adapters/rxjava/src/test/java/retrofit2/adapter/rxjava/ObservableThrowingTest.java,retrofit2.adapter.rxjava.ObservableThrowingTest,responseThrowingInOnCompleteDeliveredToPlugin/0,service,1
/Users/thiago/Documents/Thiago/CodeToAnalyze/retrofit/retrofit-adapters/rxjava/src/test/java/retrofit2/adapter/rxjava/ObservableThrowingTest.java,retrofit2.adapter.rxjava.ObservableThrowingTest,resultThrowingInOnCompletedDeliveredToPlugin/0,server,1
/Users/thiago/Documents/Thiago/CodeToAnalyze/retrofit/retrofit-adapters/rxjava/src/test/java/retrofit2/adapter/rxjava/ObservableThrowingTest.java,retrofit2.adapter.rxjava.ObservableThrowingTest,resultThrowingInOnCompletedDeliveredToPlugin/0,subscriberRule,1
/Users/thiago/Documents/Thiago/CodeToAnalyze/retrofit/retrofit-adapters/rxjava/src/test/java/retrofit2/adapter/rxjava/ObservableThrowingTest.java,retrofit2.adapter.rxjava.ObservableThrowingTest,resultThrowingInOnCompletedDeliveredToPlugin/0,service,1
/Users/thiago/Documents/Thiago/CodeToAnalyze/retrofit/retrofit-adapters/rxjava/src/test/java/retrofit2/adapter/rxjava/ObservableThrowingTest.java,retrofit2.adapter.rxjava.ObservableThrowingTest,resultThrowingInOnErrorDeliveredToPlugin/0,server,1
/Users/thiago/Documents/Thiago/CodeToAnalyze/retrofit/retrofit-adapters/rxjava/src/test/java/retrofit2/adapter/rxjava/ObservableThrowingTest.java,retrofit2.adapter.rxjava.ObservableThrowingTest,resultThrowingInOnErrorDeliveredToPlugin/0,subscriberRule,1
/Users/thiago/Documents/Thiago/CodeToAnalyze/retrofit/retrofit-adapters/rxjava/src/test/java/retrofit2/adapter/rxjava/ObservableThrowingTest.java,retrofit2.adapter.rxjava.ObservableThrowingTest,resultThrowingInOnErrorDeliveredToPlugin/0,service,1
/Users/thiago/Documents/Thiago/CodeToAnalyze/retrofit/retrofit-adapters/rxjava/src/test/java/retrofit2/adapter/rxjava/ObservableThrowingTest.java,retrofit2.adapter.rxjava.ObservableThrowingTest,responseThrowingInOnErrorDeliveredToPlugin/0,server,1
/Users/thiago/Documents/Thiago/CodeToAnalyze/retrofit/retrofit-adapters/rxjava/src/test/java/retrofit2/adapter/rxjava/ObservableThrowingTest.java,retrofit2.adapter.rxjava.ObservableThrowingTest,responseThrowingInOnErrorDeliveredToPlugin/0,subscriberRule,1
/Users/thiago/Documents/Thiago/CodeToAnalyze/retrofit/retrofit-adapters/rxjava/src/test/java/retrofit2/adapter/rxjava/ObservableThrowingTest.java,retrofit2.adapter.rxjava.ObservableThrowingTest,responseThrowingInOnErrorDeliveredToPlugin/0,service,1
/Users/thiago/Documents/Thiago/CodeToAnalyze/retrofit/retrofit-adapters/rxjava/src/test/java/retrofit2/adapter/rxjava/ObservableThrowingTest.java,retrofit2.adapter.rxjava.ObservableThrowingTest,bodyThrowingInOnNextDeliveredToError/0,server,1
/Users/thiago/Documents/Thiago/CodeToAnalyze/retrofit/retrofit-adapters/rxjava/src/test/java/retrofit2/adapter/rxjava/ObservableThrowingTest.java,retrofit2.adapter.rxjava.ObservableThrowingTest,bodyThrowingInOnNextDeliveredToError/0,subscriberRule,1
/Users/thiago/Documents/Thiago/CodeToAnalyze/retrofit/retrofit-adapters/rxjava/src/test/java/retrofit2/adapter/rxjava/ObservableThrowingTest.java,retrofit2.adapter.rxjava.ObservableThrowingTest,bodyThrowingInOnNextDeliveredToError/0,service,1
/Users/thiago/Documents/Thiago/CodeToAnalyze/retrofit/retrofit-adapters/rxjava/src/test/java/retrofit2/adapter/rxjava/ObservableThrowingTest.java,retrofit2.adapter.rxjava.ObservableThrowingTest,setUp/0,server,1
/Users/thiago/Documents/Thiago/CodeToAnalyze/retrofit/retrofit-adapters/rxjava/src/test/java/retrofit2/adapter/rxjava/ObservableThrowingTest.java,retrofit2.adapter.rxjava.ObservableThrowingTest,setUp/0,service,1
/Users/thiago/Documents/Thiago/CodeToAnalyze/retrofit/retrofit-adapters/rxjava/src/test/java/retrofit2/adapter/rxjava/ObservableThrowingTest.java,retrofit2.adapter.rxjava.ObservableThrowingTest,bodyThrowingInOnCompleteDeliveredToPlugin/0,server,1
/Users/thiago/Documents/Thiago/CodeToAnalyze/retrofit/retrofit-adapters/rxjava/src/test/java/retrofit2/adapter/rxjava/ObservableThrowingTest.java,retrofit2.adapter.rxjava.ObservableThrowingTest,bodyThrowingInOnCompleteDeliveredToPlugin/0,subscriberRule,1
/Users/thiago/Documents/Thiago/CodeToAnalyze/retrofit/retrofit-adapters/rxjava/src/test/java/retrofit2/adapter/rxjava/ObservableThrowingTest.java,retrofit2.adapter.rxjava.ObservableThrowingTest,bodyThrowingInOnCompleteDeliveredToPlugin/0,service,1
/Users/thiago/Documents/Thiago/CodeToAnalyze/retrofit/retrofit-adapters/rxjava/src/test/java/retrofit2/adapter/rxjava/ObservableThrowingTest.java,retrofit2.adapter.rxjava.ObservableThrowingTest,resultThrowingInOnNextDeliveredToError/0,server,1
/Users/thiago/Documents/Thiago/CodeToAnalyze/retrofit/retrofit-adapters/rxjava/src/test/java/retrofit2/adapter/rxjava/ObservableThrowingTest.java,retrofit2.adapter.rxjava.ObservableThrowingTest,resultThrowingInOnNextDeliveredToError/0,subscriberRule,1
/Users/thiago/Documents/Thiago/CodeToAnalyze/retrofit/retrofit-adapters/rxjava/src/test/java/retrofit2/adapter/rxjava/ObservableThrowingTest.java,retrofit2.adapter.rxjava.ObservableThrowingTest,resultThrowingInOnNextDeliveredToError/0,service,1
/Users/thiago/Documents/Thiago/CodeToAnalyze/retrofit/retrofit/src/main/java/retrofit2/HttpServiceMethod.java,retrofit2.HttpServiceMethod$CallAdapted,"adapt/2[retrofit2.Call<ResponseT>,java.lang.Object[]]",callAdapter,1
/Users/thiago/Documents/Thiago/CodeToAnalyze/retrofit/retrofit/src/main/java/retrofit2/HttpServiceMethod.java,retrofit2.HttpServiceMethod$CallAdapted,"CallAdapted/4[retrofit2.RequestFactory,okhttp3.Call.Factory,retrofit2.Converter<retrofit2.ResponseBody,ResponseT>,retrofit2.CallAdapter<ResponseT,ReturnT>]",callAdapter,3
/Users/thiago/Documents/Thiago/CodeToAnalyze/retrofit/retrofit-adapters/rxjava/src/test/java/retrofit2/adapter/rxjava/ObservableTest.java,retrofit2.adapter.rxjava.ObservableTest,bodyRespectsBackpressure/0,server,3
/Users/thiago/Documents/Thiago/CodeToAnalyze/retrofit/retrofit-adapters/rxjava/src/test/java/retrofit2/adapter/rxjava/ObservableTest.java,retrofit2.adapter.rxjava.ObservableTest,bodyRespectsBackpressure/0,subscriberRule,1
/Users/thiago/Documents/Thiago/CodeToAnalyze/retrofit/retrofit-adapters/rxjava/src/test/java/retrofit2/adapter/rxjava/ObservableTest.java,retrofit2.adapter.rxjava.ObservableTest,bodyRespectsBackpressure/0,service,1
/Users/thiago/Documents/Thiago/CodeToAnalyze/retrofit/retrofit-adapters/rxjava/src/test/java/retrofit2/adapter/rxjava/ObservableTest.java,retrofit2.adapter.rxjava.ObservableTest,bodyFailure/0,server,1
/Users/thiago/Documents/Thiago/CodeToAnalyze/retrofit/retrofit-adapters/rxjava/src/test/java/retrofit2/adapter/rxjava/ObservableTest.java,retrofit2.adapter.rxjava.ObservableTest,bodyFailure/0,subscriberRule,1
/Users/thiago/Documents/Thiago/CodeToAnalyze/retrofit/retrofit-adapters/rxjava/src/test/java/retrofit2/adapter/rxjava/ObservableTest.java,retrofit2.adapter.rxjava.ObservableTest,bodyFailure/0,service,1
/Users/thiago/Documents/Thiago/CodeToAnalyze/retrofit/retrofit-adapters/rxjava/src/test/java/retrofit2/adapter/rxjava/ObservableTest.java,retrofit2.adapter.rxjava.ObservableTest,responseSuccess200/0,server,1
/Users/thiago/Documents/Thiago/CodeToAnalyze/retrofit/retrofit-adapters/rxjava/src/test/java/retrofit2/adapter/rxjava/ObservableTest.java,retrofit2.adapter.rxjava.ObservableTest,responseSuccess200/0,subscriberRule,1
/Users/thiago/Documents/Thiago/CodeToAnalyze/retrofit/retrofit-adapters/rxjava/src/test/java/retrofit2/adapter/rxjava/ObservableTest.java,retrofit2.adapter.rxjava.ObservableTest,responseSuccess200/0,service,1
/Users/thiago/Documents/Thiago/CodeToAnalyze/retrofit/retrofit-adapters/rxjava/src/test/java/retrofit2/adapter/rxjava/ObservableTest.java,retrofit2.adapter.rxjava.ObservableTest,setUp/0,server,1
/Users/thiago/Documents/Thiago/CodeToAnalyze/retrofit/retrofit-adapters/rxjava/src/test/java/retrofit2/adapter/rxjava/ObservableTest.java,retrofit2.adapter.rxjava.ObservableTest,setUp/0,service,1
/Users/thiago/Documents/Thiago/CodeToAnalyze/retrofit/retrofit-adapters/rxjava/src/test/java/retrofit2/adapter/rxjava/ObservableTest.java,retrofit2.adapter.rxjava.ObservableTest,responseUnsubscribedDoesNotCallCompleted/0,server,1
/Users/thiago/Documents/Thiago/CodeToAnalyze/retrofit/retrofit-adapters/rxjava/src/test/java/retrofit2/adapter/rxjava/ObservableTest.java,retrofit2.adapter.rxjava.ObservableTest,responseUnsubscribedDoesNotCallCompleted/0,subscriberRule,1
/Users/thiago/Documents/Thiago/CodeToAnalyze/retrofit/retrofit-adapters/rxjava/src/test/java/retrofit2/adapter/rxjava/ObservableTest.java,retrofit2.adapter.rxjava.ObservableTest,responseUnsubscribedDoesNotCallCompleted/0,service,1
/Users/thiago/Documents/Thiago/CodeToAnalyze/retrofit/retrofit-adapters/rxjava/src/test/java/retrofit2/adapter/rxjava/ObservableTest.java,retrofit2.adapter.rxjava.ObservableTest,resultRespectsBackpressure/0,server,3
/Users/thiago/Documents/Thiago/CodeToAnalyze/retrofit/retrofit-adapters/rxjava/src/test/java/retrofit2/adapter/rxjava/ObservableTest.java,retrofit2.adapter.rxjava.ObservableTest,resultRespectsBackpressure/0,subscriberRule,1
/Users/thiago/Documents/Thiago/CodeToAnalyze/retrofit/retrofit-adapters/rxjava/src/test/java/retrofit2/adapter/rxjava/ObservableTest.java,retrofit2.adapter.rxjava.ObservableTest,resultRespectsBackpressure/0,service,1
/Users/thiago/Documents/Thiago/CodeToAnalyze/retrofit/retrofit-adapters/rxjava/src/test/java/retrofit2/adapter/rxjava/ObservableTest.java,retrofit2.adapter.rxjava.ObservableTest,responseFailure/0,server,1
/Users/thiago/Documents/Thiago/CodeToAnalyze/retrofit/retrofit-adapters/rxjava/src/test/java/retrofit2/adapter/rxjava/ObservableTest.java,retrofit2.adapter.rxjava.ObservableTest,responseFailure/0,subscriberRule,1
/Users/thiago/Documents/Thiago/CodeToAnalyze/retrofit/retrofit-adapters/rxjava/src/test/java/retrofit2/adapter/rxjava/ObservableTest.java,retrofit2.adapter.rxjava.ObservableTest,responseFailure/0,service,1
/Users/thiago/Documents/Thiago/CodeToAnalyze/retrofit/retrofit-adapters/rxjava/src/test/java/retrofit2/adapter/rxjava/ObservableTest.java,retrofit2.adapter.rxjava.ObservableTest,resultSuccess200/0,server,1
/Users/thiago/Documents/Thiago/CodeToAnalyze/retrofit/retrofit-adapters/rxjava/src/test/java/retrofit2/adapter/rxjava/ObservableTest.java,retrofit2.adapter.rxjava.ObservableTest,resultSuccess200/0,subscriberRule,1
/Users/thiago/Documents/Thiago/CodeToAnalyze/retrofit/retrofit-adapters/rxjava/src/test/java/retrofit2/adapter/rxjava/ObservableTest.java,retrofit2.adapter.rxjava.ObservableTest,resultSuccess200/0,service,1
/Users/thiago/Documents/Thiago/CodeToAnalyze/retrofit/retrofit-adapters/rxjava/src/test/java/retrofit2/adapter/rxjava/ObservableTest.java,retrofit2.adapter.rxjava.ObservableTest,bodySuccess404/0,server,1
/Users/thiago/Documents/Thiago/CodeToAnalyze/retrofit/retrofit-adapters/rxjava/src/test/java/retrofit2/adapter/rxjava/ObservableTest.java,retrofit2.adapter.rxjava.ObservableTest,bodySuccess404/0,subscriberRule,1
/Users/thiago/Documents/Thiago/CodeToAnalyze/retrofit/retrofit-adapters/rxjava/src/test/java/retrofit2/adapter/rxjava/ObservableTest.java,retrofit2.adapter.rxjava.ObservableTest,bodySuccess404/0,service,1
/Users/thiago/Documents/Thiago/CodeToAnalyze/retrofit/retrofit-adapters/rxjava/src/test/java/retrofit2/adapter/rxjava/ObservableTest.java,retrofit2.adapter.rxjava.ObservableTest,responseRespectsBackpressure/0,server,3
/Users/thiago/Documents/Thiago/CodeToAnalyze/retrofit/retrofit-adapters/rxjava/src/test/java/retrofit2/adapter/rxjava/ObservableTest.java,retrofit2.adapter.rxjava.ObservableTest,responseRespectsBackpressure/0,subscriberRule,1
/Users/thiago/Documents/Thiago/CodeToAnalyze/retrofit/retrofit-adapters/rxjava/src/test/java/retrofit2/adapter/rxjava/ObservableTest.java,retrofit2.adapter.rxjava.ObservableTest,responseRespectsBackpressure/0,service,1
/Users/thiago/Documents/Thiago/CodeToAnalyze/retrofit/retrofit-adapters/rxjava/src/test/java/retrofit2/adapter/rxjava/ObservableTest.java,retrofit2.adapter.rxjava.ObservableTest,subscribeTwice/0,server,2
/Users/thiago/Documents/Thiago/CodeToAnalyze/retrofit/retrofit-adapters/rxjava/src/test/java/retrofit2/adapter/rxjava/ObservableTest.java,retrofit2.adapter.rxjava.ObservableTest,subscribeTwice/0,subscriberRule,2
/Users/thiago/Documents/Thiago/CodeToAnalyze/retrofit/retrofit-adapters/rxjava/src/test/java/retrofit2/adapter/rxjava/ObservableTest.java,retrofit2.adapter.rxjava.ObservableTest,subscribeTwice/0,service,1
/Users/thiago/Documents/Thiago/CodeToAnalyze/retrofit/retrofit-adapters/rxjava/src/test/java/retrofit2/adapter/rxjava/ObservableTest.java,retrofit2.adapter.rxjava.ObservableTest,responseSuccess404/0,server,1
/Users/thiago/Documents/Thiago/CodeToAnalyze/retrofit/retrofit-adapters/rxjava/src/test/java/retrofit2/adapter/rxjava/ObservableTest.java,retrofit2.adapter.rxjava.ObservableTest,responseSuccess404/0,subscriberRule,1
/Users/thiago/Documents/Thiago/CodeToAnalyze/retrofit/retrofit-adapters/rxjava/src/test/java/retrofit2/adapter/rxjava/ObservableTest.java,retrofit2.adapter.rxjava.ObservableTest,responseSuccess404/0,service,1
/Users/thiago/Documents/Thiago/CodeToAnalyze/retrofit/retrofit-adapters/rxjava/src/test/java/retrofit2/adapter/rxjava/ObservableTest.java,retrofit2.adapter.rxjava.ObservableTest,bodySuccess200/0,server,1
/Users/thiago/Documents/Thiago/CodeToAnalyze/retrofit/retrofit-adapters/rxjava/src/test/java/retrofit2/adapter/rxjava/ObservableTest.java,retrofit2.adapter.rxjava.ObservableTest,bodySuccess200/0,subscriberRule,1
/Users/thiago/Documents/Thiago/CodeToAnalyze/retrofit/retrofit-adapters/rxjava/src/test/java/retrofit2/adapter/rxjava/ObservableTest.java,retrofit2.adapter.rxjava.ObservableTest,bodySuccess200/0,service,1
/Users/thiago/Documents/Thiago/CodeToAnalyze/retrofit/retrofit-adapters/rxjava/src/test/java/retrofit2/adapter/rxjava/ObservableTest.java,retrofit2.adapter.rxjava.ObservableTest,resultSuccess404/0,server,1
/Users/thiago/Documents/Thiago/CodeToAnalyze/retrofit/retrofit-adapters/rxjava/src/test/java/retrofit2/adapter/rxjava/ObservableTest.java,retrofit2.adapter.rxjava.ObservableTest,resultSuccess404/0,subscriberRule,1
/Users/thiago/Documents/Thiago/CodeToAnalyze/retrofit/retrofit-adapters/rxjava/src/test/java/retrofit2/adapter/rxjava/ObservableTest.java,retrofit2.adapter.rxjava.ObservableTest,resultSuccess404/0,service,1
/Users/thiago/Documents/Thiago/CodeToAnalyze/retrofit/retrofit-adapters/rxjava/src/test/java/retrofit2/adapter/rxjava/ObservableTest.java,retrofit2.adapter.rxjava.ObservableTest,resultFailure/0,server,1
/Users/thiago/Documents/Thiago/CodeToAnalyze/retrofit/retrofit-adapters/rxjava/src/test/java/retrofit2/adapter/rxjava/ObservableTest.java,retrofit2.adapter.rxjava.ObservableTest,resultFailure/0,subscriberRule,1
/Users/thiago/Documents/Thiago/CodeToAnalyze/retrofit/retrofit-adapters/rxjava/src/test/java/retrofit2/adapter/rxjava/ObservableTest.java,retrofit2.adapter.rxjava.ObservableTest,resultFailure/0,service,1
/Users/thiago/Documents/Thiago/CodeToAnalyze/retrofit/retrofit-adapters/rxjava3/src/test/java/retrofit2/adapter/rxjava3/RecordingCompletableObserver.java,retrofit2.adapter.rxjava3.RecordingCompletableObserver$Rule,create/0,subscribers,1
/Users/thiago/Documents/Thiago/CodeToAnalyze/retrofit/retrofit-adapters/rxjava2/src/test/java/retrofit2/adapter/rxjava2/CompletableWithSchedulerTest.java,retrofit2.adapter.rxjava2.CompletableWithSchedulerTest,completableUsesScheduler/0,scheduler,1
/Users/thiago/Documents/Thiago/CodeToAnalyze/retrofit/retrofit-adapters/rxjava2/src/test/java/retrofit2/adapter/rxjava2/CompletableWithSchedulerTest.java,retrofit2.adapter.rxjava2.CompletableWithSchedulerTest,completableUsesScheduler/0,server,1
/Users/thiago/Documents/Thiago/CodeToAnalyze/retrofit/retrofit-adapters/rxjava2/src/test/java/retrofit2/adapter/rxjava2/CompletableWithSchedulerTest.java,retrofit2.adapter.rxjava2.CompletableWithSchedulerTest,completableUsesScheduler/0,service,1
/Users/thiago/Documents/Thiago/CodeToAnalyze/retrofit/retrofit-adapters/rxjava2/src/test/java/retrofit2/adapter/rxjava2/CompletableWithSchedulerTest.java,retrofit2.adapter.rxjava2.CompletableWithSchedulerTest,completableUsesScheduler/0,observerRule,1
/Users/thiago/Documents/Thiago/CodeToAnalyze/retrofit/retrofit-adapters/rxjava2/src/test/java/retrofit2/adapter/rxjava2/CompletableWithSchedulerTest.java,retrofit2.adapter.rxjava2.CompletableWithSchedulerTest,setUp/0,scheduler,1
/Users/thiago/Documents/Thiago/CodeToAnalyze/retrofit/retrofit-adapters/rxjava2/src/test/java/retrofit2/adapter/rxjava2/CompletableWithSchedulerTest.java,retrofit2.adapter.rxjava2.CompletableWithSchedulerTest,setUp/0,server,1
/Users/thiago/Documents/Thiago/CodeToAnalyze/retrofit/retrofit-adapters/rxjava2/src/test/java/retrofit2/adapter/rxjava2/CompletableWithSchedulerTest.java,retrofit2.adapter.rxjava2.CompletableWithSchedulerTest,setUp/0,service,1
/Users/thiago/Documents/Thiago/CodeToAnalyze/retrofit/retrofit-adapters/rxjava2/src/test/java/retrofit2/adapter/rxjava2/RecordingObserver.java,retrofit2.adapter.rxjava2.RecordingObserver,assertNoEvents/0,events,1
/Users/thiago/Documents/Thiago/CodeToAnalyze/retrofit/retrofit-adapters/rxjava2/src/test/java/retrofit2/adapter/rxjava2/RecordingObserver.java,retrofit2.adapter.rxjava2.RecordingObserver,onNext/1[T],events,1
/Users/thiago/Documents/Thiago/CodeToAnalyze/retrofit/retrofit-adapters/rxjava2/src/test/java/retrofit2/adapter/rxjava2/RecordingObserver.java,retrofit2.adapter.rxjava2.RecordingObserver,onError/1[java.lang.Throwable],events,1
/Users/thiago/Documents/Thiago/CodeToAnalyze/retrofit/retrofit-adapters/rxjava2/src/test/java/retrofit2/adapter/rxjava2/RecordingObserver.java,retrofit2.adapter.rxjava2.RecordingObserver,takeNotification/0,events,1
/Users/thiago/Documents/Thiago/CodeToAnalyze/retrofit/retrofit-adapters/rxjava2/src/test/java/retrofit2/adapter/rxjava2/RecordingObserver.java,retrofit2.adapter.rxjava2.RecordingObserver,onComplete/0,events,1
/Users/thiago/Documents/Thiago/CodeToAnalyze/retrofit/retrofit/src/main/java/retrofit2/ParameterHandler.java,retrofit2.ParameterHandler$Header,"apply/2[retrofit2.RequestBuilder,T]",valueConverter,1
/Users/thiago/Documents/Thiago/CodeToAnalyze/retrofit/retrofit/src/main/java/retrofit2/ParameterHandler.java,retrofit2.ParameterHandler$Header,"apply/2[retrofit2.RequestBuilder,T]",allowUnsafeNonAsciiValues,1
/Users/thiago/Documents/Thiago/CodeToAnalyze/retrofit/retrofit/src/main/java/retrofit2/ParameterHandler.java,retrofit2.ParameterHandler$Header,"apply/2[retrofit2.RequestBuilder,T]",name,1
/Users/thiago/Documents/Thiago/CodeToAnalyze/retrofit/retrofit/src/main/java/retrofit2/ParameterHandler.java,retrofit2.ParameterHandler$Header,"Header/3[java.lang.String,retrofit2.Converter<T,java.lang.String>,boolean]",valueConverter,3
/Users/thiago/Documents/Thiago/CodeToAnalyze/retrofit/retrofit/src/main/java/retrofit2/ParameterHandler.java,retrofit2.ParameterHandler$Header,"Header/3[java.lang.String,retrofit2.Converter<T,java.lang.String>,boolean]",allowUnsafeNonAsciiValues,3
/Users/thiago/Documents/Thiago/CodeToAnalyze/retrofit/retrofit/src/main/java/retrofit2/ParameterHandler.java,retrofit2.ParameterHandler$Header,"Header/3[java.lang.String,retrofit2.Converter<T,java.lang.String>,boolean]",name,3
/Users/thiago/Documents/Thiago/CodeToAnalyze/retrofit/retrofit-adapters/rxjava2/src/test/java/retrofit2/adapter/rxjava2/FlowableWithSchedulerTest.java,retrofit2.adapter.rxjava2.FlowableWithSchedulerTest,responseUsesScheduler/0,scheduler,1
/Users/thiago/Documents/Thiago/CodeToAnalyze/retrofit/retrofit-adapters/rxjava2/src/test/java/retrofit2/adapter/rxjava2/FlowableWithSchedulerTest.java,retrofit2.adapter.rxjava2.FlowableWithSchedulerTest,responseUsesScheduler/0,server,1
/Users/thiago/Documents/Thiago/CodeToAnalyze/retrofit/retrofit-adapters/rxjava2/src/test/java/retrofit2/adapter/rxjava2/FlowableWithSchedulerTest.java,retrofit2.adapter.rxjava2.FlowableWithSchedulerTest,responseUsesScheduler/0,subscriberRule,1
/Users/thiago/Documents/Thiago/CodeToAnalyze/retrofit/retrofit-adapters/rxjava2/src/test/java/retrofit2/adapter/rxjava2/FlowableWithSchedulerTest.java,retrofit2.adapter.rxjava2.FlowableWithSchedulerTest,responseUsesScheduler/0,service,1
/Users/thiago/Documents/Thiago/CodeToAnalyze/retrofit/retrofit-adapters/rxjava2/src/test/java/retrofit2/adapter/rxjava2/FlowableWithSchedulerTest.java,retrofit2.adapter.rxjava2.FlowableWithSchedulerTest,setUp/0,scheduler,1
/Users/thiago/Documents/Thiago/CodeToAnalyze/retrofit/retrofit-adapters/rxjava2/src/test/java/retrofit2/adapter/rxjava2/FlowableWithSchedulerTest.java,retrofit2.adapter.rxjava2.FlowableWithSchedulerTest,setUp/0,server,1
/Users/thiago/Documents/Thiago/CodeToAnalyze/retrofit/retrofit-adapters/rxjava2/src/test/java/retrofit2/adapter/rxjava2/FlowableWithSchedulerTest.java,retrofit2.adapter.rxjava2.FlowableWithSchedulerTest,setUp/0,service,1
/Users/thiago/Documents/Thiago/CodeToAnalyze/retrofit/retrofit-adapters/rxjava2/src/test/java/retrofit2/adapter/rxjava2/FlowableWithSchedulerTest.java,retrofit2.adapter.rxjava2.FlowableWithSchedulerTest,resultUsesScheduler/0,scheduler,1
/Users/thiago/Documents/Thiago/CodeToAnalyze/retrofit/retrofit-adapters/rxjava2/src/test/java/retrofit2/adapter/rxjava2/FlowableWithSchedulerTest.java,retrofit2.adapter.rxjava2.FlowableWithSchedulerTest,resultUsesScheduler/0,server,1
/Users/thiago/Documents/Thiago/CodeToAnalyze/retrofit/retrofit-adapters/rxjava2/src/test/java/retrofit2/adapter/rxjava2/FlowableWithSchedulerTest.java,retrofit2.adapter.rxjava2.FlowableWithSchedulerTest,resultUsesScheduler/0,subscriberRule,1
/Users/thiago/Documents/Thiago/CodeToAnalyze/retrofit/retrofit-adapters/rxjava2/src/test/java/retrofit2/adapter/rxjava2/FlowableWithSchedulerTest.java,retrofit2.adapter.rxjava2.FlowableWithSchedulerTest,resultUsesScheduler/0,service,1
/Users/thiago/Documents/Thiago/CodeToAnalyze/retrofit/retrofit-adapters/rxjava2/src/test/java/retrofit2/adapter/rxjava2/FlowableWithSchedulerTest.java,retrofit2.adapter.rxjava2.FlowableWithSchedulerTest,bodyUsesScheduler/0,scheduler,1
/Users/thiago/Documents/Thiago/CodeToAnalyze/retrofit/retrofit-adapters/rxjava2/src/test/java/retrofit2/adapter/rxjava2/FlowableWithSchedulerTest.java,retrofit2.adapter.rxjava2.FlowableWithSchedulerTest,bodyUsesScheduler/0,server,1
/Users/thiago/Documents/Thiago/CodeToAnalyze/retrofit/retrofit-adapters/rxjava2/src/test/java/retrofit2/adapter/rxjava2/FlowableWithSchedulerTest.java,retrofit2.adapter.rxjava2.FlowableWithSchedulerTest,bodyUsesScheduler/0,subscriberRule,1
/Users/thiago/Documents/Thiago/CodeToAnalyze/retrofit/retrofit-adapters/rxjava2/src/test/java/retrofit2/adapter/rxjava2/FlowableWithSchedulerTest.java,retrofit2.adapter.rxjava2.FlowableWithSchedulerTest,bodyUsesScheduler/0,service,1
/Users/thiago/Documents/Thiago/CodeToAnalyze/retrofit/retrofit-adapters/rxjava3/src/test/java/retrofit2/adapter/rxjava3/RecordingObserver.java,retrofit2.adapter.rxjava3.RecordingObserver,assertNoEvents/0,events,1
/Users/thiago/Documents/Thiago/CodeToAnalyze/retrofit/retrofit-adapters/rxjava3/src/test/java/retrofit2/adapter/rxjava3/RecordingObserver.java,retrofit2.adapter.rxjava3.RecordingObserver,onNext/1[T],events,1
/Users/thiago/Documents/Thiago/CodeToAnalyze/retrofit/retrofit-adapters/rxjava3/src/test/java/retrofit2/adapter/rxjava3/RecordingObserver.java,retrofit2.adapter.rxjava3.RecordingObserver,onError/1[java.lang.Throwable],events,1
/Users/thiago/Documents/Thiago/CodeToAnalyze/retrofit/retrofit-adapters/rxjava3/src/test/java/retrofit2/adapter/rxjava3/RecordingObserver.java,retrofit2.adapter.rxjava3.RecordingObserver,takeNotification/0,events,1
/Users/thiago/Documents/Thiago/CodeToAnalyze/retrofit/retrofit-adapters/rxjava3/src/test/java/retrofit2/adapter/rxjava3/RecordingObserver.java,retrofit2.adapter.rxjava3.RecordingObserver,onComplete/0,events,1
/Users/thiago/Documents/Thiago/CodeToAnalyze/retrofit/retrofit/test-helpers/src/main/java/retrofit2/helpers/ObjectInstanceConverterFactory.java,retrofit2.helpers.ObjectInstanceConverterFactory,"responseBodyConverter/3[java.lang.reflect.Type,java.lang.annotation.Annotation[],retrofit2.Retrofit]",VALUE,1
/Users/thiago/Documents/Thiago/CodeToAnalyze/retrofit/retrofit-converters/jaxb/src/test/java/retrofit2/converter/jaxb/PhoneNumber.java,retrofit2.converter.jaxb.PhoneNumber,hashCode/0,number,1
/Users/thiago/Documents/Thiago/CodeToAnalyze/retrofit/retrofit-converters/jaxb/src/test/java/retrofit2/converter/jaxb/PhoneNumber.java,retrofit2.converter.jaxb.PhoneNumber,hashCode/0,type,1
/Users/thiago/Documents/Thiago/CodeToAnalyze/retrofit/retrofit-converters/jaxb/src/test/java/retrofit2/converter/jaxb/PhoneNumber.java,retrofit2.converter.jaxb.PhoneNumber,equals/1[java.lang.Object],number,2
/Users/thiago/Documents/Thiago/CodeToAnalyze/retrofit/retrofit-converters/jaxb/src/test/java/retrofit2/converter/jaxb/PhoneNumber.java,retrofit2.converter.jaxb.PhoneNumber,equals/1[java.lang.Object],type,2
/Users/thiago/Documents/Thiago/CodeToAnalyze/retrofit/retrofit-converters/jaxb/src/test/java/retrofit2/converter/jaxb/PhoneNumber.java,retrofit2.converter.jaxb.PhoneNumber,"PhoneNumber/2[java.lang.String,retrofit2.converter.jaxb.Type]",number,3
/Users/thiago/Documents/Thiago/CodeToAnalyze/retrofit/retrofit-converters/jaxb/src/test/java/retrofit2/converter/jaxb/PhoneNumber.java,retrofit2.converter.jaxb.PhoneNumber,"PhoneNumber/2[java.lang.String,retrofit2.converter.jaxb.Type]",type,3
/Users/thiago/Documents/Thiago/CodeToAnalyze/retrofit/retrofit/android-test/src/androidTest/java/retrofit2/BasicCallTest.java,retrofit2.BasicCallTest,responseBody/0,server,2
/Users/thiago/Documents/Thiago/CodeToAnalyze/retrofit/retrofit/java-test/src/test/java/retrofit2/DefaultMethodsTest.java,retrofit2.DefaultMethodsTest,test/0,server,3
/Users/thiago/Documents/Thiago/CodeToAnalyze/retrofit/retrofit/src/main/java/retrofit2/RequestFactory.java,retrofit2.RequestFactory,RequestFactory/1[retrofit2.RequestFactory.Builder],parameterHandlers,1
/Users/thiago/Documents/Thiago/CodeToAnalyze/retrofit/retrofit/src/main/java/retrofit2/RequestFactory.java,retrofit2.RequestFactory,RequestFactory/1[retrofit2.RequestFactory.Builder],headers,1
/Users/thiago/Documents/Thiago/CodeToAnalyze/retrofit/retrofit/src/main/java/retrofit2/RequestFactory.java,retrofit2.RequestFactory,RequestFactory/1[retrofit2.RequestFactory.Builder],baseUrl,2
/Users/thiago/Documents/Thiago/CodeToAnalyze/retrofit/retrofit/src/main/java/retrofit2/RequestFactory.java,retrofit2.RequestFactory,RequestFactory/1[retrofit2.RequestFactory.Builder],method,1
/Users/thiago/Documents/Thiago/CodeToAnalyze/retrofit/retrofit/src/main/java/retrofit2/RequestFactory.java,retrofit2.RequestFactory,RequestFactory/1[retrofit2.RequestFactory.Builder],service,1
/Users/thiago/Documents/Thiago/CodeToAnalyze/retrofit/retrofit/src/main/java/retrofit2/RequestFactory.java,retrofit2.RequestFactory,RequestFactory/1[retrofit2.RequestFactory.Builder],isMultipart,1
/Users/thiago/Documents/Thiago/CodeToAnalyze/retrofit/retrofit/src/main/java/retrofit2/RequestFactory.java,retrofit2.RequestFactory,RequestFactory/1[retrofit2.RequestFactory.Builder],isKotlinSuspendFunction,1
/Users/thiago/Documents/Thiago/CodeToAnalyze/retrofit/retrofit/src/main/java/retrofit2/RequestFactory.java,retrofit2.RequestFactory,RequestFactory/1[retrofit2.RequestFactory.Builder],httpMethod,1
/Users/thiago/Documents/Thiago/CodeToAnalyze/retrofit/retrofit/src/main/java/retrofit2/RequestFactory.java,retrofit2.RequestFactory,RequestFactory/1[retrofit2.RequestFactory.Builder],relativeUrl,1
/Users/thiago/Documents/Thiago/CodeToAnalyze/retrofit/retrofit/src/main/java/retrofit2/RequestFactory.java,retrofit2.RequestFactory,RequestFactory/1[retrofit2.RequestFactory.Builder],contentType,1
/Users/thiago/Documents/Thiago/CodeToAnalyze/retrofit/retrofit/src/main/java/retrofit2/RequestFactory.java,retrofit2.RequestFactory,RequestFactory/1[retrofit2.RequestFactory.Builder],hasBody,1
/Users/thiago/Documents/Thiago/CodeToAnalyze/retrofit/retrofit/src/main/java/retrofit2/RequestFactory.java,retrofit2.RequestFactory,RequestFactory/1[retrofit2.RequestFactory.Builder],isFormEncoded,1
/Users/thiago/Documents/Thiago/CodeToAnalyze/retrofit/retrofit/src/main/java/retrofit2/RequestFactory.java,retrofit2.RequestFactory,"parseAnnotations/3[retrofit2.Retrofit,java.lang.Class<?>,java.lang.reflect.Method]",method,2
/Users/thiago/Documents/Thiago/CodeToAnalyze/retrofit/retrofit/src/main/java/retrofit2/RequestFactory.java,retrofit2.RequestFactory,"parseAnnotations/3[retrofit2.Retrofit,java.lang.Class<?>,java.lang.reflect.Method]",service,2
/Users/thiago/Documents/Thiago/CodeToAnalyze/retrofit/retrofit/src/main/java/retrofit2/RequestFactory.java,retrofit2.RequestFactory,"create/2[java.lang.Object,java.lang.Object[]]",parameterHandlers,1
/Users/thiago/Documents/Thiago/CodeToAnalyze/retrofit/retrofit/src/main/java/retrofit2/RequestFactory.java,retrofit2.RequestFactory,"create/2[java.lang.Object,java.lang.Object[]]",headers,1
/Users/thiago/Documents/Thiago/CodeToAnalyze/retrofit/retrofit/src/main/java/retrofit2/RequestFactory.java,retrofit2.RequestFactory,"create/2[java.lang.Object,java.lang.Object[]]",baseUrl,1
/Users/thiago/Documents/Thiago/CodeToAnalyze/retrofit/retrofit/src/main/java/retrofit2/RequestFactory.java,retrofit2.RequestFactory,"create/2[java.lang.Object,java.lang.Object[]]",method,1
/Users/thiago/Documents/Thiago/CodeToAnalyze/retrofit/retrofit/src/main/java/retrofit2/RequestFactory.java,retrofit2.RequestFactory,"create/2[java.lang.Object,java.lang.Object[]]",service,1
/Users/thiago/Documents/Thiago/CodeToAnalyze/retrofit/retrofit/src/main/java/retrofit2/RequestFactory.java,retrofit2.RequestFactory,"create/2[java.lang.Object,java.lang.Object[]]",isMultipart,1
/Users/thiago/Documents/Thiago/CodeToAnalyze/retrofit/retrofit/src/main/java/retrofit2/RequestFactory.java,retrofit2.RequestFactory,"create/2[java.lang.Object,java.lang.Object[]]",isKotlinSuspendFunction,1
/Users/thiago/Documents/Thiago/CodeToAnalyze/retrofit/retrofit/src/main/java/retrofit2/RequestFactory.java,retrofit2.RequestFactory,"create/2[java.lang.Object,java.lang.Object[]]",httpMethod,1
/Users/thiago/Documents/Thiago/CodeToAnalyze/retrofit/retrofit/src/main/java/retrofit2/RequestFactory.java,retrofit2.RequestFactory,"create/2[java.lang.Object,java.lang.Object[]]",relativeUrl,1
/Users/thiago/Documents/Thiago/CodeToAnalyze/retrofit/retrofit/src/main/java/retrofit2/RequestFactory.java,retrofit2.RequestFactory,"create/2[java.lang.Object,java.lang.Object[]]",contentType,1
/Users/thiago/Documents/Thiago/CodeToAnalyze/retrofit/retrofit/src/main/java/retrofit2/RequestFactory.java,retrofit2.RequestFactory,"create/2[java.lang.Object,java.lang.Object[]]",hasBody,1
/Users/thiago/Documents/Thiago/CodeToAnalyze/retrofit/retrofit/src/main/java/retrofit2/RequestFactory.java,retrofit2.RequestFactory,"create/2[java.lang.Object,java.lang.Object[]]",isFormEncoded,1
/Users/thiago/Documents/Thiago/CodeToAnalyze/retrofit/retrofit-adapters/rxjava3/src/test/java/retrofit2/adapter/rxjava3/RecordingSubscriber.java,retrofit2.adapter.rxjava3.RecordingSubscriber$Rule,createWithInitialRequest/1[long],subscribers,1
/Users/thiago/Documents/Thiago/CodeToAnalyze/retrofit/retrofit-adapters/rxjava/src/test/java/retrofit2/adapter/rxjava/ObservableWithSchedulerTest.java,retrofit2.adapter.rxjava.ObservableWithSchedulerTest,responseUsesScheduler/0,scheduler,1
/Users/thiago/Documents/Thiago/CodeToAnalyze/retrofit/retrofit-adapters/rxjava/src/test/java/retrofit2/adapter/rxjava/ObservableWithSchedulerTest.java,retrofit2.adapter.rxjava.ObservableWithSchedulerTest,responseUsesScheduler/0,server,1
/Users/thiago/Documents/Thiago/CodeToAnalyze/retrofit/retrofit-adapters/rxjava/src/test/java/retrofit2/adapter/rxjava/ObservableWithSchedulerTest.java,retrofit2.adapter.rxjava.ObservableWithSchedulerTest,responseUsesScheduler/0,subscriberRule,1
/Users/thiago/Documents/Thiago/CodeToAnalyze/retrofit/retrofit-adapters/rxjava/src/test/java/retrofit2/adapter/rxjava/ObservableWithSchedulerTest.java,retrofit2.adapter.rxjava.ObservableWithSchedulerTest,responseUsesScheduler/0,service,1
/Users/thiago/Documents/Thiago/CodeToAnalyze/retrofit/retrofit-adapters/rxjava/src/test/java/retrofit2/adapter/rxjava/ObservableWithSchedulerTest.java,retrofit2.adapter.rxjava.ObservableWithSchedulerTest,setUp/0,scheduler,1
/Users/thiago/Documents/Thiago/CodeToAnalyze/retrofit/retrofit-adapters/rxjava/src/test/java/retrofit2/adapter/rxjava/ObservableWithSchedulerTest.java,retrofit2.adapter.rxjava.ObservableWithSchedulerTest,setUp/0,server,1
/Users/thiago/Documents/Thiago/CodeToAnalyze/retrofit/retrofit-adapters/rxjava/src/test/java/retrofit2/adapter/rxjava/ObservableWithSchedulerTest.java,retrofit2.adapter.rxjava.ObservableWithSchedulerTest,setUp/0,service,1
/Users/thiago/Documents/Thiago/CodeToAnalyze/retrofit/retrofit-adapters/rxjava/src/test/java/retrofit2/adapter/rxjava/ObservableWithSchedulerTest.java,retrofit2.adapter.rxjava.ObservableWithSchedulerTest,resultUsesScheduler/0,scheduler,1
/Users/thiago/Documents/Thiago/CodeToAnalyze/retrofit/retrofit-adapters/rxjava/src/test/java/retrofit2/adapter/rxjava/ObservableWithSchedulerTest.java,retrofit2.adapter.rxjava.ObservableWithSchedulerTest,resultUsesScheduler/0,server,1
/Users/thiago/Documents/Thiago/CodeToAnalyze/retrofit/retrofit-adapters/rxjava/src/test/java/retrofit2/adapter/rxjava/ObservableWithSchedulerTest.java,retrofit2.adapter.rxjava.ObservableWithSchedulerTest,resultUsesScheduler/0,subscriberRule,1
/Users/thiago/Documents/Thiago/CodeToAnalyze/retrofit/retrofit-adapters/rxjava/src/test/java/retrofit2/adapter/rxjava/ObservableWithSchedulerTest.java,retrofit2.adapter.rxjava.ObservableWithSchedulerTest,resultUsesScheduler/0,service,1
/Users/thiago/Documents/Thiago/CodeToAnalyze/retrofit/retrofit-adapters/rxjava/src/test/java/retrofit2/adapter/rxjava/ObservableWithSchedulerTest.java,retrofit2.adapter.rxjava.ObservableWithSchedulerTest,bodyUsesScheduler/0,scheduler,1
/Users/thiago/Documents/Thiago/CodeToAnalyze/retrofit/retrofit-adapters/rxjava/src/test/java/retrofit2/adapter/rxjava/ObservableWithSchedulerTest.java,retrofit2.adapter.rxjava.ObservableWithSchedulerTest,bodyUsesScheduler/0,server,1
/Users/thiago/Documents/Thiago/CodeToAnalyze/retrofit/retrofit-adapters/rxjava/src/test/java/retrofit2/adapter/rxjava/ObservableWithSchedulerTest.java,retrofit2.adapter.rxjava.ObservableWithSchedulerTest,bodyUsesScheduler/0,subscriberRule,1
/Users/thiago/Documents/Thiago/CodeToAnalyze/retrofit/retrofit-adapters/rxjava/src/test/java/retrofit2/adapter/rxjava/ObservableWithSchedulerTest.java,retrofit2.adapter.rxjava.ObservableWithSchedulerTest,bodyUsesScheduler/0,service,1
/Users/thiago/Documents/Thiago/CodeToAnalyze/retrofit/retrofit-converters/jaxb3/src/main/java/retrofit2/converter/jaxb3/JaxbConverterFactory.java,retrofit2.converter.jaxb3.JaxbConverterFactory,JaxbConverterFactory/1[retrofit2.converter.jaxb3.JAXBContext],context,3
/Users/thiago/Documents/Thiago/CodeToAnalyze/retrofit/retrofit-converters/jaxb3/src/main/java/retrofit2/converter/jaxb3/JaxbConverterFactory.java,retrofit2.converter.jaxb3.JaxbConverterFactory,contextForType/1[java.lang.Class<?>],context,2
/Users/thiago/Documents/Thiago/CodeToAnalyze/retrofit/retrofit-converters/jaxb3/src/main/java/retrofit2/converter/jaxb3/JaxbConverterFactory.java,retrofit2.converter.jaxb3.JaxbConverterFactory,create/1[retrofit2.converter.jaxb3.JAXBContext],context,3
/Users/thiago/Documents/Thiago/CodeToAnalyze/retrofit/retrofit-converters/protobuf/src/main/java/retrofit2/converter/protobuf/ProtoResponseBodyConverter.java,retrofit2.converter.protobuf.ProtoResponseBodyConverter,convert/1[retrofit2.converter.protobuf.ResponseBody],registry,2
/Users/thiago/Documents/Thiago/CodeToAnalyze/retrofit/retrofit-converters/protobuf/src/main/java/retrofit2/converter/protobuf/ProtoResponseBodyConverter.java,retrofit2.converter.protobuf.ProtoResponseBodyConverter,convert/1[retrofit2.converter.protobuf.ResponseBody],parser,2
/Users/thiago/Documents/Thiago/CodeToAnalyze/retrofit/retrofit-converters/protobuf/src/main/java/retrofit2/converter/protobuf/ProtoResponseBodyConverter.java,retrofit2.converter.protobuf.ProtoResponseBodyConverter,"ProtoResponseBodyConverter/2[retrofit2.converter.protobuf.Parser<T>,retrofit2.converter.protobuf.ExtensionRegistryLite]",registry,3
/Users/thiago/Documents/Thiago/CodeToAnalyze/retrofit/retrofit-converters/protobuf/src/main/java/retrofit2/converter/protobuf/ProtoResponseBodyConverter.java,retrofit2.converter.protobuf.ProtoResponseBodyConverter,"ProtoResponseBodyConverter/2[retrofit2.converter.protobuf.Parser<T>,retrofit2.converter.protobuf.ExtensionRegistryLite]",parser,3
/Users/thiago/Documents/Thiago/CodeToAnalyze/retrofit/retrofit-adapters/rxjava3/src/test/java/retrofit2/adapter/rxjava3/FlowableWithSchedulerTest.java,retrofit2.adapter.rxjava3.FlowableWithSchedulerTest,responseUsesScheduler/0,scheduler,1
/Users/thiago/Documents/Thiago/CodeToAnalyze/retrofit/retrofit-adapters/rxjava3/src/test/java/retrofit2/adapter/rxjava3/FlowableWithSchedulerTest.java,retrofit2.adapter.rxjava3.FlowableWithSchedulerTest,responseUsesScheduler/0,server,1
/Users/thiago/Documents/Thiago/CodeToAnalyze/retrofit/retrofit-adapters/rxjava3/src/test/java/retrofit2/adapter/rxjava3/FlowableWithSchedulerTest.java,retrofit2.adapter.rxjava3.FlowableWithSchedulerTest,responseUsesScheduler/0,subscriberRule,1
/Users/thiago/Documents/Thiago/CodeToAnalyze/retrofit/retrofit-adapters/rxjava3/src/test/java/retrofit2/adapter/rxjava3/FlowableWithSchedulerTest.java,retrofit2.adapter.rxjava3.FlowableWithSchedulerTest,responseUsesScheduler/0,service,1
/Users/thiago/Documents/Thiago/CodeToAnalyze/retrofit/retrofit-adapters/rxjava3/src/test/java/retrofit2/adapter/rxjava3/FlowableWithSchedulerTest.java,retrofit2.adapter.rxjava3.FlowableWithSchedulerTest,setUp/0,scheduler,1
/Users/thiago/Documents/Thiago/CodeToAnalyze/retrofit/retrofit-adapters/rxjava3/src/test/java/retrofit2/adapter/rxjava3/FlowableWithSchedulerTest.java,retrofit2.adapter.rxjava3.FlowableWithSchedulerTest,setUp/0,server,1
/Users/thiago/Documents/Thiago/CodeToAnalyze/retrofit/retrofit-adapters/rxjava3/src/test/java/retrofit2/adapter/rxjava3/FlowableWithSchedulerTest.java,retrofit2.adapter.rxjava3.FlowableWithSchedulerTest,setUp/0,service,1
/Users/thiago/Documents/Thiago/CodeToAnalyze/retrofit/retrofit-adapters/rxjava3/src/test/java/retrofit2/adapter/rxjava3/FlowableWithSchedulerTest.java,retrofit2.adapter.rxjava3.FlowableWithSchedulerTest,resultUsesScheduler/0,scheduler,1
/Users/thiago/Documents/Thiago/CodeToAnalyze/retrofit/retrofit-adapters/rxjava3/src/test/java/retrofit2/adapter/rxjava3/FlowableWithSchedulerTest.java,retrofit2.adapter.rxjava3.FlowableWithSchedulerTest,resultUsesScheduler/0,server,1
/Users/thiago/Documents/Thiago/CodeToAnalyze/retrofit/retrofit-adapters/rxjava3/src/test/java/retrofit2/adapter/rxjava3/FlowableWithSchedulerTest.java,retrofit2.adapter.rxjava3.FlowableWithSchedulerTest,resultUsesScheduler/0,subscriberRule,1
/Users/thiago/Documents/Thiago/CodeToAnalyze/retrofit/retrofit-adapters/rxjava3/src/test/java/retrofit2/adapter/rxjava3/FlowableWithSchedulerTest.java,retrofit2.adapter.rxjava3.FlowableWithSchedulerTest,resultUsesScheduler/0,service,1
/Users/thiago/Documents/Thiago/CodeToAnalyze/retrofit/retrofit-adapters/rxjava3/src/test/java/retrofit2/adapter/rxjava3/FlowableWithSchedulerTest.java,retrofit2.adapter.rxjava3.FlowableWithSchedulerTest,bodyUsesScheduler/0,scheduler,1
/Users/thiago/Documents/Thiago/CodeToAnalyze/retrofit/retrofit-adapters/rxjava3/src/test/java/retrofit2/adapter/rxjava3/FlowableWithSchedulerTest.java,retrofit2.adapter.rxjava3.FlowableWithSchedulerTest,bodyUsesScheduler/0,server,1
/Users/thiago/Documents/Thiago/CodeToAnalyze/retrofit/retrofit-adapters/rxjava3/src/test/java/retrofit2/adapter/rxjava3/FlowableWithSchedulerTest.java,retrofit2.adapter.rxjava3.FlowableWithSchedulerTest,bodyUsesScheduler/0,subscriberRule,1
/Users/thiago/Documents/Thiago/CodeToAnalyze/retrofit/retrofit-adapters/rxjava3/src/test/java/retrofit2/adapter/rxjava3/FlowableWithSchedulerTest.java,retrofit2.adapter.rxjava3.FlowableWithSchedulerTest,bodyUsesScheduler/0,service,1
/Users/thiago/Documents/Thiago/CodeToAnalyze/retrofit/retrofit/java-test/src/test/java/retrofit2/ResponseTest.java,retrofit2.ResponseTest,successWithErrorRawResponseThrows/0,errorResponse,1
/Users/thiago/Documents/Thiago/CodeToAnalyze/retrofit/retrofit/java-test/src/test/java/retrofit2/ResponseTest.java,retrofit2.ResponseTest,successWithRawResponse/0,successResponse,2
/Users/thiago/Documents/Thiago/CodeToAnalyze/retrofit/retrofit/java-test/src/test/java/retrofit2/ResponseTest.java,retrofit2.ResponseTest,nullErrorWithRawResponseThrows/0,errorResponse,1
/Users/thiago/Documents/Thiago/CodeToAnalyze/retrofit/retrofit/java-test/src/test/java/retrofit2/ResponseTest.java,retrofit2.ResponseTest,errorWithRawResponse/0,errorResponse,2
/Users/thiago/Documents/Thiago/CodeToAnalyze/retrofit/retrofit/java-test/src/test/java/retrofit2/ResponseTest.java,retrofit2.ResponseTest,errorWithSuccessRawResponseThrows/0,successResponse,1
/Users/thiago/Documents/Thiago/CodeToAnalyze/retrofit/retrofit/src/main/java/retrofit2/ParameterHandler.java,retrofit2.ParameterHandler$Query,"Query/3[java.lang.String,retrofit2.Converter<T,java.lang.String>,boolean]",valueConverter,3
/Users/thiago/Documents/Thiago/CodeToAnalyze/retrofit/retrofit/src/main/java/retrofit2/ParameterHandler.java,retrofit2.ParameterHandler$Query,"Query/3[java.lang.String,retrofit2.Converter<T,java.lang.String>,boolean]",name,3
/Users/thiago/Documents/Thiago/CodeToAnalyze/retrofit/retrofit/src/main/java/retrofit2/ParameterHandler.java,retrofit2.ParameterHandler$Query,"Query/3[java.lang.String,retrofit2.Converter<T,java.lang.String>,boolean]",encoded,3
/Users/thiago/Documents/Thiago/CodeToAnalyze/retrofit/retrofit/src/main/java/retrofit2/ParameterHandler.java,retrofit2.ParameterHandler$Query,"apply/2[retrofit2.RequestBuilder,T]",valueConverter,1
/Users/thiago/Documents/Thiago/CodeToAnalyze/retrofit/retrofit/src/main/java/retrofit2/ParameterHandler.java,retrofit2.ParameterHandler$Query,"apply/2[retrofit2.RequestBuilder,T]",name,1
/Users/thiago/Documents/Thiago/CodeToAnalyze/retrofit/retrofit/src/main/java/retrofit2/ParameterHandler.java,retrofit2.ParameterHandler$Query,"apply/2[retrofit2.RequestBuilder,T]",encoded,1
/Users/thiago/Documents/Thiago/CodeToAnalyze/retrofit/retrofit-adapters/scala/src/test/java/retrofit2/adapter/scala/FutureTest.java,retrofit2.adapter.scala.FutureTest,bodyFailure/0,server,1
/Users/thiago/Documents/Thiago/CodeToAnalyze/retrofit/retrofit-adapters/scala/src/test/java/retrofit2/adapter/scala/FutureTest.java,retrofit2.adapter.scala.FutureTest,bodyFailure/0,service,1
/Users/thiago/Documents/Thiago/CodeToAnalyze/retrofit/retrofit-adapters/scala/src/test/java/retrofit2/adapter/scala/FutureTest.java,retrofit2.adapter.scala.FutureTest,responseFailure/0,server,1
/Users/thiago/Documents/Thiago/CodeToAnalyze/retrofit/retrofit-adapters/scala/src/test/java/retrofit2/adapter/scala/FutureTest.java,retrofit2.adapter.scala.FutureTest,responseFailure/0,service,1
/Users/thiago/Documents/Thiago/CodeToAnalyze/retrofit/retrofit-adapters/scala/src/test/java/retrofit2/adapter/scala/FutureTest.java,retrofit2.adapter.scala.FutureTest,setUp/0,server,1
/Users/thiago/Documents/Thiago/CodeToAnalyze/retrofit/retrofit-adapters/scala/src/test/java/retrofit2/adapter/scala/FutureTest.java,retrofit2.adapter.scala.FutureTest,setUp/0,service,1
/Users/thiago/Documents/Thiago/CodeToAnalyze/retrofit/retrofit-adapters/scala/src/test/java/retrofit2/adapter/scala/FutureTest.java,retrofit2.adapter.scala.FutureTest,bodySuccess200/0,server,1
/Users/thiago/Documents/Thiago/CodeToAnalyze/retrofit/retrofit-adapters/scala/src/test/java/retrofit2/adapter/scala/FutureTest.java,retrofit2.adapter.scala.FutureTest,bodySuccess200/0,service,1
/Users/thiago/Documents/Thiago/CodeToAnalyze/retrofit/retrofit-adapters/scala/src/test/java/retrofit2/adapter/scala/FutureTest.java,retrofit2.adapter.scala.FutureTest,responseSuccess200/0,server,1
/Users/thiago/Documents/Thiago/CodeToAnalyze/retrofit/retrofit-adapters/scala/src/test/java/retrofit2/adapter/scala/FutureTest.java,retrofit2.adapter.scala.FutureTest,responseSuccess200/0,service,1
/Users/thiago/Documents/Thiago/CodeToAnalyze/retrofit/retrofit-adapters/scala/src/test/java/retrofit2/adapter/scala/FutureTest.java,retrofit2.adapter.scala.FutureTest,responseSuccess404/0,server,1
/Users/thiago/Documents/Thiago/CodeToAnalyze/retrofit/retrofit-adapters/scala/src/test/java/retrofit2/adapter/scala/FutureTest.java,retrofit2.adapter.scala.FutureTest,responseSuccess404/0,service,1
/Users/thiago/Documents/Thiago/CodeToAnalyze/retrofit/retrofit-adapters/scala/src/test/java/retrofit2/adapter/scala/FutureTest.java,retrofit2.adapter.scala.FutureTest,bodySuccess404/0,server,1
/Users/thiago/Documents/Thiago/CodeToAnalyze/retrofit/retrofit-adapters/scala/src/test/java/retrofit2/adapter/scala/FutureTest.java,retrofit2.adapter.scala.FutureTest,bodySuccess404/0,service,1
/Users/thiago/Documents/Thiago/CodeToAnalyze/retrofit/retrofit-converters/scalars/src/main/java/retrofit2/converter/scalars/ScalarRequestBodyConverter.java,retrofit2.converter.scalars.ScalarRequestBodyConverter,convert/1[T],MEDIA_TYPE,1
/Users/thiago/Documents/Thiago/CodeToAnalyze/retrofit/retrofit-adapters/rxjava2/src/test/java/retrofit2/adapter/rxjava2/CancelDisposeTest.java,retrofit2.adapter.rxjava2.CancelDisposeTest,disposeBeforeEnqueueDoesNotEnqueue/0,service,1
/Users/thiago/Documents/Thiago/CodeToAnalyze/retrofit/retrofit-adapters/rxjava2/src/test/java/retrofit2/adapter/rxjava2/CancelDisposeTest.java,retrofit2.adapter.rxjava2.CancelDisposeTest,disposeBeforeEnqueueDoesNotEnqueue/0,client,1
/Users/thiago/Documents/Thiago/CodeToAnalyze/retrofit/retrofit-adapters/rxjava2/src/test/java/retrofit2/adapter/rxjava2/CancelDisposeTest.java,retrofit2.adapter.rxjava2.CancelDisposeTest,setUp/0,server,1
/Users/thiago/Documents/Thiago/CodeToAnalyze/retrofit/retrofit-adapters/rxjava2/src/test/java/retrofit2/adapter/rxjava2/CancelDisposeTest.java,retrofit2.adapter.rxjava2.CancelDisposeTest,setUp/0,service,1
/Users/thiago/Documents/Thiago/CodeToAnalyze/retrofit/retrofit-adapters/rxjava2/src/test/java/retrofit2/adapter/rxjava2/CancelDisposeTest.java,retrofit2.adapter.rxjava2.CancelDisposeTest,setUp/0,client,1
/Users/thiago/Documents/Thiago/CodeToAnalyze/retrofit/retrofit-adapters/rxjava2/src/test/java/retrofit2/adapter/rxjava2/CancelDisposeTest.java,retrofit2.adapter.rxjava2.CancelDisposeTest,disposeCancelsCall/0,service,1
/Users/thiago/Documents/Thiago/CodeToAnalyze/retrofit/retrofit-adapters/rxjava2/src/test/java/retrofit2/adapter/rxjava2/CancelDisposeTest.java,retrofit2.adapter.rxjava2.CancelDisposeTest,disposeCancelsCall/0,client,1
/Users/thiago/Documents/Thiago/CodeToAnalyze/retrofit/retrofit-adapters/rxjava2/src/test/java/retrofit2/adapter/rxjava2/CancelDisposeTest.java,retrofit2.adapter.rxjava2.CancelDisposeTest,cancelDoesNotDispose/0,service,1
/Users/thiago/Documents/Thiago/CodeToAnalyze/retrofit/retrofit-adapters/rxjava2/src/test/java/retrofit2/adapter/rxjava2/CancelDisposeTest.java,retrofit2.adapter.rxjava2.CancelDisposeTest,cancelDoesNotDispose/0,client,1
/Users/thiago/Documents/Thiago/CodeToAnalyze/retrofit/retrofit-adapters/rxjava2/src/main/java/retrofit2/adapter/rxjava2/CallExecuteObservable.java,retrofit2.adapter.rxjava2.CallExecuteObservable,subscribeActual/1[retrofit2.adapter.rxjava2.Observer<? super retrofit2.Response<T>>],originalCall,1
/Users/thiago/Documents/Thiago/CodeToAnalyze/retrofit/retrofit-adapters/rxjava2/src/main/java/retrofit2/adapter/rxjava2/CallExecuteObservable.java,retrofit2.adapter.rxjava2.CallExecuteObservable,CallExecuteObservable/1[retrofit2.Call<T>],originalCall,3
/Users/thiago/Documents/Thiago/CodeToAnalyze/retrofit/retrofit-adapters/rxjava2/src/test/java/retrofit2/adapter/rxjava2/FlowableThrowingTest.java,retrofit2.adapter.rxjava2.FlowableThrowingTest$ForwardingSubscriber,ForwardingSubscriber/1[retrofit2.adapter.rxjava2.Subscriber<T>],delegate,3
/Users/thiago/Documents/Thiago/CodeToAnalyze/retrofit/retrofit-adapters/rxjava2/src/test/java/retrofit2/adapter/rxjava2/FlowableThrowingTest.java,retrofit2.adapter.rxjava2.FlowableThrowingTest$ForwardingSubscriber,onNext/1[T],delegate,1
/Users/thiago/Documents/Thiago/CodeToAnalyze/retrofit/retrofit-adapters/rxjava2/src/test/java/retrofit2/adapter/rxjava2/FlowableThrowingTest.java,retrofit2.adapter.rxjava2.FlowableThrowingTest$ForwardingSubscriber,onError/1[java.lang.Throwable],delegate,1
/Users/thiago/Documents/Thiago/CodeToAnalyze/retrofit/retrofit-adapters/rxjava2/src/test/java/retrofit2/adapter/rxjava2/FlowableThrowingTest.java,retrofit2.adapter.rxjava2.FlowableThrowingTest$ForwardingSubscriber,onComplete/0,delegate,1
/Users/thiago/Documents/Thiago/CodeToAnalyze/retrofit/retrofit-adapters/rxjava2/src/test/java/retrofit2/adapter/rxjava2/FlowableThrowingTest.java,retrofit2.adapter.rxjava2.FlowableThrowingTest$ForwardingSubscriber,onSubscribe/1[retrofit2.adapter.rxjava2.Subscription],delegate,1
/Users/thiago/Documents/Thiago/CodeToAnalyze/retrofit/retrofit-converters/jackson/src/test/java/retrofit2/converter/jackson/JacksonConverterFactoryTest.java,retrofit2.converter.jackson.JacksonConverterFactoryTest,anInterface/0,server,2
/Users/thiago/Documents/Thiago/CodeToAnalyze/retrofit/retrofit-converters/jackson/src/test/java/retrofit2/converter/jackson/JacksonConverterFactoryTest.java,retrofit2.converter.jackson.JacksonConverterFactoryTest,anInterface/0,service,1
/Users/thiago/Documents/Thiago/CodeToAnalyze/retrofit/retrofit-converters/jackson/src/test/java/retrofit2/converter/jackson/JacksonConverterFactoryTest.java,retrofit2.converter.jackson.JacksonConverterFactoryTest,anImplementation/0,server,2
/Users/thiago/Documents/Thiago/CodeToAnalyze/retrofit/retrofit-converters/jackson/src/test/java/retrofit2/converter/jackson/JacksonConverterFactoryTest.java,retrofit2.converter.jackson.JacksonConverterFactoryTest,anImplementation/0,service,1
/Users/thiago/Documents/Thiago/CodeToAnalyze/retrofit/retrofit-converters/jackson/src/test/java/retrofit2/converter/jackson/JacksonConverterFactoryTest.java,retrofit2.converter.jackson.JacksonConverterFactoryTest,JacksonConverterFactoryTest/1[boolean],server,1
/Users/thiago/Documents/Thiago/CodeToAnalyze/retrofit/retrofit-converters/jackson/src/test/java/retrofit2/converter/jackson/JacksonConverterFactoryTest.java,retrofit2.converter.jackson.JacksonConverterFactoryTest,JacksonConverterFactoryTest/1[boolean],streaming,4
/Users/thiago/Documents/Thiago/CodeToAnalyze/retrofit/retrofit-converters/jackson/src/test/java/retrofit2/converter/jackson/JacksonConverterFactoryTest.java,retrofit2.converter.jackson.JacksonConverterFactoryTest,JacksonConverterFactoryTest/1[boolean],service,1
/Users/thiago/Documents/Thiago/CodeToAnalyze/retrofit/retrofit-converters/jackson/src/test/java/retrofit2/converter/jackson/JacksonConverterFactoryTest.java,retrofit2.converter.jackson.JacksonConverterFactoryTest,serializeIsStreamed/0,streaming,1
/Users/thiago/Documents/Thiago/CodeToAnalyze/retrofit/retrofit-converters/jackson/src/test/java/retrofit2/converter/jackson/JacksonConverterFactoryTest.java,retrofit2.converter.jackson.JacksonConverterFactoryTest,serializeIsStreamed/0,service,1
/Users/thiago/Documents/Thiago/CodeToAnalyze/retrofit/retrofit-adapters/rxjava2/src/test/java/retrofit2/adapter/rxjava2/AsyncTest.java,retrofit2.adapter.rxjava2.AsyncTest,setUp/0,server,1
/Users/thiago/Documents/Thiago/CodeToAnalyze/retrofit/retrofit-adapters/rxjava2/src/test/java/retrofit2/adapter/rxjava2/AsyncTest.java,retrofit2.adapter.rxjava2.AsyncTest,setUp/0,service,1
/Users/thiago/Documents/Thiago/CodeToAnalyze/retrofit/retrofit-adapters/rxjava2/src/test/java/retrofit2/adapter/rxjava2/AsyncTest.java,retrofit2.adapter.rxjava2.AsyncTest,setUp/0,uncaughtExceptions,1
/Users/thiago/Documents/Thiago/CodeToAnalyze/retrofit/retrofit-adapters/rxjava2/src/test/java/retrofit2/adapter/rxjava2/AsyncTest.java,retrofit2.adapter.rxjava2.AsyncTest,success/0,server,1
/Users/thiago/Documents/Thiago/CodeToAnalyze/retrofit/retrofit-adapters/rxjava2/src/test/java/retrofit2/adapter/rxjava2/AsyncTest.java,retrofit2.adapter.rxjava2.AsyncTest,success/0,service,1
/Users/thiago/Documents/Thiago/CodeToAnalyze/retrofit/retrofit-adapters/rxjava2/src/test/java/retrofit2/adapter/rxjava2/AsyncTest.java,retrofit2.adapter.rxjava2.AsyncTest,failure/0,server,1
/Users/thiago/Documents/Thiago/CodeToAnalyze/retrofit/retrofit-adapters/rxjava2/src/test/java/retrofit2/adapter/rxjava2/AsyncTest.java,retrofit2.adapter.rxjava2.AsyncTest,failure/0,service,1
/Users/thiago/Documents/Thiago/CodeToAnalyze/retrofit/retrofit-adapters/rxjava2/src/test/java/retrofit2/adapter/rxjava2/AsyncTest.java,retrofit2.adapter.rxjava2.AsyncTest,throwingInOnCompleteDeliveredToPlugin/0,server,1
/Users/thiago/Documents/Thiago/CodeToAnalyze/retrofit/retrofit-adapters/rxjava2/src/test/java/retrofit2/adapter/rxjava2/AsyncTest.java,retrofit2.adapter.rxjava2.AsyncTest,throwingInOnCompleteDeliveredToPlugin/0,service,1
/Users/thiago/Documents/Thiago/CodeToAnalyze/retrofit/retrofit-adapters/rxjava2/src/test/java/retrofit2/adapter/rxjava2/AsyncTest.java,retrofit2.adapter.rxjava2.AsyncTest,bodyThrowingFatalInOnErrorPropagates/0,server,1
/Users/thiago/Documents/Thiago/CodeToAnalyze/retrofit/retrofit-adapters/rxjava2/src/test/java/retrofit2/adapter/rxjava2/AsyncTest.java,retrofit2.adapter.rxjava2.AsyncTest,bodyThrowingFatalInOnErrorPropagates/0,service,1
/Users/thiago/Documents/Thiago/CodeToAnalyze/retrofit/retrofit-adapters/rxjava2/src/test/java/retrofit2/adapter/rxjava2/AsyncTest.java,retrofit2.adapter.rxjava2.AsyncTest,bodyThrowingFatalInOnErrorPropagates/0,uncaughtExceptions,2
/Users/thiago/Documents/Thiago/CodeToAnalyze/retrofit/retrofit-adapters/rxjava2/src/test/java/retrofit2/adapter/rxjava2/AsyncTest.java,retrofit2.adapter.rxjava2.AsyncTest,bodyThrowingInOnErrorDeliveredToPlugin/0,server,1
/Users/thiago/Documents/Thiago/CodeToAnalyze/retrofit/retrofit-adapters/rxjava2/src/test/java/retrofit2/adapter/rxjava2/AsyncTest.java,retrofit2.adapter.rxjava2.AsyncTest,bodyThrowingInOnErrorDeliveredToPlugin/0,service,1
/Users/thiago/Documents/Thiago/CodeToAnalyze/retrofit/retrofit-adapters/rxjava2/src/test/java/retrofit2/adapter/rxjava2/AsyncTest.java,retrofit2.adapter.rxjava2.AsyncTest,tearDown/0,uncaughtExceptions,2
/Users/thiago/Documents/Thiago/CodeToAnalyze/retrofit/retrofit/src/main/java/retrofit2/Invocation.java,retrofit2.Invocation,"of/2[java.lang.reflect.Method,java.util.List<?>]",method,4
/Users/thiago/Documents/Thiago/CodeToAnalyze/retrofit/retrofit/src/main/java/retrofit2/Invocation.java,retrofit2.Invocation,"of/2[java.lang.reflect.Method,java.util.List<?>]",arguments,3
/Users/thiago/Documents/Thiago/CodeToAnalyze/retrofit/retrofit/src/main/java/retrofit2/Invocation.java,retrofit2.Invocation,"of/4[java.lang.Class<T>,T,java.lang.reflect.Method,java.util.List<?>]",instance,3
/Users/thiago/Documents/Thiago/CodeToAnalyze/retrofit/retrofit/src/main/java/retrofit2/Invocation.java,retrofit2.Invocation,"of/4[java.lang.Class<T>,T,java.lang.reflect.Method,java.util.List<?>]",method,3
/Users/thiago/Documents/Thiago/CodeToAnalyze/retrofit/retrofit/src/main/java/retrofit2/Invocation.java,retrofit2.Invocation,"of/4[java.lang.Class<T>,T,java.lang.reflect.Method,java.util.List<?>]",service,3
/Users/thiago/Documents/Thiago/CodeToAnalyze/retrofit/retrofit/src/main/java/retrofit2/Invocation.java,retrofit2.Invocation,"of/4[java.lang.Class<T>,T,java.lang.reflect.Method,java.util.List<?>]",arguments,3
/Users/thiago/Documents/Thiago/CodeToAnalyze/retrofit/retrofit/src/main/java/retrofit2/Invocation.java,retrofit2.Invocation,instance/0,instance,2
/Users/thiago/Documents/Thiago/CodeToAnalyze/retrofit/retrofit/src/main/java/retrofit2/Invocation.java,retrofit2.Invocation,instance/0,service,1
/Users/thiago/Documents/Thiago/CodeToAnalyze/retrofit/retrofit/src/main/java/retrofit2/Invocation.java,retrofit2.Invocation,arguments/0,arguments,2
/Users/thiago/Documents/Thiago/CodeToAnalyze/retrofit/retrofit/src/main/java/retrofit2/Invocation.java,retrofit2.Invocation,toString/0,method,1
/Users/thiago/Documents/Thiago/CodeToAnalyze/retrofit/retrofit/src/main/java/retrofit2/Invocation.java,retrofit2.Invocation,toString/0,service,1
/Users/thiago/Documents/Thiago/CodeToAnalyze/retrofit/retrofit/src/main/java/retrofit2/Invocation.java,retrofit2.Invocation,toString/0,arguments,1
/Users/thiago/Documents/Thiago/CodeToAnalyze/retrofit/retrofit/src/main/java/retrofit2/Invocation.java,retrofit2.Invocation,"Invocation/4[java.lang.Class<?>,java.lang.Object,java.lang.reflect.Method,java.util.List<?>]",instance,3
/Users/thiago/Documents/Thiago/CodeToAnalyze/retrofit/retrofit/src/main/java/retrofit2/Invocation.java,retrofit2.Invocation,"Invocation/4[java.lang.Class<?>,java.lang.Object,java.lang.reflect.Method,java.util.List<?>]",method,3
/Users/thiago/Documents/Thiago/CodeToAnalyze/retrofit/retrofit/src/main/java/retrofit2/Invocation.java,retrofit2.Invocation,"Invocation/4[java.lang.Class<?>,java.lang.Object,java.lang.reflect.Method,java.util.List<?>]",service,3
/Users/thiago/Documents/Thiago/CodeToAnalyze/retrofit/retrofit/src/main/java/retrofit2/Invocation.java,retrofit2.Invocation,"Invocation/4[java.lang.Class<?>,java.lang.Object,java.lang.reflect.Method,java.util.List<?>]",arguments,3
/Users/thiago/Documents/Thiago/CodeToAnalyze/retrofit/retrofit/src/main/java/retrofit2/Invocation.java,retrofit2.Invocation,method/0,method,2
/Users/thiago/Documents/Thiago/CodeToAnalyze/retrofit/retrofit/src/main/java/retrofit2/Invocation.java,retrofit2.Invocation,service/0,service,2
/Users/thiago/Documents/Thiago/CodeToAnalyze/retrofit/retrofit/src/main/java/retrofit2/OkHttpCall.java,retrofit2.OkHttpCall,cancel/0,canceled,1
/Users/thiago/Documents/Thiago/CodeToAnalyze/retrofit/retrofit/src/main/java/retrofit2/OkHttpCall.java,retrofit2.OkHttpCall,cancel/0,rawCall,1
/Users/thiago/Documents/Thiago/CodeToAnalyze/retrofit/retrofit/src/main/java/retrofit2/OkHttpCall.java,retrofit2.OkHttpCall,enqueue/1[retrofit2.Callback<T>],canceled,1
/Users/thiago/Documents/Thiago/CodeToAnalyze/retrofit/retrofit/src/main/java/retrofit2/OkHttpCall.java,retrofit2.OkHttpCall,enqueue/1[retrofit2.Callback<T>],executed,2
/Users/thiago/Documents/Thiago/CodeToAnalyze/retrofit/retrofit/src/main/java/retrofit2/OkHttpCall.java,retrofit2.OkHttpCall,enqueue/1[retrofit2.Callback<T>],creationFailure,2
/Users/thiago/Documents/Thiago/CodeToAnalyze/retrofit/retrofit/src/main/java/retrofit2/OkHttpCall.java,retrofit2.OkHttpCall,enqueue/1[retrofit2.Callback<T>],rawCall,2
/Users/thiago/Documents/Thiago/CodeToAnalyze/retrofit/retrofit/src/main/java/retrofit2/OkHttpCall.java,retrofit2.OkHttpCall,createRawCall/0,args,1
/Users/thiago/Documents/Thiago/CodeToAnalyze/retrofit/retrofit/src/main/java/retrofit2/OkHttpCall.java,retrofit2.OkHttpCall,createRawCall/0,requestFactory,1
/Users/thiago/Documents/Thiago/CodeToAnalyze/retrofit/retrofit/src/main/java/retrofit2/OkHttpCall.java,retrofit2.OkHttpCall,createRawCall/0,instance,1
/Users/thiago/Documents/Thiago/CodeToAnalyze/retrofit/retrofit/src/main/java/retrofit2/OkHttpCall.java,retrofit2.OkHttpCall,createRawCall/0,callFactory,1
/Users/thiago/Documents/Thiago/CodeToAnalyze/retrofit/retrofit/src/main/java/retrofit2/OkHttpCall.java,retrofit2.OkHttpCall,"OkHttpCall/5[retrofit2.RequestFactory,java.lang.Object,java.lang.Object[],okhttp3.Call.Factory,retrofit2.Converter<retrofit2.ResponseBody,T>]",args,3
/Users/thiago/Documents/Thiago/CodeToAnalyze/retrofit/retrofit/src/main/java/retrofit2/OkHttpCall.java,retrofit2.OkHttpCall,"OkHttpCall/5[retrofit2.RequestFactory,java.lang.Object,java.lang.Object[],okhttp3.Call.Factory,retrofit2.Converter<retrofit2.ResponseBody,T>]",responseConverter,3
/Users/thiago/Documents/Thiago/CodeToAnalyze/retrofit/retrofit/src/main/java/retrofit2/OkHttpCall.java,retrofit2.OkHttpCall,"OkHttpCall/5[retrofit2.RequestFactory,java.lang.Object,java.lang.Object[],okhttp3.Call.Factory,retrofit2.Converter<retrofit2.ResponseBody,T>]",requestFactory,3
/Users/thiago/Documents/Thiago/CodeToAnalyze/retrofit/retrofit/src/main/java/retrofit2/OkHttpCall.java,retrofit2.OkHttpCall,"OkHttpCall/5[retrofit2.RequestFactory,java.lang.Object,java.lang.Object[],okhttp3.Call.Factory,retrofit2.Converter<retrofit2.ResponseBody,T>]",instance,3
/Users/thiago/Documents/Thiago/CodeToAnalyze/retrofit/retrofit/src/main/java/retrofit2/OkHttpCall.java,retrofit2.OkHttpCall,"OkHttpCall/5[retrofit2.RequestFactory,java.lang.Object,java.lang.Object[],okhttp3.Call.Factory,retrofit2.Converter<retrofit2.ResponseBody,T>]",callFactory,3
/Users/thiago/Documents/Thiago/CodeToAnalyze/retrofit/retrofit/src/main/java/retrofit2/OkHttpCall.java,retrofit2.OkHttpCall,getRawCall/0,creationFailure,7
/Users/thiago/Documents/Thiago/CodeToAnalyze/retrofit/retrofit/src/main/java/retrofit2/OkHttpCall.java,retrofit2.OkHttpCall,getRawCall/0,rawCall,2
/Users/thiago/Documents/Thiago/CodeToAnalyze/retrofit/retrofit/src/main/java/retrofit2/OkHttpCall.java,retrofit2.OkHttpCall,isCanceled/0,canceled,1
/Users/thiago/Documents/Thiago/CodeToAnalyze/retrofit/retrofit/src/main/java/retrofit2/OkHttpCall.java,retrofit2.OkHttpCall,isCanceled/0,rawCall,2
/Users/thiago/Documents/Thiago/CodeToAnalyze/retrofit/retrofit/src/main/java/retrofit2/OkHttpCall.java,retrofit2.OkHttpCall,clone/0,args,1
/Users/thiago/Documents/Thiago/CodeToAnalyze/retrofit/retrofit/src/main/java/retrofit2/OkHttpCall.java,retrofit2.OkHttpCall,clone/0,responseConverter,1
/Users/thiago/Documents/Thiago/CodeToAnalyze/retrofit/retrofit/src/main/java/retrofit2/OkHttpCall.java,retrofit2.OkHttpCall,clone/0,requestFactory,1
/Users/thiago/Documents/Thiago/CodeToAnalyze/retrofit/retrofit/src/main/java/retrofit2/OkHttpCall.java,retrofit2.OkHttpCall,clone/0,instance,1
/Users/thiago/Documents/Thiago/CodeToAnalyze/retrofit/retrofit/src/main/java/retrofit2/OkHttpCall.java,retrofit2.OkHttpCall,clone/0,callFactory,1
/Users/thiago/Documents/Thiago/CodeToAnalyze/retrofit/retrofit/src/main/java/retrofit2/OkHttpCall.java,retrofit2.OkHttpCall,execute/0,canceled,1
/Users/thiago/Documents/Thiago/CodeToAnalyze/retrofit/retrofit/src/main/java/retrofit2/OkHttpCall.java,retrofit2.OkHttpCall,execute/0,executed,2
/Users/thiago/Documents/Thiago/CodeToAnalyze/retrofit/retrofit/src/main/java/retrofit2/OkHttpCall.java,retrofit2.OkHttpCall,isExecuted/0,executed,1
/Users/thiago/Documents/Thiago/CodeToAnalyze/retrofit/retrofit/src/main/java/retrofit2/OkHttpCall.java,retrofit2.OkHttpCall,parseResponse/1[okhttp3.Response],responseConverter,1
/Users/thiago/Documents/Thiago/CodeToAnalyze/retrofit/retrofit/java-test/src/test/java/retrofit2/CallTest.java,retrofit2.CallTest,http200Sync/0,server,2
/Users/thiago/Documents/Thiago/CodeToAnalyze/retrofit/retrofit/java-test/src/test/java/retrofit2/CallTest.java,retrofit2.CallTest,requestAfterExecuteThrowingAlsoThrows/0,server,2
/Users/thiago/Documents/Thiago/CodeToAnalyze/retrofit/retrofit/java-test/src/test/java/retrofit2/CallTest.java,retrofit2.CallTest,responseBodyStreams/0,server,2
/Users/thiago/Documents/Thiago/CodeToAnalyze/retrofit/retrofit/java-test/src/test/java/retrofit2/CallTest.java,retrofit2.CallTest,conversionProblemIncomingAsync/0,server,2
/Users/thiago/Documents/Thiago/CodeToAnalyze/retrofit/retrofit/java-test/src/test/java/retrofit2/CallTest.java,retrofit2.CallTest,successfulRequestResponseWhenMimeTypeMissing/0,server,2
/Users/thiago/Documents/Thiago/CodeToAnalyze/retrofit/retrofit/java-test/src/test/java/retrofit2/CallTest.java,retrofit2.CallTest,http404Async/0,server,2
/Users/thiago/Documents/Thiago/CodeToAnalyze/retrofit/retrofit/java-test/src/test/java/retrofit2/CallTest.java,retrofit2.CallTest,requestAfterExecuteThrowingAlsoThrowsForNonFatalErrors/0,server,2
/Users/thiago/Documents/Thiago/CodeToAnalyze/retrofit/retrofit/java-test/src/test/java/retrofit2/CallTest.java,retrofit2.CallTest,cancelBeforeEnqueue/0,server,1
/Users/thiago/Documents/Thiago/CodeToAnalyze/retrofit/retrofit/java-test/src/test/java/retrofit2/CallTest.java,retrofit2.CallTest,timeoutEnabledButNotExceeded/0,server,2
/Users/thiago/Documents/Thiago/CodeToAnalyze/retrofit/retrofit/java-test/src/test/java/retrofit2/CallTest.java,retrofit2.CallTest,requestThrowingBeforeEnqueueFailsEnqueue/0,server,2
/Users/thiago/Documents/Thiago/CodeToAnalyze/retrofit/retrofit/java-test/src/test/java/retrofit2/CallTest.java,retrofit2.CallTest,emptyResponse/0,server,2
/Users/thiago/Documents/Thiago/CodeToAnalyze/retrofit/retrofit/java-test/src/test/java/retrofit2/CallTest.java,retrofit2.CallTest,requestBeforeExecuteCreates/0,server,2
/Users/thiago/Documents/Thiago/CodeToAnalyze/retrofit/retrofit/java-test/src/test/java/retrofit2/CallTest.java,retrofit2.CallTest,responseBody/0,server,2
/Users/thiago/Documents/Thiago/CodeToAnalyze/retrofit/retrofit/java-test/src/test/java/retrofit2/CallTest.java,retrofit2.CallTest,conversionProblemOutgoingAsync/0,server,1
/Users/thiago/Documents/Thiago/CodeToAnalyze/retrofit/retrofit/java-test/src/test/java/retrofit2/CallTest.java,retrofit2.CallTest,reportsExecutedAsync/0,server,2
/Users/thiago/Documents/Thiago/CodeToAnalyze/retrofit/retrofit/java-test/src/test/java/retrofit2/CallTest.java,retrofit2.CallTest,requestThrowingNonFatalErrorBeforeEnqueueFailsEnqueue/0,server,2
/Users/thiago/Documents/Thiago/CodeToAnalyze/retrofit/retrofit/java-test/src/test/java/retrofit2/CallTest.java,retrofit2.CallTest,deadlineExceeded/0,server,2
/Users/thiago/Documents/Thiago/CodeToAnalyze/retrofit/retrofit/java-test/src/test/java/retrofit2/CallTest.java,retrofit2.CallTest,http205SkipsConverter/0,server,2
/Users/thiago/Documents/Thiago/CodeToAnalyze/retrofit/retrofit/java-test/src/test/java/retrofit2/CallTest.java,retrofit2.CallTest,requestBeforeEnqueueCreates/0,server,2
/Users/thiago/Documents/Thiago/CodeToAnalyze/retrofit/retrofit/java-test/src/test/java/retrofit2/CallTest.java,retrofit2.CallTest,fatalErrorsAreNotCaughtRequest/0,server,2
/Users/thiago/Documents/Thiago/CodeToAnalyze/retrofit/retrofit/java-test/src/test/java/retrofit2/CallTest.java,retrofit2.CallTest,transportProblemAsync/0,server,2
/Users/thiago/Documents/Thiago/CodeToAnalyze/retrofit/retrofit/java-test/src/test/java/retrofit2/CallTest.java,retrofit2.CallTest,conversionProblemOutgoingSync/0,server,1
/Users/thiago/Documents/Thiago/CodeToAnalyze/retrofit/retrofit/java-test/src/test/java/retrofit2/CallTest.java,retrofit2.CallTest,reportsExecutedSync/0,server,2
/Users/thiago/Documents/Thiago/CodeToAnalyze/retrofit/retrofit/java-test/src/test/java/retrofit2/CallTest.java,retrofit2.CallTest,http200Async/0,server,2
/Users/thiago/Documents/Thiago/CodeToAnalyze/retrofit/retrofit/java-test/src/test/java/retrofit2/CallTest.java,retrofit2.CallTest,cancelBeforeExecute/0,server,1
/Users/thiago/Documents/Thiago/CodeToAnalyze/retrofit/retrofit/java-test/src/test/java/retrofit2/CallTest.java,retrofit2.CallTest,requestAfterEnqueueFailingThrowsForNonFatalErrors/0,server,2
/Users/thiago/Documents/Thiago/CodeToAnalyze/retrofit/retrofit/java-test/src/test/java/retrofit2/CallTest.java,retrofit2.CallTest,fatalErrorsAreNotCaughtEnqueue/0,server,2
/Users/thiago/Documents/Thiago/CodeToAnalyze/retrofit/retrofit/java-test/src/test/java/retrofit2/CallTest.java,retrofit2.CallTest,executeCallOnce/0,server,2
/Users/thiago/Documents/Thiago/CodeToAnalyze/retrofit/retrofit/java-test/src/test/java/retrofit2/CallTest.java,retrofit2.CallTest,cancelOkHttpRequest/0,server,2
/Users/thiago/Documents/Thiago/CodeToAnalyze/retrofit/retrofit/java-test/src/test/java/retrofit2/CallTest.java,retrofit2.CallTest,converterBodyDoesNotLeakContentInIntermediateBuffers/0,server,2
/Users/thiago/Documents/Thiago/CodeToAnalyze/retrofit/retrofit/java-test/src/test/java/retrofit2/CallTest.java,retrofit2.CallTest,conversionProblemIncomingMaskedByConverterIsUnwrapped/0,server,2
/Users/thiago/Documents/Thiago/CodeToAnalyze/retrofit/retrofit/java-test/src/test/java/retrofit2/CallTest.java,retrofit2.CallTest,http204SkipsConverter/0,server,2
/Users/thiago/Documents/Thiago/CodeToAnalyze/retrofit/retrofit/java-test/src/test/java/retrofit2/CallTest.java,retrofit2.CallTest,requestAfterExecuteReturnsCachedValue/0,server,2
/Users/thiago/Documents/Thiago/CodeToAnalyze/retrofit/retrofit/java-test/src/test/java/retrofit2/CallTest.java,retrofit2.CallTest,rawResponseContentTypeAndLengthButNoSource/0,server,2
/Users/thiago/Documents/Thiago/CodeToAnalyze/retrofit/retrofit/java-test/src/test/java/retrofit2/CallTest.java,retrofit2.CallTest,cloningExecutedRequestDoesNotCopyState/0,server,3
/Users/thiago/Documents/Thiago/CodeToAnalyze/retrofit/retrofit/java-test/src/test/java/retrofit2/CallTest.java,retrofit2.CallTest,requestAfterEnqueueReturnsCachedValue/0,server,2
/Users/thiago/Documents/Thiago/CodeToAnalyze/retrofit/retrofit/java-test/src/test/java/retrofit2/CallTest.java,retrofit2.CallTest,http404Sync/0,server,2
/Users/thiago/Documents/Thiago/CodeToAnalyze/retrofit/retrofit/java-test/src/test/java/retrofit2/CallTest.java,retrofit2.CallTest,requestThrowingNonFatalErrorBeforeExecuteFailsExecute/0,server,2
/Users/thiago/Documents/Thiago/CodeToAnalyze/retrofit/retrofit/java-test/src/test/java/retrofit2/CallTest.java,retrofit2.CallTest,timeoutExceeded/0,server,2
/Users/thiago/Documents/Thiago/CodeToAnalyze/retrofit/retrofit/java-test/src/test/java/retrofit2/CallTest.java,retrofit2.CallTest,cancelRequest/0,server,2
/Users/thiago/Documents/Thiago/CodeToAnalyze/retrofit/retrofit/java-test/src/test/java/retrofit2/CallTest.java,retrofit2.CallTest,responseBodyBuffers/0,server,2
/Users/thiago/Documents/Thiago/CodeToAnalyze/retrofit/retrofit/java-test/src/test/java/retrofit2/CallTest.java,retrofit2.CallTest,requestAfterEnqueueFailingThrows/0,server,2
/Users/thiago/Documents/Thiago/CodeToAnalyze/retrofit/retrofit/java-test/src/test/java/retrofit2/CallTest.java,retrofit2.CallTest,conversionProblemIncomingSync/0,server,2
/Users/thiago/Documents/Thiago/CodeToAnalyze/retrofit/retrofit/java-test/src/test/java/retrofit2/CallTest.java,retrofit2.CallTest,fatalErrorsAreNotCaughtExecute/0,server,2
/Users/thiago/Documents/Thiago/CodeToAnalyze/retrofit/retrofit/java-test/src/test/java/retrofit2/CallTest.java,retrofit2.CallTest,transportProblemSync/0,server,2
/Users/thiago/Documents/Thiago/CodeToAnalyze/retrofit/retrofit/java-test/src/test/java/retrofit2/CallTest.java,retrofit2.CallTest,requestThrowingBeforeExecuteFailsExecute/0,server,2
/Users/thiago/Documents/Thiago/CodeToAnalyze/retrofit/retrofit-adapters/rxjava3/src/test/java/retrofit2/adapter/rxjava3/CompletableThrowingTest.java,retrofit2.adapter.rxjava3.CompletableThrowingTest$ForwardingCompletableObserver,ForwardingCompletableObserver/1[retrofit2.adapter.rxjava3.CompletableObserver],delegate,3
/Users/thiago/Documents/Thiago/CodeToAnalyze/retrofit/retrofit-adapters/rxjava3/src/test/java/retrofit2/adapter/rxjava3/CompletableThrowingTest.java,retrofit2.adapter.rxjava3.CompletableThrowingTest$ForwardingCompletableObserver,onSubscribe/1[retrofit2.adapter.rxjava3.Disposable],delegate,1
/Users/thiago/Documents/Thiago/CodeToAnalyze/retrofit/retrofit-adapters/rxjava3/src/test/java/retrofit2/adapter/rxjava3/CompletableThrowingTest.java,retrofit2.adapter.rxjava3.CompletableThrowingTest$ForwardingCompletableObserver,onComplete/0,delegate,1
/Users/thiago/Documents/Thiago/CodeToAnalyze/retrofit/retrofit-adapters/rxjava3/src/test/java/retrofit2/adapter/rxjava3/CompletableThrowingTest.java,retrofit2.adapter.rxjava3.CompletableThrowingTest$ForwardingCompletableObserver,onError/1[java.lang.Throwable],delegate,1
/Users/thiago/Documents/Thiago/CodeToAnalyze/retrofit/retrofit-converters/jaxb/src/main/java/retrofit2/converter/jaxb/JaxbRequestConverter.java,retrofit2.converter.jaxb.JaxbRequestConverter,convert/1[T],xmlOutputFactory,1
/Users/thiago/Documents/Thiago/CodeToAnalyze/retrofit/retrofit-converters/jaxb/src/main/java/retrofit2/converter/jaxb/JaxbRequestConverter.java,retrofit2.converter.jaxb.JaxbRequestConverter,convert/1[T],context,1
/Users/thiago/Documents/Thiago/CodeToAnalyze/retrofit/retrofit-converters/jaxb/src/main/java/retrofit2/converter/jaxb/JaxbRequestConverter.java,retrofit2.converter.jaxb.JaxbRequestConverter,"JaxbRequestConverter/2[retrofit2.converter.jaxb.JAXBContext,java.lang.Class<T>]",context,3
/Users/thiago/Documents/Thiago/CodeToAnalyze/retrofit/retrofit-converters/jaxb/src/main/java/retrofit2/converter/jaxb/JaxbRequestConverter.java,retrofit2.converter.jaxb.JaxbRequestConverter,"JaxbRequestConverter/2[retrofit2.converter.jaxb.JAXBContext,java.lang.Class<T>]",type,3
/Users/thiago/Documents/Thiago/CodeToAnalyze/retrofit/retrofit-adapters/rxjava2/src/test/java/retrofit2/adapter/rxjava2/RxJava2CallAdapterFactoryTest.java,retrofit2.adapter.rxjava2.RxJava2CallAdapterFactoryTest,nonRxJavaTypeReturnsNull/0,factory,1
/Users/thiago/Documents/Thiago/CodeToAnalyze/retrofit/retrofit-adapters/rxjava2/src/test/java/retrofit2/adapter/rxjava2/RxJava2CallAdapterFactoryTest.java,retrofit2.adapter.rxjava2.RxJava2CallAdapterFactoryTest,nonRxJavaTypeReturnsNull/0,retrofit,1
/Users/thiago/Documents/Thiago/CodeToAnalyze/retrofit/retrofit-adapters/rxjava2/src/test/java/retrofit2/adapter/rxjava2/RxJava2CallAdapterFactoryTest.java,retrofit2.adapter.rxjava2.RxJava2CallAdapterFactoryTest,nonRxJavaTypeReturnsNull/0,NO_ANNOTATIONS,1
/Users/thiago/Documents/Thiago/CodeToAnalyze/retrofit/retrofit-adapters/rxjava2/src/test/java/retrofit2/adapter/rxjava2/RxJava2CallAdapterFactoryTest.java,retrofit2.adapter.rxjava2.RxJava2CallAdapterFactoryTest,rawBodyTypeThrows/0,factory,4
/Users/thiago/Documents/Thiago/CodeToAnalyze/retrofit/retrofit-adapters/rxjava2/src/test/java/retrofit2/adapter/rxjava2/RxJava2CallAdapterFactoryTest.java,retrofit2.adapter.rxjava2.RxJava2CallAdapterFactoryTest,rawBodyTypeThrows/0,retrofit,4
/Users/thiago/Documents/Thiago/CodeToAnalyze/retrofit/retrofit-adapters/rxjava2/src/test/java/retrofit2/adapter/rxjava2/RxJava2CallAdapterFactoryTest.java,retrofit2.adapter.rxjava2.RxJava2CallAdapterFactoryTest,rawBodyTypeThrows/0,NO_ANNOTATIONS,4
/Users/thiago/Documents/Thiago/CodeToAnalyze/retrofit/retrofit-adapters/rxjava2/src/test/java/retrofit2/adapter/rxjava2/RxJava2CallAdapterFactoryTest.java,retrofit2.adapter.rxjava2.RxJava2CallAdapterFactoryTest,rawResultTypeThrows/0,factory,4
/Users/thiago/Documents/Thiago/CodeToAnalyze/retrofit/retrofit-adapters/rxjava2/src/test/java/retrofit2/adapter/rxjava2/RxJava2CallAdapterFactoryTest.java,retrofit2.adapter.rxjava2.RxJava2CallAdapterFactoryTest,rawResultTypeThrows/0,retrofit,4
/Users/thiago/Documents/Thiago/CodeToAnalyze/retrofit/retrofit-adapters/rxjava2/src/test/java/retrofit2/adapter/rxjava2/RxJava2CallAdapterFactoryTest.java,retrofit2.adapter.rxjava2.RxJava2CallAdapterFactoryTest,rawResultTypeThrows/0,NO_ANNOTATIONS,4
/Users/thiago/Documents/Thiago/CodeToAnalyze/retrofit/retrofit-adapters/rxjava2/src/test/java/retrofit2/adapter/rxjava2/RxJava2CallAdapterFactoryTest.java,retrofit2.adapter.rxjava2.RxJava2CallAdapterFactoryTest,responseTypes/0,factory,28
/Users/thiago/Documents/Thiago/CodeToAnalyze/retrofit/retrofit-adapters/rxjava2/src/test/java/retrofit2/adapter/rxjava2/RxJava2CallAdapterFactoryTest.java,retrofit2.adapter.rxjava2.RxJava2CallAdapterFactoryTest,responseTypes/0,retrofit,28
/Users/thiago/Documents/Thiago/CodeToAnalyze/retrofit/retrofit-adapters/rxjava2/src/test/java/retrofit2/adapter/rxjava2/RxJava2CallAdapterFactoryTest.java,retrofit2.adapter.rxjava2.RxJava2CallAdapterFactoryTest,responseTypes/0,NO_ANNOTATIONS,28
/Users/thiago/Documents/Thiago/CodeToAnalyze/retrofit/retrofit-adapters/rxjava2/src/test/java/retrofit2/adapter/rxjava2/RxJava2CallAdapterFactoryTest.java,retrofit2.adapter.rxjava2.RxJava2CallAdapterFactoryTest,rawResponseTypeThrows/0,factory,4
/Users/thiago/Documents/Thiago/CodeToAnalyze/retrofit/retrofit-adapters/rxjava2/src/test/java/retrofit2/adapter/rxjava2/RxJava2CallAdapterFactoryTest.java,retrofit2.adapter.rxjava2.RxJava2CallAdapterFactoryTest,rawResponseTypeThrows/0,retrofit,4
/Users/thiago/Documents/Thiago/CodeToAnalyze/retrofit/retrofit-adapters/rxjava2/src/test/java/retrofit2/adapter/rxjava2/RxJava2CallAdapterFactoryTest.java,retrofit2.adapter.rxjava2.RxJava2CallAdapterFactoryTest,rawResponseTypeThrows/0,NO_ANNOTATIONS,4
/Users/thiago/Documents/Thiago/CodeToAnalyze/retrofit/retrofit-adapters/rxjava2/src/test/java/retrofit2/adapter/rxjava2/RxJava2CallAdapterFactoryTest.java,retrofit2.adapter.rxjava2.RxJava2CallAdapterFactoryTest,setUp/0,factory,1
/Users/thiago/Documents/Thiago/CodeToAnalyze/retrofit/retrofit-adapters/rxjava2/src/test/java/retrofit2/adapter/rxjava2/RxJava2CallAdapterFactoryTest.java,retrofit2.adapter.rxjava2.RxJava2CallAdapterFactoryTest,setUp/0,retrofit,1
/Users/thiago/Documents/Thiago/CodeToAnalyze/retrofit/retrofit-adapters/rxjava/src/main/java/retrofit2/adapter/rxjava/CallExecuteOnSubscribe.java,retrofit2.adapter.rxjava.CallExecuteOnSubscribe,call/1[retrofit2.adapter.rxjava.Subscriber<? super retrofit2.Response<T>>],originalCall,1
/Users/thiago/Documents/Thiago/CodeToAnalyze/retrofit/retrofit-adapters/rxjava/src/main/java/retrofit2/adapter/rxjava/CallExecuteOnSubscribe.java,retrofit2.adapter.rxjava.CallExecuteOnSubscribe,CallExecuteOnSubscribe/1[retrofit2.Call<T>],originalCall,3
/Users/thiago/Documents/Thiago/CodeToAnalyze/retrofit/retrofit-adapters/rxjava3/src/test/java/retrofit2/adapter/rxjava3/AsyncTest.java,retrofit2.adapter.rxjava3.AsyncTest,tearDown/0,uncaughtExceptions,2
/Users/thiago/Documents/Thiago/CodeToAnalyze/retrofit/retrofit-adapters/rxjava3/src/test/java/retrofit2/adapter/rxjava3/AsyncTest.java,retrofit2.adapter.rxjava3.AsyncTest,failure/0,server,1
/Users/thiago/Documents/Thiago/CodeToAnalyze/retrofit/retrofit-adapters/rxjava3/src/test/java/retrofit2/adapter/rxjava3/AsyncTest.java,retrofit2.adapter.rxjava3.AsyncTest,failure/0,service,1
/Users/thiago/Documents/Thiago/CodeToAnalyze/retrofit/retrofit-adapters/rxjava3/src/test/java/retrofit2/adapter/rxjava3/AsyncTest.java,retrofit2.adapter.rxjava3.AsyncTest,throwingInOnCompleteDeliveredToPlugin/0,server,1
/Users/thiago/Documents/Thiago/CodeToAnalyze/retrofit/retrofit-adapters/rxjava3/src/test/java/retrofit2/adapter/rxjava3/AsyncTest.java,retrofit2.adapter.rxjava3.AsyncTest,throwingInOnCompleteDeliveredToPlugin/0,service,1
/Users/thiago/Documents/Thiago/CodeToAnalyze/retrofit/retrofit-adapters/rxjava3/src/test/java/retrofit2/adapter/rxjava3/AsyncTest.java,retrofit2.adapter.rxjava3.AsyncTest,setUp/0,server,1
/Users/thiago/Documents/Thiago/CodeToAnalyze/retrofit/retrofit-adapters/rxjava3/src/test/java/retrofit2/adapter/rxjava3/AsyncTest.java,retrofit2.adapter.rxjava3.AsyncTest,setUp/0,service,1
/Users/thiago/Documents/Thiago/CodeToAnalyze/retrofit/retrofit-adapters/rxjava3/src/test/java/retrofit2/adapter/rxjava3/AsyncTest.java,retrofit2.adapter.rxjava3.AsyncTest,setUp/0,uncaughtExceptions,1
/Users/thiago/Documents/Thiago/CodeToAnalyze/retrofit/retrofit-adapters/rxjava3/src/test/java/retrofit2/adapter/rxjava3/AsyncTest.java,retrofit2.adapter.rxjava3.AsyncTest,success/0,server,1
/Users/thiago/Documents/Thiago/CodeToAnalyze/retrofit/retrofit-adapters/rxjava3/src/test/java/retrofit2/adapter/rxjava3/AsyncTest.java,retrofit2.adapter.rxjava3.AsyncTest,success/0,service,1
/Users/thiago/Documents/Thiago/CodeToAnalyze/retrofit/retrofit-adapters/rxjava3/src/test/java/retrofit2/adapter/rxjava3/AsyncTest.java,retrofit2.adapter.rxjava3.AsyncTest,bodyThrowingInOnErrorDeliveredToPlugin/0,server,1
/Users/thiago/Documents/Thiago/CodeToAnalyze/retrofit/retrofit-adapters/rxjava3/src/test/java/retrofit2/adapter/rxjava3/AsyncTest.java,retrofit2.adapter.rxjava3.AsyncTest,bodyThrowingInOnErrorDeliveredToPlugin/0,service,1
/Users/thiago/Documents/Thiago/CodeToAnalyze/retrofit/retrofit-adapters/rxjava3/src/test/java/retrofit2/adapter/rxjava3/AsyncTest.java,retrofit2.adapter.rxjava3.AsyncTest,bodyThrowingFatalInOnErrorPropagates/0,server,1
/Users/thiago/Documents/Thiago/CodeToAnalyze/retrofit/retrofit-adapters/rxjava3/src/test/java/retrofit2/adapter/rxjava3/AsyncTest.java,retrofit2.adapter.rxjava3.AsyncTest,bodyThrowingFatalInOnErrorPropagates/0,service,1
/Users/thiago/Documents/Thiago/CodeToAnalyze/retrofit/retrofit-adapters/rxjava3/src/test/java/retrofit2/adapter/rxjava3/AsyncTest.java,retrofit2.adapter.rxjava3.AsyncTest,bodyThrowingFatalInOnErrorPropagates/0,uncaughtExceptions,2
/Users/thiago/Documents/Thiago/CodeToAnalyze/retrofit/retrofit-adapters/rxjava2/src/test/java/retrofit2/adapter/rxjava2/MaybeWithSchedulerTest.java,retrofit2.adapter.rxjava2.MaybeWithSchedulerTest,responseUsesScheduler/0,scheduler,1
/Users/thiago/Documents/Thiago/CodeToAnalyze/retrofit/retrofit-adapters/rxjava2/src/test/java/retrofit2/adapter/rxjava2/MaybeWithSchedulerTest.java,retrofit2.adapter.rxjava2.MaybeWithSchedulerTest,responseUsesScheduler/0,server,1
/Users/thiago/Documents/Thiago/CodeToAnalyze/retrofit/retrofit-adapters/rxjava2/src/test/java/retrofit2/adapter/rxjava2/MaybeWithSchedulerTest.java,retrofit2.adapter.rxjava2.MaybeWithSchedulerTest,responseUsesScheduler/0,service,1
/Users/thiago/Documents/Thiago/CodeToAnalyze/retrofit/retrofit-adapters/rxjava2/src/test/java/retrofit2/adapter/rxjava2/MaybeWithSchedulerTest.java,retrofit2.adapter.rxjava2.MaybeWithSchedulerTest,responseUsesScheduler/0,observerRule,1
/Users/thiago/Documents/Thiago/CodeToAnalyze/retrofit/retrofit-adapters/rxjava2/src/test/java/retrofit2/adapter/rxjava2/MaybeWithSchedulerTest.java,retrofit2.adapter.rxjava2.MaybeWithSchedulerTest,setUp/0,scheduler,1
/Users/thiago/Documents/Thiago/CodeToAnalyze/retrofit/retrofit-adapters/rxjava2/src/test/java/retrofit2/adapter/rxjava2/MaybeWithSchedulerTest.java,retrofit2.adapter.rxjava2.MaybeWithSchedulerTest,setUp/0,server,1
/Users/thiago/Documents/Thiago/CodeToAnalyze/retrofit/retrofit-adapters/rxjava2/src/test/java/retrofit2/adapter/rxjava2/MaybeWithSchedulerTest.java,retrofit2.adapter.rxjava2.MaybeWithSchedulerTest,setUp/0,service,1
/Users/thiago/Documents/Thiago/CodeToAnalyze/retrofit/retrofit-adapters/rxjava2/src/test/java/retrofit2/adapter/rxjava2/MaybeWithSchedulerTest.java,retrofit2.adapter.rxjava2.MaybeWithSchedulerTest,resultUsesScheduler/0,scheduler,1
/Users/thiago/Documents/Thiago/CodeToAnalyze/retrofit/retrofit-adapters/rxjava2/src/test/java/retrofit2/adapter/rxjava2/MaybeWithSchedulerTest.java,retrofit2.adapter.rxjava2.MaybeWithSchedulerTest,resultUsesScheduler/0,server,1
/Users/thiago/Documents/Thiago/CodeToAnalyze/retrofit/retrofit-adapters/rxjava2/src/test/java/retrofit2/adapter/rxjava2/MaybeWithSchedulerTest.java,retrofit2.adapter.rxjava2.MaybeWithSchedulerTest,resultUsesScheduler/0,service,1
/Users/thiago/Documents/Thiago/CodeToAnalyze/retrofit/retrofit-adapters/rxjava2/src/test/java/retrofit2/adapter/rxjava2/MaybeWithSchedulerTest.java,retrofit2.adapter.rxjava2.MaybeWithSchedulerTest,resultUsesScheduler/0,observerRule,1
/Users/thiago/Documents/Thiago/CodeToAnalyze/retrofit/retrofit-adapters/rxjava2/src/test/java/retrofit2/adapter/rxjava2/MaybeWithSchedulerTest.java,retrofit2.adapter.rxjava2.MaybeWithSchedulerTest,bodyUsesScheduler/0,scheduler,1
/Users/thiago/Documents/Thiago/CodeToAnalyze/retrofit/retrofit-adapters/rxjava2/src/test/java/retrofit2/adapter/rxjava2/MaybeWithSchedulerTest.java,retrofit2.adapter.rxjava2.MaybeWithSchedulerTest,bodyUsesScheduler/0,server,1
/Users/thiago/Documents/Thiago/CodeToAnalyze/retrofit/retrofit-adapters/rxjava2/src/test/java/retrofit2/adapter/rxjava2/MaybeWithSchedulerTest.java,retrofit2.adapter.rxjava2.MaybeWithSchedulerTest,bodyUsesScheduler/0,service,1
/Users/thiago/Documents/Thiago/CodeToAnalyze/retrofit/retrofit-adapters/rxjava2/src/test/java/retrofit2/adapter/rxjava2/MaybeWithSchedulerTest.java,retrofit2.adapter.rxjava2.MaybeWithSchedulerTest,bodyUsesScheduler/0,observerRule,1
/Users/thiago/Documents/Thiago/CodeToAnalyze/retrofit/retrofit-converters/java8/src/main/java/retrofit/converter/java8/OptionalConverter.java,retrofit.converter.java8.OptionalConverter,"OptionalConverter/1[retrofit2.Converter<retrofit.converter.java8.ResponseBody,T>]",delegate,3
/Users/thiago/Documents/Thiago/CodeToAnalyze/retrofit/retrofit-converters/java8/src/main/java/retrofit/converter/java8/OptionalConverter.java,retrofit.converter.java8.OptionalConverter,convert/1[retrofit.converter.java8.ResponseBody],delegate,1
/Users/thiago/Documents/Thiago/CodeToAnalyze/retrofit/retrofit-adapters/rxjava2/src/test/java/retrofit2/adapter/rxjava2/CancelDisposeTestSync.java,retrofit2.adapter.rxjava2.CancelDisposeTestSync,disposeBeforeExecuteDoesNotEnqueue/0,server,1
/Users/thiago/Documents/Thiago/CodeToAnalyze/retrofit/retrofit-adapters/rxjava2/src/test/java/retrofit2/adapter/rxjava2/CancelDisposeTestSync.java,retrofit2.adapter.rxjava2.CancelDisposeTestSync,disposeBeforeExecuteDoesNotEnqueue/0,service,1
/Users/thiago/Documents/Thiago/CodeToAnalyze/retrofit/retrofit-adapters/rxjava2/src/test/java/retrofit2/adapter/rxjava2/CancelDisposeTestSync.java,retrofit2.adapter.rxjava2.CancelDisposeTestSync,setUp/0,server,1
/Users/thiago/Documents/Thiago/CodeToAnalyze/retrofit/retrofit-adapters/rxjava2/src/test/java/retrofit2/adapter/rxjava2/CancelDisposeTestSync.java,retrofit2.adapter.rxjava2.CancelDisposeTestSync,setUp/0,service,1
/Users/thiago/Documents/Thiago/CodeToAnalyze/retrofit/retrofit-adapters/rxjava2/src/test/java/retrofit2/adapter/rxjava2/CancelDisposeTestSync.java,retrofit2.adapter.rxjava2.CancelDisposeTestSync,setUp/0,client,1
/Users/thiago/Documents/Thiago/CodeToAnalyze/retrofit/retrofit/src/main/java/retrofit2/Utils.java,retrofit2.Utils$GenericArrayTypeImpl,getGenericComponentType/0,componentType,1
/Users/thiago/Documents/Thiago/CodeToAnalyze/retrofit/retrofit/src/main/java/retrofit2/Utils.java,retrofit2.Utils$GenericArrayTypeImpl,hashCode/0,componentType,1
/Users/thiago/Documents/Thiago/CodeToAnalyze/retrofit/retrofit/src/main/java/retrofit2/Utils.java,retrofit2.Utils$GenericArrayTypeImpl,toString/0,componentType,1
/Users/thiago/Documents/Thiago/CodeToAnalyze/retrofit/retrofit/src/main/java/retrofit2/Utils.java,retrofit2.Utils$GenericArrayTypeImpl,GenericArrayTypeImpl/1[java.lang.reflect.Type],componentType,3
/Users/thiago/Documents/Thiago/CodeToAnalyze/retrofit/retrofit-adapters/rxjava/src/test/java/retrofit2/adapter/rxjava/CompletableThrowingTest.java,retrofit2.adapter.rxjava.CompletableThrowingTest$ForwardingCompletableObserver,onCompleted/0,delegate,1
/Users/thiago/Documents/Thiago/CodeToAnalyze/retrofit/retrofit-adapters/rxjava/src/test/java/retrofit2/adapter/rxjava/CompletableThrowingTest.java,retrofit2.adapter.rxjava.CompletableThrowingTest$ForwardingCompletableObserver,ForwardingCompletableObserver/1[retrofit2.adapter.rxjava.RecordingSubscriber<java.lang.Void>],delegate,3
/Users/thiago/Documents/Thiago/CodeToAnalyze/retrofit/retrofit-adapters/rxjava/src/test/java/retrofit2/adapter/rxjava/CompletableThrowingTest.java,retrofit2.adapter.rxjava.CompletableThrowingTest$ForwardingCompletableObserver,onError/1[java.lang.Throwable],delegate,1
/Users/thiago/Documents/Thiago/CodeToAnalyze/retrofit/retrofit-converters/wire/src/test/java/retrofit2/converter/wire/CrashingPhone.java,retrofit2.converter.wire.CrashingPhone,CrashingPhone/1[java.lang.String],number,2
/Users/thiago/Documents/Thiago/CodeToAnalyze/retrofit/retrofit-converters/wire/src/test/java/retrofit2/converter/wire/CrashingPhone.java,retrofit2.converter.wire.CrashingPhone,toString/0,number,2
/Users/thiago/Documents/Thiago/CodeToAnalyze/retrofit/retrofit-converters/wire/src/test/java/retrofit2/converter/wire/CrashingPhone.java,retrofit2.converter.wire.CrashingPhone,newBuilder/0,number,1
/Users/thiago/Documents/Thiago/CodeToAnalyze/retrofit/retrofit-converters/wire/src/test/java/retrofit2/converter/wire/CrashingPhone.java,retrofit2.converter.wire.CrashingPhone,hashCode/0,number,2
/Users/thiago/Documents/Thiago/CodeToAnalyze/retrofit/retrofit-converters/wire/src/test/java/retrofit2/converter/wire/CrashingPhone.java,retrofit2.converter.wire.CrashingPhone,equals/1[java.lang.Object],number,1
/Users/thiago/Documents/Thiago/CodeToAnalyze/retrofit/retrofit-converters/wire/src/test/java/retrofit2/converter/wire/CrashingPhone.java,retrofit2.converter.wire.CrashingPhone,"CrashingPhone/2[java.lang.String,retrofit2.converter.wire.ByteString]",number,3
/Users/thiago/Documents/Thiago/CodeToAnalyze/retrofit/retrofit-converters/wire/src/test/java/retrofit2/converter/wire/CrashingPhone.java,retrofit2.converter.wire.CrashingPhone,"CrashingPhone/2[java.lang.String,retrofit2.converter.wire.ByteString]",ADAPTER,1
/Users/thiago/Documents/Thiago/CodeToAnalyze/retrofit/retrofit-converters/moshi/src/test/java/retrofit2/converter/moshi/MoshiConverterFactoryTest.java,retrofit2.converter.moshi.MoshiConverterFactoryTest$ErroringValue,ErroringValue/1[java.lang.String],theName,3
/Users/thiago/Documents/Thiago/CodeToAnalyze/retrofit/retrofit-adapters/rxjava2/src/main/java/retrofit2/adapter/rxjava2/ResultObservable.java,retrofit2.adapter.rxjava2.ResultObservable$ResultObserver,onSubscribe/1[retrofit2.adapter.rxjava2.Disposable],observer,1
/Users/thiago/Documents/Thiago/CodeToAnalyze/retrofit/retrofit-adapters/rxjava2/src/main/java/retrofit2/adapter/rxjava2/ResultObservable.java,retrofit2.adapter.rxjava2.ResultObservable$ResultObserver,onError/1[java.lang.Throwable],observer,3
/Users/thiago/Documents/Thiago/CodeToAnalyze/retrofit/retrofit-adapters/rxjava2/src/main/java/retrofit2/adapter/rxjava2/ResultObservable.java,retrofit2.adapter.rxjava2.ResultObservable$ResultObserver,onComplete/0,observer,1
/Users/thiago/Documents/Thiago/CodeToAnalyze/retrofit/retrofit-adapters/rxjava2/src/main/java/retrofit2/adapter/rxjava2/ResultObservable.java,retrofit2.adapter.rxjava2.ResultObservable$ResultObserver,onNext/1[retrofit2.Response<R>],observer,1
/Users/thiago/Documents/Thiago/CodeToAnalyze/retrofit/retrofit-adapters/rxjava2/src/main/java/retrofit2/adapter/rxjava2/ResultObservable.java,retrofit2.adapter.rxjava2.ResultObservable$ResultObserver,ResultObserver/1[retrofit2.adapter.rxjava2.Observer<? super retrofit2.adapter.rxjava2.Result<R>>],observer,3
/Users/thiago/Documents/Thiago/CodeToAnalyze/retrofit/retrofit/src/main/java/retrofit2/ParameterHandler.java,retrofit2.ParameterHandler$Body,"apply/2[retrofit2.RequestBuilder,T]",p,2
/Users/thiago/Documents/Thiago/CodeToAnalyze/retrofit/retrofit/src/main/java/retrofit2/ParameterHandler.java,retrofit2.ParameterHandler$Body,"apply/2[retrofit2.RequestBuilder,T]",method,2
/Users/thiago/Documents/Thiago/CodeToAnalyze/retrofit/retrofit/src/main/java/retrofit2/ParameterHandler.java,retrofit2.ParameterHandler$Body,"apply/2[retrofit2.RequestBuilder,T]",converter,1
/Users/thiago/Documents/Thiago/CodeToAnalyze/retrofit/retrofit/src/main/java/retrofit2/ParameterHandler.java,retrofit2.ParameterHandler$Body,"Body/3[java.lang.reflect.Method,int,retrofit2.Converter<T,retrofit2.RequestBody>]",p,3
/Users/thiago/Documents/Thiago/CodeToAnalyze/retrofit/retrofit/src/main/java/retrofit2/ParameterHandler.java,retrofit2.ParameterHandler$Body,"Body/3[java.lang.reflect.Method,int,retrofit2.Converter<T,retrofit2.RequestBody>]",method,3
/Users/thiago/Documents/Thiago/CodeToAnalyze/retrofit/retrofit/src/main/java/retrofit2/ParameterHandler.java,retrofit2.ParameterHandler$Body,"Body/3[java.lang.reflect.Method,int,retrofit2.Converter<T,retrofit2.RequestBody>]",converter,3
/Users/thiago/Documents/Thiago/CodeToAnalyze/retrofit/retrofit-adapters/guava/src/test/java/retrofit2/adapter/guava/GuavaCallAdapterFactoryTest.java,retrofit2.adapter.guava.GuavaCallAdapterFactoryTest,rawTypeThrows/0,factory,1
/Users/thiago/Documents/Thiago/CodeToAnalyze/retrofit/retrofit-adapters/guava/src/test/java/retrofit2/adapter/guava/GuavaCallAdapterFactoryTest.java,retrofit2.adapter.guava.GuavaCallAdapterFactoryTest,rawTypeThrows/0,retrofit,1
/Users/thiago/Documents/Thiago/CodeToAnalyze/retrofit/retrofit-adapters/guava/src/test/java/retrofit2/adapter/guava/GuavaCallAdapterFactoryTest.java,retrofit2.adapter.guava.GuavaCallAdapterFactoryTest,rawTypeThrows/0,NO_ANNOTATIONS,1
/Users/thiago/Documents/Thiago/CodeToAnalyze/retrofit/retrofit-adapters/guava/src/test/java/retrofit2/adapter/guava/GuavaCallAdapterFactoryTest.java,retrofit2.adapter.guava.GuavaCallAdapterFactoryTest,rawResponseTypeThrows/0,factory,1
/Users/thiago/Documents/Thiago/CodeToAnalyze/retrofit/retrofit-adapters/guava/src/test/java/retrofit2/adapter/guava/GuavaCallAdapterFactoryTest.java,retrofit2.adapter.guava.GuavaCallAdapterFactoryTest,rawResponseTypeThrows/0,retrofit,1
/Users/thiago/Documents/Thiago/CodeToAnalyze/retrofit/retrofit-adapters/guava/src/test/java/retrofit2/adapter/guava/GuavaCallAdapterFactoryTest.java,retrofit2.adapter.guava.GuavaCallAdapterFactoryTest,rawResponseTypeThrows/0,NO_ANNOTATIONS,1
/Users/thiago/Documents/Thiago/CodeToAnalyze/retrofit/retrofit-adapters/guava/src/test/java/retrofit2/adapter/guava/GuavaCallAdapterFactoryTest.java,retrofit2.adapter.guava.GuavaCallAdapterFactoryTest,nonListenableFutureReturnsNull/0,factory,1
/Users/thiago/Documents/Thiago/CodeToAnalyze/retrofit/retrofit-adapters/guava/src/test/java/retrofit2/adapter/guava/GuavaCallAdapterFactoryTest.java,retrofit2.adapter.guava.GuavaCallAdapterFactoryTest,nonListenableFutureReturnsNull/0,retrofit,1
/Users/thiago/Documents/Thiago/CodeToAnalyze/retrofit/retrofit-adapters/guava/src/test/java/retrofit2/adapter/guava/GuavaCallAdapterFactoryTest.java,retrofit2.adapter.guava.GuavaCallAdapterFactoryTest,nonListenableFutureReturnsNull/0,NO_ANNOTATIONS,1
/Users/thiago/Documents/Thiago/CodeToAnalyze/retrofit/retrofit-adapters/guava/src/test/java/retrofit2/adapter/guava/GuavaCallAdapterFactoryTest.java,retrofit2.adapter.guava.GuavaCallAdapterFactoryTest,setUp/0,server,1
/Users/thiago/Documents/Thiago/CodeToAnalyze/retrofit/retrofit-adapters/guava/src/test/java/retrofit2/adapter/guava/GuavaCallAdapterFactoryTest.java,retrofit2.adapter.guava.GuavaCallAdapterFactoryTest,setUp/0,factory,1
/Users/thiago/Documents/Thiago/CodeToAnalyze/retrofit/retrofit-adapters/guava/src/test/java/retrofit2/adapter/guava/GuavaCallAdapterFactoryTest.java,retrofit2.adapter.guava.GuavaCallAdapterFactoryTest,setUp/0,retrofit,1
/Users/thiago/Documents/Thiago/CodeToAnalyze/retrofit/retrofit-adapters/guava/src/test/java/retrofit2/adapter/guava/GuavaCallAdapterFactoryTest.java,retrofit2.adapter.guava.GuavaCallAdapterFactoryTest,responseType/0,factory,7
/Users/thiago/Documents/Thiago/CodeToAnalyze/retrofit/retrofit-adapters/guava/src/test/java/retrofit2/adapter/guava/GuavaCallAdapterFactoryTest.java,retrofit2.adapter.guava.GuavaCallAdapterFactoryTest,responseType/0,retrofit,7
/Users/thiago/Documents/Thiago/CodeToAnalyze/retrofit/retrofit-adapters/guava/src/test/java/retrofit2/adapter/guava/GuavaCallAdapterFactoryTest.java,retrofit2.adapter.guava.GuavaCallAdapterFactoryTest,responseType/0,NO_ANNOTATIONS,7
/Users/thiago/Documents/Thiago/CodeToAnalyze/retrofit/retrofit/src/main/java/retrofit2/ParameterHandler.java,retrofit2.ParameterHandler$Field,"Field/3[java.lang.String,retrofit2.Converter<T,java.lang.String>,boolean]",valueConverter,3
/Users/thiago/Documents/Thiago/CodeToAnalyze/retrofit/retrofit/src/main/java/retrofit2/ParameterHandler.java,retrofit2.ParameterHandler$Field,"Field/3[java.lang.String,retrofit2.Converter<T,java.lang.String>,boolean]",name,3
/Users/thiago/Documents/Thiago/CodeToAnalyze/retrofit/retrofit/src/main/java/retrofit2/ParameterHandler.java,retrofit2.ParameterHandler$Field,"Field/3[java.lang.String,retrofit2.Converter<T,java.lang.String>,boolean]",encoded,3
/Users/thiago/Documents/Thiago/CodeToAnalyze/retrofit/retrofit/src/main/java/retrofit2/ParameterHandler.java,retrofit2.ParameterHandler$Field,"apply/2[retrofit2.RequestBuilder,T]",valueConverter,1
/Users/thiago/Documents/Thiago/CodeToAnalyze/retrofit/retrofit/src/main/java/retrofit2/ParameterHandler.java,retrofit2.ParameterHandler$Field,"apply/2[retrofit2.RequestBuilder,T]",name,1
/Users/thiago/Documents/Thiago/CodeToAnalyze/retrofit/retrofit/src/main/java/retrofit2/ParameterHandler.java,retrofit2.ParameterHandler$Field,"apply/2[retrofit2.RequestBuilder,T]",encoded,1
/Users/thiago/Documents/Thiago/CodeToAnalyze/retrofit/samples/src/main/java/com/example/retrofit/AnnotatedConverters.java,com.example.retrofit.AnnotatedConverters$AnnotatedConverterFactory$Builder,"add/2[java.lang.Class<? extends java.lang.annotation.Annotation>,retrofit2.Converter.Factory]",factories,1
/Users/thiago/Documents/Thiago/CodeToAnalyze/retrofit/samples/src/main/java/com/example/retrofit/AnnotatedConverters.java,com.example.retrofit.AnnotatedConverters$AnnotatedConverterFactory$Builder,build/0,factories,1
/Users/thiago/Documents/Thiago/CodeToAnalyze/retrofit/retrofit-mock/src/test/java/retrofit2/mock/MockRetrofitTest.java,retrofit2.mock.MockRetrofitTest,backgroundExecutorNullThrows/0,retrofit,1
/Users/thiago/Documents/Thiago/CodeToAnalyze/retrofit/retrofit-mock/src/test/java/retrofit2/mock/MockRetrofitTest.java,retrofit2.mock.MockRetrofitTest,backgroundExecutorPropagated/0,retrofit,1
/Users/thiago/Documents/Thiago/CodeToAnalyze/retrofit/retrofit-mock/src/test/java/retrofit2/mock/MockRetrofitTest.java,retrofit2.mock.MockRetrofitTest,backgroundExecutorPropagated/0,executor,2
/Users/thiago/Documents/Thiago/CodeToAnalyze/retrofit/retrofit-mock/src/test/java/retrofit2/mock/MockRetrofitTest.java,retrofit2.mock.MockRetrofitTest,networkBehaviorDefault/0,retrofit,1
/Users/thiago/Documents/Thiago/CodeToAnalyze/retrofit/retrofit-mock/src/test/java/retrofit2/mock/MockRetrofitTest.java,retrofit2.mock.MockRetrofitTest,backgroundExecutorDefault/0,retrofit,1
/Users/thiago/Documents/Thiago/CodeToAnalyze/retrofit/retrofit-mock/src/test/java/retrofit2/mock/MockRetrofitTest.java,retrofit2.mock.MockRetrofitTest,networkBehaviorNullThrows/0,retrofit,1
/Users/thiago/Documents/Thiago/CodeToAnalyze/retrofit/retrofit-mock/src/test/java/retrofit2/mock/MockRetrofitTest.java,retrofit2.mock.MockRetrofitTest,networkBehaviorPropagated/0,retrofit,1
/Users/thiago/Documents/Thiago/CodeToAnalyze/retrofit/retrofit-mock/src/test/java/retrofit2/mock/MockRetrofitTest.java,retrofit2.mock.MockRetrofitTest,networkBehaviorPropagated/0,behavior,2
/Users/thiago/Documents/Thiago/CodeToAnalyze/retrofit/retrofit-mock/src/test/java/retrofit2/mock/MockRetrofitTest.java,retrofit2.mock.MockRetrofitTest,retrofitPropagated/0,retrofit,3
/Users/thiago/Documents/Thiago/CodeToAnalyze/retrofit/retrofit/test-helpers/src/main/java/retrofit2/helpers/ToStringConverterFactory.java,retrofit2.helpers.ToStringConverterFactory,"requestBodyConverter/4[java.lang.reflect.Type,java.lang.annotation.Annotation[],java.lang.annotation.Annotation[],retrofit2.Retrofit]",MEDIA_TYPE,1
/Users/thiago/Documents/Thiago/CodeToAnalyze/retrofit/retrofit/java-test/src/test/java/retrofit2/AnnotationArraySubject.java,retrofit2.AnnotationArraySubject,assertThat/1[java.lang.annotation.Annotation[]],actual,2
/Users/thiago/Documents/Thiago/CodeToAnalyze/retrofit/retrofit/java-test/src/test/java/retrofit2/AnnotationArraySubject.java,retrofit2.AnnotationArraySubject,"AnnotationArraySubject/2[retrofit2.FailureMetadata,java.lang.annotation.Annotation[]]",actual,5
/Users/thiago/Documents/Thiago/CodeToAnalyze/retrofit/retrofit/java-test/src/test/java/retrofit2/AnnotationArraySubject.java,retrofit2.AnnotationArraySubject,hasAtLeastOneElementOfType/1[java.lang.Class<? extends java.lang.annotation.Annotation>],actual,1
/Users/thiago/Documents/Thiago/CodeToAnalyze/retrofit/retrofit/src/main/java/retrofit2/HttpException.java,retrofit2.HttpException,code/0,code,2
/Users/thiago/Documents/Thiago/CodeToAnalyze/retrofit/retrofit/src/main/java/retrofit2/HttpException.java,retrofit2.HttpException,getMessage/1[retrofit2.Response<?>],code,1
/Users/thiago/Documents/Thiago/CodeToAnalyze/retrofit/retrofit/src/main/java/retrofit2/HttpException.java,retrofit2.HttpException,getMessage/1[retrofit2.Response<?>],response,4
/Users/thiago/Documents/Thiago/CodeToAnalyze/retrofit/retrofit/src/main/java/retrofit2/HttpException.java,retrofit2.HttpException,getMessage/1[retrofit2.Response<?>],message,1
/Users/thiago/Documents/Thiago/CodeToAnalyze/retrofit/retrofit/src/main/java/retrofit2/HttpException.java,retrofit2.HttpException,message/0,message,2
/Users/thiago/Documents/Thiago/CodeToAnalyze/retrofit/retrofit/src/main/java/retrofit2/HttpException.java,retrofit2.HttpException,HttpException/1[retrofit2.Response<?>],code,2
/Users/thiago/Documents/Thiago/CodeToAnalyze/retrofit/retrofit/src/main/java/retrofit2/HttpException.java,retrofit2.HttpException,HttpException/1[retrofit2.Response<?>],response,6
/Users/thiago/Documents/Thiago/CodeToAnalyze/retrofit/retrofit/src/main/java/retrofit2/HttpException.java,retrofit2.HttpException,HttpException/1[retrofit2.Response<?>],message,2
/Users/thiago/Documents/Thiago/CodeToAnalyze/retrofit/retrofit/src/main/java/retrofit2/HttpException.java,retrofit2.HttpException,response/0,response,2
/Users/thiago/Documents/Thiago/CodeToAnalyze/retrofit/retrofit/src/main/java/retrofit2/ParameterHandler.java,retrofit2.ParameterHandler$RelativeUrl,"apply/2[retrofit2.RequestBuilder,java.lang.Object]",p,1
/Users/thiago/Documents/Thiago/CodeToAnalyze/retrofit/retrofit/src/main/java/retrofit2/ParameterHandler.java,retrofit2.ParameterHandler$RelativeUrl,"apply/2[retrofit2.RequestBuilder,java.lang.Object]",method,1
/Users/thiago/Documents/Thiago/CodeToAnalyze/retrofit/retrofit/src/main/java/retrofit2/ParameterHandler.java,retrofit2.ParameterHandler$RelativeUrl,"RelativeUrl/2[java.lang.reflect.Method,int]",p,3
/Users/thiago/Documents/Thiago/CodeToAnalyze/retrofit/retrofit/src/main/java/retrofit2/ParameterHandler.java,retrofit2.ParameterHandler$RelativeUrl,"RelativeUrl/2[java.lang.reflect.Method,int]",method,3
/Users/thiago/Documents/Thiago/CodeToAnalyze/retrofit/retrofit-adapters/rxjava2/src/test/java/retrofit2/adapter/rxjava2/RecordingObserver.java,retrofit2.adapter.rxjava2.RecordingObserver$Rule,create/0,subscribers,1
/Users/thiago/Documents/Thiago/CodeToAnalyze/retrofit/retrofit-mock/src/test/java/retrofit2/mock/NetworkBehaviorTest.java,retrofit2.mock.NetworkBehaviorTest,delayMustBePositive/0,behavior,1
/Users/thiago/Documents/Thiago/CodeToAnalyze/retrofit/retrofit-mock/src/test/java/retrofit2/mock/NetworkBehaviorTest.java,retrofit2.mock.NetworkBehaviorTest,errorFactoryCalledEachTime/0,behavior,4
/Users/thiago/Documents/Thiago/CodeToAnalyze/retrofit/retrofit-mock/src/test/java/retrofit2/mock/NetworkBehaviorTest.java,retrofit2.mock.NetworkBehaviorTest,errorFactoryCannotThrow/0,behavior,2
/Users/thiago/Documents/Thiago/CodeToAnalyze/retrofit/retrofit-mock/src/test/java/retrofit2/mock/NetworkBehaviorTest.java,retrofit2.mock.NetworkBehaviorTest,varianceRestrictsRange/0,behavior,2
/Users/thiago/Documents/Thiago/CodeToAnalyze/retrofit/retrofit-mock/src/test/java/retrofit2/mock/NetworkBehaviorTest.java,retrofit2.mock.NetworkBehaviorTest,errorFactoryIsNotNull/0,behavior,1
/Users/thiago/Documents/Thiago/CodeToAnalyze/retrofit/retrofit-mock/src/test/java/retrofit2/mock/NetworkBehaviorTest.java,retrofit2.mock.NetworkBehaviorTest,errorFactoryCannotReturnSuccess/0,behavior,2
/Users/thiago/Documents/Thiago/CodeToAnalyze/retrofit/retrofit-mock/src/test/java/retrofit2/mock/NetworkBehaviorTest.java,retrofit2.mock.NetworkBehaviorTest,delayVarianceIsAccurate/0,behavior,5
/Users/thiago/Documents/Thiago/CodeToAnalyze/retrofit/retrofit-mock/src/test/java/retrofit2/mock/NetworkBehaviorTest.java,retrofit2.mock.NetworkBehaviorTest,failureExceptionIsNotNull/0,behavior,1
/Users/thiago/Documents/Thiago/CodeToAnalyze/retrofit/retrofit-mock/src/test/java/retrofit2/mock/NetworkBehaviorTest.java,retrofit2.mock.NetworkBehaviorTest,errorRestrictsRange/0,behavior,2
/Users/thiago/Documents/Thiago/CodeToAnalyze/retrofit/retrofit-mock/src/test/java/retrofit2/mock/NetworkBehaviorTest.java,retrofit2.mock.NetworkBehaviorTest,errorFactoryCannotReturnNull/0,behavior,2
/Users/thiago/Documents/Thiago/CodeToAnalyze/retrofit/retrofit-mock/src/test/java/retrofit2/mock/NetworkBehaviorTest.java,retrofit2.mock.NetworkBehaviorTest,failurePercentageIsAccurate/0,behavior,4
/Users/thiago/Documents/Thiago/CodeToAnalyze/retrofit/retrofit-mock/src/test/java/retrofit2/mock/NetworkBehaviorTest.java,retrofit2.mock.NetworkBehaviorTest,defaultThrowable/0,behavior,1
/Users/thiago/Documents/Thiago/CodeToAnalyze/retrofit/retrofit-mock/src/test/java/retrofit2/mock/NetworkBehaviorTest.java,retrofit2.mock.NetworkBehaviorTest,failureRestrictsRange/0,behavior,2
/Users/thiago/Documents/Thiago/CodeToAnalyze/retrofit/retrofit-mock/src/test/java/retrofit2/mock/NetworkBehaviorTest.java,retrofit2.mock.NetworkBehaviorTest,errorPercentageIsAccurate/0,behavior,4
/Users/thiago/Documents/Thiago/CodeToAnalyze/retrofit/retrofit/src/main/java/retrofit2/ParameterHandler.java,retrofit2.ParameterHandler$PartMap,"PartMap/4[java.lang.reflect.Method,int,retrofit2.Converter<T,retrofit2.RequestBody>,java.lang.String]",p,3
/Users/thiago/Documents/Thiago/CodeToAnalyze/retrofit/retrofit/src/main/java/retrofit2/ParameterHandler.java,retrofit2.ParameterHandler$PartMap,"PartMap/4[java.lang.reflect.Method,int,retrofit2.Converter<T,retrofit2.RequestBody>,java.lang.String]",transferEncoding,3
/Users/thiago/Documents/Thiago/CodeToAnalyze/retrofit/retrofit/src/main/java/retrofit2/ParameterHandler.java,retrofit2.ParameterHandler$PartMap,"PartMap/4[java.lang.reflect.Method,int,retrofit2.Converter<T,retrofit2.RequestBody>,java.lang.String]",method,3
/Users/thiago/Documents/Thiago/CodeToAnalyze/retrofit/retrofit/src/main/java/retrofit2/ParameterHandler.java,retrofit2.ParameterHandler$PartMap,"PartMap/4[java.lang.reflect.Method,int,retrofit2.Converter<T,retrofit2.RequestBody>,java.lang.String]",valueConverter,3
/Users/thiago/Documents/Thiago/CodeToAnalyze/retrofit/retrofit/src/main/java/retrofit2/ParameterHandler.java,retrofit2.ParameterHandler$PartMap,"apply/2[retrofit2.RequestBuilder,java.util.Map<java.lang.String,T>]",p,3
/Users/thiago/Documents/Thiago/CodeToAnalyze/retrofit/retrofit/src/main/java/retrofit2/ParameterHandler.java,retrofit2.ParameterHandler$PartMap,"apply/2[retrofit2.RequestBuilder,java.util.Map<java.lang.String,T>]",transferEncoding,1
/Users/thiago/Documents/Thiago/CodeToAnalyze/retrofit/retrofit/src/main/java/retrofit2/ParameterHandler.java,retrofit2.ParameterHandler$PartMap,"apply/2[retrofit2.RequestBuilder,java.util.Map<java.lang.String,T>]",method,3
/Users/thiago/Documents/Thiago/CodeToAnalyze/retrofit/retrofit/src/main/java/retrofit2/ParameterHandler.java,retrofit2.ParameterHandler$PartMap,"apply/2[retrofit2.RequestBuilder,java.util.Map<java.lang.String,T>]",valueConverter,1
/Users/thiago/Documents/Thiago/CodeToAnalyze/retrofit/retrofit-adapters/rxjava2/src/test/java/retrofit2/adapter/rxjava2/SingleTest.java,retrofit2.adapter.rxjava2.SingleTest,bodySuccess404/0,server,1
/Users/thiago/Documents/Thiago/CodeToAnalyze/retrofit/retrofit-adapters/rxjava2/src/test/java/retrofit2/adapter/rxjava2/SingleTest.java,retrofit2.adapter.rxjava2.SingleTest,bodySuccess404/0,service,1
/Users/thiago/Documents/Thiago/CodeToAnalyze/retrofit/retrofit-adapters/rxjava2/src/test/java/retrofit2/adapter/rxjava2/SingleTest.java,retrofit2.adapter.rxjava2.SingleTest,bodySuccess404/0,observerRule,1
/Users/thiago/Documents/Thiago/CodeToAnalyze/retrofit/retrofit-adapters/rxjava2/src/test/java/retrofit2/adapter/rxjava2/SingleTest.java,retrofit2.adapter.rxjava2.SingleTest,resultSuccess200/0,server,1
/Users/thiago/Documents/Thiago/CodeToAnalyze/retrofit/retrofit-adapters/rxjava2/src/test/java/retrofit2/adapter/rxjava2/SingleTest.java,retrofit2.adapter.rxjava2.SingleTest,resultSuccess200/0,service,1
/Users/thiago/Documents/Thiago/CodeToAnalyze/retrofit/retrofit-adapters/rxjava2/src/test/java/retrofit2/adapter/rxjava2/SingleTest.java,retrofit2.adapter.rxjava2.SingleTest,resultSuccess200/0,observerRule,1
/Users/thiago/Documents/Thiago/CodeToAnalyze/retrofit/retrofit-adapters/rxjava2/src/test/java/retrofit2/adapter/rxjava2/SingleTest.java,retrofit2.adapter.rxjava2.SingleTest,responseSuccess404/0,server,1
/Users/thiago/Documents/Thiago/CodeToAnalyze/retrofit/retrofit-adapters/rxjava2/src/test/java/retrofit2/adapter/rxjava2/SingleTest.java,retrofit2.adapter.rxjava2.SingleTest,responseSuccess404/0,service,1
/Users/thiago/Documents/Thiago/CodeToAnalyze/retrofit/retrofit-adapters/rxjava2/src/test/java/retrofit2/adapter/rxjava2/SingleTest.java,retrofit2.adapter.rxjava2.SingleTest,responseSuccess404/0,observerRule,1
/Users/thiago/Documents/Thiago/CodeToAnalyze/retrofit/retrofit-adapters/rxjava2/src/test/java/retrofit2/adapter/rxjava2/SingleTest.java,retrofit2.adapter.rxjava2.SingleTest,setUp/0,server,1
/Users/thiago/Documents/Thiago/CodeToAnalyze/retrofit/retrofit-adapters/rxjava2/src/test/java/retrofit2/adapter/rxjava2/SingleTest.java,retrofit2.adapter.rxjava2.SingleTest,setUp/0,service,1
/Users/thiago/Documents/Thiago/CodeToAnalyze/retrofit/retrofit-adapters/rxjava2/src/test/java/retrofit2/adapter/rxjava2/SingleTest.java,retrofit2.adapter.rxjava2.SingleTest,bodyFailure/0,server,1
/Users/thiago/Documents/Thiago/CodeToAnalyze/retrofit/retrofit-adapters/rxjava2/src/test/java/retrofit2/adapter/rxjava2/SingleTest.java,retrofit2.adapter.rxjava2.SingleTest,bodyFailure/0,service,1
/Users/thiago/Documents/Thiago/CodeToAnalyze/retrofit/retrofit-adapters/rxjava2/src/test/java/retrofit2/adapter/rxjava2/SingleTest.java,retrofit2.adapter.rxjava2.SingleTest,bodyFailure/0,observerRule,1
/Users/thiago/Documents/Thiago/CodeToAnalyze/retrofit/retrofit-adapters/rxjava2/src/test/java/retrofit2/adapter/rxjava2/SingleTest.java,retrofit2.adapter.rxjava2.SingleTest,responseSuccess200/0,server,1
/Users/thiago/Documents/Thiago/CodeToAnalyze/retrofit/retrofit-adapters/rxjava2/src/test/java/retrofit2/adapter/rxjava2/SingleTest.java,retrofit2.adapter.rxjava2.SingleTest,responseSuccess200/0,service,1
/Users/thiago/Documents/Thiago/CodeToAnalyze/retrofit/retrofit-adapters/rxjava2/src/test/java/retrofit2/adapter/rxjava2/SingleTest.java,retrofit2.adapter.rxjava2.SingleTest,responseSuccess200/0,observerRule,1
/Users/thiago/Documents/Thiago/CodeToAnalyze/retrofit/retrofit-adapters/rxjava2/src/test/java/retrofit2/adapter/rxjava2/SingleTest.java,retrofit2.adapter.rxjava2.SingleTest,bodySuccess200/0,server,1
/Users/thiago/Documents/Thiago/CodeToAnalyze/retrofit/retrofit-adapters/rxjava2/src/test/java/retrofit2/adapter/rxjava2/SingleTest.java,retrofit2.adapter.rxjava2.SingleTest,bodySuccess200/0,service,1
/Users/thiago/Documents/Thiago/CodeToAnalyze/retrofit/retrofit-adapters/rxjava2/src/test/java/retrofit2/adapter/rxjava2/SingleTest.java,retrofit2.adapter.rxjava2.SingleTest,bodySuccess200/0,observerRule,1
/Users/thiago/Documents/Thiago/CodeToAnalyze/retrofit/retrofit-adapters/rxjava2/src/test/java/retrofit2/adapter/rxjava2/SingleTest.java,retrofit2.adapter.rxjava2.SingleTest,resultSuccess404/0,server,1
/Users/thiago/Documents/Thiago/CodeToAnalyze/retrofit/retrofit-adapters/rxjava2/src/test/java/retrofit2/adapter/rxjava2/SingleTest.java,retrofit2.adapter.rxjava2.SingleTest,resultSuccess404/0,service,1
/Users/thiago/Documents/Thiago/CodeToAnalyze/retrofit/retrofit-adapters/rxjava2/src/test/java/retrofit2/adapter/rxjava2/SingleTest.java,retrofit2.adapter.rxjava2.SingleTest,resultSuccess404/0,observerRule,1
/Users/thiago/Documents/Thiago/CodeToAnalyze/retrofit/retrofit-adapters/rxjava2/src/test/java/retrofit2/adapter/rxjava2/SingleTest.java,retrofit2.adapter.rxjava2.SingleTest,responseFailure/0,server,1
/Users/thiago/Documents/Thiago/CodeToAnalyze/retrofit/retrofit-adapters/rxjava2/src/test/java/retrofit2/adapter/rxjava2/SingleTest.java,retrofit2.adapter.rxjava2.SingleTest,responseFailure/0,service,1
/Users/thiago/Documents/Thiago/CodeToAnalyze/retrofit/retrofit-adapters/rxjava2/src/test/java/retrofit2/adapter/rxjava2/SingleTest.java,retrofit2.adapter.rxjava2.SingleTest,responseFailure/0,observerRule,1
/Users/thiago/Documents/Thiago/CodeToAnalyze/retrofit/retrofit-adapters/rxjava2/src/test/java/retrofit2/adapter/rxjava2/SingleTest.java,retrofit2.adapter.rxjava2.SingleTest,resultFailure/0,server,1
/Users/thiago/Documents/Thiago/CodeToAnalyze/retrofit/retrofit-adapters/rxjava2/src/test/java/retrofit2/adapter/rxjava2/SingleTest.java,retrofit2.adapter.rxjava2.SingleTest,resultFailure/0,service,1
/Users/thiago/Documents/Thiago/CodeToAnalyze/retrofit/retrofit-adapters/rxjava2/src/test/java/retrofit2/adapter/rxjava2/SingleTest.java,retrofit2.adapter.rxjava2.SingleTest,resultFailure/0,observerRule,1
/Users/thiago/Documents/Thiago/CodeToAnalyze/retrofit/retrofit-adapters/rxjava2/src/test/java/retrofit2/adapter/rxjava2/SingleTest.java,retrofit2.adapter.rxjava2.SingleTest,subscribeTwice/0,server,2
/Users/thiago/Documents/Thiago/CodeToAnalyze/retrofit/retrofit-adapters/rxjava2/src/test/java/retrofit2/adapter/rxjava2/SingleTest.java,retrofit2.adapter.rxjava2.SingleTest,subscribeTwice/0,service,1
/Users/thiago/Documents/Thiago/CodeToAnalyze/retrofit/retrofit-adapters/rxjava2/src/test/java/retrofit2/adapter/rxjava2/SingleTest.java,retrofit2.adapter.rxjava2.SingleTest,subscribeTwice/0,observerRule,2
/Users/thiago/Documents/Thiago/CodeToAnalyze/retrofit/retrofit-mock/src/main/java/retrofit2/mock/NetworkBehavior.java,retrofit2.mock.NetworkBehavior,variancePercent/0,variancePercent,2
/Users/thiago/Documents/Thiago/CodeToAnalyze/retrofit/retrofit-mock/src/main/java/retrofit2/mock/NetworkBehavior.java,retrofit2.mock.NetworkBehavior,setVariancePercent/1[int],variancePercent,4
/Users/thiago/Documents/Thiago/CodeToAnalyze/retrofit/retrofit-mock/src/main/java/retrofit2/mock/NetworkBehavior.java,retrofit2.mock.NetworkBehavior,errorPercent/0,errorPercent,2
/Users/thiago/Documents/Thiago/CodeToAnalyze/retrofit/retrofit-mock/src/main/java/retrofit2/mock/NetworkBehavior.java,retrofit2.mock.NetworkBehavior,setFailurePercent/1[int],failurePercent,4
/Users/thiago/Documents/Thiago/CodeToAnalyze/retrofit/retrofit-mock/src/main/java/retrofit2/mock/NetworkBehavior.java,retrofit2.mock.NetworkBehavior,setErrorPercent/1[int],errorPercent,4
/Users/thiago/Documents/Thiago/CodeToAnalyze/retrofit/retrofit-mock/src/main/java/retrofit2/mock/NetworkBehavior.java,retrofit2.mock.NetworkBehavior,delay/1[java.util.concurrent.TimeUnit],delayMs,1
/Users/thiago/Documents/Thiago/CodeToAnalyze/retrofit/retrofit-mock/src/main/java/retrofit2/mock/NetworkBehavior.java,retrofit2.mock.NetworkBehavior,calculateDelay/1[java.util.concurrent.TimeUnit],random,1
/Users/thiago/Documents/Thiago/CodeToAnalyze/retrofit/retrofit-mock/src/main/java/retrofit2/mock/NetworkBehavior.java,retrofit2.mock.NetworkBehavior,calculateDelay/1[java.util.concurrent.TimeUnit],delayMs,1
/Users/thiago/Documents/Thiago/CodeToAnalyze/retrofit/retrofit-mock/src/main/java/retrofit2/mock/NetworkBehavior.java,retrofit2.mock.NetworkBehavior,calculateDelay/1[java.util.concurrent.TimeUnit],variancePercent,1
/Users/thiago/Documents/Thiago/CodeToAnalyze/retrofit/retrofit-mock/src/main/java/retrofit2/mock/NetworkBehavior.java,retrofit2.mock.NetworkBehavior,setFailureException/1[java.lang.Throwable],failureException,1
/Users/thiago/Documents/Thiago/CodeToAnalyze/retrofit/retrofit-mock/src/main/java/retrofit2/mock/NetworkBehavior.java,retrofit2.mock.NetworkBehavior,createErrorResponse/0,errorFactory,1
/Users/thiago/Documents/Thiago/CodeToAnalyze/retrofit/retrofit-mock/src/main/java/retrofit2/mock/NetworkBehavior.java,retrofit2.mock.NetworkBehavior,failurePercent/0,failurePercent,2
/Users/thiago/Documents/Thiago/CodeToAnalyze/retrofit/retrofit-mock/src/main/java/retrofit2/mock/NetworkBehavior.java,retrofit2.mock.NetworkBehavior,"setDelay/2[long,java.util.concurrent.TimeUnit]",delayMs,1
/Users/thiago/Documents/Thiago/CodeToAnalyze/retrofit/retrofit-mock/src/main/java/retrofit2/mock/NetworkBehavior.java,retrofit2.mock.NetworkBehavior,calculateIsError/0,random,1
/Users/thiago/Documents/Thiago/CodeToAnalyze/retrofit/retrofit-mock/src/main/java/retrofit2/mock/NetworkBehavior.java,retrofit2.mock.NetworkBehavior,calculateIsError/0,errorPercent,1
/Users/thiago/Documents/Thiago/CodeToAnalyze/retrofit/retrofit-mock/src/main/java/retrofit2/mock/NetworkBehavior.java,retrofit2.mock.NetworkBehavior,setErrorFactory/1[java.util.concurrent.Callable<retrofit2.Response<?>>],errorFactory,4
/Users/thiago/Documents/Thiago/CodeToAnalyze/retrofit/retrofit-mock/src/main/java/retrofit2/mock/NetworkBehavior.java,retrofit2.mock.NetworkBehavior,failureException/0,failureException,2
/Users/thiago/Documents/Thiago/CodeToAnalyze/retrofit/retrofit-mock/src/main/java/retrofit2/mock/NetworkBehavior.java,retrofit2.mock.NetworkBehavior,NetworkBehavior/1[java.util.Random],random,3
/Users/thiago/Documents/Thiago/CodeToAnalyze/retrofit/retrofit-mock/src/main/java/retrofit2/mock/NetworkBehavior.java,retrofit2.mock.NetworkBehavior,NetworkBehavior/1[java.util.Random],failureException,2
/Users/thiago/Documents/Thiago/CodeToAnalyze/retrofit/retrofit-mock/src/main/java/retrofit2/mock/NetworkBehavior.java,retrofit2.mock.NetworkBehavior,create/1[java.util.Random],random,3
/Users/thiago/Documents/Thiago/CodeToAnalyze/retrofit/retrofit-mock/src/main/java/retrofit2/mock/NetworkBehavior.java,retrofit2.mock.NetworkBehavior,calculateIsFailure/0,random,1
/Users/thiago/Documents/Thiago/CodeToAnalyze/retrofit/retrofit-mock/src/main/java/retrofit2/mock/NetworkBehavior.java,retrofit2.mock.NetworkBehavior,calculateIsFailure/0,failureException,1
/Users/thiago/Documents/Thiago/CodeToAnalyze/retrofit/retrofit-mock/src/main/java/retrofit2/mock/NetworkBehavior.java,retrofit2.mock.NetworkBehavior,calculateIsFailure/0,failurePercent,1
/Users/thiago/Documents/Thiago/CodeToAnalyze/retrofit/retrofit-converters/jackson/src/main/java/retrofit2/converter/jackson/JacksonStreamingRequestBody.java,retrofit2.converter.jackson.JacksonStreamingRequestBody,contentType/0,mediaType,1
/Users/thiago/Documents/Thiago/CodeToAnalyze/retrofit/retrofit-converters/jackson/src/main/java/retrofit2/converter/jackson/JacksonStreamingRequestBody.java,retrofit2.converter.jackson.JacksonStreamingRequestBody,writeTo/1[retrofit2.converter.jackson.BufferedSink],adapter,1
/Users/thiago/Documents/Thiago/CodeToAnalyze/retrofit/retrofit-converters/jackson/src/main/java/retrofit2/converter/jackson/JacksonStreamingRequestBody.java,retrofit2.converter.jackson.JacksonStreamingRequestBody,writeTo/1[retrofit2.converter.jackson.BufferedSink],value,1
/Users/thiago/Documents/Thiago/CodeToAnalyze/retrofit/retrofit-converters/jackson/src/main/java/retrofit2/converter/jackson/JacksonStreamingRequestBody.java,retrofit2.converter.jackson.JacksonStreamingRequestBody,"JacksonStreamingRequestBody/3[retrofit2.converter.jackson.ObjectWriter,java.lang.Object,retrofit2.converter.jackson.MediaType]",adapter,3
/Users/thiago/Documents/Thiago/CodeToAnalyze/retrofit/retrofit-converters/jackson/src/main/java/retrofit2/converter/jackson/JacksonStreamingRequestBody.java,retrofit2.converter.jackson.JacksonStreamingRequestBody,"JacksonStreamingRequestBody/3[retrofit2.converter.jackson.ObjectWriter,java.lang.Object,retrofit2.converter.jackson.MediaType]",mediaType,3
/Users/thiago/Documents/Thiago/CodeToAnalyze/retrofit/retrofit-converters/jackson/src/main/java/retrofit2/converter/jackson/JacksonStreamingRequestBody.java,retrofit2.converter.jackson.JacksonStreamingRequestBody,"JacksonStreamingRequestBody/3[retrofit2.converter.jackson.ObjectWriter,java.lang.Object,retrofit2.converter.jackson.MediaType]",value,3
/Users/thiago/Documents/Thiago/CodeToAnalyze/retrofit/retrofit-adapters/rxjava3/src/test/java/retrofit2/adapter/rxjava3/FlowableThrowingTest.java,retrofit2.adapter.rxjava3.FlowableThrowingTest,resultThrowingInOnErrorDeliveredToPlugin/0,server,1
/Users/thiago/Documents/Thiago/CodeToAnalyze/retrofit/retrofit-adapters/rxjava3/src/test/java/retrofit2/adapter/rxjava3/FlowableThrowingTest.java,retrofit2.adapter.rxjava3.FlowableThrowingTest,resultThrowingInOnErrorDeliveredToPlugin/0,subscriberRule,1
/Users/thiago/Documents/Thiago/CodeToAnalyze/retrofit/retrofit-adapters/rxjava3/src/test/java/retrofit2/adapter/rxjava3/FlowableThrowingTest.java,retrofit2.adapter.rxjava3.FlowableThrowingTest,resultThrowingInOnErrorDeliveredToPlugin/0,service,1
/Users/thiago/Documents/Thiago/CodeToAnalyze/retrofit/retrofit-adapters/rxjava3/src/test/java/retrofit2/adapter/rxjava3/FlowableThrowingTest.java,retrofit2.adapter.rxjava3.FlowableThrowingTest,resultThrowingInOnCompletedDeliveredToPlugin/0,server,1
/Users/thiago/Documents/Thiago/CodeToAnalyze/retrofit/retrofit-adapters/rxjava3/src/test/java/retrofit2/adapter/rxjava3/FlowableThrowingTest.java,retrofit2.adapter.rxjava3.FlowableThrowingTest,resultThrowingInOnCompletedDeliveredToPlugin/0,subscriberRule,1
/Users/thiago/Documents/Thiago/CodeToAnalyze/retrofit/retrofit-adapters/rxjava3/src/test/java/retrofit2/adapter/rxjava3/FlowableThrowingTest.java,retrofit2.adapter.rxjava3.FlowableThrowingTest,resultThrowingInOnCompletedDeliveredToPlugin/0,service,1
/Users/thiago/Documents/Thiago/CodeToAnalyze/retrofit/retrofit-adapters/rxjava3/src/test/java/retrofit2/adapter/rxjava3/FlowableThrowingTest.java,retrofit2.adapter.rxjava3.FlowableThrowingTest,bodyThrowingInOnCompleteDeliveredToPlugin/0,server,1
/Users/thiago/Documents/Thiago/CodeToAnalyze/retrofit/retrofit-adapters/rxjava3/src/test/java/retrofit2/adapter/rxjava3/FlowableThrowingTest.java,retrofit2.adapter.rxjava3.FlowableThrowingTest,bodyThrowingInOnCompleteDeliveredToPlugin/0,subscriberRule,1
/Users/thiago/Documents/Thiago/CodeToAnalyze/retrofit/retrofit-adapters/rxjava3/src/test/java/retrofit2/adapter/rxjava3/FlowableThrowingTest.java,retrofit2.adapter.rxjava3.FlowableThrowingTest,bodyThrowingInOnCompleteDeliveredToPlugin/0,service,1
/Users/thiago/Documents/Thiago/CodeToAnalyze/retrofit/retrofit-adapters/rxjava3/src/test/java/retrofit2/adapter/rxjava3/FlowableThrowingTest.java,retrofit2.adapter.rxjava3.FlowableThrowingTest,bodyThrowingInOnNextDeliveredToError/0,server,1
/Users/thiago/Documents/Thiago/CodeToAnalyze/retrofit/retrofit-adapters/rxjava3/src/test/java/retrofit2/adapter/rxjava3/FlowableThrowingTest.java,retrofit2.adapter.rxjava3.FlowableThrowingTest,bodyThrowingInOnNextDeliveredToError/0,subscriberRule,1
/Users/thiago/Documents/Thiago/CodeToAnalyze/retrofit/retrofit-adapters/rxjava3/src/test/java/retrofit2/adapter/rxjava3/FlowableThrowingTest.java,retrofit2.adapter.rxjava3.FlowableThrowingTest,bodyThrowingInOnNextDeliveredToError/0,service,1
/Users/thiago/Documents/Thiago/CodeToAnalyze/retrofit/retrofit-adapters/rxjava3/src/test/java/retrofit2/adapter/rxjava3/FlowableThrowingTest.java,retrofit2.adapter.rxjava3.FlowableThrowingTest,responseThrowingInOnErrorDeliveredToPlugin/0,server,1
/Users/thiago/Documents/Thiago/CodeToAnalyze/retrofit/retrofit-adapters/rxjava3/src/test/java/retrofit2/adapter/rxjava3/FlowableThrowingTest.java,retrofit2.adapter.rxjava3.FlowableThrowingTest,responseThrowingInOnErrorDeliveredToPlugin/0,subscriberRule,1
/Users/thiago/Documents/Thiago/CodeToAnalyze/retrofit/retrofit-adapters/rxjava3/src/test/java/retrofit2/adapter/rxjava3/FlowableThrowingTest.java,retrofit2.adapter.rxjava3.FlowableThrowingTest,responseThrowingInOnErrorDeliveredToPlugin/0,service,1
/Users/thiago/Documents/Thiago/CodeToAnalyze/retrofit/retrofit-adapters/rxjava3/src/test/java/retrofit2/adapter/rxjava3/FlowableThrowingTest.java,retrofit2.adapter.rxjava3.FlowableThrowingTest,responseThrowingInOnNextDeliveredToError/0,server,1
/Users/thiago/Documents/Thiago/CodeToAnalyze/retrofit/retrofit-adapters/rxjava3/src/test/java/retrofit2/adapter/rxjava3/FlowableThrowingTest.java,retrofit2.adapter.rxjava3.FlowableThrowingTest,responseThrowingInOnNextDeliveredToError/0,subscriberRule,1
/Users/thiago/Documents/Thiago/CodeToAnalyze/retrofit/retrofit-adapters/rxjava3/src/test/java/retrofit2/adapter/rxjava3/FlowableThrowingTest.java,retrofit2.adapter.rxjava3.FlowableThrowingTest,responseThrowingInOnNextDeliveredToError/0,service,1
/Users/thiago/Documents/Thiago/CodeToAnalyze/retrofit/retrofit-adapters/rxjava3/src/test/java/retrofit2/adapter/rxjava3/FlowableThrowingTest.java,retrofit2.adapter.rxjava3.FlowableThrowingTest,responseThrowingInOnCompleteDeliveredToPlugin/0,server,1
/Users/thiago/Documents/Thiago/CodeToAnalyze/retrofit/retrofit-adapters/rxjava3/src/test/java/retrofit2/adapter/rxjava3/FlowableThrowingTest.java,retrofit2.adapter.rxjava3.FlowableThrowingTest,responseThrowingInOnCompleteDeliveredToPlugin/0,subscriberRule,1
/Users/thiago/Documents/Thiago/CodeToAnalyze/retrofit/retrofit-adapters/rxjava3/src/test/java/retrofit2/adapter/rxjava3/FlowableThrowingTest.java,retrofit2.adapter.rxjava3.FlowableThrowingTest,responseThrowingInOnCompleteDeliveredToPlugin/0,service,1
/Users/thiago/Documents/Thiago/CodeToAnalyze/retrofit/retrofit-adapters/rxjava3/src/test/java/retrofit2/adapter/rxjava3/FlowableThrowingTest.java,retrofit2.adapter.rxjava3.FlowableThrowingTest,setUp/0,server,1
/Users/thiago/Documents/Thiago/CodeToAnalyze/retrofit/retrofit-adapters/rxjava3/src/test/java/retrofit2/adapter/rxjava3/FlowableThrowingTest.java,retrofit2.adapter.rxjava3.FlowableThrowingTest,setUp/0,service,1
/Users/thiago/Documents/Thiago/CodeToAnalyze/retrofit/retrofit-adapters/rxjava3/src/test/java/retrofit2/adapter/rxjava3/FlowableThrowingTest.java,retrofit2.adapter.rxjava3.FlowableThrowingTest,bodyThrowingInOnErrorDeliveredToPlugin/0,server,1
/Users/thiago/Documents/Thiago/CodeToAnalyze/retrofit/retrofit-adapters/rxjava3/src/test/java/retrofit2/adapter/rxjava3/FlowableThrowingTest.java,retrofit2.adapter.rxjava3.FlowableThrowingTest,bodyThrowingInOnErrorDeliveredToPlugin/0,subscriberRule,1
/Users/thiago/Documents/Thiago/CodeToAnalyze/retrofit/retrofit-adapters/rxjava3/src/test/java/retrofit2/adapter/rxjava3/FlowableThrowingTest.java,retrofit2.adapter.rxjava3.FlowableThrowingTest,bodyThrowingInOnErrorDeliveredToPlugin/0,service,1
/Users/thiago/Documents/Thiago/CodeToAnalyze/retrofit/retrofit-adapters/rxjava3/src/test/java/retrofit2/adapter/rxjava3/FlowableThrowingTest.java,retrofit2.adapter.rxjava3.FlowableThrowingTest,resultThrowingInOnNextDeliveredToError/0,server,1
/Users/thiago/Documents/Thiago/CodeToAnalyze/retrofit/retrofit-adapters/rxjava3/src/test/java/retrofit2/adapter/rxjava3/FlowableThrowingTest.java,retrofit2.adapter.rxjava3.FlowableThrowingTest,resultThrowingInOnNextDeliveredToError/0,subscriberRule,1
/Users/thiago/Documents/Thiago/CodeToAnalyze/retrofit/retrofit-adapters/rxjava3/src/test/java/retrofit2/adapter/rxjava3/FlowableThrowingTest.java,retrofit2.adapter.rxjava3.FlowableThrowingTest,resultThrowingInOnNextDeliveredToError/0,service,1
/Users/thiago/Documents/Thiago/CodeToAnalyze/retrofit/retrofit-adapters/rxjava3/src/main/java/retrofit2/adapter/rxjava3/ResultObservable.java,retrofit2.adapter.rxjava3.ResultObservable,subscribeActual/1[retrofit2.adapter.rxjava3.Observer<? super retrofit2.adapter.rxjava3.Result<T>>],upstream,1
/Users/thiago/Documents/Thiago/CodeToAnalyze/retrofit/retrofit-adapters/rxjava3/src/main/java/retrofit2/adapter/rxjava3/ResultObservable.java,retrofit2.adapter.rxjava3.ResultObservable,ResultObservable/1[retrofit2.adapter.rxjava3.Observable<retrofit2.Response<T>>],upstream,3
/Users/thiago/Documents/Thiago/CodeToAnalyze/retrofit/retrofit/src/main/java/retrofit2/Utils.java,retrofit2.Utils,"resolve/3[java.lang.reflect.Type,java.lang.Class<?>,java.lang.reflect.Type]",EMPTY_TYPE_ARRAY,1
/Users/thiago/Documents/Thiago/CodeToAnalyze/retrofit/retrofit/src/main/java/retrofit2/Utils.java,retrofit2.Utils,isUnit/1[java.lang.reflect.Type],checkForKotlinUnit,2
/Users/thiago/Documents/Thiago/CodeToAnalyze/retrofit/retrofit-adapters/rxjava3/src/test/java/retrofit2/adapter/rxjava3/SingleThrowingTest.java,retrofit2.adapter.rxjava3.SingleThrowingTest$ForwardingObserver,onError/1[java.lang.Throwable],delegate,1
/Users/thiago/Documents/Thiago/CodeToAnalyze/retrofit/retrofit-adapters/rxjava3/src/test/java/retrofit2/adapter/rxjava3/SingleThrowingTest.java,retrofit2.adapter.rxjava3.SingleThrowingTest$ForwardingObserver,ForwardingObserver/1[retrofit2.adapter.rxjava3.SingleObserver<T>],delegate,3
/Users/thiago/Documents/Thiago/CodeToAnalyze/retrofit/retrofit-adapters/rxjava3/src/test/java/retrofit2/adapter/rxjava3/SingleThrowingTest.java,retrofit2.adapter.rxjava3.SingleThrowingTest$ForwardingObserver,onSuccess/1[T],delegate,1
/Users/thiago/Documents/Thiago/CodeToAnalyze/retrofit/retrofit-adapters/rxjava3/src/test/java/retrofit2/adapter/rxjava3/SingleThrowingTest.java,retrofit2.adapter.rxjava3.SingleThrowingTest$ForwardingObserver,onSubscribe/1[retrofit2.adapter.rxjava3.Disposable],delegate,1
/Users/thiago/Documents/Thiago/CodeToAnalyze/retrofit/retrofit/src/main/java/retrofit2/HttpServiceMethod.java,retrofit2.HttpServiceMethod,"HttpServiceMethod/3[retrofit2.RequestFactory,okhttp3.Call.Factory,retrofit2.Converter<retrofit2.ResponseBody,ResponseT>]",responseConverter,3
/Users/thiago/Documents/Thiago/CodeToAnalyze/retrofit/retrofit/src/main/java/retrofit2/HttpServiceMethod.java,retrofit2.HttpServiceMethod,"HttpServiceMethod/3[retrofit2.RequestFactory,okhttp3.Call.Factory,retrofit2.Converter<retrofit2.ResponseBody,ResponseT>]",requestFactory,3
/Users/thiago/Documents/Thiago/CodeToAnalyze/retrofit/retrofit/src/main/java/retrofit2/HttpServiceMethod.java,retrofit2.HttpServiceMethod,"HttpServiceMethod/3[retrofit2.RequestFactory,okhttp3.Call.Factory,retrofit2.Converter<retrofit2.ResponseBody,ResponseT>]",callFactory,3
/Users/thiago/Documents/Thiago/CodeToAnalyze/retrofit/retrofit/src/main/java/retrofit2/HttpServiceMethod.java,retrofit2.HttpServiceMethod,"parseAnnotations/3[retrofit2.Retrofit,java.lang.reflect.Method,retrofit2.RequestFactory]",requestFactory,4
/Users/thiago/Documents/Thiago/CodeToAnalyze/retrofit/retrofit/src/main/java/retrofit2/HttpServiceMethod.java,retrofit2.HttpServiceMethod,"invoke/2[java.lang.Object,java.lang.Object[]]",responseConverter,1
/Users/thiago/Documents/Thiago/CodeToAnalyze/retrofit/retrofit/src/main/java/retrofit2/HttpServiceMethod.java,retrofit2.HttpServiceMethod,"invoke/2[java.lang.Object,java.lang.Object[]]",requestFactory,1
/Users/thiago/Documents/Thiago/CodeToAnalyze/retrofit/retrofit/src/main/java/retrofit2/HttpServiceMethod.java,retrofit2.HttpServiceMethod,"invoke/2[java.lang.Object,java.lang.Object[]]",callFactory,1
/Users/thiago/Documents/Thiago/CodeToAnalyze/retrofit/retrofit-converters/protobuf/src/test/java/retrofit2/converter/protobuf/ProtoConverterFactoryTest.java,retrofit2.converter.protobuf.ProtoConverterFactoryTest$ThrowingPhone,getDefaultInstanceForType/0,delegate,1
/Users/thiago/Documents/Thiago/CodeToAnalyze/retrofit/retrofit-converters/protobuf/src/test/java/retrofit2/converter/protobuf/ProtoConverterFactoryTest.java,retrofit2.converter.protobuf.ProtoConverterFactoryTest$ThrowingPhone,getParserForType/0,delegate,1
/Users/thiago/Documents/Thiago/CodeToAnalyze/retrofit/retrofit-converters/protobuf/src/test/java/retrofit2/converter/protobuf/ProtoConverterFactoryTest.java,retrofit2.converter.protobuf.ProtoConverterFactoryTest$ThrowingPhone,ThrowingPhone/1[retrofit2.converter.protobuf.Phone],delegate,3
/Users/thiago/Documents/Thiago/CodeToAnalyze/retrofit/retrofit-converters/protobuf/src/test/java/retrofit2/converter/protobuf/ProtoConverterFactoryTest.java,retrofit2.converter.protobuf.ProtoConverterFactoryTest$ThrowingPhone,getSerializedSize/0,delegate,1
/Users/thiago/Documents/Thiago/CodeToAnalyze/retrofit/retrofit-converters/protobuf/src/test/java/retrofit2/converter/protobuf/ProtoConverterFactoryTest.java,retrofit2.converter.protobuf.ProtoConverterFactoryTest$ThrowingPhone,newBuilderForType/0,delegate,1
/Users/thiago/Documents/Thiago/CodeToAnalyze/retrofit/retrofit-converters/protobuf/src/test/java/retrofit2/converter/protobuf/ProtoConverterFactoryTest.java,retrofit2.converter.protobuf.ProtoConverterFactoryTest$ThrowingPhone,isInitialized/0,delegate,1
/Users/thiago/Documents/Thiago/CodeToAnalyze/retrofit/retrofit-converters/protobuf/src/test/java/retrofit2/converter/protobuf/ProtoConverterFactoryTest.java,retrofit2.converter.protobuf.ProtoConverterFactoryTest$ThrowingPhone,toBuilder/0,delegate,1
/Users/thiago/Documents/Thiago/CodeToAnalyze/retrofit/retrofit-adapters/rxjava2/src/test/java/retrofit2/adapter/rxjava2/CompletableTest.java,retrofit2.adapter.rxjava2.CompletableTest,setUp/0,server,1
/Users/thiago/Documents/Thiago/CodeToAnalyze/retrofit/retrofit-adapters/rxjava2/src/test/java/retrofit2/adapter/rxjava2/CompletableTest.java,retrofit2.adapter.rxjava2.CompletableTest,setUp/0,service,1
/Users/thiago/Documents/Thiago/CodeToAnalyze/retrofit/retrofit-adapters/rxjava2/src/test/java/retrofit2/adapter/rxjava2/CompletableTest.java,retrofit2.adapter.rxjava2.CompletableTest,completableSuccess404/0,server,1
/Users/thiago/Documents/Thiago/CodeToAnalyze/retrofit/retrofit-adapters/rxjava2/src/test/java/retrofit2/adapter/rxjava2/CompletableTest.java,retrofit2.adapter.rxjava2.CompletableTest,completableSuccess404/0,service,1
/Users/thiago/Documents/Thiago/CodeToAnalyze/retrofit/retrofit-adapters/rxjava2/src/test/java/retrofit2/adapter/rxjava2/CompletableTest.java,retrofit2.adapter.rxjava2.CompletableTest,completableSuccess404/0,observerRule,1
/Users/thiago/Documents/Thiago/CodeToAnalyze/retrofit/retrofit-adapters/rxjava2/src/test/java/retrofit2/adapter/rxjava2/CompletableTest.java,retrofit2.adapter.rxjava2.CompletableTest,subscribeTwice/0,server,2
/Users/thiago/Documents/Thiago/CodeToAnalyze/retrofit/retrofit-adapters/rxjava2/src/test/java/retrofit2/adapter/rxjava2/CompletableTest.java,retrofit2.adapter.rxjava2.CompletableTest,subscribeTwice/0,service,1
/Users/thiago/Documents/Thiago/CodeToAnalyze/retrofit/retrofit-adapters/rxjava2/src/test/java/retrofit2/adapter/rxjava2/CompletableTest.java,retrofit2.adapter.rxjava2.CompletableTest,subscribeTwice/0,observerRule,2
/Users/thiago/Documents/Thiago/CodeToAnalyze/retrofit/retrofit-adapters/rxjava2/src/test/java/retrofit2/adapter/rxjava2/CompletableTest.java,retrofit2.adapter.rxjava2.CompletableTest,completableSuccess200/0,server,1
/Users/thiago/Documents/Thiago/CodeToAnalyze/retrofit/retrofit-adapters/rxjava2/src/test/java/retrofit2/adapter/rxjava2/CompletableTest.java,retrofit2.adapter.rxjava2.CompletableTest,completableSuccess200/0,service,1
/Users/thiago/Documents/Thiago/CodeToAnalyze/retrofit/retrofit-adapters/rxjava2/src/test/java/retrofit2/adapter/rxjava2/CompletableTest.java,retrofit2.adapter.rxjava2.CompletableTest,completableSuccess200/0,observerRule,1
/Users/thiago/Documents/Thiago/CodeToAnalyze/retrofit/retrofit-adapters/rxjava2/src/test/java/retrofit2/adapter/rxjava2/CompletableTest.java,retrofit2.adapter.rxjava2.CompletableTest,completableFailure/0,server,1
/Users/thiago/Documents/Thiago/CodeToAnalyze/retrofit/retrofit-adapters/rxjava2/src/test/java/retrofit2/adapter/rxjava2/CompletableTest.java,retrofit2.adapter.rxjava2.CompletableTest,completableFailure/0,service,1
/Users/thiago/Documents/Thiago/CodeToAnalyze/retrofit/retrofit-adapters/rxjava2/src/test/java/retrofit2/adapter/rxjava2/CompletableTest.java,retrofit2.adapter.rxjava2.CompletableTest,completableFailure/0,observerRule,1
/Users/thiago/Documents/Thiago/CodeToAnalyze/retrofit/retrofit/test-helpers/src/main/java/retrofit2/helpers/NonMatchingConverterFactory.java,retrofit2.helpers.NonMatchingConverterFactory,"requestBodyConverter/4[java.lang.reflect.Type,java.lang.annotation.Annotation[],java.lang.annotation.Annotation[],retrofit2.Retrofit]",called,1
/Users/thiago/Documents/Thiago/CodeToAnalyze/retrofit/retrofit/test-helpers/src/main/java/retrofit2/helpers/NonMatchingConverterFactory.java,retrofit2.helpers.NonMatchingConverterFactory,"stringConverter/3[java.lang.reflect.Type,java.lang.annotation.Annotation[],retrofit2.Retrofit]",called,1
/Users/thiago/Documents/Thiago/CodeToAnalyze/retrofit/retrofit/test-helpers/src/main/java/retrofit2/helpers/NonMatchingConverterFactory.java,retrofit2.helpers.NonMatchingConverterFactory,"responseBodyConverter/3[java.lang.reflect.Type,java.lang.annotation.Annotation[],retrofit2.Retrofit]",called,1
/Users/thiago/Documents/Thiago/CodeToAnalyze/retrofit/retrofit-converters/simplexml/src/test/java/retrofit2/converter/simplexml/SimpleXmlConverterFactoryTest.java,retrofit2.converter.simplexml.SimpleXmlConverterFactoryTest,bodyWays/0,server,2
/Users/thiago/Documents/Thiago/CodeToAnalyze/retrofit/retrofit-converters/simplexml/src/test/java/retrofit2/converter/simplexml/SimpleXmlConverterFactoryTest.java,retrofit2.converter.simplexml.SimpleXmlConverterFactoryTest,bodyWays/0,service,1
/Users/thiago/Documents/Thiago/CodeToAnalyze/retrofit/retrofit-converters/simplexml/src/test/java/retrofit2/converter/simplexml/SimpleXmlConverterFactoryTest.java,retrofit2.converter.simplexml.SimpleXmlConverterFactoryTest,honorsCharacterEncoding/0,server,1
/Users/thiago/Documents/Thiago/CodeToAnalyze/retrofit/retrofit-converters/simplexml/src/test/java/retrofit2/converter/simplexml/SimpleXmlConverterFactoryTest.java,retrofit2.converter.simplexml.SimpleXmlConverterFactoryTest,honorsCharacterEncoding/0,service,1
/Users/thiago/Documents/Thiago/CodeToAnalyze/retrofit/retrofit-converters/simplexml/src/test/java/retrofit2/converter/simplexml/SimpleXmlConverterFactoryTest.java,retrofit2.converter.simplexml.SimpleXmlConverterFactoryTest,deserializeWrongClass/0,server,1
/Users/thiago/Documents/Thiago/CodeToAnalyze/retrofit/retrofit-converters/simplexml/src/test/java/retrofit2/converter/simplexml/SimpleXmlConverterFactoryTest.java,retrofit2.converter.simplexml.SimpleXmlConverterFactoryTest,deserializeWrongClass/0,service,1
/Users/thiago/Documents/Thiago/CodeToAnalyze/retrofit/retrofit-converters/simplexml/src/test/java/retrofit2/converter/simplexml/SimpleXmlConverterFactoryTest.java,retrofit2.converter.simplexml.SimpleXmlConverterFactoryTest,deserializeWrongValue/0,server,1
/Users/thiago/Documents/Thiago/CodeToAnalyze/retrofit/retrofit-converters/simplexml/src/test/java/retrofit2/converter/simplexml/SimpleXmlConverterFactoryTest.java,retrofit2.converter.simplexml.SimpleXmlConverterFactoryTest,deserializeWrongValue/0,service,1
/Users/thiago/Documents/Thiago/CodeToAnalyze/retrofit/retrofit-converters/simplexml/src/test/java/retrofit2/converter/simplexml/SimpleXmlConverterFactoryTest.java,retrofit2.converter.simplexml.SimpleXmlConverterFactoryTest,setUp/0,server,1
/Users/thiago/Documents/Thiago/CodeToAnalyze/retrofit/retrofit-converters/simplexml/src/test/java/retrofit2/converter/simplexml/SimpleXmlConverterFactoryTest.java,retrofit2.converter.simplexml.SimpleXmlConverterFactoryTest,setUp/0,service,1
/Users/thiago/Documents/Thiago/CodeToAnalyze/retrofit/retrofit-adapters/rxjava3/src/test/java/retrofit2/adapter/rxjava3/ObservableThrowingTest.java,retrofit2.adapter.rxjava3.ObservableThrowingTest,resultThrowingInOnErrorDeliveredToPlugin/0,server,1
/Users/thiago/Documents/Thiago/CodeToAnalyze/retrofit/retrofit-adapters/rxjava3/src/test/java/retrofit2/adapter/rxjava3/ObservableThrowingTest.java,retrofit2.adapter.rxjava3.ObservableThrowingTest,resultThrowingInOnErrorDeliveredToPlugin/0,subscriberRule,1
/Users/thiago/Documents/Thiago/CodeToAnalyze/retrofit/retrofit-adapters/rxjava3/src/test/java/retrofit2/adapter/rxjava3/ObservableThrowingTest.java,retrofit2.adapter.rxjava3.ObservableThrowingTest,resultThrowingInOnErrorDeliveredToPlugin/0,service,1
/Users/thiago/Documents/Thiago/CodeToAnalyze/retrofit/retrofit-adapters/rxjava3/src/test/java/retrofit2/adapter/rxjava3/ObservableThrowingTest.java,retrofit2.adapter.rxjava3.ObservableThrowingTest,resultThrowingInOnCompletedDeliveredToPlugin/0,server,1
/Users/thiago/Documents/Thiago/CodeToAnalyze/retrofit/retrofit-adapters/rxjava3/src/test/java/retrofit2/adapter/rxjava3/ObservableThrowingTest.java,retrofit2.adapter.rxjava3.ObservableThrowingTest,resultThrowingInOnCompletedDeliveredToPlugin/0,subscriberRule,1
/Users/thiago/Documents/Thiago/CodeToAnalyze/retrofit/retrofit-adapters/rxjava3/src/test/java/retrofit2/adapter/rxjava3/ObservableThrowingTest.java,retrofit2.adapter.rxjava3.ObservableThrowingTest,resultThrowingInOnCompletedDeliveredToPlugin/0,service,1
/Users/thiago/Documents/Thiago/CodeToAnalyze/retrofit/retrofit-adapters/rxjava3/src/test/java/retrofit2/adapter/rxjava3/ObservableThrowingTest.java,retrofit2.adapter.rxjava3.ObservableThrowingTest,bodyThrowingInOnCompleteDeliveredToPlugin/0,server,1
/Users/thiago/Documents/Thiago/CodeToAnalyze/retrofit/retrofit-adapters/rxjava3/src/test/java/retrofit2/adapter/rxjava3/ObservableThrowingTest.java,retrofit2.adapter.rxjava3.ObservableThrowingTest,bodyThrowingInOnCompleteDeliveredToPlugin/0,subscriberRule,1
/Users/thiago/Documents/Thiago/CodeToAnalyze/retrofit/retrofit-adapters/rxjava3/src/test/java/retrofit2/adapter/rxjava3/ObservableThrowingTest.java,retrofit2.adapter.rxjava3.ObservableThrowingTest,bodyThrowingInOnCompleteDeliveredToPlugin/0,service,1
/Users/thiago/Documents/Thiago/CodeToAnalyze/retrofit/retrofit-adapters/rxjava3/src/test/java/retrofit2/adapter/rxjava3/ObservableThrowingTest.java,retrofit2.adapter.rxjava3.ObservableThrowingTest,bodyThrowingInOnNextDeliveredToError/0,server,1
/Users/thiago/Documents/Thiago/CodeToAnalyze/retrofit/retrofit-adapters/rxjava3/src/test/java/retrofit2/adapter/rxjava3/ObservableThrowingTest.java,retrofit2.adapter.rxjava3.ObservableThrowingTest,bodyThrowingInOnNextDeliveredToError/0,subscriberRule,1
/Users/thiago/Documents/Thiago/CodeToAnalyze/retrofit/retrofit-adapters/rxjava3/src/test/java/retrofit2/adapter/rxjava3/ObservableThrowingTest.java,retrofit2.adapter.rxjava3.ObservableThrowingTest,bodyThrowingInOnNextDeliveredToError/0,service,1
/Users/thiago/Documents/Thiago/CodeToAnalyze/retrofit/retrofit-adapters/rxjava3/src/test/java/retrofit2/adapter/rxjava3/ObservableThrowingTest.java,retrofit2.adapter.rxjava3.ObservableThrowingTest,responseThrowingInOnErrorDeliveredToPlugin/0,server,1
/Users/thiago/Documents/Thiago/CodeToAnalyze/retrofit/retrofit-adapters/rxjava3/src/test/java/retrofit2/adapter/rxjava3/ObservableThrowingTest.java,retrofit2.adapter.rxjava3.ObservableThrowingTest,responseThrowingInOnErrorDeliveredToPlugin/0,subscriberRule,1
/Users/thiago/Documents/Thiago/CodeToAnalyze/retrofit/retrofit-adapters/rxjava3/src/test/java/retrofit2/adapter/rxjava3/ObservableThrowingTest.java,retrofit2.adapter.rxjava3.ObservableThrowingTest,responseThrowingInOnErrorDeliveredToPlugin/0,service,1
/Users/thiago/Documents/Thiago/CodeToAnalyze/retrofit/retrofit-adapters/rxjava3/src/test/java/retrofit2/adapter/rxjava3/ObservableThrowingTest.java,retrofit2.adapter.rxjava3.ObservableThrowingTest,responseThrowingInOnNextDeliveredToError/0,server,1
/Users/thiago/Documents/Thiago/CodeToAnalyze/retrofit/retrofit-adapters/rxjava3/src/test/java/retrofit2/adapter/rxjava3/ObservableThrowingTest.java,retrofit2.adapter.rxjava3.ObservableThrowingTest,responseThrowingInOnNextDeliveredToError/0,subscriberRule,1
/Users/thiago/Documents/Thiago/CodeToAnalyze/retrofit/retrofit-adapters/rxjava3/src/test/java/retrofit2/adapter/rxjava3/ObservableThrowingTest.java,retrofit2.adapter.rxjava3.ObservableThrowingTest,responseThrowingInOnNextDeliveredToError/0,service,1
/Users/thiago/Documents/Thiago/CodeToAnalyze/retrofit/retrofit-adapters/rxjava3/src/test/java/retrofit2/adapter/rxjava3/ObservableThrowingTest.java,retrofit2.adapter.rxjava3.ObservableThrowingTest,responseThrowingInOnCompleteDeliveredToPlugin/0,server,1
/Users/thiago/Documents/Thiago/CodeToAnalyze/retrofit/retrofit-adapters/rxjava3/src/test/java/retrofit2/adapter/rxjava3/ObservableThrowingTest.java,retrofit2.adapter.rxjava3.ObservableThrowingTest,responseThrowingInOnCompleteDeliveredToPlugin/0,subscriberRule,1
/Users/thiago/Documents/Thiago/CodeToAnalyze/retrofit/retrofit-adapters/rxjava3/src/test/java/retrofit2/adapter/rxjava3/ObservableThrowingTest.java,retrofit2.adapter.rxjava3.ObservableThrowingTest,responseThrowingInOnCompleteDeliveredToPlugin/0,service,1
/Users/thiago/Documents/Thiago/CodeToAnalyze/retrofit/retrofit-adapters/rxjava3/src/test/java/retrofit2/adapter/rxjava3/ObservableThrowingTest.java,retrofit2.adapter.rxjava3.ObservableThrowingTest,setUp/0,server,1
/Users/thiago/Documents/Thiago/CodeToAnalyze/retrofit/retrofit-adapters/rxjava3/src/test/java/retrofit2/adapter/rxjava3/ObservableThrowingTest.java,retrofit2.adapter.rxjava3.ObservableThrowingTest,setUp/0,service,1
/Users/thiago/Documents/Thiago/CodeToAnalyze/retrofit/retrofit-adapters/rxjava3/src/test/java/retrofit2/adapter/rxjava3/ObservableThrowingTest.java,retrofit2.adapter.rxjava3.ObservableThrowingTest,bodyThrowingInOnErrorDeliveredToPlugin/0,server,1
/Users/thiago/Documents/Thiago/CodeToAnalyze/retrofit/retrofit-adapters/rxjava3/src/test/java/retrofit2/adapter/rxjava3/ObservableThrowingTest.java,retrofit2.adapter.rxjava3.ObservableThrowingTest,bodyThrowingInOnErrorDeliveredToPlugin/0,subscriberRule,1
/Users/thiago/Documents/Thiago/CodeToAnalyze/retrofit/retrofit-adapters/rxjava3/src/test/java/retrofit2/adapter/rxjava3/ObservableThrowingTest.java,retrofit2.adapter.rxjava3.ObservableThrowingTest,bodyThrowingInOnErrorDeliveredToPlugin/0,service,1
/Users/thiago/Documents/Thiago/CodeToAnalyze/retrofit/retrofit-adapters/rxjava3/src/test/java/retrofit2/adapter/rxjava3/ObservableThrowingTest.java,retrofit2.adapter.rxjava3.ObservableThrowingTest,resultThrowingInOnNextDeliveredToError/0,server,1
/Users/thiago/Documents/Thiago/CodeToAnalyze/retrofit/retrofit-adapters/rxjava3/src/test/java/retrofit2/adapter/rxjava3/ObservableThrowingTest.java,retrofit2.adapter.rxjava3.ObservableThrowingTest,resultThrowingInOnNextDeliveredToError/0,subscriberRule,1
/Users/thiago/Documents/Thiago/CodeToAnalyze/retrofit/retrofit-adapters/rxjava3/src/test/java/retrofit2/adapter/rxjava3/ObservableThrowingTest.java,retrofit2.adapter.rxjava3.ObservableThrowingTest,resultThrowingInOnNextDeliveredToError/0,service,1
/Users/thiago/Documents/Thiago/CodeToAnalyze/retrofit/retrofit-adapters/rxjava3/src/test/java/retrofit2/adapter/rxjava3/MaybeTest.java,retrofit2.adapter.rxjava3.MaybeTest,bodySuccess404/0,server,1
/Users/thiago/Documents/Thiago/CodeToAnalyze/retrofit/retrofit-adapters/rxjava3/src/test/java/retrofit2/adapter/rxjava3/MaybeTest.java,retrofit2.adapter.rxjava3.MaybeTest,bodySuccess404/0,service,1
/Users/thiago/Documents/Thiago/CodeToAnalyze/retrofit/retrofit-adapters/rxjava3/src/test/java/retrofit2/adapter/rxjava3/MaybeTest.java,retrofit2.adapter.rxjava3.MaybeTest,bodySuccess404/0,observerRule,1
/Users/thiago/Documents/Thiago/CodeToAnalyze/retrofit/retrofit-adapters/rxjava3/src/test/java/retrofit2/adapter/rxjava3/MaybeTest.java,retrofit2.adapter.rxjava3.MaybeTest,resultSuccess200/0,server,1
/Users/thiago/Documents/Thiago/CodeToAnalyze/retrofit/retrofit-adapters/rxjava3/src/test/java/retrofit2/adapter/rxjava3/MaybeTest.java,retrofit2.adapter.rxjava3.MaybeTest,resultSuccess200/0,service,1
/Users/thiago/Documents/Thiago/CodeToAnalyze/retrofit/retrofit-adapters/rxjava3/src/test/java/retrofit2/adapter/rxjava3/MaybeTest.java,retrofit2.adapter.rxjava3.MaybeTest,resultSuccess200/0,observerRule,1
/Users/thiago/Documents/Thiago/CodeToAnalyze/retrofit/retrofit-adapters/rxjava3/src/test/java/retrofit2/adapter/rxjava3/MaybeTest.java,retrofit2.adapter.rxjava3.MaybeTest,responseSuccess404/0,server,1
/Users/thiago/Documents/Thiago/CodeToAnalyze/retrofit/retrofit-adapters/rxjava3/src/test/java/retrofit2/adapter/rxjava3/MaybeTest.java,retrofit2.adapter.rxjava3.MaybeTest,responseSuccess404/0,service,1
/Users/thiago/Documents/Thiago/CodeToAnalyze/retrofit/retrofit-adapters/rxjava3/src/test/java/retrofit2/adapter/rxjava3/MaybeTest.java,retrofit2.adapter.rxjava3.MaybeTest,responseSuccess404/0,observerRule,1
/Users/thiago/Documents/Thiago/CodeToAnalyze/retrofit/retrofit-adapters/rxjava3/src/test/java/retrofit2/adapter/rxjava3/MaybeTest.java,retrofit2.adapter.rxjava3.MaybeTest,setUp/0,server,1
/Users/thiago/Documents/Thiago/CodeToAnalyze/retrofit/retrofit-adapters/rxjava3/src/test/java/retrofit2/adapter/rxjava3/MaybeTest.java,retrofit2.adapter.rxjava3.MaybeTest,setUp/0,service,1
/Users/thiago/Documents/Thiago/CodeToAnalyze/retrofit/retrofit-adapters/rxjava3/src/test/java/retrofit2/adapter/rxjava3/MaybeTest.java,retrofit2.adapter.rxjava3.MaybeTest,bodyFailure/0,server,1
/Users/thiago/Documents/Thiago/CodeToAnalyze/retrofit/retrofit-adapters/rxjava3/src/test/java/retrofit2/adapter/rxjava3/MaybeTest.java,retrofit2.adapter.rxjava3.MaybeTest,bodyFailure/0,service,1
/Users/thiago/Documents/Thiago/CodeToAnalyze/retrofit/retrofit-adapters/rxjava3/src/test/java/retrofit2/adapter/rxjava3/MaybeTest.java,retrofit2.adapter.rxjava3.MaybeTest,bodyFailure/0,observerRule,1
/Users/thiago/Documents/Thiago/CodeToAnalyze/retrofit/retrofit-adapters/rxjava3/src/test/java/retrofit2/adapter/rxjava3/MaybeTest.java,retrofit2.adapter.rxjava3.MaybeTest,responseSuccess200/0,server,1
/Users/thiago/Documents/Thiago/CodeToAnalyze/retrofit/retrofit-adapters/rxjava3/src/test/java/retrofit2/adapter/rxjava3/MaybeTest.java,retrofit2.adapter.rxjava3.MaybeTest,responseSuccess200/0,service,1
/Users/thiago/Documents/Thiago/CodeToAnalyze/retrofit/retrofit-adapters/rxjava3/src/test/java/retrofit2/adapter/rxjava3/MaybeTest.java,retrofit2.adapter.rxjava3.MaybeTest,responseSuccess200/0,observerRule,1
/Users/thiago/Documents/Thiago/CodeToAnalyze/retrofit/retrofit-adapters/rxjava3/src/test/java/retrofit2/adapter/rxjava3/MaybeTest.java,retrofit2.adapter.rxjava3.MaybeTest,bodySuccess200/0,server,1
/Users/thiago/Documents/Thiago/CodeToAnalyze/retrofit/retrofit-adapters/rxjava3/src/test/java/retrofit2/adapter/rxjava3/MaybeTest.java,retrofit2.adapter.rxjava3.MaybeTest,bodySuccess200/0,service,1
/Users/thiago/Documents/Thiago/CodeToAnalyze/retrofit/retrofit-adapters/rxjava3/src/test/java/retrofit2/adapter/rxjava3/MaybeTest.java,retrofit2.adapter.rxjava3.MaybeTest,bodySuccess200/0,observerRule,1
/Users/thiago/Documents/Thiago/CodeToAnalyze/retrofit/retrofit-adapters/rxjava3/src/test/java/retrofit2/adapter/rxjava3/MaybeTest.java,retrofit2.adapter.rxjava3.MaybeTest,resultSuccess404/0,server,1
/Users/thiago/Documents/Thiago/CodeToAnalyze/retrofit/retrofit-adapters/rxjava3/src/test/java/retrofit2/adapter/rxjava3/MaybeTest.java,retrofit2.adapter.rxjava3.MaybeTest,resultSuccess404/0,service,1
/Users/thiago/Documents/Thiago/CodeToAnalyze/retrofit/retrofit-adapters/rxjava3/src/test/java/retrofit2/adapter/rxjava3/MaybeTest.java,retrofit2.adapter.rxjava3.MaybeTest,resultSuccess404/0,observerRule,1
/Users/thiago/Documents/Thiago/CodeToAnalyze/retrofit/retrofit-adapters/rxjava3/src/test/java/retrofit2/adapter/rxjava3/MaybeTest.java,retrofit2.adapter.rxjava3.MaybeTest,responseFailure/0,server,1
/Users/thiago/Documents/Thiago/CodeToAnalyze/retrofit/retrofit-adapters/rxjava3/src/test/java/retrofit2/adapter/rxjava3/MaybeTest.java,retrofit2.adapter.rxjava3.MaybeTest,responseFailure/0,service,1
/Users/thiago/Documents/Thiago/CodeToAnalyze/retrofit/retrofit-adapters/rxjava3/src/test/java/retrofit2/adapter/rxjava3/MaybeTest.java,retrofit2.adapter.rxjava3.MaybeTest,responseFailure/0,observerRule,1
/Users/thiago/Documents/Thiago/CodeToAnalyze/retrofit/retrofit-adapters/rxjava3/src/test/java/retrofit2/adapter/rxjava3/MaybeTest.java,retrofit2.adapter.rxjava3.MaybeTest,resultFailure/0,server,1
/Users/thiago/Documents/Thiago/CodeToAnalyze/retrofit/retrofit-adapters/rxjava3/src/test/java/retrofit2/adapter/rxjava3/MaybeTest.java,retrofit2.adapter.rxjava3.MaybeTest,resultFailure/0,service,1
/Users/thiago/Documents/Thiago/CodeToAnalyze/retrofit/retrofit-adapters/rxjava3/src/test/java/retrofit2/adapter/rxjava3/MaybeTest.java,retrofit2.adapter.rxjava3.MaybeTest,resultFailure/0,observerRule,1
/Users/thiago/Documents/Thiago/CodeToAnalyze/retrofit/retrofit-adapters/rxjava3/src/test/java/retrofit2/adapter/rxjava3/MaybeTest.java,retrofit2.adapter.rxjava3.MaybeTest,subscribeTwice/0,server,2
/Users/thiago/Documents/Thiago/CodeToAnalyze/retrofit/retrofit-adapters/rxjava3/src/test/java/retrofit2/adapter/rxjava3/MaybeTest.java,retrofit2.adapter.rxjava3.MaybeTest,subscribeTwice/0,service,1
/Users/thiago/Documents/Thiago/CodeToAnalyze/retrofit/retrofit-adapters/rxjava3/src/test/java/retrofit2/adapter/rxjava3/MaybeTest.java,retrofit2.adapter.rxjava3.MaybeTest,subscribeTwice/0,observerRule,2
/Users/thiago/Documents/Thiago/CodeToAnalyze/retrofit/retrofit-adapters/rxjava3/src/test/java/retrofit2/adapter/rxjava3/SingleThrowingTest.java,retrofit2.adapter.rxjava3.SingleThrowingTest,responseThrowingInOnErrorDeliveredToPlugin/0,server,1
/Users/thiago/Documents/Thiago/CodeToAnalyze/retrofit/retrofit-adapters/rxjava3/src/test/java/retrofit2/adapter/rxjava3/SingleThrowingTest.java,retrofit2.adapter.rxjava3.SingleThrowingTest,responseThrowingInOnErrorDeliveredToPlugin/0,subscriberRule,1
/Users/thiago/Documents/Thiago/CodeToAnalyze/retrofit/retrofit-adapters/rxjava3/src/test/java/retrofit2/adapter/rxjava3/SingleThrowingTest.java,retrofit2.adapter.rxjava3.SingleThrowingTest,responseThrowingInOnErrorDeliveredToPlugin/0,service,1
/Users/thiago/Documents/Thiago/CodeToAnalyze/retrofit/retrofit-adapters/rxjava3/src/test/java/retrofit2/adapter/rxjava3/SingleThrowingTest.java,retrofit2.adapter.rxjava3.SingleThrowingTest,resultThrowingInOnErrorDeliveredToPlugin/0,server,1
/Users/thiago/Documents/Thiago/CodeToAnalyze/retrofit/retrofit-adapters/rxjava3/src/test/java/retrofit2/adapter/rxjava3/SingleThrowingTest.java,retrofit2.adapter.rxjava3.SingleThrowingTest,resultThrowingInOnErrorDeliveredToPlugin/0,subscriberRule,1
/Users/thiago/Documents/Thiago/CodeToAnalyze/retrofit/retrofit-adapters/rxjava3/src/test/java/retrofit2/adapter/rxjava3/SingleThrowingTest.java,retrofit2.adapter.rxjava3.SingleThrowingTest,resultThrowingInOnErrorDeliveredToPlugin/0,service,1
/Users/thiago/Documents/Thiago/CodeToAnalyze/retrofit/retrofit-adapters/rxjava3/src/test/java/retrofit2/adapter/rxjava3/SingleThrowingTest.java,retrofit2.adapter.rxjava3.SingleThrowingTest,resultThrowingInOnSuccessDeliveredToPlugin/0,server,1
/Users/thiago/Documents/Thiago/CodeToAnalyze/retrofit/retrofit-adapters/rxjava3/src/test/java/retrofit2/adapter/rxjava3/SingleThrowingTest.java,retrofit2.adapter.rxjava3.SingleThrowingTest,resultThrowingInOnSuccessDeliveredToPlugin/0,subscriberRule,1
/Users/thiago/Documents/Thiago/CodeToAnalyze/retrofit/retrofit-adapters/rxjava3/src/test/java/retrofit2/adapter/rxjava3/SingleThrowingTest.java,retrofit2.adapter.rxjava3.SingleThrowingTest,resultThrowingInOnSuccessDeliveredToPlugin/0,service,1
/Users/thiago/Documents/Thiago/CodeToAnalyze/retrofit/retrofit-adapters/rxjava3/src/test/java/retrofit2/adapter/rxjava3/SingleThrowingTest.java,retrofit2.adapter.rxjava3.SingleThrowingTest,responseThrowingInOnSuccessDeliveredToPlugin/0,server,1
/Users/thiago/Documents/Thiago/CodeToAnalyze/retrofit/retrofit-adapters/rxjava3/src/test/java/retrofit2/adapter/rxjava3/SingleThrowingTest.java,retrofit2.adapter.rxjava3.SingleThrowingTest,responseThrowingInOnSuccessDeliveredToPlugin/0,subscriberRule,1
/Users/thiago/Documents/Thiago/CodeToAnalyze/retrofit/retrofit-adapters/rxjava3/src/test/java/retrofit2/adapter/rxjava3/SingleThrowingTest.java,retrofit2.adapter.rxjava3.SingleThrowingTest,responseThrowingInOnSuccessDeliveredToPlugin/0,service,1
/Users/thiago/Documents/Thiago/CodeToAnalyze/retrofit/retrofit-adapters/rxjava3/src/test/java/retrofit2/adapter/rxjava3/SingleThrowingTest.java,retrofit2.adapter.rxjava3.SingleThrowingTest,bodyThrowingInOnSuccessDeliveredToPlugin/0,server,1
/Users/thiago/Documents/Thiago/CodeToAnalyze/retrofit/retrofit-adapters/rxjava3/src/test/java/retrofit2/adapter/rxjava3/SingleThrowingTest.java,retrofit2.adapter.rxjava3.SingleThrowingTest,bodyThrowingInOnSuccessDeliveredToPlugin/0,subscriberRule,1
/Users/thiago/Documents/Thiago/CodeToAnalyze/retrofit/retrofit-adapters/rxjava3/src/test/java/retrofit2/adapter/rxjava3/SingleThrowingTest.java,retrofit2.adapter.rxjava3.SingleThrowingTest,bodyThrowingInOnSuccessDeliveredToPlugin/0,service,1
/Users/thiago/Documents/Thiago/CodeToAnalyze/retrofit/retrofit-adapters/rxjava3/src/test/java/retrofit2/adapter/rxjava3/SingleThrowingTest.java,retrofit2.adapter.rxjava3.SingleThrowingTest,bodyThrowingInOnErrorDeliveredToPlugin/0,server,1
/Users/thiago/Documents/Thiago/CodeToAnalyze/retrofit/retrofit-adapters/rxjava3/src/test/java/retrofit2/adapter/rxjava3/SingleThrowingTest.java,retrofit2.adapter.rxjava3.SingleThrowingTest,bodyThrowingInOnErrorDeliveredToPlugin/0,subscriberRule,1
/Users/thiago/Documents/Thiago/CodeToAnalyze/retrofit/retrofit-adapters/rxjava3/src/test/java/retrofit2/adapter/rxjava3/SingleThrowingTest.java,retrofit2.adapter.rxjava3.SingleThrowingTest,bodyThrowingInOnErrorDeliveredToPlugin/0,service,1
/Users/thiago/Documents/Thiago/CodeToAnalyze/retrofit/retrofit-adapters/rxjava3/src/test/java/retrofit2/adapter/rxjava3/SingleThrowingTest.java,retrofit2.adapter.rxjava3.SingleThrowingTest,setUp/0,server,1
/Users/thiago/Documents/Thiago/CodeToAnalyze/retrofit/retrofit-adapters/rxjava3/src/test/java/retrofit2/adapter/rxjava3/SingleThrowingTest.java,retrofit2.adapter.rxjava3.SingleThrowingTest,setUp/0,service,1
/Users/thiago/Documents/Thiago/CodeToAnalyze/retrofit/retrofit-adapters/rxjava/src/main/java/retrofit2/adapter/rxjava/Result.java,retrofit2.adapter.rxjava.Result,"Result/2[retrofit2.Response<T>,java.lang.Throwable]",response,3
/Users/thiago/Documents/Thiago/CodeToAnalyze/retrofit/retrofit-adapters/rxjava/src/main/java/retrofit2/adapter/rxjava/Result.java,retrofit2.adapter.rxjava.Result,"Result/2[retrofit2.Response<T>,java.lang.Throwable]",error,3
/Users/thiago/Documents/Thiago/CodeToAnalyze/retrofit/retrofit-adapters/rxjava/src/main/java/retrofit2/adapter/rxjava/Result.java,retrofit2.adapter.rxjava.Result,response/0,response,2
/Users/thiago/Documents/Thiago/CodeToAnalyze/retrofit/retrofit-adapters/rxjava/src/main/java/retrofit2/adapter/rxjava/Result.java,retrofit2.adapter.rxjava.Result,error/0,error,2
/Users/thiago/Documents/Thiago/CodeToAnalyze/retrofit/retrofit-adapters/rxjava/src/main/java/retrofit2/adapter/rxjava/Result.java,retrofit2.adapter.rxjava.Result,error/1[java.lang.Throwable],error,4
/Users/thiago/Documents/Thiago/CodeToAnalyze/retrofit/retrofit-adapters/rxjava/src/main/java/retrofit2/adapter/rxjava/Result.java,retrofit2.adapter.rxjava.Result,response/1[retrofit2.Response<T>],response,4
/Users/thiago/Documents/Thiago/CodeToAnalyze/retrofit/retrofit-adapters/rxjava/src/main/java/retrofit2/adapter/rxjava/Result.java,retrofit2.adapter.rxjava.Result,toString/0,response,1
/Users/thiago/Documents/Thiago/CodeToAnalyze/retrofit/retrofit-adapters/rxjava/src/main/java/retrofit2/adapter/rxjava/Result.java,retrofit2.adapter.rxjava.Result,toString/0,error,2
/Users/thiago/Documents/Thiago/CodeToAnalyze/retrofit/retrofit-adapters/rxjava/src/main/java/retrofit2/adapter/rxjava/Result.java,retrofit2.adapter.rxjava.Result,isError/0,error,2
/Users/thiago/Documents/Thiago/CodeToAnalyze/retrofit/retrofit-converters/protobuf/src/test/java/retrofit2/converter/protobuf/ProtoConverterFactoryTest.java,retrofit2.converter.protobuf.ProtoConverterFactoryTest,deserializeEmpty/0,server,1
/Users/thiago/Documents/Thiago/CodeToAnalyze/retrofit/retrofit-converters/protobuf/src/test/java/retrofit2/converter/protobuf/ProtoConverterFactoryTest.java,retrofit2.converter.protobuf.ProtoConverterFactoryTest,deserializeEmpty/0,service,1
/Users/thiago/Documents/Thiago/CodeToAnalyze/retrofit/retrofit-converters/protobuf/src/test/java/retrofit2/converter/protobuf/ProtoConverterFactoryTest.java,retrofit2.converter.protobuf.ProtoConverterFactoryTest,deserializeWrongValue/0,server,1
/Users/thiago/Documents/Thiago/CodeToAnalyze/retrofit/retrofit-converters/protobuf/src/test/java/retrofit2/converter/protobuf/ProtoConverterFactoryTest.java,retrofit2.converter.protobuf.ProtoConverterFactoryTest,deserializeWrongValue/0,service,1
/Users/thiago/Documents/Thiago/CodeToAnalyze/retrofit/retrofit-converters/protobuf/src/test/java/retrofit2/converter/protobuf/ProtoConverterFactoryTest.java,retrofit2.converter.protobuf.ProtoConverterFactoryTest,deserializeWrongClass/0,server,1
/Users/thiago/Documents/Thiago/CodeToAnalyze/retrofit/retrofit-converters/protobuf/src/test/java/retrofit2/converter/protobuf/ProtoConverterFactoryTest.java,retrofit2.converter.protobuf.ProtoConverterFactoryTest,deserializeWrongClass/0,service,1
/Users/thiago/Documents/Thiago/CodeToAnalyze/retrofit/retrofit-converters/protobuf/src/test/java/retrofit2/converter/protobuf/ProtoConverterFactoryTest.java,retrofit2.converter.protobuf.ProtoConverterFactoryTest,deserializeUsesRegistry/0,server,1
/Users/thiago/Documents/Thiago/CodeToAnalyze/retrofit/retrofit-converters/protobuf/src/test/java/retrofit2/converter/protobuf/ProtoConverterFactoryTest.java,retrofit2.converter.protobuf.ProtoConverterFactoryTest,deserializeUsesRegistry/0,serviceWithRegistry,1
/Users/thiago/Documents/Thiago/CodeToAnalyze/retrofit/retrofit-converters/protobuf/src/test/java/retrofit2/converter/protobuf/ProtoConverterFactoryTest.java,retrofit2.converter.protobuf.ProtoConverterFactoryTest,ProtoConverterFactoryTest/1[boolean],server,2
/Users/thiago/Documents/Thiago/CodeToAnalyze/retrofit/retrofit-converters/protobuf/src/test/java/retrofit2/converter/protobuf/ProtoConverterFactoryTest.java,retrofit2.converter.protobuf.ProtoConverterFactoryTest,ProtoConverterFactoryTest/1[boolean],streaming,4
/Users/thiago/Documents/Thiago/CodeToAnalyze/retrofit/retrofit-converters/protobuf/src/test/java/retrofit2/converter/protobuf/ProtoConverterFactoryTest.java,retrofit2.converter.protobuf.ProtoConverterFactoryTest,ProtoConverterFactoryTest/1[boolean],service,1
/Users/thiago/Documents/Thiago/CodeToAnalyze/retrofit/retrofit-converters/protobuf/src/test/java/retrofit2/converter/protobuf/ProtoConverterFactoryTest.java,retrofit2.converter.protobuf.ProtoConverterFactoryTest,ProtoConverterFactoryTest/1[boolean],serviceWithRegistry,1
/Users/thiago/Documents/Thiago/CodeToAnalyze/retrofit/retrofit-converters/protobuf/src/test/java/retrofit2/converter/protobuf/ProtoConverterFactoryTest.java,retrofit2.converter.protobuf.ProtoConverterFactoryTest,serializeIsStreamed/0,streaming,1
/Users/thiago/Documents/Thiago/CodeToAnalyze/retrofit/retrofit-converters/protobuf/src/test/java/retrofit2/converter/protobuf/ProtoConverterFactoryTest.java,retrofit2.converter.protobuf.ProtoConverterFactoryTest,serializeIsStreamed/0,service,1
/Users/thiago/Documents/Thiago/CodeToAnalyze/retrofit/retrofit-converters/protobuf/src/test/java/retrofit2/converter/protobuf/ProtoConverterFactoryTest.java,retrofit2.converter.protobuf.ProtoConverterFactoryTest,serializeAndDeserialize/0,server,2
/Users/thiago/Documents/Thiago/CodeToAnalyze/retrofit/retrofit-converters/protobuf/src/test/java/retrofit2/converter/protobuf/ProtoConverterFactoryTest.java,retrofit2.converter.protobuf.ProtoConverterFactoryTest,serializeAndDeserialize/0,service,1
/Users/thiago/Documents/Thiago/CodeToAnalyze/retrofit/retrofit-converters/protobuf/src/test/java/retrofit2/converter/protobuf/ProtoConverterFactoryTest.java,retrofit2.converter.protobuf.ProtoConverterFactoryTest,deserializeWrongType/0,server,1
/Users/thiago/Documents/Thiago/CodeToAnalyze/retrofit/retrofit-converters/protobuf/src/test/java/retrofit2/converter/protobuf/ProtoConverterFactoryTest.java,retrofit2.converter.protobuf.ProtoConverterFactoryTest,deserializeWrongType/0,service,1
/Users/thiago/Documents/Thiago/CodeToAnalyze/retrofit/retrofit-adapters/rxjava2/src/main/java/retrofit2/adapter/rxjava2/BodyObservable.java,retrofit2.adapter.rxjava2.BodyObservable$BodyObserver,BodyObserver/1[retrofit2.adapter.rxjava2.Observer<? super R>],observer,3
/Users/thiago/Documents/Thiago/CodeToAnalyze/retrofit/retrofit-adapters/rxjava2/src/main/java/retrofit2/adapter/rxjava2/BodyObservable.java,retrofit2.adapter.rxjava2.BodyObservable$BodyObserver,onSubscribe/1[retrofit2.adapter.rxjava2.Disposable],observer,1
/Users/thiago/Documents/Thiago/CodeToAnalyze/retrofit/retrofit-adapters/rxjava2/src/main/java/retrofit2/adapter/rxjava2/BodyObservable.java,retrofit2.adapter.rxjava2.BodyObservable$BodyObserver,onComplete/0,observer,1
/Users/thiago/Documents/Thiago/CodeToAnalyze/retrofit/retrofit-adapters/rxjava2/src/main/java/retrofit2/adapter/rxjava2/BodyObservable.java,retrofit2.adapter.rxjava2.BodyObservable$BodyObserver,onComplete/0,terminated,1
/Users/thiago/Documents/Thiago/CodeToAnalyze/retrofit/retrofit-adapters/rxjava2/src/main/java/retrofit2/adapter/rxjava2/BodyObservable.java,retrofit2.adapter.rxjava2.BodyObservable$BodyObserver,onError/1[java.lang.Throwable],observer,1
/Users/thiago/Documents/Thiago/CodeToAnalyze/retrofit/retrofit-adapters/rxjava2/src/main/java/retrofit2/adapter/rxjava2/BodyObservable.java,retrofit2.adapter.rxjava2.BodyObservable$BodyObserver,onError/1[java.lang.Throwable],terminated,1
/Users/thiago/Documents/Thiago/CodeToAnalyze/retrofit/retrofit-adapters/rxjava2/src/main/java/retrofit2/adapter/rxjava2/BodyObservable.java,retrofit2.adapter.rxjava2.BodyObservable$BodyObserver,onNext/1[retrofit2.Response<R>],observer,2
/Users/thiago/Documents/Thiago/CodeToAnalyze/retrofit/retrofit-adapters/rxjava2/src/main/java/retrofit2/adapter/rxjava2/BodyObservable.java,retrofit2.adapter.rxjava2.BodyObservable$BodyObserver,onNext/1[retrofit2.Response<R>],terminated,1
/Users/thiago/Documents/Thiago/CodeToAnalyze/retrofit/retrofit-adapters/rxjava2/src/test/java/retrofit2/adapter/rxjava2/RecordingMaybeObserver.java,retrofit2.adapter.rxjava2.RecordingMaybeObserver,onError/1[java.lang.Throwable],events,1
/Users/thiago/Documents/Thiago/CodeToAnalyze/retrofit/retrofit-adapters/rxjava2/src/test/java/retrofit2/adapter/rxjava2/RecordingMaybeObserver.java,retrofit2.adapter.rxjava2.RecordingMaybeObserver,onComplete/0,events,1
/Users/thiago/Documents/Thiago/CodeToAnalyze/retrofit/retrofit-adapters/rxjava2/src/test/java/retrofit2/adapter/rxjava2/RecordingMaybeObserver.java,retrofit2.adapter.rxjava2.RecordingMaybeObserver,onSuccess/1[T],events,1
/Users/thiago/Documents/Thiago/CodeToAnalyze/retrofit/retrofit-adapters/rxjava2/src/test/java/retrofit2/adapter/rxjava2/RecordingMaybeObserver.java,retrofit2.adapter.rxjava2.RecordingMaybeObserver,takeNotification/0,events,1
/Users/thiago/Documents/Thiago/CodeToAnalyze/retrofit/retrofit-adapters/rxjava2/src/test/java/retrofit2/adapter/rxjava2/RecordingMaybeObserver.java,retrofit2.adapter.rxjava2.RecordingMaybeObserver,assertNoEvents/0,events,1
/Users/thiago/Documents/Thiago/CodeToAnalyze/retrofit/retrofit/kotlin-test/src/test/java/retrofit2/KotlinSuspendRawTest.java,retrofit2.KotlinSuspendRawTest,raw/0,server,1
/Users/thiago/Documents/Thiago/CodeToAnalyze/retrofit/retrofit/src/main/java/retrofit2/ParameterHandler.java,retrofit2.ParameterHandler$QueryMap,"QueryMap/4[java.lang.reflect.Method,int,retrofit2.Converter<T,java.lang.String>,boolean]",p,3
/Users/thiago/Documents/Thiago/CodeToAnalyze/retrofit/retrofit/src/main/java/retrofit2/ParameterHandler.java,retrofit2.ParameterHandler$QueryMap,"QueryMap/4[java.lang.reflect.Method,int,retrofit2.Converter<T,java.lang.String>,boolean]",method,3
/Users/thiago/Documents/Thiago/CodeToAnalyze/retrofit/retrofit/src/main/java/retrofit2/ParameterHandler.java,retrofit2.ParameterHandler$QueryMap,"QueryMap/4[java.lang.reflect.Method,int,retrofit2.Converter<T,java.lang.String>,boolean]",valueConverter,3
/Users/thiago/Documents/Thiago/CodeToAnalyze/retrofit/retrofit/src/main/java/retrofit2/ParameterHandler.java,retrofit2.ParameterHandler$QueryMap,"QueryMap/4[java.lang.reflect.Method,int,retrofit2.Converter<T,java.lang.String>,boolean]",encoded,3
/Users/thiago/Documents/Thiago/CodeToAnalyze/retrofit/retrofit/src/main/java/retrofit2/ParameterHandler.java,retrofit2.ParameterHandler$QueryMap,"apply/2[retrofit2.RequestBuilder,java.util.Map<java.lang.String,T>]",p,4
/Users/thiago/Documents/Thiago/CodeToAnalyze/retrofit/retrofit/src/main/java/retrofit2/ParameterHandler.java,retrofit2.ParameterHandler$QueryMap,"apply/2[retrofit2.RequestBuilder,java.util.Map<java.lang.String,T>]",method,4
/Users/thiago/Documents/Thiago/CodeToAnalyze/retrofit/retrofit/src/main/java/retrofit2/ParameterHandler.java,retrofit2.ParameterHandler$QueryMap,"apply/2[retrofit2.RequestBuilder,java.util.Map<java.lang.String,T>]",valueConverter,2
/Users/thiago/Documents/Thiago/CodeToAnalyze/retrofit/retrofit/src/main/java/retrofit2/ParameterHandler.java,retrofit2.ParameterHandler$QueryMap,"apply/2[retrofit2.RequestBuilder,java.util.Map<java.lang.String,T>]",encoded,1
/Users/thiago/Documents/Thiago/CodeToAnalyze/retrofit/retrofit/src/main/java/retrofit2/Retrofit.java,retrofit2.Retrofit,"nextCallAdapter/3[retrofit2.CallAdapter.Factory,java.lang.reflect.Type,java.lang.annotation.Annotation[]]",callAdapterFactories,7
/Users/thiago/Documents/Thiago/CodeToAnalyze/retrofit/retrofit/src/main/java/retrofit2/Retrofit.java,retrofit2.Retrofit,"responseBodyConverter/2[java.lang.reflect.Type,java.lang.annotation.Annotation[]]",converterFactories,1
/Users/thiago/Documents/Thiago/CodeToAnalyze/retrofit/retrofit/src/main/java/retrofit2/Retrofit.java,retrofit2.Retrofit,"requestBodyConverter/3[java.lang.reflect.Type,java.lang.annotation.Annotation[],java.lang.annotation.Annotation[]]",converterFactories,1
/Users/thiago/Documents/Thiago/CodeToAnalyze/retrofit/retrofit/src/main/java/retrofit2/Retrofit.java,retrofit2.Retrofit,"nextResponseBodyConverter/3[retrofit2.Converter.Factory,java.lang.reflect.Type,java.lang.annotation.Annotation[]]",converterFactories,7
/Users/thiago/Documents/Thiago/CodeToAnalyze/retrofit/retrofit/src/main/java/retrofit2/Retrofit.java,retrofit2.Retrofit,callFactory/0,callFactory,2
/Users/thiago/Documents/Thiago/CodeToAnalyze/retrofit/retrofit/src/main/java/retrofit2/Retrofit.java,retrofit2.Retrofit,"nextRequestBodyConverter/4[retrofit2.Converter.Factory,java.lang.reflect.Type,java.lang.annotation.Annotation[],java.lang.annotation.Annotation[]]",converterFactories,7
/Users/thiago/Documents/Thiago/CodeToAnalyze/retrofit/retrofit/src/main/java/retrofit2/Retrofit.java,retrofit2.Retrofit,"callAdapter/2[java.lang.reflect.Type,java.lang.annotation.Annotation[]]",callAdapterFactories,1
/Users/thiago/Documents/Thiago/CodeToAnalyze/retrofit/retrofit/src/main/java/retrofit2/Retrofit.java,retrofit2.Retrofit,converterFactories/0,converterFactories,2
/Users/thiago/Documents/Thiago/CodeToAnalyze/retrofit/retrofit/src/main/java/retrofit2/Retrofit.java,retrofit2.Retrofit,callbackExecutor/0,callbackExecutor,2
/Users/thiago/Documents/Thiago/CodeToAnalyze/retrofit/retrofit/src/main/java/retrofit2/Retrofit.java,retrofit2.Retrofit,validateServiceInterface/1[java.lang.Class<?>],validateEagerly,1
/Users/thiago/Documents/Thiago/CodeToAnalyze/retrofit/retrofit/src/main/java/retrofit2/Retrofit.java,retrofit2.Retrofit,"loadServiceMethod/2[java.lang.Class<?>,java.lang.reflect.Method]",serviceMethodCache,5
/Users/thiago/Documents/Thiago/CodeToAnalyze/retrofit/retrofit/src/main/java/retrofit2/Retrofit.java,retrofit2.Retrofit,"Retrofit/8[okhttp3.Call.Factory,retrofit2.HttpUrl,java.util.List<retrofit2.Converter.Factory>,int,java.util.List<retrofit2.CallAdapter.Factory>,int,java.util.concurrent.Executor,boolean]",callAdapterFactories,3
/Users/thiago/Documents/Thiago/CodeToAnalyze/retrofit/retrofit/src/main/java/retrofit2/Retrofit.java,retrofit2.Retrofit,"Retrofit/8[okhttp3.Call.Factory,retrofit2.HttpUrl,java.util.List<retrofit2.Converter.Factory>,int,java.util.List<retrofit2.CallAdapter.Factory>,int,java.util.concurrent.Executor,boolean]",baseUrl,3
/Users/thiago/Documents/Thiago/CodeToAnalyze/retrofit/retrofit/src/main/java/retrofit2/Retrofit.java,retrofit2.Retrofit,"Retrofit/8[okhttp3.Call.Factory,retrofit2.HttpUrl,java.util.List<retrofit2.Converter.Factory>,int,java.util.List<retrofit2.CallAdapter.Factory>,int,java.util.concurrent.Executor,boolean]",defaultConverterFactoriesSize,3
/Users/thiago/Documents/Thiago/CodeToAnalyze/retrofit/retrofit/src/main/java/retrofit2/Retrofit.java,retrofit2.Retrofit,"Retrofit/8[okhttp3.Call.Factory,retrofit2.HttpUrl,java.util.List<retrofit2.Converter.Factory>,int,java.util.List<retrofit2.CallAdapter.Factory>,int,java.util.concurrent.Executor,boolean]",converterFactories,3
/Users/thiago/Documents/Thiago/CodeToAnalyze/retrofit/retrofit/src/main/java/retrofit2/Retrofit.java,retrofit2.Retrofit,"Retrofit/8[okhttp3.Call.Factory,retrofit2.HttpUrl,java.util.List<retrofit2.Converter.Factory>,int,java.util.List<retrofit2.CallAdapter.Factory>,int,java.util.concurrent.Executor,boolean]",callbackExecutor,3
/Users/thiago/Documents/Thiago/CodeToAnalyze/retrofit/retrofit/src/main/java/retrofit2/Retrofit.java,retrofit2.Retrofit,"Retrofit/8[okhttp3.Call.Factory,retrofit2.HttpUrl,java.util.List<retrofit2.Converter.Factory>,int,java.util.List<retrofit2.CallAdapter.Factory>,int,java.util.concurrent.Executor,boolean]",callFactory,3
/Users/thiago/Documents/Thiago/CodeToAnalyze/retrofit/retrofit/src/main/java/retrofit2/Retrofit.java,retrofit2.Retrofit,"Retrofit/8[okhttp3.Call.Factory,retrofit2.HttpUrl,java.util.List<retrofit2.Converter.Factory>,int,java.util.List<retrofit2.CallAdapter.Factory>,int,java.util.concurrent.Executor,boolean]",defaultCallAdapterFactoriesSize,3
/Users/thiago/Documents/Thiago/CodeToAnalyze/retrofit/retrofit/src/main/java/retrofit2/Retrofit.java,retrofit2.Retrofit,"Retrofit/8[okhttp3.Call.Factory,retrofit2.HttpUrl,java.util.List<retrofit2.Converter.Factory>,int,java.util.List<retrofit2.CallAdapter.Factory>,int,java.util.concurrent.Executor,boolean]",validateEagerly,3
/Users/thiago/Documents/Thiago/CodeToAnalyze/retrofit/retrofit/src/main/java/retrofit2/Retrofit.java,retrofit2.Retrofit,baseUrl/0,baseUrl,2
/Users/thiago/Documents/Thiago/CodeToAnalyze/retrofit/retrofit/src/main/java/retrofit2/Retrofit.java,retrofit2.Retrofit,callAdapterFactories/0,callAdapterFactories,2
/Users/thiago/Documents/Thiago/CodeToAnalyze/retrofit/retrofit/src/main/java/retrofit2/Retrofit.java,retrofit2.Retrofit,"stringConverter/2[java.lang.reflect.Type,java.lang.annotation.Annotation[]]",converterFactories,3
/Users/thiago/Documents/Thiago/CodeToAnalyze/retrofit/samples/src/main/java/com/example/retrofit/JsonQueryParameters.java,com.example.retrofit.JsonQueryParameters$JsonStringConverterFactory$DelegateToStringConverter,convert/1[T],delegate,1
/Users/thiago/Documents/Thiago/CodeToAnalyze/retrofit/samples/src/main/java/com/example/retrofit/JsonQueryParameters.java,com.example.retrofit.JsonQueryParameters$JsonStringConverterFactory$DelegateToStringConverter,"DelegateToStringConverter/1[retrofit2.Converter<T,com.example.retrofit.RequestBody>]",delegate,3
/Users/thiago/Documents/Thiago/CodeToAnalyze/retrofit/retrofit-converters/jackson/src/test/java/retrofit2/converter/jackson/JacksonConverterFactoryTest.java,retrofit2.converter.jackson.JacksonConverterFactoryTest$AnImplementation,AnImplementation/1[java.lang.String],theName,1
/Users/thiago/Documents/Thiago/CodeToAnalyze/retrofit/retrofit-converters/jackson/src/test/java/retrofit2/converter/jackson/JacksonConverterFactoryTest.java,retrofit2.converter.jackson.JacksonConverterFactoryTest$AnImplementation,getName/0,theName,1
/Users/thiago/Documents/Thiago/CodeToAnalyze/retrofit/retrofit-converters/wire/src/test/java/retrofit2/converter/wire/Phone.java,retrofit2.converter.wire.Phone$Builder,number/1[java.lang.String],number,4
/Users/thiago/Documents/Thiago/CodeToAnalyze/retrofit/retrofit-converters/wire/src/test/java/retrofit2/converter/wire/Phone.java,retrofit2.converter.wire.Phone$Builder,build/0,number,1
/Users/thiago/Documents/Thiago/CodeToAnalyze/retrofit/retrofit-adapters/rxjava2/src/main/java/retrofit2/adapter/rxjava2/BodyObservable.java,retrofit2.adapter.rxjava2.BodyObservable,subscribeActual/1[retrofit2.adapter.rxjava2.Observer<? super T>],upstream,1
/Users/thiago/Documents/Thiago/CodeToAnalyze/retrofit/retrofit-adapters/rxjava2/src/main/java/retrofit2/adapter/rxjava2/BodyObservable.java,retrofit2.adapter.rxjava2.BodyObservable,BodyObservable/1[retrofit2.adapter.rxjava2.Observable<retrofit2.Response<T>>],upstream,3
/Users/thiago/Documents/Thiago/CodeToAnalyze/retrofit/retrofit-adapters/rxjava/src/main/java/retrofit2/adapter/rxjava/ResultOnSubscribe.java,retrofit2.adapter.rxjava.ResultOnSubscribe,ResultOnSubscribe/1[retrofit2.adapter.rxjava.OnSubscribe<retrofit2.Response<T>>],upstream,3
/Users/thiago/Documents/Thiago/CodeToAnalyze/retrofit/retrofit-adapters/rxjava/src/main/java/retrofit2/adapter/rxjava/ResultOnSubscribe.java,retrofit2.adapter.rxjava.ResultOnSubscribe,call/1[retrofit2.adapter.rxjava.Subscriber<? super retrofit2.adapter.rxjava.Result<T>>],upstream,1
/Users/thiago/Documents/Thiago/CodeToAnalyze/retrofit/retrofit-converters/gson/src/main/java/retrofit2/converter/gson/GsonConverterFactory.java,retrofit2.converter.gson.GsonConverterFactory,withStreaming/0,gson,1
/Users/thiago/Documents/Thiago/CodeToAnalyze/retrofit/retrofit-converters/gson/src/main/java/retrofit2/converter/gson/GsonConverterFactory.java,retrofit2.converter.gson.GsonConverterFactory,"requestBodyConverter/4[java.lang.reflect.Type,java.lang.annotation.Annotation[],java.lang.annotation.Annotation[],retrofit2.Retrofit]",streaming,1
/Users/thiago/Documents/Thiago/CodeToAnalyze/retrofit/retrofit-converters/gson/src/main/java/retrofit2/converter/gson/GsonConverterFactory.java,retrofit2.converter.gson.GsonConverterFactory,"requestBodyConverter/4[java.lang.reflect.Type,java.lang.annotation.Annotation[],java.lang.annotation.Annotation[],retrofit2.Retrofit]",gson,2
/Users/thiago/Documents/Thiago/CodeToAnalyze/retrofit/retrofit-converters/gson/src/main/java/retrofit2/converter/gson/GsonConverterFactory.java,retrofit2.converter.gson.GsonConverterFactory,"responseBodyConverter/3[java.lang.reflect.Type,java.lang.annotation.Annotation[],retrofit2.Retrofit]",gson,2
/Users/thiago/Documents/Thiago/CodeToAnalyze/retrofit/retrofit-converters/gson/src/main/java/retrofit2/converter/gson/GsonConverterFactory.java,retrofit2.converter.gson.GsonConverterFactory,create/1[retrofit2.converter.gson.Gson],gson,3
/Users/thiago/Documents/Thiago/CodeToAnalyze/retrofit/retrofit-converters/gson/src/main/java/retrofit2/converter/gson/GsonConverterFactory.java,retrofit2.converter.gson.GsonConverterFactory,"GsonConverterFactory/2[retrofit2.converter.gson.Gson,boolean]",streaming,3
/Users/thiago/Documents/Thiago/CodeToAnalyze/retrofit/retrofit-converters/gson/src/main/java/retrofit2/converter/gson/GsonConverterFactory.java,retrofit2.converter.gson.GsonConverterFactory,"GsonConverterFactory/2[retrofit2.converter.gson.Gson,boolean]",gson,3
/Users/thiago/Documents/Thiago/CodeToAnalyze/retrofit/retrofit-adapters/rxjava3/src/test/java/retrofit2/adapter/rxjava3/ObservableTest.java,retrofit2.adapter.rxjava3.ObservableTest,resultSuccess200/0,server,1
/Users/thiago/Documents/Thiago/CodeToAnalyze/retrofit/retrofit-adapters/rxjava3/src/test/java/retrofit2/adapter/rxjava3/ObservableTest.java,retrofit2.adapter.rxjava3.ObservableTest,resultSuccess200/0,service,1
/Users/thiago/Documents/Thiago/CodeToAnalyze/retrofit/retrofit-adapters/rxjava3/src/test/java/retrofit2/adapter/rxjava3/ObservableTest.java,retrofit2.adapter.rxjava3.ObservableTest,resultSuccess200/0,observerRule,1
/Users/thiago/Documents/Thiago/CodeToAnalyze/retrofit/retrofit-adapters/rxjava3/src/test/java/retrofit2/adapter/rxjava3/ObservableTest.java,retrofit2.adapter.rxjava3.ObservableTest,responseSuccess200/0,server,1
/Users/thiago/Documents/Thiago/CodeToAnalyze/retrofit/retrofit-adapters/rxjava3/src/test/java/retrofit2/adapter/rxjava3/ObservableTest.java,retrofit2.adapter.rxjava3.ObservableTest,responseSuccess200/0,service,1
/Users/thiago/Documents/Thiago/CodeToAnalyze/retrofit/retrofit-adapters/rxjava3/src/test/java/retrofit2/adapter/rxjava3/ObservableTest.java,retrofit2.adapter.rxjava3.ObservableTest,responseSuccess200/0,observerRule,1
/Users/thiago/Documents/Thiago/CodeToAnalyze/retrofit/retrofit-adapters/rxjava3/src/test/java/retrofit2/adapter/rxjava3/ObservableTest.java,retrofit2.adapter.rxjava3.ObservableTest,observableAssembly/0,service,1
/Users/thiago/Documents/Thiago/CodeToAnalyze/retrofit/retrofit-adapters/rxjava3/src/test/java/retrofit2/adapter/rxjava3/ObservableTest.java,retrofit2.adapter.rxjava3.ObservableTest,resultFailure/0,server,1
/Users/thiago/Documents/Thiago/CodeToAnalyze/retrofit/retrofit-adapters/rxjava3/src/test/java/retrofit2/adapter/rxjava3/ObservableTest.java,retrofit2.adapter.rxjava3.ObservableTest,resultFailure/0,service,1
/Users/thiago/Documents/Thiago/CodeToAnalyze/retrofit/retrofit-adapters/rxjava3/src/test/java/retrofit2/adapter/rxjava3/ObservableTest.java,retrofit2.adapter.rxjava3.ObservableTest,resultFailure/0,observerRule,1
/Users/thiago/Documents/Thiago/CodeToAnalyze/retrofit/retrofit-adapters/rxjava3/src/test/java/retrofit2/adapter/rxjava3/ObservableTest.java,retrofit2.adapter.rxjava3.ObservableTest,setUp/0,server,1
/Users/thiago/Documents/Thiago/CodeToAnalyze/retrofit/retrofit-adapters/rxjava3/src/test/java/retrofit2/adapter/rxjava3/ObservableTest.java,retrofit2.adapter.rxjava3.ObservableTest,setUp/0,service,1
/Users/thiago/Documents/Thiago/CodeToAnalyze/retrofit/retrofit-adapters/rxjava3/src/test/java/retrofit2/adapter/rxjava3/ObservableTest.java,retrofit2.adapter.rxjava3.ObservableTest,bodyFailure/0,server,1
/Users/thiago/Documents/Thiago/CodeToAnalyze/retrofit/retrofit-adapters/rxjava3/src/test/java/retrofit2/adapter/rxjava3/ObservableTest.java,retrofit2.adapter.rxjava3.ObservableTest,bodyFailure/0,service,1
/Users/thiago/Documents/Thiago/CodeToAnalyze/retrofit/retrofit-adapters/rxjava3/src/test/java/retrofit2/adapter/rxjava3/ObservableTest.java,retrofit2.adapter.rxjava3.ObservableTest,bodyFailure/0,observerRule,1
/Users/thiago/Documents/Thiago/CodeToAnalyze/retrofit/retrofit-adapters/rxjava3/src/test/java/retrofit2/adapter/rxjava3/ObservableTest.java,retrofit2.adapter.rxjava3.ObservableTest,responseSuccess404/0,server,1
/Users/thiago/Documents/Thiago/CodeToAnalyze/retrofit/retrofit-adapters/rxjava3/src/test/java/retrofit2/adapter/rxjava3/ObservableTest.java,retrofit2.adapter.rxjava3.ObservableTest,responseSuccess404/0,service,1
/Users/thiago/Documents/Thiago/CodeToAnalyze/retrofit/retrofit-adapters/rxjava3/src/test/java/retrofit2/adapter/rxjava3/ObservableTest.java,retrofit2.adapter.rxjava3.ObservableTest,responseSuccess404/0,observerRule,1
/Users/thiago/Documents/Thiago/CodeToAnalyze/retrofit/retrofit-adapters/rxjava3/src/test/java/retrofit2/adapter/rxjava3/ObservableTest.java,retrofit2.adapter.rxjava3.ObservableTest,resultSuccess404/0,server,1
/Users/thiago/Documents/Thiago/CodeToAnalyze/retrofit/retrofit-adapters/rxjava3/src/test/java/retrofit2/adapter/rxjava3/ObservableTest.java,retrofit2.adapter.rxjava3.ObservableTest,resultSuccess404/0,service,1
/Users/thiago/Documents/Thiago/CodeToAnalyze/retrofit/retrofit-adapters/rxjava3/src/test/java/retrofit2/adapter/rxjava3/ObservableTest.java,retrofit2.adapter.rxjava3.ObservableTest,resultSuccess404/0,observerRule,1
/Users/thiago/Documents/Thiago/CodeToAnalyze/retrofit/retrofit-adapters/rxjava3/src/test/java/retrofit2/adapter/rxjava3/ObservableTest.java,retrofit2.adapter.rxjava3.ObservableTest,bodySuccess200/0,server,1
/Users/thiago/Documents/Thiago/CodeToAnalyze/retrofit/retrofit-adapters/rxjava3/src/test/java/retrofit2/adapter/rxjava3/ObservableTest.java,retrofit2.adapter.rxjava3.ObservableTest,bodySuccess200/0,service,1
/Users/thiago/Documents/Thiago/CodeToAnalyze/retrofit/retrofit-adapters/rxjava3/src/test/java/retrofit2/adapter/rxjava3/ObservableTest.java,retrofit2.adapter.rxjava3.ObservableTest,bodySuccess200/0,observerRule,1
/Users/thiago/Documents/Thiago/CodeToAnalyze/retrofit/retrofit-adapters/rxjava3/src/test/java/retrofit2/adapter/rxjava3/ObservableTest.java,retrofit2.adapter.rxjava3.ObservableTest,subscribeTwice/0,server,2
/Users/thiago/Documents/Thiago/CodeToAnalyze/retrofit/retrofit-adapters/rxjava3/src/test/java/retrofit2/adapter/rxjava3/ObservableTest.java,retrofit2.adapter.rxjava3.ObservableTest,subscribeTwice/0,service,1
/Users/thiago/Documents/Thiago/CodeToAnalyze/retrofit/retrofit-adapters/rxjava3/src/test/java/retrofit2/adapter/rxjava3/ObservableTest.java,retrofit2.adapter.rxjava3.ObservableTest,subscribeTwice/0,observerRule,2
/Users/thiago/Documents/Thiago/CodeToAnalyze/retrofit/retrofit-adapters/rxjava3/src/test/java/retrofit2/adapter/rxjava3/ObservableTest.java,retrofit2.adapter.rxjava3.ObservableTest,bodySuccess404/0,server,1
/Users/thiago/Documents/Thiago/CodeToAnalyze/retrofit/retrofit-adapters/rxjava3/src/test/java/retrofit2/adapter/rxjava3/ObservableTest.java,retrofit2.adapter.rxjava3.ObservableTest,bodySuccess404/0,service,1
/Users/thiago/Documents/Thiago/CodeToAnalyze/retrofit/retrofit-adapters/rxjava3/src/test/java/retrofit2/adapter/rxjava3/ObservableTest.java,retrofit2.adapter.rxjava3.ObservableTest,bodySuccess404/0,observerRule,1
/Users/thiago/Documents/Thiago/CodeToAnalyze/retrofit/retrofit-adapters/rxjava3/src/test/java/retrofit2/adapter/rxjava3/ObservableTest.java,retrofit2.adapter.rxjava3.ObservableTest,responseFailure/0,server,1
/Users/thiago/Documents/Thiago/CodeToAnalyze/retrofit/retrofit-adapters/rxjava3/src/test/java/retrofit2/adapter/rxjava3/ObservableTest.java,retrofit2.adapter.rxjava3.ObservableTest,responseFailure/0,service,1
/Users/thiago/Documents/Thiago/CodeToAnalyze/retrofit/retrofit-adapters/rxjava3/src/test/java/retrofit2/adapter/rxjava3/ObservableTest.java,retrofit2.adapter.rxjava3.ObservableTest,responseFailure/0,observerRule,1
/Users/thiago/Documents/Thiago/CodeToAnalyze/retrofit/retrofit-converters/scalars/src/test/java/retrofit2/converter/scalars/ScalarsConverterPrimitivesFactoryTest.java,retrofit2.converter.scalars.ScalarsConverterPrimitivesFactoryTest,setUp/0,server,1
/Users/thiago/Documents/Thiago/CodeToAnalyze/retrofit/retrofit-converters/scalars/src/test/java/retrofit2/converter/scalars/ScalarsConverterPrimitivesFactoryTest.java,retrofit2.converter.scalars.ScalarsConverterPrimitivesFactoryTest,setUp/0,service,1
/Users/thiago/Documents/Thiago/CodeToAnalyze/retrofit/retrofit-converters/scalars/src/test/java/retrofit2/converter/scalars/ScalarsConverterPrimitivesFactoryTest.java,retrofit2.converter.scalars.ScalarsConverterPrimitivesFactoryTest,supportedResponseTypes/0,server,10
/Users/thiago/Documents/Thiago/CodeToAnalyze/retrofit/retrofit-converters/scalars/src/test/java/retrofit2/converter/scalars/ScalarsConverterPrimitivesFactoryTest.java,retrofit2.converter.scalars.ScalarsConverterPrimitivesFactoryTest,supportedResponseTypes/0,service,10
/Users/thiago/Documents/Thiago/CodeToAnalyze/retrofit/retrofit/src/main/java/retrofit2/CompletableFutureCallAdapterFactory.java,retrofit2.CompletableFutureCallAdapterFactory$CallCancelCompletableFuture,cancel/1[boolean],call,1
/Users/thiago/Documents/Thiago/CodeToAnalyze/retrofit/retrofit/src/main/java/retrofit2/CompletableFutureCallAdapterFactory.java,retrofit2.CompletableFutureCallAdapterFactory$CallCancelCompletableFuture,CallCancelCompletableFuture/1[retrofit2.Call<?>],call,3
/Users/thiago/Documents/Thiago/CodeToAnalyze/retrofit/retrofit-adapters/guava/src/main/java/retrofit2/adapter/guava/GuavaCallAdapterFactory.java,retrofit2.adapter.guava.GuavaCallAdapterFactory$BodyCallAdapter,responseType/0,responseType,2
/Users/thiago/Documents/Thiago/CodeToAnalyze/retrofit/retrofit-adapters/guava/src/main/java/retrofit2/adapter/guava/GuavaCallAdapterFactory.java,retrofit2.adapter.guava.GuavaCallAdapterFactory$BodyCallAdapter,BodyCallAdapter/1[java.lang.reflect.Type],responseType,3
/Users/thiago/Documents/Thiago/CodeToAnalyze/retrofit/retrofit-converters/simplexml/src/main/java/retrofit2/converter/simplexml/SimpleXmlConverterFactory.java,retrofit2.converter.simplexml.SimpleXmlConverterFactory,"requestBodyConverter/4[java.lang.reflect.Type,java.lang.annotation.Annotation[],java.lang.annotation.Annotation[],retrofit2.Retrofit]",serializer,1
/Users/thiago/Documents/Thiago/CodeToAnalyze/retrofit/retrofit-converters/simplexml/src/main/java/retrofit2/converter/simplexml/SimpleXmlConverterFactory.java,retrofit2.converter.simplexml.SimpleXmlConverterFactory,"responseBodyConverter/3[java.lang.reflect.Type,java.lang.annotation.Annotation[],retrofit2.Retrofit]",serializer,1
/Users/thiago/Documents/Thiago/CodeToAnalyze/retrofit/retrofit-converters/simplexml/src/main/java/retrofit2/converter/simplexml/SimpleXmlConverterFactory.java,retrofit2.converter.simplexml.SimpleXmlConverterFactory,"responseBodyConverter/3[java.lang.reflect.Type,java.lang.annotation.Annotation[],retrofit2.Retrofit]",strict,1
/Users/thiago/Documents/Thiago/CodeToAnalyze/retrofit/retrofit-converters/simplexml/src/main/java/retrofit2/converter/simplexml/SimpleXmlConverterFactory.java,retrofit2.converter.simplexml.SimpleXmlConverterFactory,"SimpleXmlConverterFactory/2[retrofit2.converter.simplexml.Serializer,boolean]",serializer,3
/Users/thiago/Documents/Thiago/CodeToAnalyze/retrofit/retrofit-converters/simplexml/src/main/java/retrofit2/converter/simplexml/SimpleXmlConverterFactory.java,retrofit2.converter.simplexml.SimpleXmlConverterFactory,"SimpleXmlConverterFactory/2[retrofit2.converter.simplexml.Serializer,boolean]",strict,3
/Users/thiago/Documents/Thiago/CodeToAnalyze/retrofit/retrofit-converters/simplexml/src/main/java/retrofit2/converter/simplexml/SimpleXmlConverterFactory.java,retrofit2.converter.simplexml.SimpleXmlConverterFactory,create/1[retrofit2.converter.simplexml.Serializer],serializer,2
/Users/thiago/Documents/Thiago/CodeToAnalyze/retrofit/retrofit-converters/simplexml/src/main/java/retrofit2/converter/simplexml/SimpleXmlConverterFactory.java,retrofit2.converter.simplexml.SimpleXmlConverterFactory,createNonStrict/1[retrofit2.converter.simplexml.Serializer],serializer,3
/Users/thiago/Documents/Thiago/CodeToAnalyze/retrofit/retrofit-converters/simplexml/src/main/java/retrofit2/converter/simplexml/SimpleXmlConverterFactory.java,retrofit2.converter.simplexml.SimpleXmlConverterFactory,isStrict/0,strict,1
/Users/thiago/Documents/Thiago/CodeToAnalyze/retrofit/retrofit-adapters/rxjava2/src/main/java/retrofit2/adapter/rxjava2/Result.java,retrofit2.adapter.rxjava2.Result,"Result/2[retrofit2.Response<T>,java.lang.Throwable]",response,3
/Users/thiago/Documents/Thiago/CodeToAnalyze/retrofit/retrofit-adapters/rxjava2/src/main/java/retrofit2/adapter/rxjava2/Result.java,retrofit2.adapter.rxjava2.Result,"Result/2[retrofit2.Response<T>,java.lang.Throwable]",error,3
/Users/thiago/Documents/Thiago/CodeToAnalyze/retrofit/retrofit-adapters/rxjava2/src/main/java/retrofit2/adapter/rxjava2/Result.java,retrofit2.adapter.rxjava2.Result,response/0,response,2
/Users/thiago/Documents/Thiago/CodeToAnalyze/retrofit/retrofit-adapters/rxjava2/src/main/java/retrofit2/adapter/rxjava2/Result.java,retrofit2.adapter.rxjava2.Result,error/0,error,2
/Users/thiago/Documents/Thiago/CodeToAnalyze/retrofit/retrofit-adapters/rxjava2/src/main/java/retrofit2/adapter/rxjava2/Result.java,retrofit2.adapter.rxjava2.Result,error/1[java.lang.Throwable],error,4
/Users/thiago/Documents/Thiago/CodeToAnalyze/retrofit/retrofit-adapters/rxjava2/src/main/java/retrofit2/adapter/rxjava2/Result.java,retrofit2.adapter.rxjava2.Result,response/1[retrofit2.Response<T>],response,4
/Users/thiago/Documents/Thiago/CodeToAnalyze/retrofit/retrofit-adapters/rxjava2/src/main/java/retrofit2/adapter/rxjava2/Result.java,retrofit2.adapter.rxjava2.Result,isError/0,error,2
/Users/thiago/Documents/Thiago/CodeToAnalyze/retrofit/retrofit-converters/jaxb/src/main/java/retrofit2/converter/jaxb/JaxbConverterFactory.java,retrofit2.converter.jaxb.JaxbConverterFactory,contextForType/1[java.lang.Class<?>],context,2
/Users/thiago/Documents/Thiago/CodeToAnalyze/retrofit/retrofit-converters/jaxb/src/main/java/retrofit2/converter/jaxb/JaxbConverterFactory.java,retrofit2.converter.jaxb.JaxbConverterFactory,JaxbConverterFactory/1[retrofit2.converter.jaxb.JAXBContext],context,3
/Users/thiago/Documents/Thiago/CodeToAnalyze/retrofit/retrofit-converters/jaxb/src/main/java/retrofit2/converter/jaxb/JaxbConverterFactory.java,retrofit2.converter.jaxb.JaxbConverterFactory,create/1[retrofit2.converter.jaxb.JAXBContext],context,3
/Users/thiago/Documents/Thiago/CodeToAnalyze/retrofit/retrofit-adapters/rxjava3/src/test/java/retrofit2/adapter/rxjava3/ObservableWithSchedulerTest.java,retrofit2.adapter.rxjava3.ObservableWithSchedulerTest,responseUsesScheduler/0,scheduler,1
/Users/thiago/Documents/Thiago/CodeToAnalyze/retrofit/retrofit-adapters/rxjava3/src/test/java/retrofit2/adapter/rxjava3/ObservableWithSchedulerTest.java,retrofit2.adapter.rxjava3.ObservableWithSchedulerTest,responseUsesScheduler/0,server,1
/Users/thiago/Documents/Thiago/CodeToAnalyze/retrofit/retrofit-adapters/rxjava3/src/test/java/retrofit2/adapter/rxjava3/ObservableWithSchedulerTest.java,retrofit2.adapter.rxjava3.ObservableWithSchedulerTest,responseUsesScheduler/0,service,1
/Users/thiago/Documents/Thiago/CodeToAnalyze/retrofit/retrofit-adapters/rxjava3/src/test/java/retrofit2/adapter/rxjava3/ObservableWithSchedulerTest.java,retrofit2.adapter.rxjava3.ObservableWithSchedulerTest,responseUsesScheduler/0,observerRule,1
/Users/thiago/Documents/Thiago/CodeToAnalyze/retrofit/retrofit-adapters/rxjava3/src/test/java/retrofit2/adapter/rxjava3/ObservableWithSchedulerTest.java,retrofit2.adapter.rxjava3.ObservableWithSchedulerTest,setUp/0,scheduler,1
/Users/thiago/Documents/Thiago/CodeToAnalyze/retrofit/retrofit-adapters/rxjava3/src/test/java/retrofit2/adapter/rxjava3/ObservableWithSchedulerTest.java,retrofit2.adapter.rxjava3.ObservableWithSchedulerTest,setUp/0,server,1
/Users/thiago/Documents/Thiago/CodeToAnalyze/retrofit/retrofit-adapters/rxjava3/src/test/java/retrofit2/adapter/rxjava3/ObservableWithSchedulerTest.java,retrofit2.adapter.rxjava3.ObservableWithSchedulerTest,setUp/0,service,1
/Users/thiago/Documents/Thiago/CodeToAnalyze/retrofit/retrofit-adapters/rxjava3/src/test/java/retrofit2/adapter/rxjava3/ObservableWithSchedulerTest.java,retrofit2.adapter.rxjava3.ObservableWithSchedulerTest,resultUsesScheduler/0,scheduler,1
/Users/thiago/Documents/Thiago/CodeToAnalyze/retrofit/retrofit-adapters/rxjava3/src/test/java/retrofit2/adapter/rxjava3/ObservableWithSchedulerTest.java,retrofit2.adapter.rxjava3.ObservableWithSchedulerTest,resultUsesScheduler/0,server,1
/Users/thiago/Documents/Thiago/CodeToAnalyze/retrofit/retrofit-adapters/rxjava3/src/test/java/retrofit2/adapter/rxjava3/ObservableWithSchedulerTest.java,retrofit2.adapter.rxjava3.ObservableWithSchedulerTest,resultUsesScheduler/0,service,1
/Users/thiago/Documents/Thiago/CodeToAnalyze/retrofit/retrofit-adapters/rxjava3/src/test/java/retrofit2/adapter/rxjava3/ObservableWithSchedulerTest.java,retrofit2.adapter.rxjava3.ObservableWithSchedulerTest,resultUsesScheduler/0,observerRule,1
/Users/thiago/Documents/Thiago/CodeToAnalyze/retrofit/retrofit-adapters/rxjava3/src/test/java/retrofit2/adapter/rxjava3/ObservableWithSchedulerTest.java,retrofit2.adapter.rxjava3.ObservableWithSchedulerTest,bodyUsesScheduler/0,scheduler,1
/Users/thiago/Documents/Thiago/CodeToAnalyze/retrofit/retrofit-adapters/rxjava3/src/test/java/retrofit2/adapter/rxjava3/ObservableWithSchedulerTest.java,retrofit2.adapter.rxjava3.ObservableWithSchedulerTest,bodyUsesScheduler/0,server,1
/Users/thiago/Documents/Thiago/CodeToAnalyze/retrofit/retrofit-adapters/rxjava3/src/test/java/retrofit2/adapter/rxjava3/ObservableWithSchedulerTest.java,retrofit2.adapter.rxjava3.ObservableWithSchedulerTest,bodyUsesScheduler/0,service,1
/Users/thiago/Documents/Thiago/CodeToAnalyze/retrofit/retrofit-adapters/rxjava3/src/test/java/retrofit2/adapter/rxjava3/ObservableWithSchedulerTest.java,retrofit2.adapter.rxjava3.ObservableWithSchedulerTest,bodyUsesScheduler/0,observerRule,1
/Users/thiago/Documents/Thiago/CodeToAnalyze/retrofit/retrofit-converters/jackson/src/test/java/retrofit2/converter/jackson/JacksonConverterFactoryTest.java,retrofit2.converter.jackson.JacksonConverterFactoryTest$ErroringValue,ErroringValue/1[java.lang.String],theName,3
/Users/thiago/Documents/Thiago/CodeToAnalyze/retrofit/retrofit-converters/moshi/src/main/java/retrofit2/converter/moshi/MoshiStreamingRequestBody.java,retrofit2.converter.moshi.MoshiStreamingRequestBody,writeTo/1[retrofit2.converter.moshi.BufferedSink],adapter,1
/Users/thiago/Documents/Thiago/CodeToAnalyze/retrofit/retrofit-converters/moshi/src/main/java/retrofit2/converter/moshi/MoshiStreamingRequestBody.java,retrofit2.converter.moshi.MoshiStreamingRequestBody,writeTo/1[retrofit2.converter.moshi.BufferedSink],value,1
/Users/thiago/Documents/Thiago/CodeToAnalyze/retrofit/retrofit-converters/moshi/src/main/java/retrofit2/converter/moshi/MoshiStreamingRequestBody.java,retrofit2.converter.moshi.MoshiStreamingRequestBody,"MoshiStreamingRequestBody/2[retrofit2.converter.moshi.JsonAdapter<T>,T]",adapter,3
/Users/thiago/Documents/Thiago/CodeToAnalyze/retrofit/retrofit-converters/moshi/src/main/java/retrofit2/converter/moshi/MoshiStreamingRequestBody.java,retrofit2.converter.moshi.MoshiStreamingRequestBody,"MoshiStreamingRequestBody/2[retrofit2.converter.moshi.JsonAdapter<T>,T]",value,3
/Users/thiago/Documents/Thiago/CodeToAnalyze/retrofit/retrofit-adapters/rxjava2/src/test/java/retrofit2/adapter/rxjava2/RecordingMaybeObserver.java,retrofit2.adapter.rxjava2.RecordingMaybeObserver$Rule,create/0,subscribers,1
/Users/thiago/Documents/Thiago/CodeToAnalyze/retrofit/retrofit-converters/wire/src/test/java/retrofit2/converter/wire/WireConverterFactoryTest.java,retrofit2.converter.wire.WireConverterFactoryTest,WireConverterFactoryTest/1[boolean],server,1
/Users/thiago/Documents/Thiago/CodeToAnalyze/retrofit/retrofit-converters/wire/src/test/java/retrofit2/converter/wire/WireConverterFactoryTest.java,retrofit2.converter.wire.WireConverterFactoryTest,WireConverterFactoryTest/1[boolean],streaming,4
/Users/thiago/Documents/Thiago/CodeToAnalyze/retrofit/retrofit-converters/wire/src/test/java/retrofit2/converter/wire/WireConverterFactoryTest.java,retrofit2.converter.wire.WireConverterFactoryTest,WireConverterFactoryTest/1[boolean],service,1
/Users/thiago/Documents/Thiago/CodeToAnalyze/retrofit/retrofit-converters/wire/src/test/java/retrofit2/converter/wire/WireConverterFactoryTest.java,retrofit2.converter.wire.WireConverterFactoryTest,deserializeWrongType/0,server,1
/Users/thiago/Documents/Thiago/CodeToAnalyze/retrofit/retrofit-converters/wire/src/test/java/retrofit2/converter/wire/WireConverterFactoryTest.java,retrofit2.converter.wire.WireConverterFactoryTest,deserializeWrongType/0,service,1
/Users/thiago/Documents/Thiago/CodeToAnalyze/retrofit/retrofit-converters/wire/src/test/java/retrofit2/converter/wire/WireConverterFactoryTest.java,retrofit2.converter.wire.WireConverterFactoryTest,serializeAndDeserialize/0,server,2
/Users/thiago/Documents/Thiago/CodeToAnalyze/retrofit/retrofit-converters/wire/src/test/java/retrofit2/converter/wire/WireConverterFactoryTest.java,retrofit2.converter.wire.WireConverterFactoryTest,serializeAndDeserialize/0,service,1
/Users/thiago/Documents/Thiago/CodeToAnalyze/retrofit/retrofit-converters/wire/src/test/java/retrofit2/converter/wire/WireConverterFactoryTest.java,retrofit2.converter.wire.WireConverterFactoryTest,deserializeWrongClass/0,server,1
/Users/thiago/Documents/Thiago/CodeToAnalyze/retrofit/retrofit-converters/wire/src/test/java/retrofit2/converter/wire/WireConverterFactoryTest.java,retrofit2.converter.wire.WireConverterFactoryTest,deserializeWrongClass/0,service,1
/Users/thiago/Documents/Thiago/CodeToAnalyze/retrofit/retrofit-converters/wire/src/test/java/retrofit2/converter/wire/WireConverterFactoryTest.java,retrofit2.converter.wire.WireConverterFactoryTest,deserializeEmpty/0,server,1
/Users/thiago/Documents/Thiago/CodeToAnalyze/retrofit/retrofit-converters/wire/src/test/java/retrofit2/converter/wire/WireConverterFactoryTest.java,retrofit2.converter.wire.WireConverterFactoryTest,deserializeEmpty/0,service,1
/Users/thiago/Documents/Thiago/CodeToAnalyze/retrofit/retrofit-converters/wire/src/test/java/retrofit2/converter/wire/WireConverterFactoryTest.java,retrofit2.converter.wire.WireConverterFactoryTest,deserializeWrongValue/0,server,1
/Users/thiago/Documents/Thiago/CodeToAnalyze/retrofit/retrofit-converters/wire/src/test/java/retrofit2/converter/wire/WireConverterFactoryTest.java,retrofit2.converter.wire.WireConverterFactoryTest,deserializeWrongValue/0,service,1
/Users/thiago/Documents/Thiago/CodeToAnalyze/retrofit/retrofit-converters/wire/src/test/java/retrofit2/converter/wire/WireConverterFactoryTest.java,retrofit2.converter.wire.WireConverterFactoryTest,serializeIsStreamed/0,streaming,1
/Users/thiago/Documents/Thiago/CodeToAnalyze/retrofit/retrofit-converters/wire/src/test/java/retrofit2/converter/wire/WireConverterFactoryTest.java,retrofit2.converter.wire.WireConverterFactoryTest,serializeIsStreamed/0,service,1
/Users/thiago/Documents/Thiago/CodeToAnalyze/retrofit/retrofit/java-test/src/test/java/retrofit2/OptionalConverterFactoryTest.java,retrofit2.OptionalConverterFactoryTest,onlyMatchesOptional/0,server,1
/Users/thiago/Documents/Thiago/CodeToAnalyze/retrofit/retrofit/java-test/src/test/java/retrofit2/OptionalConverterFactoryTest.java,retrofit2.OptionalConverterFactoryTest,onlyMatchesOptional/0,service,1
/Users/thiago/Documents/Thiago/CodeToAnalyze/retrofit/retrofit/java-test/src/test/java/retrofit2/OptionalConverterFactoryTest.java,retrofit2.OptionalConverterFactoryTest,optional/0,server,1
/Users/thiago/Documents/Thiago/CodeToAnalyze/retrofit/retrofit/java-test/src/test/java/retrofit2/OptionalConverterFactoryTest.java,retrofit2.OptionalConverterFactoryTest,optional/0,service,1
/Users/thiago/Documents/Thiago/CodeToAnalyze/retrofit/retrofit/java-test/src/test/java/retrofit2/OptionalConverterFactoryTest.java,retrofit2.OptionalConverterFactoryTest,setUp/0,server,1
/Users/thiago/Documents/Thiago/CodeToAnalyze/retrofit/retrofit/java-test/src/test/java/retrofit2/OptionalConverterFactoryTest.java,retrofit2.OptionalConverterFactoryTest,setUp/0,service,1
/Users/thiago/Documents/Thiago/CodeToAnalyze/retrofit/retrofit-adapters/rxjava2/src/test/java/retrofit2/adapter/rxjava2/RecordingCompletableObserver.java,retrofit2.adapter.rxjava2.RecordingCompletableObserver,onComplete/0,events,1
/Users/thiago/Documents/Thiago/CodeToAnalyze/retrofit/retrofit-adapters/rxjava2/src/test/java/retrofit2/adapter/rxjava2/RecordingCompletableObserver.java,retrofit2.adapter.rxjava2.RecordingCompletableObserver,assertNoEvents/0,events,1
/Users/thiago/Documents/Thiago/CodeToAnalyze/retrofit/retrofit-adapters/rxjava2/src/test/java/retrofit2/adapter/rxjava2/RecordingCompletableObserver.java,retrofit2.adapter.rxjava2.RecordingCompletableObserver,onError/1[java.lang.Throwable],events,1
/Users/thiago/Documents/Thiago/CodeToAnalyze/retrofit/retrofit-adapters/rxjava2/src/test/java/retrofit2/adapter/rxjava2/RecordingCompletableObserver.java,retrofit2.adapter.rxjava2.RecordingCompletableObserver,takeNotification/0,events,1
/Users/thiago/Documents/Thiago/CodeToAnalyze/retrofit/retrofit-converters/jackson/src/test/java/retrofit2/converter/jackson/JacksonCborConverterFactoryTest.java,retrofit2.converter.jackson.JacksonCborConverterFactoryTest$IntWrapper,IntWrapper/1[int],value,1
/Users/thiago/Documents/Thiago/CodeToAnalyze/retrofit/retrofit-converters/jackson/src/main/java/retrofit2/converter/jackson/JacksonConverterFactory.java,retrofit2.converter.jackson.JacksonConverterFactory,create/1[retrofit2.converter.jackson.ObjectMapper],DEFAULT_MEDIA_TYPE,1
/Users/thiago/Documents/Thiago/CodeToAnalyze/retrofit/retrofit-converters/jackson/src/main/java/retrofit2/converter/jackson/JacksonConverterFactory.java,retrofit2.converter.jackson.JacksonConverterFactory,create/1[retrofit2.converter.jackson.ObjectMapper],mapper,2
/Users/thiago/Documents/Thiago/CodeToAnalyze/retrofit/retrofit-converters/jackson/src/main/java/retrofit2/converter/jackson/JacksonConverterFactory.java,retrofit2.converter.jackson.JacksonConverterFactory,"JacksonConverterFactory/3[retrofit2.converter.jackson.ObjectMapper,retrofit2.converter.jackson.MediaType,boolean]",streaming,3
/Users/thiago/Documents/Thiago/CodeToAnalyze/retrofit/retrofit-converters/jackson/src/main/java/retrofit2/converter/jackson/JacksonConverterFactory.java,retrofit2.converter.jackson.JacksonConverterFactory,"JacksonConverterFactory/3[retrofit2.converter.jackson.ObjectMapper,retrofit2.converter.jackson.MediaType,boolean]",mapper,3
/Users/thiago/Documents/Thiago/CodeToAnalyze/retrofit/retrofit-converters/jackson/src/main/java/retrofit2/converter/jackson/JacksonConverterFactory.java,retrofit2.converter.jackson.JacksonConverterFactory,"JacksonConverterFactory/3[retrofit2.converter.jackson.ObjectMapper,retrofit2.converter.jackson.MediaType,boolean]",mediaType,3
/Users/thiago/Documents/Thiago/CodeToAnalyze/retrofit/retrofit-converters/jackson/src/main/java/retrofit2/converter/jackson/JacksonConverterFactory.java,retrofit2.converter.jackson.JacksonConverterFactory,create/0,DEFAULT_MEDIA_TYPE,1
/Users/thiago/Documents/Thiago/CodeToAnalyze/retrofit/retrofit-converters/jackson/src/main/java/retrofit2/converter/jackson/JacksonConverterFactory.java,retrofit2.converter.jackson.JacksonConverterFactory,withStreaming/0,mapper,1
/Users/thiago/Documents/Thiago/CodeToAnalyze/retrofit/retrofit-converters/jackson/src/main/java/retrofit2/converter/jackson/JacksonConverterFactory.java,retrofit2.converter.jackson.JacksonConverterFactory,withStreaming/0,mediaType,1
/Users/thiago/Documents/Thiago/CodeToAnalyze/retrofit/retrofit-converters/jackson/src/main/java/retrofit2/converter/jackson/JacksonConverterFactory.java,retrofit2.converter.jackson.JacksonConverterFactory,"create/2[retrofit2.converter.jackson.ObjectMapper,retrofit2.converter.jackson.MediaType]",mapper,3
/Users/thiago/Documents/Thiago/CodeToAnalyze/retrofit/retrofit-converters/jackson/src/main/java/retrofit2/converter/jackson/JacksonConverterFactory.java,retrofit2.converter.jackson.JacksonConverterFactory,"create/2[retrofit2.converter.jackson.ObjectMapper,retrofit2.converter.jackson.MediaType]",mediaType,3
/Users/thiago/Documents/Thiago/CodeToAnalyze/retrofit/retrofit-converters/jackson/src/main/java/retrofit2/converter/jackson/JacksonConverterFactory.java,retrofit2.converter.jackson.JacksonConverterFactory,"responseBodyConverter/3[java.lang.reflect.Type,java.lang.annotation.Annotation[],retrofit2.Retrofit]",mapper,2
/Users/thiago/Documents/Thiago/CodeToAnalyze/retrofit/retrofit-converters/jackson/src/main/java/retrofit2/converter/jackson/JacksonConverterFactory.java,retrofit2.converter.jackson.JacksonConverterFactory,"requestBodyConverter/4[java.lang.reflect.Type,java.lang.annotation.Annotation[],java.lang.annotation.Annotation[],retrofit2.Retrofit]",streaming,1
/Users/thiago/Documents/Thiago/CodeToAnalyze/retrofit/retrofit-converters/jackson/src/main/java/retrofit2/converter/jackson/JacksonConverterFactory.java,retrofit2.converter.jackson.JacksonConverterFactory,"requestBodyConverter/4[java.lang.reflect.Type,java.lang.annotation.Annotation[],java.lang.annotation.Annotation[],retrofit2.Retrofit]",mapper,2
/Users/thiago/Documents/Thiago/CodeToAnalyze/retrofit/retrofit-converters/jackson/src/main/java/retrofit2/converter/jackson/JacksonConverterFactory.java,retrofit2.converter.jackson.JacksonConverterFactory,"requestBodyConverter/4[java.lang.reflect.Type,java.lang.annotation.Annotation[],java.lang.annotation.Annotation[],retrofit2.Retrofit]",mediaType,1
/Users/thiago/Documents/Thiago/CodeToAnalyze/retrofit/retrofit-adapters/scala/src/main/java/retrofit2/adapter/scala/ResponseCallAdapter.java,retrofit2.adapter.scala.ResponseCallAdapter,responseType/0,responseType,2
/Users/thiago/Documents/Thiago/CodeToAnalyze/retrofit/retrofit-adapters/scala/src/main/java/retrofit2/adapter/scala/ResponseCallAdapter.java,retrofit2.adapter.scala.ResponseCallAdapter,ResponseCallAdapter/1[java.lang.reflect.Type],responseType,3
/Users/thiago/Documents/Thiago/CodeToAnalyze/retrofit/retrofit/src/main/java/retrofit2/Response.java,retrofit2.Response,raw/0,rawResponse,1
/Users/thiago/Documents/Thiago/CodeToAnalyze/retrofit/retrofit/src/main/java/retrofit2/Response.java,retrofit2.Response,errorBody/0,errorBody,2
/Users/thiago/Documents/Thiago/CodeToAnalyze/retrofit/retrofit/src/main/java/retrofit2/Response.java,retrofit2.Response,"success/2[int,T]",body,2
/Users/thiago/Documents/Thiago/CodeToAnalyze/retrofit/retrofit/src/main/java/retrofit2/Response.java,retrofit2.Response,isSuccessful/0,rawResponse,1
/Users/thiago/Documents/Thiago/CodeToAnalyze/retrofit/retrofit/src/main/java/retrofit2/Response.java,retrofit2.Response,"Response/3[okhttp3.Response,T,retrofit2.ResponseBody]",rawResponse,3
/Users/thiago/Documents/Thiago/CodeToAnalyze/retrofit/retrofit/src/main/java/retrofit2/Response.java,retrofit2.Response,"Response/3[okhttp3.Response,T,retrofit2.ResponseBody]",errorBody,3
/Users/thiago/Documents/Thiago/CodeToAnalyze/retrofit/retrofit/src/main/java/retrofit2/Response.java,retrofit2.Response,"Response/3[okhttp3.Response,T,retrofit2.ResponseBody]",body,3
/Users/thiago/Documents/Thiago/CodeToAnalyze/retrofit/retrofit/src/main/java/retrofit2/Response.java,retrofit2.Response,"success/2[T,okhttp3.Response]",rawResponse,4
/Users/thiago/Documents/Thiago/CodeToAnalyze/retrofit/retrofit/src/main/java/retrofit2/Response.java,retrofit2.Response,"success/2[T,okhttp3.Response]",body,2
/Users/thiago/Documents/Thiago/CodeToAnalyze/retrofit/retrofit/src/main/java/retrofit2/Response.java,retrofit2.Response,"error/2[int,retrofit2.ResponseBody]",body,6
/Users/thiago/Documents/Thiago/CodeToAnalyze/retrofit/retrofit/src/main/java/retrofit2/Response.java,retrofit2.Response,headers/0,rawResponse,1
/Users/thiago/Documents/Thiago/CodeToAnalyze/retrofit/retrofit/src/main/java/retrofit2/Response.java,retrofit2.Response,body/0,body,2
/Users/thiago/Documents/Thiago/CodeToAnalyze/retrofit/retrofit/src/main/java/retrofit2/Response.java,retrofit2.Response,code/0,rawResponse,1
/Users/thiago/Documents/Thiago/CodeToAnalyze/retrofit/retrofit/src/main/java/retrofit2/Response.java,retrofit2.Response,success/1[T],body,2
/Users/thiago/Documents/Thiago/CodeToAnalyze/retrofit/retrofit/src/main/java/retrofit2/Response.java,retrofit2.Response,"success/2[T,retrofit2.Headers]",body,2
/Users/thiago/Documents/Thiago/CodeToAnalyze/retrofit/retrofit/src/main/java/retrofit2/Response.java,retrofit2.Response,toString/0,rawResponse,1
/Users/thiago/Documents/Thiago/CodeToAnalyze/retrofit/retrofit/src/main/java/retrofit2/Response.java,retrofit2.Response,message/0,rawResponse,1
/Users/thiago/Documents/Thiago/CodeToAnalyze/retrofit/retrofit/src/main/java/retrofit2/Response.java,retrofit2.Response,"error/2[retrofit2.ResponseBody,okhttp3.Response]",rawResponse,4
/Users/thiago/Documents/Thiago/CodeToAnalyze/retrofit/retrofit/src/main/java/retrofit2/Response.java,retrofit2.Response,"error/2[retrofit2.ResponseBody,okhttp3.Response]",body,3
/Users/thiago/Documents/Thiago/CodeToAnalyze/retrofit/retrofit-adapters/rxjava/src/test/java/retrofit2/adapter/rxjava/CompletableTest.java,retrofit2.adapter.rxjava.CompletableTest,completableSuccess404/0,server,1
/Users/thiago/Documents/Thiago/CodeToAnalyze/retrofit/retrofit-adapters/rxjava/src/test/java/retrofit2/adapter/rxjava/CompletableTest.java,retrofit2.adapter.rxjava.CompletableTest,completableSuccess404/0,subscriberRule,1
/Users/thiago/Documents/Thiago/CodeToAnalyze/retrofit/retrofit-adapters/rxjava/src/test/java/retrofit2/adapter/rxjava/CompletableTest.java,retrofit2.adapter.rxjava.CompletableTest,completableSuccess404/0,service,1
/Users/thiago/Documents/Thiago/CodeToAnalyze/retrofit/retrofit-adapters/rxjava/src/test/java/retrofit2/adapter/rxjava/CompletableTest.java,retrofit2.adapter.rxjava.CompletableTest,subscribeTwice/0,server,2
/Users/thiago/Documents/Thiago/CodeToAnalyze/retrofit/retrofit-adapters/rxjava/src/test/java/retrofit2/adapter/rxjava/CompletableTest.java,retrofit2.adapter.rxjava.CompletableTest,subscribeTwice/0,subscriberRule,2
/Users/thiago/Documents/Thiago/CodeToAnalyze/retrofit/retrofit-adapters/rxjava/src/test/java/retrofit2/adapter/rxjava/CompletableTest.java,retrofit2.adapter.rxjava.CompletableTest,subscribeTwice/0,service,1
/Users/thiago/Documents/Thiago/CodeToAnalyze/retrofit/retrofit-adapters/rxjava/src/test/java/retrofit2/adapter/rxjava/CompletableTest.java,retrofit2.adapter.rxjava.CompletableTest,completableFailure/0,server,1
/Users/thiago/Documents/Thiago/CodeToAnalyze/retrofit/retrofit-adapters/rxjava/src/test/java/retrofit2/adapter/rxjava/CompletableTest.java,retrofit2.adapter.rxjava.CompletableTest,completableFailure/0,subscriberRule,1
/Users/thiago/Documents/Thiago/CodeToAnalyze/retrofit/retrofit-adapters/rxjava/src/test/java/retrofit2/adapter/rxjava/CompletableTest.java,retrofit2.adapter.rxjava.CompletableTest,completableFailure/0,service,1
/Users/thiago/Documents/Thiago/CodeToAnalyze/retrofit/retrofit-adapters/rxjava/src/test/java/retrofit2/adapter/rxjava/CompletableTest.java,retrofit2.adapter.rxjava.CompletableTest,completableSuccess200/0,server,1
/Users/thiago/Documents/Thiago/CodeToAnalyze/retrofit/retrofit-adapters/rxjava/src/test/java/retrofit2/adapter/rxjava/CompletableTest.java,retrofit2.adapter.rxjava.CompletableTest,completableSuccess200/0,subscriberRule,1
/Users/thiago/Documents/Thiago/CodeToAnalyze/retrofit/retrofit-adapters/rxjava/src/test/java/retrofit2/adapter/rxjava/CompletableTest.java,retrofit2.adapter.rxjava.CompletableTest,completableSuccess200/0,service,1
/Users/thiago/Documents/Thiago/CodeToAnalyze/retrofit/retrofit-adapters/rxjava/src/test/java/retrofit2/adapter/rxjava/CompletableTest.java,retrofit2.adapter.rxjava.CompletableTest,setUp/0,server,1
/Users/thiago/Documents/Thiago/CodeToAnalyze/retrofit/retrofit-adapters/rxjava/src/test/java/retrofit2/adapter/rxjava/CompletableTest.java,retrofit2.adapter.rxjava.CompletableTest,setUp/0,service,1
/Users/thiago/Documents/Thiago/CodeToAnalyze/retrofit/retrofit-converters/gson/src/test/java/retrofit2/converter/gson/GsonConverterFactoryTest.java,retrofit2.converter.gson.GsonConverterFactoryTest,serializeIsStreamed/0,streaming,1
/Users/thiago/Documents/Thiago/CodeToAnalyze/retrofit/retrofit-converters/gson/src/test/java/retrofit2/converter/gson/GsonConverterFactoryTest.java,retrofit2.converter.gson.GsonConverterFactoryTest,serializeIsStreamed/0,service,1
/Users/thiago/Documents/Thiago/CodeToAnalyze/retrofit/retrofit-converters/gson/src/test/java/retrofit2/converter/gson/GsonConverterFactoryTest.java,retrofit2.converter.gson.GsonConverterFactoryTest,GsonConverterFactoryTest/1[boolean],server,1
/Users/thiago/Documents/Thiago/CodeToAnalyze/retrofit/retrofit-converters/gson/src/test/java/retrofit2/converter/gson/GsonConverterFactoryTest.java,retrofit2.converter.gson.GsonConverterFactoryTest,GsonConverterFactoryTest/1[boolean],streaming,4
/Users/thiago/Documents/Thiago/CodeToAnalyze/retrofit/retrofit-converters/gson/src/test/java/retrofit2/converter/gson/GsonConverterFactoryTest.java,retrofit2.converter.gson.GsonConverterFactoryTest,GsonConverterFactoryTest/1[boolean],service,1
/Users/thiago/Documents/Thiago/CodeToAnalyze/retrofit/retrofit-converters/gson/src/test/java/retrofit2/converter/gson/GsonConverterFactoryTest.java,retrofit2.converter.gson.GsonConverterFactoryTest,anInterface/0,server,2
/Users/thiago/Documents/Thiago/CodeToAnalyze/retrofit/retrofit-converters/gson/src/test/java/retrofit2/converter/gson/GsonConverterFactoryTest.java,retrofit2.converter.gson.GsonConverterFactoryTest,anInterface/0,service,1
/Users/thiago/Documents/Thiago/CodeToAnalyze/retrofit/retrofit-converters/gson/src/test/java/retrofit2/converter/gson/GsonConverterFactoryTest.java,retrofit2.converter.gson.GsonConverterFactoryTest,deserializeUsesConfiguration/0,server,1
/Users/thiago/Documents/Thiago/CodeToAnalyze/retrofit/retrofit-converters/gson/src/test/java/retrofit2/converter/gson/GsonConverterFactoryTest.java,retrofit2.converter.gson.GsonConverterFactoryTest,deserializeUsesConfiguration/0,service,1
/Users/thiago/Documents/Thiago/CodeToAnalyze/retrofit/retrofit-converters/gson/src/test/java/retrofit2/converter/gson/GsonConverterFactoryTest.java,retrofit2.converter.gson.GsonConverterFactoryTest,anImplementation/0,server,2
/Users/thiago/Documents/Thiago/CodeToAnalyze/retrofit/retrofit-converters/gson/src/test/java/retrofit2/converter/gson/GsonConverterFactoryTest.java,retrofit2.converter.gson.GsonConverterFactoryTest,anImplementation/0,service,1
/Users/thiago/Documents/Thiago/CodeToAnalyze/retrofit/retrofit-converters/gson/src/test/java/retrofit2/converter/gson/GsonConverterFactoryTest.java,retrofit2.converter.gson.GsonConverterFactoryTest,serializeUsesConfiguration/0,server,2
/Users/thiago/Documents/Thiago/CodeToAnalyze/retrofit/retrofit-converters/gson/src/test/java/retrofit2/converter/gson/GsonConverterFactoryTest.java,retrofit2.converter.gson.GsonConverterFactoryTest,serializeUsesConfiguration/0,service,1
/Users/thiago/Documents/Thiago/CodeToAnalyze/retrofit/retrofit-converters/gson/src/test/java/retrofit2/converter/gson/GsonConverterFactoryTest.java,retrofit2.converter.gson.GsonConverterFactoryTest,requireFullResponseDocumentConsumption/0,server,1
/Users/thiago/Documents/Thiago/CodeToAnalyze/retrofit/retrofit-converters/gson/src/test/java/retrofit2/converter/gson/GsonConverterFactoryTest.java,retrofit2.converter.gson.GsonConverterFactoryTest,requireFullResponseDocumentConsumption/0,service,1
/Users/thiago/Documents/Thiago/CodeToAnalyze/retrofit/retrofit/src/main/java/retrofit2/ParameterHandler.java,retrofit2.ParameterHandler$Part,"Part/4[java.lang.reflect.Method,int,okhttp3.Headers,retrofit2.Converter<T,retrofit2.RequestBody>]",p,3
/Users/thiago/Documents/Thiago/CodeToAnalyze/retrofit/retrofit/src/main/java/retrofit2/ParameterHandler.java,retrofit2.ParameterHandler$Part,"Part/4[java.lang.reflect.Method,int,okhttp3.Headers,retrofit2.Converter<T,retrofit2.RequestBody>]",headers,3
/Users/thiago/Documents/Thiago/CodeToAnalyze/retrofit/retrofit/src/main/java/retrofit2/ParameterHandler.java,retrofit2.ParameterHandler$Part,"Part/4[java.lang.reflect.Method,int,okhttp3.Headers,retrofit2.Converter<T,retrofit2.RequestBody>]",method,3
/Users/thiago/Documents/Thiago/CodeToAnalyze/retrofit/retrofit/src/main/java/retrofit2/ParameterHandler.java,retrofit2.ParameterHandler$Part,"Part/4[java.lang.reflect.Method,int,okhttp3.Headers,retrofit2.Converter<T,retrofit2.RequestBody>]",converter,3
/Users/thiago/Documents/Thiago/CodeToAnalyze/retrofit/retrofit/src/main/java/retrofit2/ParameterHandler.java,retrofit2.ParameterHandler$Part,"apply/2[retrofit2.RequestBuilder,T]",p,1
/Users/thiago/Documents/Thiago/CodeToAnalyze/retrofit/retrofit/src/main/java/retrofit2/ParameterHandler.java,retrofit2.ParameterHandler$Part,"apply/2[retrofit2.RequestBuilder,T]",headers,1
/Users/thiago/Documents/Thiago/CodeToAnalyze/retrofit/retrofit/src/main/java/retrofit2/ParameterHandler.java,retrofit2.ParameterHandler$Part,"apply/2[retrofit2.RequestBuilder,T]",method,1
/Users/thiago/Documents/Thiago/CodeToAnalyze/retrofit/retrofit/src/main/java/retrofit2/ParameterHandler.java,retrofit2.ParameterHandler$Part,"apply/2[retrofit2.RequestBuilder,T]",converter,1
/Users/thiago/Documents/Thiago/CodeToAnalyze/retrofit/retrofit-adapters/rxjava/src/test/java/retrofit2/adapter/rxjava/CompletableThrowingTest.java,retrofit2.adapter.rxjava.CompletableThrowingTest,setUp/0,server,1
/Users/thiago/Documents/Thiago/CodeToAnalyze/retrofit/retrofit-adapters/rxjava/src/test/java/retrofit2/adapter/rxjava/CompletableThrowingTest.java,retrofit2.adapter.rxjava.CompletableThrowingTest,setUp/0,service,1
/Users/thiago/Documents/Thiago/CodeToAnalyze/retrofit/retrofit-adapters/rxjava/src/test/java/retrofit2/adapter/rxjava/CompletableThrowingTest.java,retrofit2.adapter.rxjava.CompletableThrowingTest,bodyThrowingInOnErrorDeliveredToPlugin/0,server,1
/Users/thiago/Documents/Thiago/CodeToAnalyze/retrofit/retrofit-adapters/rxjava/src/test/java/retrofit2/adapter/rxjava/CompletableThrowingTest.java,retrofit2.adapter.rxjava.CompletableThrowingTest,bodyThrowingInOnErrorDeliveredToPlugin/0,subscriberRule,1
/Users/thiago/Documents/Thiago/CodeToAnalyze/retrofit/retrofit-adapters/rxjava/src/test/java/retrofit2/adapter/rxjava/CompletableThrowingTest.java,retrofit2.adapter.rxjava.CompletableThrowingTest,bodyThrowingInOnErrorDeliveredToPlugin/0,service,1
/Users/thiago/Documents/Thiago/CodeToAnalyze/retrofit/retrofit-adapters/rxjava/src/test/java/retrofit2/adapter/rxjava/CompletableThrowingTest.java,retrofit2.adapter.rxjava.CompletableThrowingTest,throwingInOnCompleteDeliveredToPlugin/0,server,1
/Users/thiago/Documents/Thiago/CodeToAnalyze/retrofit/retrofit-adapters/rxjava/src/test/java/retrofit2/adapter/rxjava/CompletableThrowingTest.java,retrofit2.adapter.rxjava.CompletableThrowingTest,throwingInOnCompleteDeliveredToPlugin/0,subscriberRule,1
/Users/thiago/Documents/Thiago/CodeToAnalyze/retrofit/retrofit-adapters/rxjava/src/test/java/retrofit2/adapter/rxjava/CompletableThrowingTest.java,retrofit2.adapter.rxjava.CompletableThrowingTest,throwingInOnCompleteDeliveredToPlugin/0,service,1
/Users/thiago/Documents/Thiago/CodeToAnalyze/retrofit/retrofit-mock/src/main/java/retrofit2/mock/Calls.java,retrofit2.mock.Calls$FakeCall,"FakeCall/2[retrofit2.Response<T>,java.lang.Throwable]",response,4
/Users/thiago/Documents/Thiago/CodeToAnalyze/retrofit/retrofit-mock/src/main/java/retrofit2/mock/Calls.java,retrofit2.mock.Calls$FakeCall,"FakeCall/2[retrofit2.Response<T>,java.lang.Throwable]",error,4
/Users/thiago/Documents/Thiago/CodeToAnalyze/retrofit/retrofit-mock/src/main/java/retrofit2/mock/Calls.java,retrofit2.mock.Calls$FakeCall,enqueue/1[retrofit2.Callback<T>],canceled,1
/Users/thiago/Documents/Thiago/CodeToAnalyze/retrofit/retrofit-mock/src/main/java/retrofit2/mock/Calls.java,retrofit2.mock.Calls$FakeCall,enqueue/1[retrofit2.Callback<T>],response,2
/Users/thiago/Documents/Thiago/CodeToAnalyze/retrofit/retrofit-mock/src/main/java/retrofit2/mock/Calls.java,retrofit2.mock.Calls$FakeCall,enqueue/1[retrofit2.Callback<T>],executed,1
/Users/thiago/Documents/Thiago/CodeToAnalyze/retrofit/retrofit-mock/src/main/java/retrofit2/mock/Calls.java,retrofit2.mock.Calls$FakeCall,enqueue/1[retrofit2.Callback<T>],error,1
/Users/thiago/Documents/Thiago/CodeToAnalyze/retrofit/retrofit-mock/src/main/java/retrofit2/mock/Calls.java,retrofit2.mock.Calls$FakeCall,cancel/0,canceled,1
/Users/thiago/Documents/Thiago/CodeToAnalyze/retrofit/retrofit-mock/src/main/java/retrofit2/mock/Calls.java,retrofit2.mock.Calls$FakeCall,isExecuted/0,executed,1
/Users/thiago/Documents/Thiago/CodeToAnalyze/retrofit/retrofit-mock/src/main/java/retrofit2/mock/Calls.java,retrofit2.mock.Calls$FakeCall,clone/0,response,1
/Users/thiago/Documents/Thiago/CodeToAnalyze/retrofit/retrofit-mock/src/main/java/retrofit2/mock/Calls.java,retrofit2.mock.Calls$FakeCall,clone/0,error,1
/Users/thiago/Documents/Thiago/CodeToAnalyze/retrofit/retrofit-mock/src/main/java/retrofit2/mock/Calls.java,retrofit2.mock.Calls$FakeCall,execute/0,canceled,1
/Users/thiago/Documents/Thiago/CodeToAnalyze/retrofit/retrofit-mock/src/main/java/retrofit2/mock/Calls.java,retrofit2.mock.Calls$FakeCall,execute/0,response,2
/Users/thiago/Documents/Thiago/CodeToAnalyze/retrofit/retrofit-mock/src/main/java/retrofit2/mock/Calls.java,retrofit2.mock.Calls$FakeCall,execute/0,executed,1
/Users/thiago/Documents/Thiago/CodeToAnalyze/retrofit/retrofit-mock/src/main/java/retrofit2/mock/Calls.java,retrofit2.mock.Calls$FakeCall,execute/0,error,1
/Users/thiago/Documents/Thiago/CodeToAnalyze/retrofit/retrofit-mock/src/main/java/retrofit2/mock/Calls.java,retrofit2.mock.Calls$FakeCall,request/0,response,2
/Users/thiago/Documents/Thiago/CodeToAnalyze/retrofit/retrofit-mock/src/main/java/retrofit2/mock/Calls.java,retrofit2.mock.Calls$FakeCall,isCanceled/0,canceled,1
/Users/thiago/Documents/Thiago/CodeToAnalyze/retrofit/retrofit-adapters/java8/src/main/java/retrofit2/adapter/java8/Java8CallAdapterFactory.java,retrofit2.adapter.java8.Java8CallAdapterFactory$ResponseCallAdapter,ResponseCallAdapter/1[java.lang.reflect.Type],responseType,3
/Users/thiago/Documents/Thiago/CodeToAnalyze/retrofit/retrofit-adapters/java8/src/main/java/retrofit2/adapter/java8/Java8CallAdapterFactory.java,retrofit2.adapter.java8.Java8CallAdapterFactory$ResponseCallAdapter,responseType/0,responseType,2
/Users/thiago/Documents/Thiago/CodeToAnalyze/retrofit/retrofit/src/main/java/retrofit2/ParameterHandler.java,retrofit2.ParameterHandler$Path,"Path/5[java.lang.reflect.Method,int,java.lang.String,retrofit2.Converter<T,java.lang.String>,boolean]",p,3
/Users/thiago/Documents/Thiago/CodeToAnalyze/retrofit/retrofit/src/main/java/retrofit2/ParameterHandler.java,retrofit2.ParameterHandler$Path,"Path/5[java.lang.reflect.Method,int,java.lang.String,retrofit2.Converter<T,java.lang.String>,boolean]",method,3
/Users/thiago/Documents/Thiago/CodeToAnalyze/retrofit/retrofit/src/main/java/retrofit2/ParameterHandler.java,retrofit2.ParameterHandler$Path,"Path/5[java.lang.reflect.Method,int,java.lang.String,retrofit2.Converter<T,java.lang.String>,boolean]",valueConverter,3
/Users/thiago/Documents/Thiago/CodeToAnalyze/retrofit/retrofit/src/main/java/retrofit2/ParameterHandler.java,retrofit2.ParameterHandler$Path,"Path/5[java.lang.reflect.Method,int,java.lang.String,retrofit2.Converter<T,java.lang.String>,boolean]",name,3
/Users/thiago/Documents/Thiago/CodeToAnalyze/retrofit/retrofit/src/main/java/retrofit2/ParameterHandler.java,retrofit2.ParameterHandler$Path,"Path/5[java.lang.reflect.Method,int,java.lang.String,retrofit2.Converter<T,java.lang.String>,boolean]",encoded,3
/Users/thiago/Documents/Thiago/CodeToAnalyze/retrofit/retrofit/src/main/java/retrofit2/ParameterHandler.java,retrofit2.ParameterHandler$Path,"apply/2[retrofit2.RequestBuilder,T]",p,1
/Users/thiago/Documents/Thiago/CodeToAnalyze/retrofit/retrofit/src/main/java/retrofit2/ParameterHandler.java,retrofit2.ParameterHandler$Path,"apply/2[retrofit2.RequestBuilder,T]",method,1
/Users/thiago/Documents/Thiago/CodeToAnalyze/retrofit/retrofit/src/main/java/retrofit2/ParameterHandler.java,retrofit2.ParameterHandler$Path,"apply/2[retrofit2.RequestBuilder,T]",valueConverter,1
/Users/thiago/Documents/Thiago/CodeToAnalyze/retrofit/retrofit/src/main/java/retrofit2/ParameterHandler.java,retrofit2.ParameterHandler$Path,"apply/2[retrofit2.RequestBuilder,T]",name,2
/Users/thiago/Documents/Thiago/CodeToAnalyze/retrofit/retrofit/src/main/java/retrofit2/ParameterHandler.java,retrofit2.ParameterHandler$Path,"apply/2[retrofit2.RequestBuilder,T]",encoded,1
/Users/thiago/Documents/Thiago/CodeToAnalyze/retrofit/retrofit/src/main/java/retrofit2/RequestBuilder.java,retrofit2.RequestBuilder$ContentTypeOverridingRequestBody,writeTo/1[retrofit2.BufferedSink],delegate,1
/Users/thiago/Documents/Thiago/CodeToAnalyze/retrofit/retrofit/src/main/java/retrofit2/RequestBuilder.java,retrofit2.RequestBuilder$ContentTypeOverridingRequestBody,contentLength/0,delegate,1
/Users/thiago/Documents/Thiago/CodeToAnalyze/retrofit/retrofit/src/main/java/retrofit2/RequestBuilder.java,retrofit2.RequestBuilder$ContentTypeOverridingRequestBody,contentType/0,contentType,2
/Users/thiago/Documents/Thiago/CodeToAnalyze/retrofit/retrofit/src/main/java/retrofit2/RequestBuilder.java,retrofit2.RequestBuilder$ContentTypeOverridingRequestBody,"ContentTypeOverridingRequestBody/2[retrofit2.RequestBody,retrofit2.MediaType]",delegate,3
/Users/thiago/Documents/Thiago/CodeToAnalyze/retrofit/retrofit/src/main/java/retrofit2/RequestBuilder.java,retrofit2.RequestBuilder$ContentTypeOverridingRequestBody,"ContentTypeOverridingRequestBody/2[retrofit2.RequestBody,retrofit2.MediaType]",contentType,3
/Users/thiago/Documents/Thiago/CodeToAnalyze/retrofit/retrofit-adapters/rxjava3/src/test/java/retrofit2/adapter/rxjava3/CancelDisposeTest.java,retrofit2.adapter.rxjava3.CancelDisposeTest,disposeBeforeEnqueueDoesNotEnqueue/0,service,1
/Users/thiago/Documents/Thiago/CodeToAnalyze/retrofit/retrofit-adapters/rxjava3/src/test/java/retrofit2/adapter/rxjava3/CancelDisposeTest.java,retrofit2.adapter.rxjava3.CancelDisposeTest,disposeBeforeEnqueueDoesNotEnqueue/0,client,1
/Users/thiago/Documents/Thiago/CodeToAnalyze/retrofit/retrofit-adapters/rxjava3/src/test/java/retrofit2/adapter/rxjava3/CancelDisposeTest.java,retrofit2.adapter.rxjava3.CancelDisposeTest,setUp/0,server,1
/Users/thiago/Documents/Thiago/CodeToAnalyze/retrofit/retrofit-adapters/rxjava3/src/test/java/retrofit2/adapter/rxjava3/CancelDisposeTest.java,retrofit2.adapter.rxjava3.CancelDisposeTest,setUp/0,service,1
/Users/thiago/Documents/Thiago/CodeToAnalyze/retrofit/retrofit-adapters/rxjava3/src/test/java/retrofit2/adapter/rxjava3/CancelDisposeTest.java,retrofit2.adapter.rxjava3.CancelDisposeTest,setUp/0,client,1
/Users/thiago/Documents/Thiago/CodeToAnalyze/retrofit/retrofit-adapters/rxjava3/src/test/java/retrofit2/adapter/rxjava3/CancelDisposeTest.java,retrofit2.adapter.rxjava3.CancelDisposeTest,disposeCancelsCall/0,service,1
/Users/thiago/Documents/Thiago/CodeToAnalyze/retrofit/retrofit-adapters/rxjava3/src/test/java/retrofit2/adapter/rxjava3/CancelDisposeTest.java,retrofit2.adapter.rxjava3.CancelDisposeTest,disposeCancelsCall/0,client,1
/Users/thiago/Documents/Thiago/CodeToAnalyze/retrofit/retrofit-adapters/rxjava3/src/test/java/retrofit2/adapter/rxjava3/CancelDisposeTest.java,retrofit2.adapter.rxjava3.CancelDisposeTest,cancelDoesNotDispose/0,service,1
/Users/thiago/Documents/Thiago/CodeToAnalyze/retrofit/retrofit-adapters/rxjava3/src/test/java/retrofit2/adapter/rxjava3/CancelDisposeTest.java,retrofit2.adapter.rxjava3.CancelDisposeTest,cancelDoesNotDispose/0,client,1
/Users/thiago/Documents/Thiago/CodeToAnalyze/retrofit/retrofit-mock/src/main/java/retrofit2/mock/MockRetrofit.java,retrofit2.mock.MockRetrofit,create/1[java.lang.Class<T>],retrofit,1
/Users/thiago/Documents/Thiago/CodeToAnalyze/retrofit/retrofit-mock/src/main/java/retrofit2/mock/MockRetrofit.java,retrofit2.mock.MockRetrofit,create/1[java.lang.Class<T>],executor,1
/Users/thiago/Documents/Thiago/CodeToAnalyze/retrofit/retrofit-mock/src/main/java/retrofit2/mock/MockRetrofit.java,retrofit2.mock.MockRetrofit,create/1[java.lang.Class<T>],behavior,1
/Users/thiago/Documents/Thiago/CodeToAnalyze/retrofit/retrofit-mock/src/main/java/retrofit2/mock/MockRetrofit.java,retrofit2.mock.MockRetrofit,backgroundExecutor/0,executor,1
/Users/thiago/Documents/Thiago/CodeToAnalyze/retrofit/retrofit-mock/src/main/java/retrofit2/mock/MockRetrofit.java,retrofit2.mock.MockRetrofit,retrofit/0,retrofit,2
/Users/thiago/Documents/Thiago/CodeToAnalyze/retrofit/retrofit-mock/src/main/java/retrofit2/mock/MockRetrofit.java,retrofit2.mock.MockRetrofit,networkBehavior/0,behavior,1
/Users/thiago/Documents/Thiago/CodeToAnalyze/retrofit/retrofit-mock/src/main/java/retrofit2/mock/MockRetrofit.java,retrofit2.mock.MockRetrofit,"MockRetrofit/3[retrofit2.Retrofit,retrofit2.mock.NetworkBehavior,java.util.concurrent.ExecutorService]",retrofit,3
/Users/thiago/Documents/Thiago/CodeToAnalyze/retrofit/retrofit-mock/src/main/java/retrofit2/mock/MockRetrofit.java,retrofit2.mock.MockRetrofit,"MockRetrofit/3[retrofit2.Retrofit,retrofit2.mock.NetworkBehavior,java.util.concurrent.ExecutorService]",executor,3
/Users/thiago/Documents/Thiago/CodeToAnalyze/retrofit/retrofit-mock/src/main/java/retrofit2/mock/MockRetrofit.java,retrofit2.mock.MockRetrofit,"MockRetrofit/3[retrofit2.Retrofit,retrofit2.mock.NetworkBehavior,java.util.concurrent.ExecutorService]",behavior,3
/Users/thiago/Documents/Thiago/CodeToAnalyze/retrofit/retrofit-adapters/rxjava/src/main/java/retrofit2/adapter/rxjava/ResultOnSubscribe.java,retrofit2.adapter.rxjava.ResultOnSubscribe$ResultSubscriber,onNext/1[retrofit2.Response<R>],subscriber,1
/Users/thiago/Documents/Thiago/CodeToAnalyze/retrofit/retrofit-adapters/rxjava/src/main/java/retrofit2/adapter/rxjava/ResultOnSubscribe.java,retrofit2.adapter.rxjava.ResultOnSubscribe$ResultSubscriber,onError/1[java.lang.Throwable],subscriber,3
/Users/thiago/Documents/Thiago/CodeToAnalyze/retrofit/retrofit-adapters/rxjava/src/main/java/retrofit2/adapter/rxjava/ResultOnSubscribe.java,retrofit2.adapter.rxjava.ResultOnSubscribe$ResultSubscriber,onCompleted/0,subscriber,1
/Users/thiago/Documents/Thiago/CodeToAnalyze/retrofit/retrofit-adapters/rxjava/src/main/java/retrofit2/adapter/rxjava/ResultOnSubscribe.java,retrofit2.adapter.rxjava.ResultOnSubscribe$ResultSubscriber,ResultSubscriber/1[retrofit2.adapter.rxjava.Subscriber<? super retrofit2.adapter.rxjava.Result<R>>],subscriber,4
/Users/thiago/Documents/Thiago/CodeToAnalyze/retrofit/retrofit-adapters/guava/src/test/java/retrofit2/adapter/guava/ListenableFutureTest.java,retrofit2.adapter.guava.ListenableFutureTest,responseFailure/0,server,1
/Users/thiago/Documents/Thiago/CodeToAnalyze/retrofit/retrofit-adapters/guava/src/test/java/retrofit2/adapter/guava/ListenableFutureTest.java,retrofit2.adapter.guava.ListenableFutureTest,responseFailure/0,service,1
/Users/thiago/Documents/Thiago/CodeToAnalyze/retrofit/retrofit-adapters/guava/src/test/java/retrofit2/adapter/guava/ListenableFutureTest.java,retrofit2.adapter.guava.ListenableFutureTest,setUp/0,server,1
/Users/thiago/Documents/Thiago/CodeToAnalyze/retrofit/retrofit-adapters/guava/src/test/java/retrofit2/adapter/guava/ListenableFutureTest.java,retrofit2.adapter.guava.ListenableFutureTest,setUp/0,service,1
/Users/thiago/Documents/Thiago/CodeToAnalyze/retrofit/retrofit-adapters/guava/src/test/java/retrofit2/adapter/guava/ListenableFutureTest.java,retrofit2.adapter.guava.ListenableFutureTest,bodySuccess404/0,server,1
/Users/thiago/Documents/Thiago/CodeToAnalyze/retrofit/retrofit-adapters/guava/src/test/java/retrofit2/adapter/guava/ListenableFutureTest.java,retrofit2.adapter.guava.ListenableFutureTest,bodySuccess404/0,service,1
/Users/thiago/Documents/Thiago/CodeToAnalyze/retrofit/retrofit-adapters/guava/src/test/java/retrofit2/adapter/guava/ListenableFutureTest.java,retrofit2.adapter.guava.ListenableFutureTest,bodyFailure/0,server,1
/Users/thiago/Documents/Thiago/CodeToAnalyze/retrofit/retrofit-adapters/guava/src/test/java/retrofit2/adapter/guava/ListenableFutureTest.java,retrofit2.adapter.guava.ListenableFutureTest,bodyFailure/0,service,1
/Users/thiago/Documents/Thiago/CodeToAnalyze/retrofit/retrofit-adapters/guava/src/test/java/retrofit2/adapter/guava/ListenableFutureTest.java,retrofit2.adapter.guava.ListenableFutureTest,responseSuccess404/0,server,1
/Users/thiago/Documents/Thiago/CodeToAnalyze/retrofit/retrofit-adapters/guava/src/test/java/retrofit2/adapter/guava/ListenableFutureTest.java,retrofit2.adapter.guava.ListenableFutureTest,responseSuccess404/0,service,1
/Users/thiago/Documents/Thiago/CodeToAnalyze/retrofit/retrofit-adapters/guava/src/test/java/retrofit2/adapter/guava/ListenableFutureTest.java,retrofit2.adapter.guava.ListenableFutureTest,bodySuccess200/0,server,1
/Users/thiago/Documents/Thiago/CodeToAnalyze/retrofit/retrofit-adapters/guava/src/test/java/retrofit2/adapter/guava/ListenableFutureTest.java,retrofit2.adapter.guava.ListenableFutureTest,bodySuccess200/0,service,1
/Users/thiago/Documents/Thiago/CodeToAnalyze/retrofit/retrofit-adapters/guava/src/test/java/retrofit2/adapter/guava/ListenableFutureTest.java,retrofit2.adapter.guava.ListenableFutureTest,responseSuccess200/0,server,1
/Users/thiago/Documents/Thiago/CodeToAnalyze/retrofit/retrofit-adapters/guava/src/test/java/retrofit2/adapter/guava/ListenableFutureTest.java,retrofit2.adapter.guava.ListenableFutureTest,responseSuccess200/0,service,1
/Users/thiago/Documents/Thiago/CodeToAnalyze/retrofit/retrofit-converters/wire/src/test/java/retrofit2/converter/wire/Phone.java,retrofit2.converter.wire.Phone,toString/0,number,2
/Users/thiago/Documents/Thiago/CodeToAnalyze/retrofit/retrofit-converters/wire/src/test/java/retrofit2/converter/wire/Phone.java,retrofit2.converter.wire.Phone,newBuilder/0,number,1
/Users/thiago/Documents/Thiago/CodeToAnalyze/retrofit/retrofit-converters/wire/src/test/java/retrofit2/converter/wire/Phone.java,retrofit2.converter.wire.Phone,hashCode/0,number,2
/Users/thiago/Documents/Thiago/CodeToAnalyze/retrofit/retrofit-converters/wire/src/test/java/retrofit2/converter/wire/Phone.java,retrofit2.converter.wire.Phone,"Phone/2[java.lang.String,retrofit2.converter.wire.ByteString]",number,3
/Users/thiago/Documents/Thiago/CodeToAnalyze/retrofit/retrofit-converters/wire/src/test/java/retrofit2/converter/wire/Phone.java,retrofit2.converter.wire.Phone,"Phone/2[java.lang.String,retrofit2.converter.wire.ByteString]",ADAPTER,1
/Users/thiago/Documents/Thiago/CodeToAnalyze/retrofit/retrofit-converters/wire/src/test/java/retrofit2/converter/wire/Phone.java,retrofit2.converter.wire.Phone,equals/1[java.lang.Object],number,1
/Users/thiago/Documents/Thiago/CodeToAnalyze/retrofit/retrofit-converters/wire/src/test/java/retrofit2/converter/wire/Phone.java,retrofit2.converter.wire.Phone,Phone/1[java.lang.String],number,2
/Users/thiago/Documents/Thiago/CodeToAnalyze/retrofit/retrofit-adapters/rxjava2/src/test/java/retrofit2/adapter/rxjava2/CompletableThrowingTest.java,retrofit2.adapter.rxjava2.CompletableThrowingTest$ForwardingCompletableObserver,onSubscribe/1[retrofit2.adapter.rxjava2.Disposable],delegate,1
/Users/thiago/Documents/Thiago/CodeToAnalyze/retrofit/retrofit-adapters/rxjava2/src/test/java/retrofit2/adapter/rxjava2/CompletableThrowingTest.java,retrofit2.adapter.rxjava2.CompletableThrowingTest$ForwardingCompletableObserver,onComplete/0,delegate,1
/Users/thiago/Documents/Thiago/CodeToAnalyze/retrofit/retrofit-adapters/rxjava2/src/test/java/retrofit2/adapter/rxjava2/CompletableThrowingTest.java,retrofit2.adapter.rxjava2.CompletableThrowingTest$ForwardingCompletableObserver,ForwardingCompletableObserver/1[retrofit2.adapter.rxjava2.CompletableObserver],delegate,3
/Users/thiago/Documents/Thiago/CodeToAnalyze/retrofit/retrofit-adapters/rxjava2/src/test/java/retrofit2/adapter/rxjava2/CompletableThrowingTest.java,retrofit2.adapter.rxjava2.CompletableThrowingTest$ForwardingCompletableObserver,onError/1[java.lang.Throwable],delegate,1
/Users/thiago/Documents/Thiago/CodeToAnalyze/retrofit/retrofit-adapters/rxjava2/src/test/java/retrofit2/adapter/rxjava2/RecordingCompletableObserver.java,retrofit2.adapter.rxjava2.RecordingCompletableObserver$Rule,create/0,subscribers,1
/Users/thiago/Documents/Thiago/CodeToAnalyze/retrofit/retrofit-converters/jaxb3/src/test/java/retrofit2/converter/jaxb3/Contact.java,retrofit2.converter.jaxb3.Contact,"Contact/2[java.lang.String,java.util.List<retrofit2.converter.jaxb3.PhoneNumber>]",phone_numbers,1
/Users/thiago/Documents/Thiago/CodeToAnalyze/retrofit/retrofit-converters/jaxb3/src/test/java/retrofit2/converter/jaxb3/Contact.java,retrofit2.converter.jaxb3.Contact,"Contact/2[java.lang.String,java.util.List<retrofit2.converter.jaxb3.PhoneNumber>]",name,3
/Users/thiago/Documents/Thiago/CodeToAnalyze/retrofit/retrofit-converters/jaxb3/src/test/java/retrofit2/converter/jaxb3/Contact.java,retrofit2.converter.jaxb3.Contact,equals/1[java.lang.Object],phone_numbers,2
/Users/thiago/Documents/Thiago/CodeToAnalyze/retrofit/retrofit-converters/jaxb3/src/test/java/retrofit2/converter/jaxb3/Contact.java,retrofit2.converter.jaxb3.Contact,equals/1[java.lang.Object],name,2
/Users/thiago/Documents/Thiago/CodeToAnalyze/retrofit/retrofit-converters/jaxb3/src/test/java/retrofit2/converter/jaxb3/Contact.java,retrofit2.converter.jaxb3.Contact,hashCode/0,phone_numbers,1
/Users/thiago/Documents/Thiago/CodeToAnalyze/retrofit/retrofit-converters/jaxb3/src/test/java/retrofit2/converter/jaxb3/Contact.java,retrofit2.converter.jaxb3.Contact,hashCode/0,name,1
/Users/thiago/Documents/Thiago/CodeToAnalyze/retrofit/retrofit-converters/jaxb3/src/main/java/retrofit2/converter/jaxb3/JaxbResponseConverter.java,retrofit2.converter.jaxb3.JaxbResponseConverter,convert/1[retrofit2.converter.jaxb3.ResponseBody],xmlInputFactory,1
/Users/thiago/Documents/Thiago/CodeToAnalyze/retrofit/retrofit-converters/jaxb3/src/main/java/retrofit2/converter/jaxb3/JaxbResponseConverter.java,retrofit2.converter.jaxb3.JaxbResponseConverter,convert/1[retrofit2.converter.jaxb3.ResponseBody],context,1
/Users/thiago/Documents/Thiago/CodeToAnalyze/retrofit/retrofit-converters/jaxb3/src/main/java/retrofit2/converter/jaxb3/JaxbResponseConverter.java,retrofit2.converter.jaxb3.JaxbResponseConverter,convert/1[retrofit2.converter.jaxb3.ResponseBody],type,1
/Users/thiago/Documents/Thiago/CodeToAnalyze/retrofit/retrofit-converters/jaxb3/src/main/java/retrofit2/converter/jaxb3/JaxbResponseConverter.java,retrofit2.converter.jaxb3.JaxbResponseConverter,"JaxbResponseConverter/2[retrofit2.converter.jaxb3.JAXBContext,java.lang.Class<T>]",xmlInputFactory,2
/Users/thiago/Documents/Thiago/CodeToAnalyze/retrofit/retrofit-converters/jaxb3/src/main/java/retrofit2/converter/jaxb3/JaxbResponseConverter.java,retrofit2.converter.jaxb3.JaxbResponseConverter,"JaxbResponseConverter/2[retrofit2.converter.jaxb3.JAXBContext,java.lang.Class<T>]",context,3
/Users/thiago/Documents/Thiago/CodeToAnalyze/retrofit/retrofit-converters/jaxb3/src/main/java/retrofit2/converter/jaxb3/JaxbResponseConverter.java,retrofit2.converter.jaxb3.JaxbResponseConverter,"JaxbResponseConverter/2[retrofit2.converter.jaxb3.JAXBContext,java.lang.Class<T>]",type,3
/Users/thiago/Documents/Thiago/CodeToAnalyze/retrofit/retrofit/src/main/java/retrofit2/ParameterHandler.java,retrofit2.ParameterHandler$QueryName,"apply/2[retrofit2.RequestBuilder,T]",nameConverter,1
/Users/thiago/Documents/Thiago/CodeToAnalyze/retrofit/retrofit/src/main/java/retrofit2/ParameterHandler.java,retrofit2.ParameterHandler$QueryName,"apply/2[retrofit2.RequestBuilder,T]",encoded,1
/Users/thiago/Documents/Thiago/CodeToAnalyze/retrofit/retrofit/src/main/java/retrofit2/ParameterHandler.java,retrofit2.ParameterHandler$QueryName,"QueryName/2[retrofit2.Converter<T,java.lang.String>,boolean]",nameConverter,3
/Users/thiago/Documents/Thiago/CodeToAnalyze/retrofit/retrofit/src/main/java/retrofit2/ParameterHandler.java,retrofit2.ParameterHandler$QueryName,"QueryName/2[retrofit2.Converter<T,java.lang.String>,boolean]",encoded,3
/Users/thiago/Documents/Thiago/CodeToAnalyze/retrofit/retrofit-converters/jackson/src/test/java/retrofit2/converter/jackson/JacksonCborConverterFactoryTest.java,retrofit2.converter.jackson.JacksonCborConverterFactoryTest,post/0,server,2
/Users/thiago/Documents/Thiago/CodeToAnalyze/retrofit/retrofit-converters/jackson/src/test/java/retrofit2/converter/jackson/JacksonCborConverterFactoryTest.java,retrofit2.converter.jackson.JacksonCborConverterFactoryTest,post/0,service,1
/Users/thiago/Documents/Thiago/CodeToAnalyze/retrofit/retrofit-converters/jackson/src/test/java/retrofit2/converter/jackson/JacksonCborConverterFactoryTest.java,retrofit2.converter.jackson.JacksonCborConverterFactoryTest,setUp/0,server,1
/Users/thiago/Documents/Thiago/CodeToAnalyze/retrofit/retrofit-converters/jackson/src/test/java/retrofit2/converter/jackson/JacksonCborConverterFactoryTest.java,retrofit2.converter.jackson.JacksonCborConverterFactoryTest,setUp/0,service,1
/Users/thiago/Documents/Thiago/CodeToAnalyze/retrofit/retrofit-adapters/rxjava/src/main/java/retrofit2/adapter/rxjava/CallEnqueueOnSubscribe.java,retrofit2.adapter.rxjava.CallEnqueueOnSubscribe,CallEnqueueOnSubscribe/1[retrofit2.Call<T>],originalCall,3
/Users/thiago/Documents/Thiago/CodeToAnalyze/retrofit/retrofit-adapters/rxjava/src/main/java/retrofit2/adapter/rxjava/CallEnqueueOnSubscribe.java,retrofit2.adapter.rxjava.CallEnqueueOnSubscribe,call/1[retrofit2.adapter.rxjava.Subscriber<? super retrofit2.Response<T>>],originalCall,1
/Users/thiago/Documents/Thiago/CodeToAnalyze/retrofit/samples/src/main/java/com/example/retrofit/RxJavaObserveOnMainThread.java,com.example.retrofit.RxJavaObserveOnMainThread$ObserveOnMainCallAdapterFactory,ObserveOnMainCallAdapterFactory/1[com.example.retrofit.Scheduler],scheduler,3
/Users/thiago/Documents/Thiago/CodeToAnalyze/retrofit/retrofit-adapters/rxjava2/src/test/java/retrofit2/adapter/rxjava2/ObservableThrowingTest.java,retrofit2.adapter.rxjava2.ObservableThrowingTest$ForwardingObserver,onNext/1[T],delegate,1
/Users/thiago/Documents/Thiago/CodeToAnalyze/retrofit/retrofit-adapters/rxjava2/src/test/java/retrofit2/adapter/rxjava2/ObservableThrowingTest.java,retrofit2.adapter.rxjava2.ObservableThrowingTest$ForwardingObserver,onError/1[java.lang.Throwable],delegate,1
/Users/thiago/Documents/Thiago/CodeToAnalyze/retrofit/retrofit-adapters/rxjava2/src/test/java/retrofit2/adapter/rxjava2/ObservableThrowingTest.java,retrofit2.adapter.rxjava2.ObservableThrowingTest$ForwardingObserver,ForwardingObserver/1[retrofit2.adapter.rxjava2.Observer<T>],delegate,3
/Users/thiago/Documents/Thiago/CodeToAnalyze/retrofit/retrofit-adapters/rxjava2/src/test/java/retrofit2/adapter/rxjava2/ObservableThrowingTest.java,retrofit2.adapter.rxjava2.ObservableThrowingTest$ForwardingObserver,onComplete/0,delegate,1
/Users/thiago/Documents/Thiago/CodeToAnalyze/retrofit/retrofit-adapters/rxjava2/src/test/java/retrofit2/adapter/rxjava2/ObservableThrowingTest.java,retrofit2.adapter.rxjava2.ObservableThrowingTest$ForwardingObserver,onSubscribe/1[retrofit2.adapter.rxjava2.Disposable],delegate,1
/Users/thiago/Documents/Thiago/CodeToAnalyze/retrofit/retrofit-adapters/rxjava3/src/test/java/retrofit2/adapter/rxjava3/ObservableThrowingTest.java,retrofit2.adapter.rxjava3.ObservableThrowingTest$ForwardingObserver,ForwardingObserver/1[retrofit2.adapter.rxjava3.Observer<T>],delegate,3
/Users/thiago/Documents/Thiago/CodeToAnalyze/retrofit/retrofit-adapters/rxjava3/src/test/java/retrofit2/adapter/rxjava3/ObservableThrowingTest.java,retrofit2.adapter.rxjava3.ObservableThrowingTest$ForwardingObserver,onSubscribe/1[retrofit2.adapter.rxjava3.Disposable],delegate,1
/Users/thiago/Documents/Thiago/CodeToAnalyze/retrofit/retrofit-adapters/rxjava3/src/test/java/retrofit2/adapter/rxjava3/ObservableThrowingTest.java,retrofit2.adapter.rxjava3.ObservableThrowingTest$ForwardingObserver,onNext/1[T],delegate,1
/Users/thiago/Documents/Thiago/CodeToAnalyze/retrofit/retrofit-adapters/rxjava3/src/test/java/retrofit2/adapter/rxjava3/ObservableThrowingTest.java,retrofit2.adapter.rxjava3.ObservableThrowingTest$ForwardingObserver,onError/1[java.lang.Throwable],delegate,1
/Users/thiago/Documents/Thiago/CodeToAnalyze/retrofit/retrofit-adapters/rxjava3/src/test/java/retrofit2/adapter/rxjava3/ObservableThrowingTest.java,retrofit2.adapter.rxjava3.ObservableThrowingTest$ForwardingObserver,onComplete/0,delegate,1
/Users/thiago/Documents/Thiago/CodeToAnalyze/retrofit/retrofit/java-test/src/test/java/retrofit2/CompletableFutureTest.java,retrofit2.CompletableFutureTest,setUp/0,server,1
/Users/thiago/Documents/Thiago/CodeToAnalyze/retrofit/retrofit/java-test/src/test/java/retrofit2/CompletableFutureTest.java,retrofit2.CompletableFutureTest,setUp/0,service,1
/Users/thiago/Documents/Thiago/CodeToAnalyze/retrofit/retrofit/java-test/src/test/java/retrofit2/CompletableFutureTest.java,retrofit2.CompletableFutureTest,responseFailure/0,server,1
/Users/thiago/Documents/Thiago/CodeToAnalyze/retrofit/retrofit/java-test/src/test/java/retrofit2/CompletableFutureTest.java,retrofit2.CompletableFutureTest,responseFailure/0,service,1
/Users/thiago/Documents/Thiago/CodeToAnalyze/retrofit/retrofit/java-test/src/test/java/retrofit2/CompletableFutureTest.java,retrofit2.CompletableFutureTest,responseSuccess200/0,server,1
/Users/thiago/Documents/Thiago/CodeToAnalyze/retrofit/retrofit/java-test/src/test/java/retrofit2/CompletableFutureTest.java,retrofit2.CompletableFutureTest,responseSuccess200/0,service,1
/Users/thiago/Documents/Thiago/CodeToAnalyze/retrofit/retrofit/java-test/src/test/java/retrofit2/CompletableFutureTest.java,retrofit2.CompletableFutureTest,bodySuccess404/0,server,1
/Users/thiago/Documents/Thiago/CodeToAnalyze/retrofit/retrofit/java-test/src/test/java/retrofit2/CompletableFutureTest.java,retrofit2.CompletableFutureTest,bodySuccess404/0,service,1
/Users/thiago/Documents/Thiago/CodeToAnalyze/retrofit/retrofit/java-test/src/test/java/retrofit2/CompletableFutureTest.java,retrofit2.CompletableFutureTest,bodyFailure/0,server,1
/Users/thiago/Documents/Thiago/CodeToAnalyze/retrofit/retrofit/java-test/src/test/java/retrofit2/CompletableFutureTest.java,retrofit2.CompletableFutureTest,bodyFailure/0,service,1
/Users/thiago/Documents/Thiago/CodeToAnalyze/retrofit/retrofit/java-test/src/test/java/retrofit2/CompletableFutureTest.java,retrofit2.CompletableFutureTest,responseSuccess404/0,server,1
/Users/thiago/Documents/Thiago/CodeToAnalyze/retrofit/retrofit/java-test/src/test/java/retrofit2/CompletableFutureTest.java,retrofit2.CompletableFutureTest,responseSuccess404/0,service,1
/Users/thiago/Documents/Thiago/CodeToAnalyze/retrofit/retrofit/java-test/src/test/java/retrofit2/CompletableFutureTest.java,retrofit2.CompletableFutureTest,bodySuccess200/0,server,1
/Users/thiago/Documents/Thiago/CodeToAnalyze/retrofit/retrofit/java-test/src/test/java/retrofit2/CompletableFutureTest.java,retrofit2.CompletableFutureTest,bodySuccess200/0,service,1
/Users/thiago/Documents/Thiago/CodeToAnalyze/retrofit/retrofit/android-test/src/androidTest/java/retrofit2/CompletableFutureAndroidTest.java,retrofit2.CompletableFutureAndroidTest,completableFutureApi24/0,server,1
/Users/thiago/Documents/Thiago/CodeToAnalyze/retrofit/retrofit/android-test/src/androidTest/java/retrofit2/CompletableFutureAndroidTest.java,retrofit2.CompletableFutureAndroidTest,completableFutureApi24/0,service,1
/Users/thiago/Documents/Thiago/CodeToAnalyze/retrofit/retrofit/android-test/src/androidTest/java/retrofit2/CompletableFutureAndroidTest.java,retrofit2.CompletableFutureAndroidTest,setUp/0,server,1
/Users/thiago/Documents/Thiago/CodeToAnalyze/retrofit/retrofit/android-test/src/androidTest/java/retrofit2/CompletableFutureAndroidTest.java,retrofit2.CompletableFutureAndroidTest,setUp/0,service,1
/Users/thiago/Documents/Thiago/CodeToAnalyze/retrofit/retrofit-converters/moshi/src/test/java/retrofit2/converter/moshi/MoshiConverterFactoryTest.java,retrofit2.converter.moshi.MoshiConverterFactoryTest,MoshiConverterFactoryTest/1[boolean],serviceNulls,1
/Users/thiago/Documents/Thiago/CodeToAnalyze/retrofit/retrofit-converters/moshi/src/test/java/retrofit2/converter/moshi/MoshiConverterFactoryTest.java,retrofit2.converter.moshi.MoshiConverterFactoryTest,MoshiConverterFactoryTest/1[boolean],server,4
/Users/thiago/Documents/Thiago/CodeToAnalyze/retrofit/retrofit-converters/moshi/src/test/java/retrofit2/converter/moshi/MoshiConverterFactoryTest.java,retrofit2.converter.moshi.MoshiConverterFactoryTest,MoshiConverterFactoryTest/1[boolean],streaming,4
/Users/thiago/Documents/Thiago/CodeToAnalyze/retrofit/retrofit-converters/moshi/src/test/java/retrofit2/converter/moshi/MoshiConverterFactoryTest.java,retrofit2.converter.moshi.MoshiConverterFactoryTest,MoshiConverterFactoryTest/1[boolean],service,1
/Users/thiago/Documents/Thiago/CodeToAnalyze/retrofit/retrofit-converters/moshi/src/test/java/retrofit2/converter/moshi/MoshiConverterFactoryTest.java,retrofit2.converter.moshi.MoshiConverterFactoryTest,MoshiConverterFactoryTest/1[boolean],serviceLenient,1
/Users/thiago/Documents/Thiago/CodeToAnalyze/retrofit/retrofit-converters/moshi/src/test/java/retrofit2/converter/moshi/MoshiConverterFactoryTest.java,retrofit2.converter.moshi.MoshiConverterFactoryTest,MoshiConverterFactoryTest/1[boolean],serviceFailOnUnknown,1
/Users/thiago/Documents/Thiago/CodeToAnalyze/retrofit/retrofit-converters/moshi/src/test/java/retrofit2/converter/moshi/MoshiConverterFactoryTest.java,retrofit2.converter.moshi.MoshiConverterFactoryTest,annotations/0,server,2
/Users/thiago/Documents/Thiago/CodeToAnalyze/retrofit/retrofit-converters/moshi/src/test/java/retrofit2/converter/moshi/MoshiConverterFactoryTest.java,retrofit2.converter.moshi.MoshiConverterFactoryTest,annotations/0,service,1
/Users/thiago/Documents/Thiago/CodeToAnalyze/retrofit/retrofit-converters/moshi/src/test/java/retrofit2/converter/moshi/MoshiConverterFactoryTest.java,retrofit2.converter.moshi.MoshiConverterFactoryTest,withNulls/0,serviceNulls,1
/Users/thiago/Documents/Thiago/CodeToAnalyze/retrofit/retrofit-converters/moshi/src/test/java/retrofit2/converter/moshi/MoshiConverterFactoryTest.java,retrofit2.converter.moshi.MoshiConverterFactoryTest,withNulls/0,server,2
/Users/thiago/Documents/Thiago/CodeToAnalyze/retrofit/retrofit-converters/moshi/src/test/java/retrofit2/converter/moshi/MoshiConverterFactoryTest.java,retrofit2.converter.moshi.MoshiConverterFactoryTest,requireFullResponseDocumentConsumption/0,server,1
/Users/thiago/Documents/Thiago/CodeToAnalyze/retrofit/retrofit-converters/moshi/src/test/java/retrofit2/converter/moshi/MoshiConverterFactoryTest.java,retrofit2.converter.moshi.MoshiConverterFactoryTest,requireFullResponseDocumentConsumption/0,service,1
/Users/thiago/Documents/Thiago/CodeToAnalyze/retrofit/retrofit-converters/moshi/src/test/java/retrofit2/converter/moshi/MoshiConverterFactoryTest.java,retrofit2.converter.moshi.MoshiConverterFactoryTest,failOnUnknown/0,server,1
/Users/thiago/Documents/Thiago/CodeToAnalyze/retrofit/retrofit-converters/moshi/src/test/java/retrofit2/converter/moshi/MoshiConverterFactoryTest.java,retrofit2.converter.moshi.MoshiConverterFactoryTest,failOnUnknown/0,serviceFailOnUnknown,1
/Users/thiago/Documents/Thiago/CodeToAnalyze/retrofit/retrofit-converters/moshi/src/test/java/retrofit2/converter/moshi/MoshiConverterFactoryTest.java,retrofit2.converter.moshi.MoshiConverterFactoryTest,anInterface/0,server,2
/Users/thiago/Documents/Thiago/CodeToAnalyze/retrofit/retrofit-converters/moshi/src/test/java/retrofit2/converter/moshi/MoshiConverterFactoryTest.java,retrofit2.converter.moshi.MoshiConverterFactoryTest,anInterface/0,service,1
/Users/thiago/Documents/Thiago/CodeToAnalyze/retrofit/retrofit-converters/moshi/src/test/java/retrofit2/converter/moshi/MoshiConverterFactoryTest.java,retrofit2.converter.moshi.MoshiConverterFactoryTest,nonUtf8BomIsNotSkipped/0,server,1
/Users/thiago/Documents/Thiago/CodeToAnalyze/retrofit/retrofit-converters/moshi/src/test/java/retrofit2/converter/moshi/MoshiConverterFactoryTest.java,retrofit2.converter.moshi.MoshiConverterFactoryTest,nonUtf8BomIsNotSkipped/0,service,1
/Users/thiago/Documents/Thiago/CodeToAnalyze/retrofit/retrofit-converters/moshi/src/test/java/retrofit2/converter/moshi/MoshiConverterFactoryTest.java,retrofit2.converter.moshi.MoshiConverterFactoryTest,serializeIsStreamed/0,streaming,1
/Users/thiago/Documents/Thiago/CodeToAnalyze/retrofit/retrofit-converters/moshi/src/test/java/retrofit2/converter/moshi/MoshiConverterFactoryTest.java,retrofit2.converter.moshi.MoshiConverterFactoryTest,serializeIsStreamed/0,service,1
/Users/thiago/Documents/Thiago/CodeToAnalyze/retrofit/retrofit-converters/moshi/src/test/java/retrofit2/converter/moshi/MoshiConverterFactoryTest.java,retrofit2.converter.moshi.MoshiConverterFactoryTest,anImplementation/0,server,2
/Users/thiago/Documents/Thiago/CodeToAnalyze/retrofit/retrofit-converters/moshi/src/test/java/retrofit2/converter/moshi/MoshiConverterFactoryTest.java,retrofit2.converter.moshi.MoshiConverterFactoryTest,anImplementation/0,service,1
/Users/thiago/Documents/Thiago/CodeToAnalyze/retrofit/retrofit-converters/moshi/src/test/java/retrofit2/converter/moshi/MoshiConverterFactoryTest.java,retrofit2.converter.moshi.MoshiConverterFactoryTest,asLenient/0,server,2
/Users/thiago/Documents/Thiago/CodeToAnalyze/retrofit/retrofit-converters/moshi/src/test/java/retrofit2/converter/moshi/MoshiConverterFactoryTest.java,retrofit2.converter.moshi.MoshiConverterFactoryTest,asLenient/0,service,1
/Users/thiago/Documents/Thiago/CodeToAnalyze/retrofit/retrofit-converters/moshi/src/test/java/retrofit2/converter/moshi/MoshiConverterFactoryTest.java,retrofit2.converter.moshi.MoshiConverterFactoryTest,asLenient/0,serviceLenient,1
/Users/thiago/Documents/Thiago/CodeToAnalyze/retrofit/retrofit-converters/moshi/src/test/java/retrofit2/converter/moshi/MoshiConverterFactoryTest.java,retrofit2.converter.moshi.MoshiConverterFactoryTest,utf8BomSkipped/0,server,1
/Users/thiago/Documents/Thiago/CodeToAnalyze/retrofit/retrofit-converters/moshi/src/test/java/retrofit2/converter/moshi/MoshiConverterFactoryTest.java,retrofit2.converter.moshi.MoshiConverterFactoryTest,utf8BomSkipped/0,service,1
/Users/thiago/Documents/Thiago/CodeToAnalyze/retrofit/retrofit-mock/src/test/java/retrofit2/mock/CallsTest.java,retrofit2.mock.CallsTest$Anonymous7,call/0,count,1
/Users/thiago/Documents/Thiago/CodeToAnalyze/retrofit/retrofit-mock/src/test/java/retrofit2/mock/CallsTest.java,retrofit2.mock.CallsTest$Anonymous6,call/0,count,1
/Users/thiago/Documents/Thiago/CodeToAnalyze/retrofit/retrofit/src/main/java/retrofit2/Retrofit.java,retrofit2.Retrofit$Builder,Builder/1[retrofit2.Retrofit],callAdapterFactories,1
/Users/thiago/Documents/Thiago/CodeToAnalyze/retrofit/retrofit/src/main/java/retrofit2/Retrofit.java,retrofit2.Retrofit$Builder,Builder/1[retrofit2.Retrofit],baseUrl,1
/Users/thiago/Documents/Thiago/CodeToAnalyze/retrofit/retrofit/src/main/java/retrofit2/Retrofit.java,retrofit2.Retrofit$Builder,Builder/1[retrofit2.Retrofit],converterFactories,1
/Users/thiago/Documents/Thiago/CodeToAnalyze/retrofit/retrofit/src/main/java/retrofit2/Retrofit.java,retrofit2.Retrofit$Builder,Builder/1[retrofit2.Retrofit],callbackExecutor,1
/Users/thiago/Documents/Thiago/CodeToAnalyze/retrofit/retrofit/src/main/java/retrofit2/Retrofit.java,retrofit2.Retrofit$Builder,Builder/1[retrofit2.Retrofit],callFactory,1
/Users/thiago/Documents/Thiago/CodeToAnalyze/retrofit/retrofit/src/main/java/retrofit2/Retrofit.java,retrofit2.Retrofit$Builder,Builder/1[retrofit2.Retrofit],validateEagerly,1
/Users/thiago/Documents/Thiago/CodeToAnalyze/retrofit/retrofit/src/main/java/retrofit2/Retrofit.java,retrofit2.Retrofit$Builder,client/1[retrofit2.OkHttpClient],callFactory,2
/Users/thiago/Documents/Thiago/CodeToAnalyze/retrofit/retrofit/src/main/java/retrofit2/Retrofit.java,retrofit2.Retrofit$Builder,baseUrl/1[java.net.URL],baseUrl,6
/Users/thiago/Documents/Thiago/CodeToAnalyze/retrofit/retrofit/src/main/java/retrofit2/Retrofit.java,retrofit2.Retrofit$Builder,converterFactories/0,converterFactories,2
/Users/thiago/Documents/Thiago/CodeToAnalyze/retrofit/retrofit/src/main/java/retrofit2/Retrofit.java,retrofit2.Retrofit$Builder,baseUrl/1[retrofit2.HttpUrl],baseUrl,7
/Users/thiago/Documents/Thiago/CodeToAnalyze/retrofit/retrofit/src/main/java/retrofit2/Retrofit.java,retrofit2.Retrofit$Builder,addCallAdapterFactory/1[retrofit2.CallAdapter.Factory],callAdapterFactories,1
/Users/thiago/Documents/Thiago/CodeToAnalyze/retrofit/retrofit/src/main/java/retrofit2/Retrofit.java,retrofit2.Retrofit$Builder,addConverterFactory/1[retrofit2.Converter.Factory],converterFactories,1
/Users/thiago/Documents/Thiago/CodeToAnalyze/retrofit/retrofit/src/main/java/retrofit2/Retrofit.java,retrofit2.Retrofit$Builder,callbackExecutor/1[java.util.concurrent.Executor],callbackExecutor,2
/Users/thiago/Documents/Thiago/CodeToAnalyze/retrofit/retrofit/src/main/java/retrofit2/Retrofit.java,retrofit2.Retrofit$Builder,callFactory/1[okhttp3.Call.Factory],callFactory,2
/Users/thiago/Documents/Thiago/CodeToAnalyze/retrofit/retrofit/src/main/java/retrofit2/Retrofit.java,retrofit2.Retrofit$Builder,baseUrl/1[java.lang.String],baseUrl,6
/Users/thiago/Documents/Thiago/CodeToAnalyze/retrofit/retrofit/src/main/java/retrofit2/Retrofit.java,retrofit2.Retrofit$Builder,callAdapterFactories/0,callAdapterFactories,2
/Users/thiago/Documents/Thiago/CodeToAnalyze/retrofit/retrofit/src/main/java/retrofit2/Retrofit.java,retrofit2.Retrofit$Builder,build/0,callAdapterFactories,1
/Users/thiago/Documents/Thiago/CodeToAnalyze/retrofit/retrofit/src/main/java/retrofit2/Retrofit.java,retrofit2.Retrofit$Builder,build/0,baseUrl,2
/Users/thiago/Documents/Thiago/CodeToAnalyze/retrofit/retrofit/src/main/java/retrofit2/Retrofit.java,retrofit2.Retrofit$Builder,build/0,callbackExecutor,1
/Users/thiago/Documents/Thiago/CodeToAnalyze/retrofit/retrofit/src/main/java/retrofit2/Retrofit.java,retrofit2.Retrofit$Builder,build/0,converterFactories,2
/Users/thiago/Documents/Thiago/CodeToAnalyze/retrofit/retrofit/src/main/java/retrofit2/Retrofit.java,retrofit2.Retrofit$Builder,build/0,callFactory,2
/Users/thiago/Documents/Thiago/CodeToAnalyze/retrofit/retrofit/src/main/java/retrofit2/Retrofit.java,retrofit2.Retrofit$Builder,build/0,validateEagerly,1
/Users/thiago/Documents/Thiago/CodeToAnalyze/retrofit/retrofit/src/main/java/retrofit2/Retrofit.java,retrofit2.Retrofit$Builder,validateEagerly/1[boolean],validateEagerly,4
/Users/thiago/Documents/Thiago/CodeToAnalyze/retrofit/retrofit/src/main/java/retrofit2/Utils.java,retrofit2.Utils$ParameterizedTypeImpl,getOwnerType/0,ownerType,1
/Users/thiago/Documents/Thiago/CodeToAnalyze/retrofit/retrofit/src/main/java/retrofit2/Utils.java,retrofit2.Utils$ParameterizedTypeImpl,getActualTypeArguments/0,typeArguments,1
/Users/thiago/Documents/Thiago/CodeToAnalyze/retrofit/retrofit/src/main/java/retrofit2/Utils.java,retrofit2.Utils$ParameterizedTypeImpl,toString/0,typeArguments,2
/Users/thiago/Documents/Thiago/CodeToAnalyze/retrofit/retrofit/src/main/java/retrofit2/Utils.java,retrofit2.Utils$ParameterizedTypeImpl,toString/0,rawType,2
/Users/thiago/Documents/Thiago/CodeToAnalyze/retrofit/retrofit/src/main/java/retrofit2/Utils.java,retrofit2.Utils$ParameterizedTypeImpl,"ParameterizedTypeImpl/3[java.lang.reflect.Type,java.lang.reflect.Type,java.lang.reflect.Type[]]",ownerType,4
/Users/thiago/Documents/Thiago/CodeToAnalyze/retrofit/retrofit/src/main/java/retrofit2/Utils.java,retrofit2.Utils$ParameterizedTypeImpl,"ParameterizedTypeImpl/3[java.lang.reflect.Type,java.lang.reflect.Type,java.lang.reflect.Type[]]",typeArguments,4
/Users/thiago/Documents/Thiago/CodeToAnalyze/retrofit/retrofit/src/main/java/retrofit2/Utils.java,retrofit2.Utils$ParameterizedTypeImpl,"ParameterizedTypeImpl/3[java.lang.reflect.Type,java.lang.reflect.Type,java.lang.reflect.Type[]]",rawType,5
/Users/thiago/Documents/Thiago/CodeToAnalyze/retrofit/retrofit/src/main/java/retrofit2/Utils.java,retrofit2.Utils$ParameterizedTypeImpl,hashCode/0,typeArguments,1
/Users/thiago/Documents/Thiago/CodeToAnalyze/retrofit/retrofit/src/main/java/retrofit2/Utils.java,retrofit2.Utils$ParameterizedTypeImpl,hashCode/0,ownerType,2
/Users/thiago/Documents/Thiago/CodeToAnalyze/retrofit/retrofit/src/main/java/retrofit2/Utils.java,retrofit2.Utils$ParameterizedTypeImpl,hashCode/0,rawType,1
/Users/thiago/Documents/Thiago/CodeToAnalyze/retrofit/retrofit/src/main/java/retrofit2/Utils.java,retrofit2.Utils$ParameterizedTypeImpl,getRawType/0,rawType,1
/Users/thiago/Documents/Thiago/CodeToAnalyze/retrofit/retrofit-adapters/rxjava2/src/test/java/retrofit2/adapter/rxjava2/SingleThrowingTest.java,retrofit2.adapter.rxjava2.SingleThrowingTest$ForwardingObserver,onSuccess/1[T],delegate,1
/Users/thiago/Documents/Thiago/CodeToAnalyze/retrofit/retrofit-adapters/rxjava2/src/test/java/retrofit2/adapter/rxjava2/SingleThrowingTest.java,retrofit2.adapter.rxjava2.SingleThrowingTest$ForwardingObserver,ForwardingObserver/1[retrofit2.adapter.rxjava2.SingleObserver<T>],delegate,3
/Users/thiago/Documents/Thiago/CodeToAnalyze/retrofit/retrofit-adapters/rxjava2/src/test/java/retrofit2/adapter/rxjava2/SingleThrowingTest.java,retrofit2.adapter.rxjava2.SingleThrowingTest$ForwardingObserver,onSubscribe/1[retrofit2.adapter.rxjava2.Disposable],delegate,1
/Users/thiago/Documents/Thiago/CodeToAnalyze/retrofit/retrofit-adapters/rxjava2/src/test/java/retrofit2/adapter/rxjava2/SingleThrowingTest.java,retrofit2.adapter.rxjava2.SingleThrowingTest$ForwardingObserver,onError/1[java.lang.Throwable],delegate,1
/Users/thiago/Documents/Thiago/CodeToAnalyze/retrofit/retrofit-adapters/rxjava3/src/main/java/retrofit2/adapter/rxjava3/CallExecuteObservable.java,retrofit2.adapter.rxjava3.CallExecuteObservable,subscribeActual/1[retrofit2.adapter.rxjava3.Observer<? super retrofit2.Response<T>>],originalCall,1
/Users/thiago/Documents/Thiago/CodeToAnalyze/retrofit/retrofit-adapters/rxjava3/src/main/java/retrofit2/adapter/rxjava3/CallExecuteObservable.java,retrofit2.adapter.rxjava3.CallExecuteObservable,CallExecuteObservable/1[retrofit2.Call<T>],originalCall,3
/Users/thiago/Documents/Thiago/CodeToAnalyze/retrofit/retrofit-adapters/rxjava3/src/main/java/retrofit2/adapter/rxjava3/RxJava3CallAdapterFactory.java,retrofit2.adapter.rxjava3.RxJava3CallAdapterFactory,"get/3[java.lang.reflect.Type,java.lang.annotation.Annotation[],retrofit2.Retrofit]",scheduler,2
/Users/thiago/Documents/Thiago/CodeToAnalyze/retrofit/retrofit-adapters/rxjava3/src/main/java/retrofit2/adapter/rxjava3/RxJava3CallAdapterFactory.java,retrofit2.adapter.rxjava3.RxJava3CallAdapterFactory,"get/3[java.lang.reflect.Type,java.lang.annotation.Annotation[],retrofit2.Retrofit]",isAsync,2
/Users/thiago/Documents/Thiago/CodeToAnalyze/retrofit/retrofit-adapters/rxjava3/src/main/java/retrofit2/adapter/rxjava3/RxJava3CallAdapterFactory.java,retrofit2.adapter.rxjava3.RxJava3CallAdapterFactory,"RxJava3CallAdapterFactory/2[retrofit2.adapter.rxjava3.Scheduler,boolean]",scheduler,3
/Users/thiago/Documents/Thiago/CodeToAnalyze/retrofit/retrofit-adapters/rxjava3/src/main/java/retrofit2/adapter/rxjava3/RxJava3CallAdapterFactory.java,retrofit2.adapter.rxjava3.RxJava3CallAdapterFactory,"RxJava3CallAdapterFactory/2[retrofit2.adapter.rxjava3.Scheduler,boolean]",isAsync,3
/Users/thiago/Documents/Thiago/CodeToAnalyze/retrofit/retrofit-adapters/rxjava3/src/main/java/retrofit2/adapter/rxjava3/RxJava3CallAdapterFactory.java,retrofit2.adapter.rxjava3.RxJava3CallAdapterFactory,createWithScheduler/1[retrofit2.adapter.rxjava3.Scheduler],scheduler,3
/Users/thiago/Documents/Thiago/CodeToAnalyze/retrofit/retrofit/android-test/src/androidTest/java/retrofit2/OptionalConverterFactoryAndroidTest.java,retrofit2.OptionalConverterFactoryAndroidTest,setUp/0,server,1
/Users/thiago/Documents/Thiago/CodeToAnalyze/retrofit/retrofit/android-test/src/androidTest/java/retrofit2/OptionalConverterFactoryAndroidTest.java,retrofit2.OptionalConverterFactoryAndroidTest,setUp/0,service,1
/Users/thiago/Documents/Thiago/CodeToAnalyze/retrofit/retrofit/android-test/src/androidTest/java/retrofit2/OptionalConverterFactoryAndroidTest.java,retrofit2.OptionalConverterFactoryAndroidTest,onlyMatchesOptional/0,server,1
/Users/thiago/Documents/Thiago/CodeToAnalyze/retrofit/retrofit/android-test/src/androidTest/java/retrofit2/OptionalConverterFactoryAndroidTest.java,retrofit2.OptionalConverterFactoryAndroidTest,onlyMatchesOptional/0,service,1
/Users/thiago/Documents/Thiago/CodeToAnalyze/retrofit/retrofit/android-test/src/androidTest/java/retrofit2/OptionalConverterFactoryAndroidTest.java,retrofit2.OptionalConverterFactoryAndroidTest,optionalApi24/0,server,1
/Users/thiago/Documents/Thiago/CodeToAnalyze/retrofit/retrofit/android-test/src/androidTest/java/retrofit2/OptionalConverterFactoryAndroidTest.java,retrofit2.OptionalConverterFactoryAndroidTest,optionalApi24/0,service,1
/Users/thiago/Documents/Thiago/CodeToAnalyze/retrofit/retrofit-converters/jaxb3/src/test/java/retrofit2/converter/jaxb3/PhoneNumber.java,retrofit2.converter.jaxb3.PhoneNumber,"PhoneNumber/2[java.lang.String,retrofit2.converter.jaxb3.Type]",number,3
/Users/thiago/Documents/Thiago/CodeToAnalyze/retrofit/retrofit-converters/jaxb3/src/test/java/retrofit2/converter/jaxb3/PhoneNumber.java,retrofit2.converter.jaxb3.PhoneNumber,"PhoneNumber/2[java.lang.String,retrofit2.converter.jaxb3.Type]",type,3
/Users/thiago/Documents/Thiago/CodeToAnalyze/retrofit/retrofit-converters/jaxb3/src/test/java/retrofit2/converter/jaxb3/PhoneNumber.java,retrofit2.converter.jaxb3.PhoneNumber,hashCode/0,number,1
/Users/thiago/Documents/Thiago/CodeToAnalyze/retrofit/retrofit-converters/jaxb3/src/test/java/retrofit2/converter/jaxb3/PhoneNumber.java,retrofit2.converter.jaxb3.PhoneNumber,hashCode/0,type,1
/Users/thiago/Documents/Thiago/CodeToAnalyze/retrofit/retrofit-converters/jaxb3/src/test/java/retrofit2/converter/jaxb3/PhoneNumber.java,retrofit2.converter.jaxb3.PhoneNumber,equals/1[java.lang.Object],number,2
/Users/thiago/Documents/Thiago/CodeToAnalyze/retrofit/retrofit-converters/jaxb3/src/test/java/retrofit2/converter/jaxb3/PhoneNumber.java,retrofit2.converter.jaxb3.PhoneNumber,equals/1[java.lang.Object],type,2
/Users/thiago/Documents/Thiago/CodeToAnalyze/retrofit/retrofit-converters/wire/src/main/java/retrofit2/converter/wire/WireStreamingRequestBody.java,retrofit2.converter.wire.WireStreamingRequestBody,"WireStreamingRequestBody/2[retrofit2.converter.wire.ProtoAdapter<T>,T]",adapter,3
/Users/thiago/Documents/Thiago/CodeToAnalyze/retrofit/retrofit-converters/wire/src/main/java/retrofit2/converter/wire/WireStreamingRequestBody.java,retrofit2.converter.wire.WireStreamingRequestBody,"WireStreamingRequestBody/2[retrofit2.converter.wire.ProtoAdapter<T>,T]",value,3
/Users/thiago/Documents/Thiago/CodeToAnalyze/retrofit/retrofit-converters/wire/src/main/java/retrofit2/converter/wire/WireStreamingRequestBody.java,retrofit2.converter.wire.WireStreamingRequestBody,writeTo/1[retrofit2.converter.wire.BufferedSink],adapter,1
/Users/thiago/Documents/Thiago/CodeToAnalyze/retrofit/retrofit-converters/wire/src/main/java/retrofit2/converter/wire/WireStreamingRequestBody.java,retrofit2.converter.wire.WireStreamingRequestBody,writeTo/1[retrofit2.converter.wire.BufferedSink],value,1
/Users/thiago/Documents/Thiago/CodeToAnalyze/retrofit/retrofit-adapters/java8/src/test/java/retrofit2/adapter/java8/CompletableFutureTest.java,retrofit2.adapter.java8.CompletableFutureTest,responseFailure/0,server,1
/Users/thiago/Documents/Thiago/CodeToAnalyze/retrofit/retrofit-adapters/java8/src/test/java/retrofit2/adapter/java8/CompletableFutureTest.java,retrofit2.adapter.java8.CompletableFutureTest,responseFailure/0,service,1
/Users/thiago/Documents/Thiago/CodeToAnalyze/retrofit/retrofit-adapters/java8/src/test/java/retrofit2/adapter/java8/CompletableFutureTest.java,retrofit2.adapter.java8.CompletableFutureTest,setUp/0,server,1
/Users/thiago/Documents/Thiago/CodeToAnalyze/retrofit/retrofit-adapters/java8/src/test/java/retrofit2/adapter/java8/CompletableFutureTest.java,retrofit2.adapter.java8.CompletableFutureTest,setUp/0,service,1
/Users/thiago/Documents/Thiago/CodeToAnalyze/retrofit/retrofit-adapters/java8/src/test/java/retrofit2/adapter/java8/CompletableFutureTest.java,retrofit2.adapter.java8.CompletableFutureTest,bodySuccess404/0,server,1
/Users/thiago/Documents/Thiago/CodeToAnalyze/retrofit/retrofit-adapters/java8/src/test/java/retrofit2/adapter/java8/CompletableFutureTest.java,retrofit2.adapter.java8.CompletableFutureTest,bodySuccess404/0,service,1
/Users/thiago/Documents/Thiago/CodeToAnalyze/retrofit/retrofit-adapters/java8/src/test/java/retrofit2/adapter/java8/CompletableFutureTest.java,retrofit2.adapter.java8.CompletableFutureTest,bodyFailure/0,server,1
/Users/thiago/Documents/Thiago/CodeToAnalyze/retrofit/retrofit-adapters/java8/src/test/java/retrofit2/adapter/java8/CompletableFutureTest.java,retrofit2.adapter.java8.CompletableFutureTest,bodyFailure/0,service,1
/Users/thiago/Documents/Thiago/CodeToAnalyze/retrofit/retrofit-adapters/java8/src/test/java/retrofit2/adapter/java8/CompletableFutureTest.java,retrofit2.adapter.java8.CompletableFutureTest,responseSuccess404/0,server,1
/Users/thiago/Documents/Thiago/CodeToAnalyze/retrofit/retrofit-adapters/java8/src/test/java/retrofit2/adapter/java8/CompletableFutureTest.java,retrofit2.adapter.java8.CompletableFutureTest,responseSuccess404/0,service,1
/Users/thiago/Documents/Thiago/CodeToAnalyze/retrofit/retrofit-adapters/java8/src/test/java/retrofit2/adapter/java8/CompletableFutureTest.java,retrofit2.adapter.java8.CompletableFutureTest,bodySuccess200/0,server,1
/Users/thiago/Documents/Thiago/CodeToAnalyze/retrofit/retrofit-adapters/java8/src/test/java/retrofit2/adapter/java8/CompletableFutureTest.java,retrofit2.adapter.java8.CompletableFutureTest,bodySuccess200/0,service,1
/Users/thiago/Documents/Thiago/CodeToAnalyze/retrofit/retrofit-adapters/java8/src/test/java/retrofit2/adapter/java8/CompletableFutureTest.java,retrofit2.adapter.java8.CompletableFutureTest,responseSuccess200/0,server,1
/Users/thiago/Documents/Thiago/CodeToAnalyze/retrofit/retrofit-adapters/java8/src/test/java/retrofit2/adapter/java8/CompletableFutureTest.java,retrofit2.adapter.java8.CompletableFutureTest,responseSuccess200/0,service,1
/Users/thiago/Documents/Thiago/CodeToAnalyze/retrofit/retrofit-adapters/rxjava/src/main/java/retrofit2/adapter/rxjava/CallArbiter.java,retrofit2.adapter.rxjava.CallArbiter,unsubscribe/0,call,1
/Users/thiago/Documents/Thiago/CodeToAnalyze/retrofit/retrofit-adapters/rxjava/src/main/java/retrofit2/adapter/rxjava/CallArbiter.java,retrofit2.adapter.rxjava.CallArbiter,unsubscribe/0,unsubscribed,1
/Users/thiago/Documents/Thiago/CodeToAnalyze/retrofit/retrofit-adapters/rxjava/src/main/java/retrofit2/adapter/rxjava/CallArbiter.java,retrofit2.adapter.rxjava.CallArbiter,deliverResponse/1[retrofit2.Response<T>],subscriber,3
/Users/thiago/Documents/Thiago/CodeToAnalyze/retrofit/retrofit-adapters/rxjava/src/main/java/retrofit2/adapter/rxjava/CallArbiter.java,retrofit2.adapter.rxjava.CallArbiter,deliverResponse/1[retrofit2.Response<T>],response,2
/Users/thiago/Documents/Thiago/CodeToAnalyze/retrofit/retrofit-adapters/rxjava/src/main/java/retrofit2/adapter/rxjava/CallArbiter.java,retrofit2.adapter.rxjava.CallArbiter,emitError/1[java.lang.Throwable],subscriber,1
/Users/thiago/Documents/Thiago/CodeToAnalyze/retrofit/retrofit-adapters/rxjava/src/main/java/retrofit2/adapter/rxjava/CallArbiter.java,retrofit2.adapter.rxjava.CallArbiter,emitError/1[java.lang.Throwable],STATE_TERMINATED,1
/Users/thiago/Documents/Thiago/CodeToAnalyze/retrofit/retrofit-adapters/rxjava/src/main/java/retrofit2/adapter/rxjava/CallArbiter.java,retrofit2.adapter.rxjava.CallArbiter,request/1[long],STATE_REQUESTED,2
/Users/thiago/Documents/Thiago/CodeToAnalyze/retrofit/retrofit-adapters/rxjava/src/main/java/retrofit2/adapter/rxjava/CallArbiter.java,retrofit2.adapter.rxjava.CallArbiter,request/1[long],STATE_HAS_RESPONSE,2
/Users/thiago/Documents/Thiago/CodeToAnalyze/retrofit/retrofit-adapters/rxjava/src/main/java/retrofit2/adapter/rxjava/CallArbiter.java,retrofit2.adapter.rxjava.CallArbiter,request/1[long],response,1
/Users/thiago/Documents/Thiago/CodeToAnalyze/retrofit/retrofit-adapters/rxjava/src/main/java/retrofit2/adapter/rxjava/CallArbiter.java,retrofit2.adapter.rxjava.CallArbiter,request/1[long],STATE_WAITING,2
/Users/thiago/Documents/Thiago/CodeToAnalyze/retrofit/retrofit-adapters/rxjava/src/main/java/retrofit2/adapter/rxjava/CallArbiter.java,retrofit2.adapter.rxjava.CallArbiter,request/1[long],STATE_TERMINATED,2
/Users/thiago/Documents/Thiago/CodeToAnalyze/retrofit/retrofit-adapters/rxjava/src/main/java/retrofit2/adapter/rxjava/CallArbiter.java,retrofit2.adapter.rxjava.CallArbiter,"CallArbiter/2[retrofit2.Call<T>,retrofit2.adapter.rxjava.Subscriber<? super retrofit2.Response<T>>]",call,3
/Users/thiago/Documents/Thiago/CodeToAnalyze/retrofit/retrofit-adapters/rxjava/src/main/java/retrofit2/adapter/rxjava/CallArbiter.java,retrofit2.adapter.rxjava.CallArbiter,"CallArbiter/2[retrofit2.Call<T>,retrofit2.adapter.rxjava.Subscriber<? super retrofit2.Response<T>>]",subscriber,3
/Users/thiago/Documents/Thiago/CodeToAnalyze/retrofit/retrofit-adapters/rxjava/src/main/java/retrofit2/adapter/rxjava/CallArbiter.java,retrofit2.adapter.rxjava.CallArbiter,"CallArbiter/2[retrofit2.Call<T>,retrofit2.adapter.rxjava.Subscriber<? super retrofit2.Response<T>>]",STATE_WAITING,1
/Users/thiago/Documents/Thiago/CodeToAnalyze/retrofit/retrofit-adapters/rxjava/src/main/java/retrofit2/adapter/rxjava/CallArbiter.java,retrofit2.adapter.rxjava.CallArbiter,emitResponse/1[retrofit2.Response<T>],STATE_REQUESTED,2
/Users/thiago/Documents/Thiago/CodeToAnalyze/retrofit/retrofit-adapters/rxjava/src/main/java/retrofit2/adapter/rxjava/CallArbiter.java,retrofit2.adapter.rxjava.CallArbiter,emitResponse/1[retrofit2.Response<T>],STATE_HAS_RESPONSE,2
/Users/thiago/Documents/Thiago/CodeToAnalyze/retrofit/retrofit-adapters/rxjava/src/main/java/retrofit2/adapter/rxjava/CallArbiter.java,retrofit2.adapter.rxjava.CallArbiter,emitResponse/1[retrofit2.Response<T>],response,4
/Users/thiago/Documents/Thiago/CodeToAnalyze/retrofit/retrofit-adapters/rxjava/src/main/java/retrofit2/adapter/rxjava/CallArbiter.java,retrofit2.adapter.rxjava.CallArbiter,emitResponse/1[retrofit2.Response<T>],STATE_WAITING,2
/Users/thiago/Documents/Thiago/CodeToAnalyze/retrofit/retrofit-adapters/rxjava/src/main/java/retrofit2/adapter/rxjava/CallArbiter.java,retrofit2.adapter.rxjava.CallArbiter,emitResponse/1[retrofit2.Response<T>],STATE_TERMINATED,2
/Users/thiago/Documents/Thiago/CodeToAnalyze/retrofit/retrofit-adapters/rxjava/src/main/java/retrofit2/adapter/rxjava/CallArbiter.java,retrofit2.adapter.rxjava.CallArbiter,isUnsubscribed/0,unsubscribed,1
/Users/thiago/Documents/Thiago/CodeToAnalyze/retrofit/retrofit-adapters/rxjava/src/main/java/retrofit2/adapter/rxjava/BodyOnSubscribe.java,retrofit2.adapter.rxjava.BodyOnSubscribe,BodyOnSubscribe/1[retrofit2.adapter.rxjava.OnSubscribe<retrofit2.Response<T>>],upstream,3
/Users/thiago/Documents/Thiago/CodeToAnalyze/retrofit/retrofit-adapters/rxjava/src/main/java/retrofit2/adapter/rxjava/BodyOnSubscribe.java,retrofit2.adapter.rxjava.BodyOnSubscribe,call/1[retrofit2.adapter.rxjava.Subscriber<? super T>],upstream,1
/Users/thiago/Documents/Thiago/CodeToAnalyze/retrofit/retrofit-adapters/rxjava2/src/main/java/retrofit2/adapter/rxjava2/CallEnqueueObservable.java,retrofit2.adapter.rxjava2.CallEnqueueObservable,subscribeActual/1[retrofit2.adapter.rxjava2.Observer<? super retrofit2.Response<T>>],originalCall,1
/Users/thiago/Documents/Thiago/CodeToAnalyze/retrofit/retrofit-adapters/rxjava2/src/main/java/retrofit2/adapter/rxjava2/CallEnqueueObservable.java,retrofit2.adapter.rxjava2.CallEnqueueObservable,CallEnqueueObservable/1[retrofit2.Call<T>],originalCall,3
/Users/thiago/Documents/Thiago/CodeToAnalyze/retrofit/retrofit-converters/gson/src/test/java/retrofit2/converter/gson/GsonConverterFactoryTest.java,retrofit2.converter.gson.GsonConverterFactoryTest$AnImplementation,getName/0,theName,1
/Users/thiago/Documents/Thiago/CodeToAnalyze/retrofit/retrofit-converters/gson/src/test/java/retrofit2/converter/gson/GsonConverterFactoryTest.java,retrofit2.converter.gson.GsonConverterFactoryTest$AnImplementation,AnImplementation/1[java.lang.String],theName,1
/Users/thiago/Documents/Thiago/CodeToAnalyze/retrofit/retrofit-converters/simplexml/src/test/java/retrofit2/converter/simplexml/MyObject.java,retrofit2.converter.simplexml.MyObject,"MyObject/2[java.lang.String,int]",count,3
/Users/thiago/Documents/Thiago/CodeToAnalyze/retrofit/retrofit-converters/simplexml/src/test/java/retrofit2/converter/simplexml/MyObject.java,retrofit2.converter.simplexml.MyObject,"MyObject/2[java.lang.String,int]",message,3
/Users/thiago/Documents/Thiago/CodeToAnalyze/retrofit/retrofit-converters/simplexml/src/test/java/retrofit2/converter/simplexml/MyObject.java,retrofit2.converter.simplexml.MyObject,setMessage/1[java.lang.String],message,3
/Users/thiago/Documents/Thiago/CodeToAnalyze/retrofit/retrofit-converters/simplexml/src/test/java/retrofit2/converter/simplexml/MyObject.java,retrofit2.converter.simplexml.MyObject,hashCode/0,count,1
/Users/thiago/Documents/Thiago/CodeToAnalyze/retrofit/retrofit-converters/simplexml/src/test/java/retrofit2/converter/simplexml/MyObject.java,retrofit2.converter.simplexml.MyObject,hashCode/0,message,2
/Users/thiago/Documents/Thiago/CodeToAnalyze/retrofit/retrofit-converters/simplexml/src/test/java/retrofit2/converter/simplexml/MyObject.java,retrofit2.converter.simplexml.MyObject,equals/1[java.lang.Object],count,1
/Users/thiago/Documents/Thiago/CodeToAnalyze/retrofit/retrofit-converters/simplexml/src/test/java/retrofit2/converter/simplexml/MyObject.java,retrofit2.converter.simplexml.MyObject,equals/1[java.lang.Object],message,2
/Users/thiago/Documents/Thiago/CodeToAnalyze/retrofit/retrofit-converters/simplexml/src/test/java/retrofit2/converter/simplexml/MyObject.java,retrofit2.converter.simplexml.MyObject,getCount/0,count,1
/Users/thiago/Documents/Thiago/CodeToAnalyze/retrofit/retrofit-converters/simplexml/src/test/java/retrofit2/converter/simplexml/MyObject.java,retrofit2.converter.simplexml.MyObject,setCount/1[int],count,3
/Users/thiago/Documents/Thiago/CodeToAnalyze/retrofit/retrofit-converters/simplexml/src/test/java/retrofit2/converter/simplexml/MyObject.java,retrofit2.converter.simplexml.MyObject,getMessage/0,message,1
/Users/thiago/Documents/Thiago/CodeToAnalyze/retrofit/retrofit-adapters/rxjava3/src/test/java/retrofit2/adapter/rxjava3/CancelDisposeTestSync.java,retrofit2.adapter.rxjava3.CancelDisposeTestSync,disposeBeforeExecuteDoesNotEnqueue/0,server,1
/Users/thiago/Documents/Thiago/CodeToAnalyze/retrofit/retrofit-adapters/rxjava3/src/test/java/retrofit2/adapter/rxjava3/CancelDisposeTestSync.java,retrofit2.adapter.rxjava3.CancelDisposeTestSync,disposeBeforeExecuteDoesNotEnqueue/0,service,1
/Users/thiago/Documents/Thiago/CodeToAnalyze/retrofit/retrofit-adapters/rxjava3/src/test/java/retrofit2/adapter/rxjava3/CancelDisposeTestSync.java,retrofit2.adapter.rxjava3.CancelDisposeTestSync,setUp/0,server,1
/Users/thiago/Documents/Thiago/CodeToAnalyze/retrofit/retrofit-adapters/rxjava3/src/test/java/retrofit2/adapter/rxjava3/CancelDisposeTestSync.java,retrofit2.adapter.rxjava3.CancelDisposeTestSync,setUp/0,service,1
/Users/thiago/Documents/Thiago/CodeToAnalyze/retrofit/retrofit-adapters/rxjava3/src/test/java/retrofit2/adapter/rxjava3/CancelDisposeTestSync.java,retrofit2.adapter.rxjava3.CancelDisposeTestSync,setUp/0,client,1
/Users/thiago/Documents/Thiago/CodeToAnalyze/retrofit/retrofit-converters/gson/src/main/java/retrofit2/converter/gson/GsonRequestBodyConverter.java,retrofit2.converter.gson.GsonRequestBodyConverter,convert/1[T],streaming,1
/Users/thiago/Documents/Thiago/CodeToAnalyze/retrofit/retrofit-converters/gson/src/main/java/retrofit2/converter/gson/GsonRequestBodyConverter.java,retrofit2.converter.gson.GsonRequestBodyConverter,convert/1[T],adapter,2
/Users/thiago/Documents/Thiago/CodeToAnalyze/retrofit/retrofit-converters/gson/src/main/java/retrofit2/converter/gson/GsonRequestBodyConverter.java,retrofit2.converter.gson.GsonRequestBodyConverter,convert/1[T],MEDIA_TYPE,1
/Users/thiago/Documents/Thiago/CodeToAnalyze/retrofit/retrofit-converters/gson/src/main/java/retrofit2/converter/gson/GsonRequestBodyConverter.java,retrofit2.converter.gson.GsonRequestBodyConverter,convert/1[T],gson,2
/Users/thiago/Documents/Thiago/CodeToAnalyze/retrofit/retrofit-converters/gson/src/main/java/retrofit2/converter/gson/GsonRequestBodyConverter.java,retrofit2.converter.gson.GsonRequestBodyConverter,"writeJson/4[retrofit2.converter.gson.BufferedSink,retrofit2.converter.gson.Gson,retrofit2.converter.gson.TypeAdapter<T>,T]",adapter,2
/Users/thiago/Documents/Thiago/CodeToAnalyze/retrofit/retrofit-converters/gson/src/main/java/retrofit2/converter/gson/GsonRequestBodyConverter.java,retrofit2.converter.gson.GsonRequestBodyConverter,"writeJson/4[retrofit2.converter.gson.BufferedSink,retrofit2.converter.gson.Gson,retrofit2.converter.gson.TypeAdapter<T>,T]",gson,2
/Users/thiago/Documents/Thiago/CodeToAnalyze/retrofit/retrofit-converters/gson/src/main/java/retrofit2/converter/gson/GsonRequestBodyConverter.java,retrofit2.converter.gson.GsonRequestBodyConverter,"GsonRequestBodyConverter/3[retrofit2.converter.gson.Gson,retrofit2.converter.gson.TypeAdapter<T>,boolean]",streaming,3
/Users/thiago/Documents/Thiago/CodeToAnalyze/retrofit/retrofit-converters/gson/src/main/java/retrofit2/converter/gson/GsonRequestBodyConverter.java,retrofit2.converter.gson.GsonRequestBodyConverter,"GsonRequestBodyConverter/3[retrofit2.converter.gson.Gson,retrofit2.converter.gson.TypeAdapter<T>,boolean]",adapter,3
/Users/thiago/Documents/Thiago/CodeToAnalyze/retrofit/retrofit-converters/gson/src/main/java/retrofit2/converter/gson/GsonRequestBodyConverter.java,retrofit2.converter.gson.GsonRequestBodyConverter,"GsonRequestBodyConverter/3[retrofit2.converter.gson.Gson,retrofit2.converter.gson.TypeAdapter<T>,boolean]",gson,3
/Users/thiago/Documents/Thiago/CodeToAnalyze/retrofit/retrofit/android-test/src/androidTest/java/retrofit2/UriAndroidTest.java,retrofit2.UriAndroidTest,getWithAndroidUriUrl/0,service,1
/Users/thiago/Documents/Thiago/CodeToAnalyze/retrofit/retrofit/android-test/src/androidTest/java/retrofit2/UriAndroidTest.java,retrofit2.UriAndroidTest,getWithAndroidUriUrl/0,server1,3
/Users/thiago/Documents/Thiago/CodeToAnalyze/retrofit/retrofit/android-test/src/androidTest/java/retrofit2/UriAndroidTest.java,retrofit2.UriAndroidTest,getWithAndroidUriUrlAbsolute/0,service,1
/Users/thiago/Documents/Thiago/CodeToAnalyze/retrofit/retrofit/android-test/src/androidTest/java/retrofit2/UriAndroidTest.java,retrofit2.UriAndroidTest,getWithAndroidUriUrlAbsolute/0,server2,3
/Users/thiago/Documents/Thiago/CodeToAnalyze/retrofit/retrofit/android-test/src/androidTest/java/retrofit2/UriAndroidTest.java,retrofit2.UriAndroidTest,setUp/0,service,1
/Users/thiago/Documents/Thiago/CodeToAnalyze/retrofit/retrofit/android-test/src/androidTest/java/retrofit2/UriAndroidTest.java,retrofit2.UriAndroidTest,setUp/0,server1,1
/Users/thiago/Documents/Thiago/CodeToAnalyze/retrofit/retrofit-adapters/rxjava2/src/test/java/retrofit2/adapter/rxjava2/SingleThrowingTest.java,retrofit2.adapter.rxjava2.SingleThrowingTest,setUp/0,server,1
/Users/thiago/Documents/Thiago/CodeToAnalyze/retrofit/retrofit-adapters/rxjava2/src/test/java/retrofit2/adapter/rxjava2/SingleThrowingTest.java,retrofit2.adapter.rxjava2.SingleThrowingTest,setUp/0,service,1
/Users/thiago/Documents/Thiago/CodeToAnalyze/retrofit/retrofit-adapters/rxjava2/src/test/java/retrofit2/adapter/rxjava2/SingleThrowingTest.java,retrofit2.adapter.rxjava2.SingleThrowingTest,resultThrowingInOnSuccessDeliveredToPlugin/0,server,1
/Users/thiago/Documents/Thiago/CodeToAnalyze/retrofit/retrofit-adapters/rxjava2/src/test/java/retrofit2/adapter/rxjava2/SingleThrowingTest.java,retrofit2.adapter.rxjava2.SingleThrowingTest,resultThrowingInOnSuccessDeliveredToPlugin/0,subscriberRule,1
/Users/thiago/Documents/Thiago/CodeToAnalyze/retrofit/retrofit-adapters/rxjava2/src/test/java/retrofit2/adapter/rxjava2/SingleThrowingTest.java,retrofit2.adapter.rxjava2.SingleThrowingTest,resultThrowingInOnSuccessDeliveredToPlugin/0,service,1
/Users/thiago/Documents/Thiago/CodeToAnalyze/retrofit/retrofit-adapters/rxjava2/src/test/java/retrofit2/adapter/rxjava2/SingleThrowingTest.java,retrofit2.adapter.rxjava2.SingleThrowingTest,bodyThrowingInOnErrorDeliveredToPlugin/0,server,1
/Users/thiago/Documents/Thiago/CodeToAnalyze/retrofit/retrofit-adapters/rxjava2/src/test/java/retrofit2/adapter/rxjava2/SingleThrowingTest.java,retrofit2.adapter.rxjava2.SingleThrowingTest,bodyThrowingInOnErrorDeliveredToPlugin/0,subscriberRule,1
/Users/thiago/Documents/Thiago/CodeToAnalyze/retrofit/retrofit-adapters/rxjava2/src/test/java/retrofit2/adapter/rxjava2/SingleThrowingTest.java,retrofit2.adapter.rxjava2.SingleThrowingTest,bodyThrowingInOnErrorDeliveredToPlugin/0,service,1
/Users/thiago/Documents/Thiago/CodeToAnalyze/retrofit/retrofit-adapters/rxjava2/src/test/java/retrofit2/adapter/rxjava2/SingleThrowingTest.java,retrofit2.adapter.rxjava2.SingleThrowingTest,resultThrowingInOnErrorDeliveredToPlugin/0,server,1
/Users/thiago/Documents/Thiago/CodeToAnalyze/retrofit/retrofit-adapters/rxjava2/src/test/java/retrofit2/adapter/rxjava2/SingleThrowingTest.java,retrofit2.adapter.rxjava2.SingleThrowingTest,resultThrowingInOnErrorDeliveredToPlugin/0,subscriberRule,1
/Users/thiago/Documents/Thiago/CodeToAnalyze/retrofit/retrofit-adapters/rxjava2/src/test/java/retrofit2/adapter/rxjava2/SingleThrowingTest.java,retrofit2.adapter.rxjava2.SingleThrowingTest,resultThrowingInOnErrorDeliveredToPlugin/0,service,1
/Users/thiago/Documents/Thiago/CodeToAnalyze/retrofit/retrofit-adapters/rxjava2/src/test/java/retrofit2/adapter/rxjava2/SingleThrowingTest.java,retrofit2.adapter.rxjava2.SingleThrowingTest,responseThrowingInOnErrorDeliveredToPlugin/0,server,1
/Users/thiago/Documents/Thiago/CodeToAnalyze/retrofit/retrofit-adapters/rxjava2/src/test/java/retrofit2/adapter/rxjava2/SingleThrowingTest.java,retrofit2.adapter.rxjava2.SingleThrowingTest,responseThrowingInOnErrorDeliveredToPlugin/0,subscriberRule,1
/Users/thiago/Documents/Thiago/CodeToAnalyze/retrofit/retrofit-adapters/rxjava2/src/test/java/retrofit2/adapter/rxjava2/SingleThrowingTest.java,retrofit2.adapter.rxjava2.SingleThrowingTest,responseThrowingInOnErrorDeliveredToPlugin/0,service,1
/Users/thiago/Documents/Thiago/CodeToAnalyze/retrofit/retrofit-adapters/rxjava2/src/test/java/retrofit2/adapter/rxjava2/SingleThrowingTest.java,retrofit2.adapter.rxjava2.SingleThrowingTest,bodyThrowingInOnSuccessDeliveredToPlugin/0,server,1
/Users/thiago/Documents/Thiago/CodeToAnalyze/retrofit/retrofit-adapters/rxjava2/src/test/java/retrofit2/adapter/rxjava2/SingleThrowingTest.java,retrofit2.adapter.rxjava2.SingleThrowingTest,bodyThrowingInOnSuccessDeliveredToPlugin/0,subscriberRule,1
/Users/thiago/Documents/Thiago/CodeToAnalyze/retrofit/retrofit-adapters/rxjava2/src/test/java/retrofit2/adapter/rxjava2/SingleThrowingTest.java,retrofit2.adapter.rxjava2.SingleThrowingTest,bodyThrowingInOnSuccessDeliveredToPlugin/0,service,1
/Users/thiago/Documents/Thiago/CodeToAnalyze/retrofit/retrofit-adapters/rxjava2/src/test/java/retrofit2/adapter/rxjava2/SingleThrowingTest.java,retrofit2.adapter.rxjava2.SingleThrowingTest,responseThrowingInOnSuccessDeliveredToPlugin/0,server,1
/Users/thiago/Documents/Thiago/CodeToAnalyze/retrofit/retrofit-adapters/rxjava2/src/test/java/retrofit2/adapter/rxjava2/SingleThrowingTest.java,retrofit2.adapter.rxjava2.SingleThrowingTest,responseThrowingInOnSuccessDeliveredToPlugin/0,subscriberRule,1
/Users/thiago/Documents/Thiago/CodeToAnalyze/retrofit/retrofit-adapters/rxjava2/src/test/java/retrofit2/adapter/rxjava2/SingleThrowingTest.java,retrofit2.adapter.rxjava2.SingleThrowingTest,responseThrowingInOnSuccessDeliveredToPlugin/0,service,1
/Users/thiago/Documents/Thiago/CodeToAnalyze/retrofit/retrofit-converters/jaxb3/src/main/java/retrofit2/converter/jaxb3/JaxbRequestConverter.java,retrofit2.converter.jaxb3.JaxbRequestConverter,convert/1[T],xmlOutputFactory,1
/Users/thiago/Documents/Thiago/CodeToAnalyze/retrofit/retrofit-converters/jaxb3/src/main/java/retrofit2/converter/jaxb3/JaxbRequestConverter.java,retrofit2.converter.jaxb3.JaxbRequestConverter,convert/1[T],context,1
/Users/thiago/Documents/Thiago/CodeToAnalyze/retrofit/retrofit-converters/jaxb3/src/main/java/retrofit2/converter/jaxb3/JaxbRequestConverter.java,retrofit2.converter.jaxb3.JaxbRequestConverter,"JaxbRequestConverter/2[retrofit2.converter.jaxb3.JAXBContext,java.lang.Class<T>]",context,3
/Users/thiago/Documents/Thiago/CodeToAnalyze/retrofit/retrofit-converters/jaxb3/src/main/java/retrofit2/converter/jaxb3/JaxbRequestConverter.java,retrofit2.converter.jaxb3.JaxbRequestConverter,"JaxbRequestConverter/2[retrofit2.converter.jaxb3.JAXBContext,java.lang.Class<T>]",type,3
/Users/thiago/Documents/Thiago/CodeToAnalyze/retrofit/retrofit-adapters/rxjava/src/test/java/retrofit2/adapter/rxjava/SingleThrowingTest.java,retrofit2.adapter.rxjava.SingleThrowingTest$ForwardingObserver,onError/1[java.lang.Throwable],delegate,1
/Users/thiago/Documents/Thiago/CodeToAnalyze/retrofit/retrofit-adapters/rxjava/src/test/java/retrofit2/adapter/rxjava/SingleThrowingTest.java,retrofit2.adapter.rxjava.SingleThrowingTest$ForwardingObserver,onSuccess/1[T],delegate,2
/Users/thiago/Documents/Thiago/CodeToAnalyze/retrofit/retrofit-adapters/rxjava/src/test/java/retrofit2/adapter/rxjava/SingleThrowingTest.java,retrofit2.adapter.rxjava.SingleThrowingTest$ForwardingObserver,ForwardingObserver/1[retrofit2.adapter.rxjava.Subscriber<T>],delegate,3
/Users/thiago/Documents/Thiago/CodeToAnalyze/retrofit/retrofit-adapters/rxjava2/src/test/java/retrofit2/adapter/rxjava2/MaybeTest.java,retrofit2.adapter.rxjava2.MaybeTest,bodySuccess404/0,server,1
/Users/thiago/Documents/Thiago/CodeToAnalyze/retrofit/retrofit-adapters/rxjava2/src/test/java/retrofit2/adapter/rxjava2/MaybeTest.java,retrofit2.adapter.rxjava2.MaybeTest,bodySuccess404/0,service,1
/Users/thiago/Documents/Thiago/CodeToAnalyze/retrofit/retrofit-adapters/rxjava2/src/test/java/retrofit2/adapter/rxjava2/MaybeTest.java,retrofit2.adapter.rxjava2.MaybeTest,bodySuccess404/0,observerRule,1
/Users/thiago/Documents/Thiago/CodeToAnalyze/retrofit/retrofit-adapters/rxjava2/src/test/java/retrofit2/adapter/rxjava2/MaybeTest.java,retrofit2.adapter.rxjava2.MaybeTest,resultSuccess200/0,server,1
/Users/thiago/Documents/Thiago/CodeToAnalyze/retrofit/retrofit-adapters/rxjava2/src/test/java/retrofit2/adapter/rxjava2/MaybeTest.java,retrofit2.adapter.rxjava2.MaybeTest,resultSuccess200/0,service,1
/Users/thiago/Documents/Thiago/CodeToAnalyze/retrofit/retrofit-adapters/rxjava2/src/test/java/retrofit2/adapter/rxjava2/MaybeTest.java,retrofit2.adapter.rxjava2.MaybeTest,resultSuccess200/0,observerRule,1
/Users/thiago/Documents/Thiago/CodeToAnalyze/retrofit/retrofit-adapters/rxjava2/src/test/java/retrofit2/adapter/rxjava2/MaybeTest.java,retrofit2.adapter.rxjava2.MaybeTest,responseSuccess404/0,server,1
/Users/thiago/Documents/Thiago/CodeToAnalyze/retrofit/retrofit-adapters/rxjava2/src/test/java/retrofit2/adapter/rxjava2/MaybeTest.java,retrofit2.adapter.rxjava2.MaybeTest,responseSuccess404/0,service,1
/Users/thiago/Documents/Thiago/CodeToAnalyze/retrofit/retrofit-adapters/rxjava2/src/test/java/retrofit2/adapter/rxjava2/MaybeTest.java,retrofit2.adapter.rxjava2.MaybeTest,responseSuccess404/0,observerRule,1
/Users/thiago/Documents/Thiago/CodeToAnalyze/retrofit/retrofit-adapters/rxjava2/src/test/java/retrofit2/adapter/rxjava2/MaybeTest.java,retrofit2.adapter.rxjava2.MaybeTest,setUp/0,server,1
/Users/thiago/Documents/Thiago/CodeToAnalyze/retrofit/retrofit-adapters/rxjava2/src/test/java/retrofit2/adapter/rxjava2/MaybeTest.java,retrofit2.adapter.rxjava2.MaybeTest,setUp/0,service,1
/Users/thiago/Documents/Thiago/CodeToAnalyze/retrofit/retrofit-adapters/rxjava2/src/test/java/retrofit2/adapter/rxjava2/MaybeTest.java,retrofit2.adapter.rxjava2.MaybeTest,bodyFailure/0,server,1
/Users/thiago/Documents/Thiago/CodeToAnalyze/retrofit/retrofit-adapters/rxjava2/src/test/java/retrofit2/adapter/rxjava2/MaybeTest.java,retrofit2.adapter.rxjava2.MaybeTest,bodyFailure/0,service,1
/Users/thiago/Documents/Thiago/CodeToAnalyze/retrofit/retrofit-adapters/rxjava2/src/test/java/retrofit2/adapter/rxjava2/MaybeTest.java,retrofit2.adapter.rxjava2.MaybeTest,bodyFailure/0,observerRule,1
/Users/thiago/Documents/Thiago/CodeToAnalyze/retrofit/retrofit-adapters/rxjava2/src/test/java/retrofit2/adapter/rxjava2/MaybeTest.java,retrofit2.adapter.rxjava2.MaybeTest,responseSuccess200/0,server,1
/Users/thiago/Documents/Thiago/CodeToAnalyze/retrofit/retrofit-adapters/rxjava2/src/test/java/retrofit2/adapter/rxjava2/MaybeTest.java,retrofit2.adapter.rxjava2.MaybeTest,responseSuccess200/0,service,1
/Users/thiago/Documents/Thiago/CodeToAnalyze/retrofit/retrofit-adapters/rxjava2/src/test/java/retrofit2/adapter/rxjava2/MaybeTest.java,retrofit2.adapter.rxjava2.MaybeTest,responseSuccess200/0,observerRule,1
/Users/thiago/Documents/Thiago/CodeToAnalyze/retrofit/retrofit-adapters/rxjava2/src/test/java/retrofit2/adapter/rxjava2/MaybeTest.java,retrofit2.adapter.rxjava2.MaybeTest,bodySuccess200/0,server,1
/Users/thiago/Documents/Thiago/CodeToAnalyze/retrofit/retrofit-adapters/rxjava2/src/test/java/retrofit2/adapter/rxjava2/MaybeTest.java,retrofit2.adapter.rxjava2.MaybeTest,bodySuccess200/0,service,1
/Users/thiago/Documents/Thiago/CodeToAnalyze/retrofit/retrofit-adapters/rxjava2/src/test/java/retrofit2/adapter/rxjava2/MaybeTest.java,retrofit2.adapter.rxjava2.MaybeTest,bodySuccess200/0,observerRule,1
/Users/thiago/Documents/Thiago/CodeToAnalyze/retrofit/retrofit-adapters/rxjava2/src/test/java/retrofit2/adapter/rxjava2/MaybeTest.java,retrofit2.adapter.rxjava2.MaybeTest,resultSuccess404/0,server,1
/Users/thiago/Documents/Thiago/CodeToAnalyze/retrofit/retrofit-adapters/rxjava2/src/test/java/retrofit2/adapter/rxjava2/MaybeTest.java,retrofit2.adapter.rxjava2.MaybeTest,resultSuccess404/0,service,1
/Users/thiago/Documents/Thiago/CodeToAnalyze/retrofit/retrofit-adapters/rxjava2/src/test/java/retrofit2/adapter/rxjava2/MaybeTest.java,retrofit2.adapter.rxjava2.MaybeTest,resultSuccess404/0,observerRule,1
/Users/thiago/Documents/Thiago/CodeToAnalyze/retrofit/retrofit-adapters/rxjava2/src/test/java/retrofit2/adapter/rxjava2/MaybeTest.java,retrofit2.adapter.rxjava2.MaybeTest,responseFailure/0,server,1
/Users/thiago/Documents/Thiago/CodeToAnalyze/retrofit/retrofit-adapters/rxjava2/src/test/java/retrofit2/adapter/rxjava2/MaybeTest.java,retrofit2.adapter.rxjava2.MaybeTest,responseFailure/0,service,1
/Users/thiago/Documents/Thiago/CodeToAnalyze/retrofit/retrofit-adapters/rxjava2/src/test/java/retrofit2/adapter/rxjava2/MaybeTest.java,retrofit2.adapter.rxjava2.MaybeTest,responseFailure/0,observerRule,1
/Users/thiago/Documents/Thiago/CodeToAnalyze/retrofit/retrofit-adapters/rxjava2/src/test/java/retrofit2/adapter/rxjava2/MaybeTest.java,retrofit2.adapter.rxjava2.MaybeTest,resultFailure/0,server,1
/Users/thiago/Documents/Thiago/CodeToAnalyze/retrofit/retrofit-adapters/rxjava2/src/test/java/retrofit2/adapter/rxjava2/MaybeTest.java,retrofit2.adapter.rxjava2.MaybeTest,resultFailure/0,service,1
/Users/thiago/Documents/Thiago/CodeToAnalyze/retrofit/retrofit-adapters/rxjava2/src/test/java/retrofit2/adapter/rxjava2/MaybeTest.java,retrofit2.adapter.rxjava2.MaybeTest,resultFailure/0,observerRule,1
/Users/thiago/Documents/Thiago/CodeToAnalyze/retrofit/retrofit-adapters/rxjava2/src/test/java/retrofit2/adapter/rxjava2/MaybeTest.java,retrofit2.adapter.rxjava2.MaybeTest,subscribeTwice/0,server,2
/Users/thiago/Documents/Thiago/CodeToAnalyze/retrofit/retrofit-adapters/rxjava2/src/test/java/retrofit2/adapter/rxjava2/MaybeTest.java,retrofit2.adapter.rxjava2.MaybeTest,subscribeTwice/0,service,1
/Users/thiago/Documents/Thiago/CodeToAnalyze/retrofit/retrofit-adapters/rxjava2/src/test/java/retrofit2/adapter/rxjava2/MaybeTest.java,retrofit2.adapter.rxjava2.MaybeTest,subscribeTwice/0,observerRule,2
/Users/thiago/Documents/Thiago/CodeToAnalyze/retrofit/retrofit-adapters/rxjava2/src/main/java/retrofit2/adapter/rxjava2/ResultObservable.java,retrofit2.adapter.rxjava2.ResultObservable,subscribeActual/1[retrofit2.adapter.rxjava2.Observer<? super retrofit2.adapter.rxjava2.Result<T>>],upstream,1
/Users/thiago/Documents/Thiago/CodeToAnalyze/retrofit/retrofit-adapters/rxjava2/src/main/java/retrofit2/adapter/rxjava2/ResultObservable.java,retrofit2.adapter.rxjava2.ResultObservable,ResultObservable/1[retrofit2.adapter.rxjava2.Observable<retrofit2.Response<T>>],upstream,3
/Users/thiago/Documents/Thiago/CodeToAnalyze/retrofit/retrofit/java-test/src/test/java/retrofit2/MethodParameterReflectionTest.java,retrofit2.MethodParameterReflectionTest,paramNameIsUsedWithParamReflection/0,retrofit,1
/Users/thiago/Documents/Thiago/CodeToAnalyze/retrofit/retrofit/java-test/src/test/java/retrofit2/MethodParameterReflectionTest.java,retrofit2.MethodParameterReflectionTest,paramIndexIsUsedWithoutParamReflection/0,retrofit,1
/Users/thiago/Documents/Thiago/CodeToAnalyze/retrofit/retrofit-converters/wire/src/main/java/retrofit2/converter/wire/WireRequestBodyConverter.java,retrofit2.converter.wire.WireRequestBodyConverter,convert/1[T],streaming,1
/Users/thiago/Documents/Thiago/CodeToAnalyze/retrofit/retrofit-converters/wire/src/main/java/retrofit2/converter/wire/WireRequestBodyConverter.java,retrofit2.converter.wire.WireRequestBodyConverter,convert/1[T],adapter,2
/Users/thiago/Documents/Thiago/CodeToAnalyze/retrofit/retrofit-converters/wire/src/main/java/retrofit2/converter/wire/WireRequestBodyConverter.java,retrofit2.converter.wire.WireRequestBodyConverter,convert/1[T],MEDIA_TYPE,1
/Users/thiago/Documents/Thiago/CodeToAnalyze/retrofit/retrofit-converters/wire/src/main/java/retrofit2/converter/wire/WireRequestBodyConverter.java,retrofit2.converter.wire.WireRequestBodyConverter,"WireRequestBodyConverter/2[retrofit2.converter.wire.ProtoAdapter<T>,boolean]",streaming,3
/Users/thiago/Documents/Thiago/CodeToAnalyze/retrofit/retrofit-converters/wire/src/main/java/retrofit2/converter/wire/WireRequestBodyConverter.java,retrofit2.converter.wire.WireRequestBodyConverter,"WireRequestBodyConverter/2[retrofit2.converter.wire.ProtoAdapter<T>,boolean]",adapter,3
/Users/thiago/Documents/Thiago/CodeToAnalyze/retrofit/retrofit-adapters/rxjava3/src/test/java/retrofit2/adapter/rxjava3/RecordingMaybeObserver.java,retrofit2.adapter.rxjava3.RecordingMaybeObserver,onError/1[java.lang.Throwable],events,1
/Users/thiago/Documents/Thiago/CodeToAnalyze/retrofit/retrofit-adapters/rxjava3/src/test/java/retrofit2/adapter/rxjava3/RecordingMaybeObserver.java,retrofit2.adapter.rxjava3.RecordingMaybeObserver,onComplete/0,events,1
/Users/thiago/Documents/Thiago/CodeToAnalyze/retrofit/retrofit-adapters/rxjava3/src/test/java/retrofit2/adapter/rxjava3/RecordingMaybeObserver.java,retrofit2.adapter.rxjava3.RecordingMaybeObserver,onSuccess/1[T],events,1
/Users/thiago/Documents/Thiago/CodeToAnalyze/retrofit/retrofit-adapters/rxjava3/src/test/java/retrofit2/adapter/rxjava3/RecordingMaybeObserver.java,retrofit2.adapter.rxjava3.RecordingMaybeObserver,takeNotification/0,events,1
/Users/thiago/Documents/Thiago/CodeToAnalyze/retrofit/retrofit-adapters/rxjava3/src/test/java/retrofit2/adapter/rxjava3/RecordingMaybeObserver.java,retrofit2.adapter.rxjava3.RecordingMaybeObserver,assertNoEvents/0,events,1
/Users/thiago/Documents/Thiago/CodeToAnalyze/retrofit/retrofit/src/main/java/retrofit2/DefaultCallAdapterFactory.java,retrofit2.DefaultCallAdapterFactory$ExecutorCallbackCall,cancel/0,delegate,1
/Users/thiago/Documents/Thiago/CodeToAnalyze/retrofit/retrofit/src/main/java/retrofit2/DefaultCallAdapterFactory.java,retrofit2.DefaultCallAdapterFactory$ExecutorCallbackCall,isCanceled/0,delegate,1
/Users/thiago/Documents/Thiago/CodeToAnalyze/retrofit/retrofit/src/main/java/retrofit2/DefaultCallAdapterFactory.java,retrofit2.DefaultCallAdapterFactory$ExecutorCallbackCall,clone/0,delegate,1
/Users/thiago/Documents/Thiago/CodeToAnalyze/retrofit/retrofit/src/main/java/retrofit2/DefaultCallAdapterFactory.java,retrofit2.DefaultCallAdapterFactory$ExecutorCallbackCall,clone/0,callbackExecutor,1
/Users/thiago/Documents/Thiago/CodeToAnalyze/retrofit/retrofit/src/main/java/retrofit2/DefaultCallAdapterFactory.java,retrofit2.DefaultCallAdapterFactory$ExecutorCallbackCall,"ExecutorCallbackCall/2[java.util.concurrent.Executor,retrofit2.Call<T>]",delegate,3
/Users/thiago/Documents/Thiago/CodeToAnalyze/retrofit/retrofit/src/main/java/retrofit2/DefaultCallAdapterFactory.java,retrofit2.DefaultCallAdapterFactory$ExecutorCallbackCall,"ExecutorCallbackCall/2[java.util.concurrent.Executor,retrofit2.Call<T>]",callbackExecutor,3
/Users/thiago/Documents/Thiago/CodeToAnalyze/retrofit/retrofit/src/main/java/retrofit2/DefaultCallAdapterFactory.java,retrofit2.DefaultCallAdapterFactory$ExecutorCallbackCall,execute/0,delegate,1
/Users/thiago/Documents/Thiago/CodeToAnalyze/retrofit/retrofit/src/main/java/retrofit2/DefaultCallAdapterFactory.java,retrofit2.DefaultCallAdapterFactory$ExecutorCallbackCall,isExecuted/0,delegate,1
/Users/thiago/Documents/Thiago/CodeToAnalyze/retrofit/retrofit/src/main/java/retrofit2/DefaultCallAdapterFactory.java,retrofit2.DefaultCallAdapterFactory$ExecutorCallbackCall,request/0,delegate,1
/Users/thiago/Documents/Thiago/CodeToAnalyze/retrofit/retrofit/src/main/java/retrofit2/DefaultCallAdapterFactory.java,retrofit2.DefaultCallAdapterFactory$ExecutorCallbackCall,timeout/0,delegate,1
/Users/thiago/Documents/Thiago/CodeToAnalyze/retrofit/retrofit/src/main/java/retrofit2/DefaultCallAdapterFactory.java,retrofit2.DefaultCallAdapterFactory$ExecutorCallbackCall,enqueue/1[retrofit2.Callback<T>],delegate,1
/Users/thiago/Documents/Thiago/CodeToAnalyze/retrofit/retrofit/src/main/java/retrofit2/ParameterHandler.java,retrofit2.ParameterHandler$HeaderMap,"HeaderMap/4[java.lang.reflect.Method,int,retrofit2.Converter<T,java.lang.String>,boolean]",p,3
/Users/thiago/Documents/Thiago/CodeToAnalyze/retrofit/retrofit/src/main/java/retrofit2/ParameterHandler.java,retrofit2.ParameterHandler$HeaderMap,"HeaderMap/4[java.lang.reflect.Method,int,retrofit2.Converter<T,java.lang.String>,boolean]",method,3
/Users/thiago/Documents/Thiago/CodeToAnalyze/retrofit/retrofit/src/main/java/retrofit2/ParameterHandler.java,retrofit2.ParameterHandler$HeaderMap,"HeaderMap/4[java.lang.reflect.Method,int,retrofit2.Converter<T,java.lang.String>,boolean]",valueConverter,3
/Users/thiago/Documents/Thiago/CodeToAnalyze/retrofit/retrofit/src/main/java/retrofit2/ParameterHandler.java,retrofit2.ParameterHandler$HeaderMap,"HeaderMap/4[java.lang.reflect.Method,int,retrofit2.Converter<T,java.lang.String>,boolean]",allowUnsafeNonAsciiValues,3
/Users/thiago/Documents/Thiago/CodeToAnalyze/retrofit/retrofit/src/main/java/retrofit2/ParameterHandler.java,retrofit2.ParameterHandler$HeaderMap,"apply/2[retrofit2.RequestBuilder,java.util.Map<java.lang.String,T>]",p,3
/Users/thiago/Documents/Thiago/CodeToAnalyze/retrofit/retrofit/src/main/java/retrofit2/ParameterHandler.java,retrofit2.ParameterHandler$HeaderMap,"apply/2[retrofit2.RequestBuilder,java.util.Map<java.lang.String,T>]",method,3
/Users/thiago/Documents/Thiago/CodeToAnalyze/retrofit/retrofit/src/main/java/retrofit2/ParameterHandler.java,retrofit2.ParameterHandler$HeaderMap,"apply/2[retrofit2.RequestBuilder,java.util.Map<java.lang.String,T>]",valueConverter,1
/Users/thiago/Documents/Thiago/CodeToAnalyze/retrofit/retrofit/src/main/java/retrofit2/ParameterHandler.java,retrofit2.ParameterHandler$HeaderMap,"apply/2[retrofit2.RequestBuilder,java.util.Map<java.lang.String,T>]",allowUnsafeNonAsciiValues,1
/Users/thiago/Documents/Thiago/CodeToAnalyze/retrofit/retrofit-adapters/rxjava/src/test/java/retrofit2/adapter/rxjava/RecordingSubscriber.java,retrofit2.adapter.rxjava.RecordingSubscriber$Rule,createWithInitialRequest/1[long],subscribers,1
/Users/thiago/Documents/Thiago/CodeToAnalyze/retrofit/retrofit-converters/protobuf/src/main/java/retrofit2/converter/protobuf/ProtoStreamingRequestBody.java,retrofit2.converter.protobuf.ProtoStreamingRequestBody,ProtoStreamingRequestBody/1[retrofit2.converter.protobuf.MessageLite],value,3
/Users/thiago/Documents/Thiago/CodeToAnalyze/retrofit/retrofit-converters/protobuf/src/main/java/retrofit2/converter/protobuf/ProtoStreamingRequestBody.java,retrofit2.converter.protobuf.ProtoStreamingRequestBody,writeTo/1[retrofit2.converter.protobuf.BufferedSink],value,1
/Users/thiago/Documents/Thiago/CodeToAnalyze/retrofit/retrofit-adapters/rxjava2/src/main/java/retrofit2/adapter/rxjava2/RxJava2CallAdapterFactory.java,retrofit2.adapter.rxjava2.RxJava2CallAdapterFactory,"get/3[java.lang.reflect.Type,java.lang.annotation.Annotation[],retrofit2.Retrofit]",scheduler,2
/Users/thiago/Documents/Thiago/CodeToAnalyze/retrofit/retrofit-adapters/rxjava2/src/main/java/retrofit2/adapter/rxjava2/RxJava2CallAdapterFactory.java,retrofit2.adapter.rxjava2.RxJava2CallAdapterFactory,"get/3[java.lang.reflect.Type,java.lang.annotation.Annotation[],retrofit2.Retrofit]",isAsync,2
/Users/thiago/Documents/Thiago/CodeToAnalyze/retrofit/retrofit-adapters/rxjava2/src/main/java/retrofit2/adapter/rxjava2/RxJava2CallAdapterFactory.java,retrofit2.adapter.rxjava2.RxJava2CallAdapterFactory,"RxJava2CallAdapterFactory/2[retrofit2.adapter.rxjava2.Scheduler,boolean]",scheduler,3
/Users/thiago/Documents/Thiago/CodeToAnalyze/retrofit/retrofit-adapters/rxjava2/src/main/java/retrofit2/adapter/rxjava2/RxJava2CallAdapterFactory.java,retrofit2.adapter.rxjava2.RxJava2CallAdapterFactory,"RxJava2CallAdapterFactory/2[retrofit2.adapter.rxjava2.Scheduler,boolean]",isAsync,3
/Users/thiago/Documents/Thiago/CodeToAnalyze/retrofit/retrofit-adapters/rxjava2/src/main/java/retrofit2/adapter/rxjava2/RxJava2CallAdapterFactory.java,retrofit2.adapter.rxjava2.RxJava2CallAdapterFactory,createWithScheduler/1[retrofit2.adapter.rxjava2.Scheduler],scheduler,3
/Users/thiago/Documents/Thiago/CodeToAnalyze/retrofit/retrofit-adapters/rxjava3/src/test/java/retrofit2/adapter/rxjava3/MaybeWithSchedulerTest.java,retrofit2.adapter.rxjava3.MaybeWithSchedulerTest,responseUsesScheduler/0,scheduler,1
/Users/thiago/Documents/Thiago/CodeToAnalyze/retrofit/retrofit-adapters/rxjava3/src/test/java/retrofit2/adapter/rxjava3/MaybeWithSchedulerTest.java,retrofit2.adapter.rxjava3.MaybeWithSchedulerTest,responseUsesScheduler/0,server,1
/Users/thiago/Documents/Thiago/CodeToAnalyze/retrofit/retrofit-adapters/rxjava3/src/test/java/retrofit2/adapter/rxjava3/MaybeWithSchedulerTest.java,retrofit2.adapter.rxjava3.MaybeWithSchedulerTest,responseUsesScheduler/0,service,1
/Users/thiago/Documents/Thiago/CodeToAnalyze/retrofit/retrofit-adapters/rxjava3/src/test/java/retrofit2/adapter/rxjava3/MaybeWithSchedulerTest.java,retrofit2.adapter.rxjava3.MaybeWithSchedulerTest,responseUsesScheduler/0,observerRule,1
/Users/thiago/Documents/Thiago/CodeToAnalyze/retrofit/retrofit-adapters/rxjava3/src/test/java/retrofit2/adapter/rxjava3/MaybeWithSchedulerTest.java,retrofit2.adapter.rxjava3.MaybeWithSchedulerTest,setUp/0,scheduler,1
/Users/thiago/Documents/Thiago/CodeToAnalyze/retrofit/retrofit-adapters/rxjava3/src/test/java/retrofit2/adapter/rxjava3/MaybeWithSchedulerTest.java,retrofit2.adapter.rxjava3.MaybeWithSchedulerTest,setUp/0,server,1
/Users/thiago/Documents/Thiago/CodeToAnalyze/retrofit/retrofit-adapters/rxjava3/src/test/java/retrofit2/adapter/rxjava3/MaybeWithSchedulerTest.java,retrofit2.adapter.rxjava3.MaybeWithSchedulerTest,setUp/0,service,1
/Users/thiago/Documents/Thiago/CodeToAnalyze/retrofit/retrofit-adapters/rxjava3/src/test/java/retrofit2/adapter/rxjava3/MaybeWithSchedulerTest.java,retrofit2.adapter.rxjava3.MaybeWithSchedulerTest,resultUsesScheduler/0,scheduler,1
/Users/thiago/Documents/Thiago/CodeToAnalyze/retrofit/retrofit-adapters/rxjava3/src/test/java/retrofit2/adapter/rxjava3/MaybeWithSchedulerTest.java,retrofit2.adapter.rxjava3.MaybeWithSchedulerTest,resultUsesScheduler/0,server,1
/Users/thiago/Documents/Thiago/CodeToAnalyze/retrofit/retrofit-adapters/rxjava3/src/test/java/retrofit2/adapter/rxjava3/MaybeWithSchedulerTest.java,retrofit2.adapter.rxjava3.MaybeWithSchedulerTest,resultUsesScheduler/0,service,1
/Users/thiago/Documents/Thiago/CodeToAnalyze/retrofit/retrofit-adapters/rxjava3/src/test/java/retrofit2/adapter/rxjava3/MaybeWithSchedulerTest.java,retrofit2.adapter.rxjava3.MaybeWithSchedulerTest,resultUsesScheduler/0,observerRule,1
/Users/thiago/Documents/Thiago/CodeToAnalyze/retrofit/retrofit-adapters/rxjava3/src/test/java/retrofit2/adapter/rxjava3/MaybeWithSchedulerTest.java,retrofit2.adapter.rxjava3.MaybeWithSchedulerTest,bodyUsesScheduler/0,scheduler,1
/Users/thiago/Documents/Thiago/CodeToAnalyze/retrofit/retrofit-adapters/rxjava3/src/test/java/retrofit2/adapter/rxjava3/MaybeWithSchedulerTest.java,retrofit2.adapter.rxjava3.MaybeWithSchedulerTest,bodyUsesScheduler/0,server,1
/Users/thiago/Documents/Thiago/CodeToAnalyze/retrofit/retrofit-adapters/rxjava3/src/test/java/retrofit2/adapter/rxjava3/MaybeWithSchedulerTest.java,retrofit2.adapter.rxjava3.MaybeWithSchedulerTest,bodyUsesScheduler/0,service,1
/Users/thiago/Documents/Thiago/CodeToAnalyze/retrofit/retrofit-adapters/rxjava3/src/test/java/retrofit2/adapter/rxjava3/MaybeWithSchedulerTest.java,retrofit2.adapter.rxjava3.MaybeWithSchedulerTest,bodyUsesScheduler/0,observerRule,1
/Users/thiago/Documents/Thiago/CodeToAnalyze/retrofit/retrofit-adapters/rxjava3/src/test/java/retrofit2/adapter/rxjava3/RecordingSingleObserver.java,retrofit2.adapter.rxjava3.RecordingSingleObserver,onError/1[java.lang.Throwable],events,1
/Users/thiago/Documents/Thiago/CodeToAnalyze/retrofit/retrofit-adapters/rxjava3/src/test/java/retrofit2/adapter/rxjava3/RecordingSingleObserver.java,retrofit2.adapter.rxjava3.RecordingSingleObserver,assertNoEvents/0,events,1
/Users/thiago/Documents/Thiago/CodeToAnalyze/retrofit/retrofit-adapters/rxjava3/src/test/java/retrofit2/adapter/rxjava3/RecordingSingleObserver.java,retrofit2.adapter.rxjava3.RecordingSingleObserver,onSuccess/1[T],events,1
/Users/thiago/Documents/Thiago/CodeToAnalyze/retrofit/retrofit-adapters/rxjava3/src/test/java/retrofit2/adapter/rxjava3/RecordingSingleObserver.java,retrofit2.adapter.rxjava3.RecordingSingleObserver,takeNotification/0,events,1
/Users/thiago/Documents/Thiago/CodeToAnalyze/retrofit/retrofit-adapters/rxjava2/src/test/java/retrofit2/adapter/rxjava2/MaybeThrowingTest.java,retrofit2.adapter.rxjava2.MaybeThrowingTest,resultThrowingInOnErrorDeliveredToPlugin/0,server,1
/Users/thiago/Documents/Thiago/CodeToAnalyze/retrofit/retrofit-adapters/rxjava2/src/test/java/retrofit2/adapter/rxjava2/MaybeThrowingTest.java,retrofit2.adapter.rxjava2.MaybeThrowingTest,resultThrowingInOnErrorDeliveredToPlugin/0,subscriberRule,1
/Users/thiago/Documents/Thiago/CodeToAnalyze/retrofit/retrofit-adapters/rxjava2/src/test/java/retrofit2/adapter/rxjava2/MaybeThrowingTest.java,retrofit2.adapter.rxjava2.MaybeThrowingTest,resultThrowingInOnErrorDeliveredToPlugin/0,service,1
/Users/thiago/Documents/Thiago/CodeToAnalyze/retrofit/retrofit-adapters/rxjava2/src/test/java/retrofit2/adapter/rxjava2/MaybeThrowingTest.java,retrofit2.adapter.rxjava2.MaybeThrowingTest,responseThrowingInOnErrorDeliveredToPlugin/0,server,1
/Users/thiago/Documents/Thiago/CodeToAnalyze/retrofit/retrofit-adapters/rxjava2/src/test/java/retrofit2/adapter/rxjava2/MaybeThrowingTest.java,retrofit2.adapter.rxjava2.MaybeThrowingTest,responseThrowingInOnErrorDeliveredToPlugin/0,subscriberRule,1
/Users/thiago/Documents/Thiago/CodeToAnalyze/retrofit/retrofit-adapters/rxjava2/src/test/java/retrofit2/adapter/rxjava2/MaybeThrowingTest.java,retrofit2.adapter.rxjava2.MaybeThrowingTest,responseThrowingInOnErrorDeliveredToPlugin/0,service,1
/Users/thiago/Documents/Thiago/CodeToAnalyze/retrofit/retrofit-adapters/rxjava2/src/test/java/retrofit2/adapter/rxjava2/MaybeThrowingTest.java,retrofit2.adapter.rxjava2.MaybeThrowingTest,responseThrowingInOnSuccessDeliveredToPlugin/0,server,1
/Users/thiago/Documents/Thiago/CodeToAnalyze/retrofit/retrofit-adapters/rxjava2/src/test/java/retrofit2/adapter/rxjava2/MaybeThrowingTest.java,retrofit2.adapter.rxjava2.MaybeThrowingTest,responseThrowingInOnSuccessDeliveredToPlugin/0,subscriberRule,1
/Users/thiago/Documents/Thiago/CodeToAnalyze/retrofit/retrofit-adapters/rxjava2/src/test/java/retrofit2/adapter/rxjava2/MaybeThrowingTest.java,retrofit2.adapter.rxjava2.MaybeThrowingTest,responseThrowingInOnSuccessDeliveredToPlugin/0,service,1
/Users/thiago/Documents/Thiago/CodeToAnalyze/retrofit/retrofit-adapters/rxjava2/src/test/java/retrofit2/adapter/rxjava2/MaybeThrowingTest.java,retrofit2.adapter.rxjava2.MaybeThrowingTest,bodyThrowingInOnErrorDeliveredToPlugin/0,server,1
/Users/thiago/Documents/Thiago/CodeToAnalyze/retrofit/retrofit-adapters/rxjava2/src/test/java/retrofit2/adapter/rxjava2/MaybeThrowingTest.java,retrofit2.adapter.rxjava2.MaybeThrowingTest,bodyThrowingInOnErrorDeliveredToPlugin/0,subscriberRule,1
/Users/thiago/Documents/Thiago/CodeToAnalyze/retrofit/retrofit-adapters/rxjava2/src/test/java/retrofit2/adapter/rxjava2/MaybeThrowingTest.java,retrofit2.adapter.rxjava2.MaybeThrowingTest,bodyThrowingInOnErrorDeliveredToPlugin/0,service,1
/Users/thiago/Documents/Thiago/CodeToAnalyze/retrofit/retrofit-adapters/rxjava2/src/test/java/retrofit2/adapter/rxjava2/MaybeThrowingTest.java,retrofit2.adapter.rxjava2.MaybeThrowingTest,setUp/0,server,1
/Users/thiago/Documents/Thiago/CodeToAnalyze/retrofit/retrofit-adapters/rxjava2/src/test/java/retrofit2/adapter/rxjava2/MaybeThrowingTest.java,retrofit2.adapter.rxjava2.MaybeThrowingTest,setUp/0,service,1
/Users/thiago/Documents/Thiago/CodeToAnalyze/retrofit/retrofit-adapters/rxjava2/src/test/java/retrofit2/adapter/rxjava2/MaybeThrowingTest.java,retrofit2.adapter.rxjava2.MaybeThrowingTest,bodyThrowingInOnSuccessDeliveredToPlugin/0,server,1
/Users/thiago/Documents/Thiago/CodeToAnalyze/retrofit/retrofit-adapters/rxjava2/src/test/java/retrofit2/adapter/rxjava2/MaybeThrowingTest.java,retrofit2.adapter.rxjava2.MaybeThrowingTest,bodyThrowingInOnSuccessDeliveredToPlugin/0,subscriberRule,1
/Users/thiago/Documents/Thiago/CodeToAnalyze/retrofit/retrofit-adapters/rxjava2/src/test/java/retrofit2/adapter/rxjava2/MaybeThrowingTest.java,retrofit2.adapter.rxjava2.MaybeThrowingTest,bodyThrowingInOnSuccessDeliveredToPlugin/0,service,1
/Users/thiago/Documents/Thiago/CodeToAnalyze/retrofit/retrofit-adapters/rxjava2/src/test/java/retrofit2/adapter/rxjava2/MaybeThrowingTest.java,retrofit2.adapter.rxjava2.MaybeThrowingTest,resultThrowingInOnSuccessDeliveredToPlugin/0,server,1
/Users/thiago/Documents/Thiago/CodeToAnalyze/retrofit/retrofit-adapters/rxjava2/src/test/java/retrofit2/adapter/rxjava2/MaybeThrowingTest.java,retrofit2.adapter.rxjava2.MaybeThrowingTest,resultThrowingInOnSuccessDeliveredToPlugin/0,subscriberRule,1
/Users/thiago/Documents/Thiago/CodeToAnalyze/retrofit/retrofit-adapters/rxjava2/src/test/java/retrofit2/adapter/rxjava2/MaybeThrowingTest.java,retrofit2.adapter.rxjava2.MaybeThrowingTest,resultThrowingInOnSuccessDeliveredToPlugin/0,service,1
/Users/thiago/Documents/Thiago/CodeToAnalyze/retrofit/samples/src/main/java/com/example/retrofit/AnnotatedConverters.java,com.example.retrofit.AnnotatedConverters$AnnotatedConverterFactory,"responseBodyConverter/3[java.lang.reflect.Type,java.lang.annotation.Annotation[],retrofit2.Retrofit]",factories,1
/Users/thiago/Documents/Thiago/CodeToAnalyze/retrofit/samples/src/main/java/com/example/retrofit/AnnotatedConverters.java,com.example.retrofit.AnnotatedConverters$AnnotatedConverterFactory,"requestBodyConverter/4[java.lang.reflect.Type,java.lang.annotation.Annotation[],java.lang.annotation.Annotation[],retrofit2.Retrofit]",factories,1
/Users/thiago/Documents/Thiago/CodeToAnalyze/retrofit/samples/src/main/java/com/example/retrofit/AnnotatedConverters.java,com.example.retrofit.AnnotatedConverters$AnnotatedConverterFactory,"AnnotatedConverterFactory/1[java.util.Map<java.lang.Class<? extends java.lang.annotation.Annotation>,retrofit2.Converter.Factory>]",factories,3
/Users/thiago/Documents/Thiago/CodeToAnalyze/retrofit/retrofit-adapters/rxjava/src/main/java/retrofit2/adapter/rxjava/RxJavaCallAdapter.java,retrofit2.adapter.rxjava.RxJavaCallAdapter,"RxJavaCallAdapter/7[java.lang.reflect.Type,retrofit2.adapter.rxjava.Scheduler,boolean,boolean,boolean,boolean,boolean]",scheduler,3
/Users/thiago/Documents/Thiago/CodeToAnalyze/retrofit/retrofit-adapters/rxjava/src/main/java/retrofit2/adapter/rxjava/RxJavaCallAdapter.java,retrofit2.adapter.rxjava.RxJavaCallAdapter,"RxJavaCallAdapter/7[java.lang.reflect.Type,retrofit2.adapter.rxjava.Scheduler,boolean,boolean,boolean,boolean,boolean]",responseType,3
/Users/thiago/Documents/Thiago/CodeToAnalyze/retrofit/retrofit-adapters/rxjava/src/main/java/retrofit2/adapter/rxjava/RxJavaCallAdapter.java,retrofit2.adapter.rxjava.RxJavaCallAdapter,"RxJavaCallAdapter/7[java.lang.reflect.Type,retrofit2.adapter.rxjava.Scheduler,boolean,boolean,boolean,boolean,boolean]",isCompletable,3
/Users/thiago/Documents/Thiago/CodeToAnalyze/retrofit/retrofit-adapters/rxjava/src/main/java/retrofit2/adapter/rxjava/RxJavaCallAdapter.java,retrofit2.adapter.rxjava.RxJavaCallAdapter,"RxJavaCallAdapter/7[java.lang.reflect.Type,retrofit2.adapter.rxjava.Scheduler,boolean,boolean,boolean,boolean,boolean]",isAsync,3
/Users/thiago/Documents/Thiago/CodeToAnalyze/retrofit/retrofit-adapters/rxjava/src/main/java/retrofit2/adapter/rxjava/RxJavaCallAdapter.java,retrofit2.adapter.rxjava.RxJavaCallAdapter,"RxJavaCallAdapter/7[java.lang.reflect.Type,retrofit2.adapter.rxjava.Scheduler,boolean,boolean,boolean,boolean,boolean]",isSingle,3
/Users/thiago/Documents/Thiago/CodeToAnalyze/retrofit/retrofit-adapters/rxjava/src/main/java/retrofit2/adapter/rxjava/RxJavaCallAdapter.java,retrofit2.adapter.rxjava.RxJavaCallAdapter,"RxJavaCallAdapter/7[java.lang.reflect.Type,retrofit2.adapter.rxjava.Scheduler,boolean,boolean,boolean,boolean,boolean]",isResult,3
/Users/thiago/Documents/Thiago/CodeToAnalyze/retrofit/retrofit-adapters/rxjava/src/main/java/retrofit2/adapter/rxjava/RxJavaCallAdapter.java,retrofit2.adapter.rxjava.RxJavaCallAdapter,"RxJavaCallAdapter/7[java.lang.reflect.Type,retrofit2.adapter.rxjava.Scheduler,boolean,boolean,boolean,boolean,boolean]",isBody,3
/Users/thiago/Documents/Thiago/CodeToAnalyze/retrofit/retrofit-adapters/rxjava/src/main/java/retrofit2/adapter/rxjava/RxJavaCallAdapter.java,retrofit2.adapter.rxjava.RxJavaCallAdapter,responseType/0,responseType,2
/Users/thiago/Documents/Thiago/CodeToAnalyze/retrofit/retrofit-adapters/rxjava/src/main/java/retrofit2/adapter/rxjava/RxJavaCallAdapter.java,retrofit2.adapter.rxjava.RxJavaCallAdapter,adapt/1[retrofit2.Call<R>],scheduler,2
/Users/thiago/Documents/Thiago/CodeToAnalyze/retrofit/retrofit-adapters/rxjava/src/main/java/retrofit2/adapter/rxjava/RxJavaCallAdapter.java,retrofit2.adapter.rxjava.RxJavaCallAdapter,adapt/1[retrofit2.Call<R>],isCompletable,1
/Users/thiago/Documents/Thiago/CodeToAnalyze/retrofit/retrofit-adapters/rxjava/src/main/java/retrofit2/adapter/rxjava/RxJavaCallAdapter.java,retrofit2.adapter.rxjava.RxJavaCallAdapter,adapt/1[retrofit2.Call<R>],isAsync,1
/Users/thiago/Documents/Thiago/CodeToAnalyze/retrofit/retrofit-adapters/rxjava/src/main/java/retrofit2/adapter/rxjava/RxJavaCallAdapter.java,retrofit2.adapter.rxjava.RxJavaCallAdapter,adapt/1[retrofit2.Call<R>],isSingle,1
/Users/thiago/Documents/Thiago/CodeToAnalyze/retrofit/retrofit-adapters/rxjava/src/main/java/retrofit2/adapter/rxjava/RxJavaCallAdapter.java,retrofit2.adapter.rxjava.RxJavaCallAdapter,adapt/1[retrofit2.Call<R>],isResult,1
/Users/thiago/Documents/Thiago/CodeToAnalyze/retrofit/retrofit-adapters/rxjava/src/main/java/retrofit2/adapter/rxjava/RxJavaCallAdapter.java,retrofit2.adapter.rxjava.RxJavaCallAdapter,adapt/1[retrofit2.Call<R>],isBody,1
/Users/thiago/Documents/Thiago/CodeToAnalyze/retrofit/retrofit-adapters/rxjava3/src/test/java/retrofit2/adapter/rxjava3/MaybeThrowingTest.java,retrofit2.adapter.rxjava3.MaybeThrowingTest$ForwardingObserver,onComplete/0,delegate,1
/Users/thiago/Documents/Thiago/CodeToAnalyze/retrofit/retrofit-adapters/rxjava3/src/test/java/retrofit2/adapter/rxjava3/MaybeThrowingTest.java,retrofit2.adapter.rxjava3.MaybeThrowingTest$ForwardingObserver,onSubscribe/1[retrofit2.adapter.rxjava3.Disposable],delegate,1
/Users/thiago/Documents/Thiago/CodeToAnalyze/retrofit/retrofit-adapters/rxjava3/src/test/java/retrofit2/adapter/rxjava3/MaybeThrowingTest.java,retrofit2.adapter.rxjava3.MaybeThrowingTest$ForwardingObserver,ForwardingObserver/1[retrofit2.adapter.rxjava3.MaybeObserver<T>],delegate,3
/Users/thiago/Documents/Thiago/CodeToAnalyze/retrofit/retrofit-adapters/rxjava3/src/test/java/retrofit2/adapter/rxjava3/MaybeThrowingTest.java,retrofit2.adapter.rxjava3.MaybeThrowingTest$ForwardingObserver,onSuccess/1[T],delegate,1
/Users/thiago/Documents/Thiago/CodeToAnalyze/retrofit/retrofit-adapters/rxjava3/src/test/java/retrofit2/adapter/rxjava3/MaybeThrowingTest.java,retrofit2.adapter.rxjava3.MaybeThrowingTest$ForwardingObserver,onError/1[java.lang.Throwable],delegate,1
/Users/thiago/Documents/Thiago/CodeToAnalyze/retrofit/retrofit/src/main/java/retrofit2/DefaultCallAdapterFactory.java,retrofit2.DefaultCallAdapterFactory,"get/3[java.lang.reflect.Type,java.lang.annotation.Annotation[],retrofit2.Retrofit]",callbackExecutor,1
/Users/thiago/Documents/Thiago/CodeToAnalyze/retrofit/retrofit/src/main/java/retrofit2/DefaultCallAdapterFactory.java,retrofit2.DefaultCallAdapterFactory,DefaultCallAdapterFactory/1[java.util.concurrent.Executor],callbackExecutor,3
/Users/thiago/Documents/Thiago/CodeToAnalyze/retrofit/retrofit-converters/simplexml/src/main/java/retrofit2/converter/simplexml/SimpleXmlResponseBodyConverter.java,retrofit2.converter.simplexml.SimpleXmlResponseBodyConverter,convert/1[retrofit2.converter.simplexml.ResponseBody],serializer,1
/Users/thiago/Documents/Thiago/CodeToAnalyze/retrofit/retrofit-converters/simplexml/src/main/java/retrofit2/converter/simplexml/SimpleXmlResponseBodyConverter.java,retrofit2.converter.simplexml.SimpleXmlResponseBodyConverter,convert/1[retrofit2.converter.simplexml.ResponseBody],cls,2
/Users/thiago/Documents/Thiago/CodeToAnalyze/retrofit/retrofit-converters/simplexml/src/main/java/retrofit2/converter/simplexml/SimpleXmlResponseBodyConverter.java,retrofit2.converter.simplexml.SimpleXmlResponseBodyConverter,convert/1[retrofit2.converter.simplexml.ResponseBody],strict,1
/Users/thiago/Documents/Thiago/CodeToAnalyze/retrofit/retrofit-converters/simplexml/src/main/java/retrofit2/converter/simplexml/SimpleXmlResponseBodyConverter.java,retrofit2.converter.simplexml.SimpleXmlResponseBodyConverter,"SimpleXmlResponseBodyConverter/3[java.lang.Class<T>,retrofit2.converter.simplexml.Serializer,boolean]",serializer,3
/Users/thiago/Documents/Thiago/CodeToAnalyze/retrofit/retrofit-converters/simplexml/src/main/java/retrofit2/converter/simplexml/SimpleXmlResponseBodyConverter.java,retrofit2.converter.simplexml.SimpleXmlResponseBodyConverter,"SimpleXmlResponseBodyConverter/3[java.lang.Class<T>,retrofit2.converter.simplexml.Serializer,boolean]",cls,3
/Users/thiago/Documents/Thiago/CodeToAnalyze/retrofit/retrofit-converters/simplexml/src/main/java/retrofit2/converter/simplexml/SimpleXmlResponseBodyConverter.java,retrofit2.converter.simplexml.SimpleXmlResponseBodyConverter,"SimpleXmlResponseBodyConverter/3[java.lang.Class<T>,retrofit2.converter.simplexml.Serializer,boolean]",strict,3
/Users/thiago/Documents/Thiago/CodeToAnalyze/retrofit/retrofit-mock/src/main/java/retrofit2/mock/BehaviorCall.java,retrofit2.mock.BehaviorCall,timeout/0,delegate,1
/Users/thiago/Documents/Thiago/CodeToAnalyze/retrofit/retrofit-mock/src/main/java/retrofit2/mock/BehaviorCall.java,retrofit2.mock.BehaviorCall,enqueue/1[retrofit2.Callback<T>],task,1
/Users/thiago/Documents/Thiago/CodeToAnalyze/retrofit/retrofit-mock/src/main/java/retrofit2/mock/BehaviorCall.java,retrofit2.mock.BehaviorCall,enqueue/1[retrofit2.Callback<T>],executed,2
/Users/thiago/Documents/Thiago/CodeToAnalyze/retrofit/retrofit-mock/src/main/java/retrofit2/mock/BehaviorCall.java,retrofit2.mock.BehaviorCall,enqueue/1[retrofit2.Callback<T>],backgroundExecutor,1
/Users/thiago/Documents/Thiago/CodeToAnalyze/retrofit/retrofit-mock/src/main/java/retrofit2/mock/BehaviorCall.java,retrofit2.mock.BehaviorCall,"BehaviorCall/3[retrofit2.mock.NetworkBehavior,java.util.concurrent.ExecutorService,retrofit2.Call<T>]",delegate,3
/Users/thiago/Documents/Thiago/CodeToAnalyze/retrofit/retrofit-mock/src/main/java/retrofit2/mock/BehaviorCall.java,retrofit2.mock.BehaviorCall,"BehaviorCall/3[retrofit2.mock.NetworkBehavior,java.util.concurrent.ExecutorService,retrofit2.Call<T>]",behavior,3
/Users/thiago/Documents/Thiago/CodeToAnalyze/retrofit/retrofit-mock/src/main/java/retrofit2/mock/BehaviorCall.java,retrofit2.mock.BehaviorCall,"BehaviorCall/3[retrofit2.mock.NetworkBehavior,java.util.concurrent.ExecutorService,retrofit2.Call<T>]",backgroundExecutor,3
/Users/thiago/Documents/Thiago/CodeToAnalyze/retrofit/retrofit-mock/src/main/java/retrofit2/mock/BehaviorCall.java,retrofit2.mock.BehaviorCall,isCanceled/0,canceled,1
/Users/thiago/Documents/Thiago/CodeToAnalyze/retrofit/retrofit-mock/src/main/java/retrofit2/mock/BehaviorCall.java,retrofit2.mock.BehaviorCall,clone/0,delegate,1
/Users/thiago/Documents/Thiago/CodeToAnalyze/retrofit/retrofit-mock/src/main/java/retrofit2/mock/BehaviorCall.java,retrofit2.mock.BehaviorCall,clone/0,behavior,1
/Users/thiago/Documents/Thiago/CodeToAnalyze/retrofit/retrofit-mock/src/main/java/retrofit2/mock/BehaviorCall.java,retrofit2.mock.BehaviorCall,clone/0,backgroundExecutor,1
/Users/thiago/Documents/Thiago/CodeToAnalyze/retrofit/retrofit-mock/src/main/java/retrofit2/mock/BehaviorCall.java,retrofit2.mock.BehaviorCall,cancel/0,canceled,1
/Users/thiago/Documents/Thiago/CodeToAnalyze/retrofit/retrofit-mock/src/main/java/retrofit2/mock/BehaviorCall.java,retrofit2.mock.BehaviorCall,cancel/0,task,1
/Users/thiago/Documents/Thiago/CodeToAnalyze/retrofit/retrofit-mock/src/main/java/retrofit2/mock/BehaviorCall.java,retrofit2.mock.BehaviorCall,isExecuted/0,executed,1
/Users/thiago/Documents/Thiago/CodeToAnalyze/retrofit/retrofit-mock/src/main/java/retrofit2/mock/BehaviorCall.java,retrofit2.mock.BehaviorCall,request/0,delegate,1
/Users/thiago/Documents/Thiago/CodeToAnalyze/retrofit/retrofit-adapters/rxjava/src/test/java/retrofit2/adapter/rxjava/SingleThrowingTest.java,retrofit2.adapter.rxjava.SingleThrowingTest,responseThrowingInOnSuccessDeliveredToPlugin/0,server,1
/Users/thiago/Documents/Thiago/CodeToAnalyze/retrofit/retrofit-adapters/rxjava/src/test/java/retrofit2/adapter/rxjava/SingleThrowingTest.java,retrofit2.adapter.rxjava.SingleThrowingTest,responseThrowingInOnSuccessDeliveredToPlugin/0,subscriberRule,1
/Users/thiago/Documents/Thiago/CodeToAnalyze/retrofit/retrofit-adapters/rxjava/src/test/java/retrofit2/adapter/rxjava/SingleThrowingTest.java,retrofit2.adapter.rxjava.SingleThrowingTest,responseThrowingInOnSuccessDeliveredToPlugin/0,service,1
/Users/thiago/Documents/Thiago/CodeToAnalyze/retrofit/retrofit-adapters/rxjava/src/test/java/retrofit2/adapter/rxjava/SingleThrowingTest.java,retrofit2.adapter.rxjava.SingleThrowingTest,bodyThrowingInOnErrorDeliveredToPlugin/0,server,1
/Users/thiago/Documents/Thiago/CodeToAnalyze/retrofit/retrofit-adapters/rxjava/src/test/java/retrofit2/adapter/rxjava/SingleThrowingTest.java,retrofit2.adapter.rxjava.SingleThrowingTest,bodyThrowingInOnErrorDeliveredToPlugin/0,subscriberRule,1
/Users/thiago/Documents/Thiago/CodeToAnalyze/retrofit/retrofit-adapters/rxjava/src/test/java/retrofit2/adapter/rxjava/SingleThrowingTest.java,retrofit2.adapter.rxjava.SingleThrowingTest,bodyThrowingInOnErrorDeliveredToPlugin/0,service,1
/Users/thiago/Documents/Thiago/CodeToAnalyze/retrofit/retrofit-adapters/rxjava/src/test/java/retrofit2/adapter/rxjava/SingleThrowingTest.java,retrofit2.adapter.rxjava.SingleThrowingTest,resultThrowingInOnSuccessDeliveredToPlugin/0,server,1
/Users/thiago/Documents/Thiago/CodeToAnalyze/retrofit/retrofit-adapters/rxjava/src/test/java/retrofit2/adapter/rxjava/SingleThrowingTest.java,retrofit2.adapter.rxjava.SingleThrowingTest,resultThrowingInOnSuccessDeliveredToPlugin/0,subscriberRule,1
/Users/thiago/Documents/Thiago/CodeToAnalyze/retrofit/retrofit-adapters/rxjava/src/test/java/retrofit2/adapter/rxjava/SingleThrowingTest.java,retrofit2.adapter.rxjava.SingleThrowingTest,resultThrowingInOnSuccessDeliveredToPlugin/0,service,1
/Users/thiago/Documents/Thiago/CodeToAnalyze/retrofit/retrofit-adapters/rxjava/src/test/java/retrofit2/adapter/rxjava/SingleThrowingTest.java,retrofit2.adapter.rxjava.SingleThrowingTest,resultThrowingInOnErrorDeliveredToPlugin/0,server,1
/Users/thiago/Documents/Thiago/CodeToAnalyze/retrofit/retrofit-adapters/rxjava/src/test/java/retrofit2/adapter/rxjava/SingleThrowingTest.java,retrofit2.adapter.rxjava.SingleThrowingTest,resultThrowingInOnErrorDeliveredToPlugin/0,subscriberRule,1
/Users/thiago/Documents/Thiago/CodeToAnalyze/retrofit/retrofit-adapters/rxjava/src/test/java/retrofit2/adapter/rxjava/SingleThrowingTest.java,retrofit2.adapter.rxjava.SingleThrowingTest,resultThrowingInOnErrorDeliveredToPlugin/0,service,1
/Users/thiago/Documents/Thiago/CodeToAnalyze/retrofit/retrofit-adapters/rxjava/src/test/java/retrofit2/adapter/rxjava/SingleThrowingTest.java,retrofit2.adapter.rxjava.SingleThrowingTest,responseThrowingInOnErrorDeliveredToPlugin/0,server,1
/Users/thiago/Documents/Thiago/CodeToAnalyze/retrofit/retrofit-adapters/rxjava/src/test/java/retrofit2/adapter/rxjava/SingleThrowingTest.java,retrofit2.adapter.rxjava.SingleThrowingTest,responseThrowingInOnErrorDeliveredToPlugin/0,subscriberRule,1
/Users/thiago/Documents/Thiago/CodeToAnalyze/retrofit/retrofit-adapters/rxjava/src/test/java/retrofit2/adapter/rxjava/SingleThrowingTest.java,retrofit2.adapter.rxjava.SingleThrowingTest,responseThrowingInOnErrorDeliveredToPlugin/0,service,1
/Users/thiago/Documents/Thiago/CodeToAnalyze/retrofit/retrofit-adapters/rxjava/src/test/java/retrofit2/adapter/rxjava/SingleThrowingTest.java,retrofit2.adapter.rxjava.SingleThrowingTest,setUp/0,server,1
/Users/thiago/Documents/Thiago/CodeToAnalyze/retrofit/retrofit-adapters/rxjava/src/test/java/retrofit2/adapter/rxjava/SingleThrowingTest.java,retrofit2.adapter.rxjava.SingleThrowingTest,setUp/0,service,1
/Users/thiago/Documents/Thiago/CodeToAnalyze/retrofit/retrofit-adapters/rxjava/src/test/java/retrofit2/adapter/rxjava/SingleThrowingTest.java,retrofit2.adapter.rxjava.SingleThrowingTest,bodyThrowingInOnSuccessDeliveredToPlugin/0,server,1
/Users/thiago/Documents/Thiago/CodeToAnalyze/retrofit/retrofit-adapters/rxjava/src/test/java/retrofit2/adapter/rxjava/SingleThrowingTest.java,retrofit2.adapter.rxjava.SingleThrowingTest,bodyThrowingInOnSuccessDeliveredToPlugin/0,subscriberRule,1
/Users/thiago/Documents/Thiago/CodeToAnalyze/retrofit/retrofit-adapters/rxjava/src/test/java/retrofit2/adapter/rxjava/SingleThrowingTest.java,retrofit2.adapter.rxjava.SingleThrowingTest,bodyThrowingInOnSuccessDeliveredToPlugin/0,service,1
/Users/thiago/Documents/Thiago/CodeToAnalyze/retrofit/retrofit-adapters/rxjava3/src/main/java/retrofit2/adapter/rxjava3/RxJava3CallAdapter.java,retrofit2.adapter.rxjava3.RxJava3CallAdapter,responseType/0,responseType,2
/Users/thiago/Documents/Thiago/CodeToAnalyze/retrofit/retrofit-adapters/rxjava3/src/main/java/retrofit2/adapter/rxjava3/RxJava3CallAdapter.java,retrofit2.adapter.rxjava3.RxJava3CallAdapter,adapt/1[retrofit2.Call<R>],scheduler,2
/Users/thiago/Documents/Thiago/CodeToAnalyze/retrofit/retrofit-adapters/rxjava3/src/main/java/retrofit2/adapter/rxjava3/RxJava3CallAdapter.java,retrofit2.adapter.rxjava3.RxJava3CallAdapter,adapt/1[retrofit2.Call<R>],isCompletable,1
/Users/thiago/Documents/Thiago/CodeToAnalyze/retrofit/retrofit-adapters/rxjava3/src/main/java/retrofit2/adapter/rxjava3/RxJava3CallAdapter.java,retrofit2.adapter.rxjava3.RxJava3CallAdapter,adapt/1[retrofit2.Call<R>],isFlowable,1
/Users/thiago/Documents/Thiago/CodeToAnalyze/retrofit/retrofit-adapters/rxjava3/src/main/java/retrofit2/adapter/rxjava3/RxJava3CallAdapter.java,retrofit2.adapter.rxjava3.RxJava3CallAdapter,adapt/1[retrofit2.Call<R>],isAsync,1
/Users/thiago/Documents/Thiago/CodeToAnalyze/retrofit/retrofit-adapters/rxjava3/src/main/java/retrofit2/adapter/rxjava3/RxJava3CallAdapter.java,retrofit2.adapter.rxjava3.RxJava3CallAdapter,adapt/1[retrofit2.Call<R>],isSingle,1
/Users/thiago/Documents/Thiago/CodeToAnalyze/retrofit/retrofit-adapters/rxjava3/src/main/java/retrofit2/adapter/rxjava3/RxJava3CallAdapter.java,retrofit2.adapter.rxjava3.RxJava3CallAdapter,adapt/1[retrofit2.Call<R>],isMaybe,1
/Users/thiago/Documents/Thiago/CodeToAnalyze/retrofit/retrofit-adapters/rxjava3/src/main/java/retrofit2/adapter/rxjava3/RxJava3CallAdapter.java,retrofit2.adapter.rxjava3.RxJava3CallAdapter,adapt/1[retrofit2.Call<R>],isResult,1
/Users/thiago/Documents/Thiago/CodeToAnalyze/retrofit/retrofit-adapters/rxjava3/src/main/java/retrofit2/adapter/rxjava3/RxJava3CallAdapter.java,retrofit2.adapter.rxjava3.RxJava3CallAdapter,adapt/1[retrofit2.Call<R>],isBody,1
/Users/thiago/Documents/Thiago/CodeToAnalyze/retrofit/retrofit-adapters/rxjava3/src/main/java/retrofit2/adapter/rxjava3/RxJava3CallAdapter.java,retrofit2.adapter.rxjava3.RxJava3CallAdapter,"RxJava3CallAdapter/9[java.lang.reflect.Type,retrofit2.adapter.rxjava3.Scheduler,boolean,boolean,boolean,boolean,boolean,boolean,boolean]",scheduler,3
/Users/thiago/Documents/Thiago/CodeToAnalyze/retrofit/retrofit-adapters/rxjava3/src/main/java/retrofit2/adapter/rxjava3/RxJava3CallAdapter.java,retrofit2.adapter.rxjava3.RxJava3CallAdapter,"RxJava3CallAdapter/9[java.lang.reflect.Type,retrofit2.adapter.rxjava3.Scheduler,boolean,boolean,boolean,boolean,boolean,boolean,boolean]",responseType,3
/Users/thiago/Documents/Thiago/CodeToAnalyze/retrofit/retrofit-adapters/rxjava3/src/main/java/retrofit2/adapter/rxjava3/RxJava3CallAdapter.java,retrofit2.adapter.rxjava3.RxJava3CallAdapter,"RxJava3CallAdapter/9[java.lang.reflect.Type,retrofit2.adapter.rxjava3.Scheduler,boolean,boolean,boolean,boolean,boolean,boolean,boolean]",isCompletable,3
/Users/thiago/Documents/Thiago/CodeToAnalyze/retrofit/retrofit-adapters/rxjava3/src/main/java/retrofit2/adapter/rxjava3/RxJava3CallAdapter.java,retrofit2.adapter.rxjava3.RxJava3CallAdapter,"RxJava3CallAdapter/9[java.lang.reflect.Type,retrofit2.adapter.rxjava3.Scheduler,boolean,boolean,boolean,boolean,boolean,boolean,boolean]",isFlowable,3
/Users/thiago/Documents/Thiago/CodeToAnalyze/retrofit/retrofit-adapters/rxjava3/src/main/java/retrofit2/adapter/rxjava3/RxJava3CallAdapter.java,retrofit2.adapter.rxjava3.RxJava3CallAdapter,"RxJava3CallAdapter/9[java.lang.reflect.Type,retrofit2.adapter.rxjava3.Scheduler,boolean,boolean,boolean,boolean,boolean,boolean,boolean]",isAsync,3
/Users/thiago/Documents/Thiago/CodeToAnalyze/retrofit/retrofit-adapters/rxjava3/src/main/java/retrofit2/adapter/rxjava3/RxJava3CallAdapter.java,retrofit2.adapter.rxjava3.RxJava3CallAdapter,"RxJava3CallAdapter/9[java.lang.reflect.Type,retrofit2.adapter.rxjava3.Scheduler,boolean,boolean,boolean,boolean,boolean,boolean,boolean]",isSingle,3
/Users/thiago/Documents/Thiago/CodeToAnalyze/retrofit/retrofit-adapters/rxjava3/src/main/java/retrofit2/adapter/rxjava3/RxJava3CallAdapter.java,retrofit2.adapter.rxjava3.RxJava3CallAdapter,"RxJava3CallAdapter/9[java.lang.reflect.Type,retrofit2.adapter.rxjava3.Scheduler,boolean,boolean,boolean,boolean,boolean,boolean,boolean]",isMaybe,3
/Users/thiago/Documents/Thiago/CodeToAnalyze/retrofit/retrofit-adapters/rxjava3/src/main/java/retrofit2/adapter/rxjava3/RxJava3CallAdapter.java,retrofit2.adapter.rxjava3.RxJava3CallAdapter,"RxJava3CallAdapter/9[java.lang.reflect.Type,retrofit2.adapter.rxjava3.Scheduler,boolean,boolean,boolean,boolean,boolean,boolean,boolean]",isResult,3
/Users/thiago/Documents/Thiago/CodeToAnalyze/retrofit/retrofit-adapters/rxjava3/src/main/java/retrofit2/adapter/rxjava3/RxJava3CallAdapter.java,retrofit2.adapter.rxjava3.RxJava3CallAdapter,"RxJava3CallAdapter/9[java.lang.reflect.Type,retrofit2.adapter.rxjava3.Scheduler,boolean,boolean,boolean,boolean,boolean,boolean,boolean]",isBody,3
/Users/thiago/Documents/Thiago/CodeToAnalyze/retrofit/retrofit-converters/gson/src/main/java/retrofit2/converter/gson/GsonStreamingRequestBody.java,retrofit2.converter.gson.GsonStreamingRequestBody,writeTo/1[retrofit2.converter.gson.BufferedSink],adapter,1
/Users/thiago/Documents/Thiago/CodeToAnalyze/retrofit/retrofit-converters/gson/src/main/java/retrofit2/converter/gson/GsonStreamingRequestBody.java,retrofit2.converter.gson.GsonStreamingRequestBody,writeTo/1[retrofit2.converter.gson.BufferedSink],gson,1
/Users/thiago/Documents/Thiago/CodeToAnalyze/retrofit/retrofit-converters/gson/src/main/java/retrofit2/converter/gson/GsonStreamingRequestBody.java,retrofit2.converter.gson.GsonStreamingRequestBody,writeTo/1[retrofit2.converter.gson.BufferedSink],value,1
/Users/thiago/Documents/Thiago/CodeToAnalyze/retrofit/retrofit-converters/gson/src/main/java/retrofit2/converter/gson/GsonStreamingRequestBody.java,retrofit2.converter.gson.GsonStreamingRequestBody,"GsonStreamingRequestBody/3[retrofit2.converter.gson.Gson,retrofit2.converter.gson.TypeAdapter<T>,T]",adapter,3
/Users/thiago/Documents/Thiago/CodeToAnalyze/retrofit/retrofit-converters/gson/src/main/java/retrofit2/converter/gson/GsonStreamingRequestBody.java,retrofit2.converter.gson.GsonStreamingRequestBody,"GsonStreamingRequestBody/3[retrofit2.converter.gson.Gson,retrofit2.converter.gson.TypeAdapter<T>,T]",gson,3
/Users/thiago/Documents/Thiago/CodeToAnalyze/retrofit/retrofit-converters/gson/src/main/java/retrofit2/converter/gson/GsonStreamingRequestBody.java,retrofit2.converter.gson.GsonStreamingRequestBody,"GsonStreamingRequestBody/3[retrofit2.converter.gson.Gson,retrofit2.converter.gson.TypeAdapter<T>,T]",value,3
/Users/thiago/Documents/Thiago/CodeToAnalyze/retrofit/retrofit-adapters/rxjava/src/main/java/retrofit2/adapter/rxjava/BodyOnSubscribe.java,retrofit2.adapter.rxjava.BodyOnSubscribe$BodySubscriber,BodySubscriber/1[retrofit2.adapter.rxjava.Subscriber<? super R>],subscriber,4
/Users/thiago/Documents/Thiago/CodeToAnalyze/retrofit/retrofit-adapters/rxjava/src/main/java/retrofit2/adapter/rxjava/BodyOnSubscribe.java,retrofit2.adapter.rxjava.BodyOnSubscribe$BodySubscriber,onCompleted/0,subscriber,1
/Users/thiago/Documents/Thiago/CodeToAnalyze/retrofit/retrofit-adapters/rxjava/src/main/java/retrofit2/adapter/rxjava/BodyOnSubscribe.java,retrofit2.adapter.rxjava.BodyOnSubscribe$BodySubscriber,onCompleted/0,subscriberTerminated,1
/Users/thiago/Documents/Thiago/CodeToAnalyze/retrofit/retrofit-adapters/rxjava/src/main/java/retrofit2/adapter/rxjava/BodyOnSubscribe.java,retrofit2.adapter.rxjava.BodyOnSubscribe$BodySubscriber,onError/1[java.lang.Throwable],subscriber,1
/Users/thiago/Documents/Thiago/CodeToAnalyze/retrofit/retrofit-adapters/rxjava/src/main/java/retrofit2/adapter/rxjava/BodyOnSubscribe.java,retrofit2.adapter.rxjava.BodyOnSubscribe$BodySubscriber,onError/1[java.lang.Throwable],subscriberTerminated,1
/Users/thiago/Documents/Thiago/CodeToAnalyze/retrofit/retrofit-adapters/rxjava/src/main/java/retrofit2/adapter/rxjava/BodyOnSubscribe.java,retrofit2.adapter.rxjava.BodyOnSubscribe$BodySubscriber,onNext/1[retrofit2.Response<R>],subscriber,2
/Users/thiago/Documents/Thiago/CodeToAnalyze/retrofit/retrofit-adapters/rxjava/src/main/java/retrofit2/adapter/rxjava/BodyOnSubscribe.java,retrofit2.adapter.rxjava.BodyOnSubscribe$BodySubscriber,onNext/1[retrofit2.Response<R>],subscriberTerminated,1
/Users/thiago/Documents/Thiago/CodeToAnalyze/retrofit/samples/src/main/java/com/example/retrofit/SimpleService.java,com.example.retrofit.SimpleService$Contributor,"Contributor/2[java.lang.String,int]",contributions,3
/Users/thiago/Documents/Thiago/CodeToAnalyze/retrofit/samples/src/main/java/com/example/retrofit/SimpleService.java,com.example.retrofit.SimpleService$Contributor,"Contributor/2[java.lang.String,int]",login,3
/Users/thiago/Documents/Thiago/CodeToAnalyze/retrofit/retrofit-adapters/rxjava/src/test/java/retrofit2/adapter/rxjava/SingleTest.java,retrofit2.adapter.rxjava.SingleTest,responseSuccess200/0,server,1
/Users/thiago/Documents/Thiago/CodeToAnalyze/retrofit/retrofit-adapters/rxjava/src/test/java/retrofit2/adapter/rxjava/SingleTest.java,retrofit2.adapter.rxjava.SingleTest,responseSuccess200/0,subscriberRule,1
/Users/thiago/Documents/Thiago/CodeToAnalyze/retrofit/retrofit-adapters/rxjava/src/test/java/retrofit2/adapter/rxjava/SingleTest.java,retrofit2.adapter.rxjava.SingleTest,responseSuccess200/0,service,1
/Users/thiago/Documents/Thiago/CodeToAnalyze/retrofit/retrofit-adapters/rxjava/src/test/java/retrofit2/adapter/rxjava/SingleTest.java,retrofit2.adapter.rxjava.SingleTest,responseFailure/0,server,1
/Users/thiago/Documents/Thiago/CodeToAnalyze/retrofit/retrofit-adapters/rxjava/src/test/java/retrofit2/adapter/rxjava/SingleTest.java,retrofit2.adapter.rxjava.SingleTest,responseFailure/0,subscriberRule,1
/Users/thiago/Documents/Thiago/CodeToAnalyze/retrofit/retrofit-adapters/rxjava/src/test/java/retrofit2/adapter/rxjava/SingleTest.java,retrofit2.adapter.rxjava.SingleTest,responseFailure/0,service,1
/Users/thiago/Documents/Thiago/CodeToAnalyze/retrofit/retrofit-adapters/rxjava/src/test/java/retrofit2/adapter/rxjava/SingleTest.java,retrofit2.adapter.rxjava.SingleTest,bodyFailure/0,server,1
/Users/thiago/Documents/Thiago/CodeToAnalyze/retrofit/retrofit-adapters/rxjava/src/test/java/retrofit2/adapter/rxjava/SingleTest.java,retrofit2.adapter.rxjava.SingleTest,bodyFailure/0,subscriberRule,1
/Users/thiago/Documents/Thiago/CodeToAnalyze/retrofit/retrofit-adapters/rxjava/src/test/java/retrofit2/adapter/rxjava/SingleTest.java,retrofit2.adapter.rxjava.SingleTest,bodyFailure/0,service,1
/Users/thiago/Documents/Thiago/CodeToAnalyze/retrofit/retrofit-adapters/rxjava/src/test/java/retrofit2/adapter/rxjava/SingleTest.java,retrofit2.adapter.rxjava.SingleTest,resultThrowingInOnNextDeliveredToError/0,server,1
/Users/thiago/Documents/Thiago/CodeToAnalyze/retrofit/retrofit-adapters/rxjava/src/test/java/retrofit2/adapter/rxjava/SingleTest.java,retrofit2.adapter.rxjava.SingleTest,resultThrowingInOnNextDeliveredToError/0,subscriberRule,1
/Users/thiago/Documents/Thiago/CodeToAnalyze/retrofit/retrofit-adapters/rxjava/src/test/java/retrofit2/adapter/rxjava/SingleTest.java,retrofit2.adapter.rxjava.SingleTest,resultThrowingInOnNextDeliveredToError/0,service,1
/Users/thiago/Documents/Thiago/CodeToAnalyze/retrofit/retrofit-adapters/rxjava/src/test/java/retrofit2/adapter/rxjava/SingleTest.java,retrofit2.adapter.rxjava.SingleTest,setUp/0,server,1
/Users/thiago/Documents/Thiago/CodeToAnalyze/retrofit/retrofit-adapters/rxjava/src/test/java/retrofit2/adapter/rxjava/SingleTest.java,retrofit2.adapter.rxjava.SingleTest,setUp/0,service,1
/Users/thiago/Documents/Thiago/CodeToAnalyze/retrofit/retrofit-adapters/rxjava/src/test/java/retrofit2/adapter/rxjava/SingleTest.java,retrofit2.adapter.rxjava.SingleTest,resultSuccess200/0,server,1
/Users/thiago/Documents/Thiago/CodeToAnalyze/retrofit/retrofit-adapters/rxjava/src/test/java/retrofit2/adapter/rxjava/SingleTest.java,retrofit2.adapter.rxjava.SingleTest,resultSuccess200/0,subscriberRule,1
/Users/thiago/Documents/Thiago/CodeToAnalyze/retrofit/retrofit-adapters/rxjava/src/test/java/retrofit2/adapter/rxjava/SingleTest.java,retrofit2.adapter.rxjava.SingleTest,resultSuccess200/0,service,1
/Users/thiago/Documents/Thiago/CodeToAnalyze/retrofit/retrofit-adapters/rxjava/src/test/java/retrofit2/adapter/rxjava/SingleTest.java,retrofit2.adapter.rxjava.SingleTest,responseSuccess404/0,server,1
/Users/thiago/Documents/Thiago/CodeToAnalyze/retrofit/retrofit-adapters/rxjava/src/test/java/retrofit2/adapter/rxjava/SingleTest.java,retrofit2.adapter.rxjava.SingleTest,responseSuccess404/0,subscriberRule,1
/Users/thiago/Documents/Thiago/CodeToAnalyze/retrofit/retrofit-adapters/rxjava/src/test/java/retrofit2/adapter/rxjava/SingleTest.java,retrofit2.adapter.rxjava.SingleTest,responseSuccess404/0,service,1
/Users/thiago/Documents/Thiago/CodeToAnalyze/retrofit/retrofit-adapters/rxjava/src/test/java/retrofit2/adapter/rxjava/SingleTest.java,retrofit2.adapter.rxjava.SingleTest,bodySuccess404/0,server,1
/Users/thiago/Documents/Thiago/CodeToAnalyze/retrofit/retrofit-adapters/rxjava/src/test/java/retrofit2/adapter/rxjava/SingleTest.java,retrofit2.adapter.rxjava.SingleTest,bodySuccess404/0,subscriberRule,1
/Users/thiago/Documents/Thiago/CodeToAnalyze/retrofit/retrofit-adapters/rxjava/src/test/java/retrofit2/adapter/rxjava/SingleTest.java,retrofit2.adapter.rxjava.SingleTest,bodySuccess404/0,service,1
/Users/thiago/Documents/Thiago/CodeToAnalyze/retrofit/retrofit-adapters/rxjava/src/test/java/retrofit2/adapter/rxjava/SingleTest.java,retrofit2.adapter.rxjava.SingleTest,resultSuccess404/0,server,1
/Users/thiago/Documents/Thiago/CodeToAnalyze/retrofit/retrofit-adapters/rxjava/src/test/java/retrofit2/adapter/rxjava/SingleTest.java,retrofit2.adapter.rxjava.SingleTest,resultSuccess404/0,subscriberRule,1
/Users/thiago/Documents/Thiago/CodeToAnalyze/retrofit/retrofit-adapters/rxjava/src/test/java/retrofit2/adapter/rxjava/SingleTest.java,retrofit2.adapter.rxjava.SingleTest,resultSuccess404/0,service,1
/Users/thiago/Documents/Thiago/CodeToAnalyze/retrofit/retrofit-adapters/rxjava/src/test/java/retrofit2/adapter/rxjava/SingleTest.java,retrofit2.adapter.rxjava.SingleTest,subscribeTwice/0,server,2
/Users/thiago/Documents/Thiago/CodeToAnalyze/retrofit/retrofit-adapters/rxjava/src/test/java/retrofit2/adapter/rxjava/SingleTest.java,retrofit2.adapter.rxjava.SingleTest,subscribeTwice/0,subscriberRule,2
/Users/thiago/Documents/Thiago/CodeToAnalyze/retrofit/retrofit-adapters/rxjava/src/test/java/retrofit2/adapter/rxjava/SingleTest.java,retrofit2.adapter.rxjava.SingleTest,subscribeTwice/0,service,1
/Users/thiago/Documents/Thiago/CodeToAnalyze/retrofit/retrofit-adapters/rxjava/src/test/java/retrofit2/adapter/rxjava/SingleTest.java,retrofit2.adapter.rxjava.SingleTest,resultFailure/0,server,1
/Users/thiago/Documents/Thiago/CodeToAnalyze/retrofit/retrofit-adapters/rxjava/src/test/java/retrofit2/adapter/rxjava/SingleTest.java,retrofit2.adapter.rxjava.SingleTest,resultFailure/0,subscriberRule,1
/Users/thiago/Documents/Thiago/CodeToAnalyze/retrofit/retrofit-adapters/rxjava/src/test/java/retrofit2/adapter/rxjava/SingleTest.java,retrofit2.adapter.rxjava.SingleTest,resultFailure/0,service,1
/Users/thiago/Documents/Thiago/CodeToAnalyze/retrofit/retrofit-adapters/rxjava/src/test/java/retrofit2/adapter/rxjava/SingleTest.java,retrofit2.adapter.rxjava.SingleTest,responseThrowingInOnNextDeliveredToError/0,server,1
/Users/thiago/Documents/Thiago/CodeToAnalyze/retrofit/retrofit-adapters/rxjava/src/test/java/retrofit2/adapter/rxjava/SingleTest.java,retrofit2.adapter.rxjava.SingleTest,responseThrowingInOnNextDeliveredToError/0,subscriberRule,1
/Users/thiago/Documents/Thiago/CodeToAnalyze/retrofit/retrofit-adapters/rxjava/src/test/java/retrofit2/adapter/rxjava/SingleTest.java,retrofit2.adapter.rxjava.SingleTest,responseThrowingInOnNextDeliveredToError/0,service,1
/Users/thiago/Documents/Thiago/CodeToAnalyze/retrofit/retrofit-adapters/rxjava/src/test/java/retrofit2/adapter/rxjava/SingleTest.java,retrofit2.adapter.rxjava.SingleTest,bodySuccess200/0,server,1
/Users/thiago/Documents/Thiago/CodeToAnalyze/retrofit/retrofit-adapters/rxjava/src/test/java/retrofit2/adapter/rxjava/SingleTest.java,retrofit2.adapter.rxjava.SingleTest,bodySuccess200/0,subscriberRule,1
/Users/thiago/Documents/Thiago/CodeToAnalyze/retrofit/retrofit-adapters/rxjava/src/test/java/retrofit2/adapter/rxjava/SingleTest.java,retrofit2.adapter.rxjava.SingleTest,bodySuccess200/0,service,1
/Users/thiago/Documents/Thiago/CodeToAnalyze/retrofit/retrofit-adapters/rxjava/src/test/java/retrofit2/adapter/rxjava/SingleTest.java,retrofit2.adapter.rxjava.SingleTest,bodyThrowingInOnNextDeliveredToError/0,server,1
/Users/thiago/Documents/Thiago/CodeToAnalyze/retrofit/retrofit-adapters/rxjava/src/test/java/retrofit2/adapter/rxjava/SingleTest.java,retrofit2.adapter.rxjava.SingleTest,bodyThrowingInOnNextDeliveredToError/0,subscriberRule,1
/Users/thiago/Documents/Thiago/CodeToAnalyze/retrofit/retrofit-adapters/rxjava/src/test/java/retrofit2/adapter/rxjava/SingleTest.java,retrofit2.adapter.rxjava.SingleTest,bodyThrowingInOnNextDeliveredToError/0,service,1
/Users/thiago/Documents/Thiago/CodeToAnalyze/retrofit/retrofit-adapters/rxjava2/src/test/java/retrofit2/adapter/rxjava2/FlowableTest.java,retrofit2.adapter.rxjava2.FlowableTest,bodySuccess404/0,server,1
/Users/thiago/Documents/Thiago/CodeToAnalyze/retrofit/retrofit-adapters/rxjava2/src/test/java/retrofit2/adapter/rxjava2/FlowableTest.java,retrofit2.adapter.rxjava2.FlowableTest,bodySuccess404/0,subscriberRule,1
/Users/thiago/Documents/Thiago/CodeToAnalyze/retrofit/retrofit-adapters/rxjava2/src/test/java/retrofit2/adapter/rxjava2/FlowableTest.java,retrofit2.adapter.rxjava2.FlowableTest,bodySuccess404/0,service,1
/Users/thiago/Documents/Thiago/CodeToAnalyze/retrofit/retrofit-adapters/rxjava2/src/test/java/retrofit2/adapter/rxjava2/FlowableTest.java,retrofit2.adapter.rxjava2.FlowableTest,resultSuccess200/0,server,1
/Users/thiago/Documents/Thiago/CodeToAnalyze/retrofit/retrofit-adapters/rxjava2/src/test/java/retrofit2/adapter/rxjava2/FlowableTest.java,retrofit2.adapter.rxjava2.FlowableTest,resultSuccess200/0,subscriberRule,1
/Users/thiago/Documents/Thiago/CodeToAnalyze/retrofit/retrofit-adapters/rxjava2/src/test/java/retrofit2/adapter/rxjava2/FlowableTest.java,retrofit2.adapter.rxjava2.FlowableTest,resultSuccess200/0,service,1
/Users/thiago/Documents/Thiago/CodeToAnalyze/retrofit/retrofit-adapters/rxjava2/src/test/java/retrofit2/adapter/rxjava2/FlowableTest.java,retrofit2.adapter.rxjava2.FlowableTest,responseSuccess404/0,server,1
/Users/thiago/Documents/Thiago/CodeToAnalyze/retrofit/retrofit-adapters/rxjava2/src/test/java/retrofit2/adapter/rxjava2/FlowableTest.java,retrofit2.adapter.rxjava2.FlowableTest,responseSuccess404/0,subscriberRule,1
/Users/thiago/Documents/Thiago/CodeToAnalyze/retrofit/retrofit-adapters/rxjava2/src/test/java/retrofit2/adapter/rxjava2/FlowableTest.java,retrofit2.adapter.rxjava2.FlowableTest,responseSuccess404/0,service,1
/Users/thiago/Documents/Thiago/CodeToAnalyze/retrofit/retrofit-adapters/rxjava2/src/test/java/retrofit2/adapter/rxjava2/FlowableTest.java,retrofit2.adapter.rxjava2.FlowableTest,setUp/0,server,1
/Users/thiago/Documents/Thiago/CodeToAnalyze/retrofit/retrofit-adapters/rxjava2/src/test/java/retrofit2/adapter/rxjava2/FlowableTest.java,retrofit2.adapter.rxjava2.FlowableTest,setUp/0,service,1
/Users/thiago/Documents/Thiago/CodeToAnalyze/retrofit/retrofit-adapters/rxjava2/src/test/java/retrofit2/adapter/rxjava2/FlowableTest.java,retrofit2.adapter.rxjava2.FlowableTest,resultSuccess404/0,server,1
/Users/thiago/Documents/Thiago/CodeToAnalyze/retrofit/retrofit-adapters/rxjava2/src/test/java/retrofit2/adapter/rxjava2/FlowableTest.java,retrofit2.adapter.rxjava2.FlowableTest,resultSuccess404/0,subscriberRule,1
/Users/thiago/Documents/Thiago/CodeToAnalyze/retrofit/retrofit-adapters/rxjava2/src/test/java/retrofit2/adapter/rxjava2/FlowableTest.java,retrofit2.adapter.rxjava2.FlowableTest,resultSuccess404/0,service,1
/Users/thiago/Documents/Thiago/CodeToAnalyze/retrofit/retrofit-adapters/rxjava2/src/test/java/retrofit2/adapter/rxjava2/FlowableTest.java,retrofit2.adapter.rxjava2.FlowableTest,resultFailure/0,server,1
/Users/thiago/Documents/Thiago/CodeToAnalyze/retrofit/retrofit-adapters/rxjava2/src/test/java/retrofit2/adapter/rxjava2/FlowableTest.java,retrofit2.adapter.rxjava2.FlowableTest,resultFailure/0,subscriberRule,1
/Users/thiago/Documents/Thiago/CodeToAnalyze/retrofit/retrofit-adapters/rxjava2/src/test/java/retrofit2/adapter/rxjava2/FlowableTest.java,retrofit2.adapter.rxjava2.FlowableTest,resultFailure/0,service,1
/Users/thiago/Documents/Thiago/CodeToAnalyze/retrofit/retrofit-adapters/rxjava2/src/test/java/retrofit2/adapter/rxjava2/FlowableTest.java,retrofit2.adapter.rxjava2.FlowableTest,bodyFailure/0,server,1
/Users/thiago/Documents/Thiago/CodeToAnalyze/retrofit/retrofit-adapters/rxjava2/src/test/java/retrofit2/adapter/rxjava2/FlowableTest.java,retrofit2.adapter.rxjava2.FlowableTest,bodyFailure/0,subscriberRule,1
/Users/thiago/Documents/Thiago/CodeToAnalyze/retrofit/retrofit-adapters/rxjava2/src/test/java/retrofit2/adapter/rxjava2/FlowableTest.java,retrofit2.adapter.rxjava2.FlowableTest,bodyFailure/0,service,1
/Users/thiago/Documents/Thiago/CodeToAnalyze/retrofit/retrofit-adapters/rxjava2/src/test/java/retrofit2/adapter/rxjava2/FlowableTest.java,retrofit2.adapter.rxjava2.FlowableTest,responseSuccess200/0,server,1
/Users/thiago/Documents/Thiago/CodeToAnalyze/retrofit/retrofit-adapters/rxjava2/src/test/java/retrofit2/adapter/rxjava2/FlowableTest.java,retrofit2.adapter.rxjava2.FlowableTest,responseSuccess200/0,subscriberRule,1
/Users/thiago/Documents/Thiago/CodeToAnalyze/retrofit/retrofit-adapters/rxjava2/src/test/java/retrofit2/adapter/rxjava2/FlowableTest.java,retrofit2.adapter.rxjava2.FlowableTest,responseSuccess200/0,service,1
/Users/thiago/Documents/Thiago/CodeToAnalyze/retrofit/retrofit-adapters/rxjava2/src/test/java/retrofit2/adapter/rxjava2/FlowableTest.java,retrofit2.adapter.rxjava2.FlowableTest,bodySuccess200/0,server,1
/Users/thiago/Documents/Thiago/CodeToAnalyze/retrofit/retrofit-adapters/rxjava2/src/test/java/retrofit2/adapter/rxjava2/FlowableTest.java,retrofit2.adapter.rxjava2.FlowableTest,bodySuccess200/0,subscriberRule,1
/Users/thiago/Documents/Thiago/CodeToAnalyze/retrofit/retrofit-adapters/rxjava2/src/test/java/retrofit2/adapter/rxjava2/FlowableTest.java,retrofit2.adapter.rxjava2.FlowableTest,bodySuccess200/0,service,1
/Users/thiago/Documents/Thiago/CodeToAnalyze/retrofit/retrofit-adapters/rxjava2/src/test/java/retrofit2/adapter/rxjava2/FlowableTest.java,retrofit2.adapter.rxjava2.FlowableTest,subscribeTwice/0,server,2
/Users/thiago/Documents/Thiago/CodeToAnalyze/retrofit/retrofit-adapters/rxjava2/src/test/java/retrofit2/adapter/rxjava2/FlowableTest.java,retrofit2.adapter.rxjava2.FlowableTest,subscribeTwice/0,subscriberRule,2
/Users/thiago/Documents/Thiago/CodeToAnalyze/retrofit/retrofit-adapters/rxjava2/src/test/java/retrofit2/adapter/rxjava2/FlowableTest.java,retrofit2.adapter.rxjava2.FlowableTest,subscribeTwice/0,service,1
/Users/thiago/Documents/Thiago/CodeToAnalyze/retrofit/retrofit-adapters/rxjava2/src/test/java/retrofit2/adapter/rxjava2/FlowableTest.java,retrofit2.adapter.rxjava2.FlowableTest,responseFailure/0,server,1
/Users/thiago/Documents/Thiago/CodeToAnalyze/retrofit/retrofit-adapters/rxjava2/src/test/java/retrofit2/adapter/rxjava2/FlowableTest.java,retrofit2.adapter.rxjava2.FlowableTest,responseFailure/0,subscriberRule,1
/Users/thiago/Documents/Thiago/CodeToAnalyze/retrofit/retrofit-adapters/rxjava2/src/test/java/retrofit2/adapter/rxjava2/FlowableTest.java,retrofit2.adapter.rxjava2.FlowableTest,responseFailure/0,service,1
/Users/thiago/Documents/Thiago/CodeToAnalyze/retrofit/retrofit-adapters/rxjava/src/main/java/retrofit2/adapter/rxjava/RxJavaCallAdapterFactory.java,retrofit2.adapter.rxjava.RxJavaCallAdapterFactory,"get/3[java.lang.reflect.Type,java.lang.annotation.Annotation[],retrofit2.Retrofit]",scheduler,2
/Users/thiago/Documents/Thiago/CodeToAnalyze/retrofit/retrofit-adapters/rxjava/src/main/java/retrofit2/adapter/rxjava/RxJavaCallAdapterFactory.java,retrofit2.adapter.rxjava.RxJavaCallAdapterFactory,"get/3[java.lang.reflect.Type,java.lang.annotation.Annotation[],retrofit2.Retrofit]",isAsync,2
/Users/thiago/Documents/Thiago/CodeToAnalyze/retrofit/retrofit-adapters/rxjava/src/main/java/retrofit2/adapter/rxjava/RxJavaCallAdapterFactory.java,retrofit2.adapter.rxjava.RxJavaCallAdapterFactory,createWithScheduler/1[retrofit2.adapter.rxjava.Scheduler],scheduler,3
/Users/thiago/Documents/Thiago/CodeToAnalyze/retrofit/retrofit-adapters/rxjava/src/main/java/retrofit2/adapter/rxjava/RxJavaCallAdapterFactory.java,retrofit2.adapter.rxjava.RxJavaCallAdapterFactory,"RxJavaCallAdapterFactory/2[retrofit2.adapter.rxjava.Scheduler,boolean]",scheduler,3
/Users/thiago/Documents/Thiago/CodeToAnalyze/retrofit/retrofit-adapters/rxjava/src/main/java/retrofit2/adapter/rxjava/RxJavaCallAdapterFactory.java,retrofit2.adapter.rxjava.RxJavaCallAdapterFactory,"RxJavaCallAdapterFactory/2[retrofit2.adapter.rxjava.Scheduler,boolean]",isAsync,3
/Users/thiago/Documents/Thiago/CodeToAnalyze/retrofit/retrofit-adapters/rxjava3/src/main/java/retrofit2/adapter/rxjava3/BodyObservable.java,retrofit2.adapter.rxjava3.BodyObservable,BodyObservable/1[retrofit2.adapter.rxjava3.Observable<retrofit2.Response<T>>],upstream,3
/Users/thiago/Documents/Thiago/CodeToAnalyze/retrofit/retrofit-adapters/rxjava3/src/main/java/retrofit2/adapter/rxjava3/BodyObservable.java,retrofit2.adapter.rxjava3.BodyObservable,subscribeActual/1[retrofit2.adapter.rxjava3.Observer<? super T>],upstream,1
/Users/thiago/Documents/Thiago/CodeToAnalyze/retrofit/retrofit-adapters/scala/src/test/java/retrofit2/adapter/scala/ScalaCallAdapterFactoryTest.java,retrofit2.adapter.scala.ScalaCallAdapterFactoryTest,rawTypeThrows/0,factory,1
/Users/thiago/Documents/Thiago/CodeToAnalyze/retrofit/retrofit-adapters/scala/src/test/java/retrofit2/adapter/scala/ScalaCallAdapterFactoryTest.java,retrofit2.adapter.scala.ScalaCallAdapterFactoryTest,rawTypeThrows/0,retrofit,1
/Users/thiago/Documents/Thiago/CodeToAnalyze/retrofit/retrofit-adapters/scala/src/test/java/retrofit2/adapter/scala/ScalaCallAdapterFactoryTest.java,retrofit2.adapter.scala.ScalaCallAdapterFactoryTest,rawTypeThrows/0,NO_ANNOTATIONS,1
/Users/thiago/Documents/Thiago/CodeToAnalyze/retrofit/retrofit-adapters/scala/src/test/java/retrofit2/adapter/scala/ScalaCallAdapterFactoryTest.java,retrofit2.adapter.scala.ScalaCallAdapterFactoryTest,rawResponseTypeThrows/0,factory,1
/Users/thiago/Documents/Thiago/CodeToAnalyze/retrofit/retrofit-adapters/scala/src/test/java/retrofit2/adapter/scala/ScalaCallAdapterFactoryTest.java,retrofit2.adapter.scala.ScalaCallAdapterFactoryTest,rawResponseTypeThrows/0,retrofit,1
/Users/thiago/Documents/Thiago/CodeToAnalyze/retrofit/retrofit-adapters/scala/src/test/java/retrofit2/adapter/scala/ScalaCallAdapterFactoryTest.java,retrofit2.adapter.scala.ScalaCallAdapterFactoryTest,rawResponseTypeThrows/0,NO_ANNOTATIONS,1
/Users/thiago/Documents/Thiago/CodeToAnalyze/retrofit/retrofit-adapters/scala/src/test/java/retrofit2/adapter/scala/ScalaCallAdapterFactoryTest.java,retrofit2.adapter.scala.ScalaCallAdapterFactoryTest,setUp/0,server,1
/Users/thiago/Documents/Thiago/CodeToAnalyze/retrofit/retrofit-adapters/scala/src/test/java/retrofit2/adapter/scala/ScalaCallAdapterFactoryTest.java,retrofit2.adapter.scala.ScalaCallAdapterFactoryTest,setUp/0,factory,1
/Users/thiago/Documents/Thiago/CodeToAnalyze/retrofit/retrofit-adapters/scala/src/test/java/retrofit2/adapter/scala/ScalaCallAdapterFactoryTest.java,retrofit2.adapter.scala.ScalaCallAdapterFactoryTest,setUp/0,retrofit,1
/Users/thiago/Documents/Thiago/CodeToAnalyze/retrofit/retrofit-adapters/scala/src/test/java/retrofit2/adapter/scala/ScalaCallAdapterFactoryTest.java,retrofit2.adapter.scala.ScalaCallAdapterFactoryTest,nonListenableFutureReturnsNull/0,factory,1
/Users/thiago/Documents/Thiago/CodeToAnalyze/retrofit/retrofit-adapters/scala/src/test/java/retrofit2/adapter/scala/ScalaCallAdapterFactoryTest.java,retrofit2.adapter.scala.ScalaCallAdapterFactoryTest,nonListenableFutureReturnsNull/0,retrofit,1
/Users/thiago/Documents/Thiago/CodeToAnalyze/retrofit/retrofit-adapters/scala/src/test/java/retrofit2/adapter/scala/ScalaCallAdapterFactoryTest.java,retrofit2.adapter.scala.ScalaCallAdapterFactoryTest,nonListenableFutureReturnsNull/0,NO_ANNOTATIONS,1
/Users/thiago/Documents/Thiago/CodeToAnalyze/retrofit/retrofit-adapters/scala/src/test/java/retrofit2/adapter/scala/ScalaCallAdapterFactoryTest.java,retrofit2.adapter.scala.ScalaCallAdapterFactoryTest,responseType/0,factory,7
/Users/thiago/Documents/Thiago/CodeToAnalyze/retrofit/retrofit-adapters/scala/src/test/java/retrofit2/adapter/scala/ScalaCallAdapterFactoryTest.java,retrofit2.adapter.scala.ScalaCallAdapterFactoryTest,responseType/0,retrofit,7
/Users/thiago/Documents/Thiago/CodeToAnalyze/retrofit/retrofit-adapters/scala/src/test/java/retrofit2/adapter/scala/ScalaCallAdapterFactoryTest.java,retrofit2.adapter.scala.ScalaCallAdapterFactoryTest,responseType/0,NO_ANNOTATIONS,7
/Users/thiago/Documents/Thiago/CodeToAnalyze/retrofit/retrofit-adapters/scala/src/main/java/retrofit2/adapter/scala/BodyCallAdapter.java,retrofit2.adapter.scala.BodyCallAdapter,BodyCallAdapter/1[java.lang.reflect.Type],responseType,3
/Users/thiago/Documents/Thiago/CodeToAnalyze/retrofit/retrofit-adapters/scala/src/main/java/retrofit2/adapter/scala/BodyCallAdapter.java,retrofit2.adapter.scala.BodyCallAdapter,responseType/0,responseType,2
/Users/thiago/Documents/Thiago/CodeToAnalyze/retrofit/retrofit-mock/src/main/java/retrofit2/mock/BehaviorDelegate.java,retrofit2.mock.BehaviorDelegate$CallParameterizedTypeImpl,getActualTypeArguments/0,bodyType,1
/Users/thiago/Documents/Thiago/CodeToAnalyze/retrofit/retrofit-mock/src/main/java/retrofit2/mock/BehaviorDelegate.java,retrofit2.mock.BehaviorDelegate$CallParameterizedTypeImpl,CallParameterizedTypeImpl/1[java.lang.reflect.Type],bodyType,3
/Users/thiago/Documents/Thiago/CodeToAnalyze/retrofit/retrofit-adapters/rxjava2/src/test/java/retrofit2/adapter/rxjava2/RecordingSingleObserver.java,retrofit2.adapter.rxjava2.RecordingSingleObserver$Rule,create/0,subscribers,1
/Users/thiago/Documents/Thiago/CodeToAnalyze/retrofit/retrofit-converters/protobuf/src/main/java/retrofit2/converter/protobuf/ProtoConverterFactory.java,retrofit2.converter.protobuf.ProtoConverterFactory,createWithRegistry/1[retrofit2.converter.protobuf.ExtensionRegistryLite],registry,2
/Users/thiago/Documents/Thiago/CodeToAnalyze/retrofit/retrofit-converters/protobuf/src/main/java/retrofit2/converter/protobuf/ProtoConverterFactory.java,retrofit2.converter.protobuf.ProtoConverterFactory,"requestBodyConverter/4[java.lang.reflect.Type,java.lang.annotation.Annotation[],java.lang.annotation.Annotation[],retrofit2.Retrofit]",streaming,1
/Users/thiago/Documents/Thiago/CodeToAnalyze/retrofit/retrofit-converters/protobuf/src/main/java/retrofit2/converter/protobuf/ProtoConverterFactory.java,retrofit2.converter.protobuf.ProtoConverterFactory,"responseBodyConverter/3[java.lang.reflect.Type,java.lang.annotation.Annotation[],retrofit2.Retrofit]",registry,1
/Users/thiago/Documents/Thiago/CodeToAnalyze/retrofit/retrofit-converters/protobuf/src/main/java/retrofit2/converter/protobuf/ProtoConverterFactory.java,retrofit2.converter.protobuf.ProtoConverterFactory,"ProtoConverterFactory/2[retrofit2.converter.protobuf.ExtensionRegistryLite,boolean]",registry,3
/Users/thiago/Documents/Thiago/CodeToAnalyze/retrofit/retrofit-converters/protobuf/src/main/java/retrofit2/converter/protobuf/ProtoConverterFactory.java,retrofit2.converter.protobuf.ProtoConverterFactory,"ProtoConverterFactory/2[retrofit2.converter.protobuf.ExtensionRegistryLite,boolean]",streaming,3
/Users/thiago/Documents/Thiago/CodeToAnalyze/retrofit/retrofit-converters/protobuf/src/main/java/retrofit2/converter/protobuf/ProtoConverterFactory.java,retrofit2.converter.protobuf.ProtoConverterFactory,withStreaming/0,registry,1
/Users/thiago/Documents/Thiago/CodeToAnalyze/retrofit/retrofit-mock/src/main/java/retrofit2/mock/BehaviorDelegate.java,retrofit2.mock.BehaviorDelegate,"BehaviorDelegate/4[retrofit2.Retrofit,retrofit2.mock.NetworkBehavior,java.util.concurrent.ExecutorService,java.lang.Class<T>]",retrofit,3
/Users/thiago/Documents/Thiago/CodeToAnalyze/retrofit/retrofit-mock/src/main/java/retrofit2/mock/BehaviorDelegate.java,retrofit2.mock.BehaviorDelegate,"BehaviorDelegate/4[retrofit2.Retrofit,retrofit2.mock.NetworkBehavior,java.util.concurrent.ExecutorService,java.lang.Class<T>]",executor,3
/Users/thiago/Documents/Thiago/CodeToAnalyze/retrofit/retrofit-mock/src/main/java/retrofit2/mock/BehaviorDelegate.java,retrofit2.mock.BehaviorDelegate,"BehaviorDelegate/4[retrofit2.Retrofit,retrofit2.mock.NetworkBehavior,java.util.concurrent.ExecutorService,java.lang.Class<T>]",service,3
/Users/thiago/Documents/Thiago/CodeToAnalyze/retrofit/retrofit-mock/src/main/java/retrofit2/mock/BehaviorDelegate.java,retrofit2.mock.BehaviorDelegate,"BehaviorDelegate/4[retrofit2.Retrofit,retrofit2.mock.NetworkBehavior,java.util.concurrent.ExecutorService,java.lang.Class<T>]",behavior,3
/Users/thiago/Documents/Thiago/CodeToAnalyze/retrofit/retrofit-mock/src/main/java/retrofit2/mock/BehaviorDelegate.java,retrofit2.mock.BehaviorDelegate,returning/1[retrofit2.Call<R>],retrofit,1
/Users/thiago/Documents/Thiago/CodeToAnalyze/retrofit/retrofit-mock/src/main/java/retrofit2/mock/BehaviorDelegate.java,retrofit2.mock.BehaviorDelegate,returning/1[retrofit2.Call<R>],executor,1
/Users/thiago/Documents/Thiago/CodeToAnalyze/retrofit/retrofit-mock/src/main/java/retrofit2/mock/BehaviorDelegate.java,retrofit2.mock.BehaviorDelegate,returning/1[retrofit2.Call<R>],service,2
/Users/thiago/Documents/Thiago/CodeToAnalyze/retrofit/retrofit-mock/src/main/java/retrofit2/mock/BehaviorDelegate.java,retrofit2.mock.BehaviorDelegate,returning/1[retrofit2.Call<R>],behavior,1
/Users/thiago/Documents/Thiago/CodeToAnalyze/retrofit/retrofit/src/main/java/retrofit2/CompletableFutureCallAdapterFactory.java,retrofit2.CompletableFutureCallAdapterFactory$ResponseCallAdapter$ResponseCallback,ResponseCallback/1[java.util.concurrent.CompletableFuture<retrofit2.Response<R>>],future,3
/Users/thiago/Documents/Thiago/CodeToAnalyze/retrofit/retrofit/src/main/java/retrofit2/CompletableFutureCallAdapterFactory.java,retrofit2.CompletableFutureCallAdapterFactory$ResponseCallAdapter$ResponseCallback,"onResponse/2[retrofit2.Call<R>,retrofit2.Response<R>]",future,1
/Users/thiago/Documents/Thiago/CodeToAnalyze/retrofit/retrofit/src/main/java/retrofit2/CompletableFutureCallAdapterFactory.java,retrofit2.CompletableFutureCallAdapterFactory$ResponseCallAdapter$ResponseCallback,"onFailure/2[retrofit2.Call<R>,java.lang.Throwable]",future,1
/Users/thiago/Documents/Thiago/CodeToAnalyze/retrofit/retrofit-converters/scalars/src/test/java/retrofit2/converter/scalars/ScalarsConverterFactoryTest.java,retrofit2.converter.scalars.ScalarsConverterFactoryTest,supportedResponseTypes/0,server,11
/Users/thiago/Documents/Thiago/CodeToAnalyze/retrofit/retrofit-converters/scalars/src/test/java/retrofit2/converter/scalars/ScalarsConverterFactoryTest.java,retrofit2.converter.scalars.ScalarsConverterFactoryTest,supportedResponseTypes/0,service,11
/Users/thiago/Documents/Thiago/CodeToAnalyze/retrofit/retrofit-converters/scalars/src/test/java/retrofit2/converter/scalars/ScalarsConverterFactoryTest.java,retrofit2.converter.scalars.ScalarsConverterFactoryTest,setUp/0,server,1
/Users/thiago/Documents/Thiago/CodeToAnalyze/retrofit/retrofit-converters/scalars/src/test/java/retrofit2/converter/scalars/ScalarsConverterFactoryTest.java,retrofit2.converter.scalars.ScalarsConverterFactoryTest,setUp/0,service,1
/Users/thiago/Documents/Thiago/CodeToAnalyze/retrofit/retrofit-converters/scalars/src/test/java/retrofit2/converter/scalars/ScalarsConverterFactoryTest.java,retrofit2.converter.scalars.ScalarsConverterFactoryTest,supportedRequestTypes/0,server,34
/Users/thiago/Documents/Thiago/CodeToAnalyze/retrofit/retrofit-converters/scalars/src/test/java/retrofit2/converter/scalars/ScalarsConverterFactoryTest.java,retrofit2.converter.scalars.ScalarsConverterFactoryTest,supportedRequestTypes/0,service,17
/Users/thiago/Documents/Thiago/CodeToAnalyze/retrofit/retrofit-converters/scalars/src/test/java/retrofit2/converter/scalars/ScalarsConverterFactoryTest.java,retrofit2.converter.scalars.ScalarsConverterFactoryTest,unsupportedRequestTypesNotMatched/0,service,1
/Users/thiago/Documents/Thiago/CodeToAnalyze/retrofit/retrofit-converters/scalars/src/test/java/retrofit2/converter/scalars/ScalarsConverterFactoryTest.java,retrofit2.converter.scalars.ScalarsConverterFactoryTest,unsupportedResponseTypesNotMatched/0,service,1
/Users/thiago/Documents/Thiago/CodeToAnalyze/retrofit/retrofit-adapters/rxjava3/src/test/java/retrofit2/adapter/rxjava3/MaybeThrowingTest.java,retrofit2.adapter.rxjava3.MaybeThrowingTest,responseThrowingInOnErrorDeliveredToPlugin/0,server,1
/Users/thiago/Documents/Thiago/CodeToAnalyze/retrofit/retrofit-adapters/rxjava3/src/test/java/retrofit2/adapter/rxjava3/MaybeThrowingTest.java,retrofit2.adapter.rxjava3.MaybeThrowingTest,responseThrowingInOnErrorDeliveredToPlugin/0,subscriberRule,1
/Users/thiago/Documents/Thiago/CodeToAnalyze/retrofit/retrofit-adapters/rxjava3/src/test/java/retrofit2/adapter/rxjava3/MaybeThrowingTest.java,retrofit2.adapter.rxjava3.MaybeThrowingTest,responseThrowingInOnErrorDeliveredToPlugin/0,service,1
/Users/thiago/Documents/Thiago/CodeToAnalyze/retrofit/retrofit-adapters/rxjava3/src/test/java/retrofit2/adapter/rxjava3/MaybeThrowingTest.java,retrofit2.adapter.rxjava3.MaybeThrowingTest,resultThrowingInOnSuccessDeliveredToPlugin/0,server,1
/Users/thiago/Documents/Thiago/CodeToAnalyze/retrofit/retrofit-adapters/rxjava3/src/test/java/retrofit2/adapter/rxjava3/MaybeThrowingTest.java,retrofit2.adapter.rxjava3.MaybeThrowingTest,resultThrowingInOnSuccessDeliveredToPlugin/0,subscriberRule,1
/Users/thiago/Documents/Thiago/CodeToAnalyze/retrofit/retrofit-adapters/rxjava3/src/test/java/retrofit2/adapter/rxjava3/MaybeThrowingTest.java,retrofit2.adapter.rxjava3.MaybeThrowingTest,resultThrowingInOnSuccessDeliveredToPlugin/0,service,1
/Users/thiago/Documents/Thiago/CodeToAnalyze/retrofit/retrofit-adapters/rxjava3/src/test/java/retrofit2/adapter/rxjava3/MaybeThrowingTest.java,retrofit2.adapter.rxjava3.MaybeThrowingTest,responseThrowingInOnSuccessDeliveredToPlugin/0,server,1
/Users/thiago/Documents/Thiago/CodeToAnalyze/retrofit/retrofit-adapters/rxjava3/src/test/java/retrofit2/adapter/rxjava3/MaybeThrowingTest.java,retrofit2.adapter.rxjava3.MaybeThrowingTest,responseThrowingInOnSuccessDeliveredToPlugin/0,subscriberRule,1
/Users/thiago/Documents/Thiago/CodeToAnalyze/retrofit/retrofit-adapters/rxjava3/src/test/java/retrofit2/adapter/rxjava3/MaybeThrowingTest.java,retrofit2.adapter.rxjava3.MaybeThrowingTest,responseThrowingInOnSuccessDeliveredToPlugin/0,service,1
/Users/thiago/Documents/Thiago/CodeToAnalyze/retrofit/retrofit-adapters/rxjava3/src/test/java/retrofit2/adapter/rxjava3/MaybeThrowingTest.java,retrofit2.adapter.rxjava3.MaybeThrowingTest,setUp/0,server,1
/Users/thiago/Documents/Thiago/CodeToAnalyze/retrofit/retrofit-adapters/rxjava3/src/test/java/retrofit2/adapter/rxjava3/MaybeThrowingTest.java,retrofit2.adapter.rxjava3.MaybeThrowingTest,setUp/0,service,1
/Users/thiago/Documents/Thiago/CodeToAnalyze/retrofit/retrofit-adapters/rxjava3/src/test/java/retrofit2/adapter/rxjava3/MaybeThrowingTest.java,retrofit2.adapter.rxjava3.MaybeThrowingTest,bodyThrowingInOnSuccessDeliveredToPlugin/0,server,1
/Users/thiago/Documents/Thiago/CodeToAnalyze/retrofit/retrofit-adapters/rxjava3/src/test/java/retrofit2/adapter/rxjava3/MaybeThrowingTest.java,retrofit2.adapter.rxjava3.MaybeThrowingTest,bodyThrowingInOnSuccessDeliveredToPlugin/0,subscriberRule,1
/Users/thiago/Documents/Thiago/CodeToAnalyze/retrofit/retrofit-adapters/rxjava3/src/test/java/retrofit2/adapter/rxjava3/MaybeThrowingTest.java,retrofit2.adapter.rxjava3.MaybeThrowingTest,bodyThrowingInOnSuccessDeliveredToPlugin/0,service,1
/Users/thiago/Documents/Thiago/CodeToAnalyze/retrofit/retrofit-adapters/rxjava3/src/test/java/retrofit2/adapter/rxjava3/MaybeThrowingTest.java,retrofit2.adapter.rxjava3.MaybeThrowingTest,bodyThrowingInOnErrorDeliveredToPlugin/0,server,1
/Users/thiago/Documents/Thiago/CodeToAnalyze/retrofit/retrofit-adapters/rxjava3/src/test/java/retrofit2/adapter/rxjava3/MaybeThrowingTest.java,retrofit2.adapter.rxjava3.MaybeThrowingTest,bodyThrowingInOnErrorDeliveredToPlugin/0,subscriberRule,1
/Users/thiago/Documents/Thiago/CodeToAnalyze/retrofit/retrofit-adapters/rxjava3/src/test/java/retrofit2/adapter/rxjava3/MaybeThrowingTest.java,retrofit2.adapter.rxjava3.MaybeThrowingTest,bodyThrowingInOnErrorDeliveredToPlugin/0,service,1
/Users/thiago/Documents/Thiago/CodeToAnalyze/retrofit/retrofit-adapters/rxjava3/src/test/java/retrofit2/adapter/rxjava3/MaybeThrowingTest.java,retrofit2.adapter.rxjava3.MaybeThrowingTest,resultThrowingInOnErrorDeliveredToPlugin/0,server,1
/Users/thiago/Documents/Thiago/CodeToAnalyze/retrofit/retrofit-adapters/rxjava3/src/test/java/retrofit2/adapter/rxjava3/MaybeThrowingTest.java,retrofit2.adapter.rxjava3.MaybeThrowingTest,resultThrowingInOnErrorDeliveredToPlugin/0,subscriberRule,1
/Users/thiago/Documents/Thiago/CodeToAnalyze/retrofit/retrofit-adapters/rxjava3/src/test/java/retrofit2/adapter/rxjava3/MaybeThrowingTest.java,retrofit2.adapter.rxjava3.MaybeThrowingTest,resultThrowingInOnErrorDeliveredToPlugin/0,service,1
/Users/thiago/Documents/Thiago/CodeToAnalyze/retrofit/retrofit-converters/moshi/src/main/java/retrofit2/converter/moshi/MoshiResponseBodyConverter.java,retrofit2.converter.moshi.MoshiResponseBodyConverter,MoshiResponseBodyConverter/1[retrofit2.converter.moshi.JsonAdapter<T>],adapter,3
/Users/thiago/Documents/Thiago/CodeToAnalyze/retrofit/retrofit-converters/moshi/src/main/java/retrofit2/converter/moshi/MoshiResponseBodyConverter.java,retrofit2.converter.moshi.MoshiResponseBodyConverter,convert/1[retrofit2.converter.moshi.ResponseBody],UTF8_BOM,2
/Users/thiago/Documents/Thiago/CodeToAnalyze/retrofit/retrofit-converters/moshi/src/main/java/retrofit2/converter/moshi/MoshiResponseBodyConverter.java,retrofit2.converter.moshi.MoshiResponseBodyConverter,convert/1[retrofit2.converter.moshi.ResponseBody],adapter,1
/Users/thiago/Documents/Thiago/CodeToAnalyze/retrofit/retrofit-adapters/rxjava2/src/main/java/retrofit2/adapter/rxjava2/CallExecuteObservable.java,retrofit2.adapter.rxjava2.CallExecuteObservable$CallDisposable,dispose/0,call,1
/Users/thiago/Documents/Thiago/CodeToAnalyze/retrofit/retrofit-adapters/rxjava2/src/main/java/retrofit2/adapter/rxjava2/CallExecuteObservable.java,retrofit2.adapter.rxjava2.CallExecuteObservable$CallDisposable,dispose/0,disposed,1
/Users/thiago/Documents/Thiago/CodeToAnalyze/retrofit/retrofit-adapters/rxjava2/src/main/java/retrofit2/adapter/rxjava2/CallExecuteObservable.java,retrofit2.adapter.rxjava2.CallExecuteObservable$CallDisposable,CallDisposable/1[retrofit2.Call<?>],call,3
/Users/thiago/Documents/Thiago/CodeToAnalyze/retrofit/retrofit-adapters/rxjava2/src/main/java/retrofit2/adapter/rxjava2/CallExecuteObservable.java,retrofit2.adapter.rxjava2.CallExecuteObservable$CallDisposable,isDisposed/0,disposed,1
/Users/thiago/Documents/Thiago/CodeToAnalyze/retrofit/retrofit-adapters/rxjava3/src/test/java/retrofit2/adapter/rxjava3/FlowableThrowingTest.java,retrofit2.adapter.rxjava3.FlowableThrowingTest$ForwardingSubscriber,onNext/1[T],delegate,1
/Users/thiago/Documents/Thiago/CodeToAnalyze/retrofit/retrofit-adapters/rxjava3/src/test/java/retrofit2/adapter/rxjava3/FlowableThrowingTest.java,retrofit2.adapter.rxjava3.FlowableThrowingTest$ForwardingSubscriber,onError/1[java.lang.Throwable],delegate,1
/Users/thiago/Documents/Thiago/CodeToAnalyze/retrofit/retrofit-adapters/rxjava3/src/test/java/retrofit2/adapter/rxjava3/FlowableThrowingTest.java,retrofit2.adapter.rxjava3.FlowableThrowingTest$ForwardingSubscriber,onSubscribe/1[retrofit2.adapter.rxjava3.Subscription],delegate,1
/Users/thiago/Documents/Thiago/CodeToAnalyze/retrofit/retrofit-adapters/rxjava3/src/test/java/retrofit2/adapter/rxjava3/FlowableThrowingTest.java,retrofit2.adapter.rxjava3.FlowableThrowingTest$ForwardingSubscriber,ForwardingSubscriber/1[retrofit2.adapter.rxjava3.Subscriber<T>],delegate,3
/Users/thiago/Documents/Thiago/CodeToAnalyze/retrofit/retrofit-adapters/rxjava3/src/test/java/retrofit2/adapter/rxjava3/FlowableThrowingTest.java,retrofit2.adapter.rxjava3.FlowableThrowingTest$ForwardingSubscriber,onComplete/0,delegate,1
/Users/thiago/Documents/Thiago/CodeToAnalyze/retrofit/retrofit/java-test/src/test/java/retrofit2/RetrofitTest.java,retrofit2.RetrofitTest,methodAnnotationsPassedToCallAdapter/0,server,1
/Users/thiago/Documents/Thiago/CodeToAnalyze/retrofit/retrofit/java-test/src/test/java/retrofit2/RetrofitTest.java,retrofit2.RetrofitTest,callbackExecutorUsedForSuccess/0,server,2
/Users/thiago/Documents/Thiago/CodeToAnalyze/retrofit/retrofit/java-test/src/test/java/retrofit2/RetrofitTest.java,retrofit2.RetrofitTest,callFactoryThrowingPropagates/0,server,1
/Users/thiago/Documents/Thiago/CodeToAnalyze/retrofit/retrofit/java-test/src/test/java/retrofit2/RetrofitTest.java,retrofit2.RetrofitTest,validateEagerlyFailsAtCreation/0,server,1
/Users/thiago/Documents/Thiago/CodeToAnalyze/retrofit/retrofit/java-test/src/test/java/retrofit2/RetrofitTest.java,retrofit2.RetrofitTest,customCallAdapterMissingThrows/0,server,1
/Users/thiago/Documents/Thiago/CodeToAnalyze/retrofit/retrofit/java-test/src/test/java/retrofit2/RetrofitTest.java,retrofit2.RetrofitTest,voidOutgoingAllowed/0,server,2
/Users/thiago/Documents/Thiago/CodeToAnalyze/retrofit/retrofit/java-test/src/test/java/retrofit2/RetrofitTest.java,retrofit2.RetrofitTest,missingConverterThrowsOnNonResponseBody/0,server,2
/Users/thiago/Documents/Thiago/CodeToAnalyze/retrofit/retrofit/java-test/src/test/java/retrofit2/RetrofitTest.java,retrofit2.RetrofitTest,stringConverterReturningNullResultsInDefault/0,server,1
/Users/thiago/Documents/Thiago/CodeToAnalyze/retrofit/retrofit/java-test/src/test/java/retrofit2/RetrofitTest.java,retrofit2.RetrofitTest,cloneSharesStatefulInstances/0,server,1
/Users/thiago/Documents/Thiago/CodeToAnalyze/retrofit/retrofit/java-test/src/test/java/retrofit2/RetrofitTest.java,retrofit2.RetrofitTest,objectMethodsStillWork/0,server,1
/Users/thiago/Documents/Thiago/CodeToAnalyze/retrofit/retrofit/java-test/src/test/java/retrofit2/RetrofitTest.java,retrofit2.RetrofitTest,customCallAdapter/0,server,1
/Users/thiago/Documents/Thiago/CodeToAnalyze/retrofit/retrofit/java-test/src/test/java/retrofit2/RetrofitTest.java,retrofit2.RetrofitTest,platformAwareAdapterAbsentInCloneBuilder/0,server,1
/Users/thiago/Documents/Thiago/CodeToAnalyze/retrofit/retrofit/java-test/src/test/java/retrofit2/RetrofitTest.java,retrofit2.RetrofitTest,responseBodyIncomingAllowed/0,server,3
/Users/thiago/Documents/Thiago/CodeToAnalyze/retrofit/retrofit/java-test/src/test/java/retrofit2/RetrofitTest.java,retrofit2.RetrofitTest,unresolvableParameterTypeThrows/0,server,1
/Users/thiago/Documents/Thiago/CodeToAnalyze/retrofit/retrofit/java-test/src/test/java/retrofit2/RetrofitTest.java,retrofit2.RetrofitTest,callCallAdapterAddedByDefault/0,server,1
/Users/thiago/Documents/Thiago/CodeToAnalyze/retrofit/retrofit/java-test/src/test/java/retrofit2/RetrofitTest.java,retrofit2.RetrofitTest,methodAnnotationsPassedToResponseBodyConverter/0,server,1
/Users/thiago/Documents/Thiago/CodeToAnalyze/retrofit/retrofit/java-test/src/test/java/retrofit2/RetrofitTest.java,retrofit2.RetrofitTest,methodAndParameterAnnotationsPassedToRequestBodyConverter/0,server,1
/Users/thiago/Documents/Thiago/CodeToAnalyze/retrofit/retrofit/java-test/src/test/java/retrofit2/RetrofitTest.java,retrofit2.RetrofitTest,voidResponsesArePooled/0,server,5
/Users/thiago/Documents/Thiago/CodeToAnalyze/retrofit/retrofit/java-test/src/test/java/retrofit2/RetrofitTest.java,retrofit2.RetrofitTest,responseTypeCannotBeOkHttpResponse/0,server,1
/Users/thiago/Documents/Thiago/CodeToAnalyze/retrofit/retrofit/java-test/src/test/java/retrofit2/RetrofitTest.java,retrofit2.RetrofitTest,responseTypeCannotBeRetrofitResponse/0,server,1
/Users/thiago/Documents/Thiago/CodeToAnalyze/retrofit/retrofit/java-test/src/test/java/retrofit2/RetrofitTest.java,retrofit2.RetrofitTest,interfaceWithExtend/0,server,2
/Users/thiago/Documents/Thiago/CodeToAnalyze/retrofit/retrofit/java-test/src/test/java/retrofit2/RetrofitTest.java,retrofit2.RetrofitTest,argumentCapture/0,server,5
/Users/thiago/Documents/Thiago/CodeToAnalyze/retrofit/retrofit/java-test/src/test/java/retrofit2/RetrofitTest.java,retrofit2.RetrofitTest,callbackExecutorUsedForFailure/0,server,2
/Users/thiago/Documents/Thiago/CodeToAnalyze/retrofit/retrofit/java-test/src/test/java/retrofit2/RetrofitTest.java,retrofit2.RetrofitTest,skippedCallbackExecutorNotUsedForSuccess/0,server,2
/Users/thiago/Documents/Thiago/CodeToAnalyze/retrofit/retrofit/java-test/src/test/java/retrofit2/RetrofitTest.java,retrofit2.RetrofitTest,parameterAnnotationsPassedToStringConverter/0,server,1
/Users/thiago/Documents/Thiago/CodeToAnalyze/retrofit/retrofit/java-test/src/test/java/retrofit2/RetrofitTest.java,retrofit2.RetrofitTest,builtInConvertersAbsentInCloneBuilder/0,server,1
/Users/thiago/Documents/Thiago/CodeToAnalyze/retrofit/retrofit/java-test/src/test/java/retrofit2/RetrofitTest.java,retrofit2.RetrofitTest,voidReturnTypeNotAllowed/0,server,1
/Users/thiago/Documents/Thiago/CodeToAnalyze/retrofit/retrofit/java-test/src/test/java/retrofit2/RetrofitTest.java,retrofit2.RetrofitTest,interfaceWithTypeParameterThrows/0,server,2
/Users/thiago/Documents/Thiago/CodeToAnalyze/retrofit/retrofit/java-test/src/test/java/retrofit2/RetrofitTest.java,retrofit2.RetrofitTest,missingConverterThrowsOnNonRequestBody/0,server,1
/Users/thiago/Documents/Thiago/CodeToAnalyze/retrofit/retrofit/java-test/src/test/java/retrofit2/RetrofitTest.java,retrofit2.RetrofitTest,callFactoryUsed/0,server,2
/Users/thiago/Documents/Thiago/CodeToAnalyze/retrofit/retrofit/java-test/src/test/java/retrofit2/RetrofitTest.java,retrofit2.RetrofitTest,annotationParsingFailureObservedByWaitingThreads/0,server,1
/Users/thiago/Documents/Thiago/CodeToAnalyze/retrofit/retrofit/java-test/src/test/java/retrofit2/RetrofitTest.java,retrofit2.RetrofitTest,validateEagerlyDisabledByDefault/0,server,1
/Users/thiago/Documents/Thiago/CodeToAnalyze/retrofit/retrofit/java-test/src/test/java/retrofit2/RetrofitTest.java,retrofit2.RetrofitTest,stringConverterCalledForString/0,server,1
/Users/thiago/Documents/Thiago/CodeToAnalyze/retrofit/retrofit/java-test/src/test/java/retrofit2/RetrofitTest.java,retrofit2.RetrofitTest,interfaceWithExtendWithTypeParameterThrows/0,server,2
/Users/thiago/Documents/Thiago/CodeToAnalyze/retrofit/retrofit/java-test/src/test/java/retrofit2/RetrofitTest.java,retrofit2.RetrofitTest,requestBodyOutgoingAllowed/0,server,2
/Users/thiago/Documents/Thiago/CodeToAnalyze/retrofit/retrofit/java-test/src/test/java/retrofit2/RetrofitTest.java,retrofit2.RetrofitTest,callCallCustomAdapter/0,server,1
/Users/thiago/Documents/Thiago/CodeToAnalyze/retrofit/retrofit/java-test/src/test/java/retrofit2/RetrofitTest.java,retrofit2.RetrofitTest,callFactoryReturningNullThrows/0,server,1
/Users/thiago/Documents/Thiago/CodeToAnalyze/retrofit/retrofit/java-test/src/test/java/retrofit2/RetrofitTest.java,retrofit2.RetrofitTest,unresolvableResponseTypeThrows/0,server,1
/Users/thiago/Documents/Thiago/CodeToAnalyze/retrofit/retrofit/java-test/src/test/java/retrofit2/RetrofitTest.java,retrofit2.RetrofitTest,skippedCallbackExecutorNotUsedForFailure/0,server,2
/Users/thiago/Documents/Thiago/CodeToAnalyze/retrofit/retrofit/java-test/src/test/java/retrofit2/RetrofitTest.java,retrofit2.RetrofitTest,validateEagerlyDisabledByUser/0,server,1
/Users/thiago/Documents/Thiago/CodeToAnalyze/retrofit/retrofit-adapters/rxjava/src/test/java/retrofit2/adapter/rxjava/ObservableThrowingSafeSubscriberTest.java,retrofit2.adapter.rxjava.ObservableThrowingSafeSubscriberTest,bodyThrowingInOnErrorDeliveredToPlugin/0,server,1
/Users/thiago/Documents/Thiago/CodeToAnalyze/retrofit/retrofit-adapters/rxjava/src/test/java/retrofit2/adapter/rxjava/ObservableThrowingSafeSubscriberTest.java,retrofit2.adapter.rxjava.ObservableThrowingSafeSubscriberTest,bodyThrowingInOnErrorDeliveredToPlugin/0,subscriberRule,1
/Users/thiago/Documents/Thiago/CodeToAnalyze/retrofit/retrofit-adapters/rxjava/src/test/java/retrofit2/adapter/rxjava/ObservableThrowingSafeSubscriberTest.java,retrofit2.adapter.rxjava.ObservableThrowingSafeSubscriberTest,bodyThrowingInOnErrorDeliveredToPlugin/0,service,1
/Users/thiago/Documents/Thiago/CodeToAnalyze/retrofit/retrofit-adapters/rxjava/src/test/java/retrofit2/adapter/rxjava/ObservableThrowingSafeSubscriberTest.java,retrofit2.adapter.rxjava.ObservableThrowingSafeSubscriberTest,resultThrowingInOnNextDeliveredToError/0,server,1
/Users/thiago/Documents/Thiago/CodeToAnalyze/retrofit/retrofit-adapters/rxjava/src/test/java/retrofit2/adapter/rxjava/ObservableThrowingSafeSubscriberTest.java,retrofit2.adapter.rxjava.ObservableThrowingSafeSubscriberTest,resultThrowingInOnNextDeliveredToError/0,subscriberRule,1
/Users/thiago/Documents/Thiago/CodeToAnalyze/retrofit/retrofit-adapters/rxjava/src/test/java/retrofit2/adapter/rxjava/ObservableThrowingSafeSubscriberTest.java,retrofit2.adapter.rxjava.ObservableThrowingSafeSubscriberTest,resultThrowingInOnNextDeliveredToError/0,service,1
/Users/thiago/Documents/Thiago/CodeToAnalyze/retrofit/retrofit-adapters/rxjava/src/test/java/retrofit2/adapter/rxjava/ObservableThrowingSafeSubscriberTest.java,retrofit2.adapter.rxjava.ObservableThrowingSafeSubscriberTest,bodyThrowingInOnCompleteDeliveredToPlugin/0,server,1
/Users/thiago/Documents/Thiago/CodeToAnalyze/retrofit/retrofit-adapters/rxjava/src/test/java/retrofit2/adapter/rxjava/ObservableThrowingSafeSubscriberTest.java,retrofit2.adapter.rxjava.ObservableThrowingSafeSubscriberTest,bodyThrowingInOnCompleteDeliveredToPlugin/0,subscriberRule,1
/Users/thiago/Documents/Thiago/CodeToAnalyze/retrofit/retrofit-adapters/rxjava/src/test/java/retrofit2/adapter/rxjava/ObservableThrowingSafeSubscriberTest.java,retrofit2.adapter.rxjava.ObservableThrowingSafeSubscriberTest,bodyThrowingInOnCompleteDeliveredToPlugin/0,service,1
/Users/thiago/Documents/Thiago/CodeToAnalyze/retrofit/retrofit-adapters/rxjava/src/test/java/retrofit2/adapter/rxjava/ObservableThrowingSafeSubscriberTest.java,retrofit2.adapter.rxjava.ObservableThrowingSafeSubscriberTest,resultThrowingInOnErrorDeliveredToPlugin/0,server,1
/Users/thiago/Documents/Thiago/CodeToAnalyze/retrofit/retrofit-adapters/rxjava/src/test/java/retrofit2/adapter/rxjava/ObservableThrowingSafeSubscriberTest.java,retrofit2.adapter.rxjava.ObservableThrowingSafeSubscriberTest,resultThrowingInOnErrorDeliveredToPlugin/0,subscriberRule,1
/Users/thiago/Documents/Thiago/CodeToAnalyze/retrofit/retrofit-adapters/rxjava/src/test/java/retrofit2/adapter/rxjava/ObservableThrowingSafeSubscriberTest.java,retrofit2.adapter.rxjava.ObservableThrowingSafeSubscriberTest,resultThrowingInOnErrorDeliveredToPlugin/0,service,1
/Users/thiago/Documents/Thiago/CodeToAnalyze/retrofit/retrofit-adapters/rxjava/src/test/java/retrofit2/adapter/rxjava/ObservableThrowingSafeSubscriberTest.java,retrofit2.adapter.rxjava.ObservableThrowingSafeSubscriberTest,bodyThrowingInOnNextDeliveredToError/0,server,1
/Users/thiago/Documents/Thiago/CodeToAnalyze/retrofit/retrofit-adapters/rxjava/src/test/java/retrofit2/adapter/rxjava/ObservableThrowingSafeSubscriberTest.java,retrofit2.adapter.rxjava.ObservableThrowingSafeSubscriberTest,bodyThrowingInOnNextDeliveredToError/0,subscriberRule,1
/Users/thiago/Documents/Thiago/CodeToAnalyze/retrofit/retrofit-adapters/rxjava/src/test/java/retrofit2/adapter/rxjava/ObservableThrowingSafeSubscriberTest.java,retrofit2.adapter.rxjava.ObservableThrowingSafeSubscriberTest,bodyThrowingInOnNextDeliveredToError/0,service,1
/Users/thiago/Documents/Thiago/CodeToAnalyze/retrofit/retrofit-adapters/rxjava/src/test/java/retrofit2/adapter/rxjava/ObservableThrowingSafeSubscriberTest.java,retrofit2.adapter.rxjava.ObservableThrowingSafeSubscriberTest,responseThrowingInOnErrorDeliveredToPlugin/0,server,1
/Users/thiago/Documents/Thiago/CodeToAnalyze/retrofit/retrofit-adapters/rxjava/src/test/java/retrofit2/adapter/rxjava/ObservableThrowingSafeSubscriberTest.java,retrofit2.adapter.rxjava.ObservableThrowingSafeSubscriberTest,responseThrowingInOnErrorDeliveredToPlugin/0,subscriberRule,1
/Users/thiago/Documents/Thiago/CodeToAnalyze/retrofit/retrofit-adapters/rxjava/src/test/java/retrofit2/adapter/rxjava/ObservableThrowingSafeSubscriberTest.java,retrofit2.adapter.rxjava.ObservableThrowingSafeSubscriberTest,responseThrowingInOnErrorDeliveredToPlugin/0,service,1
/Users/thiago/Documents/Thiago/CodeToAnalyze/retrofit/retrofit-adapters/rxjava/src/test/java/retrofit2/adapter/rxjava/ObservableThrowingSafeSubscriberTest.java,retrofit2.adapter.rxjava.ObservableThrowingSafeSubscriberTest,resultThrowingInOnCompletedDeliveredToPlugin/0,server,1
/Users/thiago/Documents/Thiago/CodeToAnalyze/retrofit/retrofit-adapters/rxjava/src/test/java/retrofit2/adapter/rxjava/ObservableThrowingSafeSubscriberTest.java,retrofit2.adapter.rxjava.ObservableThrowingSafeSubscriberTest,resultThrowingInOnCompletedDeliveredToPlugin/0,subscriberRule,1
/Users/thiago/Documents/Thiago/CodeToAnalyze/retrofit/retrofit-adapters/rxjava/src/test/java/retrofit2/adapter/rxjava/ObservableThrowingSafeSubscriberTest.java,retrofit2.adapter.rxjava.ObservableThrowingSafeSubscriberTest,resultThrowingInOnCompletedDeliveredToPlugin/0,service,1
/Users/thiago/Documents/Thiago/CodeToAnalyze/retrofit/retrofit-adapters/rxjava/src/test/java/retrofit2/adapter/rxjava/ObservableThrowingSafeSubscriberTest.java,retrofit2.adapter.rxjava.ObservableThrowingSafeSubscriberTest,setUp/0,server,1
/Users/thiago/Documents/Thiago/CodeToAnalyze/retrofit/retrofit-adapters/rxjava/src/test/java/retrofit2/adapter/rxjava/ObservableThrowingSafeSubscriberTest.java,retrofit2.adapter.rxjava.ObservableThrowingSafeSubscriberTest,setUp/0,service,1
/Users/thiago/Documents/Thiago/CodeToAnalyze/retrofit/retrofit-adapters/rxjava/src/test/java/retrofit2/adapter/rxjava/ObservableThrowingSafeSubscriberTest.java,retrofit2.adapter.rxjava.ObservableThrowingSafeSubscriberTest,responseThrowingInOnNextDeliveredToError/0,server,1
/Users/thiago/Documents/Thiago/CodeToAnalyze/retrofit/retrofit-adapters/rxjava/src/test/java/retrofit2/adapter/rxjava/ObservableThrowingSafeSubscriberTest.java,retrofit2.adapter.rxjava.ObservableThrowingSafeSubscriberTest,responseThrowingInOnNextDeliveredToError/0,subscriberRule,1
/Users/thiago/Documents/Thiago/CodeToAnalyze/retrofit/retrofit-adapters/rxjava/src/test/java/retrofit2/adapter/rxjava/ObservableThrowingSafeSubscriberTest.java,retrofit2.adapter.rxjava.ObservableThrowingSafeSubscriberTest,responseThrowingInOnNextDeliveredToError/0,service,1
/Users/thiago/Documents/Thiago/CodeToAnalyze/retrofit/retrofit-adapters/rxjava/src/test/java/retrofit2/adapter/rxjava/ObservableThrowingSafeSubscriberTest.java,retrofit2.adapter.rxjava.ObservableThrowingSafeSubscriberTest,responseThrowingInOnCompleteDeliveredToPlugin/0,server,1
/Users/thiago/Documents/Thiago/CodeToAnalyze/retrofit/retrofit-adapters/rxjava/src/test/java/retrofit2/adapter/rxjava/ObservableThrowingSafeSubscriberTest.java,retrofit2.adapter.rxjava.ObservableThrowingSafeSubscriberTest,responseThrowingInOnCompleteDeliveredToPlugin/0,subscriberRule,1
/Users/thiago/Documents/Thiago/CodeToAnalyze/retrofit/retrofit-adapters/rxjava/src/test/java/retrofit2/adapter/rxjava/ObservableThrowingSafeSubscriberTest.java,retrofit2.adapter.rxjava.ObservableThrowingSafeSubscriberTest,responseThrowingInOnCompleteDeliveredToPlugin/0,service,1
/Users/thiago/Documents/Thiago/CodeToAnalyze/retrofit/retrofit/src/main/java/retrofit2/OptionalConverterFactory.java,retrofit2.OptionalConverterFactory$OptionalConverter,"OptionalConverter/1[retrofit2.Converter<retrofit2.ResponseBody,T>]",delegate,3
/Users/thiago/Documents/Thiago/CodeToAnalyze/retrofit/retrofit/src/main/java/retrofit2/OptionalConverterFactory.java,retrofit2.OptionalConverterFactory$OptionalConverter,convert/1[retrofit2.ResponseBody],delegate,1
/Users/thiago/Documents/Thiago/CodeToAnalyze/retrofit/retrofit-adapters/rxjava3/src/test/java/retrofit2/adapter/rxjava3/SingleWithSchedulerTest.java,retrofit2.adapter.rxjava3.SingleWithSchedulerTest,responseUsesScheduler/0,scheduler,1
/Users/thiago/Documents/Thiago/CodeToAnalyze/retrofit/retrofit-adapters/rxjava3/src/test/java/retrofit2/adapter/rxjava3/SingleWithSchedulerTest.java,retrofit2.adapter.rxjava3.SingleWithSchedulerTest,responseUsesScheduler/0,server,1
/Users/thiago/Documents/Thiago/CodeToAnalyze/retrofit/retrofit-adapters/rxjava3/src/test/java/retrofit2/adapter/rxjava3/SingleWithSchedulerTest.java,retrofit2.adapter.rxjava3.SingleWithSchedulerTest,responseUsesScheduler/0,service,1
/Users/thiago/Documents/Thiago/CodeToAnalyze/retrofit/retrofit-adapters/rxjava3/src/test/java/retrofit2/adapter/rxjava3/SingleWithSchedulerTest.java,retrofit2.adapter.rxjava3.SingleWithSchedulerTest,responseUsesScheduler/0,observerRule,1
/Users/thiago/Documents/Thiago/CodeToAnalyze/retrofit/retrofit-adapters/rxjava3/src/test/java/retrofit2/adapter/rxjava3/SingleWithSchedulerTest.java,retrofit2.adapter.rxjava3.SingleWithSchedulerTest,setUp/0,scheduler,1
/Users/thiago/Documents/Thiago/CodeToAnalyze/retrofit/retrofit-adapters/rxjava3/src/test/java/retrofit2/adapter/rxjava3/SingleWithSchedulerTest.java,retrofit2.adapter.rxjava3.SingleWithSchedulerTest,setUp/0,server,1
/Users/thiago/Documents/Thiago/CodeToAnalyze/retrofit/retrofit-adapters/rxjava3/src/test/java/retrofit2/adapter/rxjava3/SingleWithSchedulerTest.java,retrofit2.adapter.rxjava3.SingleWithSchedulerTest,setUp/0,service,1
/Users/thiago/Documents/Thiago/CodeToAnalyze/retrofit/retrofit-adapters/rxjava3/src/test/java/retrofit2/adapter/rxjava3/SingleWithSchedulerTest.java,retrofit2.adapter.rxjava3.SingleWithSchedulerTest,resultUsesScheduler/0,scheduler,1
/Users/thiago/Documents/Thiago/CodeToAnalyze/retrofit/retrofit-adapters/rxjava3/src/test/java/retrofit2/adapter/rxjava3/SingleWithSchedulerTest.java,retrofit2.adapter.rxjava3.SingleWithSchedulerTest,resultUsesScheduler/0,server,1
/Users/thiago/Documents/Thiago/CodeToAnalyze/retrofit/retrofit-adapters/rxjava3/src/test/java/retrofit2/adapter/rxjava3/SingleWithSchedulerTest.java,retrofit2.adapter.rxjava3.SingleWithSchedulerTest,resultUsesScheduler/0,service,1
/Users/thiago/Documents/Thiago/CodeToAnalyze/retrofit/retrofit-adapters/rxjava3/src/test/java/retrofit2/adapter/rxjava3/SingleWithSchedulerTest.java,retrofit2.adapter.rxjava3.SingleWithSchedulerTest,resultUsesScheduler/0,observerRule,1
/Users/thiago/Documents/Thiago/CodeToAnalyze/retrofit/retrofit-adapters/rxjava3/src/test/java/retrofit2/adapter/rxjava3/SingleWithSchedulerTest.java,retrofit2.adapter.rxjava3.SingleWithSchedulerTest,bodyUsesScheduler/0,scheduler,1
/Users/thiago/Documents/Thiago/CodeToAnalyze/retrofit/retrofit-adapters/rxjava3/src/test/java/retrofit2/adapter/rxjava3/SingleWithSchedulerTest.java,retrofit2.adapter.rxjava3.SingleWithSchedulerTest,bodyUsesScheduler/0,server,1
/Users/thiago/Documents/Thiago/CodeToAnalyze/retrofit/retrofit-adapters/rxjava3/src/test/java/retrofit2/adapter/rxjava3/SingleWithSchedulerTest.java,retrofit2.adapter.rxjava3.SingleWithSchedulerTest,bodyUsesScheduler/0,service,1
/Users/thiago/Documents/Thiago/CodeToAnalyze/retrofit/retrofit-adapters/rxjava3/src/test/java/retrofit2/adapter/rxjava3/SingleWithSchedulerTest.java,retrofit2.adapter.rxjava3.SingleWithSchedulerTest,bodyUsesScheduler/0,observerRule,1
/Users/thiago/Documents/Thiago/CodeToAnalyze/retrofit/retrofit/java-test/src/test/java/retrofit2/DefaultCallAdapterFactoryTest.java,retrofit2.DefaultCallAdapterFactoryTest,adaptedCallCancel/0,factory,1
/Users/thiago/Documents/Thiago/CodeToAnalyze/retrofit/retrofit/java-test/src/test/java/retrofit2/DefaultCallAdapterFactoryTest.java,retrofit2.DefaultCallAdapterFactoryTest,adaptedCallCancel/0,retrofit,1
/Users/thiago/Documents/Thiago/CodeToAnalyze/retrofit/retrofit/java-test/src/test/java/retrofit2/DefaultCallAdapterFactoryTest.java,retrofit2.DefaultCallAdapterFactoryTest,adaptedCallCancel/0,NO_ANNOTATIONS,1
/Users/thiago/Documents/Thiago/CodeToAnalyze/retrofit/retrofit/java-test/src/test/java/retrofit2/DefaultCallAdapterFactoryTest.java,retrofit2.DefaultCallAdapterFactoryTest,adaptedCallExecute/0,factory,1
/Users/thiago/Documents/Thiago/CodeToAnalyze/retrofit/retrofit/java-test/src/test/java/retrofit2/DefaultCallAdapterFactoryTest.java,retrofit2.DefaultCallAdapterFactoryTest,adaptedCallExecute/0,retrofit,1
/Users/thiago/Documents/Thiago/CodeToAnalyze/retrofit/retrofit/java-test/src/test/java/retrofit2/DefaultCallAdapterFactoryTest.java,retrofit2.DefaultCallAdapterFactoryTest,adaptedCallExecute/0,NO_ANNOTATIONS,1
/Users/thiago/Documents/Thiago/CodeToAnalyze/retrofit/retrofit/java-test/src/test/java/retrofit2/DefaultCallAdapterFactoryTest.java,retrofit2.DefaultCallAdapterFactoryTest,rawTypeThrows/0,factory,1
/Users/thiago/Documents/Thiago/CodeToAnalyze/retrofit/retrofit/java-test/src/test/java/retrofit2/DefaultCallAdapterFactoryTest.java,retrofit2.DefaultCallAdapterFactoryTest,rawTypeThrows/0,retrofit,1
/Users/thiago/Documents/Thiago/CodeToAnalyze/retrofit/retrofit/java-test/src/test/java/retrofit2/DefaultCallAdapterFactoryTest.java,retrofit2.DefaultCallAdapterFactoryTest,rawTypeThrows/0,NO_ANNOTATIONS,1
/Users/thiago/Documents/Thiago/CodeToAnalyze/retrofit/retrofit/java-test/src/test/java/retrofit2/DefaultCallAdapterFactoryTest.java,retrofit2.DefaultCallAdapterFactoryTest,adaptedCallCloneDeepCopy/0,factory,1
/Users/thiago/Documents/Thiago/CodeToAnalyze/retrofit/retrofit/java-test/src/test/java/retrofit2/DefaultCallAdapterFactoryTest.java,retrofit2.DefaultCallAdapterFactoryTest,adaptedCallCloneDeepCopy/0,retrofit,1
/Users/thiago/Documents/Thiago/CodeToAnalyze/retrofit/retrofit/java-test/src/test/java/retrofit2/DefaultCallAdapterFactoryTest.java,retrofit2.DefaultCallAdapterFactoryTest,adaptedCallCloneDeepCopy/0,NO_ANNOTATIONS,1
/Users/thiago/Documents/Thiago/CodeToAnalyze/retrofit/retrofit/java-test/src/test/java/retrofit2/DefaultCallAdapterFactoryTest.java,retrofit2.DefaultCallAdapterFactoryTest,responseType/0,factory,3
/Users/thiago/Documents/Thiago/CodeToAnalyze/retrofit/retrofit/java-test/src/test/java/retrofit2/DefaultCallAdapterFactoryTest.java,retrofit2.DefaultCallAdapterFactoryTest,responseType/0,retrofit,3
/Users/thiago/Documents/Thiago/CodeToAnalyze/retrofit/retrofit/java-test/src/test/java/retrofit2/DefaultCallAdapterFactoryTest.java,retrofit2.DefaultCallAdapterFactoryTest,responseType/0,NO_ANNOTATIONS,3
/Users/thiago/Documents/Thiago/CodeToAnalyze/retrofit/retrofit-adapters/rxjava3/src/main/java/retrofit2/adapter/rxjava3/CallEnqueueObservable.java,retrofit2.adapter.rxjava3.CallEnqueueObservable$CallCallback,"onResponse/2[retrofit2.Call<T>,retrofit2.Response<T>]",call,1
/Users/thiago/Documents/Thiago/CodeToAnalyze/retrofit/retrofit-adapters/rxjava3/src/main/java/retrofit2/adapter/rxjava3/CallEnqueueObservable.java,retrofit2.adapter.rxjava3.CallEnqueueObservable$CallCallback,"onResponse/2[retrofit2.Call<T>,retrofit2.Response<T>]",observer,3
/Users/thiago/Documents/Thiago/CodeToAnalyze/retrofit/retrofit-adapters/rxjava3/src/main/java/retrofit2/adapter/rxjava3/CallEnqueueObservable.java,retrofit2.adapter.rxjava3.CallEnqueueObservable$CallCallback,"onResponse/2[retrofit2.Call<T>,retrofit2.Response<T>]",disposed,3
/Users/thiago/Documents/Thiago/CodeToAnalyze/retrofit/retrofit-adapters/rxjava3/src/main/java/retrofit2/adapter/rxjava3/CallEnqueueObservable.java,retrofit2.adapter.rxjava3.CallEnqueueObservable$CallCallback,"onResponse/2[retrofit2.Call<T>,retrofit2.Response<T>]",terminated,2
/Users/thiago/Documents/Thiago/CodeToAnalyze/retrofit/retrofit-adapters/rxjava3/src/main/java/retrofit2/adapter/rxjava3/CallEnqueueObservable.java,retrofit2.adapter.rxjava3.CallEnqueueObservable$CallCallback,"onFailure/2[retrofit2.Call<T>,java.lang.Throwable]",call,2
/Users/thiago/Documents/Thiago/CodeToAnalyze/retrofit/retrofit-adapters/rxjava3/src/main/java/retrofit2/adapter/rxjava3/CallEnqueueObservable.java,retrofit2.adapter.rxjava3.CallEnqueueObservable$CallCallback,"onFailure/2[retrofit2.Call<T>,java.lang.Throwable]",observer,1
/Users/thiago/Documents/Thiago/CodeToAnalyze/retrofit/retrofit-adapters/rxjava3/src/main/java/retrofit2/adapter/rxjava3/CallEnqueueObservable.java,retrofit2.adapter.rxjava3.CallEnqueueObservable$CallCallback,dispose/0,call,1
/Users/thiago/Documents/Thiago/CodeToAnalyze/retrofit/retrofit-adapters/rxjava3/src/main/java/retrofit2/adapter/rxjava3/CallEnqueueObservable.java,retrofit2.adapter.rxjava3.CallEnqueueObservable$CallCallback,dispose/0,disposed,1
/Users/thiago/Documents/Thiago/CodeToAnalyze/retrofit/retrofit-adapters/rxjava3/src/main/java/retrofit2/adapter/rxjava3/CallEnqueueObservable.java,retrofit2.adapter.rxjava3.CallEnqueueObservable$CallCallback,isDisposed/0,disposed,1
/Users/thiago/Documents/Thiago/CodeToAnalyze/retrofit/retrofit-adapters/rxjava3/src/main/java/retrofit2/adapter/rxjava3/CallEnqueueObservable.java,retrofit2.adapter.rxjava3.CallEnqueueObservable$CallCallback,"CallCallback/2[retrofit2.Call<?>,retrofit2.adapter.rxjava3.Observer<? super retrofit2.Response<T>>]",call,3
/Users/thiago/Documents/Thiago/CodeToAnalyze/retrofit/retrofit-adapters/rxjava3/src/main/java/retrofit2/adapter/rxjava3/CallEnqueueObservable.java,retrofit2.adapter.rxjava3.CallEnqueueObservable$CallCallback,"CallCallback/2[retrofit2.Call<?>,retrofit2.adapter.rxjava3.Observer<? super retrofit2.Response<T>>]",observer,3
/Users/thiago/Documents/Thiago/CodeToAnalyze/retrofit/retrofit/src/main/java/retrofit2/ParameterHandler.java,retrofit2.ParameterHandler$Headers,"apply/2[retrofit2.RequestBuilder,okhttp3.Headers]",p,1
/Users/thiago/Documents/Thiago/CodeToAnalyze/retrofit/retrofit/src/main/java/retrofit2/ParameterHandler.java,retrofit2.ParameterHandler$Headers,"apply/2[retrofit2.RequestBuilder,okhttp3.Headers]",method,1
/Users/thiago/Documents/Thiago/CodeToAnalyze/retrofit/retrofit/src/main/java/retrofit2/ParameterHandler.java,retrofit2.ParameterHandler$Headers,"Headers/2[java.lang.reflect.Method,int]",p,3
/Users/thiago/Documents/Thiago/CodeToAnalyze/retrofit/retrofit/src/main/java/retrofit2/ParameterHandler.java,retrofit2.ParameterHandler$Headers,"Headers/2[java.lang.reflect.Method,int]",method,3
/Users/thiago/Documents/Thiago/CodeToAnalyze/retrofit/retrofit-adapters/rxjava/src/test/java/retrofit2/adapter/rxjava/RecordingSubscriber.java,retrofit2.adapter.rxjava.RecordingSubscriber,onNext/1[T],events,1
/Users/thiago/Documents/Thiago/CodeToAnalyze/retrofit/retrofit-adapters/rxjava/src/test/java/retrofit2/adapter/rxjava/RecordingSubscriber.java,retrofit2.adapter.rxjava.RecordingSubscriber,assertNoEvents/0,events,1
/Users/thiago/Documents/Thiago/CodeToAnalyze/retrofit/retrofit-adapters/rxjava/src/test/java/retrofit2/adapter/rxjava/RecordingSubscriber.java,retrofit2.adapter.rxjava.RecordingSubscriber,RecordingSubscriber/1[long],initialRequest,3
/Users/thiago/Documents/Thiago/CodeToAnalyze/retrofit/retrofit-adapters/rxjava/src/test/java/retrofit2/adapter/rxjava/RecordingSubscriber.java,retrofit2.adapter.rxjava.RecordingSubscriber,onStart/0,initialRequest,1
/Users/thiago/Documents/Thiago/CodeToAnalyze/retrofit/retrofit-adapters/rxjava/src/test/java/retrofit2/adapter/rxjava/RecordingSubscriber.java,retrofit2.adapter.rxjava.RecordingSubscriber,takeNotification/0,events,1
/Users/thiago/Documents/Thiago/CodeToAnalyze/retrofit/retrofit-adapters/rxjava/src/test/java/retrofit2/adapter/rxjava/RecordingSubscriber.java,retrofit2.adapter.rxjava.RecordingSubscriber,onError/1[java.lang.Throwable],events,1
/Users/thiago/Documents/Thiago/CodeToAnalyze/retrofit/retrofit-adapters/rxjava/src/test/java/retrofit2/adapter/rxjava/RecordingSubscriber.java,retrofit2.adapter.rxjava.RecordingSubscriber,onCompleted/0,events,1
/Users/thiago/Documents/Thiago/CodeToAnalyze/retrofit/samples/src/main/java/com/example/retrofit/JsonAndXmlConverters.java,com.example.retrofit.JsonAndXmlConverters$QualifiedTypeConverterFactory,"QualifiedTypeConverterFactory/2[retrofit2.Converter.Factory,retrofit2.Converter.Factory]",xmlFactory,3
/Users/thiago/Documents/Thiago/CodeToAnalyze/retrofit/samples/src/main/java/com/example/retrofit/JsonAndXmlConverters.java,com.example.retrofit.JsonAndXmlConverters$QualifiedTypeConverterFactory,"QualifiedTypeConverterFactory/2[retrofit2.Converter.Factory,retrofit2.Converter.Factory]",jsonFactory,3
/Users/thiago/Documents/Thiago/CodeToAnalyze/retrofit/samples/src/main/java/com/example/retrofit/JsonAndXmlConverters.java,com.example.retrofit.JsonAndXmlConverters$QualifiedTypeConverterFactory,"requestBodyConverter/4[java.lang.reflect.Type,java.lang.annotation.Annotation[],java.lang.annotation.Annotation[],retrofit2.Retrofit]",xmlFactory,1
/Users/thiago/Documents/Thiago/CodeToAnalyze/retrofit/samples/src/main/java/com/example/retrofit/JsonAndXmlConverters.java,com.example.retrofit.JsonAndXmlConverters$QualifiedTypeConverterFactory,"requestBodyConverter/4[java.lang.reflect.Type,java.lang.annotation.Annotation[],java.lang.annotation.Annotation[],retrofit2.Retrofit]",jsonFactory,1
/Users/thiago/Documents/Thiago/CodeToAnalyze/retrofit/samples/src/main/java/com/example/retrofit/JsonAndXmlConverters.java,com.example.retrofit.JsonAndXmlConverters$QualifiedTypeConverterFactory,"responseBodyConverter/3[java.lang.reflect.Type,java.lang.annotation.Annotation[],retrofit2.Retrofit]",xmlFactory,1
/Users/thiago/Documents/Thiago/CodeToAnalyze/retrofit/samples/src/main/java/com/example/retrofit/JsonAndXmlConverters.java,com.example.retrofit.JsonAndXmlConverters$QualifiedTypeConverterFactory,"responseBodyConverter/3[java.lang.reflect.Type,java.lang.annotation.Annotation[],retrofit2.Retrofit]",jsonFactory,1
/Users/thiago/Documents/Thiago/CodeToAnalyze/retrofit/retrofit-adapters/rxjava2/src/test/java/retrofit2/adapter/rxjava2/CompletableThrowingTest.java,retrofit2.adapter.rxjava2.CompletableThrowingTest,throwingInOnCompleteDeliveredToPlugin/0,server,1
/Users/thiago/Documents/Thiago/CodeToAnalyze/retrofit/retrofit-adapters/rxjava2/src/test/java/retrofit2/adapter/rxjava2/CompletableThrowingTest.java,retrofit2.adapter.rxjava2.CompletableThrowingTest,throwingInOnCompleteDeliveredToPlugin/0,service,1
/Users/thiago/Documents/Thiago/CodeToAnalyze/retrofit/retrofit-adapters/rxjava2/src/test/java/retrofit2/adapter/rxjava2/CompletableThrowingTest.java,retrofit2.adapter.rxjava2.CompletableThrowingTest,throwingInOnCompleteDeliveredToPlugin/0,observerRule,1
/Users/thiago/Documents/Thiago/CodeToAnalyze/retrofit/retrofit-adapters/rxjava2/src/test/java/retrofit2/adapter/rxjava2/CompletableThrowingTest.java,retrofit2.adapter.rxjava2.CompletableThrowingTest,setUp/0,server,1
/Users/thiago/Documents/Thiago/CodeToAnalyze/retrofit/retrofit-adapters/rxjava2/src/test/java/retrofit2/adapter/rxjava2/CompletableThrowingTest.java,retrofit2.adapter.rxjava2.CompletableThrowingTest,setUp/0,service,1
/Users/thiago/Documents/Thiago/CodeToAnalyze/retrofit/retrofit-adapters/rxjava2/src/test/java/retrofit2/adapter/rxjava2/CompletableThrowingTest.java,retrofit2.adapter.rxjava2.CompletableThrowingTest,bodyThrowingInOnErrorDeliveredToPlugin/0,server,1
/Users/thiago/Documents/Thiago/CodeToAnalyze/retrofit/retrofit-adapters/rxjava2/src/test/java/retrofit2/adapter/rxjava2/CompletableThrowingTest.java,retrofit2.adapter.rxjava2.CompletableThrowingTest,bodyThrowingInOnErrorDeliveredToPlugin/0,service,1
/Users/thiago/Documents/Thiago/CodeToAnalyze/retrofit/retrofit-adapters/rxjava2/src/test/java/retrofit2/adapter/rxjava2/CompletableThrowingTest.java,retrofit2.adapter.rxjava2.CompletableThrowingTest,bodyThrowingInOnErrorDeliveredToPlugin/0,observerRule,1
/Users/thiago/Documents/Thiago/CodeToAnalyze/retrofit/retrofit-adapters/rxjava2/src/test/java/retrofit2/adapter/rxjava2/ObservableWithSchedulerTest.java,retrofit2.adapter.rxjava2.ObservableWithSchedulerTest,responseUsesScheduler/0,scheduler,1
/Users/thiago/Documents/Thiago/CodeToAnalyze/retrofit/retrofit-adapters/rxjava2/src/test/java/retrofit2/adapter/rxjava2/ObservableWithSchedulerTest.java,retrofit2.adapter.rxjava2.ObservableWithSchedulerTest,responseUsesScheduler/0,server,1
/Users/thiago/Documents/Thiago/CodeToAnalyze/retrofit/retrofit-adapters/rxjava2/src/test/java/retrofit2/adapter/rxjava2/ObservableWithSchedulerTest.java,retrofit2.adapter.rxjava2.ObservableWithSchedulerTest,responseUsesScheduler/0,service,1
/Users/thiago/Documents/Thiago/CodeToAnalyze/retrofit/retrofit-adapters/rxjava2/src/test/java/retrofit2/adapter/rxjava2/ObservableWithSchedulerTest.java,retrofit2.adapter.rxjava2.ObservableWithSchedulerTest,responseUsesScheduler/0,observerRule,1
/Users/thiago/Documents/Thiago/CodeToAnalyze/retrofit/retrofit-adapters/rxjava2/src/test/java/retrofit2/adapter/rxjava2/ObservableWithSchedulerTest.java,retrofit2.adapter.rxjava2.ObservableWithSchedulerTest,setUp/0,scheduler,1
/Users/thiago/Documents/Thiago/CodeToAnalyze/retrofit/retrofit-adapters/rxjava2/src/test/java/retrofit2/adapter/rxjava2/ObservableWithSchedulerTest.java,retrofit2.adapter.rxjava2.ObservableWithSchedulerTest,setUp/0,server,1
/Users/thiago/Documents/Thiago/CodeToAnalyze/retrofit/retrofit-adapters/rxjava2/src/test/java/retrofit2/adapter/rxjava2/ObservableWithSchedulerTest.java,retrofit2.adapter.rxjava2.ObservableWithSchedulerTest,setUp/0,service,1
/Users/thiago/Documents/Thiago/CodeToAnalyze/retrofit/retrofit-adapters/rxjava2/src/test/java/retrofit2/adapter/rxjava2/ObservableWithSchedulerTest.java,retrofit2.adapter.rxjava2.ObservableWithSchedulerTest,resultUsesScheduler/0,scheduler,1
/Users/thiago/Documents/Thiago/CodeToAnalyze/retrofit/retrofit-adapters/rxjava2/src/test/java/retrofit2/adapter/rxjava2/ObservableWithSchedulerTest.java,retrofit2.adapter.rxjava2.ObservableWithSchedulerTest,resultUsesScheduler/0,server,1
/Users/thiago/Documents/Thiago/CodeToAnalyze/retrofit/retrofit-adapters/rxjava2/src/test/java/retrofit2/adapter/rxjava2/ObservableWithSchedulerTest.java,retrofit2.adapter.rxjava2.ObservableWithSchedulerTest,resultUsesScheduler/0,service,1
/Users/thiago/Documents/Thiago/CodeToAnalyze/retrofit/retrofit-adapters/rxjava2/src/test/java/retrofit2/adapter/rxjava2/ObservableWithSchedulerTest.java,retrofit2.adapter.rxjava2.ObservableWithSchedulerTest,resultUsesScheduler/0,observerRule,1
/Users/thiago/Documents/Thiago/CodeToAnalyze/retrofit/retrofit-adapters/rxjava2/src/test/java/retrofit2/adapter/rxjava2/ObservableWithSchedulerTest.java,retrofit2.adapter.rxjava2.ObservableWithSchedulerTest,bodyUsesScheduler/0,scheduler,1
/Users/thiago/Documents/Thiago/CodeToAnalyze/retrofit/retrofit-adapters/rxjava2/src/test/java/retrofit2/adapter/rxjava2/ObservableWithSchedulerTest.java,retrofit2.adapter.rxjava2.ObservableWithSchedulerTest,bodyUsesScheduler/0,server,1
/Users/thiago/Documents/Thiago/CodeToAnalyze/retrofit/retrofit-adapters/rxjava2/src/test/java/retrofit2/adapter/rxjava2/ObservableWithSchedulerTest.java,retrofit2.adapter.rxjava2.ObservableWithSchedulerTest,bodyUsesScheduler/0,service,1
/Users/thiago/Documents/Thiago/CodeToAnalyze/retrofit/retrofit-adapters/rxjava2/src/test/java/retrofit2/adapter/rxjava2/ObservableWithSchedulerTest.java,retrofit2.adapter.rxjava2.ObservableWithSchedulerTest,bodyUsesScheduler/0,observerRule,1
/Users/thiago/Documents/Thiago/CodeToAnalyze/retrofit/retrofit-adapters/rxjava/src/test/java/retrofit2/adapter/rxjava/ForwardingSubscriber.java,retrofit2.adapter.rxjava.ForwardingSubscriber,onNext/1[T],delegate,1
/Users/thiago/Documents/Thiago/CodeToAnalyze/retrofit/retrofit-adapters/rxjava/src/test/java/retrofit2/adapter/rxjava/ForwardingSubscriber.java,retrofit2.adapter.rxjava.ForwardingSubscriber,onError/1[java.lang.Throwable],delegate,1
/Users/thiago/Documents/Thiago/CodeToAnalyze/retrofit/retrofit-adapters/rxjava/src/test/java/retrofit2/adapter/rxjava/ForwardingSubscriber.java,retrofit2.adapter.rxjava.ForwardingSubscriber,ForwardingSubscriber/1[retrofit2.adapter.rxjava.Subscriber<T>],delegate,3
/Users/thiago/Documents/Thiago/CodeToAnalyze/retrofit/retrofit-adapters/rxjava/src/test/java/retrofit2/adapter/rxjava/ForwardingSubscriber.java,retrofit2.adapter.rxjava.ForwardingSubscriber,onCompleted/0,delegate,1
