file,class,method,constructor,line,cbo,cboModified,fanin,fanout,wmc,rfc,loc,returnsQty,variablesQty,parametersQty,methodsInvokedQty,methodsInvokedLocalQty,methodsInvokedIndirectLocalQty,loopQty,comparisonsQty,tryCatchQty,parenthesizedExpsQty,stringLiteralsQty,numbersQty,assignmentsQty,mathOperationsQty,maxNestedBlocksQty,anonymousClassesQty,innerClassesQty,lambdasQty,uniqueWordsQty,modifiers,logStatementsQty,hasJavaDoc
/Users/thiago/Documents/Thiago/CodeToAnalyze/retrofit/retrofit-adapters/rxjava3/src/test/java/retrofit2/adapter/rxjava3/AsyncTest.java,retrofit2.adapter.rxjava3.AsyncTest$Service,completable/0,false,54,2,5,5,0,1,0,1,0,0,0,0,0,0,0,0,0,0,1,0,0,0,0,0,0,0,2,0,0,false
/Users/thiago/Documents/Thiago/CodeToAnalyze/retrofit/retrofit-adapters/rxjava3/src/test/java/retrofit2/adapter/rxjava3/RecordingMaybeObserver.java,retrofit2.adapter.rxjava3.RecordingMaybeObserver$Rule,"apply/2[retrofit2.adapter.rxjava3.Statement,retrofit2.adapter.rxjava3.Description]",false,122,3,0,0,0,1,0,11,1,0,2,0,0,0,0,0,0,0,0,0,0,0,0,1,0,0,7,1,0,false
/Users/thiago/Documents/Thiago/CodeToAnalyze/retrofit/retrofit-adapters/rxjava3/src/test/java/retrofit2/adapter/rxjava3/RecordingMaybeObserver.java,retrofit2.adapter.rxjava3.RecordingMaybeObserver$Rule,create/0,false,115,2,20,19,1,1,1,5,1,1,0,1,0,0,0,0,0,0,0,0,1,0,0,0,0,0,2,1,0,false
/Users/thiago/Documents/Thiago/CodeToAnalyze/retrofit/retrofit/java-test/src/test/java/retrofit2/RequestFactoryTest.java,retrofit2.RequestFactoryTest$83Example,method/0,false,1605,3,0,0,0,1,0,3,1,0,0,0,0,0,0,0,0,0,1,0,0,0,0,0,0,0,4,0,0,false
/Users/thiago/Documents/Thiago/CodeToAnalyze/retrofit/retrofit-adapters/rxjava2/src/test/java/retrofit2/adapter/rxjava2/FlowableWithSchedulerTest.java,retrofit2.adapter.rxjava2.FlowableWithSchedulerTest$Service,result/0,false,40,3,1,1,0,1,0,1,0,0,0,0,0,0,0,0,0,0,1,0,0,0,0,0,0,0,1,0,0,false
/Users/thiago/Documents/Thiago/CodeToAnalyze/retrofit/retrofit-adapters/rxjava2/src/test/java/retrofit2/adapter/rxjava2/FlowableWithSchedulerTest.java,retrofit2.adapter.rxjava2.FlowableWithSchedulerTest$Service,body/0,false,34,2,1,1,0,1,0,1,0,0,0,0,0,0,0,0,0,0,1,0,0,0,0,0,0,0,1,0,0,false
/Users/thiago/Documents/Thiago/CodeToAnalyze/retrofit/retrofit-adapters/rxjava2/src/test/java/retrofit2/adapter/rxjava2/FlowableWithSchedulerTest.java,retrofit2.adapter.rxjava2.FlowableWithSchedulerTest$Service,response/0,false,37,3,1,1,0,1,0,1,0,0,0,0,0,0,0,0,0,0,1,0,0,0,0,0,0,0,1,0,0,false
/Users/thiago/Documents/Thiago/CodeToAnalyze/retrofit/retrofit/src/main/java/retrofit2/OkHttpCall.java,retrofit2.OkHttpCall$ExceptionCatchingResponseBody,source/0,false,337,1,0,0,0,1,0,3,1,0,0,0,0,0,0,0,0,0,0,0,0,0,0,0,0,0,4,1,0,false
/Users/thiago/Documents/Thiago/CodeToAnalyze/retrofit/retrofit/src/main/java/retrofit2/OkHttpCall.java,retrofit2.OkHttpCall$ExceptionCatchingResponseBody,contentType/0,false,327,1,0,0,0,1,1,3,1,0,0,1,0,0,0,0,0,0,0,0,0,0,0,0,0,0,3,1,0,false
/Users/thiago/Documents/Thiago/CodeToAnalyze/retrofit/retrofit/src/main/java/retrofit2/OkHttpCall.java,retrofit2.OkHttpCall$ExceptionCatchingResponseBody,throwIfCaught/0,false,346,0,1,1,0,2,0,5,0,0,0,0,0,0,0,1,0,0,0,0,0,0,1,0,0,0,8,0,0,false
/Users/thiago/Documents/Thiago/CodeToAnalyze/retrofit/retrofit/src/main/java/retrofit2/OkHttpCall.java,retrofit2.OkHttpCall$ExceptionCatchingResponseBody,contentLength/0,false,332,0,0,0,0,1,1,3,1,0,0,1,0,0,0,0,0,0,0,0,0,0,0,0,0,0,2,1,0,false
/Users/thiago/Documents/Thiago/CodeToAnalyze/retrofit/retrofit/src/main/java/retrofit2/OkHttpCall.java,retrofit2.OkHttpCall$ExceptionCatchingResponseBody,close/0,false,342,0,0,0,0,1,1,3,0,0,0,1,0,0,0,0,0,0,0,0,0,0,0,0,0,0,1,1,0,false
/Users/thiago/Documents/Thiago/CodeToAnalyze/retrofit/retrofit/src/main/java/retrofit2/OkHttpCall.java,retrofit2.OkHttpCall$ExceptionCatchingResponseBody,ExceptionCatchingResponseBody/1[retrofit2.ResponseBody],true,309,2,1,1,0,1,2,15,0,0,1,2,0,0,0,0,0,0,0,0,2,0,0,1,0,0,15,0,0,false
/Users/thiago/Documents/Thiago/CodeToAnalyze/retrofit/retrofit-adapters/rxjava2/src/test/java/retrofit2/adapter/rxjava2/SingleWithSchedulerTest.java,retrofit2.adapter.rxjava2.SingleWithSchedulerTest$Service,result/0,false,40,3,1,1,0,1,0,1,0,0,0,0,0,0,0,0,0,0,1,0,0,0,0,0,0,0,1,0,0,false
/Users/thiago/Documents/Thiago/CodeToAnalyze/retrofit/retrofit-adapters/rxjava2/src/test/java/retrofit2/adapter/rxjava2/SingleWithSchedulerTest.java,retrofit2.adapter.rxjava2.SingleWithSchedulerTest$Service,body/0,false,34,2,1,1,0,1,0,1,0,0,0,0,0,0,0,0,0,0,1,0,0,0,0,0,0,0,1,0,0,false
/Users/thiago/Documents/Thiago/CodeToAnalyze/retrofit/retrofit-adapters/rxjava2/src/test/java/retrofit2/adapter/rxjava2/SingleWithSchedulerTest.java,retrofit2.adapter.rxjava2.SingleWithSchedulerTest$Service,response/0,false,37,3,1,1,0,1,0,1,0,0,0,0,0,0,0,0,0,0,1,0,0,0,0,0,0,0,1,0,0,false
/Users/thiago/Documents/Thiago/CodeToAnalyze/retrofit/samples/src/main/java/com/example/retrofit/JsonQueryParameters.java,com.example.retrofit.JsonQueryParameters$Service,example/1[com.example.retrofit.JsonQueryParameters.Filter],false,91,6,1,1,0,1,0,1,0,0,1,0,0,0,0,0,0,0,2,0,0,0,0,0,0,0,3,0,0,false
/Users/thiago/Documents/Thiago/CodeToAnalyze/retrofit/retrofit-adapters/rxjava3/src/main/java/retrofit2/adapter/rxjava3/Result.java,retrofit2.adapter.rxjava3.Result,"Result/2[retrofit2.Response<T>,java.lang.Throwable]",true,39,3,0,0,0,1,0,4,0,0,2,0,0,0,0,0,0,0,0,0,2,0,0,0,0,0,4,2,0,false
/Users/thiago/Documents/Thiago/CodeToAnalyze/retrofit/retrofit-adapters/rxjava3/src/main/java/retrofit2/adapter/rxjava3/Result.java,retrofit2.adapter.rxjava3.Result,response/0,false,48,3,0,0,0,1,0,3,1,0,0,0,0,0,0,0,0,0,0,0,0,0,0,0,0,0,13,1,0,true
/Users/thiago/Documents/Thiago/CodeToAnalyze/retrofit/retrofit-adapters/rxjava3/src/main/java/retrofit2/adapter/rxjava3/Result.java,retrofit2.adapter.rxjava3.Result,error/0,false,60,1,0,0,0,1,0,3,1,0,0,0,0,0,0,0,0,0,0,0,0,0,0,0,0,0,43,1,0,true
/Users/thiago/Documents/Thiago/CodeToAnalyze/retrofit/retrofit-adapters/rxjava3/src/main/java/retrofit2/adapter/rxjava3/Result.java,retrofit2.adapter.rxjava3.Result,error/1[java.lang.Throwable],false,25,2,4,3,1,2,0,4,1,0,1,0,0,0,0,1,0,0,2,0,0,0,1,0,0,0,6,9,0,false
/Users/thiago/Documents/Thiago/CodeToAnalyze/retrofit/retrofit-adapters/rxjava3/src/main/java/retrofit2/adapter/rxjava3/Result.java,retrofit2.adapter.rxjava3.Result,response/1[retrofit2.Response<T>],false,31,3,1,0,1,2,0,4,1,0,1,0,0,0,0,1,0,0,2,0,0,0,1,0,0,0,5,9,0,false
/Users/thiago/Documents/Thiago/CodeToAnalyze/retrofit/retrofit-adapters/rxjava3/src/main/java/retrofit2/adapter/rxjava3/Result.java,retrofit2.adapter.rxjava3.Result,isError/0,false,65,0,0,0,0,2,0,3,1,0,0,0,0,0,0,1,0,0,0,0,0,0,0,0,0,0,11,1,0,true
/Users/thiago/Documents/Thiago/CodeToAnalyze/retrofit/retrofit-adapters/rxjava/src/test/java/retrofit2/adapter/rxjava/ObservableThrowingTest.java,retrofit2.adapter.rxjava.ObservableThrowingTest$Anonymous8,onCompleted/0,false,195,0,0,0,0,1,0,3,0,0,0,0,0,0,0,0,0,0,0,0,0,0,0,0,0,0,3,1,0,false
/Users/thiago/Documents/Thiago/CodeToAnalyze/retrofit/retrofit-adapters/rxjava/src/test/java/retrofit2/adapter/rxjava/ObservableThrowingTest.java,retrofit2.adapter.rxjava.ObservableThrowingTest$Anonymous9,handleError/1[java.lang.Throwable],false,213,0,0,0,0,2,2,5,0,0,1,2,0,0,0,0,0,0,0,0,0,0,1,0,0,0,4,1,0,false
/Users/thiago/Documents/Thiago/CodeToAnalyze/retrofit/retrofit-adapters/rxjava/src/test/java/retrofit2/adapter/rxjava/ObservableThrowingTest.java,retrofit2.adapter.rxjava.ObservableThrowingTest$Anonymous6,onNext/1[retrofit2.Response<java.lang.String>],false,164,1,0,0,0,1,0,3,0,0,1,0,0,0,0,0,0,0,0,0,0,0,0,0,0,0,4,1,0,false
/Users/thiago/Documents/Thiago/CodeToAnalyze/retrofit/retrofit-adapters/rxjava/src/test/java/retrofit2/adapter/rxjava/ObservableThrowingTest.java,retrofit2.adapter.rxjava.ObservableThrowingTest$Anonymous7,handleError/1[java.lang.Throwable],false,181,0,0,0,0,2,2,5,0,0,1,2,0,0,0,0,0,0,0,0,0,0,1,0,0,0,4,1,0,false
/Users/thiago/Documents/Thiago/CodeToAnalyze/retrofit/retrofit-adapters/rxjava/src/test/java/retrofit2/adapter/rxjava/ObservableThrowingTest.java,retrofit2.adapter.rxjava.ObservableThrowingTest$Anonymous4,handleError/1[java.lang.Throwable],false,126,0,0,0,0,2,2,5,0,0,1,2,0,0,0,0,0,0,0,0,0,0,1,0,0,0,4,1,0,false
/Users/thiago/Documents/Thiago/CodeToAnalyze/retrofit/retrofit-adapters/rxjava/src/test/java/retrofit2/adapter/rxjava/ObservableThrowingTest.java,retrofit2.adapter.rxjava.ObservableThrowingTest$Anonymous5,onError/1[java.lang.Throwable],false,141,0,0,0,0,2,2,6,0,0,1,2,0,0,0,0,0,0,0,0,0,0,1,0,0,0,5,1,0,false
/Users/thiago/Documents/Thiago/CodeToAnalyze/retrofit/retrofit-converters/jaxb/src/test/java/retrofit2/converter/jaxb/Contact.java,retrofit2.converter.jaxb.Contact,Contact/0,true,33,1,0,0,0,1,0,3,0,0,0,0,0,0,0,0,0,0,2,0,0,0,0,0,0,0,1,2,0,false
/Users/thiago/Documents/Thiago/CodeToAnalyze/retrofit/retrofit-converters/jaxb/src/test/java/retrofit2/converter/jaxb/Contact.java,retrofit2.converter.jaxb.Contact,"Contact/2[java.lang.String,java.util.List<retrofit2.converter.jaxb.PhoneNumber>]",true,37,1,0,0,0,1,0,4,0,0,2,0,0,0,0,0,0,0,0,0,2,0,0,0,0,0,4,1,0,false
/Users/thiago/Documents/Thiago/CodeToAnalyze/retrofit/retrofit-converters/jaxb/src/test/java/retrofit2/converter/jaxb/Contact.java,retrofit2.converter.jaxb.Contact,equals/1[java.lang.Object],false,43,1,0,0,0,1,2,3,1,0,1,2,0,0,0,0,0,2,0,0,0,0,0,0,0,0,7,1,0,false
/Users/thiago/Documents/Thiago/CodeToAnalyze/retrofit/retrofit-converters/jaxb/src/test/java/retrofit2/converter/jaxb/Contact.java,retrofit2.converter.jaxb.Contact,hashCode/0,false,50,0,0,0,0,1,2,3,1,0,0,2,0,0,0,0,0,0,0,0,0,0,0,0,0,0,2,1,0,false
/Users/thiago/Documents/Thiago/CodeToAnalyze/retrofit/retrofit-adapters/rxjava/src/test/java/retrofit2/adapter/rxjava/ObservableThrowingTest.java,retrofit2.adapter.rxjava.ObservableThrowingTest$Anonymous2,handleError/1[java.lang.Throwable],false,94,0,0,0,0,2,2,5,0,0,1,2,0,0,0,0,0,0,0,0,0,0,1,0,0,0,4,1,0,false
/Users/thiago/Documents/Thiago/CodeToAnalyze/retrofit/retrofit-adapters/rxjava/src/test/java/retrofit2/adapter/rxjava/ObservableThrowingTest.java,retrofit2.adapter.rxjava.ObservableThrowingTest$Anonymous3,onCompleted/0,false,108,0,0,0,0,1,0,3,0,0,0,0,0,0,0,0,0,0,0,0,0,0,0,0,0,0,3,1,0,false
/Users/thiago/Documents/Thiago/CodeToAnalyze/retrofit/retrofit-adapters/rxjava3/src/test/java/retrofit2/adapter/rxjava3/RxJava3CallAdapterFactoryTest.java,retrofit2.adapter.rxjava3.RxJava3CallAdapterFactoryTest,nonRxJavaTypeReturnsNull/0,false,63,3,1,0,1,1,3,4,0,1,0,3,0,0,0,0,0,0,0,0,1,0,0,0,0,0,9,1,0,false
/Users/thiago/Documents/Thiago/CodeToAnalyze/retrofit/retrofit-adapters/rxjava3/src/test/java/retrofit2/adapter/rxjava3/RxJava3CallAdapterFactoryTest.java,retrofit2.adapter.rxjava3.RxJava3CallAdapterFactoryTest,rawBodyTypeThrows/0,false,163,3,1,0,1,5,6,42,0,4,0,6,0,0,0,0,4,0,4,0,4,0,1,4,0,0,22,1,0,false
/Users/thiago/Documents/Thiago/CodeToAnalyze/retrofit/retrofit-adapters/rxjava3/src/test/java/retrofit2/adapter/rxjava3/RxJava3CallAdapterFactoryTest.java,retrofit2.adapter.rxjava3.RxJava3CallAdapterFactoryTest,rawResultTypeThrows/0,false,253,7,1,0,1,5,6,42,0,4,0,6,0,0,0,0,4,0,4,0,4,0,1,4,0,0,21,1,0,false
/Users/thiago/Documents/Thiago/CodeToAnalyze/retrofit/retrofit-adapters/rxjava3/src/test/java/retrofit2/adapter/rxjava3/RxJava3CallAdapterFactoryTest.java,retrofit2.adapter.rxjava3.RxJava3CallAdapterFactoryTest,responseTypes/0,false,69,10,2,0,2,1,5,122,0,28,0,5,0,0,0,0,0,0,0,0,28,0,0,32,0,0,15,1,0,false
/Users/thiago/Documents/Thiago/CodeToAnalyze/retrofit/retrofit-adapters/rxjava3/src/test/java/retrofit2/adapter/rxjava3/RxJava3CallAdapterFactoryTest.java,retrofit2.adapter.rxjava3.RxJava3CallAdapterFactoryTest,nullSchedulerThrows/0,false,53,2,1,0,1,2,5,9,0,0,0,5,0,0,0,0,1,0,1,0,0,0,1,0,0,0,10,1,0,false
/Users/thiago/Documents/Thiago/CodeToAnalyze/retrofit/retrofit-adapters/rxjava3/src/test/java/retrofit2/adapter/rxjava3/RxJava3CallAdapterFactoryTest.java,retrofit2.adapter.rxjava3.RxJava3CallAdapterFactoryTest,rawResponseTypeThrows/0,false,210,7,1,0,1,5,6,42,0,4,0,6,0,0,0,0,4,0,4,0,4,0,1,4,0,0,21,1,0,false
/Users/thiago/Documents/Thiago/CodeToAnalyze/retrofit/retrofit-adapters/rxjava3/src/test/java/retrofit2/adapter/rxjava3/RxJava3CallAdapterFactoryTest.java,retrofit2.adapter.rxjava3.RxJava3CallAdapterFactoryTest,setUp/0,false,43,3,6,0,6,1,4,3,0,0,0,4,0,0,0,0,0,0,1,0,1,0,0,0,0,0,7,1,0,false
/Users/thiago/Documents/Thiago/CodeToAnalyze/retrofit/retrofit-mock/src/test/java/retrofit2/mock/NetworkBehaviorTest.java,retrofit2.mock.NetworkBehaviorTest$Anonymous1,call/0,false,166,2,2,0,2,1,2,3,1,0,0,2,0,0,0,0,0,0,0,1,0,0,0,0,0,0,3,1,0,false
/Users/thiago/Documents/Thiago/CodeToAnalyze/retrofit/retrofit-converters/gson/src/main/java/retrofit2/converter/gson/GsonResponseBodyConverter.java,retrofit2.converter.gson.GsonResponseBodyConverter,convert/1[retrofit2.converter.gson.ResponseBody],false,37,4,0,0,0,2,5,13,1,2,1,5,0,0,0,1,1,0,1,0,2,0,2,0,0,0,16,1,0,false
/Users/thiago/Documents/Thiago/CodeToAnalyze/retrofit/retrofit-converters/gson/src/main/java/retrofit2/converter/gson/GsonResponseBodyConverter.java,retrofit2.converter.gson.GsonResponseBodyConverter,"GsonResponseBodyConverter/2[retrofit2.converter.gson.Gson,retrofit2.converter.gson.TypeAdapter<T>]",true,31,2,0,0,0,1,0,4,0,0,2,0,0,0,0,0,0,0,0,0,2,0,0,0,0,0,6,0,0,false
/Users/thiago/Documents/Thiago/CodeToAnalyze/retrofit/retrofit-converters/jaxb/src/test/java/retrofit2/converter/jaxb/JaxbConverterFactoryTest.java,retrofit2.converter.jaxb.JaxbConverterFactoryTest,setUp/0,false,63,5,4,0,4,1,6,5,0,2,0,6,0,0,0,0,0,0,1,0,3,0,0,0,0,0,9,1,0,false
/Users/thiago/Documents/Thiago/CodeToAnalyze/retrofit/retrofit-converters/jaxb/src/test/java/retrofit2/converter/jaxb/JaxbConverterFactoryTest.java,retrofit2.converter.jaxb.JaxbConverterFactoryTest,malformedXml/0,false,127,5,2,0,2,2,8,11,0,1,0,8,0,0,0,0,1,0,2,0,1,0,1,0,0,0,13,1,0,false
/Users/thiago/Documents/Thiago/CodeToAnalyze/retrofit/retrofit-converters/jaxb/src/test/java/retrofit2/converter/jaxb/JaxbConverterFactoryTest.java,retrofit2.converter.jaxb.JaxbConverterFactoryTest,unrecognizedField/0,false,140,6,3,0,3,1,7,6,0,2,0,7,0,0,0,0,0,0,10,0,2,1,0,0,0,0,16,1,0,false
/Users/thiago/Documents/Thiago/CodeToAnalyze/retrofit/retrofit-converters/jaxb/src/test/java/retrofit2/converter/jaxb/JaxbConverterFactoryTest.java,retrofit2.converter.jaxb.JaxbConverterFactoryTest,characterEncoding/0,false,92,6,3,0,3,1,7,6,0,2,0,7,0,0,0,0,0,0,6,0,2,1,0,0,0,0,12,1,0,false
/Users/thiago/Documents/Thiago/CodeToAnalyze/retrofit/retrofit-converters/jaxb/src/test/java/retrofit2/converter/jaxb/JaxbConverterFactoryTest.java,retrofit2.converter.jaxb.JaxbConverterFactoryTest,externalDtd/0,false,189,6,3,0,3,2,12,14,0,2,0,12,0,0,0,0,1,0,13,1,2,3,1,0,0,0,28,1,0,false
/Users/thiago/Documents/Thiago/CodeToAnalyze/retrofit/retrofit-converters/jaxb/src/test/java/retrofit2/converter/jaxb/JaxbConverterFactoryTest.java,retrofit2.converter.jaxb.JaxbConverterFactoryTest,xmlRequestBody/0,false,71,5,2,0,2,1,9,8,0,2,0,9,0,0,0,0,0,0,2,0,2,0,0,0,0,0,25,1,0,false
/Users/thiago/Documents/Thiago/CodeToAnalyze/retrofit/retrofit-converters/jaxb/src/test/java/retrofit2/converter/jaxb/JaxbConverterFactoryTest.java,retrofit2.converter.jaxb.JaxbConverterFactoryTest,userSuppliedJaxbContext/0,false,109,10,6,0,6,1,16,12,0,5,0,16,0,0,0,0,0,0,3,0,6,0,0,0,0,0,37,1,0,false
/Users/thiago/Documents/Thiago/CodeToAnalyze/retrofit/retrofit-converters/jaxb/src/test/java/retrofit2/converter/jaxb/JaxbConverterFactoryTest.java,retrofit2.converter.jaxb.JaxbConverterFactoryTest,externalEntity/0,false,160,6,3,0,3,2,12,14,0,2,0,12,0,0,0,0,1,0,12,1,2,2,1,0,0,0,27,1,0,false
/Users/thiago/Documents/Thiago/CodeToAnalyze/retrofit/retrofit-converters/jaxb/src/test/java/retrofit2/converter/jaxb/JaxbConverterFactoryTest.java,retrofit2.converter.jaxb.JaxbConverterFactoryTest,xmlResponseBody/0,false,83,6,3,0,3,1,7,6,0,2,0,7,0,0,0,0,0,0,0,0,2,0,0,0,0,0,21,1,0,false
/Users/thiago/Documents/Thiago/CodeToAnalyze/retrofit/retrofit-converters/moshi/src/main/java/retrofit2/converter/moshi/MoshiConverterFactory.java,retrofit2.converter.moshi.MoshiConverterFactory,failOnUnknown/0,false,84,1,2,1,1,1,0,3,1,0,0,0,0,0,0,0,0,0,0,0,0,0,0,0,0,0,11,1,0,true
/Users/thiago/Documents/Thiago/CodeToAnalyze/retrofit/retrofit-converters/moshi/src/main/java/retrofit2/converter/moshi/MoshiConverterFactory.java,retrofit2.converter.moshi.MoshiConverterFactory,withNullSerialization/0,false,89,1,2,1,1,1,0,3,1,0,0,0,0,0,0,0,0,0,0,0,0,0,0,0,0,0,16,1,0,true
/Users/thiago/Documents/Thiago/CodeToAnalyze/retrofit/retrofit-converters/moshi/src/main/java/retrofit2/converter/moshi/MoshiConverterFactory.java,retrofit2.converter.moshi.MoshiConverterFactory,"responseBodyConverter/3[java.lang.reflect.Type,java.lang.annotation.Annotation[],retrofit2.Retrofit]",false,105,6,1,0,1,4,5,13,1,1,3,5,1,1,0,0,0,0,0,0,4,0,1,0,0,0,13,1,0,false
/Users/thiago/Documents/Thiago/CodeToAnalyze/retrofit/retrofit-converters/moshi/src/main/java/retrofit2/converter/moshi/MoshiConverterFactory.java,retrofit2.converter.moshi.MoshiConverterFactory,jsonAnnotations/1[java.lang.annotation.Annotation[]],false,138,1,2,2,0,5,5,10,1,1,1,5,0,0,1,2,0,0,0,0,2,0,3,0,0,0,9,10,0,false
/Users/thiago/Documents/Thiago/CodeToAnalyze/retrofit/retrofit-converters/moshi/src/main/java/retrofit2/converter/moshi/MoshiConverterFactory.java,retrofit2.converter.moshi.MoshiConverterFactory,"requestBodyConverter/4[java.lang.reflect.Type,java.lang.annotation.Annotation[],java.lang.annotation.Annotation[],retrofit2.Retrofit]",false,124,6,1,0,1,4,5,13,1,1,4,5,1,1,0,0,0,0,0,0,4,0,1,0,0,0,14,1,0,false
/Users/thiago/Documents/Thiago/CodeToAnalyze/retrofit/retrofit-converters/moshi/src/main/java/retrofit2/converter/moshi/MoshiConverterFactory.java,retrofit2.converter.moshi.MoshiConverterFactory,create/1[retrofit2.converter.moshi.Moshi],false,54,2,4,3,1,2,0,4,1,0,1,0,0,0,0,1,0,0,2,0,0,0,1,0,0,0,13,9,0,true
/Users/thiago/Documents/Thiago/CodeToAnalyze/retrofit/retrofit-converters/moshi/src/main/java/retrofit2/converter/moshi/MoshiConverterFactory.java,retrofit2.converter.moshi.MoshiConverterFactory,"MoshiConverterFactory/5[retrofit2.converter.moshi.Moshi,boolean,boolean,boolean,boolean]",true,70,1,5,5,0,1,0,7,0,0,5,0,0,0,0,0,0,0,0,0,5,0,0,0,0,0,11,2,0,false
/Users/thiago/Documents/Thiago/CodeToAnalyze/retrofit/retrofit-converters/moshi/src/main/java/retrofit2/converter/moshi/MoshiConverterFactory.java,retrofit2.converter.moshi.MoshiConverterFactory,create/0,false,48,2,1,0,1,1,2,3,1,0,0,2,1,1,0,0,0,0,0,0,0,0,0,0,0,0,9,9,0,true
/Users/thiago/Documents/Thiago/CodeToAnalyze/retrofit/retrofit-converters/moshi/src/main/java/retrofit2/converter/moshi/MoshiConverterFactory.java,retrofit2.converter.moshi.MoshiConverterFactory,asLenient/0,false,79,1,2,1,1,1,0,3,1,0,0,0,0,0,0,0,0,0,0,0,0,0,0,0,0,0,11,1,0,true
/Users/thiago/Documents/Thiago/CodeToAnalyze/retrofit/retrofit-converters/moshi/src/main/java/retrofit2/converter/moshi/MoshiConverterFactory.java,retrofit2.converter.moshi.MoshiConverterFactory,withStreaming/0,false,99,1,2,1,1,1,0,3,1,0,0,0,0,0,0,0,0,0,0,0,0,0,0,0,0,0,36,1,0,true
/Users/thiago/Documents/Thiago/CodeToAnalyze/retrofit/retrofit/src/main/java/retrofit2/BuiltInConverters.java,retrofit2.BuiltInConverters$BufferingResponseBodyConverter,convert/1[retrofit2.ResponseBody],false,102,2,1,0,1,1,2,8,1,0,1,2,0,0,0,0,1,0,0,0,0,0,1,0,0,0,7,1,0,false
/Users/thiago/Documents/Thiago/CodeToAnalyze/retrofit/retrofit/java-test/src/test/java/retrofit2/RequestFactoryTest.java,retrofit2.RequestFactoryTest$42Example,method/0,false,899,3,0,0,0,1,0,3,1,0,0,0,0,0,0,0,0,0,1,0,0,0,0,0,0,0,4,0,0,false
/Users/thiago/Documents/Thiago/CodeToAnalyze/retrofit/retrofit-adapters/rxjava2/src/test/java/retrofit2/adapter/rxjava2/FlowableThrowingTest.java,retrofit2.adapter.rxjava2.FlowableThrowingTest$Service,response/0,false,48,3,3,3,0,1,0,1,0,0,0,0,0,0,0,0,0,0,1,0,0,0,0,0,0,0,1,0,0,false
/Users/thiago/Documents/Thiago/CodeToAnalyze/retrofit/retrofit-adapters/rxjava2/src/test/java/retrofit2/adapter/rxjava2/FlowableThrowingTest.java,retrofit2.adapter.rxjava2.FlowableThrowingTest$Service,result/0,false,51,3,3,3,0,1,0,1,0,0,0,0,0,0,0,0,0,0,1,0,0,0,0,0,0,0,1,0,0,false
/Users/thiago/Documents/Thiago/CodeToAnalyze/retrofit/retrofit-adapters/rxjava2/src/test/java/retrofit2/adapter/rxjava2/FlowableThrowingTest.java,retrofit2.adapter.rxjava2.FlowableThrowingTest$Service,body/0,false,45,2,3,3,0,1,0,1,0,0,0,0,0,0,0,0,0,0,1,0,0,0,0,0,0,0,1,0,0,false
/Users/thiago/Documents/Thiago/CodeToAnalyze/retrofit/retrofit/src/main/java/retrofit2/ParameterHandler.java,retrofit2.ParameterHandler$FieldMap,"FieldMap/4[java.lang.reflect.Method,int,retrofit2.Converter<T,java.lang.String>,boolean]",true,294,2,0,0,0,1,0,6,0,0,4,0,0,0,0,0,0,0,0,0,4,0,0,0,0,0,8,0,0,false
/Users/thiago/Documents/Thiago/CodeToAnalyze/retrofit/retrofit/src/main/java/retrofit2/ParameterHandler.java,retrofit2.ParameterHandler$FieldMap,"apply/2[retrofit2.RequestBuilder,java.util.Map<java.lang.String,T>]",false,302,5,3,0,3,6,8,20,0,3,2,8,0,0,1,4,0,0,8,0,3,2,2,0,0,0,21,0,0,false
/Users/thiago/Documents/Thiago/CodeToAnalyze/retrofit/retrofit-converters/scalars/src/test/java/retrofit2/converter/scalars/ScalarsConverterPrimitivesFactoryTest.java,retrofit2.converter.scalars.ScalarsConverterPrimitivesFactoryTest$Service,doublePrimitive/0,false,45,1,1,1,0,1,0,1,0,0,0,0,0,0,0,0,0,0,1,0,0,0,0,0,0,0,2,0,0,false
/Users/thiago/Documents/Thiago/CodeToAnalyze/retrofit/retrofit-converters/scalars/src/test/java/retrofit2/converter/scalars/ScalarsConverterPrimitivesFactoryTest.java,retrofit2.converter.scalars.ScalarsConverterPrimitivesFactoryTest$Service,shortPrimitive/0,false,57,1,1,1,0,1,0,1,0,0,0,0,0,0,0,0,0,0,1,0,0,0,0,0,0,0,2,0,0,false
/Users/thiago/Documents/Thiago/CodeToAnalyze/retrofit/retrofit-converters/scalars/src/test/java/retrofit2/converter/scalars/ScalarsConverterPrimitivesFactoryTest.java,retrofit2.converter.scalars.ScalarsConverterPrimitivesFactoryTest$Service,integerPrimitive/0,false,51,1,1,1,0,1,0,1,0,0,0,0,0,0,0,0,0,0,1,0,0,0,0,0,0,0,2,0,0,false
/Users/thiago/Documents/Thiago/CodeToAnalyze/retrofit/retrofit-converters/scalars/src/test/java/retrofit2/converter/scalars/ScalarsConverterPrimitivesFactoryTest.java,retrofit2.converter.scalars.ScalarsConverterPrimitivesFactoryTest$Service,bytePrimitive/0,false,39,1,1,1,0,1,0,1,0,0,0,0,0,0,0,0,0,0,1,0,0,0,0,0,0,0,2,0,0,false
/Users/thiago/Documents/Thiago/CodeToAnalyze/retrofit/retrofit-converters/scalars/src/test/java/retrofit2/converter/scalars/ScalarsConverterPrimitivesFactoryTest.java,retrofit2.converter.scalars.ScalarsConverterPrimitivesFactoryTest$Service,floatPrimitive/0,false,48,1,1,1,0,1,0,1,0,0,0,0,0,0,0,0,0,0,1,0,0,0,0,0,0,0,2,0,0,false
/Users/thiago/Documents/Thiago/CodeToAnalyze/retrofit/retrofit-converters/scalars/src/test/java/retrofit2/converter/scalars/ScalarsConverterPrimitivesFactoryTest.java,retrofit2.converter.scalars.ScalarsConverterPrimitivesFactoryTest$Service,longPrimitive/0,false,54,1,1,1,0,1,0,1,0,0,0,0,0,0,0,0,0,0,1,0,0,0,0,0,0,0,2,0,0,false
/Users/thiago/Documents/Thiago/CodeToAnalyze/retrofit/retrofit-converters/scalars/src/test/java/retrofit2/converter/scalars/ScalarsConverterPrimitivesFactoryTest.java,retrofit2.converter.scalars.ScalarsConverterPrimitivesFactoryTest$Service,booleanPrimitive/0,false,36,1,1,1,0,1,0,1,0,0,0,0,0,0,0,0,0,0,1,0,0,0,0,0,0,0,2,0,0,false
/Users/thiago/Documents/Thiago/CodeToAnalyze/retrofit/retrofit-converters/scalars/src/test/java/retrofit2/converter/scalars/ScalarsConverterPrimitivesFactoryTest.java,retrofit2.converter.scalars.ScalarsConverterPrimitivesFactoryTest$Service,charPrimitive/0,false,42,1,1,1,0,1,0,1,0,0,0,0,0,0,0,0,0,0,1,0,0,0,0,0,0,0,2,0,0,false
/Users/thiago/Documents/Thiago/CodeToAnalyze/retrofit/retrofit/java-test/src/test/java/retrofit2/CallAdapterTest.java,retrofit2.CallAdapterTest,parameterizedTypeInvalidIndex/0,false,32,3,1,0,1,3,6,19,0,1,0,6,0,0,0,0,2,0,2,2,1,0,1,1,0,0,22,1,0,false
/Users/thiago/Documents/Thiago/CodeToAnalyze/retrofit/retrofit/java-test/src/test/java/retrofit2/CallAdapterTest.java,retrofit2.CallAdapterTest,rawTypeThrowsOnNull/0,false,67,2,1,0,1,2,5,9,0,0,0,5,0,0,0,0,1,0,1,0,0,0,1,0,0,0,14,1,0,false
/Users/thiago/Documents/Thiago/CodeToAnalyze/retrofit/retrofit/java-test/src/test/java/retrofit2/CallAdapterTest.java,retrofit2.CallAdapterTest,parameterizedTypes/0,false,53,3,1,0,1,1,4,15,0,3,0,4,0,0,0,0,0,0,0,4,3,0,0,3,0,0,15,1,0,false
/Users/thiago/Documents/Thiago/CodeToAnalyze/retrofit/retrofit/java-test/src/test/java/retrofit2/CallAdapterTest.java,retrofit2.CallAdapterTest,rawTypes/0,false,77,4,1,0,1,1,7,21,0,5,0,7,0,0,0,0,0,2,1,2,5,0,0,4,0,0,23,1,0,false
/Users/thiago/Documents/Thiago/CodeToAnalyze/retrofit/retrofit/java-test/src/test/java/retrofit2/RequestFactoryTest.java,retrofit2.RequestFactoryTest$53Example,method/1[java.lang.String],false,1073,4,0,0,0,1,0,3,1,0,1,0,0,0,0,0,0,0,2,0,0,0,0,0,0,0,7,0,0,false
/Users/thiago/Documents/Thiago/CodeToAnalyze/retrofit/retrofit-adapters/rxjava/src/main/java/retrofit2/adapter/rxjava/CallEnqueueOnSubscribe.java,retrofit2.adapter.rxjava.CallEnqueueOnSubscribe$Anonymous1,"onResponse/2[retrofit2.Call<T>,retrofit2.Response<T>]",false,43,4,14,0,14,1,1,3,0,0,2,1,0,0,0,0,0,0,0,0,0,0,0,0,0,0,3,1,0,false
/Users/thiago/Documents/Thiago/CodeToAnalyze/retrofit/retrofit-adapters/rxjava/src/main/java/retrofit2/adapter/rxjava/CallEnqueueOnSubscribe.java,retrofit2.adapter.rxjava.CallEnqueueOnSubscribe$Anonymous1,"onFailure/2[retrofit2.Call<T>,java.lang.Throwable]",false,48,3,5,0,5,1,2,4,0,0,2,2,0,0,0,0,0,0,0,0,0,0,0,0,0,0,3,1,0,false
/Users/thiago/Documents/Thiago/CodeToAnalyze/retrofit/retrofit/src/main/java/retrofit2/CompletableFutureCallAdapterFactory.java,retrofit2.CompletableFutureCallAdapterFactory$BodyCallAdapter$BodyCallback,"onFailure/2[retrofit2.Call<R>,java.lang.Throwable]",false,94,2,0,0,0,1,1,3,0,0,2,1,0,0,0,0,0,0,0,0,0,0,0,0,0,0,3,1,0,false
/Users/thiago/Documents/Thiago/CodeToAnalyze/retrofit/retrofit/src/main/java/retrofit2/CompletableFutureCallAdapterFactory.java,retrofit2.CompletableFutureCallAdapterFactory$BodyCallAdapter$BodyCallback,BodyCallback/1[java.util.concurrent.CompletableFuture<R>],true,80,1,0,0,0,1,0,3,0,0,1,0,0,0,0,0,0,0,0,0,1,0,0,0,0,0,3,1,0,false
/Users/thiago/Documents/Thiago/CodeToAnalyze/retrofit/retrofit/src/main/java/retrofit2/CompletableFutureCallAdapterFactory.java,retrofit2.CompletableFutureCallAdapterFactory$BodyCallAdapter$BodyCallback,"onResponse/2[retrofit2.Call<R>,retrofit2.Response<R>]",false,85,4,3,0,3,2,4,8,0,0,2,4,0,0,0,0,0,0,0,0,0,0,1,0,0,0,5,1,0,false
/Users/thiago/Documents/Thiago/CodeToAnalyze/retrofit/samples/src/main/java/com/example/retrofit/JsonQueryParameters.java,com.example.retrofit.JsonQueryParameters$JsonStringConverterFactory,JsonStringConverterFactory/1[retrofit2.Converter.Factory],true,46,1,1,1,0,1,0,3,0,0,1,0,0,0,0,0,0,0,0,0,1,0,0,0,0,0,5,0,0,false
/Users/thiago/Documents/Thiago/CodeToAnalyze/retrofit/samples/src/main/java/com/example/retrofit/JsonQueryParameters.java,com.example.retrofit.JsonQueryParameters$JsonStringConverterFactory,"stringConverter/3[java.lang.reflect.Type,java.lang.annotation.Annotation[],retrofit2.Retrofit]",false,52,7,1,0,1,3,1,9,2,1,3,1,0,0,1,0,0,0,0,1,1,0,2,0,0,0,10,1,0,false
/Users/thiago/Documents/Thiago/CodeToAnalyze/retrofit/retrofit-adapters/rxjava3/src/test/java/retrofit2/adapter/rxjava3/FlowableTest.java,retrofit2.adapter.rxjava3.FlowableTest$Service,result/0,false,43,3,3,3,0,1,0,1,0,0,0,0,0,0,0,0,0,0,1,0,0,0,0,0,0,0,1,0,0,false
/Users/thiago/Documents/Thiago/CodeToAnalyze/retrofit/retrofit-adapters/rxjava3/src/test/java/retrofit2/adapter/rxjava3/FlowableTest.java,retrofit2.adapter.rxjava3.FlowableTest$Service,body/0,false,37,2,4,4,0,1,0,1,0,0,0,0,0,0,0,0,0,0,1,0,0,0,0,0,0,0,1,0,0,false
/Users/thiago/Documents/Thiago/CodeToAnalyze/retrofit/retrofit-adapters/rxjava3/src/test/java/retrofit2/adapter/rxjava3/FlowableTest.java,retrofit2.adapter.rxjava3.FlowableTest$Service,response/0,false,40,3,3,3,0,1,0,1,0,0,0,0,0,0,0,0,0,0,1,0,0,0,0,0,0,0,1,0,0,false
/Users/thiago/Documents/Thiago/CodeToAnalyze/retrofit/retrofit-adapters/java8/src/main/java/retrofit2/adapter/java8/Java8CallAdapterFactory.java,retrofit2.adapter.java8.Java8CallAdapterFactory,"get/3[java.lang.reflect.Type,java.lang.annotation.Annotation[],retrofit2.Retrofit]",false,62,7,4,0,4,5,2,17,3,2,3,2,0,0,0,2,0,2,4,2,2,2,1,0,0,0,21,1,0,false
/Users/thiago/Documents/Thiago/CodeToAnalyze/retrofit/retrofit-adapters/java8/src/main/java/retrofit2/adapter/java8/Java8CallAdapterFactory.java,retrofit2.adapter.java8.Java8CallAdapterFactory,create/0,false,54,1,2,1,1,1,0,3,1,0,0,0,0,0,0,0,0,0,0,0,0,0,0,0,0,0,5,9,0,false
/Users/thiago/Documents/Thiago/CodeToAnalyze/retrofit/retrofit-adapters/java8/src/main/java/retrofit2/adapter/java8/Java8CallAdapterFactory.java,retrofit2.adapter.java8.Java8CallAdapterFactory,Java8CallAdapterFactory/0,true,58,0,1,1,0,1,0,2,0,0,0,0,0,0,0,0,0,0,0,0,0,0,0,0,0,0,4,2,0,false
/Users/thiago/Documents/Thiago/CodeToAnalyze/retrofit/retrofit/src/main/java/retrofit2/CompletableFutureCallAdapterFactory.java,retrofit2.CompletableFutureCallAdapterFactory$BodyCallAdapter,responseType/0,false,65,0,0,0,0,1,0,3,1,0,0,0,0,0,0,0,0,0,0,0,0,0,0,0,0,0,2,1,0,false
/Users/thiago/Documents/Thiago/CodeToAnalyze/retrofit/retrofit/src/main/java/retrofit2/CompletableFutureCallAdapterFactory.java,retrofit2.CompletableFutureCallAdapterFactory$BodyCallAdapter,adapt/1[retrofit2.Call<R>],false,70,4,3,0,3,1,1,5,1,1,1,1,0,0,0,0,0,0,0,0,1,0,0,0,0,0,5,1,0,false
/Users/thiago/Documents/Thiago/CodeToAnalyze/retrofit/retrofit/src/main/java/retrofit2/CompletableFutureCallAdapterFactory.java,retrofit2.CompletableFutureCallAdapterFactory$BodyCallAdapter,BodyCallAdapter/1[java.lang.reflect.Type],true,60,0,0,0,0,1,0,3,0,0,1,0,0,0,0,0,0,0,0,0,1,0,0,0,0,0,5,0,0,false
/Users/thiago/Documents/Thiago/CodeToAnalyze/retrofit/retrofit/java-test/src/test/java/retrofit2/CompletableFutureCallAdapterFactoryTest.java,retrofit2.CompletableFutureCallAdapterFactoryTest,responseType/0,false,50,5,2,0,2,1,5,32,0,7,0,5,0,0,0,0,0,0,0,0,7,0,0,8,0,0,9,1,0,false
/Users/thiago/Documents/Thiago/CodeToAnalyze/retrofit/retrofit/java-test/src/test/java/retrofit2/CompletableFutureCallAdapterFactoryTest.java,retrofit2.CompletableFutureCallAdapterFactoryTest,rawTypeThrows/0,false,83,3,1,0,1,2,6,12,0,1,0,6,0,0,0,0,1,0,1,0,1,0,1,1,0,0,18,1,0,false
/Users/thiago/Documents/Thiago/CodeToAnalyze/retrofit/retrofit/java-test/src/test/java/retrofit2/CompletableFutureCallAdapterFactoryTest.java,retrofit2.CompletableFutureCallAdapterFactoryTest,setUp/0,false,41,3,3,0,3,1,4,3,0,0,0,4,0,0,0,0,0,0,1,0,1,0,0,0,0,0,7,1,0,false
/Users/thiago/Documents/Thiago/CodeToAnalyze/retrofit/retrofit/java-test/src/test/java/retrofit2/CompletableFutureCallAdapterFactoryTest.java,retrofit2.CompletableFutureCallAdapterFactoryTest,rawResponseTypeThrows/0,false,97,4,1,0,1,2,6,12,0,1,0,6,0,0,0,0,1,0,1,0,1,0,1,1,0,0,18,1,0,false
/Users/thiago/Documents/Thiago/CodeToAnalyze/retrofit/retrofit/java-test/src/test/java/retrofit2/CompletableFutureCallAdapterFactoryTest.java,retrofit2.CompletableFutureCallAdapterFactoryTest,nonListenableFutureReturnsNull/0,false,77,3,1,0,1,1,3,4,0,1,0,3,0,0,0,0,0,0,0,0,1,0,0,0,0,0,8,1,0,false
/Users/thiago/Documents/Thiago/CodeToAnalyze/retrofit/retrofit/java-test/src/test/java/retrofit2/RequestFactoryTest.java,retrofit2.RequestFactoryTest$103Example,method/0,false,1967,3,0,0,0,1,0,3,1,0,0,0,0,0,0,0,0,0,2,0,0,0,0,0,0,0,5,0,0,false
/Users/thiago/Documents/Thiago/CodeToAnalyze/retrofit/retrofit/src/main/java/retrofit2/Utils.java,retrofit2.Utils$WildcardTypeImpl,hashCode/0,false,519,0,0,0,0,2,1,3,1,0,0,1,0,0,0,1,0,2,0,3,0,2,0,0,0,0,5,1,0,false
/Users/thiago/Documents/Thiago/CodeToAnalyze/retrofit/retrofit/src/main/java/retrofit2/Utils.java,retrofit2.Utils$WildcardTypeImpl,toString/0,false,525,1,1,0,1,3,1,5,3,0,0,1,0,0,0,2,0,0,3,0,0,2,1,0,0,0,8,1,0,false
/Users/thiago/Documents/Thiago/CodeToAnalyze/retrofit/retrofit/src/main/java/retrofit2/Utils.java,retrofit2.Utils$WildcardTypeImpl,equals/1[java.lang.Object],false,514,1,1,0,1,1,1,3,1,0,1,1,0,0,0,0,0,0,0,0,0,0,0,0,0,0,5,1,0,false
/Users/thiago/Documents/Thiago/CodeToAnalyze/retrofit/retrofit/src/main/java/retrofit2/Utils.java,retrofit2.Utils$WildcardTypeImpl,"WildcardTypeImpl/2[java.lang.reflect.Type[],java.lang.reflect.Type[]]",true,485,1,2,1,1,7,1,17,0,0,2,1,0,0,0,5,0,0,0,10,4,0,2,0,0,0,14,0,0,false
/Users/thiago/Documents/Thiago/CodeToAnalyze/retrofit/retrofit/src/main/java/retrofit2/Utils.java,retrofit2.Utils$WildcardTypeImpl,getLowerBounds/0,false,509,0,0,0,0,2,0,3,1,0,0,0,0,0,0,1,0,0,0,0,0,0,0,0,0,0,14,1,0,false
/Users/thiago/Documents/Thiago/CodeToAnalyze/retrofit/retrofit/src/main/java/retrofit2/Utils.java,retrofit2.Utils$WildcardTypeImpl,getUpperBounds/0,false,504,0,0,0,0,1,0,3,1,0,0,0,0,0,0,0,0,0,0,0,0,0,0,0,0,0,5,1,0,false
/Users/thiago/Documents/Thiago/CodeToAnalyze/retrofit/retrofit-converters/moshi/src/test/java/retrofit2/converter/moshi/MoshiConverterFactoryTest.java,retrofit2.converter.moshi.MoshiConverterFactoryTest$Service,anImplementation/1[retrofit2.converter.moshi.MoshiConverterFactoryTest.AnImplementation],false,145,4,6,6,0,1,0,1,0,0,1,0,0,0,0,0,0,0,1,0,0,0,0,0,0,0,4,0,0,false
/Users/thiago/Documents/Thiago/CodeToAnalyze/retrofit/retrofit-converters/moshi/src/test/java/retrofit2/converter/moshi/MoshiConverterFactoryTest.java,retrofit2.converter.moshi.MoshiConverterFactoryTest$Service,anInterface/1[retrofit2.converter.moshi.MoshiConverterFactoryTest.AnInterface],false,148,4,1,1,0,1,0,1,0,0,1,0,0,0,0,0,0,0,1,0,0,0,0,0,0,0,4,0,0,false
/Users/thiago/Documents/Thiago/CodeToAnalyze/retrofit/retrofit-converters/moshi/src/test/java/retrofit2/converter/moshi/MoshiConverterFactoryTest.java,retrofit2.converter.moshi.MoshiConverterFactoryTest$Service,readErroringValue/0,false,151,3,1,1,0,1,0,1,0,0,0,0,0,0,0,0,0,0,1,0,0,0,0,0,0,0,3,0,0,false
/Users/thiago/Documents/Thiago/CodeToAnalyze/retrofit/retrofit-converters/moshi/src/test/java/retrofit2/converter/moshi/MoshiConverterFactoryTest.java,retrofit2.converter.moshi.MoshiConverterFactoryTest$Service,writeErroringValue/1[retrofit2.converter.moshi.MoshiConverterFactoryTest.ErroringValue],false,154,4,1,1,0,1,0,1,0,0,1,0,0,0,0,0,0,0,1,0,0,0,0,0,0,0,4,0,0,false
/Users/thiago/Documents/Thiago/CodeToAnalyze/retrofit/retrofit-converters/moshi/src/test/java/retrofit2/converter/moshi/MoshiConverterFactoryTest.java,retrofit2.converter.moshi.MoshiConverterFactoryTest$Service,annotations/1[java.lang.String],false,157,5,1,1,0,1,0,1,0,0,1,0,0,0,0,0,0,0,1,0,0,0,0,0,0,0,2,0,0,false
/Users/thiago/Documents/Thiago/CodeToAnalyze/retrofit/retrofit/src/main/java/retrofit2/CompletableFutureCallAdapterFactory.java,retrofit2.CompletableFutureCallAdapterFactory$ResponseCallAdapter,ResponseCallAdapter/1[java.lang.reflect.Type],true,105,0,0,0,0,1,0,3,0,0,1,0,0,0,0,0,0,0,0,0,1,0,0,0,0,0,5,0,0,false
/Users/thiago/Documents/Thiago/CodeToAnalyze/retrofit/retrofit/src/main/java/retrofit2/CompletableFutureCallAdapterFactory.java,retrofit2.CompletableFutureCallAdapterFactory$ResponseCallAdapter,responseType/0,false,110,0,0,0,0,1,0,3,1,0,0,0,0,0,0,0,0,0,0,0,0,0,0,0,0,0,2,1,0,false
/Users/thiago/Documents/Thiago/CodeToAnalyze/retrofit/retrofit/src/main/java/retrofit2/CompletableFutureCallAdapterFactory.java,retrofit2.CompletableFutureCallAdapterFactory$ResponseCallAdapter,adapt/1[retrofit2.Call<R>],false,115,5,3,0,3,1,1,5,1,1,1,1,0,0,0,0,0,0,0,0,1,0,0,0,0,0,5,1,0,false
/Users/thiago/Documents/Thiago/CodeToAnalyze/retrofit/samples/src/main/java/com/example/retrofit/SimpleMockService.java,com.example.retrofit.SimpleMockService$MockGitHub,MockGitHub/1[retrofit2.mock.BehaviorDelegate<com.example.retrofit.SimpleService.GitHub>],true,29,3,2,1,1,1,1,9,0,0,1,1,1,1,0,0,0,0,15,5,2,0,0,0,0,0,9,0,0,false
/Users/thiago/Documents/Thiago/CodeToAnalyze/retrofit/samples/src/main/java/com/example/retrofit/SimpleMockService.java,com.example.retrofit.SimpleMockService$MockGitHub,"contributors/2[java.lang.String,java.lang.String]",false,42,4,2,0,2,3,5,11,1,3,2,5,0,0,0,2,0,0,0,0,4,0,2,0,0,0,6,1,0,false
/Users/thiago/Documents/Thiago/CodeToAnalyze/retrofit/samples/src/main/java/com/example/retrofit/SimpleMockService.java,com.example.retrofit.SimpleMockService$MockGitHub,"addContributor/4[java.lang.String,java.lang.String,java.lang.String,int]",false,54,1,3,2,1,3,5,13,0,2,4,5,0,0,0,2,0,0,0,0,4,0,1,0,0,0,8,0,0,false
/Users/thiago/Documents/Thiago/CodeToAnalyze/retrofit/retrofit-adapters/rxjava3/src/test/java/retrofit2/adapter/rxjava3/StringConverterFactory.java,retrofit2.adapter.rxjava3.StringConverterFactory,"responseBodyConverter/3[java.lang.reflect.Type,java.lang.annotation.Annotation[],retrofit2.Retrofit]",false,29,3,0,0,0,1,0,3,1,0,3,0,0,0,0,0,0,0,0,0,0,0,0,0,0,0,5,1,0,false
/Users/thiago/Documents/Thiago/CodeToAnalyze/retrofit/retrofit-adapters/rxjava3/src/test/java/retrofit2/adapter/rxjava3/StringConverterFactory.java,retrofit2.adapter.rxjava3.StringConverterFactory,"requestBodyConverter/4[java.lang.reflect.Type,java.lang.annotation.Annotation[],java.lang.annotation.Annotation[],retrofit2.Retrofit]",false,38,3,0,0,0,1,2,3,1,1,4,2,0,0,0,0,0,0,1,0,0,0,0,0,0,1,6,1,0,false
/Users/thiago/Documents/Thiago/CodeToAnalyze/retrofit/retrofit/java-test/src/test/java/retrofit2/RequestFactoryTest.java,retrofit2.RequestFactoryTest$122Example,"method/1[java.util.Map<java.lang.Object,retrofit2.RequestBody>]",false,2457,6,0,0,0,1,0,3,1,0,1,0,0,0,0,0,0,0,1,0,0,0,0,0,0,0,5,0,0,false
/Users/thiago/Documents/Thiago/CodeToAnalyze/retrofit/retrofit-adapters/rxjava3/src/main/java/retrofit2/adapter/rxjava3/BodyObservable.java,retrofit2.adapter.rxjava3.BodyObservable$BodyObserver,onSubscribe/1[retrofit2.adapter.rxjava3.Disposable],false,47,1,0,0,0,1,1,3,0,0,1,1,0,0,0,0,0,0,0,0,0,0,0,0,0,0,4,1,0,false
/Users/thiago/Documents/Thiago/CodeToAnalyze/retrofit/retrofit-adapters/rxjava3/src/main/java/retrofit2/adapter/rxjava3/BodyObservable.java,retrofit2.adapter.rxjava3.BodyObservable$BodyObserver,onComplete/0,false,68,0,0,0,0,2,1,5,0,0,0,1,0,0,0,0,0,0,0,0,0,0,1,0,0,0,3,1,0,false
/Users/thiago/Documents/Thiago/CodeToAnalyze/retrofit/retrofit-adapters/rxjava3/src/main/java/retrofit2/adapter/rxjava3/BodyObservable.java,retrofit2.adapter.rxjava3.BodyObservable$BodyObserver,onError/1[java.lang.Throwable],false,75,0,0,0,0,2,2,10,0,1,1,2,0,0,0,0,0,0,1,0,1,0,1,0,0,0,17,1,0,false
/Users/thiago/Documents/Thiago/CodeToAnalyze/retrofit/retrofit-adapters/rxjava3/src/main/java/retrofit2/adapter/rxjava3/BodyObservable.java,retrofit2.adapter.rxjava3.BodyObservable$BodyObserver,BodyObserver/1[retrofit2.adapter.rxjava3.Observer<? super R>],true,42,1,0,0,0,1,0,3,0,0,1,0,0,0,0,0,0,0,0,0,1,0,0,0,0,0,4,0,0,false
/Users/thiago/Documents/Thiago/CodeToAnalyze/retrofit/retrofit-adapters/rxjava3/src/main/java/retrofit2/adapter/rxjava3/BodyObservable.java,retrofit2.adapter.rxjava3.BodyObservable$BodyObserver,onNext/1[retrofit2.Response<R>],false,52,4,3,0,3,3,5,16,0,1,1,5,0,0,0,0,1,0,0,0,2,0,2,0,0,0,11,1,0,false
/Users/thiago/Documents/Thiago/CodeToAnalyze/retrofit/retrofit/java-test/src/test/java/retrofit2/RequestFactoryTest.java,retrofit2.RequestFactoryTest$133Example,"method/3[java.lang.String,java.lang.String,java.lang.String]",false,2688,5,0,0,0,1,0,3,1,0,3,0,0,0,0,0,0,0,4,0,0,0,0,0,0,0,3,0,0,false
/Users/thiago/Documents/Thiago/CodeToAnalyze/retrofit/retrofit/java-test/src/test/java/retrofit2/RequestFactoryTest.java,retrofit2.RequestFactoryTest$12Example,"method/1[java.util.Map<java.lang.String,java.lang.String>]",false,281,4,0,0,0,1,0,3,1,0,1,0,0,0,0,0,0,0,1,0,0,0,0,0,0,0,3,0,0,false
/Users/thiago/Documents/Thiago/CodeToAnalyze/retrofit/retrofit-converters/gson/src/test/java/retrofit2/converter/gson/GsonConverterFactoryTest.java,retrofit2.converter.gson.GsonConverterFactoryTest$AnInterface,getName/0,false,52,0,2,2,0,1,0,1,0,0,0,0,0,0,0,0,0,0,0,0,0,0,0,0,0,0,2,0,0,false
/Users/thiago/Documents/Thiago/CodeToAnalyze/retrofit/retrofit-adapters/rxjava/src/test/java/retrofit2/adapter/rxjava/ObservableThrowingSafeSubscriberTest.java,retrofit2.adapter.rxjava.ObservableThrowingSafeSubscriberTest$Anonymous13,onCompleted/0,false,294,0,0,0,0,1,0,3,0,0,0,0,0,0,0,0,0,0,0,0,0,0,0,0,0,0,3,1,0,false
/Users/thiago/Documents/Thiago/CodeToAnalyze/retrofit/retrofit-adapters/rxjava/src/test/java/retrofit2/adapter/rxjava/ObservableThrowingSafeSubscriberTest.java,retrofit2.adapter.rxjava.ObservableThrowingSafeSubscriberTest$Anonymous12,handleError/1[java.lang.Throwable],false,278,1,0,0,0,3,2,7,0,0,1,2,0,0,0,0,0,0,0,0,0,0,2,0,0,0,8,1,0,false
/Users/thiago/Documents/Thiago/CodeToAnalyze/retrofit/retrofit-adapters/rxjava/src/test/java/retrofit2/adapter/rxjava/ObservableThrowingSafeSubscriberTest.java,retrofit2.adapter.rxjava.ObservableThrowingSafeSubscriberTest$Anonymous15,onNext/1[retrofit2.adapter.rxjava.Result<java.lang.String>],false,329,1,0,0,0,1,0,3,0,0,1,0,0,0,0,0,0,0,0,0,0,0,0,0,0,0,4,1,0,false
/Users/thiago/Documents/Thiago/CodeToAnalyze/retrofit/retrofit-adapters/rxjava/src/test/java/retrofit2/adapter/rxjava/ObservableThrowingSafeSubscriberTest.java,retrofit2.adapter.rxjava.ObservableThrowingSafeSubscriberTest$Anonymous15,onError/1[java.lang.Throwable],false,335,0,0,0,0,1,0,3,0,0,1,0,0,0,0,0,0,0,0,0,0,0,0,0,0,0,5,1,0,false
/Users/thiago/Documents/Thiago/CodeToAnalyze/retrofit/retrofit-adapters/rxjava/src/test/java/retrofit2/adapter/rxjava/ObservableThrowingSafeSubscriberTest.java,retrofit2.adapter.rxjava.ObservableThrowingSafeSubscriberTest$Anonymous14,handleError/1[java.lang.Throwable],false,312,1,0,0,0,3,2,7,0,0,1,2,0,0,0,0,0,0,0,0,0,0,2,0,0,0,7,1,0,false
/Users/thiago/Documents/Thiago/CodeToAnalyze/retrofit/retrofit/java-test/src/test/java/retrofit2/RequestFactoryTest.java,retrofit2.RequestFactoryTest$144Example,method/0,false,2894,4,0,0,0,1,0,3,1,0,0,0,0,0,0,0,0,0,3,0,0,0,0,0,0,0,4,0,0,false
/Users/thiago/Documents/Thiago/CodeToAnalyze/retrofit/retrofit/java-test/src/test/java/retrofit2/RequestFactoryTest.java,retrofit2.RequestFactoryTest$23Example,method/1[java.lang.String],false,495,4,0,0,0,1,0,3,1,0,1,0,0,0,0,0,0,0,1,0,0,0,0,0,0,0,3,0,0,false
/Users/thiago/Documents/Thiago/CodeToAnalyze/retrofit/retrofit/test-helpers/src/main/java/retrofit2/helpers/DelegatingCallAdapterFactory.java,retrofit2.helpers.DelegatingCallAdapterFactory,"get/3[java.lang.reflect.Type,java.lang.annotation.Annotation[],retrofit2.Retrofit]",false,27,2,1,0,1,1,1,4,1,0,3,1,0,0,0,0,0,0,0,0,1,0,0,0,0,0,5,1,0,false
/Users/thiago/Documents/Thiago/CodeToAnalyze/retrofit/retrofit-adapters/rxjava2/src/test/java/retrofit2/adapter/rxjava2/ObservableTest.java,retrofit2.adapter.rxjava2.ObservableTest,resultSuccess200/0,false,119,7,7,0,7,1,13,9,0,2,0,13,0,0,0,0,0,0,1,0,2,0,0,0,0,0,7,1,0,false
/Users/thiago/Documents/Thiago/CodeToAnalyze/retrofit/retrofit-adapters/rxjava2/src/test/java/retrofit2/adapter/rxjava2/ObservableTest.java,retrofit2.adapter.rxjava2.ObservableTest,responseSuccess200/0,false,90,6,5,0,5,1,9,7,0,1,0,9,0,0,0,0,0,0,0,0,1,0,0,0,0,0,7,1,0,false
/Users/thiago/Documents/Thiago/CodeToAnalyze/retrofit/retrofit-adapters/rxjava2/src/test/java/retrofit2/adapter/rxjava2/ObservableTest.java,retrofit2.adapter.rxjava2.ObservableTest,observableAssembly/0,false,155,3,1,0,1,1,6,10,0,2,0,6,0,0,0,0,1,0,1,0,1,0,1,0,0,1,7,1,0,false
/Users/thiago/Documents/Thiago/CodeToAnalyze/retrofit/retrofit-adapters/rxjava2/src/test/java/retrofit2/adapter/rxjava2/ObservableTest.java,retrofit2.adapter.rxjava2.ObservableTest,resultFailure/0,false,143,6,6,0,6,1,12,9,0,2,0,12,0,0,0,0,0,0,0,0,2,0,0,0,0,0,21,1,1,false
/Users/thiago/Documents/Thiago/CodeToAnalyze/retrofit/retrofit-adapters/rxjava2/src/test/java/retrofit2/adapter/rxjava2/ObservableTest.java,retrofit2.adapter.rxjava2.ObservableTest,setUp/0,false,51,6,5,0,5,1,7,4,0,1,0,7,0,0,0,0,0,0,1,0,2,0,0,0,0,0,8,1,0,false
/Users/thiago/Documents/Thiago/CodeToAnalyze/retrofit/retrofit-adapters/rxjava2/src/test/java/retrofit2/adapter/rxjava2/ObservableTest.java,retrofit2.adapter.rxjava2.ObservableTest,bodyFailure/0,false,81,5,3,0,3,1,6,6,0,1,0,6,0,0,0,0,0,0,0,0,1,0,0,0,0,0,19,1,0,false
/Users/thiago/Documents/Thiago/CodeToAnalyze/retrofit/retrofit-adapters/rxjava2/src/test/java/retrofit2/adapter/rxjava2/ObservableTest.java,retrofit2.adapter.rxjava2.ObservableTest,responseSuccess404/0,false,100,6,5,0,5,1,10,7,0,1,0,10,0,0,0,0,0,0,0,1,1,0,0,0,0,0,7,1,0,false
/Users/thiago/Documents/Thiago/CodeToAnalyze/retrofit/retrofit-adapters/rxjava2/src/test/java/retrofit2/adapter/rxjava2/ObservableTest.java,retrofit2.adapter.rxjava2.ObservableTest,resultSuccess404/0,false,131,7,7,0,7,1,12,9,0,2,0,12,0,0,0,0,0,0,0,1,2,0,0,0,0,0,7,1,0,false
/Users/thiago/Documents/Thiago/CodeToAnalyze/retrofit/retrofit-adapters/rxjava2/src/test/java/retrofit2/adapter/rxjava2/ObservableTest.java,retrofit2.adapter.rxjava2.ObservableTest,bodySuccess200/0,false,62,5,4,0,4,1,7,6,0,1,0,7,0,0,0,0,0,0,2,0,1,0,0,0,0,0,5,1,0,false
/Users/thiago/Documents/Thiago/CodeToAnalyze/retrofit/retrofit-adapters/rxjava2/src/test/java/retrofit2/adapter/rxjava2/ObservableTest.java,retrofit2.adapter.rxjava2.ObservableTest,subscribeTwice/0,false,166,6,4,0,4,1,7,11,0,3,0,7,0,0,0,0,0,0,4,0,3,0,0,0,0,0,7,1,0,false
/Users/thiago/Documents/Thiago/CodeToAnalyze/retrofit/retrofit-adapters/rxjava2/src/test/java/retrofit2/adapter/rxjava2/ObservableTest.java,retrofit2.adapter.rxjava2.ObservableTest,bodySuccess404/0,false,71,6,3,0,3,1,6,6,0,1,0,6,0,0,0,0,0,0,1,1,1,0,0,0,0,0,6,1,0,false
/Users/thiago/Documents/Thiago/CodeToAnalyze/retrofit/retrofit-adapters/rxjava2/src/test/java/retrofit2/adapter/rxjava2/ObservableTest.java,retrofit2.adapter.rxjava2.ObservableTest,responseFailure/0,false,110,6,3,0,3,1,6,6,0,1,0,6,0,0,0,0,0,0,0,0,1,0,0,0,0,0,19,1,0,false
/Users/thiago/Documents/Thiago/CodeToAnalyze/retrofit/retrofit-converters/protobuf/src/test/java/retrofit2/converter/protobuf/ProtoConverterFactoryTest.java,retrofit2.converter.protobuf.ProtoConverterFactoryTest$Service,wrongClass/0,false,61,2,1,1,0,1,0,1,0,0,0,0,0,0,0,0,0,0,1,0,0,0,0,0,0,0,2,0,0,false
/Users/thiago/Documents/Thiago/CodeToAnalyze/retrofit/retrofit-converters/protobuf/src/test/java/retrofit2/converter/protobuf/ProtoConverterFactoryTest.java,retrofit2.converter.protobuf.ProtoConverterFactoryTest$Service,get/0,false,55,3,2,2,0,1,0,1,0,0,0,0,0,0,0,0,0,0,1,0,0,0,0,0,0,0,1,0,0,false
/Users/thiago/Documents/Thiago/CodeToAnalyze/retrofit/retrofit-converters/protobuf/src/test/java/retrofit2/converter/protobuf/ProtoConverterFactoryTest.java,retrofit2.converter.protobuf.ProtoConverterFactoryTest$Service,wrongType/0,false,64,2,1,1,0,1,0,1,0,0,0,0,0,0,0,0,0,0,1,0,0,0,0,0,0,0,2,0,0,false
/Users/thiago/Documents/Thiago/CodeToAnalyze/retrofit/retrofit-converters/protobuf/src/test/java/retrofit2/converter/protobuf/ProtoConverterFactoryTest.java,retrofit2.converter.protobuf.ProtoConverterFactoryTest$Service,post/1[retrofit2.converter.protobuf.MessageLite],false,58,5,2,2,0,1,0,1,0,0,1,0,0,0,0,0,0,0,1,0,0,0,0,0,0,0,4,0,0,false
/Users/thiago/Documents/Thiago/CodeToAnalyze/retrofit/retrofit/java-test/src/test/java/retrofit2/RequestFactoryTest.java,retrofit2.RequestFactoryTest$155Example,method/1[retrofit2.RequestBody],false,3092,6,0,0,0,1,0,3,1,0,1,0,0,0,0,0,0,0,2,0,0,0,0,0,0,0,6,0,0,false
/Users/thiago/Documents/Thiago/CodeToAnalyze/retrofit/retrofit-adapters/rxjava2/src/test/java/retrofit2/adapter/rxjava2/FlowableThrowingTest.java,retrofit2.adapter.rxjava2.FlowableThrowingTest,bodyThrowingInOnErrorDeliveredToPlugin/0,false,119,7,2,0,2,2,12,24,0,6,0,12,0,0,0,0,0,0,0,1,5,0,2,1,0,1,23,1,0,false
/Users/thiago/Documents/Thiago/CodeToAnalyze/retrofit/retrofit-adapters/rxjava2/src/test/java/retrofit2/adapter/rxjava2/FlowableThrowingTest.java,retrofit2.adapter.rxjava2.FlowableThrowingTest,resultThrowingInOnNextDeliveredToError/0,false,235,7,3,0,3,1,5,12,0,2,0,5,0,0,0,0,0,0,0,0,2,0,0,1,0,0,16,1,0,false
/Users/thiago/Documents/Thiago/CodeToAnalyze/retrofit/retrofit-adapters/rxjava2/src/test/java/retrofit2/adapter/rxjava2/FlowableThrowingTest.java,retrofit2.adapter.rxjava2.FlowableThrowingTest,bodyThrowingInOnCompleteDeliveredToPlugin/0,false,88,7,3,0,3,2,13,22,0,5,0,13,0,0,0,0,0,0,0,0,4,0,2,1,0,1,20,1,0,false
/Users/thiago/Documents/Thiago/CodeToAnalyze/retrofit/retrofit-adapters/rxjava2/src/test/java/retrofit2/adapter/rxjava2/FlowableThrowingTest.java,retrofit2.adapter.rxjava2.FlowableThrowingTest,responseThrowingInOnNextDeliveredToError/0,false,152,7,3,0,3,1,5,12,0,2,0,5,0,0,0,0,0,0,0,0,2,0,0,1,0,0,16,1,0,false
/Users/thiago/Documents/Thiago/CodeToAnalyze/retrofit/retrofit-adapters/rxjava2/src/test/java/retrofit2/adapter/rxjava2/FlowableThrowingTest.java,retrofit2.adapter.rxjava2.FlowableThrowingTest,responseThrowingInOnCompleteDeliveredToPlugin/0,false,171,8,3,0,3,2,13,22,0,5,0,13,0,0,0,0,0,0,0,0,4,0,2,1,0,1,20,1,0,false
/Users/thiago/Documents/Thiago/CodeToAnalyze/retrofit/retrofit-adapters/rxjava2/src/test/java/retrofit2/adapter/rxjava2/FlowableThrowingTest.java,retrofit2.adapter.rxjava2.FlowableThrowingTest,bodyThrowingInOnNextDeliveredToError/0,false,69,6,3,0,3,1,5,12,0,2,0,5,0,0,0,0,0,0,0,0,2,0,0,1,0,0,16,1,0,false
/Users/thiago/Documents/Thiago/CodeToAnalyze/retrofit/retrofit-adapters/rxjava2/src/test/java/retrofit2/adapter/rxjava2/FlowableThrowingTest.java,retrofit2.adapter.rxjava2.FlowableThrowingTest,resultThrowingInOnErrorDeliveredToPlugin/0,false,285,8,2,0,2,2,11,24,0,6,0,11,0,0,0,0,0,0,0,0,5,0,2,1,0,1,25,1,0,false
/Users/thiago/Documents/Thiago/CodeToAnalyze/retrofit/retrofit-adapters/rxjava2/src/test/java/retrofit2/adapter/rxjava2/FlowableThrowingTest.java,retrofit2.adapter.rxjava2.FlowableThrowingTest,resultThrowingInOnCompletedDeliveredToPlugin/0,false,254,8,3,0,3,2,13,22,0,5,0,13,0,0,0,0,0,0,0,0,4,0,2,1,0,1,21,1,0,false
/Users/thiago/Documents/Thiago/CodeToAnalyze/retrofit/retrofit-adapters/rxjava2/src/test/java/retrofit2/adapter/rxjava2/FlowableThrowingTest.java,retrofit2.adapter.rxjava2.FlowableThrowingTest,setUp/0,false,58,6,5,0,5,1,7,4,0,1,0,7,0,0,0,0,0,0,1,0,2,0,0,0,0,0,8,1,0,false
/Users/thiago/Documents/Thiago/CodeToAnalyze/retrofit/retrofit-adapters/rxjava2/src/test/java/retrofit2/adapter/rxjava2/FlowableThrowingTest.java,retrofit2.adapter.rxjava2.FlowableThrowingTest,responseThrowingInOnErrorDeliveredToPlugin/0,false,202,8,2,0,2,2,12,24,0,6,0,12,0,0,0,0,0,0,0,0,5,0,2,1,0,1,37,1,0,false
/Users/thiago/Documents/Thiago/CodeToAnalyze/retrofit/samples/src/main/java/com/example/retrofit/JsonQueryParameters.java,com.example.retrofit.JsonQueryParameters$Filter,Filter/1[java.lang.String],true,85,0,1,1,0,1,0,3,0,0,1,0,0,0,0,0,0,0,0,0,1,0,0,0,0,0,3,0,0,false
/Users/thiago/Documents/Thiago/CodeToAnalyze/retrofit/retrofit-adapters/rxjava3/src/test/java/retrofit2/adapter/rxjava3/CompletableThrowingTest.java,retrofit2.adapter.rxjava3.CompletableThrowingTest$Service,completable/0,false,45,2,2,2,0,1,0,1,0,0,0,0,0,0,0,0,0,0,1,0,0,0,0,0,0,0,2,0,0,false
/Users/thiago/Documents/Thiago/CodeToAnalyze/retrofit/samples/src/main/java/com/example/retrofit/ErrorHandlingAdapter.java,com.example.retrofit.ErrorHandlingAdapter$MyCallAdapter,clone/0,false,161,4,2,0,2,1,1,3,1,0,0,1,0,0,0,0,0,0,0,0,0,0,0,0,0,0,1,1,0,false
/Users/thiago/Documents/Thiago/CodeToAnalyze/retrofit/samples/src/main/java/com/example/retrofit/ErrorHandlingAdapter.java,com.example.retrofit.ErrorHandlingAdapter$MyCallAdapter,cancel/0,false,117,1,1,0,1,1,1,3,0,0,0,1,0,0,0,0,0,0,0,0,0,0,0,0,0,0,1,1,0,false
/Users/thiago/Documents/Thiago/CodeToAnalyze/retrofit/samples/src/main/java/com/example/retrofit/ErrorHandlingAdapter.java,com.example.retrofit.ErrorHandlingAdapter$MyCallAdapter,"MyCallAdapter/2[retrofit2.Call<T>,java.util.concurrent.Executor]",true,111,2,0,0,0,1,0,4,0,0,2,0,0,0,0,0,0,0,0,0,2,0,0,0,0,0,6,0,0,false
/Users/thiago/Documents/Thiago/CodeToAnalyze/retrofit/samples/src/main/java/com/example/retrofit/ErrorHandlingAdapter.java,com.example.retrofit.ErrorHandlingAdapter$MyCallAdapter,enqueue/1[com.example.retrofit.ErrorHandlingAdapter.MyCallback<T>],false,122,4,2,0,2,1,1,31,0,0,1,1,0,0,0,0,0,0,0,0,0,0,0,1,0,0,13,1,0,false
/Users/thiago/Documents/Thiago/CodeToAnalyze/retrofit/retrofit-adapters/rxjava/src/test/java/retrofit2/adapter/rxjava/ObservableThrowingSafeSubscriberTest.java,retrofit2.adapter.rxjava.ObservableThrowingSafeSubscriberTest$Anonymous11,onNext/1[retrofit2.adapter.rxjava.Result<java.lang.String>],false,261,1,0,0,0,1,0,3,0,0,1,0,0,0,0,0,0,0,0,0,0,0,0,0,0,0,4,1,0,false
/Users/thiago/Documents/Thiago/CodeToAnalyze/retrofit/retrofit/java-test/src/test/java/retrofit2/InvocationTest.java,retrofit2.InvocationTest$Example,"postMethod/3[java.lang.String,java.lang.String,retrofit2.RequestBody]",false,37,7,2,2,0,1,0,1,0,0,3,0,0,0,0,0,0,0,3,0,0,0,0,0,0,0,6,0,0,false
/Users/thiago/Documents/Thiago/CodeToAnalyze/retrofit/retrofit-adapters/rxjava/src/test/java/retrofit2/adapter/rxjava/ObservableThrowingSafeSubscriberTest.java,retrofit2.adapter.rxjava.ObservableThrowingSafeSubscriberTest$Anonymous10,onError/1[java.lang.Throwable],false,238,0,0,0,0,2,2,6,0,0,1,2,0,0,0,0,0,0,0,0,0,0,1,0,0,0,5,1,0,false
/Users/thiago/Documents/Thiago/CodeToAnalyze/retrofit/samples/src/main/java/com/example/retrofit/Crawler.java,com.example.retrofit.Crawler$Page,"Page/2[java.lang.String,java.util.List<java.lang.String>]",true,131,0,1,1,0,1,0,4,0,0,2,0,0,0,0,0,0,0,0,0,2,0,0,0,0,0,3,0,0,false
/Users/thiago/Documents/Thiago/CodeToAnalyze/retrofit/retrofit/java-test/src/test/java/retrofit2/RequestFactoryTest.java,retrofit2.RequestFactoryTest$64Example,method/0,false,1271,3,0,0,0,1,0,3,1,0,0,0,0,0,0,0,0,0,1,0,0,0,0,0,0,0,4,0,0,false
/Users/thiago/Documents/Thiago/CodeToAnalyze/retrofit/retrofit/java-test/src/test/java/retrofit2/RequestFactoryTest.java,retrofit2.RequestFactoryTest$61Example,method/1[java.lang.String],false,1231,4,0,0,0,1,0,3,1,0,1,0,0,0,0,0,0,0,2,0,0,0,0,0,0,0,5,0,0,false
/Users/thiago/Documents/Thiago/CodeToAnalyze/retrofit/samples/src/main/java/com/example/retrofit/SimpleService.java,com.example.retrofit.SimpleService$GitHub,"contributors/2[java.lang.String,java.lang.String]",false,40,4,3,3,0,1,0,1,0,0,2,0,0,0,0,0,0,0,3,0,0,0,0,0,0,0,4,0,0,false
/Users/thiago/Documents/Thiago/CodeToAnalyze/retrofit/retrofit/java-test/src/test/java/retrofit2/RequestFactoryTest.java,retrofit2.RequestFactoryTest$28Example,"method/1[java.util.Map<java.lang.String,java.lang.String>]",false,593,4,0,0,0,1,0,3,1,0,1,0,0,0,0,0,0,0,1,0,0,0,0,0,0,0,3,0,0,false
/Users/thiago/Documents/Thiago/CodeToAnalyze/retrofit/retrofit/src/main/java/retrofit2/HttpServiceMethod.java,retrofit2.HttpServiceMethod$SuspendForBody,"SuspendForBody/6[retrofit2.RequestFactory,okhttp3.Call.Factory,retrofit2.Converter<retrofit2.ResponseBody,ResponseT>,retrofit2.CallAdapter<ResponseT,retrofit2.Call<ResponseT>>,boolean,boolean]",true,223,7,0,0,0,1,0,6,0,0,6,0,0,0,0,0,0,0,0,0,3,0,0,0,0,0,10,0,0,false
/Users/thiago/Documents/Thiago/CodeToAnalyze/retrofit/retrofit/src/main/java/retrofit2/HttpServiceMethod.java,retrofit2.HttpServiceMethod$SuspendForBody,"adapt/2[retrofit2.Call<ResponseT>,java.lang.Object[]]",false,231,5,1,0,1,5,5,21,4,1,2,5,0,0,0,0,1,0,0,1,2,1,2,0,0,0,16,4,0,false
/Users/thiago/Documents/Thiago/CodeToAnalyze/retrofit/retrofit-adapters/rxjava/src/test/java/retrofit2/adapter/rxjava/CompletableThrowingSafeSubscriberTest.java,retrofit2.adapter.rxjava.CompletableThrowingSafeSubscriberTest$ForwardingCompletableObserver,onError/1[java.lang.Throwable],false,146,1,1,0,1,1,1,3,0,0,1,1,0,0,0,0,0,0,0,0,0,0,0,0,0,0,4,1,0,false
/Users/thiago/Documents/Thiago/CodeToAnalyze/retrofit/retrofit-adapters/rxjava/src/test/java/retrofit2/adapter/rxjava/CompletableThrowingSafeSubscriberTest.java,retrofit2.adapter.rxjava.CompletableThrowingSafeSubscriberTest$ForwardingCompletableObserver,onCompleted/0,false,141,1,1,0,1,1,1,3,0,0,0,1,0,0,0,0,0,0,0,0,0,0,0,0,0,0,2,1,0,false
/Users/thiago/Documents/Thiago/CodeToAnalyze/retrofit/retrofit-adapters/rxjava/src/test/java/retrofit2/adapter/rxjava/CompletableThrowingSafeSubscriberTest.java,retrofit2.adapter.rxjava.CompletableThrowingSafeSubscriberTest$ForwardingCompletableObserver,onSubscribe/1[retrofit2.adapter.rxjava.Subscription],false,138,1,0,0,0,1,0,2,0,0,1,0,0,0,0,0,0,0,0,0,0,0,0,0,0,0,4,1,0,false
/Users/thiago/Documents/Thiago/CodeToAnalyze/retrofit/retrofit-adapters/rxjava/src/test/java/retrofit2/adapter/rxjava/CompletableThrowingSafeSubscriberTest.java,retrofit2.adapter.rxjava.CompletableThrowingSafeSubscriberTest$ForwardingCompletableObserver,ForwardingCompletableObserver/1[retrofit2.adapter.rxjava.RecordingSubscriber<java.lang.Void>],true,133,1,0,0,0,1,0,3,0,0,1,0,0,0,0,0,0,0,0,0,1,0,0,0,0,0,4,0,0,false
/Users/thiago/Documents/Thiago/CodeToAnalyze/retrofit/retrofit/java-test/src/test/java/retrofit2/CompletableFutureTest.java,retrofit2.CompletableFutureTest$Service,body/0,false,37,1,3,3,0,1,0,1,0,0,0,0,0,0,0,0,0,0,1,0,0,0,0,0,0,0,1,0,0,false
/Users/thiago/Documents/Thiago/CodeToAnalyze/retrofit/retrofit/java-test/src/test/java/retrofit2/CompletableFutureTest.java,retrofit2.CompletableFutureTest$Service,response/0,false,40,2,3,3,0,1,0,1,0,0,0,0,0,0,0,0,0,0,1,0,0,0,0,0,0,0,1,0,0,false
/Users/thiago/Documents/Thiago/CodeToAnalyze/retrofit/retrofit-adapters/rxjava2/src/test/java/retrofit2/adapter/rxjava2/RecordingSubscriber.java,retrofit2.adapter.rxjava2.RecordingSubscriber$Rule$Anonymous1,evaluate/0,false,152,1,11,0,11,2,2,6,0,0,0,2,0,0,1,0,0,0,0,0,0,0,1,0,0,0,4,1,0,false
/Users/thiago/Documents/Thiago/CodeToAnalyze/retrofit/retrofit-converters/wire/src/main/java/retrofit2/converter/wire/WireResponseBodyConverter.java,retrofit2.converter.wire.WireResponseBodyConverter,convert/1[retrofit2.converter.wire.ResponseBody],false,33,2,0,0,0,1,3,8,1,0,1,3,0,0,0,0,1,0,0,0,0,0,1,0,0,0,8,1,0,false
/Users/thiago/Documents/Thiago/CodeToAnalyze/retrofit/retrofit-converters/wire/src/main/java/retrofit2/converter/wire/WireResponseBodyConverter.java,retrofit2.converter.wire.WireResponseBodyConverter,WireResponseBodyConverter/1[retrofit2.converter.wire.ProtoAdapter<T>],true,28,1,0,0,0,1,0,3,0,0,1,0,0,0,0,0,0,0,0,0,1,0,0,0,0,0,5,0,0,false
/Users/thiago/Documents/Thiago/CodeToAnalyze/retrofit/retrofit-converters/wire/src/main/java/retrofit2/converter/wire/WireConverterFactory.java,retrofit2.converter.wire.WireConverterFactory,"responseBodyConverter/3[java.lang.reflect.Type,java.lang.annotation.Annotation[],retrofit2.Retrofit]",false,62,7,0,0,0,3,2,11,3,2,3,2,0,0,0,0,0,1,0,0,2,0,1,0,0,0,10,1,0,false
/Users/thiago/Documents/Thiago/CodeToAnalyze/retrofit/retrofit-converters/wire/src/main/java/retrofit2/converter/wire/WireConverterFactory.java,retrofit2.converter.wire.WireConverterFactory,withStreaming/0,false,56,1,2,1,1,1,0,3,1,0,0,0,0,0,0,0,0,0,0,0,0,0,0,0,0,0,37,1,0,true
/Users/thiago/Documents/Thiago/CodeToAnalyze/retrofit/retrofit-converters/wire/src/main/java/retrofit2/converter/wire/WireConverterFactory.java,retrofit2.converter.wire.WireConverterFactory,create/0,false,40,1,2,1,1,1,0,3,1,0,0,0,0,0,0,0,0,0,0,0,0,0,0,0,0,0,31,9,0,true
/Users/thiago/Documents/Thiago/CodeToAnalyze/retrofit/retrofit-converters/wire/src/main/java/retrofit2/converter/wire/WireConverterFactory.java,retrofit2.converter.wire.WireConverterFactory,WireConverterFactory/1[boolean],true,46,0,2,2,0,1,0,3,0,0,1,0,0,0,0,0,0,0,0,0,1,0,0,0,0,0,4,2,0,false
/Users/thiago/Documents/Thiago/CodeToAnalyze/retrofit/retrofit-converters/wire/src/main/java/retrofit2/converter/wire/WireConverterFactory.java,retrofit2.converter.wire.WireConverterFactory,"requestBodyConverter/4[java.lang.reflect.Type,java.lang.annotation.Annotation[],java.lang.annotation.Annotation[],retrofit2.Retrofit]",false,80,7,0,0,0,3,2,11,3,2,4,2,0,0,0,0,0,1,0,0,2,0,1,0,0,0,10,1,0,false
/Users/thiago/Documents/Thiago/CodeToAnalyze/retrofit/retrofit/java-test/src/test/java/retrofit2/RequestFactoryTest.java,retrofit2.RequestFactoryTest$114Example,method/1[MultipartBody.Part[]],false,2224,6,0,0,0,1,0,3,1,0,1,0,0,0,0,0,0,0,1,0,0,0,0,0,0,0,5,0,0,false
/Users/thiago/Documents/Thiago/CodeToAnalyze/retrofit/retrofit-adapters/rxjava3/src/test/java/retrofit2/adapter/rxjava3/RecordingSubscriber.java,retrofit2.adapter.rxjava3.RecordingSubscriber,RecordingSubscriber/1[long],true,40,0,0,0,0,1,0,3,0,0,1,0,0,0,0,0,0,0,0,0,1,0,0,0,0,0,4,2,0,false
/Users/thiago/Documents/Thiago/CodeToAnalyze/retrofit/retrofit-adapters/rxjava3/src/test/java/retrofit2/adapter/rxjava3/RecordingSubscriber.java,retrofit2.adapter.rxjava3.RecordingSubscriber,takeValue/0,false,74,3,1,0,1,1,6,5,1,1,0,6,0,0,0,0,0,0,1,0,1,1,0,0,0,0,13,1,0,false
/Users/thiago/Documents/Thiago/CodeToAnalyze/retrofit/retrofit-adapters/rxjava3/src/test/java/retrofit2/adapter/rxjava3/RecordingSubscriber.java,retrofit2.adapter.rxjava3.RecordingSubscriber,request/1[long],false,129,0,0,0,0,2,1,6,0,0,1,1,0,0,0,1,0,0,1,0,0,0,1,0,0,0,14,1,0,false
/Users/thiago/Documents/Thiago/CodeToAnalyze/retrofit/retrofit-adapters/rxjava3/src/test/java/retrofit2/adapter/rxjava3/RecordingSubscriber.java,retrofit2.adapter.rxjava3.RecordingSubscriber,assertValue/1[T],false,95,2,1,0,1,1,3,4,1,0,1,3,0,0,0,0,0,0,0,0,0,0,0,0,0,0,6,1,0,false
/Users/thiago/Documents/Thiago/CodeToAnalyze/retrofit/retrofit-adapters/rxjava3/src/test/java/retrofit2/adapter/rxjava3/RecordingSubscriber.java,retrofit2.adapter.rxjava3.RecordingSubscriber,onComplete/0,false,57,0,0,0,0,1,2,3,0,0,0,2,0,0,0,0,0,0,0,0,0,0,0,0,0,0,2,1,0,false
/Users/thiago/Documents/Thiago/CodeToAnalyze/retrofit/retrofit-adapters/rxjava3/src/test/java/retrofit2/adapter/rxjava3/RecordingSubscriber.java,retrofit2.adapter.rxjava3.RecordingSubscriber,takeNotification/0,false,66,2,0,0,0,2,1,7,1,1,0,1,0,0,0,1,0,0,1,0,1,0,1,0,0,0,8,2,0,false
/Users/thiago/Documents/Thiago/CodeToAnalyze/retrofit/retrofit-adapters/rxjava3/src/test/java/retrofit2/adapter/rxjava3/RecordingSubscriber.java,retrofit2.adapter.rxjava3.RecordingSubscriber,assertNoEvents/0,false,125,0,0,0,0,1,3,3,0,0,0,3,0,0,0,0,0,0,1,0,0,0,0,0,0,0,7,1,0,false
/Users/thiago/Documents/Thiago/CodeToAnalyze/retrofit/retrofit-adapters/rxjava3/src/test/java/retrofit2/adapter/rxjava3/RecordingSubscriber.java,retrofit2.adapter.rxjava3.RecordingSubscriber,assertError/1[java.lang.Class<? extends java.lang.Throwable>],false,112,1,1,0,1,1,1,3,0,0,1,1,0,0,0,0,0,0,0,0,0,0,0,0,0,0,5,1,0,false
/Users/thiago/Documents/Thiago/CodeToAnalyze/retrofit/retrofit-adapters/rxjava3/src/test/java/retrofit2/adapter/rxjava3/RecordingSubscriber.java,retrofit2.adapter.rxjava3.RecordingSubscriber,assertComplete/0,false,100,2,2,0,2,1,6,5,0,1,0,6,0,0,0,0,0,0,1,0,1,1,0,0,0,0,14,1,0,false
/Users/thiago/Documents/Thiago/CodeToAnalyze/retrofit/retrofit-adapters/rxjava3/src/test/java/retrofit2/adapter/rxjava3/RecordingSubscriber.java,retrofit2.adapter.rxjava3.RecordingSubscriber,takeError/0,false,82,2,1,0,1,1,6,5,1,1,0,6,0,0,0,0,0,0,1,0,1,1,0,0,0,0,12,1,0,false
/Users/thiago/Documents/Thiago/CodeToAnalyze/retrofit/retrofit-adapters/rxjava3/src/test/java/retrofit2/adapter/rxjava3/RecordingSubscriber.java,retrofit2.adapter.rxjava3.RecordingSubscriber,onNext/1[T],false,52,1,0,0,0,1,2,3,0,0,1,2,0,0,0,0,0,0,0,0,0,0,0,0,0,0,4,1,0,false
/Users/thiago/Documents/Thiago/CodeToAnalyze/retrofit/retrofit-adapters/rxjava3/src/test/java/retrofit2/adapter/rxjava3/RecordingSubscriber.java,retrofit2.adapter.rxjava3.RecordingSubscriber,onSubscribe/1[retrofit2.adapter.rxjava3.Subscription],false,45,1,0,0,0,1,1,4,0,0,1,1,0,0,0,0,0,0,0,0,1,0,0,0,0,0,6,1,0,false
/Users/thiago/Documents/Thiago/CodeToAnalyze/retrofit/retrofit-adapters/rxjava3/src/test/java/retrofit2/adapter/rxjava3/RecordingSubscriber.java,retrofit2.adapter.rxjava3.RecordingSubscriber,assertError/1[java.lang.Throwable],false,108,1,1,0,1,1,3,3,0,0,1,3,0,0,0,0,0,0,0,0,0,0,0,0,0,0,6,1,0,false
/Users/thiago/Documents/Thiago/CodeToAnalyze/retrofit/retrofit-adapters/rxjava3/src/test/java/retrofit2/adapter/rxjava3/RecordingSubscriber.java,retrofit2.adapter.rxjava3.RecordingSubscriber,"assertError/2[java.lang.Class<? extends java.lang.Throwable>,java.lang.String]",false,116,1,2,0,2,2,6,8,0,1,2,6,0,0,0,1,0,0,0,0,1,0,1,0,0,0,12,1,0,false
/Users/thiago/Documents/Thiago/CodeToAnalyze/retrofit/retrofit-adapters/rxjava3/src/test/java/retrofit2/adapter/rxjava3/RecordingSubscriber.java,retrofit2.adapter.rxjava3.RecordingSubscriber,onError/1[java.lang.Throwable],false,62,0,0,0,0,1,2,3,0,0,1,2,0,0,0,0,0,0,0,0,0,0,0,0,0,0,4,1,0,false
/Users/thiago/Documents/Thiago/CodeToAnalyze/retrofit/retrofit-adapters/rxjava3/src/test/java/retrofit2/adapter/rxjava3/RecordingSubscriber.java,retrofit2.adapter.rxjava3.RecordingSubscriber,assertAnyValue/0,false,90,2,1,0,1,1,1,4,1,0,0,1,0,0,0,0,0,0,0,0,0,0,0,0,0,0,4,1,0,false
/Users/thiago/Documents/Thiago/CodeToAnalyze/retrofit/samples/src/main/java/com/example/retrofit/Crawler.java,com.example.retrofit.Crawler,Crawler/1[com.example.retrofit.Crawler.PageService],true,54,1,1,1,0,1,0,3,0,0,1,0,0,0,0,0,0,0,0,0,1,0,0,0,0,0,4,1,0,false
/Users/thiago/Documents/Thiago/CodeToAnalyze/retrofit/samples/src/main/java/com/example/retrofit/Crawler.java,com.example.retrofit.Crawler,crawlPage/1[com.example.retrofit.HttpUrl],false,58,4,4,2,2,3,5,27,1,2,1,5,0,0,0,1,0,0,0,1,3,0,1,1,0,0,20,1,0,false
/Users/thiago/Documents/Thiago/CodeToAnalyze/retrofit/samples/src/main/java/com/example/retrofit/Crawler.java,com.example.retrofit.Crawler,main/1[java.lang.String[]],false,98,7,5,0,5,1,12,10,0,5,1,12,1,1,0,0,0,0,1,6,5,0,0,0,0,0,18,9,0,false
/Users/thiago/Documents/Thiago/CodeToAnalyze/retrofit/retrofit/src/main/java/retrofit2/HttpServiceMethod.java,retrofit2.HttpServiceMethod$SuspendForResponse,"SuspendForResponse/4[retrofit2.RequestFactory,okhttp3.Call.Factory,retrofit2.Converter<retrofit2.ResponseBody,ResponseT>,retrofit2.CallAdapter<ResponseT,retrofit2.Call<ResponseT>>]",true,190,7,0,0,0,1,0,4,0,0,4,0,0,0,0,0,0,0,0,0,1,0,0,0,0,0,7,0,0,false
/Users/thiago/Documents/Thiago/CodeToAnalyze/retrofit/retrofit/src/main/java/retrofit2/HttpServiceMethod.java,retrofit2.HttpServiceMethod$SuspendForResponse,"adapt/2[retrofit2.Call<ResponseT>,java.lang.Object[]]",false,196,5,1,0,1,2,3,10,2,1,2,3,0,0,0,0,1,0,0,1,2,1,1,0,0,0,7,4,0,false
/Users/thiago/Documents/Thiago/CodeToAnalyze/retrofit/retrofit/src/main/java/retrofit2/Converter.java,retrofit2.Converter,convert/1[F],false,42,3,0,0,0,1,0,1,0,0,1,0,0,0,0,0,0,0,0,0,0,0,0,0,0,0,7,0,0,false
/Users/thiago/Documents/Thiago/CodeToAnalyze/retrofit/retrofit-adapters/rxjava2/src/test/java/retrofit2/adapter/rxjava2/ObservableThrowingTest.java,retrofit2.adapter.rxjava2.ObservableThrowingTest$Anonymous1,onNext/1[java.lang.String],false,79,0,0,0,0,1,0,3,0,0,1,0,0,0,0,0,0,0,0,0,0,0,0,0,0,0,4,1,0,false
/Users/thiago/Documents/Thiago/CodeToAnalyze/retrofit/retrofit-adapters/rxjava2/src/test/java/retrofit2/adapter/rxjava2/ObservableThrowingTest.java,retrofit2.adapter.rxjava2.ObservableThrowingTest$Anonymous2,onComplete/0,false,106,0,0,0,0,1,0,3,0,0,0,0,0,0,0,0,0,0,0,0,0,0,0,0,0,0,3,1,0,false
/Users/thiago/Documents/Thiago/CodeToAnalyze/retrofit/retrofit/test-helpers/src/main/java/retrofit2/helpers/NonMatchingCallAdapterFactory.java,retrofit2.helpers.NonMatchingCallAdapterFactory,"get/3[java.lang.reflect.Type,java.lang.annotation.Annotation[],retrofit2.Retrofit]",false,29,3,0,0,0,1,0,4,1,0,3,0,0,0,0,0,0,0,0,0,1,0,0,0,0,0,6,1,0,false
/Users/thiago/Documents/Thiago/CodeToAnalyze/retrofit/retrofit-adapters/rxjava2/src/test/java/retrofit2/adapter/rxjava2/ObservableThrowingTest.java,retrofit2.adapter.rxjava2.ObservableThrowingTest$Anonymous3,onError/1[java.lang.Throwable],false,138,0,0,0,0,2,2,6,0,0,1,2,0,0,0,0,0,0,0,0,0,0,1,0,0,0,5,1,0,false
/Users/thiago/Documents/Thiago/CodeToAnalyze/retrofit/retrofit-adapters/rxjava2/src/test/java/retrofit2/adapter/rxjava2/ObservableThrowingTest.java,retrofit2.adapter.rxjava2.ObservableThrowingTest$Anonymous4,onNext/1[retrofit2.Response<java.lang.String>],false,162,1,0,0,0,1,0,3,0,0,1,0,0,0,0,0,0,0,0,0,0,0,0,0,0,0,4,1,0,false
/Users/thiago/Documents/Thiago/CodeToAnalyze/retrofit/retrofit-adapters/rxjava2/src/test/java/retrofit2/adapter/rxjava2/ObservableThrowingTest.java,retrofit2.adapter.rxjava2.ObservableThrowingTest$Anonymous5,onComplete/0,false,189,0,0,0,0,1,0,3,0,0,0,0,0,0,0,0,0,0,0,0,0,0,0,0,0,0,3,1,0,false
/Users/thiago/Documents/Thiago/CodeToAnalyze/retrofit/retrofit-adapters/rxjava2/src/test/java/retrofit2/adapter/rxjava2/ObservableThrowingTest.java,retrofit2.adapter.rxjava2.ObservableThrowingTest$Anonymous6,onError/1[java.lang.Throwable],false,221,0,0,0,0,2,2,6,0,0,1,2,0,0,0,0,0,0,0,0,0,0,1,0,0,0,5,1,0,false
/Users/thiago/Documents/Thiago/CodeToAnalyze/retrofit/retrofit-adapters/rxjava2/src/test/java/retrofit2/adapter/rxjava2/ObservableThrowingTest.java,retrofit2.adapter.rxjava2.ObservableThrowingTest$Anonymous7,onNext/1[retrofit2.adapter.rxjava2.Result<java.lang.String>],false,245,1,0,0,0,1,0,3,0,0,1,0,0,0,0,0,0,0,0,0,0,0,0,0,0,0,4,1,0,false
/Users/thiago/Documents/Thiago/CodeToAnalyze/retrofit/retrofit-converters/simplexml/src/main/java/retrofit2/converter/simplexml/SimpleXmlRequestBodyConverter.java,retrofit2.converter.simplexml.SimpleXmlRequestBodyConverter,SimpleXmlRequestBodyConverter/1[retrofit2.converter.simplexml.Serializer],true,32,1,0,0,0,1,0,3,0,0,1,0,0,0,0,0,0,0,0,0,1,0,0,0,0,0,7,0,0,false
/Users/thiago/Documents/Thiago/CodeToAnalyze/retrofit/retrofit-converters/simplexml/src/main/java/retrofit2/converter/simplexml/SimpleXmlRequestBodyConverter.java,retrofit2.converter.simplexml.SimpleXmlRequestBodyConverter,convert/1[T],false,37,3,0,0,0,3,5,15,1,2,1,5,0,0,0,0,1,0,0,0,2,0,1,0,0,0,16,1,0,false
/Users/thiago/Documents/Thiago/CodeToAnalyze/retrofit/retrofit-adapters/rxjava2/src/test/java/retrofit2/adapter/rxjava2/ObservableThrowingTest.java,retrofit2.adapter.rxjava2.ObservableThrowingTest$Anonymous8,onComplete/0,false,272,0,0,0,0,1,0,3,0,0,0,0,0,0,0,0,0,0,0,0,0,0,0,0,0,0,3,1,0,false
/Users/thiago/Documents/Thiago/CodeToAnalyze/retrofit/retrofit-adapters/rxjava2/src/test/java/retrofit2/adapter/rxjava2/ObservableThrowingTest.java,retrofit2.adapter.rxjava2.ObservableThrowingTest$Anonymous9,onNext/1[retrofit2.adapter.rxjava2.Result<java.lang.String>],false,304,1,0,0,0,1,0,3,0,0,1,0,0,0,0,0,0,0,0,0,0,0,0,0,0,0,4,1,0,false
/Users/thiago/Documents/Thiago/CodeToAnalyze/retrofit/retrofit-adapters/rxjava2/src/test/java/retrofit2/adapter/rxjava2/ObservableThrowingTest.java,retrofit2.adapter.rxjava2.ObservableThrowingTest$Anonymous9,onError/1[java.lang.Throwable],false,310,0,0,0,0,1,0,3,0,0,1,0,0,0,0,0,0,0,0,0,0,0,0,0,0,0,5,1,0,false
/Users/thiago/Documents/Thiago/CodeToAnalyze/retrofit/retrofit-adapters/rxjava/src/test/java/retrofit2/adapter/rxjava/AsyncTest.java,retrofit2.adapter.rxjava.AsyncTest,bodyThrowingInOnSafeSubscriberErrorDeliveredToPlugin/0,false,169,8,1,0,1,1,13,33,0,7,0,13,0,0,0,0,0,0,0,3,7,0,0,2,0,0,42,1,0,false
/Users/thiago/Documents/Thiago/CodeToAnalyze/retrofit/retrofit-adapters/rxjava/src/test/java/retrofit2/adapter/rxjava/AsyncTest.java,retrofit2.adapter.rxjava.AsyncTest,bodyThrowingInOnErrorDeliveredToPlugin/0,false,127,7,1,0,1,1,12,30,0,6,0,12,0,0,0,0,0,0,0,3,6,0,0,2,0,0,39,1,0,false
/Users/thiago/Documents/Thiago/CodeToAnalyze/retrofit/retrofit-adapters/rxjava/src/test/java/retrofit2/adapter/rxjava/AsyncTest.java,retrofit2.adapter.rxjava.AsyncTest,failure/0,false,77,4,1,0,1,1,8,8,0,1,0,8,0,0,0,0,0,0,0,3,1,0,0,0,0,0,22,1,0,false
/Users/thiago/Documents/Thiago/CodeToAnalyze/retrofit/retrofit-adapters/rxjava/src/test/java/retrofit2/adapter/rxjava/AsyncTest.java,retrofit2.adapter.rxjava.AsyncTest,throwingInOnCompleteDeliveredToPlugin/0,false,88,6,1,0,1,1,9,27,0,4,0,9,0,0,0,0,0,0,0,2,4,0,0,2,0,0,35,1,0,false
/Users/thiago/Documents/Thiago/CodeToAnalyze/retrofit/retrofit-adapters/rxjava/src/test/java/retrofit2/adapter/rxjava/AsyncTest.java,retrofit2.adapter.rxjava.AsyncTest,setUp/0,false,56,5,4,0,4,1,6,4,0,1,0,6,0,0,0,0,0,0,1,0,2,0,0,0,0,0,5,1,0,false
/Users/thiago/Documents/Thiago/CodeToAnalyze/retrofit/retrofit-adapters/rxjava/src/test/java/retrofit2/adapter/rxjava/AsyncTest.java,retrofit2.adapter.rxjava.AsyncTest,success/0,false,66,4,1,0,1,1,7,8,0,1,0,7,0,0,0,0,0,0,0,3,1,0,0,0,0,0,8,1,0,false
/Users/thiago/Documents/Thiago/CodeToAnalyze/retrofit/retrofit/java-test/src/test/java/retrofit2/RetrofitTest.java,retrofit2.RetrofitTest$3MyConverterFactory,"stringConverter/3[java.lang.reflect.Type,java.lang.annotation.Annotation[],retrofit2.Retrofit]",false,557,2,0,0,0,1,1,4,1,0,3,1,0,0,0,0,0,0,0,0,0,0,0,0,0,0,5,1,0,false
/Users/thiago/Documents/Thiago/CodeToAnalyze/retrofit/retrofit/java-test/src/test/java/retrofit2/RequestFactoryTest.java,retrofit2.RequestFactoryTest$31Example,method/1[],false,662,5,0,0,0,1,0,3,1,0,1,0,0,0,0,0,0,0,1,0,0,0,0,0,0,0,4,0,0,false
/Users/thiago/Documents/Thiago/CodeToAnalyze/retrofit/retrofit/src/main/java/retrofit2/RequestFactory.java,retrofit2.RequestFactory$Builder,"validateResolvableType/2[int,java.lang.reflect.Type]",false,825,1,3,1,2,2,2,5,0,0,2,2,0,0,0,0,0,0,1,0,0,0,1,0,0,0,12,2,0,false
/Users/thiago/Documents/Thiago/CodeToAnalyze/retrofit/retrofit/src/main/java/retrofit2/RequestFactory.java,retrofit2.RequestFactory$Builder,boxIfPrimitive/1[java.lang.Class<?>],false,860,0,1,1,0,9,0,11,9,0,1,0,0,0,0,8,0,0,0,0,0,0,1,0,0,0,4,10,0,false
/Users/thiago/Documents/Thiago/CodeToAnalyze/retrofit/retrofit/src/main/java/retrofit2/RequestFactory.java,retrofit2.RequestFactory$Builder,build/0,false,186,4,5,1,4,17,3,34,1,3,0,3,2,5,2,3,0,0,8,2,5,2,2,0,0,0,54,0,0,false
/Users/thiago/Documents/Thiago/CodeToAnalyze/retrofit/retrofit/src/main/java/retrofit2/RequestFactory.java,retrofit2.RequestFactory$Builder,"parseParameter/4[int,java.lang.reflect.Type,java.lang.annotation.Annotation[],boolean]",false,330,5,4,1,3,9,3,29,2,2,4,3,1,2,1,5,1,0,2,0,4,0,4,0,0,0,26,2,0,false
/Users/thiago/Documents/Thiago/CodeToAnalyze/retrofit/retrofit/src/main/java/retrofit2/RequestFactory.java,retrofit2.RequestFactory$Builder,parseMethodAnnotation/1[java.lang.annotation.Annotation],false,232,13,16,1,15,15,15,47,0,3,1,15,2,2,0,1,0,7,10,1,6,0,2,0,0,0,36,2,0,false
/Users/thiago/Documents/Thiago/CodeToAnalyze/retrofit/retrofit/src/main/java/retrofit2/RequestFactory.java,retrofit2.RequestFactory$Builder,"parseParameterAnnotation/4[int,java.lang.reflect.Type,java.lang.annotation.Annotation[],java.lang.annotation.Annotation]",false,369,39,42,1,41,80,43,346,28,83,4,43,3,1,1,10,1,16,62,16,93,17,4,0,0,0,103,2,0,false
/Users/thiago/Documents/Thiago/CodeToAnalyze/retrofit/retrofit/src/main/java/retrofit2/RequestFactory.java,retrofit2.RequestFactory$Builder,"Builder/3[retrofit2.Retrofit,java.lang.Class<?>,java.lang.reflect.Method]",true,177,1,1,1,0,1,3,8,0,0,3,3,0,0,0,0,0,0,0,0,6,0,0,0,0,0,5,0,0,false
/Users/thiago/Documents/Thiago/CodeToAnalyze/retrofit/retrofit/src/main/java/retrofit2/RequestFactory.java,retrofit2.RequestFactory$Builder,"validatePathName/2[int,java.lang.String]",false,832,1,2,1,1,3,5,8,0,0,2,5,0,0,0,0,0,0,2,0,0,0,1,0,0,0,11,2,0,false
/Users/thiago/Documents/Thiago/CodeToAnalyze/retrofit/retrofit/src/main/java/retrofit2/RequestFactory.java,retrofit2.RequestFactory$Builder,"parseHeaders/2[java.lang.String[],boolean]",false,304,2,3,1,2,8,12,26,1,4,2,12,0,0,1,3,1,0,3,5,5,2,3,0,0,0,27,2,0,false
/Users/thiago/Documents/Thiago/CodeToAnalyze/retrofit/retrofit/src/main/java/retrofit2/RequestFactory.java,retrofit2.RequestFactory$Builder,parsePathParameters/1[java.lang.String],false,851,0,2,2,0,2,4,8,1,2,1,4,0,0,1,0,0,0,0,1,2,0,1,0,0,0,27,8,0,true
/Users/thiago/Documents/Thiago/CodeToAnalyze/retrofit/retrofit/src/main/java/retrofit2/RequestFactory.java,retrofit2.RequestFactory$Builder,"parseHttpMethodAndPath/3[java.lang.String,java.lang.String,boolean]",false,270,2,3,1,2,6,8,20,1,3,3,8,1,1,0,2,0,0,3,3,7,3,2,0,0,0,32,2,0,false
/Users/thiago/Documents/Thiago/CodeToAnalyze/retrofit/retrofit-adapters/rxjava2/src/test/java/retrofit2/adapter/rxjava2/MaybeWithSchedulerTest.java,retrofit2.adapter.rxjava2.MaybeWithSchedulerTest$Service,result/0,false,40,3,1,1,0,1,0,1,0,0,0,0,0,0,0,0,0,0,1,0,0,0,0,0,0,0,1,0,0,false
/Users/thiago/Documents/Thiago/CodeToAnalyze/retrofit/retrofit-adapters/rxjava2/src/test/java/retrofit2/adapter/rxjava2/MaybeWithSchedulerTest.java,retrofit2.adapter.rxjava2.MaybeWithSchedulerTest$Service,body/0,false,34,2,1,1,0,1,0,1,0,0,0,0,0,0,0,0,0,0,1,0,0,0,0,0,0,0,1,0,0,false
/Users/thiago/Documents/Thiago/CodeToAnalyze/retrofit/retrofit-adapters/rxjava2/src/test/java/retrofit2/adapter/rxjava2/MaybeWithSchedulerTest.java,retrofit2.adapter.rxjava2.MaybeWithSchedulerTest$Service,response/0,false,37,3,1,1,0,1,0,1,0,0,0,0,0,0,0,0,0,0,1,0,0,0,0,0,0,0,1,0,0,false
/Users/thiago/Documents/Thiago/CodeToAnalyze/retrofit/retrofit/java-test/src/test/java/retrofit2/RequestFactoryTest.java,retrofit2.RequestFactoryTest$20Example,method/0,false,438,4,0,0,0,1,0,3,1,0,0,0,0,0,0,0,0,0,2,0,0,0,0,0,0,0,2,0,0,false
/Users/thiago/Documents/Thiago/CodeToAnalyze/retrofit/retrofit/src/main/java/retrofit2/ParameterHandler.java,retrofit2.ParameterHandler$Tag,Tag/1[java.lang.Class<T>],true,449,1,0,0,0,1,0,3,0,0,1,0,0,0,0,0,0,0,0,0,1,0,0,0,0,0,2,0,0,false
/Users/thiago/Documents/Thiago/CodeToAnalyze/retrofit/retrofit/src/main/java/retrofit2/ParameterHandler.java,retrofit2.ParameterHandler$Tag,"apply/2[retrofit2.RequestBuilder,T]",false,454,3,1,0,1,1,1,3,0,0,2,1,0,0,0,0,0,0,0,0,0,0,0,0,0,0,5,0,0,false
/Users/thiago/Documents/Thiago/CodeToAnalyze/retrofit/retrofit/src/main/java/retrofit2/BuiltInConverters.java,retrofit2.BuiltInConverters,"responseBodyConverter/3[java.lang.reflect.Type,java.lang.annotation.Annotation[],retrofit2.Retrofit]",false,31,8,2,0,2,5,2,12,4,0,3,2,0,0,0,2,0,0,0,0,0,0,1,0,0,0,7,1,0,false
/Users/thiago/Documents/Thiago/CodeToAnalyze/retrofit/retrofit/src/main/java/retrofit2/BuiltInConverters.java,retrofit2.BuiltInConverters,"requestBodyConverter/4[java.lang.reflect.Type,java.lang.annotation.Annotation[],java.lang.annotation.Annotation[],retrofit2.Retrofit]",false,51,6,1,0,1,2,2,6,2,0,4,2,0,0,0,0,0,0,0,0,0,0,1,0,0,0,7,1,0,false
/Users/thiago/Documents/Thiago/CodeToAnalyze/retrofit/samples/src/main/java/com/example/retrofit/ErrorHandlingAdapter.java,com.example.retrofit.ErrorHandlingAdapter$Anonymous2,success/1[retrofit2.Response<com.example.retrofit.ErrorHandlingAdapter.Ip>],false,188,2,1,0,1,1,2,3,0,0,1,2,0,0,0,0,0,0,1,0,0,1,0,0,0,0,2,1,0,false
/Users/thiago/Documents/Thiago/CodeToAnalyze/retrofit/samples/src/main/java/com/example/retrofit/ErrorHandlingAdapter.java,com.example.retrofit.ErrorHandlingAdapter$Anonymous2,unauthenticated/1[retrofit2.Response<?>],false,193,1,0,0,0,1,1,3,0,0,1,1,0,0,0,0,0,0,1,0,0,0,0,0,0,0,2,1,0,false
/Users/thiago/Documents/Thiago/CodeToAnalyze/retrofit/samples/src/main/java/com/example/retrofit/ErrorHandlingAdapter.java,com.example.retrofit.ErrorHandlingAdapter$Anonymous2,networkError/1[java.io.IOException],false,208,0,0,0,0,1,2,3,0,0,1,2,0,0,0,0,0,0,1,0,0,1,0,0,0,0,8,1,0,false
/Users/thiago/Documents/Thiago/CodeToAnalyze/retrofit/samples/src/main/java/com/example/retrofit/ErrorHandlingAdapter.java,com.example.retrofit.ErrorHandlingAdapter$Anonymous2,unexpectedError/1[java.lang.Throwable],false,213,0,0,0,0,1,2,3,0,0,1,2,0,0,0,0,0,0,1,0,0,1,0,0,0,0,7,1,0,false
/Users/thiago/Documents/Thiago/CodeToAnalyze/retrofit/samples/src/main/java/com/example/retrofit/ErrorHandlingAdapter.java,com.example.retrofit.ErrorHandlingAdapter$Anonymous2,clientError/1[retrofit2.Response<?>],false,198,1,2,0,2,1,3,3,0,0,1,3,0,0,0,0,0,0,2,0,0,1,0,0,0,0,6,1,0,false
/Users/thiago/Documents/Thiago/CodeToAnalyze/retrofit/samples/src/main/java/com/example/retrofit/ErrorHandlingAdapter.java,com.example.retrofit.ErrorHandlingAdapter$Anonymous2,serverError/1[retrofit2.Response<?>],false,203,1,2,0,2,1,3,3,0,0,1,3,0,0,0,0,0,0,2,0,0,1,0,0,0,0,6,1,0,false
/Users/thiago/Documents/Thiago/CodeToAnalyze/retrofit/retrofit-converters/jackson/src/test/java/retrofit2/converter/jackson/JacksonConverterFactoryTest.java,retrofit2.converter.jackson.JacksonConverterFactoryTest$Anonymous1,"onResponse/2[retrofit2.Call<java.lang.Void>,retrofit2.Response<java.lang.Void>]",false,222,2,0,0,0,1,1,3,0,0,2,1,0,0,0,0,0,0,0,0,0,0,0,0,0,0,3,1,0,false
/Users/thiago/Documents/Thiago/CodeToAnalyze/retrofit/retrofit-converters/jackson/src/test/java/retrofit2/converter/jackson/JacksonConverterFactoryTest.java,retrofit2.converter.jackson.JacksonConverterFactoryTest$Anonymous1,"onFailure/2[retrofit2.Call<java.lang.Void>,java.lang.Throwable]",false,227,1,0,0,0,1,2,4,0,0,2,2,0,0,0,0,0,0,0,0,0,0,0,0,0,0,3,1,0,false
/Users/thiago/Documents/Thiago/CodeToAnalyze/retrofit/samples/src/main/java/com/example/retrofit/ChunkingConverter.java,com.example.retrofit.ChunkingConverter$Repo,"Repo/2[java.lang.String,java.lang.String]",true,92,0,1,1,0,1,0,4,0,0,2,0,0,0,0,0,0,0,0,0,2,0,0,0,0,0,3,0,0,false
/Users/thiago/Documents/Thiago/CodeToAnalyze/retrofit/retrofit-mock/src/test/java/retrofit2/mock/BehaviorDelegateTest.java,retrofit2.mock.BehaviorDelegateTest,syncCanBeCanceled/0,false,223,4,6,0,6,3,13,23,0,1,0,13,0,0,0,0,2,0,1,4,1,0,2,0,0,1,15,1,0,false
/Users/thiago/Documents/Thiago/CodeToAnalyze/retrofit/retrofit-mock/src/test/java/retrofit2/mock/BehaviorDelegateTest.java,retrofit2.mock.BehaviorDelegateTest,asyncSuccessCalledAfterDelay/0,false,140,5,6,0,6,1,13,24,0,5,0,13,0,0,0,0,0,0,1,6,5,0,0,1,0,0,31,1,0,false
/Users/thiago/Documents/Thiago/CodeToAnalyze/retrofit/retrofit-mock/src/test/java/retrofit2/mock/BehaviorDelegateTest.java,retrofit2.mock.BehaviorDelegateTest,setUp/0,false,50,7,8,0,8,1,5,16,0,3,0,5,0,0,0,0,0,0,1,0,4,0,0,1,0,0,15,1,0,false
/Users/thiago/Documents/Thiago/CodeToAnalyze/retrofit/retrofit-mock/src/test/java/retrofit2/mock/BehaviorDelegateTest.java,retrofit2.mock.BehaviorDelegateTest,syncCanceledBeforeStart/0,false,287,4,6,0,6,2,11,15,0,1,0,11,0,0,0,0,1,0,1,3,1,0,1,0,0,0,12,1,0,false
/Users/thiago/Documents/Thiago/CodeToAnalyze/retrofit/retrofit-mock/src/test/java/retrofit2/mock/BehaviorDelegateTest.java,retrofit2.mock.BehaviorDelegateTest,syncFailureThrownAfterDelay/0,false,172,4,5,0,5,2,11,16,0,3,0,11,0,0,0,0,1,0,0,4,3,1,1,0,0,0,18,1,0,false
/Users/thiago/Documents/Thiago/CodeToAnalyze/retrofit/retrofit-mock/src/test/java/retrofit2/mock/BehaviorDelegateTest.java,retrofit2.mock.BehaviorDelegateTest,asyncFailureCalledAfterDelay/0,false,191,5,6,0,6,1,13,24,0,5,0,13,0,0,0,0,0,0,0,6,5,0,0,1,0,0,31,1,0,false
/Users/thiago/Documents/Thiago/CodeToAnalyze/retrofit/retrofit-mock/src/test/java/retrofit2/mock/BehaviorDelegateTest.java,retrofit2.mock.BehaviorDelegateTest,syncFailureThrowsAfterDelay/0,false,73,4,6,0,6,2,12,16,0,3,0,12,0,0,0,0,1,0,0,4,3,1,1,0,0,0,17,1,0,false
/Users/thiago/Documents/Thiago/CodeToAnalyze/retrofit/retrofit-mock/src/test/java/retrofit2/mock/BehaviorDelegateTest.java,retrofit2.mock.BehaviorDelegateTest,syncSuccessReturnsAfterDelay/0,false,124,5,6,0,6,1,11,11,0,4,0,11,0,0,0,0,0,0,1,4,4,1,0,0,0,0,16,1,0,false
/Users/thiago/Documents/Thiago/CodeToAnalyze/retrofit/retrofit-mock/src/test/java/retrofit2/mock/BehaviorDelegateTest.java,retrofit2.mock.BehaviorDelegateTest,asyncCanBeCanceledBeforeStart/0,false,306,5,7,0,7,1,13,23,0,4,0,13,0,0,0,0,0,0,1,5,4,0,0,1,0,0,24,1,0,false
/Users/thiago/Documents/Thiago/CodeToAnalyze/retrofit/retrofit-mock/src/test/java/retrofit2/mock/BehaviorDelegateTest.java,retrofit2.mock.BehaviorDelegateTest,asyncFailureTriggersFailureAfterDelay/0,false,92,5,7,0,7,1,14,24,0,5,0,14,0,0,0,0,0,0,0,6,5,0,0,1,0,0,30,1,0,false
/Users/thiago/Documents/Thiago/CodeToAnalyze/retrofit/retrofit-mock/src/test/java/retrofit2/mock/BehaviorDelegateTest.java,retrofit2.mock.BehaviorDelegateTest,asyncCanBeCanceled/0,false,251,5,7,0,7,1,14,24,0,4,0,14,0,0,0,0,0,0,1,6,4,0,0,1,0,0,22,1,0,false
/Users/thiago/Documents/Thiago/CodeToAnalyze/retrofit/retrofit-converters/java8/src/test/java/retrofit/converter/java8/Java8OptionalConverterFactoryTest.java,retrofit.converter.java8.Java8OptionalConverterFactoryTest$Service,optional/0,false,38,2,2,2,0,1,0,1,0,0,0,0,0,0,0,0,0,0,1,0,0,0,0,0,0,0,1,0,0,false
/Users/thiago/Documents/Thiago/CodeToAnalyze/retrofit/retrofit-converters/java8/src/test/java/retrofit/converter/java8/Java8OptionalConverterFactoryTest.java,retrofit.converter.java8.Java8OptionalConverterFactoryTest$Service,object/0,false,41,2,1,1,0,1,0,1,0,0,0,0,0,0,0,0,0,0,1,0,0,0,0,0,0,0,1,0,0,false
/Users/thiago/Documents/Thiago/CodeToAnalyze/retrofit/retrofit-converters/scalars/src/main/java/retrofit2/converter/scalars/ScalarResponseBodyConverters.java,retrofit2.converter.scalars.ScalarResponseBodyConverters$DoubleResponseBodyConverter,convert/1[retrofit2.converter.scalars.ResponseBody],false,70,1,0,0,0,1,2,3,1,0,1,2,0,0,0,0,0,0,0,0,0,0,0,0,0,0,8,1,0,false
/Users/thiago/Documents/Thiago/CodeToAnalyze/retrofit/retrofit-converters/moshi/src/test/java/retrofit2/converter/moshi/MoshiConverterFactoryTest.java,retrofit2.converter.moshi.MoshiConverterFactoryTest$AnImplementation,AnImplementation/1[java.lang.String],true,72,0,8,8,0,1,0,3,0,0,1,0,0,0,0,0,0,0,0,0,1,0,0,0,0,0,5,0,0,false
/Users/thiago/Documents/Thiago/CodeToAnalyze/retrofit/retrofit-converters/moshi/src/test/java/retrofit2/converter/moshi/MoshiConverterFactoryTest.java,retrofit2.converter.moshi.MoshiConverterFactoryTest$AnImplementation,getName/0,false,77,0,0,0,0,1,0,3,1,0,0,0,0,0,0,0,0,0,0,0,0,0,0,0,0,0,3,1,0,false
/Users/thiago/Documents/Thiago/CodeToAnalyze/retrofit/retrofit/java-test/src/test/java/retrofit2/RequestFactoryTest.java,retrofit2.RequestFactoryTest$39Example,"method/2[java.lang.String,java.lang.String]",false,845,4,0,0,0,1,0,3,1,0,2,0,0,0,0,0,0,0,1,0,0,0,0,0,0,0,3,0,0,false
/Users/thiago/Documents/Thiago/CodeToAnalyze/retrofit/samples/src/main/java/com/example/retrofit/Crawler.java,com.example.retrofit.Crawler$PageAdapter$Anonymous2,"responseBodyConverter/3[java.lang.reflect.Type,java.lang.annotation.Annotation[],retrofit2.Retrofit]",false,142,6,4,0,4,2,0,4,2,0,3,0,0,0,0,1,0,0,0,0,0,0,1,0,0,0,9,1,0,false
/Users/thiago/Documents/Thiago/CodeToAnalyze/retrofit/retrofit/java-test/src/test/java/retrofit2/RequestFactoryTest.java,retrofit2.RequestFactoryTest$17Example,method/0,false,379,4,0,0,0,1,0,3,1,0,0,0,0,0,0,0,0,0,1,0,0,0,0,0,0,0,2,0,0,false
/Users/thiago/Documents/Thiago/CodeToAnalyze/retrofit/retrofit-adapters/rxjava2/src/test/java/retrofit2/adapter/rxjava2/SingleWithSchedulerTest.java,retrofit2.adapter.rxjava2.SingleWithSchedulerTest,responseUsesScheduler/0,false,71,5,4,0,4,1,7,8,0,1,0,7,0,0,0,0,0,0,0,0,1,0,0,0,0,0,6,1,0,false
/Users/thiago/Documents/Thiago/CodeToAnalyze/retrofit/retrofit-adapters/rxjava2/src/test/java/retrofit2/adapter/rxjava2/SingleWithSchedulerTest.java,retrofit2.adapter.rxjava2.SingleWithSchedulerTest,setUp/0,false,48,6,5,0,5,1,7,4,0,1,0,7,0,0,0,0,0,0,1,0,2,0,0,0,0,0,9,1,0,false
/Users/thiago/Documents/Thiago/CodeToAnalyze/retrofit/retrofit-adapters/rxjava2/src/test/java/retrofit2/adapter/rxjava2/SingleWithSchedulerTest.java,retrofit2.adapter.rxjava2.SingleWithSchedulerTest,resultUsesScheduler/0,false,83,5,4,0,4,1,7,8,0,1,0,7,0,0,0,0,0,0,0,0,1,0,0,0,0,0,6,1,0,false
/Users/thiago/Documents/Thiago/CodeToAnalyze/retrofit/retrofit-adapters/rxjava2/src/test/java/retrofit2/adapter/rxjava2/SingleWithSchedulerTest.java,retrofit2.adapter.rxjava2.SingleWithSchedulerTest,bodyUsesScheduler/0,false,59,5,4,0,4,1,7,8,0,1,0,7,0,0,0,0,0,0,0,0,1,0,0,0,0,0,6,1,0,false
/Users/thiago/Documents/Thiago/CodeToAnalyze/retrofit/retrofit/java-test/src/test/java/retrofit2/RequestFactoryTest.java,retrofit2.RequestFactoryTest$72Example,method/1[java.util.List<java.lang.Object>],false,1417,4,0,0,0,1,0,3,1,0,1,0,0,0,0,0,0,0,2,0,0,0,0,0,0,0,5,0,0,false
/Users/thiago/Documents/Thiago/CodeToAnalyze/retrofit/retrofit-converters/moshi/src/main/java/retrofit2/converter/moshi/MoshiRequestBodyConverter.java,retrofit2.converter.moshi.MoshiRequestBodyConverter,convert/1[T],false,38,5,0,0,0,2,4,9,2,2,1,4,0,0,0,0,0,0,0,0,2,0,1,0,0,0,14,1,0,false
/Users/thiago/Documents/Thiago/CodeToAnalyze/retrofit/retrofit-converters/moshi/src/main/java/retrofit2/converter/moshi/MoshiRequestBodyConverter.java,retrofit2.converter.moshi.MoshiRequestBodyConverter,"MoshiRequestBodyConverter/2[retrofit2.converter.moshi.JsonAdapter<T>,boolean]",true,32,1,0,0,0,1,0,4,0,0,2,0,0,0,0,0,0,0,0,0,2,0,0,0,0,0,6,0,0,false
/Users/thiago/Documents/Thiago/CodeToAnalyze/retrofit/retrofit-mock/src/main/java/retrofit2/mock/MockRetrofit.java,retrofit2.mock.MockRetrofit$Builder,backgroundExecutor/1[java.util.concurrent.ExecutorService],false,71,1,2,2,0,2,0,5,1,0,1,0,0,0,0,1,0,0,2,0,1,0,1,0,0,0,9,1,0,false
/Users/thiago/Documents/Thiago/CodeToAnalyze/retrofit/retrofit-mock/src/main/java/retrofit2/mock/MockRetrofit.java,retrofit2.mock.MockRetrofit$Builder,build/0,false,77,2,9,7,2,3,2,5,1,0,0,2,0,0,0,2,0,0,0,0,2,0,1,0,0,0,6,1,0,false
/Users/thiago/Documents/Thiago/CodeToAnalyze/retrofit/retrofit-mock/src/main/java/retrofit2/mock/MockRetrofit.java,retrofit2.mock.MockRetrofit$Builder,networkBehavior/1[retrofit2.mock.NetworkBehavior],false,64,2,4,4,0,2,0,5,1,0,1,0,0,0,0,1,0,0,2,0,1,0,1,0,0,0,9,1,0,false
/Users/thiago/Documents/Thiago/CodeToAnalyze/retrofit/retrofit-mock/src/main/java/retrofit2/mock/MockRetrofit.java,retrofit2.mock.MockRetrofit$Builder,Builder/1[retrofit2.Retrofit],true,58,1,10,10,0,2,0,4,0,0,1,0,0,0,0,1,0,0,2,0,1,0,1,0,0,0,7,1,0,false
/Users/thiago/Documents/Thiago/CodeToAnalyze/retrofit/retrofit/java-test/src/test/java/retrofit2/RequestFactoryTest.java,retrofit2.RequestFactoryTest$94Example,"method/2[java.lang.String,java.lang.String]",false,1800,5,0,0,0,1,0,3,1,0,2,0,0,0,0,0,0,0,1,0,0,0,0,0,0,0,3,0,0,false
/Users/thiago/Documents/Thiago/CodeToAnalyze/retrofit/retrofit/java-test/src/test/java/retrofit2/RequestFactoryTest.java,retrofit2.RequestFactoryTest$99Example,"method/2[java.lang.String,java.lang.String]",false,1905,5,0,0,0,1,0,3,1,0,2,0,0,0,0,0,0,0,1,0,0,0,0,0,0,0,3,0,0,false
/Users/thiago/Documents/Thiago/CodeToAnalyze/retrofit/retrofit/java-test/src/test/java/retrofit2/RequestFactoryTest.java,retrofit2.RequestFactoryTest$91Example,method/1[java.lang.Object],false,1737,4,0,0,0,1,0,3,1,0,1,0,0,0,0,0,0,0,0,0,0,0,0,0,0,0,4,0,0,false
/Users/thiago/Documents/Thiago/CodeToAnalyze/retrofit/retrofit-adapters/rxjava3/src/test/java/retrofit2/adapter/rxjava3/CompletableThrowingTest.java,retrofit2.adapter.rxjava3.CompletableThrowingTest,throwingInOnCompleteDeliveredToPlugin/0,false,62,6,2,0,2,2,11,19,0,4,0,11,0,0,0,0,0,0,0,0,3,0,2,1,0,1,23,1,0,false
/Users/thiago/Documents/Thiago/CodeToAnalyze/retrofit/retrofit-adapters/rxjava3/src/test/java/retrofit2/adapter/rxjava3/CompletableThrowingTest.java,retrofit2.adapter.rxjava3.CompletableThrowingTest,setUp/0,false,52,5,4,0,4,1,6,4,0,1,0,6,0,0,0,0,0,0,1,0,2,0,0,0,0,0,5,1,0,false
/Users/thiago/Documents/Thiago/CodeToAnalyze/retrofit/retrofit-adapters/rxjava3/src/test/java/retrofit2/adapter/rxjava3/CompletableThrowingTest.java,retrofit2.adapter.rxjava3.CompletableThrowingTest,bodyThrowingInOnErrorDeliveredToPlugin/0,false,89,7,2,0,2,2,12,22,0,6,0,12,0,0,0,0,0,0,0,1,5,0,2,1,0,1,28,1,0,false
/Users/thiago/Documents/Thiago/CodeToAnalyze/retrofit/retrofit-adapters/rxjava/src/test/java/retrofit2/adapter/rxjava/CompletableThrowingSafeSubscriberTest.java,retrofit2.adapter.rxjava.CompletableThrowingSafeSubscriberTest,throwingInOnCompleteDeliveredToPlugin/0,false,62,7,3,0,3,1,10,23,0,3,0,10,0,0,0,0,0,0,0,0,3,0,0,2,0,0,30,1,0,false
/Users/thiago/Documents/Thiago/CodeToAnalyze/retrofit/retrofit-adapters/rxjava/src/test/java/retrofit2/adapter/rxjava/CompletableThrowingSafeSubscriberTest.java,retrofit2.adapter.rxjava.CompletableThrowingSafeSubscriberTest,setUp/0,false,52,5,4,0,4,1,6,4,0,1,0,6,0,0,0,0,0,0,1,0,2,0,0,0,0,0,5,1,0,false
/Users/thiago/Documents/Thiago/CodeToAnalyze/retrofit/retrofit-adapters/rxjava/src/test/java/retrofit2/adapter/rxjava/CompletableThrowingSafeSubscriberTest.java,retrofit2.adapter.rxjava.CompletableThrowingSafeSubscriberTest,bodyThrowingInOnErrorDeliveredToPlugin/0,false,95,8,3,0,3,1,12,26,0,5,0,12,0,0,0,0,0,0,0,1,5,0,0,2,0,0,32,1,0,false
/Users/thiago/Documents/Thiago/CodeToAnalyze/retrofit/retrofit/java-test/src/test/java/retrofit2/RetrofitTest.java,retrofit2.RetrofitTest$MutableParameters,method/1[java.util.concurrent.atomic.AtomicInteger],false,172,3,1,1,0,1,0,1,0,0,1,0,0,0,0,0,0,0,2,0,0,0,0,0,0,0,4,0,0,false
/Users/thiago/Documents/Thiago/CodeToAnalyze/retrofit/retrofit-adapters/rxjava3/src/test/java/retrofit2/adapter/rxjava3/RecordingCompletableObserver.java,retrofit2.adapter.rxjava3.RecordingCompletableObserver,takeError/0,false,59,2,3,2,1,1,6,5,1,1,0,6,1,1,0,0,0,0,1,0,1,1,0,0,0,0,12,1,0,false
/Users/thiago/Documents/Thiago/CodeToAnalyze/retrofit/retrofit-adapters/rxjava3/src/test/java/retrofit2/adapter/rxjava3/RecordingCompletableObserver.java,retrofit2.adapter.rxjava3.RecordingCompletableObserver,assertError/1[java.lang.Class<? extends java.lang.Throwable>],false,79,1,2,1,1,1,1,3,0,0,1,1,1,3,0,0,0,0,0,0,0,0,0,0,0,0,5,1,0,false
/Users/thiago/Documents/Thiago/CodeToAnalyze/retrofit/retrofit-adapters/rxjava3/src/test/java/retrofit2/adapter/rxjava3/RecordingCompletableObserver.java,retrofit2.adapter.rxjava3.RecordingCompletableObserver,assertComplete/0,false,67,2,5,3,2,1,6,5,0,1,0,6,2,1,0,0,0,0,1,0,1,1,0,0,0,0,14,1,0,false
/Users/thiago/Documents/Thiago/CodeToAnalyze/retrofit/retrofit-adapters/rxjava3/src/test/java/retrofit2/adapter/rxjava3/RecordingCompletableObserver.java,retrofit2.adapter.rxjava3.RecordingCompletableObserver,onComplete/0,false,42,0,0,0,0,1,2,3,0,0,0,2,0,0,0,0,0,0,0,0,0,0,0,0,0,0,2,1,0,false
/Users/thiago/Documents/Thiago/CodeToAnalyze/retrofit/retrofit-adapters/rxjava3/src/test/java/retrofit2/adapter/rxjava3/RecordingCompletableObserver.java,retrofit2.adapter.rxjava3.RecordingCompletableObserver,onSubscribe/1[retrofit2.adapter.rxjava3.Disposable],false,39,1,0,0,0,1,0,2,0,0,1,0,0,0,0,0,0,0,0,0,0,0,0,0,0,0,4,1,0,false
/Users/thiago/Documents/Thiago/CodeToAnalyze/retrofit/retrofit-adapters/rxjava3/src/test/java/retrofit2/adapter/rxjava3/RecordingCompletableObserver.java,retrofit2.adapter.rxjava3.RecordingCompletableObserver,"assertError/2[java.lang.Class<? extends java.lang.Throwable>,java.lang.String]",false,83,1,4,2,2,2,6,8,0,1,2,6,2,2,0,1,0,0,0,0,1,0,1,0,0,0,12,1,0,false
/Users/thiago/Documents/Thiago/CodeToAnalyze/retrofit/retrofit-adapters/rxjava3/src/test/java/retrofit2/adapter/rxjava3/RecordingCompletableObserver.java,retrofit2.adapter.rxjava3.RecordingCompletableObserver,assertError/1[java.lang.Throwable],false,75,1,1,0,1,1,3,3,0,0,1,3,1,2,0,0,0,0,0,0,0,0,0,0,0,0,6,1,0,false
/Users/thiago/Documents/Thiago/CodeToAnalyze/retrofit/retrofit-adapters/rxjava3/src/test/java/retrofit2/adapter/rxjava3/RecordingCompletableObserver.java,retrofit2.adapter.rxjava3.RecordingCompletableObserver,RecordingCompletableObserver/0,true,36,0,1,1,0,1,0,2,0,0,0,0,0,0,0,0,0,0,0,0,0,0,0,0,0,0,3,2,0,false
/Users/thiago/Documents/Thiago/CodeToAnalyze/retrofit/retrofit-adapters/rxjava3/src/test/java/retrofit2/adapter/rxjava3/RecordingCompletableObserver.java,retrofit2.adapter.rxjava3.RecordingCompletableObserver,assertNoEvents/0,false,92,0,4,4,0,1,3,3,0,0,0,3,0,0,0,0,0,0,1,0,0,0,0,0,0,0,7,1,0,false
/Users/thiago/Documents/Thiago/CodeToAnalyze/retrofit/retrofit-adapters/rxjava3/src/test/java/retrofit2/adapter/rxjava3/RecordingCompletableObserver.java,retrofit2.adapter.rxjava3.RecordingCompletableObserver,onError/1[java.lang.Throwable],false,47,0,0,0,0,1,2,3,0,0,1,2,0,0,0,0,0,0,0,0,0,0,0,0,0,0,4,1,0,false
/Users/thiago/Documents/Thiago/CodeToAnalyze/retrofit/retrofit-adapters/rxjava3/src/test/java/retrofit2/adapter/rxjava3/RecordingCompletableObserver.java,retrofit2.adapter.rxjava3.RecordingCompletableObserver,takeNotification/0,false,51,1,2,2,0,2,1,7,1,1,0,1,0,0,0,1,0,0,1,0,1,0,1,0,0,0,8,2,0,false
/Users/thiago/Documents/Thiago/CodeToAnalyze/retrofit/retrofit-adapters/rxjava/src/test/java/retrofit2/adapter/rxjava/CompletableWithSchedulerTest.java,retrofit2.adapter.rxjava.CompletableWithSchedulerTest,setUp/0,false,41,5,4,0,4,1,6,4,0,1,0,6,0,0,0,0,0,0,1,0,2,0,0,0,0,0,6,1,0,false
/Users/thiago/Documents/Thiago/CodeToAnalyze/retrofit/retrofit-adapters/rxjava/src/test/java/retrofit2/adapter/rxjava/CompletableWithSchedulerTest.java,retrofit2.adapter.rxjava.CompletableWithSchedulerTest,completableUsesScheduler/0,false,51,5,4,0,4,1,8,8,0,1,0,8,0,0,0,0,0,0,1,0,1,0,0,0,0,0,6,1,0,false
/Users/thiago/Documents/Thiago/CodeToAnalyze/retrofit/retrofit/java-test/src/test/java/retrofit2/RetrofitTest.java,retrofit2.RetrofitTest$StringService,get/0,false,113,1,1,1,0,1,0,1,0,0,0,0,0,0,0,0,0,0,1,0,0,0,0,0,0,0,1,0,0,false
/Users/thiago/Documents/Thiago/CodeToAnalyze/retrofit/retrofit-adapters/rxjava2/src/test/java/retrofit2/adapter/rxjava2/RecordingSubscriber.java,retrofit2.adapter.rxjava2.RecordingSubscriber,onSubscribe/1[retrofit2.adapter.rxjava2.Subscription],false,44,1,0,0,0,1,1,4,0,0,1,1,0,0,0,0,0,0,0,0,1,0,0,0,0,0,6,1,0,false
/Users/thiago/Documents/Thiago/CodeToAnalyze/retrofit/retrofit-adapters/rxjava2/src/test/java/retrofit2/adapter/rxjava2/RecordingSubscriber.java,retrofit2.adapter.rxjava2.RecordingSubscriber,request/1[long],false,128,0,0,0,0,2,1,6,0,0,1,1,0,0,0,1,0,0,1,0,0,0,1,0,0,0,14,1,0,false
/Users/thiago/Documents/Thiago/CodeToAnalyze/retrofit/retrofit-adapters/rxjava2/src/test/java/retrofit2/adapter/rxjava2/RecordingSubscriber.java,retrofit2.adapter.rxjava2.RecordingSubscriber,RecordingSubscriber/1[long],true,39,0,0,0,0,1,0,3,0,0,1,0,0,0,0,0,0,0,0,0,1,0,0,0,0,0,4,2,0,false
/Users/thiago/Documents/Thiago/CodeToAnalyze/retrofit/retrofit-adapters/rxjava2/src/test/java/retrofit2/adapter/rxjava2/RecordingSubscriber.java,retrofit2.adapter.rxjava2.RecordingSubscriber,onComplete/0,false,56,0,0,0,0,1,2,3,0,0,0,2,0,0,0,0,0,0,0,0,0,0,0,0,0,0,2,1,0,false
/Users/thiago/Documents/Thiago/CodeToAnalyze/retrofit/retrofit-adapters/rxjava2/src/test/java/retrofit2/adapter/rxjava2/RecordingSubscriber.java,retrofit2.adapter.rxjava2.RecordingSubscriber,assertValue/1[T],false,94,2,1,0,1,1,3,4,1,0,1,3,0,0,0,0,0,0,0,0,0,0,0,0,0,0,6,1,0,false
/Users/thiago/Documents/Thiago/CodeToAnalyze/retrofit/retrofit-adapters/rxjava2/src/test/java/retrofit2/adapter/rxjava2/RecordingSubscriber.java,retrofit2.adapter.rxjava2.RecordingSubscriber,assertNoEvents/0,false,124,0,0,0,0,1,3,3,0,0,0,3,0,0,0,0,0,0,1,0,0,0,0,0,0,0,7,1,0,false
/Users/thiago/Documents/Thiago/CodeToAnalyze/retrofit/retrofit-adapters/rxjava2/src/test/java/retrofit2/adapter/rxjava2/RecordingSubscriber.java,retrofit2.adapter.rxjava2.RecordingSubscriber,takeNotification/0,false,65,2,0,0,0,2,1,7,1,1,0,1,0,0,0,1,0,0,1,0,1,0,1,0,0,0,8,2,0,false
/Users/thiago/Documents/Thiago/CodeToAnalyze/retrofit/retrofit-adapters/rxjava2/src/test/java/retrofit2/adapter/rxjava2/RecordingSubscriber.java,retrofit2.adapter.rxjava2.RecordingSubscriber,assertError/1[java.lang.Class<? extends java.lang.Throwable>],false,111,1,1,0,1,1,1,3,0,0,1,1,0,0,0,0,0,0,0,0,0,0,0,0,0,0,5,1,0,false
/Users/thiago/Documents/Thiago/CodeToAnalyze/retrofit/retrofit-adapters/rxjava2/src/test/java/retrofit2/adapter/rxjava2/RecordingSubscriber.java,retrofit2.adapter.rxjava2.RecordingSubscriber,assertComplete/0,false,99,2,2,0,2,1,6,5,0,1,0,6,0,0,0,0,0,0,1,0,1,1,0,0,0,0,14,1,0,false
/Users/thiago/Documents/Thiago/CodeToAnalyze/retrofit/retrofit-adapters/rxjava2/src/test/java/retrofit2/adapter/rxjava2/RecordingSubscriber.java,retrofit2.adapter.rxjava2.RecordingSubscriber,onNext/1[T],false,51,1,0,0,0,1,2,3,0,0,1,2,0,0,0,0,0,0,0,0,0,0,0,0,0,0,4,1,0,false
/Users/thiago/Documents/Thiago/CodeToAnalyze/retrofit/retrofit-adapters/rxjava2/src/test/java/retrofit2/adapter/rxjava2/RecordingSubscriber.java,retrofit2.adapter.rxjava2.RecordingSubscriber,takeError/0,false,81,2,1,0,1,1,6,5,1,1,0,6,0,0,0,0,0,0,1,0,1,1,0,0,0,0,12,1,0,false
/Users/thiago/Documents/Thiago/CodeToAnalyze/retrofit/retrofit-adapters/rxjava2/src/test/java/retrofit2/adapter/rxjava2/RecordingSubscriber.java,retrofit2.adapter.rxjava2.RecordingSubscriber,takeValue/0,false,73,3,1,0,1,1,6,5,1,1,0,6,0,0,0,0,0,0,1,0,1,1,0,0,0,0,13,1,0,false
/Users/thiago/Documents/Thiago/CodeToAnalyze/retrofit/retrofit-adapters/rxjava2/src/test/java/retrofit2/adapter/rxjava2/RecordingSubscriber.java,retrofit2.adapter.rxjava2.RecordingSubscriber,"assertError/2[java.lang.Class<? extends java.lang.Throwable>,java.lang.String]",false,115,1,2,0,2,2,6,8,0,1,2,6,0,0,0,1,0,0,0,0,1,0,1,0,0,0,12,1,0,false
/Users/thiago/Documents/Thiago/CodeToAnalyze/retrofit/retrofit-adapters/rxjava2/src/test/java/retrofit2/adapter/rxjava2/RecordingSubscriber.java,retrofit2.adapter.rxjava2.RecordingSubscriber,assertError/1[java.lang.Throwable],false,107,1,1,0,1,1,3,3,0,0,1,3,0,0,0,0,0,0,0,0,0,0,0,0,0,0,6,1,0,false
/Users/thiago/Documents/Thiago/CodeToAnalyze/retrofit/retrofit-adapters/rxjava2/src/test/java/retrofit2/adapter/rxjava2/RecordingSubscriber.java,retrofit2.adapter.rxjava2.RecordingSubscriber,onError/1[java.lang.Throwable],false,61,0,0,0,0,1,2,3,0,0,1,2,0,0,0,0,0,0,0,0,0,0,0,0,0,0,4,1,0,false
/Users/thiago/Documents/Thiago/CodeToAnalyze/retrofit/retrofit-adapters/rxjava2/src/test/java/retrofit2/adapter/rxjava2/RecordingSubscriber.java,retrofit2.adapter.rxjava2.RecordingSubscriber,assertAnyValue/0,false,89,2,1,0,1,1,1,4,1,0,0,1,0,0,0,0,0,0,0,0,0,0,0,0,0,0,4,1,0,false
/Users/thiago/Documents/Thiago/CodeToAnalyze/retrofit/retrofit-converters/protobuf/src/test/java/retrofit2/converter/protobuf/FallbackParserFinderTest.java,retrofit2.converter.protobuf.FallbackParserFinderTest,converterFactoryFallsBackToParserField/0,false,31,7,5,0,5,1,6,6,0,3,0,6,0,0,0,0,0,0,1,1,3,0,0,0,0,0,15,1,0,false
/Users/thiago/Documents/Thiago/CodeToAnalyze/retrofit/retrofit-adapters/rxjava3/src/test/java/retrofit2/adapter/rxjava3/CompletableWithSchedulerTest.java,retrofit2.adapter.rxjava3.CompletableWithSchedulerTest,completableUsesScheduler/0,false,54,5,4,0,4,1,7,8,0,1,0,7,0,0,0,0,0,0,0,0,1,0,0,0,0,0,9,1,0,false
/Users/thiago/Documents/Thiago/CodeToAnalyze/retrofit/retrofit-adapters/rxjava3/src/test/java/retrofit2/adapter/rxjava3/CompletableWithSchedulerTest.java,retrofit2.adapter.rxjava3.CompletableWithSchedulerTest,setUp/0,false,44,5,4,0,4,1,6,4,0,1,0,6,0,0,0,0,0,0,1,0,2,0,0,0,0,0,6,1,0,false
/Users/thiago/Documents/Thiago/CodeToAnalyze/retrofit/retrofit-adapters/java8/src/main/java/retrofit2/adapter/java8/Java8CallAdapterFactory.java,retrofit2.adapter.java8.Java8CallAdapterFactory$BodyCallAdapter,responseType/0,false,95,0,0,0,0,1,0,3,1,0,0,0,0,0,0,0,0,0,0,0,0,0,0,0,0,0,2,1,0,false
/Users/thiago/Documents/Thiago/CodeToAnalyze/retrofit/retrofit-adapters/java8/src/main/java/retrofit2/adapter/java8/Java8CallAdapterFactory.java,retrofit2.adapter.java8.Java8CallAdapterFactory$BodyCallAdapter,adapt/1[retrofit2.Call<R>],false,100,3,2,0,2,1,1,26,1,1,1,1,0,0,0,0,0,0,0,0,1,0,0,2,0,0,16,1,0,false
/Users/thiago/Documents/Thiago/CodeToAnalyze/retrofit/retrofit-adapters/java8/src/main/java/retrofit2/adapter/java8/Java8CallAdapterFactory.java,retrofit2.adapter.java8.Java8CallAdapterFactory$BodyCallAdapter,BodyCallAdapter/1[java.lang.reflect.Type],true,90,0,0,0,0,1,0,3,0,0,1,0,0,0,0,0,0,0,0,0,1,0,0,0,0,0,5,0,0,false
/Users/thiago/Documents/Thiago/CodeToAnalyze/retrofit/retrofit-converters/moshi/src/test/java/retrofit2/converter/moshi/MoshiConverterFactoryTest.java,retrofit2.converter.moshi.MoshiConverterFactoryTest$AnInterface,getName/0,false,66,0,2,2,0,1,0,1,0,0,0,0,0,0,0,0,0,0,0,0,0,0,0,0,0,0,2,0,0,false
/Users/thiago/Documents/Thiago/CodeToAnalyze/retrofit/retrofit/java-test/src/test/java/retrofit2/RequestFactoryTest.java,retrofit2.RequestFactoryTest$69Example,"method/2[java.lang.String,java.lang.String]",false,1367,5,0,0,0,1,0,3,1,0,2,0,0,0,0,0,0,0,3,0,0,0,0,0,0,0,6,0,0,false
/Users/thiago/Documents/Thiago/CodeToAnalyze/retrofit/retrofit/java-test/src/test/java/retrofit2/RequestFactoryTest.java,retrofit2.RequestFactoryTest$58Example,method/1[java.lang.String],false,1181,4,0,0,0,1,0,3,1,0,1,0,0,0,0,0,0,0,2,0,0,0,0,0,0,0,5,0,0,false
/Users/thiago/Documents/Thiago/CodeToAnalyze/retrofit/retrofit/java-test/src/test/java/retrofit2/RequestFactoryTest.java,retrofit2.RequestFactoryTest$50Example,method/1[java.lang.String],false,1027,4,0,0,0,1,0,3,1,0,1,0,0,0,0,0,0,0,2,0,0,0,0,0,0,0,5,0,0,false
/Users/thiago/Documents/Thiago/CodeToAnalyze/retrofit/retrofit-adapters/rxjava/src/test/java/retrofit2/adapter/rxjava/CancelDisposeTest.java,retrofit2.adapter.rxjava.CancelDisposeTest,setUp/0,false,46,6,5,0,5,1,8,4,0,1,0,8,0,0,0,0,0,0,1,0,2,0,0,0,0,0,9,1,0,false
/Users/thiago/Documents/Thiago/CodeToAnalyze/retrofit/retrofit-adapters/rxjava/src/test/java/retrofit2/adapter/rxjava/CancelDisposeTest.java,retrofit2.adapter.rxjava.CancelDisposeTest,cancelDoesNotDispose/0,false,67,4,1,0,1,1,10,7,0,2,0,10,0,0,0,0,0,0,0,2,2,0,0,0,0,0,10,1,0,false
/Users/thiago/Documents/Thiago/CodeToAnalyze/retrofit/retrofit-adapters/rxjava/src/test/java/retrofit2/adapter/rxjava/CancelDisposeTest.java,retrofit2.adapter.rxjava.CancelDisposeTest,disposeCancelsCall/0,false,58,4,1,0,1,1,10,7,0,2,0,10,0,0,0,0,0,0,0,2,2,0,0,0,0,0,9,1,0,false
/Users/thiago/Documents/Thiago/CodeToAnalyze/retrofit/retrofit/java-test/src/test/java/retrofit2/RequestFactoryTest.java,retrofit2.RequestFactoryTest$47Example,method/1[retrofit2.RequestBody],false,981,5,0,0,0,1,0,3,1,0,1,0,0,0,0,0,0,0,1,0,0,0,0,0,0,0,7,0,0,false
/Users/thiago/Documents/Thiago/CodeToAnalyze/retrofit/retrofit/java-test/src/test/java/retrofit2/RequestFactoryTest.java,retrofit2.RequestFactoryTest$80Example,method/1[int[]],false,1547,5,0,0,0,1,0,3,1,0,1,0,0,0,0,0,0,0,1,0,0,0,0,0,0,0,5,0,0,false
/Users/thiago/Documents/Thiago/CodeToAnalyze/retrofit/retrofit/src/main/java/retrofit2/CallAdapter.java,retrofit2.CallAdapter$Factory,"get/3[java.lang.reflect.Type,java.lang.annotation.Annotation[],retrofit2.Retrofit]",false,64,3,37,37,0,1,0,1,0,0,3,0,0,0,0,0,0,0,0,0,0,0,0,0,0,0,17,1025,0,true
/Users/thiago/Documents/Thiago/CodeToAnalyze/retrofit/retrofit/src/main/java/retrofit2/CallAdapter.java,retrofit2.CallAdapter$Factory,"getParameterUpperBound/2[int,java.lang.reflect.ParameterizedType]",false,75,1,12,11,1,1,1,3,1,0,2,1,0,0,0,0,0,0,0,0,0,0,0,0,0,0,19,12,0,true
/Users/thiago/Documents/Thiago/CodeToAnalyze/retrofit/retrofit/src/main/java/retrofit2/CallAdapter.java,retrofit2.CallAdapter$Factory,getRawType/1[java.lang.reflect.Type],false,83,1,14,13,1,1,1,3,1,0,1,1,0,0,0,0,0,0,0,0,0,0,0,0,0,0,12,12,0,true
/Users/thiago/Documents/Thiago/CodeToAnalyze/retrofit/retrofit-adapters/rxjava2/src/test/java/retrofit2/adapter/rxjava2/AsyncTest.java,retrofit2.adapter.rxjava2.AsyncTest$Anonymous3,onError/1[java.lang.Throwable],false,190,0,0,0,0,1,0,3,0,0,1,0,0,0,0,0,0,0,0,0,0,0,0,0,0,0,5,1,0,false
/Users/thiago/Documents/Thiago/CodeToAnalyze/retrofit/retrofit-adapters/rxjava2/src/test/java/retrofit2/adapter/rxjava2/AsyncTest.java,retrofit2.adapter.rxjava2.AsyncTest$Anonymous2,onError/1[java.lang.Throwable],false,165,0,0,0,0,1,1,4,0,0,1,1,0,0,0,0,0,0,0,0,0,0,0,0,0,0,5,1,0,false
/Users/thiago/Documents/Thiago/CodeToAnalyze/retrofit/retrofit-adapters/rxjava2/src/test/java/retrofit2/adapter/rxjava2/AsyncTest.java,retrofit2.adapter.rxjava2.AsyncTest$Anonymous1,onComplete/0,false,131,0,0,0,0,1,0,3,0,0,0,0,0,0,0,0,0,0,0,0,0,0,0,0,0,0,3,1,0,false
/Users/thiago/Documents/Thiago/CodeToAnalyze/retrofit/retrofit/java-test/src/test/java/retrofit2/RequestFactoryTest.java,retrofit2.RequestFactoryTest$136Example,"method/2[int[],java.lang.String]",false,2731,6,0,0,0,1,0,3,1,0,2,0,0,0,0,0,0,0,3,0,0,0,0,0,0,0,3,0,0,false
/Users/thiago/Documents/Thiago/CodeToAnalyze/retrofit/retrofit-adapters/rxjava/src/test/java/retrofit2/adapter/rxjava/CompletableThrowingSafeSubscriberTest.java,retrofit2.adapter.rxjava.CompletableThrowingSafeSubscriberTest$Anonymous2,onCompleted/0,false,86,0,0,0,0,1,0,3,0,0,0,0,0,0,0,0,0,0,0,0,0,0,0,0,0,0,3,1,0,false
/Users/thiago/Documents/Thiago/CodeToAnalyze/retrofit/retrofit-adapters/rxjava/src/test/java/retrofit2/adapter/rxjava/CompletableThrowingSafeSubscriberTest.java,retrofit2.adapter.rxjava.CompletableThrowingSafeSubscriberTest$Anonymous3,handleError/1[java.lang.Throwable],false,103,1,0,0,0,3,2,7,0,0,1,2,0,0,0,0,0,0,0,0,0,0,2,0,0,0,7,1,0,false
/Users/thiago/Documents/Thiago/CodeToAnalyze/retrofit/retrofit-adapters/rxjava/src/test/java/retrofit2/adapter/rxjava/CompletableThrowingSafeSubscriberTest.java,retrofit2.adapter.rxjava.CompletableThrowingSafeSubscriberTest$Anonymous4,onError/1[java.lang.Throwable],false,120,0,0,0,0,1,1,4,0,0,1,1,0,0,0,0,0,0,0,0,0,0,0,0,0,0,5,1,0,false
/Users/thiago/Documents/Thiago/CodeToAnalyze/retrofit/retrofit-converters/protobuf/src/test/java/retrofit2/converter/protobuf/ProtoConverterFactoryTest.java,retrofit2.converter.protobuf.ProtoConverterFactoryTest$ServiceWithRegistry,get/0,false,69,3,1,1,0,1,0,1,0,0,0,0,0,0,0,0,0,0,1,0,0,0,0,0,0,0,1,0,0,false
/Users/thiago/Documents/Thiago/CodeToAnalyze/retrofit/retrofit-adapters/rxjava3/src/test/java/retrofit2/adapter/rxjava3/RecordingObserver.java,retrofit2.adapter.rxjava3.RecordingObserver$Rule,"apply/2[retrofit2.adapter.rxjava3.Statement,retrofit2.adapter.rxjava3.Description]",false,129,3,0,0,0,1,0,11,1,0,2,0,0,0,0,0,0,0,0,0,0,0,0,1,0,0,7,1,0,false
/Users/thiago/Documents/Thiago/CodeToAnalyze/retrofit/retrofit-adapters/rxjava3/src/test/java/retrofit2/adapter/rxjava3/RecordingObserver.java,retrofit2.adapter.rxjava3.RecordingObserver$Rule,create/0,false,122,2,23,22,1,1,1,5,1,1,0,1,0,0,0,0,0,0,0,0,1,0,0,0,0,0,2,1,0,false
/Users/thiago/Documents/Thiago/CodeToAnalyze/retrofit/retrofit-adapters/rxjava/src/test/java/retrofit2/adapter/rxjava/CompletableThrowingSafeSubscriberTest.java,retrofit2.adapter.rxjava.CompletableThrowingSafeSubscriberTest$Anonymous1,handleError/1[java.lang.Throwable],false,70,1,0,0,0,3,2,7,0,0,1,2,0,0,0,0,0,0,0,0,0,0,2,0,0,0,8,1,0,false
/Users/thiago/Documents/Thiago/CodeToAnalyze/retrofit/retrofit-adapters/rxjava/src/test/java/retrofit2/adapter/rxjava/SingleThrowingTest.java,retrofit2.adapter.rxjava.SingleThrowingTest$Service,body/0,false,46,2,2,2,0,1,0,1,0,0,0,0,0,0,0,0,0,0,1,0,0,0,0,0,0,0,1,0,0,false
/Users/thiago/Documents/Thiago/CodeToAnalyze/retrofit/retrofit-adapters/rxjava/src/test/java/retrofit2/adapter/rxjava/SingleThrowingTest.java,retrofit2.adapter.rxjava.SingleThrowingTest$Service,result/0,false,52,3,2,2,0,1,0,1,0,0,0,0,0,0,0,0,0,0,1,0,0,0,0,0,0,0,1,0,0,false
/Users/thiago/Documents/Thiago/CodeToAnalyze/retrofit/retrofit-adapters/rxjava/src/test/java/retrofit2/adapter/rxjava/SingleThrowingTest.java,retrofit2.adapter.rxjava.SingleThrowingTest$Service,response/0,false,49,3,2,2,0,1,0,1,0,0,0,0,0,0,0,0,0,0,1,0,0,0,0,0,0,0,1,0,0,false
/Users/thiago/Documents/Thiago/CodeToAnalyze/retrofit/retrofit-converters/java8/src/test/java/retrofit/converter/java8/Java8OptionalConverterFactoryTest.java,retrofit.converter.java8.Java8OptionalConverterFactoryTest$Anonymous1,"responseBodyConverter/3[java.lang.reflect.Type,java.lang.annotation.Annotation[],retrofit2.Retrofit]",false,88,5,4,0,4,2,1,6,2,1,3,1,0,0,0,1,0,0,0,0,0,0,1,0,0,1,11,1,0,false
/Users/thiago/Documents/Thiago/CodeToAnalyze/retrofit/retrofit/src/main/java/retrofit2/Retrofit.java,retrofit2.Retrofit$Anonymous1,"invoke/3[java.lang.Object,java.lang.reflect.Method,java.lang.Object[]]",false,168,4,4,0,4,4,6,8,2,1,3,6,0,0,0,2,0,0,0,0,2,0,1,0,0,0,13,1,0,false
/Users/thiago/Documents/Thiago/CodeToAnalyze/retrofit/retrofit-converters/gson/src/test/java/retrofit2/converter/gson/GsonConverterFactoryTest.java,retrofit2.converter.gson.GsonConverterFactoryTest$ErroringValue,ErroringValue/1[java.lang.String],true,88,0,2,2,0,1,0,3,0,0,1,0,0,0,0,0,0,0,0,0,1,0,0,0,0,0,4,0,0,false
/Users/thiago/Documents/Thiago/CodeToAnalyze/retrofit/retrofit-adapters/rxjava3/src/main/java/retrofit2/adapter/rxjava3/CallEnqueueObservable.java,retrofit2.adapter.rxjava3.CallEnqueueObservable,subscribeActual/1[retrofit2.adapter.rxjava3.Observer<? super retrofit2.Response<T>>],false,36,5,3,0,3,2,4,8,0,2,1,4,0,0,0,0,0,0,0,0,2,0,1,0,0,0,5,4,0,false
/Users/thiago/Documents/Thiago/CodeToAnalyze/retrofit/retrofit-adapters/rxjava3/src/main/java/retrofit2/adapter/rxjava3/CallEnqueueObservable.java,retrofit2.adapter.rxjava3.CallEnqueueObservable,CallEnqueueObservable/1[retrofit2.Call<T>],true,31,2,0,0,0,1,0,3,0,0,1,0,0,0,0,0,0,0,0,0,1,0,0,0,0,0,4,0,0,false
/Users/thiago/Documents/Thiago/CodeToAnalyze/retrofit/retrofit/java-test/src/test/java/retrofit2/RequestFactoryTest.java,retrofit2.RequestFactoryTest$130Example,method/1[retrofit2.RequestBody],false,2642,6,0,0,0,1,0,3,1,0,1,0,0,0,0,0,0,0,2,0,0,0,0,0,0,0,7,0,0,false
/Users/thiago/Documents/Thiago/CodeToAnalyze/retrofit/retrofit-adapters/rxjava3/src/test/java/retrofit2/adapter/rxjava3/FlowableWithSchedulerTest.java,retrofit2.adapter.rxjava3.FlowableWithSchedulerTest$Service,result/0,false,40,3,1,1,0,1,0,1,0,0,0,0,0,0,0,0,0,0,1,0,0,0,0,0,0,0,1,0,0,false
/Users/thiago/Documents/Thiago/CodeToAnalyze/retrofit/retrofit-adapters/rxjava3/src/test/java/retrofit2/adapter/rxjava3/FlowableWithSchedulerTest.java,retrofit2.adapter.rxjava3.FlowableWithSchedulerTest$Service,body/0,false,34,2,1,1,0,1,0,1,0,0,0,0,0,0,0,0,0,0,1,0,0,0,0,0,0,0,1,0,0,false
/Users/thiago/Documents/Thiago/CodeToAnalyze/retrofit/retrofit-adapters/rxjava3/src/test/java/retrofit2/adapter/rxjava3/FlowableWithSchedulerTest.java,retrofit2.adapter.rxjava3.FlowableWithSchedulerTest$Service,response/0,false,37,3,1,1,0,1,0,1,0,0,0,0,0,0,0,0,0,0,1,0,0,0,0,0,0,0,1,0,0,false
/Users/thiago/Documents/Thiago/CodeToAnalyze/retrofit/retrofit-converters/wire/src/test/java/retrofit2/converter/wire/Phone.java,retrofit2.converter.wire.Phone$ProtoAdapter_Phone,ProtoAdapter_Phone/0,true,85,1,0,0,0,1,0,3,0,0,0,0,0,0,0,0,0,0,0,0,0,0,0,0,0,0,4,0,0,false
/Users/thiago/Documents/Thiago/CodeToAnalyze/retrofit/retrofit-converters/wire/src/test/java/retrofit2/converter/wire/Phone.java,retrofit2.converter.wire.Phone$ProtoAdapter_Phone,redact/1[retrofit2.converter.wire.Phone],false,123,2,2,0,2,1,3,5,1,1,1,3,0,0,0,0,0,0,0,0,1,0,0,0,0,0,5,1,0,false
/Users/thiago/Documents/Thiago/CodeToAnalyze/retrofit/retrofit-converters/wire/src/test/java/retrofit2/converter/wire/Phone.java,retrofit2.converter.wire.Phone$ProtoAdapter_Phone,encodedSize/1[retrofit2.converter.wire.Phone],false,90,1,0,0,0,2,3,3,1,0,1,3,0,0,0,1,0,1,0,2,0,1,0,0,0,0,5,1,0,false
/Users/thiago/Documents/Thiago/CodeToAnalyze/retrofit/retrofit-converters/wire/src/test/java/retrofit2/converter/wire/Phone.java,retrofit2.converter.wire.Phone$ProtoAdapter_Phone,decode/1[retrofit2.converter.wire.ProtoReader],false,102,4,3,0,3,3,9,19,1,5,1,9,0,0,1,1,0,1,0,2,5,0,2,0,0,0,17,1,0,false
/Users/thiago/Documents/Thiago/CodeToAnalyze/retrofit/retrofit-converters/wire/src/test/java/retrofit2/converter/wire/Phone.java,retrofit2.converter.wire.Phone$ProtoAdapter_Phone,"encode/2[retrofit2.converter.wire.ProtoWriter,retrofit2.converter.wire.Phone]",false,96,2,0,0,0,2,3,4,0,0,2,3,0,0,0,1,0,0,0,1,0,0,1,0,0,0,8,1,0,false
/Users/thiago/Documents/Thiago/CodeToAnalyze/retrofit/retrofit/java-test/src/test/java/retrofit2/RequestFactoryTest.java,retrofit2.RequestFactoryTest$141Example,"method/1[java.util.Map<java.lang.String,java.lang.Object>]",false,2827,5,0,0,0,1,0,3,1,0,1,0,0,0,0,0,0,0,1,0,0,0,0,0,0,0,3,0,0,false
/Users/thiago/Documents/Thiago/CodeToAnalyze/retrofit/samples/src/main/java/com/example/retrofit/Crawler.java,com.example.retrofit.Crawler$PageAdapter,convert/1[com.example.retrofit.ResponseBody],false,149,3,1,0,1,2,7,8,1,2,1,7,0,0,1,0,0,0,2,0,2,0,1,0,0,0,13,1,0,false
/Users/thiago/Documents/Thiago/CodeToAnalyze/retrofit/retrofit-adapters/rxjava3/src/test/java/retrofit2/adapter/rxjava3/MaybeWithSchedulerTest.java,retrofit2.adapter.rxjava3.MaybeWithSchedulerTest$Service,result/0,false,40,3,1,1,0,1,0,1,0,0,0,0,0,0,0,0,0,0,1,0,0,0,0,0,0,0,1,0,0,false
/Users/thiago/Documents/Thiago/CodeToAnalyze/retrofit/retrofit-adapters/rxjava3/src/test/java/retrofit2/adapter/rxjava3/MaybeWithSchedulerTest.java,retrofit2.adapter.rxjava3.MaybeWithSchedulerTest$Service,body/0,false,34,2,1,1,0,1,0,1,0,0,0,0,0,0,0,0,0,0,1,0,0,0,0,0,0,0,1,0,0,false
/Users/thiago/Documents/Thiago/CodeToAnalyze/retrofit/retrofit-adapters/rxjava3/src/test/java/retrofit2/adapter/rxjava3/MaybeWithSchedulerTest.java,retrofit2.adapter.rxjava3.MaybeWithSchedulerTest$Service,response/0,false,37,3,1,1,0,1,0,1,0,0,0,0,0,0,0,0,0,0,1,0,0,0,0,0,0,0,1,0,0,false
/Users/thiago/Documents/Thiago/CodeToAnalyze/retrofit/retrofit/java-test/src/test/java/retrofit2/RequestFactoryTest.java,retrofit2.RequestFactoryTest$56Example,method/1[java.lang.String],false,1130,4,0,0,0,1,0,3,1,0,1,0,0,0,0,0,0,0,2,0,0,0,0,0,0,0,7,0,0,false
/Users/thiago/Documents/Thiago/CodeToAnalyze/retrofit/retrofit/src/main/java/retrofit2/BuiltInFactories.java,retrofit2.BuiltInFactories$Java8,createDefaultConverterFactories/0,false,48,1,1,0,1,1,1,3,1,0,0,1,0,0,0,0,0,0,0,0,0,0,0,0,0,0,8,0,0,false
/Users/thiago/Documents/Thiago/CodeToAnalyze/retrofit/retrofit/src/main/java/retrofit2/BuiltInFactories.java,retrofit2.BuiltInFactories$Java8,createDefaultCallAdapterFactories/1[java.util.concurrent.Executor],false,41,3,2,0,2,1,1,3,1,0,1,1,0,0,0,0,0,0,0,0,0,0,0,0,0,0,12,0,0,false
/Users/thiago/Documents/Thiago/CodeToAnalyze/retrofit/retrofit/java-test/src/test/java/retrofit2/RequestFactoryTest.java,retrofit2.RequestFactoryTest$147Example,method/1[java.math.BigInteger],false,2956,4,0,0,0,1,0,3,1,0,1,0,0,0,0,0,0,0,2,0,0,0,0,0,0,0,7,0,0,false
/Users/thiago/Documents/Thiago/CodeToAnalyze/retrofit/retrofit/java-test/src/test/java/retrofit2/RetrofitTest.java,retrofit2.RetrofitTest$5MyConverterFactory,"stringConverter/3[java.lang.reflect.Type,java.lang.annotation.Annotation[],retrofit2.Retrofit]",false,603,3,0,0,0,1,1,4,1,0,3,1,0,0,0,0,0,0,0,0,0,0,0,0,0,0,6,1,0,false
/Users/thiago/Documents/Thiago/CodeToAnalyze/retrofit/retrofit/java-test/src/test/java/retrofit2/RequestFactoryTest.java,retrofit2.RequestFactoryTest$125Example,"method/1[java.util.Map<java.lang.String,retrofit2.RequestBody>]",false,2521,6,0,0,0,1,0,3,1,0,1,0,0,0,0,0,0,0,1,0,0,0,0,0,0,0,5,0,0,false
/Users/thiago/Documents/Thiago/CodeToAnalyze/retrofit/retrofit/src/main/java/retrofit2/DefaultCallAdapterFactory.java,retrofit2.DefaultCallAdapterFactory$Anonymous1,adapt/1[retrofit2.Call<java.lang.Object>],false,59,2,1,0,1,2,0,3,1,0,1,0,0,0,0,1,0,0,0,0,0,0,0,0,0,0,4,1,0,false
/Users/thiago/Documents/Thiago/CodeToAnalyze/retrofit/retrofit/src/main/java/retrofit2/DefaultCallAdapterFactory.java,retrofit2.DefaultCallAdapterFactory$Anonymous1,responseType/0,false,54,0,1,0,1,1,0,3,1,0,0,0,0,0,0,0,0,0,0,0,0,0,0,0,0,0,2,1,0,false
/Users/thiago/Documents/Thiago/CodeToAnalyze/retrofit/retrofit/java-test/src/test/java/retrofit2/RequestFactoryTest.java,retrofit2.RequestFactoryTest$108Example,method/1[retrofit2.RequestBody],false,2079,6,0,0,0,1,0,3,1,0,1,0,0,0,0,0,0,0,1,0,0,0,0,0,0,0,7,0,0,false
/Users/thiago/Documents/Thiago/CodeToAnalyze/retrofit/samples/src/main/java/com/example/retrofit/ErrorHandlingAdapter.java,com.example.retrofit.ErrorHandlingAdapter$ErrorHandlingCallAdapterFactory$ErrorHandlingCallAdapter,responseType/0,false,95,0,0,0,0,1,0,3,1,0,0,0,0,0,0,0,0,0,0,0,0,0,0,0,0,0,2,1,0,false
/Users/thiago/Documents/Thiago/CodeToAnalyze/retrofit/samples/src/main/java/com/example/retrofit/ErrorHandlingAdapter.java,com.example.retrofit.ErrorHandlingAdapter$ErrorHandlingCallAdapterFactory$ErrorHandlingCallAdapter,adapt/1[retrofit2.Call<R>],false,100,4,1,0,1,1,0,3,1,0,1,0,0,0,0,0,0,0,0,0,0,0,0,0,0,0,2,1,0,false
/Users/thiago/Documents/Thiago/CodeToAnalyze/retrofit/samples/src/main/java/com/example/retrofit/ErrorHandlingAdapter.java,com.example.retrofit.ErrorHandlingAdapter$ErrorHandlingCallAdapterFactory$ErrorHandlingCallAdapter,"ErrorHandlingCallAdapter/2[java.lang.reflect.Type,java.util.concurrent.Executor]",true,89,0,0,0,0,1,0,4,0,0,2,0,0,0,0,0,0,0,0,0,2,0,0,0,0,0,8,0,0,false
/Users/thiago/Documents/Thiago/CodeToAnalyze/retrofit/retrofit-converters/guava/src/test/java/retrofit/converter/guava/GuavaOptionalConverterFactoryTest.java,retrofit.converter.guava.GuavaOptionalConverterFactoryTest,setUp/0,false,50,6,5,0,5,1,6,4,0,1,0,6,0,0,0,0,0,0,1,0,2,0,0,0,0,0,9,1,0,false
/Users/thiago/Documents/Thiago/CodeToAnalyze/retrofit/retrofit-converters/guava/src/test/java/retrofit/converter/guava/GuavaOptionalConverterFactoryTest.java,retrofit.converter.guava.GuavaOptionalConverterFactoryTest,delegates/0,false,78,8,6,0,6,1,14,17,0,4,0,14,0,0,0,0,0,0,1,0,4,0,0,1,0,0,24,1,0,false
/Users/thiago/Documents/Thiago/CodeToAnalyze/retrofit/retrofit-converters/guava/src/test/java/retrofit/converter/guava/GuavaOptionalConverterFactoryTest.java,retrofit.converter.guava.GuavaOptionalConverterFactoryTest,optional/0,false,61,4,1,0,1,1,8,6,0,1,0,8,0,0,0,0,0,0,0,0,1,0,0,0,0,0,8,1,0,false
/Users/thiago/Documents/Thiago/CodeToAnalyze/retrofit/retrofit-converters/guava/src/test/java/retrofit/converter/guava/GuavaOptionalConverterFactoryTest.java,retrofit.converter.guava.GuavaOptionalConverterFactoryTest,onlyMatchesOptional/0,false,70,5,3,0,3,1,6,5,0,1,0,6,0,0,0,0,0,0,0,0,1,0,0,0,0,0,12,1,0,false
/Users/thiago/Documents/Thiago/CodeToAnalyze/retrofit/retrofit/src/main/java/retrofit2/OkHttpCall.java,retrofit2.OkHttpCall$NoContentResponseBody,contentLength/0,false,294,0,0,0,0,1,0,3,1,0,0,0,0,0,0,0,0,0,0,0,0,0,0,0,0,0,2,1,0,false
/Users/thiago/Documents/Thiago/CodeToAnalyze/retrofit/retrofit/src/main/java/retrofit2/OkHttpCall.java,retrofit2.OkHttpCall$NoContentResponseBody,source/0,false,299,1,0,0,0,1,0,3,0,0,0,0,0,0,0,0,0,0,1,0,0,0,0,0,0,0,13,1,0,false
/Users/thiago/Documents/Thiago/CodeToAnalyze/retrofit/retrofit/src/main/java/retrofit2/OkHttpCall.java,retrofit2.OkHttpCall$NoContentResponseBody,"NoContentResponseBody/2[retrofit2.MediaType,long]",true,283,2,2,2,0,1,0,4,0,0,2,0,0,0,0,0,0,0,0,0,2,0,0,0,0,0,8,0,0,false
/Users/thiago/Documents/Thiago/CodeToAnalyze/retrofit/retrofit/src/main/java/retrofit2/OkHttpCall.java,retrofit2.OkHttpCall$NoContentResponseBody,contentType/0,false,289,1,0,0,0,1,0,3,1,0,0,0,0,0,0,0,0,0,0,0,0,0,0,0,0,0,3,1,0,false
/Users/thiago/Documents/Thiago/CodeToAnalyze/retrofit/retrofit-adapters/rxjava3/src/test/java/retrofit2/adapter/rxjava3/SingleThrowingTest.java,retrofit2.adapter.rxjava3.SingleThrowingTest$Anonymous4,onError/1[java.lang.Throwable],false,177,0,0,0,0,2,2,6,0,0,1,2,0,0,0,0,0,0,0,0,0,0,1,0,0,0,5,1,0,false
/Users/thiago/Documents/Thiago/CodeToAnalyze/retrofit/retrofit-adapters/rxjava3/src/test/java/retrofit2/adapter/rxjava3/RxJavaPluginsResetRule.java,retrofit2.adapter.rxjava3.RxJavaPluginsResetRule,"apply/2[retrofit2.adapter.rxjava3.Statement,retrofit2.adapter.rxjava3.Description]",false,25,3,0,0,0,1,0,14,1,0,2,0,0,0,0,0,0,0,0,0,0,0,0,1,0,0,5,1,0,false
/Users/thiago/Documents/Thiago/CodeToAnalyze/retrofit/retrofit-adapters/rxjava3/src/test/java/retrofit2/adapter/rxjava3/SingleThrowingTest.java,retrofit2.adapter.rxjava3.SingleThrowingTest$Anonymous5,onSuccess/1[retrofit2.adapter.rxjava3.Result<java.lang.String>],false,209,1,0,0,0,1,0,3,0,0,1,0,0,0,0,0,0,0,0,0,0,0,0,0,0,0,4,1,0,false
/Users/thiago/Documents/Thiago/CodeToAnalyze/retrofit/retrofit-adapters/rxjava3/src/test/java/retrofit2/adapter/rxjava3/FlowableTest.java,retrofit2.adapter.rxjava3.FlowableTest,bodySuccess404/0,false,70,6,3,0,3,1,6,6,0,1,0,6,0,0,0,0,0,0,1,1,1,0,0,0,0,0,6,1,0,false
/Users/thiago/Documents/Thiago/CodeToAnalyze/retrofit/retrofit-adapters/rxjava3/src/test/java/retrofit2/adapter/rxjava3/FlowableTest.java,retrofit2.adapter.rxjava3.FlowableTest,resultSuccess200/0,false,118,7,7,0,7,1,12,9,0,2,0,12,0,0,0,0,0,0,0,0,2,0,0,0,0,0,7,1,0,false
/Users/thiago/Documents/Thiago/CodeToAnalyze/retrofit/retrofit-adapters/rxjava3/src/test/java/retrofit2/adapter/rxjava3/FlowableTest.java,retrofit2.adapter.rxjava3.FlowableTest,responseSuccess404/0,false,99,6,5,0,5,1,10,7,0,1,0,10,0,0,0,0,0,0,0,1,1,0,0,0,0,0,7,1,0,false
/Users/thiago/Documents/Thiago/CodeToAnalyze/retrofit/retrofit-adapters/rxjava3/src/test/java/retrofit2/adapter/rxjava3/FlowableTest.java,retrofit2.adapter.rxjava3.FlowableTest,setUp/0,false,50,6,5,0,5,1,7,4,0,1,0,7,0,0,0,0,0,0,1,0,2,0,0,0,0,0,8,1,0,false
/Users/thiago/Documents/Thiago/CodeToAnalyze/retrofit/retrofit-adapters/rxjava3/src/test/java/retrofit2/adapter/rxjava3/FlowableTest.java,retrofit2.adapter.rxjava3.FlowableTest,resultSuccess404/0,false,130,7,7,0,7,1,12,9,0,2,0,12,0,0,0,0,0,0,0,1,2,0,0,0,0,0,7,1,0,false
/Users/thiago/Documents/Thiago/CodeToAnalyze/retrofit/retrofit-adapters/rxjava3/src/test/java/retrofit2/adapter/rxjava3/FlowableTest.java,retrofit2.adapter.rxjava3.FlowableTest,resultFailure/0,false,142,6,6,0,6,1,12,9,0,2,0,12,0,0,0,0,0,0,0,0,2,0,0,0,0,0,21,1,1,false
/Users/thiago/Documents/Thiago/CodeToAnalyze/retrofit/retrofit-adapters/rxjava3/src/test/java/retrofit2/adapter/rxjava3/FlowableTest.java,retrofit2.adapter.rxjava3.FlowableTest,bodyFailure/0,false,80,5,3,0,3,1,6,6,0,1,0,6,0,0,0,0,0,0,0,0,1,0,0,0,0,0,19,1,0,false
/Users/thiago/Documents/Thiago/CodeToAnalyze/retrofit/retrofit-adapters/rxjava3/src/test/java/retrofit2/adapter/rxjava3/FlowableTest.java,retrofit2.adapter.rxjava3.FlowableTest,responseSuccess200/0,false,89,6,5,0,5,1,9,7,0,1,0,9,0,0,0,0,0,0,0,0,1,0,0,0,0,0,7,1,0,false
/Users/thiago/Documents/Thiago/CodeToAnalyze/retrofit/retrofit-adapters/rxjava3/src/test/java/retrofit2/adapter/rxjava3/FlowableTest.java,retrofit2.adapter.rxjava3.FlowableTest,bodySuccess200/0,false,61,5,4,0,4,1,7,6,0,1,0,7,0,0,0,0,0,0,2,0,1,0,0,0,0,0,5,1,0,false
/Users/thiago/Documents/Thiago/CodeToAnalyze/retrofit/retrofit-adapters/rxjava3/src/test/java/retrofit2/adapter/rxjava3/FlowableTest.java,retrofit2.adapter.rxjava3.FlowableTest,subscribeTwice/0,false,154,6,4,0,4,1,7,11,0,3,0,7,0,0,0,0,0,0,4,0,3,0,0,0,0,0,7,1,0,false
/Users/thiago/Documents/Thiago/CodeToAnalyze/retrofit/retrofit-adapters/rxjava3/src/test/java/retrofit2/adapter/rxjava3/FlowableTest.java,retrofit2.adapter.rxjava3.FlowableTest,responseFailure/0,false,109,6,3,0,3,1,6,6,0,1,0,6,0,0,0,0,0,0,0,0,1,0,0,0,0,0,19,1,0,false
/Users/thiago/Documents/Thiago/CodeToAnalyze/retrofit/retrofit-converters/jackson/src/main/java/retrofit2/converter/jackson/JacksonRequestBodyConverter.java,retrofit2.converter.jackson.JacksonRequestBodyConverter,"JacksonRequestBodyConverter/3[retrofit2.converter.jackson.ObjectWriter,retrofit2.converter.jackson.MediaType,boolean]",true,29,2,0,0,0,1,0,5,0,0,3,0,0,0,0,0,0,0,0,0,3,0,0,0,0,0,10,0,0,false
/Users/thiago/Documents/Thiago/CodeToAnalyze/retrofit/retrofit-converters/jackson/src/main/java/retrofit2/converter/jackson/JacksonRequestBodyConverter.java,retrofit2.converter.jackson.JacksonRequestBodyConverter,convert/1[T],false,36,4,1,0,1,2,2,7,2,1,1,2,0,0,0,0,0,0,0,0,1,0,1,0,0,0,12,1,0,false
/Users/thiago/Documents/Thiago/CodeToAnalyze/retrofit/retrofit-adapters/rxjava3/src/test/java/retrofit2/adapter/rxjava3/SingleThrowingTest.java,retrofit2.adapter.rxjava3.SingleThrowingTest$Anonymous6,onError/1[java.lang.Throwable],false,244,0,0,0,0,1,0,3,0,0,1,0,0,0,0,0,0,0,0,0,0,0,0,0,0,0,5,1,0,false
/Users/thiago/Documents/Thiago/CodeToAnalyze/retrofit/retrofit-adapters/rxjava3/src/test/java/retrofit2/adapter/rxjava3/SingleThrowingTest.java,retrofit2.adapter.rxjava3.SingleThrowingTest$Anonymous6,onSuccess/1[retrofit2.adapter.rxjava3.Result<java.lang.String>],false,238,1,0,0,0,1,0,3,0,0,1,0,0,0,0,0,0,0,0,0,0,0,0,0,0,0,4,1,0,false
/Users/thiago/Documents/Thiago/CodeToAnalyze/retrofit/retrofit-adapters/rxjava3/src/test/java/retrofit2/adapter/rxjava3/SingleThrowingTest.java,retrofit2.adapter.rxjava3.SingleThrowingTest$Anonymous1,onSuccess/1[java.lang.String],false,89,0,0,0,0,1,0,3,0,0,1,0,0,0,0,0,0,0,0,0,0,0,0,0,0,0,4,1,0,false
/Users/thiago/Documents/Thiago/CodeToAnalyze/retrofit/retrofit-adapters/rxjava3/src/test/java/retrofit2/adapter/rxjava3/SingleThrowingTest.java,retrofit2.adapter.rxjava3.SingleThrowingTest$Anonymous2,onError/1[java.lang.Throwable],false,117,0,0,0,0,2,2,6,0,0,1,2,0,0,0,0,0,0,0,0,0,0,1,0,0,0,5,1,0,false
/Users/thiago/Documents/Thiago/CodeToAnalyze/retrofit/retrofit-converters/protobuf/src/main/java/retrofit2/converter/protobuf/ProtoRequestBodyConverter.java,retrofit2.converter.protobuf.ProtoRequestBodyConverter,ProtoRequestBodyConverter/1[boolean],true,28,0,0,0,0,1,0,3,0,0,1,0,0,0,0,0,0,0,0,0,1,0,0,0,0,0,5,0,0,false
/Users/thiago/Documents/Thiago/CodeToAnalyze/retrofit/retrofit-converters/protobuf/src/main/java/retrofit2/converter/protobuf/ProtoRequestBodyConverter.java,retrofit2.converter.protobuf.ProtoRequestBodyConverter,convert/1[T],false,33,4,1,0,1,2,2,7,2,1,1,2,0,0,0,0,0,0,0,0,1,0,1,0,0,0,9,1,0,false
/Users/thiago/Documents/Thiago/CodeToAnalyze/retrofit/retrofit-adapters/rxjava3/src/test/java/retrofit2/adapter/rxjava3/SingleThrowingTest.java,retrofit2.adapter.rxjava3.SingleThrowingTest$Anonymous3,onSuccess/1[retrofit2.Response<java.lang.String>],false,149,1,0,0,0,1,0,3,0,0,1,0,0,0,0,0,0,0,0,0,0,0,0,0,0,0,4,1,0,false
/Users/thiago/Documents/Thiago/CodeToAnalyze/retrofit/retrofit/android-test/src/androidTest/java/retrofit2/DefaultMethodsAndroidTest.java,retrofit2.DefaultMethodsAndroidTest$Example,user/0,false,38,2,3,2,1,1,1,3,1,0,0,1,1,1,0,0,0,0,1,0,0,0,0,0,0,0,1,65536,0,false
/Users/thiago/Documents/Thiago/CodeToAnalyze/retrofit/retrofit/android-test/src/androidTest/java/retrofit2/DefaultMethodsAndroidTest.java,retrofit2.DefaultMethodsAndroidTest$Example,user/1[java.lang.String],false,35,3,2,2,0,1,0,1,0,0,1,0,0,0,0,0,0,0,2,0,0,0,0,0,0,0,2,0,0,false
/Users/thiago/Documents/Thiago/CodeToAnalyze/retrofit/retrofit-converters/wire/src/test/java/retrofit2/converter/wire/CrashingPhone.java,retrofit2.converter.wire.CrashingPhone$Builder,Builder/0,true,72,0,2,2,0,1,0,2,0,0,0,0,0,0,0,0,0,0,0,0,0,0,0,0,0,0,1,1,0,false
/Users/thiago/Documents/Thiago/CodeToAnalyze/retrofit/retrofit-converters/wire/src/test/java/retrofit2/converter/wire/CrashingPhone.java,retrofit2.converter.wire.CrashingPhone$Builder,number/1[java.lang.String],false,74,1,1,1,0,1,0,4,1,0,1,0,0,0,0,0,0,0,0,0,1,0,0,0,0,0,2,1,0,false
/Users/thiago/Documents/Thiago/CodeToAnalyze/retrofit/retrofit-converters/wire/src/test/java/retrofit2/converter/wire/CrashingPhone.java,retrofit2.converter.wire.CrashingPhone$Builder,build/0,false,80,1,3,2,1,1,1,3,1,0,0,1,0,0,0,0,0,0,0,0,0,0,0,0,0,0,3,1,0,false
/Users/thiago/Documents/Thiago/CodeToAnalyze/retrofit/retrofit/java-test/src/test/java/retrofit2/RequestFactoryTest.java,retrofit2.RequestFactoryTest$34Example,"method/1[java.util.Map<java.lang.String,java.lang.String>]",false,725,4,0,0,0,1,0,3,1,0,1,0,0,0,0,0,0,0,1,0,0,0,0,0,0,0,3,0,0,false
/Users/thiago/Documents/Thiago/CodeToAnalyze/retrofit/retrofit/src/main/java/retrofit2/CallAdapter.java,retrofit2.CallAdapter,adapt/1[retrofit2.Call<R>],false,39,3,0,0,0,1,0,1,0,0,1,0,0,0,0,0,0,0,0,0,0,0,0,0,0,0,28,0,0,true
/Users/thiago/Documents/Thiago/CodeToAnalyze/retrofit/retrofit/src/main/java/retrofit2/CallAdapter.java,retrofit2.CallAdapter,responseType/0,false,29,0,0,0,0,1,0,1,0,0,0,0,0,0,0,0,0,0,0,0,0,0,0,0,0,0,32,0,0,true
/Users/thiago/Documents/Thiago/CodeToAnalyze/retrofit/retrofit/android-test/src/androidTest/java/retrofit2/DefaultMethodsAndroidTest.java,retrofit2.DefaultMethodsAndroidTest,doesNotFailOnApi26/0,false,63,8,7,0,7,1,14,10,0,2,0,14,0,0,0,0,0,0,6,1,2,0,0,0,0,0,22,1,0,false
/Users/thiago/Documents/Thiago/CodeToAnalyze/retrofit/retrofit/android-test/src/androidTest/java/retrofit2/DefaultMethodsAndroidTest.java,retrofit2.DefaultMethodsAndroidTest,failsOnApi24And25/0,false,45,6,5,0,5,2,10,11,0,2,0,10,0,0,0,0,1,0,2,2,2,0,1,0,0,0,30,1,0,false
/Users/thiago/Documents/Thiago/CodeToAnalyze/retrofit/retrofit-mock/src/main/java/retrofit2/mock/MockRetrofitIOException.java,retrofit2.mock.MockRetrofitIOException,MockRetrofitIOException/0,true,21,0,1,1,0,1,0,3,0,0,0,0,0,0,0,0,0,0,1,0,0,0,0,0,0,0,7,0,0,false
/Users/thiago/Documents/Thiago/CodeToAnalyze/retrofit/samples/src/main/java/com/example/retrofit/DynamicBaseUrl.java,com.example.retrofit.DynamicBaseUrl$HostSelectionInterceptor,intercept/1[com.example.retrofit.Chain],false,48,4,0,0,0,2,6,9,1,3,1,6,0,0,0,1,0,0,0,0,4,0,1,0,0,0,13,1,0,false
/Users/thiago/Documents/Thiago/CodeToAnalyze/retrofit/samples/src/main/java/com/example/retrofit/DynamicBaseUrl.java,com.example.retrofit.DynamicBaseUrl$HostSelectionInterceptor,setHost/1[java.lang.String],false,43,0,1,1,0,1,0,3,0,0,1,0,0,0,0,0,0,0,0,0,1,0,0,0,0,0,3,1,0,false
/Users/thiago/Documents/Thiago/CodeToAnalyze/retrofit/retrofit/android-test/src/androidTest/java/retrofit2/OptionalConverterFactoryAndroidTest.java,retrofit2.OptionalConverterFactoryAndroidTest$Service,object/0,false,37,2,1,1,0,1,0,1,0,0,0,0,0,0,0,0,0,0,1,0,0,0,0,0,0,0,1,0,0,false
/Users/thiago/Documents/Thiago/CodeToAnalyze/retrofit/retrofit/android-test/src/androidTest/java/retrofit2/OptionalConverterFactoryAndroidTest.java,retrofit2.OptionalConverterFactoryAndroidTest$Service,optional/0,false,34,2,1,1,0,1,0,1,0,0,0,0,0,0,0,0,0,0,1,0,0,0,0,0,0,0,1,0,0,false
/Users/thiago/Documents/Thiago/CodeToAnalyze/retrofit/retrofit/java-test/src/test/java/retrofit2/RequestFactoryTest.java,retrofit2.RequestFactoryTest$45Example,method/1[retrofit2.RequestBody],false,949,5,0,0,0,1,0,3,1,0,1,0,0,0,0,0,0,0,1,0,0,0,0,0,0,0,7,0,0,false
/Users/thiago/Documents/Thiago/CodeToAnalyze/retrofit/samples/src/main/java/com/example/retrofit/RxJavaObserveOnMainThread.java,com.example.retrofit.RxJavaObserveOnMainThread,main/1[java.lang.String[]],false,33,5,5,0,5,1,6,4,0,2,1,6,0,0,0,0,0,0,2,0,2,0,0,0,0,0,13,9,0,false
/Users/thiago/Documents/Thiago/CodeToAnalyze/retrofit/retrofit/java-test/src/test/java/retrofit2/RequestFactoryTest.java,retrofit2.RequestFactoryTest$157Example,method/0,false,3126,4,0,0,0,1,0,3,1,0,0,0,0,0,0,0,0,0,2,0,0,0,0,0,0,0,4,0,0,false
/Users/thiago/Documents/Thiago/CodeToAnalyze/retrofit/retrofit/java-test/src/test/java/retrofit2/RetrofitTest.java,retrofit2.RetrofitTest$1MyCallAdapterFactory,"get/3[java.lang.reflect.Type,java.lang.annotation.Annotation[],retrofit2.Retrofit]",false,385,6,3,0,3,2,2,16,2,0,3,2,0,0,0,1,0,0,0,0,0,0,1,1,0,0,14,1,0,false
/Users/thiago/Documents/Thiago/CodeToAnalyze/retrofit/retrofit/java-test/src/test/java/retrofit2/RequestFactoryTest.java,retrofit2.RequestFactoryTest$67Example,"method/2[java.lang.String,java.lang.String]",false,1325,5,0,0,0,1,0,3,0,0,2,0,0,0,0,0,0,0,2,0,0,0,0,0,0,0,6,0,0,false
/Users/thiago/Documents/Thiago/CodeToAnalyze/retrofit/retrofit/src/main/java/retrofit2/Reflection.java,retrofit2.Reflection,isDefaultMethod/1[java.lang.reflect.Method],false,26,0,2,2,0,1,0,3,1,0,1,0,0,0,0,0,0,0,0,0,0,0,0,0,0,0,5,0,0,false
/Users/thiago/Documents/Thiago/CodeToAnalyze/retrofit/retrofit/src/main/java/retrofit2/Reflection.java,retrofit2.Reflection,"describeMethodParameter/2[java.lang.reflect.Method,int]",false,37,0,3,3,0,1,0,3,1,0,2,0,0,0,0,0,0,1,1,1,0,2,0,0,0,0,4,0,0,false
/Users/thiago/Documents/Thiago/CodeToAnalyze/retrofit/retrofit/src/main/java/retrofit2/Reflection.java,retrofit2.Reflection,"invokeDefaultMethod/4[java.lang.reflect.Method,java.lang.Class<?>,java.lang.Object,java.lang.Object[]]",false,33,1,1,1,0,1,0,3,0,0,4,0,0,0,0,0,0,0,0,0,0,0,0,0,0,0,8,0,0,false
/Users/thiago/Documents/Thiago/CodeToAnalyze/retrofit/retrofit-adapters/rxjava2/src/test/java/retrofit2/adapter/rxjava2/MaybeTest.java,retrofit2.adapter.rxjava2.MaybeTest$Service,result/0,false,43,3,3,3,0,1,0,1,0,0,0,0,0,0,0,0,0,0,1,0,0,0,0,0,0,0,1,0,0,false
/Users/thiago/Documents/Thiago/CodeToAnalyze/retrofit/retrofit-adapters/rxjava2/src/test/java/retrofit2/adapter/rxjava2/MaybeTest.java,retrofit2.adapter.rxjava2.MaybeTest$Service,body/0,false,37,2,4,4,0,1,0,1,0,0,0,0,0,0,0,0,0,0,1,0,0,0,0,0,0,0,1,0,0,false
/Users/thiago/Documents/Thiago/CodeToAnalyze/retrofit/retrofit-adapters/rxjava2/src/test/java/retrofit2/adapter/rxjava2/MaybeTest.java,retrofit2.adapter.rxjava2.MaybeTest$Service,response/0,false,40,3,3,3,0,1,0,1,0,0,0,0,0,0,0,0,0,0,1,0,0,0,0,0,0,0,1,0,0,false
/Users/thiago/Documents/Thiago/CodeToAnalyze/retrofit/retrofit-adapters/rxjava3/src/test/java/retrofit2/adapter/rxjava3/SingleTest.java,retrofit2.adapter.rxjava3.SingleTest,bodySuccess404/0,false,70,6,3,0,3,1,6,6,0,1,0,6,0,0,0,0,0,0,1,1,1,0,0,0,0,0,6,1,0,false
/Users/thiago/Documents/Thiago/CodeToAnalyze/retrofit/retrofit-adapters/rxjava3/src/test/java/retrofit2/adapter/rxjava3/SingleTest.java,retrofit2.adapter.rxjava3.SingleTest,resultSuccess200/0,false,117,7,6,0,6,1,12,8,0,2,0,12,0,0,0,0,0,0,1,0,2,0,0,0,0,0,7,1,0,false
/Users/thiago/Documents/Thiago/CodeToAnalyze/retrofit/retrofit-adapters/rxjava3/src/test/java/retrofit2/adapter/rxjava3/SingleTest.java,retrofit2.adapter.rxjava3.SingleTest,responseSuccess404/0,false,99,6,4,0,4,1,9,6,0,1,0,9,0,0,0,0,0,0,0,1,1,0,0,0,0,0,7,1,0,false
/Users/thiago/Documents/Thiago/CodeToAnalyze/retrofit/retrofit-adapters/rxjava3/src/test/java/retrofit2/adapter/rxjava3/SingleTest.java,retrofit2.adapter.rxjava3.SingleTest,setUp/0,false,50,6,5,0,5,1,7,4,0,1,0,7,0,0,0,0,0,0,1,0,2,0,0,0,0,0,8,1,0,false
/Users/thiago/Documents/Thiago/CodeToAnalyze/retrofit/retrofit-adapters/rxjava3/src/test/java/retrofit2/adapter/rxjava3/SingleTest.java,retrofit2.adapter.rxjava3.SingleTest,bodyFailure/0,false,80,5,3,0,3,1,6,6,0,1,0,6,0,0,0,0,0,0,0,0,1,0,0,0,0,0,19,1,0,false
/Users/thiago/Documents/Thiago/CodeToAnalyze/retrofit/retrofit-adapters/rxjava3/src/test/java/retrofit2/adapter/rxjava3/SingleTest.java,retrofit2.adapter.rxjava3.SingleTest,responseSuccess200/0,false,89,6,4,0,4,1,9,7,0,2,0,9,0,0,0,0,0,0,1,0,2,0,0,0,0,0,7,1,0,false
/Users/thiago/Documents/Thiago/CodeToAnalyze/retrofit/retrofit-adapters/rxjava3/src/test/java/retrofit2/adapter/rxjava3/SingleTest.java,retrofit2.adapter.rxjava3.SingleTest,bodySuccess200/0,false,61,5,3,0,3,1,6,6,0,1,0,6,0,0,0,0,0,0,2,0,1,0,0,0,0,0,5,1,0,false
/Users/thiago/Documents/Thiago/CodeToAnalyze/retrofit/retrofit-adapters/rxjava3/src/test/java/retrofit2/adapter/rxjava3/SingleTest.java,retrofit2.adapter.rxjava3.SingleTest,resultSuccess404/0,false,128,7,6,0,6,1,11,8,0,2,0,11,0,0,0,0,0,0,0,1,2,0,0,0,0,0,7,1,0,false
/Users/thiago/Documents/Thiago/CodeToAnalyze/retrofit/retrofit-adapters/rxjava3/src/test/java/retrofit2/adapter/rxjava3/SingleTest.java,retrofit2.adapter.rxjava3.SingleTest,responseFailure/0,false,108,6,3,0,3,1,6,6,0,1,0,6,0,0,0,0,0,0,0,0,1,0,0,0,0,0,19,1,0,false
/Users/thiago/Documents/Thiago/CodeToAnalyze/retrofit/retrofit-adapters/rxjava3/src/test/java/retrofit2/adapter/rxjava3/SingleTest.java,retrofit2.adapter.rxjava3.SingleTest,resultFailure/0,false,139,6,5,0,5,1,11,8,0,2,0,11,0,0,0,0,0,0,0,0,2,0,0,0,0,0,21,1,1,false
/Users/thiago/Documents/Thiago/CodeToAnalyze/retrofit/retrofit-adapters/rxjava3/src/test/java/retrofit2/adapter/rxjava3/SingleTest.java,retrofit2.adapter.rxjava3.SingleTest,subscribeTwice/0,false,150,6,3,0,3,1,6,11,0,3,0,6,0,0,0,0,0,0,4,0,3,0,0,0,0,0,7,1,0,false
/Users/thiago/Documents/Thiago/CodeToAnalyze/retrofit/retrofit-adapters/rxjava2/src/test/java/retrofit2/adapter/rxjava2/RecordingSubscriber.java,retrofit2.adapter.rxjava2.RecordingSubscriber$Rule,create/0,false,138,3,23,22,1,1,1,3,1,0,0,1,1,1,0,0,0,0,0,0,0,0,0,0,0,0,4,1,0,false
/Users/thiago/Documents/Thiago/CodeToAnalyze/retrofit/retrofit-adapters/rxjava2/src/test/java/retrofit2/adapter/rxjava2/RecordingSubscriber.java,retrofit2.adapter.rxjava2.RecordingSubscriber$Rule,createWithInitialRequest/1[long],false,142,2,2,1,1,1,1,5,1,1,1,1,0,0,0,0,0,0,0,0,1,0,0,0,0,0,6,1,0,false
/Users/thiago/Documents/Thiago/CodeToAnalyze/retrofit/retrofit-adapters/rxjava2/src/test/java/retrofit2/adapter/rxjava2/RecordingSubscriber.java,retrofit2.adapter.rxjava2.RecordingSubscriber$Rule,"apply/2[retrofit2.adapter.rxjava2.Statement,retrofit2.adapter.rxjava2.Description]",false,149,3,0,0,0,1,0,11,1,0,2,0,0,0,0,0,0,0,0,0,0,0,0,1,0,0,7,1,0,false
/Users/thiago/Documents/Thiago/CodeToAnalyze/retrofit/retrofit/java-test/src/test/java/retrofit2/RequestFactoryTest.java,retrofit2.RequestFactoryTest$119Example,"method/2[java.lang.String,retrofit2.RequestBody]",false,2358,6,0,0,0,1,0,3,1,0,2,0,0,0,0,0,0,0,5,0,0,0,0,0,0,0,8,0,0,false
/Users/thiago/Documents/Thiago/CodeToAnalyze/retrofit/retrofit-converters/jackson/src/main/java/retrofit2/converter/jackson/JacksonResponseBodyConverter.java,retrofit2.converter.jackson.JacksonResponseBodyConverter,convert/1[retrofit2.converter.jackson.ResponseBody],false,31,2,0,0,0,1,3,8,1,0,1,3,0,0,0,0,1,0,0,0,0,0,1,0,0,0,8,1,0,false
/Users/thiago/Documents/Thiago/CodeToAnalyze/retrofit/retrofit-converters/jackson/src/main/java/retrofit2/converter/jackson/JacksonResponseBodyConverter.java,retrofit2.converter.jackson.JacksonResponseBodyConverter,JacksonResponseBodyConverter/1[retrofit2.converter.jackson.ObjectReader],true,26,1,0,0,0,1,0,3,0,0,1,0,0,0,0,0,0,0,0,0,1,0,0,0,0,0,7,0,0,false
/Users/thiago/Documents/Thiago/CodeToAnalyze/retrofit/retrofit-converters/jaxb3/src/test/java/retrofit2/converter/jaxb3/JaxbConverterFactoryTest.java,retrofit2.converter.jaxb3.JaxbConverterFactoryTest,setUp/0,false,63,5,4,0,4,1,6,5,0,2,0,6,0,0,0,0,0,0,1,0,3,0,0,0,0,0,9,1,0,false
/Users/thiago/Documents/Thiago/CodeToAnalyze/retrofit/retrofit-converters/jaxb3/src/test/java/retrofit2/converter/jaxb3/JaxbConverterFactoryTest.java,retrofit2.converter.jaxb3.JaxbConverterFactoryTest,malformedXml/0,false,127,5,2,0,2,2,8,11,0,1,0,8,0,0,0,0,1,0,2,0,1,0,1,0,0,0,13,1,0,false
/Users/thiago/Documents/Thiago/CodeToAnalyze/retrofit/retrofit-converters/jaxb3/src/test/java/retrofit2/converter/jaxb3/JaxbConverterFactoryTest.java,retrofit2.converter.jaxb3.JaxbConverterFactoryTest,unrecognizedField/0,false,140,6,3,0,3,1,7,6,0,2,0,7,0,0,0,0,0,0,10,0,2,1,0,0,0,0,16,1,0,false
/Users/thiago/Documents/Thiago/CodeToAnalyze/retrofit/retrofit-converters/jaxb3/src/test/java/retrofit2/converter/jaxb3/JaxbConverterFactoryTest.java,retrofit2.converter.jaxb3.JaxbConverterFactoryTest,characterEncoding/0,false,92,6,3,0,3,1,7,6,0,2,0,7,0,0,0,0,0,0,6,0,2,1,0,0,0,0,12,1,0,false
/Users/thiago/Documents/Thiago/CodeToAnalyze/retrofit/retrofit-converters/jaxb3/src/test/java/retrofit2/converter/jaxb3/JaxbConverterFactoryTest.java,retrofit2.converter.jaxb3.JaxbConverterFactoryTest,externalDtd/0,false,189,6,3,0,3,2,12,14,0,2,0,12,0,0,0,0,1,0,13,1,2,3,1,0,0,0,28,1,0,false
/Users/thiago/Documents/Thiago/CodeToAnalyze/retrofit/retrofit-converters/jaxb3/src/test/java/retrofit2/converter/jaxb3/JaxbConverterFactoryTest.java,retrofit2.converter.jaxb3.JaxbConverterFactoryTest,xmlRequestBody/0,false,71,5,2,0,2,1,9,8,0,2,0,9,0,0,0,0,0,0,2,0,2,0,0,0,0,0,25,1,0,false
/Users/thiago/Documents/Thiago/CodeToAnalyze/retrofit/retrofit-converters/jaxb3/src/test/java/retrofit2/converter/jaxb3/JaxbConverterFactoryTest.java,retrofit2.converter.jaxb3.JaxbConverterFactoryTest,userSuppliedJaxbContext/0,false,109,10,6,0,6,1,16,12,0,5,0,16,0,0,0,0,0,0,3,0,6,0,0,0,0,0,37,1,0,false
/Users/thiago/Documents/Thiago/CodeToAnalyze/retrofit/retrofit-converters/jaxb3/src/test/java/retrofit2/converter/jaxb3/JaxbConverterFactoryTest.java,retrofit2.converter.jaxb3.JaxbConverterFactoryTest,externalEntity/0,false,160,6,3,0,3,2,12,14,0,2,0,12,0,0,0,0,1,0,12,1,2,2,1,0,0,0,27,1,0,false
/Users/thiago/Documents/Thiago/CodeToAnalyze/retrofit/retrofit-converters/jaxb3/src/test/java/retrofit2/converter/jaxb3/JaxbConverterFactoryTest.java,retrofit2.converter.jaxb3.JaxbConverterFactoryTest,xmlResponseBody/0,false,83,6,3,0,3,1,7,6,0,2,0,7,0,0,0,0,0,0,0,0,2,0,0,0,0,0,21,1,0,false
/Users/thiago/Documents/Thiago/CodeToAnalyze/retrofit/retrofit/src/main/java/retrofit2/OkHttpCall.java,retrofit2.OkHttpCall$Anonymous1,"onFailure/2[okhttp3.Call,java.io.IOException]",false,172,2,1,0,1,1,1,3,0,0,2,1,1,1,0,0,0,0,0,0,0,0,0,0,0,0,4,1,0,false
/Users/thiago/Documents/Thiago/CodeToAnalyze/retrofit/retrofit/src/main/java/retrofit2/OkHttpCall.java,retrofit2.OkHttpCall$Anonymous1,"onResponse/2[okhttp3.Call,okhttp3.Response]",false,153,8,4,0,4,3,5,18,1,1,2,5,1,1,0,0,2,0,0,0,1,0,1,0,0,0,13,1,0,false
/Users/thiago/Documents/Thiago/CodeToAnalyze/retrofit/retrofit/src/main/java/retrofit2/OkHttpCall.java,retrofit2.OkHttpCall$Anonymous1,callFailure/1[java.lang.Throwable],false,176,2,4,2,2,2,3,9,0,0,1,3,0,0,0,0,1,0,0,0,0,0,1,0,0,0,8,2,0,false
/Users/thiago/Documents/Thiago/CodeToAnalyze/retrofit/retrofit/java-test/src/test/java/retrofit2/NonFatalError.java,retrofit2.NonFatalError,NonFatalError/1[java.lang.String],true,19,0,1,1,0,1,0,3,0,0,1,0,0,0,0,0,0,0,0,0,0,0,0,0,0,0,4,0,0,false
/Users/thiago/Documents/Thiago/CodeToAnalyze/retrofit/retrofit-adapters/rxjava3/src/test/java/retrofit2/adapter/rxjava3/CompletableTest.java,retrofit2.adapter.rxjava3.CompletableTest,setUp/0,false,45,5,4,0,4,1,6,4,0,1,0,6,0,0,0,0,0,0,1,0,2,0,0,0,0,0,5,1,0,false
/Users/thiago/Documents/Thiago/CodeToAnalyze/retrofit/retrofit-adapters/rxjava3/src/test/java/retrofit2/adapter/rxjava3/CompletableTest.java,retrofit2.adapter.rxjava3.CompletableTest,completableSuccess404/0,false,64,6,3,0,3,1,6,6,0,1,0,6,0,0,0,0,0,0,1,1,1,0,0,0,0,0,9,1,0,false
/Users/thiago/Documents/Thiago/CodeToAnalyze/retrofit/retrofit-adapters/rxjava3/src/test/java/retrofit2/adapter/rxjava3/CompletableTest.java,retrofit2.adapter.rxjava3.CompletableTest,subscribeTwice/0,false,83,6,3,0,3,1,6,11,0,3,0,6,0,0,0,0,0,0,2,0,3,0,0,0,0,0,10,1,0,false
/Users/thiago/Documents/Thiago/CodeToAnalyze/retrofit/retrofit-adapters/rxjava3/src/test/java/retrofit2/adapter/rxjava3/CompletableTest.java,retrofit2.adapter.rxjava3.CompletableTest,completableSuccess200/0,false,55,5,3,0,3,1,6,6,0,1,0,6,0,0,0,0,0,0,1,0,1,0,0,0,0,0,8,1,0,false
/Users/thiago/Documents/Thiago/CodeToAnalyze/retrofit/retrofit-adapters/rxjava3/src/test/java/retrofit2/adapter/rxjava3/CompletableTest.java,retrofit2.adapter.rxjava3.CompletableTest,completableFailure/0,false,74,5,3,0,3,1,6,6,0,1,0,6,0,0,0,0,0,0,0,0,1,0,0,0,0,0,22,1,0,false
/Users/thiago/Documents/Thiago/CodeToAnalyze/retrofit/retrofit/src/main/java/retrofit2/CompletableFutureCallAdapterFactory.java,retrofit2.CompletableFutureCallAdapterFactory,"get/3[java.lang.reflect.Type,java.lang.annotation.Annotation[],retrofit2.Retrofit]",false,31,7,4,0,4,5,2,17,3,2,3,2,0,0,0,2,0,2,4,2,2,2,1,0,0,0,21,1,0,false
/Users/thiago/Documents/Thiago/CodeToAnalyze/retrofit/retrofit-adapters/rxjava3/src/test/java/retrofit2/adapter/rxjava3/ObservableThrowingTest.java,retrofit2.adapter.rxjava3.ObservableThrowingTest$Anonymous4,onNext/1[retrofit2.Response<java.lang.String>],false,158,1,0,0,0,1,0,3,0,0,1,0,0,0,0,0,0,0,0,0,0,0,0,0,0,0,4,1,0,false
/Users/thiago/Documents/Thiago/CodeToAnalyze/retrofit/retrofit-adapters/rxjava3/src/test/java/retrofit2/adapter/rxjava3/ObservableThrowingTest.java,retrofit2.adapter.rxjava3.ObservableThrowingTest$Anonymous3,onError/1[java.lang.Throwable],false,134,0,0,0,0,2,2,6,0,0,1,2,0,0,0,0,0,0,0,0,0,0,1,0,0,0,5,1,0,false
/Users/thiago/Documents/Thiago/CodeToAnalyze/retrofit/retrofit/java-test/src/test/java/retrofit2/RequestFactoryTest.java,retrofit2.RequestFactoryTest$152Example,method/1[retrofit2.RequestBody],false,3047,6,0,0,0,1,0,3,1,0,1,0,0,0,0,0,0,0,2,0,0,0,0,0,0,0,7,0,0,false
/Users/thiago/Documents/Thiago/CodeToAnalyze/retrofit/retrofit-adapters/rxjava3/src/test/java/retrofit2/adapter/rxjava3/ObservableThrowingTest.java,retrofit2.adapter.rxjava3.ObservableThrowingTest$Anonymous6,onError/1[java.lang.Throwable],false,214,0,0,0,0,2,2,6,0,0,1,2,0,0,0,0,0,0,0,0,0,0,1,0,0,0,5,1,0,false
/Users/thiago/Documents/Thiago/CodeToAnalyze/retrofit/retrofit-adapters/rxjava3/src/test/java/retrofit2/adapter/rxjava3/ObservableThrowingTest.java,retrofit2.adapter.rxjava3.ObservableThrowingTest$Anonymous5,onComplete/0,false,185,0,0,0,0,1,0,3,0,0,0,0,0,0,0,0,0,0,0,0,0,0,0,0,0,0,3,1,0,false
/Users/thiago/Documents/Thiago/CodeToAnalyze/retrofit/retrofit-adapters/rxjava3/src/test/java/retrofit2/adapter/rxjava3/ObservableThrowingTest.java,retrofit2.adapter.rxjava3.ObservableThrowingTest$Anonymous8,onComplete/0,false,265,0,0,0,0,1,0,3,0,0,0,0,0,0,0,0,0,0,0,0,0,0,0,0,0,0,3,1,0,false
/Users/thiago/Documents/Thiago/CodeToAnalyze/retrofit/retrofit-adapters/rxjava3/src/test/java/retrofit2/adapter/rxjava3/ObservableThrowingTest.java,retrofit2.adapter.rxjava3.ObservableThrowingTest$Anonymous7,onNext/1[retrofit2.adapter.rxjava3.Result<java.lang.String>],false,238,1,0,0,0,1,0,3,0,0,1,0,0,0,0,0,0,0,0,0,0,0,0,0,0,0,4,1,0,false
/Users/thiago/Documents/Thiago/CodeToAnalyze/retrofit/retrofit-adapters/rxjava3/src/test/java/retrofit2/adapter/rxjava3/ObservableThrowingTest.java,retrofit2.adapter.rxjava3.ObservableThrowingTest$Anonymous9,onNext/1[retrofit2.adapter.rxjava3.Result<java.lang.String>],false,294,1,0,0,0,1,0,3,0,0,1,0,0,0,0,0,0,0,0,0,0,0,0,0,0,0,4,1,0,false
/Users/thiago/Documents/Thiago/CodeToAnalyze/retrofit/retrofit-adapters/rxjava3/src/test/java/retrofit2/adapter/rxjava3/ObservableThrowingTest.java,retrofit2.adapter.rxjava3.ObservableThrowingTest$Anonymous9,onError/1[java.lang.Throwable],false,300,0,0,0,0,1,0,3,0,0,1,0,0,0,0,0,0,0,0,0,0,0,0,0,0,0,5,1,0,false
/Users/thiago/Documents/Thiago/CodeToAnalyze/retrofit/retrofit-adapters/rxjava2/src/test/java/retrofit2/adapter/rxjava2/CompletableThrowingTest.java,retrofit2.adapter.rxjava2.CompletableThrowingTest$Anonymous1,onComplete/0,false,81,0,0,0,0,1,0,3,0,0,0,0,0,0,0,0,0,0,0,0,0,0,0,0,0,0,3,1,0,false
/Users/thiago/Documents/Thiago/CodeToAnalyze/retrofit/retrofit-adapters/rxjava2/src/test/java/retrofit2/adapter/rxjava2/CompletableThrowingTest.java,retrofit2.adapter.rxjava2.CompletableThrowingTest$Anonymous2,onError/1[java.lang.Throwable],false,111,0,0,0,0,1,1,4,0,0,1,1,0,0,0,0,0,0,0,0,0,0,0,0,0,0,5,1,0,false
/Users/thiago/Documents/Thiago/CodeToAnalyze/retrofit/retrofit-adapters/rxjava/src/test/java/retrofit2/adapter/rxjava/SingleWithSchedulerTest.java,retrofit2.adapter.rxjava.SingleWithSchedulerTest,responseUsesScheduler/0,false,71,6,5,0,5,1,9,8,0,1,0,9,0,0,0,0,0,0,1,0,1,0,0,0,0,0,6,1,0,false
/Users/thiago/Documents/Thiago/CodeToAnalyze/retrofit/retrofit-adapters/rxjava/src/test/java/retrofit2/adapter/rxjava/SingleWithSchedulerTest.java,retrofit2.adapter.rxjava.SingleWithSchedulerTest,setUp/0,false,48,6,5,0,5,1,7,4,0,1,0,7,0,0,0,0,0,0,1,0,2,0,0,0,0,0,9,1,0,false
/Users/thiago/Documents/Thiago/CodeToAnalyze/retrofit/retrofit-adapters/rxjava/src/test/java/retrofit2/adapter/rxjava/SingleWithSchedulerTest.java,retrofit2.adapter.rxjava.SingleWithSchedulerTest,resultUsesScheduler/0,false,83,6,5,0,5,1,9,8,0,1,0,9,0,0,0,0,0,0,1,0,1,0,0,0,0,0,6,1,0,false
/Users/thiago/Documents/Thiago/CodeToAnalyze/retrofit/retrofit-adapters/rxjava/src/test/java/retrofit2/adapter/rxjava/SingleWithSchedulerTest.java,retrofit2.adapter.rxjava.SingleWithSchedulerTest,bodyUsesScheduler/0,false,59,5,5,0,5,1,9,8,0,1,0,9,0,0,0,0,0,0,1,0,1,0,0,0,0,0,6,1,0,false
/Users/thiago/Documents/Thiago/CodeToAnalyze/retrofit/retrofit-adapters/rxjava3/src/test/java/retrofit2/adapter/rxjava3/ObservableThrowingTest.java,retrofit2.adapter.rxjava3.ObservableThrowingTest$Anonymous2,onComplete/0,false,105,0,0,0,0,1,0,3,0,0,0,0,0,0,0,0,0,0,0,0,0,0,0,0,0,0,3,1,0,false
/Users/thiago/Documents/Thiago/CodeToAnalyze/retrofit/retrofit/java-test/src/test/java/retrofit2/RequestFactoryTest.java,retrofit2.RequestFactoryTest$163Example,queryPath/1[java.lang.Object],false,3230,4,0,0,0,1,0,3,1,0,1,0,0,0,0,0,0,0,2,0,0,0,0,0,0,0,5,0,0,false
/Users/thiago/Documents/Thiago/CodeToAnalyze/retrofit/retrofit-adapters/rxjava3/src/test/java/retrofit2/adapter/rxjava3/ObservableThrowingTest.java,retrofit2.adapter.rxjava3.ObservableThrowingTest$Anonymous1,onNext/1[java.lang.String],false,78,0,0,0,0,1,0,3,0,0,1,0,0,0,0,0,0,0,0,0,0,0,0,0,0,0,4,1,0,false
/Users/thiago/Documents/Thiago/CodeToAnalyze/retrofit/retrofit/src/main/java/retrofit2/AndroidMainExecutor.java,retrofit2.AndroidMainExecutor,execute/1[java.lang.Runnable],false,26,0,0,0,0,1,1,3,0,0,1,1,0,0,0,0,0,0,0,0,0,0,0,0,0,0,3,1,0,false
/Users/thiago/Documents/Thiago/CodeToAnalyze/retrofit/retrofit-adapters/rxjava/src/test/java/retrofit2/adapter/rxjava/ObservableThrowingTest.java,retrofit2.adapter.rxjava.ObservableThrowingTest$Service,response/0,false,46,3,3,3,0,1,0,1,0,0,0,0,0,0,0,0,0,0,1,0,0,0,0,0,0,0,1,0,0,false
/Users/thiago/Documents/Thiago/CodeToAnalyze/retrofit/retrofit-adapters/rxjava/src/test/java/retrofit2/adapter/rxjava/ObservableThrowingTest.java,retrofit2.adapter.rxjava.ObservableThrowingTest$Service,body/0,false,43,2,3,3,0,1,0,1,0,0,0,0,0,0,0,0,0,0,1,0,0,0,0,0,0,0,1,0,0,false
/Users/thiago/Documents/Thiago/CodeToAnalyze/retrofit/retrofit-adapters/rxjava/src/test/java/retrofit2/adapter/rxjava/ObservableThrowingTest.java,retrofit2.adapter.rxjava.ObservableThrowingTest$Service,result/0,false,49,3,3,3,0,1,0,1,0,0,0,0,0,0,0,0,0,0,1,0,0,0,0,0,0,0,1,0,0,false
/Users/thiago/Documents/Thiago/CodeToAnalyze/retrofit/retrofit-converters/java8/src/test/java/retrofit/converter/java8/Java8OptionalConverterFactoryTest.java,retrofit.converter.java8.Java8OptionalConverterFactoryTest,setUp/0,false,50,6,5,0,5,1,6,4,0,1,0,6,0,0,0,0,0,0,1,0,2,0,0,0,0,0,9,1,0,false
/Users/thiago/Documents/Thiago/CodeToAnalyze/retrofit/retrofit-converters/java8/src/test/java/retrofit/converter/java8/Java8OptionalConverterFactoryTest.java,retrofit.converter.java8.Java8OptionalConverterFactoryTest,delegates/0,false,78,9,8,0,8,1,14,17,0,4,0,14,0,0,0,0,0,0,1,0,4,0,0,1,0,0,24,1,0,false
/Users/thiago/Documents/Thiago/CodeToAnalyze/retrofit/retrofit-converters/java8/src/test/java/retrofit/converter/java8/Java8OptionalConverterFactoryTest.java,retrofit.converter.java8.Java8OptionalConverterFactoryTest,optional/0,false,61,5,3,0,3,1,8,6,0,1,0,8,0,0,0,0,0,0,0,0,1,0,0,0,0,0,8,1,0,false
/Users/thiago/Documents/Thiago/CodeToAnalyze/retrofit/retrofit-converters/java8/src/test/java/retrofit/converter/java8/Java8OptionalConverterFactoryTest.java,retrofit.converter.java8.Java8OptionalConverterFactoryTest,onlyMatchesOptional/0,false,70,5,3,0,3,1,6,5,0,1,0,6,0,0,0,0,0,0,0,0,1,0,0,0,0,0,12,1,0,false
/Users/thiago/Documents/Thiago/CodeToAnalyze/retrofit/retrofit-adapters/rxjava/src/test/java/retrofit2/adapter/rxjava/SingleThrowingTest.java,retrofit2.adapter.rxjava.SingleThrowingTest$Anonymous12,onSuccess/1[retrofit2.adapter.rxjava.Result<java.lang.String>],false,259,1,0,0,0,1,0,3,0,0,1,0,0,0,0,0,0,0,0,0,0,0,0,0,0,0,4,1,0,false
/Users/thiago/Documents/Thiago/CodeToAnalyze/retrofit/retrofit-adapters/rxjava/src/test/java/retrofit2/adapter/rxjava/SingleThrowingTest.java,retrofit2.adapter.rxjava.SingleThrowingTest$Anonymous12,onError/1[java.lang.Throwable],false,265,0,0,0,0,1,0,3,0,0,1,0,0,0,0,0,0,0,0,0,0,0,0,0,0,0,5,1,0,false
/Users/thiago/Documents/Thiago/CodeToAnalyze/retrofit/retrofit-adapters/rxjava/src/test/java/retrofit2/adapter/rxjava/SingleThrowingTest.java,retrofit2.adapter.rxjava.SingleThrowingTest$Anonymous11,handleError/1[java.lang.Throwable],false,244,0,0,0,0,2,2,5,0,0,1,2,0,0,0,0,0,0,0,0,0,0,1,0,0,0,4,1,0,false
/Users/thiago/Documents/Thiago/CodeToAnalyze/retrofit/retrofit/java-test/src/test/java/retrofit2/RequestFactoryTest.java,retrofit2.RequestFactoryTest$146Example,method/0,false,2938,4,0,0,0,1,0,3,1,0,0,0,0,0,0,0,0,0,4,0,0,0,0,0,0,0,4,0,0,false
/Users/thiago/Documents/Thiago/CodeToAnalyze/retrofit/retrofit-adapters/rxjava/src/test/java/retrofit2/adapter/rxjava/SingleThrowingTest.java,retrofit2.adapter.rxjava.SingleThrowingTest$Anonymous10,onSuccess/1[retrofit2.adapter.rxjava.Result<java.lang.String>],false,226,1,0,0,0,1,0,3,0,0,1,0,0,0,0,0,0,0,0,0,0,0,0,0,0,0,4,1,0,false
/Users/thiago/Documents/Thiago/CodeToAnalyze/retrofit/retrofit/java-test/src/test/java/retrofit2/DefaultCallAdapterFactoryTest.java,retrofit2.DefaultCallAdapterFactoryTest$Anonymous8,clone/0,false,90,2,0,0,0,1,1,4,1,0,0,1,0,0,0,0,0,0,0,0,0,0,0,0,0,0,2,1,0,false
/Users/thiago/Documents/Thiago/CodeToAnalyze/retrofit/retrofit/java-test/src/test/java/retrofit2/RequestFactoryTest.java,retrofit2.RequestFactoryTest$9Example,method/0,false,223,4,0,0,0,1,0,3,1,0,0,0,0,0,0,0,0,0,2,0,0,0,0,0,0,0,2,0,0,false
/Users/thiago/Documents/Thiago/CodeToAnalyze/retrofit/retrofit/java-test/src/test/java/retrofit2/DefaultCallAdapterFactoryTest.java,retrofit2.DefaultCallAdapterFactoryTest$Anonymous6,execute/0,false,74,1,0,0,0,1,0,3,1,0,0,0,0,0,0,0,0,0,0,0,0,0,0,0,0,0,2,1,0,false
/Users/thiago/Documents/Thiago/CodeToAnalyze/retrofit/retrofit/android-test/src/androidTest/java/retrofit2/BasicCallTest.java,retrofit2.BasicCallTest$Service,getBody/0,false,32,3,1,1,0,1,0,1,0,0,0,0,0,0,0,0,0,0,1,0,0,0,0,0,0,0,2,0,0,false
/Users/thiago/Documents/Thiago/CodeToAnalyze/retrofit/retrofit/java-test/src/test/java/retrofit2/RequestFactoryTest.java,retrofit2.RequestFactoryTest$4Example,method/0,false,130,5,0,0,0,1,0,3,1,0,0,0,0,0,0,0,0,0,1,0,0,0,0,0,0,0,2,0,0,false
/Users/thiago/Documents/Thiago/CodeToAnalyze/retrofit/retrofit-adapters/rxjava3/src/test/java/retrofit2/adapter/rxjava3/RecordingSubscriber.java,retrofit2.adapter.rxjava3.RecordingSubscriber$Rule$Anonymous1,evaluate/0,false,153,1,11,0,11,2,2,6,0,0,0,2,0,0,1,0,0,0,0,0,0,0,1,0,0,0,4,1,0,false
/Users/thiago/Documents/Thiago/CodeToAnalyze/retrofit/retrofit-adapters/java8/src/test/java/retrofit2/adapter/java8/Java8CallAdapterFactoryTest.java,retrofit2.adapter.java8.Java8CallAdapterFactoryTest,rawTypeThrows/0,false,86,3,1,0,1,2,6,12,0,1,0,6,0,0,0,0,1,0,1,0,1,0,1,1,0,0,18,1,0,false
/Users/thiago/Documents/Thiago/CodeToAnalyze/retrofit/retrofit-adapters/java8/src/test/java/retrofit2/adapter/java8/Java8CallAdapterFactoryTest.java,retrofit2.adapter.java8.Java8CallAdapterFactoryTest,rawResponseTypeThrows/0,false,100,4,1,0,1,2,6,12,0,1,0,6,0,0,0,0,1,0,1,0,1,0,1,1,0,0,18,1,0,false
/Users/thiago/Documents/Thiago/CodeToAnalyze/retrofit/retrofit-adapters/java8/src/test/java/retrofit2/adapter/java8/Java8CallAdapterFactoryTest.java,retrofit2.adapter.java8.Java8CallAdapterFactoryTest,nonListenableFutureReturnsNull/0,false,80,3,1,0,1,1,3,4,0,1,0,3,0,0,0,0,0,0,0,0,1,0,0,0,0,0,8,1,0,false
/Users/thiago/Documents/Thiago/CodeToAnalyze/retrofit/retrofit-adapters/java8/src/test/java/retrofit2/adapter/java8/Java8CallAdapterFactoryTest.java,retrofit2.adapter.java8.Java8CallAdapterFactoryTest,setUp/0,false,43,3,3,0,3,1,5,3,0,0,0,5,0,0,0,0,0,0,1,0,1,0,0,0,0,0,7,1,0,false
/Users/thiago/Documents/Thiago/CodeToAnalyze/retrofit/retrofit-adapters/java8/src/test/java/retrofit2/adapter/java8/Java8CallAdapterFactoryTest.java,retrofit2.adapter.java8.Java8CallAdapterFactoryTest,responseType/0,false,53,5,2,0,2,1,5,32,0,7,0,5,0,0,0,0,0,0,0,0,7,0,0,8,0,0,9,1,0,false
/Users/thiago/Documents/Thiago/CodeToAnalyze/retrofit/retrofit-mock/src/main/java/retrofit2/mock/BehaviorDelegate.java,retrofit2.mock.BehaviorDelegate$ServiceMethodAdapterInfo,"ServiceMethodAdapterInfo/3[boolean,boolean,java.lang.reflect.Type]",true,163,0,1,1,0,1,0,5,0,0,3,0,0,0,0,0,0,0,0,0,3,0,0,0,0,0,10,0,0,false
/Users/thiago/Documents/Thiago/CodeToAnalyze/retrofit/samples/src/main/java/com/example/retrofit/ChunkingConverter.java,com.example.retrofit.ChunkingConverter$ChunkingConverterFactory,"requestBodyConverter/4[java.lang.reflect.Type,java.lang.annotation.Annotation[],java.lang.annotation.Annotation[],retrofit2.Retrofit]",false,56,7,1,0,1,4,2,25,3,5,4,2,0,0,1,0,0,0,0,0,6,0,1,1,0,1,27,1,0,false
/Users/thiago/Documents/Thiago/CodeToAnalyze/retrofit/retrofit-adapters/rxjava2/src/test/java/retrofit2/adapter/rxjava2/MaybeThrowingTest.java,retrofit2.adapter.rxjava2.MaybeThrowingTest$Service,body/0,false,46,2,2,2,0,1,0,1,0,0,0,0,0,0,0,0,0,0,1,0,0,0,0,0,0,0,1,0,0,false
/Users/thiago/Documents/Thiago/CodeToAnalyze/retrofit/retrofit-adapters/rxjava2/src/test/java/retrofit2/adapter/rxjava2/MaybeThrowingTest.java,retrofit2.adapter.rxjava2.MaybeThrowingTest$Service,result/0,false,52,3,2,2,0,1,0,1,0,0,0,0,0,0,0,0,0,0,1,0,0,0,0,0,0,0,1,0,0,false
/Users/thiago/Documents/Thiago/CodeToAnalyze/retrofit/retrofit-adapters/rxjava2/src/test/java/retrofit2/adapter/rxjava2/MaybeThrowingTest.java,retrofit2.adapter.rxjava2.MaybeThrowingTest$Service,response/0,false,49,3,2,2,0,1,0,1,0,0,0,0,0,0,0,0,0,0,1,0,0,0,0,0,0,0,1,0,0,false
/Users/thiago/Documents/Thiago/CodeToAnalyze/retrofit/retrofit-converters/wire/src/test/java/retrofit2/converter/wire/CrashingPhone.java,retrofit2.converter.wire.CrashingPhone$ProtoAdapter_CrashingPhone,encodedSize/1[retrofit2.converter.wire.CrashingPhone],false,91,1,0,0,0,2,3,3,1,0,1,3,0,0,0,1,0,1,0,2,0,1,0,0,0,0,6,1,0,false
/Users/thiago/Documents/Thiago/CodeToAnalyze/retrofit/retrofit-converters/wire/src/test/java/retrofit2/converter/wire/CrashingPhone.java,retrofit2.converter.wire.CrashingPhone$ProtoAdapter_CrashingPhone,"encode/2[retrofit2.converter.wire.ProtoWriter,retrofit2.converter.wire.CrashingPhone]",false,97,2,0,0,0,1,0,3,0,0,2,0,0,0,0,0,0,0,1,0,0,0,0,0,0,0,9,1,0,false
/Users/thiago/Documents/Thiago/CodeToAnalyze/retrofit/retrofit-converters/wire/src/test/java/retrofit2/converter/wire/CrashingPhone.java,retrofit2.converter.wire.CrashingPhone$ProtoAdapter_CrashingPhone,ProtoAdapter_CrashingPhone/0,true,86,1,0,0,0,1,0,3,0,0,0,0,0,0,0,0,0,0,0,0,0,0,0,0,0,0,5,0,0,false
/Users/thiago/Documents/Thiago/CodeToAnalyze/retrofit/retrofit-converters/wire/src/test/java/retrofit2/converter/wire/CrashingPhone.java,retrofit2.converter.wire.CrashingPhone$ProtoAdapter_CrashingPhone,redact/1[retrofit2.converter.wire.CrashingPhone],false,123,2,2,0,2,1,3,5,1,1,1,3,0,0,0,0,0,0,0,0,1,0,0,0,0,0,6,1,0,false
/Users/thiago/Documents/Thiago/CodeToAnalyze/retrofit/retrofit-converters/wire/src/test/java/retrofit2/converter/wire/CrashingPhone.java,retrofit2.converter.wire.CrashingPhone$ProtoAdapter_CrashingPhone,decode/1[retrofit2.converter.wire.ProtoReader],false,102,4,3,0,3,3,9,19,1,5,1,9,0,0,1,1,0,1,0,2,5,0,2,0,0,0,18,1,0,false
/Users/thiago/Documents/Thiago/CodeToAnalyze/retrofit/retrofit-converters/scalars/src/main/java/retrofit2/converter/scalars/ScalarResponseBodyConverters.java,retrofit2.converter.scalars.ScalarResponseBodyConverters$IntegerResponseBodyConverter,convert/1[retrofit2.converter.scalars.ResponseBody],false,88,1,0,0,0,1,2,3,1,0,1,2,0,0,0,0,0,0,0,0,0,0,0,0,0,0,8,1,0,false
/Users/thiago/Documents/Thiago/CodeToAnalyze/retrofit/retrofit-adapters/rxjava3/src/main/java/retrofit2/adapter/rxjava3/ResultObservable.java,retrofit2.adapter.rxjava3.ResultObservable$ResultObserver,onSubscribe/1[retrofit2.adapter.rxjava3.Disposable],false,46,1,0,0,0,1,1,3,0,0,1,1,0,0,0,0,0,0,0,0,0,0,0,0,0,0,4,1,0,false
/Users/thiago/Documents/Thiago/CodeToAnalyze/retrofit/retrofit-adapters/rxjava3/src/main/java/retrofit2/adapter/rxjava3/ResultObservable.java,retrofit2.adapter.rxjava3.ResultObservable$ResultObserver,onError/1[java.lang.Throwable],false,56,2,1,0,1,3,5,16,1,0,1,5,0,0,0,0,2,0,0,0,0,0,2,0,0,0,8,1,1,false
/Users/thiago/Documents/Thiago/CodeToAnalyze/retrofit/retrofit-adapters/rxjava3/src/main/java/retrofit2/adapter/rxjava3/ResultObservable.java,retrofit2.adapter.rxjava3.ResultObservable$ResultObserver,ResultObserver/1[retrofit2.adapter.rxjava3.Observer<? super retrofit2.adapter.rxjava3.Result<R>>],true,41,3,0,0,0,1,0,3,0,0,1,0,0,0,0,0,0,0,0,0,1,0,0,0,0,0,3,0,0,false
/Users/thiago/Documents/Thiago/CodeToAnalyze/retrofit/retrofit-adapters/rxjava3/src/main/java/retrofit2/adapter/rxjava3/ResultObservable.java,retrofit2.adapter.rxjava3.ResultObservable$ResultObserver,onComplete/0,false,72,0,0,0,0,1,1,3,0,0,0,1,0,0,0,0,0,0,0,0,0,0,0,0,0,0,2,1,0,false
/Users/thiago/Documents/Thiago/CodeToAnalyze/retrofit/retrofit-adapters/rxjava3/src/main/java/retrofit2/adapter/rxjava3/ResultObservable.java,retrofit2.adapter.rxjava3.ResultObservable$ResultObserver,onNext/1[retrofit2.Response<R>],false,51,3,1,0,1,1,2,3,0,0,1,2,0,0,0,0,0,0,0,0,0,0,0,0,0,0,3,1,0,false
/Users/thiago/Documents/Thiago/CodeToAnalyze/retrofit/retrofit-mock/src/main/java/retrofit2/mock/Calls.java,retrofit2.mock.Calls$DeferredCall,getDelegate/0,false,161,3,1,0,1,3,2,13,1,1,0,2,0,0,0,1,1,0,0,0,4,0,2,0,0,0,7,34,0,false
/Users/thiago/Documents/Thiago/CodeToAnalyze/retrofit/retrofit-mock/src/main/java/retrofit2/mock/Calls.java,retrofit2.mock.Calls$DeferredCall,cancel/0,false,190,2,2,0,2,1,2,3,0,0,0,2,0,0,0,0,0,0,0,0,0,0,0,0,0,0,3,1,0,false
/Users/thiago/Documents/Thiago/CodeToAnalyze/retrofit/retrofit-mock/src/main/java/retrofit2/mock/Calls.java,retrofit2.mock.Calls$DeferredCall,isCanceled/0,false,195,2,2,0,2,1,2,3,1,0,0,2,0,0,0,0,0,0,0,0,0,0,0,0,0,0,4,1,0,false
/Users/thiago/Documents/Thiago/CodeToAnalyze/retrofit/retrofit-mock/src/main/java/retrofit2/mock/Calls.java,retrofit2.mock.Calls$DeferredCall,DeferredCall/1[java.util.concurrent.Callable<retrofit2.Call<T>>],true,157,2,0,0,0,1,0,3,0,0,1,0,0,0,0,0,0,0,0,0,1,0,0,0,0,0,3,0,0,false
/Users/thiago/Documents/Thiago/CodeToAnalyze/retrofit/retrofit-mock/src/main/java/retrofit2/mock/Calls.java,retrofit2.mock.Calls$DeferredCall,enqueue/1[retrofit2.Callback<T>],false,180,4,2,0,2,1,2,3,0,0,1,2,0,0,0,0,0,0,0,0,0,0,0,0,0,0,4,1,0,false
/Users/thiago/Documents/Thiago/CodeToAnalyze/retrofit/retrofit-mock/src/main/java/retrofit2/mock/Calls.java,retrofit2.mock.Calls$DeferredCall,clone/0,false,200,3,1,0,1,1,0,3,1,0,0,0,0,0,0,0,0,0,0,0,0,0,0,0,0,0,2,1,0,false
/Users/thiago/Documents/Thiago/CodeToAnalyze/retrofit/retrofit-mock/src/main/java/retrofit2/mock/Calls.java,retrofit2.mock.Calls$DeferredCall,isExecuted/0,false,185,2,2,0,2,1,2,3,1,0,0,2,0,0,0,0,0,0,0,0,0,0,0,0,0,0,4,1,0,false
/Users/thiago/Documents/Thiago/CodeToAnalyze/retrofit/retrofit-mock/src/main/java/retrofit2/mock/Calls.java,retrofit2.mock.Calls$DeferredCall,request/0,false,205,4,2,0,2,1,2,3,1,0,0,2,0,0,0,0,0,0,0,0,0,0,0,0,0,0,4,1,0,false
/Users/thiago/Documents/Thiago/CodeToAnalyze/retrofit/retrofit-mock/src/main/java/retrofit2/mock/Calls.java,retrofit2.mock.Calls$DeferredCall,execute/0,false,175,4,2,0,2,1,2,3,1,0,0,2,0,0,0,0,0,0,0,0,0,0,0,0,0,0,6,1,0,false
/Users/thiago/Documents/Thiago/CodeToAnalyze/retrofit/retrofit-mock/src/main/java/retrofit2/mock/Calls.java,retrofit2.mock.Calls$DeferredCall,timeout/0,false,210,4,2,0,2,1,2,3,1,0,0,2,0,0,0,0,0,0,0,0,0,0,0,0,0,0,4,1,0,false
/Users/thiago/Documents/Thiago/CodeToAnalyze/retrofit/retrofit-adapters/rxjava2/src/main/java/retrofit2/adapter/rxjava2/RxJava2CallAdapter.java,retrofit2.adapter.rxjava2.RxJava2CallAdapter,responseType/0,false,61,0,0,0,0,1,0,3,1,0,0,0,0,0,0,0,0,0,0,0,0,0,0,0,0,0,2,1,0,false
/Users/thiago/Documents/Thiago/CodeToAnalyze/retrofit/retrofit-adapters/rxjava2/src/main/java/retrofit2/adapter/rxjava2/RxJava2CallAdapter.java,retrofit2.adapter.rxjava2.RxJava2CallAdapter,adapt/1[retrofit2.Call<R>],false,66,8,0,0,0,9,6,29,5,2,1,6,0,0,0,1,0,0,0,0,5,0,1,0,0,0,16,1,0,false
/Users/thiago/Documents/Thiago/CodeToAnalyze/retrofit/retrofit-adapters/rxjava2/src/main/java/retrofit2/adapter/rxjava2/RxJava2CallAdapter.java,retrofit2.adapter.rxjava2.RxJava2CallAdapter,"RxJava2CallAdapter/9[java.lang.reflect.Type,retrofit2.adapter.rxjava2.Scheduler,boolean,boolean,boolean,boolean,boolean,boolean,boolean]",true,48,2,1,1,0,1,0,11,0,0,9,0,0,0,0,0,0,0,0,0,9,0,0,0,0,0,16,0,0,false
/Users/thiago/Documents/Thiago/CodeToAnalyze/retrofit/retrofit/java-test/src/test/java/retrofit2/RetrofitTest.java,retrofit2.RetrofitTest$UnresolvableParameterType,typeVariableUpperBound/1[T],false,138,5,0,0,0,1,0,1,0,0,1,0,0,0,0,0,0,0,1,0,0,0,0,0,0,0,8,0,0,false
/Users/thiago/Documents/Thiago/CodeToAnalyze/retrofit/retrofit/java-test/src/test/java/retrofit2/RetrofitTest.java,retrofit2.RetrofitTest$UnresolvableParameterType,wildcardUpperBound/1[java.util.List<? extends retrofit2.RequestBody>],false,147,4,1,1,0,1,0,1,0,0,1,0,0,0,0,0,0,0,1,0,0,0,0,0,0,0,6,0,0,false
/Users/thiago/Documents/Thiago/CodeToAnalyze/retrofit/retrofit/java-test/src/test/java/retrofit2/RetrofitTest.java,retrofit2.RetrofitTest$UnresolvableParameterType,wildcard/1[java.util.List<?>],false,144,4,1,1,0,1,0,1,0,0,1,0,0,0,0,0,0,0,1,0,0,0,0,0,0,0,2,0,0,false
/Users/thiago/Documents/Thiago/CodeToAnalyze/retrofit/retrofit/java-test/src/test/java/retrofit2/RetrofitTest.java,retrofit2.RetrofitTest$UnresolvableParameterType,"crazy/1[java.util.List<java.util.Map<java.lang.String,java.util.Set<T[]>>>]",false,141,5,0,0,0,1,0,1,0,0,1,0,0,0,0,0,0,0,1,0,0,0,0,0,0,0,2,0,0,false
/Users/thiago/Documents/Thiago/CodeToAnalyze/retrofit/retrofit/java-test/src/test/java/retrofit2/RetrofitTest.java,retrofit2.RetrofitTest$UnresolvableParameterType,typeVariable/1[T],false,135,5,0,0,0,1,0,1,0,0,1,0,0,0,0,0,0,0,1,0,0,0,0,0,0,0,4,0,0,false
/Users/thiago/Documents/Thiago/CodeToAnalyze/retrofit/retrofit/java-test/src/test/java/retrofit2/Java8DefaultStaticMethodsInValidationTest.java,retrofit2.Java8DefaultStaticMethodsInValidationTest,test/0,false,44,5,4,0,4,1,7,4,0,1,0,7,0,0,0,0,0,0,1,0,1,0,0,0,0,0,11,1,0,false
/Users/thiago/Documents/Thiago/CodeToAnalyze/retrofit/retrofit-converters/guava/src/main/java/retrofit/converter/guava/GuavaOptionalConverterFactory.java,retrofit.converter.guava.GuavaOptionalConverterFactory,"responseBodyConverter/3[java.lang.reflect.Type,java.lang.annotation.Annotation[],retrofit2.Retrofit]",false,40,7,3,0,3,2,3,8,2,2,3,3,0,0,0,1,0,0,0,1,2,0,1,0,0,0,15,1,0,false
/Users/thiago/Documents/Thiago/CodeToAnalyze/retrofit/retrofit-converters/guava/src/main/java/retrofit/converter/guava/GuavaOptionalConverterFactory.java,retrofit.converter.guava.GuavaOptionalConverterFactory,create/0,false,32,1,3,2,1,1,0,3,1,0,0,0,0,0,0,0,0,0,0,0,0,0,0,0,0,0,5,9,0,false
/Users/thiago/Documents/Thiago/CodeToAnalyze/retrofit/retrofit-converters/guava/src/main/java/retrofit/converter/guava/GuavaOptionalConverterFactory.java,retrofit.converter.guava.GuavaOptionalConverterFactory,GuavaOptionalConverterFactory/0,true,36,0,1,1,0,1,0,2,0,0,0,0,0,0,0,0,0,0,0,0,0,0,0,0,0,0,4,2,0,false
/Users/thiago/Documents/Thiago/CodeToAnalyze/retrofit/retrofit/java-test/src/test/java/retrofit2/RequestFactoryTest.java,retrofit2.RequestFactoryTest$168Example,method/1[long],false,3337,4,0,0,0,1,0,3,1,0,1,0,0,0,0,0,0,0,1,0,0,0,0,0,0,0,3,0,0,false
/Users/thiago/Documents/Thiago/CodeToAnalyze/retrofit/retrofit-converters/scalars/src/main/java/retrofit2/converter/scalars/ScalarResponseBodyConverters.java,retrofit2.converter.scalars.ScalarResponseBodyConverters$BooleanResponseBodyConverter,convert/1[retrofit2.converter.scalars.ResponseBody],false,38,1,0,0,0,1,2,3,1,0,1,2,0,0,0,0,0,0,0,0,0,0,0,0,0,0,8,1,0,false
/Users/thiago/Documents/Thiago/CodeToAnalyze/retrofit/samples/src/main/java/com/example/retrofit/InvocationMetrics.java,com.example.retrofit.InvocationMetrics,main/1[java.lang.String[]],false,69,5,9,0,9,1,10,11,0,4,1,10,0,0,0,0,0,0,3,0,4,0,0,0,0,0,16,9,0,false
/Users/thiago/Documents/Thiago/CodeToAnalyze/retrofit/retrofit/java-test/src/test/java/retrofit2/RequestFactoryTest.java,retrofit2.RequestFactoryTest$81Example,"method/1[java.util.Map<java.lang.String,java.lang.Object>]",false,1564,4,0,0,0,1,0,3,1,0,1,0,0,0,0,0,0,0,1,0,0,0,0,0,0,0,5,0,0,false
/Users/thiago/Documents/Thiago/CodeToAnalyze/retrofit/samples/src/main/java/com/example/retrofit/DynamicBaseUrl.java,com.example.retrofit.DynamicBaseUrl$Pop,robots/0,false,36,3,1,1,0,1,0,1,0,0,0,0,0,0,0,0,0,0,1,0,0,0,0,0,0,0,1,0,0,false
/Users/thiago/Documents/Thiago/CodeToAnalyze/retrofit/retrofit-adapters/rxjava/src/test/java/retrofit2/adapter/rxjava/RxJavaCallAdapterFactoryTest.java,retrofit2.adapter.rxjava.RxJavaCallAdapterFactoryTest,rawResponseTypeThrows/0,false,143,5,1,0,1,3,6,22,0,2,0,6,0,0,0,0,2,0,2,0,2,0,1,2,0,0,19,1,0,false
/Users/thiago/Documents/Thiago/CodeToAnalyze/retrofit/retrofit-adapters/rxjava/src/test/java/retrofit2/adapter/rxjava/RxJavaCallAdapterFactoryTest.java,retrofit2.adapter.rxjava.RxJavaCallAdapterFactoryTest,responseTypes/0,false,66,8,2,0,2,1,5,62,0,14,0,5,0,0,0,0,0,0,0,0,14,0,0,16,0,0,13,1,0,false
/Users/thiago/Documents/Thiago/CodeToAnalyze/retrofit/retrofit-adapters/rxjava/src/test/java/retrofit2/adapter/rxjava/RxJavaCallAdapterFactoryTest.java,retrofit2.adapter.rxjava.RxJavaCallAdapterFactoryTest,nonRxJavaTypeReturnsNull/0,false,60,3,1,0,1,1,3,4,0,1,0,3,0,0,0,0,0,0,0,0,1,0,0,0,0,0,9,1,0,false
/Users/thiago/Documents/Thiago/CodeToAnalyze/retrofit/retrofit-adapters/rxjava/src/test/java/retrofit2/adapter/rxjava/RxJavaCallAdapterFactoryTest.java,retrofit2.adapter.rxjava.RxJavaCallAdapterFactoryTest,rawBodyTypeThrows/0,false,118,3,1,0,1,3,6,22,0,2,0,6,0,0,0,0,2,0,2,0,2,0,1,2,0,0,20,1,0,false
/Users/thiago/Documents/Thiago/CodeToAnalyze/retrofit/retrofit-adapters/rxjava/src/test/java/retrofit2/adapter/rxjava/RxJavaCallAdapterFactoryTest.java,retrofit2.adapter.rxjava.RxJavaCallAdapterFactoryTest,setUp/0,false,40,3,6,0,6,1,4,3,0,0,0,4,0,0,0,0,0,0,1,0,1,0,0,0,0,0,7,1,0,false
/Users/thiago/Documents/Thiago/CodeToAnalyze/retrofit/retrofit-adapters/rxjava/src/test/java/retrofit2/adapter/rxjava/RxJavaCallAdapterFactoryTest.java,retrofit2.adapter.rxjava.RxJavaCallAdapterFactoryTest,nullSchedulerThrows/0,false,50,2,1,0,1,2,5,9,0,0,0,5,0,0,0,0,1,0,1,0,0,0,1,0,0,0,10,1,0,false
/Users/thiago/Documents/Thiago/CodeToAnalyze/retrofit/retrofit-adapters/rxjava/src/test/java/retrofit2/adapter/rxjava/RxJavaCallAdapterFactoryTest.java,retrofit2.adapter.rxjava.RxJavaCallAdapterFactoryTest,rawResultTypeThrows/0,false,166,5,1,0,1,3,6,22,0,2,0,6,0,0,0,0,2,0,2,0,2,0,1,2,0,0,19,1,0,false
/Users/thiago/Documents/Thiago/CodeToAnalyze/retrofit/retrofit/java-test/src/test/java/retrofit2/RequestFactoryTest.java,retrofit2.RequestFactoryTest$139Example,"method/1[java.util.Map<java.lang.String,java.lang.Object>]",false,2782,5,0,0,0,1,0,3,1,0,1,0,0,0,0,0,0,0,1,0,0,0,0,0,0,0,3,0,0,false
/Users/thiago/Documents/Thiago/CodeToAnalyze/retrofit/retrofit/java-test/src/test/java/retrofit2/RequestFactoryTest.java,retrofit2.RequestFactoryTest,implicitMultipartForbidden/0,false,259,3,1,0,1,2,5,14,0,0,0,5,0,0,0,0,1,0,1,0,0,0,1,0,1,0,21,1,0,false
/Users/thiago/Documents/Thiago/CodeToAnalyze/retrofit/retrofit/java-test/src/test/java/retrofit2/RequestFactoryTest.java,retrofit2.RequestFactoryTest,invalidPathParam/0,false,145,3,1,0,1,2,5,14,0,0,0,5,0,0,0,0,1,0,2,0,0,1,1,0,1,0,23,1,0,false
/Users/thiago/Documents/Thiago/CodeToAnalyze/retrofit/retrofit/java-test/src/test/java/retrofit2/RequestFactoryTest.java,retrofit2.RequestFactoryTest,malformedContentTypeHeaderThrows/0,false,3088,4,1,0,1,2,8,16,0,1,0,8,0,0,0,0,1,0,3,0,1,1,1,0,1,0,19,1,0,false
/Users/thiago/Documents/Thiago/CodeToAnalyze/retrofit/retrofit/java-test/src/test/java/retrofit2/RequestFactoryTest.java,retrofit2.RequestFactoryTest,headVoid/0,false,911,4,1,0,1,1,10,12,0,1,0,10,0,0,0,0,0,0,2,1,1,0,0,0,1,0,9,1,0,false
/Users/thiago/Documents/Thiago/CodeToAnalyze/retrofit/retrofit/java-test/src/test/java/retrofit2/RequestFactoryTest.java,retrofit2.RequestFactoryTest,formEncodedFieldOptional/0,false,2683,5,2,0,2,1,3,9,0,1,0,3,1,1,0,0,0,0,3,0,1,0,0,0,1,0,11,1,0,false
/Users/thiago/Documents/Thiago/CodeToAnalyze/retrofit/retrofit/java-test/src/test/java/retrofit2/RequestFactoryTest.java,retrofit2.RequestFactoryTest,formEncodingFailsOnNonBodyMethod/0,false,375,3,1,0,1,2,5,14,0,0,0,5,0,0,0,0,1,0,1,0,0,0,1,0,1,0,29,1,0,false
/Users/thiago/Documents/Thiago/CodeToAnalyze/retrofit/retrofit/java-test/src/test/java/retrofit2/RequestFactoryTest.java,retrofit2.RequestFactoryTest,getWithPathThenUrlThrows/0,false,1818,3,1,0,1,2,5,14,0,0,0,5,0,0,0,0,1,0,3,0,0,1,1,0,1,0,25,1,0,false
/Users/thiago/Documents/Thiago/CodeToAnalyze/retrofit/retrofit/java-test/src/test/java/retrofit2/RequestFactoryTest.java,retrofit2.RequestFactoryTest,multipartOkHttpIterablePart/0,false,2189,7,1,0,1,1,14,23,0,6,0,14,0,0,0,0,0,0,12,1,6,0,0,0,1,0,24,1,0,false
/Users/thiago/Documents/Thiago/CodeToAnalyze/retrofit/retrofit/java-test/src/test/java/retrofit2/RequestFactoryTest.java,retrofit2.RequestFactoryTest,headerParam/0,false,2970,5,1,0,1,1,11,15,0,2,0,11,0,0,0,0,0,0,7,1,2,0,0,0,1,0,10,1,0,false
/Users/thiago/Documents/Thiago/CodeToAnalyze/retrofit/retrofit/java-test/src/test/java/retrofit2/RequestFactoryTest.java,retrofit2.RequestFactoryTest,formEncodedWithEncodedNameFieldParam/0,false,2670,5,2,0,2,1,3,9,0,1,0,3,1,1,0,0,0,0,2,0,1,0,0,0,1,0,11,1,0,false
/Users/thiago/Documents/Thiago/CodeToAnalyze/retrofit/retrofit/java-test/src/test/java/retrofit2/RequestFactoryTest.java,retrofit2.RequestFactoryTest,implicitMultipartWithPartMapForbidden/0,false,278,3,1,0,1,2,5,14,0,0,0,5,0,0,0,0,1,0,1,0,0,0,1,0,1,0,24,1,0,false
/Users/thiago/Documents/Thiago/CodeToAnalyze/retrofit/retrofit/java-test/src/test/java/retrofit2/RequestFactoryTest.java,retrofit2.RequestFactoryTest,getWithQueryMapThenUrlThrows/0,false,1881,3,1,0,1,2,6,14,0,0,0,6,0,0,0,0,1,0,5,0,0,1,1,0,1,0,24,1,0,false
/Users/thiago/Documents/Thiago/CodeToAnalyze/retrofit/retrofit/java-test/src/test/java/retrofit2/RequestFactoryTest.java,retrofit2.RequestFactoryTest,headersRejectsNull/0,false,798,4,1,0,1,2,5,14,0,0,0,5,0,0,0,0,1,0,2,0,0,1,1,0,1,0,18,1,0,false
/Users/thiago/Documents/Thiago/CodeToAnalyze/retrofit/retrofit/java-test/src/test/java/retrofit2/RequestFactoryTest.java,retrofit2.RequestFactoryTest,getWithQueryParam/0,false,1197,4,1,0,1,1,10,12,0,1,0,10,0,0,0,0,0,0,3,1,1,0,0,0,1,0,11,1,0,false
/Users/thiago/Documents/Thiago/CodeToAnalyze/retrofit/retrofit/java-test/src/test/java/retrofit2/RequestFactoryTest.java,retrofit2.RequestFactoryTest,getWithHttpUrl/0,false,1698,4,1,0,1,1,10,12,0,1,0,10,0,0,0,0,0,0,3,1,1,0,0,0,1,0,11,1,0,false
/Users/thiago/Documents/Thiago/CodeToAnalyze/retrofit/retrofit/java-test/src/test/java/retrofit2/RequestFactoryTest.java,retrofit2.RequestFactoryTest,getWithStringUrl/0,false,1618,4,1,0,1,1,10,12,0,1,0,10,0,0,0,0,0,0,3,1,1,0,0,0,1,0,11,1,0,false
/Users/thiago/Documents/Thiago/CodeToAnalyze/retrofit/retrofit/java-test/src/test/java/retrofit2/RequestFactoryTest.java,retrofit2.RequestFactoryTest,headerMapSupportsSubclasses/0,false,657,4,2,0,2,1,9,15,0,2,0,9,0,0,0,0,0,0,5,1,2,0,0,0,2,0,11,1,0,false
/Users/thiago/Documents/Thiago/CodeToAnalyze/retrofit/retrofit/java-test/src/test/java/retrofit2/RequestFactoryTest.java,retrofit2.RequestFactoryTest,contentTypeAnnotationHeaderAddsHeaderWithNoBodyDelete/0,false,3122,4,1,0,1,1,5,9,0,1,0,5,0,0,0,0,0,0,2,0,1,0,0,0,1,0,15,1,0,false
/Users/thiago/Documents/Thiago/CodeToAnalyze/retrofit/retrofit/java-test/src/test/java/retrofit2/RequestFactoryTest.java,retrofit2.RequestFactoryTest,headersDoNotOverwriteEachOther/0,false,2930,5,1,0,1,1,13,15,0,2,0,13,0,0,0,0,0,0,7,1,2,0,0,0,1,0,13,1,0,false
/Users/thiago/Documents/Thiago/CodeToAnalyze/retrofit/retrofit/java-test/src/test/java/retrofit2/RequestFactoryTest.java,retrofit2.RequestFactoryTest,malformedContentTypeParameterThrows/0,false,3149,4,1,0,1,2,8,16,0,1,0,8,0,0,0,0,1,0,3,0,1,0,1,0,1,0,18,1,0,false
/Users/thiago/Documents/Thiago/CodeToAnalyze/retrofit/retrofit/java-test/src/test/java/retrofit2/RequestFactoryTest.java,retrofit2.RequestFactoryTest,simpleMultipart/0,false,2015,6,1,0,1,1,15,22,0,4,0,15,0,0,0,0,0,0,11,1,4,0,0,0,1,0,20,1,0,false
/Users/thiago/Documents/Thiago/CodeToAnalyze/retrofit/retrofit/java-test/src/test/java/retrofit2/RequestFactoryTest.java,retrofit2.RequestFactoryTest,contentTypeAnnotationHeaderOverridesFormEncoding/0,false,3057,4,1,0,1,1,6,9,0,1,0,6,0,0,0,0,0,0,3,0,1,0,0,0,1,0,13,1,0,false
/Users/thiago/Documents/Thiago/CodeToAnalyze/retrofit/retrofit/java-test/src/test/java/retrofit2/RequestFactoryTest.java,retrofit2.RequestFactoryTest,queryParamMapsConvertedToNullShouldError/0,false,3246,5,5,0,5,2,8,16,0,2,0,8,0,0,0,0,1,0,4,0,2,0,1,0,1,0,30,1,0,false
/Users/thiago/Documents/Thiago/CodeToAnalyze/retrofit/retrofit/java-test/src/test/java/retrofit2/RequestFactoryTest.java,retrofit2.RequestFactoryTest,multipartPartsShouldBeInOrder/0,false,3204,6,1,0,1,1,7,14,0,4,0,7,0,0,0,0,0,0,7,0,4,0,0,0,1,0,20,1,0,false
/Users/thiago/Documents/Thiago/CodeToAnalyze/retrofit/retrofit/java-test/src/test/java/retrofit2/RequestFactoryTest.java,retrofit2.RequestFactoryTest,malformedAnnotationRelativeUrlThrows/0,false,3168,3,1,0,1,2,5,14,0,0,0,5,0,0,0,0,1,0,1,0,0,0,1,0,1,0,14,1,0,false
/Users/thiago/Documents/Thiago/CodeToAnalyze/retrofit/retrofit/java-test/src/test/java/retrofit2/RequestFactoryTest.java,retrofit2.RequestFactoryTest,formEncodedFieldPrimitiveArray/0,false,2727,6,2,0,2,1,3,10,0,2,0,3,1,1,0,0,0,0,2,3,2,0,0,0,1,0,13,1,0,false
/Users/thiago/Documents/Thiago/CodeToAnalyze/retrofit/retrofit/java-test/src/test/java/retrofit2/RequestFactoryTest.java,retrofit2.RequestFactoryTest,getWithEncodedPathParam/0,false,1040,4,1,0,1,1,10,12,0,1,0,10,0,0,0,0,0,0,3,1,1,0,0,0,1,0,12,1,0,false
/Users/thiago/Documents/Thiago/CodeToAnalyze/retrofit/retrofit/java-test/src/test/java/retrofit2/RequestFactoryTest.java,retrofit2.RequestFactoryTest,emptyBody/0,false,1949,5,2,0,2,1,10,12,0,1,0,10,1,1,0,0,0,0,3,1,1,0,0,0,1,0,9,1,0,false
/Users/thiago/Documents/Thiago/CodeToAnalyze/retrofit/retrofit/java-test/src/test/java/retrofit2/RequestFactoryTest.java,retrofit2.RequestFactoryTest,getWithHeadersAndHeaderMap/0,false,772,5,1,0,1,1,15,16,0,3,0,15,0,0,0,0,0,0,13,1,3,0,0,0,1,0,15,1,0,false
/Users/thiago/Documents/Thiago/CodeToAnalyze/retrofit/retrofit/java-test/src/test/java/retrofit2/RequestFactoryTest.java,retrofit2.RequestFactoryTest,getWithUrlThenQuery/0,false,1902,4,1,0,1,1,8,11,0,1,0,8,0,0,0,0,0,0,4,1,1,0,0,0,1,0,12,1,0,false
/Users/thiago/Documents/Thiago/CodeToAnalyze/retrofit/retrofit/java-test/src/test/java/retrofit2/RequestFactoryTest.java,retrofit2.RequestFactoryTest,tagPrimitive/0,false,3334,4,1,0,1,1,4,9,0,1,0,4,0,0,0,0,0,0,0,2,1,0,0,0,1,0,9,1,0,false
/Users/thiago/Documents/Thiago/CodeToAnalyze/retrofit/retrofit/java-test/src/test/java/retrofit2/RequestFactoryTest.java,retrofit2.RequestFactoryTest,getWithQueryParamPrimitiveArray/0,false,1450,5,1,0,1,1,10,13,0,2,0,10,0,0,0,0,0,0,2,5,2,0,0,0,1,0,15,1,0,false
/Users/thiago/Documents/Thiago/CodeToAnalyze/retrofit/retrofit/java-test/src/test/java/retrofit2/RequestFactoryTest.java,retrofit2.RequestFactoryTest,headersFailWhenMalformed/0,false,434,3,1,0,1,2,5,14,0,0,0,5,0,0,0,0,1,0,1,0,0,0,1,0,1,0,20,1,0,false
/Users/thiago/Documents/Thiago/CodeToAnalyze/retrofit/retrofit/java-test/src/test/java/retrofit2/RequestFactoryTest.java,retrofit2.RequestFactoryTest,formEncodedFieldMap/0,false,2760,5,2,0,2,1,4,12,0,2,0,4,1,1,0,0,0,0,5,0,2,0,0,0,1,0,12,1,0,false
/Users/thiago/Documents/Thiago/CodeToAnalyze/retrofit/retrofit/java-test/src/test/java/retrofit2/RequestFactoryTest.java,retrofit2.RequestFactoryTest,getWithQuery/0,false,1268,4,1,0,1,1,10,12,0,1,0,10,0,0,0,0,0,0,2,1,1,0,0,0,1,0,10,1,0,false
/Users/thiago/Documents/Thiago/CodeToAnalyze/retrofit/retrofit/java-test/src/test/java/retrofit2/RequestFactoryTest.java,retrofit2.RequestFactoryTest,implicitFormEncodingByFieldMapForbidden/0,false,356,3,1,0,1,2,5,14,0,0,0,5,0,0,0,0,1,0,1,0,0,0,1,0,1,0,25,1,0,false
/Users/thiago/Documents/Thiago/CodeToAnalyze/retrofit/retrofit/java-test/src/test/java/retrofit2/RequestFactoryTest.java,retrofit2.RequestFactoryTest,tagGeneric/0,false,3347,4,1,0,1,1,5,10,0,2,0,5,0,0,0,0,0,0,2,0,2,0,0,0,1,0,10,1,0,false
/Users/thiago/Documents/Thiago/CodeToAnalyze/retrofit/retrofit/java-test/src/test/java/retrofit2/RequestFactoryTest.java,retrofit2.RequestFactoryTest,getWithQueryMapThenPathThrows/0,false,1343,3,1,0,1,2,6,14,0,0,0,6,0,0,0,0,1,0,5,0,0,1,1,0,1,0,23,1,0,false
/Users/thiago/Documents/Thiago/CodeToAnalyze/retrofit/retrofit/java-test/src/test/java/retrofit2/RequestFactoryTest.java,retrofit2.RequestFactoryTest,customMethodWithBody/0,false,89,6,2,0,2,1,9,12,0,2,0,9,1,1,0,0,0,0,4,0,2,0,0,0,1,0,10,1,0,false
/Users/thiago/Documents/Thiago/CodeToAnalyze/retrofit/retrofit/java-test/src/test/java/retrofit2/RequestFactoryTest.java,retrofit2.RequestFactoryTest,dotDotsOkayWhenNotFullPathSegment/0,false,1162,4,2,0,2,1,6,11,0,0,0,6,1,1,0,0,0,0,6,0,0,0,0,0,1,0,13,1,0,false
/Users/thiago/Documents/Thiago/CodeToAnalyze/retrofit/retrofit/java-test/src/test/java/retrofit2/RequestFactoryTest.java,retrofit2.RequestFactoryTest,fieldMapRejectsNullKeys/0,false,2798,3,1,0,1,2,6,17,0,1,0,6,0,0,0,0,1,0,5,0,1,1,1,0,1,0,19,1,0,false
/Users/thiago/Documents/Thiago/CodeToAnalyze/retrofit/retrofit/java-test/src/test/java/retrofit2/RequestFactoryTest.java,retrofit2.RequestFactoryTest,multipartPartOptional/0,false,2638,3,1,0,1,2,5,14,0,0,0,5,0,0,0,0,1,0,1,0,0,0,1,0,1,0,19,1,0,false
/Users/thiago/Documents/Thiago/CodeToAnalyze/retrofit/retrofit/java-test/src/test/java/retrofit2/RequestFactoryTest.java,retrofit2.RequestFactoryTest,fieldMapSupportsSubclasses/0,false,2869,5,2,0,2,1,7,15,0,3,0,7,0,0,0,0,0,0,3,0,3,0,0,0,2,0,16,1,0,false
/Users/thiago/Documents/Thiago/CodeToAnalyze/retrofit/retrofit/java-test/src/test/java/retrofit2/RequestFactoryTest.java,retrofit2.RequestFactoryTest,getWithQueryParamArray/0,false,1432,4,1,0,1,1,10,13,0,2,0,10,0,0,0,0,0,0,4,3,2,0,0,0,1,0,15,1,0,false
/Users/thiago/Documents/Thiago/CodeToAnalyze/retrofit/retrofit/java-test/src/test/java/retrofit2/RequestFactoryTest.java,retrofit2.RequestFactoryTest,getWithNonStringUrlThrows/0,false,1734,3,1,0,1,2,5,14,0,0,0,5,0,0,0,0,1,0,4,0,0,1,1,0,1,0,20,1,0,false
/Users/thiago/Documents/Thiago/CodeToAnalyze/retrofit/retrofit/java-test/src/test/java/retrofit2/RequestFactoryTest.java,retrofit2.RequestFactoryTest,getWithQueryNameThenPathThrows/0,false,1322,3,1,0,1,2,5,14,0,0,0,5,0,0,0,0,1,0,4,0,0,1,1,0,1,0,23,1,0,false
/Users/thiago/Documents/Thiago/CodeToAnalyze/retrofit/retrofit/java-test/src/test/java/retrofit2/RequestFactoryTest.java,retrofit2.RequestFactoryTest,getWithoutUrlThrows/0,false,1777,3,1,0,1,2,5,14,0,0,0,5,0,0,0,0,1,0,2,0,0,1,1,0,1,0,19,1,0,false
/Users/thiago/Documents/Thiago/CodeToAnalyze/retrofit/retrofit/java-test/src/test/java/retrofit2/RequestFactoryTest.java,retrofit2.RequestFactoryTest,tagGenericDuplicateFails/0,false,3382,3,1,0,1,2,6,14,0,0,0,6,0,0,0,0,1,0,2,0,0,1,1,0,1,0,24,1,0,false
/Users/thiago/Documents/Thiago/CodeToAnalyze/retrofit/retrofit/java-test/src/test/java/retrofit2/RequestFactoryTest.java,retrofit2.RequestFactoryTest,contentTypeAnnotationHeaderAddsHeaderWithNoBodyGet/0,false,3109,4,1,0,1,1,5,9,0,1,0,5,0,0,0,0,0,0,2,0,1,0,0,0,1,0,15,1,0,false
/Users/thiago/Documents/Thiago/CodeToAnalyze/retrofit/retrofit/java-test/src/test/java/retrofit2/RequestFactoryTest.java,retrofit2.RequestFactoryTest,getWithEncodedPathStillPreventsRequestSplitting/0,false,1086,4,1,0,1,1,10,12,0,1,0,10,0,0,0,0,0,0,3,1,1,0,0,0,1,0,16,1,0,false
/Users/thiago/Documents/Thiago/CodeToAnalyze/retrofit/retrofit/java-test/src/test/java/retrofit2/RequestFactoryTest.java,retrofit2.RequestFactoryTest,getWithUrlAbsoluteSameHost/0,false,1682,4,1,0,1,1,10,12,0,1,0,10,0,0,0,0,0,0,3,1,1,0,0,0,1,0,13,1,0,false
/Users/thiago/Documents/Thiago/CodeToAnalyze/retrofit/retrofit/java-test/src/test/java/retrofit2/RequestFactoryTest.java,retrofit2.RequestFactoryTest,multipartArrayOkHttpPart/0,false,2330,3,1,0,1,2,5,14,0,0,0,5,0,0,0,0,1,0,2,0,0,1,1,0,1,0,27,1,0,false
/Users/thiago/Documents/Thiago/CodeToAnalyze/retrofit/retrofit/java-test/src/test/java/retrofit2/RequestFactoryTest.java,retrofit2.RequestFactoryTest,headerParamAllowingUnsafeNonAsciiValues/0,false,2989,5,1,0,1,1,11,15,0,2,0,11,0,0,0,0,0,0,7,1,2,0,0,0,1,0,15,1,0,false
/Users/thiago/Documents/Thiago/CodeToAnalyze/retrofit/retrofit/java-test/src/test/java/retrofit2/RequestFactoryTest.java,retrofit2.RequestFactoryTest,simpleFormEncoded/0,false,2655,6,2,0,2,1,7,11,0,2,0,7,1,1,0,0,0,0,4,0,2,0,0,0,1,0,15,1,0,false
/Users/thiago/Documents/Thiago/CodeToAnalyze/retrofit/retrofit/java-test/src/test/java/retrofit2/RequestFactoryTest.java,retrofit2.RequestFactoryTest,queryMapRejectsNullKeys/0,false,566,3,1,0,1,2,6,17,0,1,0,6,0,0,0,0,1,0,5,0,1,1,1,0,1,0,20,1,0,false
/Users/thiago/Documents/Thiago/CodeToAnalyze/retrofit/retrofit/java-test/src/test/java/retrofit2/RequestFactoryTest.java,retrofit2.RequestFactoryTest,getWithUnusedAndInvalidNamedPathParam/0,false,1024,4,1,0,1,1,10,12,0,1,0,10,0,0,0,0,0,0,3,1,1,0,0,0,1,0,16,1,0,false
/Users/thiago/Documents/Thiago/CodeToAnalyze/retrofit/retrofit/java-test/src/test/java/retrofit2/RequestFactoryTest.java,retrofit2.RequestFactoryTest,queryParamOptional/0,false,1240,4,1,0,1,1,5,9,0,1,0,5,0,0,0,0,0,0,3,0,1,0,0,0,1,0,11,1,0,false
/Users/thiago/Documents/Thiago/CodeToAnalyze/retrofit/retrofit/java-test/src/test/java/retrofit2/RequestFactoryTest.java,retrofit2.RequestFactoryTest,multipartPartMapMustBeMap/0,false,2569,3,1,0,1,2,6,14,0,0,0,6,0,0,0,0,1,0,1,0,0,0,1,0,1,0,19,1,0,false
/Users/thiago/Documents/Thiago/CodeToAnalyze/retrofit/retrofit/java-test/src/test/java/retrofit2/RequestFactoryTest.java,retrofit2.RequestFactoryTest,twoBodies/0,false,842,3,1,0,1,2,5,14,0,0,0,5,0,0,0,0,1,0,1,0,0,0,1,0,1,0,14,1,0,false
/Users/thiago/Documents/Thiago/CodeToAnalyze/retrofit/retrofit/java-test/src/test/java/retrofit2/RequestFactoryTest.java,retrofit2.RequestFactoryTest,parameterWithoutAnnotation/0,false,473,3,1,0,1,2,5,14,0,0,0,5,0,0,0,0,1,0,1,0,0,0,1,0,1,0,15,1,0,false
/Users/thiago/Documents/Thiago/CodeToAnalyze/retrofit/retrofit/java-test/src/test/java/retrofit2/RequestFactoryTest.java,retrofit2.RequestFactoryTest,queryMapRejectsNullValues/0,false,590,3,1,0,1,2,6,17,0,1,0,6,0,0,0,0,1,0,5,0,1,1,1,0,1,0,22,1,0,false
/Users/thiago/Documents/Thiago/CodeToAnalyze/retrofit/retrofit/java-test/src/test/java/retrofit2/RequestFactoryTest.java,retrofit2.RequestFactoryTest,headerMapRejectsNullKeys/0,false,697,3,1,0,1,2,6,17,0,1,0,6,0,0,0,0,1,0,5,0,1,1,1,0,1,0,20,1,0,false
/Users/thiago/Documents/Thiago/CodeToAnalyze/retrofit/retrofit/java-test/src/test/java/retrofit2/RequestFactoryTest.java,retrofit2.RequestFactoryTest,fieldMapRejectsNull/0,false,2778,3,1,0,1,2,5,14,0,0,0,5,0,0,0,0,1,0,2,0,0,1,1,0,1,0,18,1,0,false
/Users/thiago/Documents/Thiago/CodeToAnalyze/retrofit/retrofit/java-test/src/test/java/retrofit2/RequestFactoryTest.java,retrofit2.RequestFactoryTest,pathParamRequired/0,false,1178,3,1,0,1,2,5,14,0,0,0,5,0,0,0,0,1,0,2,0,0,1,1,0,1,0,19,1,0,false
/Users/thiago/Documents/Thiago/CodeToAnalyze/retrofit/retrofit/java-test/src/test/java/retrofit2/RequestFactoryTest.java,retrofit2.RequestFactoryTest,implicitFormEncodingByFieldForbidden/0,false,337,3,1,0,1,2,5,14,0,0,0,5,0,0,0,0,1,0,1,0,0,0,1,0,1,0,24,1,0,false
/Users/thiago/Documents/Thiago/CodeToAnalyze/retrofit/retrofit/java-test/src/test/java/retrofit2/RequestFactoryTest.java,retrofit2.RequestFactoryTest,multipleParameterAnnotationsNotAllowed/0,false,186,3,1,0,1,2,5,14,0,0,0,5,0,0,0,0,1,0,1,0,0,0,1,0,1,0,20,1,0,false
/Users/thiago/Documents/Thiago/CodeToAnalyze/retrofit/retrofit/java-test/src/test/java/retrofit2/RequestFactoryTest.java,retrofit2.RequestFactoryTest,formEncodedFieldArray/0,false,2712,5,2,0,2,1,3,10,0,2,0,3,1,1,0,0,0,0,3,2,2,0,0,0,1,0,13,1,0,false
/Users/thiago/Documents/Thiago/CodeToAnalyze/retrofit/retrofit/java-test/src/test/java/retrofit2/RequestFactoryTest.java,retrofit2.RequestFactoryTest,queryParamsSkippedIfConvertedToNull/0,false,3227,6,5,0,5,1,7,10,0,2,0,7,0,0,0,0,0,0,3,0,2,0,0,0,1,0,18,1,0,false
/Users/thiago/Documents/Thiago/CodeToAnalyze/retrofit/retrofit/java-test/src/test/java/retrofit2/RequestFactoryTest.java,retrofit2.RequestFactoryTest,getWithPathAndQueryAmpersandParam/0,false,1381,4,1,0,1,1,10,12,0,1,0,10,0,0,0,0,0,0,4,1,1,0,0,0,1,0,15,1,0,false
/Users/thiago/Documents/Thiago/CodeToAnalyze/retrofit/retrofit/java-test/src/test/java/retrofit2/RequestFactoryTest.java,retrofit2.RequestFactoryTest,multipleParameterAnnotationsOnlyOneRetrofitAllowed/0,false,207,4,1,0,1,1,5,9,0,1,0,5,0,0,0,0,0,0,2,0,1,0,0,0,1,0,13,1,0,false
/Users/thiago/Documents/Thiago/CodeToAnalyze/retrofit/retrofit/java-test/src/test/java/retrofit2/RequestFactoryTest.java,retrofit2.RequestFactoryTest,simpleHeaders/0,false,2890,5,1,0,1,1,11,15,0,2,0,11,0,0,0,0,0,0,6,1,2,0,0,0,1,0,10,1,0,false
/Users/thiago/Documents/Thiago/CodeToAnalyze/retrofit/retrofit/java-test/src/test/java/retrofit2/RequestFactoryTest.java,retrofit2.RequestFactoryTest,tag/0,false,3321,4,1,0,1,1,4,9,0,1,0,4,0,0,0,0,0,0,2,0,1,0,0,0,1,0,6,1,0,false
/Users/thiago/Documents/Thiago/CodeToAnalyze/retrofit/retrofit/java-test/src/test/java/retrofit2/RequestFactoryTest.java,retrofit2.RequestFactoryTest,delete/0,false,896,4,1,0,1,1,10,12,0,1,0,10,0,0,0,0,0,0,2,1,1,0,0,0,1,0,9,1,0,false
/Users/thiago/Documents/Thiago/CodeToAnalyze/retrofit/retrofit/java-test/src/test/java/retrofit2/RequestFactoryTest.java,retrofit2.RequestFactoryTest,options/0,false,994,4,1,0,1,1,10,12,0,1,0,10,0,0,0,0,0,0,2,1,1,0,0,0,1,0,8,1,0,false
/Users/thiago/Documents/Thiago/CodeToAnalyze/retrofit/retrofit/java-test/src/test/java/retrofit2/RequestFactoryTest.java,retrofit2.RequestFactoryTest,multipartPartMapSupportsSubclasses/0,false,2590,5,2,0,2,1,7,17,0,4,0,7,0,0,0,0,0,0,4,0,4,0,0,0,2,0,19,1,0,false
/Users/thiago/Documents/Thiago/CodeToAnalyze/retrofit/retrofit/java-test/src/test/java/retrofit2/RequestFactoryTest.java,retrofit2.RequestFactoryTest,formEncodedFieldList/0,false,2697,5,2,0,2,1,4,10,0,2,0,4,1,1,0,0,0,0,4,1,2,0,0,0,1,0,13,1,0,false
/Users/thiago/Documents/Thiago/CodeToAnalyze/retrofit/retrofit/java-test/src/test/java/retrofit2/RequestFactoryTest.java,retrofit2.RequestFactoryTest,getWithEncodedQueryNameParam/0,false,1483,4,1,0,1,1,10,12,0,1,0,10,0,0,0,0,0,0,3,1,1,0,0,0,1,0,13,1,0,false
/Users/thiago/Documents/Thiago/CodeToAnalyze/retrofit/retrofit/java-test/src/test/java/retrofit2/RequestFactoryTest.java,retrofit2.RequestFactoryTest,multipartPartMapRejectsNullValues/0,false,2543,4,1,0,1,2,7,17,0,1,0,7,0,0,0,0,1,0,5,0,1,1,1,0,1,0,23,1,0,false
/Users/thiago/Documents/Thiago/CodeToAnalyze/retrofit/retrofit/java-test/src/test/java/retrofit2/RequestFactoryTest.java,retrofit2.RequestFactoryTest,getWithEncodedPathSegments/0,false,1055,4,1,0,1,1,10,12,0,1,0,10,0,0,0,0,0,0,3,1,1,0,0,0,1,0,15,1,0,false
/Users/thiago/Documents/Thiago/CodeToAnalyze/retrofit/retrofit/java-test/src/test/java/retrofit2/RequestFactoryTest.java,retrofit2.RequestFactoryTest,getWithEncodedQueryParam/0,false,1212,4,1,0,1,1,10,12,0,1,0,10,0,0,0,0,0,0,3,1,1,0,0,0,1,0,12,1,0,false
/Users/thiago/Documents/Thiago/CodeToAnalyze/retrofit/retrofit/java-test/src/test/java/retrofit2/RequestFactoryTest.java,retrofit2.RequestFactoryTest,multipartArrayRequiresName/0,false,2119,3,1,0,1,2,5,14,0,0,0,5,0,0,0,0,1,0,2,0,0,1,1,0,1,0,23,1,0,false
/Users/thiago/Documents/Thiago/CodeToAnalyze/retrofit/retrofit/java-test/src/test/java/retrofit2/RequestFactoryTest.java,retrofit2.RequestFactoryTest,bodyInNonBodyRequest/0,false,861,3,1,0,1,2,5,14,0,0,0,5,0,0,0,0,1,0,1,0,0,0,1,0,1,0,24,1,0,false
/Users/thiago/Documents/Thiago/CodeToAnalyze/retrofit/retrofit/java-test/src/test/java/retrofit2/RequestFactoryTest.java,retrofit2.RequestFactoryTest,formEncodingFailsWithNoParts/0,false,395,3,1,0,1,2,5,14,0,0,0,5,0,0,0,0,1,0,1,0,0,0,1,0,1,0,22,1,0,false
/Users/thiago/Documents/Thiago/CodeToAnalyze/retrofit/retrofit/java-test/src/test/java/retrofit2/RequestFactoryTest.java,retrofit2.RequestFactoryTest,"assertBody/2[retrofit2.RequestBody,java.lang.String]",false,3402,2,17,17,0,2,5,11,0,1,2,5,0,0,0,0,1,0,0,0,1,0,1,0,0,0,13,10,0,false
/Users/thiago/Documents/Thiago/CodeToAnalyze/retrofit/retrofit/java-test/src/test/java/retrofit2/RequestFactoryTest.java,retrofit2.RequestFactoryTest,getWithQueryUrlAndParam/0,false,1253,4,1,0,1,1,10,12,0,1,0,10,0,0,0,0,0,0,3,1,1,0,0,0,1,0,15,1,0,false
/Users/thiago/Documents/Thiago/CodeToAnalyze/retrofit/retrofit/java-test/src/test/java/retrofit2/RequestFactoryTest.java,retrofit2.RequestFactoryTest,multipartArray/0,false,2046,6,1,0,1,1,12,21,0,4,0,12,0,0,0,0,0,0,10,1,4,0,0,0,1,0,19,1,0,false
/Users/thiago/Documents/Thiago/CodeToAnalyze/retrofit/retrofit/java-test/src/test/java/retrofit2/RequestFactoryTest.java,retrofit2.RequestFactoryTest,getWithEncodedQueryParamMap/0,false,1581,4,1,0,1,1,11,15,0,2,0,11,0,0,0,0,0,0,6,1,2,0,0,0,1,0,14,1,0,false
/Users/thiago/Documents/Thiago/CodeToAnalyze/retrofit/retrofit/java-test/src/test/java/retrofit2/RequestFactoryTest.java,retrofit2.RequestFactoryTest,queryMapMustBeAMap/0,false,510,3,1,0,1,2,5,14,0,0,0,5,0,0,0,0,1,0,1,0,0,0,1,0,1,0,19,1,0,false
/Users/thiago/Documents/Thiago/CodeToAnalyze/retrofit/retrofit/java-test/src/test/java/retrofit2/RequestFactoryTest.java,retrofit2.RequestFactoryTest,headerMapRejectsNull/0,false,677,3,1,0,1,2,5,14,0,0,0,5,0,0,0,0,1,0,2,0,0,1,1,0,1,0,18,1,0,false
/Users/thiago/Documents/Thiago/CodeToAnalyze/retrofit/retrofit/java-test/src/test/java/retrofit2/RequestFactoryTest.java,retrofit2.RequestFactoryTest,queryMapRejectsNull/0,false,547,3,1,0,1,2,5,14,0,0,0,5,0,0,0,0,1,0,2,0,0,1,1,0,1,0,18,1,0,false
/Users/thiago/Documents/Thiago/CodeToAnalyze/retrofit/retrofit/java-test/src/test/java/retrofit2/RequestFactoryTest.java,retrofit2.RequestFactoryTest,getWithQueryNameParamPrimitiveArray/0,false,1544,5,1,0,1,1,10,13,0,2,0,10,0,0,0,0,0,0,2,5,2,0,0,0,1,0,15,1,0,false
/Users/thiago/Documents/Thiago/CodeToAnalyze/retrofit/retrofit/java-test/src/test/java/retrofit2/RequestFactoryTest.java,retrofit2.RequestFactoryTest,getWithPathAndQueryHashParam/0,false,1397,4,1,0,1,1,10,12,0,1,0,10,0,0,0,0,0,0,4,1,1,0,0,0,1,0,14,1,0,false
/Users/thiago/Documents/Thiago/CodeToAnalyze/retrofit/retrofit/java-test/src/test/java/retrofit2/RequestFactoryTest.java,retrofit2.RequestFactoryTest,getWithNullUrl/0,false,1714,4,1,0,1,2,5,14,0,0,0,5,0,0,0,0,1,0,2,0,0,1,1,0,1,0,18,1,0,false
/Users/thiago/Documents/Thiago/CodeToAnalyze/retrofit/retrofit/java-test/src/test/java/retrofit2/RequestFactoryTest.java,retrofit2.RequestFactoryTest,multipartRequiresName/0,false,2075,3,1,0,1,2,5,14,0,0,0,5,0,0,0,0,1,0,2,0,0,1,1,0,1,0,22,1,0,false
/Users/thiago/Documents/Thiago/CodeToAnalyze/retrofit/retrofit/java-test/src/test/java/retrofit2/RequestFactoryTest.java,retrofit2.RequestFactoryTest,multipartOkHttpPart/0,false,2163,7,1,0,1,1,13,19,0,5,0,13,0,0,0,0,0,0,7,1,5,0,0,0,1,0,22,1,0,false
/Users/thiago/Documents/Thiago/CodeToAnalyze/retrofit/retrofit/java-test/src/test/java/retrofit2/RequestFactoryTest.java,retrofit2.RequestFactoryTest,multipartNullRemovesPart/0,false,2614,6,1,0,1,1,12,18,0,4,0,12,0,0,0,0,0,0,6,1,4,0,0,0,1,0,21,1,0,false
/Users/thiago/Documents/Thiago/CodeToAnalyze/retrofit/retrofit/java-test/src/test/java/retrofit2/RequestFactoryTest.java,retrofit2.RequestFactoryTest,fieldParamsSkippedIfConvertedToNull/0,false,3273,6,5,0,5,1,7,10,0,2,0,7,0,0,0,0,0,0,3,0,2,0,0,0,1,0,18,1,0,false
/Users/thiago/Documents/Thiago/CodeToAnalyze/retrofit/retrofit/java-test/src/test/java/retrofit2/RequestFactoryTest.java,retrofit2.RequestFactoryTest,queryParamOptionalOmitsQuery/0,false,1228,4,1,0,1,1,5,9,0,1,0,5,0,0,0,0,0,0,1,0,1,0,0,0,1,0,13,1,0,false
/Users/thiago/Documents/Thiago/CodeToAnalyze/retrofit/retrofit/java-test/src/test/java/retrofit2/RequestFactoryTest.java,retrofit2.RequestFactoryTest,fieldMapRejectsNullValues/0,false,2823,3,1,0,1,2,6,17,0,1,0,6,0,0,0,0,1,0,5,0,1,1,1,0,1,0,21,1,0,false
/Users/thiago/Documents/Thiago/CodeToAnalyze/retrofit/retrofit/java-test/src/test/java/retrofit2/RequestFactoryTest.java,retrofit2.RequestFactoryTest,pathParamNotAllowedInQuery/0,false,166,3,1,0,1,2,5,14,0,0,0,5,0,0,0,0,1,0,2,0,0,1,1,0,1,0,27,1,0,false
/Users/thiago/Documents/Thiago/CodeToAnalyze/retrofit/retrofit/java-test/src/test/java/retrofit2/RequestFactoryTest.java,retrofit2.RequestFactoryTest,getWithStringUrlAbsolute/0,false,1650,4,1,0,1,1,10,12,0,1,0,10,0,0,0,0,0,0,3,1,1,0,0,0,1,0,12,1,0,false
/Users/thiago/Documents/Thiago/CodeToAnalyze/retrofit/retrofit/java-test/src/test/java/retrofit2/RequestFactoryTest.java,retrofit2.RequestFactoryTest,onlyOneEncodingIsAllowedFormEncodingFirst/0,false,125,3,1,0,1,2,5,14,0,0,0,5,0,0,0,0,1,0,1,0,0,0,1,0,1,0,21,1,0,false
/Users/thiago/Documents/Thiago/CodeToAnalyze/retrofit/retrofit/java-test/src/test/java/retrofit2/RequestFactoryTest.java,retrofit2.RequestFactoryTest,getWithQueryNameThenUrlThrows/0,false,1860,3,1,0,1,2,6,14,0,0,0,6,0,0,0,0,1,0,5,0,0,1,1,0,1,0,24,1,0,false
/Users/thiago/Documents/Thiago/CodeToAnalyze/retrofit/retrofit/java-test/src/test/java/retrofit2/RequestFactoryTest.java,retrofit2.RequestFactoryTest,getWithHeaders/0,false,747,5,1,0,1,1,14,15,0,2,0,14,0,0,0,0,0,0,13,1,2,0,0,0,1,0,11,1,0,false
/Users/thiago/Documents/Thiago/CodeToAnalyze/retrofit/retrofit/java-test/src/test/java/retrofit2/RequestFactoryTest.java,retrofit2.RequestFactoryTest,multipartPartMapRejectsOkHttpPartValues/0,false,2475,3,1,0,1,2,5,14,0,0,0,5,0,0,0,0,1,0,2,0,0,1,1,0,1,0,28,1,0,false
/Users/thiago/Documents/Thiago/CodeToAnalyze/retrofit/retrofit/java-test/src/test/java/retrofit2/RequestFactoryTest.java,retrofit2.RequestFactoryTest,multipartOkHttpPartForbidsName/0,false,2141,3,1,0,1,2,5,14,0,0,0,5,0,0,0,0,1,0,2,0,0,1,1,0,1,0,28,1,0,false
/Users/thiago/Documents/Thiago/CodeToAnalyze/retrofit/retrofit/java-test/src/test/java/retrofit2/RequestFactoryTest.java,retrofit2.RequestFactoryTest,put/0,false,962,6,2,0,2,1,11,13,0,2,0,11,1,1,0,0,0,0,4,1,2,0,0,0,1,0,10,1,0,false
/Users/thiago/Documents/Thiago/CodeToAnalyze/retrofit/retrofit/java-test/src/test/java/retrofit2/RequestFactoryTest.java,retrofit2.RequestFactoryTest,headerParamList/0,false,3009,5,1,0,1,1,13,14,0,2,0,13,0,0,0,0,0,0,7,1,2,0,0,0,1,0,11,1,0,false
/Users/thiago/Documents/Thiago/CodeToAnalyze/retrofit/retrofit/java-test/src/test/java/retrofit2/RequestFactoryTest.java,retrofit2.RequestFactoryTest,malformedParameterRelativeUrlThrows/0,false,3186,3,1,0,1,2,5,14,0,0,0,5,0,0,0,0,1,0,2,0,0,0,1,0,1,0,14,1,0,false
/Users/thiago/Documents/Thiago/CodeToAnalyze/retrofit/retrofit/java-test/src/test/java/retrofit2/RequestFactoryTest.java,retrofit2.RequestFactoryTest,getWithHeaderMapAllowingUnsafeNonAsciiValues/0,false,819,4,1,0,1,1,12,17,0,2,0,12,0,0,0,0,0,0,10,1,2,0,0,0,1,0,15,1,0,false
/Users/thiago/Documents/Thiago/CodeToAnalyze/retrofit/retrofit/java-test/src/test/java/retrofit2/RequestFactoryTest.java,retrofit2.RequestFactoryTest,pathParametersAndPathTraversal/0,false,1101,4,2,0,2,1,6,16,0,0,0,6,1,1,0,0,0,0,16,0,0,0,0,0,1,0,12,1,0,false
/Users/thiago/Documents/Thiago/CodeToAnalyze/retrofit/retrofit/java-test/src/test/java/retrofit2/RequestFactoryTest.java,retrofit2.RequestFactoryTest,headersFailWhenEmptyOnMethod/0,false,415,3,1,0,1,2,5,14,0,0,0,5,0,0,0,0,1,0,1,0,0,0,1,0,1,0,18,1,0,false
/Users/thiago/Documents/Thiago/CodeToAnalyze/retrofit/retrofit/java-test/src/test/java/retrofit2/RequestFactoryTest.java,retrofit2.RequestFactoryTest,queryNameParamOptionalOmitsQuery/0,false,1498,4,1,0,1,1,5,9,0,1,0,5,0,0,0,0,0,0,1,0,1,0,0,0,1,0,14,1,0,false
/Users/thiago/Documents/Thiago/CodeToAnalyze/retrofit/retrofit/java-test/src/test/java/retrofit2/RequestFactoryTest.java,retrofit2.RequestFactoryTest,getWithJavaUriUrlAbsolute/0,false,1666,4,1,0,1,1,11,12,0,1,0,11,0,0,0,0,0,0,3,1,1,0,0,0,1,0,13,1,0,false
/Users/thiago/Documents/Thiago/CodeToAnalyze/retrofit/retrofit/java-test/src/test/java/retrofit2/RequestFactoryTest.java,retrofit2.RequestFactoryTest,getWithQueryThenUrlThrows/0,false,1839,3,1,0,1,2,5,14,0,0,0,5,0,0,0,0,1,0,4,0,0,1,1,0,1,0,23,1,0,false
/Users/thiago/Documents/Thiago/CodeToAnalyze/retrofit/retrofit/java-test/src/test/java/retrofit2/RequestFactoryTest.java,retrofit2.RequestFactoryTest,fieldMapMustBeAMap/0,false,2849,3,1,0,1,2,5,14,0,0,0,5,0,0,0,0,1,0,1,0,0,0,1,0,1,0,19,1,0,false
/Users/thiago/Documents/Thiago/CodeToAnalyze/retrofit/retrofit/java-test/src/test/java/retrofit2/RequestFactoryTest.java,retrofit2.RequestFactoryTest,getWithJavaUriUrl/0,false,1634,4,1,0,1,1,11,12,0,1,0,11,0,0,0,0,0,0,3,1,1,0,0,0,1,0,12,1,0,false
/Users/thiago/Documents/Thiago/CodeToAnalyze/retrofit/retrofit/java-test/src/test/java/retrofit2/RequestFactoryTest.java,retrofit2.RequestFactoryTest,getWithQueryThenPathThrows/0,false,1301,3,1,0,1,2,5,14,0,0,0,5,0,0,0,0,1,0,4,0,0,1,1,0,1,0,22,1,0,false
/Users/thiago/Documents/Thiago/CodeToAnalyze/retrofit/retrofit/java-test/src/test/java/retrofit2/RequestFactoryTest.java,retrofit2.RequestFactoryTest,getAbsoluteUrl/0,false,1602,4,1,0,1,1,10,12,0,1,0,10,0,0,0,0,0,0,2,1,1,0,0,0,1,0,10,1,0,false
/Users/thiago/Documents/Thiago/CodeToAnalyze/retrofit/retrofit/java-test/src/test/java/retrofit2/RequestFactoryTest.java,retrofit2.RequestFactoryTest,customMethodEmptyBody/0,false,1964,5,2,0,2,1,10,12,0,1,0,10,1,1,0,0,0,0,3,1,1,0,0,0,1,0,11,1,0,false
/Users/thiago/Documents/Thiago/CodeToAnalyze/retrofit/retrofit/java-test/src/test/java/retrofit2/RequestFactoryTest.java,retrofit2.RequestFactoryTest,headerMapRejectsNullValues/0,false,722,3,1,0,1,2,6,17,0,1,0,6,0,0,0,0,1,0,5,0,1,1,1,0,1,0,22,1,0,false
/Users/thiago/Documents/Thiago/CodeToAnalyze/retrofit/retrofit/java-test/src/test/java/retrofit2/RequestFactoryTest.java,retrofit2.RequestFactoryTest,multipartPartMapRejectsNullKeys/0,false,2517,4,1,0,1,2,7,17,0,1,0,7,0,0,0,0,1,0,5,0,1,1,1,0,1,0,21,1,0,false
/Users/thiago/Documents/Thiago/CodeToAnalyze/retrofit/retrofit/java-test/src/test/java/retrofit2/RequestFactoryTest.java,retrofit2.RequestFactoryTest,lackingMethod/0,false,241,3,1,0,1,2,5,14,0,0,0,5,0,0,0,0,1,0,1,0,0,0,1,0,1,0,15,1,0,false
/Users/thiago/Documents/Thiago/CodeToAnalyze/retrofit/retrofit/java-test/src/test/java/retrofit2/RequestFactoryTest.java,retrofit2.RequestFactoryTest,getWithPathParam/0,false,1009,4,1,0,1,1,10,12,0,1,0,10,0,0,0,0,0,0,3,1,1,0,0,0,1,0,11,1,0,false
/Users/thiago/Documents/Thiago/CodeToAnalyze/retrofit/retrofit/java-test/src/test/java/retrofit2/RequestFactoryTest.java,retrofit2.RequestFactoryTest,fieldParamMapsConvertedToNullShouldError/0,false,3293,5,5,0,5,2,8,16,0,2,0,8,0,0,0,0,1,0,4,0,2,0,1,0,1,0,31,1,0,false
/Users/thiago/Documents/Thiago/CodeToAnalyze/retrofit/retrofit/java-test/src/test/java/retrofit2/RequestFactoryTest.java,retrofit2.RequestFactoryTest,twoMethodsFail/0,false,219,3,1,0,1,2,5,14,0,0,0,5,0,0,0,0,1,0,2,0,0,0,1,0,1,0,23,1,0,false
/Users/thiago/Documents/Thiago/CodeToAnalyze/retrofit/retrofit/java-test/src/test/java/retrofit2/RequestFactoryTest.java,retrofit2.RequestFactoryTest,multipartPartMapWithEncoding/0,false,2418,6,1,0,1,1,14,26,0,5,0,14,0,0,0,0,0,0,14,1,5,0,0,0,1,0,24,1,0,false
/Users/thiago/Documents/Thiago/CodeToAnalyze/retrofit/retrofit/java-test/src/test/java/retrofit2/RequestFactoryTest.java,retrofit2.RequestFactoryTest,multipartIterable/0,false,2279,6,1,0,1,1,13,21,0,4,0,13,0,0,0,0,0,0,10,1,4,0,0,0,1,0,19,1,0,false
/Users/thiago/Documents/Thiago/CodeToAnalyze/retrofit/retrofit/java-test/src/test/java/retrofit2/RequestFactoryTest.java,retrofit2.RequestFactoryTest,getWithUnencodedPathSegmentsPreventsRequestSplitting/0,false,1070,4,1,0,1,1,10,12,0,1,0,10,0,0,0,0,0,0,3,1,1,0,0,0,1,0,14,1,0,false
/Users/thiago/Documents/Thiago/CodeToAnalyze/retrofit/retrofit/java-test/src/test/java/retrofit2/RequestFactoryTest.java,retrofit2.RequestFactoryTest,getWithUrlThenPathThrows/0,false,1797,3,1,0,1,2,5,14,0,0,0,5,0,0,0,0,1,0,3,0,0,1,1,0,1,0,23,1,0,false
/Users/thiago/Documents/Thiago/CodeToAnalyze/retrofit/retrofit/java-test/src/test/java/retrofit2/RequestFactoryTest.java,retrofit2.RequestFactoryTest,postWithUrl/0,false,1917,6,2,0,2,1,11,13,0,2,0,11,1,1,0,0,0,0,5,1,2,0,0,0,1,0,11,1,0,false
/Users/thiago/Documents/Thiago/CodeToAnalyze/retrofit/retrofit/java-test/src/test/java/retrofit2/RequestFactoryTest.java,retrofit2.RequestFactoryTest,headerParamArray/0,false,3026,5,1,0,1,1,12,14,0,2,0,12,0,0,0,0,0,0,7,1,2,0,0,0,1,0,12,1,0,false
/Users/thiago/Documents/Thiago/CodeToAnalyze/retrofit/retrofit/java-test/src/test/java/retrofit2/RequestFactoryTest.java,retrofit2.RequestFactoryTest,customMethodNoBody/0,false,74,4,1,0,1,1,8,11,0,1,0,8,0,0,0,0,0,0,2,0,1,0,0,0,1,0,9,1,0,false
/Users/thiago/Documents/Thiago/CodeToAnalyze/retrofit/retrofit/java-test/src/test/java/retrofit2/RequestFactoryTest.java,retrofit2.RequestFactoryTest,headerMapMustBeAMapOrHeaders/0,false,637,3,1,0,1,2,5,14,0,0,0,5,0,0,0,0,1,0,1,0,0,0,1,0,1,0,22,1,0,false
/Users/thiago/Documents/Thiago/CodeToAnalyze/retrofit/retrofit/java-test/src/test/java/retrofit2/RequestFactoryTest.java,retrofit2.RequestFactoryTest,getWithHeaderMap/0,false,615,4,1,0,1,1,12,17,0,2,0,12,0,0,0,0,0,0,10,1,2,0,0,0,1,0,10,1,0,false
/Users/thiago/Documents/Thiago/CodeToAnalyze/retrofit/retrofit/java-test/src/test/java/retrofit2/RequestFactoryTest.java,retrofit2.RequestFactoryTest,multipartWithEncoding/0,false,2352,6,1,0,1,1,13,23,0,4,0,13,0,0,0,0,0,0,12,1,4,0,0,0,1,0,21,1,0,false
/Users/thiago/Documents/Thiago/CodeToAnalyze/retrofit/retrofit/java-test/src/test/java/retrofit2/RequestFactoryTest.java,retrofit2.RequestFactoryTest,post/0,false,946,6,2,0,2,1,11,13,0,2,0,11,1,1,0,0,0,0,4,1,2,0,0,0,1,0,10,1,0,false
/Users/thiago/Documents/Thiago/CodeToAnalyze/retrofit/retrofit/java-test/src/test/java/retrofit2/RequestFactoryTest.java,retrofit2.RequestFactoryTest,getWithPathAndQueryQuestionMarkParam/0,false,1364,4,1,0,1,1,10,12,0,1,0,10,0,0,0,0,0,0,4,1,1,0,0,0,1,0,15,1,0,false
/Users/thiago/Documents/Thiago/CodeToAnalyze/retrofit/retrofit/java-test/src/test/java/retrofit2/RequestFactoryTest.java,retrofit2.RequestFactoryTest,getWithQueryNameParamList/0,false,1510,4,1,0,1,1,11,13,0,2,0,11,0,0,0,0,0,0,4,3,2,0,0,0,1,0,15,1,0,false
/Users/thiago/Documents/Thiago/CodeToAnalyze/retrofit/retrofit/java-test/src/test/java/retrofit2/RequestFactoryTest.java,retrofit2.RequestFactoryTest,getWithQueryNameParam/0,false,1468,4,1,0,1,1,10,12,0,1,0,10,0,0,0,0,0,0,3,1,1,0,0,0,1,0,12,1,0,false
/Users/thiago/Documents/Thiago/CodeToAnalyze/retrofit/retrofit/java-test/src/test/java/retrofit2/RequestFactoryTest.java,retrofit2.RequestFactoryTest,multipartFailsOnNonBodyMethod/0,false,297,3,1,0,1,2,5,14,0,0,0,5,0,0,0,0,1,0,1,0,0,0,1,0,1,0,28,1,0,false
/Users/thiago/Documents/Thiago/CodeToAnalyze/retrofit/retrofit/java-test/src/test/java/retrofit2/RequestFactoryTest.java,retrofit2.RequestFactoryTest,bodyWithPathParams/0,false,1998,6,2,0,2,1,11,13,0,2,0,11,1,1,0,0,0,0,6,1,2,0,0,0,1,0,14,1,0,false
/Users/thiago/Documents/Thiago/CodeToAnalyze/retrofit/retrofit/java-test/src/test/java/retrofit2/RequestFactoryTest.java,retrofit2.RequestFactoryTest,formEncodedWithEncodedNameFieldParamMap/0,false,2742,5,2,0,2,1,4,12,0,2,0,4,1,1,0,0,0,0,5,0,2,0,0,0,1,0,13,1,0,false
/Users/thiago/Documents/Thiago/CodeToAnalyze/retrofit/retrofit/java-test/src/test/java/retrofit2/RequestFactoryTest.java,retrofit2.RequestFactoryTest,getWithQueryNameParamArray/0,false,1527,4,1,0,1,1,10,13,0,2,0,10,0,0,0,0,0,0,4,3,2,0,0,0,1,0,15,1,0,false
/Users/thiago/Documents/Thiago/CodeToAnalyze/retrofit/retrofit/java-test/src/test/java/retrofit2/RequestFactoryTest.java,retrofit2.RequestFactoryTest,multipartIterableOkHttpPart/0,false,2308,3,1,0,1,2,5,14,0,0,0,5,0,0,0,0,1,0,2,0,0,1,1,0,1,0,27,1,0,false
/Users/thiago/Documents/Thiago/CodeToAnalyze/retrofit/retrofit/java-test/src/test/java/retrofit2/RequestFactoryTest.java,retrofit2.RequestFactoryTest,queryMapSupportsSubclasses/0,false,529,4,2,0,2,1,6,13,0,2,0,6,0,0,0,0,0,0,3,0,2,0,0,0,2,0,11,1,0,false
/Users/thiago/Documents/Thiago/CodeToAnalyze/retrofit/retrofit/java-test/src/test/java/retrofit2/RequestFactoryTest.java,retrofit2.RequestFactoryTest,getWithQueryParamMap/0,false,1561,4,1,0,1,1,11,15,0,2,0,11,0,0,0,0,0,0,6,1,2,0,0,0,1,0,15,1,0,false
/Users/thiago/Documents/Thiago/CodeToAnalyze/retrofit/retrofit/java-test/src/test/java/retrofit2/RequestFactoryTest.java,retrofit2.RequestFactoryTest,multipartFailsWithNoParts/0,false,317,3,1,0,1,2,5,14,0,0,0,5,0,0,0,0,1,0,1,0,0,0,1,0,1,0,20,1,0,false
/Users/thiago/Documents/Thiago/CodeToAnalyze/retrofit/retrofit/java-test/src/test/java/retrofit2/RequestFactoryTest.java,retrofit2.RequestFactoryTest,multipartIterableRequiresName/0,false,2097,3,1,0,1,2,5,14,0,0,0,5,0,0,0,0,1,0,2,0,0,1,1,0,1,0,23,1,0,false
/Users/thiago/Documents/Thiago/CodeToAnalyze/retrofit/retrofit/java-test/src/test/java/retrofit2/RequestFactoryTest.java,retrofit2.RequestFactoryTest,normalPostWithPathParam/0,false,1933,6,2,0,2,1,11,13,0,2,0,11,1,1,0,0,0,0,5,1,2,0,0,0,1,0,15,1,0,false
/Users/thiago/Documents/Thiago/CodeToAnalyze/retrofit/retrofit/java-test/src/test/java/retrofit2/RequestFactoryTest.java,retrofit2.RequestFactoryTest,multipartOkHttpPartWithFilename/0,false,2252,7,1,0,1,1,14,19,0,5,0,14,0,0,0,0,0,0,8,1,5,0,0,0,1,0,25,1,0,false
/Users/thiago/Documents/Thiago/CodeToAnalyze/retrofit/retrofit/java-test/src/test/java/retrofit2/RequestFactoryTest.java,retrofit2.RequestFactoryTest,onlyOneEncodingIsAllowedMultipartFirst/0,false,105,3,1,0,1,2,5,14,0,0,0,5,0,0,0,0,1,0,1,0,0,0,1,0,1,0,21,1,0,false
/Users/thiago/Documents/Thiago/CodeToAnalyze/retrofit/retrofit/java-test/src/test/java/retrofit2/RequestFactoryTest.java,retrofit2.RequestFactoryTest,encodedPathParametersAndPathTraversal/0,false,1127,4,2,0,2,1,6,29,0,0,0,6,1,1,0,0,0,0,28,0,0,0,0,0,1,0,12,1,0,false
/Users/thiago/Documents/Thiago/CodeToAnalyze/retrofit/retrofit/java-test/src/test/java/retrofit2/RequestFactoryTest.java,retrofit2.RequestFactoryTest,multipartPartMap/0,false,2385,6,1,0,1,1,14,24,0,5,0,14,0,0,0,0,0,0,12,1,5,0,0,0,1,0,21,1,0,false
/Users/thiago/Documents/Thiago/CodeToAnalyze/retrofit/retrofit/java-test/src/test/java/retrofit2/RequestFactoryTest.java,retrofit2.RequestFactoryTest,headWithoutVoidThrows/0,false,927,4,1,0,1,2,5,14,0,0,0,5,0,0,0,0,1,0,2,0,0,0,1,0,1,0,30,1,0,false
/Users/thiago/Documents/Thiago/CodeToAnalyze/retrofit/retrofit/java-test/src/test/java/retrofit2/RequestFactoryTest.java,retrofit2.RequestFactoryTest,get/0,false,881,4,1,0,1,1,10,12,0,1,0,10,0,0,0,0,0,0,2,1,1,0,0,0,1,0,8,1,0,false
/Users/thiago/Documents/Thiago/CodeToAnalyze/retrofit/retrofit/java-test/src/test/java/retrofit2/RequestFactoryTest.java,retrofit2.RequestFactoryTest,patch/0,false,978,6,2,0,2,1,11,13,0,2,0,11,1,1,0,0,0,0,4,1,2,0,0,0,1,0,10,1,0,false
/Users/thiago/Documents/Thiago/CodeToAnalyze/retrofit/retrofit/java-test/src/test/java/retrofit2/RequestFactoryTest.java,retrofit2.RequestFactoryTest,multipartPartMapRejectsNonStringKeys/0,false,2453,3,1,0,1,2,5,14,0,0,0,5,0,0,0,0,1,0,2,0,0,1,1,0,1,0,24,1,0,false
/Users/thiago/Documents/Thiago/CodeToAnalyze/retrofit/retrofit/java-test/src/test/java/retrofit2/RequestFactoryTest.java,retrofit2.RequestFactoryTest,simpleHeadersAllowingUnsafeNonAsciiValues/0,false,2909,5,1,0,1,1,11,15,0,2,0,11,0,0,0,0,0,0,6,1,2,0,0,0,1,0,15,1,0,false
/Users/thiago/Documents/Thiago/CodeToAnalyze/retrofit/retrofit/java-test/src/test/java/retrofit2/RequestFactoryTest.java,retrofit2.RequestFactoryTest,contentTypeAnnotationHeaderOverrides/0,false,3043,5,1,0,1,1,7,10,0,2,0,7,0,0,0,0,0,0,2,0,2,0,0,0,1,0,13,1,0,false
/Users/thiago/Documents/Thiago/CodeToAnalyze/retrofit/retrofit/java-test/src/test/java/retrofit2/RequestFactoryTest.java,retrofit2.RequestFactoryTest,contentTypeParameterHeaderOverrides/0,false,3135,5,1,0,1,1,7,10,0,2,0,7,0,0,0,0,0,0,3,0,2,0,0,0,1,0,13,1,0,false
/Users/thiago/Documents/Thiago/CodeToAnalyze/retrofit/retrofit/java-test/src/test/java/retrofit2/RequestFactoryTest.java,retrofit2.RequestFactoryTest,bodyRequired/0,false,1979,3,1,0,1,2,5,14,0,0,0,5,0,0,0,0,1,0,2,0,0,1,1,0,1,0,18,1,0,false
/Users/thiago/Documents/Thiago/CodeToAnalyze/retrofit/retrofit/java-test/src/test/java/retrofit2/RequestFactoryTest.java,retrofit2.RequestFactoryTest,getUrlAndUrlParamThrows/0,false,1756,3,1,0,1,2,5,14,0,0,0,5,0,0,0,0,1,0,3,0,0,1,1,0,1,0,23,1,0,false
/Users/thiago/Documents/Thiago/CodeToAnalyze/retrofit/retrofit/java-test/src/test/java/retrofit2/RequestFactoryTest.java,retrofit2.RequestFactoryTest,contentTypeAnnotationHeaderOverridesMultipart/0,false,3071,5,1,0,1,1,7,10,0,2,0,7,0,0,0,0,0,0,3,0,2,0,0,0,1,0,14,1,0,false
/Users/thiago/Documents/Thiago/CodeToAnalyze/retrofit/retrofit/java-test/src/test/java/retrofit2/RequestFactoryTest.java,retrofit2.RequestFactoryTest,headerParamToString/0,false,2953,5,1,0,1,1,11,14,0,2,0,11,0,0,0,0,0,0,5,1,2,0,0,0,1,0,14,1,0,false
/Users/thiago/Documents/Thiago/CodeToAnalyze/retrofit/retrofit/java-test/src/test/java/retrofit2/RequestFactoryTest.java,retrofit2.RequestFactoryTest,tagDuplicateFails/0,false,3361,3,1,0,1,2,5,14,0,0,0,5,0,0,0,0,1,0,4,0,0,1,1,0,1,0,23,1,0,false
/Users/thiago/Documents/Thiago/CodeToAnalyze/retrofit/retrofit/java-test/src/test/java/retrofit2/RequestFactoryTest.java,retrofit2.RequestFactoryTest,pathParamNonPathParamAndTypedBytes/0,false,454,3,1,0,1,2,5,14,0,0,0,5,0,0,0,0,1,0,1,0,0,0,1,0,1,0,23,1,0,false
/Users/thiago/Documents/Thiago/CodeToAnalyze/retrofit/retrofit/java-test/src/test/java/retrofit2/RequestFactoryTest.java,retrofit2.RequestFactoryTest,getWithPathAndQueryParam/0,false,1283,4,1,0,1,1,10,12,0,1,0,10,0,0,0,0,0,0,5,1,1,0,0,0,1,0,16,1,0,false
/Users/thiago/Documents/Thiago/CodeToAnalyze/retrofit/retrofit/java-test/src/test/java/retrofit2/RequestFactoryTest.java,retrofit2.RequestFactoryTest,"assertMalformedRequest/2[java.lang.Class<?>,java.lang.Object[]]",false,3413,2,4,3,1,2,2,8,0,1,2,2,0,0,0,0,1,0,1,0,1,1,1,0,0,0,15,8,0,false
/Users/thiago/Documents/Thiago/CodeToAnalyze/retrofit/retrofit/java-test/src/test/java/retrofit2/RequestFactoryTest.java,retrofit2.RequestFactoryTest,getWithQueryParamList/0,false,1414,4,1,0,1,1,11,13,0,2,0,11,0,0,0,0,0,0,4,3,2,0,0,0,1,0,15,1,0,false
/Users/thiago/Documents/Thiago/CodeToAnalyze/retrofit/retrofit/java-test/src/test/java/retrofit2/RequestFactoryTest.java,retrofit2.RequestFactoryTest,multipartOkHttpArrayPart/0,false,2220,8,1,0,1,1,13,23,0,6,0,13,0,0,0,0,0,0,12,1,6,0,0,0,1,0,24,1,0,false
/Users/thiago/Documents/Thiago/CodeToAnalyze/retrofit/retrofit/java-test/src/test/java/retrofit2/RequestFactoryTest.java,retrofit2.RequestFactoryTest,nonBodyHttpMethodWithSingleEntity/0,false,492,3,1,0,1,2,5,14,0,0,0,5,0,0,0,0,1,0,1,0,0,0,1,0,1,0,23,1,0,false
/Users/thiago/Documents/Thiago/CodeToAnalyze/retrofit/retrofit/java-test/src/test/java/retrofit2/RequestFactoryTest.java,retrofit2.RequestFactoryTest,multipartPartMapRejectsNull/0,false,2497,3,1,0,1,2,5,14,0,0,0,5,0,0,0,0,1,0,2,0,0,1,1,0,1,0,19,1,0,false
/Users/thiago/Documents/Thiago/CodeToAnalyze/retrofit/retrofit/kotlin-test/src/test/java/retrofit2/KotlinUnitTest.java,retrofit2.KotlinUnitTest,unitGet/0,false,41,7,4,0,4,1,13,8,0,3,0,13,0,0,0,0,0,0,2,0,3,0,0,0,0,0,14,1,0,false
/Users/thiago/Documents/Thiago/CodeToAnalyze/retrofit/retrofit/kotlin-test/src/test/java/retrofit2/KotlinUnitTest.java,retrofit2.KotlinUnitTest,unitHead/0,false,53,7,4,0,4,1,13,8,0,3,0,13,0,0,0,0,0,0,2,0,3,0,0,0,0,0,14,1,0,false
/Users/thiago/Documents/Thiago/CodeToAnalyze/retrofit/retrofit-adapters/rxjava2/src/test/java/retrofit2/adapter/rxjava2/MaybeThrowingTest.java,retrofit2.adapter.rxjava2.MaybeThrowingTest$ForwardingObserver,onSuccess/1[T],false,272,1,0,0,0,1,1,3,0,0,1,1,0,0,0,0,0,0,0,0,0,0,0,0,0,0,4,1,0,false
/Users/thiago/Documents/Thiago/CodeToAnalyze/retrofit/retrofit-adapters/rxjava2/src/test/java/retrofit2/adapter/rxjava2/MaybeThrowingTest.java,retrofit2.adapter.rxjava2.MaybeThrowingTest$ForwardingObserver,onError/1[java.lang.Throwable],false,277,0,0,0,0,1,1,3,0,0,1,1,0,0,0,0,0,0,0,0,0,0,0,0,0,0,4,1,0,false
/Users/thiago/Documents/Thiago/CodeToAnalyze/retrofit/retrofit-adapters/rxjava2/src/test/java/retrofit2/adapter/rxjava2/MaybeThrowingTest.java,retrofit2.adapter.rxjava2.MaybeThrowingTest$ForwardingObserver,onComplete/0,false,282,0,0,0,0,1,1,3,0,0,0,1,0,0,0,0,0,0,0,0,0,0,0,0,0,0,2,1,0,false
/Users/thiago/Documents/Thiago/CodeToAnalyze/retrofit/retrofit-adapters/rxjava2/src/test/java/retrofit2/adapter/rxjava2/MaybeThrowingTest.java,retrofit2.adapter.rxjava2.MaybeThrowingTest$ForwardingObserver,onSubscribe/1[retrofit2.adapter.rxjava2.Disposable],false,267,1,0,0,0,1,1,3,0,0,1,1,0,0,0,0,0,0,0,0,0,0,0,0,0,0,4,1,0,false
/Users/thiago/Documents/Thiago/CodeToAnalyze/retrofit/retrofit-adapters/rxjava2/src/test/java/retrofit2/adapter/rxjava2/MaybeThrowingTest.java,retrofit2.adapter.rxjava2.MaybeThrowingTest$ForwardingObserver,ForwardingObserver/1[retrofit2.adapter.rxjava2.MaybeObserver<T>],true,262,1,0,0,0,1,0,3,0,0,1,0,0,0,0,0,0,0,0,0,1,0,0,0,0,0,3,0,0,false
/Users/thiago/Documents/Thiago/CodeToAnalyze/retrofit/retrofit/java-test/src/test/java/retrofit2/RequestFactoryTest.java,retrofit2.RequestFactoryTest$101Example,"method/2[java.lang.String,retrofit2.RequestBody]",false,1936,6,0,0,0,1,0,3,1,0,2,0,0,0,0,0,0,0,2,0,0,0,0,0,0,0,8,0,0,false
/Users/thiago/Documents/Thiago/CodeToAnalyze/retrofit/samples/src/main/java/com/example/retrofit/SimpleMockService.java,com.example.retrofit.SimpleMockService,"printContributors/3[com.example.retrofit.SimpleService.GitHub,java.lang.String,java.lang.String]",false,99,4,4,1,3,2,6,8,0,1,3,6,0,0,1,0,0,0,3,0,1,1,1,0,0,0,11,10,0,false
/Users/thiago/Documents/Thiago/CodeToAnalyze/retrofit/samples/src/main/java/com/example/retrofit/SimpleMockService.java,com.example.retrofit.SimpleMockService,main/1[java.lang.String[]],false,69,9,12,0,12,1,10,15,0,5,1,10,1,1,0,0,0,0,15,3,5,0,0,0,0,0,19,9,0,false
/Users/thiago/Documents/Thiago/CodeToAnalyze/retrofit/retrofit-adapters/rxjava3/src/test/java/retrofit2/adapter/rxjava3/RecordingObserver.java,retrofit2.adapter.rxjava3.RecordingObserver$Rule$Anonymous1,evaluate/0,false,132,1,11,0,11,2,2,6,0,0,0,2,0,0,1,0,0,0,0,0,0,0,1,0,0,0,4,1,0,false
/Users/thiago/Documents/Thiago/CodeToAnalyze/retrofit/retrofit-adapters/rxjava2/src/test/java/retrofit2/adapter/rxjava2/SingleTest.java,retrofit2.adapter.rxjava2.SingleTest$Service,result/0,false,43,3,3,3,0,1,0,1,0,0,0,0,0,0,0,0,0,0,1,0,0,0,0,0,0,0,1,0,0,false
/Users/thiago/Documents/Thiago/CodeToAnalyze/retrofit/retrofit-adapters/rxjava2/src/test/java/retrofit2/adapter/rxjava2/SingleTest.java,retrofit2.adapter.rxjava2.SingleTest$Service,body/0,false,37,2,4,4,0,1,0,1,0,0,0,0,0,0,0,0,0,0,1,0,0,0,0,0,0,0,1,0,0,false
/Users/thiago/Documents/Thiago/CodeToAnalyze/retrofit/retrofit-adapters/rxjava2/src/test/java/retrofit2/adapter/rxjava2/SingleTest.java,retrofit2.adapter.rxjava2.SingleTest$Service,response/0,false,40,3,3,3,0,1,0,1,0,0,0,0,0,0,0,0,0,0,1,0,0,0,0,0,0,0,1,0,0,false
/Users/thiago/Documents/Thiago/CodeToAnalyze/retrofit/retrofit-adapters/rxjava2/src/main/java/retrofit2/adapter/rxjava2/CallEnqueueObservable.java,retrofit2.adapter.rxjava2.CallEnqueueObservable$CallCallback,"CallCallback/2[retrofit2.Call<?>,retrofit2.adapter.rxjava2.Observer<? super retrofit2.Response<T>>]",true,52,4,0,0,0,1,0,4,0,0,2,0,0,0,0,0,0,0,0,0,2,0,0,0,0,0,4,0,0,false
/Users/thiago/Documents/Thiago/CodeToAnalyze/retrofit/retrofit-adapters/rxjava2/src/main/java/retrofit2/adapter/rxjava2/CallEnqueueObservable.java,retrofit2.adapter.rxjava2.CallEnqueueObservable$CallCallback,"onResponse/2[retrofit2.Call<T>,retrofit2.Response<T>]",false,58,4,0,0,0,7,4,25,1,0,2,4,0,0,0,0,2,0,0,0,1,0,3,0,0,0,11,1,0,false
/Users/thiago/Documents/Thiago/CodeToAnalyze/retrofit/retrofit-adapters/rxjava2/src/main/java/retrofit2/adapter/rxjava2/CallEnqueueObservable.java,retrofit2.adapter.rxjava2.CallEnqueueObservable$CallCallback,"onFailure/2[retrofit2.Call<T>,java.lang.Throwable]",false,84,3,1,0,1,3,3,10,1,0,2,3,0,0,0,0,1,0,0,0,0,0,1,0,0,0,7,1,0,false
/Users/thiago/Documents/Thiago/CodeToAnalyze/retrofit/retrofit-adapters/rxjava2/src/main/java/retrofit2/adapter/rxjava2/CallEnqueueObservable.java,retrofit2.adapter.rxjava2.CallEnqueueObservable$CallCallback,dispose/0,false,96,1,1,0,1,1,1,4,0,0,0,1,0,0,0,0,0,0,0,0,1,0,0,0,0,0,3,1,0,false
/Users/thiago/Documents/Thiago/CodeToAnalyze/retrofit/retrofit-adapters/rxjava2/src/main/java/retrofit2/adapter/rxjava2/CallEnqueueObservable.java,retrofit2.adapter.rxjava2.CallEnqueueObservable$CallCallback,isDisposed/0,false,102,0,0,0,0,1,0,3,1,0,0,0,0,0,0,0,0,0,0,0,0,0,0,0,0,0,3,1,0,false
/Users/thiago/Documents/Thiago/CodeToAnalyze/retrofit/retrofit/java-test/src/test/java/retrofit2/RequestFactoryTest.java,retrofit2.RequestFactoryTest$2Example,method/1[retrofit2.RequestBody],false,92,5,0,0,0,1,0,3,1,0,1,0,0,0,0,0,0,0,2,0,0,0,0,0,0,0,6,0,0,false
/Users/thiago/Documents/Thiago/CodeToAnalyze/retrofit/retrofit-adapters/rxjava3/src/test/java/retrofit2/adapter/rxjava3/RecordingSingleObserver.java,retrofit2.adapter.rxjava3.RecordingSingleObserver$Rule,"apply/2[retrofit2.adapter.rxjava3.Statement,retrofit2.adapter.rxjava3.Description]",false,117,3,0,0,0,1,0,11,1,0,2,0,0,0,0,0,0,0,0,0,0,0,0,1,0,0,7,1,0,false
/Users/thiago/Documents/Thiago/CodeToAnalyze/retrofit/retrofit-adapters/rxjava3/src/test/java/retrofit2/adapter/rxjava3/RecordingSingleObserver.java,retrofit2.adapter.rxjava3.RecordingSingleObserver$Rule,create/0,false,110,2,20,19,1,1,1,5,1,1,0,1,0,0,0,0,0,0,0,0,1,0,0,0,0,0,2,1,0,false
/Users/thiago/Documents/Thiago/CodeToAnalyze/retrofit/samples/src/main/java/com/example/retrofit/SimpleService.java,com.example.retrofit.SimpleService,main/1[java.lang.String[]],false,44,7,9,0,9,2,9,9,0,4,1,9,0,0,1,0,0,0,4,0,4,1,1,0,0,0,20,9,0,false
/Users/thiago/Documents/Thiago/CodeToAnalyze/retrofit/retrofit/src/main/java/retrofit2/RequestBuilder.java,retrofit2.RequestBuilder,"addQueryParam/3[java.lang.String,java.lang.String,boolean]",false,187,1,3,3,0,4,3,15,0,0,3,3,0,0,0,2,0,0,2,0,2,1,2,0,0,0,13,0,0,false
/Users/thiago/Documents/Thiago/CodeToAnalyze/retrofit/retrofit/src/main/java/retrofit2/RequestBuilder.java,retrofit2.RequestBuilder,"addTag/2[java.lang.Class<T>,T]",false,230,2,1,1,0,1,1,3,0,0,2,1,0,0,0,0,0,0,0,0,0,0,0,0,0,0,4,0,0,false
/Users/thiago/Documents/Thiago/CodeToAnalyze/retrofit/retrofit/src/main/java/retrofit2/RequestBuilder.java,retrofit2.RequestBuilder,"canonicalizeForPath/2[java.lang.String,boolean]",false,135,2,2,1,1,8,7,13,2,4,2,7,1,1,1,3,0,2,0,5,5,0,2,0,0,0,14,10,0,false
/Users/thiago/Documents/Thiago/CodeToAnalyze/retrofit/retrofit/src/main/java/retrofit2/RequestBuilder.java,retrofit2.RequestBuilder,setRelativeUrl/1[java.lang.Object],false,99,0,1,1,0,1,1,3,0,0,1,1,0,0,0,0,0,0,0,0,1,0,0,0,0,0,5,0,0,false
/Users/thiago/Documents/Thiago/CodeToAnalyze/retrofit/retrofit/src/main/java/retrofit2/RequestBuilder.java,retrofit2.RequestBuilder,"addHeader/3[java.lang.String,java.lang.String,boolean]",false,103,0,2,2,0,4,4,16,0,0,3,4,0,0,0,0,1,0,2,0,1,1,2,0,0,0,15,0,0,false
/Users/thiago/Documents/Thiago/CodeToAnalyze/retrofit/retrofit/src/main/java/retrofit2/RequestBuilder.java,retrofit2.RequestBuilder,"addPart/2[retrofit2.Headers,retrofit2.RequestBody]",false,217,2,2,2,0,1,1,3,0,0,2,1,0,0,0,0,0,0,1,0,0,0,0,0,0,0,4,0,0,false
/Users/thiago/Documents/Thiago/CodeToAnalyze/retrofit/retrofit/src/main/java/retrofit2/RequestBuilder.java,retrofit2.RequestBuilder,addPart/1[MultipartBody.Part],false,222,1,1,1,0,1,1,3,0,0,1,1,0,0,0,0,0,0,1,0,0,0,0,0,0,0,3,0,0,false
/Users/thiago/Documents/Thiago/CodeToAnalyze/retrofit/retrofit/src/main/java/retrofit2/RequestBuilder.java,retrofit2.RequestBuilder,"addPathParam/3[java.lang.String,java.lang.String,boolean]",false,121,1,2,1,1,3,4,11,0,2,3,4,1,2,0,1,0,0,3,0,3,2,1,0,0,0,24,0,0,false
/Users/thiago/Documents/Thiago/CodeToAnalyze/retrofit/retrofit/src/main/java/retrofit2/RequestBuilder.java,retrofit2.RequestBuilder,get/0,false,234,6,2,1,1,9,8,35,1,4,0,8,0,0,0,7,0,0,3,1,9,1,2,0,0,0,22,0,0,false
/Users/thiago/Documents/Thiago/CodeToAnalyze/retrofit/retrofit/src/main/java/retrofit2/RequestBuilder.java,retrofit2.RequestBuilder,"RequestBuilder/8[java.lang.String,retrofit2.HttpUrl,java.lang.String,retrofit2.Headers,retrofit2.MediaType,boolean,boolean,boolean]",true,75,7,1,1,0,4,2,21,0,0,8,2,0,0,0,1,0,0,0,0,10,0,1,0,0,0,20,0,0,false
/Users/thiago/Documents/Thiago/CodeToAnalyze/retrofit/retrofit/src/main/java/retrofit2/RequestBuilder.java,retrofit2.RequestBuilder,addHeaders/1[retrofit2.Headers],false,117,1,1,1,0,1,1,3,0,0,1,1,0,0,0,0,0,0,0,0,0,0,0,0,0,0,3,0,0,false
/Users/thiago/Documents/Thiago/CodeToAnalyze/retrofit/retrofit/src/main/java/retrofit2/RequestBuilder.java,retrofit2.RequestBuilder,"addFormField/3[java.lang.String,java.lang.String,boolean]",false,208,0,2,2,0,2,2,8,0,0,3,2,0,0,0,0,0,0,1,0,0,0,1,0,0,0,4,0,0,false
/Users/thiago/Documents/Thiago/CodeToAnalyze/retrofit/retrofit/src/main/java/retrofit2/RequestBuilder.java,retrofit2.RequestBuilder,setBody/1[retrofit2.RequestBody],false,226,1,1,1,0,1,0,3,0,0,1,0,0,0,0,0,0,0,0,0,1,0,0,0,0,0,4,0,0,false
/Users/thiago/Documents/Thiago/CodeToAnalyze/retrofit/retrofit/src/main/java/retrofit2/RequestBuilder.java,retrofit2.RequestBuilder,"canonicalizeForPath/5[retrofit2.Buffer,java.lang.String,int,int,boolean]",false,156,1,1,1,0,15,8,25,0,6,5,8,0,0,2,8,0,4,0,8,8,1,3,0,0,0,19,10,0,false
/Users/thiago/Documents/Thiago/CodeToAnalyze/retrofit/retrofit-converters/guava/src/test/java/retrofit/converter/guava/AlwaysNullConverterFactory.java,retrofit.converter.guava.AlwaysNullConverterFactory,"responseBodyConverter/3[java.lang.reflect.Type,java.lang.annotation.Annotation[],retrofit2.Retrofit]",false,27,3,0,0,0,1,0,3,1,1,3,0,0,0,0,0,0,0,0,0,0,0,0,0,0,1,7,1,0,false
/Users/thiago/Documents/Thiago/CodeToAnalyze/retrofit/retrofit/java-test/src/test/java/retrofit2/RequestFactoryTest.java,retrofit2.RequestFactoryTest$44Example,method/0,false,930,3,0,0,0,1,0,3,1,0,0,0,0,0,0,0,0,0,1,0,0,0,0,0,0,0,4,0,0,false
/Users/thiago/Documents/Thiago/CodeToAnalyze/retrofit/retrofit-adapters/rxjava3/src/main/java/retrofit2/adapter/rxjava3/CallExecuteObservable.java,retrofit2.adapter.rxjava3.CallExecuteObservable$CallDisposable,dispose/0,false,78,1,1,0,1,1,1,4,0,0,0,1,0,0,0,0,0,0,0,0,1,0,0,0,0,0,3,1,0,false
/Users/thiago/Documents/Thiago/CodeToAnalyze/retrofit/retrofit-adapters/rxjava3/src/main/java/retrofit2/adapter/rxjava3/CallExecuteObservable.java,retrofit2.adapter.rxjava3.CallExecuteObservable$CallDisposable,CallDisposable/1[retrofit2.Call<?>],true,73,1,1,1,0,1,0,3,0,0,1,0,0,0,0,0,0,0,0,0,1,0,0,0,0,0,3,0,0,false
/Users/thiago/Documents/Thiago/CodeToAnalyze/retrofit/retrofit-adapters/rxjava3/src/main/java/retrofit2/adapter/rxjava3/CallExecuteObservable.java,retrofit2.adapter.rxjava3.CallExecuteObservable$CallDisposable,isDisposed/0,false,84,0,1,1,0,1,0,3,1,0,0,0,0,0,0,0,0,0,0,0,0,0,0,0,0,0,3,1,0,false
/Users/thiago/Documents/Thiago/CodeToAnalyze/retrofit/retrofit/java-test/src/test/java/retrofit2/Java8DefaultStaticMethodsInValidationTest.java,retrofit2.Java8DefaultStaticMethodsInValidationTest$Example,user/1[java.lang.String],false,31,3,1,1,0,1,0,1,0,0,1,0,0,0,0,0,0,0,2,0,0,0,0,0,0,0,2,0,0,false
/Users/thiago/Documents/Thiago/CodeToAnalyze/retrofit/retrofit/java-test/src/test/java/retrofit2/Java8DefaultStaticMethodsInValidationTest.java,retrofit2.Java8DefaultStaticMethodsInValidationTest$Example,user/0,false,34,2,1,0,1,1,1,3,1,0,0,1,1,1,0,0,0,0,1,0,0,0,0,0,0,0,1,65536,0,false
/Users/thiago/Documents/Thiago/CodeToAnalyze/retrofit/retrofit/java-test/src/test/java/retrofit2/Java8DefaultStaticMethodsInValidationTest.java,retrofit2.Java8DefaultStaticMethodsInValidationTest$Example,staticMethod/0,false,38,0,0,0,0,1,0,3,1,0,0,0,0,0,0,0,0,0,1,0,0,0,0,0,0,0,2,8,0,false
/Users/thiago/Documents/Thiago/CodeToAnalyze/retrofit/retrofit-converters/jaxb/src/main/java/retrofit2/converter/jaxb/JaxbResponseConverter.java,retrofit2.converter.jaxb.JaxbResponseConverter,convert/1[retrofit2.converter.jaxb.ResponseBody],false,43,3,0,0,0,2,6,13,1,2,1,6,0,0,0,0,1,0,0,0,2,0,1,0,0,0,21,1,0,false
/Users/thiago/Documents/Thiago/CodeToAnalyze/retrofit/retrofit-converters/jaxb/src/main/java/retrofit2/converter/jaxb/JaxbResponseConverter.java,retrofit2.converter.jaxb.JaxbResponseConverter,"JaxbResponseConverter/2[retrofit2.converter.jaxb.JAXBContext,java.lang.Class<T>]",true,33,2,0,0,0,1,1,6,0,0,2,1,0,0,0,0,0,0,0,0,2,0,0,0,0,0,10,0,0,false
/Users/thiago/Documents/Thiago/CodeToAnalyze/retrofit/retrofit-mock/src/test/java/retrofit2/mock/CallsTest.java,retrofit2.mock.CallsTest$Anonymous10,"onFailure/2[retrofit2.Call<java.lang.Object>,java.lang.Throwable]",false,335,1,0,0,0,1,1,3,0,0,2,1,0,0,0,0,0,0,0,0,0,0,0,0,0,0,3,1,0,false
/Users/thiago/Documents/Thiago/CodeToAnalyze/retrofit/retrofit-mock/src/test/java/retrofit2/mock/CallsTest.java,retrofit2.mock.CallsTest$Anonymous10,"onResponse/2[retrofit2.Call<java.lang.Object>,retrofit2.Response<java.lang.Object>]",false,330,2,0,0,0,1,1,3,0,0,2,1,0,0,0,0,0,0,0,0,0,0,0,0,0,0,4,1,0,false
/Users/thiago/Documents/Thiago/CodeToAnalyze/retrofit/retrofit-converters/jaxb3/src/test/java/retrofit2/converter/jaxb3/JaxbConverterFactoryTest.java,retrofit2.converter.jaxb3.JaxbConverterFactoryTest$Service,postXml/1[retrofit2.converter.jaxb3.Contact],false,51,4,2,2,0,1,0,1,0,0,1,0,0,0,0,0,0,0,1,0,0,0,0,0,0,0,4,0,0,false
/Users/thiago/Documents/Thiago/CodeToAnalyze/retrofit/retrofit-converters/jaxb3/src/test/java/retrofit2/converter/jaxb3/JaxbConverterFactoryTest.java,retrofit2.converter.jaxb3.JaxbConverterFactoryTest$Service,getXml/0,false,54,3,6,6,0,1,0,1,0,0,0,0,0,0,0,0,0,0,1,0,0,0,0,0,0,0,2,0,0,false
/Users/thiago/Documents/Thiago/CodeToAnalyze/retrofit/retrofit-adapters/guava/src/main/java/retrofit2/adapter/guava/GuavaCallAdapterFactory.java,retrofit2.adapter.guava.GuavaCallAdapterFactory$CallCancelListenableFuture,set/1[T],false,167,1,0,0,0,1,1,3,1,0,1,1,0,0,0,0,0,0,0,0,0,0,0,0,0,0,3,1,0,false
/Users/thiago/Documents/Thiago/CodeToAnalyze/retrofit/retrofit-adapters/guava/src/main/java/retrofit2/adapter/guava/GuavaCallAdapterFactory.java,retrofit2.adapter.guava.GuavaCallAdapterFactory$CallCancelListenableFuture,CallCancelListenableFuture/1[retrofit2.Call<?>],true,162,1,0,0,0,1,0,3,0,0,1,0,0,0,0,0,0,0,0,0,1,0,0,0,0,0,5,0,0,false
/Users/thiago/Documents/Thiago/CodeToAnalyze/retrofit/retrofit-adapters/guava/src/main/java/retrofit2/adapter/guava/GuavaCallAdapterFactory.java,retrofit2.adapter.guava.GuavaCallAdapterFactory$CallCancelListenableFuture,setException/1[java.lang.Throwable],false,172,0,0,0,0,1,1,3,1,0,1,1,0,0,0,0,0,0,0,0,0,0,0,0,0,0,4,1,0,false
/Users/thiago/Documents/Thiago/CodeToAnalyze/retrofit/retrofit-adapters/guava/src/main/java/retrofit2/adapter/guava/GuavaCallAdapterFactory.java,retrofit2.adapter.guava.GuavaCallAdapterFactory$CallCancelListenableFuture,interruptTask/0,false,177,1,1,0,1,1,1,3,0,0,0,1,0,0,0,0,0,0,0,0,0,0,0,0,0,0,2,4,0,false
/Users/thiago/Documents/Thiago/CodeToAnalyze/retrofit/retrofit-adapters/rxjava2/src/test/java/retrofit2/adapter/rxjava2/RecordingSingleObserver.java,retrofit2.adapter.rxjava2.RecordingSingleObserver,takeError/0,false,68,2,1,0,1,1,6,5,1,1,0,6,0,0,0,0,0,0,1,0,1,1,0,0,0,0,12,1,0,false
/Users/thiago/Documents/Thiago/CodeToAnalyze/retrofit/retrofit-adapters/rxjava2/src/test/java/retrofit2/adapter/rxjava2/RecordingSingleObserver.java,retrofit2.adapter.rxjava2.RecordingSingleObserver,assertError/1[java.lang.Class<? extends java.lang.Throwable>],false,90,1,1,0,1,1,1,3,0,0,1,1,0,0,0,0,0,0,0,0,0,0,0,0,0,0,5,1,0,false
/Users/thiago/Documents/Thiago/CodeToAnalyze/retrofit/retrofit-adapters/rxjava2/src/test/java/retrofit2/adapter/rxjava2/RecordingSingleObserver.java,retrofit2.adapter.rxjava2.RecordingSingleObserver,onError/1[java.lang.Throwable],false,48,0,0,0,0,1,2,3,0,0,1,2,0,0,0,0,0,0,0,0,0,0,0,0,0,0,4,1,0,false
/Users/thiago/Documents/Thiago/CodeToAnalyze/retrofit/retrofit-adapters/rxjava2/src/test/java/retrofit2/adapter/rxjava2/RecordingSingleObserver.java,retrofit2.adapter.rxjava2.RecordingSingleObserver,assertAnyValue/0,false,76,2,1,0,1,1,1,4,1,0,0,1,0,0,0,0,0,0,0,0,0,0,0,0,0,0,4,1,0,false
/Users/thiago/Documents/Thiago/CodeToAnalyze/retrofit/retrofit-adapters/rxjava2/src/test/java/retrofit2/adapter/rxjava2/RecordingSingleObserver.java,retrofit2.adapter.rxjava2.RecordingSingleObserver,assertError/1[java.lang.Throwable],false,86,1,1,0,1,1,3,3,0,0,1,3,0,0,0,0,0,0,0,0,0,0,0,0,0,0,6,1,0,false
/Users/thiago/Documents/Thiago/CodeToAnalyze/retrofit/retrofit-adapters/rxjava2/src/test/java/retrofit2/adapter/rxjava2/RecordingSingleObserver.java,retrofit2.adapter.rxjava2.RecordingSingleObserver,"assertError/2[java.lang.Class<? extends java.lang.Throwable>,java.lang.String]",false,94,1,2,0,2,2,6,8,0,1,2,6,0,0,0,1,0,0,0,0,1,0,1,0,0,0,12,1,0,false
/Users/thiago/Documents/Thiago/CodeToAnalyze/retrofit/retrofit-adapters/rxjava2/src/test/java/retrofit2/adapter/rxjava2/RecordingSingleObserver.java,retrofit2.adapter.rxjava2.RecordingSingleObserver,assertNoEvents/0,false,103,0,0,0,0,1,3,3,0,0,0,3,0,0,0,0,0,0,1,0,0,0,0,0,0,0,7,1,0,false
/Users/thiago/Documents/Thiago/CodeToAnalyze/retrofit/retrofit-adapters/rxjava2/src/test/java/retrofit2/adapter/rxjava2/RecordingSingleObserver.java,retrofit2.adapter.rxjava2.RecordingSingleObserver,takeValue/0,false,60,3,1,0,1,1,6,5,1,1,0,6,0,0,0,0,0,0,1,0,1,1,0,0,0,0,13,1,0,false
/Users/thiago/Documents/Thiago/CodeToAnalyze/retrofit/retrofit-adapters/rxjava2/src/test/java/retrofit2/adapter/rxjava2/RecordingSingleObserver.java,retrofit2.adapter.rxjava2.RecordingSingleObserver,assertValue/1[T],false,81,2,1,0,1,1,3,4,1,0,1,3,0,0,0,0,0,0,0,0,0,0,0,0,0,0,6,1,0,false
/Users/thiago/Documents/Thiago/CodeToAnalyze/retrofit/retrofit-adapters/rxjava2/src/test/java/retrofit2/adapter/rxjava2/RecordingSingleObserver.java,retrofit2.adapter.rxjava2.RecordingSingleObserver,RecordingSingleObserver/0,true,37,0,0,0,0,1,0,2,0,0,0,0,0,0,0,0,0,0,0,0,0,0,0,0,0,0,3,2,0,false
/Users/thiago/Documents/Thiago/CodeToAnalyze/retrofit/retrofit-adapters/rxjava2/src/test/java/retrofit2/adapter/rxjava2/RecordingSingleObserver.java,retrofit2.adapter.rxjava2.RecordingSingleObserver,onSuccess/1[T],false,43,1,0,0,0,1,2,3,0,0,1,2,0,0,0,0,0,0,0,0,0,0,0,0,0,0,4,1,0,false
/Users/thiago/Documents/Thiago/CodeToAnalyze/retrofit/retrofit-adapters/rxjava2/src/test/java/retrofit2/adapter/rxjava2/RecordingSingleObserver.java,retrofit2.adapter.rxjava2.RecordingSingleObserver,onSubscribe/1[retrofit2.adapter.rxjava2.Disposable],false,40,1,0,0,0,1,0,2,0,0,1,0,0,0,0,0,0,0,0,0,0,0,0,0,0,0,4,1,0,false
/Users/thiago/Documents/Thiago/CodeToAnalyze/retrofit/retrofit-adapters/rxjava2/src/test/java/retrofit2/adapter/rxjava2/RecordingSingleObserver.java,retrofit2.adapter.rxjava2.RecordingSingleObserver,takeNotification/0,false,52,2,0,0,0,2,1,7,1,1,0,1,0,0,0,1,0,0,1,0,1,0,1,0,0,0,8,2,0,false
/Users/thiago/Documents/Thiago/CodeToAnalyze/retrofit/retrofit-adapters/rxjava2/src/test/java/retrofit2/adapter/rxjava2/ObservableTest.java,retrofit2.adapter.rxjava2.ObservableTest$Service,body/0,false,38,2,5,5,0,1,0,1,0,0,0,0,0,0,0,0,0,0,1,0,0,0,0,0,0,0,1,0,0,false
/Users/thiago/Documents/Thiago/CodeToAnalyze/retrofit/retrofit-adapters/rxjava2/src/test/java/retrofit2/adapter/rxjava2/ObservableTest.java,retrofit2.adapter.rxjava2.ObservableTest$Service,result/0,false,44,3,3,3,0,1,0,1,0,0,0,0,0,0,0,0,0,0,1,0,0,0,0,0,0,0,1,0,0,false
/Users/thiago/Documents/Thiago/CodeToAnalyze/retrofit/retrofit-adapters/rxjava2/src/test/java/retrofit2/adapter/rxjava2/ObservableTest.java,retrofit2.adapter.rxjava2.ObservableTest$Service,response/0,false,41,3,3,3,0,1,0,1,0,0,0,0,0,0,0,0,0,0,1,0,0,0,0,0,0,0,1,0,0,false
/Users/thiago/Documents/Thiago/CodeToAnalyze/retrofit/retrofit-converters/gson/src/test/java/retrofit2/converter/gson/GsonConverterFactoryTest.java,retrofit2.converter.gson.GsonConverterFactoryTest$ErroringValue$Anonymous1,read/1[retrofit2.converter.gson.JsonReader],false,78,2,1,0,1,1,3,6,1,1,1,3,0,0,0,0,0,0,1,0,1,0,0,0,0,0,11,1,0,false
/Users/thiago/Documents/Thiago/CodeToAnalyze/retrofit/retrofit-converters/gson/src/test/java/retrofit2/converter/gson/GsonConverterFactoryTest.java,retrofit2.converter.gson.GsonConverterFactoryTest$ErroringValue$Anonymous1,"write/2[retrofit2.converter.gson.JsonWriter,retrofit2.converter.gson.GsonConverterFactoryTest.ErroringValue]",false,72,2,0,0,0,1,0,3,0,0,2,0,0,0,0,0,0,0,1,0,0,0,0,0,0,0,9,1,0,false
/Users/thiago/Documents/Thiago/CodeToAnalyze/retrofit/retrofit/java-test/src/test/java/retrofit2/RetrofitTest.java,retrofit2.RetrofitTest$1GreetingCallAdapterFactory,"get/3[java.lang.reflect.Type,java.lang.annotation.Annotation[],retrofit2.Retrofit]",false,421,5,3,0,3,2,1,14,2,0,3,1,0,0,0,1,0,0,0,0,0,0,1,1,0,0,9,1,0,false
/Users/thiago/Documents/Thiago/CodeToAnalyze/retrofit/retrofit/java-test/src/test/java/retrofit2/RequestFactoryTest.java,retrofit2.RequestFactoryTest$70Example,"method/2[java.lang.String,java.lang.String]",false,1384,5,0,0,0,1,0,3,1,0,2,0,0,0,0,0,0,0,3,0,0,0,0,0,0,0,6,0,0,false
/Users/thiago/Documents/Thiago/CodeToAnalyze/retrofit/retrofit/src/main/java/retrofit2/BuiltInConverters.java,retrofit2.BuiltInConverters$VoidResponseBodyConverter,convert/1[retrofit2.ResponseBody],false,62,1,0,0,0,1,1,4,1,0,1,1,0,0,0,0,0,0,0,0,0,0,0,0,0,0,6,1,0,false
/Users/thiago/Documents/Thiago/CodeToAnalyze/retrofit/retrofit/java-test/src/test/java/retrofit2/RequestFactoryTest.java,retrofit2.RequestFactoryTest$92Example,method/1[java.lang.Object],false,1759,4,0,0,0,1,0,3,1,0,1,0,0,0,0,0,0,0,1,0,0,0,0,0,0,0,4,0,0,false
/Users/thiago/Documents/Thiago/CodeToAnalyze/retrofit/retrofit-adapters/rxjava2/src/test/java/retrofit2/adapter/rxjava2/ResultTest.java,retrofit2.adapter.rxjava2.ResultTest,error/0,false,46,2,4,0,4,1,8,7,0,2,0,8,0,0,0,0,0,0,0,0,2,0,0,0,0,0,8,1,1,false
/Users/thiago/Documents/Thiago/CodeToAnalyze/retrofit/retrofit-adapters/rxjava2/src/test/java/retrofit2/adapter/rxjava2/ResultTest.java,retrofit2.adapter.rxjava2.ResultTest,response/0,false,27,3,5,0,5,1,9,7,0,2,0,9,0,0,0,0,0,0,1,0,2,0,0,0,0,0,4,1,1,false
/Users/thiago/Documents/Thiago/CodeToAnalyze/retrofit/retrofit-adapters/rxjava2/src/test/java/retrofit2/adapter/rxjava2/ResultTest.java,retrofit2.adapter.rxjava2.ResultTest,nullResponseThrows/0,false,36,2,1,0,1,2,5,9,0,0,0,5,0,0,0,0,1,0,1,0,0,0,1,0,0,0,10,1,0,false
/Users/thiago/Documents/Thiago/CodeToAnalyze/retrofit/retrofit-adapters/rxjava2/src/test/java/retrofit2/adapter/rxjava2/ResultTest.java,retrofit2.adapter.rxjava2.ResultTest,nullErrorThrows/0,false,55,2,1,0,1,2,5,9,0,0,0,5,0,0,0,0,1,0,1,0,0,0,1,0,0,0,10,1,1,false
/Users/thiago/Documents/Thiago/CodeToAnalyze/retrofit/retrofit-adapters/rxjava2/src/test/java/retrofit2/adapter/rxjava2/ObservableThrowingTest.java,retrofit2.adapter.rxjava2.ObservableThrowingTest,bodyThrowingInOnErrorDeliveredToPlugin/0,false,119,7,2,0,2,2,12,24,0,6,0,12,0,0,0,0,0,0,0,1,5,0,2,1,0,1,23,1,0,false
/Users/thiago/Documents/Thiago/CodeToAnalyze/retrofit/retrofit-adapters/rxjava2/src/test/java/retrofit2/adapter/rxjava2/ObservableThrowingTest.java,retrofit2.adapter.rxjava2.ObservableThrowingTest,resultThrowingInOnNextDeliveredToError/0,false,235,7,3,0,3,1,5,12,0,2,0,5,0,0,0,0,0,0,0,0,2,0,0,1,0,0,16,1,0,false
/Users/thiago/Documents/Thiago/CodeToAnalyze/retrofit/retrofit-adapters/rxjava2/src/test/java/retrofit2/adapter/rxjava2/ObservableThrowingTest.java,retrofit2.adapter.rxjava2.ObservableThrowingTest,bodyThrowingInOnCompleteDeliveredToPlugin/0,false,88,7,3,0,3,2,13,22,0,5,0,13,0,0,0,0,0,0,0,0,4,0,2,1,0,1,20,1,0,false
/Users/thiago/Documents/Thiago/CodeToAnalyze/retrofit/retrofit-adapters/rxjava2/src/test/java/retrofit2/adapter/rxjava2/ObservableThrowingTest.java,retrofit2.adapter.rxjava2.ObservableThrowingTest,responseThrowingInOnNextDeliveredToError/0,false,152,7,3,0,3,1,5,12,0,2,0,5,0,0,0,0,0,0,0,0,2,0,0,1,0,0,16,1,0,false
/Users/thiago/Documents/Thiago/CodeToAnalyze/retrofit/retrofit-adapters/rxjava2/src/test/java/retrofit2/adapter/rxjava2/ObservableThrowingTest.java,retrofit2.adapter.rxjava2.ObservableThrowingTest,responseThrowingInOnCompleteDeliveredToPlugin/0,false,171,8,3,0,3,2,13,22,0,5,0,13,0,0,0,0,0,0,0,0,4,0,2,1,0,1,20,1,0,false
/Users/thiago/Documents/Thiago/CodeToAnalyze/retrofit/retrofit-adapters/rxjava2/src/test/java/retrofit2/adapter/rxjava2/ObservableThrowingTest.java,retrofit2.adapter.rxjava2.ObservableThrowingTest,bodyThrowingInOnNextDeliveredToError/0,false,69,6,3,0,3,1,5,12,0,2,0,5,0,0,0,0,0,0,0,0,2,0,0,1,0,0,16,1,0,false
/Users/thiago/Documents/Thiago/CodeToAnalyze/retrofit/retrofit-adapters/rxjava2/src/test/java/retrofit2/adapter/rxjava2/ObservableThrowingTest.java,retrofit2.adapter.rxjava2.ObservableThrowingTest,resultThrowingInOnErrorDeliveredToPlugin/0,false,285,8,2,0,2,2,11,24,0,6,0,11,0,0,0,0,0,0,0,0,5,0,2,1,0,1,25,1,0,false
/Users/thiago/Documents/Thiago/CodeToAnalyze/retrofit/retrofit-adapters/rxjava2/src/test/java/retrofit2/adapter/rxjava2/ObservableThrowingTest.java,retrofit2.adapter.rxjava2.ObservableThrowingTest,resultThrowingInOnCompletedDeliveredToPlugin/0,false,254,8,3,0,3,2,13,22,0,5,0,13,0,0,0,0,0,0,0,0,4,0,2,1,0,1,21,1,0,false
/Users/thiago/Documents/Thiago/CodeToAnalyze/retrofit/retrofit-adapters/rxjava2/src/test/java/retrofit2/adapter/rxjava2/ObservableThrowingTest.java,retrofit2.adapter.rxjava2.ObservableThrowingTest,setUp/0,false,58,6,5,0,5,1,7,4,0,1,0,7,0,0,0,0,0,0,1,0,2,0,0,0,0,0,8,1,0,false
/Users/thiago/Documents/Thiago/CodeToAnalyze/retrofit/retrofit-adapters/rxjava2/src/test/java/retrofit2/adapter/rxjava2/ObservableThrowingTest.java,retrofit2.adapter.rxjava2.ObservableThrowingTest,responseThrowingInOnErrorDeliveredToPlugin/0,false,202,8,2,0,2,2,12,24,0,6,0,12,0,0,0,0,0,0,0,0,5,0,2,1,0,1,37,1,0,false
/Users/thiago/Documents/Thiago/CodeToAnalyze/retrofit/retrofit-adapters/guava/src/main/java/retrofit2/adapter/guava/HttpException.java,retrofit2.adapter.guava.HttpException,HttpException/1[retrofit2.Response<?>],true,23,1,1,1,0,1,0,3,0,0,1,0,0,0,0,0,0,0,0,0,0,0,0,0,0,0,3,1,0,false
/Users/thiago/Documents/Thiago/CodeToAnalyze/retrofit/retrofit-converters/guava/src/main/java/retrofit/converter/guava/OptionalConverter.java,retrofit.converter.guava.OptionalConverter,convert/1[retrofit.converter.guava.ResponseBody],false,31,3,0,0,0,1,2,3,1,0,1,2,0,0,0,0,0,0,0,0,0,0,0,0,0,0,7,1,0,false
/Users/thiago/Documents/Thiago/CodeToAnalyze/retrofit/retrofit-converters/guava/src/main/java/retrofit/converter/guava/OptionalConverter.java,retrofit.converter.guava.OptionalConverter,"OptionalConverter/1[retrofit2.Converter<retrofit.converter.guava.ResponseBody,T>]",true,26,3,0,0,0,1,0,3,0,0,1,0,0,0,0,0,0,0,0,0,1,0,0,0,0,0,3,0,0,false
/Users/thiago/Documents/Thiago/CodeToAnalyze/retrofit/retrofit-adapters/guava/src/test/java/retrofit2/adapter/guava/StringConverterFactory.java,retrofit2.adapter.guava.StringConverterFactory,"responseBodyConverter/3[java.lang.reflect.Type,java.lang.annotation.Annotation[],retrofit2.Retrofit]",false,29,3,0,0,0,1,0,3,1,0,3,0,0,0,0,0,0,0,0,0,0,0,0,0,0,0,5,1,0,false
/Users/thiago/Documents/Thiago/CodeToAnalyze/retrofit/retrofit-adapters/guava/src/test/java/retrofit2/adapter/guava/StringConverterFactory.java,retrofit2.adapter.guava.StringConverterFactory,"requestBodyConverter/4[java.lang.reflect.Type,java.lang.annotation.Annotation[],java.lang.annotation.Annotation[],retrofit2.Retrofit]",false,38,3,0,0,0,1,2,3,1,1,4,2,0,0,0,0,0,0,1,0,0,0,0,0,0,1,6,1,0,false
/Users/thiago/Documents/Thiago/CodeToAnalyze/retrofit/retrofit-adapters/guava/src/main/java/retrofit2/adapter/guava/GuavaCallAdapterFactory.java,retrofit2.adapter.guava.GuavaCallAdapterFactory$ResponseCallAdapter,ResponseCallAdapter/1[java.lang.reflect.Type],true,129,0,0,0,0,1,0,3,0,0,1,0,0,0,0,0,0,0,0,0,1,0,0,0,0,0,5,0,0,false
/Users/thiago/Documents/Thiago/CodeToAnalyze/retrofit/retrofit-adapters/guava/src/main/java/retrofit2/adapter/guava/GuavaCallAdapterFactory.java,retrofit2.adapter.guava.GuavaCallAdapterFactory$ResponseCallAdapter,responseType/0,false,134,0,0,0,0,1,0,3,1,0,0,0,0,0,0,0,0,0,0,0,0,0,0,0,0,0,2,1,0,false
/Users/thiago/Documents/Thiago/CodeToAnalyze/retrofit/retrofit-adapters/guava/src/main/java/retrofit2/adapter/guava/GuavaCallAdapterFactory.java,retrofit2.adapter.guava.GuavaCallAdapterFactory$ResponseCallAdapter,adapt/1[retrofit2.Call<R>],false,139,6,3,0,3,1,1,13,1,1,1,1,0,0,0,0,0,0,0,0,1,0,0,1,0,0,9,1,0,false
/Users/thiago/Documents/Thiago/CodeToAnalyze/retrofit/retrofit-adapters/rxjava3/src/test/java/retrofit2/adapter/rxjava3/SingleWithSchedulerTest.java,retrofit2.adapter.rxjava3.SingleWithSchedulerTest$Service,result/0,false,40,3,1,1,0,1,0,1,0,0,0,0,0,0,0,0,0,0,1,0,0,0,0,0,0,0,1,0,0,false
/Users/thiago/Documents/Thiago/CodeToAnalyze/retrofit/retrofit-adapters/rxjava3/src/test/java/retrofit2/adapter/rxjava3/SingleWithSchedulerTest.java,retrofit2.adapter.rxjava3.SingleWithSchedulerTest$Service,body/0,false,34,2,1,1,0,1,0,1,0,0,0,0,0,0,0,0,0,0,1,0,0,0,0,0,0,0,1,0,0,false
/Users/thiago/Documents/Thiago/CodeToAnalyze/retrofit/retrofit-adapters/rxjava3/src/test/java/retrofit2/adapter/rxjava3/SingleWithSchedulerTest.java,retrofit2.adapter.rxjava3.SingleWithSchedulerTest$Service,response/0,false,37,3,1,1,0,1,0,1,0,0,0,0,0,0,0,0,0,0,1,0,0,0,0,0,0,0,1,0,0,false
/Users/thiago/Documents/Thiago/CodeToAnalyze/retrofit/retrofit-adapters/rxjava/src/test/java/retrofit2/adapter/rxjava/ObservableTest.java,retrofit2.adapter.rxjava.ObservableTest$Service,body/0,false,39,2,5,5,0,1,0,1,0,0,0,0,0,0,0,0,0,0,1,0,0,0,0,0,0,0,1,0,0,false
/Users/thiago/Documents/Thiago/CodeToAnalyze/retrofit/retrofit-adapters/rxjava/src/test/java/retrofit2/adapter/rxjava/ObservableTest.java,retrofit2.adapter.rxjava.ObservableTest$Service,response/0,false,42,3,5,5,0,1,0,1,0,0,0,0,0,0,0,0,0,0,1,0,0,0,0,0,0,0,1,0,0,false
/Users/thiago/Documents/Thiago/CodeToAnalyze/retrofit/retrofit-adapters/rxjava/src/test/java/retrofit2/adapter/rxjava/ObservableTest.java,retrofit2.adapter.rxjava.ObservableTest$Service,result/0,false,45,3,4,4,0,1,0,1,0,0,0,0,0,0,0,0,0,0,1,0,0,0,0,0,0,0,1,0,0,false
/Users/thiago/Documents/Thiago/CodeToAnalyze/retrofit/retrofit-adapters/rxjava/src/test/java/retrofit2/adapter/rxjava/ObservableThrowingTest.java,retrofit2.adapter.rxjava.ObservableThrowingTest,bodyThrowingInOnErrorDeliveredToPlugin/0,false,118,8,2,0,2,1,11,26,0,5,0,11,0,0,0,0,0,0,0,1,5,0,0,2,0,0,28,1,0,false
/Users/thiago/Documents/Thiago/CodeToAnalyze/retrofit/retrofit-adapters/rxjava/src/test/java/retrofit2/adapter/rxjava/ObservableThrowingTest.java,retrofit2.adapter.rxjava.ObservableThrowingTest,responseThrowingInOnNextDeliveredToError/0,false,154,7,3,0,3,1,5,12,0,2,0,5,0,0,0,0,0,0,0,0,2,0,0,1,0,0,16,1,0,false
/Users/thiago/Documents/Thiago/CodeToAnalyze/retrofit/retrofit-adapters/rxjava/src/test/java/retrofit2/adapter/rxjava/ObservableThrowingTest.java,retrofit2.adapter.rxjava.ObservableThrowingTest,responseThrowingInOnCompleteDeliveredToPlugin/0,false,173,8,3,0,3,1,10,22,0,3,0,10,0,0,0,0,0,0,0,0,3,0,0,2,0,0,27,1,0,false
/Users/thiago/Documents/Thiago/CodeToAnalyze/retrofit/retrofit-adapters/rxjava/src/test/java/retrofit2/adapter/rxjava/ObservableThrowingTest.java,retrofit2.adapter.rxjava.ObservableThrowingTest,resultThrowingInOnCompletedDeliveredToPlugin/0,false,260,8,3,0,3,1,10,22,0,3,0,10,0,0,0,0,0,0,0,0,3,0,0,2,0,0,26,1,0,false
/Users/thiago/Documents/Thiago/CodeToAnalyze/retrofit/retrofit-adapters/rxjava/src/test/java/retrofit2/adapter/rxjava/ObservableThrowingTest.java,retrofit2.adapter.rxjava.ObservableThrowingTest,resultThrowingInOnErrorDeliveredToPlugin/0,false,292,9,2,0,2,1,10,26,0,5,0,10,0,0,0,0,0,0,0,0,5,0,0,2,0,0,30,1,0,false
/Users/thiago/Documents/Thiago/CodeToAnalyze/retrofit/retrofit-adapters/rxjava/src/test/java/retrofit2/adapter/rxjava/ObservableThrowingTest.java,retrofit2.adapter.rxjava.ObservableThrowingTest,responseThrowingInOnErrorDeliveredToPlugin/0,false,205,9,2,0,2,1,11,26,0,5,0,11,0,0,0,0,0,0,0,0,5,0,0,2,0,0,42,1,0,false
/Users/thiago/Documents/Thiago/CodeToAnalyze/retrofit/retrofit-adapters/rxjava/src/test/java/retrofit2/adapter/rxjava/ObservableThrowingTest.java,retrofit2.adapter.rxjava.ObservableThrowingTest,bodyThrowingInOnNextDeliveredToError/0,false,67,6,3,0,3,1,5,12,0,2,0,5,0,0,0,0,0,0,0,0,2,0,0,1,0,0,16,1,0,false
/Users/thiago/Documents/Thiago/CodeToAnalyze/retrofit/retrofit-adapters/rxjava/src/test/java/retrofit2/adapter/rxjava/ObservableThrowingTest.java,retrofit2.adapter.rxjava.ObservableThrowingTest,setUp/0,false,56,6,5,0,5,1,7,4,0,1,0,7,0,0,0,0,0,0,1,0,2,0,0,0,0,0,8,1,0,false
/Users/thiago/Documents/Thiago/CodeToAnalyze/retrofit/retrofit-adapters/rxjava/src/test/java/retrofit2/adapter/rxjava/ObservableThrowingTest.java,retrofit2.adapter.rxjava.ObservableThrowingTest,bodyThrowingInOnCompleteDeliveredToPlugin/0,false,86,7,3,0,3,1,10,22,0,3,0,10,0,0,0,0,0,0,0,0,3,0,0,2,0,0,27,1,0,false
/Users/thiago/Documents/Thiago/CodeToAnalyze/retrofit/retrofit-adapters/rxjava/src/test/java/retrofit2/adapter/rxjava/ObservableThrowingTest.java,retrofit2.adapter.rxjava.ObservableThrowingTest,resultThrowingInOnNextDeliveredToError/0,false,241,7,3,0,3,1,5,12,0,2,0,5,0,0,0,0,0,0,0,0,2,0,0,1,0,0,16,1,0,false
/Users/thiago/Documents/Thiago/CodeToAnalyze/retrofit/retrofit/src/main/java/retrofit2/HttpServiceMethod.java,retrofit2.HttpServiceMethod$CallAdapted,"adapt/2[retrofit2.Call<ResponseT>,java.lang.Object[]]",false,178,4,1,0,1,1,1,3,1,0,2,1,0,0,0,0,0,0,0,0,0,0,0,0,0,0,5,4,0,false
/Users/thiago/Documents/Thiago/CodeToAnalyze/retrofit/retrofit/src/main/java/retrofit2/HttpServiceMethod.java,retrofit2.HttpServiceMethod$CallAdapted,"CallAdapted/4[retrofit2.RequestFactory,okhttp3.Call.Factory,retrofit2.Converter<retrofit2.ResponseBody,ResponseT>,retrofit2.CallAdapter<ResponseT,ReturnT>]",true,172,7,0,0,0,1,0,4,0,0,4,0,0,0,0,0,0,0,0,0,1,0,0,0,0,0,6,0,0,false
/Users/thiago/Documents/Thiago/CodeToAnalyze/retrofit/samples/src/main/java/com/example/retrofit/JsonQueryParameters.java,com.example.retrofit.JsonQueryParameters,main/1[java.lang.String[]],false,96,12,7,0,7,1,14,12,0,6,1,14,0,0,0,0,0,0,3,0,6,0,0,0,0,0,23,9,0,false
/Users/thiago/Documents/Thiago/CodeToAnalyze/retrofit/retrofit-adapters/rxjava/src/test/java/retrofit2/adapter/rxjava/ObservableTest.java,retrofit2.adapter.rxjava.ObservableTest,bodyRespectsBackpressure/0,false,91,5,6,0,6,1,12,11,0,1,0,12,0,0,0,0,0,0,1,4,1,0,0,0,0,0,8,1,0,false
/Users/thiago/Documents/Thiago/CodeToAnalyze/retrofit/retrofit-adapters/rxjava/src/test/java/retrofit2/adapter/rxjava/ObservableTest.java,retrofit2.adapter.rxjava.ObservableTest,bodyFailure/0,false,82,5,3,0,3,1,6,6,0,1,0,6,0,0,0,0,0,0,0,0,1,0,0,0,0,0,19,1,0,false
/Users/thiago/Documents/Thiago/CodeToAnalyze/retrofit/retrofit-adapters/rxjava/src/test/java/retrofit2/adapter/rxjava/ObservableTest.java,retrofit2.adapter.rxjava.ObservableTest,responseSuccess200/0,false,107,6,5,0,5,1,10,7,0,1,0,10,0,0,0,0,0,0,2,0,1,0,0,0,0,0,7,1,0,false
/Users/thiago/Documents/Thiago/CodeToAnalyze/retrofit/retrofit-adapters/rxjava/src/test/java/retrofit2/adapter/rxjava/ObservableTest.java,retrofit2.adapter.rxjava.ObservableTest,setUp/0,false,52,6,5,0,5,1,7,4,0,1,0,7,0,0,0,0,0,0,1,0,2,0,0,0,0,0,8,1,0,false
/Users/thiago/Documents/Thiago/CodeToAnalyze/retrofit/retrofit-adapters/rxjava/src/test/java/retrofit2/adapter/rxjava/ObservableTest.java,retrofit2.adapter.rxjava.ObservableTest,responseUnsubscribedDoesNotCallCompleted/0,false,152,6,4,0,4,1,11,6,0,2,0,11,0,0,0,0,0,0,2,0,1,0,0,0,0,1,13,1,0,false
/Users/thiago/Documents/Thiago/CodeToAnalyze/retrofit/retrofit-adapters/rxjava/src/test/java/retrofit2/adapter/rxjava/ObservableTest.java,retrofit2.adapter.rxjava.ObservableTest,resultRespectsBackpressure/0,false,192,6,6,0,6,1,12,11,0,1,0,12,0,0,0,0,0,0,1,4,1,0,0,0,0,0,8,1,0,false
/Users/thiago/Documents/Thiago/CodeToAnalyze/retrofit/retrofit-adapters/rxjava/src/test/java/retrofit2/adapter/rxjava/ObservableTest.java,retrofit2.adapter.rxjava.ObservableTest,responseFailure/0,false,127,6,3,0,3,1,6,6,0,1,0,6,0,0,0,0,0,0,0,0,1,0,0,0,0,0,19,1,0,false
/Users/thiago/Documents/Thiago/CodeToAnalyze/retrofit/retrofit-adapters/rxjava/src/test/java/retrofit2/adapter/rxjava/ObservableTest.java,retrofit2.adapter.rxjava.ObservableTest,resultSuccess200/0,false,162,7,6,0,6,1,11,7,0,1,0,11,0,0,0,0,0,0,2,0,1,0,0,0,0,0,7,1,0,false
/Users/thiago/Documents/Thiago/CodeToAnalyze/retrofit/retrofit-adapters/rxjava/src/test/java/retrofit2/adapter/rxjava/ObservableTest.java,retrofit2.adapter.rxjava.ObservableTest,bodySuccess404/0,false,72,6,3,0,3,1,6,6,0,1,0,6,0,0,0,0,0,0,1,1,1,0,0,0,0,0,6,1,0,false
/Users/thiago/Documents/Thiago/CodeToAnalyze/retrofit/retrofit-adapters/rxjava/src/test/java/retrofit2/adapter/rxjava/ObservableTest.java,retrofit2.adapter.rxjava.ObservableTest,responseRespectsBackpressure/0,false,136,6,6,0,6,1,12,11,0,1,0,12,0,0,0,0,0,0,1,4,1,0,0,0,0,0,8,1,0,false
/Users/thiago/Documents/Thiago/CodeToAnalyze/retrofit/retrofit-adapters/rxjava/src/test/java/retrofit2/adapter/rxjava/ObservableTest.java,retrofit2.adapter.rxjava.ObservableTest,subscribeTwice/0,false,208,6,4,0,4,1,7,11,0,3,0,7,0,0,0,0,0,0,4,0,3,0,0,0,0,0,7,1,0,false
/Users/thiago/Documents/Thiago/CodeToAnalyze/retrofit/retrofit-adapters/rxjava/src/test/java/retrofit2/adapter/rxjava/ObservableTest.java,retrofit2.adapter.rxjava.ObservableTest,responseSuccess404/0,false,117,6,5,0,5,1,10,7,0,1,0,10,0,0,0,0,0,0,0,2,1,0,0,0,0,0,10,1,0,false
/Users/thiago/Documents/Thiago/CodeToAnalyze/retrofit/retrofit-adapters/rxjava/src/test/java/retrofit2/adapter/rxjava/ObservableTest.java,retrofit2.adapter.rxjava.ObservableTest,bodySuccess200/0,false,63,5,4,0,4,1,7,6,0,1,0,7,0,0,0,0,0,0,2,0,1,0,0,0,0,0,5,1,0,false
/Users/thiago/Documents/Thiago/CodeToAnalyze/retrofit/retrofit-adapters/rxjava/src/test/java/retrofit2/adapter/rxjava/ObservableTest.java,retrofit2.adapter.rxjava.ObservableTest,resultSuccess404/0,false,172,7,6,0,6,1,11,7,0,1,0,11,0,0,0,0,0,0,0,2,1,0,0,0,0,0,10,1,0,false
/Users/thiago/Documents/Thiago/CodeToAnalyze/retrofit/retrofit-adapters/rxjava/src/test/java/retrofit2/adapter/rxjava/ObservableTest.java,retrofit2.adapter.rxjava.ObservableTest,resultFailure/0,false,182,6,5,0,5,1,10,7,0,1,0,10,0,0,0,0,0,0,0,0,1,0,0,0,0,0,21,1,1,false
/Users/thiago/Documents/Thiago/CodeToAnalyze/retrofit/retrofit-adapters/rxjava3/src/test/java/retrofit2/adapter/rxjava3/RecordingCompletableObserver.java,retrofit2.adapter.rxjava3.RecordingCompletableObserver$Rule,"apply/2[retrofit2.adapter.rxjava3.Statement,retrofit2.adapter.rxjava3.Description]",false,106,3,0,0,0,1,0,11,1,0,2,0,0,0,0,0,0,0,0,0,0,0,0,1,0,0,10,1,0,false
/Users/thiago/Documents/Thiago/CodeToAnalyze/retrofit/retrofit-adapters/rxjava3/src/test/java/retrofit2/adapter/rxjava3/RecordingCompletableObserver.java,retrofit2.adapter.rxjava3.RecordingCompletableObserver$Rule,create/0,false,99,1,8,7,1,1,1,5,1,1,0,1,0,0,0,0,0,0,0,0,1,0,0,0,0,0,5,1,0,false
/Users/thiago/Documents/Thiago/CodeToAnalyze/retrofit/retrofit-adapters/rxjava2/src/test/java/retrofit2/adapter/rxjava2/CompletableThrowingTest.java,retrofit2.adapter.rxjava2.CompletableThrowingTest$Service,completable/0,false,46,2,2,2,0,1,0,1,0,0,0,0,0,0,0,0,0,0,1,0,0,0,0,0,0,0,2,0,0,false
/Users/thiago/Documents/Thiago/CodeToAnalyze/retrofit/retrofit-adapters/rxjava2/src/test/java/retrofit2/adapter/rxjava2/CompletableWithSchedulerTest.java,retrofit2.adapter.rxjava2.CompletableWithSchedulerTest,completableUsesScheduler/0,false,54,5,4,0,4,1,7,8,0,1,0,7,0,0,0,0,0,0,0,0,1,0,0,0,0,0,9,1,0,false
/Users/thiago/Documents/Thiago/CodeToAnalyze/retrofit/retrofit-adapters/rxjava2/src/test/java/retrofit2/adapter/rxjava2/CompletableWithSchedulerTest.java,retrofit2.adapter.rxjava2.CompletableWithSchedulerTest,setUp/0,false,44,5,4,0,4,1,6,4,0,1,0,6,0,0,0,0,0,0,1,0,2,0,0,0,0,0,6,1,0,false
/Users/thiago/Documents/Thiago/CodeToAnalyze/retrofit/retrofit/java-test/src/test/java/retrofit2/RequestFactoryTest.java,retrofit2.RequestFactoryTest$25Example,method/1[],false,534,5,0,0,0,1,0,3,1,0,1,0,0,0,0,0,0,0,1,0,0,0,0,0,0,0,4,0,0,false
/Users/thiago/Documents/Thiago/CodeToAnalyze/retrofit/retrofit/src/main/java/retrofit2/DefaultCallAdapterFactory.java,retrofit2.DefaultCallAdapterFactory$ExecutorCallbackCall$Anonymous2,"onFailure/2[retrofit2.Call<T>,java.lang.Throwable]",false,95,3,5,0,5,1,2,3,0,0,2,2,0,0,0,0,0,0,0,0,0,0,0,0,0,1,4,1,0,false
/Users/thiago/Documents/Thiago/CodeToAnalyze/retrofit/retrofit/src/main/java/retrofit2/DefaultCallAdapterFactory.java,retrofit2.DefaultCallAdapterFactory$ExecutorCallbackCall$Anonymous2,"onResponse/2[retrofit2.Call<T>,retrofit2.Response<T>]",false,81,4,14,0,14,2,4,11,0,0,2,4,0,0,0,0,0,0,1,0,0,0,2,0,0,1,6,1,0,false
/Users/thiago/Documents/Thiago/CodeToAnalyze/retrofit/retrofit-adapters/rxjava2/src/test/java/retrofit2/adapter/rxjava2/RecordingObserver.java,retrofit2.adapter.rxjava2.RecordingObserver,assertNoEvents/0,false,115,0,0,0,0,1,3,3,0,0,0,3,0,0,0,0,0,0,1,0,0,0,0,0,0,0,7,1,0,false
/Users/thiago/Documents/Thiago/CodeToAnalyze/retrofit/retrofit-adapters/rxjava2/src/test/java/retrofit2/adapter/rxjava2/RecordingObserver.java,retrofit2.adapter.rxjava2.RecordingObserver,assertError/1[java.lang.Throwable],false,98,1,1,0,1,1,3,3,0,0,1,3,0,0,0,0,0,0,0,0,0,0,0,0,0,0,6,1,0,false
/Users/thiago/Documents/Thiago/CodeToAnalyze/retrofit/retrofit-adapters/rxjava2/src/test/java/retrofit2/adapter/rxjava2/RecordingObserver.java,retrofit2.adapter.rxjava2.RecordingObserver,onNext/1[T],false,42,1,0,0,0,1,2,3,0,0,1,2,0,0,0,0,0,0,0,0,0,0,0,0,0,0,4,1,0,false
/Users/thiago/Documents/Thiago/CodeToAnalyze/retrofit/retrofit-adapters/rxjava2/src/test/java/retrofit2/adapter/rxjava2/RecordingObserver.java,retrofit2.adapter.rxjava2.RecordingObserver,RecordingObserver/0,true,36,0,0,0,0,1,0,2,0,0,0,0,0,0,0,0,0,0,0,0,0,0,0,0,0,0,2,2,0,false
/Users/thiago/Documents/Thiago/CodeToAnalyze/retrofit/retrofit-adapters/rxjava2/src/test/java/retrofit2/adapter/rxjava2/RecordingObserver.java,retrofit2.adapter.rxjava2.RecordingObserver,assertComplete/0,false,90,2,2,0,2,1,6,5,0,1,0,6,0,0,0,0,0,0,1,0,1,1,0,0,0,0,14,1,0,false
/Users/thiago/Documents/Thiago/CodeToAnalyze/retrofit/retrofit-adapters/rxjava2/src/test/java/retrofit2/adapter/rxjava2/RecordingObserver.java,retrofit2.adapter.rxjava2.RecordingObserver,"assertError/2[java.lang.Class<? extends java.lang.Throwable>,java.lang.String]",false,106,1,2,0,2,2,6,8,0,1,2,6,0,0,0,1,0,0,0,0,1,0,1,0,0,0,12,1,0,false
/Users/thiago/Documents/Thiago/CodeToAnalyze/retrofit/retrofit-adapters/rxjava2/src/test/java/retrofit2/adapter/rxjava2/RecordingObserver.java,retrofit2.adapter.rxjava2.RecordingObserver,takeError/0,false,72,2,1,0,1,1,6,5,1,1,0,6,0,0,0,0,0,0,1,0,1,1,0,0,0,0,12,1,0,false
/Users/thiago/Documents/Thiago/CodeToAnalyze/retrofit/retrofit-adapters/rxjava2/src/test/java/retrofit2/adapter/rxjava2/RecordingObserver.java,retrofit2.adapter.rxjava2.RecordingObserver,takeValue/0,false,64,3,1,0,1,1,6,5,1,1,0,6,0,0,0,0,0,0,1,0,1,1,0,0,0,0,13,1,0,false
/Users/thiago/Documents/Thiago/CodeToAnalyze/retrofit/retrofit-adapters/rxjava2/src/test/java/retrofit2/adapter/rxjava2/RecordingObserver.java,retrofit2.adapter.rxjava2.RecordingObserver,onError/1[java.lang.Throwable],false,52,0,0,0,0,1,2,3,0,0,1,2,0,0,0,0,0,0,0,0,0,0,0,0,0,0,4,1,0,false
/Users/thiago/Documents/Thiago/CodeToAnalyze/retrofit/retrofit-adapters/rxjava2/src/test/java/retrofit2/adapter/rxjava2/RecordingObserver.java,retrofit2.adapter.rxjava2.RecordingObserver,assertAnyValue/0,false,80,2,1,0,1,1,1,4,1,0,0,1,0,0,0,0,0,0,0,0,0,0,0,0,0,0,4,1,0,false
/Users/thiago/Documents/Thiago/CodeToAnalyze/retrofit/retrofit-adapters/rxjava2/src/test/java/retrofit2/adapter/rxjava2/RecordingObserver.java,retrofit2.adapter.rxjava2.RecordingObserver,takeNotification/0,false,56,2,0,0,0,2,1,7,1,1,0,1,0,0,0,1,0,0,1,0,1,0,1,0,0,0,8,2,0,false
/Users/thiago/Documents/Thiago/CodeToAnalyze/retrofit/retrofit-adapters/rxjava2/src/test/java/retrofit2/adapter/rxjava2/RecordingObserver.java,retrofit2.adapter.rxjava2.RecordingObserver,assertError/1[java.lang.Class<? extends java.lang.Throwable>],false,102,1,1,0,1,1,1,3,0,0,1,1,0,0,0,0,0,0,0,0,0,0,0,0,0,0,5,1,0,false
/Users/thiago/Documents/Thiago/CodeToAnalyze/retrofit/retrofit-adapters/rxjava2/src/test/java/retrofit2/adapter/rxjava2/RecordingObserver.java,retrofit2.adapter.rxjava2.RecordingObserver,assertValue/1[T],false,85,2,1,0,1,1,3,4,1,0,1,3,0,0,0,0,0,0,0,0,0,0,0,0,0,0,6,1,0,false
/Users/thiago/Documents/Thiago/CodeToAnalyze/retrofit/retrofit-adapters/rxjava2/src/test/java/retrofit2/adapter/rxjava2/RecordingObserver.java,retrofit2.adapter.rxjava2.RecordingObserver,onSubscribe/1[retrofit2.adapter.rxjava2.Disposable],false,39,1,0,0,0,1,0,2,0,0,1,0,0,0,0,0,0,0,0,0,0,0,0,0,0,0,4,1,0,false
/Users/thiago/Documents/Thiago/CodeToAnalyze/retrofit/retrofit-adapters/rxjava2/src/test/java/retrofit2/adapter/rxjava2/RecordingObserver.java,retrofit2.adapter.rxjava2.RecordingObserver,onComplete/0,false,47,0,0,0,0,1,2,3,0,0,0,2,0,0,0,0,0,0,0,0,0,0,0,0,0,0,2,1,0,false
/Users/thiago/Documents/Thiago/CodeToAnalyze/retrofit/retrofit/java-test/src/test/java/retrofit2/RequestFactoryTest.java,retrofit2.RequestFactoryTest$66Example,"method/2[java.lang.String,java.lang.String]",false,1304,5,0,0,0,1,0,3,1,0,2,0,0,0,0,0,0,0,3,0,0,0,0,0,0,0,5,0,0,false
/Users/thiago/Documents/Thiago/CodeToAnalyze/retrofit/retrofit/java-test/src/test/java/retrofit2/RequestFactoryTest.java,retrofit2.RequestFactoryTest$117Example,method/1[java.util.List<MultipartBody.Part>],false,2312,6,0,0,0,1,0,3,1,0,1,0,0,0,0,0,0,0,2,0,0,0,0,0,0,0,5,0,0,false
/Users/thiago/Documents/Thiago/CodeToAnalyze/retrofit/retrofit/src/main/java/retrofit2/ParameterHandler.java,retrofit2.ParameterHandler$Header,"apply/2[retrofit2.RequestBuilder,T]",false,87,4,2,0,2,3,2,6,2,1,2,2,0,0,0,2,0,0,0,0,1,0,1,0,0,0,11,0,0,false
/Users/thiago/Documents/Thiago/CodeToAnalyze/retrofit/retrofit/src/main/java/retrofit2/ParameterHandler.java,retrofit2.ParameterHandler$Header,"Header/3[java.lang.String,retrofit2.Converter<T,java.lang.String>,boolean]",true,80,2,0,0,0,1,1,5,0,0,3,1,0,0,0,0,0,0,1,0,3,0,0,0,0,0,8,0,0,false
/Users/thiago/Documents/Thiago/CodeToAnalyze/retrofit/retrofit/src/main/java/retrofit2/BuiltInFactories.java,retrofit2.BuiltInFactories,createDefaultConverterFactories/0,false,33,0,1,1,0,1,1,3,1,0,0,1,0,0,0,0,0,0,0,0,0,0,0,0,0,0,6,0,0,false
/Users/thiago/Documents/Thiago/CodeToAnalyze/retrofit/retrofit/src/main/java/retrofit2/BuiltInFactories.java,retrofit2.BuiltInFactories,createDefaultCallAdapterFactories/1[java.util.concurrent.Executor],false,29,2,2,1,1,1,1,3,1,0,1,1,0,0,0,0,0,0,0,0,0,0,0,0,0,0,10,0,0,false
/Users/thiago/Documents/Thiago/CodeToAnalyze/retrofit/retrofit-adapters/rxjava2/src/test/java/retrofit2/adapter/rxjava2/FlowableWithSchedulerTest.java,retrofit2.adapter.rxjava2.FlowableWithSchedulerTest,responseUsesScheduler/0,false,71,5,5,0,5,1,8,8,0,1,0,8,0,0,0,0,0,0,0,0,1,0,0,0,0,0,6,1,0,false
/Users/thiago/Documents/Thiago/CodeToAnalyze/retrofit/retrofit-adapters/rxjava2/src/test/java/retrofit2/adapter/rxjava2/FlowableWithSchedulerTest.java,retrofit2.adapter.rxjava2.FlowableWithSchedulerTest,setUp/0,false,48,6,5,0,5,1,7,4,0,1,0,7,0,0,0,0,0,0,1,0,2,0,0,0,0,0,9,1,0,false
/Users/thiago/Documents/Thiago/CodeToAnalyze/retrofit/retrofit-adapters/rxjava2/src/test/java/retrofit2/adapter/rxjava2/FlowableWithSchedulerTest.java,retrofit2.adapter.rxjava2.FlowableWithSchedulerTest,resultUsesScheduler/0,false,83,5,5,0,5,1,8,8,0,1,0,8,0,0,0,0,0,0,0,0,1,0,0,0,0,0,6,1,0,false
/Users/thiago/Documents/Thiago/CodeToAnalyze/retrofit/retrofit-adapters/rxjava2/src/test/java/retrofit2/adapter/rxjava2/FlowableWithSchedulerTest.java,retrofit2.adapter.rxjava2.FlowableWithSchedulerTest,bodyUsesScheduler/0,false,59,5,5,0,5,1,8,8,0,1,0,8,0,0,0,0,0,0,0,0,1,0,0,0,0,0,6,1,0,false
/Users/thiago/Documents/Thiago/CodeToAnalyze/retrofit/retrofit-adapters/rxjava3/src/test/java/retrofit2/adapter/rxjava3/CancelDisposeTest.java,retrofit2.adapter.rxjava3.CancelDisposeTest$Service,go/0,false,38,2,3,3,0,1,0,1,0,0,0,0,0,0,0,0,0,0,1,0,0,0,0,0,0,0,1,0,0,false
/Users/thiago/Documents/Thiago/CodeToAnalyze/retrofit/retrofit-adapters/rxjava3/src/test/java/retrofit2/adapter/rxjava3/RecordingObserver.java,retrofit2.adapter.rxjava3.RecordingObserver,assertNoEvents/0,false,115,0,0,0,0,1,3,3,0,0,0,3,0,0,0,0,0,0,1,0,0,0,0,0,0,0,7,1,0,false
/Users/thiago/Documents/Thiago/CodeToAnalyze/retrofit/retrofit-adapters/rxjava3/src/test/java/retrofit2/adapter/rxjava3/RecordingObserver.java,retrofit2.adapter.rxjava3.RecordingObserver,assertError/1[java.lang.Throwable],false,98,1,1,0,1,1,3,3,0,0,1,3,0,0,0,0,0,0,0,0,0,0,0,0,0,0,6,1,0,false
/Users/thiago/Documents/Thiago/CodeToAnalyze/retrofit/retrofit-adapters/rxjava3/src/test/java/retrofit2/adapter/rxjava3/RecordingObserver.java,retrofit2.adapter.rxjava3.RecordingObserver,onNext/1[T],false,42,1,0,0,0,1,2,3,0,0,1,2,0,0,0,0,0,0,0,0,0,0,0,0,0,0,4,1,0,false
/Users/thiago/Documents/Thiago/CodeToAnalyze/retrofit/retrofit-adapters/rxjava3/src/test/java/retrofit2/adapter/rxjava3/RecordingObserver.java,retrofit2.adapter.rxjava3.RecordingObserver,RecordingObserver/0,true,36,0,0,0,0,1,0,2,0,0,0,0,0,0,0,0,0,0,0,0,0,0,0,0,0,0,2,2,0,false
/Users/thiago/Documents/Thiago/CodeToAnalyze/retrofit/retrofit-adapters/rxjava3/src/test/java/retrofit2/adapter/rxjava3/RecordingObserver.java,retrofit2.adapter.rxjava3.RecordingObserver,assertComplete/0,false,90,2,2,0,2,1,6,5,0,1,0,6,0,0,0,0,0,0,1,0,1,1,0,0,0,0,14,1,0,false
/Users/thiago/Documents/Thiago/CodeToAnalyze/retrofit/retrofit-adapters/rxjava3/src/test/java/retrofit2/adapter/rxjava3/RecordingObserver.java,retrofit2.adapter.rxjava3.RecordingObserver,"assertError/2[java.lang.Class<? extends java.lang.Throwable>,java.lang.String]",false,106,1,2,0,2,2,6,8,0,1,2,6,0,0,0,1,0,0,0,0,1,0,1,0,0,0,12,1,0,false
/Users/thiago/Documents/Thiago/CodeToAnalyze/retrofit/retrofit-adapters/rxjava3/src/test/java/retrofit2/adapter/rxjava3/RecordingObserver.java,retrofit2.adapter.rxjava3.RecordingObserver,takeError/0,false,72,2,1,0,1,1,6,5,1,1,0,6,0,0,0,0,0,0,1,0,1,1,0,0,0,0,12,1,0,false
/Users/thiago/Documents/Thiago/CodeToAnalyze/retrofit/retrofit-adapters/rxjava3/src/test/java/retrofit2/adapter/rxjava3/RecordingObserver.java,retrofit2.adapter.rxjava3.RecordingObserver,takeValue/0,false,64,3,1,0,1,1,6,5,1,1,0,6,0,0,0,0,0,0,1,0,1,1,0,0,0,0,13,1,0,false
/Users/thiago/Documents/Thiago/CodeToAnalyze/retrofit/retrofit-adapters/rxjava3/src/test/java/retrofit2/adapter/rxjava3/RecordingObserver.java,retrofit2.adapter.rxjava3.RecordingObserver,onError/1[java.lang.Throwable],false,52,0,0,0,0,1,2,3,0,0,1,2,0,0,0,0,0,0,0,0,0,0,0,0,0,0,4,1,0,false
/Users/thiago/Documents/Thiago/CodeToAnalyze/retrofit/retrofit-adapters/rxjava3/src/test/java/retrofit2/adapter/rxjava3/RecordingObserver.java,retrofit2.adapter.rxjava3.RecordingObserver,assertAnyValue/0,false,80,2,1,0,1,1,1,4,1,0,0,1,0,0,0,0,0,0,0,0,0,0,0,0,0,0,4,1,0,false
/Users/thiago/Documents/Thiago/CodeToAnalyze/retrofit/retrofit-adapters/rxjava3/src/test/java/retrofit2/adapter/rxjava3/RecordingObserver.java,retrofit2.adapter.rxjava3.RecordingObserver,takeNotification/0,false,56,2,0,0,0,2,1,7,1,1,0,1,0,0,0,1,0,0,1,0,1,0,1,0,0,0,8,2,0,false
/Users/thiago/Documents/Thiago/CodeToAnalyze/retrofit/retrofit-adapters/rxjava3/src/test/java/retrofit2/adapter/rxjava3/RecordingObserver.java,retrofit2.adapter.rxjava3.RecordingObserver,onSubscribe/1[retrofit2.adapter.rxjava3.Disposable],false,39,1,0,0,0,1,0,2,0,0,1,0,0,0,0,0,0,0,0,0,0,0,0,0,0,0,4,1,0,false
/Users/thiago/Documents/Thiago/CodeToAnalyze/retrofit/retrofit-adapters/rxjava3/src/test/java/retrofit2/adapter/rxjava3/RecordingObserver.java,retrofit2.adapter.rxjava3.RecordingObserver,assertError/1[java.lang.Class<? extends java.lang.Throwable>],false,102,1,1,0,1,1,1,3,0,0,1,1,0,0,0,0,0,0,0,0,0,0,0,0,0,0,5,1,0,false
/Users/thiago/Documents/Thiago/CodeToAnalyze/retrofit/retrofit-adapters/rxjava3/src/test/java/retrofit2/adapter/rxjava3/RecordingObserver.java,retrofit2.adapter.rxjava3.RecordingObserver,assertValue/1[T],false,85,2,1,0,1,1,3,4,1,0,1,3,0,0,0,0,0,0,0,0,0,0,0,0,0,0,6,1,0,false
/Users/thiago/Documents/Thiago/CodeToAnalyze/retrofit/retrofit-adapters/rxjava3/src/test/java/retrofit2/adapter/rxjava3/RecordingObserver.java,retrofit2.adapter.rxjava3.RecordingObserver,onComplete/0,false,47,0,0,0,0,1,2,3,0,0,0,2,0,0,0,0,0,0,0,0,0,0,0,0,0,0,2,1,0,false
/Users/thiago/Documents/Thiago/CodeToAnalyze/retrofit/retrofit/java-test/src/test/java/retrofit2/RequestFactoryTest.java,retrofit2.RequestFactoryTest$112Example,method/1[MultipartBody.Part],false,2167,6,0,0,0,1,0,3,1,0,1,0,0,0,0,0,0,0,1,0,0,0,0,0,0,0,5,0,0,false
/Users/thiago/Documents/Thiago/CodeToAnalyze/retrofit/retrofit/test-helpers/src/main/java/retrofit2/helpers/ObjectInstanceConverterFactory.java,retrofit2.helpers.ObjectInstanceConverterFactory,"responseBodyConverter/3[java.lang.reflect.Type,java.lang.annotation.Annotation[],retrofit2.Retrofit]",false,30,4,0,0,0,2,0,6,2,1,3,0,0,0,0,1,0,0,0,0,0,0,1,0,0,1,13,1,0,false
/Users/thiago/Documents/Thiago/CodeToAnalyze/retrofit/retrofit/java-test/src/test/java/retrofit2/RequestFactoryTest.java,retrofit2.RequestFactoryTest$123Example,"method/1[java.util.Map<java.lang.String,MultipartBody.Part>]",false,2479,6,0,0,0,1,0,3,1,0,1,0,0,0,0,0,0,0,1,0,0,0,0,0,0,0,5,0,0,false
/Users/thiago/Documents/Thiago/CodeToAnalyze/retrofit/retrofit-adapters/rxjava/src/test/java/retrofit2/adapter/rxjava/CompletableThrowingTest.java,retrofit2.adapter.rxjava.CompletableThrowingTest$Service,completable/0,false,43,2,2,2,0,1,0,1,0,0,0,0,0,0,0,0,0,0,1,0,0,0,0,0,0,0,2,0,0,false
/Users/thiago/Documents/Thiago/CodeToAnalyze/retrofit/retrofit/java-test/src/test/java/retrofit2/RetrofitTest.java,retrofit2.RetrofitTest$Annotated,method/0,false,157,3,3,3,0,1,0,1,0,0,0,0,0,0,0,0,0,0,1,0,0,0,0,0,0,0,1,0,0,false
/Users/thiago/Documents/Thiago/CodeToAnalyze/retrofit/retrofit/java-test/src/test/java/retrofit2/RetrofitTest.java,retrofit2.RetrofitTest$Annotated,bodyParameter/1[java.lang.String],false,161,5,1,1,0,1,0,1,0,0,1,0,0,0,0,0,0,0,1,0,0,0,0,0,0,0,3,0,0,false
/Users/thiago/Documents/Thiago/CodeToAnalyze/retrofit/retrofit/java-test/src/test/java/retrofit2/RetrofitTest.java,retrofit2.RetrofitTest$Annotated,queryParameter/1[java.lang.Object],false,164,5,1,1,0,1,0,1,0,0,1,0,0,0,0,0,0,0,2,0,0,0,0,0,0,0,4,0,0,false
/Users/thiago/Documents/Thiago/CodeToAnalyze/retrofit/retrofit-converters/jaxb/src/test/java/retrofit2/converter/jaxb/PhoneNumber.java,retrofit2.converter.jaxb.PhoneNumber,hashCode/0,false,47,0,0,0,0,1,2,3,1,0,0,2,0,0,0,0,0,0,0,0,0,0,0,0,0,0,2,1,0,false
/Users/thiago/Documents/Thiago/CodeToAnalyze/retrofit/retrofit-converters/jaxb/src/test/java/retrofit2/converter/jaxb/PhoneNumber.java,retrofit2.converter.jaxb.PhoneNumber,equals/1[java.lang.Object],false,40,1,0,0,0,1,2,3,1,0,1,2,0,0,0,0,0,2,0,0,0,0,0,0,0,0,7,1,0,false
/Users/thiago/Documents/Thiago/CodeToAnalyze/retrofit/retrofit-converters/jaxb/src/test/java/retrofit2/converter/jaxb/PhoneNumber.java,retrofit2.converter.jaxb.PhoneNumber,PhoneNumber/0,true,30,0,0,0,0,1,0,3,0,0,0,0,0,0,0,0,0,0,2,0,0,0,0,0,0,0,2,2,0,false
/Users/thiago/Documents/Thiago/CodeToAnalyze/retrofit/retrofit-converters/jaxb/src/test/java/retrofit2/converter/jaxb/PhoneNumber.java,retrofit2.converter.jaxb.PhoneNumber,"PhoneNumber/2[java.lang.String,retrofit2.converter.jaxb.Type]",true,34,2,0,0,0,1,0,4,0,0,2,0,0,0,0,0,0,0,0,0,2,0,0,0,0,0,5,0,0,false
/Users/thiago/Documents/Thiago/CodeToAnalyze/retrofit/retrofit/java-test/src/test/java/retrofit2/RequestFactoryTest.java,retrofit2.RequestFactoryTest$22Example,method/1[java.lang.String],false,476,3,0,0,0,1,0,3,1,0,1,0,0,0,0,0,0,0,1,0,0,0,0,0,0,0,3,0,0,false
/Users/thiago/Documents/Thiago/CodeToAnalyze/retrofit/retrofit-adapters/rxjava2/src/test/java/retrofit2/adapter/rxjava2/FlowableThrowingTest.java,retrofit2.adapter.rxjava2.FlowableThrowingTest$Anonymous9,onNext/1[retrofit2.adapter.rxjava2.Result<java.lang.String>],false,304,1,0,0,0,1,0,3,0,0,1,0,0,0,0,0,0,0,0,0,0,0,0,0,0,0,4,1,0,false
/Users/thiago/Documents/Thiago/CodeToAnalyze/retrofit/retrofit-adapters/rxjava2/src/test/java/retrofit2/adapter/rxjava2/FlowableThrowingTest.java,retrofit2.adapter.rxjava2.FlowableThrowingTest$Anonymous9,onError/1[java.lang.Throwable],false,310,0,0,0,0,1,0,3,0,0,1,0,0,0,0,0,0,0,0,0,0,0,0,0,0,0,5,1,0,false
/Users/thiago/Documents/Thiago/CodeToAnalyze/retrofit/retrofit-adapters/rxjava2/src/test/java/retrofit2/adapter/rxjava2/RecordingMaybeObserver.java,retrofit2.adapter.rxjava2.RecordingMaybeObserver$Rule$Anonymous1,evaluate/0,false,125,1,11,0,11,2,2,6,0,0,0,2,0,0,1,0,0,0,0,0,0,0,1,0,0,0,4,1,0,false
/Users/thiago/Documents/Thiago/CodeToAnalyze/retrofit/retrofit-adapters/rxjava2/src/test/java/retrofit2/adapter/rxjava2/FlowableThrowingTest.java,retrofit2.adapter.rxjava2.FlowableThrowingTest$Anonymous4,onNext/1[retrofit2.Response<java.lang.String>],false,162,1,0,0,0,1,0,3,0,0,1,0,0,0,0,0,0,0,0,0,0,0,0,0,0,0,4,1,0,false
/Users/thiago/Documents/Thiago/CodeToAnalyze/retrofit/retrofit-adapters/rxjava2/src/test/java/retrofit2/adapter/rxjava2/FlowableThrowingTest.java,retrofit2.adapter.rxjava2.FlowableThrowingTest$Anonymous3,onError/1[java.lang.Throwable],false,138,0,0,0,0,2,2,6,0,0,1,2,0,0,0,0,0,0,0,0,0,0,1,0,0,0,5,1,0,false
/Users/thiago/Documents/Thiago/CodeToAnalyze/retrofit/retrofit/java-test/src/test/java/retrofit2/RequestFactoryTest.java,retrofit2.RequestFactoryTest$33Example,"method/1[java.util.Map<java.lang.String,java.lang.String>]",false,700,4,0,0,0,1,0,3,1,0,1,0,0,0,0,0,0,0,1,0,0,0,0,0,0,0,3,0,0,false
/Users/thiago/Documents/Thiago/CodeToAnalyze/retrofit/retrofit-adapters/rxjava2/src/test/java/retrofit2/adapter/rxjava2/FlowableThrowingTest.java,retrofit2.adapter.rxjava2.FlowableThrowingTest$Anonymous2,onComplete/0,false,106,0,0,0,0,1,0,3,0,0,0,0,0,0,0,0,0,0,0,0,0,0,0,0,0,0,3,1,0,false
/Users/thiago/Documents/Thiago/CodeToAnalyze/retrofit/retrofit-adapters/rxjava2/src/test/java/retrofit2/adapter/rxjava2/FlowableThrowingTest.java,retrofit2.adapter.rxjava2.FlowableThrowingTest$Anonymous1,onNext/1[java.lang.String],false,79,0,0,0,0,1,0,3,0,0,1,0,0,0,0,0,0,0,0,0,0,0,0,0,0,0,4,1,0,false
/Users/thiago/Documents/Thiago/CodeToAnalyze/retrofit/retrofit-adapters/rxjava2/src/test/java/retrofit2/adapter/rxjava2/FlowableThrowingTest.java,retrofit2.adapter.rxjava2.FlowableThrowingTest$Anonymous8,onComplete/0,false,272,0,0,0,0,1,0,3,0,0,0,0,0,0,0,0,0,0,0,0,0,0,0,0,0,0,3,1,0,false
/Users/thiago/Documents/Thiago/CodeToAnalyze/retrofit/retrofit/src/main/java/retrofit2/Call.java,retrofit2.Call,isExecuted/0,false,51,0,0,0,0,1,0,1,0,0,0,0,0,0,0,0,0,0,0,0,0,0,0,0,0,0,21,0,0,true
/Users/thiago/Documents/Thiago/CodeToAnalyze/retrofit/retrofit/src/main/java/retrofit2/Call.java,retrofit2.Call,timeout/0,false,75,1,0,0,0,1,0,1,0,0,0,0,0,0,0,0,0,0,0,0,0,0,0,0,0,0,26,0,0,true
/Users/thiago/Documents/Thiago/CodeToAnalyze/retrofit/retrofit/src/main/java/retrofit2/Call.java,retrofit2.Call,cancel/0,false,57,0,0,0,0,1,0,1,0,0,0,0,0,0,0,0,0,0,0,0,0,0,0,0,0,0,20,0,0,true
/Users/thiago/Documents/Thiago/CodeToAnalyze/retrofit/retrofit/src/main/java/retrofit2/Call.java,retrofit2.Call,clone/0,false,66,2,0,0,0,1,0,1,0,0,0,0,0,0,0,0,0,0,0,0,0,0,0,0,0,0,16,0,0,true
/Users/thiago/Documents/Thiago/CodeToAnalyze/retrofit/retrofit/src/main/java/retrofit2/Call.java,retrofit2.Call,execute/0,false,36,2,1,1,0,1,0,1,0,0,0,0,0,0,0,0,0,0,0,0,0,0,0,0,0,0,23,0,0,true
/Users/thiago/Documents/Thiago/CodeToAnalyze/retrofit/retrofit/src/main/java/retrofit2/Call.java,retrofit2.Call,request/0,false,72,1,0,0,0,1,0,1,0,0,0,0,0,0,0,0,0,0,0,0,0,0,0,0,0,0,7,0,0,true
/Users/thiago/Documents/Thiago/CodeToAnalyze/retrofit/retrofit/src/main/java/retrofit2/Call.java,retrofit2.Call,enqueue/1[retrofit2.Callback<T>],false,45,2,0,0,0,1,0,1,0,0,1,0,0,0,0,0,0,0,0,0,0,0,0,0,0,0,18,0,0,true
/Users/thiago/Documents/Thiago/CodeToAnalyze/retrofit/retrofit/src/main/java/retrofit2/Call.java,retrofit2.Call,isCanceled/0,false,63,0,0,0,0,1,0,1,0,0,0,0,0,0,0,0,0,0,0,0,0,0,0,0,0,0,4,0,0,true
/Users/thiago/Documents/Thiago/CodeToAnalyze/retrofit/retrofit-adapters/rxjava2/src/test/java/retrofit2/adapter/rxjava2/FlowableThrowingTest.java,retrofit2.adapter.rxjava2.FlowableThrowingTest$Anonymous7,onNext/1[retrofit2.adapter.rxjava2.Result<java.lang.String>],false,245,1,0,0,0,1,0,3,0,0,1,0,0,0,0,0,0,0,0,0,0,0,0,0,0,0,4,1,0,false
/Users/thiago/Documents/Thiago/CodeToAnalyze/retrofit/retrofit-adapters/rxjava2/src/test/java/retrofit2/adapter/rxjava2/FlowableThrowingTest.java,retrofit2.adapter.rxjava2.FlowableThrowingTest$Anonymous6,onError/1[java.lang.Throwable],false,221,0,0,0,0,2,2,6,0,0,1,2,0,0,0,0,0,0,0,0,0,0,1,0,0,0,5,1,0,false
/Users/thiago/Documents/Thiago/CodeToAnalyze/retrofit/retrofit-adapters/rxjava2/src/test/java/retrofit2/adapter/rxjava2/FlowableThrowingTest.java,retrofit2.adapter.rxjava2.FlowableThrowingTest$Anonymous5,onComplete/0,false,189,0,0,0,0,1,0,3,0,0,0,0,0,0,0,0,0,0,0,0,0,0,0,0,0,0,3,1,0,false
/Users/thiago/Documents/Thiago/CodeToAnalyze/retrofit/retrofit/java-test/src/test/java/retrofit2/RequestFactoryTest.java,retrofit2.RequestFactoryTest$55Example,method/1[java.lang.String],false,1104,4,0,0,0,1,0,3,1,0,1,0,0,0,0,0,0,0,2,0,0,0,0,0,0,0,6,0,0,false
/Users/thiago/Documents/Thiago/CodeToAnalyze/retrofit/retrofit/android-test/src/androidTest/java/retrofit2/BasicCallTest.java,retrofit2.BasicCallTest,responseBody/0,false,35,7,4,0,4,1,11,7,0,3,0,11,0,0,0,0,0,0,3,0,3,0,0,0,0,0,13,1,0,false
/Users/thiago/Documents/Thiago/CodeToAnalyze/retrofit/retrofit/java-test/src/test/java/retrofit2/RequestFactoryTest.java,retrofit2.RequestFactoryTest$36Example,"method/2[okhttp3.Headers,java.util.Map<java.lang.String,java.lang.Object>]",false,776,5,0,0,0,1,0,3,0,0,2,0,0,0,0,0,0,0,1,0,0,0,0,0,0,0,5,0,0,false
/Users/thiago/Documents/Thiago/CodeToAnalyze/retrofit/retrofit-adapters/java8/src/test/java/retrofit2/adapter/java8/StringConverterFactory.java,retrofit2.adapter.java8.StringConverterFactory,"responseBodyConverter/3[java.lang.reflect.Type,java.lang.annotation.Annotation[],retrofit2.Retrofit]",false,29,3,0,0,0,1,0,3,1,0,3,0,0,0,0,0,0,0,0,0,0,0,0,0,0,0,5,1,0,false
/Users/thiago/Documents/Thiago/CodeToAnalyze/retrofit/retrofit-adapters/java8/src/test/java/retrofit2/adapter/java8/StringConverterFactory.java,retrofit2.adapter.java8.StringConverterFactory,"requestBodyConverter/4[java.lang.reflect.Type,java.lang.annotation.Annotation[],java.lang.annotation.Annotation[],retrofit2.Retrofit]",false,38,3,0,0,0,1,2,3,1,1,4,2,0,0,0,0,0,0,1,0,0,0,0,0,0,1,6,1,0,false
/Users/thiago/Documents/Thiago/CodeToAnalyze/retrofit/retrofit/test-helpers/src/main/java/retrofit2/TestingUtils.java,retrofit2.TestingUtils,"repeat/2[char,int]",false,59,1,1,1,0,1,1,5,1,1,2,1,0,0,0,0,0,0,0,0,1,0,0,0,0,0,3,8,0,false
/Users/thiago/Documents/Thiago/CodeToAnalyze/retrofit/retrofit/test-helpers/src/main/java/retrofit2/TestingUtils.java,retrofit2.TestingUtils,"buildRequest/2[java.lang.Class<T>,java.lang.Object[]]",false,42,5,5,0,5,1,3,4,1,1,2,3,1,2,0,0,0,0,1,0,1,0,0,0,0,0,9,8,0,false
/Users/thiago/Documents/Thiago/CodeToAnalyze/retrofit/retrofit/test-helpers/src/main/java/retrofit2/TestingUtils.java,retrofit2.TestingUtils,onlyMethod/1[java.lang.Class],false,51,0,1,1,0,2,1,7,1,1,1,1,0,0,0,1,0,0,1,2,1,0,1,0,0,0,12,8,0,false
/Users/thiago/Documents/Thiago/CodeToAnalyze/retrofit/retrofit/test-helpers/src/main/java/retrofit2/TestingUtils.java,retrofit2.TestingUtils,"buildRequest/3[java.lang.Class<T>,retrofit2.Retrofit.Builder,java.lang.Object[]]",false,24,9,5,1,4,3,5,17,1,4,3,5,1,1,0,0,1,0,1,0,3,0,1,0,0,1,19,8,0,false
/Users/thiago/Documents/Thiago/CodeToAnalyze/retrofit/retrofit/java-test/src/test/java/retrofit2/RequestFactoryTest.java,retrofit2.RequestFactoryTest$77Example,method/1[java.lang.String],false,1501,4,0,0,0,1,0,3,1,0,1,0,0,0,0,0,0,0,1,0,0,0,0,0,0,0,5,0,0,false
/Users/thiago/Documents/Thiago/CodeToAnalyze/retrofit/retrofit/java-test/src/test/java/retrofit2/RequestFactoryTest.java,retrofit2.RequestFactoryTest$14Example,method/0,false,321,4,0,0,0,1,0,3,1,0,0,0,0,0,0,0,0,0,1,0,0,0,0,0,0,0,2,0,0,false
/Users/thiago/Documents/Thiago/CodeToAnalyze/retrofit/retrofit/java-test/src/test/java/retrofit2/DefaultMethodsTest.java,retrofit2.DefaultMethodsTest,test/0,false,42,8,8,0,8,1,13,10,0,4,0,13,0,0,0,0,0,0,6,0,4,0,0,0,0,0,18,1,0,false
/Users/thiago/Documents/Thiago/CodeToAnalyze/retrofit/retrofit/java-test/src/test/java/retrofit2/RequestFactoryTest.java,retrofit2.RequestFactoryTest$109Example,method/1[java.util.List<retrofit2.RequestBody>],false,2101,6,0,0,0,1,0,3,1,0,1,0,0,0,0,0,0,0,1,0,0,0,0,0,0,0,5,0,0,false
/Users/thiago/Documents/Thiago/CodeToAnalyze/retrofit/retrofit-converters/wire/src/test/java/retrofit2/converter/wire/WireConverterFactoryTest.java,retrofit2.converter.wire.WireConverterFactoryTest$Anonymous1,"onResponse/2[retrofit2.Call<java.lang.Void>,retrofit2.Response<java.lang.Void>]",false,109,2,0,0,0,1,1,3,0,0,2,1,0,0,0,0,0,0,0,0,0,0,0,0,0,0,3,1,0,false
/Users/thiago/Documents/Thiago/CodeToAnalyze/retrofit/retrofit-converters/wire/src/test/java/retrofit2/converter/wire/WireConverterFactoryTest.java,retrofit2.converter.wire.WireConverterFactoryTest$Anonymous1,"onFailure/2[retrofit2.Call<java.lang.Void>,java.lang.Throwable]",false,114,1,0,0,0,1,2,4,0,0,2,2,0,0,0,0,0,0,0,0,0,0,0,0,0,0,3,1,0,false
/Users/thiago/Documents/Thiago/CodeToAnalyze/retrofit/retrofit/kotlin-test/src/test/java/retrofit2/KotlinRequestFactoryTest.java,retrofit2.KotlinRequestFactoryTest,headUnit/0,false,13,4,1,0,1,1,10,12,0,1,0,10,0,0,0,0,0,0,2,1,1,0,0,0,1,0,9,1,0,false
/Users/thiago/Documents/Thiago/CodeToAnalyze/retrofit/retrofit/java-test/src/test/java/retrofit2/RequestFactoryTest.java,retrofit2.RequestFactoryTest$128Example,method/1[],false,2596,6,0,0,0,1,0,3,1,0,1,0,0,0,0,0,0,0,1,0,0,0,0,0,0,0,6,0,0,false
/Users/thiago/Documents/Thiago/CodeToAnalyze/retrofit/retrofit-converters/scalars/src/main/java/retrofit2/converter/scalars/ScalarResponseBodyConverters.java,retrofit2.converter.scalars.ScalarResponseBodyConverters,ScalarResponseBodyConverters/0,true,23,0,0,0,0,1,0,2,0,0,0,0,0,0,0,0,0,0,0,0,0,0,0,0,0,0,4,2,0,false
/Users/thiago/Documents/Thiago/CodeToAnalyze/retrofit/retrofit-adapters/rxjava/src/test/java/retrofit2/adapter/rxjava/SingleTest.java,retrofit2.adapter.rxjava.SingleTest$Anonymous3,onNext/1[retrofit2.adapter.rxjava.Result<java.lang.String>],false,198,1,0,0,0,1,0,3,0,0,1,0,0,0,0,0,0,0,0,0,0,0,0,0,0,0,4,1,0,false
/Users/thiago/Documents/Thiago/CodeToAnalyze/retrofit/retrofit-adapters/rxjava/src/test/java/retrofit2/adapter/rxjava/SingleTest.java,retrofit2.adapter.rxjava.SingleTest$Anonymous2,onNext/1[retrofit2.Response<java.lang.String>],false,149,1,0,0,0,1,0,3,0,0,1,0,0,0,0,0,0,0,0,0,0,0,0,0,0,0,4,1,0,false
/Users/thiago/Documents/Thiago/CodeToAnalyze/retrofit/retrofit-adapters/rxjava/src/test/java/retrofit2/adapter/rxjava/SingleTest.java,retrofit2.adapter.rxjava.SingleTest$Anonymous1,onNext/1[java.lang.String],false,101,0,0,0,0,1,0,3,0,0,1,0,0,0,0,0,0,0,0,0,0,0,0,0,0,0,4,1,0,false
/Users/thiago/Documents/Thiago/CodeToAnalyze/retrofit/retrofit/src/main/java/retrofit2/RequestFactory.java,retrofit2.RequestFactory,RequestFactory/1[retrofit2.RequestFactory.Builder],true,83,1,1,1,0,1,0,14,0,0,1,0,0,0,0,0,0,0,0,0,12,0,0,0,0,0,25,0,0,false
/Users/thiago/Documents/Thiago/CodeToAnalyze/retrofit/retrofit/src/main/java/retrofit2/RequestFactory.java,retrofit2.RequestFactory,"parseAnnotations/3[retrofit2.Retrofit,java.lang.Class<?>,java.lang.reflect.Method]",false,66,3,4,2,2,1,1,3,1,0,3,1,0,0,0,0,0,0,0,0,0,0,0,0,0,0,7,8,0,false
/Users/thiago/Documents/Thiago/CodeToAnalyze/retrofit/retrofit/src/main/java/retrofit2/RequestFactory.java,retrofit2.RequestFactory,"create/2[java.lang.Object,java.lang.Object[]]",false,98,5,6,2,4,4,5,17,1,5,2,5,0,0,1,1,0,0,4,1,5,1,1,0,0,0,26,0,0,false
/Users/thiago/Documents/Thiago/CodeToAnalyze/retrofit/retrofit-adapters/rxjava3/src/test/java/retrofit2/adapter/rxjava3/RecordingSubscriber.java,retrofit2.adapter.rxjava3.RecordingSubscriber$Rule,"apply/2[retrofit2.adapter.rxjava3.Statement,retrofit2.adapter.rxjava3.Description]",false,150,3,0,0,0,1,0,11,1,0,2,0,0,0,0,0,0,0,0,0,0,0,0,1,0,0,7,1,0,false
/Users/thiago/Documents/Thiago/CodeToAnalyze/retrofit/retrofit-adapters/rxjava3/src/test/java/retrofit2/adapter/rxjava3/RecordingSubscriber.java,retrofit2.adapter.rxjava3.RecordingSubscriber$Rule,create/0,false,139,3,23,22,1,1,1,3,1,0,0,1,1,1,0,0,0,0,0,0,0,0,0,0,0,0,4,1,0,false
/Users/thiago/Documents/Thiago/CodeToAnalyze/retrofit/retrofit-adapters/rxjava3/src/test/java/retrofit2/adapter/rxjava3/RecordingSubscriber.java,retrofit2.adapter.rxjava3.RecordingSubscriber$Rule,createWithInitialRequest/1[long],false,143,2,2,1,1,1,1,5,1,1,1,1,0,0,0,0,0,0,0,0,1,0,0,0,0,0,6,1,0,false
/Users/thiago/Documents/Thiago/CodeToAnalyze/retrofit/retrofit/java-test/src/test/java/retrofit2/RequestFactoryTest.java,retrofit2.RequestFactoryTest$106Example,"method/2[java.lang.String,retrofit2.RequestBody]",false,2019,6,0,0,0,1,0,3,1,0,2,0,0,0,0,0,0,0,3,0,0,0,0,0,0,0,7,0,0,false
/Users/thiago/Documents/Thiago/CodeToAnalyze/retrofit/retrofit-adapters/rxjava/src/test/java/retrofit2/adapter/rxjava/ObservableWithSchedulerTest.java,retrofit2.adapter.rxjava.ObservableWithSchedulerTest,responseUsesScheduler/0,false,71,6,5,0,5,1,9,8,0,1,0,9,0,0,0,0,0,0,1,0,1,0,0,0,0,0,6,1,0,false
/Users/thiago/Documents/Thiago/CodeToAnalyze/retrofit/retrofit-adapters/rxjava/src/test/java/retrofit2/adapter/rxjava/ObservableWithSchedulerTest.java,retrofit2.adapter.rxjava.ObservableWithSchedulerTest,setUp/0,false,48,6,5,0,5,1,7,4,0,1,0,7,0,0,0,0,0,0,1,0,2,0,0,0,0,0,9,1,0,false
/Users/thiago/Documents/Thiago/CodeToAnalyze/retrofit/retrofit-adapters/rxjava/src/test/java/retrofit2/adapter/rxjava/ObservableWithSchedulerTest.java,retrofit2.adapter.rxjava.ObservableWithSchedulerTest,resultUsesScheduler/0,false,83,6,5,0,5,1,9,8,0,1,0,9,0,0,0,0,0,0,1,0,1,0,0,0,0,0,6,1,0,false
/Users/thiago/Documents/Thiago/CodeToAnalyze/retrofit/retrofit-adapters/rxjava/src/test/java/retrofit2/adapter/rxjava/ObservableWithSchedulerTest.java,retrofit2.adapter.rxjava.ObservableWithSchedulerTest,bodyUsesScheduler/0,false,59,5,5,0,5,1,9,8,0,1,0,9,0,0,0,0,0,0,1,0,1,0,0,0,0,0,6,1,0,false
/Users/thiago/Documents/Thiago/CodeToAnalyze/retrofit/retrofit-converters/jaxb3/src/main/java/retrofit2/converter/jaxb3/JaxbConverterFactory.java,retrofit2.converter.jaxb3.JaxbConverterFactory,create/0,false,38,1,2,1,1,1,0,3,1,0,0,0,0,0,0,0,0,0,0,0,0,0,0,0,0,0,15,9,0,true
/Users/thiago/Documents/Thiago/CodeToAnalyze/retrofit/retrofit-converters/jaxb3/src/main/java/retrofit2/converter/jaxb3/JaxbConverterFactory.java,retrofit2.converter.jaxb3.JaxbConverterFactory,JaxbConverterFactory/1[retrofit2.converter.jaxb3.JAXBContext],true,52,2,2,2,0,1,0,3,0,0,1,0,0,0,0,0,0,0,0,0,1,0,0,0,0,0,9,2,0,false
/Users/thiago/Documents/Thiago/CodeToAnalyze/retrofit/retrofit-converters/jaxb3/src/main/java/retrofit2/converter/jaxb3/JaxbConverterFactory.java,retrofit2.converter.jaxb3.JaxbConverterFactory,contextForType/1[java.lang.Class<?>],false,77,1,2,2,0,3,1,8,1,0,1,1,0,0,0,1,1,0,0,0,0,0,1,0,0,0,14,2,0,false
/Users/thiago/Documents/Thiago/CodeToAnalyze/retrofit/retrofit-converters/jaxb3/src/main/java/retrofit2/converter/jaxb3/JaxbConverterFactory.java,retrofit2.converter.jaxb3.JaxbConverterFactory,"requestBodyConverter/4[java.lang.reflect.Type,java.lang.annotation.Annotation[],java.lang.annotation.Annotation[],retrofit2.Retrofit]",false,61,7,1,0,1,3,2,6,2,0,4,2,1,1,0,0,0,1,0,0,0,0,1,0,0,0,10,1,0,false
/Users/thiago/Documents/Thiago/CodeToAnalyze/retrofit/retrofit-converters/jaxb3/src/main/java/retrofit2/converter/jaxb3/JaxbConverterFactory.java,retrofit2.converter.jaxb3.JaxbConverterFactory,"responseBodyConverter/3[java.lang.reflect.Type,java.lang.annotation.Annotation[],retrofit2.Retrofit]",false,70,7,1,0,1,3,2,6,2,0,3,2,1,1,0,0,0,1,0,0,0,0,1,0,0,0,10,1,0,false
/Users/thiago/Documents/Thiago/CodeToAnalyze/retrofit/retrofit-converters/jaxb3/src/main/java/retrofit2/converter/jaxb3/JaxbConverterFactory.java,retrofit2.converter.jaxb3.JaxbConverterFactory,create/1[retrofit2.converter.jaxb3.JAXBContext],false,44,2,2,1,1,2,0,4,1,0,1,0,0,0,0,1,0,0,2,0,0,0,1,0,0,0,18,9,0,true
/Users/thiago/Documents/Thiago/CodeToAnalyze/retrofit/retrofit-adapters/rxjava3/src/test/java/retrofit2/adapter/rxjava3/RecordingSingleObserver.java,retrofit2.adapter.rxjava3.RecordingSingleObserver$Rule$Anonymous1,evaluate/0,false,120,1,11,0,11,2,2,6,0,0,0,2,0,0,1,0,0,0,0,0,0,0,1,0,0,0,4,1,0,false
/Users/thiago/Documents/Thiago/CodeToAnalyze/retrofit/retrofit-adapters/java8/src/test/java/retrofit2/adapter/java8/CompletableFutureTest.java,retrofit2.adapter.java8.CompletableFutureTest$Service,body/0,false,38,1,3,3,0,1,0,1,0,0,0,0,0,0,0,0,0,0,1,0,0,0,0,0,0,0,1,0,0,false
/Users/thiago/Documents/Thiago/CodeToAnalyze/retrofit/retrofit-adapters/java8/src/test/java/retrofit2/adapter/java8/CompletableFutureTest.java,retrofit2.adapter.java8.CompletableFutureTest$Service,response/0,false,41,2,3,3,0,1,0,1,0,0,0,0,0,0,0,0,0,0,1,0,0,0,0,0,0,0,1,0,0,false
/Users/thiago/Documents/Thiago/CodeToAnalyze/retrofit/retrofit/robovm-test/src/main/java/retrofit2/RoboVmPlatformTest.java,retrofit2.RoboVmPlatformTest,main/1[java.lang.String[]],false,19,3,4,0,4,2,6,9,0,2,1,6,0,0,0,0,0,0,1,2,1,0,1,0,0,1,7,9,0,false
/Users/thiago/Documents/Thiago/CodeToAnalyze/retrofit/retrofit/robovm-test/src/main/java/retrofit2/RoboVmPlatformTest.java,retrofit2.RoboVmPlatformTest,RoboVmPlatformTest/0,true,32,0,0,0,0,1,0,2,0,0,0,0,0,0,0,0,0,0,0,0,0,0,0,0,0,0,4,2,0,false
/Users/thiago/Documents/Thiago/CodeToAnalyze/retrofit/retrofit-converters/protobuf/src/main/java/retrofit2/converter/protobuf/ProtoResponseBodyConverter.java,retrofit2.converter.protobuf.ProtoResponseBodyConverter,convert/1[retrofit2.converter.protobuf.ResponseBody],false,38,2,0,0,0,3,3,11,1,0,1,3,0,0,0,1,1,0,0,0,0,0,1,0,0,0,15,1,0,false
/Users/thiago/Documents/Thiago/CodeToAnalyze/retrofit/retrofit-converters/protobuf/src/main/java/retrofit2/converter/protobuf/ProtoResponseBodyConverter.java,retrofit2.converter.protobuf.ProtoResponseBodyConverter,"ProtoResponseBodyConverter/2[retrofit2.converter.protobuf.Parser<T>,retrofit2.converter.protobuf.ExtensionRegistryLite]",true,32,3,0,0,0,1,0,4,0,0,2,0,0,0,0,0,0,0,0,0,2,0,0,0,0,0,9,0,0,false
/Users/thiago/Documents/Thiago/CodeToAnalyze/retrofit/samples/src/main/java/com/example/retrofit/DeserializeErrorBody.java,com.example.retrofit.DeserializeErrorBody,main/1[java.lang.String[]],false,44,12,8,0,8,1,17,12,0,6,1,17,0,0,0,0,0,0,3,2,6,1,0,0,0,0,21,9,0,false
/Users/thiago/Documents/Thiago/CodeToAnalyze/retrofit/retrofit-adapters/rxjava3/src/test/java/retrofit2/adapter/rxjava3/FlowableWithSchedulerTest.java,retrofit2.adapter.rxjava3.FlowableWithSchedulerTest,responseUsesScheduler/0,false,71,5,5,0,5,1,8,8,0,1,0,8,0,0,0,0,0,0,0,0,1,0,0,0,0,0,6,1,0,false
/Users/thiago/Documents/Thiago/CodeToAnalyze/retrofit/retrofit-adapters/rxjava3/src/test/java/retrofit2/adapter/rxjava3/FlowableWithSchedulerTest.java,retrofit2.adapter.rxjava3.FlowableWithSchedulerTest,setUp/0,false,48,6,5,0,5,1,7,4,0,1,0,7,0,0,0,0,0,0,1,0,2,0,0,0,0,0,9,1,0,false
/Users/thiago/Documents/Thiago/CodeToAnalyze/retrofit/retrofit-adapters/rxjava3/src/test/java/retrofit2/adapter/rxjava3/FlowableWithSchedulerTest.java,retrofit2.adapter.rxjava3.FlowableWithSchedulerTest,resultUsesScheduler/0,false,83,5,5,0,5,1,8,8,0,1,0,8,0,0,0,0,0,0,0,0,1,0,0,0,0,0,6,1,0,false
/Users/thiago/Documents/Thiago/CodeToAnalyze/retrofit/retrofit-adapters/rxjava3/src/test/java/retrofit2/adapter/rxjava3/FlowableWithSchedulerTest.java,retrofit2.adapter.rxjava3.FlowableWithSchedulerTest,bodyUsesScheduler/0,false,59,5,5,0,5,1,8,8,0,1,0,8,0,0,0,0,0,0,0,0,1,0,0,0,0,0,6,1,0,false
/Users/thiago/Documents/Thiago/CodeToAnalyze/retrofit/retrofit/java-test/src/test/java/retrofit2/ResponseTest.java,retrofit2.ResponseTest,successWithErrorRawResponseThrows/0,false,123,2,1,0,1,2,5,9,0,0,0,5,0,0,0,0,1,0,2,0,0,0,1,0,0,0,16,1,0,false
/Users/thiago/Documents/Thiago/CodeToAnalyze/retrofit/retrofit/java-test/src/test/java/retrofit2/ResponseTest.java,retrofit2.ResponseTest,successNullAllowed/0,false,57,2,3,0,3,1,6,5,0,1,0,6,0,0,0,0,0,0,0,0,1,0,0,0,0,0,7,1,0,false
/Users/thiago/Documents/Thiago/CodeToAnalyze/retrofit/retrofit/java-test/src/test/java/retrofit2/ResponseTest.java,retrofit2.ResponseTest,successWithRawResponse/0,false,100,2,8,0,8,1,14,11,0,2,0,14,0,0,0,0,0,0,1,2,2,0,0,0,0,0,9,1,0,false
/Users/thiago/Documents/Thiago/CodeToAnalyze/retrofit/retrofit/java-test/src/test/java/retrofit2/ResponseTest.java,retrofit2.ResponseTest,nullErrorThrows/0,false,154,2,1,0,1,2,5,9,0,0,0,5,0,0,0,0,1,0,1,1,0,0,1,0,0,0,10,1,1,false
/Users/thiago/Documents/Thiago/CodeToAnalyze/retrofit/retrofit/java-test/src/test/java/retrofit2/ResponseTest.java,retrofit2.ResponseTest,successWithNullHeadersThrows/0,false,78,3,1,0,1,2,5,9,0,0,0,5,0,0,0,0,1,0,2,0,0,0,1,0,0,0,12,1,0,false
/Users/thiago/Documents/Thiago/CodeToAnalyze/retrofit/retrofit/java-test/src/test/java/retrofit2/ResponseTest.java,retrofit2.ResponseTest,error/0,false,133,4,8,0,8,2,22,20,0,3,0,22,0,0,0,0,1,0,3,4,3,0,1,0,0,0,17,1,1,false
/Users/thiago/Documents/Thiago/CodeToAnalyze/retrofit/retrofit/java-test/src/test/java/retrofit2/ResponseTest.java,retrofit2.ResponseTest,errorWithNullRawResponseThrows/0,false,198,3,1,0,1,2,6,10,0,1,0,6,0,0,0,0,1,0,2,0,1,0,1,0,0,0,13,1,1,false
/Users/thiago/Documents/Thiago/CodeToAnalyze/retrofit/retrofit/java-test/src/test/java/retrofit2/ResponseTest.java,retrofit2.ResponseTest,success/0,false,44,2,8,0,8,1,15,11,0,2,0,15,0,0,0,0,0,0,1,2,2,0,0,0,0,0,6,1,0,false
/Users/thiago/Documents/Thiago/CodeToAnalyze/retrofit/retrofit/java-test/src/test/java/retrofit2/ResponseTest.java,retrofit2.ResponseTest,nullErrorWithRawResponseThrows/0,false,188,2,1,0,1,2,5,9,0,0,0,5,0,0,0,0,1,0,1,0,0,0,1,0,0,0,13,1,1,false
/Users/thiago/Documents/Thiago/CodeToAnalyze/retrofit/retrofit/java-test/src/test/java/retrofit2/ResponseTest.java,retrofit2.ResponseTest,successWithNullRawResponseThrows/0,false,113,3,1,0,1,2,5,9,0,0,0,5,0,0,0,0,1,0,2,0,0,0,1,0,0,0,13,1,0,false
/Users/thiago/Documents/Thiago/CodeToAnalyze/retrofit/retrofit/java-test/src/test/java/retrofit2/ResponseTest.java,retrofit2.ResponseTest,errorWithSuccessCodeThrows/0,false,164,3,1,0,1,2,6,10,0,1,0,6,0,0,0,0,1,0,2,1,1,0,1,0,0,0,14,1,1,false
/Users/thiago/Documents/Thiago/CodeToAnalyze/retrofit/retrofit/java-test/src/test/java/retrofit2/ResponseTest.java,retrofit2.ResponseTest,successWithHeaders/0,false,64,3,8,0,8,1,16,12,0,3,0,16,0,0,0,0,0,0,3,1,3,0,0,0,0,0,9,1,0,false
/Users/thiago/Documents/Thiago/CodeToAnalyze/retrofit/retrofit/java-test/src/test/java/retrofit2/ResponseTest.java,retrofit2.ResponseTest,errorWithRawResponse/0,false,175,3,8,0,8,1,15,11,0,2,0,15,0,0,0,0,0,0,2,2,2,0,0,0,0,0,8,1,0,false
/Users/thiago/Documents/Thiago/CodeToAnalyze/retrofit/retrofit/java-test/src/test/java/retrofit2/ResponseTest.java,retrofit2.ResponseTest,errorWithSuccessRawResponseThrows/0,false,209,3,1,0,1,2,6,10,0,1,0,6,0,0,0,0,1,0,2,0,1,0,1,0,0,0,18,1,1,false
/Users/thiago/Documents/Thiago/CodeToAnalyze/retrofit/retrofit/java-test/src/test/java/retrofit2/ResponseTest.java,retrofit2.ResponseTest,successWithStatusCode/0,false,88,2,7,0,7,1,13,10,0,2,0,13,0,0,0,0,0,0,1,3,2,0,0,0,0,0,9,1,0,false
/Users/thiago/Documents/Thiago/CodeToAnalyze/retrofit/retrofit-converters/scalars/src/test/java/retrofit2/converter/scalars/ScalarsConverterFactoryTest.java,retrofit2.converter.scalars.ScalarsConverterFactoryTest$Service,booleanObject/1[java.lang.Boolean],false,47,4,1,1,0,1,0,1,0,0,1,0,0,0,0,0,0,0,1,0,0,0,0,0,0,0,4,0,0,false
/Users/thiago/Documents/Thiago/CodeToAnalyze/retrofit/retrofit-converters/scalars/src/test/java/retrofit2/converter/scalars/ScalarsConverterFactoryTest.java,retrofit2.converter.scalars.ScalarsConverterFactoryTest$Service,charPrimitive/1[char],false,56,4,1,1,0,1,0,1,0,0,1,0,0,0,0,0,0,0,1,0,0,0,0,0,0,0,3,0,0,false
/Users/thiago/Documents/Thiago/CodeToAnalyze/retrofit/retrofit-converters/scalars/src/test/java/retrofit2/converter/scalars/ScalarsConverterFactoryTest.java,retrofit2.converter.scalars.ScalarsConverterFactoryTest$Service,object/0,false,92,2,1,1,0,1,0,1,0,0,0,0,0,0,0,0,0,0,1,0,0,0,0,0,0,0,1,0,0,false
/Users/thiago/Documents/Thiago/CodeToAnalyze/retrofit/retrofit-converters/scalars/src/test/java/retrofit2/converter/scalars/ScalarsConverterFactoryTest.java,retrofit2.converter.scalars.ScalarsConverterFactoryTest$Service,shortObject/1[java.lang.Short],false,89,4,1,1,0,1,0,1,0,0,1,0,0,0,0,0,0,0,1,0,0,0,0,0,0,0,4,0,0,false
/Users/thiago/Documents/Thiago/CodeToAnalyze/retrofit/retrofit-converters/scalars/src/test/java/retrofit2/converter/scalars/ScalarsConverterFactoryTest.java,retrofit2.converter.scalars.ScalarsConverterFactoryTest$Service,charObject/0,false,104,2,1,1,0,1,0,1,0,0,0,0,0,0,0,0,0,0,1,0,0,0,0,0,0,0,2,0,0,false
/Users/thiago/Documents/Thiago/CodeToAnalyze/retrofit/retrofit-converters/scalars/src/test/java/retrofit2/converter/scalars/ScalarsConverterFactoryTest.java,retrofit2.converter.scalars.ScalarsConverterFactoryTest$Service,stringObject/0,false,95,2,1,1,0,1,0,1,0,0,0,0,0,0,0,0,0,0,1,0,0,0,0,0,0,0,2,0,0,false
/Users/thiago/Documents/Thiago/CodeToAnalyze/retrofit/retrofit-converters/scalars/src/test/java/retrofit2/converter/scalars/ScalarsConverterFactoryTest.java,retrofit2.converter.scalars.ScalarsConverterFactoryTest$Service,floatObject/0,false,110,2,1,1,0,1,0,1,0,0,0,0,0,0,0,0,0,0,1,0,0,0,0,0,0,0,2,0,0,false
/Users/thiago/Documents/Thiago/CodeToAnalyze/retrofit/retrofit-converters/scalars/src/test/java/retrofit2/converter/scalars/ScalarsConverterFactoryTest.java,retrofit2.converter.scalars.ScalarsConverterFactoryTest$Service,integerPrimitive/1[int],false,74,4,1,1,0,1,0,1,0,0,1,0,0,0,0,0,0,0,1,0,0,0,0,0,0,0,3,0,0,false
/Users/thiago/Documents/Thiago/CodeToAnalyze/retrofit/retrofit-converters/scalars/src/test/java/retrofit2/converter/scalars/ScalarsConverterFactoryTest.java,retrofit2.converter.scalars.ScalarsConverterFactoryTest$Service,shortObject/0,false,119,2,1,1,0,1,0,1,0,0,0,0,0,0,0,0,0,0,1,0,0,0,0,0,0,0,2,0,0,false
/Users/thiago/Documents/Thiago/CodeToAnalyze/retrofit/retrofit-converters/scalars/src/test/java/retrofit2/converter/scalars/ScalarsConverterFactoryTest.java,retrofit2.converter.scalars.ScalarsConverterFactoryTest$Service,object/1[java.lang.Object],false,38,4,1,1,0,1,0,1,0,0,1,0,0,0,0,0,0,0,1,0,0,0,0,0,0,0,3,0,0,false
/Users/thiago/Documents/Thiago/CodeToAnalyze/retrofit/retrofit-converters/scalars/src/test/java/retrofit2/converter/scalars/ScalarsConverterFactoryTest.java,retrofit2.converter.scalars.ScalarsConverterFactoryTest$Service,doubleObject/1[java.lang.Double],false,65,4,1,1,0,1,0,1,0,0,1,0,0,0,0,0,0,0,1,0,0,0,0,0,0,0,4,0,0,false
/Users/thiago/Documents/Thiago/CodeToAnalyze/retrofit/retrofit-converters/scalars/src/test/java/retrofit2/converter/scalars/ScalarsConverterFactoryTest.java,retrofit2.converter.scalars.ScalarsConverterFactoryTest$Service,longPrimitive/1[long],false,80,4,1,1,0,1,0,1,0,0,1,0,0,0,0,0,0,0,1,0,0,0,0,0,0,0,3,0,0,false
/Users/thiago/Documents/Thiago/CodeToAnalyze/retrofit/retrofit-converters/scalars/src/test/java/retrofit2/converter/scalars/ScalarsConverterFactoryTest.java,retrofit2.converter.scalars.ScalarsConverterFactoryTest$Service,longObject/1[java.lang.Long],false,83,4,1,1,0,1,0,1,0,0,1,0,0,0,0,0,0,0,1,0,0,0,0,0,0,0,4,0,0,false
/Users/thiago/Documents/Thiago/CodeToAnalyze/retrofit/retrofit-converters/scalars/src/test/java/retrofit2/converter/scalars/ScalarsConverterFactoryTest.java,retrofit2.converter.scalars.ScalarsConverterFactoryTest$Service,doubleObject/0,false,107,2,1,1,0,1,0,1,0,0,0,0,0,0,0,0,0,0,1,0,0,0,0,0,0,0,2,0,0,false
/Users/thiago/Documents/Thiago/CodeToAnalyze/retrofit/retrofit-converters/scalars/src/test/java/retrofit2/converter/scalars/ScalarsConverterFactoryTest.java,retrofit2.converter.scalars.ScalarsConverterFactoryTest$Service,floatObject/1[java.lang.Float],false,71,4,1,1,0,1,0,1,0,0,1,0,0,0,0,0,0,0,1,0,0,0,0,0,0,0,4,0,0,false
/Users/thiago/Documents/Thiago/CodeToAnalyze/retrofit/retrofit-converters/scalars/src/test/java/retrofit2/converter/scalars/ScalarsConverterFactoryTest.java,retrofit2.converter.scalars.ScalarsConverterFactoryTest$Service,bytePrimitive/1[byte],false,50,4,1,1,0,1,0,1,0,0,1,0,0,0,0,0,0,0,1,0,0,0,0,0,0,0,3,0,0,false
/Users/thiago/Documents/Thiago/CodeToAnalyze/retrofit/retrofit-converters/scalars/src/test/java/retrofit2/converter/scalars/ScalarsConverterFactoryTest.java,retrofit2.converter.scalars.ScalarsConverterFactoryTest$Service,floatPrimitive/1[float],false,68,4,1,1,0,1,0,1,0,0,1,0,0,0,0,0,0,0,1,0,0,0,0,0,0,0,3,0,0,false
/Users/thiago/Documents/Thiago/CodeToAnalyze/retrofit/retrofit-converters/scalars/src/test/java/retrofit2/converter/scalars/ScalarsConverterFactoryTest.java,retrofit2.converter.scalars.ScalarsConverterFactoryTest$Service,booleanObject/0,false,98,2,1,1,0,1,0,1,0,0,0,0,0,0,0,0,0,0,1,0,0,0,0,0,0,0,2,0,0,false
/Users/thiago/Documents/Thiago/CodeToAnalyze/retrofit/retrofit-converters/scalars/src/test/java/retrofit2/converter/scalars/ScalarsConverterFactoryTest.java,retrofit2.converter.scalars.ScalarsConverterFactoryTest$Service,integerObject/0,false,113,2,1,1,0,1,0,1,0,0,0,0,0,0,0,0,0,0,1,0,0,0,0,0,0,0,2,0,0,false
/Users/thiago/Documents/Thiago/CodeToAnalyze/retrofit/retrofit-converters/scalars/src/test/java/retrofit2/converter/scalars/ScalarsConverterFactoryTest.java,retrofit2.converter.scalars.ScalarsConverterFactoryTest$Service,integerObject/1[java.lang.Integer],false,77,4,1,1,0,1,0,1,0,0,1,0,0,0,0,0,0,0,1,0,0,0,0,0,0,0,4,0,0,false
/Users/thiago/Documents/Thiago/CodeToAnalyze/retrofit/retrofit-converters/scalars/src/test/java/retrofit2/converter/scalars/ScalarsConverterFactoryTest.java,retrofit2.converter.scalars.ScalarsConverterFactoryTest$Service,stringObject/1[java.lang.String],false,41,4,1,1,0,1,0,1,0,0,1,0,0,0,0,0,0,0,1,0,0,0,0,0,0,0,3,0,0,false
/Users/thiago/Documents/Thiago/CodeToAnalyze/retrofit/retrofit-converters/scalars/src/test/java/retrofit2/converter/scalars/ScalarsConverterFactoryTest.java,retrofit2.converter.scalars.ScalarsConverterFactoryTest$Service,charObject/1[java.lang.Character],false,59,4,1,1,0,1,0,1,0,0,1,0,0,0,0,0,0,0,1,0,0,0,0,0,0,0,4,0,0,false
/Users/thiago/Documents/Thiago/CodeToAnalyze/retrofit/retrofit-converters/scalars/src/test/java/retrofit2/converter/scalars/ScalarsConverterFactoryTest.java,retrofit2.converter.scalars.ScalarsConverterFactoryTest$Service,doublePrimitive/1[double],false,62,4,1,1,0,1,0,1,0,0,1,0,0,0,0,0,0,0,1,0,0,0,0,0,0,0,3,0,0,false
/Users/thiago/Documents/Thiago/CodeToAnalyze/retrofit/retrofit-converters/scalars/src/test/java/retrofit2/converter/scalars/ScalarsConverterFactoryTest.java,retrofit2.converter.scalars.ScalarsConverterFactoryTest$Service,byteObject/1[java.lang.Byte],false,53,4,1,1,0,1,0,1,0,0,1,0,0,0,0,0,0,0,1,0,0,0,0,0,0,0,4,0,0,false
/Users/thiago/Documents/Thiago/CodeToAnalyze/retrofit/retrofit-converters/scalars/src/test/java/retrofit2/converter/scalars/ScalarsConverterFactoryTest.java,retrofit2.converter.scalars.ScalarsConverterFactoryTest$Service,shortPrimitive/1[short],false,86,4,1,1,0,1,0,1,0,0,1,0,0,0,0,0,0,0,1,0,0,0,0,0,0,0,3,0,0,false
/Users/thiago/Documents/Thiago/CodeToAnalyze/retrofit/retrofit-converters/scalars/src/test/java/retrofit2/converter/scalars/ScalarsConverterFactoryTest.java,retrofit2.converter.scalars.ScalarsConverterFactoryTest$Service,booleanPrimitive/1[boolean],false,44,4,1,1,0,1,0,1,0,0,1,0,0,0,0,0,0,0,1,0,0,0,0,0,0,0,3,0,0,false
/Users/thiago/Documents/Thiago/CodeToAnalyze/retrofit/retrofit-converters/scalars/src/test/java/retrofit2/converter/scalars/ScalarsConverterFactoryTest.java,retrofit2.converter.scalars.ScalarsConverterFactoryTest$Service,byteObject/0,false,101,2,1,1,0,1,0,1,0,0,0,0,0,0,0,0,0,0,1,0,0,0,0,0,0,0,2,0,0,false
/Users/thiago/Documents/Thiago/CodeToAnalyze/retrofit/retrofit-converters/scalars/src/test/java/retrofit2/converter/scalars/ScalarsConverterFactoryTest.java,retrofit2.converter.scalars.ScalarsConverterFactoryTest$Service,longObject/0,false,116,2,1,1,0,1,0,1,0,0,0,0,0,0,0,0,0,0,1,0,0,0,0,0,0,0,2,0,0,false
/Users/thiago/Documents/Thiago/CodeToAnalyze/retrofit/retrofit/src/main/java/retrofit2/ParameterHandler.java,retrofit2.ParameterHandler$Query,"Query/3[java.lang.String,retrofit2.Converter<T,java.lang.String>,boolean]",true,127,2,0,0,0,1,1,5,0,0,3,1,0,0,0,0,0,0,1,0,3,0,0,0,0,0,4,0,0,false
/Users/thiago/Documents/Thiago/CodeToAnalyze/retrofit/retrofit/src/main/java/retrofit2/ParameterHandler.java,retrofit2.ParameterHandler$Query,"apply/2[retrofit2.RequestBuilder,T]",false,134,4,2,0,2,3,2,6,2,1,2,2,0,0,0,2,0,0,0,0,1,0,1,0,0,0,11,0,0,false
/Users/thiago/Documents/Thiago/CodeToAnalyze/retrofit/retrofit/src/main/java/retrofit2/Reflection.java,retrofit2.Reflection$Android24,isDefaultMethod/1[java.lang.reflect.Method],false,75,0,0,0,0,1,1,3,1,0,1,1,0,0,0,0,0,0,0,0,0,0,0,0,0,0,4,0,0,false
/Users/thiago/Documents/Thiago/CodeToAnalyze/retrofit/retrofit/src/main/java/retrofit2/Reflection.java,retrofit2.Reflection$Android24,"invokeDefaultMethod/4[java.lang.reflect.Method,java.lang.Class<?>,java.lang.Object,java.lang.Object[]]",false,82,2,1,0,1,2,1,6,1,0,4,1,0,0,0,0,0,0,1,1,0,0,1,0,0,0,17,0,0,false
/Users/thiago/Documents/Thiago/CodeToAnalyze/retrofit/retrofit-adapters/scala/src/test/java/retrofit2/adapter/scala/FutureTest.java,retrofit2.adapter.scala.FutureTest,bodyFailure/0,false,86,4,1,0,1,2,8,11,0,1,0,8,0,0,0,0,1,0,0,1,1,0,1,0,0,0,24,1,0,false
/Users/thiago/Documents/Thiago/CodeToAnalyze/retrofit/retrofit-adapters/scala/src/test/java/retrofit2/adapter/scala/FutureTest.java,retrofit2.adapter.scala.FutureTest,responseFailure/0,false,119,5,1,0,1,2,8,11,0,1,0,8,0,0,0,0,1,0,0,1,1,0,1,0,0,0,24,1,0,false
/Users/thiago/Documents/Thiago/CodeToAnalyze/retrofit/retrofit-adapters/scala/src/test/java/retrofit2/adapter/scala/FutureTest.java,retrofit2.adapter.scala.FutureTest,setUp/0,false,51,6,5,0,5,1,7,4,0,1,0,7,0,0,0,0,0,0,1,0,2,0,0,0,0,0,8,1,0,false
/Users/thiago/Documents/Thiago/CodeToAnalyze/retrofit/retrofit-adapters/scala/src/test/java/retrofit2/adapter/scala/FutureTest.java,retrofit2.adapter.scala.FutureTest,bodySuccess200/0,false,62,4,1,0,1,1,7,6,0,2,0,7,0,0,0,0,0,0,2,1,2,0,0,0,0,0,9,1,0,false
/Users/thiago/Documents/Thiago/CodeToAnalyze/retrofit/retrofit-adapters/scala/src/test/java/retrofit2/adapter/scala/FutureTest.java,retrofit2.adapter.scala.FutureTest,responseSuccess200/0,false,99,5,3,0,3,1,10,7,0,2,0,10,0,0,0,0,0,0,2,1,2,0,0,0,0,0,8,1,0,false
/Users/thiago/Documents/Thiago/CodeToAnalyze/retrofit/retrofit-adapters/scala/src/test/java/retrofit2/adapter/scala/FutureTest.java,retrofit2.adapter.scala.FutureTest,responseSuccess404/0,false,109,5,3,0,3,1,12,7,0,2,0,12,0,0,0,0,0,0,2,2,2,0,0,0,0,0,8,1,0,false
/Users/thiago/Documents/Thiago/CodeToAnalyze/retrofit/retrofit-adapters/scala/src/test/java/retrofit2/adapter/scala/FutureTest.java,retrofit2.adapter.scala.FutureTest,bodySuccess404/0,false,71,5,1,0,1,2,10,13,0,1,0,10,0,0,0,0,1,0,1,2,1,0,1,0,0,0,11,1,0,false
/Users/thiago/Documents/Thiago/CodeToAnalyze/retrofit/retrofit-adapters/rxjava3/src/test/java/retrofit2/adapter/rxjava3/ObservableThrowingTest.java,retrofit2.adapter.rxjava3.ObservableThrowingTest$Service,response/0,false,47,3,3,3,0,1,0,1,0,0,0,0,0,0,0,0,0,0,1,0,0,0,0,0,0,0,1,0,0,false
/Users/thiago/Documents/Thiago/CodeToAnalyze/retrofit/retrofit-adapters/rxjava3/src/test/java/retrofit2/adapter/rxjava3/ObservableThrowingTest.java,retrofit2.adapter.rxjava3.ObservableThrowingTest$Service,result/0,false,50,3,3,3,0,1,0,1,0,0,0,0,0,0,0,0,0,0,1,0,0,0,0,0,0,0,1,0,0,false
/Users/thiago/Documents/Thiago/CodeToAnalyze/retrofit/retrofit-adapters/rxjava3/src/test/java/retrofit2/adapter/rxjava3/ObservableThrowingTest.java,retrofit2.adapter.rxjava3.ObservableThrowingTest$Service,body/0,false,44,2,3,3,0,1,0,1,0,0,0,0,0,0,0,0,0,0,1,0,0,0,0,0,0,0,1,0,0,false
/Users/thiago/Documents/Thiago/CodeToAnalyze/retrofit/retrofit-converters/scalars/src/main/java/retrofit2/converter/scalars/ScalarRequestBodyConverter.java,retrofit2.converter.scalars.ScalarRequestBodyConverter,ScalarRequestBodyConverter/0,true,27,0,0,0,0,1,0,2,0,0,0,0,0,0,0,0,0,0,0,0,0,0,0,0,0,0,4,2,0,false
/Users/thiago/Documents/Thiago/CodeToAnalyze/retrofit/retrofit-converters/scalars/src/main/java/retrofit2/converter/scalars/ScalarRequestBodyConverter.java,retrofit2.converter.scalars.ScalarRequestBodyConverter,convert/1[T],false,30,2,0,0,0,1,2,3,1,0,1,2,0,0,0,0,0,0,0,0,0,0,0,0,0,0,8,1,0,false
/Users/thiago/Documents/Thiago/CodeToAnalyze/retrofit/retrofit-adapters/rxjava/src/test/java/retrofit2/adapter/rxjava/CompletableWithSchedulerTest.java,retrofit2.adapter.rxjava.CompletableWithSchedulerTest$Service,completable/0,false,33,2,1,1,0,1,0,1,0,0,0,0,0,0,0,0,0,0,1,0,0,0,0,0,0,0,2,0,0,false
/Users/thiago/Documents/Thiago/CodeToAnalyze/retrofit/retrofit/java-test/src/test/java/retrofit2/RequestFactoryTest.java,retrofit2.RequestFactoryTest$86Example,method/1[java.lang.String],false,1653,4,0,0,0,1,0,3,1,0,1,0,0,0,0,0,0,0,0,0,0,0,0,0,0,0,3,0,0,false
/Users/thiago/Documents/Thiago/CodeToAnalyze/retrofit/retrofit/java-test/src/test/java/retrofit2/RequestFactoryTest.java,retrofit2.RequestFactoryTest$88Example,method/1[java.lang.String],false,1685,4,0,0,0,1,0,3,1,0,1,0,0,0,0,0,0,0,0,0,0,0,0,0,0,0,3,0,0,false
/Users/thiago/Documents/Thiago/CodeToAnalyze/retrofit/retrofit-adapters/rxjava2/src/test/java/retrofit2/adapter/rxjava2/CancelDisposeTest.java,retrofit2.adapter.rxjava2.CancelDisposeTest,disposeBeforeEnqueueDoesNotEnqueue/0,false,68,3,1,0,1,1,6,5,0,1,0,6,0,0,0,0,0,0,1,1,1,0,0,0,0,0,9,1,0,false
/Users/thiago/Documents/Thiago/CodeToAnalyze/retrofit/retrofit-adapters/rxjava2/src/test/java/retrofit2/adapter/rxjava2/CancelDisposeTest.java,retrofit2.adapter.rxjava2.CancelDisposeTest,setUp/0,false,46,6,5,0,5,1,8,4,0,1,0,8,0,0,0,0,0,0,1,0,2,0,0,0,0,0,9,1,0,false
/Users/thiago/Documents/Thiago/CodeToAnalyze/retrofit/retrofit-adapters/rxjava2/src/test/java/retrofit2/adapter/rxjava2/CancelDisposeTest.java,retrofit2.adapter.rxjava2.CancelDisposeTest,disposeCancelsCall/0,false,58,4,1,0,1,1,10,7,0,2,0,10,0,0,0,0,0,0,0,2,2,0,0,0,0,0,9,1,0,false
/Users/thiago/Documents/Thiago/CodeToAnalyze/retrofit/retrofit-adapters/rxjava2/src/test/java/retrofit2/adapter/rxjava2/CancelDisposeTest.java,retrofit2.adapter.rxjava2.CancelDisposeTest,cancelDoesNotDispose/0,false,75,4,1,0,1,1,10,7,0,2,0,10,0,0,0,0,0,0,0,2,2,0,0,0,0,0,10,1,0,false
/Users/thiago/Documents/Thiago/CodeToAnalyze/retrofit/samples/src/main/java/com/example/retrofit/InvocationMetrics.java,com.example.retrofit.InvocationMetrics$Browse,page/1[java.lang.String],false,42,4,1,1,0,1,0,1,0,0,1,0,0,0,0,0,0,0,0,0,0,0,0,0,0,0,2,0,0,false
/Users/thiago/Documents/Thiago/CodeToAnalyze/retrofit/samples/src/main/java/com/example/retrofit/InvocationMetrics.java,com.example.retrofit.InvocationMetrics$Browse,robots/0,false,33,3,1,1,0,1,0,1,0,0,0,0,0,0,0,0,0,0,1,0,0,0,0,0,0,0,1,0,0,false
/Users/thiago/Documents/Thiago/CodeToAnalyze/retrofit/samples/src/main/java/com/example/retrofit/InvocationMetrics.java,com.example.retrofit.InvocationMetrics$Browse,favicon/0,false,36,3,1,1,0,1,0,1,0,0,0,0,0,0,0,0,0,0,1,0,0,0,0,0,0,0,1,0,0,false
/Users/thiago/Documents/Thiago/CodeToAnalyze/retrofit/samples/src/main/java/com/example/retrofit/InvocationMetrics.java,com.example.retrofit.InvocationMetrics$Browse,home/0,false,39,3,1,1,0,1,0,1,0,0,0,0,0,0,0,0,0,0,1,0,0,0,0,0,0,0,1,0,0,false
/Users/thiago/Documents/Thiago/CodeToAnalyze/retrofit/retrofit-adapters/rxjava2/src/main/java/retrofit2/adapter/rxjava2/CallExecuteObservable.java,retrofit2.adapter.rxjava2.CallExecuteObservable,subscribeActual/1[retrofit2.adapter.rxjava2.Observer<? super retrofit2.Response<T>>],false,35,6,4,0,4,8,8,34,1,4,1,8,0,0,0,0,2,0,0,0,5,0,3,0,0,0,16,4,0,false
/Users/thiago/Documents/Thiago/CodeToAnalyze/retrofit/retrofit-adapters/rxjava2/src/main/java/retrofit2/adapter/rxjava2/CallExecuteObservable.java,retrofit2.adapter.rxjava2.CallExecuteObservable,CallExecuteObservable/1[retrofit2.Call<T>],true,30,2,0,0,0,1,0,3,0,0,1,0,0,0,0,0,0,0,0,0,1,0,0,0,0,0,4,0,0,false
/Users/thiago/Documents/Thiago/CodeToAnalyze/retrofit/retrofit-adapters/rxjava2/src/test/java/retrofit2/adapter/rxjava2/FlowableThrowingTest.java,retrofit2.adapter.rxjava2.FlowableThrowingTest$ForwardingSubscriber,ForwardingSubscriber/1[retrofit2.adapter.rxjava2.Subscriber<T>],true,323,1,0,0,0,1,0,3,0,0,1,0,0,0,0,0,0,0,0,0,1,0,0,0,0,0,3,0,0,false
/Users/thiago/Documents/Thiago/CodeToAnalyze/retrofit/retrofit-adapters/rxjava2/src/test/java/retrofit2/adapter/rxjava2/FlowableThrowingTest.java,retrofit2.adapter.rxjava2.FlowableThrowingTest$ForwardingSubscriber,onNext/1[T],false,333,1,0,0,0,1,1,3,0,0,1,1,0,0,0,0,0,0,0,0,0,0,0,0,0,0,4,1,0,false
/Users/thiago/Documents/Thiago/CodeToAnalyze/retrofit/retrofit-adapters/rxjava2/src/test/java/retrofit2/adapter/rxjava2/FlowableThrowingTest.java,retrofit2.adapter.rxjava2.FlowableThrowingTest$ForwardingSubscriber,onError/1[java.lang.Throwable],false,338,0,0,0,0,1,1,3,0,0,1,1,0,0,0,0,0,0,0,0,0,0,0,0,0,0,4,1,0,false
/Users/thiago/Documents/Thiago/CodeToAnalyze/retrofit/retrofit-adapters/rxjava2/src/test/java/retrofit2/adapter/rxjava2/FlowableThrowingTest.java,retrofit2.adapter.rxjava2.FlowableThrowingTest$ForwardingSubscriber,onComplete/0,false,343,0,0,0,0,1,1,3,0,0,0,1,0,0,0,0,0,0,0,0,0,0,0,0,0,0,2,1,0,false
/Users/thiago/Documents/Thiago/CodeToAnalyze/retrofit/retrofit-adapters/rxjava2/src/test/java/retrofit2/adapter/rxjava2/FlowableThrowingTest.java,retrofit2.adapter.rxjava2.FlowableThrowingTest$ForwardingSubscriber,onSubscribe/1[retrofit2.adapter.rxjava2.Subscription],false,328,1,0,0,0,1,1,3,0,0,1,1,0,0,0,0,0,0,0,0,0,0,0,0,0,0,4,1,0,false
/Users/thiago/Documents/Thiago/CodeToAnalyze/retrofit/retrofit/java-test/src/test/java/retrofit2/RequestFactoryTest.java,retrofit2.RequestFactoryTest$11Example,method/1[int],false,262,4,0,0,0,1,0,3,1,0,1,0,0,0,0,0,0,0,2,0,0,0,0,0,0,0,3,0,0,false
/Users/thiago/Documents/Thiago/CodeToAnalyze/retrofit/retrofit/java-test/src/test/java/retrofit2/RequestFactoryTest.java,retrofit2.RequestFactoryTest$132Example,method/1[java.lang.String],false,2674,5,0,0,0,1,0,3,1,0,1,0,0,0,0,0,0,0,2,0,0,0,0,0,0,0,5,0,0,false
/Users/thiago/Documents/Thiago/CodeToAnalyze/retrofit/retrofit/java-test/src/test/java/retrofit2/RequestFactoryTest.java,retrofit2.RequestFactoryTest$143Example,method/1[],false,2875,6,0,0,0,1,0,3,1,0,1,0,0,0,0,0,0,0,1,0,0,0,0,0,0,0,4,0,0,false
/Users/thiago/Documents/Thiago/CodeToAnalyze/retrofit/retrofit-converters/jackson/src/test/java/retrofit2/converter/jackson/JacksonConverterFactoryTest.java,retrofit2.converter.jackson.JacksonConverterFactoryTest,anInterface/0,false,181,8,5,0,5,1,12,10,0,4,0,12,0,0,0,0,0,0,6,0,4,0,0,0,0,0,21,1,0,false
/Users/thiago/Documents/Thiago/CodeToAnalyze/retrofit/retrofit-converters/jackson/src/test/java/retrofit2/converter/jackson/JacksonConverterFactoryTest.java,retrofit2.converter.jackson.JacksonConverterFactoryTest,anImplementation/0,false,195,7,4,0,4,1,11,10,0,4,0,11,0,0,0,0,0,0,6,0,4,0,0,0,0,0,20,1,0,false
/Users/thiago/Documents/Thiago/CodeToAnalyze/retrofit/retrofit-converters/jackson/src/test/java/retrofit2/converter/jackson/JacksonConverterFactoryTest.java,retrofit2.converter.jackson.JacksonConverterFactoryTest,JacksonConverterFactoryTest/1[boolean],true,152,12,8,0,8,2,15,19,0,4,1,15,0,0,0,0,0,0,1,0,7,0,1,0,0,0,21,1,0,false
/Users/thiago/Documents/Thiago/CodeToAnalyze/retrofit/retrofit-converters/jackson/src/test/java/retrofit2/converter/jackson/JacksonConverterFactoryTest.java,retrofit2.converter.jackson.JacksonConverterFactoryTest,serializeIsStreamed/0,false,210,5,4,0,4,1,9,20,0,4,0,9,0,0,0,0,0,0,2,1,4,0,0,1,0,0,25,1,0,false
/Users/thiago/Documents/Thiago/CodeToAnalyze/retrofit/retrofit-adapters/rxjava2/src/test/java/retrofit2/adapter/rxjava2/AsyncTest.java,retrofit2.adapter.rxjava2.AsyncTest,setUp/0,false,63,7,4,0,4,1,11,11,1,7,0,11,0,0,0,0,0,0,1,0,5,0,1,0,0,2,17,1,0,false
/Users/thiago/Documents/Thiago/CodeToAnalyze/retrofit/retrofit-adapters/rxjava2/src/test/java/retrofit2/adapter/rxjava2/AsyncTest.java,retrofit2.adapter.rxjava2.AsyncTest,success/0,false,89,4,1,0,1,1,7,8,0,1,0,7,0,0,0,0,0,0,0,2,1,0,0,0,0,0,8,1,0,false
/Users/thiago/Documents/Thiago/CodeToAnalyze/retrofit/retrofit-adapters/rxjava2/src/test/java/retrofit2/adapter/rxjava2/AsyncTest.java,retrofit2.adapter.rxjava2.AsyncTest,failure/0,false,100,4,1,0,1,1,8,8,0,1,0,8,0,0,0,0,0,0,0,2,1,0,0,0,0,0,22,1,0,false
/Users/thiago/Documents/Thiago/CodeToAnalyze/retrofit/retrofit-adapters/rxjava2/src/test/java/retrofit2/adapter/rxjava2/AsyncTest.java,retrofit2.adapter.rxjava2.AsyncTest,throwingInOnCompleteDeliveredToPlugin/0,false,111,6,2,0,2,2,13,24,0,6,0,13,0,0,0,0,0,0,0,2,5,0,2,1,0,1,28,1,0,false
/Users/thiago/Documents/Thiago/CodeToAnalyze/retrofit/retrofit-adapters/rxjava2/src/test/java/retrofit2/adapter/rxjava2/AsyncTest.java,retrofit2.adapter.rxjava2.AsyncTest,bodyThrowingFatalInOnErrorPropagates/0,false,178,5,2,0,2,1,9,15,0,3,0,9,0,0,0,0,0,0,1,5,3,0,0,1,0,0,29,1,0,false
/Users/thiago/Documents/Thiago/CodeToAnalyze/retrofit/retrofit-adapters/rxjava2/src/test/java/retrofit2/adapter/rxjava2/AsyncTest.java,retrofit2.adapter.rxjava2.AsyncTest,bodyThrowingInOnErrorDeliveredToPlugin/0,false,144,6,2,0,2,2,13,25,0,7,0,13,0,0,0,0,0,0,0,3,6,0,2,1,0,1,32,1,0,false
/Users/thiago/Documents/Thiago/CodeToAnalyze/retrofit/retrofit-adapters/rxjava2/src/test/java/retrofit2/adapter/rxjava2/AsyncTest.java,retrofit2.adapter.rxjava2.AsyncTest,tearDown/0,false,84,1,0,0,0,1,2,3,0,0,0,2,0,0,0,0,0,0,1,0,0,1,0,0,0,0,4,1,0,false
/Users/thiago/Documents/Thiago/CodeToAnalyze/retrofit/retrofit/java-test/src/test/java/retrofit2/RequestFactoryTest.java,retrofit2.RequestFactoryTest$38Example,"method/1[java.util.Map<java.lang.String,java.lang.Object>]",false,823,4,0,0,0,1,0,3,1,0,1,0,0,0,0,0,0,0,1,0,0,0,0,0,0,0,9,0,0,false
/Users/thiago/Documents/Thiago/CodeToAnalyze/retrofit/retrofit-adapters/rxjava2/src/test/java/retrofit2/adapter/rxjava2/RecordingSingleObserver.java,retrofit2.adapter.rxjava2.RecordingSingleObserver$Rule$Anonymous1,evaluate/0,false,120,1,11,0,11,2,2,6,0,0,0,2,0,0,1,0,0,0,0,0,0,0,1,0,0,0,4,1,0,false
/Users/thiago/Documents/Thiago/CodeToAnalyze/retrofit/retrofit-adapters/rxjava/src/test/java/retrofit2/adapter/rxjava/CompletableTest.java,retrofit2.adapter.rxjava.CompletableTest$Service,completable/0,false,37,2,4,4,0,1,0,1,0,0,0,0,0,0,0,0,0,0,1,0,0,0,0,0,0,0,2,0,0,false
/Users/thiago/Documents/Thiago/CodeToAnalyze/retrofit/retrofit/java-test/src/test/java/retrofit2/RequestFactoryTest.java,retrofit2.RequestFactoryTest$75Example,method/1[java.lang.String],false,1471,4,0,0,0,1,0,3,1,0,1,0,0,0,0,0,0,0,1,0,0,0,0,0,0,0,5,0,0,false
/Users/thiago/Documents/Thiago/CodeToAnalyze/retrofit/retrofit/java-test/src/test/java/retrofit2/RequestFactoryTest.java,retrofit2.RequestFactoryTest$7Example,method/1[java.lang.String],false,189,5,0,0,0,1,0,3,1,0,1,0,0,0,0,0,0,0,2,0,0,0,0,0,0,0,3,0,0,false
/Users/thiago/Documents/Thiago/CodeToAnalyze/retrofit/retrofit-converters/scalars/src/main/java/retrofit2/converter/scalars/ScalarResponseBodyConverters.java,retrofit2.converter.scalars.ScalarResponseBodyConverters$LongResponseBodyConverter,convert/1[retrofit2.converter.scalars.ResponseBody],false,97,1,0,0,0,1,2,3,1,0,1,2,0,0,0,0,0,0,0,0,0,0,0,0,0,0,8,1,0,false
/Users/thiago/Documents/Thiago/CodeToAnalyze/retrofit/samples/src/main/java/com/example/retrofit/AnnotatedConverters.java,com.example.retrofit.AnnotatedConverters,main/1[java.lang.String[]],false,131,18,15,0,15,1,22,24,0,12,1,22,0,0,0,0,0,0,9,0,12,4,0,0,0,0,30,9,0,false
/Users/thiago/Documents/Thiago/CodeToAnalyze/retrofit/retrofit-converters/simplexml/src/test/java/retrofit2/converter/simplexml/SimpleXmlConverterFactoryTest.java,retrofit2.converter.simplexml.SimpleXmlConverterFactoryTest$Service,get/0,false,44,3,2,2,0,1,0,1,0,0,0,0,0,0,0,0,0,0,1,0,0,0,0,0,0,0,1,0,0,false
/Users/thiago/Documents/Thiago/CodeToAnalyze/retrofit/retrofit-converters/simplexml/src/test/java/retrofit2/converter/simplexml/SimpleXmlConverterFactoryTest.java,retrofit2.converter.simplexml.SimpleXmlConverterFactoryTest$Service,wrongClass/0,false,50,2,1,1,0,1,0,1,0,0,0,0,0,0,0,0,0,0,1,0,0,0,0,0,0,0,2,0,0,false
/Users/thiago/Documents/Thiago/CodeToAnalyze/retrofit/retrofit-converters/simplexml/src/test/java/retrofit2/converter/simplexml/SimpleXmlConverterFactoryTest.java,retrofit2.converter.simplexml.SimpleXmlConverterFactoryTest$Service,post/1[retrofit2.converter.simplexml.MyObject],false,47,4,1,1,0,1,0,1,0,0,1,0,0,0,0,0,0,0,1,0,0,0,0,0,0,0,4,0,0,false
/Users/thiago/Documents/Thiago/CodeToAnalyze/retrofit/retrofit/src/main/java/retrofit2/Invocation.java,retrofit2.Invocation,"of/2[java.lang.reflect.Method,java.util.List<?>]",false,63,2,4,3,1,1,3,5,1,0,2,3,0,0,0,0,0,0,2,0,0,0,0,0,0,0,4,9,0,false
/Users/thiago/Documents/Thiago/CodeToAnalyze/retrofit/retrofit/src/main/java/retrofit2/Invocation.java,retrofit2.Invocation,"of/4[java.lang.Class<T>,T,java.lang.reflect.Method,java.util.List<?>]",false,54,3,1,0,1,1,4,7,1,0,4,4,0,0,0,0,0,0,4,0,0,0,0,0,0,0,3,9,0,false
/Users/thiago/Documents/Thiago/CodeToAnalyze/retrofit/retrofit/src/main/java/retrofit2/Invocation.java,retrofit2.Invocation,instance/0,false,94,1,1,1,0,1,0,3,1,0,0,0,0,0,0,0,0,0,0,0,0,0,0,0,0,0,15,1,0,true
/Users/thiago/Documents/Thiago/CodeToAnalyze/retrofit/retrofit/src/main/java/retrofit2/Invocation.java,retrofit2.Invocation,arguments/0,false,102,0,4,4,0,1,0,3,1,0,0,0,0,0,0,0,0,0,0,0,0,0,0,0,0,0,1,1,0,false
/Users/thiago/Documents/Thiago/CodeToAnalyze/retrofit/retrofit/src/main/java/retrofit2/Invocation.java,retrofit2.Invocation,toString/0,false,107,0,0,0,0,1,3,3,1,0,0,3,0,0,0,0,0,0,1,0,0,0,0,0,0,0,2,1,0,false
/Users/thiago/Documents/Thiago/CodeToAnalyze/retrofit/retrofit/src/main/java/retrofit2/Invocation.java,retrofit2.Invocation,"Invocation/4[java.lang.Class<?>,java.lang.Object,java.lang.reflect.Method,java.util.List<?>]",true,76,1,3,3,0,1,1,6,0,0,4,1,0,0,0,0,0,0,0,0,4,0,0,0,0,0,11,0,0,true
/Users/thiago/Documents/Thiago/CodeToAnalyze/retrofit/retrofit/src/main/java/retrofit2/Invocation.java,retrofit2.Invocation,method/0,false,98,0,3,3,0,1,0,3,1,0,0,0,0,0,0,0,0,0,0,0,0,0,0,0,0,0,2,1,0,false
/Users/thiago/Documents/Thiago/CodeToAnalyze/retrofit/retrofit/src/main/java/retrofit2/Invocation.java,retrofit2.Invocation,service/0,false,83,0,2,2,0,1,0,3,1,0,0,0,0,0,0,0,0,0,0,0,0,0,0,0,0,0,1,1,0,false
/Users/thiago/Documents/Thiago/CodeToAnalyze/retrofit/retrofit/kotlin-test/src/test/java/retrofit2/KotlinRequestFactoryTest.java,retrofit2.KotlinRequestFactoryTest$1Example,method/0,false,16,3,0,0,0,1,0,3,1,0,0,0,0,0,0,0,0,0,1,0,0,0,0,0,0,0,4,0,0,false
/Users/thiago/Documents/Thiago/CodeToAnalyze/retrofit/retrofit-adapters/rxjava2/src/test/java/retrofit2/adapter/rxjava2/ObservableThrowingTest.java,retrofit2.adapter.rxjava2.ObservableThrowingTest$Service,response/0,false,48,3,3,3,0,1,0,1,0,0,0,0,0,0,0,0,0,0,1,0,0,0,0,0,0,0,1,0,0,false
/Users/thiago/Documents/Thiago/CodeToAnalyze/retrofit/retrofit-adapters/rxjava2/src/test/java/retrofit2/adapter/rxjava2/ObservableThrowingTest.java,retrofit2.adapter.rxjava2.ObservableThrowingTest$Service,result/0,false,51,3,3,3,0,1,0,1,0,0,0,0,0,0,0,0,0,0,1,0,0,0,0,0,0,0,1,0,0,false
/Users/thiago/Documents/Thiago/CodeToAnalyze/retrofit/retrofit-adapters/rxjava2/src/test/java/retrofit2/adapter/rxjava2/ObservableThrowingTest.java,retrofit2.adapter.rxjava2.ObservableThrowingTest$Service,body/0,false,45,2,3,3,0,1,0,1,0,0,0,0,0,0,0,0,0,0,1,0,0,0,0,0,0,0,1,0,0,false
/Users/thiago/Documents/Thiago/CodeToAnalyze/retrofit/retrofit/java-test/src/test/java/retrofit2/RequestFactoryTest.java,retrofit2.RequestFactoryTest$97Example,"method/2[java.lang.String,java.lang.String]",false,1863,5,0,0,0,1,0,3,0,0,2,0,0,0,0,0,0,0,0,0,0,0,0,0,0,0,4,0,0,false
/Users/thiago/Documents/Thiago/CodeToAnalyze/retrofit/retrofit/java-test/src/test/java/retrofit2/RequestFactoryTest.java,retrofit2.RequestFactoryTest$104Example,method/1[retrofit2.RequestBody],false,1982,5,0,0,0,1,0,3,1,0,1,0,0,0,0,0,0,0,1,0,0,0,0,0,0,0,7,0,0,false
/Users/thiago/Documents/Thiago/CodeToAnalyze/retrofit/retrofit/java-test/src/test/java/retrofit2/RetrofitTest.java,retrofit2.RetrofitTest$1GreetingCallAdapterFactory$Anonymous6,adapt/1[retrofit2.Call<java.lang.Object>],false,432,1,1,0,1,1,0,3,1,0,1,0,0,0,0,0,0,0,1,0,0,0,0,0,0,0,2,1,0,false
/Users/thiago/Documents/Thiago/CodeToAnalyze/retrofit/retrofit/java-test/src/test/java/retrofit2/RetrofitTest.java,retrofit2.RetrofitTest$1GreetingCallAdapterFactory$Anonymous6,responseType/0,false,427,0,1,0,1,1,0,3,1,0,0,0,0,0,0,0,0,0,0,0,0,0,0,0,0,0,2,1,0,false
/Users/thiago/Documents/Thiago/CodeToAnalyze/retrofit/retrofit/src/main/java/retrofit2/OkHttpCall.java,retrofit2.OkHttpCall,cancel/0,false,257,1,0,0,0,2,1,10,0,1,0,1,0,0,0,1,0,0,0,0,2,0,1,0,0,0,7,1,0,false
/Users/thiago/Documents/Thiago/CodeToAnalyze/retrofit/retrofit/src/main/java/retrofit2/OkHttpCall.java,retrofit2.OkHttpCall,timeout/0,false,80,2,1,0,1,2,2,8,1,0,0,2,0,0,0,0,1,0,1,0,0,0,1,0,0,0,12,33,0,false
/Users/thiago/Documents/Thiago/CodeToAnalyze/retrofit/retrofit/src/main/java/retrofit2/OkHttpCall.java,retrofit2.OkHttpCall,enqueue/1[retrofit2.Callback<T>],false,119,5,3,0,3,7,6,60,1,2,1,6,0,0,0,3,1,0,2,0,7,0,3,1,0,0,29,1,0,false
/Users/thiago/Documents/Thiago/CodeToAnalyze/retrofit/retrofit/src/main/java/retrofit2/OkHttpCall.java,retrofit2.OkHttpCall,createRawCall/0,false,210,3,1,0,1,2,2,7,1,1,0,2,0,0,0,1,0,0,1,0,1,0,1,0,0,0,11,2,0,false
/Users/thiago/Documents/Thiago/CodeToAnalyze/retrofit/retrofit/src/main/java/retrofit2/OkHttpCall.java,retrofit2.OkHttpCall,"OkHttpCall/5[retrofit2.RequestFactory,java.lang.Object,java.lang.Object[],okhttp3.Call.Factory,retrofit2.Converter<retrofit2.ResponseBody,T>]",true,56,5,0,0,0,1,0,7,0,0,5,0,0,0,0,0,0,0,0,0,5,0,0,0,0,0,11,0,0,false
/Users/thiago/Documents/Thiago/CodeToAnalyze/retrofit/retrofit/src/main/java/retrofit2/OkHttpCall.java,retrofit2.OkHttpCall,getRawCall/0,false,93,5,2,0,2,6,2,23,2,1,0,2,0,0,0,2,1,0,1,0,3,0,2,0,0,0,30,2,0,true
/Users/thiago/Documents/Thiago/CodeToAnalyze/retrofit/retrofit/src/main/java/retrofit2/OkHttpCall.java,retrofit2.OkHttpCall,isCanceled/0,false,270,0,0,0,0,3,1,8,2,0,0,1,0,0,0,1,0,0,0,0,0,0,1,0,0,0,7,1,0,false
/Users/thiago/Documents/Thiago/CodeToAnalyze/retrofit/retrofit/src/main/java/retrofit2/OkHttpCall.java,retrofit2.OkHttpCall,clone/0,false,66,2,0,0,0,1,0,3,1,0,0,0,0,0,0,0,0,0,1,0,0,0,0,0,0,0,1,1,0,false
/Users/thiago/Documents/Thiago/CodeToAnalyze/retrofit/retrofit/src/main/java/retrofit2/OkHttpCall.java,retrofit2.OkHttpCall,execute/0,false,193,4,2,0,2,3,4,12,1,1,0,4,0,0,0,0,0,0,1,0,2,0,2,0,0,0,15,1,0,false
/Users/thiago/Documents/Thiago/CodeToAnalyze/retrofit/retrofit/src/main/java/retrofit2/OkHttpCall.java,retrofit2.OkHttpCall,isExecuted/0,false,188,0,0,0,0,1,0,3,1,0,0,0,0,0,0,0,0,0,0,0,0,0,0,0,0,0,3,33,0,false
/Users/thiago/Documents/Thiago/CodeToAnalyze/retrofit/retrofit/src/main/java/retrofit2/OkHttpCall.java,retrofit2.OkHttpCall,parseResponse/1[okhttp3.Response],false,218,7,6,0,6,6,12,27,3,5,1,12,0,0,0,2,2,0,0,4,6,0,2,0,0,0,17,0,0,false
/Users/thiago/Documents/Thiago/CodeToAnalyze/retrofit/retrofit/src/main/java/retrofit2/OkHttpCall.java,retrofit2.OkHttpCall,request/0,false,71,2,1,0,1,2,2,8,1,0,0,2,0,0,0,0,1,0,1,0,0,0,1,0,0,0,12,33,0,false
/Users/thiago/Documents/Thiago/CodeToAnalyze/retrofit/samples/src/main/java/com/example/retrofit/ErrorHandlingAdapter.java,com.example.retrofit.ErrorHandlingAdapter$HttpBinService,getIp/0,false,167,3,1,1,0,1,0,1,0,0,0,0,0,0,0,0,0,0,1,0,0,0,0,0,0,0,2,0,0,false
/Users/thiago/Documents/Thiago/CodeToAnalyze/retrofit/retrofit-adapters/rxjava3/src/test/java/retrofit2/adapter/rxjava3/FlowableThrowingTest.java,retrofit2.adapter.rxjava3.FlowableThrowingTest$Service,response/0,false,47,3,3,3,0,1,0,1,0,0,0,0,0,0,0,0,0,0,1,0,0,0,0,0,0,0,1,0,0,false
/Users/thiago/Documents/Thiago/CodeToAnalyze/retrofit/retrofit-adapters/rxjava3/src/test/java/retrofit2/adapter/rxjava3/FlowableThrowingTest.java,retrofit2.adapter.rxjava3.FlowableThrowingTest$Service,result/0,false,50,3,3,3,0,1,0,1,0,0,0,0,0,0,0,0,0,0,1,0,0,0,0,0,0,0,1,0,0,false
/Users/thiago/Documents/Thiago/CodeToAnalyze/retrofit/retrofit-adapters/rxjava3/src/test/java/retrofit2/adapter/rxjava3/FlowableThrowingTest.java,retrofit2.adapter.rxjava3.FlowableThrowingTest$Service,body/0,false,44,2,3,3,0,1,0,1,0,0,0,0,0,0,0,0,0,0,1,0,0,0,0,0,0,0,1,0,0,false
/Users/thiago/Documents/Thiago/CodeToAnalyze/retrofit/retrofit/java-test/src/test/java/retrofit2/OptionalConverterFactoryTest.java,retrofit2.OptionalConverterFactoryTest$Service,object/0,false,35,2,1,1,0,1,0,1,0,0,0,0,0,0,0,0,0,0,1,0,0,0,0,0,0,0,1,0,0,false
/Users/thiago/Documents/Thiago/CodeToAnalyze/retrofit/retrofit/java-test/src/test/java/retrofit2/OptionalConverterFactoryTest.java,retrofit2.OptionalConverterFactoryTest$Service,optional/0,false,32,2,1,1,0,1,0,1,0,0,0,0,0,0,0,0,0,0,1,0,0,0,0,0,0,0,1,0,0,false
/Users/thiago/Documents/Thiago/CodeToAnalyze/retrofit/retrofit-converters/scalars/src/test/java/retrofit2/converter/scalars/ScalarsConverterPrimitivesFactoryTest.java,retrofit2.converter.scalars.ScalarsConverterPrimitivesFactoryTest$DirectCallAdapterFactory$Anonymous1,adapt/1[retrofit2.Call],false,78,3,3,0,3,2,3,8,1,0,1,3,0,0,0,0,1,0,0,0,0,0,1,0,0,0,9,1,0,false
/Users/thiago/Documents/Thiago/CodeToAnalyze/retrofit/retrofit-converters/scalars/src/test/java/retrofit2/converter/scalars/ScalarsConverterPrimitivesFactoryTest.java,retrofit2.converter.scalars.ScalarsConverterPrimitivesFactoryTest$DirectCallAdapterFactory$Anonymous1,responseType/0,false,73,0,1,0,1,1,0,3,1,0,0,0,0,0,0,0,0,0,0,0,0,0,0,0,0,0,3,1,0,false
/Users/thiago/Documents/Thiago/CodeToAnalyze/retrofit/retrofit/java-test/src/test/java/retrofit2/RequestFactoryTest.java,retrofit2.RequestFactoryTest$49Example,method/1[java.lang.String],false,1012,4,0,0,0,1,0,3,1,0,1,0,0,0,0,0,0,0,2,0,0,0,0,0,0,0,5,0,0,false
/Users/thiago/Documents/Thiago/CodeToAnalyze/retrofit/retrofit/java-test/src/test/java/retrofit2/RetrofitTest.java,retrofit2.RetrofitTest$Anonymous3,"get/3[java.lang.reflect.Type,java.lang.annotation.Annotation[],retrofit2.Retrofit]",false,266,3,3,0,3,1,0,3,0,0,3,0,0,0,0,0,0,0,0,0,0,0,0,0,0,0,5,1,0,false
/Users/thiago/Documents/Thiago/CodeToAnalyze/retrofit/retrofit/java-test/src/test/java/retrofit2/RequestFactoryTest.java,retrofit2.RequestFactoryTest$27Example,"method/1[java.util.Map<java.lang.String,java.lang.String>]",false,569,4,0,0,0,1,0,3,1,0,1,0,0,0,0,0,0,0,1,0,0,0,0,0,0,0,3,0,0,false
/Users/thiago/Documents/Thiago/CodeToAnalyze/retrofit/retrofit/java-test/src/test/java/retrofit2/CallTest.java,retrofit2.CallTest,http200Sync/0,false,75,8,8,0,8,1,14,8,0,3,0,14,0,0,0,0,0,0,3,0,3,0,0,0,0,0,18,1,0,false
/Users/thiago/Documents/Thiago/CodeToAnalyze/retrofit/retrofit/java-test/src/test/java/retrofit2/CallTest.java,retrofit2.CallTest,requestAfterExecuteThrowingAlsoThrows/0,false,986,7,8,0,8,3,14,30,0,5,0,14,0,0,0,0,2,0,3,2,5,0,1,1,0,0,32,1,0,false
/Users/thiago/Documents/Thiago/CodeToAnalyze/retrofit/retrofit/java-test/src/test/java/retrofit2/CallTest.java,retrofit2.CallTest,responseBodyStreams/0,false,588,8,5,0,5,2,16,14,0,4,0,16,0,0,0,0,1,0,3,0,4,0,1,0,0,0,36,1,0,false
/Users/thiago/Documents/Thiago/CodeToAnalyze/retrofit/retrofit/java-test/src/test/java/retrofit2/CallTest.java,retrofit2.CallTest,conversionProblemIncomingAsync/0,false,392,8,6,0,6,1,16,29,0,5,0,16,0,0,0,0,0,0,4,2,5,0,0,2,0,0,39,1,0,false
/Users/thiago/Documents/Thiago/CodeToAnalyze/retrofit/retrofit/java-test/src/test/java/retrofit2/CallTest.java,retrofit2.CallTest,successfulRequestResponseWhenMimeTypeMissing/0,false,536,8,7,0,7,1,13,7,0,3,0,13,0,0,0,0,0,0,4,0,3,0,0,0,0,0,20,1,0,false
/Users/thiago/Documents/Thiago/CodeToAnalyze/retrofit/retrofit/java-test/src/test/java/retrofit2/CallTest.java,retrofit2.CallTest,http404Async/0,false,143,9,10,0,10,1,20,22,0,5,0,20,0,0,0,0,0,0,3,4,5,0,0,1,0,0,28,1,0,false
/Users/thiago/Documents/Thiago/CodeToAnalyze/retrofit/retrofit/java-test/src/test/java/retrofit2/CallTest.java,retrofit2.CallTest,requestAfterExecuteThrowingAlsoThrowsForNonFatalErrors/0,false,1025,7,8,0,8,3,14,30,0,5,0,14,0,0,0,0,2,0,3,2,5,0,1,1,0,0,36,1,0,false
/Users/thiago/Documents/Thiago/CodeToAnalyze/retrofit/retrofit/java-test/src/test/java/retrofit2/CallTest.java,retrofit2.CallTest,cancelBeforeEnqueue/0,false,720,7,9,0,9,1,16,21,0,5,0,16,0,0,0,0,0,0,2,2,5,0,0,1,0,0,30,1,0,false
/Users/thiago/Documents/Thiago/CodeToAnalyze/retrofit/retrofit/java-test/src/test/java/retrofit2/CallTest.java,retrofit2.CallTest,timeoutEnabledButNotExceeded/0,false,1506,8,8,0,8,1,14,9,0,4,0,14,0,0,0,0,0,0,1,2,4,0,0,0,0,0,22,1,0,false
/Users/thiago/Documents/Thiago/CodeToAnalyze/retrofit/retrofit/java-test/src/test/java/retrofit2/CallTest.java,retrofit2.CallTest,requestThrowingBeforeEnqueueFailsEnqueue/0,false,1104,8,8,0,8,2,16,35,0,6,0,16,0,0,0,0,1,0,2,3,6,0,1,2,0,0,39,1,0,false
/Users/thiago/Documents/Thiago/CodeToAnalyze/retrofit/retrofit/java-test/src/test/java/retrofit2/CallTest.java,retrofit2.CallTest,emptyResponse/0,false,638,9,8,0,8,1,18,10,0,4,0,18,0,0,0,0,0,0,6,1,4,0,0,0,0,0,19,1,0,false
/Users/thiago/Documents/Thiago/CodeToAnalyze/retrofit/retrofit/java-test/src/test/java/retrofit2/CallTest.java,retrofit2.CallTest,requestBeforeExecuteCreates/0,false,850,7,8,0,8,1,12,18,0,5,0,12,0,0,0,0,0,0,1,2,5,0,0,1,0,0,27,1,0,false
/Users/thiago/Documents/Thiago/CodeToAnalyze/retrofit/retrofit/java-test/src/test/java/retrofit2/CallTest.java,retrofit2.CallTest,responseBody/0,false,551,8,5,0,5,1,13,7,0,3,0,13,0,0,0,0,0,0,3,0,3,0,0,0,0,0,17,1,0,false
/Users/thiago/Documents/Thiago/CodeToAnalyze/retrofit/retrofit/java-test/src/test/java/retrofit2/CallTest.java,retrofit2.CallTest,conversionProblemOutgoingAsync/0,false,262,7,6,0,6,1,14,28,0,5,0,14,0,0,0,0,0,0,3,2,5,0,0,2,0,0,39,1,0,false
/Users/thiago/Documents/Thiago/CodeToAnalyze/retrofit/retrofit/java-test/src/test/java/retrofit2/CallTest.java,retrofit2.CallTest,reportsExecutedAsync/0,false,674,8,8,0,8,1,13,15,0,3,0,13,0,0,0,0,0,0,2,0,3,0,0,1,0,0,23,1,0,false
/Users/thiago/Documents/Thiago/CodeToAnalyze/retrofit/retrofit/java-test/src/test/java/retrofit2/CallTest.java,retrofit2.CallTest,requestThrowingNonFatalErrorBeforeEnqueueFailsEnqueue/0,false,1153,8,8,0,8,2,16,35,0,6,0,16,0,0,0,0,1,0,2,3,6,0,1,2,0,0,41,1,0,false
/Users/thiago/Documents/Thiago/CodeToAnalyze/retrofit/retrofit/java-test/src/test/java/retrofit2/CallTest.java,retrofit2.CallTest,deadlineExceeded/0,false,1486,7,7,0,7,2,12,13,0,3,0,12,0,0,0,0,1,0,1,2,3,0,1,0,0,0,19,1,0,false
/Users/thiago/Documents/Thiago/CodeToAnalyze/retrofit/retrofit/java-test/src/test/java/retrofit2/CallTest.java,retrofit2.CallTest,http205SkipsConverter/0,false,463,10,8,0,8,1,14,17,0,5,0,14,0,0,0,0,0,0,2,1,4,0,1,1,0,1,24,1,0,false
/Users/thiago/Documents/Thiago/CodeToAnalyze/retrofit/retrofit/java-test/src/test/java/retrofit2/CallTest.java,retrofit2.CallTest,requestBeforeEnqueueCreates/0,false,1064,8,8,0,8,1,14,27,0,6,0,14,0,0,0,0,0,0,1,3,6,0,0,2,0,0,35,1,0,false
/Users/thiago/Documents/Thiago/CodeToAnalyze/retrofit/retrofit/java-test/src/test/java/retrofit2/CallTest.java,retrofit2.CallTest,fatalErrorsAreNotCaughtRequest/0,false,1338,7,7,0,7,3,13,30,0,5,0,13,0,0,0,0,2,0,3,2,5,0,1,1,0,0,33,1,0,false
/Users/thiago/Documents/Thiago/CodeToAnalyze/retrofit/retrofit/java-test/src/test/java/retrofit2/CallTest.java,retrofit2.CallTest,transportProblemAsync/0,false,198,8,7,0,7,1,14,20,0,5,0,14,0,0,0,0,0,0,1,2,5,0,0,1,0,0,31,1,0,false
/Users/thiago/Documents/Thiago/CodeToAnalyze/retrofit/retrofit/java-test/src/test/java/retrofit2/CallTest.java,retrofit2.CallTest,conversionProblemOutgoingSync/0,false,232,6,6,0,6,2,11,20,0,3,0,11,0,0,0,0,1,0,3,0,3,0,1,1,0,0,28,1,0,false
/Users/thiago/Documents/Thiago/CodeToAnalyze/retrofit/retrofit/java-test/src/test/java/retrofit2/CallTest.java,retrofit2.CallTest,reportsExecutedSync/0,false,656,7,7,0,7,1,13,9,0,3,0,13,0,0,0,0,0,0,2,0,3,0,0,0,0,0,19,1,0,false
/Users/thiago/Documents/Thiago/CodeToAnalyze/retrofit/retrofit/java-test/src/test/java/retrofit2/CallTest.java,retrofit2.CallTest,http200Async/0,false,91,9,9,0,9,1,17,21,0,5,0,17,0,0,0,0,0,0,3,2,5,0,0,1,0,0,27,1,0,false
/Users/thiago/Documents/Thiago/CodeToAnalyze/retrofit/retrofit/java-test/src/test/java/retrofit2/CallTest.java,retrofit2.CallTest,cancelBeforeExecute/0,false,699,6,8,0,8,2,14,14,0,3,0,14,0,0,0,0,1,0,2,0,3,0,1,0,0,0,19,1,0,false
/Users/thiago/Documents/Thiago/CodeToAnalyze/retrofit/retrofit/java-test/src/test/java/retrofit2/CallTest.java,retrofit2.CallTest,requestAfterEnqueueFailingThrowsForNonFatalErrors/0,false,1290,8,8,0,8,2,16,35,0,6,0,16,0,0,0,0,1,0,2,3,6,0,1,2,0,0,43,1,0,false
/Users/thiago/Documents/Thiago/CodeToAnalyze/retrofit/retrofit/java-test/src/test/java/retrofit2/CallTest.java,retrofit2.CallTest,fatalErrorsAreNotCaughtEnqueue/0,false,1377,8,8,0,8,3,16,39,0,6,0,16,0,0,0,0,2,0,3,2,6,0,1,2,0,0,42,1,0,false
/Users/thiago/Documents/Thiago/CodeToAnalyze/retrofit/retrofit/java-test/src/test/java/retrofit2/CallTest.java,retrofit2.CallTest,executeCallOnce/0,false,517,7,6,0,6,2,12,14,0,3,0,12,0,0,0,0,1,0,2,0,3,0,1,0,0,0,23,1,0,false
/Users/thiago/Documents/Thiago/CodeToAnalyze/retrofit/retrofit/java-test/src/test/java/retrofit2/CallTest.java,retrofit2.CallTest,cancelOkHttpRequest/0,false,809,9,8,0,8,1,21,25,0,7,0,21,0,0,0,0,0,0,2,2,7,0,0,1,0,0,35,1,0,false
/Users/thiago/Documents/Thiago/CodeToAnalyze/retrofit/retrofit/java-test/src/test/java/retrofit2/CallTest.java,retrofit2.CallTest,converterBodyDoesNotLeakContentInIntermediateBuffers/0,false,490,9,8,0,8,1,13,18,0,3,0,13,0,0,0,0,0,0,2,2,3,1,0,1,0,0,29,1,0,false
/Users/thiago/Documents/Thiago/CodeToAnalyze/retrofit/retrofit/java-test/src/test/java/retrofit2/CallTest.java,retrofit2.CallTest,conversionProblemIncomingMaskedByConverterIsUnwrapped/0,false,336,12,6,0,6,2,24,39,1,8,0,24,0,0,0,0,1,0,3,0,8,0,1,2,0,1,44,1,0,false
/Users/thiago/Documents/Thiago/CodeToAnalyze/retrofit/retrofit/java-test/src/test/java/retrofit2/CallTest.java,retrofit2.CallTest,http204SkipsConverter/0,false,436,10,8,0,8,1,14,17,0,5,0,14,0,0,0,0,0,0,2,1,4,0,1,1,0,1,24,1,0,false
/Users/thiago/Documents/Thiago/CodeToAnalyze/retrofit/retrofit/java-test/src/test/java/retrofit2/CallTest.java,retrofit2.CallTest,requestAfterExecuteReturnsCachedValue/0,false,957,7,8,0,8,1,12,18,0,5,0,12,0,0,0,0,0,0,1,2,5,0,0,1,0,0,29,1,0,false
/Users/thiago/Documents/Thiago/CodeToAnalyze/retrofit/retrofit/java-test/src/test/java/retrofit2/CallTest.java,retrofit2.CallTest,rawResponseContentTypeAndLengthButNoSource/0,false,612,9,8,0,8,2,21,17,0,4,0,21,0,0,0,0,1,0,7,1,4,0,1,0,0,0,34,1,0,false
/Users/thiago/Documents/Thiago/CodeToAnalyze/retrofit/retrofit/java-test/src/test/java/retrofit2/CallTest.java,retrofit2.CallTest,cloningExecutedRequestDoesNotCopyState/0,false,752,8,8,0,8,1,13,10,0,4,0,13,0,0,0,0,0,0,5,0,4,0,0,0,0,0,24,1,0,false
/Users/thiago/Documents/Thiago/CodeToAnalyze/retrofit/retrofit/java-test/src/test/java/retrofit2/CallTest.java,retrofit2.CallTest,requestAfterEnqueueReturnsCachedValue/0,false,1201,8,8,0,8,1,14,27,0,6,0,14,0,0,0,0,0,0,1,3,6,0,0,2,0,0,37,1,0,false
/Users/thiago/Documents/Thiago/CodeToAnalyze/retrofit/retrofit/java-test/src/test/java/retrofit2/CallTest.java,retrofit2.CallTest,http404Sync/0,false,126,8,9,0,9,1,17,9,0,3,0,17,0,0,0,0,0,0,3,2,3,0,0,0,0,0,18,1,0,false
/Users/thiago/Documents/Thiago/CodeToAnalyze/retrofit/retrofit/java-test/src/test/java/retrofit2/CallTest.java,retrofit2.CallTest,requestThrowingNonFatalErrorBeforeExecuteFailsExecute/0,false,918,7,8,0,8,3,14,30,0,5,0,14,0,0,0,0,2,0,3,2,5,0,1,1,0,0,33,1,0,false
/Users/thiago/Documents/Thiago/CodeToAnalyze/retrofit/retrofit/java-test/src/test/java/retrofit2/CallTest.java,retrofit2.CallTest,timeoutExceeded/0,false,1466,7,7,0,7,2,12,13,0,3,0,12,0,0,0,0,1,0,1,2,3,0,1,0,0,0,19,1,0,false
/Users/thiago/Documents/Thiago/CodeToAnalyze/retrofit/retrofit/java-test/src/test/java/retrofit2/CallTest.java,retrofit2.CallTest,cancelRequest/0,false,771,8,9,0,9,1,19,24,0,6,0,19,0,0,0,0,0,0,2,2,6,0,0,1,0,0,31,1,0,false
/Users/thiago/Documents/Thiago/CodeToAnalyze/retrofit/retrofit/java-test/src/test/java/retrofit2/CallTest.java,retrofit2.CallTest,responseBodyBuffers/0,false,566,8,5,0,5,2,14,13,0,3,0,14,0,0,0,0,1,0,3,0,3,0,1,0,0,0,36,1,0,false
/Users/thiago/Documents/Thiago/CodeToAnalyze/retrofit/retrofit/java-test/src/test/java/retrofit2/CallTest.java,retrofit2.CallTest,requestAfterEnqueueFailingThrows/0,false,1241,8,8,0,8,2,16,35,0,6,0,16,0,0,0,0,1,0,2,3,6,0,1,2,0,0,39,1,0,false
/Users/thiago/Documents/Thiago/CodeToAnalyze/retrofit/retrofit/java-test/src/test/java/retrofit2/CallTest.java,retrofit2.CallTest,conversionProblemIncomingSync/0,false,307,7,6,0,6,2,13,21,0,3,0,13,0,0,0,0,1,0,4,0,3,0,1,1,0,0,30,1,0,false
/Users/thiago/Documents/Thiago/CodeToAnalyze/retrofit/retrofit/java-test/src/test/java/retrofit2/CallTest.java,retrofit2.CallTest,fatalErrorsAreNotCaughtExecute/0,false,1427,7,8,0,8,3,14,30,0,5,0,14,0,0,0,0,2,0,3,2,5,0,1,1,0,0,33,1,0,false
/Users/thiago/Documents/Thiago/CodeToAnalyze/retrofit/retrofit/java-test/src/test/java/retrofit2/CallTest.java,retrofit2.CallTest,transportProblemSync/0,false,179,7,6,0,6,2,10,12,0,3,0,10,0,0,0,0,1,0,1,0,3,0,1,0,0,0,19,1,0,false
/Users/thiago/Documents/Thiago/CodeToAnalyze/retrofit/retrofit/java-test/src/test/java/retrofit2/CallTest.java,retrofit2.CallTest,requestThrowingBeforeExecuteFailsExecute/0,false,879,7,8,0,8,3,14,30,0,5,0,14,0,0,0,0,2,0,3,2,5,0,1,1,0,0,31,1,0,false
/Users/thiago/Documents/Thiago/CodeToAnalyze/retrofit/retrofit/java-test/src/test/java/retrofit2/RetrofitTest.java,retrofit2.RetrofitTest$Anonymous1,"get/3[java.lang.reflect.Type,java.lang.annotation.Annotation[],retrofit2.Retrofit]",false,240,3,3,0,3,1,0,3,0,0,3,0,0,0,0,0,0,0,0,0,0,0,0,0,0,0,5,1,0,false
/Users/thiago/Documents/Thiago/CodeToAnalyze/retrofit/retrofit/java-test/src/test/java/retrofit2/RetrofitTest.java,retrofit2.RetrofitTest$Anonymous7,"responseBodyConverter/3[java.lang.reflect.Type,java.lang.annotation.Annotation[],retrofit2.Retrofit]",false,1040,4,4,0,4,1,0,3,0,0,3,0,0,0,0,0,0,0,1,0,0,0,0,0,0,0,13,1,0,false
/Users/thiago/Documents/Thiago/CodeToAnalyze/retrofit/retrofit-converters/guava/src/test/java/retrofit/converter/guava/GuavaOptionalConverterFactoryTest.java,retrofit.converter.guava.GuavaOptionalConverterFactoryTest$Service,optional/0,false,38,3,2,2,0,1,0,1,0,0,0,0,0,0,0,0,0,0,1,0,0,0,0,0,0,0,1,0,0,false
/Users/thiago/Documents/Thiago/CodeToAnalyze/retrofit/retrofit-converters/guava/src/test/java/retrofit/converter/guava/GuavaOptionalConverterFactoryTest.java,retrofit.converter.guava.GuavaOptionalConverterFactoryTest$Service,object/0,false,41,2,1,1,0,1,0,1,0,0,0,0,0,0,0,0,0,0,1,0,0,0,0,0,0,0,1,0,0,false
/Users/thiago/Documents/Thiago/CodeToAnalyze/retrofit/retrofit/java-test/src/test/java/retrofit2/RetrofitTest.java,retrofit2.RetrofitTest$Anonymous8,convert/1[java.lang.Object],false,1063,2,0,0,0,1,0,3,0,0,1,0,0,0,0,0,0,0,0,0,0,0,0,0,0,0,7,1,0,false
/Users/thiago/Documents/Thiago/CodeToAnalyze/retrofit/retrofit-adapters/rxjava3/src/test/java/retrofit2/adapter/rxjava3/CompletableThrowingTest.java,retrofit2.adapter.rxjava3.CompletableThrowingTest$ForwardingCompletableObserver,ForwardingCompletableObserver/1[retrofit2.adapter.rxjava3.CompletableObserver],true,122,1,3,3,0,1,0,3,0,0,1,0,0,0,0,0,0,0,0,0,1,0,0,0,0,0,4,0,0,false
/Users/thiago/Documents/Thiago/CodeToAnalyze/retrofit/retrofit-adapters/rxjava3/src/test/java/retrofit2/adapter/rxjava3/CompletableThrowingTest.java,retrofit2.adapter.rxjava3.CompletableThrowingTest$ForwardingCompletableObserver,onSubscribe/1[retrofit2.adapter.rxjava3.Disposable],false,127,1,0,0,0,1,1,3,0,0,1,1,0,0,0,0,0,0,0,0,0,0,0,0,0,0,4,1,0,false
/Users/thiago/Documents/Thiago/CodeToAnalyze/retrofit/retrofit-adapters/rxjava3/src/test/java/retrofit2/adapter/rxjava3/CompletableThrowingTest.java,retrofit2.adapter.rxjava3.CompletableThrowingTest$ForwardingCompletableObserver,onComplete/0,false,132,0,0,0,0,1,1,3,0,0,0,1,0,0,0,0,0,0,0,0,0,0,0,0,0,0,2,1,0,false
/Users/thiago/Documents/Thiago/CodeToAnalyze/retrofit/retrofit-adapters/rxjava3/src/test/java/retrofit2/adapter/rxjava3/CompletableThrowingTest.java,retrofit2.adapter.rxjava3.CompletableThrowingTest$ForwardingCompletableObserver,onError/1[java.lang.Throwable],false,137,0,0,0,0,1,1,3,0,0,1,1,0,0,0,0,0,0,0,0,0,0,0,0,0,0,4,1,0,false
/Users/thiago/Documents/Thiago/CodeToAnalyze/retrofit/retrofit-converters/jaxb/src/main/java/retrofit2/converter/jaxb/JaxbRequestConverter.java,retrofit2.converter.jaxb.JaxbRequestConverter,convert/1[T],false,40,4,0,0,0,2,8,12,1,3,1,8,0,0,0,0,1,0,0,0,3,0,1,0,0,0,23,1,0,false
/Users/thiago/Documents/Thiago/CodeToAnalyze/retrofit/retrofit-converters/jaxb/src/main/java/retrofit2/converter/jaxb/JaxbRequestConverter.java,retrofit2.converter.jaxb.JaxbRequestConverter,"JaxbRequestConverter/2[retrofit2.converter.jaxb.JAXBContext,java.lang.Class<T>]",true,34,2,0,0,0,1,0,4,0,0,2,0,0,0,0,0,0,0,0,0,2,0,0,0,0,0,10,0,0,false
/Users/thiago/Documents/Thiago/CodeToAnalyze/retrofit/retrofit/java-test/src/test/java/retrofit2/RetrofitTest.java,retrofit2.RetrofitTest$Anonymous9,"requestBodyConverter/4[java.lang.reflect.Type,java.lang.annotation.Annotation[],java.lang.annotation.Annotation[],retrofit2.Retrofit]",false,1074,3,2,0,2,2,1,3,1,0,4,1,0,0,0,0,0,0,0,0,0,0,0,0,0,0,9,1,0,false
/Users/thiago/Documents/Thiago/CodeToAnalyze/retrofit/retrofit-adapters/java8/src/main/java/retrofit2/adapter/java8/HttpException.java,retrofit2.adapter.java8.HttpException,HttpException/1[retrofit2.Response<?>],true,23,1,1,1,0,1,0,3,0,0,1,0,0,0,0,0,0,0,0,0,0,0,0,0,0,0,3,1,0,false
/Users/thiago/Documents/Thiago/CodeToAnalyze/retrofit/retrofit-adapters/rxjava2/src/test/java/retrofit2/adapter/rxjava2/RxJava2CallAdapterFactoryTest.java,retrofit2.adapter.rxjava2.RxJava2CallAdapterFactoryTest,nonRxJavaTypeReturnsNull/0,false,63,3,1,0,1,1,3,4,0,1,0,3,0,0,0,0,0,0,0,0,1,0,0,0,0,0,9,1,0,false
/Users/thiago/Documents/Thiago/CodeToAnalyze/retrofit/retrofit-adapters/rxjava2/src/test/java/retrofit2/adapter/rxjava2/RxJava2CallAdapterFactoryTest.java,retrofit2.adapter.rxjava2.RxJava2CallAdapterFactoryTest,rawBodyTypeThrows/0,false,163,3,1,0,1,5,6,42,0,4,0,6,0,0,0,0,4,0,4,0,4,0,1,4,0,0,22,1,0,false
/Users/thiago/Documents/Thiago/CodeToAnalyze/retrofit/retrofit-adapters/rxjava2/src/test/java/retrofit2/adapter/rxjava2/RxJava2CallAdapterFactoryTest.java,retrofit2.adapter.rxjava2.RxJava2CallAdapterFactoryTest,rawResultTypeThrows/0,false,253,7,1,0,1,5,6,42,0,4,0,6,0,0,0,0,4,0,4,0,4,0,1,4,0,0,21,1,0,false
/Users/thiago/Documents/Thiago/CodeToAnalyze/retrofit/retrofit-adapters/rxjava2/src/test/java/retrofit2/adapter/rxjava2/RxJava2CallAdapterFactoryTest.java,retrofit2.adapter.rxjava2.RxJava2CallAdapterFactoryTest,responseTypes/0,false,69,10,2,0,2,1,5,122,0,28,0,5,0,0,0,0,0,0,0,0,28,0,0,32,0,0,15,1,0,false
/Users/thiago/Documents/Thiago/CodeToAnalyze/retrofit/retrofit-adapters/rxjava2/src/test/java/retrofit2/adapter/rxjava2/RxJava2CallAdapterFactoryTest.java,retrofit2.adapter.rxjava2.RxJava2CallAdapterFactoryTest,nullSchedulerThrows/0,false,53,2,1,0,1,2,5,9,0,0,0,5,0,0,0,0,1,0,1,0,0,0,1,0,0,0,10,1,0,false
/Users/thiago/Documents/Thiago/CodeToAnalyze/retrofit/retrofit-adapters/rxjava2/src/test/java/retrofit2/adapter/rxjava2/RxJava2CallAdapterFactoryTest.java,retrofit2.adapter.rxjava2.RxJava2CallAdapterFactoryTest,rawResponseTypeThrows/0,false,210,7,1,0,1,5,6,42,0,4,0,6,0,0,0,0,4,0,4,0,4,0,1,4,0,0,21,1,0,false
/Users/thiago/Documents/Thiago/CodeToAnalyze/retrofit/retrofit-adapters/rxjava2/src/test/java/retrofit2/adapter/rxjava2/RxJava2CallAdapterFactoryTest.java,retrofit2.adapter.rxjava2.RxJava2CallAdapterFactoryTest,setUp/0,false,43,3,6,0,6,1,4,3,0,0,0,4,0,0,0,0,0,0,1,0,1,0,0,0,0,0,7,1,0,false
/Users/thiago/Documents/Thiago/CodeToAnalyze/retrofit/retrofit-adapters/rxjava/src/main/java/retrofit2/adapter/rxjava/CallExecuteOnSubscribe.java,retrofit2.adapter.rxjava.CallExecuteOnSubscribe,call/1[retrofit2.adapter.rxjava.Subscriber<? super retrofit2.Response<T>>],false,32,5,4,0,4,2,7,16,1,3,1,7,0,0,0,0,1,0,0,0,3,0,1,0,0,0,6,1,0,false
/Users/thiago/Documents/Thiago/CodeToAnalyze/retrofit/retrofit-adapters/rxjava/src/main/java/retrofit2/adapter/rxjava/CallExecuteOnSubscribe.java,retrofit2.adapter.rxjava.CallExecuteOnSubscribe,CallExecuteOnSubscribe/1[retrofit2.Call<T>],true,27,2,0,0,0,1,0,3,0,0,1,0,0,0,0,0,0,0,0,0,1,0,0,0,0,0,5,0,0,false
/Users/thiago/Documents/Thiago/CodeToAnalyze/retrofit/retrofit-adapters/rxjava/src/test/java/retrofit2/adapter/rxjava/SingleThrowingTest.java,retrofit2.adapter.rxjava.SingleThrowingTest$Anonymous9,handleError/1[java.lang.Throwable],false,212,0,0,0,0,2,2,5,0,0,1,2,0,0,0,0,0,0,0,0,0,0,1,0,0,0,4,1,0,false
/Users/thiago/Documents/Thiago/CodeToAnalyze/retrofit/retrofit-adapters/guava/src/main/java/retrofit2/adapter/guava/GuavaCallAdapterFactory.java,retrofit2.adapter.guava.GuavaCallAdapterFactory,"get/3[java.lang.reflect.Type,java.lang.annotation.Annotation[],retrofit2.Retrofit]",false,63,8,4,0,4,5,2,17,3,2,3,2,0,0,0,2,0,2,4,2,2,2,1,0,0,0,21,1,0,false
/Users/thiago/Documents/Thiago/CodeToAnalyze/retrofit/retrofit-adapters/guava/src/main/java/retrofit2/adapter/guava/GuavaCallAdapterFactory.java,retrofit2.adapter.guava.GuavaCallAdapterFactory,create/0,false,55,1,2,1,1,1,0,3,1,0,0,0,0,0,0,0,0,0,0,0,0,0,0,0,0,0,5,9,0,false
/Users/thiago/Documents/Thiago/CodeToAnalyze/retrofit/retrofit-adapters/guava/src/main/java/retrofit2/adapter/guava/GuavaCallAdapterFactory.java,retrofit2.adapter.guava.GuavaCallAdapterFactory,GuavaCallAdapterFactory/0,true,59,0,1,1,0,1,0,2,0,0,0,0,0,0,0,0,0,0,0,0,0,0,0,0,0,0,4,2,0,false
/Users/thiago/Documents/Thiago/CodeToAnalyze/retrofit/retrofit-adapters/rxjava/src/test/java/retrofit2/adapter/rxjava/SingleThrowingTest.java,retrofit2.adapter.rxjava.SingleThrowingTest$Anonymous7,handleError/1[java.lang.Throwable],false,176,0,0,0,0,2,2,5,0,0,1,2,0,0,0,0,0,0,0,0,0,0,1,0,0,0,4,1,0,false
/Users/thiago/Documents/Thiago/CodeToAnalyze/retrofit/retrofit-adapters/rxjava/src/test/java/retrofit2/adapter/rxjava/SingleThrowingTest.java,retrofit2.adapter.rxjava.SingleThrowingTest$Anonymous8,onError/1[java.lang.Throwable],false,191,0,0,0,0,2,2,6,0,0,1,2,0,0,0,0,0,0,0,0,0,0,1,0,0,0,5,1,0,false
/Users/thiago/Documents/Thiago/CodeToAnalyze/retrofit/retrofit-adapters/rxjava3/src/test/java/retrofit2/adapter/rxjava3/AsyncTest.java,retrofit2.adapter.rxjava3.AsyncTest,tearDown/0,false,83,1,0,0,0,1,2,3,0,0,0,2,0,0,0,0,0,0,1,0,0,1,0,0,0,0,4,1,0,false
/Users/thiago/Documents/Thiago/CodeToAnalyze/retrofit/retrofit-adapters/rxjava3/src/test/java/retrofit2/adapter/rxjava3/AsyncTest.java,retrofit2.adapter.rxjava3.AsyncTest,failure/0,false,99,4,1,0,1,1,7,8,0,1,0,7,0,0,0,0,0,0,0,2,1,0,0,0,0,0,22,1,0,false
/Users/thiago/Documents/Thiago/CodeToAnalyze/retrofit/retrofit-adapters/rxjava3/src/test/java/retrofit2/adapter/rxjava3/AsyncTest.java,retrofit2.adapter.rxjava3.AsyncTest,throwingInOnCompleteDeliveredToPlugin/0,false,110,5,2,0,2,2,12,22,0,5,0,12,0,0,0,0,0,0,0,2,4,0,2,1,0,1,27,1,0,false
/Users/thiago/Documents/Thiago/CodeToAnalyze/retrofit/retrofit-adapters/rxjava3/src/test/java/retrofit2/adapter/rxjava3/AsyncTest.java,retrofit2.adapter.rxjava3.AsyncTest,setUp/0,false,62,7,4,0,4,1,11,11,1,7,0,11,0,0,0,0,0,0,1,0,5,0,1,0,0,2,17,1,0,false
/Users/thiago/Documents/Thiago/CodeToAnalyze/retrofit/retrofit-adapters/rxjava3/src/test/java/retrofit2/adapter/rxjava3/AsyncTest.java,retrofit2.adapter.rxjava3.AsyncTest,success/0,false,88,4,1,0,1,1,6,8,0,1,0,6,0,0,0,0,0,0,0,2,1,0,0,0,0,0,8,1,0,false
/Users/thiago/Documents/Thiago/CodeToAnalyze/retrofit/retrofit-adapters/rxjava3/src/test/java/retrofit2/adapter/rxjava3/AsyncTest.java,retrofit2.adapter.rxjava3.AsyncTest,bodyThrowingInOnErrorDeliveredToPlugin/0,false,140,6,2,0,2,2,13,25,0,7,0,13,0,0,0,0,0,0,0,3,6,0,2,1,0,1,32,1,0,false
/Users/thiago/Documents/Thiago/CodeToAnalyze/retrofit/retrofit-adapters/rxjava3/src/test/java/retrofit2/adapter/rxjava3/AsyncTest.java,retrofit2.adapter.rxjava3.AsyncTest,bodyThrowingFatalInOnErrorPropagates/0,false,174,5,2,0,2,1,9,15,0,3,0,9,0,0,0,0,0,0,1,5,3,0,0,1,0,0,29,1,0,false
/Users/thiago/Documents/Thiago/CodeToAnalyze/retrofit/retrofit/java-test/src/test/java/retrofit2/RetrofitTest.java,retrofit2.RetrofitTest$2MyCallAdapterFactory,"get/3[java.lang.reflect.Type,java.lang.annotation.Annotation[],retrofit2.Retrofit]",false,455,3,3,0,3,1,1,4,1,0,3,1,0,0,0,0,0,0,0,0,0,0,0,0,0,0,5,1,0,false
/Users/thiago/Documents/Thiago/CodeToAnalyze/retrofit/retrofit/java-test/src/test/java/retrofit2/RequestFactoryTest.java,retrofit2.RequestFactoryTest$110Example,method/1[retrofit2.RequestBody[]],false,2123,6,0,0,0,1,0,3,1,0,1,0,0,0,0,0,0,0,1,0,0,0,0,0,0,0,5,0,0,false
/Users/thiago/Documents/Thiago/CodeToAnalyze/retrofit/retrofit-adapters/rxjava2/src/test/java/retrofit2/adapter/rxjava2/MaybeThrowingTest.java,retrofit2.adapter.rxjava2.MaybeThrowingTest$Anonymous4,onError/1[java.lang.Throwable],false,180,0,0,0,0,2,2,6,0,0,1,2,0,0,0,0,0,0,0,0,0,0,1,0,0,0,5,1,0,false
/Users/thiago/Documents/Thiago/CodeToAnalyze/retrofit/retrofit-adapters/rxjava2/src/test/java/retrofit2/adapter/rxjava2/MaybeThrowingTest.java,retrofit2.adapter.rxjava2.MaybeThrowingTest$Anonymous3,onSuccess/1[retrofit2.Response<java.lang.String>],false,150,1,0,0,0,1,0,3,0,0,1,0,0,0,0,0,0,0,0,0,0,0,0,0,0,0,4,1,0,false
/Users/thiago/Documents/Thiago/CodeToAnalyze/retrofit/samples/src/main/java/com/example/retrofit/AnnotatedConverters.java,com.example.retrofit.AnnotatedConverters$Service,exampleSimpleXml/0,false,123,4,1,1,0,1,0,1,0,0,0,0,0,0,0,0,0,0,1,0,0,0,0,0,0,0,3,0,0,false
/Users/thiago/Documents/Thiago/CodeToAnalyze/retrofit/samples/src/main/java/com/example/retrofit/AnnotatedConverters.java,com.example.retrofit.AnnotatedConverters$Service,exampleDefault/0,false,127,3,1,1,0,1,0,1,0,0,0,0,0,0,0,0,0,0,1,0,0,0,0,0,0,0,2,0,0,false
/Users/thiago/Documents/Thiago/CodeToAnalyze/retrofit/samples/src/main/java/com/example/retrofit/AnnotatedConverters.java,com.example.retrofit.AnnotatedConverters$Service,exampleMoshi/0,false,115,4,1,1,0,1,0,1,0,0,0,0,0,0,0,0,0,0,1,0,0,0,0,0,0,0,2,0,0,false
/Users/thiago/Documents/Thiago/CodeToAnalyze/retrofit/samples/src/main/java/com/example/retrofit/AnnotatedConverters.java,com.example.retrofit.AnnotatedConverters$Service,exampleGson/0,false,119,4,1,1,0,1,0,1,0,0,0,0,0,0,0,0,0,0,1,0,0,0,0,0,0,0,2,0,0,false
/Users/thiago/Documents/Thiago/CodeToAnalyze/retrofit/retrofit-adapters/rxjava2/src/test/java/retrofit2/adapter/rxjava2/MaybeThrowingTest.java,retrofit2.adapter.rxjava2.MaybeThrowingTest$Anonymous2,onError/1[java.lang.Throwable],false,118,0,0,0,0,2,2,6,0,0,1,2,0,0,0,0,0,0,0,0,0,0,1,0,0,0,5,1,0,false
/Users/thiago/Documents/Thiago/CodeToAnalyze/retrofit/retrofit-adapters/rxjava2/src/test/java/retrofit2/adapter/rxjava2/MaybeThrowingTest.java,retrofit2.adapter.rxjava2.MaybeThrowingTest$Anonymous1,onSuccess/1[java.lang.String],false,88,0,0,0,0,1,0,3,0,0,1,0,0,0,0,0,0,0,0,0,0,0,0,0,0,0,4,1,0,false
/Users/thiago/Documents/Thiago/CodeToAnalyze/retrofit/retrofit/java-test/src/test/java/retrofit2/RequestFactoryTest.java,retrofit2.RequestFactoryTest$121Example,"method/1[java.util.Map<java.lang.String,retrofit2.RequestBody>]",false,2422,6,0,0,0,1,0,3,1,0,1,0,0,0,0,0,0,0,2,0,0,0,0,0,0,0,6,0,0,false
/Users/thiago/Documents/Thiago/CodeToAnalyze/retrofit/retrofit/src/main/java16/retrofit2/DefaultMethodSupport.java,retrofit2.DefaultMethodSupport,DefaultMethodSupport/0,true,31,0,0,0,0,1,0,2,0,0,0,0,0,0,0,0,0,0,0,0,0,0,0,0,0,0,3,2,0,false
/Users/thiago/Documents/Thiago/CodeToAnalyze/retrofit/retrofit/src/main/java16/retrofit2/DefaultMethodSupport.java,retrofit2.DefaultMethodSupport,"invoke/4[java.lang.reflect.Method,java.lang.Class<?>,java.lang.Object,java.lang.Object[]]",false,27,1,2,2,0,1,1,3,1,0,4,1,0,0,0,0,0,0,0,0,0,0,0,0,0,0,5,8,0,false
/Users/thiago/Documents/Thiago/CodeToAnalyze/retrofit/retrofit-adapters/rxjava/src/test/java/retrofit2/adapter/rxjava/SingleThrowingTest.java,retrofit2.adapter.rxjava.SingleThrowingTest$Anonymous5,handleError/1[java.lang.Throwable],false,145,0,0,0,0,2,2,5,0,0,1,2,0,0,0,0,0,0,0,0,0,0,1,0,0,0,4,1,0,false
/Users/thiago/Documents/Thiago/CodeToAnalyze/retrofit/retrofit-adapters/rxjava/src/test/java/retrofit2/adapter/rxjava/SingleThrowingTest.java,retrofit2.adapter.rxjava.SingleThrowingTest$Anonymous6,onSuccess/1[retrofit2.Response<java.lang.String>],false,159,1,0,0,0,1,0,3,0,0,1,0,0,0,0,0,0,0,0,0,0,0,0,0,0,0,4,1,0,false
/Users/thiago/Documents/Thiago/CodeToAnalyze/retrofit/retrofit/src/main/java/retrofit2/SkipCallbackExecutorImpl.java,retrofit2.SkipCallbackExecutorImpl,ensurePresent/1[java.lang.annotation.Annotation[]],false,24,2,2,1,1,2,2,9,2,1,1,2,0,0,0,0,0,0,0,4,2,1,1,0,0,0,5,8,0,false
/Users/thiago/Documents/Thiago/CodeToAnalyze/retrofit/retrofit/src/main/java/retrofit2/SkipCallbackExecutorImpl.java,retrofit2.SkipCallbackExecutorImpl,toString/0,false,52,1,0,0,0,1,1,3,1,0,0,1,0,0,0,0,0,0,2,0,0,1,0,0,0,0,2,1,0,false
/Users/thiago/Documents/Thiago/CodeToAnalyze/retrofit/retrofit/src/main/java/retrofit2/SkipCallbackExecutorImpl.java,retrofit2.SkipCallbackExecutorImpl,annotationType/0,false,37,1,0,0,0,1,0,3,1,0,0,0,0,0,0,0,0,0,0,0,0,0,0,0,0,0,3,1,0,false
/Users/thiago/Documents/Thiago/CodeToAnalyze/retrofit/retrofit/src/main/java/retrofit2/SkipCallbackExecutorImpl.java,retrofit2.SkipCallbackExecutorImpl,hashCode/0,false,47,0,0,0,0,1,0,3,1,0,0,0,0,0,0,0,0,0,0,1,0,0,0,0,0,0,2,1,0,false
/Users/thiago/Documents/Thiago/CodeToAnalyze/retrofit/retrofit/src/main/java/retrofit2/SkipCallbackExecutorImpl.java,retrofit2.SkipCallbackExecutorImpl,equals/1[java.lang.Object],false,42,1,0,0,0,1,0,3,1,0,1,0,0,0,0,0,0,0,0,0,0,0,0,0,0,0,6,1,0,false
/Users/thiago/Documents/Thiago/CodeToAnalyze/retrofit/retrofit-adapters/rxjava/src/test/java/retrofit2/adapter/rxjava/SingleThrowingTest.java,retrofit2.adapter.rxjava.SingleThrowingTest$Anonymous3,handleError/1[java.lang.Throwable],false,109,0,0,0,0,2,2,5,0,0,1,2,0,0,0,0,0,0,0,0,0,0,1,0,0,0,4,1,0,false
/Users/thiago/Documents/Thiago/CodeToAnalyze/retrofit/retrofit-adapters/rxjava/src/test/java/retrofit2/adapter/rxjava/SingleThrowingTest.java,retrofit2.adapter.rxjava.SingleThrowingTest$Anonymous4,onError/1[java.lang.Throwable],false,124,0,0,0,0,2,2,6,0,0,1,2,0,0,0,0,0,0,0,0,0,0,1,0,0,0,5,1,0,false
/Users/thiago/Documents/Thiago/CodeToAnalyze/retrofit/retrofit-adapters/rxjava/src/test/java/retrofit2/adapter/rxjava/SingleThrowingTest.java,retrofit2.adapter.rxjava.SingleThrowingTest$Anonymous1,handleError/1[java.lang.Throwable],false,78,0,0,0,0,2,2,5,0,0,1,2,0,0,0,0,0,0,0,0,0,0,1,0,0,0,4,1,0,false
/Users/thiago/Documents/Thiago/CodeToAnalyze/retrofit/retrofit-adapters/rxjava/src/test/java/retrofit2/adapter/rxjava/SingleThrowingTest.java,retrofit2.adapter.rxjava.SingleThrowingTest$Anonymous2,onSuccess/1[java.lang.String],false,92,0,0,0,0,1,0,3,0,0,1,0,0,0,0,0,0,0,0,0,0,0,0,0,0,0,4,1,0,false
/Users/thiago/Documents/Thiago/CodeToAnalyze/retrofit/retrofit-adapters/rxjava2/src/test/java/retrofit2/adapter/rxjava2/MaybeThrowingTest.java,retrofit2.adapter.rxjava2.MaybeThrowingTest$Anonymous6,onError/1[java.lang.Throwable],false,249,0,0,0,0,1,0,3,0,0,1,0,0,0,0,0,0,0,0,0,0,0,0,0,0,0,5,1,0,false
/Users/thiago/Documents/Thiago/CodeToAnalyze/retrofit/retrofit-adapters/rxjava2/src/test/java/retrofit2/adapter/rxjava2/MaybeThrowingTest.java,retrofit2.adapter.rxjava2.MaybeThrowingTest$Anonymous6,onSuccess/1[retrofit2.adapter.rxjava2.Result<java.lang.String>],false,243,1,0,0,0,1,0,3,0,0,1,0,0,0,0,0,0,0,0,0,0,0,0,0,0,0,4,1,0,false
/Users/thiago/Documents/Thiago/CodeToAnalyze/retrofit/retrofit-adapters/rxjava2/src/test/java/retrofit2/adapter/rxjava2/MaybeThrowingTest.java,retrofit2.adapter.rxjava2.MaybeThrowingTest$Anonymous5,onSuccess/1[retrofit2.adapter.rxjava2.Result<java.lang.String>],false,212,1,0,0,0,1,0,3,0,0,1,0,0,0,0,0,0,0,0,0,0,0,0,0,0,0,4,1,0,false
/Users/thiago/Documents/Thiago/CodeToAnalyze/retrofit/retrofit-adapters/rxjava2/src/test/java/retrofit2/adapter/rxjava2/MaybeWithSchedulerTest.java,retrofit2.adapter.rxjava2.MaybeWithSchedulerTest,responseUsesScheduler/0,false,71,5,4,0,4,1,7,8,0,1,0,7,0,0,0,0,0,0,0,0,1,0,0,0,0,0,6,1,0,false
/Users/thiago/Documents/Thiago/CodeToAnalyze/retrofit/retrofit-adapters/rxjava2/src/test/java/retrofit2/adapter/rxjava2/MaybeWithSchedulerTest.java,retrofit2.adapter.rxjava2.MaybeWithSchedulerTest,setUp/0,false,48,6,5,0,5,1,7,4,0,1,0,7,0,0,0,0,0,0,1,0,2,0,0,0,0,0,9,1,0,false
/Users/thiago/Documents/Thiago/CodeToAnalyze/retrofit/retrofit-adapters/rxjava2/src/test/java/retrofit2/adapter/rxjava2/MaybeWithSchedulerTest.java,retrofit2.adapter.rxjava2.MaybeWithSchedulerTest,resultUsesScheduler/0,false,83,5,4,0,4,1,7,8,0,1,0,7,0,0,0,0,0,0,0,0,1,0,0,0,0,0,6,1,0,false
/Users/thiago/Documents/Thiago/CodeToAnalyze/retrofit/retrofit-adapters/rxjava2/src/test/java/retrofit2/adapter/rxjava2/MaybeWithSchedulerTest.java,retrofit2.adapter.rxjava2.MaybeWithSchedulerTest,bodyUsesScheduler/0,false,59,5,4,0,4,1,7,8,0,1,0,7,0,0,0,0,0,0,0,0,1,0,0,0,0,0,6,1,0,false
/Users/thiago/Documents/Thiago/CodeToAnalyze/retrofit/retrofit-adapters/guava/src/test/java/retrofit2/adapter/guava/ListenableFutureTest.java,retrofit2.adapter.guava.ListenableFutureTest$Service,body/0,false,38,2,3,3,0,1,0,1,0,0,0,0,0,0,0,0,0,0,1,0,0,0,0,0,0,0,1,0,0,false
/Users/thiago/Documents/Thiago/CodeToAnalyze/retrofit/retrofit-adapters/guava/src/test/java/retrofit2/adapter/guava/ListenableFutureTest.java,retrofit2.adapter.guava.ListenableFutureTest$Service,response/0,false,41,3,3,3,0,1,0,1,0,0,0,0,0,0,0,0,0,0,1,0,0,0,0,0,0,0,1,0,0,false
/Users/thiago/Documents/Thiago/CodeToAnalyze/retrofit/retrofit-converters/java8/src/main/java/retrofit/converter/java8/OptionalConverter.java,retrofit.converter.java8.OptionalConverter,"OptionalConverter/1[retrofit2.Converter<retrofit.converter.java8.ResponseBody,T>]",true,26,3,0,0,0,1,0,3,0,0,1,0,0,0,0,0,0,0,0,0,1,0,0,0,0,0,3,0,0,false
/Users/thiago/Documents/Thiago/CodeToAnalyze/retrofit/retrofit-converters/java8/src/main/java/retrofit/converter/java8/OptionalConverter.java,retrofit.converter.java8.OptionalConverter,convert/1[retrofit.converter.java8.ResponseBody],false,31,2,0,0,0,1,2,3,1,0,1,2,0,0,0,0,0,0,0,0,0,0,0,0,0,0,7,1,0,false
/Users/thiago/Documents/Thiago/CodeToAnalyze/retrofit/retrofit/java-test/src/test/java/retrofit2/RequestFactoryTest.java,retrofit2.RequestFactoryTest$154Example,"method/2[java.lang.String,retrofit2.RequestBody]",false,3076,7,0,0,0,1,0,3,1,0,2,0,0,0,0,0,0,0,4,0,0,0,0,0,0,0,9,0,0,false
/Users/thiago/Documents/Thiago/CodeToAnalyze/retrofit/retrofit-mock/src/main/java/retrofit2/mock/BehaviorCall.java,retrofit2.mock.BehaviorCall$Anonymous1$Anonymous2,"onResponse/2[retrofit2.Call<T>,retrofit2.Response<T>]",false,109,5,14,0,14,2,2,5,0,0,2,2,0,0,0,0,0,0,0,0,0,0,1,0,0,0,5,1,0,false
/Users/thiago/Documents/Thiago/CodeToAnalyze/retrofit/retrofit-mock/src/main/java/retrofit2/mock/BehaviorCall.java,retrofit2.mock.BehaviorCall$Anonymous1$Anonymous2,"onFailure/2[retrofit2.Call<T>,java.lang.Throwable]",false,116,4,5,0,5,2,2,5,0,0,2,2,0,0,0,0,0,0,0,0,0,0,1,0,0,0,5,1,0,false
/Users/thiago/Documents/Thiago/CodeToAnalyze/retrofit/retrofit/java-test/src/test/java/retrofit2/RequestFactoryTest.java,retrofit2.RequestFactoryTest$165Example,queryPath/1[java.lang.Object],false,3277,5,0,0,0,1,0,3,1,0,1,0,0,0,0,0,0,0,2,0,0,0,0,0,0,0,5,0,0,false
/Users/thiago/Documents/Thiago/CodeToAnalyze/retrofit/retrofit/src/main/java14/retrofit2/DefaultMethodSupport.java,DefaultMethodSupport,"invoke/4[Method,Class<?>,Object,Object[]]",false,31,3,0,0,0,1,4,3,1,0,4,4,0,0,0,0,0,0,0,0,0,0,0,0,0,0,6,8,0,false
/Users/thiago/Documents/Thiago/CodeToAnalyze/retrofit/retrofit/src/main/java14/retrofit2/DefaultMethodSupport.java,DefaultMethodSupport,DefaultMethodSupport/0,true,38,0,0,0,0,1,0,2,0,0,0,0,0,0,0,0,0,0,0,0,0,0,0,0,0,0,3,2,0,false
/Users/thiago/Documents/Thiago/CodeToAnalyze/retrofit/retrofit/java-test/src/test/java/retrofit2/RetrofitTest.java,retrofit2.RetrofitTest$UnresolvableResponseType,wildcard/0,false,127,2,1,1,0,1,0,1,0,0,0,0,0,0,0,0,0,0,1,0,0,0,0,0,0,0,1,0,0,false
/Users/thiago/Documents/Thiago/CodeToAnalyze/retrofit/retrofit/java-test/src/test/java/retrofit2/RetrofitTest.java,retrofit2.RetrofitTest$UnresolvableResponseType,typeVariableUpperBound/0,false,121,3,1,1,0,1,0,1,0,0,0,0,0,0,0,0,0,0,1,0,0,0,0,0,0,0,6,0,0,false
/Users/thiago/Documents/Thiago/CodeToAnalyze/retrofit/retrofit/java-test/src/test/java/retrofit2/RetrofitTest.java,retrofit2.RetrofitTest$UnresolvableResponseType,crazy/0,false,124,3,1,1,0,1,0,1,0,0,0,0,0,0,0,0,0,0,1,0,0,0,0,0,0,0,1,0,0,false
/Users/thiago/Documents/Thiago/CodeToAnalyze/retrofit/retrofit/java-test/src/test/java/retrofit2/RetrofitTest.java,retrofit2.RetrofitTest$UnresolvableResponseType,wildcardUpperBound/0,false,130,2,1,1,0,1,0,1,0,0,0,0,0,0,0,0,0,0,1,0,0,0,0,0,0,0,5,0,0,false
/Users/thiago/Documents/Thiago/CodeToAnalyze/retrofit/retrofit/java-test/src/test/java/retrofit2/RetrofitTest.java,retrofit2.RetrofitTest$UnresolvableResponseType,typeVariable/0,false,118,3,1,1,0,1,0,1,0,0,0,0,0,0,0,0,0,0,1,0,0,0,0,0,0,0,2,0,0,false
/Users/thiago/Documents/Thiago/CodeToAnalyze/retrofit/retrofit-adapters/rxjava3/src/test/java/retrofit2/adapter/rxjava3/MaybeThrowingTest.java,retrofit2.adapter.rxjava3.MaybeThrowingTest$Service,response/0,false,48,3,2,2,0,1,0,1,0,0,0,0,0,0,0,0,0,0,1,0,0,0,0,0,0,0,1,0,0,false
/Users/thiago/Documents/Thiago/CodeToAnalyze/retrofit/retrofit-adapters/rxjava3/src/test/java/retrofit2/adapter/rxjava3/MaybeThrowingTest.java,retrofit2.adapter.rxjava3.MaybeThrowingTest$Service,result/0,false,51,3,2,2,0,1,0,1,0,0,0,0,0,0,0,0,0,0,1,0,0,0,0,0,0,0,1,0,0,false
/Users/thiago/Documents/Thiago/CodeToAnalyze/retrofit/retrofit-adapters/rxjava3/src/test/java/retrofit2/adapter/rxjava3/MaybeThrowingTest.java,retrofit2.adapter.rxjava3.MaybeThrowingTest$Service,body/0,false,45,2,2,2,0,1,0,1,0,0,0,0,0,0,0,0,0,0,1,0,0,0,0,0,0,0,1,0,0,false
/Users/thiago/Documents/Thiago/CodeToAnalyze/retrofit/retrofit/kotlin-test/src/test/java/retrofit2/KotlinUnitTest.java,retrofit2.KotlinUnitTest$Service,head/0,false,36,3,1,1,0,1,0,1,0,0,0,0,0,0,0,0,0,0,1,0,0,0,0,0,0,0,1,0,0,false
/Users/thiago/Documents/Thiago/CodeToAnalyze/retrofit/retrofit/kotlin-test/src/test/java/retrofit2/KotlinUnitTest.java,retrofit2.KotlinUnitTest$Service,empty/0,false,33,3,1,1,0,1,0,1,0,0,0,0,0,0,0,0,0,0,1,0,0,0,0,0,0,0,1,0,0,false
/Users/thiago/Documents/Thiago/CodeToAnalyze/retrofit/retrofit-adapters/rxjava2/src/test/java/retrofit2/adapter/rxjava2/CancelDisposeTestSync.java,retrofit2.adapter.rxjava2.CancelDisposeTestSync,disposeBeforeExecuteDoesNotEnqueue/0,false,54,2,1,0,1,1,4,4,0,0,0,4,0,0,0,0,0,0,1,1,0,0,0,0,0,0,9,1,0,false
/Users/thiago/Documents/Thiago/CodeToAnalyze/retrofit/retrofit-adapters/rxjava2/src/test/java/retrofit2/adapter/rxjava2/CancelDisposeTestSync.java,retrofit2.adapter.rxjava2.CancelDisposeTestSync,setUp/0,false,41,6,5,0,5,1,8,4,0,1,0,8,0,0,0,0,0,0,1,0,2,0,0,0,0,0,9,1,0,false
/Users/thiago/Documents/Thiago/CodeToAnalyze/retrofit/retrofit/src/main/java/retrofit2/Utils.java,retrofit2.Utils$GenericArrayTypeImpl,getGenericComponentType/0,false,456,0,0,0,0,1,0,3,1,0,0,0,0,0,0,0,0,0,0,0,0,0,0,0,0,0,5,1,0,false
/Users/thiago/Documents/Thiago/CodeToAnalyze/retrofit/retrofit/src/main/java/retrofit2/Utils.java,retrofit2.Utils$GenericArrayTypeImpl,hashCode/0,false,466,0,0,0,0,1,1,3,1,0,0,1,0,0,0,0,0,0,0,0,0,0,0,0,0,0,2,1,0,false
/Users/thiago/Documents/Thiago/CodeToAnalyze/retrofit/retrofit/src/main/java/retrofit2/Utils.java,retrofit2.Utils$GenericArrayTypeImpl,toString/0,false,471,1,1,0,1,1,1,3,1,0,0,1,0,0,0,0,0,0,1,0,0,1,0,0,0,0,6,1,0,false
/Users/thiago/Documents/Thiago/CodeToAnalyze/retrofit/retrofit/src/main/java/retrofit2/Utils.java,retrofit2.Utils$GenericArrayTypeImpl,GenericArrayTypeImpl/1[java.lang.reflect.Type],true,451,0,1,1,0,1,0,3,0,0,1,0,0,0,0,0,0,0,0,0,1,0,0,0,0,0,5,0,0,false
/Users/thiago/Documents/Thiago/CodeToAnalyze/retrofit/retrofit/src/main/java/retrofit2/Utils.java,retrofit2.Utils$GenericArrayTypeImpl,equals/1[java.lang.Object],false,461,1,1,0,1,1,1,3,1,0,1,1,0,0,0,0,0,0,0,0,0,0,0,0,0,0,6,1,0,false
/Users/thiago/Documents/Thiago/CodeToAnalyze/retrofit/retrofit-adapters/rxjava/src/test/java/retrofit2/adapter/rxjava/CompletableThrowingTest.java,retrofit2.adapter.rxjava.CompletableThrowingTest$ForwardingCompletableObserver,onCompleted/0,false,135,1,1,0,1,1,1,3,0,0,0,1,0,0,0,0,0,0,0,0,0,0,0,0,0,0,2,1,0,false
/Users/thiago/Documents/Thiago/CodeToAnalyze/retrofit/retrofit-adapters/rxjava/src/test/java/retrofit2/adapter/rxjava/CompletableThrowingTest.java,retrofit2.adapter.rxjava.CompletableThrowingTest$ForwardingCompletableObserver,onSubscribe/1[retrofit2.adapter.rxjava.Subscription],false,132,1,0,0,0,1,0,2,0,0,1,0,0,0,0,0,0,0,0,0,0,0,0,0,0,0,4,1,0,false
/Users/thiago/Documents/Thiago/CodeToAnalyze/retrofit/retrofit-adapters/rxjava/src/test/java/retrofit2/adapter/rxjava/CompletableThrowingTest.java,retrofit2.adapter.rxjava.CompletableThrowingTest$ForwardingCompletableObserver,ForwardingCompletableObserver/1[retrofit2.adapter.rxjava.RecordingSubscriber<java.lang.Void>],true,127,1,0,0,0,1,0,3,0,0,1,0,0,0,0,0,0,0,0,0,1,0,0,0,0,0,4,0,0,false
/Users/thiago/Documents/Thiago/CodeToAnalyze/retrofit/retrofit-adapters/rxjava/src/test/java/retrofit2/adapter/rxjava/CompletableThrowingTest.java,retrofit2.adapter.rxjava.CompletableThrowingTest$ForwardingCompletableObserver,onError/1[java.lang.Throwable],false,140,1,1,0,1,1,1,3,0,0,1,1,0,0,0,0,0,0,0,0,0,0,0,0,0,0,4,1,0,false
/Users/thiago/Documents/Thiago/CodeToAnalyze/retrofit/retrofit-converters/scalars/src/test/java/retrofit2/converter/scalars/ScalarsConverterPrimitivesFactoryTest.java,retrofit2.converter.scalars.ScalarsConverterPrimitivesFactoryTest$DirectCallAdapterFactory,"get/3[java.lang.reflect.Type,java.lang.annotation.Annotation[],retrofit2.Retrofit]",false,70,3,1,0,1,1,0,16,1,0,3,0,0,0,0,0,0,0,0,0,0,0,0,1,0,0,14,1,0,false
/Users/thiago/Documents/Thiago/CodeToAnalyze/retrofit/retrofit-converters/wire/src/test/java/retrofit2/converter/wire/CrashingPhone.java,retrofit2.converter.wire.CrashingPhone,CrashingPhone/1[java.lang.String],true,26,0,1,1,0,1,0,3,0,0,1,0,0,0,0,0,0,0,0,0,0,0,0,0,0,0,3,1,0,false
/Users/thiago/Documents/Thiago/CodeToAnalyze/retrofit/retrofit-converters/wire/src/test/java/retrofit2/converter/wire/CrashingPhone.java,retrofit2.converter.wire.CrashingPhone,toString/0,false,63,0,0,0,0,2,4,5,1,1,0,4,0,0,0,1,0,0,2,2,1,0,1,0,0,0,6,1,0,false
/Users/thiago/Documents/Thiago/CodeToAnalyze/retrofit/retrofit-converters/wire/src/test/java/retrofit2/converter/wire/CrashingPhone.java,retrofit2.converter.wire.CrashingPhone,newBuilder/0,false,36,1,2,1,1,1,2,6,1,1,0,2,0,0,0,0,0,0,0,0,2,0,0,0,0,0,6,1,0,false
/Users/thiago/Documents/Thiago/CodeToAnalyze/retrofit/retrofit-converters/wire/src/test/java/retrofit2/converter/wire/CrashingPhone.java,retrofit2.converter.wire.CrashingPhone,hashCode/0,false,52,0,0,0,0,3,3,9,1,1,0,3,0,0,0,2,0,1,0,3,4,2,1,0,0,0,7,1,0,false
/Users/thiago/Documents/Thiago/CodeToAnalyze/retrofit/retrofit-converters/wire/src/test/java/retrofit2/converter/wire/CrashingPhone.java,retrofit2.converter.wire.CrashingPhone,equals/1[java.lang.Object],false,44,1,0,0,0,3,2,6,3,1,1,2,0,0,0,1,0,1,0,0,1,0,1,0,0,0,10,1,0,false
/Users/thiago/Documents/Thiago/CodeToAnalyze/retrofit/retrofit-converters/wire/src/test/java/retrofit2/converter/wire/CrashingPhone.java,retrofit2.converter.wire.CrashingPhone,"CrashingPhone/2[java.lang.String,retrofit2.converter.wire.ByteString]",true,30,1,1,1,0,1,0,4,0,0,2,0,0,0,0,0,0,0,0,0,1,0,0,0,0,0,5,1,0,false
/Users/thiago/Documents/Thiago/CodeToAnalyze/retrofit/retrofit-converters/moshi/src/test/java/retrofit2/converter/moshi/MoshiConverterFactoryTest.java,retrofit2.converter.moshi.MoshiConverterFactoryTest$ErroringValue,ErroringValue/1[java.lang.String],true,85,0,2,2,0,1,0,3,0,0,1,0,0,0,0,0,0,0,0,0,1,0,0,0,0,0,4,0,0,false
/Users/thiago/Documents/Thiago/CodeToAnalyze/retrofit/retrofit-adapters/rxjava2/src/main/java/retrofit2/adapter/rxjava2/ResultObservable.java,retrofit2.adapter.rxjava2.ResultObservable$ResultObserver,onSubscribe/1[retrofit2.adapter.rxjava2.Disposable],false,46,1,0,0,0,1,1,3,0,0,1,1,0,0,0,0,0,0,0,0,0,0,0,0,0,0,4,1,0,false
/Users/thiago/Documents/Thiago/CodeToAnalyze/retrofit/retrofit-adapters/rxjava2/src/main/java/retrofit2/adapter/rxjava2/ResultObservable.java,retrofit2.adapter.rxjava2.ResultObservable$ResultObserver,onError/1[java.lang.Throwable],false,56,2,1,0,1,3,5,16,1,0,1,5,0,0,0,0,2,0,0,0,0,0,2,0,0,0,8,1,1,false
/Users/thiago/Documents/Thiago/CodeToAnalyze/retrofit/retrofit-adapters/rxjava2/src/main/java/retrofit2/adapter/rxjava2/ResultObservable.java,retrofit2.adapter.rxjava2.ResultObservable$ResultObserver,onComplete/0,false,72,0,0,0,0,1,1,3,0,0,0,1,0,0,0,0,0,0,0,0,0,0,0,0,0,0,2,1,0,false
/Users/thiago/Documents/Thiago/CodeToAnalyze/retrofit/retrofit-adapters/rxjava2/src/main/java/retrofit2/adapter/rxjava2/ResultObservable.java,retrofit2.adapter.rxjava2.ResultObservable$ResultObserver,onNext/1[retrofit2.Response<R>],false,51,3,1,0,1,1,2,3,0,0,1,2,0,0,0,0,0,0,0,0,0,0,0,0,0,0,3,1,0,false
/Users/thiago/Documents/Thiago/CodeToAnalyze/retrofit/retrofit-adapters/rxjava2/src/main/java/retrofit2/adapter/rxjava2/ResultObservable.java,retrofit2.adapter.rxjava2.ResultObservable$ResultObserver,ResultObserver/1[retrofit2.adapter.rxjava2.Observer<? super retrofit2.adapter.rxjava2.Result<R>>],true,41,3,0,0,0,1,0,3,0,0,1,0,0,0,0,0,0,0,0,0,1,0,0,0,0,0,3,0,0,false
/Users/thiago/Documents/Thiago/CodeToAnalyze/retrofit/retrofit-adapters/guava/src/main/java/retrofit2/adapter/guava/GuavaCallAdapterFactory.java,retrofit2.adapter.guava.GuavaCallAdapterFactory$ResponseCallAdapter$Anonymous2,"onResponse/2[retrofit2.Call<R>,retrofit2.Response<R>]",false,145,4,7,0,7,1,1,3,0,0,2,1,0,0,0,0,0,0,0,0,0,0,0,0,0,0,3,1,0,false
/Users/thiago/Documents/Thiago/CodeToAnalyze/retrofit/retrofit-adapters/guava/src/main/java/retrofit2/adapter/guava/GuavaCallAdapterFactory.java,retrofit2.adapter.guava.GuavaCallAdapterFactory$ResponseCallAdapter$Anonymous2,"onFailure/2[retrofit2.Call<R>,java.lang.Throwable]",false,150,3,2,0,2,1,1,3,0,0,2,1,0,0,0,0,0,0,0,0,0,0,0,0,0,0,3,1,0,false
/Users/thiago/Documents/Thiago/CodeToAnalyze/retrofit/retrofit-converters/scalars/src/main/java/retrofit2/converter/scalars/ScalarsConverterFactory.java,retrofit2.converter.scalars.ScalarsConverterFactory,ScalarsConverterFactory/0,true,44,0,1,1,0,1,0,2,0,0,0,0,0,0,0,0,0,0,0,0,0,0,0,0,0,0,3,2,0,false
/Users/thiago/Documents/Thiago/CodeToAnalyze/retrofit/retrofit-converters/scalars/src/main/java/retrofit2/converter/scalars/ScalarsConverterFactory.java,retrofit2.converter.scalars.ScalarsConverterFactory,"responseBodyConverter/3[java.lang.reflect.Type,java.lang.annotation.Annotation[],retrofit2.Retrofit]",false,76,13,0,0,0,18,0,30,10,0,3,0,0,0,0,17,0,0,0,0,0,0,1,0,0,0,7,1,0,false
/Users/thiago/Documents/Thiago/CodeToAnalyze/retrofit/retrofit-converters/scalars/src/main/java/retrofit2/converter/scalars/ScalarsConverterFactory.java,retrofit2.converter.scalars.ScalarsConverterFactory,create/0,false,40,1,3,2,1,1,0,3,1,0,0,0,0,0,0,0,0,0,0,0,0,0,0,0,0,0,4,9,0,false
/Users/thiago/Documents/Thiago/CodeToAnalyze/retrofit/retrofit-converters/scalars/src/main/java/retrofit2/converter/scalars/ScalarsConverterFactory.java,retrofit2.converter.scalars.ScalarsConverterFactory,"requestBodyConverter/4[java.lang.reflect.Type,java.lang.annotation.Annotation[],java.lang.annotation.Annotation[],retrofit2.Retrofit]",false,51,5,0,0,0,18,0,6,2,0,4,0,0,0,0,17,0,0,0,0,0,0,1,0,0,0,7,1,0,false
/Users/thiago/Documents/Thiago/CodeToAnalyze/retrofit/retrofit-adapters/rxjava3/src/test/java/retrofit2/adapter/rxjava3/RxJavaPluginsResetRule.java,retrofit2.adapter.rxjava3.RxJavaPluginsResetRule$Anonymous1,evaluate/0,false,28,0,11,0,11,1,2,9,0,0,0,2,0,0,0,0,1,0,0,0,0,0,1,0,0,0,2,1,0,false
/Users/thiago/Documents/Thiago/CodeToAnalyze/retrofit/retrofit-adapters/rxjava/src/test/java/retrofit2/adapter/rxjava/ObservableThrowingTest.java,retrofit2.adapter.rxjava.ObservableThrowingTest$Anonymous1,onNext/1[java.lang.String],false,77,0,0,0,0,1,0,3,0,0,1,0,0,0,0,0,0,0,0,0,0,0,0,0,0,0,4,1,0,false
/Users/thiago/Documents/Thiago/CodeToAnalyze/retrofit/retrofit/src/main/java/retrofit2/Converter.java,retrofit2.Converter$Factory,getRawType/1[java.lang.reflect.Type],false,95,1,5,4,1,1,1,3,1,0,1,1,0,0,0,0,0,0,0,0,0,0,0,0,0,0,12,12,0,true
/Users/thiago/Documents/Thiago/CodeToAnalyze/retrofit/retrofit/src/main/java/retrofit2/Converter.java,retrofit2.Converter$Factory,"stringConverter/3[java.lang.reflect.Type,java.lang.annotation.Annotation[],retrofit2.Retrofit]",false,79,3,1,1,0,1,0,3,1,0,3,0,0,0,0,0,0,0,0,0,0,0,0,0,0,0,27,1,0,true
/Users/thiago/Documents/Thiago/CodeToAnalyze/retrofit/retrofit/src/main/java/retrofit2/Converter.java,retrofit2.Converter$Factory,"responseBodyConverter/3[java.lang.reflect.Type,java.lang.annotation.Annotation[],retrofit2.Retrofit]",false,54,4,3,3,0,1,0,3,1,0,3,0,0,0,0,0,0,0,0,0,0,0,0,0,0,0,33,1,0,true
/Users/thiago/Documents/Thiago/CodeToAnalyze/retrofit/retrofit/src/main/java/retrofit2/Converter.java,retrofit2.Converter$Factory,"requestBodyConverter/4[java.lang.reflect.Type,java.lang.annotation.Annotation[],java.lang.annotation.Annotation[],retrofit2.Retrofit]",false,67,4,4,4,0,1,0,3,1,0,4,0,0,0,0,0,0,0,0,0,0,0,0,0,0,0,29,1,0,true
/Users/thiago/Documents/Thiago/CodeToAnalyze/retrofit/retrofit/src/main/java/retrofit2/Converter.java,retrofit2.Converter$Factory,"getParameterUpperBound/2[int,java.lang.reflect.ParameterizedType]",false,87,1,4,3,1,1,1,3,1,0,2,1,0,0,0,0,0,0,0,0,0,0,0,0,0,0,19,12,0,true
/Users/thiago/Documents/Thiago/CodeToAnalyze/retrofit/retrofit/src/main/java/retrofit2/ParameterHandler.java,retrofit2.ParameterHandler$Body,"apply/2[retrofit2.RequestBuilder,T]",false,432,5,3,0,3,3,4,13,0,1,2,4,0,0,0,1,1,0,3,0,1,1,1,0,0,0,18,0,0,false
/Users/thiago/Documents/Thiago/CodeToAnalyze/retrofit/retrofit/src/main/java/retrofit2/ParameterHandler.java,retrofit2.ParameterHandler$Body,"Body/3[java.lang.reflect.Method,int,retrofit2.Converter<T,retrofit2.RequestBody>]",true,425,3,0,0,0,1,0,5,0,0,3,0,0,0,0,0,0,0,0,0,3,0,0,0,0,0,5,0,0,false
/Users/thiago/Documents/Thiago/CodeToAnalyze/retrofit/retrofit-adapters/guava/src/test/java/retrofit2/adapter/guava/GuavaCallAdapterFactoryTest.java,retrofit2.adapter.guava.GuavaCallAdapterFactoryTest,rawTypeThrows/0,false,86,3,1,0,1,2,6,12,0,1,0,6,0,0,0,0,1,0,1,0,1,0,1,1,0,0,18,1,0,false
/Users/thiago/Documents/Thiago/CodeToAnalyze/retrofit/retrofit-adapters/guava/src/test/java/retrofit2/adapter/guava/GuavaCallAdapterFactoryTest.java,retrofit2.adapter.guava.GuavaCallAdapterFactoryTest,rawResponseTypeThrows/0,false,100,4,1,0,1,2,6,12,0,1,0,6,0,0,0,0,1,0,1,0,1,0,1,1,0,0,18,1,0,false
/Users/thiago/Documents/Thiago/CodeToAnalyze/retrofit/retrofit-adapters/guava/src/test/java/retrofit2/adapter/guava/GuavaCallAdapterFactoryTest.java,retrofit2.adapter.guava.GuavaCallAdapterFactoryTest,nonListenableFutureReturnsNull/0,false,80,3,1,0,1,1,3,4,0,1,0,3,0,0,0,0,0,0,0,0,1,0,0,0,0,0,8,1,0,false
/Users/thiago/Documents/Thiago/CodeToAnalyze/retrofit/retrofit-adapters/guava/src/test/java/retrofit2/adapter/guava/GuavaCallAdapterFactoryTest.java,retrofit2.adapter.guava.GuavaCallAdapterFactoryTest,setUp/0,false,43,3,3,0,3,1,5,3,0,0,0,5,0,0,0,0,0,0,1,0,1,0,0,0,0,0,7,1,0,false
/Users/thiago/Documents/Thiago/CodeToAnalyze/retrofit/retrofit-adapters/guava/src/test/java/retrofit2/adapter/guava/GuavaCallAdapterFactoryTest.java,retrofit2.adapter.guava.GuavaCallAdapterFactoryTest,responseType/0,false,53,6,2,0,2,1,5,32,0,7,0,5,0,0,0,0,0,0,0,0,7,0,0,8,0,0,9,1,0,false
/Users/thiago/Documents/Thiago/CodeToAnalyze/retrofit/retrofit/src/main/java/retrofit2/ParameterHandler.java,retrofit2.ParameterHandler$Field,"Field/3[java.lang.String,retrofit2.Converter<T,java.lang.String>,boolean]",true,271,2,0,0,0,1,1,5,0,0,3,1,0,0,0,0,0,0,1,0,3,0,0,0,0,0,4,0,0,false
/Users/thiago/Documents/Thiago/CodeToAnalyze/retrofit/retrofit/src/main/java/retrofit2/ParameterHandler.java,retrofit2.ParameterHandler$Field,"apply/2[retrofit2.RequestBuilder,T]",false,278,4,2,0,2,3,2,6,2,1,2,2,0,0,0,2,0,0,0,0,1,0,1,0,0,0,11,0,0,false
/Users/thiago/Documents/Thiago/CodeToAnalyze/retrofit/samples/src/main/java/com/example/retrofit/AnnotatedConverters.java,com.example.retrofit.AnnotatedConverters$AnnotatedConverterFactory$Builder,"add/2[java.lang.Class<? extends java.lang.annotation.Annotation>,retrofit2.Converter.Factory]",false,51,2,1,1,0,3,1,10,1,0,2,1,0,0,0,2,0,0,2,0,0,0,1,0,0,0,9,1,0,false
/Users/thiago/Documents/Thiago/CodeToAnalyze/retrofit/samples/src/main/java/com/example/retrofit/AnnotatedConverters.java,com.example.retrofit.AnnotatedConverters$AnnotatedConverterFactory$Builder,build/0,false,62,1,2,1,1,1,0,3,1,0,0,0,0,0,0,0,0,0,0,0,0,0,0,0,0,0,5,1,0,false
/Users/thiago/Documents/Thiago/CodeToAnalyze/retrofit/retrofit/java-test/src/test/java/retrofit2/RetrofitTest.java,retrofit2.RetrofitTest$1MyConverterFactory,"responseBodyConverter/3[java.lang.reflect.Type,java.lang.annotation.Annotation[],retrofit2.Retrofit]",false,504,4,4,0,4,1,2,4,1,0,3,2,0,0,0,0,0,0,0,0,0,0,0,0,0,0,9,1,0,false
/Users/thiago/Documents/Thiago/CodeToAnalyze/retrofit/retrofit-adapters/java8/src/main/java/retrofit2/adapter/java8/Java8CallAdapterFactory.java,retrofit2.adapter.java8.Java8CallAdapterFactory$ResponseCallAdapter$Anonymous3,cancel/1[boolean],false,151,1,1,0,1,2,2,6,1,0,1,2,0,0,0,0,0,0,0,0,0,0,1,0,0,0,5,1,0,false
/Users/thiago/Documents/Thiago/CodeToAnalyze/retrofit/retrofit-mock/src/test/java/retrofit2/mock/MockRetrofitTest.java,retrofit2.mock.MockRetrofitTest,retrofitNullThrows/0,false,17,2,1,0,1,2,4,9,0,0,0,4,0,0,0,0,1,0,1,0,0,0,1,0,0,0,10,1,0,false
/Users/thiago/Documents/Thiago/CodeToAnalyze/retrofit/retrofit-mock/src/test/java/retrofit2/mock/MockRetrofitTest.java,retrofit2.mock.MockRetrofitTest,backgroundExecutorNullThrows/0,false,57,2,2,0,2,2,5,10,0,1,0,5,0,0,0,0,1,0,1,0,1,0,1,0,0,0,13,1,0,false
/Users/thiago/Documents/Thiago/CodeToAnalyze/retrofit/retrofit-mock/src/test/java/retrofit2/mock/MockRetrofitTest.java,retrofit2.mock.MockRetrofitTest,backgroundExecutorPropagated/0,false,74,3,4,0,4,1,5,4,0,1,0,5,0,0,0,0,0,0,0,0,1,0,0,0,0,0,10,1,0,false
/Users/thiago/Documents/Thiago/CodeToAnalyze/retrofit/retrofit-mock/src/test/java/retrofit2/mock/MockRetrofitTest.java,retrofit2.mock.MockRetrofitTest,networkBehaviorDefault/0,false,44,3,3,0,3,1,4,4,0,1,0,4,0,0,0,0,0,0,0,0,1,0,0,0,0,0,9,1,0,false
/Users/thiago/Documents/Thiago/CodeToAnalyze/retrofit/retrofit-mock/src/test/java/retrofit2/mock/MockRetrofitTest.java,retrofit2.mock.MockRetrofitTest,backgroundExecutorDefault/0,false,68,3,3,0,3,1,4,4,0,1,0,4,0,0,0,0,0,0,0,0,1,0,0,0,0,0,9,1,0,false
/Users/thiago/Documents/Thiago/CodeToAnalyze/retrofit/retrofit-mock/src/test/java/retrofit2/mock/MockRetrofitTest.java,retrofit2.mock.MockRetrofitTest,networkBehaviorNullThrows/0,false,33,2,2,0,2,2,5,10,0,1,0,5,0,0,0,0,1,0,1,0,1,0,1,0,0,0,13,1,0,false
/Users/thiago/Documents/Thiago/CodeToAnalyze/retrofit/retrofit-mock/src/test/java/retrofit2/mock/MockRetrofitTest.java,retrofit2.mock.MockRetrofitTest,networkBehaviorPropagated/0,false,50,3,4,0,4,1,5,4,0,1,0,5,0,0,0,0,0,0,0,0,1,0,0,0,0,0,10,1,0,false
/Users/thiago/Documents/Thiago/CodeToAnalyze/retrofit/retrofit-mock/src/test/java/retrofit2/mock/MockRetrofitTest.java,retrofit2.mock.MockRetrofitTest,retrofitPropagated/0,false,27,3,3,0,3,1,4,4,0,1,0,4,0,0,0,0,0,0,0,0,1,0,0,0,0,0,7,1,0,false
/Users/thiago/Documents/Thiago/CodeToAnalyze/retrofit/retrofit/src/main/java/retrofit2/Reflection.java,retrofit2.Reflection$Java8,isDefaultMethod/1[java.lang.reflect.Method],false,44,0,0,0,0,1,1,3,1,0,1,1,0,0,0,0,0,0,0,0,0,0,0,0,0,0,4,0,0,false
/Users/thiago/Documents/Thiago/CodeToAnalyze/retrofit/retrofit/src/main/java/retrofit2/Reflection.java,retrofit2.Reflection$Java8,"invokeDefaultMethod/4[java.lang.reflect.Method,java.lang.Class<?>,java.lang.Object,java.lang.Object[]]",false,51,2,1,0,1,1,1,3,1,0,4,1,0,0,0,0,0,0,0,0,0,0,0,0,0,0,6,0,0,false
/Users/thiago/Documents/Thiago/CodeToAnalyze/retrofit/retrofit/src/main/java/retrofit2/Reflection.java,retrofit2.Reflection$Java8,"describeMethodParameter/2[java.lang.reflect.Method,int]",false,56,0,0,0,0,2,4,7,2,1,2,4,0,0,0,0,0,0,1,0,1,1,1,0,0,0,5,0,0,false
/Users/thiago/Documents/Thiago/CodeToAnalyze/retrofit/retrofit/java-test/src/test/java/retrofit2/RequestFactoryTest.java,retrofit2.RequestFactoryTest$171Example,"method/2[java.util.List<java.lang.String>,java.util.List<java.lang.Long>]",false,3385,4,0,0,0,1,0,3,1,0,2,0,0,0,0,0,0,0,1,0,0,0,0,0,0,0,3,0,0,false
/Users/thiago/Documents/Thiago/CodeToAnalyze/retrofit/retrofit-adapters/java8/src/main/java/retrofit2/adapter/java8/Java8CallAdapterFactory.java,retrofit2.adapter.java8.Java8CallAdapterFactory$ResponseCallAdapter$Anonymous4,"onResponse/2[retrofit2.Call<R>,retrofit2.Response<R>]",false,162,3,7,0,7,1,1,3,0,0,2,1,0,0,0,0,0,0,0,0,0,0,0,0,0,0,3,1,0,false
/Users/thiago/Documents/Thiago/CodeToAnalyze/retrofit/retrofit-adapters/java8/src/main/java/retrofit2/adapter/java8/Java8CallAdapterFactory.java,retrofit2.adapter.java8.Java8CallAdapterFactory$ResponseCallAdapter$Anonymous4,"onFailure/2[retrofit2.Call<R>,java.lang.Throwable]",false,167,2,2,0,2,1,1,3,0,0,2,1,0,0,0,0,0,0,0,0,0,0,0,0,0,0,3,1,0,false
/Users/thiago/Documents/Thiago/CodeToAnalyze/retrofit/retrofit/java-test/src/test/java/retrofit2/RequestFactoryTest.java,retrofit2.RequestFactoryTest$160Example,get/0,false,3171,3,0,0,0,1,0,3,1,0,0,0,0,0,0,0,0,0,1,0,0,0,0,0,0,0,2,0,0,false
/Users/thiago/Documents/Thiago/CodeToAnalyze/retrofit/retrofit/java-test/src/test/java/retrofit2/RequestFactoryTest.java,retrofit2.RequestFactoryTest$46Example,method/1[retrofit2.RequestBody],false,965,5,0,0,0,1,0,3,1,0,1,0,0,0,0,0,0,0,1,0,0,0,0,0,0,0,7,0,0,false
/Users/thiago/Documents/Thiago/CodeToAnalyze/retrofit/retrofit-adapters/rxjava2/src/test/java/retrofit2/adapter/rxjava2/SingleThrowingTest.java,retrofit2.adapter.rxjava2.SingleThrowingTest$Anonymous4,onError/1[java.lang.Throwable],false,182,0,0,0,0,2,2,6,0,0,1,2,0,0,0,0,0,0,0,0,0,0,1,0,0,0,5,1,0,false
/Users/thiago/Documents/Thiago/CodeToAnalyze/retrofit/retrofit-adapters/rxjava2/src/test/java/retrofit2/adapter/rxjava2/SingleThrowingTest.java,retrofit2.adapter.rxjava2.SingleThrowingTest$Anonymous3,onSuccess/1[retrofit2.Response<java.lang.String>],false,152,1,0,0,0,1,0,3,0,0,1,0,0,0,0,0,0,0,0,0,0,0,0,0,0,0,4,1,0,false
/Users/thiago/Documents/Thiago/CodeToAnalyze/retrofit/retrofit-adapters/rxjava2/src/test/java/retrofit2/adapter/rxjava2/SingleThrowingTest.java,retrofit2.adapter.rxjava2.SingleThrowingTest$Anonymous2,onError/1[java.lang.Throwable],false,120,0,0,0,0,2,2,6,0,0,1,2,0,0,0,0,0,0,0,0,0,0,1,0,0,0,5,1,0,false
/Users/thiago/Documents/Thiago/CodeToAnalyze/retrofit/retrofit/java-test/src/test/java/retrofit2/DefaultMethodsTest.java,retrofit2.DefaultMethodsTest$Example,user/0,false,36,2,2,1,1,1,1,3,1,0,0,1,1,1,0,0,0,0,1,0,0,0,0,0,0,0,1,65536,0,false
/Users/thiago/Documents/Thiago/CodeToAnalyze/retrofit/retrofit/java-test/src/test/java/retrofit2/DefaultMethodsTest.java,retrofit2.DefaultMethodsTest$Example,user/1[java.lang.String],false,33,3,2,2,0,1,0,1,0,0,1,0,0,0,0,0,0,0,2,0,0,0,0,0,0,0,2,0,0,false
/Users/thiago/Documents/Thiago/CodeToAnalyze/retrofit/retrofit-adapters/rxjava2/src/test/java/retrofit2/adapter/rxjava2/SingleThrowingTest.java,retrofit2.adapter.rxjava2.SingleThrowingTest$Anonymous1,onSuccess/1[java.lang.String],false,90,0,0,0,0,1,0,3,0,0,1,0,0,0,0,0,0,0,0,0,0,0,0,0,0,0,4,1,0,false
/Users/thiago/Documents/Thiago/CodeToAnalyze/retrofit/retrofit-adapters/rxjava3/src/test/java/retrofit2/adapter/rxjava3/SingleThrowingTest.java,retrofit2.adapter.rxjava3.SingleThrowingTest$Service,result/0,false,53,3,2,2,0,1,0,1,0,0,0,0,0,0,0,0,0,0,1,0,0,0,0,0,0,0,1,0,0,false
/Users/thiago/Documents/Thiago/CodeToAnalyze/retrofit/retrofit-adapters/rxjava3/src/test/java/retrofit2/adapter/rxjava3/SingleThrowingTest.java,retrofit2.adapter.rxjava3.SingleThrowingTest$Service,body/0,false,47,2,2,2,0,1,0,1,0,0,0,0,0,0,0,0,0,0,1,0,0,0,0,0,0,0,1,0,0,false
/Users/thiago/Documents/Thiago/CodeToAnalyze/retrofit/retrofit-adapters/rxjava3/src/test/java/retrofit2/adapter/rxjava3/SingleThrowingTest.java,retrofit2.adapter.rxjava3.SingleThrowingTest$Service,response/0,false,50,3,2,2,0,1,0,1,0,0,0,0,0,0,0,0,0,0,1,0,0,0,0,0,0,0,1,0,0,false
/Users/thiago/Documents/Thiago/CodeToAnalyze/retrofit/retrofit-adapters/rxjava2/src/test/java/retrofit2/adapter/rxjava2/SingleThrowingTest.java,retrofit2.adapter.rxjava2.SingleThrowingTest$Anonymous6,onError/1[java.lang.Throwable],false,251,0,0,0,0,1,0,3,0,0,1,0,0,0,0,0,0,0,0,0,0,0,0,0,0,0,5,1,0,false
/Users/thiago/Documents/Thiago/CodeToAnalyze/retrofit/retrofit-adapters/rxjava2/src/test/java/retrofit2/adapter/rxjava2/SingleThrowingTest.java,retrofit2.adapter.rxjava2.SingleThrowingTest$Anonymous6,onSuccess/1[retrofit2.adapter.rxjava2.Result<java.lang.String>],false,245,1,0,0,0,1,0,3,0,0,1,0,0,0,0,0,0,0,0,0,0,0,0,0,0,0,4,1,0,false
/Users/thiago/Documents/Thiago/CodeToAnalyze/retrofit/retrofit-adapters/rxjava2/src/test/java/retrofit2/adapter/rxjava2/SingleThrowingTest.java,retrofit2.adapter.rxjava2.SingleThrowingTest$Anonymous5,onSuccess/1[retrofit2.adapter.rxjava2.Result<java.lang.String>],false,214,1,0,0,0,1,0,3,0,0,1,0,0,0,0,0,0,0,0,0,0,0,0,0,0,0,4,1,0,false
/Users/thiago/Documents/Thiago/CodeToAnalyze/retrofit/retrofit/java-test/src/test/java/retrofit2/RetrofitTest.java,retrofit2.RetrofitTest$Anonymous21,responseType/0,false,1407,0,1,0,1,1,0,3,0,0,0,0,0,0,0,0,0,0,0,0,0,0,0,0,0,0,4,1,0,false
/Users/thiago/Documents/Thiago/CodeToAnalyze/retrofit/retrofit/java-test/src/test/java/retrofit2/RetrofitTest.java,retrofit2.RetrofitTest$Anonymous21,adapt/1[retrofit2.Call<java.lang.Object>],false,1412,1,1,0,1,1,0,3,0,0,1,0,0,0,0,0,0,0,0,0,0,0,0,0,0,0,5,1,0,false
/Users/thiago/Documents/Thiago/CodeToAnalyze/retrofit/retrofit/java-test/src/test/java/retrofit2/RetrofitTest.java,retrofit2.RetrofitTest$Anonymous22,"get/3[java.lang.reflect.Type,java.lang.annotation.Annotation[],retrofit2.Retrofit]",false,1420,2,3,0,3,1,0,3,1,0,3,0,0,0,0,0,0,0,0,0,0,0,0,0,0,0,5,1,0,false
/Users/thiago/Documents/Thiago/CodeToAnalyze/retrofit/retrofit/java-test/src/test/java/retrofit2/RetrofitTest.java,retrofit2.RetrofitTest$Anonymous23,"get/3[java.lang.reflect.Type,java.lang.annotation.Annotation[],retrofit2.Retrofit]",false,1429,2,3,0,3,1,2,4,1,0,3,2,0,0,0,0,0,0,0,0,0,0,0,0,0,0,4,1,0,false
/Users/thiago/Documents/Thiago/CodeToAnalyze/retrofit/retrofit/java-test/src/test/java/retrofit2/RetrofitTest.java,retrofit2.RetrofitTest$Anonymous24,"get/3[java.lang.reflect.Type,java.lang.annotation.Annotation[],retrofit2.Retrofit]",false,1439,2,3,0,3,1,2,4,1,0,3,2,0,0,0,0,0,0,0,0,0,0,0,0,0,0,4,1,0,false
/Users/thiago/Documents/Thiago/CodeToAnalyze/retrofit/retrofit/java-test/src/test/java/retrofit2/RequestFactoryTest.java,retrofit2.RequestFactoryTest$137Example,"method/1[java.util.Map<java.lang.String,java.lang.Object>]",false,2746,5,0,0,0,1,0,3,1,0,1,0,0,0,0,0,0,0,1,0,0,0,0,0,0,0,6,0,0,false
/Users/thiago/Documents/Thiago/CodeToAnalyze/retrofit/retrofit/java-test/src/test/java/retrofit2/RetrofitTest.java,retrofit2.RetrofitTest$Anonymous20,"get/3[java.lang.reflect.Type,java.lang.annotation.Annotation[],retrofit2.Retrofit]",false,1381,2,3,0,3,1,2,4,1,0,3,2,0,0,0,0,0,0,0,0,0,0,0,0,0,0,4,1,0,false
/Users/thiago/Documents/Thiago/CodeToAnalyze/retrofit/retrofit/java-test/src/test/java/retrofit2/RetrofitTest.java,retrofit2.RetrofitTest$Anonymous18,responseType/0,false,1359,0,1,0,1,1,0,3,0,0,0,0,0,0,0,0,0,0,0,0,0,0,0,0,0,0,4,1,0,false
/Users/thiago/Documents/Thiago/CodeToAnalyze/retrofit/retrofit/java-test/src/test/java/retrofit2/RetrofitTest.java,retrofit2.RetrofitTest$Anonymous18,adapt/1[retrofit2.Call<java.lang.Object>],false,1364,1,1,0,1,1,0,3,0,0,1,0,0,0,0,0,0,0,0,0,0,0,0,0,0,0,5,1,0,false
/Users/thiago/Documents/Thiago/CodeToAnalyze/retrofit/retrofit/java-test/src/test/java/retrofit2/RequestFactoryTest.java,retrofit2.RequestFactoryTest$87Example,method/1[java.net.URI],false,1669,4,0,0,0,1,0,3,1,0,1,0,0,0,0,0,0,0,0,0,0,0,0,0,0,0,6,0,0,false
/Users/thiago/Documents/Thiago/CodeToAnalyze/retrofit/retrofit/java-test/src/test/java/retrofit2/RetrofitTest.java,retrofit2.RetrofitTest$Anonymous19,"get/3[java.lang.reflect.Type,java.lang.annotation.Annotation[],retrofit2.Retrofit]",false,1372,2,3,0,3,1,0,3,1,0,3,0,0,0,0,0,0,0,0,0,0,0,0,0,0,0,5,1,0,false
/Users/thiago/Documents/Thiago/CodeToAnalyze/retrofit/retrofit/java-test/src/test/java/retrofit2/RetrofitTest.java,retrofit2.RetrofitTest$Anonymous15,"get/3[java.lang.reflect.Type,java.lang.annotation.Annotation[],retrofit2.Retrofit]",false,1308,3,3,0,3,1,0,3,0,0,3,0,0,0,0,0,0,0,0,0,0,0,0,0,0,0,5,1,0,false
/Users/thiago/Documents/Thiago/CodeToAnalyze/retrofit/retrofit/java-test/src/test/java/retrofit2/RetrofitTest.java,retrofit2.RetrofitTest$Anonymous16,responseType/0,false,1325,0,1,0,1,1,0,3,0,0,0,0,0,0,0,0,0,0,0,0,0,0,0,0,0,0,4,1,0,false
/Users/thiago/Documents/Thiago/CodeToAnalyze/retrofit/retrofit/java-test/src/test/java/retrofit2/RetrofitTest.java,retrofit2.RetrofitTest$Anonymous16,adapt/1[retrofit2.Call<java.lang.Object>],false,1330,1,1,0,1,1,0,3,0,0,1,0,0,0,0,0,0,0,0,0,0,0,0,0,0,0,5,1,0,false
/Users/thiago/Documents/Thiago/CodeToAnalyze/retrofit/retrofit/java-test/src/test/java/retrofit2/RetrofitTest.java,retrofit2.RetrofitTest$Anonymous17,"get/3[java.lang.reflect.Type,java.lang.annotation.Annotation[],retrofit2.Retrofit]",false,1339,3,3,0,3,2,1,3,1,0,3,1,0,0,0,0,0,0,0,0,0,0,0,0,0,0,7,1,0,false
/Users/thiago/Documents/Thiago/CodeToAnalyze/retrofit/retrofit-converters/gson/src/test/java/retrofit2/converter/gson/GsonConverterFactoryTest.java,retrofit2.converter.gson.GsonConverterFactoryTest$Service,writeErroringValue/1[retrofit2.converter.gson.GsonConverterFactoryTest.ErroringValue],false,129,4,1,1,0,1,0,1,0,0,1,0,0,0,0,0,0,0,1,0,0,0,0,0,0,0,4,0,0,false
/Users/thiago/Documents/Thiago/CodeToAnalyze/retrofit/retrofit-converters/gson/src/test/java/retrofit2/converter/gson/GsonConverterFactoryTest.java,retrofit2.converter.gson.GsonConverterFactoryTest$Service,anImplementation/1[retrofit2.converter.gson.GsonConverterFactoryTest.AnImplementation],false,120,4,3,3,0,1,0,1,0,0,1,0,0,0,0,0,0,0,1,0,0,0,0,0,0,0,4,0,0,false
/Users/thiago/Documents/Thiago/CodeToAnalyze/retrofit/retrofit-converters/gson/src/test/java/retrofit2/converter/gson/GsonConverterFactoryTest.java,retrofit2.converter.gson.GsonConverterFactoryTest$Service,anInterface/1[retrofit2.converter.gson.GsonConverterFactoryTest.AnInterface],false,123,4,1,1,0,1,0,1,0,0,1,0,0,0,0,0,0,0,1,0,0,0,0,0,0,0,4,0,0,false
/Users/thiago/Documents/Thiago/CodeToAnalyze/retrofit/retrofit-converters/gson/src/test/java/retrofit2/converter/gson/GsonConverterFactoryTest.java,retrofit2.converter.gson.GsonConverterFactoryTest$Service,readErroringValue/0,false,126,3,1,1,0,1,0,1,0,0,0,0,0,0,0,0,0,0,1,0,0,0,0,0,0,0,3,0,0,false
/Users/thiago/Documents/Thiago/CodeToAnalyze/retrofit/retrofit/java-test/src/test/java/retrofit2/DefaultCallAdapterFactoryTest.java,retrofit2.DefaultCallAdapterFactoryTest$Anonymous10,cancel/0,false,109,0,0,0,0,1,1,3,0,0,0,1,0,0,0,0,0,0,0,0,0,0,0,0,0,0,2,1,0,false
/Users/thiago/Documents/Thiago/CodeToAnalyze/retrofit/retrofit/test-helpers/src/main/java/retrofit2/helpers/ToStringConverterFactory.java,retrofit2.helpers.ToStringConverterFactory,"requestBodyConverter/4[java.lang.reflect.Type,java.lang.annotation.Annotation[],java.lang.annotation.Annotation[],retrofit2.Retrofit]",false,44,4,1,1,0,2,2,6,2,1,4,2,0,0,0,0,0,0,0,0,0,0,1,0,0,1,8,1,0,false
/Users/thiago/Documents/Thiago/CodeToAnalyze/retrofit/retrofit/test-helpers/src/main/java/retrofit2/helpers/ToStringConverterFactory.java,retrofit2.helpers.ToStringConverterFactory,"responseBodyConverter/3[java.lang.reflect.Type,java.lang.annotation.Annotation[],retrofit2.Retrofit]",false,32,4,1,1,0,2,1,6,2,0,3,1,0,0,0,0,0,0,0,0,0,0,1,0,0,0,7,1,0,false
/Users/thiago/Documents/Thiago/CodeToAnalyze/retrofit/retrofit-converters/gson/src/test/java/retrofit2/converter/gson/GsonConverterFactoryTest.java,retrofit2.converter.gson.GsonConverterFactoryTest$Anonymous2,"onFailure/2[retrofit2.Call<java.lang.Void>,java.lang.Throwable]",false,240,1,0,0,0,1,2,4,0,0,2,2,0,0,0,0,0,0,0,0,0,0,0,0,0,0,3,1,0,false
/Users/thiago/Documents/Thiago/CodeToAnalyze/retrofit/retrofit-converters/gson/src/test/java/retrofit2/converter/gson/GsonConverterFactoryTest.java,retrofit2.converter.gson.GsonConverterFactoryTest$Anonymous2,"onResponse/2[retrofit2.Call<java.lang.Void>,retrofit2.Response<java.lang.Void>]",false,235,2,0,0,0,1,1,3,0,0,2,1,0,0,0,0,0,0,0,0,0,0,0,0,0,0,3,1,0,false
/Users/thiago/Documents/Thiago/CodeToAnalyze/retrofit/retrofit/java-test/src/test/java/retrofit2/RetrofitTest.java,retrofit2.RetrofitTest$VoidService,nope/0,false,152,1,1,1,0,1,0,1,0,0,0,0,0,0,0,0,0,0,1,0,0,0,0,0,0,0,1,0,0,false
/Users/thiago/Documents/Thiago/CodeToAnalyze/retrofit/retrofit/java-test/src/test/java/retrofit2/AnnotationArraySubject.java,retrofit2.AnnotationArraySubject,annotationArrays/0,false,14,2,1,1,0,1,0,3,1,0,0,0,0,0,0,0,0,0,0,0,0,0,0,0,0,0,2,9,0,false
/Users/thiago/Documents/Thiago/CodeToAnalyze/retrofit/retrofit/java-test/src/test/java/retrofit2/AnnotationArraySubject.java,retrofit2.AnnotationArraySubject,assertThat/1[java.lang.annotation.Annotation[]],false,18,1,60,59,1,1,3,3,1,0,1,3,1,1,0,0,0,0,0,0,0,0,0,0,0,0,9,9,0,false
/Users/thiago/Documents/Thiago/CodeToAnalyze/retrofit/retrofit/java-test/src/test/java/retrofit2/AnnotationArraySubject.java,retrofit2.AnnotationArraySubject,"AnnotationArraySubject/2[retrofit2.FailureMetadata,java.lang.annotation.Annotation[]]",true,24,1,0,0,0,1,1,5,0,0,2,1,0,0,0,0,0,0,0,0,1,0,0,0,0,0,6,2,0,false
/Users/thiago/Documents/Thiago/CodeToAnalyze/retrofit/retrofit/java-test/src/test/java/retrofit2/AnnotationArraySubject.java,retrofit2.AnnotationArraySubject,hasAtLeastOneElementOfType/1[java.lang.Class<? extends java.lang.annotation.Annotation>],false,30,0,4,4,0,3,4,8,1,0,1,4,0,0,1,0,0,0,1,0,0,1,2,0,0,0,19,1,0,false
/Users/thiago/Documents/Thiago/CodeToAnalyze/retrofit/retrofit-adapters/rxjava2/src/test/java/retrofit2/adapter/rxjava2/CompletableWithSchedulerTest.java,retrofit2.adapter.rxjava2.CompletableWithSchedulerTest$Service,completable/0,false,36,2,1,1,0,1,0,1,0,0,0,0,0,0,0,0,0,0,1,0,0,0,0,0,0,0,2,0,0,false
/Users/thiago/Documents/Thiago/CodeToAnalyze/retrofit/retrofit/src/main/java/retrofit2/HttpException.java,retrofit2.HttpException,code/0,false,40,0,1,1,0,1,0,3,1,0,0,0,0,0,0,0,0,0,0,0,0,0,0,0,0,0,5,1,0,true
/Users/thiago/Documents/Thiago/CodeToAnalyze/retrofit/retrofit/src/main/java/retrofit2/HttpException.java,retrofit2.HttpException,getMessage/1[retrofit2.Response<?>],false,23,1,3,1,2,1,3,4,1,0,1,3,0,0,0,0,0,0,3,0,0,1,0,0,0,0,3,10,0,false
/Users/thiago/Documents/Thiago/CodeToAnalyze/retrofit/retrofit/src/main/java/retrofit2/HttpException.java,retrofit2.HttpException,message/0,false,45,0,1,1,0,1,0,3,1,0,0,0,0,0,0,0,0,0,0,0,0,0,0,0,0,0,5,1,0,true
/Users/thiago/Documents/Thiago/CodeToAnalyze/retrofit/retrofit/src/main/java/retrofit2/HttpException.java,retrofit2.HttpException,HttpException/1[retrofit2.Response<?>],true,32,2,7,4,3,1,3,6,0,0,1,3,1,1,0,0,0,0,0,0,3,0,0,0,0,0,5,1,0,false
/Users/thiago/Documents/Thiago/CodeToAnalyze/retrofit/retrofit/src/main/java/retrofit2/HttpException.java,retrofit2.HttpException,response/0,false,50,2,1,1,0,1,0,3,1,0,0,0,0,0,0,0,0,0,0,0,0,0,0,0,0,0,13,1,0,true
/Users/thiago/Documents/Thiago/CodeToAnalyze/retrofit/retrofit-converters/scalars/src/main/java/retrofit2/converter/scalars/ScalarResponseBodyConverters.java,retrofit2.converter.scalars.ScalarResponseBodyConverters$ByteResponseBodyConverter,convert/1[retrofit2.converter.scalars.ResponseBody],false,47,1,0,0,0,1,2,3,1,0,1,2,0,0,0,0,0,0,0,0,0,0,0,0,0,0,8,1,0,false
/Users/thiago/Documents/Thiago/CodeToAnalyze/retrofit/retrofit/src/main/java/retrofit2/ParameterHandler.java,retrofit2.ParameterHandler$RelativeUrl,"apply/2[retrofit2.RequestBuilder,java.lang.Object]",false,67,3,2,0,2,2,2,6,0,0,2,2,0,0,0,1,0,0,1,0,0,0,1,0,0,0,8,0,0,false
/Users/thiago/Documents/Thiago/CodeToAnalyze/retrofit/retrofit/src/main/java/retrofit2/ParameterHandler.java,retrofit2.ParameterHandler$RelativeUrl,"RelativeUrl/2[java.lang.reflect.Method,int]",true,61,0,1,1,0,1,0,4,0,0,2,0,0,0,0,0,0,0,0,0,2,0,0,0,0,0,5,0,0,false
/Users/thiago/Documents/Thiago/CodeToAnalyze/retrofit/retrofit/java-test/src/test/java/retrofit2/RetrofitTest.java,retrofit2.RetrofitTest$Anonymous29,"responseBodyConverter/3[java.lang.reflect.Type,java.lang.annotation.Annotation[],retrofit2.Retrofit]",false,1735,4,4,0,4,2,3,11,0,0,3,3,0,0,0,0,1,0,0,0,0,0,1,0,0,0,11,1,0,false
/Users/thiago/Documents/Thiago/CodeToAnalyze/retrofit/retrofit-adapters/rxjava2/src/test/java/retrofit2/adapter/rxjava2/RecordingObserver.java,retrofit2.adapter.rxjava2.RecordingObserver$Rule,"apply/2[retrofit2.adapter.rxjava2.Statement,retrofit2.adapter.rxjava2.Description]",false,129,3,0,0,0,1,0,11,1,0,2,0,0,0,0,0,0,0,0,0,0,0,0,1,0,0,7,1,0,false
/Users/thiago/Documents/Thiago/CodeToAnalyze/retrofit/retrofit-adapters/rxjava2/src/test/java/retrofit2/adapter/rxjava2/RecordingObserver.java,retrofit2.adapter.rxjava2.RecordingObserver$Rule,create/0,false,122,2,23,22,1,1,1,5,1,1,0,1,0,0,0,0,0,0,0,0,1,0,0,0,0,0,2,1,0,false
/Users/thiago/Documents/Thiago/CodeToAnalyze/retrofit/retrofit/java-test/src/test/java/retrofit2/RetrofitTest.java,retrofit2.RetrofitTest$Anonymous25,"onResponse/2[retrofit2.Call<retrofit2.ResponseBody>,retrofit2.Response<retrofit2.ResponseBody>]",false,1578,3,0,0,0,1,1,3,0,0,2,1,0,0,0,0,0,0,0,0,0,0,0,0,0,0,3,1,0,false
/Users/thiago/Documents/Thiago/CodeToAnalyze/retrofit/retrofit/java-test/src/test/java/retrofit2/RetrofitTest.java,retrofit2.RetrofitTest$Anonymous25,"onFailure/2[retrofit2.Call<retrofit2.ResponseBody>,java.lang.Throwable]",false,1583,2,0,0,0,1,1,3,0,0,2,1,0,0,0,0,0,0,0,0,0,0,0,0,0,0,3,1,0,false
/Users/thiago/Documents/Thiago/CodeToAnalyze/retrofit/retrofit/java-test/src/test/java/retrofit2/RequestFactoryTest.java,retrofit2.RequestFactoryTest$170Example,"method/2[java.lang.String,java.lang.String]",false,3364,4,0,0,0,1,0,3,1,0,2,0,0,0,0,0,0,0,1,0,0,0,0,0,0,0,3,0,0,false
/Users/thiago/Documents/Thiago/CodeToAnalyze/retrofit/retrofit/java-test/src/test/java/retrofit2/RetrofitTest.java,retrofit2.RetrofitTest$Anonymous26,"onFailure/2[retrofit2.Call<retrofit2.ResponseBody>,java.lang.Throwable]",false,1620,2,0,0,0,1,1,3,0,0,2,1,0,0,0,0,0,0,0,0,0,0,0,0,0,0,3,1,0,false
/Users/thiago/Documents/Thiago/CodeToAnalyze/retrofit/retrofit/java-test/src/test/java/retrofit2/RetrofitTest.java,retrofit2.RetrofitTest$Anonymous26,"onResponse/2[retrofit2.Call<retrofit2.ResponseBody>,retrofit2.Response<retrofit2.ResponseBody>]",false,1615,3,0,0,0,1,0,3,0,0,2,0,0,0,0,0,0,0,0,0,0,0,0,0,0,0,5,1,0,false
/Users/thiago/Documents/Thiago/CodeToAnalyze/retrofit/retrofit/java-test/src/test/java/retrofit2/RetrofitTest.java,retrofit2.RetrofitTest$Anonymous27,"onResponse/2[retrofit2.Call<retrofit2.ResponseBody>,retrofit2.Response<retrofit2.ResponseBody>]",false,1646,3,0,0,0,1,1,3,0,0,2,1,0,0,0,0,0,0,0,0,0,0,0,0,0,0,3,1,0,false
/Users/thiago/Documents/Thiago/CodeToAnalyze/retrofit/retrofit/java-test/src/test/java/retrofit2/RetrofitTest.java,retrofit2.RetrofitTest$Anonymous27,"onFailure/2[retrofit2.Call<retrofit2.ResponseBody>,java.lang.Throwable]",false,1651,2,0,0,0,1,1,3,0,0,2,1,0,0,0,0,0,0,0,0,0,0,0,0,0,0,3,1,0,false
/Users/thiago/Documents/Thiago/CodeToAnalyze/retrofit/retrofit/java-test/src/test/java/retrofit2/RetrofitTest.java,retrofit2.RetrofitTest$Anonymous28,"onResponse/2[retrofit2.Call<retrofit2.ResponseBody>,retrofit2.Response<retrofit2.ResponseBody>]",false,1672,3,0,0,0,1,0,3,0,0,2,0,0,0,0,0,0,0,0,0,0,0,0,0,0,0,5,1,0,false
/Users/thiago/Documents/Thiago/CodeToAnalyze/retrofit/retrofit/java-test/src/test/java/retrofit2/RetrofitTest.java,retrofit2.RetrofitTest$Anonymous28,"onFailure/2[retrofit2.Call<retrofit2.ResponseBody>,java.lang.Throwable]",false,1677,2,0,0,0,1,1,3,0,0,2,1,0,0,0,0,0,0,0,0,0,0,0,0,0,0,3,1,0,false
/Users/thiago/Documents/Thiago/CodeToAnalyze/retrofit/retrofit-adapters/rxjava3/src/test/java/retrofit2/adapter/rxjava3/RecordingMaybeObserver.java,retrofit2.adapter.rxjava3.RecordingMaybeObserver$Rule$Anonymous1,evaluate/0,false,125,1,11,0,11,2,2,6,0,0,0,2,0,0,1,0,0,0,0,0,0,0,1,0,0,0,4,1,0,false
/Users/thiago/Documents/Thiago/CodeToAnalyze/retrofit/retrofit/java-test/src/test/java/retrofit2/RequestFactoryTest.java,retrofit2.RequestFactoryTest$167Example,method/1[java.lang.String],false,3324,4,0,0,0,1,0,3,1,0,1,0,0,0,0,0,0,0,1,0,0,0,0,0,0,0,3,0,0,false
/Users/thiago/Documents/Thiago/CodeToAnalyze/retrofit/retrofit-mock/src/test/java/retrofit2/mock/NetworkBehaviorTest.java,retrofit2.mock.NetworkBehaviorTest,delayMustBePositive/0,false,44,2,1,0,1,2,5,9,0,0,0,5,0,0,0,0,1,0,1,1,0,0,1,0,0,0,14,1,0,false
/Users/thiago/Documents/Thiago/CodeToAnalyze/retrofit/retrofit-mock/src/test/java/retrofit2/mock/NetworkBehaviorTest.java,retrofit2.mock.NetworkBehaviorTest,errorFactoryCalledEachTime/0,false,160,3,4,0,4,1,4,12,0,0,0,4,0,0,0,0,0,0,0,3,0,0,0,1,0,0,10,1,0,false
/Users/thiago/Documents/Thiago/CodeToAnalyze/retrofit/retrofit-mock/src/test/java/retrofit2/mock/NetworkBehaviorTest.java,retrofit2.mock.NetworkBehaviorTest,errorFactoryCannotThrow/0,false,133,2,2,0,2,2,8,15,0,1,0,8,0,0,0,0,1,0,2,0,1,0,1,0,0,1,16,1,0,false
/Users/thiago/Documents/Thiago/CodeToAnalyze/retrofit/retrofit-mock/src/test/java/retrofit2/mock/NetworkBehaviorTest.java,retrofit2.mock.NetworkBehaviorTest,varianceRestrictsRange/0,false,54,2,1,0,1,3,5,16,0,0,0,5,0,0,0,0,2,0,2,2,0,0,1,0,0,0,15,1,0,false
/Users/thiago/Documents/Thiago/CodeToAnalyze/retrofit/retrofit-mock/src/test/java/retrofit2/mock/NetworkBehaviorTest.java,retrofit2.mock.NetworkBehaviorTest,errorFactoryIsNotNull/0,false,112,2,1,0,1,2,5,9,0,0,0,5,0,0,0,0,1,0,1,0,0,0,1,0,0,0,12,1,0,false
/Users/thiago/Documents/Thiago/CodeToAnalyze/retrofit/retrofit-mock/src/test/java/retrofit2/mock/NetworkBehaviorTest.java,retrofit2.mock.NetworkBehaviorTest,errorFactoryCannotReturnSuccess/0,false,149,3,3,0,3,2,7,10,0,0,0,7,0,0,0,0,1,0,2,0,0,0,1,0,0,1,15,1,0,false
/Users/thiago/Documents/Thiago/CodeToAnalyze/retrofit/retrofit-mock/src/test/java/retrofit2/mock/NetworkBehaviorTest.java,retrofit2.mock.NetworkBehaviorTest,delayVarianceIsAccurate/0,false,211,2,3,0,3,5,5,21,0,5,0,5,0,0,2,0,0,0,0,10,7,0,2,0,0,0,19,1,0,false
/Users/thiago/Documents/Thiago/CodeToAnalyze/retrofit/retrofit-mock/src/test/java/retrofit2/mock/NetworkBehaviorTest.java,retrofit2.mock.NetworkBehaviorTest,failureExceptionIsNotNull/0,false,86,2,1,0,1,2,5,9,0,0,0,5,0,0,0,0,1,0,1,0,0,0,1,0,0,0,11,1,0,false
/Users/thiago/Documents/Thiago/CodeToAnalyze/retrofit/retrofit-mock/src/test/java/retrofit2/mock/NetworkBehaviorTest.java,retrofit2.mock.NetworkBehaviorTest,errorRestrictsRange/0,false,96,2,1,0,1,3,5,16,0,0,0,5,0,0,0,0,2,0,2,2,0,0,1,0,0,0,15,1,0,false
/Users/thiago/Documents/Thiago/CodeToAnalyze/retrofit/retrofit-mock/src/test/java/retrofit2/mock/NetworkBehaviorTest.java,retrofit2.mock.NetworkBehaviorTest,errorFactoryCannotReturnNull/0,false,122,2,2,0,2,2,6,10,0,0,0,6,0,0,0,0,1,0,1,0,0,0,1,0,0,1,15,1,0,false
/Users/thiago/Documents/Thiago/CodeToAnalyze/retrofit/retrofit-mock/src/test/java/retrofit2/mock/NetworkBehaviorTest.java,retrofit2.mock.NetworkBehaviorTest,failurePercentageIsAccurate/0,false,177,2,2,0,2,4,5,14,0,3,0,5,0,0,2,0,0,0,0,9,4,0,2,0,0,0,8,1,0,false
/Users/thiago/Documents/Thiago/CodeToAnalyze/retrofit/retrofit-mock/src/test/java/retrofit2/mock/NetworkBehaviorTest.java,retrofit2.mock.NetworkBehaviorTest,defaultThrowable/0,false,35,3,1,0,1,1,7,6,0,1,0,7,0,0,0,0,0,0,0,0,1,0,0,0,0,0,5,1,0,false
/Users/thiago/Documents/Thiago/CodeToAnalyze/retrofit/retrofit-mock/src/test/java/retrofit2/mock/NetworkBehaviorTest.java,retrofit2.mock.NetworkBehaviorTest,failureRestrictsRange/0,false,70,2,1,0,1,3,5,16,0,0,0,5,0,0,0,0,2,0,2,2,0,0,1,0,0,0,15,1,0,false
/Users/thiago/Documents/Thiago/CodeToAnalyze/retrofit/retrofit-mock/src/test/java/retrofit2/mock/NetworkBehaviorTest.java,retrofit2.mock.NetworkBehaviorTest,errorPercentageIsAccurate/0,false,194,2,2,0,2,4,5,14,0,3,0,5,0,0,2,0,0,0,0,9,4,0,2,0,0,0,8,1,0,false
/Users/thiago/Documents/Thiago/CodeToAnalyze/retrofit/retrofit/java-test/src/test/java/retrofit2/RequestFactoryTest.java,retrofit2.RequestFactoryTest$148Example,method/1[java.lang.String],false,2974,5,0,0,0,1,0,3,1,0,1,0,0,0,0,0,0,0,3,0,0,0,0,0,0,0,5,0,0,false
/Users/thiago/Documents/Thiago/CodeToAnalyze/retrofit/retrofit/src/main/java/retrofit2/ParameterHandler.java,retrofit2.ParameterHandler$PartMap,"PartMap/4[java.lang.reflect.Method,int,retrofit2.Converter<T,retrofit2.RequestBody>,java.lang.String]",true,384,3,0,0,0,1,0,6,0,0,4,0,0,0,0,0,0,0,0,0,4,0,0,0,0,0,9,0,0,false
/Users/thiago/Documents/Thiago/CodeToAnalyze/retrofit/retrofit/src/main/java/retrofit2/ParameterHandler.java,retrofit2.ParameterHandler$PartMap,"apply/2[retrofit2.RequestBuilder,java.util.Map<java.lang.String,T>]",false,392,5,2,0,2,5,7,17,0,3,2,7,0,0,1,3,0,0,8,0,3,2,2,0,0,0,20,0,0,false
/Users/thiago/Documents/Thiago/CodeToAnalyze/retrofit/retrofit-adapters/rxjava2/src/test/java/retrofit2/adapter/rxjava2/SingleTest.java,retrofit2.adapter.rxjava2.SingleTest,bodySuccess404/0,false,70,6,3,0,3,1,6,6,0,1,0,6,0,0,0,0,0,0,1,1,1,0,0,0,0,0,6,1,0,false
/Users/thiago/Documents/Thiago/CodeToAnalyze/retrofit/retrofit-adapters/rxjava2/src/test/java/retrofit2/adapter/rxjava2/SingleTest.java,retrofit2.adapter.rxjava2.SingleTest,resultSuccess200/0,false,117,7,6,0,6,1,12,8,0,2,0,12,0,0,0,0,0,0,1,0,2,0,0,0,0,0,7,1,0,false
/Users/thiago/Documents/Thiago/CodeToAnalyze/retrofit/retrofit-adapters/rxjava2/src/test/java/retrofit2/adapter/rxjava2/SingleTest.java,retrofit2.adapter.rxjava2.SingleTest,responseSuccess404/0,false,99,6,4,0,4,1,9,6,0,1,0,9,0,0,0,0,0,0,0,1,1,0,0,0,0,0,7,1,0,false
/Users/thiago/Documents/Thiago/CodeToAnalyze/retrofit/retrofit-adapters/rxjava2/src/test/java/retrofit2/adapter/rxjava2/SingleTest.java,retrofit2.adapter.rxjava2.SingleTest,setUp/0,false,50,6,5,0,5,1,7,4,0,1,0,7,0,0,0,0,0,0,1,0,2,0,0,0,0,0,8,1,0,false
/Users/thiago/Documents/Thiago/CodeToAnalyze/retrofit/retrofit-adapters/rxjava2/src/test/java/retrofit2/adapter/rxjava2/SingleTest.java,retrofit2.adapter.rxjava2.SingleTest,bodyFailure/0,false,80,5,3,0,3,1,6,6,0,1,0,6,0,0,0,0,0,0,0,0,1,0,0,0,0,0,19,1,0,false
/Users/thiago/Documents/Thiago/CodeToAnalyze/retrofit/retrofit-adapters/rxjava2/src/test/java/retrofit2/adapter/rxjava2/SingleTest.java,retrofit2.adapter.rxjava2.SingleTest,responseSuccess200/0,false,89,6,4,0,4,1,9,7,0,2,0,9,0,0,0,0,0,0,1,0,2,0,0,0,0,0,7,1,0,false
/Users/thiago/Documents/Thiago/CodeToAnalyze/retrofit/retrofit-adapters/rxjava2/src/test/java/retrofit2/adapter/rxjava2/SingleTest.java,retrofit2.adapter.rxjava2.SingleTest,bodySuccess200/0,false,61,5,3,0,3,1,6,6,0,1,0,6,0,0,0,0,0,0,2,0,1,0,0,0,0,0,5,1,0,false
/Users/thiago/Documents/Thiago/CodeToAnalyze/retrofit/retrofit-adapters/rxjava2/src/test/java/retrofit2/adapter/rxjava2/SingleTest.java,retrofit2.adapter.rxjava2.SingleTest,resultSuccess404/0,false,128,7,6,0,6,1,11,8,0,2,0,11,0,0,0,0,0,0,0,1,2,0,0,0,0,0,7,1,0,false
/Users/thiago/Documents/Thiago/CodeToAnalyze/retrofit/retrofit-adapters/rxjava2/src/test/java/retrofit2/adapter/rxjava2/SingleTest.java,retrofit2.adapter.rxjava2.SingleTest,responseFailure/0,false,108,6,3,0,3,1,6,6,0,1,0,6,0,0,0,0,0,0,0,0,1,0,0,0,0,0,19,1,0,false
/Users/thiago/Documents/Thiago/CodeToAnalyze/retrofit/retrofit-adapters/rxjava2/src/test/java/retrofit2/adapter/rxjava2/SingleTest.java,retrofit2.adapter.rxjava2.SingleTest,resultFailure/0,false,139,6,5,0,5,1,11,8,0,2,0,11,0,0,0,0,0,0,0,0,2,0,0,0,0,0,21,1,1,false
/Users/thiago/Documents/Thiago/CodeToAnalyze/retrofit/retrofit-adapters/rxjava2/src/test/java/retrofit2/adapter/rxjava2/SingleTest.java,retrofit2.adapter.rxjava2.SingleTest,subscribeTwice/0,false,150,6,3,0,3,1,6,11,0,3,0,6,0,0,0,0,0,0,4,0,3,0,0,0,0,0,7,1,0,false
/Users/thiago/Documents/Thiago/CodeToAnalyze/retrofit/retrofit/java-test/src/test/java/retrofit2/RequestFactoryTest.java,retrofit2.RequestFactoryTest$57Example,method/1[java.lang.String],false,1165,4,0,0,0,1,0,3,1,0,1,0,0,0,0,0,0,0,2,0,0,0,0,0,0,0,7,0,0,false
/Users/thiago/Documents/Thiago/CodeToAnalyze/retrofit/retrofit-adapters/rxjava2/src/test/java/retrofit2/adapter/rxjava2/RxJavaPluginsResetRule.java,retrofit2.adapter.rxjava2.RxJavaPluginsResetRule$Anonymous1,evaluate/0,false,28,0,11,0,11,1,2,9,0,0,0,2,0,0,0,0,1,0,0,0,0,0,1,0,0,0,2,1,0,false
/Users/thiago/Documents/Thiago/CodeToAnalyze/retrofit/retrofit-mock/src/main/java/retrofit2/mock/NetworkBehavior.java,retrofit2.mock.NetworkBehavior,variancePercent/0,false,102,0,0,0,0,1,0,3,1,0,0,0,0,0,0,0,0,0,0,0,0,0,0,0,0,0,12,1,0,true
/Users/thiago/Documents/Thiago/CodeToAnalyze/retrofit/retrofit-mock/src/main/java/retrofit2/mock/NetworkBehavior.java,retrofit2.mock.NetworkBehavior,setVariancePercent/1[int],false,96,1,13,12,1,1,1,4,0,0,1,1,1,1,0,0,0,0,1,0,1,0,0,0,0,0,21,1,0,true
/Users/thiago/Documents/Thiago/CodeToAnalyze/retrofit/retrofit-mock/src/main/java/retrofit2/mock/NetworkBehavior.java,retrofit2.mock.NetworkBehavior,errorPercent/0,false,137,0,0,0,0,1,0,3,1,0,0,0,0,0,0,0,0,0,0,0,0,0,0,0,0,0,9,1,0,true
/Users/thiago/Documents/Thiago/CodeToAnalyze/retrofit/retrofit-mock/src/main/java/retrofit2/mock/NetworkBehavior.java,retrofit2.mock.NetworkBehavior,"checkPercentageValidity/2[int,java.lang.String]",false,206,0,3,3,0,3,0,5,0,0,2,0,0,0,0,0,0,0,0,2,0,0,1,0,0,0,8,10,0,false
/Users/thiago/Documents/Thiago/CodeToAnalyze/retrofit/retrofit-mock/src/main/java/retrofit2/mock/NetworkBehavior.java,retrofit2.mock.NetworkBehavior,setFailurePercent/1[int],false,107,1,13,12,1,1,1,4,0,0,1,1,1,1,0,0,0,0,1,0,1,0,0,0,0,0,19,1,0,true
/Users/thiago/Documents/Thiago/CodeToAnalyze/retrofit/retrofit-mock/src/main/java/retrofit2/mock/NetworkBehavior.java,retrofit2.mock.NetworkBehavior,setErrorPercent/1[int],false,142,1,3,2,1,1,1,4,0,0,1,1,1,1,0,0,0,0,1,0,1,0,0,0,0,0,19,1,0,true
/Users/thiago/Documents/Thiago/CodeToAnalyze/retrofit/retrofit-mock/src/main/java/retrofit2/mock/NetworkBehavior.java,retrofit2.mock.NetworkBehavior,delay/1[java.util.concurrent.TimeUnit],false,91,0,0,0,0,1,1,3,1,0,1,1,0,0,0,0,0,0,0,0,0,0,0,0,0,0,8,1,0,true
/Users/thiago/Documents/Thiago/CodeToAnalyze/retrofit/retrofit-mock/src/main/java/retrofit2/mock/NetworkBehavior.java,retrofit2.mock.NetworkBehavior,calculateDelay/1[java.util.concurrent.TimeUnit],false,196,0,2,2,0,1,2,9,1,6,1,2,0,0,0,0,0,2,0,3,6,7,0,0,0,0,30,1,0,true
/Users/thiago/Documents/Thiago/CodeToAnalyze/retrofit/retrofit-mock/src/main/java/retrofit2/mock/NetworkBehavior.java,retrofit2.mock.NetworkBehavior,setFailureException/1[java.lang.Throwable],false,124,0,1,1,0,2,0,6,0,0,1,0,0,0,0,1,0,0,2,0,1,0,1,0,0,0,30,1,0,true
/Users/thiago/Documents/Thiago/CodeToAnalyze/retrofit/retrofit-mock/src/main/java/retrofit2/mock/NetworkBehavior.java,retrofit2.mock.NetworkBehavior,createErrorResponse/0,false,160,1,6,5,1,4,2,16,1,1,0,2,0,0,0,1,1,0,3,0,1,0,1,0,0,0,24,1,0,true
/Users/thiago/Documents/Thiago/CodeToAnalyze/retrofit/retrofit-mock/src/main/java/retrofit2/mock/NetworkBehavior.java,retrofit2.mock.NetworkBehavior,failurePercent/0,false,113,0,0,0,0,1,0,3,1,0,0,0,0,0,0,0,0,0,0,0,0,0,0,0,0,0,9,1,0,true
/Users/thiago/Documents/Thiago/CodeToAnalyze/retrofit/retrofit-mock/src/main/java/retrofit2/mock/NetworkBehavior.java,retrofit2.mock.NetworkBehavior,"setDelay/2[long,java.util.concurrent.TimeUnit]",false,83,0,13,13,0,2,1,6,0,0,2,1,0,0,0,0,0,0,1,1,1,0,1,0,0,0,15,1,0,true
/Users/thiago/Documents/Thiago/CodeToAnalyze/retrofit/retrofit-mock/src/main/java/retrofit2/mock/NetworkBehavior.java,retrofit2.mock.NetworkBehavior,calculateIsError/0,false,188,0,2,2,0,2,1,3,1,0,0,1,0,0,0,0,0,0,0,1,0,0,0,0,0,0,21,1,0,true
/Users/thiago/Documents/Thiago/CodeToAnalyze/retrofit/retrofit-mock/src/main/java/retrofit2/mock/NetworkBehavior.java,retrofit2.mock.NetworkBehavior,setErrorFactory/1[java.util.concurrent.Callable<retrofit2.Response<?>>],false,152,1,5,5,0,2,0,6,0,0,1,0,0,0,0,1,0,0,2,0,1,0,1,0,0,0,24,1,0,true
/Users/thiago/Documents/Thiago/CodeToAnalyze/retrofit/retrofit-mock/src/main/java/retrofit2/mock/NetworkBehavior.java,retrofit2.mock.NetworkBehavior,failureException/0,false,132,0,4,4,0,1,0,3,1,0,0,0,0,0,0,0,0,0,0,0,0,0,0,0,0,0,11,1,0,true
/Users/thiago/Documents/Thiago/CodeToAnalyze/retrofit/retrofit-mock/src/main/java/retrofit2/mock/NetworkBehavior.java,retrofit2.mock.NetworkBehavior,NetworkBehavior/1[java.util.Random],true,75,1,3,2,1,1,1,5,0,0,1,1,0,0,0,0,0,0,0,1,2,0,0,0,0,0,10,2,0,false
/Users/thiago/Documents/Thiago/CodeToAnalyze/retrofit/retrofit-mock/src/main/java/retrofit2/mock/NetworkBehavior.java,retrofit2.mock.NetworkBehavior,create/1[java.util.Random],false,60,1,1,0,1,2,0,4,1,0,1,0,0,0,0,1,0,0,2,0,0,0,1,0,0,0,20,9,0,true
/Users/thiago/Documents/Thiago/CodeToAnalyze/retrofit/retrofit-mock/src/main/java/retrofit2/mock/NetworkBehavior.java,retrofit2.mock.NetworkBehavior,create/0,false,51,1,3,2,1,1,0,3,1,0,0,0,0,0,0,0,0,0,0,0,0,0,0,0,0,0,8,9,0,true
/Users/thiago/Documents/Thiago/CodeToAnalyze/retrofit/retrofit-mock/src/main/java/retrofit2/mock/NetworkBehavior.java,retrofit2.mock.NetworkBehavior,calculateIsFailure/0,false,180,0,2,2,0,2,1,3,1,0,0,1,0,0,0,0,0,0,0,1,0,0,0,0,0,0,19,1,0,true
/Users/thiago/Documents/Thiago/CodeToAnalyze/retrofit/retrofit-converters/jackson/src/main/java/retrofit2/converter/jackson/JacksonStreamingRequestBody.java,retrofit2.converter.jackson.JacksonStreamingRequestBody,contentType/0,false,36,1,0,0,0,1,0,3,1,0,0,0,0,0,0,0,0,0,0,0,0,0,0,0,0,0,4,1,0,false
/Users/thiago/Documents/Thiago/CodeToAnalyze/retrofit/retrofit-converters/jackson/src/main/java/retrofit2/converter/jackson/JacksonStreamingRequestBody.java,retrofit2.converter.jackson.JacksonStreamingRequestBody,writeTo/1[retrofit2.converter.jackson.BufferedSink],false,41,1,0,0,0,1,2,3,0,0,1,2,0,0,0,0,0,0,0,0,0,0,0,0,0,0,8,1,0,false
/Users/thiago/Documents/Thiago/CodeToAnalyze/retrofit/retrofit-converters/jackson/src/main/java/retrofit2/converter/jackson/JacksonStreamingRequestBody.java,retrofit2.converter.jackson.JacksonStreamingRequestBody,"JacksonStreamingRequestBody/3[retrofit2.converter.jackson.ObjectWriter,java.lang.Object,retrofit2.converter.jackson.MediaType]",true,29,2,1,1,0,1,0,5,0,0,3,0,0,0,0,0,0,0,0,0,3,0,0,0,0,0,10,1,0,false
/Users/thiago/Documents/Thiago/CodeToAnalyze/retrofit/retrofit/java-test/src/test/java/retrofit2/RequestFactoryTest.java,retrofit2.RequestFactoryTest$16Example,"method/1[java.util.Map<java.lang.String,java.lang.String>]",false,359,4,0,0,0,1,0,3,1,0,1,0,0,0,0,0,0,0,1,0,0,0,0,0,0,0,3,0,0,false
/Users/thiago/Documents/Thiago/CodeToAnalyze/retrofit/retrofit/java-test/src/test/java/retrofit2/MethodParameterReflectionTest.java,retrofit2.MethodParameterReflectionTest$ExampleWithParameterNames,method/1[java.lang.String],false,45,3,0,0,0,1,0,1,0,0,1,0,0,0,0,0,0,0,1,0,0,0,0,0,0,0,4,0,0,false
/Users/thiago/Documents/Thiago/CodeToAnalyze/retrofit/retrofit/java-test/src/test/java/retrofit2/RequestFactoryTest.java,retrofit2.RequestFactoryTest$126Example,"method/1[java.util.Map<java.lang.String,retrofit2.RequestBody>]",false,2547,6,0,0,0,1,0,3,1,0,1,0,0,0,0,0,0,0,1,0,0,0,0,0,0,0,5,0,0,false
/Users/thiago/Documents/Thiago/CodeToAnalyze/retrofit/retrofit-adapters/rxjava3/src/test/java/retrofit2/adapter/rxjava3/FlowableThrowingTest.java,retrofit2.adapter.rxjava3.FlowableThrowingTest,resultThrowingInOnErrorDeliveredToPlugin/0,false,275,8,2,0,2,2,11,24,0,6,0,11,0,0,0,0,0,0,0,0,5,0,2,1,0,1,25,1,0,false
/Users/thiago/Documents/Thiago/CodeToAnalyze/retrofit/retrofit-adapters/rxjava3/src/test/java/retrofit2/adapter/rxjava3/FlowableThrowingTest.java,retrofit2.adapter.rxjava3.FlowableThrowingTest,resultThrowingInOnCompletedDeliveredToPlugin/0,false,247,7,3,0,3,2,12,20,0,4,0,12,0,0,0,0,0,0,0,0,3,0,2,1,0,1,20,1,0,false
/Users/thiago/Documents/Thiago/CodeToAnalyze/retrofit/retrofit-adapters/rxjava3/src/test/java/retrofit2/adapter/rxjava3/FlowableThrowingTest.java,retrofit2.adapter.rxjava3.FlowableThrowingTest,bodyThrowingInOnCompleteDeliveredToPlugin/0,false,87,6,3,0,3,2,12,20,0,4,0,12,0,0,0,0,0,0,0,0,3,0,2,1,0,1,19,1,0,false
/Users/thiago/Documents/Thiago/CodeToAnalyze/retrofit/retrofit-adapters/rxjava3/src/test/java/retrofit2/adapter/rxjava3/FlowableThrowingTest.java,retrofit2.adapter.rxjava3.FlowableThrowingTest,bodyThrowingInOnNextDeliveredToError/0,false,68,6,3,0,3,1,5,12,0,2,0,5,0,0,0,0,0,0,0,0,2,0,0,1,0,0,16,1,0,false
/Users/thiago/Documents/Thiago/CodeToAnalyze/retrofit/retrofit-adapters/rxjava3/src/test/java/retrofit2/adapter/rxjava3/FlowableThrowingTest.java,retrofit2.adapter.rxjava3.FlowableThrowingTest,responseThrowingInOnErrorDeliveredToPlugin/0,false,195,8,2,0,2,2,12,24,0,6,0,12,0,0,0,0,0,0,0,0,5,0,2,1,0,1,37,1,0,false
/Users/thiago/Documents/Thiago/CodeToAnalyze/retrofit/retrofit-adapters/rxjava3/src/test/java/retrofit2/adapter/rxjava3/FlowableThrowingTest.java,retrofit2.adapter.rxjava3.FlowableThrowingTest,responseThrowingInOnNextDeliveredToError/0,false,148,7,3,0,3,1,5,12,0,2,0,5,0,0,0,0,0,0,0,0,2,0,0,1,0,0,16,1,0,false
/Users/thiago/Documents/Thiago/CodeToAnalyze/retrofit/retrofit-adapters/rxjava3/src/test/java/retrofit2/adapter/rxjava3/FlowableThrowingTest.java,retrofit2.adapter.rxjava3.FlowableThrowingTest,responseThrowingInOnCompleteDeliveredToPlugin/0,false,167,7,3,0,3,2,12,20,0,4,0,12,0,0,0,0,0,0,0,0,3,0,2,1,0,1,19,1,0,false
/Users/thiago/Documents/Thiago/CodeToAnalyze/retrofit/retrofit-adapters/rxjava3/src/test/java/retrofit2/adapter/rxjava3/FlowableThrowingTest.java,retrofit2.adapter.rxjava3.FlowableThrowingTest,setUp/0,false,57,6,5,0,5,1,7,4,0,1,0,7,0,0,0,0,0,0,1,0,2,0,0,0,0,0,8,1,0,false
/Users/thiago/Documents/Thiago/CodeToAnalyze/retrofit/retrofit-adapters/rxjava3/src/test/java/retrofit2/adapter/rxjava3/FlowableThrowingTest.java,retrofit2.adapter.rxjava3.FlowableThrowingTest,bodyThrowingInOnErrorDeliveredToPlugin/0,false,115,7,2,0,2,2,12,24,0,6,0,12,0,0,0,0,0,0,0,1,5,0,2,1,0,1,23,1,0,false
/Users/thiago/Documents/Thiago/CodeToAnalyze/retrofit/retrofit-adapters/rxjava3/src/test/java/retrofit2/adapter/rxjava3/FlowableThrowingTest.java,retrofit2.adapter.rxjava3.FlowableThrowingTest,resultThrowingInOnNextDeliveredToError/0,false,228,7,3,0,3,1,5,12,0,2,0,5,0,0,0,0,0,0,0,0,2,0,0,1,0,0,16,1,0,false
/Users/thiago/Documents/Thiago/CodeToAnalyze/retrofit/retrofit-adapters/rxjava3/src/main/java/retrofit2/adapter/rxjava3/ResultObservable.java,retrofit2.adapter.rxjava3.ResultObservable,subscribeActual/1[retrofit2.adapter.rxjava3.Observer<? super retrofit2.adapter.rxjava3.Result<T>>],false,34,4,0,0,0,1,1,3,0,0,1,1,0,0,0,0,0,0,0,0,0,0,0,0,0,0,3,4,0,false
/Users/thiago/Documents/Thiago/CodeToAnalyze/retrofit/retrofit-adapters/rxjava3/src/main/java/retrofit2/adapter/rxjava3/ResultObservable.java,retrofit2.adapter.rxjava3.ResultObservable,ResultObservable/1[retrofit2.adapter.rxjava3.Observable<retrofit2.Response<T>>],true,29,3,0,0,0,1,0,3,0,0,1,0,0,0,0,0,0,0,0,0,1,0,0,0,0,0,3,0,0,false
/Users/thiago/Documents/Thiago/CodeToAnalyze/retrofit/retrofit/src/main/java/retrofit2/Utils.java,retrofit2.Utils,"parameterError/5[java.lang.reflect.Method,java.lang.Throwable,int,java.lang.String,java.lang.Object[]]",false,61,2,4,2,2,1,2,4,1,1,5,2,1,1,0,0,0,0,2,0,1,1,0,0,0,0,9,8,0,false
/Users/thiago/Documents/Thiago/CodeToAnalyze/retrofit/retrofit/src/main/java/retrofit2/Utils.java,retrofit2.Utils,"resolve/3[java.lang.reflect.Type,java.lang.Class<?>,java.lang.reflect.Type]",false,215,4,7,2,5,19,11,62,8,20,3,11,2,2,2,9,0,1,0,7,24,0,5,0,0,0,30,8,0,false
/Users/thiago/Documents/Thiago/CodeToAnalyze/retrofit/retrofit/src/main/java/retrofit2/Utils.java,retrofit2.Utils,"resolveTypeVariable/3[java.lang.reflect.Type,java.lang.Class<?>,java.lang.reflect.TypeVariable<?>]",false,288,1,4,1,3,3,5,10,3,3,3,5,3,1,0,1,0,1,0,0,3,0,1,0,0,0,16,10,0,false
/Users/thiago/Documents/Thiago/CodeToAnalyze/retrofit/retrofit/src/main/java/retrofit2/Utils.java,retrofit2.Utils,throwIfFatal/1[java.lang.Throwable],false,534,0,4,4,0,4,0,11,0,0,1,0,0,0,0,0,0,0,0,0,0,0,1,0,0,0,11,8,0,false
/Users/thiago/Documents/Thiago/CodeToAnalyze/retrofit/retrofit/src/main/java/retrofit2/Utils.java,retrofit2.Utils,"getSupertype/3[java.lang.reflect.Type,java.lang.Class<?>,java.lang.Class<?>]",false,209,1,3,1,2,2,3,4,1,0,3,3,2,3,0,0,0,0,0,0,0,0,1,0,0,0,24,8,0,true
/Users/thiago/Documents/Thiago/CodeToAnalyze/retrofit/retrofit/src/main/java/retrofit2/Utils.java,retrofit2.Utils,"parameterError/4[java.lang.reflect.Method,int,java.lang.String,java.lang.Object[]]",false,66,2,15,13,2,1,2,4,1,1,4,2,1,2,0,0,0,0,2,0,1,1,0,0,0,0,9,8,0,false
/Users/thiago/Documents/Thiago/CodeToAnalyze/retrofit/retrofit/src/main/java/retrofit2/Utils.java,retrofit2.Utils,buffer/1[retrofit2.ResponseBody],false,328,2,2,2,0,1,5,5,1,1,1,5,0,0,0,0,0,0,0,0,1,0,0,0,0,0,8,8,0,false
/Users/thiago/Documents/Thiago/CodeToAnalyze/retrofit/retrofit/src/main/java/retrofit2/Utils.java,retrofit2.Utils,getRawType/1[java.lang.reflect.Type],false,71,1,8,7,1,7,8,23,5,3,1,8,1,0,0,0,0,3,4,2,3,2,2,0,0,0,21,8,0,false
/Users/thiago/Documents/Thiago/CodeToAnalyze/retrofit/retrofit/src/main/java/retrofit2/Utils.java,retrofit2.Utils,"isAnnotationPresent/2[java.lang.annotation.Annotation[],java.lang.Class<? extends java.lang.annotation.Annotation>]",false,319,0,3,3,0,3,1,8,2,0,2,1,0,0,1,0,0,0,0,0,0,0,2,0,0,0,13,8,0,true
/Users/thiago/Documents/Thiago/CodeToAnalyze/retrofit/retrofit/src/main/java/retrofit2/Utils.java,retrofit2.Utils,"getParameterLowerBound/2[int,java.lang.reflect.ParameterizedType]",false,347,0,1,1,0,2,2,7,2,1,2,2,0,0,0,0,0,1,0,1,1,0,1,0,0,0,8,8,0,false
/Users/thiago/Documents/Thiago/CodeToAnalyze/retrofit/retrofit/src/main/java/retrofit2/Utils.java,retrofit2.Utils,"methodError/4[java.lang.reflect.Method,java.lang.Throwable,java.lang.String,java.lang.Object[]]",false,49,1,5,5,0,1,4,4,1,0,4,4,0,0,0,0,0,0,3,0,1,1,0,0,0,0,10,8,0,false
/Users/thiago/Documents/Thiago/CodeToAnalyze/retrofit/retrofit/src/main/java/retrofit2/Utils.java,retrofit2.Utils,"methodError/3[java.lang.reflect.Method,java.lang.String,java.lang.Object[]]",false,43,1,8,7,1,1,1,3,1,0,3,1,1,1,0,0,0,0,0,0,0,0,0,0,0,0,6,8,0,false
/Users/thiago/Documents/Thiago/CodeToAnalyze/retrofit/retrofit/src/main/java/retrofit2/Utils.java,retrofit2.Utils,"indexOf/2[java.lang.Object[],java.lang.Object]",false,191,0,1,1,0,3,1,6,1,1,2,1,0,0,1,0,0,0,0,1,1,0,2,0,0,0,9,10,0,false
/Users/thiago/Documents/Thiago/CodeToAnalyze/retrofit/retrofit/src/main/java/retrofit2/Utils.java,retrofit2.Utils,"equals/2[java.lang.reflect.Type,java.lang.reflect.Type]",false,109,1,5,4,1,11,12,40,11,13,2,12,1,0,0,4,0,5,0,0,13,0,2,0,0,0,35,8,0,true
/Users/thiago/Documents/Thiago/CodeToAnalyze/retrofit/retrofit/src/main/java/retrofit2/Utils.java,retrofit2.Utils,"getParameterUpperBound/2[int,java.lang.reflect.ParameterizedType]",false,334,0,5,5,0,4,2,11,2,2,2,2,0,0,0,0,0,1,3,2,2,1,1,0,0,0,16,8,0,false
/Users/thiago/Documents/Thiago/CodeToAnalyze/retrofit/retrofit/src/main/java/retrofit2/Utils.java,retrofit2.Utils,hasUnresolvableType/1[java.lang.reflect.Type],false,355,2,4,3,1,9,5,25,6,2,1,5,1,0,1,1,0,1,4,0,2,2,3,0,0,0,23,8,0,false
/Users/thiago/Documents/Thiago/CodeToAnalyze/retrofit/retrofit/src/main/java/retrofit2/Utils.java,retrofit2.Utils,Utils/0,true,39,0,0,0,0,1,0,2,0,0,0,0,0,0,0,0,0,0,0,0,0,0,0,0,0,0,1,2,0,false
/Users/thiago/Documents/Thiago/CodeToAnalyze/retrofit/retrofit/src/main/java/retrofit2/Utils.java,retrofit2.Utils,"getGenericSupertype/3[java.lang.reflect.Type,java.lang.Class<?>,java.lang.Class<?>]",false,159,1,4,3,1,10,7,27,6,4,3,7,1,0,2,4,0,0,0,1,5,0,3,0,0,0,25,8,0,true
/Users/thiago/Documents/Thiago/CodeToAnalyze/retrofit/retrofit/src/main/java/retrofit2/Utils.java,retrofit2.Utils,checkNotPrimitive/1[java.lang.reflect.Type],false,312,0,2,2,0,3,1,5,0,0,1,1,0,0,0,0,0,1,0,0,0,0,1,0,0,0,8,8,0,false
/Users/thiago/Documents/Thiago/CodeToAnalyze/retrofit/retrofit/src/main/java/retrofit2/Utils.java,retrofit2.Utils,isUnit/1[java.lang.reflect.Type],false,547,1,2,2,0,3,0,11,2,0,1,0,0,0,0,1,1,0,0,0,1,0,2,0,0,0,14,8,0,false
/Users/thiago/Documents/Thiago/CodeToAnalyze/retrofit/retrofit/src/main/java/retrofit2/Utils.java,retrofit2.Utils,declaringClassOf/1[java.lang.reflect.TypeVariable<?>],false,307,1,1,1,0,2,1,4,1,1,1,1,0,0,0,0,0,0,0,0,1,0,0,0,0,0,18,10,0,true
/Users/thiago/Documents/Thiago/CodeToAnalyze/retrofit/retrofit/src/main/java/retrofit2/Utils.java,retrofit2.Utils,typeToString/1[java.lang.reflect.Type],false,198,0,3,3,0,2,2,3,1,0,1,2,0,0,0,0,0,1,0,0,0,0,0,0,0,0,5,8,0,false
/Users/thiago/Documents/Thiago/CodeToAnalyze/retrofit/retrofit/android-test/src/androidTest/java/retrofit2/CompletableFutureAndroidTest.java,retrofit2.CompletableFutureAndroidTest$Service,endpoint/0,false,35,1,1,1,0,1,0,1,0,0,0,0,0,0,0,0,0,0,1,0,0,0,0,0,0,0,1,0,0,false
/Users/thiago/Documents/Thiago/CodeToAnalyze/retrofit/retrofit-adapters/rxjava3/src/test/java/retrofit2/adapter/rxjava3/SingleThrowingTest.java,retrofit2.adapter.rxjava3.SingleThrowingTest$ForwardingObserver,onError/1[java.lang.Throwable],false,272,0,0,0,0,1,1,3,0,0,1,1,0,0,0,0,0,0,0,0,0,0,0,0,0,0,4,1,0,false
/Users/thiago/Documents/Thiago/CodeToAnalyze/retrofit/retrofit-adapters/rxjava3/src/test/java/retrofit2/adapter/rxjava3/SingleThrowingTest.java,retrofit2.adapter.rxjava3.SingleThrowingTest$ForwardingObserver,ForwardingObserver/1[retrofit2.adapter.rxjava3.SingleObserver<T>],true,257,1,0,0,0,1,0,3,0,0,1,0,0,0,0,0,0,0,0,0,1,0,0,0,0,0,3,0,0,false
/Users/thiago/Documents/Thiago/CodeToAnalyze/retrofit/retrofit-adapters/rxjava3/src/test/java/retrofit2/adapter/rxjava3/SingleThrowingTest.java,retrofit2.adapter.rxjava3.SingleThrowingTest$ForwardingObserver,onSuccess/1[T],false,267,1,0,0,0,1,1,3,0,0,1,1,0,0,0,0,0,0,0,0,0,0,0,0,0,0,4,1,0,false
/Users/thiago/Documents/Thiago/CodeToAnalyze/retrofit/retrofit-adapters/rxjava3/src/test/java/retrofit2/adapter/rxjava3/SingleThrowingTest.java,retrofit2.adapter.rxjava3.SingleThrowingTest$ForwardingObserver,onSubscribe/1[retrofit2.adapter.rxjava3.Disposable],false,262,1,0,0,0,1,1,3,0,0,1,1,0,0,0,0,0,0,0,0,0,0,0,0,0,0,4,1,0,false
/Users/thiago/Documents/Thiago/CodeToAnalyze/retrofit/samples/src/main/java/com/example/retrofit/ErrorHandlingAdapter.java,com.example.retrofit.ErrorHandlingAdapter,main/1[java.lang.String[]],false,175,8,11,0,11,1,8,26,0,3,1,8,0,0,0,0,0,0,1,0,3,0,0,1,0,0,29,9,0,false
/Users/thiago/Documents/Thiago/CodeToAnalyze/retrofit/retrofit-adapters/scala/src/main/java/retrofit2/adapter/scala/ScalaCallAdapterFactory.java,retrofit2.adapter.scala.ScalaCallAdapterFactory,create/0,false,52,1,2,1,1,1,0,3,1,0,0,0,0,0,0,0,0,0,0,0,0,0,0,0,0,0,5,9,0,false
/Users/thiago/Documents/Thiago/CodeToAnalyze/retrofit/retrofit-adapters/scala/src/main/java/retrofit2/adapter/scala/ScalaCallAdapterFactory.java,retrofit2.adapter.scala.ScalaCallAdapterFactory,ScalaCallAdapterFactory/0,true,56,0,1,1,0,1,0,2,0,0,0,0,0,0,0,0,0,0,0,0,0,0,0,0,0,0,4,2,0,false
/Users/thiago/Documents/Thiago/CodeToAnalyze/retrofit/retrofit-adapters/scala/src/main/java/retrofit2/adapter/scala/ScalaCallAdapterFactory.java,retrofit2.adapter.scala.ScalaCallAdapterFactory,"get/3[java.lang.reflect.Type,java.lang.annotation.Annotation[],retrofit2.Retrofit]",false,60,8,4,0,4,5,2,17,3,2,3,2,0,0,0,2,0,2,2,2,2,0,1,0,0,0,22,1,0,false
/Users/thiago/Documents/Thiago/CodeToAnalyze/retrofit/retrofit/src/main/java/retrofit2/HttpServiceMethod.java,retrofit2.HttpServiceMethod,"HttpServiceMethod/3[retrofit2.RequestFactory,okhttp3.Call.Factory,retrofit2.Converter<retrofit2.ResponseBody,ResponseT>]",true,150,5,0,0,0,1,0,5,0,0,3,0,0,0,0,0,0,0,0,0,3,0,0,0,0,0,9,0,0,false
/Users/thiago/Documents/Thiago/CodeToAnalyze/retrofit/retrofit/src/main/java/retrofit2/HttpServiceMethod.java,retrofit2.HttpServiceMethod,"parseAnnotations/3[retrofit2.Retrofit,java.lang.reflect.Method,retrofit2.RequestFactory]",false,38,17,11,1,10,12,15,49,3,12,3,15,0,0,0,4,0,0,7,4,17,3,3,0,0,0,79,8,0,true
/Users/thiago/Documents/Thiago/CodeToAnalyze/retrofit/retrofit/src/main/java/retrofit2/HttpServiceMethod.java,retrofit2.HttpServiceMethod,"createCallAdapter/4[retrofit2.Retrofit,java.lang.reflect.Method,java.lang.reflect.Type,java.lang.annotation.Annotation[]]",false,124,5,2,0,2,2,2,8,1,0,4,2,0,0,0,0,1,0,1,0,0,0,1,0,0,0,13,10,0,false
/Users/thiago/Documents/Thiago/CodeToAnalyze/retrofit/retrofit/src/main/java/retrofit2/HttpServiceMethod.java,retrofit2.HttpServiceMethod,"createResponseConverter/3[retrofit2.Retrofit,java.lang.reflect.Method,java.lang.reflect.Type]",false,134,5,2,0,2,2,3,9,1,1,3,3,0,0,0,0,1,0,1,0,1,0,1,0,0,0,14,10,0,false
/Users/thiago/Documents/Thiago/CodeToAnalyze/retrofit/retrofit/src/main/java/retrofit2/HttpServiceMethod.java,retrofit2.HttpServiceMethod,"invoke/2[java.lang.Object,java.lang.Object[]]",false,157,6,1,0,1,1,1,4,1,1,2,1,0,0,0,0,0,0,0,0,1,0,0,0,0,0,7,16,0,false
/Users/thiago/Documents/Thiago/CodeToAnalyze/retrofit/retrofit/src/main/java/retrofit2/HttpServiceMethod.java,retrofit2.HttpServiceMethod,"adapt/2[retrofit2.Call<ResponseT>,java.lang.Object[]]",false,163,4,0,0,0,1,0,1,0,0,2,0,0,0,0,0,0,0,0,0,0,0,0,0,0,0,4,1028,0,false
/Users/thiago/Documents/Thiago/CodeToAnalyze/retrofit/retrofit/java-test/src/test/java/retrofit2/RetrofitTest.java,retrofit2.RetrofitTest$1MyCallAdapterFactory$Anonymous5,adapt/1[retrofit2.Call<java.lang.Object>],false,397,1,1,0,1,1,1,4,1,0,1,1,0,0,0,0,0,0,0,0,0,0,0,0,0,0,3,1,0,false
/Users/thiago/Documents/Thiago/CodeToAnalyze/retrofit/retrofit/java-test/src/test/java/retrofit2/RetrofitTest.java,retrofit2.RetrofitTest$1MyCallAdapterFactory$Anonymous5,responseType/0,false,392,1,1,0,1,1,1,3,1,0,0,1,0,0,0,0,0,0,0,1,0,0,0,0,0,0,8,1,0,false
/Users/thiago/Documents/Thiago/CodeToAnalyze/retrofit/retrofit/java-test/src/test/java/retrofit2/RequestFactoryTest.java,retrofit2.RequestFactoryTest$107Example,method/1[java.lang.String[]],false,2050,5,0,0,0,1,0,3,1,0,1,0,0,0,0,0,0,0,2,0,0,0,0,0,0,0,5,0,0,false
/Users/thiago/Documents/Thiago/CodeToAnalyze/retrofit/samples/src/main/java/com/example/retrofit/RxJavaObserveOnMainThread.java,com.example.retrofit.RxJavaObserveOnMainThread$ObserveOnMainCallAdapterFactory$Anonymous1,responseType/0,false,77,0,1,0,1,1,1,3,1,0,0,1,0,0,0,0,0,0,0,0,0,0,0,0,0,0,2,1,0,false
/Users/thiago/Documents/Thiago/CodeToAnalyze/retrofit/samples/src/main/java/com/example/retrofit/RxJavaObserveOnMainThread.java,com.example.retrofit.RxJavaObserveOnMainThread$ObserveOnMainCallAdapterFactory$Anonymous1,adapt/1[retrofit2.Call<java.lang.Object>],false,69,2,1,0,1,1,2,4,1,1,1,2,0,0,0,0,0,0,0,0,1,0,0,0,0,0,5,1,0,false
/Users/thiago/Documents/Thiago/CodeToAnalyze/retrofit/retrofit-converters/protobuf/src/test/java/retrofit2/converter/protobuf/ProtoConverterFactoryTest.java,retrofit2.converter.protobuf.ProtoConverterFactoryTest$ThrowingPhone,getDefaultInstanceForType/0,false,275,1,0,0,0,1,1,3,1,0,0,1,0,0,0,0,0,0,0,0,0,0,0,0,0,0,7,1,0,false
/Users/thiago/Documents/Thiago/CodeToAnalyze/retrofit/retrofit-converters/protobuf/src/test/java/retrofit2/converter/protobuf/ProtoConverterFactoryTest.java,retrofit2.converter.protobuf.ProtoConverterFactoryTest$ThrowingPhone,getParserForType/0,false,260,1,0,0,0,1,1,3,1,0,0,1,0,0,0,0,0,0,0,0,0,0,0,0,0,0,6,1,0,false
/Users/thiago/Documents/Thiago/CodeToAnalyze/retrofit/retrofit-converters/protobuf/src/test/java/retrofit2/converter/protobuf/ProtoConverterFactoryTest.java,retrofit2.converter.protobuf.ProtoConverterFactoryTest$ThrowingPhone,ThrowingPhone/1[retrofit2.converter.protobuf.Phone],true,245,1,1,1,0,1,0,3,0,0,1,0,0,0,0,0,0,0,0,0,1,0,0,0,0,0,3,2,0,false
/Users/thiago/Documents/Thiago/CodeToAnalyze/retrofit/retrofit-converters/protobuf/src/test/java/retrofit2/converter/protobuf/ProtoConverterFactoryTest.java,retrofit2.converter.protobuf.ProtoConverterFactoryTest$ThrowingPhone,writeTo/1[retrofit2.converter.protobuf.CodedOutputStream],false,250,1,0,0,0,1,0,3,0,0,1,0,0,0,0,0,0,0,1,0,0,0,0,0,0,0,11,1,0,false
/Users/thiago/Documents/Thiago/CodeToAnalyze/retrofit/retrofit-converters/protobuf/src/test/java/retrofit2/converter/protobuf/ProtoConverterFactoryTest.java,retrofit2.converter.protobuf.ProtoConverterFactoryTest$ThrowingPhone,getSerializedSize/0,false,255,0,0,0,0,1,1,3,1,0,0,1,0,0,0,0,0,0,0,0,0,0,0,0,0,0,3,1,0,false
/Users/thiago/Documents/Thiago/CodeToAnalyze/retrofit/retrofit-converters/protobuf/src/test/java/retrofit2/converter/protobuf/ProtoConverterFactoryTest.java,retrofit2.converter.protobuf.ProtoConverterFactoryTest$ThrowingPhone,newBuilderForType/0,false,265,1,0,0,0,1,1,3,1,0,0,1,0,0,0,0,0,0,0,0,0,0,0,0,0,0,4,1,0,false
/Users/thiago/Documents/Thiago/CodeToAnalyze/retrofit/retrofit-converters/protobuf/src/test/java/retrofit2/converter/protobuf/ProtoConverterFactoryTest.java,retrofit2.converter.protobuf.ProtoConverterFactoryTest$ThrowingPhone,isInitialized/0,false,280,0,0,0,0,1,1,3,1,0,0,1,0,0,0,0,0,0,0,0,0,0,0,0,0,0,2,1,0,false
/Users/thiago/Documents/Thiago/CodeToAnalyze/retrofit/retrofit-converters/protobuf/src/test/java/retrofit2/converter/protobuf/ProtoConverterFactoryTest.java,retrofit2.converter.protobuf.ProtoConverterFactoryTest$ThrowingPhone,toBuilder/0,false,270,1,0,0,0,1,1,3,1,0,0,1,0,0,0,0,0,0,0,0,0,0,0,0,0,0,2,1,0,false
/Users/thiago/Documents/Thiago/CodeToAnalyze/retrofit/retrofit/java-test/src/test/java/retrofit2/RetrofitTest.java,retrofit2.RetrofitTest$Anonymous10,convert/1[retrofit2.ResponseBody],false,1160,2,0,0,0,1,0,3,0,0,1,0,0,0,0,0,0,0,0,0,0,0,0,0,0,0,7,1,0,false
/Users/thiago/Documents/Thiago/CodeToAnalyze/retrofit/retrofit/java-test/src/test/java/retrofit2/RetrofitTest.java,retrofit2.RetrofitTest$Anonymous11,"responseBodyConverter/3[java.lang.reflect.Type,java.lang.annotation.Annotation[],retrofit2.Retrofit]",false,1169,4,4,0,4,2,1,3,1,0,3,1,0,0,0,0,0,0,0,0,0,0,0,0,0,0,9,1,0,false
/Users/thiago/Documents/Thiago/CodeToAnalyze/retrofit/retrofit/java-test/src/test/java/retrofit2/RetrofitTest.java,retrofit2.RetrofitTest$Anonymous12,convert/1[java.lang.Object],false,1255,1,0,0,0,1,0,3,0,0,1,0,0,0,0,0,0,0,0,0,0,0,0,0,0,0,5,1,0,false
/Users/thiago/Documents/Thiago/CodeToAnalyze/retrofit/retrofit/java-test/src/test/java/retrofit2/RequestFactoryTest.java,retrofit2.RequestFactoryTest$140Example,"method/1[java.util.Map<java.lang.String,java.lang.Object>]",false,2802,5,0,0,0,1,0,3,1,0,1,0,0,0,0,0,0,0,1,0,0,0,0,0,0,0,3,0,0,false
/Users/thiago/Documents/Thiago/CodeToAnalyze/retrofit/retrofit/java-test/src/test/java/retrofit2/RetrofitTest.java,retrofit2.RetrofitTest$Anonymous13,"stringConverter/3[java.lang.reflect.Type,java.lang.annotation.Annotation[],retrofit2.Retrofit]",false,1264,3,0,0,0,2,1,3,1,0,3,1,0,0,0,0,0,0,0,0,0,0,0,0,0,0,7,1,0,false
/Users/thiago/Documents/Thiago/CodeToAnalyze/retrofit/samples/src/main/java/com/example/retrofit/DeserializeErrorBody.java,com.example.retrofit.DeserializeErrorBody$Service,getUser/0,false,32,3,1,1,0,1,0,1,0,0,0,0,0,0,0,0,0,0,1,0,0,0,0,0,0,0,2,0,0,false
/Users/thiago/Documents/Thiago/CodeToAnalyze/retrofit/retrofit-adapters/rxjava2/src/test/java/retrofit2/adapter/rxjava2/AsyncTest.java,retrofit2.adapter.rxjava2.AsyncTest$Service,completable/0,false,55,2,5,5,0,1,0,1,0,0,0,0,0,0,0,0,0,0,1,0,0,0,0,0,0,0,2,0,0,false
/Users/thiago/Documents/Thiago/CodeToAnalyze/retrofit/retrofit/java-test/src/test/java/retrofit2/RequestFactoryTest.java,retrofit2.RequestFactoryTest$151Example,method/1[java.lang.String[]],false,3029,4,0,0,0,1,0,3,1,0,1,0,0,0,0,0,0,0,2,0,0,0,0,0,0,0,5,0,0,false
/Users/thiago/Documents/Thiago/CodeToAnalyze/retrofit/retrofit-adapters/rxjava2/src/test/java/retrofit2/adapter/rxjava2/CompletableTest.java,retrofit2.adapter.rxjava2.CompletableTest,setUp/0,false,45,5,4,0,4,1,6,4,0,1,0,6,0,0,0,0,0,0,1,0,2,0,0,0,0,0,5,1,0,false
/Users/thiago/Documents/Thiago/CodeToAnalyze/retrofit/retrofit-adapters/rxjava2/src/test/java/retrofit2/adapter/rxjava2/CompletableTest.java,retrofit2.adapter.rxjava2.CompletableTest,completableSuccess404/0,false,64,6,3,0,3,1,6,6,0,1,0,6,0,0,0,0,0,0,1,1,1,0,0,0,0,0,9,1,0,false
/Users/thiago/Documents/Thiago/CodeToAnalyze/retrofit/retrofit-adapters/rxjava2/src/test/java/retrofit2/adapter/rxjava2/CompletableTest.java,retrofit2.adapter.rxjava2.CompletableTest,subscribeTwice/0,false,83,6,3,0,3,1,6,11,0,3,0,6,0,0,0,0,0,0,2,0,3,0,0,0,0,0,10,1,0,false
/Users/thiago/Documents/Thiago/CodeToAnalyze/retrofit/retrofit-adapters/rxjava2/src/test/java/retrofit2/adapter/rxjava2/CompletableTest.java,retrofit2.adapter.rxjava2.CompletableTest,completableSuccess200/0,false,55,5,3,0,3,1,6,6,0,1,0,6,0,0,0,0,0,0,1,0,1,0,0,0,0,0,8,1,0,false
/Users/thiago/Documents/Thiago/CodeToAnalyze/retrofit/retrofit-adapters/rxjava2/src/test/java/retrofit2/adapter/rxjava2/CompletableTest.java,retrofit2.adapter.rxjava2.CompletableTest,completableFailure/0,false,74,5,3,0,3,1,6,6,0,1,0,6,0,0,0,0,0,0,0,0,1,0,0,0,0,0,22,1,0,false
/Users/thiago/Documents/Thiago/CodeToAnalyze/retrofit/retrofit/test-helpers/src/main/java/retrofit2/helpers/NonMatchingConverterFactory.java,retrofit2.helpers.NonMatchingConverterFactory,"requestBodyConverter/4[java.lang.reflect.Type,java.lang.annotation.Annotation[],java.lang.annotation.Annotation[],retrofit2.Retrofit]",false,41,4,0,0,0,1,0,4,1,0,4,0,0,0,0,0,0,0,0,0,1,0,0,0,0,0,8,1,0,false
/Users/thiago/Documents/Thiago/CodeToAnalyze/retrofit/retrofit/test-helpers/src/main/java/retrofit2/helpers/NonMatchingConverterFactory.java,retrofit2.helpers.NonMatchingConverterFactory,"stringConverter/3[java.lang.reflect.Type,java.lang.annotation.Annotation[],retrofit2.Retrofit]",false,48,3,0,0,0,1,0,4,1,0,3,0,0,0,0,0,0,0,0,0,1,0,0,0,0,0,7,1,0,false
/Users/thiago/Documents/Thiago/CodeToAnalyze/retrofit/retrofit/test-helpers/src/main/java/retrofit2/helpers/NonMatchingConverterFactory.java,retrofit2.helpers.NonMatchingConverterFactory,"responseBodyConverter/3[java.lang.reflect.Type,java.lang.annotation.Annotation[],retrofit2.Retrofit]",false,31,4,0,0,0,1,0,4,1,0,3,0,0,0,0,0,0,0,0,0,1,0,0,0,0,0,8,1,0,false
/Users/thiago/Documents/Thiago/CodeToAnalyze/retrofit/retrofit-converters/simplexml/src/test/java/retrofit2/converter/simplexml/SimpleXmlConverterFactoryTest.java,retrofit2.converter.simplexml.SimpleXmlConverterFactoryTest,bodyWays/0,false,71,7,6,0,6,1,14,11,0,4,0,14,0,0,0,0,0,0,7,2,4,0,0,0,0,0,25,1,0,false
/Users/thiago/Documents/Thiago/CodeToAnalyze/retrofit/retrofit-converters/simplexml/src/test/java/retrofit2/converter/simplexml/SimpleXmlConverterFactoryTest.java,retrofit2.converter.simplexml.SimpleXmlConverterFactoryTest,honorsCharacterEncoding/0,false,91,7,4,0,4,1,11,8,0,4,0,11,0,0,0,0,0,0,5,0,4,0,0,0,0,0,23,1,0,false
/Users/thiago/Documents/Thiago/CodeToAnalyze/retrofit/retrofit-converters/simplexml/src/test/java/retrofit2/converter/simplexml/SimpleXmlConverterFactoryTest.java,retrofit2.converter.simplexml.SimpleXmlConverterFactoryTest,deserializeWrongClass/0,false,125,4,2,0,2,2,8,11,0,1,0,8,0,0,0,0,1,0,2,0,1,0,1,0,0,0,22,1,0,false
/Users/thiago/Documents/Thiago/CodeToAnalyze/retrofit/retrofit-converters/simplexml/src/test/java/retrofit2/converter/simplexml/SimpleXmlConverterFactoryTest.java,retrofit2.converter.simplexml.SimpleXmlConverterFactoryTest,deserializeWrongValue/0,false,107,5,2,0,2,2,10,13,0,2,0,10,0,0,0,0,1,0,2,0,2,0,1,0,0,0,24,1,0,false
/Users/thiago/Documents/Thiago/CodeToAnalyze/retrofit/retrofit-converters/simplexml/src/test/java/retrofit2/converter/simplexml/SimpleXmlConverterFactoryTest.java,retrofit2.converter.simplexml.SimpleXmlConverterFactoryTest,setUp/0,false,59,8,4,0,4,1,6,6,0,3,0,6,0,0,0,0,0,0,1,1,4,0,0,0,0,0,11,1,0,false
/Users/thiago/Documents/Thiago/CodeToAnalyze/retrofit/retrofit-adapters/rxjava2/src/test/java/retrofit2/adapter/rxjava2/FlowableTest.java,retrofit2.adapter.rxjava2.FlowableTest$Service,result/0,false,43,3,3,3,0,1,0,1,0,0,0,0,0,0,0,0,0,0,1,0,0,0,0,0,0,0,1,0,0,false
/Users/thiago/Documents/Thiago/CodeToAnalyze/retrofit/retrofit-adapters/rxjava2/src/test/java/retrofit2/adapter/rxjava2/FlowableTest.java,retrofit2.adapter.rxjava2.FlowableTest$Service,body/0,false,37,2,4,4,0,1,0,1,0,0,0,0,0,0,0,0,0,0,1,0,0,0,0,0,0,0,1,0,0,false
/Users/thiago/Documents/Thiago/CodeToAnalyze/retrofit/retrofit-adapters/rxjava2/src/test/java/retrofit2/adapter/rxjava2/FlowableTest.java,retrofit2.adapter.rxjava2.FlowableTest$Service,response/0,false,40,3,3,3,0,1,0,1,0,0,0,0,0,0,0,0,0,0,1,0,0,0,0,0,0,0,1,0,0,false
/Users/thiago/Documents/Thiago/CodeToAnalyze/retrofit/retrofit-adapters/rxjava2/src/test/java/retrofit2/adapter/rxjava2/CancelDisposeTestSync.java,retrofit2.adapter.rxjava2.CancelDisposeTestSync$Service,go/0,false,33,2,1,1,0,1,0,1,0,0,0,0,0,0,0,0,0,0,1,0,0,0,0,0,0,0,1,0,0,false
/Users/thiago/Documents/Thiago/CodeToAnalyze/retrofit/retrofit/java-test/src/test/java/retrofit2/RequestFactoryBuilderTest.java,retrofit2.RequestFactoryBuilderTest,pathParameterParsing/0,false,26,2,1,0,1,1,1,18,0,0,0,1,1,1,0,0,0,0,29,0,0,0,0,0,0,0,21,1,0,false
/Users/thiago/Documents/Thiago/CodeToAnalyze/retrofit/retrofit/java-test/src/test/java/retrofit2/RequestFactoryBuilderTest.java,retrofit2.RequestFactoryBuilderTest,"expectParams/2[java.lang.String,java.lang.String[]]",false,45,1,2,1,1,1,3,4,0,1,2,3,0,0,0,0,0,0,0,0,1,0,0,0,0,0,7,10,0,false
/Users/thiago/Documents/Thiago/CodeToAnalyze/retrofit/retrofit-adapters/rxjava3/src/test/java/retrofit2/adapter/rxjava3/ObservableThrowingTest.java,retrofit2.adapter.rxjava3.ObservableThrowingTest,resultThrowingInOnErrorDeliveredToPlugin/0,false,275,8,2,0,2,2,11,24,0,6,0,11,0,0,0,0,0,0,0,0,5,0,2,1,0,1,25,1,0,false
/Users/thiago/Documents/Thiago/CodeToAnalyze/retrofit/retrofit-adapters/rxjava3/src/test/java/retrofit2/adapter/rxjava3/ObservableThrowingTest.java,retrofit2.adapter.rxjava3.ObservableThrowingTest,resultThrowingInOnCompletedDeliveredToPlugin/0,false,247,7,3,0,3,2,12,20,0,4,0,12,0,0,0,0,0,0,0,0,3,0,2,1,0,1,20,1,0,false
/Users/thiago/Documents/Thiago/CodeToAnalyze/retrofit/retrofit-adapters/rxjava3/src/test/java/retrofit2/adapter/rxjava3/ObservableThrowingTest.java,retrofit2.adapter.rxjava3.ObservableThrowingTest,bodyThrowingInOnCompleteDeliveredToPlugin/0,false,87,6,3,0,3,2,12,20,0,4,0,12,0,0,0,0,0,0,0,0,3,0,2,1,0,1,19,1,0,false
/Users/thiago/Documents/Thiago/CodeToAnalyze/retrofit/retrofit-adapters/rxjava3/src/test/java/retrofit2/adapter/rxjava3/ObservableThrowingTest.java,retrofit2.adapter.rxjava3.ObservableThrowingTest,bodyThrowingInOnNextDeliveredToError/0,false,68,6,3,0,3,1,5,12,0,2,0,5,0,0,0,0,0,0,0,0,2,0,0,1,0,0,16,1,0,false
/Users/thiago/Documents/Thiago/CodeToAnalyze/retrofit/retrofit-adapters/rxjava3/src/test/java/retrofit2/adapter/rxjava3/ObservableThrowingTest.java,retrofit2.adapter.rxjava3.ObservableThrowingTest,responseThrowingInOnErrorDeliveredToPlugin/0,false,195,8,2,0,2,2,12,24,0,6,0,12,0,0,0,0,0,0,0,0,5,0,2,1,0,1,37,1,0,false
/Users/thiago/Documents/Thiago/CodeToAnalyze/retrofit/retrofit-adapters/rxjava3/src/test/java/retrofit2/adapter/rxjava3/ObservableThrowingTest.java,retrofit2.adapter.rxjava3.ObservableThrowingTest,responseThrowingInOnNextDeliveredToError/0,false,148,7,3,0,3,1,5,12,0,2,0,5,0,0,0,0,0,0,0,0,2,0,0,1,0,0,16,1,0,false
/Users/thiago/Documents/Thiago/CodeToAnalyze/retrofit/retrofit-adapters/rxjava3/src/test/java/retrofit2/adapter/rxjava3/ObservableThrowingTest.java,retrofit2.adapter.rxjava3.ObservableThrowingTest,responseThrowingInOnCompleteDeliveredToPlugin/0,false,167,7,3,0,3,2,12,20,0,4,0,12,0,0,0,0,0,0,0,0,3,0,2,1,0,1,19,1,0,false
/Users/thiago/Documents/Thiago/CodeToAnalyze/retrofit/retrofit-adapters/rxjava3/src/test/java/retrofit2/adapter/rxjava3/ObservableThrowingTest.java,retrofit2.adapter.rxjava3.ObservableThrowingTest,setUp/0,false,57,6,5,0,5,1,7,4,0,1,0,7,0,0,0,0,0,0,1,0,2,0,0,0,0,0,8,1,0,false
/Users/thiago/Documents/Thiago/CodeToAnalyze/retrofit/retrofit-adapters/rxjava3/src/test/java/retrofit2/adapter/rxjava3/ObservableThrowingTest.java,retrofit2.adapter.rxjava3.ObservableThrowingTest,bodyThrowingInOnErrorDeliveredToPlugin/0,false,115,7,2,0,2,2,12,24,0,6,0,12,0,0,0,0,0,0,0,1,5,0,2,1,0,1,23,1,0,false
/Users/thiago/Documents/Thiago/CodeToAnalyze/retrofit/retrofit-adapters/rxjava3/src/test/java/retrofit2/adapter/rxjava3/ObservableThrowingTest.java,retrofit2.adapter.rxjava3.ObservableThrowingTest,resultThrowingInOnNextDeliveredToError/0,false,228,7,3,0,3,1,5,12,0,2,0,5,0,0,0,0,0,0,0,0,2,0,0,1,0,0,16,1,0,false
/Users/thiago/Documents/Thiago/CodeToAnalyze/retrofit/retrofit/java-test/src/test/java/retrofit2/RequestFactoryTest.java,retrofit2.RequestFactoryTest$159Example,"method/2[java.lang.String,retrofit2.RequestBody]",false,3153,6,0,0,0,1,0,3,1,0,2,0,0,0,0,0,0,0,2,0,0,0,0,0,0,0,5,0,0,false
/Users/thiago/Documents/Thiago/CodeToAnalyze/retrofit/retrofit-adapters/rxjava3/src/test/java/retrofit2/adapter/rxjava3/MaybeTest.java,retrofit2.adapter.rxjava3.MaybeTest,bodySuccess404/0,false,70,6,3,0,3,1,6,6,0,1,0,6,0,0,0,0,0,0,1,1,1,0,0,0,0,0,6,1,0,false
/Users/thiago/Documents/Thiago/CodeToAnalyze/retrofit/retrofit-adapters/rxjava3/src/test/java/retrofit2/adapter/rxjava3/MaybeTest.java,retrofit2.adapter.rxjava3.MaybeTest,resultSuccess200/0,false,117,7,6,0,6,1,12,8,0,2,0,12,0,0,0,0,0,0,1,0,2,0,0,0,0,0,7,1,0,false
/Users/thiago/Documents/Thiago/CodeToAnalyze/retrofit/retrofit-adapters/rxjava3/src/test/java/retrofit2/adapter/rxjava3/MaybeTest.java,retrofit2.adapter.rxjava3.MaybeTest,responseSuccess404/0,false,99,6,4,0,4,1,9,6,0,1,0,9,0,0,0,0,0,0,0,1,1,0,0,0,0,0,7,1,0,false
/Users/thiago/Documents/Thiago/CodeToAnalyze/retrofit/retrofit-adapters/rxjava3/src/test/java/retrofit2/adapter/rxjava3/MaybeTest.java,retrofit2.adapter.rxjava3.MaybeTest,setUp/0,false,50,6,5,0,5,1,7,4,0,1,0,7,0,0,0,0,0,0,1,0,2,0,0,0,0,0,8,1,0,false
/Users/thiago/Documents/Thiago/CodeToAnalyze/retrofit/retrofit-adapters/rxjava3/src/test/java/retrofit2/adapter/rxjava3/MaybeTest.java,retrofit2.adapter.rxjava3.MaybeTest,bodyFailure/0,false,80,5,3,0,3,1,6,6,0,1,0,6,0,0,0,0,0,0,0,0,1,0,0,0,0,0,19,1,0,false
/Users/thiago/Documents/Thiago/CodeToAnalyze/retrofit/retrofit-adapters/rxjava3/src/test/java/retrofit2/adapter/rxjava3/MaybeTest.java,retrofit2.adapter.rxjava3.MaybeTest,responseSuccess200/0,false,89,6,4,0,4,1,9,7,0,2,0,9,0,0,0,0,0,0,1,0,2,0,0,0,0,0,7,1,0,false
/Users/thiago/Documents/Thiago/CodeToAnalyze/retrofit/retrofit-adapters/rxjava3/src/test/java/retrofit2/adapter/rxjava3/MaybeTest.java,retrofit2.adapter.rxjava3.MaybeTest,bodySuccess200/0,false,61,5,3,0,3,1,6,6,0,1,0,6,0,0,0,0,0,0,2,0,1,0,0,0,0,0,5,1,0,false
/Users/thiago/Documents/Thiago/CodeToAnalyze/retrofit/retrofit-adapters/rxjava3/src/test/java/retrofit2/adapter/rxjava3/MaybeTest.java,retrofit2.adapter.rxjava3.MaybeTest,resultSuccess404/0,false,128,7,6,0,6,1,11,8,0,2,0,11,0,0,0,0,0,0,0,1,2,0,0,0,0,0,7,1,0,false
/Users/thiago/Documents/Thiago/CodeToAnalyze/retrofit/retrofit-adapters/rxjava3/src/test/java/retrofit2/adapter/rxjava3/MaybeTest.java,retrofit2.adapter.rxjava3.MaybeTest,responseFailure/0,false,108,6,3,0,3,1,6,6,0,1,0,6,0,0,0,0,0,0,0,0,1,0,0,0,0,0,19,1,0,false
/Users/thiago/Documents/Thiago/CodeToAnalyze/retrofit/retrofit-adapters/rxjava3/src/test/java/retrofit2/adapter/rxjava3/MaybeTest.java,retrofit2.adapter.rxjava3.MaybeTest,resultFailure/0,false,139,6,5,0,5,1,11,8,0,2,0,11,0,0,0,0,0,0,0,0,2,0,0,0,0,0,21,1,1,false
/Users/thiago/Documents/Thiago/CodeToAnalyze/retrofit/retrofit-adapters/rxjava3/src/test/java/retrofit2/adapter/rxjava3/MaybeTest.java,retrofit2.adapter.rxjava3.MaybeTest,subscribeTwice/0,false,150,6,3,0,3,1,6,11,0,3,0,6,0,0,0,0,0,0,4,0,3,0,0,0,0,0,7,1,0,false
/Users/thiago/Documents/Thiago/CodeToAnalyze/retrofit/retrofit-adapters/rxjava3/src/test/java/retrofit2/adapter/rxjava3/SingleThrowingTest.java,retrofit2.adapter.rxjava3.SingleThrowingTest,responseThrowingInOnErrorDeliveredToPlugin/0,false,158,8,2,0,2,2,12,24,0,6,0,12,0,0,0,0,0,0,0,0,5,0,2,1,0,1,37,1,0,false
/Users/thiago/Documents/Thiago/CodeToAnalyze/retrofit/retrofit-adapters/rxjava3/src/test/java/retrofit2/adapter/rxjava3/SingleThrowingTest.java,retrofit2.adapter.rxjava3.SingleThrowingTest,resultThrowingInOnErrorDeliveredToPlugin/0,false,219,9,2,0,2,2,11,24,0,6,0,11,0,0,0,0,0,0,1,0,5,0,2,1,0,1,35,1,0,false
/Users/thiago/Documents/Thiago/CodeToAnalyze/retrofit/retrofit-adapters/rxjava3/src/test/java/retrofit2/adapter/rxjava3/SingleThrowingTest.java,retrofit2.adapter.rxjava3.SingleThrowingTest,resultThrowingInOnSuccessDeliveredToPlugin/0,false,191,7,2,0,2,2,11,19,0,4,0,11,0,0,0,0,0,0,0,0,3,0,2,1,0,1,20,1,0,false
/Users/thiago/Documents/Thiago/CodeToAnalyze/retrofit/retrofit-adapters/rxjava3/src/test/java/retrofit2/adapter/rxjava3/SingleThrowingTest.java,retrofit2.adapter.rxjava3.SingleThrowingTest,responseThrowingInOnSuccessDeliveredToPlugin/0,false,131,7,2,0,2,2,11,19,0,4,0,11,0,0,0,0,0,0,0,0,3,0,2,1,0,1,20,1,0,false
/Users/thiago/Documents/Thiago/CodeToAnalyze/retrofit/retrofit-adapters/rxjava3/src/test/java/retrofit2/adapter/rxjava3/SingleThrowingTest.java,retrofit2.adapter.rxjava3.SingleThrowingTest,bodyThrowingInOnSuccessDeliveredToPlugin/0,false,71,6,2,0,2,2,11,19,0,4,0,11,0,0,0,0,0,0,0,0,3,0,2,1,0,1,20,1,0,false
/Users/thiago/Documents/Thiago/CodeToAnalyze/retrofit/retrofit-adapters/rxjava3/src/test/java/retrofit2/adapter/rxjava3/SingleThrowingTest.java,retrofit2.adapter.rxjava3.SingleThrowingTest,bodyThrowingInOnErrorDeliveredToPlugin/0,false,98,7,2,0,2,2,12,24,0,6,0,12,0,0,0,0,0,0,0,1,5,0,2,1,0,1,23,1,0,false
/Users/thiago/Documents/Thiago/CodeToAnalyze/retrofit/retrofit-adapters/rxjava3/src/test/java/retrofit2/adapter/rxjava3/SingleThrowingTest.java,retrofit2.adapter.rxjava3.SingleThrowingTest,setUp/0,false,60,6,5,0,5,1,7,4,0,1,0,7,0,0,0,0,0,0,1,0,2,0,0,0,0,0,8,1,0,false
/Users/thiago/Documents/Thiago/CodeToAnalyze/retrofit/retrofit-converters/scalars/src/main/java/retrofit2/converter/scalars/ScalarResponseBodyConverters.java,retrofit2.converter.scalars.ScalarResponseBodyConverters$ShortResponseBodyConverter,convert/1[retrofit2.converter.scalars.ResponseBody],false,106,1,0,0,0,1,2,3,1,0,1,2,0,0,0,0,0,0,0,0,0,0,0,0,0,0,8,1,0,false
/Users/thiago/Documents/Thiago/CodeToAnalyze/retrofit/retrofit/java-test/src/test/java/retrofit2/RetrofitTest.java,retrofit2.RetrofitTest$2MyConverterFactory,"requestBodyConverter/4[java.lang.reflect.Type,java.lang.annotation.Annotation[],java.lang.annotation.Annotation[],retrofit2.Retrofit]",false,532,4,2,0,2,1,2,5,1,0,4,2,0,0,0,0,0,0,0,0,0,0,0,0,0,0,11,1,0,false
/Users/thiago/Documents/Thiago/CodeToAnalyze/retrofit/retrofit-adapters/rxjava/src/test/java/retrofit2/adapter/rxjava/AsyncTest.java,retrofit2.adapter.rxjava.AsyncTest$Service,completable/0,false,49,2,5,5,0,1,0,1,0,0,0,0,0,0,0,0,0,0,1,0,0,0,0,0,0,0,2,0,0,false
/Users/thiago/Documents/Thiago/CodeToAnalyze/retrofit/retrofit-adapters/rxjava/src/main/java/retrofit2/adapter/rxjava/Result.java,retrofit2.adapter.rxjava.Result,"Result/2[retrofit2.Response<T>,java.lang.Throwable]",true,39,3,0,0,0,1,0,4,0,0,2,0,0,0,0,0,0,0,0,0,2,0,0,0,0,0,4,2,0,false
/Users/thiago/Documents/Thiago/CodeToAnalyze/retrofit/retrofit-adapters/rxjava/src/main/java/retrofit2/adapter/rxjava/Result.java,retrofit2.adapter.rxjava.Result,response/0,false,48,3,0,0,0,1,0,3,1,0,0,0,0,0,0,0,0,0,0,0,0,0,0,0,0,0,13,1,0,true
/Users/thiago/Documents/Thiago/CodeToAnalyze/retrofit/retrofit-adapters/rxjava/src/main/java/retrofit2/adapter/rxjava/Result.java,retrofit2.adapter.rxjava.Result,error/0,false,60,1,0,0,0,1,0,3,1,0,0,0,0,0,0,0,0,0,0,0,0,0,0,0,0,0,43,1,0,true
/Users/thiago/Documents/Thiago/CodeToAnalyze/retrofit/retrofit-adapters/rxjava/src/main/java/retrofit2/adapter/rxjava/Result.java,retrofit2.adapter.rxjava.Result,error/1[java.lang.Throwable],false,25,2,4,3,1,2,0,4,1,0,1,0,0,0,0,1,0,0,2,0,0,0,1,0,0,0,6,9,0,false
/Users/thiago/Documents/Thiago/CodeToAnalyze/retrofit/retrofit-adapters/rxjava/src/main/java/retrofit2/adapter/rxjava/Result.java,retrofit2.adapter.rxjava.Result,response/1[retrofit2.Response<T>],false,31,3,1,0,1,2,0,4,1,0,1,0,0,0,0,1,0,0,2,0,0,0,1,0,0,0,5,9,0,false
/Users/thiago/Documents/Thiago/CodeToAnalyze/retrofit/retrofit-adapters/rxjava/src/main/java/retrofit2/adapter/rxjava/Result.java,retrofit2.adapter.rxjava.Result,toString/0,false,70,0,0,0,0,2,0,6,2,0,0,0,0,0,0,1,0,0,3,0,0,2,1,0,0,0,7,1,0,false
/Users/thiago/Documents/Thiago/CodeToAnalyze/retrofit/retrofit-adapters/rxjava/src/main/java/retrofit2/adapter/rxjava/Result.java,retrofit2.adapter.rxjava.Result,isError/0,false,65,0,0,0,0,2,0,3,1,0,0,0,0,0,0,1,0,0,0,0,0,0,0,0,0,0,11,1,0,true
/Users/thiago/Documents/Thiago/CodeToAnalyze/retrofit/retrofit-converters/protobuf/src/test/java/retrofit2/converter/protobuf/ProtoConverterFactoryTest.java,retrofit2.converter.protobuf.ProtoConverterFactoryTest,deserializeEmpty/0,false,120,6,1,0,1,1,7,7,0,3,0,7,0,0,0,0,0,0,0,0,3,0,0,0,0,0,13,1,0,false
/Users/thiago/Documents/Thiago/CodeToAnalyze/retrofit/retrofit-converters/protobuf/src/test/java/retrofit2/converter/protobuf/ProtoConverterFactoryTest.java,retrofit2.converter.protobuf.ProtoConverterFactoryTest,deserializeWrongValue/0,false,196,7,2,0,2,2,12,14,0,3,0,12,0,0,0,0,1,0,2,0,3,0,1,0,0,0,21,1,0,false
/Users/thiago/Documents/Thiago/CodeToAnalyze/retrofit/retrofit-converters/protobuf/src/test/java/retrofit2/converter/protobuf/ProtoConverterFactoryTest.java,retrofit2.converter.protobuf.ProtoConverterFactoryTest,deserializeWrongClass/0,false,142,5,1,0,1,2,10,12,0,1,0,10,0,0,0,0,1,0,10,0,1,2,1,0,0,0,25,1,0,false
/Users/thiago/Documents/Thiago/CodeToAnalyze/retrofit/retrofit-converters/protobuf/src/test/java/retrofit2/converter/protobuf/ProtoConverterFactoryTest.java,retrofit2.converter.protobuf.ProtoConverterFactoryTest,deserializeUsesRegistry/0,false,130,8,1,0,1,1,11,9,0,4,0,11,0,0,0,0,0,0,2,0,4,0,0,0,0,0,19,1,0,false
/Users/thiago/Documents/Thiago/CodeToAnalyze/retrofit/retrofit-converters/protobuf/src/test/java/retrofit2/converter/protobuf/ProtoConverterFactoryTest.java,retrofit2.converter.protobuf.ProtoConverterFactoryTest,ProtoConverterFactoryTest/1[boolean],true,79,7,7,0,7,2,11,15,0,5,1,11,0,0,0,0,0,0,2,0,10,0,1,0,0,0,13,1,0,false
/Users/thiago/Documents/Thiago/CodeToAnalyze/retrofit/retrofit-converters/protobuf/src/test/java/retrofit2/converter/protobuf/ProtoConverterFactoryTest.java,retrofit2.converter.protobuf.ProtoConverterFactoryTest,serializeIsStreamed/0,false,212,6,3,0,3,1,12,20,0,4,0,12,0,0,0,0,0,0,2,1,4,0,0,1,0,0,25,1,0,false
/Users/thiago/Documents/Thiago/CodeToAnalyze/retrofit/retrofit-converters/protobuf/src/test/java/retrofit2/converter/protobuf/ProtoConverterFactoryTest.java,retrofit2.converter.protobuf.ProtoConverterFactoryTest,serializeAndDeserialize/0,false,105,9,1,0,1,1,17,11,0,5,0,17,0,0,0,0,0,0,5,0,5,0,0,0,0,0,21,1,0,false
/Users/thiago/Documents/Thiago/CodeToAnalyze/retrofit/retrofit-converters/protobuf/src/test/java/retrofit2/converter/protobuf/ProtoConverterFactoryTest.java,retrofit2.converter.protobuf.ProtoConverterFactoryTest,deserializeWrongType/0,false,169,5,1,0,1,2,10,12,0,1,0,10,0,0,0,0,1,0,10,0,1,2,1,0,0,0,25,1,0,false
/Users/thiago/Documents/Thiago/CodeToAnalyze/retrofit/retrofit/test-helpers/src/main/java/retrofit2/helpers/NullObjectConverterFactory.java,retrofit2.helpers.NullObjectConverterFactory,"stringConverter/3[java.lang.reflect.Type,java.lang.annotation.Annotation[],retrofit2.Retrofit]",false,28,3,1,0,1,1,0,8,1,0,3,0,0,0,0,0,0,0,0,0,0,0,0,1,0,0,11,1,0,false
/Users/thiago/Documents/Thiago/CodeToAnalyze/retrofit/samples/src/main/java/com/example/retrofit/Crawler.java,com.example.retrofit.Crawler$Anonymous1,"onResponse/2[retrofit2.Call<com.example.retrofit.Crawler.Page>,retrofit2.Response<com.example.retrofit.Crawler.Page>]",false,71,5,6,0,6,5,11,15,1,3,2,11,0,0,1,1,0,0,2,0,3,2,2,0,0,0,11,1,0,false
/Users/thiago/Documents/Thiago/CodeToAnalyze/retrofit/samples/src/main/java/com/example/retrofit/Crawler.java,com.example.retrofit.Crawler$Anonymous1,"onFailure/2[retrofit2.Call<com.example.retrofit.Crawler.Page>,java.lang.Throwable]",false,92,2,1,0,1,1,3,3,0,0,2,3,0,0,0,0,0,0,1,0,0,1,0,0,0,0,3,1,0,false
/Users/thiago/Documents/Thiago/CodeToAnalyze/retrofit/retrofit-adapters/rxjava2/src/main/java/retrofit2/adapter/rxjava2/BodyObservable.java,retrofit2.adapter.rxjava2.BodyObservable$BodyObserver,BodyObserver/1[retrofit2.adapter.rxjava2.Observer<? super R>],true,42,1,0,0,0,1,0,3,0,0,1,0,0,0,0,0,0,0,0,0,1,0,0,0,0,0,4,0,0,false
/Users/thiago/Documents/Thiago/CodeToAnalyze/retrofit/retrofit-adapters/rxjava2/src/main/java/retrofit2/adapter/rxjava2/BodyObservable.java,retrofit2.adapter.rxjava2.BodyObservable$BodyObserver,onSubscribe/1[retrofit2.adapter.rxjava2.Disposable],false,47,1,0,0,0,1,1,3,0,0,1,1,0,0,0,0,0,0,0,0,0,0,0,0,0,0,4,1,0,false
/Users/thiago/Documents/Thiago/CodeToAnalyze/retrofit/retrofit-adapters/rxjava2/src/main/java/retrofit2/adapter/rxjava2/BodyObservable.java,retrofit2.adapter.rxjava2.BodyObservable$BodyObserver,onComplete/0,false,68,0,0,0,0,2,1,5,0,0,0,1,0,0,0,0,0,0,0,0,0,0,1,0,0,0,3,1,0,false
/Users/thiago/Documents/Thiago/CodeToAnalyze/retrofit/retrofit-adapters/rxjava2/src/main/java/retrofit2/adapter/rxjava2/BodyObservable.java,retrofit2.adapter.rxjava2.BodyObservable$BodyObserver,onError/1[java.lang.Throwable],false,75,0,0,0,0,2,2,10,0,1,1,2,0,0,0,0,0,0,1,0,1,0,1,0,0,0,17,1,0,false
/Users/thiago/Documents/Thiago/CodeToAnalyze/retrofit/retrofit-adapters/rxjava2/src/main/java/retrofit2/adapter/rxjava2/BodyObservable.java,retrofit2.adapter.rxjava2.BodyObservable$BodyObserver,onNext/1[retrofit2.Response<R>],false,52,4,3,0,3,3,5,16,0,1,1,5,0,0,0,0,1,0,0,0,2,0,2,0,0,0,11,1,0,false
/Users/thiago/Documents/Thiago/CodeToAnalyze/retrofit/retrofit/java-test/src/test/java/retrofit2/RequestFactoryTest.java,retrofit2.RequestFactoryTest$115Example,method/1[MultipartBody.Part],false,2256,6,0,0,0,1,0,3,1,0,1,0,0,0,0,0,0,0,1,0,0,0,0,0,0,0,5,0,0,false
/Users/thiago/Documents/Thiago/CodeToAnalyze/retrofit/retrofit-adapters/rxjava2/src/test/java/retrofit2/adapter/rxjava2/RecordingMaybeObserver.java,retrofit2.adapter.rxjava2.RecordingMaybeObserver,takeError/0,false,73,2,1,0,1,1,6,5,1,1,0,6,0,0,0,0,0,0,1,0,1,1,0,0,0,0,12,1,0,false
/Users/thiago/Documents/Thiago/CodeToAnalyze/retrofit/retrofit-adapters/rxjava2/src/test/java/retrofit2/adapter/rxjava2/RecordingMaybeObserver.java,retrofit2.adapter.rxjava2.RecordingMaybeObserver,assertValue/1[T],false,86,2,1,0,1,1,3,4,1,0,1,3,0,0,0,0,0,0,0,0,0,0,0,0,0,0,6,1,0,false
/Users/thiago/Documents/Thiago/CodeToAnalyze/retrofit/retrofit-adapters/rxjava2/src/test/java/retrofit2/adapter/rxjava2/RecordingMaybeObserver.java,retrofit2.adapter.rxjava2.RecordingMaybeObserver,assertError/1[java.lang.Class<? extends java.lang.Throwable>],false,95,1,1,0,1,1,1,3,0,0,1,1,0,0,0,0,0,0,0,0,0,0,0,0,0,0,5,1,0,false
/Users/thiago/Documents/Thiago/CodeToAnalyze/retrofit/retrofit-adapters/rxjava2/src/test/java/retrofit2/adapter/rxjava2/RecordingMaybeObserver.java,retrofit2.adapter.rxjava2.RecordingMaybeObserver,RecordingMaybeObserver/0,true,37,0,0,0,0,1,0,2,0,0,0,0,0,0,0,0,0,0,0,0,0,0,0,0,0,0,3,2,0,false
/Users/thiago/Documents/Thiago/CodeToAnalyze/retrofit/retrofit-adapters/rxjava2/src/test/java/retrofit2/adapter/rxjava2/RecordingMaybeObserver.java,retrofit2.adapter.rxjava2.RecordingMaybeObserver,"assertError/2[java.lang.Class<? extends java.lang.Throwable>,java.lang.String]",false,99,1,2,0,2,2,6,8,0,1,2,6,0,0,0,1,0,0,0,0,1,0,1,0,0,0,12,1,0,false
/Users/thiago/Documents/Thiago/CodeToAnalyze/retrofit/retrofit-adapters/rxjava2/src/test/java/retrofit2/adapter/rxjava2/RecordingMaybeObserver.java,retrofit2.adapter.rxjava2.RecordingMaybeObserver,assertError/1[java.lang.Throwable],false,91,1,1,0,1,1,3,3,0,0,1,3,0,0,0,0,0,0,0,0,0,0,0,0,0,0,6,1,0,false
/Users/thiago/Documents/Thiago/CodeToAnalyze/retrofit/retrofit-adapters/rxjava2/src/test/java/retrofit2/adapter/rxjava2/RecordingMaybeObserver.java,retrofit2.adapter.rxjava2.RecordingMaybeObserver,onError/1[java.lang.Throwable],false,48,0,0,0,0,1,2,3,0,0,1,2,0,0,0,0,0,0,0,0,0,0,0,0,0,0,4,1,0,false
/Users/thiago/Documents/Thiago/CodeToAnalyze/retrofit/retrofit-adapters/rxjava2/src/test/java/retrofit2/adapter/rxjava2/RecordingMaybeObserver.java,retrofit2.adapter.rxjava2.RecordingMaybeObserver,takeValue/0,false,65,3,1,0,1,1,6,5,1,1,0,6,0,0,0,0,0,0,1,0,1,1,0,0,0,0,13,1,0,false
/Users/thiago/Documents/Thiago/CodeToAnalyze/retrofit/retrofit-adapters/rxjava2/src/test/java/retrofit2/adapter/rxjava2/RecordingMaybeObserver.java,retrofit2.adapter.rxjava2.RecordingMaybeObserver,onComplete/0,false,53,0,0,0,0,1,2,3,0,0,0,2,0,0,0,0,0,0,0,0,0,0,0,0,0,0,2,1,0,false
/Users/thiago/Documents/Thiago/CodeToAnalyze/retrofit/retrofit-adapters/rxjava2/src/test/java/retrofit2/adapter/rxjava2/RecordingMaybeObserver.java,retrofit2.adapter.rxjava2.RecordingMaybeObserver,assertAnyValue/0,false,81,2,1,0,1,1,1,4,1,0,0,1,0,0,0,0,0,0,0,0,0,0,0,0,0,0,4,1,0,false
/Users/thiago/Documents/Thiago/CodeToAnalyze/retrofit/retrofit-adapters/rxjava2/src/test/java/retrofit2/adapter/rxjava2/RecordingMaybeObserver.java,retrofit2.adapter.rxjava2.RecordingMaybeObserver,onSuccess/1[T],false,43,1,0,0,0,1,2,3,0,0,1,2,0,0,0,0,0,0,0,0,0,0,0,0,0,0,4,1,0,false
/Users/thiago/Documents/Thiago/CodeToAnalyze/retrofit/retrofit-adapters/rxjava2/src/test/java/retrofit2/adapter/rxjava2/RecordingMaybeObserver.java,retrofit2.adapter.rxjava2.RecordingMaybeObserver,takeNotification/0,false,57,2,0,0,0,2,1,7,1,1,0,1,0,0,0,1,0,0,1,0,1,0,1,0,0,0,8,2,0,false
/Users/thiago/Documents/Thiago/CodeToAnalyze/retrofit/retrofit-adapters/rxjava2/src/test/java/retrofit2/adapter/rxjava2/RecordingMaybeObserver.java,retrofit2.adapter.rxjava2.RecordingMaybeObserver,onSubscribe/1[retrofit2.adapter.rxjava2.Disposable],false,40,1,0,0,0,1,0,2,0,0,1,0,0,0,0,0,0,0,0,0,0,0,0,0,0,0,4,1,0,false
/Users/thiago/Documents/Thiago/CodeToAnalyze/retrofit/retrofit-adapters/rxjava2/src/test/java/retrofit2/adapter/rxjava2/RecordingMaybeObserver.java,retrofit2.adapter.rxjava2.RecordingMaybeObserver,assertNoEvents/0,false,108,0,0,0,0,1,3,3,0,0,0,3,0,0,0,0,0,0,1,0,0,0,0,0,0,0,7,1,0,false
/Users/thiago/Documents/Thiago/CodeToAnalyze/retrofit/retrofit/kotlin-test/src/test/java/retrofit2/KotlinSuspendRawTest.java,retrofit2.KotlinSuspendRawTest,raw/0,false,40,4,4,0,4,2,9,11,0,2,0,9,0,0,0,0,1,0,3,0,2,1,1,0,0,0,18,1,0,false
/Users/thiago/Documents/Thiago/CodeToAnalyze/retrofit/retrofit-adapters/rxjava3/src/main/java/retrofit2/adapter/rxjava3/HttpException.java,retrofit2.adapter.rxjava3.HttpException,HttpException/1[retrofit2.Response<?>],true,23,1,1,1,0,1,0,3,0,0,1,0,0,0,0,0,0,0,0,0,0,0,0,0,0,0,3,1,0,false
/Users/thiago/Documents/Thiago/CodeToAnalyze/retrofit/retrofit/src/main/java/retrofit2/ParameterHandler.java,retrofit2.ParameterHandler$QueryMap,"QueryMap/4[java.lang.reflect.Method,int,retrofit2.Converter<T,java.lang.String>,boolean]",true,166,2,0,0,0,1,0,6,0,0,4,0,0,0,0,0,0,0,0,0,4,0,0,0,0,0,8,0,0,false
/Users/thiago/Documents/Thiago/CodeToAnalyze/retrofit/retrofit/src/main/java/retrofit2/ParameterHandler.java,retrofit2.ParameterHandler$QueryMap,"apply/2[retrofit2.RequestBuilder,java.util.Map<java.lang.String,T>]",false,174,5,3,0,3,6,8,20,0,3,2,8,0,0,1,4,0,0,8,0,3,2,2,0,0,0,20,0,0,false
/Users/thiago/Documents/Thiago/CodeToAnalyze/retrofit/retrofit/java-test/src/test/java/retrofit2/CallTest.java,retrofit2.CallTest$Service,postRequestBody/1[java.lang.Object],false,70,3,15,15,0,1,0,1,0,0,1,0,0,0,0,0,0,0,2,0,0,0,0,0,0,0,5,0,0,false
/Users/thiago/Documents/Thiago/CodeToAnalyze/retrofit/retrofit/java-test/src/test/java/retrofit2/CallTest.java,retrofit2.CallTest$Service,postString/1[java.lang.String],false,67,3,4,4,0,1,0,1,0,0,1,0,0,0,0,0,0,0,1,0,0,0,0,0,0,0,3,0,0,false
/Users/thiago/Documents/Thiago/CodeToAnalyze/retrofit/retrofit/java-test/src/test/java/retrofit2/CallTest.java,retrofit2.CallTest$Service,getString/0,false,57,2,24,24,0,1,0,1,0,0,0,0,0,0,0,0,0,0,1,0,0,0,0,0,0,0,2,0,0,false
/Users/thiago/Documents/Thiago/CodeToAnalyze/retrofit/retrofit/java-test/src/test/java/retrofit2/CallTest.java,retrofit2.CallTest$Service,getBody/0,false,60,3,2,2,0,1,0,1,0,0,0,0,0,0,0,0,0,0,1,0,0,0,0,0,0,0,2,0,0,false
/Users/thiago/Documents/Thiago/CodeToAnalyze/retrofit/retrofit/java-test/src/test/java/retrofit2/CallTest.java,retrofit2.CallTest$Service,getStreamingBody/0,false,63,4,1,1,0,1,0,1,0,0,0,0,0,0,0,0,0,0,1,0,0,0,0,0,0,0,3,0,0,false
/Users/thiago/Documents/Thiago/CodeToAnalyze/retrofit/retrofit/src/main/java/retrofit2/Retrofit.java,retrofit2.Retrofit,"nextCallAdapter/3[retrofit2.CallAdapter.Factory,java.lang.reflect.Type,java.lang.annotation.Annotation[]]",false,303,3,5,4,1,6,12,24,1,8,3,12,0,0,3,2,0,0,8,2,8,1,2,0,0,0,30,1,0,true
/Users/thiago/Documents/Thiago/CodeToAnalyze/retrofit/retrofit/src/main/java/retrofit2/Retrofit.java,retrofit2.Retrofit,"responseBodyConverter/2[java.lang.reflect.Type,java.lang.annotation.Annotation[]]",false,400,4,9,8,1,1,1,3,1,0,2,1,1,1,0,0,0,0,0,0,0,0,0,0,0,0,20,1,0,true
/Users/thiago/Documents/Thiago/CodeToAnalyze/retrofit/retrofit/src/main/java/retrofit2/Retrofit.java,retrofit2.Retrofit,create/1[java.lang.Class<T>],false,157,2,2,0,2,1,3,15,1,0,1,3,1,2,0,0,0,0,1,0,0,0,0,1,0,0,151,1,0,true
/Users/thiago/Documents/Thiago/CodeToAnalyze/retrofit/retrofit/src/main/java/retrofit2/Retrofit.java,retrofit2.Retrofit,"requestBodyConverter/3[java.lang.reflect.Type,java.lang.annotation.Annotation[],java.lang.annotation.Annotation[]]",false,348,4,4,3,1,1,1,3,1,0,3,1,1,1,0,0,0,0,0,0,0,0,0,0,0,0,21,1,0,true
/Users/thiago/Documents/Thiago/CodeToAnalyze/retrofit/retrofit/src/main/java/retrofit2/Retrofit.java,retrofit2.Retrofit,"nextResponseBodyConverter/3[retrofit2.Converter.Factory,java.lang.reflect.Type,java.lang.annotation.Annotation[]]",false,411,5,3,2,1,6,12,24,1,8,3,12,0,0,3,2,0,0,8,2,8,1,2,0,0,0,30,1,0,true
/Users/thiago/Documents/Thiago/CodeToAnalyze/retrofit/retrofit/src/main/java/retrofit2/Retrofit.java,retrofit2.Retrofit,callFactory/0,false,269,1,4,4,0,1,0,3,1,0,0,0,0,0,0,0,0,0,0,0,0,0,0,0,0,0,19,1,0,true
/Users/thiago/Documents/Thiago/CodeToAnalyze/retrofit/retrofit/src/main/java/retrofit2/Retrofit.java,retrofit2.Retrofit,"nextRequestBodyConverter/4[retrofit2.Converter.Factory,java.lang.reflect.Type,java.lang.annotation.Annotation[],java.lang.annotation.Annotation[]]",false,362,5,4,3,1,6,12,26,1,9,4,12,0,0,3,2,0,0,9,2,9,1,2,0,0,0,32,1,0,true
/Users/thiago/Documents/Thiago/CodeToAnalyze/retrofit/retrofit/src/main/java/retrofit2/Retrofit.java,retrofit2.Retrofit,"callAdapter/2[java.lang.reflect.Type,java.lang.annotation.Annotation[]]",false,292,2,8,7,1,1,1,3,1,0,2,1,1,1,0,0,0,0,0,0,0,0,0,0,0,0,18,1,0,true
/Users/thiago/Documents/Thiago/CodeToAnalyze/retrofit/retrofit/src/main/java/retrofit2/Retrofit.java,retrofit2.Retrofit,converterFactories/0,false,337,1,3,3,0,1,0,3,1,0,0,0,0,0,0,0,0,0,0,0,0,0,0,0,0,0,18,1,0,true
/Users/thiago/Documents/Thiago/CodeToAnalyze/retrofit/retrofit/src/main/java/retrofit2/Retrofit.java,retrofit2.Retrofit,callbackExecutor/0,false,469,1,3,3,0,1,0,3,1,0,0,0,0,0,0,0,0,0,0,0,0,0,0,0,0,0,22,1,0,true
/Users/thiago/Documents/Thiago/CodeToAnalyze/retrofit/retrofit/src/main/java/retrofit2/Retrofit.java,retrofit2.Retrofit,validateServiceInterface/1[java.lang.Class<?>],false,182,2,3,1,2,10,16,26,0,4,1,16,1,1,2,2,0,0,3,2,4,0,3,0,0,0,29,2,0,false
/Users/thiago/Documents/Thiago/CodeToAnalyze/retrofit/retrofit/src/main/java/retrofit2/Retrofit.java,retrofit2.Retrofit,newBuilder/0,false,473,1,5,4,1,1,0,3,1,0,0,0,0,0,0,0,0,0,0,0,0,0,0,0,0,0,2,1,0,false
/Users/thiago/Documents/Thiago/CodeToAnalyze/retrofit/retrofit/src/main/java/retrofit2/Retrofit.java,retrofit2.Retrofit,"loadServiceMethod/2[java.lang.Class<?>,java.lang.reflect.Method]",false,214,1,3,2,1,7,5,33,3,4,2,5,0,0,1,3,1,0,0,0,5,0,5,0,0,0,12,0,0,false
/Users/thiago/Documents/Thiago/CodeToAnalyze/retrofit/retrofit/src/main/java/retrofit2/Retrofit.java,retrofit2.Retrofit,"Retrofit/8[okhttp3.Call.Factory,retrofit2.HttpUrl,java.util.List<retrofit2.Converter.Factory>,int,java.util.List<retrofit2.CallAdapter.Factory>,int,java.util.concurrent.Executor,boolean]",true,97,5,1,1,0,1,0,10,0,0,8,0,0,0,0,0,0,0,0,0,8,0,0,0,0,0,16,0,0,false
/Users/thiago/Documents/Thiago/CodeToAnalyze/retrofit/retrofit/src/main/java/retrofit2/Retrofit.java,retrofit2.Retrofit,baseUrl/0,false,274,1,4,4,0,1,0,3,1,0,0,0,0,0,0,0,0,0,0,0,0,0,0,0,0,0,7,1,0,true
/Users/thiago/Documents/Thiago/CodeToAnalyze/retrofit/retrofit/src/main/java/retrofit2/Retrofit.java,retrofit2.Retrofit,callAdapterFactories/0,false,282,1,4,4,0,1,0,3,1,0,0,0,0,0,0,0,0,0,0,0,0,0,0,0,0,0,13,1,0,true
/Users/thiago/Documents/Thiago/CodeToAnalyze/retrofit/retrofit/src/main/java/retrofit2/Retrofit.java,retrofit2.Retrofit,"stringConverter/2[java.lang.reflect.Type,java.lang.annotation.Annotation[]]",false,447,3,3,2,1,3,5,11,2,3,2,5,0,0,1,1,0,0,2,1,3,0,2,0,0,0,16,1,0,true
/Users/thiago/Documents/Thiago/CodeToAnalyze/retrofit/retrofit-converters/moshi/src/test/java/retrofit2/converter/moshi/MoshiConverterFactoryTest.java,retrofit2.converter.moshi.MoshiConverterFactoryTest$Anonymous1,"onFailure/2[retrofit2.Call<java.lang.Void>,java.lang.Throwable]",false,359,1,0,0,0,1,2,4,0,0,2,2,0,0,0,0,0,0,0,0,0,0,0,0,0,0,3,1,0,false
/Users/thiago/Documents/Thiago/CodeToAnalyze/retrofit/retrofit-converters/moshi/src/test/java/retrofit2/converter/moshi/MoshiConverterFactoryTest.java,retrofit2.converter.moshi.MoshiConverterFactoryTest$Anonymous1,"onResponse/2[retrofit2.Call<java.lang.Void>,retrofit2.Response<java.lang.Void>]",false,354,2,0,0,0,1,1,3,0,0,2,1,0,0,0,0,0,0,0,0,0,0,0,0,0,0,3,1,0,false
/Users/thiago/Documents/Thiago/CodeToAnalyze/retrofit/samples/src/main/java/com/example/retrofit/JsonQueryParameters.java,com.example.retrofit.JsonQueryParameters$JsonStringConverterFactory$DelegateToStringConverter,convert/1[T],false,74,2,0,0,0,1,3,5,1,1,1,3,0,0,0,0,0,0,0,0,1,0,0,0,0,0,8,1,0,false
/Users/thiago/Documents/Thiago/CodeToAnalyze/retrofit/samples/src/main/java/com/example/retrofit/JsonQueryParameters.java,com.example.retrofit.JsonQueryParameters$JsonStringConverterFactory$DelegateToStringConverter,"DelegateToStringConverter/1[retrofit2.Converter<T,com.example.retrofit.RequestBody>]",true,69,3,0,0,0,1,0,3,0,0,1,0,0,0,0,0,0,0,0,0,1,0,0,0,0,0,5,0,0,false
/Users/thiago/Documents/Thiago/CodeToAnalyze/retrofit/retrofit-converters/jackson/src/test/java/retrofit2/converter/jackson/JacksonConverterFactoryTest.java,retrofit2.converter.jackson.JacksonConverterFactoryTest$AnImplementation,AnImplementation/0,true,60,0,0,0,0,1,0,2,0,0,0,0,0,0,0,0,0,0,0,0,0,0,0,0,0,0,2,0,0,false
/Users/thiago/Documents/Thiago/CodeToAnalyze/retrofit/retrofit-converters/jackson/src/test/java/retrofit2/converter/jackson/JacksonConverterFactoryTest.java,retrofit2.converter.jackson.JacksonConverterFactoryTest$AnImplementation,AnImplementation/1[java.lang.String],true,62,0,3,3,0,1,0,3,0,0,1,0,0,0,0,0,0,0,0,0,1,0,0,0,0,0,5,0,0,false
/Users/thiago/Documents/Thiago/CodeToAnalyze/retrofit/retrofit-converters/jackson/src/test/java/retrofit2/converter/jackson/JacksonConverterFactoryTest.java,retrofit2.converter.jackson.JacksonConverterFactoryTest$AnImplementation,getName/0,false,67,0,0,0,0,1,0,3,1,0,0,0,0,0,0,0,0,0,0,0,0,0,0,0,0,0,3,1,0,false
/Users/thiago/Documents/Thiago/CodeToAnalyze/retrofit/retrofit-converters/wire/src/test/java/retrofit2/converter/wire/Phone.java,retrofit2.converter.wire.Phone$Builder,Builder/0,true,71,0,2,2,0,1,0,2,0,0,0,0,0,0,0,0,0,0,0,0,0,0,0,0,0,0,1,1,0,false
/Users/thiago/Documents/Thiago/CodeToAnalyze/retrofit/retrofit-converters/wire/src/test/java/retrofit2/converter/wire/Phone.java,retrofit2.converter.wire.Phone$Builder,number/1[java.lang.String],false,73,1,1,1,0,1,0,4,1,0,1,0,0,0,0,0,0,0,0,0,1,0,0,0,0,0,2,1,0,false
/Users/thiago/Documents/Thiago/CodeToAnalyze/retrofit/retrofit-converters/wire/src/test/java/retrofit2/converter/wire/Phone.java,retrofit2.converter.wire.Phone$Builder,build/0,false,79,1,3,2,1,1,1,3,1,0,0,1,0,0,0,0,0,0,0,0,0,0,0,0,0,0,2,1,0,false
/Users/thiago/Documents/Thiago/CodeToAnalyze/retrofit/retrofit-adapters/rxjava2/src/main/java/retrofit2/adapter/rxjava2/BodyObservable.java,retrofit2.adapter.rxjava2.BodyObservable,subscribeActual/1[retrofit2.adapter.rxjava2.Observer<? super T>],false,34,3,1,0,1,1,1,3,0,0,1,1,0,0,0,0,0,0,0,0,0,0,0,0,0,0,4,4,0,false
/Users/thiago/Documents/Thiago/CodeToAnalyze/retrofit/retrofit-adapters/rxjava2/src/main/java/retrofit2/adapter/rxjava2/BodyObservable.java,retrofit2.adapter.rxjava2.BodyObservable,BodyObservable/1[retrofit2.adapter.rxjava2.Observable<retrofit2.Response<T>>],true,29,3,0,0,0,1,0,3,0,0,1,0,0,0,0,0,0,0,0,0,1,0,0,0,0,0,3,0,0,false
/Users/thiago/Documents/Thiago/CodeToAnalyze/retrofit/retrofit-adapters/rxjava/src/test/java/retrofit2/adapter/rxjava/ObservableThrowingTest.java,retrofit2.adapter.rxjava.ObservableThrowingTest$Anonymous15,onError/1[java.lang.Throwable],false,321,0,0,0,0,1,0,3,0,0,1,0,0,0,0,0,0,0,0,0,0,0,0,0,0,0,5,1,0,false
/Users/thiago/Documents/Thiago/CodeToAnalyze/retrofit/retrofit-adapters/rxjava/src/test/java/retrofit2/adapter/rxjava/ObservableThrowingTest.java,retrofit2.adapter.rxjava.ObservableThrowingTest$Anonymous15,onNext/1[retrofit2.adapter.rxjava.Result<java.lang.String>],false,315,1,0,0,0,1,0,3,0,0,1,0,0,0,0,0,0,0,0,0,0,0,0,0,0,0,4,1,0,false
/Users/thiago/Documents/Thiago/CodeToAnalyze/retrofit/retrofit/java-test/src/test/java/retrofit2/RequestFactoryTest.java,retrofit2.RequestFactoryTest$156Example,method/0,false,3113,4,0,0,0,1,0,3,1,0,0,0,0,0,0,0,0,0,2,0,0,0,0,0,0,0,4,0,0,false
/Users/thiago/Documents/Thiago/CodeToAnalyze/retrofit/retrofit-adapters/rxjava/src/test/java/retrofit2/adapter/rxjava/ObservableThrowingTest.java,retrofit2.adapter.rxjava.ObservableThrowingTest$Anonymous14,handleError/1[java.lang.Throwable],false,300,0,0,0,0,2,2,5,0,0,1,2,0,0,0,0,0,0,0,0,0,0,1,0,0,0,4,1,0,false
/Users/thiago/Documents/Thiago/CodeToAnalyze/retrofit/retrofit-adapters/rxjava/src/test/java/retrofit2/adapter/rxjava/ObservableThrowingTest.java,retrofit2.adapter.rxjava.ObservableThrowingTest$Anonymous13,onCompleted/0,false,282,0,0,0,0,1,0,3,0,0,0,0,0,0,0,0,0,0,0,0,0,0,0,0,0,0,3,1,0,false
/Users/thiago/Documents/Thiago/CodeToAnalyze/retrofit/retrofit-adapters/rxjava/src/test/java/retrofit2/adapter/rxjava/ObservableThrowingTest.java,retrofit2.adapter.rxjava.ObservableThrowingTest$Anonymous12,handleError/1[java.lang.Throwable],false,268,0,0,0,0,2,2,5,0,0,1,2,0,0,0,0,0,0,0,0,0,0,1,0,0,0,4,1,0,false
/Users/thiago/Documents/Thiago/CodeToAnalyze/retrofit/retrofit-adapters/rxjava/src/test/java/retrofit2/adapter/rxjava/ObservableThrowingTest.java,retrofit2.adapter.rxjava.ObservableThrowingTest$Anonymous11,onNext/1[retrofit2.adapter.rxjava.Result<java.lang.String>],false,251,1,0,0,0,1,0,3,0,0,1,0,0,0,0,0,0,0,0,0,0,0,0,0,0,0,4,1,0,false
/Users/thiago/Documents/Thiago/CodeToAnalyze/retrofit/retrofit-adapters/rxjava/src/test/java/retrofit2/adapter/rxjava/ObservableThrowingTest.java,retrofit2.adapter.rxjava.ObservableThrowingTest$Anonymous10,onError/1[java.lang.Throwable],false,228,0,0,0,0,2,2,6,0,0,1,2,0,0,0,0,0,0,0,0,0,0,1,0,0,0,5,1,0,false
/Users/thiago/Documents/Thiago/CodeToAnalyze/retrofit/retrofit/java-test/src/test/java/retrofit2/RequestFactoryTest.java,retrofit2.RequestFactoryTest$8Example,method/1[java.lang.Object],false,210,5,0,0,0,1,0,3,1,0,1,0,0,0,0,0,0,0,2,0,0,0,0,0,0,0,4,0,0,false
/Users/thiago/Documents/Thiago/CodeToAnalyze/retrofit/retrofit-adapters/rxjava/src/main/java/retrofit2/adapter/rxjava/ResultOnSubscribe.java,retrofit2.adapter.rxjava.ResultOnSubscribe,ResultOnSubscribe/1[retrofit2.adapter.rxjava.OnSubscribe<retrofit2.Response<T>>],true,31,3,0,0,0,1,0,3,0,0,1,0,0,0,0,0,0,0,0,0,1,0,0,0,0,0,4,0,0,false
/Users/thiago/Documents/Thiago/CodeToAnalyze/retrofit/retrofit-adapters/rxjava/src/main/java/retrofit2/adapter/rxjava/ResultOnSubscribe.java,retrofit2.adapter.rxjava.ResultOnSubscribe,call/1[retrofit2.adapter.rxjava.Subscriber<? super retrofit2.adapter.rxjava.Result<T>>],false,36,4,1,0,1,1,1,3,0,0,1,1,0,0,0,0,0,0,0,0,0,0,0,0,0,0,2,1,0,false
/Users/thiago/Documents/Thiago/CodeToAnalyze/retrofit/retrofit-adapters/rxjava2/src/main/java/retrofit2/adapter/rxjava2/HttpException.java,retrofit2.adapter.rxjava2.HttpException,HttpException/1[retrofit2.Response<?>],true,23,1,1,1,0,1,0,3,0,0,1,0,0,0,0,0,0,0,0,0,0,0,0,0,0,0,3,1,0,false
/Users/thiago/Documents/Thiago/CodeToAnalyze/retrofit/retrofit-adapters/rxjava3/src/test/java/retrofit2/adapter/rxjava3/FlowableThrowingTest.java,retrofit2.adapter.rxjava3.FlowableThrowingTest$Anonymous3,onError/1[java.lang.Throwable],false,134,0,0,0,0,2,2,6,0,0,1,2,0,0,0,0,0,0,0,0,0,0,1,0,0,0,5,1,0,false
/Users/thiago/Documents/Thiago/CodeToAnalyze/retrofit/retrofit-adapters/rxjava3/src/test/java/retrofit2/adapter/rxjava3/FlowableThrowingTest.java,retrofit2.adapter.rxjava3.FlowableThrowingTest$Anonymous2,onComplete/0,false,105,0,0,0,0,1,0,3,0,0,0,0,0,0,0,0,0,0,0,0,0,0,0,0,0,0,3,1,0,false
/Users/thiago/Documents/Thiago/CodeToAnalyze/retrofit/retrofit/java-test/src/test/java/retrofit2/RequestFactoryTest.java,retrofit2.RequestFactoryTest$5Example,method/1[java.lang.String],false,148,4,0,0,0,1,0,3,1,0,1,0,0,0,0,0,0,0,2,0,0,0,0,0,0,0,3,0,0,false
/Users/thiago/Documents/Thiago/CodeToAnalyze/retrofit/retrofit-adapters/rxjava3/src/test/java/retrofit2/adapter/rxjava3/FlowableThrowingTest.java,retrofit2.adapter.rxjava3.FlowableThrowingTest$Anonymous1,onNext/1[java.lang.String],false,78,0,0,0,0,1,0,3,0,0,1,0,0,0,0,0,0,0,0,0,0,0,0,0,0,0,4,1,0,false
/Users/thiago/Documents/Thiago/CodeToAnalyze/retrofit/retrofit-adapters/rxjava3/src/test/java/retrofit2/adapter/rxjava3/FlowableThrowingTest.java,retrofit2.adapter.rxjava3.FlowableThrowingTest$Anonymous7,onNext/1[retrofit2.adapter.rxjava3.Result<java.lang.String>],false,238,1,0,0,0,1,0,3,0,0,1,0,0,0,0,0,0,0,0,0,0,0,0,0,0,0,4,1,0,false
/Users/thiago/Documents/Thiago/CodeToAnalyze/retrofit/retrofit-adapters/rxjava3/src/test/java/retrofit2/adapter/rxjava3/FlowableThrowingTest.java,retrofit2.adapter.rxjava3.FlowableThrowingTest$Anonymous6,onError/1[java.lang.Throwable],false,214,0,0,0,0,2,2,6,0,0,1,2,0,0,0,0,0,0,0,0,0,0,1,0,0,0,5,1,0,false
/Users/thiago/Documents/Thiago/CodeToAnalyze/retrofit/retrofit-adapters/rxjava3/src/test/java/retrofit2/adapter/rxjava3/FlowableThrowingTest.java,retrofit2.adapter.rxjava3.FlowableThrowingTest$Anonymous5,onComplete/0,false,185,0,0,0,0,1,0,3,0,0,0,0,0,0,0,0,0,0,0,0,0,0,0,0,0,0,3,1,0,false
/Users/thiago/Documents/Thiago/CodeToAnalyze/retrofit/retrofit-adapters/rxjava3/src/test/java/retrofit2/adapter/rxjava3/FlowableThrowingTest.java,retrofit2.adapter.rxjava3.FlowableThrowingTest$Anonymous4,onNext/1[retrofit2.Response<java.lang.String>],false,158,1,0,0,0,1,0,3,0,0,1,0,0,0,0,0,0,0,0,0,0,0,0,0,0,0,4,1,0,false
/Users/thiago/Documents/Thiago/CodeToAnalyze/retrofit/retrofit-converters/gson/src/main/java/retrofit2/converter/gson/GsonConverterFactory.java,retrofit2.converter.gson.GsonConverterFactory,withStreaming/0,false,70,1,2,1,1,1,0,3,1,0,0,0,0,0,0,0,0,0,0,0,0,0,0,0,0,0,36,1,0,true
/Users/thiago/Documents/Thiago/CodeToAnalyze/retrofit/retrofit-converters/gson/src/main/java/retrofit2/converter/gson/GsonConverterFactory.java,retrofit2.converter.gson.GsonConverterFactory,"requestBodyConverter/4[java.lang.reflect.Type,java.lang.annotation.Annotation[],java.lang.annotation.Annotation[],retrofit2.Retrofit]",false,86,5,0,0,0,1,2,4,1,1,4,2,0,0,0,0,0,0,0,0,1,0,0,0,0,0,7,1,0,false
/Users/thiago/Documents/Thiago/CodeToAnalyze/retrofit/retrofit-converters/gson/src/main/java/retrofit2/converter/gson/GsonConverterFactory.java,retrofit2.converter.gson.GsonConverterFactory,"responseBodyConverter/3[java.lang.reflect.Type,java.lang.annotation.Annotation[],retrofit2.Retrofit]",false,76,5,0,0,0,1,2,4,1,1,3,2,0,0,0,0,0,0,0,0,1,0,0,0,0,0,7,1,0,false
/Users/thiago/Documents/Thiago/CodeToAnalyze/retrofit/retrofit-converters/gson/src/main/java/retrofit2/converter/gson/GsonConverterFactory.java,retrofit2.converter.gson.GsonConverterFactory,create/0,false,42,2,7,6,1,1,1,3,1,0,0,1,1,1,0,0,0,0,0,0,0,0,0,0,0,0,29,9,0,true
/Users/thiago/Documents/Thiago/CodeToAnalyze/retrofit/retrofit-converters/gson/src/main/java/retrofit2/converter/gson/GsonConverterFactory.java,retrofit2.converter.gson.GsonConverterFactory,create/1[retrofit2.converter.gson.Gson],false,51,2,4,3,1,2,0,4,1,0,1,0,0,0,0,1,0,0,2,0,0,0,1,0,0,0,35,9,0,true
/Users/thiago/Documents/Thiago/CodeToAnalyze/retrofit/retrofit-converters/gson/src/main/java/retrofit2/converter/gson/GsonConverterFactory.java,retrofit2.converter.gson.GsonConverterFactory,"GsonConverterFactory/2[retrofit2.converter.gson.Gson,boolean]",true,59,1,2,2,0,1,0,4,0,0,2,0,0,0,0,0,0,0,0,0,2,0,0,0,0,0,5,2,0,false
/Users/thiago/Documents/Thiago/CodeToAnalyze/retrofit/retrofit-adapters/rxjava3/src/test/java/retrofit2/adapter/rxjava3/FlowableThrowingTest.java,retrofit2.adapter.rxjava3.FlowableThrowingTest$Anonymous9,onNext/1[retrofit2.adapter.rxjava3.Result<java.lang.String>],false,294,1,0,0,0,1,0,3,0,0,1,0,0,0,0,0,0,0,0,0,0,0,0,0,0,0,4,1,0,false
/Users/thiago/Documents/Thiago/CodeToAnalyze/retrofit/retrofit-adapters/rxjava3/src/test/java/retrofit2/adapter/rxjava3/FlowableThrowingTest.java,retrofit2.adapter.rxjava3.FlowableThrowingTest$Anonymous9,onError/1[java.lang.Throwable],false,300,0,0,0,0,1,0,3,0,0,1,0,0,0,0,0,0,0,0,0,0,0,0,0,0,0,5,1,0,false
/Users/thiago/Documents/Thiago/CodeToAnalyze/retrofit/retrofit-adapters/rxjava3/src/test/java/retrofit2/adapter/rxjava3/FlowableThrowingTest.java,retrofit2.adapter.rxjava3.FlowableThrowingTest$Anonymous8,onComplete/0,false,265,0,0,0,0,1,0,3,0,0,0,0,0,0,0,0,0,0,0,0,0,0,0,0,0,0,3,1,0,false
/Users/thiago/Documents/Thiago/CodeToAnalyze/retrofit/retrofit-converters/protobuf/src/test/java/retrofit2/converter/protobuf/ProtoConverterFactoryTest.java,retrofit2.converter.protobuf.ProtoConverterFactoryTest$Anonymous1,"onResponse/2[retrofit2.Call<retrofit2.converter.protobuf.Phone>,retrofit2.Response<retrofit2.converter.protobuf.Phone>]",false,225,3,0,0,0,1,1,3,0,0,2,1,0,0,0,0,0,0,0,0,0,0,0,0,0,0,3,1,0,false
/Users/thiago/Documents/Thiago/CodeToAnalyze/retrofit/retrofit-converters/protobuf/src/test/java/retrofit2/converter/protobuf/ProtoConverterFactoryTest.java,retrofit2.converter.protobuf.ProtoConverterFactoryTest$Anonymous1,"onFailure/2[retrofit2.Call<retrofit2.converter.protobuf.Phone>,java.lang.Throwable]",false,230,2,0,0,0,1,2,4,0,0,2,2,0,0,0,0,0,0,0,0,0,0,0,0,0,0,3,1,0,false
/Users/thiago/Documents/Thiago/CodeToAnalyze/retrofit/retrofit-mock/src/test/java/retrofit2/mock/BehaviorDelegateTest.java,retrofit2.mock.BehaviorDelegateTest$DoWorkService,response/0,false,40,1,9,9,0,1,0,1,0,0,0,0,0,0,0,0,0,0,0,0,0,0,0,0,0,0,1,0,0,false
/Users/thiago/Documents/Thiago/CodeToAnalyze/retrofit/retrofit-mock/src/test/java/retrofit2/mock/BehaviorDelegateTest.java,retrofit2.mock.BehaviorDelegateTest$DoWorkService,failure/0,false,42,1,3,3,0,1,0,1,0,0,0,0,0,0,0,0,0,0,0,0,0,0,0,0,0,0,1,0,0,false
/Users/thiago/Documents/Thiago/CodeToAnalyze/retrofit/retrofit-adapters/rxjava3/src/test/java/retrofit2/adapter/rxjava3/ObservableTest.java,retrofit2.adapter.rxjava3.ObservableTest,resultSuccess200/0,false,119,7,7,0,7,1,13,9,0,2,0,13,0,0,0,0,0,0,1,0,2,0,0,0,0,0,7,1,0,false
/Users/thiago/Documents/Thiago/CodeToAnalyze/retrofit/retrofit-adapters/rxjava3/src/test/java/retrofit2/adapter/rxjava3/ObservableTest.java,retrofit2.adapter.rxjava3.ObservableTest,responseSuccess200/0,false,90,6,5,0,5,1,9,7,0,1,0,9,0,0,0,0,0,0,0,0,1,0,0,0,0,0,7,1,0,false
/Users/thiago/Documents/Thiago/CodeToAnalyze/retrofit/retrofit-adapters/rxjava3/src/test/java/retrofit2/adapter/rxjava3/ObservableTest.java,retrofit2.adapter.rxjava3.ObservableTest,observableAssembly/0,false,155,3,1,0,1,1,6,10,0,2,0,6,0,0,0,0,1,0,1,0,1,0,1,0,0,1,7,1,0,false
/Users/thiago/Documents/Thiago/CodeToAnalyze/retrofit/retrofit-adapters/rxjava3/src/test/java/retrofit2/adapter/rxjava3/ObservableTest.java,retrofit2.adapter.rxjava3.ObservableTest,resultFailure/0,false,143,6,6,0,6,1,12,9,0,2,0,12,0,0,0,0,0,0,0,0,2,0,0,0,0,0,21,1,1,false
/Users/thiago/Documents/Thiago/CodeToAnalyze/retrofit/retrofit-adapters/rxjava3/src/test/java/retrofit2/adapter/rxjava3/ObservableTest.java,retrofit2.adapter.rxjava3.ObservableTest,setUp/0,false,51,6,5,0,5,1,7,4,0,1,0,7,0,0,0,0,0,0,1,0,2,0,0,0,0,0,8,1,0,false
/Users/thiago/Documents/Thiago/CodeToAnalyze/retrofit/retrofit-adapters/rxjava3/src/test/java/retrofit2/adapter/rxjava3/ObservableTest.java,retrofit2.adapter.rxjava3.ObservableTest,bodyFailure/0,false,81,5,3,0,3,1,6,6,0,1,0,6,0,0,0,0,0,0,0,0,1,0,0,0,0,0,19,1,0,false
/Users/thiago/Documents/Thiago/CodeToAnalyze/retrofit/retrofit-adapters/rxjava3/src/test/java/retrofit2/adapter/rxjava3/ObservableTest.java,retrofit2.adapter.rxjava3.ObservableTest,responseSuccess404/0,false,100,6,5,0,5,1,10,7,0,1,0,10,0,0,0,0,0,0,0,1,1,0,0,0,0,0,7,1,0,false
/Users/thiago/Documents/Thiago/CodeToAnalyze/retrofit/retrofit-adapters/rxjava3/src/test/java/retrofit2/adapter/rxjava3/ObservableTest.java,retrofit2.adapter.rxjava3.ObservableTest,resultSuccess404/0,false,131,7,7,0,7,1,12,9,0,2,0,12,0,0,0,0,0,0,0,1,2,0,0,0,0,0,7,1,0,false
/Users/thiago/Documents/Thiago/CodeToAnalyze/retrofit/retrofit-adapters/rxjava3/src/test/java/retrofit2/adapter/rxjava3/ObservableTest.java,retrofit2.adapter.rxjava3.ObservableTest,bodySuccess200/0,false,62,5,4,0,4,1,7,6,0,1,0,7,0,0,0,0,0,0,2,0,1,0,0,0,0,0,5,1,0,false
/Users/thiago/Documents/Thiago/CodeToAnalyze/retrofit/retrofit-adapters/rxjava3/src/test/java/retrofit2/adapter/rxjava3/ObservableTest.java,retrofit2.adapter.rxjava3.ObservableTest,subscribeTwice/0,false,166,6,4,0,4,1,7,11,0,3,0,7,0,0,0,0,0,0,4,0,3,0,0,0,0,0,7,1,0,false
/Users/thiago/Documents/Thiago/CodeToAnalyze/retrofit/retrofit-adapters/rxjava3/src/test/java/retrofit2/adapter/rxjava3/ObservableTest.java,retrofit2.adapter.rxjava3.ObservableTest,bodySuccess404/0,false,71,6,3,0,3,1,6,6,0,1,0,6,0,0,0,0,0,0,1,1,1,0,0,0,0,0,6,1,0,false
/Users/thiago/Documents/Thiago/CodeToAnalyze/retrofit/retrofit-adapters/rxjava3/src/test/java/retrofit2/adapter/rxjava3/ObservableTest.java,retrofit2.adapter.rxjava3.ObservableTest,responseFailure/0,false,110,6,3,0,3,1,6,6,0,1,0,6,0,0,0,0,0,0,0,0,1,0,0,0,0,0,19,1,0,false
/Users/thiago/Documents/Thiago/CodeToAnalyze/retrofit/retrofit-converters/scalars/src/test/java/retrofit2/converter/scalars/ScalarsConverterPrimitivesFactoryTest.java,retrofit2.converter.scalars.ScalarsConverterPrimitivesFactoryTest,setUp/0,false,94,6,5,0,5,1,7,4,0,1,0,7,0,0,0,0,0,0,1,0,2,0,0,0,0,0,9,1,0,false
/Users/thiago/Documents/Thiago/CodeToAnalyze/retrofit/retrofit-converters/scalars/src/test/java/retrofit2/converter/scalars/ScalarsConverterPrimitivesFactoryTest.java,retrofit2.converter.scalars.ScalarsConverterPrimitivesFactoryTest,supportedResponseTypes/0,false,105,3,8,0,8,3,15,42,0,8,0,15,0,0,0,0,2,0,12,6,8,0,1,0,0,0,31,1,0,false
/Users/thiago/Documents/Thiago/CodeToAnalyze/retrofit/retrofit/src/main/java/retrofit2/CompletableFutureCallAdapterFactory.java,retrofit2.CompletableFutureCallAdapterFactory$CallCancelCompletableFuture,cancel/1[boolean],false,150,1,1,0,1,2,2,6,1,0,1,2,0,0,0,0,0,0,0,0,0,0,1,0,0,0,5,1,0,false
/Users/thiago/Documents/Thiago/CodeToAnalyze/retrofit/retrofit/src/main/java/retrofit2/CompletableFutureCallAdapterFactory.java,retrofit2.CompletableFutureCallAdapterFactory$CallCancelCompletableFuture,CallCancelCompletableFuture/1[retrofit2.Call<?>],true,145,1,0,0,0,1,0,3,0,0,1,0,0,0,0,0,0,0,0,0,1,0,0,0,0,0,5,0,0,false
/Users/thiago/Documents/Thiago/CodeToAnalyze/retrofit/retrofit-adapters/rxjava/src/test/java/retrofit2/adapter/rxjava/RecordingSubscriber.java,retrofit2.adapter.rxjava.RecordingSubscriber$Rule$Anonymous1,evaluate/0,false,144,1,11,0,11,2,2,6,0,0,0,2,0,0,1,0,0,0,0,0,0,0,1,0,0,0,4,1,0,false
/Users/thiago/Documents/Thiago/CodeToAnalyze/retrofit/retrofit-adapters/guava/src/main/java/retrofit2/adapter/guava/GuavaCallAdapterFactory.java,retrofit2.adapter.guava.GuavaCallAdapterFactory$BodyCallAdapter$Anonymous1,"onFailure/2[retrofit2.Call<R>,java.lang.Throwable]",false,116,3,2,0,2,1,1,3,0,0,2,1,0,0,0,0,0,0,0,0,0,0,0,0,0,0,3,1,0,false
/Users/thiago/Documents/Thiago/CodeToAnalyze/retrofit/retrofit-adapters/guava/src/main/java/retrofit2/adapter/guava/GuavaCallAdapterFactory.java,retrofit2.adapter.guava.GuavaCallAdapterFactory$BodyCallAdapter$Anonymous1,"onResponse/2[retrofit2.Call<R>,retrofit2.Response<R>]",false,107,5,7,0,7,2,4,8,0,0,2,4,0,0,0,0,0,0,0,0,0,0,1,0,0,0,5,1,0,false
/Users/thiago/Documents/Thiago/CodeToAnalyze/retrofit/retrofit-adapters/guava/src/main/java/retrofit2/adapter/guava/GuavaCallAdapterFactory.java,retrofit2.adapter.guava.GuavaCallAdapterFactory$BodyCallAdapter,responseType/0,false,96,0,0,0,0,1,0,3,1,0,0,0,0,0,0,0,0,0,0,0,0,0,0,0,0,0,2,1,0,false
/Users/thiago/Documents/Thiago/CodeToAnalyze/retrofit/retrofit-adapters/guava/src/main/java/retrofit2/adapter/guava/GuavaCallAdapterFactory.java,retrofit2.adapter.guava.GuavaCallAdapterFactory$BodyCallAdapter,adapt/1[retrofit2.Call<R>],false,101,5,3,0,3,1,1,18,1,1,1,1,0,0,0,0,0,0,0,0,1,0,0,1,0,0,11,1,0,false
/Users/thiago/Documents/Thiago/CodeToAnalyze/retrofit/retrofit-adapters/guava/src/main/java/retrofit2/adapter/guava/GuavaCallAdapterFactory.java,retrofit2.adapter.guava.GuavaCallAdapterFactory$BodyCallAdapter,BodyCallAdapter/1[java.lang.reflect.Type],true,91,0,0,0,0,1,0,3,0,0,1,0,0,0,0,0,0,0,0,0,1,0,0,0,0,0,5,0,0,false
/Users/thiago/Documents/Thiago/CodeToAnalyze/retrofit/retrofit-adapters/rxjava/src/test/java/retrofit2/adapter/rxjava/SingleWithSchedulerTest.java,retrofit2.adapter.rxjava.SingleWithSchedulerTest$Service,result/0,false,40,3,1,1,0,1,0,1,0,0,0,0,0,0,0,0,0,0,1,0,0,0,0,0,0,0,1,0,0,false
/Users/thiago/Documents/Thiago/CodeToAnalyze/retrofit/retrofit-adapters/rxjava/src/test/java/retrofit2/adapter/rxjava/SingleWithSchedulerTest.java,retrofit2.adapter.rxjava.SingleWithSchedulerTest$Service,body/0,false,34,2,1,1,0,1,0,1,0,0,0,0,0,0,0,0,0,0,1,0,0,0,0,0,0,0,1,0,0,false
/Users/thiago/Documents/Thiago/CodeToAnalyze/retrofit/retrofit-adapters/rxjava/src/test/java/retrofit2/adapter/rxjava/SingleWithSchedulerTest.java,retrofit2.adapter.rxjava.SingleWithSchedulerTest$Service,response/0,false,37,3,1,1,0,1,0,1,0,0,0,0,0,0,0,0,0,0,1,0,0,0,0,0,0,0,1,0,0,false
/Users/thiago/Documents/Thiago/CodeToAnalyze/retrofit/retrofit-converters/scalars/src/test/java/retrofit2/converter/scalars/ScalarsConverterPrimitivesFactoryTest.java,retrofit2.converter.scalars.ScalarsConverterPrimitivesFactoryTest$DirectCallIOException,"DirectCallIOException/2[java.lang.String,java.io.IOException]",true,62,0,1,1,0,1,0,3,0,0,2,0,0,0,0,0,0,0,0,0,0,0,0,0,0,0,6,0,0,false
/Users/thiago/Documents/Thiago/CodeToAnalyze/retrofit/retrofit-mock/src/main/java/retrofit2/mock/BehaviorCall.java,retrofit2.mock.BehaviorCall$Anonymous1,delaySleep/0,false,78,2,5,3,2,3,3,13,2,1,0,3,0,0,0,0,1,0,1,1,1,0,2,0,0,0,18,0,0,false
/Users/thiago/Documents/Thiago/CodeToAnalyze/retrofit/retrofit-mock/src/main/java/retrofit2/mock/BehaviorCall.java,retrofit2.mock.BehaviorCall$Anonymous1,run/0,false,92,6,9,0,9,6,8,30,0,0,0,8,1,1,0,0,0,0,1,0,0,0,2,1,0,0,13,1,0,false
/Users/thiago/Documents/Thiago/CodeToAnalyze/retrofit/retrofit-mock/src/main/java/retrofit2/mock/BehaviorCall.java,retrofit2.mock.BehaviorCall$Anonymous3,"onResponse/2[retrofit2.Call<T>,retrofit2.Response<T>]",false,140,3,14,0,14,1,2,4,0,0,2,2,0,0,0,0,0,0,0,0,0,0,0,0,0,0,3,1,0,false
/Users/thiago/Documents/Thiago/CodeToAnalyze/retrofit/retrofit-mock/src/main/java/retrofit2/mock/BehaviorCall.java,retrofit2.mock.BehaviorCall$Anonymous3,"onFailure/2[retrofit2.Call<T>,java.lang.Throwable]",false,146,2,5,0,5,1,2,4,0,0,2,2,0,0,0,0,0,0,0,0,0,0,0,0,0,0,3,1,0,false
/Users/thiago/Documents/Thiago/CodeToAnalyze/retrofit/retrofit-converters/simplexml/src/main/java/retrofit2/converter/simplexml/SimpleXmlConverterFactory.java,retrofit2.converter.simplexml.SimpleXmlConverterFactory,create/0,false,39,2,3,2,1,1,1,3,1,0,0,1,1,1,0,0,0,0,0,0,0,0,0,0,0,0,11,9,0,true
/Users/thiago/Documents/Thiago/CodeToAnalyze/retrofit/retrofit-converters/simplexml/src/main/java/retrofit2/converter/simplexml/SimpleXmlConverterFactory.java,retrofit2.converter.simplexml.SimpleXmlConverterFactory,"requestBodyConverter/4[java.lang.reflect.Type,java.lang.annotation.Annotation[],java.lang.annotation.Annotation[],retrofit2.Retrofit]",false,87,5,0,0,0,2,0,6,2,0,4,0,0,0,0,0,0,1,0,0,0,0,1,0,0,0,9,1,0,false
/Users/thiago/Documents/Thiago/CodeToAnalyze/retrofit/retrofit-converters/simplexml/src/main/java/retrofit2/converter/simplexml/SimpleXmlConverterFactory.java,retrofit2.converter.simplexml.SimpleXmlConverterFactory,"responseBodyConverter/3[java.lang.reflect.Type,java.lang.annotation.Annotation[],retrofit2.Retrofit]",false,74,4,0,0,0,2,0,7,2,1,3,0,0,0,0,0,0,1,0,0,1,0,1,0,0,0,9,1,0,false
/Users/thiago/Documents/Thiago/CodeToAnalyze/retrofit/retrofit-converters/simplexml/src/main/java/retrofit2/converter/simplexml/SimpleXmlConverterFactory.java,retrofit2.converter.simplexml.SimpleXmlConverterFactory,"SimpleXmlConverterFactory/2[retrofit2.converter.simplexml.Serializer,boolean]",true,63,1,2,2,0,1,0,4,0,0,2,0,0,0,0,0,0,0,0,0,2,0,0,0,0,0,7,2,0,false
/Users/thiago/Documents/Thiago/CodeToAnalyze/retrofit/retrofit-converters/simplexml/src/main/java/retrofit2/converter/simplexml/SimpleXmlConverterFactory.java,retrofit2.converter.simplexml.SimpleXmlConverterFactory,create/1[retrofit2.converter.simplexml.Serializer],false,44,2,3,2,1,1,0,3,1,0,1,0,0,0,0,0,0,0,0,0,0,0,0,0,0,0,11,9,0,true
/Users/thiago/Documents/Thiago/CodeToAnalyze/retrofit/retrofit-converters/simplexml/src/main/java/retrofit2/converter/simplexml/SimpleXmlConverterFactory.java,retrofit2.converter.simplexml.SimpleXmlConverterFactory,createNonStrict/0,false,49,2,1,0,1,1,1,3,1,0,0,1,1,1,0,0,0,0,0,0,0,0,0,0,0,0,15,9,0,true
/Users/thiago/Documents/Thiago/CodeToAnalyze/retrofit/retrofit-converters/simplexml/src/main/java/retrofit2/converter/simplexml/SimpleXmlConverterFactory.java,retrofit2.converter.simplexml.SimpleXmlConverterFactory,createNonStrict/1[retrofit2.converter.simplexml.Serializer],false,55,2,2,1,1,2,0,4,1,0,1,0,0,0,0,1,0,0,2,0,0,0,1,0,0,0,19,9,0,true
/Users/thiago/Documents/Thiago/CodeToAnalyze/retrofit/retrofit-converters/simplexml/src/main/java/retrofit2/converter/simplexml/SimpleXmlConverterFactory.java,retrofit2.converter.simplexml.SimpleXmlConverterFactory,isStrict/0,false,68,0,0,0,0,1,0,3,1,0,0,0,0,0,0,0,0,0,0,0,0,0,0,0,0,0,3,1,0,false
/Users/thiago/Documents/Thiago/CodeToAnalyze/retrofit/retrofit/java-test/src/test/java/retrofit2/RequestFactoryTest.java,retrofit2.RequestFactoryTest$84Example,method/1[java.lang.String],false,1621,4,0,0,0,1,0,3,1,0,1,0,0,0,0,0,0,0,0,0,0,0,0,0,0,0,3,0,0,false
/Users/thiago/Documents/Thiago/CodeToAnalyze/retrofit/retrofit-adapters/rxjava/src/test/java/retrofit2/adapter/rxjava/AsyncTest.java,retrofit2.adapter.rxjava.AsyncTest$Anonymous3,handleError/1[java.lang.Throwable],false,136,0,0,0,0,2,3,6,0,0,1,3,0,0,0,0,0,0,0,0,0,0,1,0,0,0,4,1,0,false
/Users/thiago/Documents/Thiago/CodeToAnalyze/retrofit/retrofit-converters/jackson/src/test/java/retrofit2/converter/jackson/JacksonConverterFactoryTest.java,retrofit2.converter.jackson.JacksonConverterFactoryTest$AnInterface,getName/0,false,54,0,2,2,0,1,0,1,0,0,0,0,0,0,0,0,0,0,0,0,0,0,0,0,0,0,2,0,0,false
/Users/thiago/Documents/Thiago/CodeToAnalyze/retrofit/retrofit-adapters/rxjava/src/test/java/retrofit2/adapter/rxjava/AsyncTest.java,retrofit2.adapter.rxjava.AsyncTest$Anonymous4,onCompleted/0,false,152,0,0,0,0,1,1,3,0,0,0,1,0,0,0,0,0,0,0,0,0,0,0,0,0,0,2,1,0,false
/Users/thiago/Documents/Thiago/CodeToAnalyze/retrofit/retrofit-adapters/rxjava/src/test/java/retrofit2/adapter/rxjava/AsyncTest.java,retrofit2.adapter.rxjava.AsyncTest$Anonymous4,onError/1[java.lang.Throwable],false,157,0,0,0,0,1,1,4,0,0,1,1,0,0,0,0,0,0,0,0,0,0,0,0,0,0,5,1,0,false
/Users/thiago/Documents/Thiago/CodeToAnalyze/retrofit/retrofit-adapters/rxjava/src/test/java/retrofit2/adapter/rxjava/AsyncTest.java,retrofit2.adapter.rxjava.AsyncTest$Anonymous5,handleError/1[java.lang.Throwable],false,178,1,0,0,0,3,3,8,0,0,1,3,0,0,0,0,0,0,0,0,0,0,2,0,0,0,7,1,0,false
/Users/thiago/Documents/Thiago/CodeToAnalyze/retrofit/retrofit/src/main/java/retrofit2/ServiceMethod.java,retrofit2.ServiceMethod,"parseAnnotations/3[retrofit2.Retrofit,java.lang.Class<?>,java.lang.reflect.Method]",false,25,6,5,1,4,3,5,11,1,2,3,5,0,0,0,1,0,0,2,0,2,0,1,0,0,0,19,8,0,false
/Users/thiago/Documents/Thiago/CodeToAnalyze/retrofit/retrofit/src/main/java/retrofit2/ServiceMethod.java,retrofit2.ServiceMethod,"invoke/2[java.lang.Object,java.lang.Object[]]",false,42,2,0,0,0,1,0,1,0,0,2,0,0,0,0,0,0,0,0,0,0,0,0,0,0,0,4,1024,0,false
/Users/thiago/Documents/Thiago/CodeToAnalyze/retrofit/retrofit-adapters/rxjava2/src/main/java/retrofit2/adapter/rxjava2/Result.java,retrofit2.adapter.rxjava2.Result,"Result/2[retrofit2.Response<T>,java.lang.Throwable]",true,39,3,0,0,0,1,0,4,0,0,2,0,0,0,0,0,0,0,0,0,2,0,0,0,0,0,4,2,0,false
/Users/thiago/Documents/Thiago/CodeToAnalyze/retrofit/retrofit-adapters/rxjava2/src/main/java/retrofit2/adapter/rxjava2/Result.java,retrofit2.adapter.rxjava2.Result,response/0,false,48,3,0,0,0,1,0,3,1,0,0,0,0,0,0,0,0,0,0,0,0,0,0,0,0,0,13,1,0,true
/Users/thiago/Documents/Thiago/CodeToAnalyze/retrofit/retrofit-adapters/rxjava2/src/main/java/retrofit2/adapter/rxjava2/Result.java,retrofit2.adapter.rxjava2.Result,error/0,false,60,1,0,0,0,1,0,3,1,0,0,0,0,0,0,0,0,0,0,0,0,0,0,0,0,0,43,1,0,true
/Users/thiago/Documents/Thiago/CodeToAnalyze/retrofit/retrofit-adapters/rxjava2/src/main/java/retrofit2/adapter/rxjava2/Result.java,retrofit2.adapter.rxjava2.Result,error/1[java.lang.Throwable],false,25,2,4,3,1,2,0,4,1,0,1,0,0,0,0,1,0,0,2,0,0,0,1,0,0,0,6,9,0,false
/Users/thiago/Documents/Thiago/CodeToAnalyze/retrofit/retrofit-adapters/rxjava2/src/main/java/retrofit2/adapter/rxjava2/Result.java,retrofit2.adapter.rxjava2.Result,response/1[retrofit2.Response<T>],false,31,3,1,0,1,2,0,4,1,0,1,0,0,0,0,1,0,0,2,0,0,0,1,0,0,0,5,9,0,false
/Users/thiago/Documents/Thiago/CodeToAnalyze/retrofit/retrofit-adapters/rxjava2/src/main/java/retrofit2/adapter/rxjava2/Result.java,retrofit2.adapter.rxjava2.Result,isError/0,false,65,0,0,0,0,2,0,3,1,0,0,0,0,0,0,1,0,0,0,0,0,0,0,0,0,0,11,1,0,true
/Users/thiago/Documents/Thiago/CodeToAnalyze/retrofit/retrofit-adapters/rxjava/src/test/java/retrofit2/adapter/rxjava/AsyncTest.java,retrofit2.adapter.rxjava.AsyncTest$Anonymous6,onCompleted/0,false,196,0,0,0,0,1,1,3,0,0,0,1,0,0,0,0,0,0,0,0,0,0,0,0,0,0,2,1,0,false
/Users/thiago/Documents/Thiago/CodeToAnalyze/retrofit/retrofit-adapters/rxjava/src/test/java/retrofit2/adapter/rxjava/AsyncTest.java,retrofit2.adapter.rxjava.AsyncTest$Anonymous6,onError/1[java.lang.Throwable],false,201,0,0,0,0,1,1,4,0,0,1,1,0,0,0,0,0,0,0,0,0,0,0,0,0,0,5,1,0,false
/Users/thiago/Documents/Thiago/CodeToAnalyze/retrofit/retrofit/test-helpers/src/main/java/retrofit2/helpers/ExampleWithoutParameterNames.java,retrofit2.helpers.ExampleWithoutParameterNames,method/1[java.lang.String],false,24,3,0,0,0,1,0,1,0,0,1,0,0,0,0,0,0,0,1,0,0,0,0,0,0,0,4,0,0,false
/Users/thiago/Documents/Thiago/CodeToAnalyze/retrofit/retrofit-converters/jaxb/src/main/java/retrofit2/converter/jaxb/JaxbConverterFactory.java,retrofit2.converter.jaxb.JaxbConverterFactory,create/0,false,38,1,2,1,1,1,0,3,1,0,0,0,0,0,0,0,0,0,0,0,0,0,0,0,0,0,15,9,0,true
/Users/thiago/Documents/Thiago/CodeToAnalyze/retrofit/retrofit-converters/jaxb/src/main/java/retrofit2/converter/jaxb/JaxbConverterFactory.java,retrofit2.converter.jaxb.JaxbConverterFactory,contextForType/1[java.lang.Class<?>],false,77,1,2,2,0,3,1,8,1,0,1,1,0,0,0,1,1,0,0,0,0,0,1,0,0,0,14,2,0,false
/Users/thiago/Documents/Thiago/CodeToAnalyze/retrofit/retrofit-converters/jaxb/src/main/java/retrofit2/converter/jaxb/JaxbConverterFactory.java,retrofit2.converter.jaxb.JaxbConverterFactory,JaxbConverterFactory/1[retrofit2.converter.jaxb.JAXBContext],true,52,2,2,2,0,1,0,3,0,0,1,0,0,0,0,0,0,0,0,0,1,0,0,0,0,0,9,2,0,false
/Users/thiago/Documents/Thiago/CodeToAnalyze/retrofit/retrofit-converters/jaxb/src/main/java/retrofit2/converter/jaxb/JaxbConverterFactory.java,retrofit2.converter.jaxb.JaxbConverterFactory,"requestBodyConverter/4[java.lang.reflect.Type,java.lang.annotation.Annotation[],java.lang.annotation.Annotation[],retrofit2.Retrofit]",false,61,7,1,0,1,3,2,6,2,0,4,2,1,1,0,0,0,1,0,0,0,0,1,0,0,0,10,1,0,false
/Users/thiago/Documents/Thiago/CodeToAnalyze/retrofit/retrofit-converters/jaxb/src/main/java/retrofit2/converter/jaxb/JaxbConverterFactory.java,retrofit2.converter.jaxb.JaxbConverterFactory,"responseBodyConverter/3[java.lang.reflect.Type,java.lang.annotation.Annotation[],retrofit2.Retrofit]",false,70,7,1,0,1,3,2,6,2,0,3,2,1,1,0,0,0,1,0,0,0,0,1,0,0,0,10,1,0,false
/Users/thiago/Documents/Thiago/CodeToAnalyze/retrofit/retrofit-converters/jaxb/src/main/java/retrofit2/converter/jaxb/JaxbConverterFactory.java,retrofit2.converter.jaxb.JaxbConverterFactory,create/1[retrofit2.converter.jaxb.JAXBContext],false,44,2,2,1,1,2,0,4,1,0,1,0,0,0,0,1,0,0,2,0,0,0,1,0,0,0,18,9,0,true
/Users/thiago/Documents/Thiago/CodeToAnalyze/retrofit/retrofit-adapters/rxjava/src/test/java/retrofit2/adapter/rxjava/AsyncTest.java,retrofit2.adapter.rxjava.AsyncTest$Anonymous1,handleError/1[java.lang.Throwable],false,97,0,0,0,0,2,3,6,0,0,1,3,0,0,0,0,0,0,0,0,0,0,1,0,0,0,4,1,0,false
/Users/thiago/Documents/Thiago/CodeToAnalyze/retrofit/retrofit-adapters/rxjava/src/test/java/retrofit2/adapter/rxjava/AsyncTest.java,retrofit2.adapter.rxjava.AsyncTest$Anonymous2,onError/1[java.lang.Throwable],false,117,0,0,0,0,1,1,3,0,0,1,1,0,0,0,0,0,0,0,0,0,0,0,0,0,0,4,1,0,false
/Users/thiago/Documents/Thiago/CodeToAnalyze/retrofit/retrofit-adapters/rxjava/src/test/java/retrofit2/adapter/rxjava/AsyncTest.java,retrofit2.adapter.rxjava.AsyncTest$Anonymous2,onCompleted/0,false,112,0,0,0,0,1,0,3,0,0,0,0,0,0,0,0,0,0,0,0,0,0,0,0,0,0,3,1,0,false
/Users/thiago/Documents/Thiago/CodeToAnalyze/retrofit/retrofit/java-test/src/test/java/retrofit2/RequestFactoryTest.java,retrofit2.RequestFactoryTest$102Example,method/0,false,1952,3,0,0,0,1,0,3,1,0,0,0,0,0,0,0,0,0,1,0,0,0,0,0,0,0,4,0,0,false
/Users/thiago/Documents/Thiago/CodeToAnalyze/retrofit/retrofit/src/main/java/retrofit2/Platform.java,retrofit2.Platform,(initializer 1),false,28,6,6,0,6,4,1,25,0,0,0,1,0,0,0,0,0,0,3,1,11,0,2,0,0,0,18,8,0,false
/Users/thiago/Documents/Thiago/CodeToAnalyze/retrofit/retrofit/src/main/java/retrofit2/Platform.java,retrofit2.Platform,Platform/0,true,55,0,0,0,0,1,0,2,0,0,0,0,0,0,0,0,0,0,0,0,0,0,0,0,0,0,1,2,0,false
/Users/thiago/Documents/Thiago/CodeToAnalyze/retrofit/retrofit/src/main/java/retrofit2/BuiltInConverters.java,retrofit2.BuiltInConverters$StreamingResponseBodyConverter,convert/1[retrofit2.ResponseBody],false,92,1,0,0,0,1,0,3,1,0,1,0,0,0,0,0,0,0,0,0,0,0,0,0,0,0,4,1,0,false
/Users/thiago/Documents/Thiago/CodeToAnalyze/retrofit/retrofit-adapters/rxjava3/src/test/java/retrofit2/adapter/rxjava3/ObservableWithSchedulerTest.java,retrofit2.adapter.rxjava3.ObservableWithSchedulerTest,responseUsesScheduler/0,false,71,5,5,0,5,1,8,8,0,1,0,8,0,0,0,0,0,0,0,0,1,0,0,0,0,0,6,1,0,false
/Users/thiago/Documents/Thiago/CodeToAnalyze/retrofit/retrofit-adapters/rxjava3/src/test/java/retrofit2/adapter/rxjava3/ObservableWithSchedulerTest.java,retrofit2.adapter.rxjava3.ObservableWithSchedulerTest,setUp/0,false,48,6,5,0,5,1,7,4,0,1,0,7,0,0,0,0,0,0,1,0,2,0,0,0,0,0,9,1,0,false
/Users/thiago/Documents/Thiago/CodeToAnalyze/retrofit/retrofit-adapters/rxjava3/src/test/java/retrofit2/adapter/rxjava3/ObservableWithSchedulerTest.java,retrofit2.adapter.rxjava3.ObservableWithSchedulerTest,resultUsesScheduler/0,false,83,5,5,0,5,1,8,8,0,1,0,8,0,0,0,0,0,0,0,0,1,0,0,0,0,0,6,1,0,false
/Users/thiago/Documents/Thiago/CodeToAnalyze/retrofit/retrofit-adapters/rxjava3/src/test/java/retrofit2/adapter/rxjava3/ObservableWithSchedulerTest.java,retrofit2.adapter.rxjava3.ObservableWithSchedulerTest,bodyUsesScheduler/0,false,59,5,5,0,5,1,8,8,0,1,0,8,0,0,0,0,0,0,0,0,1,0,0,0,0,0,6,1,0,false
/Users/thiago/Documents/Thiago/CodeToAnalyze/retrofit/retrofit-converters/jackson/src/test/java/retrofit2/converter/jackson/JacksonConverterFactoryTest.java,retrofit2.converter.jackson.JacksonConverterFactoryTest$ErroringValue,ErroringValue/1[java.lang.String],true,116,0,1,1,0,1,0,3,0,0,1,0,0,0,0,0,0,0,0,0,1,0,0,0,0,0,4,0,0,false
/Users/thiago/Documents/Thiago/CodeToAnalyze/retrofit/retrofit-converters/moshi/src/main/java/retrofit2/converter/moshi/MoshiStreamingRequestBody.java,retrofit2.converter.moshi.MoshiStreamingRequestBody,contentType/0,false,36,1,0,0,0,1,0,3,1,0,0,0,0,0,0,0,0,0,0,0,0,0,0,0,0,0,12,1,0,false
/Users/thiago/Documents/Thiago/CodeToAnalyze/retrofit/retrofit-converters/moshi/src/main/java/retrofit2/converter/moshi/MoshiStreamingRequestBody.java,retrofit2.converter.moshi.MoshiStreamingRequestBody,writeTo/1[retrofit2.converter.moshi.BufferedSink],false,41,1,0,0,0,1,1,3,0,0,1,1,0,0,0,0,0,0,0,0,0,0,0,0,0,0,8,1,0,false
/Users/thiago/Documents/Thiago/CodeToAnalyze/retrofit/retrofit-converters/moshi/src/main/java/retrofit2/converter/moshi/MoshiStreamingRequestBody.java,retrofit2.converter.moshi.MoshiStreamingRequestBody,"MoshiStreamingRequestBody/2[retrofit2.converter.moshi.JsonAdapter<T>,T]",true,30,2,0,0,0,1,0,4,0,0,2,0,0,0,0,0,0,0,0,0,2,0,0,0,0,0,6,1,0,false
/Users/thiago/Documents/Thiago/CodeToAnalyze/retrofit/retrofit/java-test/src/test/java/retrofit2/RequestFactoryTest.java,retrofit2.RequestFactoryTest$13Example,method/0,false,301,4,0,0,0,1,0,3,1,0,0,0,0,0,0,0,0,0,1,0,0,0,0,0,0,0,2,0,0,false
/Users/thiago/Documents/Thiago/CodeToAnalyze/retrofit/retrofit/java-test/src/test/java/retrofit2/RequestFactoryTest.java,retrofit2.RequestFactoryTest$134Example,"method/2[java.util.List<java.lang.Object>,java.lang.String]",false,2701,5,0,0,0,1,0,3,1,0,2,0,0,0,0,0,0,0,3,0,0,0,0,0,0,0,3,0,0,false
/Users/thiago/Documents/Thiago/CodeToAnalyze/retrofit/retrofit-adapters/rxjava2/src/test/java/retrofit2/adapter/rxjava2/RecordingMaybeObserver.java,retrofit2.adapter.rxjava2.RecordingMaybeObserver$Rule,"apply/2[retrofit2.adapter.rxjava2.Statement,retrofit2.adapter.rxjava2.Description]",false,122,3,0,0,0,1,0,11,1,0,2,0,0,0,0,0,0,0,0,0,0,0,0,1,0,0,7,1,0,false
/Users/thiago/Documents/Thiago/CodeToAnalyze/retrofit/retrofit-adapters/rxjava2/src/test/java/retrofit2/adapter/rxjava2/RecordingMaybeObserver.java,retrofit2.adapter.rxjava2.RecordingMaybeObserver$Rule,create/0,false,115,2,20,19,1,1,1,5,1,1,0,1,0,0,0,0,0,0,0,0,1,0,0,0,0,0,2,1,0,false
/Users/thiago/Documents/Thiago/CodeToAnalyze/retrofit/retrofit-converters/wire/src/test/java/retrofit2/converter/wire/WireConverterFactoryTest.java,retrofit2.converter.wire.WireConverterFactoryTest,WireConverterFactoryTest/1[boolean],true,69,5,5,0,5,2,7,6,0,2,1,7,0,0,0,0,0,0,1,0,4,0,0,0,0,0,9,1,0,false
/Users/thiago/Documents/Thiago/CodeToAnalyze/retrofit/retrofit-converters/wire/src/test/java/retrofit2/converter/wire/WireConverterFactoryTest.java,retrofit2.converter.wire.WireConverterFactoryTest,deserializeWrongType/0,false,164,5,1,0,1,2,10,12,0,1,0,10,0,0,0,0,1,0,10,0,1,2,1,0,0,0,25,1,0,false
/Users/thiago/Documents/Thiago/CodeToAnalyze/retrofit/retrofit-converters/wire/src/test/java/retrofit2/converter/wire/WireConverterFactoryTest.java,retrofit2.converter.wire.WireConverterFactoryTest,serializeAndDeserialize/0,false,82,9,4,0,4,1,13,11,0,5,0,13,0,0,0,0,0,0,5,0,5,0,0,0,0,0,21,1,0,false
/Users/thiago/Documents/Thiago/CodeToAnalyze/retrofit/retrofit-converters/wire/src/test/java/retrofit2/converter/wire/WireConverterFactoryTest.java,retrofit2.converter.wire.WireConverterFactoryTest,deserializeWrongClass/0,false,137,5,1,0,1,2,10,12,0,1,0,10,0,0,0,0,1,0,10,0,1,2,1,0,0,0,25,1,0,false
/Users/thiago/Documents/Thiago/CodeToAnalyze/retrofit/retrofit-converters/wire/src/test/java/retrofit2/converter/wire/WireConverterFactoryTest.java,retrofit2.converter.wire.WireConverterFactoryTest,deserializeEmpty/0,false,127,6,3,0,3,1,6,7,0,3,0,6,0,0,0,0,0,0,0,0,3,0,0,0,0,0,13,1,0,false
/Users/thiago/Documents/Thiago/CodeToAnalyze/retrofit/retrofit-converters/wire/src/test/java/retrofit2/converter/wire/WireConverterFactoryTest.java,retrofit2.converter.wire.WireConverterFactoryTest,deserializeWrongValue/0,false,191,6,2,0,2,2,7,11,0,2,0,7,0,0,0,0,1,0,1,0,2,0,1,0,0,0,17,1,0,false
/Users/thiago/Documents/Thiago/CodeToAnalyze/retrofit/retrofit-converters/wire/src/test/java/retrofit2/converter/wire/WireConverterFactoryTest.java,retrofit2.converter.wire.WireConverterFactoryTest,serializeIsStreamed/0,false,97,5,4,0,4,1,9,20,0,4,0,9,0,0,0,0,0,0,2,1,4,0,0,1,0,0,25,1,0,false
/Users/thiago/Documents/Thiago/CodeToAnalyze/retrofit/retrofit/java-test/src/test/java/retrofit2/DefaultCallAdapterFactoryTest.java,retrofit2.DefaultCallAdapterFactoryTest$EmptyCall,request/0,false,150,1,0,0,0,1,0,3,0,0,0,0,0,0,0,0,0,0,0,0,0,0,0,0,0,0,5,1,0,false
/Users/thiago/Documents/Thiago/CodeToAnalyze/retrofit/retrofit/java-test/src/test/java/retrofit2/DefaultCallAdapterFactoryTest.java,retrofit2.DefaultCallAdapterFactoryTest$EmptyCall,timeout/0,false,155,1,0,0,0,1,0,3,1,0,0,0,0,0,0,0,0,0,0,0,0,0,0,0,0,0,2,1,0,false
/Users/thiago/Documents/Thiago/CodeToAnalyze/retrofit/retrofit/java-test/src/test/java/retrofit2/DefaultCallAdapterFactoryTest.java,retrofit2.DefaultCallAdapterFactoryTest$EmptyCall,execute/0,false,130,1,0,0,0,1,0,3,0,0,0,0,0,0,0,0,0,0,0,0,0,0,0,0,0,0,6,1,0,false
/Users/thiago/Documents/Thiago/CodeToAnalyze/retrofit/retrofit/java-test/src/test/java/retrofit2/DefaultCallAdapterFactoryTest.java,retrofit2.DefaultCallAdapterFactoryTest$EmptyCall,clone/0,false,145,1,0,0,0,1,0,3,0,0,0,0,0,0,0,0,0,0,0,0,0,0,0,0,0,0,4,1,0,false
/Users/thiago/Documents/Thiago/CodeToAnalyze/retrofit/retrofit/java-test/src/test/java/retrofit2/DefaultCallAdapterFactoryTest.java,retrofit2.DefaultCallAdapterFactoryTest$EmptyCall,cancel/0,false,135,0,0,0,0,1,0,3,0,0,0,0,0,0,0,0,0,0,0,0,0,0,0,0,0,0,4,1,0,false
/Users/thiago/Documents/Thiago/CodeToAnalyze/retrofit/retrofit/java-test/src/test/java/retrofit2/DefaultCallAdapterFactoryTest.java,retrofit2.DefaultCallAdapterFactoryTest$EmptyCall,isCanceled/0,false,140,0,0,0,0,1,0,3,1,0,0,0,0,0,0,0,0,0,0,0,0,0,0,0,0,0,3,1,0,false
/Users/thiago/Documents/Thiago/CodeToAnalyze/retrofit/retrofit/java-test/src/test/java/retrofit2/DefaultCallAdapterFactoryTest.java,retrofit2.DefaultCallAdapterFactoryTest$EmptyCall,enqueue/1[retrofit2.Callback<java.lang.String>],false,120,1,0,0,0,1,0,3,0,0,1,0,0,0,0,0,0,0,0,0,0,0,0,0,0,0,5,1,0,false
/Users/thiago/Documents/Thiago/CodeToAnalyze/retrofit/retrofit/java-test/src/test/java/retrofit2/DefaultCallAdapterFactoryTest.java,retrofit2.DefaultCallAdapterFactoryTest$EmptyCall,isExecuted/0,false,125,0,0,0,0,1,0,3,1,0,0,0,0,0,0,0,0,0,0,0,0,0,0,0,0,0,3,1,0,false
/Users/thiago/Documents/Thiago/CodeToAnalyze/retrofit/retrofit/java-test/src/test/java/retrofit2/OptionalConverterFactoryTest.java,retrofit2.OptionalConverterFactoryTest,onlyMatchesOptional/0,false,63,5,3,0,3,1,6,5,0,1,0,6,0,0,0,0,0,0,0,0,1,0,0,0,0,0,12,1,0,false
/Users/thiago/Documents/Thiago/CodeToAnalyze/retrofit/retrofit/java-test/src/test/java/retrofit2/OptionalConverterFactoryTest.java,retrofit2.OptionalConverterFactoryTest,optional/0,false,54,5,3,0,3,1,8,6,0,1,0,8,0,0,0,0,0,0,0,0,1,0,0,0,0,0,8,1,0,false
/Users/thiago/Documents/Thiago/CodeToAnalyze/retrofit/retrofit/java-test/src/test/java/retrofit2/OptionalConverterFactoryTest.java,retrofit2.OptionalConverterFactoryTest,setUp/0,false,44,5,4,0,4,1,5,4,0,1,0,5,0,0,0,0,0,0,1,0,2,0,0,0,0,0,9,1,0,false
/Users/thiago/Documents/Thiago/CodeToAnalyze/retrofit/retrofit-adapters/rxjava2/src/test/java/retrofit2/adapter/rxjava2/RecordingCompletableObserver.java,retrofit2.adapter.rxjava2.RecordingCompletableObserver,takeError/0,false,59,2,3,2,1,1,6,5,1,1,0,6,1,1,0,0,0,0,1,0,1,1,0,0,0,0,12,1,0,false
/Users/thiago/Documents/Thiago/CodeToAnalyze/retrofit/retrofit-adapters/rxjava2/src/test/java/retrofit2/adapter/rxjava2/RecordingCompletableObserver.java,retrofit2.adapter.rxjava2.RecordingCompletableObserver,assertError/1[java.lang.Class<? extends java.lang.Throwable>],false,79,1,2,1,1,1,1,3,0,0,1,1,1,3,0,0,0,0,0,0,0,0,0,0,0,0,5,1,0,false
/Users/thiago/Documents/Thiago/CodeToAnalyze/retrofit/retrofit-adapters/rxjava2/src/test/java/retrofit2/adapter/rxjava2/RecordingCompletableObserver.java,retrofit2.adapter.rxjava2.RecordingCompletableObserver,assertComplete/0,false,67,2,5,3,2,1,6,5,0,1,0,6,2,1,0,0,0,0,1,0,1,1,0,0,0,0,14,1,0,false
/Users/thiago/Documents/Thiago/CodeToAnalyze/retrofit/retrofit-adapters/rxjava2/src/test/java/retrofit2/adapter/rxjava2/RecordingCompletableObserver.java,retrofit2.adapter.rxjava2.RecordingCompletableObserver,onComplete/0,false,42,0,0,0,0,1,2,3,0,0,0,2,0,0,0,0,0,0,0,0,0,0,0,0,0,0,2,1,0,false
/Users/thiago/Documents/Thiago/CodeToAnalyze/retrofit/retrofit-adapters/rxjava2/src/test/java/retrofit2/adapter/rxjava2/RecordingCompletableObserver.java,retrofit2.adapter.rxjava2.RecordingCompletableObserver,"assertError/2[java.lang.Class<? extends java.lang.Throwable>,java.lang.String]",false,83,1,4,2,2,2,6,8,0,1,2,6,2,2,0,1,0,0,0,0,1,0,1,0,0,0,12,1,0,false
/Users/thiago/Documents/Thiago/CodeToAnalyze/retrofit/retrofit-adapters/rxjava2/src/test/java/retrofit2/adapter/rxjava2/RecordingCompletableObserver.java,retrofit2.adapter.rxjava2.RecordingCompletableObserver,assertError/1[java.lang.Throwable],false,75,1,1,0,1,1,3,3,0,0,1,3,1,2,0,0,0,0,0,0,0,0,0,0,0,0,6,1,0,false
/Users/thiago/Documents/Thiago/CodeToAnalyze/retrofit/retrofit-adapters/rxjava2/src/test/java/retrofit2/adapter/rxjava2/RecordingCompletableObserver.java,retrofit2.adapter.rxjava2.RecordingCompletableObserver,RecordingCompletableObserver/0,true,36,0,1,1,0,1,0,2,0,0,0,0,0,0,0,0,0,0,0,0,0,0,0,0,0,0,3,2,0,false
/Users/thiago/Documents/Thiago/CodeToAnalyze/retrofit/retrofit-adapters/rxjava2/src/test/java/retrofit2/adapter/rxjava2/RecordingCompletableObserver.java,retrofit2.adapter.rxjava2.RecordingCompletableObserver,onSubscribe/1[retrofit2.adapter.rxjava2.Disposable],false,39,1,0,0,0,1,0,2,0,0,1,0,0,0,0,0,0,0,0,0,0,0,0,0,0,0,4,1,0,false
/Users/thiago/Documents/Thiago/CodeToAnalyze/retrofit/retrofit-adapters/rxjava2/src/test/java/retrofit2/adapter/rxjava2/RecordingCompletableObserver.java,retrofit2.adapter.rxjava2.RecordingCompletableObserver,assertNoEvents/0,false,92,0,4,4,0,1,3,3,0,0,0,3,0,0,0,0,0,0,1,0,0,0,0,0,0,0,7,1,0,false
/Users/thiago/Documents/Thiago/CodeToAnalyze/retrofit/retrofit-adapters/rxjava2/src/test/java/retrofit2/adapter/rxjava2/RecordingCompletableObserver.java,retrofit2.adapter.rxjava2.RecordingCompletableObserver,onError/1[java.lang.Throwable],false,47,0,0,0,0,1,2,3,0,0,1,2,0,0,0,0,0,0,0,0,0,0,0,0,0,0,4,1,0,false
/Users/thiago/Documents/Thiago/CodeToAnalyze/retrofit/retrofit-adapters/rxjava2/src/test/java/retrofit2/adapter/rxjava2/RecordingCompletableObserver.java,retrofit2.adapter.rxjava2.RecordingCompletableObserver,takeNotification/0,false,51,1,2,2,0,2,1,7,1,1,0,1,0,0,0,1,0,0,1,0,1,0,1,0,0,0,8,2,0,false
/Users/thiago/Documents/Thiago/CodeToAnalyze/retrofit/retrofit/java-test/src/test/java/retrofit2/RequestFactoryTest.java,retrofit2.RequestFactoryTest$145Example,method/0,false,2915,4,0,0,0,1,0,3,1,0,0,0,0,0,0,0,0,0,3,0,0,0,0,0,0,0,7,0,0,false
/Users/thiago/Documents/Thiago/CodeToAnalyze/retrofit/retrofit-converters/jackson/src/test/java/retrofit2/converter/jackson/JacksonCborConverterFactoryTest.java,retrofit2.converter.jackson.JacksonCborConverterFactoryTest$IntWrapper,IntWrapper/1[int],true,41,0,1,1,0,1,0,3,0,0,1,0,0,0,0,0,0,0,0,0,1,0,0,0,0,0,4,1,0,false
/Users/thiago/Documents/Thiago/CodeToAnalyze/retrofit/retrofit-converters/jackson/src/test/java/retrofit2/converter/jackson/JacksonCborConverterFactoryTest.java,retrofit2.converter.jackson.JacksonCborConverterFactoryTest$IntWrapper,IntWrapper/0,true,45,0,0,0,0,1,0,2,0,0,0,0,0,0,0,0,0,0,0,0,0,0,0,0,0,0,2,4,0,false
/Users/thiago/Documents/Thiago/CodeToAnalyze/retrofit/retrofit-converters/jackson/src/main/java/retrofit2/converter/jackson/JacksonConverterFactory.java,retrofit2.converter.jackson.JacksonConverterFactory,create/1[retrofit2.converter.jackson.ObjectMapper],false,49,2,2,1,1,1,1,3,1,0,1,1,1,1,0,0,0,0,0,0,0,0,0,0,0,0,11,9,0,true
/Users/thiago/Documents/Thiago/CodeToAnalyze/retrofit/retrofit-converters/jackson/src/main/java/retrofit2/converter/jackson/JacksonConverterFactory.java,retrofit2.converter.jackson.JacksonConverterFactory,"JacksonConverterFactory/3[retrofit2.converter.jackson.ObjectMapper,retrofit2.converter.jackson.MediaType,boolean]",true,65,2,3,3,0,1,0,5,0,0,3,0,0,0,0,0,0,0,0,0,3,0,0,0,0,0,9,2,0,false
/Users/thiago/Documents/Thiago/CodeToAnalyze/retrofit/retrofit-converters/jackson/src/main/java/retrofit2/converter/jackson/JacksonConverterFactory.java,retrofit2.converter.jackson.JacksonConverterFactory,create/0,false,44,2,1,0,1,1,0,3,1,0,0,0,0,0,0,0,0,0,0,0,0,0,0,0,0,0,11,9,0,true
/Users/thiago/Documents/Thiago/CodeToAnalyze/retrofit/retrofit-converters/jackson/src/main/java/retrofit2/converter/jackson/JacksonConverterFactory.java,retrofit2.converter.jackson.JacksonConverterFactory,withStreaming/0,false,77,1,2,1,1,1,0,3,1,0,0,0,0,0,0,0,0,0,0,0,0,0,0,0,0,0,36,1,0,true
/Users/thiago/Documents/Thiago/CodeToAnalyze/retrofit/retrofit-converters/jackson/src/main/java/retrofit2/converter/jackson/JacksonConverterFactory.java,retrofit2.converter.jackson.JacksonConverterFactory,"create/2[retrofit2.converter.jackson.ObjectMapper,retrofit2.converter.jackson.MediaType]",false,55,3,3,2,1,3,0,5,1,0,2,0,0,0,0,2,0,0,3,0,0,0,1,0,0,0,18,9,0,true
/Users/thiago/Documents/Thiago/CodeToAnalyze/retrofit/retrofit-converters/jackson/src/main/java/retrofit2/converter/jackson/JacksonConverterFactory.java,retrofit2.converter.jackson.JacksonConverterFactory,"responseBodyConverter/3[java.lang.reflect.Type,java.lang.annotation.Annotation[],retrofit2.Retrofit]",false,83,6,0,0,0,1,3,5,1,2,3,3,0,0,0,0,0,0,0,0,2,0,0,0,0,0,11,1,0,false
/Users/thiago/Documents/Thiago/CodeToAnalyze/retrofit/retrofit-converters/jackson/src/main/java/retrofit2/converter/jackson/JacksonConverterFactory.java,retrofit2.converter.jackson.JacksonConverterFactory,"requestBodyConverter/4[java.lang.reflect.Type,java.lang.annotation.Annotation[],java.lang.annotation.Annotation[],retrofit2.Retrofit]",false,94,6,0,0,0,1,3,5,1,2,4,3,0,0,0,0,0,0,0,0,2,0,0,0,0,0,11,1,0,false
/Users/thiago/Documents/Thiago/CodeToAnalyze/retrofit/retrofit-adapters/rxjava/src/test/java/retrofit2/adapter/rxjava/RxJavaPluginsResetRule.java,retrofit2.adapter.rxjava.RxJavaPluginsResetRule$Anonymous1,evaluate/0,false,29,0,11,0,11,1,3,9,0,0,0,3,0,0,0,0,1,0,0,0,0,0,1,0,0,0,2,1,0,false
/Users/thiago/Documents/Thiago/CodeToAnalyze/retrofit/retrofit-converters/gson/src/test/java/retrofit2/converter/gson/GsonConverterFactoryTest.java,retrofit2.converter.gson.GsonConverterFactoryTest$AnInterfaceAdapter,"write/2[retrofit2.converter.gson.JsonWriter,retrofit2.converter.gson.GsonConverterFactoryTest.AnInterface]",false,95,2,1,0,1,1,5,5,0,0,2,5,0,0,0,0,0,0,1,0,0,0,0,0,0,0,8,1,0,false
/Users/thiago/Documents/Thiago/CodeToAnalyze/retrofit/retrofit-converters/gson/src/test/java/retrofit2/converter/gson/GsonConverterFactoryTest.java,retrofit2.converter.gson.GsonConverterFactoryTest$AnInterfaceAdapter,read/1[retrofit2.converter.gson.JsonReader],false,102,3,1,0,1,3,5,13,1,1,1,5,0,0,1,1,0,0,1,0,2,0,2,0,0,0,12,1,0,false
/Users/thiago/Documents/Thiago/CodeToAnalyze/retrofit/retrofit-adapters/rxjava2/src/test/java/retrofit2/adapter/rxjava2/RecordingObserver.java,retrofit2.adapter.rxjava2.RecordingObserver$Rule$Anonymous1,evaluate/0,false,132,1,11,0,11,2,2,6,0,0,0,2,0,0,1,0,0,0,0,0,0,0,1,0,0,0,4,1,0,false
/Users/thiago/Documents/Thiago/CodeToAnalyze/retrofit/retrofit-adapters/rxjava2/src/test/java/retrofit2/adapter/rxjava2/StringConverterFactory.java,retrofit2.adapter.rxjava2.StringConverterFactory,"responseBodyConverter/3[java.lang.reflect.Type,java.lang.annotation.Annotation[],retrofit2.Retrofit]",false,29,3,0,0,0,1,0,3,1,0,3,0,0,0,0,0,0,0,0,0,0,0,0,0,0,0,5,1,0,false
/Users/thiago/Documents/Thiago/CodeToAnalyze/retrofit/retrofit-adapters/rxjava2/src/test/java/retrofit2/adapter/rxjava2/StringConverterFactory.java,retrofit2.adapter.rxjava2.StringConverterFactory,"requestBodyConverter/4[java.lang.reflect.Type,java.lang.annotation.Annotation[],java.lang.annotation.Annotation[],retrofit2.Retrofit]",false,38,3,0,0,0,1,2,3,1,1,4,2,0,0,0,0,0,0,1,0,0,0,0,0,0,1,6,1,0,false
/Users/thiago/Documents/Thiago/CodeToAnalyze/retrofit/retrofit-adapters/scala/src/main/java/retrofit2/adapter/scala/ResponseCallAdapter.java,retrofit2.adapter.scala.ResponseCallAdapter,responseType/0,false,34,0,0,0,0,1,0,3,1,0,0,0,0,0,0,0,0,0,0,0,0,0,0,0,0,0,2,1,0,false
/Users/thiago/Documents/Thiago/CodeToAnalyze/retrofit/retrofit-adapters/scala/src/main/java/retrofit2/adapter/scala/ResponseCallAdapter.java,retrofit2.adapter.scala.ResponseCallAdapter,adapt/1[retrofit2.Call<T>],false,39,6,2,0,2,1,3,13,1,1,1,3,0,0,0,0,0,0,0,0,1,0,0,1,0,0,9,1,0,false
/Users/thiago/Documents/Thiago/CodeToAnalyze/retrofit/retrofit-adapters/scala/src/main/java/retrofit2/adapter/scala/ResponseCallAdapter.java,retrofit2.adapter.scala.ResponseCallAdapter,ResponseCallAdapter/1[java.lang.reflect.Type],true,29,0,0,0,0,1,0,3,0,0,1,0,0,0,0,0,0,0,0,0,1,0,0,0,0,0,5,0,0,false
/Users/thiago/Documents/Thiago/CodeToAnalyze/retrofit/retrofit/java-test/src/test/java/retrofit2/RequestFactoryTest.java,retrofit2.RequestFactoryTest$52Example,method/1[java.lang.String],false,1058,4,0,0,0,1,0,3,1,0,1,0,0,0,0,0,0,0,2,0,0,0,0,0,0,0,7,0,0,false
/Users/thiago/Documents/Thiago/CodeToAnalyze/retrofit/retrofit-adapters/rxjava/src/test/java/retrofit2/adapter/rxjava/StringConverterFactory.java,retrofit2.adapter.rxjava.StringConverterFactory,"responseBodyConverter/3[java.lang.reflect.Type,java.lang.annotation.Annotation[],retrofit2.Retrofit]",false,29,3,0,0,0,1,0,3,1,0,3,0,0,0,0,0,0,0,0,0,0,0,0,0,0,0,5,1,0,false
/Users/thiago/Documents/Thiago/CodeToAnalyze/retrofit/retrofit-adapters/rxjava/src/test/java/retrofit2/adapter/rxjava/StringConverterFactory.java,retrofit2.adapter.rxjava.StringConverterFactory,"requestBodyConverter/4[java.lang.reflect.Type,java.lang.annotation.Annotation[],java.lang.annotation.Annotation[],retrofit2.Retrofit]",false,38,3,0,0,0,1,2,3,1,1,4,2,0,0,0,0,0,0,1,0,0,0,0,0,0,1,6,1,0,false
/Users/thiago/Documents/Thiago/CodeToAnalyze/retrofit/retrofit/java-test/src/test/java/retrofit2/RequestFactoryTest.java,retrofit2.RequestFactoryTest$129Example,"method/2[java.lang.String,java.lang.String]",false,2618,5,0,0,0,1,0,3,1,0,2,0,0,0,0,0,0,0,3,0,0,0,0,0,0,0,5,0,0,false
/Users/thiago/Documents/Thiago/CodeToAnalyze/retrofit/retrofit/src/main/java/retrofit2/Response.java,retrofit2.Response,raw/0,false,126,1,0,0,0,1,0,3,1,0,0,0,0,0,0,0,0,0,0,0,0,0,0,0,0,0,9,1,0,true
/Users/thiago/Documents/Thiago/CodeToAnalyze/retrofit/retrofit/src/main/java/retrofit2/Response.java,retrofit2.Response,errorBody/0,false,156,2,0,0,0,1,0,3,1,0,0,0,0,0,0,0,0,0,0,0,0,0,0,0,0,0,10,1,0,true
/Users/thiago/Documents/Thiago/CodeToAnalyze/retrofit/retrofit/src/main/java/retrofit2/Response.java,retrofit2.Response,"success/2[int,T]",false,43,5,3,2,1,3,7,6,1,0,2,7,0,0,0,0,0,0,3,2,0,1,1,0,0,0,24,9,0,true
/Users/thiago/Documents/Thiago/CodeToAnalyze/retrofit/retrofit/src/main/java/retrofit2/Response.java,retrofit2.Response,isSuccessful/0,false,146,0,0,0,0,1,1,3,1,0,0,1,0,0,0,0,0,0,0,0,0,0,0,0,0,0,7,1,0,true
/Users/thiago/Documents/Thiago/CodeToAnalyze/retrofit/retrofit/src/main/java/retrofit2/Response.java,retrofit2.Response,"Response/3[okhttp3.Response,T,retrofit2.ResponseBody]",true,119,4,0,0,0,1,0,5,0,0,3,0,0,0,0,0,0,0,0,0,3,0,0,0,0,0,6,2,0,false
/Users/thiago/Documents/Thiago/CodeToAnalyze/retrofit/retrofit/src/main/java/retrofit2/Response.java,retrofit2.Response,"success/2[T,okhttp3.Response]",false,78,4,0,0,0,2,2,7,1,0,2,2,0,0,0,0,0,0,2,0,0,0,1,0,0,0,18,9,0,true
/Users/thiago/Documents/Thiago/CodeToAnalyze/retrofit/retrofit/src/main/java/retrofit2/Response.java,retrofit2.Response,"error/2[int,retrofit2.ResponseBody]",false,90,6,12,10,2,2,11,5,1,0,2,11,1,0,0,0,0,0,4,1,0,1,1,0,0,0,20,9,0,true
/Users/thiago/Documents/Thiago/CodeToAnalyze/retrofit/retrofit/src/main/java/retrofit2/Response.java,retrofit2.Response,headers/0,false,141,1,0,0,0,1,1,3,1,0,0,1,0,0,0,0,0,0,0,0,0,0,0,0,0,0,5,1,0,true
/Users/thiago/Documents/Thiago/CodeToAnalyze/retrofit/retrofit/src/main/java/retrofit2/Response.java,retrofit2.Response,body/0,false,151,2,1,1,0,1,0,3,1,0,0,0,0,0,0,0,0,0,0,0,0,0,0,0,0,0,8,1,0,true
/Users/thiago/Documents/Thiago/CodeToAnalyze/retrofit/retrofit/src/main/java/retrofit2/Response.java,retrofit2.Response,code/0,false,131,0,0,0,0,1,1,3,1,0,0,1,0,0,0,0,0,0,0,0,0,0,0,0,0,0,5,1,0,true
/Users/thiago/Documents/Thiago/CodeToAnalyze/retrofit/retrofit/src/main/java/retrofit2/Response.java,retrofit2.Response,success/1[T],false,28,5,2,1,1,1,7,3,1,0,1,7,0,0,0,0,0,0,2,1,0,0,0,0,0,0,13,9,0,true
/Users/thiago/Documents/Thiago/CodeToAnalyze/retrofit/retrofit/src/main/java/retrofit2/Response.java,retrofit2.Response,"success/2[T,retrofit2.Headers]",false,61,6,1,0,1,1,9,4,1,0,2,9,0,0,0,0,0,0,3,1,0,0,0,0,0,0,14,9,0,true
/Users/thiago/Documents/Thiago/CodeToAnalyze/retrofit/retrofit/src/main/java/retrofit2/Response.java,retrofit2.Response,toString/0,false,161,0,0,0,0,1,1,3,1,0,0,1,0,0,0,0,0,0,0,0,0,0,0,0,0,0,2,1,0,false
/Users/thiago/Documents/Thiago/CodeToAnalyze/retrofit/retrofit/src/main/java/retrofit2/Response.java,retrofit2.Response,message/0,false,136,0,0,0,0,1,1,3,1,0,0,1,0,0,0,0,0,0,0,0,0,0,0,0,0,0,7,1,0,true
/Users/thiago/Documents/Thiago/CodeToAnalyze/retrofit/retrofit/src/main/java/retrofit2/Response.java,retrofit2.Response,"error/2[retrofit2.ResponseBody,okhttp3.Response]",false,105,4,0,0,0,2,2,8,1,0,2,2,0,0,0,0,0,0,3,0,0,0,1,0,0,0,19,9,0,true
/Users/thiago/Documents/Thiago/CodeToAnalyze/retrofit/retrofit/java-test/src/test/java/retrofit2/RequestFactoryTest.java,retrofit2.RequestFactoryTest$19Example,method/0,false,419,4,0,0,0,1,0,3,1,0,0,0,0,0,0,0,0,0,1,0,0,0,0,0,0,0,2,0,0,false
/Users/thiago/Documents/Thiago/CodeToAnalyze/retrofit/retrofit-adapters/rxjava/src/test/java/retrofit2/adapter/rxjava/CompletableTest.java,retrofit2.adapter.rxjava.CompletableTest,completableSuccess404/0,false,63,6,3,0,3,1,6,6,0,1,0,6,0,0,0,0,0,0,1,1,1,0,0,0,0,0,6,1,0,false
/Users/thiago/Documents/Thiago/CodeToAnalyze/retrofit/retrofit-adapters/rxjava/src/test/java/retrofit2/adapter/rxjava/CompletableTest.java,retrofit2.adapter.rxjava.CompletableTest,subscribeTwice/0,false,82,6,3,0,3,1,6,11,0,3,0,6,0,0,0,0,0,0,2,0,3,0,0,0,0,0,8,1,0,false
/Users/thiago/Documents/Thiago/CodeToAnalyze/retrofit/retrofit-adapters/rxjava/src/test/java/retrofit2/adapter/rxjava/CompletableTest.java,retrofit2.adapter.rxjava.CompletableTest,completableFailure/0,false,73,5,3,0,3,1,6,6,0,1,0,6,0,0,0,0,0,0,0,0,1,0,0,0,0,0,19,1,0,false
/Users/thiago/Documents/Thiago/CodeToAnalyze/retrofit/retrofit-adapters/rxjava/src/test/java/retrofit2/adapter/rxjava/CompletableTest.java,retrofit2.adapter.rxjava.CompletableTest,completableSuccess200/0,false,54,5,3,0,3,1,6,6,0,1,0,6,0,0,0,0,0,0,1,0,1,0,0,0,0,0,5,1,0,false
/Users/thiago/Documents/Thiago/CodeToAnalyze/retrofit/retrofit-adapters/rxjava/src/test/java/retrofit2/adapter/rxjava/CompletableTest.java,retrofit2.adapter.rxjava.CompletableTest,setUp/0,false,44,5,4,0,4,1,6,4,0,1,0,6,0,0,0,0,0,0,1,0,2,0,0,0,0,0,5,1,0,false
/Users/thiago/Documents/Thiago/CodeToAnalyze/retrofit/retrofit-converters/gson/src/test/java/retrofit2/converter/gson/GsonConverterFactoryTest.java,retrofit2.converter.gson.GsonConverterFactoryTest,serializeIsStreamed/0,false,223,5,4,0,4,1,9,20,0,4,0,9,0,0,0,0,0,0,2,1,4,0,0,1,0,0,25,1,0,false
/Users/thiago/Documents/Thiago/CodeToAnalyze/retrofit/retrofit-converters/gson/src/test/java/retrofit2/converter/gson/GsonConverterFactoryTest.java,retrofit2.converter.gson.GsonConverterFactoryTest,GsonConverterFactoryTest/1[boolean],true,138,10,6,0,6,2,10,10,0,3,1,10,0,0,0,0,0,0,1,0,6,0,1,0,0,0,14,1,0,false
/Users/thiago/Documents/Thiago/CodeToAnalyze/retrofit/retrofit-converters/gson/src/test/java/retrofit2/converter/gson/GsonConverterFactoryTest.java,retrofit2.converter.gson.GsonConverterFactoryTest,anInterface/0,false,162,8,5,0,5,1,12,10,0,4,0,12,0,0,0,0,0,0,6,0,4,0,0,0,0,0,21,1,0,false
/Users/thiago/Documents/Thiago/CodeToAnalyze/retrofit/retrofit-converters/gson/src/test/java/retrofit2/converter/gson/GsonConverterFactoryTest.java,retrofit2.converter.gson.GsonConverterFactoryTest,deserializeUsesConfiguration/0,false,201,6,5,0,5,1,8,5,0,1,0,8,0,0,0,0,0,0,2,0,1,0,0,0,0,0,14,1,0,false
/Users/thiago/Documents/Thiago/CodeToAnalyze/retrofit/retrofit-converters/gson/src/test/java/retrofit2/converter/gson/GsonConverterFactoryTest.java,retrofit2.converter.gson.GsonConverterFactoryTest,anImplementation/0,false,176,7,4,0,4,1,11,10,0,4,0,11,0,0,0,0,0,0,6,0,4,0,0,0,0,0,20,1,0,false
/Users/thiago/Documents/Thiago/CodeToAnalyze/retrofit/retrofit-converters/gson/src/test/java/retrofit2/converter/gson/GsonConverterFactoryTest.java,retrofit2.converter.gson.GsonConverterFactoryTest,serializeUsesConfiguration/0,false,190,6,3,0,3,1,10,7,0,1,0,10,0,0,0,0,0,0,4,0,1,0,0,0,0,0,20,1,0,false
/Users/thiago/Documents/Thiago/CodeToAnalyze/retrofit/retrofit-converters/gson/src/test/java/retrofit2/converter/gson/GsonConverterFactoryTest.java,retrofit2.converter.gson.GsonConverterFactoryTest,requireFullResponseDocumentConsumption/0,false,210,5,2,0,2,2,8,11,0,1,0,8,0,0,0,0,1,0,2,0,1,0,1,0,0,0,19,1,0,false
/Users/thiago/Documents/Thiago/CodeToAnalyze/retrofit/retrofit/java-test/src/test/java/retrofit2/RequestFactoryTest.java,retrofit2.RequestFactoryTest$79Example,method/1[java.lang.Object[]],false,1530,4,0,0,0,1,0,3,1,0,1,0,0,0,0,0,0,0,1,0,0,0,0,0,0,0,5,0,0,false
/Users/thiago/Documents/Thiago/CodeToAnalyze/retrofit/retrofit-adapters/scala/src/test/java/retrofit2/adapter/scala/StringConverterFactory.java,retrofit2.adapter.scala.StringConverterFactory,"responseBodyConverter/3[java.lang.reflect.Type,java.lang.annotation.Annotation[],retrofit2.Retrofit]",false,29,3,0,0,0,1,0,3,1,0,3,0,0,0,0,0,0,0,0,0,0,0,0,0,0,0,5,1,0,false
/Users/thiago/Documents/Thiago/CodeToAnalyze/retrofit/retrofit-adapters/scala/src/test/java/retrofit2/adapter/scala/StringConverterFactory.java,retrofit2.adapter.scala.StringConverterFactory,"requestBodyConverter/4[java.lang.reflect.Type,java.lang.annotation.Annotation[],java.lang.annotation.Annotation[],retrofit2.Retrofit]",false,38,3,0,0,0,1,2,3,1,1,4,2,0,0,0,0,0,0,1,0,0,0,0,0,0,1,6,1,0,false
/Users/thiago/Documents/Thiago/CodeToAnalyze/retrofit/retrofit/java-test/src/test/java/retrofit2/RequestFactoryTest.java,retrofit2.RequestFactoryTest$3Example,method/0,false,110,5,0,0,0,1,0,3,1,0,0,0,0,0,0,0,0,0,1,0,0,0,0,0,0,0,2,0,0,false
/Users/thiago/Documents/Thiago/CodeToAnalyze/retrofit/retrofit/test-helpers/src/main/java/retrofit2/helpers/NullObjectConverterFactory.java,retrofit2.helpers.NullObjectConverterFactory$Anonymous1,convert/1[java.lang.Object],false,31,0,0,0,0,1,0,3,1,0,1,0,0,0,0,0,0,0,0,0,0,0,0,0,0,0,7,1,0,false
/Users/thiago/Documents/Thiago/CodeToAnalyze/retrofit/retrofit/src/main/java/retrofit2/ParameterHandler.java,retrofit2.ParameterHandler$Part,"Part/4[java.lang.reflect.Method,int,okhttp3.Headers,retrofit2.Converter<T,retrofit2.RequestBody>]",true,343,4,0,0,0,1,0,6,0,0,4,0,0,0,0,0,0,0,0,0,4,0,0,0,0,0,6,0,0,false
/Users/thiago/Documents/Thiago/CodeToAnalyze/retrofit/retrofit/src/main/java/retrofit2/ParameterHandler.java,retrofit2.ParameterHandler$Part,"apply/2[retrofit2.RequestBuilder,T]",false,351,5,2,0,2,3,3,11,1,1,2,3,0,0,0,1,1,0,2,0,1,1,1,0,0,0,14,0,0,false
/Users/thiago/Documents/Thiago/CodeToAnalyze/retrofit/retrofit-adapters/rxjava/src/test/java/retrofit2/adapter/rxjava/CompletableThrowingTest.java,retrofit2.adapter.rxjava.CompletableThrowingTest,setUp/0,false,50,5,4,0,4,1,6,4,0,1,0,6,0,0,0,0,0,0,1,0,2,0,0,0,0,0,5,1,0,false
/Users/thiago/Documents/Thiago/CodeToAnalyze/retrofit/retrofit-adapters/rxjava/src/test/java/retrofit2/adapter/rxjava/CompletableThrowingTest.java,retrofit2.adapter.rxjava.CompletableThrowingTest,bodyThrowingInOnErrorDeliveredToPlugin/0,false,91,8,3,0,3,1,11,24,0,5,0,11,0,0,0,0,0,0,0,1,5,0,0,2,0,0,31,1,0,false
/Users/thiago/Documents/Thiago/CodeToAnalyze/retrofit/retrofit-adapters/rxjava/src/test/java/retrofit2/adapter/rxjava/CompletableThrowingTest.java,retrofit2.adapter.rxjava.CompletableThrowingTest,throwingInOnCompleteDeliveredToPlugin/0,false,60,7,3,0,3,1,9,21,0,3,0,9,0,0,0,0,0,0,0,0,3,0,0,2,0,0,29,1,0,false
/Users/thiago/Documents/Thiago/CodeToAnalyze/retrofit/retrofit-mock/src/main/java/retrofit2/mock/Calls.java,retrofit2.mock.Calls$FakeCall,"FakeCall/2[retrofit2.Response<T>,java.lang.Throwable]",true,73,3,0,0,0,2,0,7,0,0,2,0,0,0,0,3,0,2,1,0,2,0,1,0,0,0,13,0,0,false
/Users/thiago/Documents/Thiago/CodeToAnalyze/retrofit/retrofit-mock/src/main/java/retrofit2/mock/Calls.java,retrofit2.mock.Calls$FakeCall,enqueue/1[retrofit2.Callback<T>],false,103,2,2,0,2,5,4,17,0,0,1,4,0,0,0,2,0,0,4,0,0,0,1,0,0,0,11,1,0,false
/Users/thiago/Documents/Thiago/CodeToAnalyze/retrofit/retrofit-mock/src/main/java/retrofit2/mock/Calls.java,retrofit2.mock.Calls$FakeCall,cancel/0,false,125,0,0,0,0,1,1,3,0,0,0,1,0,0,0,0,0,0,0,0,0,0,0,0,0,0,2,1,0,false
/Users/thiago/Documents/Thiago/CodeToAnalyze/retrofit/retrofit-mock/src/main/java/retrofit2/mock/Calls.java,retrofit2.mock.Calls$FakeCall,isExecuted/0,false,120,0,0,0,0,1,1,3,1,0,0,1,0,0,0,0,0,0,0,0,0,0,0,0,0,0,2,1,0,false
/Users/thiago/Documents/Thiago/CodeToAnalyze/retrofit/retrofit-mock/src/main/java/retrofit2/mock/Calls.java,retrofit2.mock.Calls$FakeCall,clone/0,false,135,3,1,0,1,1,0,3,1,0,0,0,0,0,0,0,0,0,0,0,0,0,0,0,0,0,1,1,0,false
/Users/thiago/Documents/Thiago/CodeToAnalyze/retrofit/retrofit-mock/src/main/java/retrofit2/mock/Calls.java,retrofit2.mock.Calls$FakeCall,execute/0,false,82,3,1,0,1,4,3,12,1,0,0,3,1,1,0,1,0,0,2,0,0,0,1,0,0,0,11,1,0,false
/Users/thiago/Documents/Thiago/CodeToAnalyze/retrofit/retrofit-mock/src/main/java/retrofit2/mock/Calls.java,retrofit2.mock.Calls$FakeCall,request/0,false,140,2,1,0,1,2,4,6,2,0,0,4,0,0,0,1,0,0,1,0,0,0,1,0,0,0,4,1,0,false
/Users/thiago/Documents/Thiago/CodeToAnalyze/retrofit/retrofit-mock/src/main/java/retrofit2/mock/Calls.java,retrofit2.mock.Calls$FakeCall,isCanceled/0,false,130,0,0,0,0,1,1,3,1,0,0,1,0,0,0,0,0,0,0,0,0,0,0,0,0,0,2,1,0,false
/Users/thiago/Documents/Thiago/CodeToAnalyze/retrofit/retrofit-mock/src/main/java/retrofit2/mock/Calls.java,retrofit2.mock.Calls$FakeCall,timeout/0,false,148,1,0,0,0,1,0,3,1,0,0,0,0,0,0,0,0,0,0,0,0,0,0,0,0,0,2,1,0,false
/Users/thiago/Documents/Thiago/CodeToAnalyze/retrofit/retrofit-mock/src/main/java/retrofit2/mock/Calls.java,retrofit2.mock.Calls$FakeCall,sneakyThrow/1[java.lang.Throwable],false,97,1,1,1,0,1,0,3,0,0,1,0,0,0,0,0,0,0,2,0,0,0,0,0,0,0,5,10,0,false
/Users/thiago/Documents/Thiago/CodeToAnalyze/retrofit/retrofit-adapters/java8/src/main/java/retrofit2/adapter/java8/Java8CallAdapterFactory.java,retrofit2.adapter.java8.Java8CallAdapterFactory$ResponseCallAdapter,ResponseCallAdapter/1[java.lang.reflect.Type],true,137,0,0,0,0,1,0,3,0,0,1,0,0,0,0,0,0,0,0,0,1,0,0,0,0,0,5,0,0,false
/Users/thiago/Documents/Thiago/CodeToAnalyze/retrofit/retrofit-adapters/java8/src/main/java/retrofit2/adapter/java8/Java8CallAdapterFactory.java,retrofit2.adapter.java8.Java8CallAdapterFactory$ResponseCallAdapter,responseType/0,false,142,0,0,0,0,1,0,3,1,0,0,0,0,0,0,0,0,0,0,0,0,0,0,0,0,0,2,1,0,false
/Users/thiago/Documents/Thiago/CodeToAnalyze/retrofit/retrofit-adapters/java8/src/main/java/retrofit2/adapter/java8/Java8CallAdapterFactory.java,retrofit2.adapter.java8.Java8CallAdapterFactory$ResponseCallAdapter,adapt/1[retrofit2.Call<R>],false,147,4,2,0,2,1,1,21,1,1,1,1,0,0,0,0,0,0,0,0,1,0,0,2,0,0,14,1,0,false
/Users/thiago/Documents/Thiago/CodeToAnalyze/retrofit/retrofit/src/main/java/retrofit2/ParameterHandler.java,retrofit2.ParameterHandler$Path,"Path/5[java.lang.reflect.Method,int,java.lang.String,retrofit2.Converter<T,java.lang.String>,boolean]",true,104,2,0,0,0,1,1,7,0,0,5,1,0,0,0,0,0,0,1,0,5,0,0,0,0,0,7,0,0,false
/Users/thiago/Documents/Thiago/CodeToAnalyze/retrofit/retrofit/src/main/java/retrofit2/ParameterHandler.java,retrofit2.ParameterHandler$Path,"apply/2[retrofit2.RequestBuilder,T]",false,113,5,3,0,3,2,3,6,0,0,2,3,0,0,0,1,0,0,2,0,0,1,1,0,0,0,14,0,0,false
/Users/thiago/Documents/Thiago/CodeToAnalyze/retrofit/retrofit/src/main/java/retrofit2/RequestBuilder.java,retrofit2.RequestBuilder$ContentTypeOverridingRequestBody,writeTo/1[retrofit2.BufferedSink],false,294,1,0,0,0,1,1,3,0,0,1,1,0,0,0,0,0,0,0,0,0,0,0,0,0,0,8,1,0,false
/Users/thiago/Documents/Thiago/CodeToAnalyze/retrofit/retrofit/src/main/java/retrofit2/RequestBuilder.java,retrofit2.RequestBuilder$ContentTypeOverridingRequestBody,contentLength/0,false,289,0,0,0,0,1,1,3,1,0,0,1,0,0,0,0,0,0,0,0,0,0,0,0,0,0,5,1,0,false
/Users/thiago/Documents/Thiago/CodeToAnalyze/retrofit/retrofit/src/main/java/retrofit2/RequestBuilder.java,retrofit2.RequestBuilder$ContentTypeOverridingRequestBody,contentType/0,false,284,1,0,0,0,1,0,3,1,0,0,0,0,0,0,0,0,0,0,0,0,0,0,0,0,0,3,1,0,false
/Users/thiago/Documents/Thiago/CodeToAnalyze/retrofit/retrofit/src/main/java/retrofit2/RequestBuilder.java,retrofit2.RequestBuilder$ContentTypeOverridingRequestBody,"ContentTypeOverridingRequestBody/2[retrofit2.RequestBody,retrofit2.MediaType]",true,278,2,1,1,0,1,0,4,0,0,2,0,0,0,0,0,0,0,0,0,2,0,0,0,0,0,7,0,0,false
/Users/thiago/Documents/Thiago/CodeToAnalyze/retrofit/retrofit/java-test/src/test/java/retrofit2/RetrofitTest.java,retrofit2.RetrofitTest$FutureMethod,method/0,false,102,1,1,1,0,1,0,1,0,0,0,0,0,0,0,0,0,0,1,0,0,0,0,0,0,0,1,0,0,false
/Users/thiago/Documents/Thiago/CodeToAnalyze/retrofit/retrofit/java-test/src/test/java/retrofit2/RequestFactoryTest.java,retrofit2.RequestFactoryTest$30Example,"method/2[okhttp3.Headers,java.util.List<java.lang.String>]",false,641,5,0,0,0,1,0,3,1,0,2,0,0,0,0,0,0,0,1,0,0,0,0,0,0,0,4,0,0,false
/Users/thiago/Documents/Thiago/CodeToAnalyze/retrofit/retrofit-adapters/rxjava3/src/test/java/retrofit2/adapter/rxjava3/ResultTest.java,retrofit2.adapter.rxjava3.ResultTest,error/0,false,46,2,4,0,4,1,8,7,0,2,0,8,0,0,0,0,0,0,0,0,2,0,0,0,0,0,8,1,1,false
/Users/thiago/Documents/Thiago/CodeToAnalyze/retrofit/retrofit-adapters/rxjava3/src/test/java/retrofit2/adapter/rxjava3/ResultTest.java,retrofit2.adapter.rxjava3.ResultTest,response/0,false,27,3,5,0,5,1,9,7,0,2,0,9,0,0,0,0,0,0,1,0,2,0,0,0,0,0,4,1,1,false
/Users/thiago/Documents/Thiago/CodeToAnalyze/retrofit/retrofit-adapters/rxjava3/src/test/java/retrofit2/adapter/rxjava3/ResultTest.java,retrofit2.adapter.rxjava3.ResultTest,nullResponseThrows/0,false,36,2,1,0,1,2,5,9,0,0,0,5,0,0,0,0,1,0,1,0,0,0,1,0,0,0,10,1,0,false
/Users/thiago/Documents/Thiago/CodeToAnalyze/retrofit/retrofit-adapters/rxjava3/src/test/java/retrofit2/adapter/rxjava3/ResultTest.java,retrofit2.adapter.rxjava3.ResultTest,nullErrorThrows/0,false,55,2,1,0,1,2,5,9,0,0,0,5,0,0,0,0,1,0,1,0,0,0,1,0,0,0,10,1,1,false
/Users/thiago/Documents/Thiago/CodeToAnalyze/retrofit/retrofit-adapters/rxjava2/src/test/java/retrofit2/adapter/rxjava2/SingleThrowingTest.java,retrofit2.adapter.rxjava2.SingleThrowingTest$Service,result/0,false,54,3,2,2,0,1,0,1,0,0,0,0,0,0,0,0,0,0,1,0,0,0,0,0,0,0,1,0,0,false
/Users/thiago/Documents/Thiago/CodeToAnalyze/retrofit/retrofit-adapters/rxjava2/src/test/java/retrofit2/adapter/rxjava2/SingleThrowingTest.java,retrofit2.adapter.rxjava2.SingleThrowingTest$Service,body/0,false,48,2,2,2,0,1,0,1,0,0,0,0,0,0,0,0,0,0,1,0,0,0,0,0,0,0,1,0,0,false
/Users/thiago/Documents/Thiago/CodeToAnalyze/retrofit/retrofit-adapters/rxjava2/src/test/java/retrofit2/adapter/rxjava2/SingleThrowingTest.java,retrofit2.adapter.rxjava2.SingleThrowingTest$Service,response/0,false,51,3,2,2,0,1,0,1,0,0,0,0,0,0,0,0,0,0,1,0,0,0,0,0,0,0,1,0,0,false
/Users/thiago/Documents/Thiago/CodeToAnalyze/retrofit/retrofit-adapters/rxjava3/src/test/java/retrofit2/adapter/rxjava3/CancelDisposeTest.java,retrofit2.adapter.rxjava3.CancelDisposeTest,disposeBeforeEnqueueDoesNotEnqueue/0,false,68,3,1,0,1,1,6,5,0,1,0,6,0,0,0,0,0,0,1,1,1,0,0,0,0,0,9,1,0,false
/Users/thiago/Documents/Thiago/CodeToAnalyze/retrofit/retrofit-adapters/rxjava3/src/test/java/retrofit2/adapter/rxjava3/CancelDisposeTest.java,retrofit2.adapter.rxjava3.CancelDisposeTest,setUp/0,false,46,6,5,0,5,1,8,4,0,1,0,8,0,0,0,0,0,0,1,0,2,0,0,0,0,0,9,1,0,false
/Users/thiago/Documents/Thiago/CodeToAnalyze/retrofit/retrofit-adapters/rxjava3/src/test/java/retrofit2/adapter/rxjava3/CancelDisposeTest.java,retrofit2.adapter.rxjava3.CancelDisposeTest,disposeCancelsCall/0,false,58,4,1,0,1,1,10,7,0,2,0,10,0,0,0,0,0,0,0,2,2,0,0,0,0,0,9,1,0,false
/Users/thiago/Documents/Thiago/CodeToAnalyze/retrofit/retrofit-adapters/rxjava3/src/test/java/retrofit2/adapter/rxjava3/CancelDisposeTest.java,retrofit2.adapter.rxjava3.CancelDisposeTest,cancelDoesNotDispose/0,false,75,4,1,0,1,1,10,7,0,2,0,10,0,0,0,0,0,0,0,2,2,0,0,0,0,0,10,1,0,false
/Users/thiago/Documents/Thiago/CodeToAnalyze/retrofit/retrofit-mock/src/main/java/retrofit2/mock/MockRetrofit.java,retrofit2.mock.MockRetrofit,create/1[java.lang.Class<T>],false,48,2,1,0,1,1,0,3,1,0,1,0,0,0,0,0,0,0,1,0,0,0,0,0,0,0,2,1,0,false
/Users/thiago/Documents/Thiago/CodeToAnalyze/retrofit/retrofit-mock/src/main/java/retrofit2/mock/MockRetrofit.java,retrofit2.mock.MockRetrofit,backgroundExecutor/0,false,43,0,2,2,0,1,0,3,1,0,0,0,0,0,0,0,0,0,0,0,0,0,0,0,0,0,3,1,0,false
/Users/thiago/Documents/Thiago/CodeToAnalyze/retrofit/retrofit-mock/src/main/java/retrofit2/mock/MockRetrofit.java,retrofit2.mock.MockRetrofit,retrofit/0,false,35,1,1,1,0,1,0,3,1,0,0,0,0,0,0,0,0,0,0,0,0,0,0,0,0,0,2,1,0,false
/Users/thiago/Documents/Thiago/CodeToAnalyze/retrofit/retrofit-mock/src/main/java/retrofit2/mock/MockRetrofit.java,retrofit2.mock.MockRetrofit,networkBehavior/0,false,39,1,2,2,0,1,0,3,1,0,0,0,0,0,0,0,0,0,0,0,0,0,0,0,0,0,4,1,0,false
/Users/thiago/Documents/Thiago/CodeToAnalyze/retrofit/retrofit-mock/src/main/java/retrofit2/mock/MockRetrofit.java,retrofit2.mock.MockRetrofit,"MockRetrofit/3[retrofit2.Retrofit,retrofit2.mock.NetworkBehavior,java.util.concurrent.ExecutorService]",true,29,2,1,1,0,1,0,5,0,0,3,0,0,0,0,0,0,0,0,0,3,0,0,0,0,0,5,0,0,false
/Users/thiago/Documents/Thiago/CodeToAnalyze/retrofit/retrofit/java-test/src/test/java/retrofit2/RequestFactoryTest.java,retrofit2.RequestFactoryTest$41Example,method/0,false,884,3,0,0,0,1,0,3,1,0,0,0,0,0,0,0,0,0,1,0,0,0,0,0,0,0,4,0,0,false
/Users/thiago/Documents/Thiago/CodeToAnalyze/retrofit/retrofit/java-test/src/test/java/retrofit2/RequestFactoryTest.java,retrofit2.RequestFactoryTest$162Example,"get/3[java.lang.String,java.lang.String,java.lang.String]",false,3211,5,0,0,0,1,0,3,1,0,3,0,0,0,0,0,0,0,4,0,0,0,0,0,0,0,4,0,0,false
/Users/thiago/Documents/Thiago/CodeToAnalyze/retrofit/retrofit/java-test/src/test/java/retrofit2/RequestFactoryTest.java,retrofit2.RequestFactoryTest$29Example,"method/1[java.util.Map<java.lang.String,java.lang.Object>]",false,618,4,0,0,0,1,0,3,1,0,1,0,0,0,0,0,0,0,1,0,0,0,0,0,0,0,3,0,0,false
/Users/thiago/Documents/Thiago/CodeToAnalyze/retrofit/retrofit-adapters/rxjava/src/main/java/retrofit2/adapter/rxjava/ResultOnSubscribe.java,retrofit2.adapter.rxjava.ResultOnSubscribe$ResultSubscriber,onNext/1[retrofit2.Response<R>],false,49,3,1,0,1,1,2,3,0,0,1,2,0,0,0,0,0,0,0,0,0,0,0,0,0,0,3,1,0,false
/Users/thiago/Documents/Thiago/CodeToAnalyze/retrofit/retrofit-adapters/rxjava/src/main/java/retrofit2/adapter/rxjava/ResultOnSubscribe.java,retrofit2.adapter.rxjava.ResultOnSubscribe$ResultSubscriber,onError/1[java.lang.Throwable],false,54,2,1,0,1,4,8,20,1,1,1,8,0,0,0,0,2,0,0,0,1,0,2,0,0,0,15,1,1,false
/Users/thiago/Documents/Thiago/CodeToAnalyze/retrofit/retrofit-adapters/rxjava/src/main/java/retrofit2/adapter/rxjava/ResultOnSubscribe.java,retrofit2.adapter.rxjava.ResultOnSubscribe$ResultSubscriber,onCompleted/0,false,75,0,0,0,0,1,1,3,0,0,0,1,0,0,0,0,0,0,0,0,0,0,0,0,0,0,2,1,0,false
/Users/thiago/Documents/Thiago/CodeToAnalyze/retrofit/retrofit-adapters/rxjava/src/main/java/retrofit2/adapter/rxjava/ResultOnSubscribe.java,retrofit2.adapter.rxjava.ResultOnSubscribe$ResultSubscriber,ResultSubscriber/1[retrofit2.adapter.rxjava.Subscriber<? super retrofit2.adapter.rxjava.Result<R>>],true,43,3,0,0,0,1,0,4,0,0,1,0,0,0,0,0,0,0,0,0,1,0,0,0,0,0,3,0,0,false
/Users/thiago/Documents/Thiago/CodeToAnalyze/retrofit/retrofit/java-test/src/test/java/retrofit2/RequestFactoryTest.java,retrofit2.RequestFactoryTest$62Example,"method/3[java.lang.String,java.lang.String,java.lang.String]",false,1244,4,0,0,0,1,0,3,1,0,3,0,0,0,0,0,0,0,4,0,0,0,0,0,0,0,5,0,0,false
/Users/thiago/Documents/Thiago/CodeToAnalyze/retrofit/retrofit-converters/java8/src/test/java/retrofit/converter/java8/AlwaysNullConverterFactory.java,retrofit.converter.java8.AlwaysNullConverterFactory,"responseBodyConverter/3[java.lang.reflect.Type,java.lang.annotation.Annotation[],retrofit2.Retrofit]",false,27,3,0,0,0,1,0,3,1,1,3,0,0,0,0,0,0,0,0,0,0,0,0,0,0,1,7,1,0,false
/Users/thiago/Documents/Thiago/CodeToAnalyze/retrofit/retrofit-adapters/guava/src/test/java/retrofit2/adapter/guava/ListenableFutureTest.java,retrofit2.adapter.guava.ListenableFutureTest,responseFailure/0,false,116,5,1,0,1,2,8,11,0,1,0,8,0,0,0,0,1,0,0,0,1,0,1,0,0,0,25,1,0,false
/Users/thiago/Documents/Thiago/CodeToAnalyze/retrofit/retrofit-adapters/guava/src/test/java/retrofit2/adapter/guava/ListenableFutureTest.java,retrofit2.adapter.guava.ListenableFutureTest,setUp/0,false,48,6,5,0,5,1,7,4,0,1,0,7,0,0,0,0,0,0,1,0,2,0,0,0,0,0,8,1,0,false
/Users/thiago/Documents/Thiago/CodeToAnalyze/retrofit/retrofit-adapters/guava/src/test/java/retrofit2/adapter/guava/ListenableFutureTest.java,retrofit2.adapter.guava.ListenableFutureTest,bodySuccess404/0,false,67,6,1,0,1,2,10,14,0,2,0,10,0,0,0,0,1,0,1,1,2,0,1,0,0,0,14,1,0,false
/Users/thiago/Documents/Thiago/CodeToAnalyze/retrofit/retrofit-adapters/guava/src/test/java/retrofit2/adapter/guava/ListenableFutureTest.java,retrofit2.adapter.guava.ListenableFutureTest,bodyFailure/0,false,83,4,1,0,1,2,8,11,0,1,0,8,0,0,0,0,1,0,0,0,1,0,1,0,0,0,25,1,0,false
/Users/thiago/Documents/Thiago/CodeToAnalyze/retrofit/retrofit-adapters/guava/src/test/java/retrofit2/adapter/guava/ListenableFutureTest.java,retrofit2.adapter.guava.ListenableFutureTest,responseSuccess404/0,false,106,5,3,0,3,1,11,7,0,2,0,11,0,0,0,0,0,0,2,1,2,0,0,0,0,0,8,1,0,false
/Users/thiago/Documents/Thiago/CodeToAnalyze/retrofit/retrofit-adapters/guava/src/test/java/retrofit2/adapter/guava/ListenableFutureTest.java,retrofit2.adapter.guava.ListenableFutureTest,bodySuccess200/0,false,59,4,1,0,1,1,6,5,0,1,0,6,0,0,0,0,0,0,2,0,1,0,0,0,0,0,8,1,0,false
/Users/thiago/Documents/Thiago/CodeToAnalyze/retrofit/retrofit-adapters/guava/src/test/java/retrofit2/adapter/guava/ListenableFutureTest.java,retrofit2.adapter.guava.ListenableFutureTest,responseSuccess200/0,false,96,5,3,0,3,1,9,7,0,2,0,9,0,0,0,0,0,0,2,0,2,0,0,0,0,0,8,1,0,false
/Users/thiago/Documents/Thiago/CodeToAnalyze/retrofit/retrofit-converters/wire/src/test/java/retrofit2/converter/wire/Phone.java,retrofit2.converter.wire.Phone,toString/0,false,62,0,0,0,0,2,4,5,1,1,0,4,0,0,0,1,0,0,2,2,1,0,1,0,0,0,6,1,0,false
/Users/thiago/Documents/Thiago/CodeToAnalyze/retrofit/retrofit-converters/wire/src/test/java/retrofit2/converter/wire/Phone.java,retrofit2.converter.wire.Phone,newBuilder/0,false,35,1,2,1,1,1,2,6,1,1,0,2,0,0,0,0,0,0,0,0,2,0,0,0,0,0,6,1,0,false
/Users/thiago/Documents/Thiago/CodeToAnalyze/retrofit/retrofit-converters/wire/src/test/java/retrofit2/converter/wire/Phone.java,retrofit2.converter.wire.Phone,hashCode/0,false,51,0,0,0,0,3,3,9,1,1,0,3,0,0,0,2,0,1,0,3,4,2,1,0,0,0,7,1,0,false
/Users/thiago/Documents/Thiago/CodeToAnalyze/retrofit/retrofit-converters/wire/src/test/java/retrofit2/converter/wire/Phone.java,retrofit2.converter.wire.Phone,"Phone/2[java.lang.String,retrofit2.converter.wire.ByteString]",true,29,1,1,1,0,1,0,4,0,0,2,0,0,0,0,0,0,0,0,0,1,0,0,0,0,0,4,1,0,false
/Users/thiago/Documents/Thiago/CodeToAnalyze/retrofit/retrofit-converters/wire/src/test/java/retrofit2/converter/wire/Phone.java,retrofit2.converter.wire.Phone,equals/1[java.lang.Object],false,43,1,0,0,0,3,2,6,3,1,1,2,0,0,0,1,0,1,0,0,1,0,1,0,0,0,9,1,0,false
/Users/thiago/Documents/Thiago/CodeToAnalyze/retrofit/retrofit-converters/wire/src/test/java/retrofit2/converter/wire/Phone.java,retrofit2.converter.wire.Phone,Phone/1[java.lang.String],true,25,0,1,1,0,1,0,3,0,0,1,0,0,0,0,0,0,0,0,0,0,0,0,0,0,0,2,1,0,false
/Users/thiago/Documents/Thiago/CodeToAnalyze/retrofit/retrofit/java-test/src/test/java/retrofit2/RequestFactoryTest.java,retrofit2.RequestFactoryTest$68Example,"method/2[java.util.Map<java.lang.String,java.lang.String>,java.lang.String]",false,1346,5,0,0,0,1,0,3,0,0,2,0,0,0,0,0,0,0,2,0,0,0,0,0,0,0,6,0,0,false
/Users/thiago/Documents/Thiago/CodeToAnalyze/retrofit/retrofit-adapters/rxjava/src/test/java/retrofit2/adapter/rxjava/ObservableThrowingSafeSubscriberTest.java,retrofit2.adapter.rxjava.ObservableThrowingSafeSubscriberTest$Anonymous9,handleError/1[java.lang.Throwable],false,221,1,0,0,0,3,2,7,0,0,1,2,0,0,0,0,0,0,0,0,0,0,2,0,0,0,7,1,0,false
/Users/thiago/Documents/Thiago/CodeToAnalyze/retrofit/retrofit-adapters/rxjava/src/test/java/retrofit2/adapter/rxjava/ObservableThrowingSafeSubscriberTest.java,retrofit2.adapter.rxjava.ObservableThrowingSafeSubscriberTest$Anonymous8,onCompleted/0,false,203,0,0,0,0,1,0,3,0,0,0,0,0,0,0,0,0,0,0,0,0,0,0,0,0,0,3,1,0,false
/Users/thiago/Documents/Thiago/CodeToAnalyze/retrofit/retrofit-adapters/rxjava/src/test/java/retrofit2/adapter/rxjava/ObservableThrowingSafeSubscriberTest.java,retrofit2.adapter.rxjava.ObservableThrowingSafeSubscriberTest$Anonymous7,handleError/1[java.lang.Throwable],false,187,1,0,0,0,3,2,7,0,0,1,2,0,0,0,0,0,0,0,0,0,0,2,0,0,0,8,1,0,false
/Users/thiago/Documents/Thiago/CodeToAnalyze/retrofit/retrofit-adapters/rxjava/src/test/java/retrofit2/adapter/rxjava/ObservableThrowingSafeSubscriberTest.java,retrofit2.adapter.rxjava.ObservableThrowingSafeSubscriberTest$Anonymous6,onNext/1[retrofit2.Response<java.lang.String>],false,170,1,0,0,0,1,0,3,0,0,1,0,0,0,0,0,0,0,0,0,0,0,0,0,0,0,4,1,0,false
/Users/thiago/Documents/Thiago/CodeToAnalyze/retrofit/retrofit/java-test/src/test/java/retrofit2/RequestFactoryTest.java,retrofit2.RequestFactoryTest$118Example,method/1[MultipartBody.Part[]],false,2334,6,0,0,0,1,0,3,1,0,1,0,0,0,0,0,0,0,2,0,0,0,0,0,0,0,5,0,0,false
/Users/thiago/Documents/Thiago/CodeToAnalyze/retrofit/retrofit-adapters/rxjava/src/test/java/retrofit2/adapter/rxjava/ObservableThrowingSafeSubscriberTest.java,retrofit2.adapter.rxjava.ObservableThrowingSafeSubscriberTest$Anonymous5,onError/1[java.lang.Throwable],false,147,0,0,0,0,2,2,6,0,0,1,2,0,0,0,0,0,0,0,0,0,0,1,0,0,0,5,1,0,false
/Users/thiago/Documents/Thiago/CodeToAnalyze/retrofit/retrofit-adapters/rxjava/src/test/java/retrofit2/adapter/rxjava/ObservableThrowingSafeSubscriberTest.java,retrofit2.adapter.rxjava.ObservableThrowingSafeSubscriberTest$Anonymous4,handleError/1[java.lang.Throwable],false,130,1,0,0,0,3,2,7,0,0,1,2,0,0,0,0,0,0,0,0,0,0,2,0,0,0,7,1,0,false
/Users/thiago/Documents/Thiago/CodeToAnalyze/retrofit/retrofit-adapters/rxjava/src/test/java/retrofit2/adapter/rxjava/ObservableThrowingSafeSubscriberTest.java,retrofit2.adapter.rxjava.ObservableThrowingSafeSubscriberTest$Anonymous3,onCompleted/0,false,112,0,0,0,0,1,0,3,0,0,0,0,0,0,0,0,0,0,0,0,0,0,0,0,0,0,3,1,0,false
/Users/thiago/Documents/Thiago/CodeToAnalyze/retrofit/retrofit-adapters/rxjava/src/test/java/retrofit2/adapter/rxjava/ObservableThrowingSafeSubscriberTest.java,retrofit2.adapter.rxjava.ObservableThrowingSafeSubscriberTest$Anonymous2,handleError/1[java.lang.Throwable],false,96,1,0,0,0,3,2,7,0,0,1,2,0,0,0,0,0,0,0,0,0,0,2,0,0,0,8,1,0,false
/Users/thiago/Documents/Thiago/CodeToAnalyze/retrofit/retrofit-converters/scalars/src/main/java/retrofit2/converter/scalars/ScalarResponseBodyConverters.java,retrofit2.converter.scalars.ScalarResponseBodyConverters$StringResponseBodyConverter,convert/1[retrofit2.converter.scalars.ResponseBody],false,29,1,0,0,0,1,1,3,1,0,1,1,0,0,0,0,0,0,0,0,0,0,0,0,0,0,7,1,0,false
/Users/thiago/Documents/Thiago/CodeToAnalyze/retrofit/retrofit-adapters/rxjava/src/test/java/retrofit2/adapter/rxjava/ObservableThrowingSafeSubscriberTest.java,retrofit2.adapter.rxjava.ObservableThrowingSafeSubscriberTest$Anonymous1,onNext/1[java.lang.String],false,79,0,0,0,0,1,0,3,0,0,1,0,0,0,0,0,0,0,0,0,0,0,0,0,0,0,4,1,0,false
/Users/thiago/Documents/Thiago/CodeToAnalyze/retrofit/retrofit/java-test/src/test/java/retrofit2/RequestFactoryTest.java,retrofit2.RequestFactoryTest$113Example,method/1[java.util.List<MultipartBody.Part>],false,2193,6,0,0,0,1,0,3,1,0,1,0,0,0,0,0,0,0,1,0,0,0,0,0,0,0,5,0,0,false
/Users/thiago/Documents/Thiago/CodeToAnalyze/retrofit/retrofit/src/main/java/retrofit2/BuiltInConverters.java,retrofit2.BuiltInConverters$UnitResponseBodyConverter,convert/1[retrofit2.ResponseBody],false,72,2,0,0,0,1,1,4,1,0,1,1,0,0,0,0,0,0,0,0,0,0,0,0,0,0,5,1,0,false
/Users/thiago/Documents/Thiago/CodeToAnalyze/retrofit/retrofit-adapters/rxjava2/src/test/java/retrofit2/adapter/rxjava2/CompletableThrowingTest.java,retrofit2.adapter.rxjava2.CompletableThrowingTest$ForwardingCompletableObserver,onSubscribe/1[retrofit2.adapter.rxjava2.Disposable],false,130,1,0,0,0,1,1,3,0,0,1,1,0,0,0,0,0,0,0,0,0,0,0,0,0,0,4,1,0,false
/Users/thiago/Documents/Thiago/CodeToAnalyze/retrofit/retrofit-adapters/rxjava2/src/test/java/retrofit2/adapter/rxjava2/CompletableThrowingTest.java,retrofit2.adapter.rxjava2.CompletableThrowingTest$ForwardingCompletableObserver,onComplete/0,false,135,0,0,0,0,1,1,3,0,0,0,1,0,0,0,0,0,0,0,0,0,0,0,0,0,0,2,1,0,false
/Users/thiago/Documents/Thiago/CodeToAnalyze/retrofit/retrofit-adapters/rxjava2/src/test/java/retrofit2/adapter/rxjava2/CompletableThrowingTest.java,retrofit2.adapter.rxjava2.CompletableThrowingTest$ForwardingCompletableObserver,ForwardingCompletableObserver/1[retrofit2.adapter.rxjava2.CompletableObserver],true,125,1,3,3,0,1,0,3,0,0,1,0,0,0,0,0,0,0,0,0,1,0,0,0,0,0,4,0,0,false
/Users/thiago/Documents/Thiago/CodeToAnalyze/retrofit/retrofit-adapters/rxjava2/src/test/java/retrofit2/adapter/rxjava2/CompletableThrowingTest.java,retrofit2.adapter.rxjava2.CompletableThrowingTest$ForwardingCompletableObserver,onError/1[java.lang.Throwable],false,140,0,0,0,0,1,1,3,0,0,1,1,0,0,0,0,0,0,0,0,0,0,0,0,0,0,4,1,0,false
/Users/thiago/Documents/Thiago/CodeToAnalyze/retrofit/retrofit-adapters/rxjava2/src/test/java/retrofit2/adapter/rxjava2/RecordingCompletableObserver.java,retrofit2.adapter.rxjava2.RecordingCompletableObserver$Rule,"apply/2[retrofit2.adapter.rxjava2.Statement,retrofit2.adapter.rxjava2.Description]",false,106,3,0,0,0,1,0,11,1,0,2,0,0,0,0,0,0,0,0,0,0,0,0,1,0,0,10,1,0,false
/Users/thiago/Documents/Thiago/CodeToAnalyze/retrofit/retrofit-adapters/rxjava2/src/test/java/retrofit2/adapter/rxjava2/RecordingCompletableObserver.java,retrofit2.adapter.rxjava2.RecordingCompletableObserver$Rule,create/0,false,99,1,8,7,1,1,1,5,1,1,0,1,0,0,0,0,0,0,0,0,1,0,0,0,0,0,5,1,0,false
/Users/thiago/Documents/Thiago/CodeToAnalyze/retrofit/retrofit-converters/jaxb3/src/test/java/retrofit2/converter/jaxb3/Contact.java,retrofit2.converter.jaxb3.Contact,"Contact/2[java.lang.String,java.util.List<retrofit2.converter.jaxb3.PhoneNumber>]",true,37,1,0,0,0,1,0,4,0,0,2,0,0,0,0,0,0,0,0,0,2,0,0,0,0,0,4,1,0,false
/Users/thiago/Documents/Thiago/CodeToAnalyze/retrofit/retrofit-converters/jaxb3/src/test/java/retrofit2/converter/jaxb3/Contact.java,retrofit2.converter.jaxb3.Contact,Contact/0,true,33,1,0,0,0,1,0,3,0,0,0,0,0,0,0,0,0,0,2,0,0,0,0,0,0,0,1,2,0,false
/Users/thiago/Documents/Thiago/CodeToAnalyze/retrofit/retrofit-converters/jaxb3/src/test/java/retrofit2/converter/jaxb3/Contact.java,retrofit2.converter.jaxb3.Contact,equals/1[java.lang.Object],false,43,1,0,0,0,1,2,3,1,0,1,2,0,0,0,0,0,2,0,0,0,0,0,0,0,0,7,1,0,false
/Users/thiago/Documents/Thiago/CodeToAnalyze/retrofit/retrofit-converters/jaxb3/src/test/java/retrofit2/converter/jaxb3/Contact.java,retrofit2.converter.jaxb3.Contact,hashCode/0,false,50,0,0,0,0,1,2,3,1,0,0,2,0,0,0,0,0,0,0,0,0,0,0,0,0,0,2,1,0,false
/Users/thiago/Documents/Thiago/CodeToAnalyze/retrofit/retrofit-converters/jaxb3/src/main/java/retrofit2/converter/jaxb3/JaxbResponseConverter.java,retrofit2.converter.jaxb3.JaxbResponseConverter,convert/1[retrofit2.converter.jaxb3.ResponseBody],false,43,3,0,0,0,2,6,13,1,2,1,6,0,0,0,0,1,0,0,0,2,0,1,0,0,0,21,1,0,false
/Users/thiago/Documents/Thiago/CodeToAnalyze/retrofit/retrofit-converters/jaxb3/src/main/java/retrofit2/converter/jaxb3/JaxbResponseConverter.java,retrofit2.converter.jaxb3.JaxbResponseConverter,"JaxbResponseConverter/2[retrofit2.converter.jaxb3.JAXBContext,java.lang.Class<T>]",true,33,2,0,0,0,1,1,6,0,0,2,1,0,0,0,0,0,0,0,0,2,0,0,0,0,0,10,0,0,false
/Users/thiago/Documents/Thiago/CodeToAnalyze/retrofit/retrofit/src/main/java/retrofit2/ParameterHandler.java,retrofit2.ParameterHandler$QueryName,"apply/2[retrofit2.RequestBuilder,T]",false,154,4,2,0,2,2,2,4,1,0,2,2,0,0,0,1,0,0,0,0,0,0,1,0,0,0,9,0,0,false
/Users/thiago/Documents/Thiago/CodeToAnalyze/retrofit/retrofit/src/main/java/retrofit2/ParameterHandler.java,retrofit2.ParameterHandler$QueryName,"QueryName/2[retrofit2.Converter<T,java.lang.String>,boolean]",true,148,2,0,0,0,1,0,4,0,0,2,0,0,0,0,0,0,0,0,0,2,0,0,0,0,0,5,0,0,false
/Users/thiago/Documents/Thiago/CodeToAnalyze/retrofit/samples/src/main/java/com/example/retrofit/ErrorHandlingAdapter.java,com.example.retrofit.ErrorHandlingAdapter$MyCallback,serverError/1[retrofit2.Response<?>],false,48,1,0,0,0,1,0,1,0,0,1,0,0,0,0,0,0,0,0,0,0,0,0,0,0,0,4,0,0,true
/Users/thiago/Documents/Thiago/CodeToAnalyze/retrofit/samples/src/main/java/com/example/retrofit/ErrorHandlingAdapter.java,com.example.retrofit.ErrorHandlingAdapter$MyCallback,networkError/1[java.io.IOException],false,51,0,0,0,0,1,0,1,0,0,1,0,0,0,0,0,0,0,0,0,0,0,0,0,0,0,10,0,0,true
/Users/thiago/Documents/Thiago/CodeToAnalyze/retrofit/samples/src/main/java/com/example/retrofit/ErrorHandlingAdapter.java,com.example.retrofit.ErrorHandlingAdapter$MyCallback,clientError/1[retrofit2.Response<?>],false,45,1,0,0,0,1,0,1,0,0,1,0,0,0,0,0,0,0,0,0,0,0,0,0,0,0,5,0,0,true
/Users/thiago/Documents/Thiago/CodeToAnalyze/retrofit/samples/src/main/java/com/example/retrofit/ErrorHandlingAdapter.java,com.example.retrofit.ErrorHandlingAdapter$MyCallback,success/1[retrofit2.Response<T>],false,39,2,0,0,0,1,0,1,0,0,1,0,0,0,0,0,0,0,0,0,0,0,0,0,0,0,3,0,0,true
/Users/thiago/Documents/Thiago/CodeToAnalyze/retrofit/samples/src/main/java/com/example/retrofit/ErrorHandlingAdapter.java,com.example.retrofit.ErrorHandlingAdapter$MyCallback,unauthenticated/1[retrofit2.Response<?>],false,42,1,0,0,0,1,0,1,0,0,1,0,0,0,0,0,0,0,0,0,0,0,0,0,0,0,3,0,0,true
/Users/thiago/Documents/Thiago/CodeToAnalyze/retrofit/samples/src/main/java/com/example/retrofit/ErrorHandlingAdapter.java,com.example.retrofit.ErrorHandlingAdapter$MyCallback,unexpectedError/1[java.lang.Throwable],false,54,0,0,0,0,1,0,1,0,0,1,0,0,0,0,0,0,0,0,0,0,0,0,0,0,0,8,0,0,true
/Users/thiago/Documents/Thiago/CodeToAnalyze/retrofit/retrofit/src/main/java/retrofit2/OkHttpCall.java,retrofit2.OkHttpCall$ExceptionCatchingResponseBody$Anonymous2,"read/2[retrofit2.Buffer,long]",false,315,1,0,0,0,2,1,9,1,0,2,1,0,0,0,0,1,0,0,0,1,0,1,0,0,0,9,1,0,false
/Users/thiago/Documents/Thiago/CodeToAnalyze/retrofit/retrofit-converters/jackson/src/test/java/retrofit2/converter/jackson/JacksonCborConverterFactoryTest.java,retrofit2.converter.jackson.JacksonCborConverterFactoryTest,post/0,false,69,8,4,0,4,1,13,9,0,3,0,13,0,0,0,0,0,0,4,2,3,0,0,0,0,0,15,1,0,false
/Users/thiago/Documents/Thiago/CodeToAnalyze/retrofit/retrofit-converters/jackson/src/test/java/retrofit2/converter/jackson/JacksonCborConverterFactoryTest.java,retrofit2.converter.jackson.JacksonCborConverterFactoryTest,setUp/0,false,58,6,4,0,4,1,7,4,0,1,0,7,0,0,0,0,0,0,2,0,2,0,0,0,0,0,10,1,0,false
/Users/thiago/Documents/Thiago/CodeToAnalyze/retrofit/retrofit/java-test/src/test/java/retrofit2/RequestFactoryTest.java,retrofit2.RequestFactoryTest$24Example,method/1[java.util.List<java.lang.String>],false,513,4,0,0,0,1,0,3,1,0,1,0,0,0,0,0,0,0,1,0,0,0,0,0,0,0,3,0,0,false
/Users/thiago/Documents/Thiago/CodeToAnalyze/retrofit/retrofit/java-test/src/test/java/retrofit2/RetrofitTest.java,retrofit2.RetrofitTest$4MyConverterFactory,"stringConverter/3[java.lang.reflect.Type,java.lang.annotation.Annotation[],retrofit2.Retrofit]",false,581,3,0,0,0,1,1,4,1,0,3,1,0,0,0,0,0,0,0,0,0,0,0,0,0,0,6,1,0,false
/Users/thiago/Documents/Thiago/CodeToAnalyze/retrofit/retrofit/java-test/src/test/java/retrofit2/RequestFactoryTest.java,retrofit2.RequestFactoryTest$35Example,method/1[okhttp3.Headers],false,750,5,0,0,0,1,0,3,0,0,1,0,0,0,0,0,0,0,1,0,0,0,0,0,0,0,4,0,0,false
/Users/thiago/Documents/Thiago/CodeToAnalyze/retrofit/samples/src/main/java/com/example/retrofit/ErrorHandlingAdapter.java,com.example.retrofit.ErrorHandlingAdapter$ErrorHandlingCallAdapterFactory,"get/3[java.lang.reflect.Type,java.lang.annotation.Annotation[],retrofit2.Retrofit]",false,72,6,4,0,4,3,3,11,2,2,3,3,0,0,0,1,0,1,1,1,2,0,1,0,0,0,20,1,0,false
/Users/thiago/Documents/Thiago/CodeToAnalyze/retrofit/retrofit-adapters/rxjava/src/main/java/retrofit2/adapter/rxjava/CallEnqueueOnSubscribe.java,retrofit2.adapter.rxjava.CallEnqueueOnSubscribe,CallEnqueueOnSubscribe/1[retrofit2.Call<T>],true,28,2,0,0,0,1,0,3,0,0,1,0,0,0,0,0,0,0,0,0,1,0,0,0,0,0,5,0,0,false
/Users/thiago/Documents/Thiago/CodeToAnalyze/retrofit/retrofit-adapters/rxjava/src/main/java/retrofit2/adapter/rxjava/CallEnqueueOnSubscribe.java,retrofit2.adapter.rxjava.CallEnqueueOnSubscribe,call/1[retrofit2.adapter.rxjava.Subscriber<? super retrofit2.Response<T>>],false,33,6,3,0,3,1,4,16,0,2,1,4,0,0,0,0,0,0,0,0,2,0,0,1,0,0,9,1,0,false
/Users/thiago/Documents/Thiago/CodeToAnalyze/retrofit/retrofit/java-test/src/test/java/retrofit2/RequestFactoryTest.java,retrofit2.RequestFactoryTest$90Example,method/1[retrofit2.HttpUrl],false,1717,5,0,0,0,1,0,3,1,0,1,0,0,0,0,0,0,0,0,0,0,0,0,0,0,0,5,0,0,false
/Users/thiago/Documents/Thiago/CodeToAnalyze/retrofit/samples/src/main/java/com/example/retrofit/InvocationMetrics.java,com.example.retrofit.InvocationMetrics$InvocationLogger,intercept/1[com.example.retrofit.Chain],false,48,4,3,0,3,2,11,11,1,5,1,11,0,0,0,1,0,0,1,1,5,2,1,0,0,0,20,1,0,false
/Users/thiago/Documents/Thiago/CodeToAnalyze/retrofit/samples/src/main/java/com/example/retrofit/RxJavaObserveOnMainThread.java,com.example.retrofit.RxJavaObserveOnMainThread$ObserveOnMainCallAdapterFactory,ObserveOnMainCallAdapterFactory/1[com.example.retrofit.Scheduler],true,50,1,1,1,0,1,0,3,0,0,1,0,0,0,0,0,0,0,0,0,1,0,0,0,0,0,8,0,0,false
/Users/thiago/Documents/Thiago/CodeToAnalyze/retrofit/samples/src/main/java/com/example/retrofit/RxJavaObserveOnMainThread.java,com.example.retrofit.RxJavaObserveOnMainThread$ObserveOnMainCallAdapterFactory,"get/3[java.lang.reflect.Type,java.lang.annotation.Annotation[],retrofit2.Retrofit]",false,56,6,3,0,3,2,2,16,2,1,3,2,0,0,0,1,0,0,0,0,1,0,1,1,0,0,13,1,0,false
/Users/thiago/Documents/Thiago/CodeToAnalyze/retrofit/retrofit/java-test/src/test/java/retrofit2/RequestFactoryTest.java,retrofit2.RequestFactoryTest$73Example,method/1[java.lang.Object[]],false,1435,4,0,0,0,1,0,3,1,0,1,0,0,0,0,0,0,0,2,0,0,0,0,0,0,0,5,0,0,false
/Users/thiago/Documents/Thiago/CodeToAnalyze/retrofit/retrofit-adapters/rxjava/src/test/java/retrofit2/adapter/rxjava/ResultTest.java,retrofit2.adapter.rxjava.ResultTest,error/0,false,46,2,4,0,4,1,8,7,0,2,0,8,0,0,0,0,0,0,0,0,2,0,0,0,0,0,8,1,1,false
/Users/thiago/Documents/Thiago/CodeToAnalyze/retrofit/retrofit-adapters/rxjava/src/test/java/retrofit2/adapter/rxjava/ResultTest.java,retrofit2.adapter.rxjava.ResultTest,response/0,false,27,3,5,0,5,1,9,7,0,2,0,9,0,0,0,0,0,0,1,0,2,0,0,0,0,0,4,1,1,false
/Users/thiago/Documents/Thiago/CodeToAnalyze/retrofit/retrofit-adapters/rxjava/src/test/java/retrofit2/adapter/rxjava/ResultTest.java,retrofit2.adapter.rxjava.ResultTest,nullResponseThrows/0,false,36,2,1,0,1,2,5,9,0,0,0,5,0,0,0,0,1,0,1,0,0,0,1,0,0,0,10,1,0,false
/Users/thiago/Documents/Thiago/CodeToAnalyze/retrofit/retrofit-adapters/rxjava/src/test/java/retrofit2/adapter/rxjava/ResultTest.java,retrofit2.adapter.rxjava.ResultTest,nullErrorThrows/0,false,55,2,1,0,1,2,5,9,0,0,0,5,0,0,0,0,1,0,1,0,0,0,1,0,0,0,10,1,1,false
/Users/thiago/Documents/Thiago/CodeToAnalyze/retrofit/retrofit/java-test/src/test/java/retrofit2/RequestFactoryTest.java,retrofit2.RequestFactoryTest$18Example,method/0,false,399,4,0,0,0,1,0,3,1,0,0,0,0,0,0,0,0,0,1,0,0,0,0,0,0,0,2,0,0,false
/Users/thiago/Documents/Thiago/CodeToAnalyze/retrofit/retrofit-mock/src/test/java/retrofit2/mock/CallsTest.java,retrofit2.mock.CallsTest$Anonymous2,"onResponse/2[retrofit2.Call<java.lang.String>,retrofit2.Response<java.lang.String>]",false,85,2,1,0,1,1,1,3,0,0,2,1,0,0,0,0,0,0,0,0,0,0,0,0,0,0,3,1,0,false
/Users/thiago/Documents/Thiago/CodeToAnalyze/retrofit/retrofit-mock/src/test/java/retrofit2/mock/CallsTest.java,retrofit2.mock.CallsTest$Anonymous2,"onFailure/2[retrofit2.Call<java.lang.String>,java.lang.Throwable]",false,90,1,0,0,0,1,1,3,0,0,2,1,0,0,0,0,0,0,0,0,0,0,0,0,0,0,4,1,0,false
/Users/thiago/Documents/Thiago/CodeToAnalyze/retrofit/samples/src/main/java/com/example/retrofit/ErrorHandlingAdapter.java,com.example.retrofit.ErrorHandlingAdapter$MyCall,cancel/0,false,59,0,0,0,0,1,0,1,0,0,0,0,0,0,0,0,0,0,0,0,0,0,0,0,0,0,1,0,0,false
/Users/thiago/Documents/Thiago/CodeToAnalyze/retrofit/samples/src/main/java/com/example/retrofit/ErrorHandlingAdapter.java,com.example.retrofit.ErrorHandlingAdapter$MyCall,enqueue/1[com.example.retrofit.ErrorHandlingAdapter.MyCallback<T>],false,61,2,0,0,0,1,0,1,0,0,1,0,0,0,0,0,0,0,0,0,0,0,0,0,0,0,2,0,0,false
/Users/thiago/Documents/Thiago/CodeToAnalyze/retrofit/samples/src/main/java/com/example/retrofit/ErrorHandlingAdapter.java,com.example.retrofit.ErrorHandlingAdapter$MyCall,clone/0,false,63,2,0,0,0,1,0,1,0,0,0,0,0,0,0,0,0,0,0,0,0,0,0,0,0,0,1,0,0,false
/Users/thiago/Documents/Thiago/CodeToAnalyze/retrofit/retrofit-adapters/rxjava2/src/test/java/retrofit2/adapter/rxjava2/ObservableThrowingTest.java,retrofit2.adapter.rxjava2.ObservableThrowingTest$ForwardingObserver,onNext/1[T],false,333,1,0,0,0,1,1,3,0,0,1,1,0,0,0,0,0,0,0,0,0,0,0,0,0,0,4,1,0,false
/Users/thiago/Documents/Thiago/CodeToAnalyze/retrofit/retrofit-adapters/rxjava2/src/test/java/retrofit2/adapter/rxjava2/ObservableThrowingTest.java,retrofit2.adapter.rxjava2.ObservableThrowingTest$ForwardingObserver,onError/1[java.lang.Throwable],false,338,0,0,0,0,1,1,3,0,0,1,1,0,0,0,0,0,0,0,0,0,0,0,0,0,0,4,1,0,false
/Users/thiago/Documents/Thiago/CodeToAnalyze/retrofit/retrofit-adapters/rxjava2/src/test/java/retrofit2/adapter/rxjava2/ObservableThrowingTest.java,retrofit2.adapter.rxjava2.ObservableThrowingTest$ForwardingObserver,ForwardingObserver/1[retrofit2.adapter.rxjava2.Observer<T>],true,323,1,0,0,0,1,0,3,0,0,1,0,0,0,0,0,0,0,0,0,1,0,0,0,0,0,3,0,0,false
/Users/thiago/Documents/Thiago/CodeToAnalyze/retrofit/retrofit-adapters/rxjava2/src/test/java/retrofit2/adapter/rxjava2/ObservableThrowingTest.java,retrofit2.adapter.rxjava2.ObservableThrowingTest$ForwardingObserver,onComplete/0,false,343,0,0,0,0,1,1,3,0,0,0,1,0,0,0,0,0,0,0,0,0,0,0,0,0,0,2,1,0,false
/Users/thiago/Documents/Thiago/CodeToAnalyze/retrofit/retrofit-adapters/rxjava2/src/test/java/retrofit2/adapter/rxjava2/ObservableThrowingTest.java,retrofit2.adapter.rxjava2.ObservableThrowingTest$ForwardingObserver,onSubscribe/1[retrofit2.adapter.rxjava2.Disposable],false,328,1,0,0,0,1,1,3,0,0,1,1,0,0,0,0,0,0,0,0,0,0,0,0,0,0,4,1,0,false
/Users/thiago/Documents/Thiago/CodeToAnalyze/retrofit/retrofit-mock/src/test/java/retrofit2/mock/CallsTest.java,retrofit2.mock.CallsTest$Anonymous1,"onResponse/2[retrofit2.Call<java.lang.String>,retrofit2.Response<java.lang.String>]",false,48,2,1,0,1,1,1,3,0,0,2,1,0,0,0,0,0,0,0,0,0,0,0,0,0,0,3,1,0,false
/Users/thiago/Documents/Thiago/CodeToAnalyze/retrofit/retrofit-mock/src/test/java/retrofit2/mock/CallsTest.java,retrofit2.mock.CallsTest$Anonymous1,"onFailure/2[retrofit2.Call<java.lang.String>,java.lang.Throwable]",false,53,1,0,0,0,1,1,3,0,0,2,1,0,0,0,0,0,0,0,0,0,0,0,0,0,0,4,1,0,false
/Users/thiago/Documents/Thiago/CodeToAnalyze/retrofit/retrofit/java-test/src/test/java/retrofit2/RequestFactoryTest.java,retrofit2.RequestFactoryTest$95Example,"method/2[java.lang.String,java.lang.Object]",false,1821,5,0,0,0,1,0,3,1,0,2,0,0,0,0,0,0,0,1,0,0,0,0,0,0,0,4,0,0,false
/Users/thiago/Documents/Thiago/CodeToAnalyze/retrofit/retrofit-adapters/rxjava3/src/test/java/retrofit2/adapter/rxjava3/ObservableThrowingTest.java,retrofit2.adapter.rxjava3.ObservableThrowingTest$ForwardingObserver,ForwardingObserver/1[retrofit2.adapter.rxjava3.Observer<T>],true,313,1,0,0,0,1,0,3,0,0,1,0,0,0,0,0,0,0,0,0,1,0,0,0,0,0,3,0,0,false
/Users/thiago/Documents/Thiago/CodeToAnalyze/retrofit/retrofit-adapters/rxjava3/src/test/java/retrofit2/adapter/rxjava3/ObservableThrowingTest.java,retrofit2.adapter.rxjava3.ObservableThrowingTest$ForwardingObserver,onSubscribe/1[retrofit2.adapter.rxjava3.Disposable],false,318,1,0,0,0,1,1,3,0,0,1,1,0,0,0,0,0,0,0,0,0,0,0,0,0,0,4,1,0,false
/Users/thiago/Documents/Thiago/CodeToAnalyze/retrofit/retrofit-adapters/rxjava3/src/test/java/retrofit2/adapter/rxjava3/ObservableThrowingTest.java,retrofit2.adapter.rxjava3.ObservableThrowingTest$ForwardingObserver,onNext/1[T],false,323,1,0,0,0,1,1,3,0,0,1,1,0,0,0,0,0,0,0,0,0,0,0,0,0,0,4,1,0,false
/Users/thiago/Documents/Thiago/CodeToAnalyze/retrofit/retrofit-adapters/rxjava3/src/test/java/retrofit2/adapter/rxjava3/ObservableThrowingTest.java,retrofit2.adapter.rxjava3.ObservableThrowingTest$ForwardingObserver,onError/1[java.lang.Throwable],false,328,0,0,0,0,1,1,3,0,0,1,1,0,0,0,0,0,0,0,0,0,0,0,0,0,0,4,1,0,false
/Users/thiago/Documents/Thiago/CodeToAnalyze/retrofit/retrofit-adapters/rxjava3/src/test/java/retrofit2/adapter/rxjava3/ObservableThrowingTest.java,retrofit2.adapter.rxjava3.ObservableThrowingTest$ForwardingObserver,onComplete/0,false,333,0,0,0,0,1,1,3,0,0,0,1,0,0,0,0,0,0,0,0,0,0,0,0,0,0,2,1,0,false
/Users/thiago/Documents/Thiago/CodeToAnalyze/retrofit/retrofit/java-test/src/test/java/retrofit2/RequestFactoryTest.java,retrofit2.RequestFactoryTest$124Example,"method/1[java.util.Map<java.lang.String,retrofit2.RequestBody>]",false,2501,6,0,0,0,1,0,3,1,0,1,0,0,0,0,0,0,0,1,0,0,0,0,0,0,0,5,0,0,false
/Users/thiago/Documents/Thiago/CodeToAnalyze/retrofit/retrofit/java-test/src/test/java/retrofit2/CompletableFutureTest.java,retrofit2.CompletableFutureTest,setUp/0,false,47,5,4,0,4,1,5,4,0,1,0,5,0,0,0,0,0,0,1,0,2,0,0,0,0,0,9,1,0,false
/Users/thiago/Documents/Thiago/CodeToAnalyze/retrofit/retrofit/java-test/src/test/java/retrofit2/CompletableFutureTest.java,retrofit2.CompletableFutureTest,responseFailure/0,false,113,4,1,0,1,2,8,11,0,1,0,8,0,0,0,0,1,0,0,0,1,0,1,0,0,0,25,1,0,false
/Users/thiago/Documents/Thiago/CodeToAnalyze/retrofit/retrofit/java-test/src/test/java/retrofit2/CompletableFutureTest.java,retrofit2.CompletableFutureTest,responseSuccess200/0,false,93,4,3,0,3,1,9,7,0,2,0,9,0,0,0,0,0,0,2,0,2,0,0,0,0,0,8,1,0,false
/Users/thiago/Documents/Thiago/CodeToAnalyze/retrofit/retrofit/java-test/src/test/java/retrofit2/CompletableFutureTest.java,retrofit2.CompletableFutureTest,bodySuccess404/0,false,65,4,1,0,1,2,10,13,0,2,0,10,0,0,0,0,1,0,1,1,2,0,1,0,0,0,14,1,0,false
/Users/thiago/Documents/Thiago/CodeToAnalyze/retrofit/retrofit/java-test/src/test/java/retrofit2/CompletableFutureTest.java,retrofit2.CompletableFutureTest,bodyFailure/0,false,80,3,1,0,1,2,8,11,0,1,0,8,0,0,0,0,1,0,0,0,1,0,1,0,0,0,25,1,0,false
/Users/thiago/Documents/Thiago/CodeToAnalyze/retrofit/retrofit/java-test/src/test/java/retrofit2/CompletableFutureTest.java,retrofit2.CompletableFutureTest,responseSuccess404/0,false,103,4,3,0,3,1,11,7,0,2,0,11,0,0,0,0,0,0,2,1,2,0,0,0,0,0,8,1,0,false
/Users/thiago/Documents/Thiago/CodeToAnalyze/retrofit/retrofit/java-test/src/test/java/retrofit2/CompletableFutureTest.java,retrofit2.CompletableFutureTest,bodySuccess200/0,false,57,3,1,0,1,1,6,5,0,1,0,6,0,0,0,0,0,0,2,0,1,0,0,0,0,0,8,1,0,false
/Users/thiago/Documents/Thiago/CodeToAnalyze/retrofit/retrofit/android-test/src/androidTest/java/retrofit2/CompletableFutureAndroidTest.java,retrofit2.CompletableFutureAndroidTest,completableFutureApi24/0,false,52,3,1,0,1,1,6,5,0,1,0,6,0,0,0,0,0,0,2,0,1,0,0,0,0,0,9,1,0,false
/Users/thiago/Documents/Thiago/CodeToAnalyze/retrofit/retrofit/android-test/src/androidTest/java/retrofit2/CompletableFutureAndroidTest.java,retrofit2.CompletableFutureAndroidTest,setUp/0,false,42,5,4,0,4,1,5,4,0,1,0,5,0,0,0,0,0,0,1,0,2,0,0,0,0,0,9,1,0,false
/Users/thiago/Documents/Thiago/CodeToAnalyze/retrofit/retrofit-adapters/rxjava3/src/test/java/retrofit2/adapter/rxjava3/CompletableTest.java,retrofit2.adapter.rxjava3.CompletableTest$Service,completable/0,false,38,2,4,4,0,1,0,1,0,0,0,0,0,0,0,0,0,0,1,0,0,0,0,0,0,0,2,0,0,false
/Users/thiago/Documents/Thiago/CodeToAnalyze/retrofit/retrofit-converters/guava/src/test/java/retrofit/converter/guava/GuavaOptionalConverterFactoryTest.java,retrofit.converter.guava.GuavaOptionalConverterFactoryTest$Anonymous1,"responseBodyConverter/3[java.lang.reflect.Type,java.lang.annotation.Annotation[],retrofit2.Retrofit]",false,88,5,4,0,4,2,1,6,2,1,3,1,0,0,0,1,0,0,0,0,0,0,1,0,0,1,11,1,0,false
/Users/thiago/Documents/Thiago/CodeToAnalyze/retrofit/retrofit-converters/moshi/src/test/java/retrofit2/converter/moshi/MoshiConverterFactoryTest.java,retrofit2.converter.moshi.MoshiConverterFactoryTest,MoshiConverterFactoryTest/1[boolean],true,171,9,9,0,9,4,13,27,1,12,1,13,0,0,1,0,0,0,5,0,15,1,3,0,0,1,22,1,0,false
/Users/thiago/Documents/Thiago/CodeToAnalyze/retrofit/retrofit-converters/moshi/src/test/java/retrofit2/converter/moshi/MoshiConverterFactoryTest.java,retrofit2.converter.moshi.MoshiConverterFactoryTest,annotations/0,false,242,6,3,0,3,1,11,9,0,3,0,11,0,0,0,0,0,0,6,0,3,0,0,0,0,0,18,1,0,false
/Users/thiago/Documents/Thiago/CodeToAnalyze/retrofit/retrofit-converters/moshi/src/test/java/retrofit2/converter/moshi/MoshiConverterFactoryTest.java,retrofit2.converter.moshi.MoshiConverterFactoryTest,withNulls/0,false,277,5,3,0,3,1,8,6,0,1,0,8,0,0,0,0,0,0,2,0,1,0,0,0,0,0,12,1,0,false
/Users/thiago/Documents/Thiago/CodeToAnalyze/retrofit/retrofit-converters/moshi/src/test/java/retrofit2/converter/moshi/MoshiConverterFactoryTest.java,retrofit2.converter.moshi.MoshiConverterFactoryTest,requireFullResponseDocumentConsumption/0,false,329,5,2,0,2,2,8,11,0,1,0,8,0,0,0,0,1,0,2,0,1,0,1,0,0,0,18,1,0,false
/Users/thiago/Documents/Thiago/CodeToAnalyze/retrofit/retrofit-converters/moshi/src/test/java/retrofit2/converter/moshi/MoshiConverterFactoryTest.java,retrofit2.converter.moshi.MoshiConverterFactoryTest,failOnUnknown/0,false,286,5,3,0,3,2,8,11,0,1,0,8,0,0,0,0,1,0,2,0,1,0,1,0,0,0,23,1,0,false
/Users/thiago/Documents/Thiago/CodeToAnalyze/retrofit/retrofit-converters/moshi/src/test/java/retrofit2/converter/moshi/MoshiConverterFactoryTest.java,retrofit2.converter.moshi.MoshiConverterFactoryTest,anInterface/0,false,214,8,5,0,5,1,12,10,0,4,0,12,0,0,0,0,0,0,6,0,4,0,0,0,0,0,21,1,0,false
/Users/thiago/Documents/Thiago/CodeToAnalyze/retrofit/retrofit-converters/moshi/src/test/java/retrofit2/converter/moshi/MoshiConverterFactoryTest.java,retrofit2.converter.moshi.MoshiConverterFactoryTest,nonUtf8BomIsNotSkipped/0,false,312,6,3,0,3,2,8,12,0,3,0,8,0,0,0,0,1,0,3,0,3,0,1,0,0,0,20,1,0,false
/Users/thiago/Documents/Thiago/CodeToAnalyze/retrofit/retrofit-converters/moshi/src/test/java/retrofit2/converter/moshi/MoshiConverterFactoryTest.java,retrofit2.converter.moshi.MoshiConverterFactoryTest,serializeIsStreamed/0,false,342,5,4,0,4,1,9,20,0,4,0,9,0,0,0,0,0,0,2,1,4,0,0,1,0,0,25,1,0,false
/Users/thiago/Documents/Thiago/CodeToAnalyze/retrofit/retrofit-converters/moshi/src/test/java/retrofit2/converter/moshi/MoshiConverterFactoryTest.java,retrofit2.converter.moshi.MoshiConverterFactoryTest,anImplementation/0,false,228,7,4,0,4,1,11,10,0,4,0,11,0,0,0,0,0,0,6,0,4,0,0,0,0,0,20,1,0,false
/Users/thiago/Documents/Thiago/CodeToAnalyze/retrofit/retrofit-converters/moshi/src/test/java/retrofit2/converter/moshi/MoshiConverterFactoryTest.java,retrofit2.converter.moshi.MoshiConverterFactoryTest,asLenient/0,false,255,6,4,0,4,2,10,17,0,5,0,10,0,0,0,0,1,0,5,0,5,0,1,0,0,0,28,1,0,false
/Users/thiago/Documents/Thiago/CodeToAnalyze/retrofit/retrofit-converters/moshi/src/test/java/retrofit2/converter/moshi/MoshiConverterFactoryTest.java,retrofit2.converter.moshi.MoshiConverterFactoryTest,utf8BomSkipped/0,false,299,7,4,0,4,1,10,9,0,5,0,10,0,0,0,0,0,0,4,0,5,0,0,0,0,0,18,1,0,false
/Users/thiago/Documents/Thiago/CodeToAnalyze/retrofit/retrofit-mock/src/test/java/retrofit2/mock/CallsTest.java,retrofit2.mock.CallsTest$Anonymous9,"onFailure/2[retrofit2.Call<java.lang.Object>,java.lang.Throwable]",false,315,1,0,0,0,1,1,3,0,0,2,1,0,0,0,0,0,0,0,0,0,0,0,0,0,0,3,1,0,false
/Users/thiago/Documents/Thiago/CodeToAnalyze/retrofit/retrofit-mock/src/test/java/retrofit2/mock/CallsTest.java,retrofit2.mock.CallsTest$Anonymous9,"onResponse/2[retrofit2.Call<java.lang.Object>,retrofit2.Response<java.lang.Object>]",false,310,2,0,0,0,1,1,3,0,0,2,1,0,0,0,0,0,0,0,0,0,0,0,0,0,0,4,1,0,false
/Users/thiago/Documents/Thiago/CodeToAnalyze/retrofit/retrofit-mock/src/test/java/retrofit2/mock/CallsTest.java,retrofit2.mock.CallsTest$Anonymous8,"onResponse/2[retrofit2.Call<java.lang.Integer>,retrofit2.Response<java.lang.Integer>]",false,266,2,0,0,0,1,1,3,0,0,2,1,0,0,0,0,0,0,0,0,0,0,0,0,0,0,3,1,0,false
/Users/thiago/Documents/Thiago/CodeToAnalyze/retrofit/retrofit-mock/src/test/java/retrofit2/mock/CallsTest.java,retrofit2.mock.CallsTest$Anonymous8,"onFailure/2[retrofit2.Call<java.lang.Integer>,java.lang.Throwable]",false,271,1,0,0,0,1,1,3,0,0,2,1,0,0,0,0,0,0,0,0,0,0,0,0,0,0,4,1,0,false
/Users/thiago/Documents/Thiago/CodeToAnalyze/retrofit/retrofit-mock/src/test/java/retrofit2/mock/CallsTest.java,retrofit2.mock.CallsTest$Anonymous7,call/0,false,255,2,2,0,2,1,1,3,1,0,0,1,0,0,0,0,0,0,0,0,0,0,0,0,0,0,3,1,0,false
/Users/thiago/Documents/Thiago/CodeToAnalyze/retrofit/retrofit-mock/src/test/java/retrofit2/mock/CallsTest.java,retrofit2.mock.CallsTest$Anonymous6,call/0,false,236,2,2,0,2,1,1,3,1,0,0,1,0,0,0,0,0,0,0,0,0,0,0,0,0,0,3,1,0,false
/Users/thiago/Documents/Thiago/CodeToAnalyze/retrofit/retrofit-mock/src/test/java/retrofit2/mock/CallsTest.java,retrofit2.mock.CallsTest$Anonymous5,"onFailure/2[retrofit2.Call<java.lang.Object>,java.lang.Throwable]",false,210,1,0,0,0,1,1,3,0,0,2,1,0,0,0,0,0,0,0,0,0,0,0,0,0,0,3,1,0,false
/Users/thiago/Documents/Thiago/CodeToAnalyze/retrofit/retrofit-mock/src/test/java/retrofit2/mock/CallsTest.java,retrofit2.mock.CallsTest$Anonymous5,"onResponse/2[retrofit2.Call<java.lang.Object>,retrofit2.Response<java.lang.Object>]",false,205,2,0,0,0,1,1,3,0,0,2,1,0,0,0,0,0,0,0,0,0,0,0,0,0,0,4,1,0,false
/Users/thiago/Documents/Thiago/CodeToAnalyze/retrofit/retrofit-adapters/rxjava/src/main/java/retrofit2/adapter/rxjava/HttpException.java,retrofit2.adapter.rxjava.HttpException,HttpException/1[retrofit2.Response<?>],true,8,1,1,1,0,1,0,3,0,0,1,0,0,0,0,0,0,0,0,0,0,0,0,0,0,0,3,1,0,false
/Users/thiago/Documents/Thiago/CodeToAnalyze/retrofit/retrofit-mock/src/test/java/retrofit2/mock/CallsTest.java,retrofit2.mock.CallsTest$Anonymous4,"onFailure/2[retrofit2.Call<java.lang.String>,java.lang.Throwable]",false,158,1,0,0,0,1,1,3,0,0,2,1,0,0,0,0,0,0,0,0,0,0,0,0,0,0,3,1,0,false
/Users/thiago/Documents/Thiago/CodeToAnalyze/retrofit/retrofit-mock/src/test/java/retrofit2/mock/CallsTest.java,retrofit2.mock.CallsTest$Anonymous4,"onResponse/2[retrofit2.Call<java.lang.String>,retrofit2.Response<java.lang.String>]",false,153,2,1,0,1,1,1,3,0,0,2,1,0,0,0,0,0,0,0,0,0,0,0,0,0,0,4,1,0,false
/Users/thiago/Documents/Thiago/CodeToAnalyze/retrofit/retrofit-mock/src/test/java/retrofit2/mock/CallsTest.java,retrofit2.mock.CallsTest$Anonymous3,"onResponse/2[retrofit2.Call<java.lang.String>,retrofit2.Response<java.lang.String>]",false,101,2,1,0,1,1,1,3,0,0,2,1,0,0,0,0,0,0,0,0,0,0,0,0,0,0,4,1,0,false
/Users/thiago/Documents/Thiago/CodeToAnalyze/retrofit/retrofit-mock/src/test/java/retrofit2/mock/CallsTest.java,retrofit2.mock.CallsTest$Anonymous3,"onFailure/2[retrofit2.Call<java.lang.String>,java.lang.Throwable]",false,106,1,0,0,0,1,1,3,0,0,2,1,0,0,0,0,0,0,0,0,0,0,0,0,0,0,4,1,0,false
/Users/thiago/Documents/Thiago/CodeToAnalyze/retrofit/retrofit/src/main/java/retrofit2/Retrofit.java,retrofit2.Retrofit$Builder,Builder/1[retrofit2.Retrofit],true,493,1,1,1,0,3,6,12,0,4,1,6,0,0,2,0,0,0,0,2,8,2,1,0,0,0,13,0,0,false
/Users/thiago/Documents/Thiago/CodeToAnalyze/retrofit/retrofit/src/main/java/retrofit2/Retrofit.java,retrofit2.Retrofit$Builder,client/1[retrofit2.OkHttpClient],false,523,2,3,2,1,1,2,3,1,0,1,2,1,1,0,0,0,0,1,0,0,0,0,0,0,0,18,1,0,true
/Users/thiago/Documents/Thiago/CodeToAnalyze/retrofit/retrofit/src/main/java/retrofit2/Retrofit.java,retrofit2.Retrofit$Builder,baseUrl/1[java.net.URL],false,542,1,183,182,1,1,4,4,1,0,1,4,1,0,0,0,0,0,1,0,0,0,0,0,0,0,12,1,0,true
/Users/thiago/Documents/Thiago/CodeToAnalyze/retrofit/retrofit/src/main/java/retrofit2/Retrofit.java,retrofit2.Retrofit$Builder,converterFactories/0,false,650,1,1,1,0,1,0,3,1,0,0,0,0,0,0,0,0,0,0,0,0,0,0,0,0,0,7,1,0,true
/Users/thiago/Documents/Thiago/CodeToAnalyze/retrofit/retrofit/src/main/java/retrofit2/Retrofit.java,retrofit2.Retrofit$Builder,baseUrl/1[retrofit2.HttpUrl],false,607,2,0,0,0,2,5,9,1,1,1,5,0,0,0,0,0,0,3,1,2,2,1,0,0,0,92,1,0,true
/Users/thiago/Documents/Thiago/CodeToAnalyze/retrofit/retrofit/src/main/java/retrofit2/Retrofit.java,retrofit2.Retrofit$Builder,Builder/0,true,491,0,229,229,0,1,0,2,0,0,0,0,0,0,0,0,0,0,0,0,0,0,0,0,0,0,1,1,0,false
/Users/thiago/Documents/Thiago/CodeToAnalyze/retrofit/retrofit/src/main/java/retrofit2/Retrofit.java,retrofit2.Retrofit$Builder,addCallAdapterFactory/1[retrofit2.CallAdapter.Factory],false,627,2,13,13,0,1,2,4,1,0,1,2,0,0,0,0,0,0,1,0,0,0,0,0,0,0,16,1,0,true
/Users/thiago/Documents/Thiago/CodeToAnalyze/retrofit/retrofit/src/main/java/retrofit2/Retrofit.java,retrofit2.Retrofit$Builder,addConverterFactory/1[retrofit2.Converter.Factory],false,618,2,21,21,0,1,2,4,1,0,1,2,0,0,0,0,0,0,1,0,0,0,0,0,0,0,11,1,0,true
/Users/thiago/Documents/Thiago/CodeToAnalyze/retrofit/retrofit/src/main/java/retrofit2/Retrofit.java,retrofit2.Retrofit$Builder,callbackExecutor/1[java.util.concurrent.Executor],false,639,1,2,2,0,1,1,4,1,0,1,1,0,0,0,0,0,0,1,0,1,0,0,0,0,0,22,1,0,true
/Users/thiago/Documents/Thiago/CodeToAnalyze/retrofit/retrofit/src/main/java/retrofit2/Retrofit.java,retrofit2.Retrofit$Builder,callFactory/1[okhttp3.Call.Factory],false,532,2,10,10,0,1,1,4,1,0,1,1,0,0,0,0,0,0,1,0,1,0,0,0,0,0,12,1,0,true
/Users/thiago/Documents/Thiago/CodeToAnalyze/retrofit/retrofit/src/main/java/retrofit2/Retrofit.java,retrofit2.Retrofit$Builder,baseUrl/1[java.lang.String],false,552,1,47,46,1,1,3,4,1,0,1,3,1,1,0,0,0,0,1,0,0,0,0,0,0,0,9,1,0,true
/Users/thiago/Documents/Thiago/CodeToAnalyze/retrofit/retrofit/src/main/java/retrofit2/Retrofit.java,retrofit2.Retrofit$Builder,callAdapterFactories/0,false,645,1,1,1,0,1,0,3,1,0,0,0,0,0,0,0,0,0,0,0,0,0,0,0,0,0,9,1,0,true
/Users/thiago/Documents/Thiago/CodeToAnalyze/retrofit/retrofit/src/main/java/retrofit2/Retrofit.java,retrofit2.Retrofit$Builder,build/0,false,669,7,35,31,4,4,9,24,1,8,0,9,0,0,0,3,0,0,1,1,10,1,1,0,0,0,44,1,0,true
/Users/thiago/Documents/Thiago/CodeToAnalyze/retrofit/retrofit/src/main/java/retrofit2/Retrofit.java,retrofit2.Retrofit$Builder,validateEagerly/1[boolean],false,658,1,0,0,0,1,0,4,1,0,1,0,0,0,0,0,0,0,0,0,1,0,0,0,0,0,16,1,0,true
/Users/thiago/Documents/Thiago/CodeToAnalyze/retrofit/retrofit/src/main/java/retrofit2/Utils.java,retrofit2.Utils$ParameterizedTypeImpl,getOwnerType/0,false,419,1,0,0,0,1,0,3,1,0,0,0,0,0,0,0,0,0,0,0,0,0,0,0,0,0,4,1,0,false
/Users/thiago/Documents/Thiago/CodeToAnalyze/retrofit/retrofit/src/main/java/retrofit2/Utils.java,retrofit2.Utils$ParameterizedTypeImpl,getActualTypeArguments/0,false,409,0,0,0,0,1,1,3,1,0,0,1,0,0,0,0,0,0,0,0,0,0,0,0,0,0,4,1,0,false
/Users/thiago/Documents/Thiago/CodeToAnalyze/retrofit/retrofit/src/main/java/retrofit2/Utils.java,retrofit2.Utils$ParameterizedTypeImpl,toString/0,false,436,1,1,0,1,3,3,10,2,2,0,3,0,0,1,1,0,1,3,5,2,2,1,0,0,0,9,1,0,false
/Users/thiago/Documents/Thiago/CodeToAnalyze/retrofit/retrofit/src/main/java/retrofit2/Utils.java,retrofit2.Utils$ParameterizedTypeImpl,"ParameterizedTypeImpl/3[java.lang.reflect.Type,java.lang.reflect.Type,java.lang.reflect.Type[]]",true,391,2,3,2,1,4,4,12,0,0,3,4,0,0,1,3,0,3,1,0,3,0,1,0,0,0,14,0,0,false
/Users/thiago/Documents/Thiago/CodeToAnalyze/retrofit/retrofit/src/main/java/retrofit2/Utils.java,retrofit2.Utils$ParameterizedTypeImpl,equals/1[java.lang.Object],false,424,1,1,0,1,1,1,3,1,0,1,1,0,0,0,0,0,0,0,0,0,0,0,0,0,0,5,1,0,false
/Users/thiago/Documents/Thiago/CodeToAnalyze/retrofit/retrofit/src/main/java/retrofit2/Utils.java,retrofit2.Utils$ParameterizedTypeImpl,hashCode/0,false,429,0,0,0,0,2,2,3,1,0,0,2,0,0,0,1,0,1,0,1,0,0,0,0,0,0,7,1,0,false
/Users/thiago/Documents/Thiago/CodeToAnalyze/retrofit/retrofit/src/main/java/retrofit2/Utils.java,retrofit2.Utils$ParameterizedTypeImpl,getRawType/0,false,414,0,0,0,0,1,0,3,1,0,0,0,0,0,0,0,0,0,0,0,0,0,0,0,0,0,4,1,0,false
/Users/thiago/Documents/Thiago/CodeToAnalyze/retrofit/retrofit-adapters/rxjava2/src/test/java/retrofit2/adapter/rxjava2/SingleThrowingTest.java,retrofit2.adapter.rxjava2.SingleThrowingTest$ForwardingObserver,onSuccess/1[T],false,274,1,0,0,0,1,1,3,0,0,1,1,0,0,0,0,0,0,0,0,0,0,0,0,0,0,4,1,0,false
/Users/thiago/Documents/Thiago/CodeToAnalyze/retrofit/retrofit-adapters/rxjava2/src/test/java/retrofit2/adapter/rxjava2/SingleThrowingTest.java,retrofit2.adapter.rxjava2.SingleThrowingTest$ForwardingObserver,ForwardingObserver/1[retrofit2.adapter.rxjava2.SingleObserver<T>],true,264,1,0,0,0,1,0,3,0,0,1,0,0,0,0,0,0,0,0,0,1,0,0,0,0,0,3,0,0,false
/Users/thiago/Documents/Thiago/CodeToAnalyze/retrofit/retrofit-adapters/rxjava2/src/test/java/retrofit2/adapter/rxjava2/SingleThrowingTest.java,retrofit2.adapter.rxjava2.SingleThrowingTest$ForwardingObserver,onSubscribe/1[retrofit2.adapter.rxjava2.Disposable],false,269,1,0,0,0,1,1,3,0,0,1,1,0,0,0,0,0,0,0,0,0,0,0,0,0,0,4,1,0,false
/Users/thiago/Documents/Thiago/CodeToAnalyze/retrofit/retrofit-adapters/rxjava2/src/test/java/retrofit2/adapter/rxjava2/SingleThrowingTest.java,retrofit2.adapter.rxjava2.SingleThrowingTest$ForwardingObserver,onError/1[java.lang.Throwable],false,279,0,0,0,0,1,1,3,0,0,1,1,0,0,0,0,0,0,0,0,0,0,0,0,0,0,4,1,0,false
/Users/thiago/Documents/Thiago/CodeToAnalyze/retrofit/retrofit-adapters/rxjava3/src/main/java/retrofit2/adapter/rxjava3/CallExecuteObservable.java,retrofit2.adapter.rxjava3.CallExecuteObservable,subscribeActual/1[retrofit2.adapter.rxjava3.Observer<? super retrofit2.Response<T>>],false,35,6,4,0,4,8,8,34,1,4,1,8,0,0,0,0,2,0,0,0,5,0,3,0,0,0,16,4,0,false
/Users/thiago/Documents/Thiago/CodeToAnalyze/retrofit/retrofit-adapters/rxjava3/src/main/java/retrofit2/adapter/rxjava3/CallExecuteObservable.java,retrofit2.adapter.rxjava3.CallExecuteObservable,CallExecuteObservable/1[retrofit2.Call<T>],true,30,2,0,0,0,1,0,3,0,0,1,0,0,0,0,0,0,0,0,0,1,0,0,0,0,0,4,0,0,false
/Users/thiago/Documents/Thiago/CodeToAnalyze/retrofit/retrofit-adapters/rxjava3/src/main/java/retrofit2/adapter/rxjava3/RxJava3CallAdapterFactory.java,retrofit2.adapter.rxjava3.RxJava3CallAdapterFactory,"get/3[java.lang.reflect.Type,java.lang.annotation.Annotation[],retrofit2.Retrofit]",false,100,12,3,0,3,17,2,39,3,10,3,2,0,0,0,7,0,3,12,3,14,3,2,0,0,0,36,1,0,false
/Users/thiago/Documents/Thiago/CodeToAnalyze/retrofit/retrofit-adapters/rxjava3/src/main/java/retrofit2/adapter/rxjava3/RxJava3CallAdapterFactory.java,retrofit2.adapter.rxjava3.RxJava3CallAdapterFactory,"RxJava3CallAdapterFactory/2[retrofit2.adapter.rxjava3.Scheduler,boolean]",true,93,2,3,3,0,1,0,4,0,0,2,0,0,0,0,0,0,0,0,0,2,0,0,0,0,0,9,2,0,false
/Users/thiago/Documents/Thiago/CodeToAnalyze/retrofit/retrofit-adapters/rxjava3/src/main/java/retrofit2/adapter/rxjava3/RxJava3CallAdapterFactory.java,retrofit2.adapter.rxjava3.RxJava3CallAdapterFactory,createSynchronous/0,false,76,1,12,11,1,1,0,3,1,0,0,0,0,0,0,0,0,0,0,0,0,0,0,0,0,0,31,9,0,true
/Users/thiago/Documents/Thiago/CodeToAnalyze/retrofit/retrofit-adapters/rxjava3/src/main/java/retrofit2/adapter/rxjava3/RxJava3CallAdapterFactory.java,retrofit2.adapter.rxjava3.RxJava3CallAdapterFactory,create/0,false,67,1,3,2,1,1,0,3,1,0,0,0,0,0,0,0,0,0,0,0,0,0,0,0,0,0,29,9,0,true
/Users/thiago/Documents/Thiago/CodeToAnalyze/retrofit/retrofit-adapters/rxjava3/src/main/java/retrofit2/adapter/rxjava3/RxJava3CallAdapterFactory.java,retrofit2.adapter.rxjava3.RxJava3CallAdapterFactory,createWithScheduler/1[retrofit2.adapter.rxjava3.Scheduler],false,85,2,7,6,1,2,0,4,1,0,1,0,0,0,0,1,0,0,2,0,0,0,1,0,0,0,25,9,0,true
/Users/thiago/Documents/Thiago/CodeToAnalyze/retrofit/retrofit/android-test/src/androidTest/java/retrofit2/OptionalConverterFactoryAndroidTest.java,retrofit2.OptionalConverterFactoryAndroidTest,setUp/0,false,46,5,4,0,4,1,5,4,0,1,0,5,0,0,0,0,0,0,1,0,2,0,0,0,0,0,9,1,0,false
/Users/thiago/Documents/Thiago/CodeToAnalyze/retrofit/retrofit/android-test/src/androidTest/java/retrofit2/OptionalConverterFactoryAndroidTest.java,retrofit2.OptionalConverterFactoryAndroidTest,onlyMatchesOptional/0,false,64,5,3,0,3,1,6,5,0,1,0,6,0,0,0,0,0,0,0,0,1,0,0,0,0,0,12,1,0,false
/Users/thiago/Documents/Thiago/CodeToAnalyze/retrofit/retrofit/android-test/src/androidTest/java/retrofit2/OptionalConverterFactoryAndroidTest.java,retrofit2.OptionalConverterFactoryAndroidTest,optionalApi24/0,false,56,5,3,0,3,1,7,5,0,1,0,7,0,0,0,0,0,0,0,0,1,0,0,0,0,0,9,1,0,false
/Users/thiago/Documents/Thiago/CodeToAnalyze/retrofit/retrofit/java-test/src/test/java/retrofit2/RequestFactoryTest.java,retrofit2.RequestFactoryTest$135Example,"method/2[java.lang.Object[],java.lang.String]",false,2716,5,0,0,0,1,0,3,1,0,2,0,0,0,0,0,0,0,3,0,0,0,0,0,0,0,3,0,0,false
/Users/thiago/Documents/Thiago/CodeToAnalyze/retrofit/retrofit/java-test/src/test/java/retrofit2/RequestFactoryTest.java,retrofit2.RequestFactoryTest$89Example,method/1[retrofit2.HttpUrl],false,1701,5,0,0,0,1,0,3,1,0,1,0,0,0,0,0,0,0,0,0,0,0,0,0,0,0,5,0,0,false
/Users/thiago/Documents/Thiago/CodeToAnalyze/retrofit/retrofit/java-test/src/test/java/retrofit2/RequestFactoryTest.java,retrofit2.RequestFactoryTest$85Example,method/1[java.net.URI],false,1637,4,0,0,0,1,0,3,1,0,1,0,0,0,0,0,0,0,0,0,0,0,0,0,0,0,6,0,0,false
/Users/thiago/Documents/Thiago/CodeToAnalyze/retrofit/retrofit-converters/jaxb3/src/test/java/retrofit2/converter/jaxb3/PhoneNumber.java,retrofit2.converter.jaxb3.PhoneNumber,"PhoneNumber/2[java.lang.String,retrofit2.converter.jaxb3.Type]",true,34,2,0,0,0,1,0,4,0,0,2,0,0,0,0,0,0,0,0,0,2,0,0,0,0,0,5,0,0,false
/Users/thiago/Documents/Thiago/CodeToAnalyze/retrofit/retrofit-converters/jaxb3/src/test/java/retrofit2/converter/jaxb3/PhoneNumber.java,retrofit2.converter.jaxb3.PhoneNumber,hashCode/0,false,47,0,0,0,0,1,2,3,1,0,0,2,0,0,0,0,0,0,0,0,0,0,0,0,0,0,2,1,0,false
/Users/thiago/Documents/Thiago/CodeToAnalyze/retrofit/retrofit-converters/jaxb3/src/test/java/retrofit2/converter/jaxb3/PhoneNumber.java,retrofit2.converter.jaxb3.PhoneNumber,equals/1[java.lang.Object],false,40,1,0,0,0,1,2,3,1,0,1,2,0,0,0,0,0,2,0,0,0,0,0,0,0,0,7,1,0,false
/Users/thiago/Documents/Thiago/CodeToAnalyze/retrofit/retrofit-converters/jaxb3/src/test/java/retrofit2/converter/jaxb3/PhoneNumber.java,retrofit2.converter.jaxb3.PhoneNumber,PhoneNumber/0,true,30,0,0,0,0,1,0,3,0,0,0,0,0,0,0,0,0,0,2,0,0,0,0,0,0,0,2,2,0,false
/Users/thiago/Documents/Thiago/CodeToAnalyze/retrofit/retrofit-converters/wire/src/main/java/retrofit2/converter/wire/WireStreamingRequestBody.java,retrofit2.converter.wire.WireStreamingRequestBody,contentType/0,false,37,1,0,0,0,1,0,3,1,0,0,0,0,0,0,0,0,0,0,0,0,0,0,0,0,0,12,1,0,false
/Users/thiago/Documents/Thiago/CodeToAnalyze/retrofit/retrofit-converters/wire/src/main/java/retrofit2/converter/wire/WireStreamingRequestBody.java,retrofit2.converter.wire.WireStreamingRequestBody,"WireStreamingRequestBody/2[retrofit2.converter.wire.ProtoAdapter<T>,T]",true,31,2,0,0,0,1,0,4,0,0,2,0,0,0,0,0,0,0,0,0,2,0,0,0,0,0,6,0,0,false
/Users/thiago/Documents/Thiago/CodeToAnalyze/retrofit/retrofit-converters/wire/src/main/java/retrofit2/converter/wire/WireStreamingRequestBody.java,retrofit2.converter.wire.WireStreamingRequestBody,writeTo/1[retrofit2.converter.wire.BufferedSink],false,42,1,0,0,0,1,1,3,0,0,1,1,0,0,0,0,0,0,0,0,0,0,0,0,0,0,8,1,0,false
/Users/thiago/Documents/Thiago/CodeToAnalyze/retrofit/retrofit-adapters/java8/src/test/java/retrofit2/adapter/java8/CompletableFutureTest.java,retrofit2.adapter.java8.CompletableFutureTest,responseFailure/0,false,116,4,1,0,1,2,8,11,0,1,0,8,0,0,0,0,1,0,0,0,1,0,1,0,0,0,25,1,0,false
/Users/thiago/Documents/Thiago/CodeToAnalyze/retrofit/retrofit-adapters/java8/src/test/java/retrofit2/adapter/java8/CompletableFutureTest.java,retrofit2.adapter.java8.CompletableFutureTest,setUp/0,false,48,6,5,0,5,1,7,4,0,1,0,7,0,0,0,0,0,0,1,0,2,0,0,0,0,0,8,1,0,false
/Users/thiago/Documents/Thiago/CodeToAnalyze/retrofit/retrofit-adapters/java8/src/test/java/retrofit2/adapter/java8/CompletableFutureTest.java,retrofit2.adapter.java8.CompletableFutureTest,bodySuccess404/0,false,67,5,1,0,1,2,10,14,0,2,0,10,0,0,0,0,1,0,1,1,2,0,1,0,0,0,14,1,0,false
/Users/thiago/Documents/Thiago/CodeToAnalyze/retrofit/retrofit-adapters/java8/src/test/java/retrofit2/adapter/java8/CompletableFutureTest.java,retrofit2.adapter.java8.CompletableFutureTest,bodyFailure/0,false,83,3,1,0,1,2,8,11,0,1,0,8,0,0,0,0,1,0,0,0,1,0,1,0,0,0,25,1,0,false
/Users/thiago/Documents/Thiago/CodeToAnalyze/retrofit/retrofit-adapters/java8/src/test/java/retrofit2/adapter/java8/CompletableFutureTest.java,retrofit2.adapter.java8.CompletableFutureTest,responseSuccess404/0,false,106,4,3,0,3,1,11,7,0,2,0,11,0,0,0,0,0,0,2,1,2,0,0,0,0,0,8,1,0,false
/Users/thiago/Documents/Thiago/CodeToAnalyze/retrofit/retrofit-adapters/java8/src/test/java/retrofit2/adapter/java8/CompletableFutureTest.java,retrofit2.adapter.java8.CompletableFutureTest,bodySuccess200/0,false,59,3,1,0,1,1,6,5,0,1,0,6,0,0,0,0,0,0,2,0,1,0,0,0,0,0,8,1,0,false
/Users/thiago/Documents/Thiago/CodeToAnalyze/retrofit/retrofit-adapters/java8/src/test/java/retrofit2/adapter/java8/CompletableFutureTest.java,retrofit2.adapter.java8.CompletableFutureTest,responseSuccess200/0,false,96,4,3,0,3,1,9,7,0,2,0,9,0,0,0,0,0,0,2,0,2,0,0,0,0,0,8,1,0,false
/Users/thiago/Documents/Thiago/CodeToAnalyze/retrofit/retrofit-adapters/rxjava/src/main/java/retrofit2/adapter/rxjava/CallArbiter.java,retrofit2.adapter.rxjava.CallArbiter,unsubscribe/0,false,51,1,1,0,1,1,1,4,0,0,0,1,0,0,0,0,0,0,0,0,1,0,0,0,0,0,3,1,0,false
/Users/thiago/Documents/Thiago/CodeToAnalyze/retrofit/retrofit-adapters/rxjava/src/main/java/retrofit2/adapter/rxjava/CallArbiter.java,retrofit2.adapter.rxjava.CallArbiter,deliverResponse/1[retrofit2.Response<T>],false,120,4,1,0,1,9,8,38,2,1,1,8,0,0,0,0,3,0,0,0,1,0,2,0,0,0,18,2,0,false
/Users/thiago/Documents/Thiago/CodeToAnalyze/retrofit/retrofit-adapters/rxjava/src/main/java/retrofit2/adapter/rxjava/CallArbiter.java,retrofit2.adapter.rxjava.CallArbiter,emitError/1[java.lang.Throwable],false,159,2,1,0,1,4,7,16,0,1,1,7,0,0,0,0,1,0,0,0,1,0,2,0,0,0,27,0,0,false
/Users/thiago/Documents/Thiago/CodeToAnalyze/retrofit/retrofit-adapters/rxjava/src/main/java/retrofit2/adapter/rxjava/CallArbiter.java,retrofit2.adapter.rxjava.CallArbiter,request/1[long],false,62,1,1,0,1,9,3,26,4,1,1,3,0,0,1,1,0,0,1,1,1,1,3,0,0,0,14,1,0,false
/Users/thiago/Documents/Thiago/CodeToAnalyze/retrofit/retrofit-adapters/rxjava/src/main/java/retrofit2/adapter/rxjava/CallArbiter.java,retrofit2.adapter.rxjava.CallArbiter,"CallArbiter/2[retrofit2.Call<T>,retrofit2.adapter.rxjava.Subscriber<? super retrofit2.Response<T>>]",true,43,4,0,0,0,1,0,5,0,0,2,0,0,0,0,0,0,0,0,0,2,0,0,0,0,0,13,0,0,false
/Users/thiago/Documents/Thiago/CodeToAnalyze/retrofit/retrofit-adapters/rxjava/src/main/java/retrofit2/adapter/rxjava/CallArbiter.java,retrofit2.adapter.rxjava.CallArbiter,emitResponse/1[retrofit2.Response<T>],false,92,3,1,0,1,8,3,24,2,1,1,3,0,0,1,0,0,0,1,0,2,1,3,0,0,0,15,0,0,false
/Users/thiago/Documents/Thiago/CodeToAnalyze/retrofit/retrofit-adapters/rxjava/src/main/java/retrofit2/adapter/rxjava/CallArbiter.java,retrofit2.adapter.rxjava.CallArbiter,isUnsubscribed/0,false,57,0,0,0,0,1,0,3,1,0,0,0,0,0,0,0,0,0,0,0,0,0,0,0,0,0,3,1,0,false
/Users/thiago/Documents/Thiago/CodeToAnalyze/retrofit/retrofit-adapters/rxjava/src/main/java/retrofit2/adapter/rxjava/BodyOnSubscribe.java,retrofit2.adapter.rxjava.BodyOnSubscribe,BodyOnSubscribe/1[retrofit2.adapter.rxjava.OnSubscribe<retrofit2.Response<T>>],true,31,3,0,0,0,1,0,3,0,0,1,0,0,0,0,0,0,0,0,0,1,0,0,0,0,0,4,0,0,false
/Users/thiago/Documents/Thiago/CodeToAnalyze/retrofit/retrofit-adapters/rxjava/src/main/java/retrofit2/adapter/rxjava/BodyOnSubscribe.java,retrofit2.adapter.rxjava.BodyOnSubscribe,call/1[retrofit2.adapter.rxjava.Subscriber<? super T>],false,36,3,1,0,1,1,1,3,0,0,1,1,0,0,0,0,0,0,0,0,0,0,0,0,0,0,3,1,0,false
/Users/thiago/Documents/Thiago/CodeToAnalyze/retrofit/samples/src/main/java/com/example/retrofit/JsonAndXmlConverters.java,com.example.retrofit.JsonAndXmlConverters,main/1[java.lang.String[]],false,111,11,10,0,10,1,16,13,0,5,1,16,0,0,0,0,0,0,5,0,5,2,0,0,0,0,22,9,0,false
/Users/thiago/Documents/Thiago/CodeToAnalyze/retrofit/retrofit-adapters/rxjava2/src/main/java/retrofit2/adapter/rxjava2/CallEnqueueObservable.java,retrofit2.adapter.rxjava2.CallEnqueueObservable,subscribeActual/1[retrofit2.adapter.rxjava2.Observer<? super retrofit2.Response<T>>],false,36,5,3,0,3,2,4,8,0,2,1,4,0,0,0,0,0,0,0,0,2,0,1,0,0,0,5,4,0,false
/Users/thiago/Documents/Thiago/CodeToAnalyze/retrofit/retrofit-adapters/rxjava2/src/main/java/retrofit2/adapter/rxjava2/CallEnqueueObservable.java,retrofit2.adapter.rxjava2.CallEnqueueObservable,CallEnqueueObservable/1[retrofit2.Call<T>],true,31,2,0,0,0,1,0,3,0,0,1,0,0,0,0,0,0,0,0,0,1,0,0,0,0,0,4,0,0,false
/Users/thiago/Documents/Thiago/CodeToAnalyze/retrofit/retrofit-converters/gson/src/test/java/retrofit2/converter/gson/GsonConverterFactoryTest.java,retrofit2.converter.gson.GsonConverterFactoryTest$AnImplementation,getName/0,false,63,0,1,1,0,1,0,3,1,0,0,0,0,0,0,0,0,0,0,0,0,0,0,0,0,0,3,1,0,false
/Users/thiago/Documents/Thiago/CodeToAnalyze/retrofit/retrofit-converters/gson/src/test/java/retrofit2/converter/gson/GsonConverterFactoryTest.java,retrofit2.converter.gson.GsonConverterFactoryTest$AnImplementation,AnImplementation/1[java.lang.String],true,58,0,5,5,0,1,0,3,0,0,1,0,0,0,0,0,0,0,0,0,1,0,0,0,0,0,5,0,0,false
/Users/thiago/Documents/Thiago/CodeToAnalyze/retrofit/retrofit-adapters/scala/src/main/java/retrofit2/adapter/scala/BodyCallAdapter.java,retrofit2.adapter.scala.BodyCallAdapter$Anonymous1,"onResponse/2[retrofit2.Call<T>,retrofit2.Response<T>]",false,46,4,14,0,14,2,4,8,0,0,2,4,0,0,0,0,0,0,0,0,0,0,1,0,0,0,5,1,0,false
/Users/thiago/Documents/Thiago/CodeToAnalyze/retrofit/retrofit-adapters/scala/src/main/java/retrofit2/adapter/scala/BodyCallAdapter.java,retrofit2.adapter.scala.BodyCallAdapter$Anonymous1,"onFailure/2[retrofit2.Call<T>,java.lang.Throwable]",false,55,2,5,0,5,1,1,3,0,0,2,1,0,0,0,0,0,0,0,0,0,0,0,0,0,0,3,1,0,false
/Users/thiago/Documents/Thiago/CodeToAnalyze/retrofit/retrofit/src/main/java/retrofit2/ParameterHandler.java,retrofit2.ParameterHandler$RawPart,RawPart/0,true,367,0,0,0,0,1,0,2,0,0,0,0,0,0,0,0,0,0,0,0,0,0,0,0,0,0,2,2,0,false
/Users/thiago/Documents/Thiago/CodeToAnalyze/retrofit/retrofit/src/main/java/retrofit2/ParameterHandler.java,retrofit2.ParameterHandler$RawPart,"apply/2[retrofit2.RequestBuilder,MultipartBody.Part]",false,370,3,1,0,1,2,1,5,0,0,2,1,0,0,0,1,0,0,0,0,0,0,1,0,0,0,5,0,0,false
/Users/thiago/Documents/Thiago/CodeToAnalyze/retrofit/retrofit-converters/simplexml/src/test/java/retrofit2/converter/simplexml/MyObject.java,retrofit2.converter.simplexml.MyObject,"MyObject/2[java.lang.String,int]",true,29,0,1,1,0,1,0,4,0,0,2,0,0,0,0,0,0,0,0,0,2,0,0,0,0,0,4,1,0,false
/Users/thiago/Documents/Thiago/CodeToAnalyze/retrofit/retrofit-converters/simplexml/src/test/java/retrofit2/converter/simplexml/MyObject.java,retrofit2.converter.simplexml.MyObject,setMessage/1[java.lang.String],false,34,0,0,0,0,1,0,3,0,0,1,0,0,0,0,0,0,0,0,0,1,0,0,0,0,0,3,1,0,false
/Users/thiago/Documents/Thiago/CodeToAnalyze/retrofit/retrofit-converters/simplexml/src/test/java/retrofit2/converter/simplexml/MyObject.java,retrofit2.converter.simplexml.MyObject,hashCode/0,false,51,0,0,0,0,2,1,6,1,1,0,1,0,0,0,1,0,1,0,4,3,4,0,0,0,0,6,1,0,false
/Users/thiago/Documents/Thiago/CodeToAnalyze/retrofit/retrofit-converters/simplexml/src/test/java/retrofit2/converter/simplexml/MyObject.java,retrofit2.converter.simplexml.MyObject,MyObject/0,true,27,0,0,0,0,1,0,2,0,0,0,0,0,0,0,0,0,0,0,0,0,0,0,0,0,0,2,1,0,false
/Users/thiago/Documents/Thiago/CodeToAnalyze/retrofit/retrofit-converters/simplexml/src/test/java/retrofit2/converter/simplexml/MyObject.java,retrofit2.converter.simplexml.MyObject,equals/1[java.lang.Object],false,59,1,0,0,0,5,1,6,3,1,1,1,0,0,0,4,0,2,0,0,1,0,1,0,0,0,10,1,0,false
/Users/thiago/Documents/Thiago/CodeToAnalyze/retrofit/retrofit-converters/simplexml/src/test/java/retrofit2/converter/simplexml/MyObject.java,retrofit2.converter.simplexml.MyObject,getCount/0,false,46,0,1,1,0,1,0,3,1,0,0,0,0,0,0,0,0,0,0,0,0,0,0,0,0,0,3,1,0,false
/Users/thiago/Documents/Thiago/CodeToAnalyze/retrofit/retrofit-converters/simplexml/src/test/java/retrofit2/converter/simplexml/MyObject.java,retrofit2.converter.simplexml.MyObject,setCount/1[int],false,42,0,0,0,0,1,0,3,0,0,1,0,0,0,0,0,0,0,0,0,1,0,0,0,0,0,3,1,0,false
/Users/thiago/Documents/Thiago/CodeToAnalyze/retrofit/retrofit-converters/simplexml/src/test/java/retrofit2/converter/simplexml/MyObject.java,retrofit2.converter.simplexml.MyObject,getMessage/0,false,38,0,2,2,0,1,0,3,1,0,0,0,0,0,0,0,0,0,0,0,0,0,0,0,0,0,3,1,0,false
/Users/thiago/Documents/Thiago/CodeToAnalyze/retrofit/retrofit-adapters/rxjava3/src/test/java/retrofit2/adapter/rxjava3/CancelDisposeTestSync.java,retrofit2.adapter.rxjava3.CancelDisposeTestSync,disposeBeforeExecuteDoesNotEnqueue/0,false,54,2,1,0,1,1,4,4,0,0,0,4,0,0,0,0,0,0,1,1,0,0,0,0,0,0,9,1,0,false
/Users/thiago/Documents/Thiago/CodeToAnalyze/retrofit/retrofit-adapters/rxjava3/src/test/java/retrofit2/adapter/rxjava3/CancelDisposeTestSync.java,retrofit2.adapter.rxjava3.CancelDisposeTestSync,setUp/0,false,41,6,5,0,5,1,8,4,0,1,0,8,0,0,0,0,0,0,1,0,2,0,0,0,0,0,9,1,0,false
/Users/thiago/Documents/Thiago/CodeToAnalyze/retrofit/retrofit/java-test/src/test/java/retrofit2/RequestFactoryTest.java,retrofit2.RequestFactoryTest$51Example,method/1[java.lang.String],false,1043,4,0,0,0,1,0,3,1,0,1,0,0,0,0,0,0,0,2,0,0,0,0,0,0,0,7,0,0,false
/Users/thiago/Documents/Thiago/CodeToAnalyze/retrofit/retrofit-adapters/rxjava2/src/test/java/retrofit2/adapter/rxjava2/ObservableWithSchedulerTest.java,retrofit2.adapter.rxjava2.ObservableWithSchedulerTest$Service,result/0,false,40,3,1,1,0,1,0,1,0,0,0,0,0,0,0,0,0,0,1,0,0,0,0,0,0,0,1,0,0,false
/Users/thiago/Documents/Thiago/CodeToAnalyze/retrofit/retrofit-adapters/rxjava2/src/test/java/retrofit2/adapter/rxjava2/ObservableWithSchedulerTest.java,retrofit2.adapter.rxjava2.ObservableWithSchedulerTest$Service,body/0,false,34,2,1,1,0,1,0,1,0,0,0,0,0,0,0,0,0,0,1,0,0,0,0,0,0,0,1,0,0,false
/Users/thiago/Documents/Thiago/CodeToAnalyze/retrofit/retrofit-adapters/rxjava2/src/test/java/retrofit2/adapter/rxjava2/ObservableWithSchedulerTest.java,retrofit2.adapter.rxjava2.ObservableWithSchedulerTest$Service,response/0,false,37,3,1,1,0,1,0,1,0,0,0,0,0,0,0,0,0,0,1,0,0,0,0,0,0,0,1,0,0,false
/Users/thiago/Documents/Thiago/CodeToAnalyze/retrofit/retrofit-converters/gson/src/main/java/retrofit2/converter/gson/GsonRequestBodyConverter.java,retrofit2.converter.gson.GsonRequestBodyConverter,convert/1[T],false,46,5,1,0,1,2,3,8,2,1,1,3,0,0,0,0,0,0,0,0,1,0,1,0,0,0,13,1,0,false
/Users/thiago/Documents/Thiago/CodeToAnalyze/retrofit/retrofit-converters/gson/src/main/java/retrofit2/converter/gson/GsonRequestBodyConverter.java,retrofit2.converter.gson.GsonRequestBodyConverter,"writeJson/4[retrofit2.converter.gson.BufferedSink,retrofit2.converter.gson.Gson,retrofit2.converter.gson.TypeAdapter<T>,T]",false,57,5,0,0,0,1,4,6,0,2,4,4,0,0,0,0,0,0,0,0,2,0,0,0,0,0,13,8,0,false
/Users/thiago/Documents/Thiago/CodeToAnalyze/retrofit/retrofit-converters/gson/src/main/java/retrofit2/converter/gson/GsonRequestBodyConverter.java,retrofit2.converter.gson.GsonRequestBodyConverter,"GsonRequestBodyConverter/3[retrofit2.converter.gson.Gson,retrofit2.converter.gson.TypeAdapter<T>,boolean]",true,39,2,0,0,0,1,0,5,0,0,3,0,0,0,0,0,0,0,0,0,3,0,0,0,0,0,7,0,0,false
/Users/thiago/Documents/Thiago/CodeToAnalyze/retrofit/retrofit/java-test/src/test/java/retrofit2/RequestFactoryTest.java,retrofit2.RequestFactoryTest$169Example,method/1[java.util.List<java.lang.String>],false,3350,4,0,0,0,1,0,3,1,0,1,0,0,0,0,0,0,0,1,0,0,0,0,0,0,0,3,0,0,false
/Users/thiago/Documents/Thiago/CodeToAnalyze/retrofit/retrofit/java-test/src/test/java/retrofit2/RequestFactoryTest.java,retrofit2.RequestFactoryTest$48Example,method/0,false,997,3,0,0,0,1,0,3,1,0,0,0,0,0,0,0,0,0,1,0,0,0,0,0,0,0,4,0,0,false
/Users/thiago/Documents/Thiago/CodeToAnalyze/retrofit/retrofit-adapters/rxjava3/src/test/java/retrofit2/adapter/rxjava3/RecordingCompletableObserver.java,retrofit2.adapter.rxjava3.RecordingCompletableObserver$Rule$Anonymous1,evaluate/0,false,109,1,11,0,11,2,2,6,0,0,0,2,0,0,1,0,0,0,0,0,0,0,1,0,0,0,7,1,0,false
/Users/thiago/Documents/Thiago/CodeToAnalyze/retrofit/retrofit/java-test/src/test/java/retrofit2/CallAdapterTest.java,retrofit2.CallAdapterTest$A,method/0,false,102,1,0,0,0,1,0,3,1,0,0,0,0,0,0,0,0,0,0,0,0,0,0,0,0,0,3,0,0,false
/Users/thiago/Documents/Thiago/CodeToAnalyze/retrofit/retrofit/java-test/src/test/java/retrofit2/RequestFactoryTest.java,retrofit2.RequestFactoryTest$40Example,"method/2[java.lang.String,java.lang.String]",false,865,6,0,0,0,1,0,3,1,0,2,0,0,0,0,0,0,0,2,0,0,0,0,0,0,0,3,0,0,false
/Users/thiago/Documents/Thiago/CodeToAnalyze/retrofit/retrofit/java-test/src/test/java/retrofit2/CallTest.java,retrofit2.CallTest$Anonymous10,"responseBodyConverter/3[java.lang.reflect.Type,java.lang.annotation.Annotation[],retrofit2.Retrofit]",false,400,3,4,0,4,1,0,6,1,1,3,0,0,0,0,0,0,0,1,0,0,0,1,0,0,1,11,1,0,false
/Users/thiago/Documents/Thiago/CodeToAnalyze/retrofit/retrofit/android-test/src/androidTest/java/retrofit2/UriAndroidTest.java,retrofit2.UriAndroidTest,getWithAndroidUriUrl/0,false,53,3,1,0,1,1,10,5,0,0,0,10,0,0,0,0,0,0,3,0,0,0,0,0,0,0,12,1,0,false
/Users/thiago/Documents/Thiago/CodeToAnalyze/retrofit/retrofit/android-test/src/androidTest/java/retrofit2/UriAndroidTest.java,retrofit2.UriAndroidTest,getWithAndroidUriUrlAbsolute/0,false,61,4,1,0,1,1,11,6,0,1,0,11,0,0,0,0,0,0,2,0,1,0,0,0,0,0,14,1,0,false
/Users/thiago/Documents/Thiago/CodeToAnalyze/retrofit/retrofit/android-test/src/androidTest/java/retrofit2/UriAndroidTest.java,retrofit2.UriAndroidTest,setUp/0,false,44,4,3,0,3,1,4,4,0,1,0,4,0,0,0,0,0,0,1,0,2,0,0,0,0,0,5,1,0,false
/Users/thiago/Documents/Thiago/CodeToAnalyze/retrofit/retrofit-adapters/rxjava2/src/test/java/retrofit2/adapter/rxjava2/SingleThrowingTest.java,retrofit2.adapter.rxjava2.SingleThrowingTest,setUp/0,false,61,6,5,0,5,1,7,4,0,1,0,7,0,0,0,0,0,0,1,0,2,0,0,0,0,0,8,1,0,false
/Users/thiago/Documents/Thiago/CodeToAnalyze/retrofit/retrofit-adapters/rxjava2/src/test/java/retrofit2/adapter/rxjava2/SingleThrowingTest.java,retrofit2.adapter.rxjava2.SingleThrowingTest,resultThrowingInOnSuccessDeliveredToPlugin/0,false,196,8,2,0,2,2,12,21,0,5,0,12,0,0,0,0,0,0,0,0,4,0,2,1,0,1,21,1,0,false
/Users/thiago/Documents/Thiago/CodeToAnalyze/retrofit/retrofit-adapters/rxjava2/src/test/java/retrofit2/adapter/rxjava2/SingleThrowingTest.java,retrofit2.adapter.rxjava2.SingleThrowingTest,bodyThrowingInOnErrorDeliveredToPlugin/0,false,101,7,2,0,2,2,12,24,0,6,0,12,0,0,0,0,0,0,0,1,5,0,2,1,0,1,23,1,0,false
/Users/thiago/Documents/Thiago/CodeToAnalyze/retrofit/retrofit-adapters/rxjava2/src/test/java/retrofit2/adapter/rxjava2/SingleThrowingTest.java,retrofit2.adapter.rxjava2.SingleThrowingTest,resultThrowingInOnErrorDeliveredToPlugin/0,false,226,9,2,0,2,2,11,24,0,6,0,11,0,0,0,0,0,0,1,0,5,0,2,1,0,1,35,1,0,false
/Users/thiago/Documents/Thiago/CodeToAnalyze/retrofit/retrofit-adapters/rxjava2/src/test/java/retrofit2/adapter/rxjava2/SingleThrowingTest.java,retrofit2.adapter.rxjava2.SingleThrowingTest,responseThrowingInOnErrorDeliveredToPlugin/0,false,163,8,2,0,2,2,12,24,0,6,0,12,0,0,0,0,0,0,0,0,5,0,2,1,0,1,37,1,0,false
/Users/thiago/Documents/Thiago/CodeToAnalyze/retrofit/retrofit-adapters/rxjava2/src/test/java/retrofit2/adapter/rxjava2/SingleThrowingTest.java,retrofit2.adapter.rxjava2.SingleThrowingTest,bodyThrowingInOnSuccessDeliveredToPlugin/0,false,72,7,2,0,2,2,12,21,0,5,0,12,0,0,0,0,0,0,0,0,4,0,2,1,0,1,21,1,0,false
/Users/thiago/Documents/Thiago/CodeToAnalyze/retrofit/retrofit-adapters/rxjava2/src/test/java/retrofit2/adapter/rxjava2/SingleThrowingTest.java,retrofit2.adapter.rxjava2.SingleThrowingTest,responseThrowingInOnSuccessDeliveredToPlugin/0,false,134,8,2,0,2,2,12,21,0,5,0,12,0,0,0,0,0,0,0,0,4,0,2,1,0,1,21,1,0,false
/Users/thiago/Documents/Thiago/CodeToAnalyze/retrofit/retrofit-converters/jaxb3/src/main/java/retrofit2/converter/jaxb3/JaxbRequestConverter.java,retrofit2.converter.jaxb3.JaxbRequestConverter,convert/1[T],false,40,4,0,0,0,2,8,12,1,3,1,8,0,0,0,0,1,0,0,0,3,0,1,0,0,0,23,1,0,false
/Users/thiago/Documents/Thiago/CodeToAnalyze/retrofit/retrofit-converters/jaxb3/src/main/java/retrofit2/converter/jaxb3/JaxbRequestConverter.java,retrofit2.converter.jaxb3.JaxbRequestConverter,"JaxbRequestConverter/2[retrofit2.converter.jaxb3.JAXBContext,java.lang.Class<T>]",true,34,2,0,0,0,1,0,4,0,0,2,0,0,0,0,0,0,0,0,0,2,0,0,0,0,0,10,0,0,false
/Users/thiago/Documents/Thiago/CodeToAnalyze/retrofit/retrofit/java-test/src/test/java/retrofit2/RequestFactoryTest.java,retrofit2.RequestFactoryTest$37Example,method/1[okhttp3.Headers],false,801,5,0,0,0,1,0,3,0,0,1,0,0,0,0,0,0,0,1,0,0,0,0,0,0,0,4,0,0,false
/Users/thiago/Documents/Thiago/CodeToAnalyze/retrofit/retrofit-converters/wire/src/test/java/retrofit2/converter/wire/WireConverterFactoryTest.java,retrofit2.converter.wire.WireConverterFactoryTest$Service,postCrashing/1[retrofit2.converter.wire.CrashingPhone],false,54,4,1,1,0,1,0,1,0,0,1,0,0,0,0,0,0,0,1,0,0,0,0,0,0,0,4,0,0,false
/Users/thiago/Documents/Thiago/CodeToAnalyze/retrofit/retrofit-converters/wire/src/test/java/retrofit2/converter/wire/WireConverterFactoryTest.java,retrofit2.converter.wire.WireConverterFactoryTest$Service,post/1[retrofit2.converter.wire.Phone],false,51,4,1,1,0,1,0,1,0,0,1,0,0,0,0,0,0,0,1,0,0,0,0,0,0,0,3,0,0,false
/Users/thiago/Documents/Thiago/CodeToAnalyze/retrofit/retrofit-converters/wire/src/test/java/retrofit2/converter/wire/WireConverterFactoryTest.java,retrofit2.converter.wire.WireConverterFactoryTest$Service,wrongType/0,false,60,2,1,1,0,1,0,1,0,0,0,0,0,0,0,0,0,0,1,0,0,0,0,0,0,0,2,0,0,false
/Users/thiago/Documents/Thiago/CodeToAnalyze/retrofit/retrofit-converters/wire/src/test/java/retrofit2/converter/wire/WireConverterFactoryTest.java,retrofit2.converter.wire.WireConverterFactoryTest$Service,get/0,false,48,3,2,2,0,1,0,1,0,0,0,0,0,0,0,0,0,0,1,0,0,0,0,0,0,0,1,0,0,false
/Users/thiago/Documents/Thiago/CodeToAnalyze/retrofit/retrofit-converters/wire/src/test/java/retrofit2/converter/wire/WireConverterFactoryTest.java,retrofit2.converter.wire.WireConverterFactoryTest$Service,wrongClass/0,false,57,2,1,1,0,1,0,1,0,0,0,0,0,0,0,0,0,0,1,0,0,0,0,0,0,0,2,0,0,false
/Users/thiago/Documents/Thiago/CodeToAnalyze/retrofit/retrofit/java-test/src/test/java/retrofit2/CallTest.java,retrofit2.CallTest$Anonymous18,"onFailure/2[retrofit2.Call<java.lang.String>,java.lang.Throwable]",false,833,1,0,0,0,1,2,4,0,0,2,2,0,0,0,0,0,0,0,0,0,0,0,0,0,0,3,1,0,false
/Users/thiago/Documents/Thiago/CodeToAnalyze/retrofit/retrofit/java-test/src/test/java/retrofit2/CallTest.java,retrofit2.CallTest$Anonymous18,"onResponse/2[retrofit2.Call<java.lang.String>,retrofit2.Response<java.lang.String>]",false,828,2,1,0,1,1,0,3,0,0,2,0,0,0,0,0,0,0,0,0,0,0,0,0,0,0,5,1,0,false
/Users/thiago/Documents/Thiago/CodeToAnalyze/retrofit/retrofit/java-test/src/test/java/retrofit2/CallTest.java,retrofit2.CallTest$Anonymous17,"onResponse/2[retrofit2.Call<java.lang.String>,retrofit2.Response<java.lang.String>]",false,788,2,1,0,1,1,0,3,0,0,2,0,0,0,0,0,0,0,0,0,0,0,0,0,0,0,5,1,0,false
/Users/thiago/Documents/Thiago/CodeToAnalyze/retrofit/retrofit/java-test/src/test/java/retrofit2/CallTest.java,retrofit2.CallTest$Anonymous17,"onFailure/2[retrofit2.Call<java.lang.String>,java.lang.Throwable]",false,793,1,0,0,0,1,2,4,0,0,2,2,0,0,0,0,0,0,0,0,0,0,0,0,0,0,3,1,0,false
/Users/thiago/Documents/Thiago/CodeToAnalyze/retrofit/retrofit/java-test/src/test/java/retrofit2/CallTest.java,retrofit2.CallTest$Anonymous16,"onResponse/2[retrofit2.Call<java.lang.String>,retrofit2.Response<java.lang.String>]",false,737,2,1,0,1,1,0,3,0,0,2,0,0,0,0,0,0,0,0,0,0,0,0,0,0,0,5,1,0,false
/Users/thiago/Documents/Thiago/CodeToAnalyze/retrofit/retrofit/java-test/src/test/java/retrofit2/CallTest.java,retrofit2.CallTest$Anonymous16,"onFailure/2[retrofit2.Call<java.lang.String>,java.lang.Throwable]",false,742,1,0,0,0,1,2,4,0,0,2,2,0,0,0,0,0,0,0,0,0,0,0,0,0,0,3,1,0,false
/Users/thiago/Documents/Thiago/CodeToAnalyze/retrofit/retrofit/java-test/src/test/java/retrofit2/CallTest.java,retrofit2.CallTest$Anonymous15,"onResponse/2[retrofit2.Call<java.lang.String>,retrofit2.Response<java.lang.String>]",false,690,2,1,0,1,1,0,2,0,0,2,0,0,0,0,0,0,0,0,0,0,0,0,0,0,0,3,1,0,false
/Users/thiago/Documents/Thiago/CodeToAnalyze/retrofit/retrofit/java-test/src/test/java/retrofit2/CallTest.java,retrofit2.CallTest$Anonymous15,"onFailure/2[retrofit2.Call<java.lang.String>,java.lang.Throwable]",false,693,1,0,0,0,1,0,2,0,0,2,0,0,0,0,0,0,0,0,0,0,0,0,0,0,0,3,1,0,false
/Users/thiago/Documents/Thiago/CodeToAnalyze/retrofit/retrofit/java-test/src/test/java/retrofit2/CallTest.java,retrofit2.CallTest$Anonymous14,"responseBodyConverter/3[java.lang.reflect.Type,java.lang.annotation.Annotation[],retrofit2.Retrofit]",false,498,3,4,0,4,1,3,9,2,3,3,3,0,0,0,0,0,0,0,3,2,2,1,0,0,1,10,1,0,false
/Users/thiago/Documents/Thiago/CodeToAnalyze/retrofit/retrofit/java-test/src/test/java/retrofit2/RequestFactoryTest.java,retrofit2.RequestFactoryTest$6Example,method/1[java.lang.String],false,169,4,0,0,0,1,0,3,1,0,1,0,0,0,0,0,0,0,2,0,0,0,0,0,0,0,4,0,0,false
/Users/thiago/Documents/Thiago/CodeToAnalyze/retrofit/retrofit/java-test/src/test/java/retrofit2/CallTest.java,retrofit2.CallTest$Anonymous13,"responseBodyConverter/3[java.lang.reflect.Type,java.lang.annotation.Annotation[],retrofit2.Retrofit]",false,475,3,4,0,4,1,0,3,1,0,3,0,0,0,0,0,0,0,0,0,0,0,0,0,0,0,6,1,0,false
/Users/thiago/Documents/Thiago/CodeToAnalyze/retrofit/retrofit/java-test/src/test/java/retrofit2/CallTest.java,retrofit2.CallTest$Anonymous12,"responseBodyConverter/3[java.lang.reflect.Type,java.lang.annotation.Annotation[],retrofit2.Retrofit]",false,448,3,4,0,4,1,0,3,1,0,3,0,0,0,0,0,0,0,0,0,0,0,0,0,0,0,6,1,0,false
/Users/thiago/Documents/Thiago/CodeToAnalyze/retrofit/retrofit/java-test/src/test/java/retrofit2/RequestFactoryTest.java,retrofit2.RequestFactoryTest$74Example,method/1[int[]],false,1453,5,0,0,0,1,0,3,1,0,1,0,0,0,0,0,0,0,2,0,0,0,0,0,0,0,5,0,0,false
/Users/thiago/Documents/Thiago/CodeToAnalyze/retrofit/retrofit/java-test/src/test/java/retrofit2/CallTest.java,retrofit2.CallTest$Anonymous11,"onResponse/2[retrofit2.Call<java.lang.String>,retrofit2.Response<java.lang.String>]",false,418,2,1,0,1,1,0,3,0,0,2,0,0,0,0,0,0,0,0,0,0,0,0,0,0,0,5,1,0,false
/Users/thiago/Documents/Thiago/CodeToAnalyze/retrofit/retrofit/java-test/src/test/java/retrofit2/CallTest.java,retrofit2.CallTest$Anonymous11,"onFailure/2[retrofit2.Call<java.lang.String>,java.lang.Throwable]",false,423,1,0,0,0,1,2,4,0,0,2,2,0,0,0,0,0,0,0,0,0,0,0,0,0,0,3,1,0,false
/Users/thiago/Documents/Thiago/CodeToAnalyze/retrofit/retrofit/java-test/src/test/java/retrofit2/RequestFactoryTest.java,retrofit2.RequestFactoryTest$78Example,method/1[java.util.List<java.lang.Object>],false,1513,4,0,0,0,1,0,3,1,0,1,0,0,0,0,0,0,0,1,0,0,0,0,0,0,0,5,0,0,false
/Users/thiago/Documents/Thiago/CodeToAnalyze/retrofit/retrofit/java-test/src/test/java/retrofit2/RequestFactoryTest.java,retrofit2.RequestFactoryTest$96Example,"method/2[java.lang.String,java.lang.Object]",false,1842,5,0,0,0,1,0,3,1,0,2,0,0,0,0,0,0,0,2,0,0,0,0,0,0,0,4,0,0,false
/Users/thiago/Documents/Thiago/CodeToAnalyze/retrofit/retrofit-adapters/rxjava/src/test/java/retrofit2/adapter/rxjava/SingleThrowingTest.java,retrofit2.adapter.rxjava.SingleThrowingTest$ForwardingObserver,onError/1[java.lang.Throwable],false,288,0,0,0,0,1,1,3,0,0,1,1,0,0,0,0,0,0,0,0,0,0,0,0,0,0,4,1,0,false
/Users/thiago/Documents/Thiago/CodeToAnalyze/retrofit/retrofit-adapters/rxjava/src/test/java/retrofit2/adapter/rxjava/SingleThrowingTest.java,retrofit2.adapter.rxjava.SingleThrowingTest$ForwardingObserver,onSuccess/1[T],false,282,1,0,0,0,1,2,4,0,0,1,2,0,0,0,0,0,0,0,0,0,0,0,0,0,0,4,1,0,false
/Users/thiago/Documents/Thiago/CodeToAnalyze/retrofit/retrofit-adapters/rxjava/src/test/java/retrofit2/adapter/rxjava/SingleThrowingTest.java,retrofit2.adapter.rxjava.SingleThrowingTest$ForwardingObserver,ForwardingObserver/1[retrofit2.adapter.rxjava.Subscriber<T>],true,277,1,0,0,0,1,0,3,0,0,1,0,0,0,0,0,0,0,0,0,1,0,0,0,0,0,3,0,0,false
/Users/thiago/Documents/Thiago/CodeToAnalyze/retrofit/retrofit/java-test/src/test/java/retrofit2/CallTest.java,retrofit2.CallTest$Anonymous19,toString/0,false,864,0,1,0,1,1,1,4,1,0,0,1,0,0,0,0,0,0,1,0,0,0,0,0,0,0,2,1,0,false
/Users/thiago/Documents/Thiago/CodeToAnalyze/retrofit/retrofit-adapters/rxjava2/src/test/java/retrofit2/adapter/rxjava2/MaybeTest.java,retrofit2.adapter.rxjava2.MaybeTest,bodySuccess404/0,false,70,6,3,0,3,1,6,6,0,1,0,6,0,0,0,0,0,0,1,1,1,0,0,0,0,0,6,1,0,false
/Users/thiago/Documents/Thiago/CodeToAnalyze/retrofit/retrofit-adapters/rxjava2/src/test/java/retrofit2/adapter/rxjava2/MaybeTest.java,retrofit2.adapter.rxjava2.MaybeTest,resultSuccess200/0,false,117,7,6,0,6,1,12,8,0,2,0,12,0,0,0,0,0,0,1,0,2,0,0,0,0,0,7,1,0,false
/Users/thiago/Documents/Thiago/CodeToAnalyze/retrofit/retrofit-adapters/rxjava2/src/test/java/retrofit2/adapter/rxjava2/MaybeTest.java,retrofit2.adapter.rxjava2.MaybeTest,responseSuccess404/0,false,99,6,4,0,4,1,9,6,0,1,0,9,0,0,0,0,0,0,0,1,1,0,0,0,0,0,7,1,0,false
/Users/thiago/Documents/Thiago/CodeToAnalyze/retrofit/retrofit-adapters/rxjava2/src/test/java/retrofit2/adapter/rxjava2/MaybeTest.java,retrofit2.adapter.rxjava2.MaybeTest,setUp/0,false,50,6,5,0,5,1,7,4,0,1,0,7,0,0,0,0,0,0,1,0,2,0,0,0,0,0,8,1,0,false
/Users/thiago/Documents/Thiago/CodeToAnalyze/retrofit/retrofit-adapters/rxjava2/src/test/java/retrofit2/adapter/rxjava2/MaybeTest.java,retrofit2.adapter.rxjava2.MaybeTest,bodyFailure/0,false,80,5,3,0,3,1,6,6,0,1,0,6,0,0,0,0,0,0,0,0,1,0,0,0,0,0,19,1,0,false
/Users/thiago/Documents/Thiago/CodeToAnalyze/retrofit/retrofit-adapters/rxjava2/src/test/java/retrofit2/adapter/rxjava2/MaybeTest.java,retrofit2.adapter.rxjava2.MaybeTest,responseSuccess200/0,false,89,6,4,0,4,1,9,7,0,2,0,9,0,0,0,0,0,0,1,0,2,0,0,0,0,0,7,1,0,false
/Users/thiago/Documents/Thiago/CodeToAnalyze/retrofit/retrofit-adapters/rxjava2/src/test/java/retrofit2/adapter/rxjava2/MaybeTest.java,retrofit2.adapter.rxjava2.MaybeTest,bodySuccess200/0,false,61,5,3,0,3,1,6,6,0,1,0,6,0,0,0,0,0,0,2,0,1,0,0,0,0,0,5,1,0,false
/Users/thiago/Documents/Thiago/CodeToAnalyze/retrofit/retrofit-adapters/rxjava2/src/test/java/retrofit2/adapter/rxjava2/MaybeTest.java,retrofit2.adapter.rxjava2.MaybeTest,resultSuccess404/0,false,128,7,6,0,6,1,11,8,0,2,0,11,0,0,0,0,0,0,0,1,2,0,0,0,0,0,7,1,0,false
/Users/thiago/Documents/Thiago/CodeToAnalyze/retrofit/retrofit-adapters/rxjava2/src/test/java/retrofit2/adapter/rxjava2/MaybeTest.java,retrofit2.adapter.rxjava2.MaybeTest,responseFailure/0,false,108,6,3,0,3,1,6,6,0,1,0,6,0,0,0,0,0,0,0,0,1,0,0,0,0,0,19,1,0,false
/Users/thiago/Documents/Thiago/CodeToAnalyze/retrofit/retrofit-adapters/rxjava2/src/test/java/retrofit2/adapter/rxjava2/MaybeTest.java,retrofit2.adapter.rxjava2.MaybeTest,resultFailure/0,false,139,6,5,0,5,1,11,8,0,2,0,11,0,0,0,0,0,0,0,0,2,0,0,0,0,0,21,1,1,false
/Users/thiago/Documents/Thiago/CodeToAnalyze/retrofit/retrofit-adapters/rxjava2/src/test/java/retrofit2/adapter/rxjava2/MaybeTest.java,retrofit2.adapter.rxjava2.MaybeTest,subscribeTwice/0,false,150,6,3,0,3,1,6,11,0,3,0,6,0,0,0,0,0,0,4,0,3,0,0,0,0,0,7,1,0,false
/Users/thiago/Documents/Thiago/CodeToAnalyze/retrofit/retrofit-converters/java8/src/main/java/retrofit/converter/java8/Java8OptionalConverterFactory.java,retrofit.converter.java8.Java8OptionalConverterFactory,"responseBodyConverter/3[java.lang.reflect.Type,java.lang.annotation.Annotation[],retrofit2.Retrofit]",false,43,6,3,0,3,2,3,8,2,2,3,3,0,0,0,1,0,0,0,1,2,0,1,0,0,0,15,1,0,false
/Users/thiago/Documents/Thiago/CodeToAnalyze/retrofit/retrofit-converters/java8/src/main/java/retrofit/converter/java8/Java8OptionalConverterFactory.java,retrofit.converter.java8.Java8OptionalConverterFactory,Java8OptionalConverterFactory/0,true,39,0,1,1,0,1,0,2,0,0,0,0,0,0,0,0,0,0,0,0,0,0,0,0,0,0,4,2,0,false
/Users/thiago/Documents/Thiago/CodeToAnalyze/retrofit/retrofit-converters/java8/src/main/java/retrofit/converter/java8/Java8OptionalConverterFactory.java,retrofit.converter.java8.Java8OptionalConverterFactory,create/0,false,35,1,3,2,1,1,0,3,1,0,0,0,0,0,0,0,0,0,0,0,0,0,0,0,0,0,5,9,0,false
/Users/thiago/Documents/Thiago/CodeToAnalyze/retrofit/retrofit-adapters/rxjava2/src/main/java/retrofit2/adapter/rxjava2/ResultObservable.java,retrofit2.adapter.rxjava2.ResultObservable,subscribeActual/1[retrofit2.adapter.rxjava2.Observer<? super retrofit2.adapter.rxjava2.Result<T>>],false,34,4,1,0,1,1,1,3,0,0,1,1,0,0,0,0,0,0,0,0,0,0,0,0,0,0,3,4,0,false
/Users/thiago/Documents/Thiago/CodeToAnalyze/retrofit/retrofit-adapters/rxjava2/src/main/java/retrofit2/adapter/rxjava2/ResultObservable.java,retrofit2.adapter.rxjava2.ResultObservable,ResultObservable/1[retrofit2.adapter.rxjava2.Observable<retrofit2.Response<T>>],true,29,3,0,0,0,1,0,3,0,0,1,0,0,0,0,0,0,0,0,0,1,0,0,0,0,0,3,0,0,false
/Users/thiago/Documents/Thiago/CodeToAnalyze/retrofit/samples/src/main/java/com/example/retrofit/ChunkingConverter.java,com.example.retrofit.ChunkingConverter,main/1[java.lang.String[]],false,106,9,8,0,8,1,15,16,0,6,1,15,0,0,0,0,0,0,7,0,6,2,0,0,0,0,22,9,0,false
/Users/thiago/Documents/Thiago/CodeToAnalyze/retrofit/retrofit/java-test/src/test/java/retrofit2/MethodParameterReflectionTest.java,retrofit2.MethodParameterReflectionTest,paramNameIsUsedWithParamReflection/0,false,50,3,1,0,1,2,5,9,0,0,0,5,0,0,0,0,1,0,1,0,0,0,1,0,0,0,18,1,0,false
/Users/thiago/Documents/Thiago/CodeToAnalyze/retrofit/retrofit/java-test/src/test/java/retrofit2/MethodParameterReflectionTest.java,retrofit2.MethodParameterReflectionTest,paramIndexIsUsedWithoutParamReflection/0,false,31,3,1,0,1,2,5,9,0,0,0,5,0,0,0,0,1,0,1,0,0,0,1,0,0,0,18,1,0,false
/Users/thiago/Documents/Thiago/CodeToAnalyze/retrofit/samples/src/main/java/com/example/retrofit/ErrorHandlingAdapter.java,com.example.retrofit.ErrorHandlingAdapter$MyCallAdapter$Anonymous1,"onResponse/2[retrofit2.Call<T>,retrofit2.Response<T>]",false,126,4,14,0,14,8,6,18,0,1,2,6,0,0,0,1,0,0,1,7,1,1,1,0,0,0,6,1,0,false
/Users/thiago/Documents/Thiago/CodeToAnalyze/retrofit/samples/src/main/java/com/example/retrofit/ErrorHandlingAdapter.java,com.example.retrofit.ErrorHandlingAdapter$MyCallAdapter$Anonymous1,"onFailure/2[retrofit2.Call<T>,java.lang.Throwable]",false,146,3,5,0,5,2,2,8,0,0,2,2,0,0,0,0,0,0,0,0,0,0,1,0,0,0,6,1,0,false
/Users/thiago/Documents/Thiago/CodeToAnalyze/retrofit/retrofit-converters/wire/src/main/java/retrofit2/converter/wire/WireRequestBodyConverter.java,retrofit2.converter.wire.WireRequestBodyConverter,convert/1[T],false,38,4,0,0,0,2,3,8,2,1,1,3,0,0,0,0,0,0,0,0,1,0,1,0,0,0,11,1,0,false
/Users/thiago/Documents/Thiago/CodeToAnalyze/retrofit/retrofit-converters/wire/src/main/java/retrofit2/converter/wire/WireRequestBodyConverter.java,retrofit2.converter.wire.WireRequestBodyConverter,"WireRequestBodyConverter/2[retrofit2.converter.wire.ProtoAdapter<T>,boolean]",true,32,1,0,0,0,1,0,4,0,0,2,0,0,0,0,0,0,0,0,0,2,0,0,0,0,0,6,0,0,false
/Users/thiago/Documents/Thiago/CodeToAnalyze/retrofit/retrofit-adapters/rxjava3/src/test/java/retrofit2/adapter/rxjava3/RecordingMaybeObserver.java,retrofit2.adapter.rxjava3.RecordingMaybeObserver,takeError/0,false,73,2,1,0,1,1,6,5,1,1,0,6,0,0,0,0,0,0,1,0,1,1,0,0,0,0,12,1,0,false
/Users/thiago/Documents/Thiago/CodeToAnalyze/retrofit/retrofit-adapters/rxjava3/src/test/java/retrofit2/adapter/rxjava3/RecordingMaybeObserver.java,retrofit2.adapter.rxjava3.RecordingMaybeObserver,assertValue/1[T],false,86,2,1,0,1,1,3,4,1,0,1,3,0,0,0,0,0,0,0,0,0,0,0,0,0,0,6,1,0,false
/Users/thiago/Documents/Thiago/CodeToAnalyze/retrofit/retrofit-adapters/rxjava3/src/test/java/retrofit2/adapter/rxjava3/RecordingMaybeObserver.java,retrofit2.adapter.rxjava3.RecordingMaybeObserver,assertError/1[java.lang.Class<? extends java.lang.Throwable>],false,95,1,1,0,1,1,1,3,0,0,1,1,0,0,0,0,0,0,0,0,0,0,0,0,0,0,5,1,0,false
/Users/thiago/Documents/Thiago/CodeToAnalyze/retrofit/retrofit-adapters/rxjava3/src/test/java/retrofit2/adapter/rxjava3/RecordingMaybeObserver.java,retrofit2.adapter.rxjava3.RecordingMaybeObserver,RecordingMaybeObserver/0,true,37,0,0,0,0,1,0,2,0,0,0,0,0,0,0,0,0,0,0,0,0,0,0,0,0,0,3,2,0,false
/Users/thiago/Documents/Thiago/CodeToAnalyze/retrofit/retrofit-adapters/rxjava3/src/test/java/retrofit2/adapter/rxjava3/RecordingMaybeObserver.java,retrofit2.adapter.rxjava3.RecordingMaybeObserver,"assertError/2[java.lang.Class<? extends java.lang.Throwable>,java.lang.String]",false,99,1,2,0,2,2,6,8,0,1,2,6,0,0,0,1,0,0,0,0,1,0,1,0,0,0,12,1,0,false
/Users/thiago/Documents/Thiago/CodeToAnalyze/retrofit/retrofit-adapters/rxjava3/src/test/java/retrofit2/adapter/rxjava3/RecordingMaybeObserver.java,retrofit2.adapter.rxjava3.RecordingMaybeObserver,assertError/1[java.lang.Throwable],false,91,1,1,0,1,1,3,3,0,0,1,3,0,0,0,0,0,0,0,0,0,0,0,0,0,0,6,1,0,false
/Users/thiago/Documents/Thiago/CodeToAnalyze/retrofit/retrofit-adapters/rxjava3/src/test/java/retrofit2/adapter/rxjava3/RecordingMaybeObserver.java,retrofit2.adapter.rxjava3.RecordingMaybeObserver,onError/1[java.lang.Throwable],false,48,0,0,0,0,1,2,3,0,0,1,2,0,0,0,0,0,0,0,0,0,0,0,0,0,0,4,1,0,false
/Users/thiago/Documents/Thiago/CodeToAnalyze/retrofit/retrofit-adapters/rxjava3/src/test/java/retrofit2/adapter/rxjava3/RecordingMaybeObserver.java,retrofit2.adapter.rxjava3.RecordingMaybeObserver,takeValue/0,false,65,3,1,0,1,1,6,5,1,1,0,6,0,0,0,0,0,0,1,0,1,1,0,0,0,0,13,1,0,false
/Users/thiago/Documents/Thiago/CodeToAnalyze/retrofit/retrofit-adapters/rxjava3/src/test/java/retrofit2/adapter/rxjava3/RecordingMaybeObserver.java,retrofit2.adapter.rxjava3.RecordingMaybeObserver,onComplete/0,false,53,0,0,0,0,1,2,3,0,0,0,2,0,0,0,0,0,0,0,0,0,0,0,0,0,0,2,1,0,false
/Users/thiago/Documents/Thiago/CodeToAnalyze/retrofit/retrofit-adapters/rxjava3/src/test/java/retrofit2/adapter/rxjava3/RecordingMaybeObserver.java,retrofit2.adapter.rxjava3.RecordingMaybeObserver,assertAnyValue/0,false,81,2,1,0,1,1,1,4,1,0,0,1,0,0,0,0,0,0,0,0,0,0,0,0,0,0,4,1,0,false
/Users/thiago/Documents/Thiago/CodeToAnalyze/retrofit/retrofit-adapters/rxjava3/src/test/java/retrofit2/adapter/rxjava3/RecordingMaybeObserver.java,retrofit2.adapter.rxjava3.RecordingMaybeObserver,onSubscribe/1[retrofit2.adapter.rxjava3.Disposable],false,40,1,0,0,0,1,0,2,0,0,1,0,0,0,0,0,0,0,0,0,0,0,0,0,0,0,4,1,0,false
/Users/thiago/Documents/Thiago/CodeToAnalyze/retrofit/retrofit-adapters/rxjava3/src/test/java/retrofit2/adapter/rxjava3/RecordingMaybeObserver.java,retrofit2.adapter.rxjava3.RecordingMaybeObserver,onSuccess/1[T],false,43,1,0,0,0,1,2,3,0,0,1,2,0,0,0,0,0,0,0,0,0,0,0,0,0,0,4,1,0,false
/Users/thiago/Documents/Thiago/CodeToAnalyze/retrofit/retrofit-adapters/rxjava3/src/test/java/retrofit2/adapter/rxjava3/RecordingMaybeObserver.java,retrofit2.adapter.rxjava3.RecordingMaybeObserver,takeNotification/0,false,57,2,0,0,0,2,1,7,1,1,0,1,0,0,0,1,0,0,1,0,1,0,1,0,0,0,8,2,0,false
/Users/thiago/Documents/Thiago/CodeToAnalyze/retrofit/retrofit-adapters/rxjava3/src/test/java/retrofit2/adapter/rxjava3/RecordingMaybeObserver.java,retrofit2.adapter.rxjava3.RecordingMaybeObserver,assertNoEvents/0,false,108,0,0,0,0,1,3,3,0,0,0,3,0,0,0,0,0,0,1,0,0,0,0,0,0,0,7,1,0,false
/Users/thiago/Documents/Thiago/CodeToAnalyze/retrofit/retrofit/java-test/src/test/java/retrofit2/CallTest.java,retrofit2.CallTest$Anonymous32,"onFailure/2[retrofit2.Call<java.lang.String>,java.lang.Throwable]",false,1232,1,0,0,0,1,0,2,0,0,2,0,0,0,0,0,0,0,0,0,0,0,0,0,0,0,3,1,0,false
/Users/thiago/Documents/Thiago/CodeToAnalyze/retrofit/retrofit/java-test/src/test/java/retrofit2/CallTest.java,retrofit2.CallTest$Anonymous32,"onResponse/2[retrofit2.Call<java.lang.String>,retrofit2.Response<java.lang.String>]",false,1226,2,1,0,1,1,4,4,0,0,2,4,0,0,0,0,0,0,0,1,0,0,0,0,0,0,5,1,0,false
/Users/thiago/Documents/Thiago/CodeToAnalyze/retrofit/retrofit/src/main/java/retrofit2/DefaultCallAdapterFactory.java,retrofit2.DefaultCallAdapterFactory$ExecutorCallbackCall,cancel/0,false,112,1,1,0,1,1,1,3,0,0,0,1,0,0,0,0,0,0,0,0,0,0,0,0,0,0,1,1,0,false
/Users/thiago/Documents/Thiago/CodeToAnalyze/retrofit/retrofit/src/main/java/retrofit2/DefaultCallAdapterFactory.java,retrofit2.DefaultCallAdapterFactory$ExecutorCallbackCall,isCanceled/0,false,117,1,1,0,1,1,1,3,1,0,0,1,0,0,0,0,0,0,0,0,0,0,0,0,0,0,2,1,0,false
/Users/thiago/Documents/Thiago/CodeToAnalyze/retrofit/retrofit/src/main/java/retrofit2/DefaultCallAdapterFactory.java,retrofit2.DefaultCallAdapterFactory$ExecutorCallbackCall,clone/0,false,123,3,2,0,2,1,1,3,1,0,0,1,0,0,0,0,0,0,1,0,0,0,0,0,0,0,1,1,0,false
/Users/thiago/Documents/Thiago/CodeToAnalyze/retrofit/retrofit/src/main/java/retrofit2/DefaultCallAdapterFactory.java,retrofit2.DefaultCallAdapterFactory$ExecutorCallbackCall,"ExecutorCallbackCall/2[java.util.concurrent.Executor,retrofit2.Call<T>]",true,69,2,0,0,0,1,0,4,0,0,2,0,0,0,0,0,0,0,0,0,2,0,0,0,0,0,5,0,0,false
/Users/thiago/Documents/Thiago/CodeToAnalyze/retrofit/retrofit/src/main/java/retrofit2/DefaultCallAdapterFactory.java,retrofit2.DefaultCallAdapterFactory$ExecutorCallbackCall,execute/0,false,107,3,1,0,1,1,1,3,1,0,0,1,0,0,0,0,0,0,0,0,0,0,0,0,0,0,4,1,0,false
/Users/thiago/Documents/Thiago/CodeToAnalyze/retrofit/retrofit/src/main/java/retrofit2/DefaultCallAdapterFactory.java,retrofit2.DefaultCallAdapterFactory$ExecutorCallbackCall,isExecuted/0,false,102,1,1,0,1,1,1,3,1,0,0,1,0,0,0,0,0,0,0,0,0,0,0,0,0,0,2,1,0,false
/Users/thiago/Documents/Thiago/CodeToAnalyze/retrofit/retrofit/src/main/java/retrofit2/DefaultCallAdapterFactory.java,retrofit2.DefaultCallAdapterFactory$ExecutorCallbackCall,request/0,false,128,2,1,0,1,1,1,3,1,0,0,1,0,0,0,0,0,0,0,0,0,0,0,0,0,0,2,1,0,false
/Users/thiago/Documents/Thiago/CodeToAnalyze/retrofit/retrofit/src/main/java/retrofit2/DefaultCallAdapterFactory.java,retrofit2.DefaultCallAdapterFactory$ExecutorCallbackCall,timeout/0,false,133,2,1,0,1,1,1,3,1,0,0,1,0,0,0,0,0,0,0,0,0,0,0,0,0,0,2,1,0,false
/Users/thiago/Documents/Thiago/CodeToAnalyze/retrofit/retrofit/src/main/java/retrofit2/DefaultCallAdapterFactory.java,retrofit2.DefaultCallAdapterFactory$ExecutorCallbackCall,enqueue/1[retrofit2.Callback<T>],false,75,3,2,0,2,1,2,20,0,0,1,2,0,0,0,0,0,0,1,0,0,0,0,1,0,0,11,1,0,false
/Users/thiago/Documents/Thiago/CodeToAnalyze/retrofit/retrofit/java-test/src/test/java/retrofit2/CallTest.java,retrofit2.CallTest$Anonymous31,toString/0,false,1215,0,1,0,1,1,1,4,1,0,0,1,0,0,0,0,0,0,1,0,0,0,0,0,0,0,2,1,0,false
/Users/thiago/Documents/Thiago/CodeToAnalyze/retrofit/retrofit/java-test/src/test/java/retrofit2/CallTest.java,retrofit2.CallTest$Anonymous30,"onResponse/2[retrofit2.Call<java.lang.String>,retrofit2.Response<java.lang.String>]",false,1186,2,1,0,1,1,0,2,0,0,2,0,0,0,0,0,0,0,0,0,0,0,0,0,0,0,3,1,0,false
/Users/thiago/Documents/Thiago/CodeToAnalyze/retrofit/retrofit/java-test/src/test/java/retrofit2/CallTest.java,retrofit2.CallTest$Anonymous30,"onFailure/2[retrofit2.Call<java.lang.String>,java.lang.Throwable]",false,1189,2,0,0,0,1,6,6,0,0,2,6,0,0,0,0,0,0,1,1,0,0,0,0,0,0,5,1,0,false
/Users/thiago/Documents/Thiago/CodeToAnalyze/retrofit/retrofit/java-test/src/test/java/retrofit2/RequestFactoryTest.java,retrofit2.RequestFactoryTest$63Example,method/1[java.lang.String],false,1256,4,0,0,0,1,0,3,1,0,1,0,0,0,0,0,0,0,2,0,0,0,0,0,0,0,5,0,0,false
/Users/thiago/Documents/Thiago/CodeToAnalyze/retrofit/retrofit/java-test/src/test/java/retrofit2/RequestFactoryTest.java,retrofit2.RequestFactoryTest$158Example,"method/2[java.lang.String,retrofit2.RequestBody]",false,3139,6,0,0,0,1,0,3,1,0,2,0,0,0,0,0,0,0,2,0,0,0,0,0,0,0,5,0,0,false
/Users/thiago/Documents/Thiago/CodeToAnalyze/retrofit/retrofit/java-test/src/test/java/retrofit2/CallTest.java,retrofit2.CallTest$Anonymous4,"requestBodyConverter/4[java.lang.reflect.Type,java.lang.annotation.Annotation[],java.lang.annotation.Annotation[],retrofit2.Retrofit]",false,243,3,2,0,2,1,0,6,1,1,4,0,0,0,0,0,0,0,1,0,0,0,1,0,0,1,11,1,0,false
/Users/thiago/Documents/Thiago/CodeToAnalyze/retrofit/retrofit/src/main/java/retrofit2/ParameterHandler.java,retrofit2.ParameterHandler,"apply/2[retrofit2.RequestBuilder,T]",false,28,3,0,0,0,1,0,1,0,0,2,0,0,0,0,0,0,0,0,0,0,0,0,0,0,0,8,1024,0,false
/Users/thiago/Documents/Thiago/CodeToAnalyze/retrofit/retrofit/src/main/java/retrofit2/ParameterHandler.java,retrofit2.ParameterHandler,array/0,false,43,2,1,0,1,1,0,11,1,0,0,0,0,0,0,0,0,0,0,0,0,0,0,1,0,0,13,16,0,false
/Users/thiago/Documents/Thiago/CodeToAnalyze/retrofit/retrofit/src/main/java/retrofit2/ParameterHandler.java,retrofit2.ParameterHandler,iterable/0,false,30,3,1,0,1,1,0,11,1,0,0,0,0,0,0,0,0,0,0,0,0,0,0,1,0,0,11,16,0,false
/Users/thiago/Documents/Thiago/CodeToAnalyze/retrofit/retrofit/java-test/src/test/java/retrofit2/CallTest.java,retrofit2.CallTest$Anonymous5,"requestBodyConverter/4[java.lang.reflect.Type,java.lang.annotation.Annotation[],java.lang.annotation.Annotation[],retrofit2.Retrofit]",false,273,3,2,0,2,1,0,6,1,1,4,0,0,0,0,0,0,0,1,0,0,0,1,0,0,1,11,1,0,false
/Users/thiago/Documents/Thiago/CodeToAnalyze/retrofit/retrofit/java-test/src/test/java/retrofit2/CallTest.java,retrofit2.CallTest$Anonymous39,"onFailure/2[retrofit2.Call<java.lang.String>,java.lang.Throwable]",false,1406,1,0,0,0,1,1,3,0,0,2,1,0,0,0,0,0,0,0,0,0,0,0,0,0,0,4,1,0,false
/Users/thiago/Documents/Thiago/CodeToAnalyze/retrofit/retrofit/java-test/src/test/java/retrofit2/CallTest.java,retrofit2.CallTest$Anonymous39,"onResponse/2[retrofit2.Call<java.lang.String>,retrofit2.Response<java.lang.String>]",false,1403,2,1,0,1,1,0,2,0,0,2,0,0,0,0,0,0,0,0,0,0,0,0,0,0,0,3,1,0,false
/Users/thiago/Documents/Thiago/CodeToAnalyze/retrofit/retrofit/src/main/java/retrofit2/ParameterHandler.java,retrofit2.ParameterHandler$HeaderMap,"HeaderMap/4[java.lang.reflect.Method,int,retrofit2.Converter<T,java.lang.String>,boolean]",true,219,2,0,0,0,1,0,6,0,0,4,0,0,0,0,0,0,0,0,0,4,0,0,0,0,0,12,0,0,false
/Users/thiago/Documents/Thiago/CodeToAnalyze/retrofit/retrofit/src/main/java/retrofit2/ParameterHandler.java,retrofit2.ParameterHandler$HeaderMap,"apply/2[retrofit2.RequestBuilder,java.util.Map<java.lang.String,T>]",false,227,5,3,0,3,5,6,16,0,2,2,6,0,0,1,3,0,0,4,0,2,1,2,0,0,0,17,0,0,false
/Users/thiago/Documents/Thiago/CodeToAnalyze/retrofit/retrofit-adapters/rxjava2/src/test/java/retrofit2/adapter/rxjava2/CompletableTest.java,retrofit2.adapter.rxjava2.CompletableTest$Service,completable/0,false,38,2,4,4,0,1,0,1,0,0,0,0,0,0,0,0,0,0,1,0,0,0,0,0,0,0,2,0,0,false
/Users/thiago/Documents/Thiago/CodeToAnalyze/retrofit/retrofit/java-test/src/test/java/retrofit2/CallTest.java,retrofit2.CallTest$Anonymous38,toString/0,false,1391,0,1,0,1,1,1,4,0,0,0,1,0,0,0,0,0,0,1,0,0,0,0,0,0,0,6,1,0,false
/Users/thiago/Documents/Thiago/CodeToAnalyze/retrofit/retrofit/java-test/src/test/java/retrofit2/CallTest.java,retrofit2.CallTest$Anonymous6,"onResponse/2[retrofit2.Call<java.lang.String>,retrofit2.Response<java.lang.String>]",false,289,2,1,0,1,1,0,3,0,0,2,0,0,0,0,0,0,0,0,0,0,0,0,0,0,0,5,1,0,false
/Users/thiago/Documents/Thiago/CodeToAnalyze/retrofit/retrofit/java-test/src/test/java/retrofit2/CallTest.java,retrofit2.CallTest$Anonymous6,"onFailure/2[retrofit2.Call<java.lang.String>,java.lang.Throwable]",false,294,1,0,0,0,1,2,4,0,0,2,2,0,0,0,0,0,0,0,0,0,0,0,0,0,0,3,1,0,false
/Users/thiago/Documents/Thiago/CodeToAnalyze/retrofit/retrofit-adapters/rxjava/src/test/java/retrofit2/adapter/rxjava/RecordingSubscriber.java,retrofit2.adapter.rxjava.RecordingSubscriber$Rule,createWithInitialRequest/1[long],false,134,2,5,4,1,1,1,5,1,1,1,1,0,0,0,0,0,0,0,0,1,0,0,0,0,0,6,1,0,false
/Users/thiago/Documents/Thiago/CodeToAnalyze/retrofit/retrofit-adapters/rxjava/src/test/java/retrofit2/adapter/rxjava/RecordingSubscriber.java,retrofit2.adapter.rxjava.RecordingSubscriber$Rule,"apply/2[retrofit2.adapter.rxjava.Statement,retrofit2.adapter.rxjava.Description]",false,141,3,0,0,0,1,0,11,1,0,2,0,0,0,0,0,0,0,0,0,0,0,0,1,0,0,7,1,0,false
/Users/thiago/Documents/Thiago/CodeToAnalyze/retrofit/retrofit-adapters/rxjava/src/test/java/retrofit2/adapter/rxjava/RecordingSubscriber.java,retrofit2.adapter.rxjava.RecordingSubscriber$Rule,create/0,false,130,3,64,63,1,1,1,3,1,0,0,1,1,1,0,0,0,0,0,0,0,0,0,0,0,0,4,1,0,false
/Users/thiago/Documents/Thiago/CodeToAnalyze/retrofit/retrofit/java-test/src/test/java/retrofit2/CallTest.java,retrofit2.CallTest$Anonymous7,"responseBodyConverter/3[java.lang.reflect.Type,java.lang.annotation.Annotation[],retrofit2.Retrofit]",false,315,3,4,0,4,1,0,6,1,1,3,0,0,0,0,0,0,0,1,0,0,0,1,0,0,1,11,1,0,false
/Users/thiago/Documents/Thiago/CodeToAnalyze/retrofit/retrofit/java-test/src/test/java/retrofit2/CallTest.java,retrofit2.CallTest$Anonymous37,toString/0,false,1352,0,1,0,1,1,1,4,0,0,0,1,0,0,0,0,0,0,1,0,0,0,0,0,0,0,6,1,0,false
/Users/thiago/Documents/Thiago/CodeToAnalyze/retrofit/retrofit/java-test/src/test/java/retrofit2/CallTest.java,retrofit2.CallTest$Anonymous36,"onResponse/2[retrofit2.Call<java.lang.String>,retrofit2.Response<java.lang.String>]",false,1315,2,1,0,1,1,0,2,0,0,2,0,0,0,0,0,0,0,0,0,0,0,0,0,0,0,3,1,0,false
/Users/thiago/Documents/Thiago/CodeToAnalyze/retrofit/retrofit/java-test/src/test/java/retrofit2/CallTest.java,retrofit2.CallTest$Anonymous36,"onFailure/2[retrofit2.Call<java.lang.String>,java.lang.Throwable]",false,1318,2,0,0,0,1,6,6,0,0,2,6,0,0,0,0,0,0,1,1,0,0,0,0,0,0,5,1,0,false
/Users/thiago/Documents/Thiago/CodeToAnalyze/retrofit/retrofit-converters/protobuf/src/main/java/retrofit2/converter/protobuf/ProtoStreamingRequestBody.java,retrofit2.converter.protobuf.ProtoStreamingRequestBody,ProtoStreamingRequestBody/1[retrofit2.converter.protobuf.MessageLite],true,29,1,1,1,0,1,0,3,0,0,1,0,0,0,0,0,0,0,0,0,1,0,0,0,0,0,7,1,0,false
/Users/thiago/Documents/Thiago/CodeToAnalyze/retrofit/retrofit-converters/protobuf/src/main/java/retrofit2/converter/protobuf/ProtoStreamingRequestBody.java,retrofit2.converter.protobuf.ProtoStreamingRequestBody,writeTo/1[retrofit2.converter.protobuf.BufferedSink],false,39,1,0,0,0,1,2,3,0,0,1,2,0,0,0,0,0,0,0,0,0,0,0,0,0,0,8,1,0,false
/Users/thiago/Documents/Thiago/CodeToAnalyze/retrofit/retrofit-converters/protobuf/src/main/java/retrofit2/converter/protobuf/ProtoStreamingRequestBody.java,retrofit2.converter.protobuf.ProtoStreamingRequestBody,contentType/0,false,34,1,0,0,0,1,0,3,1,0,0,0,0,0,0,0,0,0,0,0,0,0,0,0,0,0,12,1,0,false
/Users/thiago/Documents/Thiago/CodeToAnalyze/retrofit/retrofit-converters/jackson/src/test/java/retrofit2/converter/jackson/JacksonConverterFactoryTest.java,retrofit2.converter.jackson.JacksonConverterFactoryTest$AnInterfaceDeserializer,AnInterfaceDeserializer/0,true,89,1,1,1,0,1,0,3,0,0,0,0,0,0,0,0,0,0,0,0,0,0,0,0,0,0,3,0,0,false
/Users/thiago/Documents/Thiago/CodeToAnalyze/retrofit/retrofit-converters/jackson/src/test/java/retrofit2/converter/jackson/JacksonConverterFactoryTest.java,retrofit2.converter.jackson.JacksonConverterFactoryTest$AnInterfaceDeserializer,"deserialize/2[retrofit2.converter.jackson.JsonParser,retrofit2.converter.jackson.DeserializationContext]",false,94,4,1,0,1,4,4,14,1,1,2,4,0,0,1,2,0,0,2,0,2,0,2,0,0,0,15,1,0,false
/Users/thiago/Documents/Thiago/CodeToAnalyze/retrofit/retrofit/java-test/src/test/java/retrofit2/CallTest.java,retrofit2.CallTest$Anonymous1,"onFailure/2[retrofit2.Call<java.lang.String>,java.lang.Throwable]",false,114,1,0,0,0,1,1,3,0,0,2,1,0,0,0,0,0,0,0,0,0,0,0,0,0,0,3,1,0,false
/Users/thiago/Documents/Thiago/CodeToAnalyze/retrofit/retrofit/java-test/src/test/java/retrofit2/CallTest.java,retrofit2.CallTest$Anonymous1,"onResponse/2[retrofit2.Call<java.lang.String>,retrofit2.Response<java.lang.String>]",false,108,2,1,0,1,1,2,4,0,0,2,2,0,0,0,0,0,0,0,0,0,0,0,0,0,0,3,1,0,false
/Users/thiago/Documents/Thiago/CodeToAnalyze/retrofit/retrofit/java-test/src/test/java/retrofit2/CallTest.java,retrofit2.CallTest$Anonymous35,toString/0,false,1304,1,1,0,1,1,1,4,0,0,0,1,0,0,0,0,0,0,1,0,0,0,0,0,0,0,5,1,0,false
/Users/thiago/Documents/Thiago/CodeToAnalyze/retrofit/retrofit/java-test/src/test/java/retrofit2/CallTest.java,retrofit2.CallTest$Anonymous34,"onResponse/2[retrofit2.Call<java.lang.String>,retrofit2.Response<java.lang.String>]",false,1266,2,1,0,1,1,0,2,0,0,2,0,0,0,0,0,0,0,0,0,0,0,0,0,0,0,3,1,0,false
/Users/thiago/Documents/Thiago/CodeToAnalyze/retrofit/retrofit/java-test/src/test/java/retrofit2/CallTest.java,retrofit2.CallTest$Anonymous34,"onFailure/2[retrofit2.Call<java.lang.String>,java.lang.Throwable]",false,1269,1,0,0,0,1,6,6,0,0,2,6,0,0,0,0,0,0,1,1,0,0,0,0,0,0,5,1,0,false
/Users/thiago/Documents/Thiago/CodeToAnalyze/retrofit/retrofit/java-test/src/test/java/retrofit2/CallTest.java,retrofit2.CallTest$Anonymous2,"onResponse/2[retrofit2.Call<java.lang.String>,retrofit2.Response<java.lang.String>]",false,160,2,1,0,1,1,2,4,0,0,2,2,0,0,0,0,0,0,0,0,0,0,0,0,0,0,3,1,0,false
/Users/thiago/Documents/Thiago/CodeToAnalyze/retrofit/retrofit/java-test/src/test/java/retrofit2/CallTest.java,retrofit2.CallTest$Anonymous2,"onFailure/2[retrofit2.Call<java.lang.String>,java.lang.Throwable]",false,166,1,0,0,0,1,1,3,0,0,2,1,0,0,0,0,0,0,0,0,0,0,0,0,0,0,3,1,0,false
/Users/thiago/Documents/Thiago/CodeToAnalyze/retrofit/retrofit-adapters/rxjava2/src/main/java/retrofit2/adapter/rxjava2/RxJava2CallAdapterFactory.java,retrofit2.adapter.rxjava2.RxJava2CallAdapterFactory,"get/3[java.lang.reflect.Type,java.lang.annotation.Annotation[],retrofit2.Retrofit]",false,95,12,3,0,3,17,2,39,3,10,3,2,0,0,0,7,0,3,12,3,14,3,2,0,0,0,36,1,0,false
/Users/thiago/Documents/Thiago/CodeToAnalyze/retrofit/retrofit-adapters/rxjava2/src/main/java/retrofit2/adapter/rxjava2/RxJava2CallAdapterFactory.java,retrofit2.adapter.rxjava2.RxJava2CallAdapterFactory,"RxJava2CallAdapterFactory/2[retrofit2.adapter.rxjava2.Scheduler,boolean]",true,88,2,3,3,0,1,0,4,0,0,2,0,0,0,0,0,0,0,0,0,2,0,0,0,0,0,9,2,0,false
/Users/thiago/Documents/Thiago/CodeToAnalyze/retrofit/retrofit-adapters/rxjava2/src/main/java/retrofit2/adapter/rxjava2/RxJava2CallAdapterFactory.java,retrofit2.adapter.rxjava2.RxJava2CallAdapterFactory,createAsync/0,false,71,1,3,2,1,1,0,3,1,0,0,0,0,0,0,0,0,0,0,0,0,0,0,0,0,0,13,9,0,true
/Users/thiago/Documents/Thiago/CodeToAnalyze/retrofit/retrofit-adapters/rxjava2/src/main/java/retrofit2/adapter/rxjava2/RxJava2CallAdapterFactory.java,retrofit2.adapter.rxjava2.RxJava2CallAdapterFactory,createWithScheduler/1[retrofit2.adapter.rxjava2.Scheduler],false,80,2,7,6,1,2,0,4,1,0,1,0,0,0,0,1,0,0,2,0,0,0,1,0,0,0,24,9,0,true
/Users/thiago/Documents/Thiago/CodeToAnalyze/retrofit/retrofit-adapters/rxjava2/src/main/java/retrofit2/adapter/rxjava2/RxJava2CallAdapterFactory.java,retrofit2.adapter.rxjava2.RxJava2CallAdapterFactory,create/0,false,66,1,12,11,1,1,0,3,1,0,0,0,0,0,0,0,0,0,0,0,0,0,0,0,0,0,20,9,0,true
/Users/thiago/Documents/Thiago/CodeToAnalyze/retrofit/retrofit/java-test/src/test/java/retrofit2/CallTest.java,retrofit2.CallTest$Anonymous3,"onResponse/2[retrofit2.Call<java.lang.String>,retrofit2.Response<java.lang.String>]",false,215,2,1,0,1,1,0,3,0,0,2,0,0,0,0,0,0,0,0,0,0,0,0,0,0,0,5,1,0,false
/Users/thiago/Documents/Thiago/CodeToAnalyze/retrofit/retrofit/java-test/src/test/java/retrofit2/CallTest.java,retrofit2.CallTest$Anonymous3,"onFailure/2[retrofit2.Call<java.lang.String>,java.lang.Throwable]",false,220,1,0,0,0,1,2,4,0,0,2,2,0,0,0,0,0,0,0,0,0,0,0,0,0,0,3,1,0,false
/Users/thiago/Documents/Thiago/CodeToAnalyze/retrofit/retrofit/java-test/src/test/java/retrofit2/CallTest.java,retrofit2.CallTest$Anonymous33,toString/0,false,1255,0,1,0,1,1,1,4,0,0,0,1,0,0,0,0,0,0,1,0,0,0,0,0,0,0,4,1,0,false
/Users/thiago/Documents/Thiago/CodeToAnalyze/retrofit/retrofit/java-test/src/test/java/retrofit2/CallTest.java,retrofit2.CallTest$Anonymous8,"read/2[Buffer,long]",false,348,2,0,0,0,1,0,3,0,0,2,0,0,0,0,0,0,0,1,0,0,0,0,0,0,0,7,1,0,false
/Users/thiago/Documents/Thiago/CodeToAnalyze/retrofit/retrofit/java-test/src/test/java/retrofit2/CallTest.java,retrofit2.CallTest$Anonymous9,"responseBodyConverter/3[java.lang.reflect.Type,java.lang.annotation.Annotation[],retrofit2.Retrofit]",false,365,3,4,0,4,2,1,11,2,1,3,1,0,0,0,0,1,0,1,0,0,0,2,0,0,1,11,1,0,false
/Users/thiago/Documents/Thiago/CodeToAnalyze/retrofit/retrofit-adapters/rxjava3/src/test/java/retrofit2/adapter/rxjava3/CompletableThrowingTest.java,retrofit2.adapter.rxjava3.CompletableThrowingTest$Anonymous1,onComplete/0,false,80,0,0,0,0,1,0,3,0,0,0,0,0,0,0,0,0,0,0,0,0,0,0,0,0,0,3,1,0,false
/Users/thiago/Documents/Thiago/CodeToAnalyze/retrofit/retrofit-mock/src/test/java/retrofit2/mock/BehaviorDelegateTest.java,retrofit2.mock.BehaviorDelegateTest$Anonymous2,"onFailure/2[retrofit2.Call<java.lang.String>,java.lang.Throwable]",false,111,1,0,0,0,1,5,5,0,0,2,5,0,0,0,0,0,0,0,0,0,1,0,0,0,0,5,1,0,false
/Users/thiago/Documents/Thiago/CodeToAnalyze/retrofit/retrofit-mock/src/test/java/retrofit2/mock/BehaviorDelegateTest.java,retrofit2.mock.BehaviorDelegateTest$Anonymous2,"onResponse/2[retrofit2.Call<java.lang.String>,retrofit2.Response<java.lang.String>]",false,106,2,1,0,1,1,0,3,0,0,2,0,0,0,0,0,0,0,0,0,0,0,0,0,0,0,5,1,0,false
/Users/thiago/Documents/Thiago/CodeToAnalyze/retrofit/retrofit-mock/src/test/java/retrofit2/mock/BehaviorDelegateTest.java,retrofit2.mock.BehaviorDelegateTest$Anonymous1,response/0,false,59,4,3,0,3,1,3,4,1,1,0,3,0,0,0,0,0,0,1,0,1,0,0,0,0,0,1,1,0,false
/Users/thiago/Documents/Thiago/CodeToAnalyze/retrofit/retrofit-mock/src/test/java/retrofit2/mock/BehaviorDelegateTest.java,retrofit2.mock.BehaviorDelegateTest$Anonymous1,failure/0,false,65,4,3,0,3,1,3,4,1,1,0,3,0,0,0,0,0,0,0,0,1,0,0,0,0,0,3,1,0,false
/Users/thiago/Documents/Thiago/CodeToAnalyze/retrofit/retrofit-adapters/rxjava3/src/test/java/retrofit2/adapter/rxjava3/MaybeWithSchedulerTest.java,retrofit2.adapter.rxjava3.MaybeWithSchedulerTest,responseUsesScheduler/0,false,71,5,4,0,4,1,7,8,0,1,0,7,0,0,0,0,0,0,0,0,1,0,0,0,0,0,6,1,0,false
/Users/thiago/Documents/Thiago/CodeToAnalyze/retrofit/retrofit-adapters/rxjava3/src/test/java/retrofit2/adapter/rxjava3/MaybeWithSchedulerTest.java,retrofit2.adapter.rxjava3.MaybeWithSchedulerTest,setUp/0,false,48,6,5,0,5,1,7,4,0,1,0,7,0,0,0,0,0,0,1,0,2,0,0,0,0,0,9,1,0,false
/Users/thiago/Documents/Thiago/CodeToAnalyze/retrofit/retrofit-adapters/rxjava3/src/test/java/retrofit2/adapter/rxjava3/MaybeWithSchedulerTest.java,retrofit2.adapter.rxjava3.MaybeWithSchedulerTest,resultUsesScheduler/0,false,83,5,4,0,4,1,7,8,0,1,0,7,0,0,0,0,0,0,0,0,1,0,0,0,0,0,6,1,0,false
/Users/thiago/Documents/Thiago/CodeToAnalyze/retrofit/retrofit-adapters/rxjava3/src/test/java/retrofit2/adapter/rxjava3/MaybeWithSchedulerTest.java,retrofit2.adapter.rxjava3.MaybeWithSchedulerTest,bodyUsesScheduler/0,false,59,5,4,0,4,1,7,8,0,1,0,7,0,0,0,0,0,0,0,0,1,0,0,0,0,0,6,1,0,false
/Users/thiago/Documents/Thiago/CodeToAnalyze/retrofit/retrofit-adapters/rxjava3/src/test/java/retrofit2/adapter/rxjava3/MaybeTest.java,retrofit2.adapter.rxjava3.MaybeTest$Service,result/0,false,43,3,3,3,0,1,0,1,0,0,0,0,0,0,0,0,0,0,1,0,0,0,0,0,0,0,1,0,0,false
/Users/thiago/Documents/Thiago/CodeToAnalyze/retrofit/retrofit-adapters/rxjava3/src/test/java/retrofit2/adapter/rxjava3/MaybeTest.java,retrofit2.adapter.rxjava3.MaybeTest$Service,body/0,false,37,2,4,4,0,1,0,1,0,0,0,0,0,0,0,0,0,0,1,0,0,0,0,0,0,0,1,0,0,false
/Users/thiago/Documents/Thiago/CodeToAnalyze/retrofit/retrofit-adapters/rxjava3/src/test/java/retrofit2/adapter/rxjava3/MaybeTest.java,retrofit2.adapter.rxjava3.MaybeTest$Service,response/0,false,40,3,3,3,0,1,0,1,0,0,0,0,0,0,0,0,0,0,1,0,0,0,0,0,0,0,1,0,0,false
/Users/thiago/Documents/Thiago/CodeToAnalyze/retrofit/retrofit-adapters/rxjava3/src/test/java/retrofit2/adapter/rxjava3/CompletableThrowingTest.java,retrofit2.adapter.rxjava3.CompletableThrowingTest$Anonymous2,onError/1[java.lang.Throwable],false,108,0,0,0,0,1,1,4,0,0,1,1,0,0,0,0,0,0,0,0,0,0,0,0,0,0,5,1,0,false
/Users/thiago/Documents/Thiago/CodeToAnalyze/retrofit/retrofit-mock/src/test/java/retrofit2/mock/BehaviorDelegateTest.java,retrofit2.mock.BehaviorDelegateTest$Anonymous4,"onResponse/2[retrofit2.Call<java.lang.String>,retrofit2.Response<java.lang.String>]",false,205,2,1,0,1,1,0,3,0,0,2,0,0,0,0,0,0,0,0,0,0,0,0,0,0,0,5,1,0,false
/Users/thiago/Documents/Thiago/CodeToAnalyze/retrofit/retrofit-mock/src/test/java/retrofit2/mock/BehaviorDelegateTest.java,retrofit2.mock.BehaviorDelegateTest$Anonymous4,"onFailure/2[retrofit2.Call<java.lang.String>,java.lang.Throwable]",false,210,1,0,0,0,1,5,5,0,0,2,5,0,0,0,0,0,0,0,0,0,1,0,0,0,0,5,1,0,false
/Users/thiago/Documents/Thiago/CodeToAnalyze/retrofit/retrofit-mock/src/test/java/retrofit2/mock/BehaviorDelegateTest.java,retrofit2.mock.BehaviorDelegateTest$Anonymous3,"onFailure/2[retrofit2.Call<java.lang.String>,java.lang.Throwable]",false,161,1,0,0,0,1,0,3,0,0,2,0,0,0,0,0,0,0,0,0,0,0,0,0,0,0,5,1,0,false
/Users/thiago/Documents/Thiago/CodeToAnalyze/retrofit/retrofit-mock/src/test/java/retrofit2/mock/BehaviorDelegateTest.java,retrofit2.mock.BehaviorDelegateTest$Anonymous3,"onResponse/2[retrofit2.Call<java.lang.String>,retrofit2.Response<java.lang.String>]",false,154,2,1,0,1,1,6,5,0,0,2,6,0,0,0,0,0,0,0,0,0,1,0,0,0,0,5,1,0,false
/Users/thiago/Documents/Thiago/CodeToAnalyze/retrofit/retrofit-mock/src/test/java/retrofit2/mock/BehaviorDelegateTest.java,retrofit2.mock.BehaviorDelegateTest$Anonymous6,"onResponse/2[retrofit2.Call<java.lang.String>,retrofit2.Response<java.lang.String>]",false,319,2,1,0,1,1,1,3,0,0,2,1,0,0,0,0,0,0,0,0,0,0,0,0,0,0,3,1,0,false
/Users/thiago/Documents/Thiago/CodeToAnalyze/retrofit/retrofit-mock/src/test/java/retrofit2/mock/BehaviorDelegateTest.java,retrofit2.mock.BehaviorDelegateTest$Anonymous6,"onFailure/2[retrofit2.Call<java.lang.String>,java.lang.Throwable]",false,324,1,0,0,0,1,2,4,0,0,2,2,0,0,0,0,0,0,0,0,0,0,0,0,0,0,3,1,0,false
/Users/thiago/Documents/Thiago/CodeToAnalyze/retrofit/retrofit-mock/src/test/java/retrofit2/mock/BehaviorDelegateTest.java,retrofit2.mock.BehaviorDelegateTest$Anonymous5,"onResponse/2[retrofit2.Call<java.lang.String>,retrofit2.Response<java.lang.String>]",false,263,2,1,0,1,1,1,3,0,0,2,1,0,0,0,0,0,0,0,0,0,0,0,0,0,0,3,1,0,false
/Users/thiago/Documents/Thiago/CodeToAnalyze/retrofit/retrofit-mock/src/test/java/retrofit2/mock/BehaviorDelegateTest.java,retrofit2.mock.BehaviorDelegateTest$Anonymous5,"onFailure/2[retrofit2.Call<java.lang.String>,java.lang.Throwable]",false,268,1,0,0,0,1,2,4,0,0,2,2,0,0,0,0,0,0,0,0,0,0,0,0,0,0,3,1,0,false
/Users/thiago/Documents/Thiago/CodeToAnalyze/retrofit/retrofit-adapters/rxjava3/src/test/java/retrofit2/adapter/rxjava3/RecordingSingleObserver.java,retrofit2.adapter.rxjava3.RecordingSingleObserver,takeError/0,false,68,2,1,0,1,1,6,5,1,1,0,6,0,0,0,0,0,0,1,0,1,1,0,0,0,0,12,1,0,false
/Users/thiago/Documents/Thiago/CodeToAnalyze/retrofit/retrofit-adapters/rxjava3/src/test/java/retrofit2/adapter/rxjava3/RecordingSingleObserver.java,retrofit2.adapter.rxjava3.RecordingSingleObserver,assertError/1[java.lang.Class<? extends java.lang.Throwable>],false,90,1,1,0,1,1,1,3,0,0,1,1,0,0,0,0,0,0,0,0,0,0,0,0,0,0,5,1,0,false
/Users/thiago/Documents/Thiago/CodeToAnalyze/retrofit/retrofit-adapters/rxjava3/src/test/java/retrofit2/adapter/rxjava3/RecordingSingleObserver.java,retrofit2.adapter.rxjava3.RecordingSingleObserver,onError/1[java.lang.Throwable],false,48,0,0,0,0,1,2,3,0,0,1,2,0,0,0,0,0,0,0,0,0,0,0,0,0,0,4,1,0,false
/Users/thiago/Documents/Thiago/CodeToAnalyze/retrofit/retrofit-adapters/rxjava3/src/test/java/retrofit2/adapter/rxjava3/RecordingSingleObserver.java,retrofit2.adapter.rxjava3.RecordingSingleObserver,assertAnyValue/0,false,76,2,1,0,1,1,1,4,1,0,0,1,0,0,0,0,0,0,0,0,0,0,0,0,0,0,4,1,0,false
/Users/thiago/Documents/Thiago/CodeToAnalyze/retrofit/retrofit-adapters/rxjava3/src/test/java/retrofit2/adapter/rxjava3/RecordingSingleObserver.java,retrofit2.adapter.rxjava3.RecordingSingleObserver,assertError/1[java.lang.Throwable],false,86,1,1,0,1,1,3,3,0,0,1,3,0,0,0,0,0,0,0,0,0,0,0,0,0,0,6,1,0,false
/Users/thiago/Documents/Thiago/CodeToAnalyze/retrofit/retrofit-adapters/rxjava3/src/test/java/retrofit2/adapter/rxjava3/RecordingSingleObserver.java,retrofit2.adapter.rxjava3.RecordingSingleObserver,"assertError/2[java.lang.Class<? extends java.lang.Throwable>,java.lang.String]",false,94,1,2,0,2,2,6,8,0,1,2,6,0,0,0,1,0,0,0,0,1,0,1,0,0,0,12,1,0,false
/Users/thiago/Documents/Thiago/CodeToAnalyze/retrofit/retrofit-adapters/rxjava3/src/test/java/retrofit2/adapter/rxjava3/RecordingSingleObserver.java,retrofit2.adapter.rxjava3.RecordingSingleObserver,assertNoEvents/0,false,103,0,0,0,0,1,3,3,0,0,0,3,0,0,0,0,0,0,1,0,0,0,0,0,0,0,7,1,0,false
/Users/thiago/Documents/Thiago/CodeToAnalyze/retrofit/retrofit-adapters/rxjava3/src/test/java/retrofit2/adapter/rxjava3/RecordingSingleObserver.java,retrofit2.adapter.rxjava3.RecordingSingleObserver,takeValue/0,false,60,3,1,0,1,1,6,5,1,1,0,6,0,0,0,0,0,0,1,0,1,1,0,0,0,0,13,1,0,false
/Users/thiago/Documents/Thiago/CodeToAnalyze/retrofit/retrofit-adapters/rxjava3/src/test/java/retrofit2/adapter/rxjava3/RecordingSingleObserver.java,retrofit2.adapter.rxjava3.RecordingSingleObserver,onSubscribe/1[retrofit2.adapter.rxjava3.Disposable],false,40,1,0,0,0,1,0,2,0,0,1,0,0,0,0,0,0,0,0,0,0,0,0,0,0,0,4,1,0,false
/Users/thiago/Documents/Thiago/CodeToAnalyze/retrofit/retrofit-adapters/rxjava3/src/test/java/retrofit2/adapter/rxjava3/RecordingSingleObserver.java,retrofit2.adapter.rxjava3.RecordingSingleObserver,assertValue/1[T],false,81,2,1,0,1,1,3,4,1,0,1,3,0,0,0,0,0,0,0,0,0,0,0,0,0,0,6,1,0,false
/Users/thiago/Documents/Thiago/CodeToAnalyze/retrofit/retrofit-adapters/rxjava3/src/test/java/retrofit2/adapter/rxjava3/RecordingSingleObserver.java,retrofit2.adapter.rxjava3.RecordingSingleObserver,RecordingSingleObserver/0,true,37,0,0,0,0,1,0,2,0,0,0,0,0,0,0,0,0,0,0,0,0,0,0,0,0,0,3,2,0,false
/Users/thiago/Documents/Thiago/CodeToAnalyze/retrofit/retrofit-adapters/rxjava3/src/test/java/retrofit2/adapter/rxjava3/RecordingSingleObserver.java,retrofit2.adapter.rxjava3.RecordingSingleObserver,onSuccess/1[T],false,43,1,0,0,0,1,2,3,0,0,1,2,0,0,0,0,0,0,0,0,0,0,0,0,0,0,4,1,0,false
/Users/thiago/Documents/Thiago/CodeToAnalyze/retrofit/retrofit-adapters/rxjava3/src/test/java/retrofit2/adapter/rxjava3/RecordingSingleObserver.java,retrofit2.adapter.rxjava3.RecordingSingleObserver,takeNotification/0,false,52,2,0,0,0,2,1,7,1,1,0,1,0,0,0,1,0,0,1,0,1,0,1,0,0,0,8,2,0,false
/Users/thiago/Documents/Thiago/CodeToAnalyze/retrofit/retrofit/java-test/src/test/java/retrofit2/CallTest.java,retrofit2.CallTest$Anonymous21,toString/0,false,932,1,1,0,1,1,1,4,0,0,0,1,0,0,0,0,0,0,1,0,0,0,0,0,0,0,5,1,0,false
/Users/thiago/Documents/Thiago/CodeToAnalyze/retrofit/retrofit/java-test/src/test/java/retrofit2/CallTest.java,retrofit2.CallTest$Anonymous20,toString/0,false,893,0,1,0,1,1,1,4,0,0,0,1,0,0,0,0,0,0,1,0,0,0,0,0,0,0,4,1,0,false
/Users/thiago/Documents/Thiago/CodeToAnalyze/retrofit/retrofit-adapters/rxjava2/src/test/java/retrofit2/adapter/rxjava2/MaybeThrowingTest.java,retrofit2.adapter.rxjava2.MaybeThrowingTest,resultThrowingInOnErrorDeliveredToPlugin/0,false,224,9,2,0,2,2,11,24,0,6,0,11,0,0,0,0,0,0,1,0,5,0,2,1,0,1,35,1,0,false
/Users/thiago/Documents/Thiago/CodeToAnalyze/retrofit/retrofit-adapters/rxjava2/src/test/java/retrofit2/adapter/rxjava2/MaybeThrowingTest.java,retrofit2.adapter.rxjava2.MaybeThrowingTest,responseThrowingInOnErrorDeliveredToPlugin/0,false,161,8,2,0,2,2,12,24,0,6,0,12,0,0,0,0,0,0,0,0,5,0,2,1,0,1,37,1,0,false
/Users/thiago/Documents/Thiago/CodeToAnalyze/retrofit/retrofit-adapters/rxjava2/src/test/java/retrofit2/adapter/rxjava2/MaybeThrowingTest.java,retrofit2.adapter.rxjava2.MaybeThrowingTest,responseThrowingInOnSuccessDeliveredToPlugin/0,false,132,8,2,0,2,2,12,21,0,5,0,12,0,0,0,0,0,0,0,0,4,0,2,1,0,1,21,1,0,false
/Users/thiago/Documents/Thiago/CodeToAnalyze/retrofit/retrofit-adapters/rxjava2/src/test/java/retrofit2/adapter/rxjava2/MaybeThrowingTest.java,retrofit2.adapter.rxjava2.MaybeThrowingTest,bodyThrowingInOnErrorDeliveredToPlugin/0,false,99,7,2,0,2,2,12,24,0,6,0,12,0,0,0,0,0,0,0,1,5,0,2,1,0,1,23,1,0,false
/Users/thiago/Documents/Thiago/CodeToAnalyze/retrofit/retrofit-adapters/rxjava2/src/test/java/retrofit2/adapter/rxjava2/MaybeThrowingTest.java,retrofit2.adapter.rxjava2.MaybeThrowingTest,setUp/0,false,59,6,5,0,5,1,7,4,0,1,0,7,0,0,0,0,0,0,1,0,2,0,0,0,0,0,8,1,0,false
/Users/thiago/Documents/Thiago/CodeToAnalyze/retrofit/retrofit-adapters/rxjava2/src/test/java/retrofit2/adapter/rxjava2/MaybeThrowingTest.java,retrofit2.adapter.rxjava2.MaybeThrowingTest,bodyThrowingInOnSuccessDeliveredToPlugin/0,false,70,7,2,0,2,2,12,21,0,5,0,12,0,0,0,0,0,0,0,0,4,0,2,1,0,1,21,1,0,false
/Users/thiago/Documents/Thiago/CodeToAnalyze/retrofit/retrofit-adapters/rxjava2/src/test/java/retrofit2/adapter/rxjava2/MaybeThrowingTest.java,retrofit2.adapter.rxjava2.MaybeThrowingTest,resultThrowingInOnSuccessDeliveredToPlugin/0,false,194,8,2,0,2,2,12,21,0,5,0,12,0,0,0,0,0,0,0,0,4,0,2,1,0,1,21,1,0,false
/Users/thiago/Documents/Thiago/CodeToAnalyze/retrofit/samples/src/main/java/com/example/retrofit/AnnotatedConverters.java,com.example.retrofit.AnnotatedConverters$AnnotatedConverterFactory,"responseBodyConverter/3[java.lang.reflect.Type,java.lang.annotation.Annotation[],retrofit2.Retrofit]",false,73,5,1,0,1,3,3,9,2,1,3,3,0,0,1,1,0,0,0,0,1,0,2,0,0,0,10,1,0,false
/Users/thiago/Documents/Thiago/CodeToAnalyze/retrofit/samples/src/main/java/com/example/retrofit/AnnotatedConverters.java,com.example.retrofit.AnnotatedConverters$AnnotatedConverterFactory,"requestBodyConverter/4[java.lang.reflect.Type,java.lang.annotation.Annotation[],java.lang.annotation.Annotation[],retrofit2.Retrofit]",false,88,5,1,0,1,3,3,9,2,1,4,3,0,0,1,1,0,0,0,0,1,0,2,0,0,0,11,1,0,false
/Users/thiago/Documents/Thiago/CodeToAnalyze/retrofit/samples/src/main/java/com/example/retrofit/AnnotatedConverters.java,com.example.retrofit.AnnotatedConverters$AnnotatedConverterFactory,"AnnotatedConverterFactory/1[java.util.Map<java.lang.Class<? extends java.lang.annotation.Annotation>,retrofit2.Converter.Factory>]",true,67,1,1,1,0,1,0,3,0,0,1,0,0,0,0,0,0,0,0,0,1,0,0,0,0,0,5,0,0,false
/Users/thiago/Documents/Thiago/CodeToAnalyze/retrofit/retrofit-adapters/rxjava2/src/test/java/retrofit2/adapter/rxjava2/RecordingCompletableObserver.java,retrofit2.adapter.rxjava2.RecordingCompletableObserver$Rule$Anonymous1,evaluate/0,false,109,1,11,0,11,2,2,6,0,0,0,2,0,0,1,0,0,0,0,0,0,0,1,0,0,0,7,1,0,false
/Users/thiago/Documents/Thiago/CodeToAnalyze/retrofit/retrofit/java-test/src/test/java/retrofit2/CallTest.java,retrofit2.CallTest$Anonymous29,toString/0,false,1167,1,1,0,1,1,1,4,0,0,0,1,0,0,0,0,0,0,1,0,0,0,0,0,0,0,5,1,0,false
/Users/thiago/Documents/Thiago/CodeToAnalyze/retrofit/retrofit/java-test/src/test/java/retrofit2/CallTest.java,retrofit2.CallTest$Anonymous28,"onResponse/2[retrofit2.Call<java.lang.String>,retrofit2.Response<java.lang.String>]",false,1137,2,1,0,1,1,0,2,0,0,2,0,0,0,0,0,0,0,0,0,0,0,0,0,0,0,3,1,0,false
/Users/thiago/Documents/Thiago/CodeToAnalyze/retrofit/retrofit/java-test/src/test/java/retrofit2/CallTest.java,retrofit2.CallTest$Anonymous28,"onFailure/2[retrofit2.Call<java.lang.String>,java.lang.Throwable]",false,1140,1,0,0,0,1,6,6,0,0,2,6,0,0,0,0,0,0,1,1,0,0,0,0,0,0,5,1,0,false
/Users/thiago/Documents/Thiago/CodeToAnalyze/retrofit/retrofit-adapters/rxjava/src/main/java/retrofit2/adapter/rxjava/RxJavaCallAdapter.java,retrofit2.adapter.rxjava.RxJavaCallAdapter,"RxJavaCallAdapter/7[java.lang.reflect.Type,retrofit2.adapter.rxjava.Scheduler,boolean,boolean,boolean,boolean,boolean]",true,43,2,1,1,0,1,0,9,0,0,7,0,0,0,0,0,0,0,0,0,7,0,0,0,0,0,14,0,0,false
/Users/thiago/Documents/Thiago/CodeToAnalyze/retrofit/retrofit-adapters/rxjava/src/main/java/retrofit2/adapter/rxjava/RxJavaCallAdapter.java,retrofit2.adapter.rxjava.RxJavaCallAdapter,responseType/0,false,54,0,0,0,0,1,0,3,1,0,0,0,0,0,0,0,0,0,0,0,0,0,0,0,0,0,2,1,0,false
/Users/thiago/Documents/Thiago/CodeToAnalyze/retrofit/retrofit-adapters/rxjava/src/main/java/retrofit2/adapter/rxjava/RxJavaCallAdapter.java,retrofit2.adapter.rxjava.RxJavaCallAdapter,adapt/1[retrofit2.Call<R>],false,59,9,0,0,0,7,4,24,3,3,1,4,0,0,0,1,0,0,0,0,6,0,1,0,0,0,14,1,0,false
/Users/thiago/Documents/Thiago/CodeToAnalyze/retrofit/retrofit/java-test/src/test/java/retrofit2/CallTest.java,retrofit2.CallTest$Anonymous27,toString/0,false,1118,0,1,0,1,1,1,4,0,0,0,1,0,0,0,0,0,0,1,0,0,0,0,0,0,0,4,1,0,false
/Users/thiago/Documents/Thiago/CodeToAnalyze/retrofit/retrofit/java-test/src/test/java/retrofit2/CallTest.java,retrofit2.CallTest$Anonymous26,"onResponse/2[retrofit2.Call<java.lang.String>,retrofit2.Response<java.lang.String>]",false,1092,2,1,0,1,1,4,4,0,0,2,4,0,0,0,0,0,0,0,1,0,0,0,0,0,0,5,1,0,false
/Users/thiago/Documents/Thiago/CodeToAnalyze/retrofit/retrofit/java-test/src/test/java/retrofit2/CallTest.java,retrofit2.CallTest$Anonymous26,"onFailure/2[retrofit2.Call<java.lang.String>,java.lang.Throwable]",false,1098,1,0,0,0,1,0,2,0,0,2,0,0,0,0,0,0,0,0,0,0,0,0,0,0,0,3,1,0,false
/Users/thiago/Documents/Thiago/CodeToAnalyze/retrofit/retrofit/java-test/src/test/java/retrofit2/CallTest.java,retrofit2.CallTest$Anonymous25,toString/0,false,1078,0,1,0,1,1,1,4,1,0,0,1,0,0,0,0,0,0,1,0,0,0,0,0,0,0,2,1,0,false
/Users/thiago/Documents/Thiago/CodeToAnalyze/retrofit/retrofit-adapters/rxjava3/src/test/java/retrofit2/adapter/rxjava3/MaybeThrowingTest.java,retrofit2.adapter.rxjava3.MaybeThrowingTest$ForwardingObserver,onComplete/0,false,275,0,0,0,0,1,1,3,0,0,0,1,0,0,0,0,0,0,0,0,0,0,0,0,0,0,2,1,0,false
/Users/thiago/Documents/Thiago/CodeToAnalyze/retrofit/retrofit-adapters/rxjava3/src/test/java/retrofit2/adapter/rxjava3/MaybeThrowingTest.java,retrofit2.adapter.rxjava3.MaybeThrowingTest$ForwardingObserver,onSubscribe/1[retrofit2.adapter.rxjava3.Disposable],false,260,1,0,0,0,1,1,3,0,0,1,1,0,0,0,0,0,0,0,0,0,0,0,0,0,0,4,1,0,false
/Users/thiago/Documents/Thiago/CodeToAnalyze/retrofit/retrofit-adapters/rxjava3/src/test/java/retrofit2/adapter/rxjava3/MaybeThrowingTest.java,retrofit2.adapter.rxjava3.MaybeThrowingTest$ForwardingObserver,ForwardingObserver/1[retrofit2.adapter.rxjava3.MaybeObserver<T>],true,255,1,0,0,0,1,0,3,0,0,1,0,0,0,0,0,0,0,0,0,1,0,0,0,0,0,3,0,0,false
/Users/thiago/Documents/Thiago/CodeToAnalyze/retrofit/retrofit-adapters/rxjava3/src/test/java/retrofit2/adapter/rxjava3/MaybeThrowingTest.java,retrofit2.adapter.rxjava3.MaybeThrowingTest$ForwardingObserver,onSuccess/1[T],false,265,1,0,0,0,1,1,3,0,0,1,1,0,0,0,0,0,0,0,0,0,0,0,0,0,0,4,1,0,false
/Users/thiago/Documents/Thiago/CodeToAnalyze/retrofit/retrofit-adapters/rxjava3/src/test/java/retrofit2/adapter/rxjava3/MaybeThrowingTest.java,retrofit2.adapter.rxjava3.MaybeThrowingTest$ForwardingObserver,onError/1[java.lang.Throwable],false,270,0,0,0,0,1,1,3,0,0,1,1,0,0,0,0,0,0,0,0,0,0,0,0,0,0,4,1,0,false
/Users/thiago/Documents/Thiago/CodeToAnalyze/retrofit/retrofit/java-test/src/test/java/retrofit2/CallTest.java,retrofit2.CallTest$Anonymous24,toString/0,false,1039,1,1,0,1,1,1,4,0,0,0,1,0,0,0,0,0,0,1,0,0,0,0,0,0,0,5,1,0,false
/Users/thiago/Documents/Thiago/CodeToAnalyze/retrofit/retrofit/java-test/src/test/java/retrofit2/CallTest.java,retrofit2.CallTest$Anonymous23,toString/0,false,1000,0,1,0,1,1,1,4,0,0,0,1,0,0,0,0,0,0,1,0,0,0,0,0,0,0,4,1,0,false
/Users/thiago/Documents/Thiago/CodeToAnalyze/retrofit/retrofit/java-test/src/test/java/retrofit2/CallTest.java,retrofit2.CallTest$Anonymous22,toString/0,false,971,0,1,0,1,1,1,4,1,0,0,1,0,0,0,0,0,0,1,0,0,0,0,0,0,0,2,1,0,false
/Users/thiago/Documents/Thiago/CodeToAnalyze/retrofit/retrofit/src/main/java/retrofit2/DefaultCallAdapterFactory.java,retrofit2.DefaultCallAdapterFactory,"get/3[java.lang.reflect.Type,java.lang.annotation.Annotation[],retrofit2.Retrofit]",false,37,8,4,0,4,4,3,19,2,2,3,3,0,0,0,1,0,1,1,1,2,0,1,1,0,0,23,1,0,false
/Users/thiago/Documents/Thiago/CodeToAnalyze/retrofit/retrofit/src/main/java/retrofit2/DefaultCallAdapterFactory.java,retrofit2.DefaultCallAdapterFactory,DefaultCallAdapterFactory/1[java.util.concurrent.Executor],true,31,1,2,2,0,1,0,3,0,0,1,0,0,0,0,0,0,0,0,0,1,0,0,0,0,0,6,0,0,false
/Users/thiago/Documents/Thiago/CodeToAnalyze/retrofit/retrofit-converters/simplexml/src/main/java/retrofit2/converter/simplexml/SimpleXmlResponseBodyConverter.java,retrofit2.converter.simplexml.SimpleXmlResponseBodyConverter,convert/1[retrofit2.converter.simplexml.ResponseBody],false,35,2,0,0,0,4,3,18,1,1,1,3,0,0,0,1,1,0,1,0,1,1,2,0,0,0,19,1,0,false
/Users/thiago/Documents/Thiago/CodeToAnalyze/retrofit/retrofit-converters/simplexml/src/main/java/retrofit2/converter/simplexml/SimpleXmlResponseBodyConverter.java,retrofit2.converter.simplexml.SimpleXmlResponseBodyConverter,"SimpleXmlResponseBodyConverter/3[java.lang.Class<T>,retrofit2.converter.simplexml.Serializer,boolean]",true,28,2,0,0,0,1,0,5,0,0,3,0,0,0,0,0,0,0,0,0,3,0,0,0,0,0,8,0,0,false
/Users/thiago/Documents/Thiago/CodeToAnalyze/retrofit/retrofit/java-test/src/test/java/retrofit2/RequestFactoryTest.java,retrofit2.RequestFactoryTest$150Example,method/1[java.util.List<java.lang.String>],false,3012,4,0,0,0,1,0,3,1,0,1,0,0,0,0,0,0,0,2,0,0,0,0,0,0,0,5,0,0,false
/Users/thiago/Documents/Thiago/CodeToAnalyze/retrofit/retrofit-adapters/rxjava/src/test/java/retrofit2/adapter/rxjava/CompletableThrowingTest.java,retrofit2.adapter.rxjava.CompletableThrowingTest$Anonymous1,handleError/1[java.lang.Throwable],false,68,0,0,0,0,2,2,5,0,0,1,2,0,0,0,0,0,0,0,0,0,0,1,0,0,0,4,1,0,false
/Users/thiago/Documents/Thiago/CodeToAnalyze/retrofit/retrofit-adapters/rxjava/src/test/java/retrofit2/adapter/rxjava/CompletableThrowingTest.java,retrofit2.adapter.rxjava.CompletableThrowingTest$Anonymous2,onCompleted/0,false,82,0,0,0,0,1,0,3,0,0,0,0,0,0,0,0,0,0,0,0,0,0,0,0,0,0,3,1,0,false
/Users/thiago/Documents/Thiago/CodeToAnalyze/retrofit/retrofit-adapters/rxjava/src/test/java/retrofit2/adapter/rxjava/CompletableThrowingTest.java,retrofit2.adapter.rxjava.CompletableThrowingTest$Anonymous3,handleError/1[java.lang.Throwable],false,99,0,0,0,0,2,2,5,0,0,1,2,0,0,0,0,0,0,0,0,0,0,1,0,0,0,4,1,0,false
/Users/thiago/Documents/Thiago/CodeToAnalyze/retrofit/retrofit/java-test/src/test/java/retrofit2/RequestFactoryTest.java,retrofit2.RequestFactoryTest$161Example,get/1[java.lang.String],false,3189,4,0,0,0,1,0,3,1,0,1,0,0,0,0,0,0,0,0,0,0,0,0,0,0,0,4,0,0,false
/Users/thiago/Documents/Thiago/CodeToAnalyze/retrofit/retrofit-adapters/rxjava/src/test/java/retrofit2/adapter/rxjava/CompletableThrowingTest.java,retrofit2.adapter.rxjava.CompletableThrowingTest$Anonymous4,onError/1[java.lang.Throwable],false,114,0,0,0,0,1,1,4,0,0,1,1,0,0,0,0,0,0,0,0,0,0,0,0,0,0,5,1,0,false
/Users/thiago/Documents/Thiago/CodeToAnalyze/retrofit/retrofit-mock/src/main/java/retrofit2/mock/BehaviorCall.java,retrofit2.mock.BehaviorCall,timeout/0,false,62,3,1,0,1,1,1,3,1,0,0,1,0,0,0,0,0,0,0,0,0,0,0,0,0,0,2,1,0,false
/Users/thiago/Documents/Thiago/CodeToAnalyze/retrofit/retrofit-mock/src/main/java/retrofit2/mock/BehaviorCall.java,retrofit2.mock.BehaviorCall,enqueue/1[retrofit2.Callback<T>],false,68,2,1,0,1,3,1,53,0,0,1,1,0,0,0,1,0,0,3,0,2,0,2,1,0,0,36,1,0,false
/Users/thiago/Documents/Thiago/CodeToAnalyze/retrofit/retrofit-mock/src/main/java/retrofit2/mock/BehaviorCall.java,retrofit2.mock.BehaviorCall,execute/0,false,133,4,2,0,2,5,4,28,1,5,0,4,0,0,0,1,1,0,1,1,5,0,1,1,0,0,21,1,0,false
/Users/thiago/Documents/Thiago/CodeToAnalyze/retrofit/retrofit-mock/src/main/java/retrofit2/mock/BehaviorCall.java,retrofit2.mock.BehaviorCall,"BehaviorCall/3[retrofit2.mock.NetworkBehavior,java.util.concurrent.ExecutorService,retrofit2.Call<T>]",true,44,3,0,0,0,1,0,5,0,0,3,0,0,0,0,0,0,0,0,0,3,0,0,0,0,0,7,0,0,false
/Users/thiago/Documents/Thiago/CodeToAnalyze/retrofit/retrofit-mock/src/main/java/retrofit2/mock/BehaviorCall.java,retrofit2.mock.BehaviorCall,isCanceled/0,false,174,0,0,0,0,1,0,3,1,0,0,0,0,0,0,0,0,0,0,0,0,0,0,0,0,0,3,1,0,false
/Users/thiago/Documents/Thiago/CodeToAnalyze/retrofit/retrofit-mock/src/main/java/retrofit2/mock/BehaviorCall.java,retrofit2.mock.BehaviorCall,clone/0,false,52,3,2,0,2,1,1,3,1,0,0,1,0,0,0,0,0,0,1,0,0,0,0,0,0,0,1,1,0,false
/Users/thiago/Documents/Thiago/CodeToAnalyze/retrofit/retrofit-mock/src/main/java/retrofit2/mock/BehaviorCall.java,retrofit2.mock.BehaviorCall,cancel/0,false,165,0,0,0,0,2,1,7,0,1,0,1,0,0,0,1,0,0,0,0,2,0,1,0,0,0,5,1,0,false
/Users/thiago/Documents/Thiago/CodeToAnalyze/retrofit/retrofit-mock/src/main/java/retrofit2/mock/BehaviorCall.java,retrofit2.mock.BehaviorCall,isExecuted/0,false,128,0,0,0,0,1,0,3,1,0,0,0,0,0,0,0,0,0,0,0,0,0,0,0,0,0,3,33,0,false
/Users/thiago/Documents/Thiago/CodeToAnalyze/retrofit/retrofit-mock/src/main/java/retrofit2/mock/BehaviorCall.java,retrofit2.mock.BehaviorCall,request/0,false,57,3,1,0,1,1,1,3,1,0,0,1,0,0,0,0,0,0,0,0,0,0,0,0,0,0,2,1,0,false
/Users/thiago/Documents/Thiago/CodeToAnalyze/retrofit/retrofit-converters/jackson/src/test/java/retrofit2/converter/jackson/JacksonConverterFactoryTest.java,retrofit2.converter.jackson.JacksonConverterFactoryTest$Service,anImplementation/1[retrofit2.converter.jackson.JacksonConverterFactoryTest.AnImplementation],false,137,4,1,1,0,1,0,1,0,0,1,0,0,0,0,0,0,0,1,0,0,0,0,0,0,0,4,0,0,false
/Users/thiago/Documents/Thiago/CodeToAnalyze/retrofit/retrofit-converters/jackson/src/test/java/retrofit2/converter/jackson/JacksonConverterFactoryTest.java,retrofit2.converter.jackson.JacksonConverterFactoryTest$Service,anInterface/1[retrofit2.converter.jackson.JacksonConverterFactoryTest.AnInterface],false,140,4,1,1,0,1,0,1,0,0,1,0,0,0,0,0,0,0,1,0,0,0,0,0,0,0,4,0,0,false
/Users/thiago/Documents/Thiago/CodeToAnalyze/retrofit/retrofit-converters/jackson/src/test/java/retrofit2/converter/jackson/JacksonConverterFactoryTest.java,retrofit2.converter.jackson.JacksonConverterFactoryTest$Service,erroringValue/1[retrofit2.converter.jackson.JacksonConverterFactoryTest.ErroringValue],false,143,4,1,1,0,1,0,1,0,0,1,0,0,0,0,0,0,0,1,0,0,0,0,0,0,0,4,0,0,false
/Users/thiago/Documents/Thiago/CodeToAnalyze/retrofit/retrofit-adapters/rxjava/src/test/java/retrofit2/adapter/rxjava/SingleThrowingTest.java,retrofit2.adapter.rxjava.SingleThrowingTest,responseThrowingInOnSuccessDeliveredToPlugin/0,false,137,8,2,0,2,1,9,21,0,3,0,9,0,0,0,0,0,0,0,0,3,0,0,2,0,0,27,1,0,false
/Users/thiago/Documents/Thiago/CodeToAnalyze/retrofit/retrofit-adapters/rxjava/src/test/java/retrofit2/adapter/rxjava/SingleThrowingTest.java,retrofit2.adapter.rxjava.SingleThrowingTest,bodyThrowingInOnErrorDeliveredToPlugin/0,false,101,8,2,0,2,1,11,26,0,5,0,11,0,0,0,0,0,0,0,1,5,0,0,2,0,0,28,1,0,false
/Users/thiago/Documents/Thiago/CodeToAnalyze/retrofit/retrofit-adapters/rxjava/src/test/java/retrofit2/adapter/rxjava/SingleThrowingTest.java,retrofit2.adapter.rxjava.SingleThrowingTest,resultThrowingInOnSuccessDeliveredToPlugin/0,false,204,8,2,0,2,1,9,21,0,3,0,9,0,0,0,0,0,0,0,0,3,0,0,2,0,0,27,1,0,false
/Users/thiago/Documents/Thiago/CodeToAnalyze/retrofit/retrofit-adapters/rxjava/src/test/java/retrofit2/adapter/rxjava/SingleThrowingTest.java,retrofit2.adapter.rxjava.SingleThrowingTest,resultThrowingInOnErrorDeliveredToPlugin/0,false,236,10,2,0,2,1,10,26,0,5,0,10,0,0,0,0,0,0,1,0,5,0,0,2,0,0,40,1,0,false
/Users/thiago/Documents/Thiago/CodeToAnalyze/retrofit/retrofit-adapters/rxjava/src/test/java/retrofit2/adapter/rxjava/SingleThrowingTest.java,retrofit2.adapter.rxjava.SingleThrowingTest,responseThrowingInOnErrorDeliveredToPlugin/0,false,168,9,2,0,2,1,11,26,0,5,0,11,0,0,0,0,0,0,0,0,5,0,0,2,0,0,42,1,0,false
/Users/thiago/Documents/Thiago/CodeToAnalyze/retrofit/retrofit-adapters/rxjava/src/test/java/retrofit2/adapter/rxjava/SingleThrowingTest.java,retrofit2.adapter.rxjava.SingleThrowingTest,setUp/0,false,59,6,5,0,5,1,7,4,0,1,0,7,0,0,0,0,0,0,1,0,2,0,0,0,0,0,8,1,0,false
/Users/thiago/Documents/Thiago/CodeToAnalyze/retrofit/retrofit-adapters/rxjava/src/test/java/retrofit2/adapter/rxjava/SingleThrowingTest.java,retrofit2.adapter.rxjava.SingleThrowingTest,bodyThrowingInOnSuccessDeliveredToPlugin/0,false,70,7,2,0,2,1,9,21,0,3,0,9,0,0,0,0,0,0,0,0,3,0,0,2,0,0,27,1,0,false
/Users/thiago/Documents/Thiago/CodeToAnalyze/retrofit/retrofit-adapters/rxjava3/src/main/java/retrofit2/adapter/rxjava3/RxJava3CallAdapter.java,retrofit2.adapter.rxjava3.RxJava3CallAdapter,responseType/0,false,61,0,0,0,0,1,0,3,1,0,0,0,0,0,0,0,0,0,0,0,0,0,0,0,0,0,2,1,0,false
/Users/thiago/Documents/Thiago/CodeToAnalyze/retrofit/retrofit-adapters/rxjava3/src/main/java/retrofit2/adapter/rxjava3/RxJava3CallAdapter.java,retrofit2.adapter.rxjava3.RxJava3CallAdapter,adapt/1[retrofit2.Call<R>],false,66,8,0,0,0,9,6,29,5,2,1,6,0,0,0,1,0,0,0,0,5,0,1,0,0,0,16,1,0,false
/Users/thiago/Documents/Thiago/CodeToAnalyze/retrofit/retrofit-adapters/rxjava3/src/main/java/retrofit2/adapter/rxjava3/RxJava3CallAdapter.java,retrofit2.adapter.rxjava3.RxJava3CallAdapter,"RxJava3CallAdapter/9[java.lang.reflect.Type,retrofit2.adapter.rxjava3.Scheduler,boolean,boolean,boolean,boolean,boolean,boolean,boolean]",true,48,2,1,1,0,1,0,11,0,0,9,0,0,0,0,0,0,0,0,0,9,0,0,0,0,0,16,0,0,false
/Users/thiago/Documents/Thiago/CodeToAnalyze/retrofit/retrofit-converters/gson/src/main/java/retrofit2/converter/gson/GsonStreamingRequestBody.java,retrofit2.converter.gson.GsonStreamingRequestBody,contentType/0,false,40,1,0,0,0,1,0,3,1,0,0,0,0,0,0,0,0,0,0,0,0,0,0,0,0,0,12,1,0,false
/Users/thiago/Documents/Thiago/CodeToAnalyze/retrofit/retrofit-converters/gson/src/main/java/retrofit2/converter/gson/GsonStreamingRequestBody.java,retrofit2.converter.gson.GsonStreamingRequestBody,writeTo/1[retrofit2.converter.gson.BufferedSink],false,45,2,1,0,1,1,1,3,0,0,1,1,0,0,0,0,0,0,0,0,0,0,0,0,0,0,9,1,0,false
/Users/thiago/Documents/Thiago/CodeToAnalyze/retrofit/retrofit-converters/gson/src/main/java/retrofit2/converter/gson/GsonStreamingRequestBody.java,retrofit2.converter.gson.GsonStreamingRequestBody,"GsonStreamingRequestBody/3[retrofit2.converter.gson.Gson,retrofit2.converter.gson.TypeAdapter<T>,T]",true,33,3,0,0,0,1,0,5,0,0,3,0,0,0,0,0,0,0,0,0,3,0,0,0,0,0,7,1,0,false
/Users/thiago/Documents/Thiago/CodeToAnalyze/retrofit/retrofit-adapters/rxjava/src/main/java/retrofit2/adapter/rxjava/BodyOnSubscribe.java,retrofit2.adapter.rxjava.BodyOnSubscribe$BodySubscriber,BodySubscriber/1[retrofit2.adapter.rxjava.Subscriber<? super R>],true,46,1,0,0,0,1,0,4,0,0,1,0,0,0,0,0,0,0,0,0,1,0,0,0,0,0,4,0,0,false
/Users/thiago/Documents/Thiago/CodeToAnalyze/retrofit/retrofit-adapters/rxjava/src/main/java/retrofit2/adapter/rxjava/BodyOnSubscribe.java,retrofit2.adapter.rxjava.BodyOnSubscribe$BodySubscriber,onCompleted/0,false,88,0,0,0,0,2,1,5,0,0,0,1,0,0,0,0,0,0,0,0,0,0,1,0,0,0,4,1,0,false
/Users/thiago/Documents/Thiago/CodeToAnalyze/retrofit/retrofit-adapters/rxjava/src/main/java/retrofit2/adapter/rxjava/BodyOnSubscribe.java,retrofit2.adapter.rxjava.BodyOnSubscribe$BodySubscriber,onError/1[java.lang.Throwable],false,73,0,0,0,0,2,5,10,0,1,1,5,0,0,0,0,0,0,1,0,1,0,1,0,0,0,19,1,0,false
/Users/thiago/Documents/Thiago/CodeToAnalyze/retrofit/retrofit-adapters/rxjava/src/main/java/retrofit2/adapter/rxjava/BodyOnSubscribe.java,retrofit2.adapter.rxjava.BodyOnSubscribe$BodySubscriber,onNext/1[retrofit2.Response<R>],false,52,4,3,0,3,4,8,20,0,2,1,8,0,0,0,0,1,0,0,0,3,0,2,0,0,0,20,1,0,false
/Users/thiago/Documents/Thiago/CodeToAnalyze/retrofit/retrofit-adapters/rxjava3/src/test/java/retrofit2/adapter/rxjava3/AsyncTest.java,retrofit2.adapter.rxjava3.AsyncTest$Anonymous3,onError/1[java.lang.Throwable],false,186,0,0,0,0,1,0,3,0,0,1,0,0,0,0,0,0,0,0,0,0,0,0,0,0,0,5,1,0,false
/Users/thiago/Documents/Thiago/CodeToAnalyze/retrofit/samples/src/main/java/com/example/retrofit/SimpleService.java,com.example.retrofit.SimpleService$Contributor,"Contributor/2[java.lang.String,int]",true,33,0,1,1,0,1,0,4,0,0,2,0,0,0,0,0,0,0,0,0,2,0,0,0,0,0,3,1,0,false
/Users/thiago/Documents/Thiago/CodeToAnalyze/retrofit/retrofit-adapters/rxjava3/src/test/java/retrofit2/adapter/rxjava3/AsyncTest.java,retrofit2.adapter.rxjava3.AsyncTest$Anonymous2,onError/1[java.lang.Throwable],false,161,0,0,0,0,1,1,4,0,0,1,1,0,0,0,0,0,0,0,0,0,0,0,0,0,0,5,1,0,false
/Users/thiago/Documents/Thiago/CodeToAnalyze/retrofit/retrofit/java-test/src/test/java/retrofit2/CallTest.java,retrofit2.CallTest$Anonymous40,toString/0,false,1441,0,1,0,1,1,1,4,0,0,0,1,0,0,0,0,0,0,1,0,0,0,0,0,0,0,6,1,0,false
/Users/thiago/Documents/Thiago/CodeToAnalyze/retrofit/retrofit/java-test/src/test/java/retrofit2/RequestFactoryTest.java,retrofit2.RequestFactoryTest$120Example,"method/1[java.util.Map<java.lang.String,retrofit2.RequestBody>]",false,2389,6,0,0,0,1,0,3,1,0,1,0,0,0,0,0,0,0,1,0,0,0,0,0,0,0,5,0,0,false
/Users/thiago/Documents/Thiago/CodeToAnalyze/retrofit/retrofit-adapters/rxjava3/src/test/java/retrofit2/adapter/rxjava3/ObservableWithSchedulerTest.java,retrofit2.adapter.rxjava3.ObservableWithSchedulerTest$Service,result/0,false,40,3,1,1,0,1,0,1,0,0,0,0,0,0,0,0,0,0,1,0,0,0,0,0,0,0,1,0,0,false
/Users/thiago/Documents/Thiago/CodeToAnalyze/retrofit/retrofit-adapters/rxjava3/src/test/java/retrofit2/adapter/rxjava3/ObservableWithSchedulerTest.java,retrofit2.adapter.rxjava3.ObservableWithSchedulerTest$Service,body/0,false,34,2,1,1,0,1,0,1,0,0,0,0,0,0,0,0,0,0,1,0,0,0,0,0,0,0,1,0,0,false
/Users/thiago/Documents/Thiago/CodeToAnalyze/retrofit/retrofit-adapters/rxjava3/src/test/java/retrofit2/adapter/rxjava3/ObservableWithSchedulerTest.java,retrofit2.adapter.rxjava3.ObservableWithSchedulerTest$Service,response/0,false,37,3,1,1,0,1,0,1,0,0,0,0,0,0,0,0,0,0,1,0,0,0,0,0,0,0,1,0,0,false
/Users/thiago/Documents/Thiago/CodeToAnalyze/retrofit/retrofit-adapters/rxjava3/src/test/java/retrofit2/adapter/rxjava3/AsyncTest.java,retrofit2.adapter.rxjava3.AsyncTest$Anonymous1,onComplete/0,false,130,0,0,0,0,1,0,3,0,0,0,0,0,0,0,0,0,0,0,0,0,0,0,0,0,0,3,1,0,false
/Users/thiago/Documents/Thiago/CodeToAnalyze/retrofit/retrofit-adapters/rxjava/src/test/java/retrofit2/adapter/rxjava/SingleTest.java,retrofit2.adapter.rxjava.SingleTest,responseSuccess200/0,false,110,6,5,0,5,1,10,7,0,1,0,10,0,0,0,0,0,0,2,0,1,0,0,0,0,0,7,1,0,false
/Users/thiago/Documents/Thiago/CodeToAnalyze/retrofit/retrofit-adapters/rxjava/src/test/java/retrofit2/adapter/rxjava/SingleTest.java,retrofit2.adapter.rxjava.SingleTest,responseFailure/0,false,130,6,3,0,3,1,6,6,0,1,0,6,0,0,0,0,0,0,0,0,1,0,0,0,0,0,19,1,0,false
/Users/thiago/Documents/Thiago/CodeToAnalyze/retrofit/retrofit-adapters/rxjava/src/test/java/retrofit2/adapter/rxjava/SingleTest.java,retrofit2.adapter.rxjava.SingleTest,bodyFailure/0,false,82,5,3,0,3,1,6,6,0,1,0,6,0,0,0,0,0,0,0,0,1,0,0,0,0,0,19,1,0,false
/Users/thiago/Documents/Thiago/CodeToAnalyze/retrofit/retrofit-adapters/rxjava/src/test/java/retrofit2/adapter/rxjava/SingleTest.java,retrofit2.adapter.rxjava.SingleTest,resultThrowingInOnNextDeliveredToError/0,false,188,7,3,0,3,1,6,12,0,2,0,6,0,0,0,0,0,0,1,0,2,0,0,1,0,0,16,1,0,false
/Users/thiago/Documents/Thiago/CodeToAnalyze/retrofit/retrofit-adapters/rxjava/src/test/java/retrofit2/adapter/rxjava/SingleTest.java,retrofit2.adapter.rxjava.SingleTest,setUp/0,false,52,6,5,0,5,1,7,4,0,1,0,7,0,0,0,0,0,0,1,0,2,0,0,0,0,0,8,1,0,false
/Users/thiago/Documents/Thiago/CodeToAnalyze/retrofit/retrofit-adapters/rxjava/src/test/java/retrofit2/adapter/rxjava/SingleTest.java,retrofit2.adapter.rxjava.SingleTest,resultSuccess200/0,false,158,7,6,0,6,1,11,7,0,1,0,11,0,0,0,0,0,0,2,0,1,0,0,0,0,0,7,1,0,false
/Users/thiago/Documents/Thiago/CodeToAnalyze/retrofit/retrofit-adapters/rxjava/src/test/java/retrofit2/adapter/rxjava/SingleTest.java,retrofit2.adapter.rxjava.SingleTest,responseSuccess404/0,false,120,6,5,0,5,1,10,7,0,1,0,10,0,0,0,0,0,0,0,2,1,0,0,0,0,0,10,1,0,false
/Users/thiago/Documents/Thiago/CodeToAnalyze/retrofit/retrofit-adapters/rxjava/src/test/java/retrofit2/adapter/rxjava/SingleTest.java,retrofit2.adapter.rxjava.SingleTest,bodySuccess404/0,false,72,6,3,0,3,1,6,6,0,1,0,6,0,0,0,0,0,0,1,1,1,0,0,0,0,0,6,1,0,false
/Users/thiago/Documents/Thiago/CodeToAnalyze/retrofit/retrofit-adapters/rxjava/src/test/java/retrofit2/adapter/rxjava/SingleTest.java,retrofit2.adapter.rxjava.SingleTest,resultSuccess404/0,false,168,7,6,0,6,1,11,7,0,1,0,11,0,0,0,0,0,0,0,2,1,0,0,0,0,0,10,1,0,false
/Users/thiago/Documents/Thiago/CodeToAnalyze/retrofit/retrofit-adapters/rxjava/src/test/java/retrofit2/adapter/rxjava/SingleTest.java,retrofit2.adapter.rxjava.SingleTest,subscribeTwice/0,false,207,6,4,0,4,1,7,11,0,3,0,7,0,0,0,0,0,0,4,0,3,0,0,0,0,0,7,1,0,false
/Users/thiago/Documents/Thiago/CodeToAnalyze/retrofit/retrofit-adapters/rxjava/src/test/java/retrofit2/adapter/rxjava/SingleTest.java,retrofit2.adapter.rxjava.SingleTest,resultFailure/0,false,178,6,5,0,5,1,10,7,0,1,0,10,0,0,0,0,0,0,0,0,1,0,0,0,0,0,21,1,1,false
/Users/thiago/Documents/Thiago/CodeToAnalyze/retrofit/retrofit-adapters/rxjava/src/test/java/retrofit2/adapter/rxjava/SingleTest.java,retrofit2.adapter.rxjava.SingleTest,responseThrowingInOnNextDeliveredToError/0,false,139,7,3,0,3,1,6,12,0,2,0,6,0,0,0,0,0,0,1,0,2,0,0,1,0,0,16,1,0,false
/Users/thiago/Documents/Thiago/CodeToAnalyze/retrofit/retrofit-adapters/rxjava/src/test/java/retrofit2/adapter/rxjava/SingleTest.java,retrofit2.adapter.rxjava.SingleTest,bodySuccess200/0,false,63,5,4,0,4,1,7,6,0,1,0,7,0,0,0,0,0,0,2,0,1,0,0,0,0,0,5,1,0,false
/Users/thiago/Documents/Thiago/CodeToAnalyze/retrofit/retrofit-adapters/rxjava/src/test/java/retrofit2/adapter/rxjava/SingleTest.java,retrofit2.adapter.rxjava.SingleTest,bodyThrowingInOnNextDeliveredToError/0,false,91,6,3,0,3,1,6,12,0,2,0,6,0,0,0,0,0,0,1,0,2,0,0,1,0,0,16,1,0,false
/Users/thiago/Documents/Thiago/CodeToAnalyze/retrofit/retrofit-adapters/java8/src/main/java/retrofit2/adapter/java8/Java8CallAdapterFactory.java,retrofit2.adapter.java8.Java8CallAdapterFactory$BodyCallAdapter$Anonymous1,cancel/1[boolean],false,104,1,1,0,1,2,2,6,1,0,1,2,0,0,0,0,0,0,0,0,0,0,1,0,0,0,5,1,0,false
/Users/thiago/Documents/Thiago/CodeToAnalyze/retrofit/retrofit-adapters/rxjava2/src/test/java/retrofit2/adapter/rxjava2/FlowableTest.java,retrofit2.adapter.rxjava2.FlowableTest,bodySuccess404/0,false,70,6,3,0,3,1,6,6,0,1,0,6,0,0,0,0,0,0,1,1,1,0,0,0,0,0,6,1,0,false
/Users/thiago/Documents/Thiago/CodeToAnalyze/retrofit/retrofit-adapters/rxjava2/src/test/java/retrofit2/adapter/rxjava2/FlowableTest.java,retrofit2.adapter.rxjava2.FlowableTest,resultSuccess200/0,false,118,7,7,0,7,1,12,9,0,2,0,12,0,0,0,0,0,0,0,0,2,0,0,0,0,0,7,1,0,false
/Users/thiago/Documents/Thiago/CodeToAnalyze/retrofit/retrofit-adapters/rxjava2/src/test/java/retrofit2/adapter/rxjava2/FlowableTest.java,retrofit2.adapter.rxjava2.FlowableTest,responseSuccess404/0,false,99,6,5,0,5,1,10,7,0,1,0,10,0,0,0,0,0,0,0,1,1,0,0,0,0,0,7,1,0,false
/Users/thiago/Documents/Thiago/CodeToAnalyze/retrofit/retrofit-adapters/rxjava2/src/test/java/retrofit2/adapter/rxjava2/FlowableTest.java,retrofit2.adapter.rxjava2.FlowableTest,setUp/0,false,50,6,5,0,5,1,7,4,0,1,0,7,0,0,0,0,0,0,1,0,2,0,0,0,0,0,8,1,0,false
/Users/thiago/Documents/Thiago/CodeToAnalyze/retrofit/retrofit-adapters/rxjava2/src/test/java/retrofit2/adapter/rxjava2/FlowableTest.java,retrofit2.adapter.rxjava2.FlowableTest,resultSuccess404/0,false,130,7,7,0,7,1,12,9,0,2,0,12,0,0,0,0,0,0,0,1,2,0,0,0,0,0,7,1,0,false
/Users/thiago/Documents/Thiago/CodeToAnalyze/retrofit/retrofit-adapters/rxjava2/src/test/java/retrofit2/adapter/rxjava2/FlowableTest.java,retrofit2.adapter.rxjava2.FlowableTest,resultFailure/0,false,142,6,6,0,6,1,12,9,0,2,0,12,0,0,0,0,0,0,0,0,2,0,0,0,0,0,21,1,1,false
/Users/thiago/Documents/Thiago/CodeToAnalyze/retrofit/retrofit-adapters/rxjava2/src/test/java/retrofit2/adapter/rxjava2/FlowableTest.java,retrofit2.adapter.rxjava2.FlowableTest,bodyFailure/0,false,80,5,3,0,3,1,6,6,0,1,0,6,0,0,0,0,0,0,0,0,1,0,0,0,0,0,19,1,0,false
/Users/thiago/Documents/Thiago/CodeToAnalyze/retrofit/retrofit-adapters/rxjava2/src/test/java/retrofit2/adapter/rxjava2/FlowableTest.java,retrofit2.adapter.rxjava2.FlowableTest,responseSuccess200/0,false,89,6,5,0,5,1,9,7,0,1,0,9,0,0,0,0,0,0,0,0,1,0,0,0,0,0,7,1,0,false
/Users/thiago/Documents/Thiago/CodeToAnalyze/retrofit/retrofit-adapters/rxjava2/src/test/java/retrofit2/adapter/rxjava2/FlowableTest.java,retrofit2.adapter.rxjava2.FlowableTest,bodySuccess200/0,false,61,5,4,0,4,1,7,6,0,1,0,7,0,0,0,0,0,0,2,0,1,0,0,0,0,0,5,1,0,false
/Users/thiago/Documents/Thiago/CodeToAnalyze/retrofit/retrofit-adapters/rxjava2/src/test/java/retrofit2/adapter/rxjava2/FlowableTest.java,retrofit2.adapter.rxjava2.FlowableTest,subscribeTwice/0,false,154,6,4,0,4,1,7,11,0,3,0,7,0,0,0,0,0,0,4,0,3,0,0,0,0,0,7,1,0,false
/Users/thiago/Documents/Thiago/CodeToAnalyze/retrofit/retrofit-adapters/rxjava2/src/test/java/retrofit2/adapter/rxjava2/FlowableTest.java,retrofit2.adapter.rxjava2.FlowableTest,responseFailure/0,false,109,6,3,0,3,1,6,6,0,1,0,6,0,0,0,0,0,0,0,0,1,0,0,0,0,0,19,1,0,false
/Users/thiago/Documents/Thiago/CodeToAnalyze/retrofit/retrofit-converters/scalars/src/main/java/retrofit2/converter/scalars/ScalarResponseBodyConverters.java,retrofit2.converter.scalars.ScalarResponseBodyConverters$CharacterResponseBodyConverter,convert/1[retrofit2.converter.scalars.ResponseBody],false,56,1,0,0,0,2,3,7,1,1,1,3,0,0,0,1,0,0,1,2,1,1,1,0,0,0,14,1,0,false
/Users/thiago/Documents/Thiago/CodeToAnalyze/retrofit/retrofit-adapters/java8/src/main/java/retrofit2/adapter/java8/Java8CallAdapterFactory.java,retrofit2.adapter.java8.Java8CallAdapterFactory$BodyCallAdapter$Anonymous2,"onResponse/2[retrofit2.Call<R>,retrofit2.Response<R>]",false,115,4,7,0,7,2,4,8,0,0,2,4,0,0,0,0,0,0,0,0,0,0,1,0,0,0,5,1,0,false
/Users/thiago/Documents/Thiago/CodeToAnalyze/retrofit/retrofit-adapters/java8/src/main/java/retrofit2/adapter/java8/Java8CallAdapterFactory.java,retrofit2.adapter.java8.Java8CallAdapterFactory$BodyCallAdapter$Anonymous2,"onFailure/2[retrofit2.Call<R>,java.lang.Throwable]",false,124,2,2,0,2,1,1,3,0,0,2,1,0,0,0,0,0,0,0,0,0,0,0,0,0,0,3,1,0,false
/Users/thiago/Documents/Thiago/CodeToAnalyze/retrofit/retrofit/java-test/src/test/java/retrofit2/RequestFactoryTest.java,retrofit2.RequestFactoryTest$131Example,"method/2[java.lang.String,java.lang.String]",false,2659,5,0,0,0,1,0,3,1,0,2,0,0,0,0,0,0,0,3,0,0,0,0,0,0,0,3,0,0,false
/Users/thiago/Documents/Thiago/CodeToAnalyze/retrofit/retrofit/java-test/src/test/java/retrofit2/RequestFactoryTest.java,retrofit2.RequestFactoryTest$142Example,method/1[java.util.List<java.lang.String>],false,2853,5,0,0,0,1,0,3,1,0,1,0,0,0,0,0,0,0,1,0,0,0,0,0,0,0,3,0,0,false
/Users/thiago/Documents/Thiago/CodeToAnalyze/retrofit/retrofit/java-test/src/test/java/retrofit2/RequestFactoryTest.java,retrofit2.RequestFactoryTest$153Example,"method/2[java.lang.String,java.lang.String]",false,3062,6,0,0,0,1,0,3,1,0,2,0,0,0,0,0,0,0,4,0,0,0,0,0,0,0,5,0,0,false
/Users/thiago/Documents/Thiago/CodeToAnalyze/retrofit/retrofit-adapters/rxjava/src/main/java/retrofit2/adapter/rxjava/RxJavaCallAdapterFactory.java,retrofit2.adapter.rxjava.RxJavaCallAdapterFactory,create/0,false,68,1,9,8,1,1,0,3,1,0,0,0,0,0,0,0,0,0,0,0,0,0,0,0,0,0,20,9,0,true
/Users/thiago/Documents/Thiago/CodeToAnalyze/retrofit/retrofit-adapters/rxjava/src/main/java/retrofit2/adapter/rxjava/RxJavaCallAdapterFactory.java,retrofit2.adapter.rxjava.RxJavaCallAdapterFactory,"get/3[java.lang.reflect.Type,java.lang.annotation.Annotation[],retrofit2.Retrofit]",false,97,10,3,0,3,13,2,38,3,9,3,2,0,0,0,5,0,3,10,3,13,3,2,0,0,0,35,1,0,false
/Users/thiago/Documents/Thiago/CodeToAnalyze/retrofit/retrofit-adapters/rxjava/src/main/java/retrofit2/adapter/rxjava/RxJavaCallAdapterFactory.java,retrofit2.adapter.rxjava.RxJavaCallAdapterFactory,createAsync/0,false,73,1,3,2,1,1,0,3,1,0,0,0,0,0,0,0,0,0,0,0,0,0,0,0,0,0,13,9,0,true
/Users/thiago/Documents/Thiago/CodeToAnalyze/retrofit/retrofit-adapters/rxjava/src/main/java/retrofit2/adapter/rxjava/RxJavaCallAdapterFactory.java,retrofit2.adapter.rxjava.RxJavaCallAdapterFactory,createWithScheduler/1[retrofit2.adapter.rxjava.Scheduler],false,82,2,6,5,1,2,0,4,1,0,1,0,0,0,0,1,0,0,2,0,0,0,1,0,0,0,24,9,0,true
/Users/thiago/Documents/Thiago/CodeToAnalyze/retrofit/retrofit-adapters/rxjava/src/main/java/retrofit2/adapter/rxjava/RxJavaCallAdapterFactory.java,retrofit2.adapter.rxjava.RxJavaCallAdapterFactory,"RxJavaCallAdapterFactory/2[retrofit2.adapter.rxjava.Scheduler,boolean]",true,90,2,3,3,0,1,0,4,0,0,2,0,0,0,0,0,0,0,0,0,2,0,0,0,0,0,9,2,0,false
/Users/thiago/Documents/Thiago/CodeToAnalyze/retrofit/retrofit/android-test/src/androidTest/java/retrofit2/UriAndroidTest.java,retrofit2.UriAndroidTest$Service,method/1[retrofit2.Uri],false,37,5,2,2,0,1,0,1,0,0,1,0,0,0,0,0,0,0,0,0,0,0,0,0,0,0,3,0,0,false
/Users/thiago/Documents/Thiago/CodeToAnalyze/retrofit/retrofit/java-test/src/test/java/retrofit2/RequestFactoryTest.java,retrofit2.RequestFactoryTest$164Example,"queryPath/1[java.util.Map<java.lang.String,java.lang.String>]",false,3249,4,0,0,0,1,0,3,1,0,1,0,0,0,0,0,0,0,1,0,0,0,0,0,0,0,4,0,0,false
/Users/thiago/Documents/Thiago/CodeToAnalyze/retrofit/retrofit-converters/jackson/src/test/java/retrofit2/converter/jackson/JacksonCborConverterFactoryTest.java,retrofit2.converter.jackson.JacksonCborConverterFactoryTest$Service,post/1[retrofit2.converter.jackson.JacksonCborConverterFactoryTest.IntWrapper],false,49,4,1,1,0,1,0,1,0,0,1,0,0,0,0,0,0,0,1,0,0,0,0,0,0,0,4,0,0,false
/Users/thiago/Documents/Thiago/CodeToAnalyze/retrofit/retrofit/src/main/java/retrofit2/ParameterHandler.java,retrofit2.ParameterHandler$Anonymous1,"apply/2[retrofit2.RequestBuilder,java.lang.Iterable<T>]",false,33,4,1,0,1,3,1,6,1,0,2,1,0,0,1,1,0,0,0,0,0,0,1,0,0,0,10,0,0,false
/Users/thiago/Documents/Thiago/CodeToAnalyze/retrofit/retrofit/src/main/java/retrofit2/ParameterHandler.java,retrofit2.ParameterHandler$Anonymous2,"apply/2[retrofit2.RequestBuilder,java.lang.Object]",false,46,4,1,0,1,3,3,6,1,2,2,3,0,0,1,1,0,0,0,1,2,0,1,0,0,0,12,0,0,false
/Users/thiago/Documents/Thiago/CodeToAnalyze/retrofit/retrofit/java-test/src/test/java/retrofit2/RequestFactoryTest.java,retrofit2.RequestFactoryTest$82Example,"method/1[java.util.Map<java.lang.String,java.lang.Object>]",false,1584,4,0,0,0,1,0,3,1,0,1,0,0,0,0,0,0,0,1,0,0,0,0,0,0,0,7,0,0,false
/Users/thiago/Documents/Thiago/CodeToAnalyze/retrofit/retrofit-adapters/rxjava3/src/main/java/retrofit2/adapter/rxjava3/BodyObservable.java,retrofit2.adapter.rxjava3.BodyObservable,BodyObservable/1[retrofit2.adapter.rxjava3.Observable<retrofit2.Response<T>>],true,29,3,0,0,0,1,0,3,0,0,1,0,0,0,0,0,0,0,0,0,1,0,0,0,0,0,3,0,0,false
/Users/thiago/Documents/Thiago/CodeToAnalyze/retrofit/retrofit-adapters/rxjava3/src/main/java/retrofit2/adapter/rxjava3/BodyObservable.java,retrofit2.adapter.rxjava3.BodyObservable,subscribeActual/1[retrofit2.adapter.rxjava3.Observer<? super T>],false,34,2,0,0,0,1,1,3,0,0,1,1,0,0,0,0,0,0,0,0,0,0,0,0,0,0,4,4,0,false
/Users/thiago/Documents/Thiago/CodeToAnalyze/retrofit/retrofit/java-test/src/test/java/retrofit2/RequestFactoryTest.java,retrofit2.RequestFactoryTest$138Example,"method/1[java.util.Map<java.lang.String,java.lang.Object>]",false,2764,5,0,0,0,1,0,3,1,0,1,0,0,0,0,0,0,0,1,0,0,0,0,0,0,0,4,0,0,false
/Users/thiago/Documents/Thiago/CodeToAnalyze/retrofit/retrofit-adapters/scala/src/test/java/retrofit2/adapter/scala/ScalaCallAdapterFactoryTest.java,retrofit2.adapter.scala.ScalaCallAdapterFactoryTest,rawTypeThrows/0,false,84,3,1,0,1,2,6,12,0,1,0,6,0,0,0,0,1,0,1,0,1,0,1,1,0,0,18,1,0,false
/Users/thiago/Documents/Thiago/CodeToAnalyze/retrofit/retrofit-adapters/scala/src/test/java/retrofit2/adapter/scala/ScalaCallAdapterFactoryTest.java,retrofit2.adapter.scala.ScalaCallAdapterFactoryTest,rawResponseTypeThrows/0,false,98,4,1,0,1,2,6,12,0,1,0,6,0,0,0,0,1,0,1,0,1,0,1,1,0,0,18,1,0,false
/Users/thiago/Documents/Thiago/CodeToAnalyze/retrofit/retrofit-adapters/scala/src/test/java/retrofit2/adapter/scala/ScalaCallAdapterFactoryTest.java,retrofit2.adapter.scala.ScalaCallAdapterFactoryTest,setUp/0,false,43,3,3,0,3,1,5,3,0,0,0,5,0,0,0,0,0,0,1,0,1,0,0,0,0,0,7,1,0,false
/Users/thiago/Documents/Thiago/CodeToAnalyze/retrofit/retrofit-adapters/scala/src/test/java/retrofit2/adapter/scala/ScalaCallAdapterFactoryTest.java,retrofit2.adapter.scala.ScalaCallAdapterFactoryTest,nonListenableFutureReturnsNull/0,false,78,3,1,0,1,1,3,4,0,1,0,3,0,0,0,0,0,0,0,0,1,0,0,0,0,0,8,1,0,false
/Users/thiago/Documents/Thiago/CodeToAnalyze/retrofit/retrofit-adapters/scala/src/test/java/retrofit2/adapter/scala/ScalaCallAdapterFactoryTest.java,retrofit2.adapter.scala.ScalaCallAdapterFactoryTest,responseType/0,false,53,6,2,0,2,1,5,32,0,7,0,5,0,0,0,0,0,0,0,0,7,0,0,8,0,0,9,1,0,false
/Users/thiago/Documents/Thiago/CodeToAnalyze/retrofit/retrofit-adapters/scala/src/main/java/retrofit2/adapter/scala/BodyCallAdapter.java,retrofit2.adapter.scala.BodyCallAdapter,adapt/1[retrofit2.Call<T>],false,40,5,2,0,2,1,3,18,1,1,1,3,0,0,0,0,0,0,0,0,1,0,0,1,0,0,11,1,0,false
/Users/thiago/Documents/Thiago/CodeToAnalyze/retrofit/retrofit-adapters/scala/src/main/java/retrofit2/adapter/scala/BodyCallAdapter.java,retrofit2.adapter.scala.BodyCallAdapter,BodyCallAdapter/1[java.lang.reflect.Type],true,30,0,0,0,0,1,0,3,0,0,1,0,0,0,0,0,0,0,0,0,1,0,0,0,0,0,5,0,0,false
/Users/thiago/Documents/Thiago/CodeToAnalyze/retrofit/retrofit-adapters/scala/src/main/java/retrofit2/adapter/scala/BodyCallAdapter.java,retrofit2.adapter.scala.BodyCallAdapter,responseType/0,false,35,0,0,0,0,1,0,3,1,0,0,0,0,0,0,0,0,0,0,0,0,0,0,0,0,0,2,1,0,false
/Users/thiago/Documents/Thiago/CodeToAnalyze/retrofit/retrofit/java-test/src/test/java/retrofit2/RequestFactoryTest.java,retrofit2.RequestFactoryTest$100Example,"method/2[java.lang.String,retrofit2.RequestBody]",false,1920,6,0,0,0,1,0,3,1,0,2,0,0,0,0,0,0,0,0,0,0,0,0,0,0,0,5,0,0,false
/Users/thiago/Documents/Thiago/CodeToAnalyze/retrofit/retrofit/src/main/java/retrofit2/BuiltInConverters.java,retrofit2.BuiltInConverters$RequestBodyConverter,convert/1[retrofit2.RequestBody],false,82,1,0,0,0,1,0,3,1,0,1,0,0,0,0,0,0,0,0,0,0,0,0,0,0,0,4,1,0,false
/Users/thiago/Documents/Thiago/CodeToAnalyze/retrofit/retrofit-adapters/rxjava2/src/test/java/retrofit2/adapter/rxjava2/CancelDisposeTest.java,retrofit2.adapter.rxjava2.CancelDisposeTest$Service,go/0,false,38,2,3,3,0,1,0,1,0,0,0,0,0,0,0,0,0,0,1,0,0,0,0,0,0,0,1,0,0,false
/Users/thiago/Documents/Thiago/CodeToAnalyze/retrofit/retrofit-mock/src/main/java/retrofit2/mock/BehaviorDelegate.java,retrofit2.mock.BehaviorDelegate$CallParameterizedTypeImpl,getOwnerType/0,false,147,1,0,0,0,1,0,3,1,0,0,0,0,0,0,0,0,0,0,0,0,0,0,0,0,0,4,1,0,false
/Users/thiago/Documents/Thiago/CodeToAnalyze/retrofit/retrofit-mock/src/main/java/retrofit2/mock/BehaviorDelegate.java,retrofit2.mock.BehaviorDelegate$CallParameterizedTypeImpl,getActualTypeArguments/0,false,137,0,0,0,0,1,0,3,1,0,0,0,0,0,0,0,0,0,0,0,0,0,0,0,0,0,5,1,0,false
/Users/thiago/Documents/Thiago/CodeToAnalyze/retrofit/retrofit-mock/src/main/java/retrofit2/mock/BehaviorDelegate.java,retrofit2.mock.BehaviorDelegate$CallParameterizedTypeImpl,CallParameterizedTypeImpl/1[java.lang.reflect.Type],true,132,0,1,1,0,1,0,3,0,0,1,0,0,0,0,0,0,0,0,0,1,0,0,0,0,0,5,0,0,false
/Users/thiago/Documents/Thiago/CodeToAnalyze/retrofit/retrofit-mock/src/main/java/retrofit2/mock/BehaviorDelegate.java,retrofit2.mock.BehaviorDelegate$CallParameterizedTypeImpl,getRawType/0,false,142,1,0,0,0,1,0,3,1,0,0,0,0,0,0,0,0,0,0,0,0,0,0,0,0,0,3,1,0,false
/Users/thiago/Documents/Thiago/CodeToAnalyze/retrofit/retrofit-adapters/scala/src/main/java/retrofit2/adapter/scala/ResponseCallAdapter.java,retrofit2.adapter.scala.ResponseCallAdapter$Anonymous1,"onResponse/2[retrofit2.Call<T>,retrofit2.Response<T>]",false,45,3,14,0,14,1,1,3,0,0,2,1,0,0,0,0,0,0,0,0,0,0,0,0,0,0,3,1,0,false
/Users/thiago/Documents/Thiago/CodeToAnalyze/retrofit/retrofit-adapters/scala/src/main/java/retrofit2/adapter/scala/ResponseCallAdapter.java,retrofit2.adapter.scala.ResponseCallAdapter$Anonymous1,"onFailure/2[retrofit2.Call<T>,java.lang.Throwable]",false,50,2,5,0,5,1,1,3,0,0,2,1,0,0,0,0,0,0,0,0,0,0,0,0,0,0,3,1,0,false
/Users/thiago/Documents/Thiago/CodeToAnalyze/retrofit/retrofit-adapters/rxjava/src/test/java/retrofit2/adapter/rxjava/ObservableWithSchedulerTest.java,retrofit2.adapter.rxjava.ObservableWithSchedulerTest$Service,result/0,false,40,3,1,1,0,1,0,1,0,0,0,0,0,0,0,0,0,0,1,0,0,0,0,0,0,0,1,0,0,false
/Users/thiago/Documents/Thiago/CodeToAnalyze/retrofit/retrofit-adapters/rxjava/src/test/java/retrofit2/adapter/rxjava/ObservableWithSchedulerTest.java,retrofit2.adapter.rxjava.ObservableWithSchedulerTest$Service,body/0,false,34,2,1,1,0,1,0,1,0,0,0,0,0,0,0,0,0,0,1,0,0,0,0,0,0,0,1,0,0,false
/Users/thiago/Documents/Thiago/CodeToAnalyze/retrofit/retrofit-adapters/rxjava/src/test/java/retrofit2/adapter/rxjava/ObservableWithSchedulerTest.java,retrofit2.adapter.rxjava.ObservableWithSchedulerTest$Service,response/0,false,37,3,1,1,0,1,0,1,0,0,0,0,0,0,0,0,0,0,1,0,0,0,0,0,0,0,1,0,0,false
/Users/thiago/Documents/Thiago/CodeToAnalyze/retrofit/samples/src/main/java/com/example/retrofit/ChunkingConverter.java,com.example.retrofit.ChunkingConverter$ChunkingConverterFactory$Anonymous1,writeTo/1[com.example.retrofit.BufferedSink],false,80,1,0,0,0,1,1,3,0,0,1,1,0,0,0,0,0,0,0,0,0,0,0,0,0,0,8,1,0,false
/Users/thiago/Documents/Thiago/CodeToAnalyze/retrofit/samples/src/main/java/com/example/retrofit/ChunkingConverter.java,com.example.retrofit.ChunkingConverter$ChunkingConverterFactory$Anonymous1,contentType/0,false,75,1,0,0,0,1,1,3,1,0,0,1,0,0,0,0,0,0,0,0,0,0,0,0,0,0,3,1,0,false
/Users/thiago/Documents/Thiago/CodeToAnalyze/retrofit/retrofit/java-test/src/test/java/retrofit2/RequestFactoryTest.java,retrofit2.RequestFactoryTest$71Example,"method/2[java.lang.String,java.lang.String]",false,1400,5,0,0,0,1,0,3,1,0,2,0,0,0,0,0,0,0,3,0,0,0,0,0,0,0,6,0,0,false
/Users/thiago/Documents/Thiago/CodeToAnalyze/retrofit/retrofit-adapters/rxjava3/src/test/java/retrofit2/adapter/rxjava3/CancelDisposeTestSync.java,retrofit2.adapter.rxjava3.CancelDisposeTestSync$Service,go/0,false,33,2,1,1,0,1,0,1,0,0,0,0,0,0,0,0,0,0,1,0,0,0,0,0,0,0,1,0,0,false
/Users/thiago/Documents/Thiago/CodeToAnalyze/retrofit/retrofit-converters/scalars/src/main/java/retrofit2/converter/scalars/ScalarResponseBodyConverters.java,retrofit2.converter.scalars.ScalarResponseBodyConverters$FloatResponseBodyConverter,convert/1[retrofit2.converter.scalars.ResponseBody],false,79,1,0,0,0,1,2,3,1,0,1,2,0,0,0,0,0,0,0,0,0,0,0,0,0,0,8,1,0,false
/Users/thiago/Documents/Thiago/CodeToAnalyze/retrofit/retrofit/kotlin-test/src/test/java/retrofit2/KotlinSuspendRawTest.java,retrofit2.KotlinSuspendRawTest$Service,body/1[retrofit2.Continuation<? super retrofit2.Response>],false,35,2,1,1,0,1,0,1,0,0,1,0,0,0,0,0,0,0,1,0,0,0,0,0,0,0,4,0,0,false
/Users/thiago/Documents/Thiago/CodeToAnalyze/retrofit/retrofit-adapters/scala/src/test/java/retrofit2/adapter/scala/FutureTest.java,retrofit2.adapter.scala.FutureTest$Service,body/0,false,41,2,3,3,0,1,0,1,0,0,0,0,0,0,0,0,0,0,1,0,0,0,0,0,0,0,1,0,0,false
/Users/thiago/Documents/Thiago/CodeToAnalyze/retrofit/retrofit-adapters/scala/src/test/java/retrofit2/adapter/scala/FutureTest.java,retrofit2.adapter.scala.FutureTest$Service,response/0,false,44,3,3,3,0,1,0,1,0,0,0,0,0,0,0,0,0,0,1,0,0,0,0,0,0,0,1,0,0,false
/Users/thiago/Documents/Thiago/CodeToAnalyze/retrofit/retrofit/java-test/src/test/java/retrofit2/HttpExceptionTest.java,retrofit2.HttpExceptionTest,response/0,false,25,3,5,0,5,1,7,7,0,2,0,7,0,0,0,0,0,0,2,1,2,0,0,0,0,0,6,1,0,false
/Users/thiago/Documents/Thiago/CodeToAnalyze/retrofit/retrofit/java-test/src/test/java/retrofit2/HttpExceptionTest.java,retrofit2.HttpExceptionTest,nullResponseThrows/0,false,34,2,1,0,1,2,4,9,0,0,0,4,0,0,0,0,1,0,1,0,0,0,1,0,0,0,11,1,0,false
/Users/thiago/Documents/Thiago/CodeToAnalyze/retrofit/retrofit/java-test/src/test/java/retrofit2/RequestFactoryTest.java,retrofit2.RequestFactoryTest$15Example,method/1[int],false,340,4,0,0,0,1,0,3,1,0,1,0,0,0,0,0,0,0,2,0,0,0,0,0,0,0,3,0,0,false
/Users/thiago/Documents/Thiago/CodeToAnalyze/retrofit/retrofit-adapters/rxjava/src/test/java/retrofit2/adapter/rxjava/ObservableThrowingSafeSubscriberTest.java,retrofit2.adapter.rxjava.ObservableThrowingSafeSubscriberTest$Service,response/0,false,48,3,3,3,0,1,0,1,0,0,0,0,0,0,0,0,0,0,1,0,0,0,0,0,0,0,1,0,0,false
/Users/thiago/Documents/Thiago/CodeToAnalyze/retrofit/retrofit-adapters/rxjava/src/test/java/retrofit2/adapter/rxjava/ObservableThrowingSafeSubscriberTest.java,retrofit2.adapter.rxjava.ObservableThrowingSafeSubscriberTest$Service,result/0,false,51,3,3,3,0,1,0,1,0,0,0,0,0,0,0,0,0,0,1,0,0,0,0,0,0,0,1,0,0,false
/Users/thiago/Documents/Thiago/CodeToAnalyze/retrofit/retrofit-adapters/rxjava/src/test/java/retrofit2/adapter/rxjava/ObservableThrowingSafeSubscriberTest.java,retrofit2.adapter.rxjava.ObservableThrowingSafeSubscriberTest$Service,body/0,false,45,2,3,3,0,1,0,1,0,0,0,0,0,0,0,0,0,0,1,0,0,0,0,0,0,0,1,0,0,false
/Users/thiago/Documents/Thiago/CodeToAnalyze/retrofit/retrofit/java-test/src/test/java/retrofit2/RequestFactoryTest.java,retrofit2.RequestFactoryTest$93Example,method/0,false,1780,3,0,0,0,1,0,3,1,0,0,0,0,0,0,0,0,0,0,0,0,0,0,0,0,0,2,0,0,false
/Users/thiago/Documents/Thiago/CodeToAnalyze/retrofit/retrofit-adapters/rxjava2/src/test/java/retrofit2/adapter/rxjava2/RecordingSingleObserver.java,retrofit2.adapter.rxjava2.RecordingSingleObserver$Rule,create/0,false,110,2,20,19,1,1,1,5,1,1,0,1,0,0,0,0,0,0,0,0,1,0,0,0,0,0,2,1,0,false
/Users/thiago/Documents/Thiago/CodeToAnalyze/retrofit/retrofit-adapters/rxjava2/src/test/java/retrofit2/adapter/rxjava2/RecordingSingleObserver.java,retrofit2.adapter.rxjava2.RecordingSingleObserver$Rule,"apply/2[retrofit2.adapter.rxjava2.Statement,retrofit2.adapter.rxjava2.Description]",false,117,3,0,0,0,1,0,11,1,0,2,0,0,0,0,0,0,0,0,0,0,0,0,1,0,0,7,1,0,false
/Users/thiago/Documents/Thiago/CodeToAnalyze/retrofit/retrofit-converters/protobuf/src/main/java/retrofit2/converter/protobuf/ProtoConverterFactory.java,retrofit2.converter.protobuf.ProtoConverterFactory,createWithRegistry/1[retrofit2.converter.protobuf.ExtensionRegistryLite],false,45,3,2,1,1,1,0,3,1,0,1,0,0,0,0,0,0,0,0,0,0,0,0,0,0,0,15,9,0,true
/Users/thiago/Documents/Thiago/CodeToAnalyze/retrofit/retrofit-converters/protobuf/src/main/java/retrofit2/converter/protobuf/ProtoConverterFactory.java,retrofit2.converter.protobuf.ProtoConverterFactory,create/0,false,40,1,3,2,1,1,0,3,1,0,0,0,0,0,0,0,0,0,0,0,0,0,0,0,0,0,4,9,0,false
/Users/thiago/Documents/Thiago/CodeToAnalyze/retrofit/retrofit-converters/protobuf/src/main/java/retrofit2/converter/protobuf/ProtoConverterFactory.java,retrofit2.converter.protobuf.ProtoConverterFactory,"requestBodyConverter/4[java.lang.reflect.Type,java.lang.annotation.Annotation[],java.lang.annotation.Annotation[],retrofit2.Retrofit]",false,107,6,0,0,0,3,1,9,3,0,4,1,0,0,0,0,0,1,0,0,0,0,1,0,0,0,8,1,0,false
/Users/thiago/Documents/Thiago/CodeToAnalyze/retrofit/retrofit-converters/protobuf/src/main/java/retrofit2/converter/protobuf/ProtoConverterFactory.java,retrofit2.converter.protobuf.ProtoConverterFactory,"responseBodyConverter/3[java.lang.reflect.Type,java.lang.annotation.Annotation[],retrofit2.Retrofit]",false,69,7,1,1,0,6,7,27,3,4,3,7,0,0,0,0,2,1,4,0,5,1,2,0,0,0,36,1,0,false
/Users/thiago/Documents/Thiago/CodeToAnalyze/retrofit/retrofit-converters/protobuf/src/main/java/retrofit2/converter/protobuf/ProtoConverterFactory.java,retrofit2.converter.protobuf.ProtoConverterFactory,"ProtoConverterFactory/2[retrofit2.converter.protobuf.ExtensionRegistryLite,boolean]",true,52,2,3,3,0,1,0,4,0,0,2,0,0,0,0,0,0,0,0,0,2,0,0,0,0,0,8,2,0,false
/Users/thiago/Documents/Thiago/CodeToAnalyze/retrofit/retrofit-converters/protobuf/src/main/java/retrofit2/converter/protobuf/ProtoConverterFactory.java,retrofit2.converter.protobuf.ProtoConverterFactory,withStreaming/0,false,63,1,2,1,1,1,0,3,1,0,0,0,0,0,0,0,0,0,0,0,0,0,0,0,0,0,36,1,0,true
/Users/thiago/Documents/Thiago/CodeToAnalyze/retrofit/samples/src/main/java/com/example/retrofit/ChunkingConverter.java,com.example.retrofit.ChunkingConverter$Service,sendNormal/1[com.example.retrofit.ChunkingConverter.Repo],false,99,5,1,1,0,1,0,1,0,0,1,0,0,0,0,0,0,0,1,0,0,0,0,0,0,0,4,0,0,false
/Users/thiago/Documents/Thiago/CodeToAnalyze/retrofit/samples/src/main/java/com/example/retrofit/ChunkingConverter.java,com.example.retrofit.ChunkingConverter$Service,sendChunked/1[com.example.retrofit.ChunkingConverter.Repo],false,102,6,1,1,0,1,0,1,0,0,1,0,0,0,0,0,0,0,1,0,0,0,0,0,0,0,4,0,0,false
/Users/thiago/Documents/Thiago/CodeToAnalyze/retrofit/retrofit/java-test/src/test/java/retrofit2/RequestFactoryTest.java,retrofit2.RequestFactoryTest$111Example,method/1[MultipartBody.Part],false,2145,6,0,0,0,1,0,3,1,0,1,0,0,0,0,0,0,0,2,0,0,0,0,0,0,0,5,0,0,false
/Users/thiago/Documents/Thiago/CodeToAnalyze/retrofit/samples/src/main/java/com/example/retrofit/Crawler.java,com.example.retrofit.Crawler$PageService,get/1[com.example.retrofit.HttpUrl],false,123,5,1,1,0,1,0,1,0,0,1,0,0,0,0,0,0,0,0,0,0,0,0,0,0,0,4,0,0,false
/Users/thiago/Documents/Thiago/CodeToAnalyze/retrofit/retrofit-adapters/rxjava/src/test/java/retrofit2/adapter/rxjava/CancelDisposeTest.java,retrofit2.adapter.rxjava.CancelDisposeTest$Service,go/0,false,38,2,2,2,0,1,0,1,0,0,0,0,0,0,0,0,0,0,1,0,0,0,0,0,0,0,1,0,0,false
/Users/thiago/Documents/Thiago/CodeToAnalyze/retrofit/retrofit-converters/jaxb/src/test/java/retrofit2/converter/jaxb/JaxbConverterFactoryTest.java,retrofit2.converter.jaxb.JaxbConverterFactoryTest$Service,postXml/1[retrofit2.converter.jaxb.Contact],false,51,4,2,2,0,1,0,1,0,0,1,0,0,0,0,0,0,0,1,0,0,0,0,0,0,0,4,0,0,false
/Users/thiago/Documents/Thiago/CodeToAnalyze/retrofit/retrofit-converters/jaxb/src/test/java/retrofit2/converter/jaxb/JaxbConverterFactoryTest.java,retrofit2.converter.jaxb.JaxbConverterFactoryTest$Service,getXml/0,false,54,3,6,6,0,1,0,1,0,0,0,0,0,0,0,0,0,0,1,0,0,0,0,0,0,0,2,0,0,false
/Users/thiago/Documents/Thiago/CodeToAnalyze/retrofit/retrofit/src/main/java/retrofit2/Callback.java,retrofit2.Callback,"onFailure/2[retrofit2.Call<T>,java.lang.Throwable]",false,41,2,0,0,0,1,0,1,0,0,2,0,0,0,0,0,0,0,0,0,0,0,0,0,0,0,19,0,0,true
/Users/thiago/Documents/Thiago/CodeToAnalyze/retrofit/retrofit/src/main/java/retrofit2/Callback.java,retrofit2.Callback,"onResponse/2[retrofit2.Call<T>,retrofit2.Response<T>]",false,33,3,0,0,0,1,0,1,0,0,2,0,0,0,0,0,0,0,0,0,0,0,0,0,0,0,25,0,0,true
/Users/thiago/Documents/Thiago/CodeToAnalyze/retrofit/retrofit-converters/jackson/src/test/java/retrofit2/converter/jackson/JacksonConverterFactoryTest.java,retrofit2.converter.jackson.JacksonConverterFactoryTest$AnInterfaceSerializer,AnInterfaceSerializer/0,true,73,1,1,1,0,1,0,3,0,0,0,0,0,0,0,0,0,0,0,0,0,0,0,0,0,0,3,0,0,false
/Users/thiago/Documents/Thiago/CodeToAnalyze/retrofit/retrofit-converters/jackson/src/test/java/retrofit2/converter/jackson/JacksonConverterFactoryTest.java,retrofit2.converter.jackson.JacksonConverterFactoryTest$AnInterfaceSerializer,"serialize/3[retrofit2.converter.jackson.JacksonConverterFactoryTest.AnInterface,retrofit2.converter.jackson.JsonGenerator,retrofit2.converter.jackson.SerializerProvider]",false,80,3,1,0,1,1,5,6,0,0,3,5,0,0,0,0,0,0,1,0,0,0,0,0,0,0,8,1,0,false
/Users/thiago/Documents/Thiago/CodeToAnalyze/retrofit/retrofit-mock/src/main/java/retrofit2/mock/BehaviorDelegate.java,retrofit2.mock.BehaviorDelegate,parseServiceMethodAdapterInfo/1[java.lang.reflect.Method],false,98,4,2,0,2,8,5,30,3,8,1,5,0,0,0,3,1,1,0,5,9,1,6,0,0,0,54,10,0,true
/Users/thiago/Documents/Thiago/CodeToAnalyze/retrofit/retrofit-mock/src/main/java/retrofit2/mock/BehaviorDelegate.java,retrofit2.mock.BehaviorDelegate,"BehaviorDelegate/4[retrofit2.Retrofit,retrofit2.mock.NetworkBehavior,java.util.concurrent.ExecutorService,java.lang.Class<T>]",true,47,3,0,0,0,1,0,6,0,0,4,0,0,0,0,0,0,0,0,0,4,0,0,0,0,0,7,0,0,false
/Users/thiago/Documents/Thiago/CodeToAnalyze/retrofit/retrofit-mock/src/main/java/retrofit2/mock/BehaviorDelegate.java,retrofit2.mock.BehaviorDelegate,returningResponse/1[java.lang.Object],false,54,4,2,0,2,1,2,3,1,0,1,2,0,0,0,0,0,0,0,0,0,0,0,0,0,0,5,1,0,false
/Users/thiago/Documents/Thiago/CodeToAnalyze/retrofit/retrofit-mock/src/main/java/retrofit2/mock/BehaviorDelegate.java,retrofit2.mock.BehaviorDelegate,returning/1[retrofit2.Call<R>],false,59,9,4,0,4,4,9,21,4,10,1,9,0,0,0,0,1,0,1,1,7,1,2,0,0,1,18,1,0,false
/Users/thiago/Documents/Thiago/CodeToAnalyze/retrofit/retrofit/src/main/java/retrofit2/CompletableFutureCallAdapterFactory.java,retrofit2.CompletableFutureCallAdapterFactory$ResponseCallAdapter$ResponseCallback,ResponseCallback/1[java.util.concurrent.CompletableFuture<retrofit2.Response<R>>],true,125,2,0,0,0,1,0,3,0,0,1,0,0,0,0,0,0,0,0,0,1,0,0,0,0,0,3,1,0,false
/Users/thiago/Documents/Thiago/CodeToAnalyze/retrofit/retrofit/src/main/java/retrofit2/CompletableFutureCallAdapterFactory.java,retrofit2.CompletableFutureCallAdapterFactory$ResponseCallAdapter$ResponseCallback,"onResponse/2[retrofit2.Call<R>,retrofit2.Response<R>]",false,130,3,0,0,0,1,1,3,0,0,2,1,0,0,0,0,0,0,0,0,0,0,0,0,0,0,3,1,0,false
/Users/thiago/Documents/Thiago/CodeToAnalyze/retrofit/retrofit/src/main/java/retrofit2/CompletableFutureCallAdapterFactory.java,retrofit2.CompletableFutureCallAdapterFactory$ResponseCallAdapter$ResponseCallback,"onFailure/2[retrofit2.Call<R>,java.lang.Throwable]",false,135,2,0,0,0,1,1,3,0,0,2,1,0,0,0,0,0,0,0,0,0,0,0,0,0,0,3,1,0,false
/Users/thiago/Documents/Thiago/CodeToAnalyze/retrofit/retrofit/java-test/src/test/java/retrofit2/RequestFactoryTest.java,retrofit2.RequestFactoryTest$166Example,"queryPath/1[java.util.Map<java.lang.String,java.lang.String>]",false,3297,5,0,0,0,1,0,3,1,0,1,0,0,0,0,0,0,0,1,0,0,0,0,0,0,0,4,0,0,false
/Users/thiago/Documents/Thiago/CodeToAnalyze/retrofit/retrofit-converters/scalars/src/test/java/retrofit2/converter/scalars/ScalarsConverterFactoryTest.java,retrofit2.converter.scalars.ScalarsConverterFactoryTest,supportedResponseTypes/0,false,310,5,27,0,27,3,34,45,0,9,0,34,0,0,0,0,2,0,14,6,9,0,1,0,0,0,30,1,0,false
/Users/thiago/Documents/Thiago/CodeToAnalyze/retrofit/retrofit-converters/scalars/src/test/java/retrofit2/converter/scalars/ScalarsConverterFactoryTest.java,retrofit2.converter.scalars.ScalarsConverterFactoryTest,setUp/0,false,128,5,4,0,4,1,6,4,0,1,0,6,0,0,0,0,0,0,1,0,2,0,0,0,0,0,5,1,0,false
/Users/thiago/Documents/Thiago/CodeToAnalyze/retrofit/retrofit-converters/scalars/src/test/java/retrofit2/converter/scalars/ScalarsConverterFactoryTest.java,retrofit2.converter.scalars.ScalarsConverterFactoryTest,supportedRequestTypes/0,false,162,4,17,0,17,1,25,105,0,1,0,25,0,0,0,0,0,0,86,12,17,0,0,0,0,0,21,1,0,false
/Users/thiago/Documents/Thiago/CodeToAnalyze/retrofit/retrofit-converters/scalars/src/test/java/retrofit2/converter/scalars/ScalarsConverterFactoryTest.java,retrofit2.converter.scalars.ScalarsConverterFactoryTest,unsupportedRequestTypesNotMatched/0,false,138,2,1,0,1,2,6,10,0,0,0,6,0,0,0,0,1,0,9,0,0,2,1,0,0,0,21,1,0,false
/Users/thiago/Documents/Thiago/CodeToAnalyze/retrofit/retrofit-converters/scalars/src/test/java/retrofit2/converter/scalars/ScalarsConverterFactoryTest.java,retrofit2.converter.scalars.ScalarsConverterFactoryTest,unsupportedResponseTypesNotMatched/0,false,286,2,1,0,1,2,6,10,0,0,0,6,0,0,0,0,1,0,9,0,0,2,1,0,0,0,19,1,0,false
/Users/thiago/Documents/Thiago/CodeToAnalyze/retrofit/samples/src/main/java/com/example/retrofit/JsonAndXmlConverters.java,com.example.retrofit.JsonAndXmlConverters$Service,exampleXml/0,false,106,4,1,1,0,1,0,1,0,0,0,0,0,0,0,0,0,0,1,0,0,0,0,0,0,0,2,0,0,false
/Users/thiago/Documents/Thiago/CodeToAnalyze/retrofit/samples/src/main/java/com/example/retrofit/JsonAndXmlConverters.java,com.example.retrofit.JsonAndXmlConverters$Service,exampleJson/0,false,102,4,1,1,0,1,0,1,0,0,0,0,0,0,0,0,0,0,1,0,0,0,0,0,0,0,2,0,0,false
/Users/thiago/Documents/Thiago/CodeToAnalyze/retrofit/retrofit-converters/jackson/src/test/java/retrofit2/converter/jackson/JacksonConverterFactoryTest.java,retrofit2.converter.jackson.JacksonConverterFactoryTest$ErroringValueSerializer,ErroringValueSerializer/0,true,122,1,1,1,0,1,0,3,0,0,0,0,0,0,0,0,0,0,0,0,0,0,0,0,0,0,3,0,0,false
/Users/thiago/Documents/Thiago/CodeToAnalyze/retrofit/retrofit-converters/jackson/src/test/java/retrofit2/converter/jackson/JacksonConverterFactoryTest.java,retrofit2.converter.jackson.JacksonConverterFactoryTest$ErroringValueSerializer,"serialize/3[retrofit2.converter.jackson.JacksonConverterFactoryTest.ErroringValue,retrofit2.converter.jackson.JsonGenerator,retrofit2.converter.jackson.SerializerProvider]",false,131,3,0,0,0,1,0,3,0,0,3,0,0,0,0,0,0,0,1,0,0,0,0,0,0,0,10,1,0,false
/Users/thiago/Documents/Thiago/CodeToAnalyze/retrofit/retrofit/java-test/src/test/java/retrofit2/RequestFactoryTest.java,retrofit2.RequestFactoryTest$26Example,"method/1[java.util.Map<java.lang.String,java.lang.String>]",false,550,4,0,0,0,1,0,3,1,0,1,0,0,0,0,0,0,0,1,0,0,0,0,0,0,0,3,0,0,false
/Users/thiago/Documents/Thiago/CodeToAnalyze/retrofit/retrofit-adapters/rxjava3/src/test/java/retrofit2/adapter/rxjava3/MaybeThrowingTest.java,retrofit2.adapter.rxjava3.MaybeThrowingTest,responseThrowingInOnErrorDeliveredToPlugin/0,false,156,8,2,0,2,2,12,24,0,6,0,12,0,0,0,0,0,0,0,0,5,0,2,1,0,1,37,1,0,false
/Users/thiago/Documents/Thiago/CodeToAnalyze/retrofit/retrofit-adapters/rxjava3/src/test/java/retrofit2/adapter/rxjava3/MaybeThrowingTest.java,retrofit2.adapter.rxjava3.MaybeThrowingTest,resultThrowingInOnSuccessDeliveredToPlugin/0,false,189,7,2,0,2,2,11,19,0,4,0,11,0,0,0,0,0,0,0,0,3,0,2,1,0,1,20,1,0,false
/Users/thiago/Documents/Thiago/CodeToAnalyze/retrofit/retrofit-adapters/rxjava3/src/test/java/retrofit2/adapter/rxjava3/MaybeThrowingTest.java,retrofit2.adapter.rxjava3.MaybeThrowingTest,responseThrowingInOnSuccessDeliveredToPlugin/0,false,129,7,2,0,2,2,11,19,0,4,0,11,0,0,0,0,0,0,0,0,3,0,2,1,0,1,20,1,0,false
/Users/thiago/Documents/Thiago/CodeToAnalyze/retrofit/retrofit-adapters/rxjava3/src/test/java/retrofit2/adapter/rxjava3/MaybeThrowingTest.java,retrofit2.adapter.rxjava3.MaybeThrowingTest,setUp/0,false,58,6,5,0,5,1,7,4,0,1,0,7,0,0,0,0,0,0,1,0,2,0,0,0,0,0,8,1,0,false
/Users/thiago/Documents/Thiago/CodeToAnalyze/retrofit/retrofit-adapters/rxjava3/src/test/java/retrofit2/adapter/rxjava3/MaybeThrowingTest.java,retrofit2.adapter.rxjava3.MaybeThrowingTest,bodyThrowingInOnSuccessDeliveredToPlugin/0,false,69,6,2,0,2,2,11,19,0,4,0,11,0,0,0,0,0,0,0,0,3,0,2,1,0,1,20,1,0,false
/Users/thiago/Documents/Thiago/CodeToAnalyze/retrofit/retrofit-adapters/rxjava3/src/test/java/retrofit2/adapter/rxjava3/MaybeThrowingTest.java,retrofit2.adapter.rxjava3.MaybeThrowingTest,bodyThrowingInOnErrorDeliveredToPlugin/0,false,96,7,2,0,2,2,12,24,0,6,0,12,0,0,0,0,0,0,0,1,5,0,2,1,0,1,23,1,0,false
/Users/thiago/Documents/Thiago/CodeToAnalyze/retrofit/retrofit-adapters/rxjava3/src/test/java/retrofit2/adapter/rxjava3/MaybeThrowingTest.java,retrofit2.adapter.rxjava3.MaybeThrowingTest,resultThrowingInOnErrorDeliveredToPlugin/0,false,217,9,2,0,2,2,11,24,0,6,0,11,0,0,0,0,0,0,1,0,5,0,2,1,0,1,35,1,0,false
/Users/thiago/Documents/Thiago/CodeToAnalyze/retrofit/retrofit/java-test/src/test/java/retrofit2/RequestFactoryTest.java,retrofit2.RequestFactoryTest$60Example,method/1[java.lang.String],false,1215,4,0,0,0,1,0,3,1,0,1,0,0,0,0,0,0,0,2,0,0,0,0,0,0,0,7,0,0,false
/Users/thiago/Documents/Thiago/CodeToAnalyze/retrofit/retrofit/java-test/src/test/java/retrofit2/RequestFactoryTest.java,retrofit2.RequestFactoryTest$65Example,"method/3[java.lang.String,java.lang.String,java.lang.String]",false,1287,5,0,0,0,1,0,3,1,0,3,0,0,0,0,0,0,0,4,0,0,0,0,0,0,0,6,0,0,false
/Users/thiago/Documents/Thiago/CodeToAnalyze/retrofit/retrofit-adapters/rxjava2/src/test/java/retrofit2/adapter/rxjava2/RxJavaPluginsResetRule.java,retrofit2.adapter.rxjava2.RxJavaPluginsResetRule,"apply/2[retrofit2.adapter.rxjava2.Statement,retrofit2.adapter.rxjava2.Description]",false,25,3,0,0,0,1,0,14,1,0,2,0,0,0,0,0,0,0,0,0,0,0,0,1,0,0,5,1,0,false
/Users/thiago/Documents/Thiago/CodeToAnalyze/retrofit/retrofit/src/main/java/retrofit2/OptionalConverterFactory.java,retrofit2.OptionalConverterFactory,create/0,false,40,1,1,0,1,1,0,3,1,0,0,0,0,0,0,0,0,0,0,0,0,0,0,0,0,0,4,9,0,false
/Users/thiago/Documents/Thiago/CodeToAnalyze/retrofit/retrofit/src/main/java/retrofit2/OptionalConverterFactory.java,retrofit2.OptionalConverterFactory,OptionalConverterFactory/0,true,44,0,2,2,0,1,0,2,0,0,0,0,0,0,0,0,0,0,0,0,0,0,0,0,0,0,3,0,0,false
/Users/thiago/Documents/Thiago/CodeToAnalyze/retrofit/retrofit/src/main/java/retrofit2/OptionalConverterFactory.java,retrofit2.OptionalConverterFactory,"responseBodyConverter/3[java.lang.reflect.Type,java.lang.annotation.Annotation[],retrofit2.Retrofit]",false,48,6,3,0,3,2,3,8,2,2,3,3,0,0,0,1,0,0,0,1,2,0,1,0,0,0,15,1,0,false
/Users/thiago/Documents/Thiago/CodeToAnalyze/retrofit/retrofit-adapters/rxjava/src/test/java/retrofit2/adapter/rxjava/RxJavaPluginsResetRule.java,retrofit2.adapter.rxjava.RxJavaPluginsResetRule,"apply/2[retrofit2.adapter.rxjava.Statement,retrofit2.adapter.rxjava.Description]",false,26,3,0,0,0,1,0,14,1,0,2,0,0,0,0,0,0,0,0,0,0,0,0,1,0,0,5,1,0,false
/Users/thiago/Documents/Thiago/CodeToAnalyze/retrofit/retrofit/java-test/src/test/java/retrofit2/InvocationTest.java,retrofit2.InvocationTest,invocationCorrectlyIdentifiesServiceMethodInvocation/0,false,64,10,9,0,9,1,19,12,0,5,0,19,0,0,0,0,0,0,8,0,5,0,0,0,0,0,20,1,0,false
/Users/thiago/Documents/Thiago/CodeToAnalyze/retrofit/retrofit/java-test/src/test/java/retrofit2/InvocationTest.java,retrofit2.InvocationTest,nullArguments/0,false,116,3,1,0,1,2,6,9,0,0,0,6,0,0,0,0,1,0,1,1,0,0,1,0,0,0,10,1,0,false
/Users/thiago/Documents/Thiago/CodeToAnalyze/retrofit/retrofit/java-test/src/test/java/retrofit2/InvocationTest.java,retrofit2.InvocationTest,deprecatedNullMethod/0,false,126,2,1,0,1,2,6,9,0,0,0,6,0,0,0,0,1,0,3,0,0,0,1,0,0,0,9,1,0,false
/Users/thiago/Documents/Thiago/CodeToAnalyze/retrofit/retrofit/java-test/src/test/java/retrofit2/InvocationTest.java,retrofit2.InvocationTest,deprecatedNullArguments/0,false,136,3,1,0,1,2,6,9,0,0,0,6,0,0,0,0,1,0,1,1,0,0,1,0,0,0,9,1,0,false
/Users/thiago/Documents/Thiago/CodeToAnalyze/retrofit/retrofit/java-test/src/test/java/retrofit2/InvocationTest.java,retrofit2.InvocationTest,invocationObjectOnCallAndRequestTag/0,false,45,9,7,0,7,1,16,11,0,6,0,16,0,0,0,0,0,0,8,0,6,0,0,0,0,0,22,1,0,false
/Users/thiago/Documents/Thiago/CodeToAnalyze/retrofit/retrofit/java-test/src/test/java/retrofit2/InvocationTest.java,retrofit2.InvocationTest,nullMethod/0,false,106,2,1,0,1,2,6,9,0,0,0,6,0,0,0,0,1,0,3,0,0,0,1,0,0,0,10,1,0,false
/Users/thiago/Documents/Thiago/CodeToAnalyze/retrofit/retrofit/java-test/src/test/java/retrofit2/InvocationTest.java,retrofit2.InvocationTest,nullService/0,false,84,2,1,0,1,2,7,9,0,0,0,7,0,0,0,0,1,0,3,1,0,0,1,0,0,0,10,1,0,false
/Users/thiago/Documents/Thiago/CodeToAnalyze/retrofit/retrofit/java-test/src/test/java/retrofit2/InvocationTest.java,retrofit2.InvocationTest,argumentsAreImmutable/0,false,146,3,2,0,2,2,9,12,0,2,0,9,0,0,0,0,1,0,5,1,2,0,1,0,0,0,14,1,0,false
/Users/thiago/Documents/Thiago/CodeToAnalyze/retrofit/retrofit/java-test/src/test/java/retrofit2/InvocationTest.java,retrofit2.InvocationTest,nullInstance/0,false,95,2,1,0,1,2,7,9,0,0,0,7,0,0,0,0,1,0,3,1,0,0,1,0,0,0,9,1,0,false
/Users/thiago/Documents/Thiago/CodeToAnalyze/retrofit/retrofit/java-test/src/test/java/retrofit2/RequestFactoryTest.java,retrofit2.RequestFactoryTest$116Example,method/1[java.util.List<java.lang.String>],false,2283,5,0,0,0,1,0,3,1,0,1,0,0,0,0,0,0,0,2,0,0,0,0,0,0,0,5,0,0,false
/Users/thiago/Documents/Thiago/CodeToAnalyze/retrofit/retrofit-converters/moshi/src/main/java/retrofit2/converter/moshi/MoshiResponseBodyConverter.java,retrofit2.converter.moshi.MoshiResponseBodyConverter,MoshiResponseBodyConverter/1[retrofit2.converter.moshi.JsonAdapter<T>],true,32,1,0,0,0,1,0,3,0,0,1,0,0,0,0,0,0,0,0,0,1,0,0,0,0,0,5,0,0,false
/Users/thiago/Documents/Thiago/CodeToAnalyze/retrofit/retrofit-converters/moshi/src/main/java/retrofit2/converter/moshi/MoshiResponseBodyConverter.java,retrofit2.converter.moshi.MoshiResponseBodyConverter,convert/1[retrofit2.converter.moshi.ResponseBody],false,37,5,0,0,0,3,8,17,1,3,1,8,0,0,0,1,1,0,1,1,3,0,2,0,0,0,20,1,0,false
/Users/thiago/Documents/Thiago/CodeToAnalyze/retrofit/retrofit-adapters/rxjava3/src/test/java/retrofit2/adapter/rxjava3/SingleTest.java,retrofit2.adapter.rxjava3.SingleTest$Service,result/0,false,43,3,3,3,0,1,0,1,0,0,0,0,0,0,0,0,0,0,1,0,0,0,0,0,0,0,1,0,0,false
/Users/thiago/Documents/Thiago/CodeToAnalyze/retrofit/retrofit-adapters/rxjava3/src/test/java/retrofit2/adapter/rxjava3/SingleTest.java,retrofit2.adapter.rxjava3.SingleTest$Service,body/0,false,37,2,4,4,0,1,0,1,0,0,0,0,0,0,0,0,0,0,1,0,0,0,0,0,0,0,1,0,0,false
/Users/thiago/Documents/Thiago/CodeToAnalyze/retrofit/retrofit-adapters/rxjava3/src/test/java/retrofit2/adapter/rxjava3/SingleTest.java,retrofit2.adapter.rxjava3.SingleTest$Service,response/0,false,40,3,3,3,0,1,0,1,0,0,0,0,0,0,0,0,0,0,1,0,0,0,0,0,0,0,1,0,0,false
/Users/thiago/Documents/Thiago/CodeToAnalyze/retrofit/retrofit-adapters/rxjava/src/test/java/retrofit2/adapter/rxjava/SingleTest.java,retrofit2.adapter.rxjava.SingleTest$Service,body/0,false,39,2,5,5,0,1,0,1,0,0,0,0,0,0,0,0,0,0,1,0,0,0,0,0,0,0,1,0,0,false
/Users/thiago/Documents/Thiago/CodeToAnalyze/retrofit/retrofit-adapters/rxjava/src/test/java/retrofit2/adapter/rxjava/SingleTest.java,retrofit2.adapter.rxjava.SingleTest$Service,response/0,false,42,3,4,4,0,1,0,1,0,0,0,0,0,0,0,0,0,0,1,0,0,0,0,0,0,0,1,0,0,false
/Users/thiago/Documents/Thiago/CodeToAnalyze/retrofit/retrofit-adapters/rxjava/src/test/java/retrofit2/adapter/rxjava/SingleTest.java,retrofit2.adapter.rxjava.SingleTest$Service,result/0,false,45,3,4,4,0,1,0,1,0,0,0,0,0,0,0,0,0,0,1,0,0,0,0,0,0,0,1,0,0,false
/Users/thiago/Documents/Thiago/CodeToAnalyze/retrofit/retrofit-adapters/rxjava2/src/main/java/retrofit2/adapter/rxjava2/CallExecuteObservable.java,retrofit2.adapter.rxjava2.CallExecuteObservable$CallDisposable,dispose/0,false,78,1,1,0,1,1,1,4,0,0,0,1,0,0,0,0,0,0,0,0,1,0,0,0,0,0,3,1,0,false
/Users/thiago/Documents/Thiago/CodeToAnalyze/retrofit/retrofit-adapters/rxjava2/src/main/java/retrofit2/adapter/rxjava2/CallExecuteObservable.java,retrofit2.adapter.rxjava2.CallExecuteObservable$CallDisposable,CallDisposable/1[retrofit2.Call<?>],true,73,1,1,1,0,1,0,3,0,0,1,0,0,0,0,0,0,0,0,0,1,0,0,0,0,0,3,0,0,false
/Users/thiago/Documents/Thiago/CodeToAnalyze/retrofit/retrofit-adapters/rxjava2/src/main/java/retrofit2/adapter/rxjava2/CallExecuteObservable.java,retrofit2.adapter.rxjava2.CallExecuteObservable$CallDisposable,isDisposed/0,false,84,0,1,1,0,1,0,3,1,0,0,0,0,0,0,0,0,0,0,0,0,0,0,0,0,0,3,1,0,false
/Users/thiago/Documents/Thiago/CodeToAnalyze/retrofit/retrofit-adapters/rxjava3/src/test/java/retrofit2/adapter/rxjava3/FlowableThrowingTest.java,retrofit2.adapter.rxjava3.FlowableThrowingTest$ForwardingSubscriber,onNext/1[T],false,323,1,0,0,0,1,1,3,0,0,1,1,0,0,0,0,0,0,0,0,0,0,0,0,0,0,4,1,0,false
/Users/thiago/Documents/Thiago/CodeToAnalyze/retrofit/retrofit-adapters/rxjava3/src/test/java/retrofit2/adapter/rxjava3/FlowableThrowingTest.java,retrofit2.adapter.rxjava3.FlowableThrowingTest$ForwardingSubscriber,onError/1[java.lang.Throwable],false,328,0,0,0,0,1,1,3,0,0,1,1,0,0,0,0,0,0,0,0,0,0,0,0,0,0,4,1,0,false
/Users/thiago/Documents/Thiago/CodeToAnalyze/retrofit/retrofit-adapters/rxjava3/src/test/java/retrofit2/adapter/rxjava3/FlowableThrowingTest.java,retrofit2.adapter.rxjava3.FlowableThrowingTest$ForwardingSubscriber,onSubscribe/1[retrofit2.adapter.rxjava3.Subscription],false,318,1,0,0,0,1,1,3,0,0,1,1,0,0,0,0,0,0,0,0,0,0,0,0,0,0,4,1,0,false
/Users/thiago/Documents/Thiago/CodeToAnalyze/retrofit/retrofit-adapters/rxjava3/src/test/java/retrofit2/adapter/rxjava3/FlowableThrowingTest.java,retrofit2.adapter.rxjava3.FlowableThrowingTest$ForwardingSubscriber,ForwardingSubscriber/1[retrofit2.adapter.rxjava3.Subscriber<T>],true,313,1,0,0,0,1,0,3,0,0,1,0,0,0,0,0,0,0,0,0,1,0,0,0,0,0,3,0,0,false
/Users/thiago/Documents/Thiago/CodeToAnalyze/retrofit/retrofit-adapters/rxjava3/src/test/java/retrofit2/adapter/rxjava3/FlowableThrowingTest.java,retrofit2.adapter.rxjava3.FlowableThrowingTest$ForwardingSubscriber,onComplete/0,false,333,0,0,0,0,1,1,3,0,0,0,1,0,0,0,0,0,0,0,0,0,0,0,0,0,0,2,1,0,false
/Users/thiago/Documents/Thiago/CodeToAnalyze/retrofit/retrofit/java-test/src/test/java/retrofit2/RetrofitTest.java,retrofit2.RetrofitTest,callAdapterFactoryQueriedCanDelegateTwiceWithoutRecursion/0,false,1400,6,7,0,7,1,8,40,0,10,0,8,0,0,0,0,0,0,1,1,10,0,0,4,0,0,33,1,0,false
/Users/thiago/Documents/Thiago/CodeToAnalyze/retrofit/retrofit/java-test/src/test/java/retrofit2/RetrofitTest.java,retrofit2.RetrofitTest,methodAnnotationsPassedToCallAdapter/0,false,450,9,8,0,8,1,10,14,0,4,0,10,0,0,0,0,0,0,1,0,4,0,0,0,1,0,18,1,0,false
/Users/thiago/Documents/Thiago/CodeToAnalyze/retrofit/retrofit/java-test/src/test/java/retrofit2/RetrofitTest.java,retrofit2.RetrofitTest,callbackExecutorUsedForSuccess/0,false,1559,8,5,0,5,1,15,27,0,8,0,15,0,0,0,0,0,0,1,5,7,0,1,1,0,1,30,1,0,false
/Users/thiago/Documents/Thiago/CodeToAnalyze/retrofit/retrofit/java-test/src/test/java/retrofit2/RetrofitTest.java,retrofit2.RetrofitTest,callFactoryDefault/0,false,933,4,5,0,5,1,5,4,0,1,0,5,0,0,0,0,0,0,1,0,1,0,0,0,0,0,7,1,0,false
/Users/thiago/Documents/Thiago/CodeToAnalyze/retrofit/retrofit/java-test/src/test/java/retrofit2/RetrofitTest.java,retrofit2.RetrofitTest,callFactoryThrowingPropagates/0,false,994,9,6,0,6,2,10,18,0,6,0,10,0,0,0,0,1,0,2,0,5,0,1,0,0,1,19,1,0,false
/Users/thiago/Documents/Thiago/CodeToAnalyze/retrofit/retrofit/java-test/src/test/java/retrofit2/RetrofitTest.java,retrofit2.RetrofitTest,baseUrlNullThrows/0,false,860,4,4,0,4,3,6,16,0,0,0,6,0,0,0,0,2,0,2,0,0,0,1,0,0,0,12,1,0,false
/Users/thiago/Documents/Thiago/CodeToAnalyze/retrofit/retrofit/java-test/src/test/java/retrofit2/RetrofitTest.java,retrofit2.RetrofitTest,validateEagerlyFailsAtCreation/0,false,357,5,4,0,4,2,9,10,0,1,0,9,0,0,0,0,1,0,2,0,1,0,1,0,0,0,18,1,0,false
/Users/thiago/Documents/Thiago/CodeToAnalyze/retrofit/retrofit/java-test/src/test/java/retrofit2/RetrofitTest.java,retrofit2.RetrofitTest,customCallAdapterMissingThrows/0,false,474,5,5,0,5,2,10,12,0,2,0,10,0,0,0,0,1,0,9,0,2,2,1,0,0,0,24,1,0,false
/Users/thiago/Documents/Thiago/CodeToAnalyze/retrofit/retrofit/java-test/src/test/java/retrofit2/RetrofitTest.java,retrofit2.RetrofitTest,voidOutgoingAllowed/0,false,684,8,7,0,7,1,11,7,0,3,0,11,0,0,0,0,0,0,2,0,3,0,0,0,0,0,16,1,0,false
/Users/thiago/Documents/Thiago/CodeToAnalyze/retrofit/retrofit/java-test/src/test/java/retrofit2/RetrofitTest.java,retrofit2.RetrofitTest,missingConverterThrowsOnNonResponseBody/0,false,645,6,5,0,5,2,12,13,0,2,0,12,0,0,0,0,1,0,10,0,2,2,1,0,0,0,28,1,0,false
/Users/thiago/Documents/Thiago/CodeToAnalyze/retrofit/retrofit/java-test/src/test/java/retrofit2/RetrofitTest.java,retrofit2.RetrofitTest,stringConverterReturningNullResultsInDefault/0,false,598,9,6,0,6,1,10,14,0,4,0,10,0,0,0,0,0,0,1,0,4,0,0,0,1,0,22,1,0,false
/Users/thiago/Documents/Thiago/CodeToAnalyze/retrofit/retrofit/java-test/src/test/java/retrofit2/RetrofitTest.java,retrofit2.RetrofitTest,cloneSharesStatefulInstances/0,false,234,9,13,0,13,1,20,35,0,10,0,20,0,0,0,0,0,0,1,2,9,2,1,4,0,1,28,1,0,false
/Users/thiago/Documents/Thiago/CodeToAnalyze/retrofit/retrofit/java-test/src/test/java/retrofit2/RetrofitTest.java,retrofit2.RetrofitTest,callFactoryPropagated/0,false,939,6,5,0,5,1,6,8,0,3,0,6,0,0,0,0,0,0,1,0,2,0,1,0,0,1,10,1,0,false
/Users/thiago/Documents/Thiago/CodeToAnalyze/retrofit/retrofit/java-test/src/test/java/retrofit2/RetrofitTest.java,retrofit2.RetrofitTest,objectMethodsStillWork/0,false,179,5,4,0,4,1,11,7,0,2,0,11,0,0,0,0,0,0,3,1,2,0,0,0,0,0,11,1,0,false
/Users/thiago/Documents/Thiago/CodeToAnalyze/retrofit/retrofit/java-test/src/test/java/retrofit2/RetrofitTest.java,retrofit2.RetrofitTest,baseJavaUrlPropagated/0,false,916,4,5,0,5,1,6,5,0,2,0,6,0,0,0,0,0,0,2,0,2,0,0,0,0,0,14,1,0,false
/Users/thiago/Documents/Thiago/CodeToAnalyze/retrofit/retrofit/java-test/src/test/java/retrofit2/RetrofitTest.java,retrofit2.RetrofitTest,callAdapterFactoryDefault/0,false,1296,4,5,0,5,1,5,4,0,1,0,5,0,0,0,0,0,0,1,0,1,0,0,0,0,0,8,1,0,false
/Users/thiago/Documents/Thiago/CodeToAnalyze/retrofit/retrofit/java-test/src/test/java/retrofit2/RetrofitTest.java,retrofit2.RetrofitTest,customCallAdapter/0,false,417,8,7,0,7,1,9,21,0,2,0,9,0,0,0,0,0,0,2,0,2,0,0,0,1,0,14,1,0,false
/Users/thiago/Documents/Thiago/CodeToAnalyze/retrofit/retrofit/java-test/src/test/java/retrofit2/RetrofitTest.java,retrofit2.RetrofitTest,platformAwareAdapterAbsentInCloneBuilder/0,false,1531,3,4,0,4,1,7,4,0,1,0,7,0,0,0,0,0,0,1,1,1,0,0,0,0,0,11,1,0,false
/Users/thiago/Documents/Thiago/CodeToAnalyze/retrofit/retrofit/java-test/src/test/java/retrofit2/RetrofitTest.java,retrofit2.RetrofitTest,responseBodyIncomingAllowed/0,false,710,9,5,0,5,1,17,9,0,4,0,17,0,0,0,0,0,0,6,0,4,0,0,0,0,0,17,1,0,false
/Users/thiago/Documents/Thiago/CodeToAnalyze/retrofit/retrofit/java-test/src/test/java/retrofit2/RetrofitTest.java,retrofit2.RetrofitTest,unresolvableParameterTypeThrows/0,false,787,6,10,0,10,6,14,39,0,2,0,14,0,0,0,0,5,0,13,0,2,5,1,0,0,0,29,1,0,false
/Users/thiago/Documents/Thiago/CodeToAnalyze/retrofit/retrofit/java-test/src/test/java/retrofit2/RetrofitTest.java,retrofit2.RetrofitTest,callCallAdapterAddedByDefault/0,false,372,5,5,0,5,1,7,5,0,2,0,7,0,0,0,0,0,0,1,0,2,0,0,0,0,0,12,1,0,false
/Users/thiago/Documents/Thiago/CodeToAnalyze/retrofit/retrofit/java-test/src/test/java/retrofit2/RetrofitTest.java,retrofit2.RetrofitTest,methodAnnotationsPassedToResponseBodyConverter/0,false,499,8,7,0,7,1,9,14,0,4,0,9,0,0,0,0,0,0,1,0,4,0,0,0,1,0,17,1,0,false
/Users/thiago/Documents/Thiago/CodeToAnalyze/retrofit/retrofit/java-test/src/test/java/retrofit2/RetrofitTest.java,retrofit2.RetrofitTest,methodAndParameterAnnotationsPassedToRequestBodyConverter/0,false,522,9,7,0,7,1,9,16,0,4,0,9,0,0,0,0,0,0,1,0,4,0,0,0,1,0,20,1,0,false
/Users/thiago/Documents/Thiago/CodeToAnalyze/retrofit/retrofit/java-test/src/test/java/retrofit2/RetrofitTest.java,retrofit2.RetrofitTest,responseConverterFactoryQueried/0,false,1155,7,7,0,7,1,6,17,0,4,0,6,0,0,0,0,0,0,1,1,4,0,0,2,0,0,22,1,0,false
/Users/thiago/Documents/Thiago/CodeToAnalyze/retrofit/retrofit/java-test/src/test/java/retrofit2/RetrofitTest.java,retrofit2.RetrofitTest,voidResponsesArePooled/0,false,695,7,6,0,6,1,12,10,0,2,0,12,0,0,0,0,0,0,3,2,2,0,0,0,0,0,14,1,0,false
/Users/thiago/Documents/Thiago/CodeToAnalyze/retrofit/retrofit/java-test/src/test/java/retrofit2/RetrofitTest.java,retrofit2.RetrofitTest,responseTypeCannotBeOkHttpResponse/0,false,309,5,5,0,5,2,9,11,0,2,0,9,0,0,0,0,1,0,3,0,2,1,1,0,0,0,28,1,0,false
/Users/thiago/Documents/Thiago/CodeToAnalyze/retrofit/retrofit/java-test/src/test/java/retrofit2/RetrofitTest.java,retrofit2.RetrofitTest,callbackExecutorPropagated/0,false,1548,4,6,0,6,1,6,8,0,3,0,6,0,0,0,0,0,0,1,0,2,0,1,0,0,1,11,1,0,false
/Users/thiago/Documents/Thiago/CodeToAnalyze/retrofit/retrofit/java-test/src/test/java/retrofit2/RetrofitTest.java,retrofit2.RetrofitTest,responseTypeCannotBeRetrofitResponse/0,false,293,5,5,0,5,2,9,11,0,2,0,9,0,0,0,0,1,0,3,0,2,1,1,0,0,0,22,1,0,false
/Users/thiago/Documents/Thiago/CodeToAnalyze/retrofit/retrofit/java-test/src/test/java/retrofit2/RetrofitTest.java,retrofit2.RetrofitTest,callAdapterFactoryQueriedCanDelegate/0,false,1355,6,7,0,7,1,8,29,0,6,0,8,0,0,0,0,0,0,1,1,6,0,0,3,0,0,26,1,0,false
/Users/thiago/Documents/Thiago/CodeToAnalyze/retrofit/retrofit/java-test/src/test/java/retrofit2/RetrofitTest.java,retrofit2.RetrofitTest,interfaceWithExtend/0,false,205,6,4,0,4,1,11,7,0,3,0,11,0,0,0,0,0,0,3,0,3,0,0,0,0,0,15,1,0,false
/Users/thiago/Documents/Thiago/CodeToAnalyze/retrofit/retrofit/java-test/src/test/java/retrofit2/RetrofitTest.java,retrofit2.RetrofitTest,argumentCapture/0,false,1686,8,8,0,8,1,15,21,0,7,0,15,0,0,0,0,0,0,7,6,7,0,0,0,0,0,33,1,0,true
/Users/thiago/Documents/Thiago/CodeToAnalyze/retrofit/retrofit/java-test/src/test/java/retrofit2/RetrofitTest.java,retrofit2.RetrofitTest,callAdapterFactoryDelegateNoMatchThrows/0,false,1491,6,8,0,8,2,9,18,0,6,0,9,0,0,0,0,1,0,10,1,6,1,1,0,0,0,30,1,0,false
/Users/thiago/Documents/Thiago/CodeToAnalyze/retrofit/retrofit/java-test/src/test/java/retrofit2/RetrofitTest.java,retrofit2.RetrofitTest,callbackExecutorUsedForFailure/0,false,1596,8,5,0,5,1,16,27,0,8,0,16,0,0,0,0,0,0,1,5,7,0,1,1,0,1,42,1,0,false
/Users/thiago/Documents/Thiago/CodeToAnalyze/retrofit/retrofit/java-test/src/test/java/retrofit2/RetrofitTest.java,retrofit2.RetrofitTest,requestConverterFactorySkippedNoMatchThrows/0,false,1119,5,7,0,7,2,10,16,0,5,0,10,0,0,0,0,1,0,9,1,5,1,1,0,0,0,29,1,0,false
/Users/thiago/Documents/Thiago/CodeToAnalyze/retrofit/retrofit/java-test/src/test/java/retrofit2/RetrofitTest.java,retrofit2.RetrofitTest,skippedCallbackExecutorNotUsedForSuccess/0,false,1633,8,5,0,5,1,10,18,0,6,0,10,0,0,0,0,0,0,1,2,5,0,0,1,0,1,31,1,0,false
/Users/thiago/Documents/Thiago/CodeToAnalyze/retrofit/retrofit/java-test/src/test/java/retrofit2/RetrofitTest.java,retrofit2.RetrofitTest,callFactoryClientPropagated/0,false,950,5,5,0,5,1,6,5,0,2,0,6,0,0,0,0,0,0,1,0,2,0,0,0,0,0,11,1,0,false
/Users/thiago/Documents/Thiago/CodeToAnalyze/retrofit/retrofit/java-test/src/test/java/retrofit2/RetrofitTest.java,retrofit2.RetrofitTest,callbackExecutorNullThrows/0,false,1538,3,3,0,3,2,5,9,0,0,0,5,0,0,0,0,1,0,1,0,0,0,1,0,0,0,11,1,0,false
/Users/thiago/Documents/Thiago/CodeToAnalyze/retrofit/retrofit/java-test/src/test/java/retrofit2/RetrofitTest.java,retrofit2.RetrofitTest,baseHttpUrlPropagated/0,false,909,5,4,0,4,1,6,5,0,2,0,6,0,0,0,0,0,0,1,0,2,0,0,0,0,0,9,1,0,false
/Users/thiago/Documents/Thiago/CodeToAnalyze/retrofit/retrofit/java-test/src/test/java/retrofit2/RetrofitTest.java,retrofit2.RetrofitTest,builtInConvertersFirstInClone/0,false,1034,4,7,0,7,1,6,10,0,2,0,6,0,0,0,0,0,0,1,1,2,0,0,1,0,0,21,1,0,false
/Users/thiago/Documents/Thiago/CodeToAnalyze/retrofit/retrofit/java-test/src/test/java/retrofit2/RetrofitTest.java,retrofit2.RetrofitTest,converterFactoryDefault/0,false,1026,6,5,0,5,1,7,6,0,2,0,7,0,0,0,0,0,0,1,2,2,0,0,0,0,0,8,1,0,false
/Users/thiago/Documents/Thiago/CodeToAnalyze/retrofit/retrofit/java-test/src/test/java/retrofit2/RetrofitTest.java,retrofit2.RetrofitTest,responseConverterFactorySkippedNoMatchThrows/0,false,1214,5,7,0,7,2,10,16,0,5,0,10,0,0,0,0,1,0,9,1,5,1,1,0,0,0,29,1,0,false
/Users/thiago/Documents/Thiago/CodeToAnalyze/retrofit/retrofit/java-test/src/test/java/retrofit2/RetrofitTest.java,retrofit2.RetrofitTest,parameterAnnotationsPassedToStringConverter/0,false,552,8,7,0,7,1,9,14,0,4,0,9,0,0,0,0,0,0,1,0,4,0,0,0,1,0,17,1,0,false
/Users/thiago/Documents/Thiago/CodeToAnalyze/retrofit/retrofit/java-test/src/test/java/retrofit2/RetrofitTest.java,retrofit2.RetrofitTest,callAdapterFactoryNoMatchThrows/0,false,1460,5,7,0,7,2,9,14,0,4,0,9,0,0,0,0,1,0,7,1,4,1,1,0,0,0,25,1,0,false
/Users/thiago/Documents/Thiago/CodeToAnalyze/retrofit/retrofit/java-test/src/test/java/retrofit2/RetrofitTest.java,retrofit2.RetrofitTest,callAdapterFactoryNullThrows/0,false,1286,3,3,0,3,2,5,9,0,0,0,5,0,0,0,0,1,0,1,0,0,0,1,0,0,0,12,1,0,false
/Users/thiago/Documents/Thiago/CodeToAnalyze/retrofit/retrofit/java-test/src/test/java/retrofit2/RetrofitTest.java,retrofit2.RetrofitTest,callAdapterFactoryPropagated/0,false,1302,5,7,0,7,1,6,10,0,2,0,6,0,0,0,0,0,0,1,0,2,0,0,1,0,0,13,1,0,false
/Users/thiago/Documents/Thiago/CodeToAnalyze/retrofit/retrofit/java-test/src/test/java/retrofit2/RetrofitTest.java,retrofit2.RetrofitTest,requestConverterFactoryQueried/0,false,1058,7,7,0,7,1,6,17,0,4,0,6,0,0,0,0,0,0,1,2,4,0,0,2,0,0,22,1,0,false
/Users/thiago/Documents/Thiago/CodeToAnalyze/retrofit/retrofit/java-test/src/test/java/retrofit2/RetrofitTest.java,retrofit2.RetrofitTest,requestConverterFactoryNoMatchThrows/0,false,1088,5,7,0,7,2,9,14,0,4,0,9,0,0,0,0,1,0,7,1,4,1,1,0,0,0,26,1,0,false
/Users/thiago/Documents/Thiago/CodeToAnalyze/retrofit/retrofit/java-test/src/test/java/retrofit2/RetrofitTest.java,retrofit2.RetrofitTest,baseUrlStringPropagated/0,false,902,5,5,0,5,1,6,5,0,2,0,6,0,0,0,0,0,0,2,0,2,0,0,0,0,0,9,1,0,false
/Users/thiago/Documents/Thiago/CodeToAnalyze/retrofit/retrofit/java-test/src/test/java/retrofit2/RetrofitTest.java,retrofit2.RetrofitTest,builtInConvertersAbsentInCloneBuilder/0,false,286,3,4,0,4,1,7,4,0,1,0,7,0,0,0,0,0,0,1,1,1,0,0,0,0,0,10,1,0,false
/Users/thiago/Documents/Thiago/CodeToAnalyze/retrofit/retrofit/java-test/src/test/java/retrofit2/RetrofitTest.java,retrofit2.RetrofitTest,callAdapterFactoryQueried/0,false,1321,6,7,0,7,1,6,20,0,4,0,6,0,0,0,0,0,0,1,1,4,0,0,2,0,0,20,1,0,false
/Users/thiago/Documents/Thiago/CodeToAnalyze/retrofit/retrofit/java-test/src/test/java/retrofit2/RetrofitTest.java,retrofit2.RetrofitTest,voidReturnTypeNotAllowed/0,false,325,5,5,0,5,2,9,11,0,2,0,9,0,0,0,0,1,0,2,0,2,0,1,0,0,0,20,1,0,false
/Users/thiago/Documents/Thiago/CodeToAnalyze/retrofit/retrofit/java-test/src/test/java/retrofit2/RetrofitTest.java,retrofit2.RetrofitTest,interfaceWithTypeParameterThrows/0,false,189,6,4,0,4,2,10,11,0,1,0,10,0,0,0,0,1,0,3,0,1,0,1,0,0,0,20,1,0,false
/Users/thiago/Documents/Thiago/CodeToAnalyze/retrofit/retrofit/java-test/src/test/java/retrofit2/RetrofitTest.java,retrofit2.RetrofitTest,stringConverterFactoryQueried/0,false,1250,6,7,0,7,1,6,17,0,4,0,6,0,0,0,0,0,0,1,1,4,0,0,2,0,0,19,1,0,false
/Users/thiago/Documents/Thiago/CodeToAnalyze/retrofit/retrofit/java-test/src/test/java/retrofit2/RetrofitTest.java,retrofit2.RetrofitTest,missingConverterThrowsOnNonRequestBody/0,false,620,5,5,0,5,2,10,12,0,2,0,10,0,0,0,0,1,0,10,0,2,2,1,0,0,0,28,1,0,false
/Users/thiago/Documents/Thiago/CodeToAnalyze/retrofit/retrofit/java-test/src/test/java/retrofit2/RetrofitTest.java,retrofit2.RetrofitTest,callFactoryUsed/0,false,958,7,4,0,4,1,12,13,1,5,0,12,0,0,0,0,0,0,1,0,4,0,1,0,0,1,23,1,0,false
/Users/thiago/Documents/Thiago/CodeToAnalyze/retrofit/retrofit/java-test/src/test/java/retrofit2/RetrofitTest.java,retrofit2.RetrofitTest,baseUrlRequired/0,false,850,3,3,0,3,2,5,9,0,0,0,5,0,0,0,0,1,0,1,0,0,0,1,0,0,0,13,1,0,false
/Users/thiago/Documents/Thiago/CodeToAnalyze/retrofit/retrofit/java-test/src/test/java/retrofit2/RetrofitTest.java,retrofit2.RetrofitTest,annotationParsingFailureObservedByWaitingThreads/0,false,1722,6,6,0,6,3,20,61,0,14,0,20,0,0,0,0,2,0,2,6,14,0,2,1,0,2,44,1,0,false
/Users/thiago/Documents/Thiago/CodeToAnalyze/retrofit/retrofit/java-test/src/test/java/retrofit2/RetrofitTest.java,retrofit2.RetrofitTest,validateEagerlyDisabledByDefault/0,false,340,4,3,0,3,1,4,4,0,1,0,4,0,0,0,0,0,0,1,0,1,0,0,0,0,0,7,1,0,false
/Users/thiago/Documents/Thiago/CodeToAnalyze/retrofit/retrofit/java-test/src/test/java/retrofit2/RetrofitTest.java,retrofit2.RetrofitTest,stringConverterCalledForString/0,false,576,9,6,0,6,1,10,14,0,4,0,10,0,0,0,0,0,0,1,0,4,0,0,0,1,0,19,1,0,false
/Users/thiago/Documents/Thiago/CodeToAnalyze/retrofit/retrofit/java-test/src/test/java/retrofit2/RetrofitTest.java,retrofit2.RetrofitTest,interfaceWithExtendWithTypeParameterThrows/0,false,216,6,4,0,4,2,10,11,0,1,0,10,0,0,0,0,1,0,4,0,1,1,1,0,0,0,24,1,0,false
/Users/thiago/Documents/Thiago/CodeToAnalyze/retrofit/retrofit/java-test/src/test/java/retrofit2/RetrofitTest.java,retrofit2.RetrofitTest,baseUrlNoTrailingSlashThrows/0,false,885,4,4,0,4,3,7,17,0,1,0,7,0,0,0,0,2,0,4,0,1,0,1,0,0,0,18,1,0,false
/Users/thiago/Documents/Thiago/CodeToAnalyze/retrofit/retrofit/java-test/src/test/java/retrofit2/RetrofitTest.java,retrofit2.RetrofitTest,responseConverterFactoryNoMatchThrows/0,false,1183,5,7,0,7,2,9,14,0,4,0,9,0,0,0,0,1,0,7,1,4,1,1,0,0,0,26,1,0,false
/Users/thiago/Documents/Thiago/CodeToAnalyze/retrofit/retrofit/java-test/src/test/java/retrofit2/RetrofitTest.java,retrofit2.RetrofitTest,requestBodyOutgoingAllowed/0,false,673,8,5,0,5,1,12,7,0,3,0,12,0,0,0,0,0,0,3,0,3,0,0,0,0,0,17,1,0,false
/Users/thiago/Documents/Thiago/CodeToAnalyze/retrofit/retrofit/java-test/src/test/java/retrofit2/RetrofitTest.java,retrofit2.RetrofitTest,callCallCustomAdapter/0,false,379,7,6,0,6,1,10,27,0,4,0,10,0,0,0,0,0,0,1,0,4,0,0,0,1,0,17,1,0,false
/Users/thiago/Documents/Thiago/CodeToAnalyze/retrofit/retrofit/java-test/src/test/java/retrofit2/RetrofitTest.java,retrofit2.RetrofitTest,callFactoryReturningNullThrows/0,false,976,9,6,0,6,2,11,14,0,5,0,11,0,0,0,0,1,0,2,0,4,0,1,0,0,1,23,1,0,false
/Users/thiago/Documents/Thiago/CodeToAnalyze/retrofit/retrofit/java-test/src/test/java/retrofit2/RetrofitTest.java,retrofit2.RetrofitTest,unresolvableResponseTypeThrows/0,false,724,6,10,0,10,6,14,39,0,2,0,14,0,0,0,0,5,0,13,0,2,5,1,0,0,0,27,1,0,false
/Users/thiago/Documents/Thiago/CodeToAnalyze/retrofit/retrofit/java-test/src/test/java/retrofit2/RetrofitTest.java,retrofit2.RetrofitTest,converterFactoryPropagated/0,false,1278,5,7,0,7,1,6,7,0,2,0,6,0,0,0,0,0,0,1,0,2,0,0,1,0,0,8,1,0,false
/Users/thiago/Documents/Thiago/CodeToAnalyze/retrofit/retrofit/java-test/src/test/java/retrofit2/RetrofitTest.java,retrofit2.RetrofitTest,skippedCallbackExecutorNotUsedForFailure/0,false,1659,8,5,0,5,1,11,18,0,6,0,11,0,0,0,0,0,0,1,2,5,0,0,1,0,1,43,1,0,false
/Users/thiago/Documents/Thiago/CodeToAnalyze/retrofit/retrofit/java-test/src/test/java/retrofit2/RetrofitTest.java,retrofit2.RetrofitTest,converterNullThrows/0,false,1016,3,3,0,3,2,5,9,0,0,0,5,0,0,0,0,1,0,1,0,0,0,1,0,0,0,10,1,0,false
/Users/thiago/Documents/Thiago/CodeToAnalyze/retrofit/retrofit/java-test/src/test/java/retrofit2/RetrofitTest.java,retrofit2.RetrofitTest,baseUrlInvalidThrows/0,false,876,2,2,0,2,2,2,8,0,0,0,2,0,0,0,0,1,0,1,0,0,0,1,0,0,0,10,1,0,false
/Users/thiago/Documents/Thiago/CodeToAnalyze/retrofit/retrofit/java-test/src/test/java/retrofit2/RetrofitTest.java,retrofit2.RetrofitTest,validateEagerlyDisabledByUser/0,false,348,4,3,0,3,1,5,4,0,1,0,5,0,0,0,0,0,0,1,0,1,0,0,0,0,0,8,1,0,false
/Users/thiago/Documents/Thiago/CodeToAnalyze/retrofit/retrofit/java-test/src/test/java/retrofit2/RetrofitTest.java,retrofit2.RetrofitTest,clientNullThrows/0,false,923,3,3,0,3,2,5,9,0,0,0,5,0,0,0,0,1,0,1,0,0,0,1,0,0,0,10,1,0,false
/Users/thiago/Documents/Thiago/CodeToAnalyze/retrofit/retrofit-adapters/rxjava/src/test/java/retrofit2/adapter/rxjava/ObservableThrowingSafeSubscriberTest.java,retrofit2.adapter.rxjava.ObservableThrowingSafeSubscriberTest,bodyThrowingInOnErrorDeliveredToPlugin/0,false,122,8,2,0,2,1,12,28,0,5,0,12,0,0,0,0,0,0,0,1,5,0,0,2,0,0,29,1,0,false
/Users/thiago/Documents/Thiago/CodeToAnalyze/retrofit/retrofit-adapters/rxjava/src/test/java/retrofit2/adapter/rxjava/ObservableThrowingSafeSubscriberTest.java,retrofit2.adapter.rxjava.ObservableThrowingSafeSubscriberTest,resultThrowingInOnNextDeliveredToError/0,false,251,7,3,0,3,1,5,12,0,2,0,5,0,0,0,0,0,0,0,0,2,0,0,1,0,0,16,1,0,false
/Users/thiago/Documents/Thiago/CodeToAnalyze/retrofit/retrofit-adapters/rxjava/src/test/java/retrofit2/adapter/rxjava/ObservableThrowingSafeSubscriberTest.java,retrofit2.adapter.rxjava.ObservableThrowingSafeSubscriberTest,bodyThrowingInOnCompleteDeliveredToPlugin/0,false,88,7,3,0,3,1,11,24,0,3,0,11,0,0,0,0,0,0,0,0,3,0,0,2,0,0,28,1,0,false
/Users/thiago/Documents/Thiago/CodeToAnalyze/retrofit/retrofit-adapters/rxjava/src/test/java/retrofit2/adapter/rxjava/ObservableThrowingSafeSubscriberTest.java,retrofit2.adapter.rxjava.ObservableThrowingSafeSubscriberTest,resultThrowingInOnErrorDeliveredToPlugin/0,false,304,9,2,0,2,1,11,28,0,5,0,11,0,0,0,0,0,0,0,0,5,0,0,2,0,0,31,1,0,false
/Users/thiago/Documents/Thiago/CodeToAnalyze/retrofit/retrofit-adapters/rxjava/src/test/java/retrofit2/adapter/rxjava/ObservableThrowingSafeSubscriberTest.java,retrofit2.adapter.rxjava.ObservableThrowingSafeSubscriberTest,bodyThrowingInOnNextDeliveredToError/0,false,69,6,3,0,3,1,5,12,0,2,0,5,0,0,0,0,0,0,0,0,2,0,0,1,0,0,16,1,0,false
/Users/thiago/Documents/Thiago/CodeToAnalyze/retrofit/retrofit-adapters/rxjava/src/test/java/retrofit2/adapter/rxjava/ObservableThrowingSafeSubscriberTest.java,retrofit2.adapter.rxjava.ObservableThrowingSafeSubscriberTest,responseThrowingInOnErrorDeliveredToPlugin/0,false,213,9,2,0,2,1,12,28,0,5,0,12,0,0,0,0,0,0,0,0,5,0,0,2,0,0,43,1,0,false
/Users/thiago/Documents/Thiago/CodeToAnalyze/retrofit/retrofit-adapters/rxjava/src/test/java/retrofit2/adapter/rxjava/ObservableThrowingSafeSubscriberTest.java,retrofit2.adapter.rxjava.ObservableThrowingSafeSubscriberTest,resultThrowingInOnCompletedDeliveredToPlugin/0,false,270,8,3,0,3,1,11,24,0,3,0,11,0,0,0,0,0,0,0,0,3,0,0,2,0,0,27,1,0,false
/Users/thiago/Documents/Thiago/CodeToAnalyze/retrofit/retrofit-adapters/rxjava/src/test/java/retrofit2/adapter/rxjava/ObservableThrowingSafeSubscriberTest.java,retrofit2.adapter.rxjava.ObservableThrowingSafeSubscriberTest,setUp/0,false,58,6,5,0,5,1,7,4,0,1,0,7,0,0,0,0,0,0,1,0,2,0,0,0,0,0,8,1,0,false
/Users/thiago/Documents/Thiago/CodeToAnalyze/retrofit/retrofit-adapters/rxjava/src/test/java/retrofit2/adapter/rxjava/ObservableThrowingSafeSubscriberTest.java,retrofit2.adapter.rxjava.ObservableThrowingSafeSubscriberTest,responseThrowingInOnNextDeliveredToError/0,false,160,7,3,0,3,1,5,12,0,2,0,5,0,0,0,0,0,0,0,0,2,0,0,1,0,0,16,1,0,false
/Users/thiago/Documents/Thiago/CodeToAnalyze/retrofit/retrofit-adapters/rxjava/src/test/java/retrofit2/adapter/rxjava/ObservableThrowingSafeSubscriberTest.java,retrofit2.adapter.rxjava.ObservableThrowingSafeSubscriberTest,responseThrowingInOnCompleteDeliveredToPlugin/0,false,179,8,3,0,3,1,11,24,0,3,0,11,0,0,0,0,0,0,0,0,3,0,0,2,0,0,28,1,0,false
/Users/thiago/Documents/Thiago/CodeToAnalyze/retrofit/retrofit/src/main/java/retrofit2/BuiltInConverters.java,retrofit2.BuiltInConverters$ToStringConverter,convert/1[java.lang.Object],false,116,0,0,0,0,1,1,3,1,0,1,1,0,0,0,0,0,0,0,0,0,0,0,0,0,0,3,1,0,false
/Users/thiago/Documents/Thiago/CodeToAnalyze/retrofit/retrofit-adapters/rxjava3/src/test/java/retrofit2/adapter/rxjava3/ObservableTest.java,retrofit2.adapter.rxjava3.ObservableTest$Service,body/0,false,38,2,5,5,0,1,0,1,0,0,0,0,0,0,0,0,0,0,1,0,0,0,0,0,0,0,1,0,0,false
/Users/thiago/Documents/Thiago/CodeToAnalyze/retrofit/retrofit-adapters/rxjava3/src/test/java/retrofit2/adapter/rxjava3/ObservableTest.java,retrofit2.adapter.rxjava3.ObservableTest$Service,result/0,false,44,3,3,3,0,1,0,1,0,0,0,0,0,0,0,0,0,0,1,0,0,0,0,0,0,0,1,0,0,false
/Users/thiago/Documents/Thiago/CodeToAnalyze/retrofit/retrofit-adapters/rxjava3/src/test/java/retrofit2/adapter/rxjava3/ObservableTest.java,retrofit2.adapter.rxjava3.ObservableTest$Service,response/0,false,41,3,3,3,0,1,0,1,0,0,0,0,0,0,0,0,0,0,1,0,0,0,0,0,0,0,1,0,0,false
/Users/thiago/Documents/Thiago/CodeToAnalyze/retrofit/retrofit-adapters/rxjava/src/test/java/retrofit2/adapter/rxjava/CompletableThrowingSafeSubscriberTest.java,retrofit2.adapter.rxjava.CompletableThrowingSafeSubscriberTest$Service,completable/0,false,45,2,2,2,0,1,0,1,0,0,0,0,0,0,0,0,0,0,1,0,0,0,0,0,0,0,2,0,0,false
/Users/thiago/Documents/Thiago/CodeToAnalyze/retrofit/retrofit-mock/src/main/java/retrofit2/mock/Calls.java,retrofit2.mock.Calls,failure/1[java.lang.Throwable],false,59,3,4,3,1,1,0,3,1,0,1,0,0,0,0,0,0,0,0,0,0,0,0,0,0,0,27,9,0,true
/Users/thiago/Documents/Thiago/CodeToAnalyze/retrofit/retrofit-mock/src/main/java/retrofit2/mock/Calls.java,retrofit2.mock.Calls,defer/1[java.util.concurrent.Callable<retrofit2.Call<T>>],false,34,3,1,0,1,1,0,3,1,0,1,0,0,0,0,0,0,0,0,0,0,0,0,0,0,0,14,9,0,true
/Users/thiago/Documents/Thiago/CodeToAnalyze/retrofit/retrofit-mock/src/main/java/retrofit2/mock/Calls.java,retrofit2.mock.Calls,failure/1[java.io.IOException],false,47,3,4,3,1,1,0,3,1,0,1,0,0,0,0,0,0,0,0,0,0,0,0,0,0,0,9,9,0,true
/Users/thiago/Documents/Thiago/CodeToAnalyze/retrofit/retrofit-mock/src/main/java/retrofit2/mock/Calls.java,retrofit2.mock.Calls,Calls/0,true,63,0,0,0,0,1,0,3,0,0,0,0,0,0,0,0,0,0,1,0,0,0,0,0,0,0,3,2,0,false
/Users/thiago/Documents/Thiago/CodeToAnalyze/retrofit/retrofit-mock/src/main/java/retrofit2/mock/Calls.java,retrofit2.mock.Calls,response/1[T],false,38,5,2,0,2,1,1,3,1,0,1,1,0,0,0,0,0,0,0,0,0,0,0,0,0,0,4,9,0,false
/Users/thiago/Documents/Thiago/CodeToAnalyze/retrofit/retrofit-mock/src/main/java/retrofit2/mock/Calls.java,retrofit2.mock.Calls,response/1[retrofit2.Response<T>],false,42,4,1,0,1,1,0,3,1,0,1,0,0,0,0,0,0,0,0,0,0,0,0,0,0,0,1,9,0,false
/Users/thiago/Documents/Thiago/CodeToAnalyze/retrofit/retrofit/java-test/src/test/java/retrofit2/RequestFactoryTest.java,retrofit2.RequestFactoryTest$59Example,method/1[java.lang.String],false,1200,4,0,0,0,1,0,3,1,0,1,0,0,0,0,0,0,0,2,0,0,0,0,0,0,0,5,0,0,false
/Users/thiago/Documents/Thiago/CodeToAnalyze/retrofit/retrofit/src/main/java/retrofit2/OptionalConverterFactory.java,retrofit2.OptionalConverterFactory$OptionalConverter,"OptionalConverter/1[retrofit2.Converter<retrofit2.ResponseBody,T>]",true,63,3,0,0,0,1,0,3,0,0,1,0,0,0,0,0,0,0,0,0,1,0,0,0,0,0,3,0,0,false
/Users/thiago/Documents/Thiago/CodeToAnalyze/retrofit/retrofit/src/main/java/retrofit2/OptionalConverterFactory.java,retrofit2.OptionalConverterFactory$OptionalConverter,convert/1[retrofit2.ResponseBody],false,68,2,0,0,0,1,2,3,1,0,1,2,0,0,0,0,0,0,0,0,0,0,0,0,0,0,7,1,0,false
/Users/thiago/Documents/Thiago/CodeToAnalyze/retrofit/retrofit-adapters/rxjava3/src/test/java/retrofit2/adapter/rxjava3/SingleWithSchedulerTest.java,retrofit2.adapter.rxjava3.SingleWithSchedulerTest,responseUsesScheduler/0,false,71,5,4,0,4,1,7,8,0,1,0,7,0,0,0,0,0,0,0,0,1,0,0,0,0,0,6,1,0,false
/Users/thiago/Documents/Thiago/CodeToAnalyze/retrofit/retrofit-adapters/rxjava3/src/test/java/retrofit2/adapter/rxjava3/SingleWithSchedulerTest.java,retrofit2.adapter.rxjava3.SingleWithSchedulerTest,setUp/0,false,48,6,5,0,5,1,7,4,0,1,0,7,0,0,0,0,0,0,1,0,2,0,0,0,0,0,9,1,0,false
/Users/thiago/Documents/Thiago/CodeToAnalyze/retrofit/retrofit-adapters/rxjava3/src/test/java/retrofit2/adapter/rxjava3/SingleWithSchedulerTest.java,retrofit2.adapter.rxjava3.SingleWithSchedulerTest,resultUsesScheduler/0,false,83,5,4,0,4,1,7,8,0,1,0,7,0,0,0,0,0,0,0,0,1,0,0,0,0,0,6,1,0,false
/Users/thiago/Documents/Thiago/CodeToAnalyze/retrofit/retrofit-adapters/rxjava3/src/test/java/retrofit2/adapter/rxjava3/SingleWithSchedulerTest.java,retrofit2.adapter.rxjava3.SingleWithSchedulerTest,bodyUsesScheduler/0,false,59,5,4,0,4,1,7,8,0,1,0,7,0,0,0,0,0,0,0,0,1,0,0,0,0,0,6,1,0,false
/Users/thiago/Documents/Thiago/CodeToAnalyze/retrofit/retrofit/java-test/src/test/java/retrofit2/RequestFactoryTest.java,retrofit2.RequestFactoryTest$54Example,method/1[java.lang.String],false,1089,4,0,0,0,1,0,3,1,0,1,0,0,0,0,0,0,0,2,0,0,0,0,0,0,0,7,0,0,false
/Users/thiago/Documents/Thiago/CodeToAnalyze/retrofit/retrofit/java-test/src/test/java/retrofit2/DefaultCallAdapterFactoryTest.java,retrofit2.DefaultCallAdapterFactoryTest,adaptedCallCancel/0,false,101,6,4,0,4,1,6,16,0,5,0,6,0,0,0,0,0,0,0,0,5,0,0,2,0,0,16,1,0,false
/Users/thiago/Documents/Thiago/CodeToAnalyze/retrofit/retrofit/java-test/src/test/java/retrofit2/DefaultCallAdapterFactoryTest.java,retrofit2.DefaultCallAdapterFactoryTest,adaptedCallExecute/0,false,65,7,5,0,5,1,7,14,0,4,0,7,0,0,0,0,0,0,1,0,4,0,0,2,0,0,15,1,0,false
/Users/thiago/Documents/Thiago/CodeToAnalyze/retrofit/retrofit/java-test/src/test/java/retrofit2/DefaultCallAdapterFactoryTest.java,retrofit2.DefaultCallAdapterFactoryTest,rawTypeThrows/0,false,40,3,1,0,1,2,5,9,0,0,0,5,0,0,0,0,1,0,1,0,0,0,1,0,0,0,17,1,0,false
/Users/thiago/Documents/Thiago/CodeToAnalyze/retrofit/retrofit/java-test/src/test/java/retrofit2/DefaultCallAdapterFactoryTest.java,retrofit2.DefaultCallAdapterFactoryTest,adaptedCallCloneDeepCopy/0,false,82,6,4,0,4,1,8,17,0,5,0,8,0,0,0,0,0,0,0,0,5,0,0,2,0,0,19,1,0,false
/Users/thiago/Documents/Thiago/CodeToAnalyze/retrofit/retrofit/java-test/src/test/java/retrofit2/DefaultCallAdapterFactoryTest.java,retrofit2.DefaultCallAdapterFactoryTest,responseType/0,false,52,5,2,0,2,1,5,16,0,3,0,5,0,0,0,0,0,0,0,0,3,0,0,4,0,0,7,1,0,false
/Users/thiago/Documents/Thiago/CodeToAnalyze/retrofit/retrofit/java-test/src/test/java/retrofit2/RequestFactoryTest.java,retrofit2.RequestFactoryTest$149Example,method/1[java.lang.String],false,2994,5,0,0,0,1,0,3,1,0,1,0,0,0,0,0,0,0,3,0,0,0,0,0,0,0,7,0,0,false
/Users/thiago/Documents/Thiago/CodeToAnalyze/retrofit/retrofit-adapters/rxjava3/src/main/java/retrofit2/adapter/rxjava3/CallEnqueueObservable.java,retrofit2.adapter.rxjava3.CallEnqueueObservable$CallCallback,"onResponse/2[retrofit2.Call<T>,retrofit2.Response<T>]",false,58,4,0,0,0,7,4,25,1,0,2,4,0,0,0,0,2,0,0,0,1,0,3,0,0,0,11,1,0,false
/Users/thiago/Documents/Thiago/CodeToAnalyze/retrofit/retrofit-adapters/rxjava3/src/main/java/retrofit2/adapter/rxjava3/CallEnqueueObservable.java,retrofit2.adapter.rxjava3.CallEnqueueObservable$CallCallback,"onFailure/2[retrofit2.Call<T>,java.lang.Throwable]",false,84,3,1,0,1,3,3,10,1,0,2,3,0,0,0,0,1,0,0,0,0,0,1,0,0,0,7,1,0,false
/Users/thiago/Documents/Thiago/CodeToAnalyze/retrofit/retrofit-adapters/rxjava3/src/main/java/retrofit2/adapter/rxjava3/CallEnqueueObservable.java,retrofit2.adapter.rxjava3.CallEnqueueObservable$CallCallback,dispose/0,false,96,1,1,0,1,1,1,4,0,0,0,1,0,0,0,0,0,0,0,0,1,0,0,0,0,0,3,1,0,false
/Users/thiago/Documents/Thiago/CodeToAnalyze/retrofit/retrofit-adapters/rxjava3/src/main/java/retrofit2/adapter/rxjava3/CallEnqueueObservable.java,retrofit2.adapter.rxjava3.CallEnqueueObservable$CallCallback,isDisposed/0,false,102,0,0,0,0,1,0,3,1,0,0,0,0,0,0,0,0,0,0,0,0,0,0,0,0,0,3,1,0,false
/Users/thiago/Documents/Thiago/CodeToAnalyze/retrofit/retrofit-adapters/rxjava3/src/main/java/retrofit2/adapter/rxjava3/CallEnqueueObservable.java,retrofit2.adapter.rxjava3.CallEnqueueObservable$CallCallback,"CallCallback/2[retrofit2.Call<?>,retrofit2.adapter.rxjava3.Observer<? super retrofit2.Response<T>>]",true,52,4,0,0,0,1,0,4,0,0,2,0,0,0,0,0,0,0,0,0,2,0,0,0,0,0,4,0,0,false
/Users/thiago/Documents/Thiago/CodeToAnalyze/retrofit/retrofit/src/main/java/retrofit2/ParameterHandler.java,retrofit2.ParameterHandler$Headers,"apply/2[retrofit2.RequestBuilder,okhttp3.Headers]",false,258,4,2,0,2,2,2,6,0,0,2,2,0,0,0,1,0,0,1,0,0,0,1,0,0,0,9,0,0,false
/Users/thiago/Documents/Thiago/CodeToAnalyze/retrofit/retrofit/src/main/java/retrofit2/ParameterHandler.java,retrofit2.ParameterHandler$Headers,"Headers/2[java.lang.reflect.Method,int]",true,252,0,1,1,0,1,0,4,0,0,2,0,0,0,0,0,0,0,0,0,2,0,0,0,0,0,4,0,0,false
/Users/thiago/Documents/Thiago/CodeToAnalyze/retrofit/retrofit/java-test/src/test/java/retrofit2/RequestFactoryTest.java,retrofit2.RequestFactoryTest$76Example,method/1[java.lang.String],false,1486,4,0,0,0,1,0,3,1,0,1,0,0,0,0,0,0,0,1,0,0,0,0,0,0,0,7,0,0,false
/Users/thiago/Documents/Thiago/CodeToAnalyze/retrofit/samples/src/main/java/com/example/retrofit/DynamicBaseUrl.java,com.example.retrofit.DynamicBaseUrl,main/1[java.lang.String[]],false,59,7,7,0,7,1,14,13,0,6,1,14,0,0,0,0,0,0,4,0,6,2,0,0,0,0,19,9,0,false
/Users/thiago/Documents/Thiago/CodeToAnalyze/retrofit/retrofit/java-test/src/test/java/retrofit2/RequestFactoryTest.java,retrofit2.RequestFactoryTest$127Example,method/1[java.util.List<java.lang.Object>],false,2573,5,0,0,0,1,0,3,1,0,1,0,0,0,0,0,0,0,1,0,0,0,0,0,0,0,5,0,0,false
/Users/thiago/Documents/Thiago/CodeToAnalyze/retrofit/retrofit-adapters/rxjava3/src/test/java/retrofit2/adapter/rxjava3/CompletableWithSchedulerTest.java,retrofit2.adapter.rxjava3.CompletableWithSchedulerTest$Service,completable/0,false,36,2,1,1,0,1,0,1,0,0,0,0,0,0,0,0,0,0,1,0,0,0,0,0,0,0,2,0,0,false
/Users/thiago/Documents/Thiago/CodeToAnalyze/retrofit/retrofit/java-test/src/test/java/retrofit2/RequestFactoryTest.java,retrofit2.RequestFactoryTest$98Example,"method/2[java.util.Map<java.lang.String,java.lang.String>,java.lang.String]",false,1884,5,0,0,0,1,0,3,0,0,2,0,0,0,0,0,0,0,0,0,0,0,0,0,0,0,4,0,0,false
/Users/thiago/Documents/Thiago/CodeToAnalyze/retrofit/retrofit-adapters/rxjava/src/test/java/retrofit2/adapter/rxjava/RecordingSubscriber.java,retrofit2.adapter.rxjava.RecordingSubscriber,assertValue/1[T],false,89,2,1,0,1,1,3,4,1,0,1,3,0,0,0,0,0,0,0,0,0,0,0,0,0,0,6,1,0,false
/Users/thiago/Documents/Thiago/CodeToAnalyze/retrofit/retrofit-adapters/rxjava/src/test/java/retrofit2/adapter/rxjava/RecordingSubscriber.java,retrofit2.adapter.rxjava.RecordingSubscriber,assertError/1[java.lang.Throwable],false,102,1,1,0,1,1,3,3,0,0,1,3,0,0,0,0,0,0,0,0,0,0,0,0,0,0,6,1,0,false
/Users/thiago/Documents/Thiago/CodeToAnalyze/retrofit/retrofit-adapters/rxjava/src/test/java/retrofit2/adapter/rxjava/RecordingSubscriber.java,retrofit2.adapter.rxjava.RecordingSubscriber,"assertError/2[java.lang.Class<? extends java.lang.Throwable>,java.lang.String]",false,110,1,2,0,2,2,6,8,0,1,2,6,0,0,0,1,0,0,0,0,1,0,1,0,0,0,12,1,0,false
/Users/thiago/Documents/Thiago/CodeToAnalyze/retrofit/retrofit-adapters/rxjava/src/test/java/retrofit2/adapter/rxjava/RecordingSubscriber.java,retrofit2.adapter.rxjava.RecordingSubscriber,takeError/0,false,76,2,1,0,1,1,6,5,1,1,0,6,0,0,0,0,0,0,1,0,1,0,0,0,0,0,12,1,0,false
/Users/thiago/Documents/Thiago/CodeToAnalyze/retrofit/retrofit-adapters/rxjava/src/test/java/retrofit2/adapter/rxjava/RecordingSubscriber.java,retrofit2.adapter.rxjava.RecordingSubscriber,onNext/1[T],false,46,1,0,0,0,1,2,3,0,0,1,2,0,0,0,0,0,0,0,0,0,0,0,0,0,0,4,1,0,false
/Users/thiago/Documents/Thiago/CodeToAnalyze/retrofit/retrofit-adapters/rxjava/src/test/java/retrofit2/adapter/rxjava/RecordingSubscriber.java,retrofit2.adapter.rxjava.RecordingSubscriber,assertNoEvents/0,false,119,0,0,0,0,1,3,3,0,0,0,3,0,0,0,0,0,0,1,0,0,0,0,0,0,0,7,1,0,false
/Users/thiago/Documents/Thiago/CodeToAnalyze/retrofit/retrofit-adapters/rxjava/src/test/java/retrofit2/adapter/rxjava/RecordingSubscriber.java,retrofit2.adapter.rxjava.RecordingSubscriber,assertCompleted/0,false,94,2,2,0,2,1,6,5,0,1,0,6,0,0,0,0,0,0,1,0,1,0,0,0,0,0,13,1,0,false
/Users/thiago/Documents/Thiago/CodeToAnalyze/retrofit/retrofit-adapters/rxjava/src/test/java/retrofit2/adapter/rxjava/RecordingSubscriber.java,retrofit2.adapter.rxjava.RecordingSubscriber,RecordingSubscriber/1[long],true,36,0,0,0,0,1,0,3,0,0,1,0,0,0,0,0,0,0,0,0,1,0,0,0,0,0,4,2,0,false
/Users/thiago/Documents/Thiago/CodeToAnalyze/retrofit/retrofit-adapters/rxjava/src/test/java/retrofit2/adapter/rxjava/RecordingSubscriber.java,retrofit2.adapter.rxjava.RecordingSubscriber,onStart/0,false,41,0,0,0,0,1,1,3,0,0,0,1,0,0,0,0,0,0,0,0,0,0,0,0,0,0,5,1,0,false
/Users/thiago/Documents/Thiago/CodeToAnalyze/retrofit/retrofit-adapters/rxjava/src/test/java/retrofit2/adapter/rxjava/RecordingSubscriber.java,retrofit2.adapter.rxjava.RecordingSubscriber,takeNotification/0,false,60,2,0,0,0,2,1,7,1,1,0,1,0,0,0,1,0,0,1,0,1,0,1,0,0,0,8,2,0,false
/Users/thiago/Documents/Thiago/CodeToAnalyze/retrofit/retrofit-adapters/rxjava/src/test/java/retrofit2/adapter/rxjava/RecordingSubscriber.java,retrofit2.adapter.rxjava.RecordingSubscriber,onError/1[java.lang.Throwable],false,56,0,0,0,0,1,2,3,0,0,1,2,0,0,0,0,0,0,0,0,0,0,0,0,0,0,4,1,0,false
/Users/thiago/Documents/Thiago/CodeToAnalyze/retrofit/retrofit-adapters/rxjava/src/test/java/retrofit2/adapter/rxjava/RecordingSubscriber.java,retrofit2.adapter.rxjava.RecordingSubscriber,assertAnyValue/0,false,84,2,1,0,1,1,1,4,1,0,0,1,0,0,0,0,0,0,0,0,0,0,0,0,0,0,4,1,0,false
/Users/thiago/Documents/Thiago/CodeToAnalyze/retrofit/retrofit-adapters/rxjava/src/test/java/retrofit2/adapter/rxjava/RecordingSubscriber.java,retrofit2.adapter.rxjava.RecordingSubscriber,requestMore/1[long],false,123,0,0,0,0,1,1,3,0,0,1,1,0,0,0,0,0,0,0,0,0,0,0,0,0,0,3,1,0,false
/Users/thiago/Documents/Thiago/CodeToAnalyze/retrofit/retrofit-adapters/rxjava/src/test/java/retrofit2/adapter/rxjava/RecordingSubscriber.java,retrofit2.adapter.rxjava.RecordingSubscriber,assertError/1[java.lang.Class<? extends java.lang.Throwable>],false,106,1,1,0,1,1,1,3,0,0,1,1,0,0,0,0,0,0,0,0,0,0,0,0,0,0,5,1,0,false
/Users/thiago/Documents/Thiago/CodeToAnalyze/retrofit/retrofit-adapters/rxjava/src/test/java/retrofit2/adapter/rxjava/RecordingSubscriber.java,retrofit2.adapter.rxjava.RecordingSubscriber,onCompleted/0,false,51,0,0,0,0,1,2,3,0,0,0,2,0,0,0,0,0,0,0,0,0,0,0,0,0,0,2,1,0,false
/Users/thiago/Documents/Thiago/CodeToAnalyze/retrofit/retrofit-adapters/rxjava/src/test/java/retrofit2/adapter/rxjava/RecordingSubscriber.java,retrofit2.adapter.rxjava.RecordingSubscriber,takeValue/0,false,68,3,1,0,1,1,6,5,1,1,0,6,0,0,0,0,0,0,1,0,1,0,0,0,0,0,13,1,0,false
/Users/thiago/Documents/Thiago/CodeToAnalyze/retrofit/retrofit/java-test/src/test/java/retrofit2/RequestFactoryTest.java,retrofit2.RequestFactoryTest$105Example,"method/3[java.lang.String,retrofit2.RequestBody,java.lang.String]",false,2002,6,0,0,0,1,0,3,1,0,3,0,0,0,0,0,0,0,3,0,0,0,0,0,0,0,8,0,0,false
/Users/thiago/Documents/Thiago/CodeToAnalyze/retrofit/samples/src/main/java/com/example/retrofit/JsonAndXmlConverters.java,com.example.retrofit.JsonAndXmlConverters$QualifiedTypeConverterFactory,"QualifiedTypeConverterFactory/2[retrofit2.Converter.Factory,retrofit2.Converter.Factory]",true,57,1,1,1,0,1,0,4,0,0,2,0,0,0,0,0,0,0,0,0,2,0,0,0,0,0,6,0,0,false
/Users/thiago/Documents/Thiago/CodeToAnalyze/retrofit/samples/src/main/java/com/example/retrofit/JsonAndXmlConverters.java,com.example.retrofit.JsonAndXmlConverters$QualifiedTypeConverterFactory,"requestBodyConverter/4[java.lang.reflect.Type,java.lang.annotation.Annotation[],java.lang.annotation.Annotation[],retrofit2.Retrofit]",false,81,7,1,0,1,4,1,11,3,0,4,1,0,0,1,0,0,0,0,0,0,0,2,0,0,0,12,1,0,false
/Users/thiago/Documents/Thiago/CodeToAnalyze/retrofit/samples/src/main/java/com/example/retrofit/JsonAndXmlConverters.java,com.example.retrofit.JsonAndXmlConverters$QualifiedTypeConverterFactory,"responseBodyConverter/3[java.lang.reflect.Type,java.lang.annotation.Annotation[],retrofit2.Retrofit]",false,64,7,1,0,1,4,1,11,3,0,3,1,0,0,1,0,0,0,0,0,0,0,2,0,0,0,11,1,0,false
/Users/thiago/Documents/Thiago/CodeToAnalyze/retrofit/retrofit-adapters/rxjava2/src/test/java/retrofit2/adapter/rxjava2/CompletableThrowingTest.java,retrofit2.adapter.rxjava2.CompletableThrowingTest,throwingInOnCompleteDeliveredToPlugin/0,false,63,7,2,0,2,2,12,21,0,5,0,12,0,0,0,0,0,0,0,0,4,0,2,1,0,1,24,1,0,false
/Users/thiago/Documents/Thiago/CodeToAnalyze/retrofit/retrofit-adapters/rxjava2/src/test/java/retrofit2/adapter/rxjava2/CompletableThrowingTest.java,retrofit2.adapter.rxjava2.CompletableThrowingTest,setUp/0,false,53,5,4,0,4,1,6,4,0,1,0,6,0,0,0,0,0,0,1,0,2,0,0,0,0,0,5,1,0,false
/Users/thiago/Documents/Thiago/CodeToAnalyze/retrofit/retrofit-adapters/rxjava2/src/test/java/retrofit2/adapter/rxjava2/CompletableThrowingTest.java,retrofit2.adapter.rxjava2.CompletableThrowingTest,bodyThrowingInOnErrorDeliveredToPlugin/0,false,92,7,2,0,2,2,12,22,0,6,0,12,0,0,0,0,0,0,0,1,5,0,2,1,0,1,28,1,0,false
/Users/thiago/Documents/Thiago/CodeToAnalyze/retrofit/retrofit/java-test/src/test/java/retrofit2/RequestFactoryTest.java,retrofit2.RequestFactoryTest$1Example,method/0,false,77,3,0,0,0,1,0,3,1,0,0,0,0,0,0,0,0,0,2,0,0,0,0,0,0,0,2,0,0,false
/Users/thiago/Documents/Thiago/CodeToAnalyze/retrofit/retrofit-mock/src/test/java/retrofit2/mock/CallsTest.java,retrofit2.mock.CallsTest,cloneHasOwnState/0,false,219,4,5,0,5,1,8,8,0,2,0,8,0,0,0,0,0,0,3,0,2,0,0,0,0,0,14,1,0,false
/Users/thiago/Documents/Thiago/CodeToAnalyze/retrofit/retrofit-mock/src/test/java/retrofit2/mock/CallsTest.java,retrofit2.mock.CallsTest,deferredReturnEnqueue/0,false,248,5,5,0,5,1,7,25,0,5,0,7,0,0,0,0,0,0,0,2,5,0,0,2,0,0,20,1,0,false
/Users/thiago/Documents/Thiago/CodeToAnalyze/retrofit/retrofit-mock/src/test/java/retrofit2/mock/CallsTest.java,retrofit2.mock.CallsTest,failureEnqueue/0,false,196,4,4,0,4,1,7,17,0,3,0,7,0,0,0,0,0,0,1,0,3,0,0,1,0,0,18,1,0,false
/Users/thiago/Documents/Thiago/CodeToAnalyze/retrofit/retrofit-mock/src/test/java/retrofit2/mock/CallsTest.java,retrofit2.mock.CallsTest,responseCancelExecute/0,false,128,4,5,0,5,2,11,13,0,1,0,11,0,0,0,0,1,0,2,0,1,0,1,0,0,0,13,1,0,false
/Users/thiago/Documents/Thiago/CodeToAnalyze/retrofit/retrofit-mock/src/test/java/retrofit2/mock/CallsTest.java,retrofit2.mock.CallsTest,failureExecuteCheckedException/0,false,182,3,3,0,3,2,7,13,0,2,0,7,0,0,0,0,1,0,1,0,2,0,1,0,0,0,12,1,0,false
/Users/thiago/Documents/Thiago/CodeToAnalyze/retrofit/retrofit-mock/src/test/java/retrofit2/mock/CallsTest.java,retrofit2.mock.CallsTest,responseEnqueue/0,false,76,5,5,0,5,2,12,32,0,3,0,12,0,0,0,0,1,0,2,0,3,0,1,2,0,0,19,1,0,false
/Users/thiago/Documents/Thiago/CodeToAnalyze/retrofit/retrofit-mock/src/test/java/retrofit2/mock/CallsTest.java,retrofit2.mock.CallsTest,failureExecute/0,false,168,3,3,0,3,2,7,13,0,2,0,7,0,0,0,0,1,0,1,0,2,0,1,0,0,0,12,1,0,false
/Users/thiago/Documents/Thiago/CodeToAnalyze/retrofit/retrofit-mock/src/test/java/retrofit2/mock/CallsTest.java,retrofit2.mock.CallsTest,deferredThrowExecute/0,false,283,3,2,0,2,2,4,14,0,2,0,4,0,0,0,0,1,0,1,0,2,0,1,0,0,1,12,1,0,false
/Users/thiago/Documents/Thiago/CodeToAnalyze/retrofit/retrofit-mock/src/test/java/retrofit2/mock/CallsTest.java,retrofit2.mock.CallsTest,deferredReturnExecute/0,false,229,4,5,0,5,1,6,13,0,3,0,6,0,0,0,0,0,0,0,2,3,0,0,1,0,0,13,1,0,false
/Users/thiago/Documents/Thiago/CodeToAnalyze/retrofit/retrofit-mock/src/test/java/retrofit2/mock/CallsTest.java,retrofit2.mock.CallsTest,responseCancelEnqueue/0,false,143,5,6,0,6,1,12,19,0,3,0,12,0,0,0,0,0,0,2,0,3,0,0,1,0,0,19,1,0,false
/Users/thiago/Documents/Thiago/CodeToAnalyze/retrofit/retrofit-mock/src/test/java/retrofit2/mock/CallsTest.java,retrofit2.mock.CallsTest,enqueueNullThrows/0,false,117,3,2,0,2,2,6,10,0,1,0,6,0,0,0,0,1,0,2,0,1,0,1,0,0,0,11,1,0,false
/Users/thiago/Documents/Thiago/CodeToAnalyze/retrofit/retrofit-mock/src/test/java/retrofit2/mock/CallsTest.java,retrofit2.mock.CallsTest,bodyExecute/0,false,36,4,3,0,3,1,4,4,0,1,0,4,0,0,0,0,0,0,2,0,1,0,0,0,0,0,8,1,0,false
/Users/thiago/Documents/Thiago/CodeToAnalyze/retrofit/retrofit-mock/src/test/java/retrofit2/mock/CallsTest.java,retrofit2.mock.CallsTest,bodyEnqueue/0,false,42,5,4,0,4,1,6,14,0,2,0,6,0,0,0,0,0,0,2,0,2,0,0,1,0,0,16,1,0,false
/Users/thiago/Documents/Thiago/CodeToAnalyze/retrofit/retrofit-mock/src/test/java/retrofit2/mock/CallsTest.java,retrofit2.mock.CallsTest,deferredThrowUncheckedExceptionEnqueue/0,false,323,4,3,0,3,1,4,14,0,2,0,4,0,0,0,0,0,0,1,0,2,0,0,1,0,0,17,1,0,false
/Users/thiago/Documents/Thiago/CodeToAnalyze/retrofit/retrofit-mock/src/test/java/retrofit2/mock/CallsTest.java,retrofit2.mock.CallsTest,deferredThrowEnqueue/0,false,299,4,3,0,3,1,4,18,0,3,0,4,0,0,0,0,0,0,1,0,3,0,1,1,0,1,18,1,0,false
/Users/thiago/Documents/Thiago/CodeToAnalyze/retrofit/retrofit-mock/src/test/java/retrofit2/mock/CallsTest.java,retrofit2.mock.CallsTest,responseExecute/0,false,61,4,4,0,4,2,11,14,0,2,0,11,0,0,0,0,1,0,2,0,2,0,1,0,0,0,15,1,0,false
/Users/thiago/Documents/Thiago/CodeToAnalyze/retrofit/retrofit/java-test/src/test/java/retrofit2/RequestFactoryTest.java,retrofit2.RequestFactoryTest$10Example,method/0,false,243,2,0,0,0,1,0,3,1,0,0,0,0,0,0,0,0,0,0,0,0,0,0,0,0,0,2,0,0,false
/Users/thiago/Documents/Thiago/CodeToAnalyze/retrofit/retrofit-adapters/rxjava3/src/test/java/retrofit2/adapter/rxjava3/MaybeThrowingTest.java,retrofit2.adapter.rxjava3.MaybeThrowingTest$Anonymous2,onError/1[java.lang.Throwable],false,115,0,0,0,0,2,2,6,0,0,1,2,0,0,0,0,0,0,0,0,0,0,1,0,0,0,5,1,0,false
/Users/thiago/Documents/Thiago/CodeToAnalyze/retrofit/retrofit-adapters/rxjava3/src/test/java/retrofit2/adapter/rxjava3/MaybeThrowingTest.java,retrofit2.adapter.rxjava3.MaybeThrowingTest$Anonymous3,onSuccess/1[retrofit2.Response<java.lang.String>],false,147,1,0,0,0,1,0,3,0,0,1,0,0,0,0,0,0,0,0,0,0,0,0,0,0,0,4,1,0,false
/Users/thiago/Documents/Thiago/CodeToAnalyze/retrofit/retrofit-converters/moshi/src/test/java/retrofit2/converter/moshi/MoshiConverterFactoryTest.java,retrofit2.converter.moshi.MoshiConverterFactoryTest$Adapters,"write/2[retrofit2.converter.moshi.JsonWriter,retrofit2.converter.moshi.MoshiConverterFactoryTest.ErroringValue]",false,139,3,0,0,0,1,0,3,0,0,2,0,0,0,0,0,0,0,1,0,0,0,0,0,0,0,9,1,0,false
/Users/thiago/Documents/Thiago/CodeToAnalyze/retrofit/retrofit-converters/moshi/src/test/java/retrofit2/converter/moshi/MoshiConverterFactoryTest.java,retrofit2.converter.moshi.MoshiConverterFactoryTest$Adapters,readWithoutEndingObject/1[retrofit2.converter.moshi.JsonReader],false,131,3,1,0,1,1,3,6,1,1,1,3,0,0,0,0,0,0,0,0,1,0,0,0,0,0,14,1,0,false
/Users/thiago/Documents/Thiago/CodeToAnalyze/retrofit/retrofit-converters/moshi/src/test/java/retrofit2/converter/moshi/MoshiConverterFactoryTest.java,retrofit2.converter.moshi.MoshiConverterFactoryTest$Adapters,"write/2[retrofit2.converter.moshi.JsonWriter,retrofit2.converter.moshi.MoshiConverterFactoryTest.AnInterface]",false,92,3,1,0,1,1,5,5,0,0,2,5,0,0,0,0,0,0,1,0,0,0,0,0,0,0,8,1,0,false
/Users/thiago/Documents/Thiago/CodeToAnalyze/retrofit/retrofit-converters/moshi/src/test/java/retrofit2/converter/moshi/MoshiConverterFactoryTest.java,retrofit2.converter.moshi.MoshiConverterFactoryTest$Adapters,"write/2[retrofit2.converter.moshi.JsonWriter,java.lang.String]",false,116,3,0,0,0,1,1,3,0,0,2,1,0,0,0,0,0,0,1,0,0,0,0,0,0,0,7,1,0,false
/Users/thiago/Documents/Thiago/CodeToAnalyze/retrofit/retrofit-converters/moshi/src/test/java/retrofit2/converter/moshi/MoshiConverterFactoryTest.java,retrofit2.converter.moshi.MoshiConverterFactoryTest$Adapters,read/1[retrofit2.converter.moshi.JsonReader],false,99,4,1,0,1,3,5,13,1,1,1,5,0,0,1,0,0,0,1,0,2,0,2,0,0,0,12,1,0,false
/Users/thiago/Documents/Thiago/CodeToAnalyze/retrofit/retrofit-converters/moshi/src/test/java/retrofit2/converter/moshi/MoshiConverterFactoryTest.java,retrofit2.converter.moshi.MoshiConverterFactoryTest$Adapters,readQualified/1[retrofit2.converter.moshi.JsonReader],false,122,3,0,0,0,2,2,7,1,1,1,2,0,0,0,0,0,0,3,0,1,1,1,0,0,0,12,1,0,false
/Users/thiago/Documents/Thiago/CodeToAnalyze/retrofit/retrofit/java-test/src/test/java/retrofit2/RequestFactoryTest.java,retrofit2.RequestFactoryTest$21Example,"method/3[int,int,int]",false,457,5,0,0,0,1,0,3,1,0,3,0,0,0,0,0,0,0,3,0,0,0,0,0,0,0,4,0,0,false
/Users/thiago/Documents/Thiago/CodeToAnalyze/retrofit/retrofit-adapters/rxjava3/src/test/java/retrofit2/adapter/rxjava3/MaybeThrowingTest.java,retrofit2.adapter.rxjava3.MaybeThrowingTest$Anonymous4,onError/1[java.lang.Throwable],false,175,0,0,0,0,2,2,6,0,0,1,2,0,0,0,0,0,0,0,0,0,0,1,0,0,0,5,1,0,false
/Users/thiago/Documents/Thiago/CodeToAnalyze/retrofit/retrofit-adapters/rxjava3/src/test/java/retrofit2/adapter/rxjava3/MaybeThrowingTest.java,retrofit2.adapter.rxjava3.MaybeThrowingTest$Anonymous5,onSuccess/1[retrofit2.adapter.rxjava3.Result<java.lang.String>],false,207,1,0,0,0,1,0,3,0,0,1,0,0,0,0,0,0,0,0,0,0,0,0,0,0,0,4,1,0,false
/Users/thiago/Documents/Thiago/CodeToAnalyze/retrofit/retrofit/java-test/src/test/java/retrofit2/RequestFactoryTest.java,retrofit2.RequestFactoryTest$32Example,"method/1[java.util.Map<java.lang.String,java.lang.String>]",false,680,4,0,0,0,1,0,3,1,0,1,0,0,0,0,0,0,0,1,0,0,0,0,0,0,0,3,0,0,false
/Users/thiago/Documents/Thiago/CodeToAnalyze/retrofit/retrofit-adapters/rxjava3/src/test/java/retrofit2/adapter/rxjava3/MaybeThrowingTest.java,retrofit2.adapter.rxjava3.MaybeThrowingTest$Anonymous1,onSuccess/1[java.lang.String],false,87,0,0,0,0,1,0,3,0,0,1,0,0,0,0,0,0,0,0,0,0,0,0,0,0,0,4,1,0,false
/Users/thiago/Documents/Thiago/CodeToAnalyze/retrofit/retrofit/java-test/src/test/java/retrofit2/RetrofitTest.java,retrofit2.RetrofitTest$CallMethod,disallowed/0,false,69,2,1,1,0,1,0,1,0,0,0,0,0,0,0,0,0,0,1,0,0,0,0,0,0,0,1,0,0,false
/Users/thiago/Documents/Thiago/CodeToAnalyze/retrofit/retrofit/java-test/src/test/java/retrofit2/RetrofitTest.java,retrofit2.RetrofitTest$CallMethod,queryObject/1[java.lang.Object],false,97,4,1,1,0,1,0,1,0,0,1,0,0,0,0,0,0,0,2,0,0,0,0,0,0,0,3,0,0,false
/Users/thiago/Documents/Thiago/CodeToAnalyze/retrofit/retrofit/java-test/src/test/java/retrofit2/RetrofitTest.java,retrofit2.RetrofitTest$CallMethod,getVoid/0,false,88,2,2,2,0,1,0,1,0,0,0,0,0,0,0,0,0,0,1,0,0,0,0,0,0,0,2,0,0,false
/Users/thiago/Documents/Thiago/CodeToAnalyze/retrofit/retrofit/java-test/src/test/java/retrofit2/RetrofitTest.java,retrofit2.RetrofitTest$CallMethod,getResponseBodySkippedExecutor/0,false,84,4,2,2,0,1,0,1,0,0,0,0,0,0,0,0,0,0,1,0,0,0,0,0,0,0,5,0,0,false
/Users/thiago/Documents/Thiago/CodeToAnalyze/retrofit/retrofit/java-test/src/test/java/retrofit2/RetrofitTest.java,retrofit2.RetrofitTest$CallMethod,queryString/1[java.lang.String],false,94,4,1,1,0,1,0,1,0,0,1,0,0,0,0,0,0,0,2,0,0,0,0,0,0,0,3,0,0,false
/Users/thiago/Documents/Thiago/CodeToAnalyze/retrofit/retrofit/java-test/src/test/java/retrofit2/RetrofitTest.java,retrofit2.RetrofitTest$CallMethod,postRequestBody/1[retrofit2.RequestBody],false,91,5,1,1,0,1,0,1,0,0,1,0,0,0,0,0,0,0,1,0,0,0,0,0,0,0,4,0,0,false
/Users/thiago/Documents/Thiago/CodeToAnalyze/retrofit/retrofit/java-test/src/test/java/retrofit2/RetrofitTest.java,retrofit2.RetrofitTest$CallMethod,badType1/0,false,75,3,1,1,0,1,0,1,0,0,0,0,0,0,0,0,0,0,1,0,0,0,0,0,0,0,2,0,0,false
/Users/thiago/Documents/Thiago/CodeToAnalyze/retrofit/retrofit/java-test/src/test/java/retrofit2/RetrofitTest.java,retrofit2.RetrofitTest$CallMethod,disallowed/1[java.lang.String],false,72,4,1,1,0,1,0,1,0,0,1,0,0,0,0,0,0,0,1,0,0,0,0,0,0,0,2,0,0,false
/Users/thiago/Documents/Thiago/CodeToAnalyze/retrofit/retrofit/java-test/src/test/java/retrofit2/RetrofitTest.java,retrofit2.RetrofitTest$CallMethod,badType2/0,false,78,3,1,1,0,1,0,1,0,0,0,0,0,0,0,0,0,0,1,0,0,0,0,0,0,0,2,0,0,false
/Users/thiago/Documents/Thiago/CodeToAnalyze/retrofit/retrofit/java-test/src/test/java/retrofit2/RetrofitTest.java,retrofit2.RetrofitTest$CallMethod,getResponseBody/0,false,81,3,9,9,0,1,0,1,0,0,0,0,0,0,0,0,0,0,1,0,0,0,0,0,0,0,3,0,0,false
/Users/thiago/Documents/Thiago/CodeToAnalyze/retrofit/retrofit-adapters/rxjava2/src/test/java/retrofit2/adapter/rxjava2/ObservableWithSchedulerTest.java,retrofit2.adapter.rxjava2.ObservableWithSchedulerTest,responseUsesScheduler/0,false,71,5,5,0,5,1,8,8,0,1,0,8,0,0,0,0,0,0,0,0,1,0,0,0,0,0,6,1,0,false
/Users/thiago/Documents/Thiago/CodeToAnalyze/retrofit/retrofit-adapters/rxjava2/src/test/java/retrofit2/adapter/rxjava2/ObservableWithSchedulerTest.java,retrofit2.adapter.rxjava2.ObservableWithSchedulerTest,setUp/0,false,48,6,5,0,5,1,7,4,0,1,0,7,0,0,0,0,0,0,1,0,2,0,0,0,0,0,9,1,0,false
/Users/thiago/Documents/Thiago/CodeToAnalyze/retrofit/retrofit-adapters/rxjava2/src/test/java/retrofit2/adapter/rxjava2/ObservableWithSchedulerTest.java,retrofit2.adapter.rxjava2.ObservableWithSchedulerTest,resultUsesScheduler/0,false,83,5,5,0,5,1,8,8,0,1,0,8,0,0,0,0,0,0,0,0,1,0,0,0,0,0,6,1,0,false
/Users/thiago/Documents/Thiago/CodeToAnalyze/retrofit/retrofit-adapters/rxjava2/src/test/java/retrofit2/adapter/rxjava2/ObservableWithSchedulerTest.java,retrofit2.adapter.rxjava2.ObservableWithSchedulerTest,bodyUsesScheduler/0,false,59,5,5,0,5,1,8,8,0,1,0,8,0,0,0,0,0,0,0,0,1,0,0,0,0,0,6,1,0,false
/Users/thiago/Documents/Thiago/CodeToAnalyze/retrofit/retrofit-adapters/rxjava3/src/test/java/retrofit2/adapter/rxjava3/MaybeThrowingTest.java,retrofit2.adapter.rxjava3.MaybeThrowingTest$Anonymous6,onError/1[java.lang.Throwable],false,242,0,0,0,0,1,0,3,0,0,1,0,0,0,0,0,0,0,0,0,0,0,0,0,0,0,5,1,0,false
/Users/thiago/Documents/Thiago/CodeToAnalyze/retrofit/retrofit-adapters/rxjava3/src/test/java/retrofit2/adapter/rxjava3/MaybeThrowingTest.java,retrofit2.adapter.rxjava3.MaybeThrowingTest$Anonymous6,onSuccess/1[retrofit2.adapter.rxjava3.Result<java.lang.String>],false,236,1,0,0,0,1,0,3,0,0,1,0,0,0,0,0,0,0,0,0,0,0,0,0,0,0,4,1,0,false
/Users/thiago/Documents/Thiago/CodeToAnalyze/retrofit/retrofit-adapters/rxjava/src/test/java/retrofit2/adapter/rxjava/ForwardingSubscriber.java,retrofit2.adapter.rxjava.ForwardingSubscriber,onNext/1[T],false,28,1,0,0,0,1,1,3,0,0,1,1,0,0,0,0,0,0,0,0,0,0,0,0,0,0,4,1,0,false
/Users/thiago/Documents/Thiago/CodeToAnalyze/retrofit/retrofit-adapters/rxjava/src/test/java/retrofit2/adapter/rxjava/ForwardingSubscriber.java,retrofit2.adapter.rxjava.ForwardingSubscriber,onError/1[java.lang.Throwable],false,38,0,0,0,0,1,1,3,0,0,1,1,0,0,0,0,0,0,0,0,0,0,0,0,0,0,4,1,0,false
/Users/thiago/Documents/Thiago/CodeToAnalyze/retrofit/retrofit-adapters/rxjava/src/test/java/retrofit2/adapter/rxjava/ForwardingSubscriber.java,retrofit2.adapter.rxjava.ForwardingSubscriber,ForwardingSubscriber/1[retrofit2.adapter.rxjava.Subscriber<T>],true,23,1,0,0,0,1,0,3,0,0,1,0,0,0,0,0,0,0,0,0,1,0,0,0,0,0,3,0,0,false
/Users/thiago/Documents/Thiago/CodeToAnalyze/retrofit/retrofit-adapters/rxjava/src/test/java/retrofit2/adapter/rxjava/ForwardingSubscriber.java,retrofit2.adapter.rxjava.ForwardingSubscriber,onCompleted/0,false,33,0,0,0,0,1,1,3,0,0,0,1,0,0,0,0,0,0,0,0,0,0,0,0,0,0,2,1,0,false
/Users/thiago/Documents/Thiago/CodeToAnalyze/retrofit/retrofit/java-test/src/test/java/retrofit2/RequestFactoryTest.java,retrofit2.RequestFactoryTest$43Example,method/0,false,914,2,0,0,0,1,0,3,1,0,0,0,0,0,0,0,0,0,1,0,0,0,0,0,0,0,4,0,0,false
