file,class,method,variable,usage
/Users/thiago/Documents/Thiago/CodeToAnalyze/okhttp/samples/guide/src/main/java/okhttp3/recipes/RequestBodyCompression.java,okhttp3.recipes.RequestBodyCompression$GzipRequestInterceptor,intercept/1[okhttp3.recipes.Chain],originalRequest,4
/Users/thiago/Documents/Thiago/CodeToAnalyze/okhttp/samples/guide/src/main/java/okhttp3/recipes/RequestBodyCompression.java,okhttp3.recipes.RequestBodyCompression$GzipRequestInterceptor,intercept/1[okhttp3.recipes.Chain],chain,3
/Users/thiago/Documents/Thiago/CodeToAnalyze/okhttp/samples/guide/src/main/java/okhttp3/recipes/RequestBodyCompression.java,okhttp3.recipes.RequestBodyCompression$GzipRequestInterceptor,intercept/1[okhttp3.recipes.Chain],compressedRequest,1
/Users/thiago/Documents/Thiago/CodeToAnalyze/okhttp/samples/guide/src/main/java/okhttp3/recipes/PostStreamingWithPipe.java,okhttp3.recipes.PostStreamingWithPipe$Anonymous1,run/0,e,1
/Users/thiago/Documents/Thiago/CodeToAnalyze/okhttp/samples/guide/src/main/java/okhttp3/recipes/PostStreamingWithPipe.java,okhttp3.recipes.PostStreamingWithPipe$Anonymous1,run/0,i,5
/Users/thiago/Documents/Thiago/CodeToAnalyze/okhttp/samples/guide/src/main/java/okhttp3/recipes/PostStreamingWithPipe.java,okhttp3.recipes.PostStreamingWithPipe$Anonymous1,factor/1[int],x,2
/Users/thiago/Documents/Thiago/CodeToAnalyze/okhttp/samples/guide/src/main/java/okhttp3/recipes/PostStreamingWithPipe.java,okhttp3.recipes.PostStreamingWithPipe$Anonymous1,factor/1[int],i,5
/Users/thiago/Documents/Thiago/CodeToAnalyze/okhttp/samples/guide/src/main/java/okhttp3/recipes/PostStreamingWithPipe.java,okhttp3.recipes.PostStreamingWithPipe$Anonymous1,factor/1[int],n,4
/Users/thiago/Documents/Thiago/CodeToAnalyze/okhttp/samples/slack/src/main/java/okhttp3/slack/SlackApi.java,okhttp3.slack.SlackApi$SlackJsonAdapters,urlToJson/1[okhttp3.slack.HttpUrl],httpUrl,1
/Users/thiago/Documents/Thiago/CodeToAnalyze/okhttp/samples/slack/src/main/java/okhttp3/slack/SlackApi.java,okhttp3.slack.SlackApi$SlackJsonAdapters,urlFromJson/1[java.lang.String],urlString,7
/Users/thiago/Documents/Thiago/CodeToAnalyze/okhttp/samples/guide/src/main/java/okhttp3/recipes/HttpsServer.java,okhttp3.recipes.HttpsServer,main/1[java.lang.String[]],args,0
/Users/thiago/Documents/Thiago/CodeToAnalyze/okhttp/samples/guide/src/main/java/okhttp3/recipes/HttpsServer.java,okhttp3.recipes.HttpsServer,run/0,call,1
/Users/thiago/Documents/Thiago/CodeToAnalyze/okhttp/samples/guide/src/main/java/okhttp3/recipes/HttpsServer.java,okhttp3.recipes.HttpsServer,run/0,server,3
/Users/thiago/Documents/Thiago/CodeToAnalyze/okhttp/samples/guide/src/main/java/okhttp3/recipes/HttpsServer.java,okhttp3.recipes.HttpsServer,run/0,response,1
/Users/thiago/Documents/Thiago/CodeToAnalyze/okhttp/samples/guide/src/main/java/okhttp3/recipes/HttpsServer.java,okhttp3.recipes.HttpsServer,run/0,client,1
/Users/thiago/Documents/Thiago/CodeToAnalyze/okhttp/samples/guide/src/main/java/okhttp3/recipes/HttpsServer.java,okhttp3.recipes.HttpsServer,run/0,localhostCertificate,2
/Users/thiago/Documents/Thiago/CodeToAnalyze/okhttp/samples/guide/src/main/java/okhttp3/recipes/HttpsServer.java,okhttp3.recipes.HttpsServer,run/0,serverCertificates,1
/Users/thiago/Documents/Thiago/CodeToAnalyze/okhttp/samples/guide/src/main/java/okhttp3/recipes/HttpsServer.java,okhttp3.recipes.HttpsServer,run/0,clientCertificates,2
/Users/thiago/Documents/Thiago/CodeToAnalyze/okhttp/okhttp-tls/src/test/java/okhttp3/tls/CertificatesJavaTest.java,okhttp3.tls.CertificatesJavaTest,testRoundtrip/0,certificate,1
/Users/thiago/Documents/Thiago/CodeToAnalyze/okhttp/okhttp-tls/src/test/java/okhttp3/tls/CertificatesJavaTest.java,okhttp3.tls.CertificatesJavaTest,testRoundtrip/0,certificateString,2
/Users/thiago/Documents/Thiago/CodeToAnalyze/okhttp/samples/unixdomainsockets/src/main/java/okhttp3/unixdomainsockets/UnixDomainSocketFactory.java,okhttp3.unixdomainsockets.UnixDomainSocketFactory,UnixDomainSocketFactory/1[java.io.File],path,2
/Users/thiago/Documents/Thiago/CodeToAnalyze/okhttp/samples/unixdomainsockets/src/main/java/okhttp3/unixdomainsockets/UnixDomainSocketFactory.java,okhttp3.unixdomainsockets.UnixDomainSocketFactory,createSocket/0,channel,1
/Users/thiago/Documents/Thiago/CodeToAnalyze/okhttp/samples/unixdomainsockets/src/main/java/okhttp3/unixdomainsockets/UnixDomainSocketFactory.java,okhttp3.unixdomainsockets.UnixDomainSocketFactory,"createSocket/2[java.net.InetAddress,int]",result,3
/Users/thiago/Documents/Thiago/CodeToAnalyze/okhttp/samples/unixdomainsockets/src/main/java/okhttp3/unixdomainsockets/UnixDomainSocketFactory.java,okhttp3.unixdomainsockets.UnixDomainSocketFactory,"createSocket/2[java.net.InetAddress,int]",port,1
/Users/thiago/Documents/Thiago/CodeToAnalyze/okhttp/samples/unixdomainsockets/src/main/java/okhttp3/unixdomainsockets/UnixDomainSocketFactory.java,okhttp3.unixdomainsockets.UnixDomainSocketFactory,"createSocket/2[java.net.InetAddress,int]",e,1
/Users/thiago/Documents/Thiago/CodeToAnalyze/okhttp/samples/unixdomainsockets/src/main/java/okhttp3/unixdomainsockets/UnixDomainSocketFactory.java,okhttp3.unixdomainsockets.UnixDomainSocketFactory,"createSocket/2[java.net.InetAddress,int]",host,1
/Users/thiago/Documents/Thiago/CodeToAnalyze/okhttp/samples/unixdomainsockets/src/main/java/okhttp3/unixdomainsockets/UnixDomainSocketFactory.java,okhttp3.unixdomainsockets.UnixDomainSocketFactory,"createSocket/2[java.lang.String,int]",result,3
/Users/thiago/Documents/Thiago/CodeToAnalyze/okhttp/samples/unixdomainsockets/src/main/java/okhttp3/unixdomainsockets/UnixDomainSocketFactory.java,okhttp3.unixdomainsockets.UnixDomainSocketFactory,"createSocket/2[java.lang.String,int]",port,1
/Users/thiago/Documents/Thiago/CodeToAnalyze/okhttp/samples/unixdomainsockets/src/main/java/okhttp3/unixdomainsockets/UnixDomainSocketFactory.java,okhttp3.unixdomainsockets.UnixDomainSocketFactory,"createSocket/2[java.lang.String,int]",e,1
/Users/thiago/Documents/Thiago/CodeToAnalyze/okhttp/samples/unixdomainsockets/src/main/java/okhttp3/unixdomainsockets/UnixDomainSocketFactory.java,okhttp3.unixdomainsockets.UnixDomainSocketFactory,"createSocket/2[java.lang.String,int]",host,1
/Users/thiago/Documents/Thiago/CodeToAnalyze/okhttp/samples/unixdomainsockets/src/main/java/okhttp3/unixdomainsockets/UnixDomainSocketFactory.java,okhttp3.unixdomainsockets.UnixDomainSocketFactory,"createSocket/4[java.lang.String,int,java.net.InetAddress,int]",localPort,0
/Users/thiago/Documents/Thiago/CodeToAnalyze/okhttp/samples/unixdomainsockets/src/main/java/okhttp3/unixdomainsockets/UnixDomainSocketFactory.java,okhttp3.unixdomainsockets.UnixDomainSocketFactory,"createSocket/4[java.lang.String,int,java.net.InetAddress,int]",port,1
/Users/thiago/Documents/Thiago/CodeToAnalyze/okhttp/samples/unixdomainsockets/src/main/java/okhttp3/unixdomainsockets/UnixDomainSocketFactory.java,okhttp3.unixdomainsockets.UnixDomainSocketFactory,"createSocket/4[java.lang.String,int,java.net.InetAddress,int]",localHost,0
/Users/thiago/Documents/Thiago/CodeToAnalyze/okhttp/samples/unixdomainsockets/src/main/java/okhttp3/unixdomainsockets/UnixDomainSocketFactory.java,okhttp3.unixdomainsockets.UnixDomainSocketFactory,"createSocket/4[java.lang.String,int,java.net.InetAddress,int]",host,1
/Users/thiago/Documents/Thiago/CodeToAnalyze/okhttp/samples/unixdomainsockets/src/main/java/okhttp3/unixdomainsockets/UnixDomainSocketFactory.java,okhttp3.unixdomainsockets.UnixDomainSocketFactory,"createSocket/4[java.net.InetAddress,int,java.net.InetAddress,int]",localPort,0
/Users/thiago/Documents/Thiago/CodeToAnalyze/okhttp/samples/unixdomainsockets/src/main/java/okhttp3/unixdomainsockets/UnixDomainSocketFactory.java,okhttp3.unixdomainsockets.UnixDomainSocketFactory,"createSocket/4[java.net.InetAddress,int,java.net.InetAddress,int]",port,1
/Users/thiago/Documents/Thiago/CodeToAnalyze/okhttp/samples/unixdomainsockets/src/main/java/okhttp3/unixdomainsockets/UnixDomainSocketFactory.java,okhttp3.unixdomainsockets.UnixDomainSocketFactory,"createSocket/4[java.net.InetAddress,int,java.net.InetAddress,int]",localAddress,0
/Users/thiago/Documents/Thiago/CodeToAnalyze/okhttp/samples/unixdomainsockets/src/main/java/okhttp3/unixdomainsockets/UnixDomainSocketFactory.java,okhttp3.unixdomainsockets.UnixDomainSocketFactory,"createSocket/4[java.net.InetAddress,int,java.net.InetAddress,int]",host,1
/Users/thiago/Documents/Thiago/CodeToAnalyze/okhttp/samples/guide/src/main/java/okhttp3/recipes/CacheResponse.java,okhttp3.recipes.CacheResponse,CacheResponse/1[java.io.File],cache,2
/Users/thiago/Documents/Thiago/CodeToAnalyze/okhttp/samples/guide/src/main/java/okhttp3/recipes/CacheResponse.java,okhttp3.recipes.CacheResponse,CacheResponse/1[java.io.File],cacheSize,1
/Users/thiago/Documents/Thiago/CodeToAnalyze/okhttp/samples/guide/src/main/java/okhttp3/recipes/CacheResponse.java,okhttp3.recipes.CacheResponse,CacheResponse/1[java.io.File],cacheDirectory,1
/Users/thiago/Documents/Thiago/CodeToAnalyze/okhttp/samples/guide/src/main/java/okhttp3/recipes/CacheResponse.java,okhttp3.recipes.CacheResponse,run/0,response1Body,2
/Users/thiago/Documents/Thiago/CodeToAnalyze/okhttp/samples/guide/src/main/java/okhttp3/recipes/CacheResponse.java,okhttp3.recipes.CacheResponse,run/0,request,2
/Users/thiago/Documents/Thiago/CodeToAnalyze/okhttp/samples/guide/src/main/java/okhttp3/recipes/CacheResponse.java,okhttp3.recipes.CacheResponse,run/0,response2Body,2
/Users/thiago/Documents/Thiago/CodeToAnalyze/okhttp/samples/guide/src/main/java/okhttp3/recipes/CacheResponse.java,okhttp3.recipes.CacheResponse,run/0,response2,6
/Users/thiago/Documents/Thiago/CodeToAnalyze/okhttp/samples/guide/src/main/java/okhttp3/recipes/CacheResponse.java,okhttp3.recipes.CacheResponse,run/0,response1,6
/Users/thiago/Documents/Thiago/CodeToAnalyze/okhttp/samples/guide/src/main/java/okhttp3/recipes/CacheResponse.java,okhttp3.recipes.CacheResponse,main/1[java.lang.String[]],args,0
/Users/thiago/Documents/Thiago/CodeToAnalyze/okhttp/samples/guide/src/main/java/okhttp3/recipes/WebSocketEcho.java,okhttp3.recipes.WebSocketEcho,main/1[java.lang.String[]],args,0
/Users/thiago/Documents/Thiago/CodeToAnalyze/okhttp/samples/guide/src/main/java/okhttp3/recipes/WebSocketEcho.java,okhttp3.recipes.WebSocketEcho,"onOpen/2[okhttp3.recipes.WebSocket,okhttp3.recipes.Response]",webSocket,4
/Users/thiago/Documents/Thiago/CodeToAnalyze/okhttp/samples/guide/src/main/java/okhttp3/recipes/WebSocketEcho.java,okhttp3.recipes.WebSocketEcho,"onOpen/2[okhttp3.recipes.WebSocket,okhttp3.recipes.Response]",response,0
/Users/thiago/Documents/Thiago/CodeToAnalyze/okhttp/samples/guide/src/main/java/okhttp3/recipes/WebSocketEcho.java,okhttp3.recipes.WebSocketEcho,run/0,request,1
/Users/thiago/Documents/Thiago/CodeToAnalyze/okhttp/samples/guide/src/main/java/okhttp3/recipes/WebSocketEcho.java,okhttp3.recipes.WebSocketEcho,run/0,client,2
/Users/thiago/Documents/Thiago/CodeToAnalyze/okhttp/samples/guide/src/main/java/okhttp3/recipes/WebSocketEcho.java,okhttp3.recipes.WebSocketEcho,"onClosing/3[okhttp3.recipes.WebSocket,int,java.lang.String]",webSocket,1
/Users/thiago/Documents/Thiago/CodeToAnalyze/okhttp/samples/guide/src/main/java/okhttp3/recipes/WebSocketEcho.java,okhttp3.recipes.WebSocketEcho,"onClosing/3[okhttp3.recipes.WebSocket,int,java.lang.String]",reason,1
/Users/thiago/Documents/Thiago/CodeToAnalyze/okhttp/samples/guide/src/main/java/okhttp3/recipes/WebSocketEcho.java,okhttp3.recipes.WebSocketEcho,"onClosing/3[okhttp3.recipes.WebSocket,int,java.lang.String]",code,1
/Users/thiago/Documents/Thiago/CodeToAnalyze/okhttp/samples/guide/src/main/java/okhttp3/recipes/WebSocketEcho.java,okhttp3.recipes.WebSocketEcho,"onMessage/2[okhttp3.recipes.WebSocket,java.lang.String]",webSocket,0
/Users/thiago/Documents/Thiago/CodeToAnalyze/okhttp/samples/guide/src/main/java/okhttp3/recipes/WebSocketEcho.java,okhttp3.recipes.WebSocketEcho,"onMessage/2[okhttp3.recipes.WebSocket,java.lang.String]",text,1
/Users/thiago/Documents/Thiago/CodeToAnalyze/okhttp/samples/guide/src/main/java/okhttp3/recipes/WebSocketEcho.java,okhttp3.recipes.WebSocketEcho,"onMessage/2[okhttp3.recipes.WebSocket,okhttp3.recipes.ByteString]",webSocket,0
/Users/thiago/Documents/Thiago/CodeToAnalyze/okhttp/samples/guide/src/main/java/okhttp3/recipes/WebSocketEcho.java,okhttp3.recipes.WebSocketEcho,"onMessage/2[okhttp3.recipes.WebSocket,okhttp3.recipes.ByteString]",bytes,1
/Users/thiago/Documents/Thiago/CodeToAnalyze/okhttp/samples/guide/src/main/java/okhttp3/recipes/WebSocketEcho.java,okhttp3.recipes.WebSocketEcho,"onFailure/3[okhttp3.recipes.WebSocket,java.lang.Throwable,okhttp3.recipes.Response]",webSocket,0
/Users/thiago/Documents/Thiago/CodeToAnalyze/okhttp/samples/guide/src/main/java/okhttp3/recipes/WebSocketEcho.java,okhttp3.recipes.WebSocketEcho,"onFailure/3[okhttp3.recipes.WebSocket,java.lang.Throwable,okhttp3.recipes.Response]",t,1
/Users/thiago/Documents/Thiago/CodeToAnalyze/okhttp/samples/guide/src/main/java/okhttp3/recipes/WebSocketEcho.java,okhttp3.recipes.WebSocketEcho,"onFailure/3[okhttp3.recipes.WebSocket,java.lang.Throwable,okhttp3.recipes.Response]",response,0
/Users/thiago/Documents/Thiago/CodeToAnalyze/okhttp/samples/guide/src/main/java/okhttp3/recipes/CustomCipherSuites.java,okhttp3.recipes.CustomCipherSuites,javaNames/1[java.util.List<okhttp3.recipes.CipherSuite>],result,3
/Users/thiago/Documents/Thiago/CodeToAnalyze/okhttp/samples/guide/src/main/java/okhttp3/recipes/CustomCipherSuites.java,okhttp3.recipes.CustomCipherSuites,javaNames/1[java.util.List<okhttp3.recipes.CipherSuite>],cipherSuites,2
/Users/thiago/Documents/Thiago/CodeToAnalyze/okhttp/samples/guide/src/main/java/okhttp3/recipes/CustomCipherSuites.java,okhttp3.recipes.CustomCipherSuites,javaNames/1[java.util.List<okhttp3.recipes.CipherSuite>],i,4
/Users/thiago/Documents/Thiago/CodeToAnalyze/okhttp/samples/guide/src/main/java/okhttp3/recipes/CustomCipherSuites.java,okhttp3.recipes.CustomCipherSuites,CustomCipherSuites/0,sslSocketFactory,2
/Users/thiago/Documents/Thiago/CodeToAnalyze/okhttp/samples/guide/src/main/java/okhttp3/recipes/CustomCipherSuites.java,okhttp3.recipes.CustomCipherSuites,CustomCipherSuites/0,customSslSocketFactory,1
/Users/thiago/Documents/Thiago/CodeToAnalyze/okhttp/samples/guide/src/main/java/okhttp3/recipes/CustomCipherSuites.java,okhttp3.recipes.CustomCipherSuites,CustomCipherSuites/0,customCipherSuites,1
/Users/thiago/Documents/Thiago/CodeToAnalyze/okhttp/samples/guide/src/main/java/okhttp3/recipes/CustomCipherSuites.java,okhttp3.recipes.CustomCipherSuites,CustomCipherSuites/0,trustManager,2
/Users/thiago/Documents/Thiago/CodeToAnalyze/okhttp/samples/guide/src/main/java/okhttp3/recipes/CustomCipherSuites.java,okhttp3.recipes.CustomCipherSuites,CustomCipherSuites/0,spec,1
/Users/thiago/Documents/Thiago/CodeToAnalyze/okhttp/samples/guide/src/main/java/okhttp3/recipes/CustomCipherSuites.java,okhttp3.recipes.CustomCipherSuites,defaultTrustManager/0,trustManagerFactory,2
/Users/thiago/Documents/Thiago/CodeToAnalyze/okhttp/samples/guide/src/main/java/okhttp3/recipes/CustomCipherSuites.java,okhttp3.recipes.CustomCipherSuites,defaultTrustManager/0,trustManagers,4
/Users/thiago/Documents/Thiago/CodeToAnalyze/okhttp/samples/guide/src/main/java/okhttp3/recipes/CustomCipherSuites.java,okhttp3.recipes.CustomCipherSuites,run/0,request,1
/Users/thiago/Documents/Thiago/CodeToAnalyze/okhttp/samples/guide/src/main/java/okhttp3/recipes/CustomCipherSuites.java,okhttp3.recipes.CustomCipherSuites,run/0,response,4
/Users/thiago/Documents/Thiago/CodeToAnalyze/okhttp/samples/guide/src/main/java/okhttp3/recipes/CustomCipherSuites.java,okhttp3.recipes.CustomCipherSuites,main/1[java.lang.String[]],args,0
/Users/thiago/Documents/Thiago/CodeToAnalyze/okhttp/samples/guide/src/main/java/okhttp3/recipes/CustomCipherSuites.java,okhttp3.recipes.CustomCipherSuites,defaultSslSocketFactory/1[javax.net.ssl.X509TrustManager],sslContext,2
/Users/thiago/Documents/Thiago/CodeToAnalyze/okhttp/samples/guide/src/main/java/okhttp3/recipes/CustomCipherSuites.java,okhttp3.recipes.CustomCipherSuites,defaultSslSocketFactory/1[javax.net.ssl.X509TrustManager],trustManager,1
/Users/thiago/Documents/Thiago/CodeToAnalyze/okhttp/samples/guide/src/main/java/okhttp3/recipes/PostMultipart.java,okhttp3.recipes.PostMultipart,main/1[java.lang.String[]],args,0
/Users/thiago/Documents/Thiago/CodeToAnalyze/okhttp/samples/guide/src/main/java/okhttp3/recipes/PostMultipart.java,okhttp3.recipes.PostMultipart,run/0,request,1
/Users/thiago/Documents/Thiago/CodeToAnalyze/okhttp/samples/guide/src/main/java/okhttp3/recipes/PostMultipart.java,okhttp3.recipes.PostMultipart,run/0,requestBody,1
/Users/thiago/Documents/Thiago/CodeToAnalyze/okhttp/samples/guide/src/main/java/okhttp3/recipes/PostMultipart.java,okhttp3.recipes.PostMultipart,run/0,response,3
/Users/thiago/Documents/Thiago/CodeToAnalyze/okhttp/samples/guide/src/main/java/okhttp3/recipes/Progress.java,okhttp3.recipes.Progress$ProgressResponseBody,source/1[okhttp3.recipes.Source],source,1
/Users/thiago/Documents/Thiago/CodeToAnalyze/okhttp/samples/guide/src/main/java/okhttp3/recipes/Progress.java,okhttp3.recipes.Progress$ProgressResponseBody,"ProgressResponseBody/2[okhttp3.recipes.ResponseBody,okhttp3.recipes.Progress.ProgressListener]",progressListener,2
/Users/thiago/Documents/Thiago/CodeToAnalyze/okhttp/samples/guide/src/main/java/okhttp3/recipes/Progress.java,okhttp3.recipes.Progress$ProgressResponseBody,"ProgressResponseBody/2[okhttp3.recipes.ResponseBody,okhttp3.recipes.Progress.ProgressListener]",responseBody,2
/Users/thiago/Documents/Thiago/CodeToAnalyze/okhttp/module-tests/src/main/java/okhttp3/modules/OkHttpCaller.java,okhttp3.modules.OkHttpCaller,callOkHttp/1[okhttp3.modules.HttpUrl],client,1
/Users/thiago/Documents/Thiago/CodeToAnalyze/okhttp/module-tests/src/main/java/okhttp3/modules/OkHttpCaller.java,okhttp3.modules.OkHttpCaller,callOkHttp/1[okhttp3.modules.HttpUrl],url,2
/Users/thiago/Documents/Thiago/CodeToAnalyze/okhttp/samples/guide/src/main/java/okhttp3/recipes/AsynchronousGet.java,okhttp3.recipes.AsynchronousGet,run/0,request,1
/Users/thiago/Documents/Thiago/CodeToAnalyze/okhttp/samples/guide/src/main/java/okhttp3/recipes/AsynchronousGet.java,okhttp3.recipes.AsynchronousGet,main/1[java.lang.String[]],args,0
/Users/thiago/Documents/Thiago/CodeToAnalyze/okhttp/samples/guide/src/main/java/okhttp3/recipes/PerCallSettings.java,okhttp3.recipes.PerCallSettings,main/1[java.lang.String[]],args,0
/Users/thiago/Documents/Thiago/CodeToAnalyze/okhttp/samples/guide/src/main/java/okhttp3/recipes/PerCallSettings.java,okhttp3.recipes.PerCallSettings,run/0,request,2
/Users/thiago/Documents/Thiago/CodeToAnalyze/okhttp/samples/guide/src/main/java/okhttp3/recipes/PerCallSettings.java,okhttp3.recipes.PerCallSettings,run/0,e,3
/Users/thiago/Documents/Thiago/CodeToAnalyze/okhttp/samples/guide/src/main/java/okhttp3/recipes/PerCallSettings.java,okhttp3.recipes.PerCallSettings,run/0,response,3
/Users/thiago/Documents/Thiago/CodeToAnalyze/okhttp/samples/guide/src/main/java/okhttp3/recipes/PerCallSettings.java,okhttp3.recipes.PerCallSettings,run/0,client2,1
/Users/thiago/Documents/Thiago/CodeToAnalyze/okhttp/samples/guide/src/main/java/okhttp3/recipes/PerCallSettings.java,okhttp3.recipes.PerCallSettings,run/0,client1,1
/Users/thiago/Documents/Thiago/CodeToAnalyze/okhttp/samples/guide/src/main/java/okhttp3/recipes/PrintEvents.java,okhttp3.recipes.PrintEvents$PrintingEventListener$Anonymous3,create/1[okhttp3.recipes.Call],call,1
/Users/thiago/Documents/Thiago/CodeToAnalyze/okhttp/samples/guide/src/main/java/okhttp3/recipes/PrintEvents.java,okhttp3.recipes.PrintEvents$PrintingEventListener$Anonymous3,create/1[okhttp3.recipes.Call],callId,2
/Users/thiago/Documents/Thiago/CodeToAnalyze/okhttp/samples/unixdomainsockets/src/main/java/okhttp3/unixdomainsockets/ClientAndServer.java,okhttp3.unixdomainsockets.ClientAndServer,run/0,server,5
/Users/thiago/Documents/Thiago/CodeToAnalyze/okhttp/samples/unixdomainsockets/src/main/java/okhttp3/unixdomainsockets/ClientAndServer.java,okhttp3.unixdomainsockets.ClientAndServer,run/0,request,1
/Users/thiago/Documents/Thiago/CodeToAnalyze/okhttp/samples/unixdomainsockets/src/main/java/okhttp3/unixdomainsockets/ClientAndServer.java,okhttp3.unixdomainsockets.ClientAndServer,run/0,response,1
/Users/thiago/Documents/Thiago/CodeToAnalyze/okhttp/samples/unixdomainsockets/src/main/java/okhttp3/unixdomainsockets/ClientAndServer.java,okhttp3.unixdomainsockets.ClientAndServer,run/0,socketFile,4
/Users/thiago/Documents/Thiago/CodeToAnalyze/okhttp/samples/unixdomainsockets/src/main/java/okhttp3/unixdomainsockets/ClientAndServer.java,okhttp3.unixdomainsockets.ClientAndServer,run/0,client,1
/Users/thiago/Documents/Thiago/CodeToAnalyze/okhttp/samples/unixdomainsockets/src/main/java/okhttp3/unixdomainsockets/ClientAndServer.java,okhttp3.unixdomainsockets.ClientAndServer,main/1[java.lang.String[]],args,0
/Users/thiago/Documents/Thiago/CodeToAnalyze/okhttp/regression-test/src/androidTest/java/okhttp/regression/IssueReproductionTest.java,okhttp.regression.IssueReproductionTest,"sendRequest/2[okhttp.regression.OkHttpClient,java.lang.String]",request,1
/Users/thiago/Documents/Thiago/CodeToAnalyze/okhttp/regression-test/src/androidTest/java/okhttp/regression/IssueReproductionTest.java,okhttp.regression.IssueReproductionTest,"sendRequest/2[okhttp.regression.OkHttpClient,java.lang.String]",c,1
/Users/thiago/Documents/Thiago/CodeToAnalyze/okhttp/regression-test/src/androidTest/java/okhttp/regression/IssueReproductionTest.java,okhttp.regression.IssueReproductionTest,"sendRequest/2[okhttp.regression.OkHttpClient,java.lang.String]",response,4
/Users/thiago/Documents/Thiago/CodeToAnalyze/okhttp/regression-test/src/androidTest/java/okhttp/regression/IssueReproductionTest.java,okhttp.regression.IssueReproductionTest,"sendRequest/2[okhttp.regression.OkHttpClient,java.lang.String]",x,1
/Users/thiago/Documents/Thiago/CodeToAnalyze/okhttp/regression-test/src/androidTest/java/okhttp/regression/IssueReproductionTest.java,okhttp.regression.IssueReproductionTest,"sendRequest/2[okhttp.regression.OkHttpClient,java.lang.String]",client,1
/Users/thiago/Documents/Thiago/CodeToAnalyze/okhttp/regression-test/src/androidTest/java/okhttp/regression/IssueReproductionTest.java,okhttp.regression.IssueReproductionTest,"sendRequest/2[okhttp.regression.OkHttpClient,java.lang.String]",url,2
/Users/thiago/Documents/Thiago/CodeToAnalyze/okhttp/regression-test/src/androidTest/java/okhttp/regression/IssueReproductionTest.java,okhttp.regression.IssueReproductionTest,getFailsWithoutAdditionalCert/0,client,1
/Users/thiago/Documents/Thiago/CodeToAnalyze/okhttp/samples/slack/src/main/java/okhttp3/slack/SlackApi.java,okhttp3.slack.SlackApi,rtmStart/1[java.lang.String],call,1
/Users/thiago/Documents/Thiago/CodeToAnalyze/okhttp/samples/slack/src/main/java/okhttp3/slack/SlackApi.java,okhttp3.slack.SlackApi,rtmStart/1[java.lang.String],request,1
/Users/thiago/Documents/Thiago/CodeToAnalyze/okhttp/samples/slack/src/main/java/okhttp3/slack/SlackApi.java,okhttp3.slack.SlackApi,rtmStart/1[java.lang.String],jsonAdapter,1
/Users/thiago/Documents/Thiago/CodeToAnalyze/okhttp/samples/slack/src/main/java/okhttp3/slack/SlackApi.java,okhttp3.slack.SlackApi,rtmStart/1[java.lang.String],response,1
/Users/thiago/Documents/Thiago/CodeToAnalyze/okhttp/samples/slack/src/main/java/okhttp3/slack/SlackApi.java,okhttp3.slack.SlackApi,rtmStart/1[java.lang.String],accessToken,1
/Users/thiago/Documents/Thiago/CodeToAnalyze/okhttp/samples/slack/src/main/java/okhttp3/slack/SlackApi.java,okhttp3.slack.SlackApi,rtmStart/1[java.lang.String],url,2
/Users/thiago/Documents/Thiago/CodeToAnalyze/okhttp/samples/slack/src/main/java/okhttp3/slack/SlackApi.java,okhttp3.slack.SlackApi,"authorizeUrl/4[java.lang.String,okhttp3.slack.HttpUrl,okhttp3.slack.ByteString,java.lang.String]",redirectUrl,1
/Users/thiago/Documents/Thiago/CodeToAnalyze/okhttp/samples/slack/src/main/java/okhttp3/slack/SlackApi.java,okhttp3.slack.SlackApi,"authorizeUrl/4[java.lang.String,okhttp3.slack.HttpUrl,okhttp3.slack.ByteString,java.lang.String]",builder,2
/Users/thiago/Documents/Thiago/CodeToAnalyze/okhttp/samples/slack/src/main/java/okhttp3/slack/SlackApi.java,okhttp3.slack.SlackApi,"authorizeUrl/4[java.lang.String,okhttp3.slack.HttpUrl,okhttp3.slack.ByteString,java.lang.String]",scopes,1
/Users/thiago/Documents/Thiago/CodeToAnalyze/okhttp/samples/slack/src/main/java/okhttp3/slack/SlackApi.java,okhttp3.slack.SlackApi,"authorizeUrl/4[java.lang.String,okhttp3.slack.HttpUrl,okhttp3.slack.ByteString,java.lang.String]",state,1
/Users/thiago/Documents/Thiago/CodeToAnalyze/okhttp/samples/slack/src/main/java/okhttp3/slack/SlackApi.java,okhttp3.slack.SlackApi,"authorizeUrl/4[java.lang.String,okhttp3.slack.HttpUrl,okhttp3.slack.ByteString,java.lang.String]",team,2
/Users/thiago/Documents/Thiago/CodeToAnalyze/okhttp/samples/slack/src/main/java/okhttp3/slack/SlackApi.java,okhttp3.slack.SlackApi,"rtm/2[okhttp3.slack.HttpUrl,okhttp3.slack.WebSocketListener]",listener,1
/Users/thiago/Documents/Thiago/CodeToAnalyze/okhttp/samples/slack/src/main/java/okhttp3/slack/SlackApi.java,okhttp3.slack.SlackApi,"rtm/2[okhttp3.slack.HttpUrl,okhttp3.slack.WebSocketListener]",url,2
/Users/thiago/Documents/Thiago/CodeToAnalyze/okhttp/samples/slack/src/main/java/okhttp3/slack/SlackApi.java,okhttp3.slack.SlackApi,"exchangeCode/2[java.lang.String,okhttp3.slack.HttpUrl]",call,1
/Users/thiago/Documents/Thiago/CodeToAnalyze/okhttp/samples/slack/src/main/java/okhttp3/slack/SlackApi.java,okhttp3.slack.SlackApi,"exchangeCode/2[java.lang.String,okhttp3.slack.HttpUrl]",request,1
/Users/thiago/Documents/Thiago/CodeToAnalyze/okhttp/samples/slack/src/main/java/okhttp3/slack/SlackApi.java,okhttp3.slack.SlackApi,"exchangeCode/2[java.lang.String,okhttp3.slack.HttpUrl]",code,1
/Users/thiago/Documents/Thiago/CodeToAnalyze/okhttp/samples/slack/src/main/java/okhttp3/slack/SlackApi.java,okhttp3.slack.SlackApi,"exchangeCode/2[java.lang.String,okhttp3.slack.HttpUrl]",redirectUrl,1
/Users/thiago/Documents/Thiago/CodeToAnalyze/okhttp/samples/slack/src/main/java/okhttp3/slack/SlackApi.java,okhttp3.slack.SlackApi,"exchangeCode/2[java.lang.String,okhttp3.slack.HttpUrl]",jsonAdapter,1
/Users/thiago/Documents/Thiago/CodeToAnalyze/okhttp/samples/slack/src/main/java/okhttp3/slack/SlackApi.java,okhttp3.slack.SlackApi,"exchangeCode/2[java.lang.String,okhttp3.slack.HttpUrl]",response,1
/Users/thiago/Documents/Thiago/CodeToAnalyze/okhttp/samples/slack/src/main/java/okhttp3/slack/SlackApi.java,okhttp3.slack.SlackApi,"exchangeCode/2[java.lang.String,okhttp3.slack.HttpUrl]",url,2
/Users/thiago/Documents/Thiago/CodeToAnalyze/okhttp/samples/slack/src/main/java/okhttp3/slack/SlackApi.java,okhttp3.slack.SlackApi,"SlackApi/3[java.lang.String,java.lang.String,int]",clientId,2
/Users/thiago/Documents/Thiago/CodeToAnalyze/okhttp/samples/slack/src/main/java/okhttp3/slack/SlackApi.java,okhttp3.slack.SlackApi,"SlackApi/3[java.lang.String,java.lang.String,int]",port,2
/Users/thiago/Documents/Thiago/CodeToAnalyze/okhttp/samples/slack/src/main/java/okhttp3/slack/SlackApi.java,okhttp3.slack.SlackApi,"SlackApi/3[java.lang.String,java.lang.String,int]",clientSecret,2
/Users/thiago/Documents/Thiago/CodeToAnalyze/okhttp/samples/guide/src/main/java/okhttp3/recipes/PostStreamingWithPipe.java,okhttp3.recipes.PostStreamingWithPipe$PipeBody,writeTo/1[okhttp3.recipes.BufferedSink],sink,1
/Users/thiago/Documents/Thiago/CodeToAnalyze/okhttp/samples/guide/src/main/java/okhttp3/recipes/CurrentDateHeader.java,okhttp3.recipes.CurrentDateHeader,main/1[java.lang.String[]],args,0
/Users/thiago/Documents/Thiago/CodeToAnalyze/okhttp/samples/guide/src/main/java/okhttp3/recipes/CurrentDateHeader.java,okhttp3.recipes.CurrentDateHeader,run/0,request,2
/Users/thiago/Documents/Thiago/CodeToAnalyze/okhttp/samples/guide/src/main/java/okhttp3/recipes/CurrentDateHeader.java,okhttp3.recipes.CurrentDateHeader,run/0,response,1
/Users/thiago/Documents/Thiago/CodeToAnalyze/okhttp/samples/guide/src/main/java/okhttp3/recipes/Progress.java,okhttp3.recipes.Progress$ProgressListener,"update/3[long,long,boolean]",bytesRead,0
/Users/thiago/Documents/Thiago/CodeToAnalyze/okhttp/samples/guide/src/main/java/okhttp3/recipes/Progress.java,okhttp3.recipes.Progress$ProgressListener,"update/3[long,long,boolean]",contentLength,0
/Users/thiago/Documents/Thiago/CodeToAnalyze/okhttp/samples/guide/src/main/java/okhttp3/recipes/Progress.java,okhttp3.recipes.Progress$ProgressListener,"update/3[long,long,boolean]",done,0
/Users/thiago/Documents/Thiago/CodeToAnalyze/okhttp/samples/unixdomainsockets/src/main/java/okhttp3/unixdomainsockets/UnixDomainServerSocketFactory.java,okhttp3.unixdomainsockets.UnixDomainServerSocketFactory,createServerSocket/1[int],port,0
/Users/thiago/Documents/Thiago/CodeToAnalyze/okhttp/samples/unixdomainsockets/src/main/java/okhttp3/unixdomainsockets/UnixDomainServerSocketFactory.java,okhttp3.unixdomainsockets.UnixDomainServerSocketFactory,"createServerSocket/2[int,int]",backlog,0
/Users/thiago/Documents/Thiago/CodeToAnalyze/okhttp/samples/unixdomainsockets/src/main/java/okhttp3/unixdomainsockets/UnixDomainServerSocketFactory.java,okhttp3.unixdomainsockets.UnixDomainServerSocketFactory,"createServerSocket/2[int,int]",port,0
/Users/thiago/Documents/Thiago/CodeToAnalyze/okhttp/samples/unixdomainsockets/src/main/java/okhttp3/unixdomainsockets/UnixDomainServerSocketFactory.java,okhttp3.unixdomainsockets.UnixDomainServerSocketFactory,"createServerSocket/3[int,int,java.net.InetAddress]",backlog,0
/Users/thiago/Documents/Thiago/CodeToAnalyze/okhttp/samples/unixdomainsockets/src/main/java/okhttp3/unixdomainsockets/UnixDomainServerSocketFactory.java,okhttp3.unixdomainsockets.UnixDomainServerSocketFactory,"createServerSocket/3[int,int,java.net.InetAddress]",inetAddress,0
/Users/thiago/Documents/Thiago/CodeToAnalyze/okhttp/samples/unixdomainsockets/src/main/java/okhttp3/unixdomainsockets/UnixDomainServerSocketFactory.java,okhttp3.unixdomainsockets.UnixDomainServerSocketFactory,"createServerSocket/3[int,int,java.net.InetAddress]",port,0
/Users/thiago/Documents/Thiago/CodeToAnalyze/okhttp/samples/unixdomainsockets/src/main/java/okhttp3/unixdomainsockets/UnixDomainServerSocketFactory.java,okhttp3.unixdomainsockets.UnixDomainServerSocketFactory,UnixDomainServerSocketFactory/1[java.io.File],path,2
/Users/thiago/Documents/Thiago/CodeToAnalyze/okhttp/samples/guide/src/main/java/okhttp3/recipes/PrintEvents.java,okhttp3.recipes.PrintEvents$PrintingEventListener,responseBodyStart/1[okhttp3.recipes.Call],call,0
/Users/thiago/Documents/Thiago/CodeToAnalyze/okhttp/samples/guide/src/main/java/okhttp3/recipes/PrintEvents.java,okhttp3.recipes.PrintEvents$PrintingEventListener,"proxySelectStart/2[okhttp3.recipes.Call,okhttp3.recipes.HttpUrl]",call,0
/Users/thiago/Documents/Thiago/CodeToAnalyze/okhttp/samples/guide/src/main/java/okhttp3/recipes/PrintEvents.java,okhttp3.recipes.PrintEvents$PrintingEventListener,"proxySelectStart/2[okhttp3.recipes.Call,okhttp3.recipes.HttpUrl]",url,0
/Users/thiago/Documents/Thiago/CodeToAnalyze/okhttp/samples/guide/src/main/java/okhttp3/recipes/PrintEvents.java,okhttp3.recipes.PrintEvents$PrintingEventListener,"PrintingEventListener/2[long,long]",callId,2
/Users/thiago/Documents/Thiago/CodeToAnalyze/okhttp/samples/guide/src/main/java/okhttp3/recipes/PrintEvents.java,okhttp3.recipes.PrintEvents$PrintingEventListener,"PrintingEventListener/2[long,long]",callStartNanos,2
/Users/thiago/Documents/Thiago/CodeToAnalyze/okhttp/samples/guide/src/main/java/okhttp3/recipes/PrintEvents.java,okhttp3.recipes.PrintEvents$PrintingEventListener,secureConnectStart/1[okhttp3.recipes.Call],call,0
/Users/thiago/Documents/Thiago/CodeToAnalyze/okhttp/samples/guide/src/main/java/okhttp3/recipes/PrintEvents.java,okhttp3.recipes.PrintEvents$PrintingEventListener,"callFailed/2[okhttp3.recipes.Call,java.io.IOException]",call,0
/Users/thiago/Documents/Thiago/CodeToAnalyze/okhttp/samples/guide/src/main/java/okhttp3/recipes/PrintEvents.java,okhttp3.recipes.PrintEvents$PrintingEventListener,"callFailed/2[okhttp3.recipes.Call,java.io.IOException]",ioe,0
/Users/thiago/Documents/Thiago/CodeToAnalyze/okhttp/samples/guide/src/main/java/okhttp3/recipes/PrintEvents.java,okhttp3.recipes.PrintEvents$PrintingEventListener,"connectFailed/5[okhttp3.recipes.Call,java.net.InetSocketAddress,java.net.Proxy,okhttp3.recipes.Protocol,java.io.IOException]",call,0
/Users/thiago/Documents/Thiago/CodeToAnalyze/okhttp/samples/guide/src/main/java/okhttp3/recipes/PrintEvents.java,okhttp3.recipes.PrintEvents$PrintingEventListener,"connectFailed/5[okhttp3.recipes.Call,java.net.InetSocketAddress,java.net.Proxy,okhttp3.recipes.Protocol,java.io.IOException]",proxy,0
/Users/thiago/Documents/Thiago/CodeToAnalyze/okhttp/samples/guide/src/main/java/okhttp3/recipes/PrintEvents.java,okhttp3.recipes.PrintEvents$PrintingEventListener,"connectFailed/5[okhttp3.recipes.Call,java.net.InetSocketAddress,java.net.Proxy,okhttp3.recipes.Protocol,java.io.IOException]",protocol,0
/Users/thiago/Documents/Thiago/CodeToAnalyze/okhttp/samples/guide/src/main/java/okhttp3/recipes/PrintEvents.java,okhttp3.recipes.PrintEvents$PrintingEventListener,"connectFailed/5[okhttp3.recipes.Call,java.net.InetSocketAddress,java.net.Proxy,okhttp3.recipes.Protocol,java.io.IOException]",inetSocketAddress,0
/Users/thiago/Documents/Thiago/CodeToAnalyze/okhttp/samples/guide/src/main/java/okhttp3/recipes/PrintEvents.java,okhttp3.recipes.PrintEvents$PrintingEventListener,"connectFailed/5[okhttp3.recipes.Call,java.net.InetSocketAddress,java.net.Proxy,okhttp3.recipes.Protocol,java.io.IOException]",ioe,0
/Users/thiago/Documents/Thiago/CodeToAnalyze/okhttp/samples/guide/src/main/java/okhttp3/recipes/PrintEvents.java,okhttp3.recipes.PrintEvents$PrintingEventListener,"responseBodyEnd/2[okhttp3.recipes.Call,long]",call,0
/Users/thiago/Documents/Thiago/CodeToAnalyze/okhttp/samples/guide/src/main/java/okhttp3/recipes/PrintEvents.java,okhttp3.recipes.PrintEvents$PrintingEventListener,"responseBodyEnd/2[okhttp3.recipes.Call,long]",byteCount,0
/Users/thiago/Documents/Thiago/CodeToAnalyze/okhttp/samples/guide/src/main/java/okhttp3/recipes/PrintEvents.java,okhttp3.recipes.PrintEvents$PrintingEventListener,"dnsEnd/3[okhttp3.recipes.Call,java.lang.String,java.util.List<java.net.InetAddress>]",call,0
/Users/thiago/Documents/Thiago/CodeToAnalyze/okhttp/samples/guide/src/main/java/okhttp3/recipes/PrintEvents.java,okhttp3.recipes.PrintEvents$PrintingEventListener,"dnsEnd/3[okhttp3.recipes.Call,java.lang.String,java.util.List<java.net.InetAddress>]",inetAddressList,0
/Users/thiago/Documents/Thiago/CodeToAnalyze/okhttp/samples/guide/src/main/java/okhttp3/recipes/PrintEvents.java,okhttp3.recipes.PrintEvents$PrintingEventListener,"dnsEnd/3[okhttp3.recipes.Call,java.lang.String,java.util.List<java.net.InetAddress>]",domainName,0
/Users/thiago/Documents/Thiago/CodeToAnalyze/okhttp/samples/guide/src/main/java/okhttp3/recipes/PrintEvents.java,okhttp3.recipes.PrintEvents$PrintingEventListener,"responseFailed/2[okhttp3.recipes.Call,java.io.IOException]",call,0
/Users/thiago/Documents/Thiago/CodeToAnalyze/okhttp/samples/guide/src/main/java/okhttp3/recipes/PrintEvents.java,okhttp3.recipes.PrintEvents$PrintingEventListener,"responseFailed/2[okhttp3.recipes.Call,java.io.IOException]",ioe,0
/Users/thiago/Documents/Thiago/CodeToAnalyze/okhttp/samples/guide/src/main/java/okhttp3/recipes/PrintEvents.java,okhttp3.recipes.PrintEvents$PrintingEventListener,requestBodyStart/1[okhttp3.recipes.Call],call,0
/Users/thiago/Documents/Thiago/CodeToAnalyze/okhttp/samples/guide/src/main/java/okhttp3/recipes/PrintEvents.java,okhttp3.recipes.PrintEvents$PrintingEventListener,canceled/1[okhttp3.recipes.Call],call,0
/Users/thiago/Documents/Thiago/CodeToAnalyze/okhttp/samples/guide/src/main/java/okhttp3/recipes/PrintEvents.java,okhttp3.recipes.PrintEvents$PrintingEventListener,"connectionReleased/2[okhttp3.recipes.Call,okhttp3.recipes.Connection]",call,0
/Users/thiago/Documents/Thiago/CodeToAnalyze/okhttp/samples/guide/src/main/java/okhttp3/recipes/PrintEvents.java,okhttp3.recipes.PrintEvents$PrintingEventListener,"connectionReleased/2[okhttp3.recipes.Call,okhttp3.recipes.Connection]",connection,0
/Users/thiago/Documents/Thiago/CodeToAnalyze/okhttp/samples/guide/src/main/java/okhttp3/recipes/PrintEvents.java,okhttp3.recipes.PrintEvents$PrintingEventListener,"connectEnd/4[okhttp3.recipes.Call,java.net.InetSocketAddress,java.net.Proxy,okhttp3.recipes.Protocol]",call,0
/Users/thiago/Documents/Thiago/CodeToAnalyze/okhttp/samples/guide/src/main/java/okhttp3/recipes/PrintEvents.java,okhttp3.recipes.PrintEvents$PrintingEventListener,"connectEnd/4[okhttp3.recipes.Call,java.net.InetSocketAddress,java.net.Proxy,okhttp3.recipes.Protocol]",proxy,0
/Users/thiago/Documents/Thiago/CodeToAnalyze/okhttp/samples/guide/src/main/java/okhttp3/recipes/PrintEvents.java,okhttp3.recipes.PrintEvents$PrintingEventListener,"connectEnd/4[okhttp3.recipes.Call,java.net.InetSocketAddress,java.net.Proxy,okhttp3.recipes.Protocol]",protocol,0
/Users/thiago/Documents/Thiago/CodeToAnalyze/okhttp/samples/guide/src/main/java/okhttp3/recipes/PrintEvents.java,okhttp3.recipes.PrintEvents$PrintingEventListener,"connectEnd/4[okhttp3.recipes.Call,java.net.InetSocketAddress,java.net.Proxy,okhttp3.recipes.Protocol]",inetSocketAddress,0
/Users/thiago/Documents/Thiago/CodeToAnalyze/okhttp/samples/guide/src/main/java/okhttp3/recipes/PrintEvents.java,okhttp3.recipes.PrintEvents$PrintingEventListener,"secureConnectEnd/2[okhttp3.recipes.Call,okhttp3.recipes.Handshake]",call,0
/Users/thiago/Documents/Thiago/CodeToAnalyze/okhttp/samples/guide/src/main/java/okhttp3/recipes/PrintEvents.java,okhttp3.recipes.PrintEvents$PrintingEventListener,"secureConnectEnd/2[okhttp3.recipes.Call,okhttp3.recipes.Handshake]",handshake,0
/Users/thiago/Documents/Thiago/CodeToAnalyze/okhttp/samples/guide/src/main/java/okhttp3/recipes/PrintEvents.java,okhttp3.recipes.PrintEvents$PrintingEventListener,callEnd/1[okhttp3.recipes.Call],call,0
/Users/thiago/Documents/Thiago/CodeToAnalyze/okhttp/samples/guide/src/main/java/okhttp3/recipes/PrintEvents.java,okhttp3.recipes.PrintEvents$PrintingEventListener,printEvent/1[java.lang.String],elapsedNanos,1
/Users/thiago/Documents/Thiago/CodeToAnalyze/okhttp/samples/guide/src/main/java/okhttp3/recipes/PrintEvents.java,okhttp3.recipes.PrintEvents$PrintingEventListener,printEvent/1[java.lang.String],name,1
/Users/thiago/Documents/Thiago/CodeToAnalyze/okhttp/samples/guide/src/main/java/okhttp3/recipes/PrintEvents.java,okhttp3.recipes.PrintEvents$PrintingEventListener,"requestBodyEnd/2[okhttp3.recipes.Call,long]",call,0
/Users/thiago/Documents/Thiago/CodeToAnalyze/okhttp/samples/guide/src/main/java/okhttp3/recipes/PrintEvents.java,okhttp3.recipes.PrintEvents$PrintingEventListener,"requestBodyEnd/2[okhttp3.recipes.Call,long]",byteCount,0
/Users/thiago/Documents/Thiago/CodeToAnalyze/okhttp/samples/guide/src/main/java/okhttp3/recipes/PrintEvents.java,okhttp3.recipes.PrintEvents$PrintingEventListener,"requestFailed/2[okhttp3.recipes.Call,java.io.IOException]",call,0
/Users/thiago/Documents/Thiago/CodeToAnalyze/okhttp/samples/guide/src/main/java/okhttp3/recipes/PrintEvents.java,okhttp3.recipes.PrintEvents$PrintingEventListener,"requestFailed/2[okhttp3.recipes.Call,java.io.IOException]",ioe,0
/Users/thiago/Documents/Thiago/CodeToAnalyze/okhttp/samples/guide/src/main/java/okhttp3/recipes/PrintEvents.java,okhttp3.recipes.PrintEvents$PrintingEventListener,responseHeadersStart/1[okhttp3.recipes.Call],call,0
/Users/thiago/Documents/Thiago/CodeToAnalyze/okhttp/samples/guide/src/main/java/okhttp3/recipes/PrintEvents.java,okhttp3.recipes.PrintEvents$PrintingEventListener,"connectStart/3[okhttp3.recipes.Call,java.net.InetSocketAddress,java.net.Proxy]",call,0
/Users/thiago/Documents/Thiago/CodeToAnalyze/okhttp/samples/guide/src/main/java/okhttp3/recipes/PrintEvents.java,okhttp3.recipes.PrintEvents$PrintingEventListener,"connectStart/3[okhttp3.recipes.Call,java.net.InetSocketAddress,java.net.Proxy]",proxy,0
/Users/thiago/Documents/Thiago/CodeToAnalyze/okhttp/samples/guide/src/main/java/okhttp3/recipes/PrintEvents.java,okhttp3.recipes.PrintEvents$PrintingEventListener,"connectStart/3[okhttp3.recipes.Call,java.net.InetSocketAddress,java.net.Proxy]",inetSocketAddress,0
/Users/thiago/Documents/Thiago/CodeToAnalyze/okhttp/samples/guide/src/main/java/okhttp3/recipes/PrintEvents.java,okhttp3.recipes.PrintEvents$PrintingEventListener,"requestHeadersEnd/2[okhttp3.recipes.Call,okhttp3.recipes.Request]",call,0
/Users/thiago/Documents/Thiago/CodeToAnalyze/okhttp/samples/guide/src/main/java/okhttp3/recipes/PrintEvents.java,okhttp3.recipes.PrintEvents$PrintingEventListener,"requestHeadersEnd/2[okhttp3.recipes.Call,okhttp3.recipes.Request]",request,0
/Users/thiago/Documents/Thiago/CodeToAnalyze/okhttp/samples/guide/src/main/java/okhttp3/recipes/PrintEvents.java,okhttp3.recipes.PrintEvents$PrintingEventListener,requestHeadersStart/1[okhttp3.recipes.Call],call,0
/Users/thiago/Documents/Thiago/CodeToAnalyze/okhttp/samples/guide/src/main/java/okhttp3/recipes/PrintEvents.java,okhttp3.recipes.PrintEvents$PrintingEventListener,"dnsStart/2[okhttp3.recipes.Call,java.lang.String]",call,0
/Users/thiago/Documents/Thiago/CodeToAnalyze/okhttp/samples/guide/src/main/java/okhttp3/recipes/PrintEvents.java,okhttp3.recipes.PrintEvents$PrintingEventListener,"dnsStart/2[okhttp3.recipes.Call,java.lang.String]",domainName,0
/Users/thiago/Documents/Thiago/CodeToAnalyze/okhttp/samples/guide/src/main/java/okhttp3/recipes/PrintEvents.java,okhttp3.recipes.PrintEvents$PrintingEventListener,"proxySelectEnd/3[okhttp3.recipes.Call,okhttp3.recipes.HttpUrl,java.util.List<java.net.Proxy>]",call,0
/Users/thiago/Documents/Thiago/CodeToAnalyze/okhttp/samples/guide/src/main/java/okhttp3/recipes/PrintEvents.java,okhttp3.recipes.PrintEvents$PrintingEventListener,"proxySelectEnd/3[okhttp3.recipes.Call,okhttp3.recipes.HttpUrl,java.util.List<java.net.Proxy>]",proxies,0
/Users/thiago/Documents/Thiago/CodeToAnalyze/okhttp/samples/guide/src/main/java/okhttp3/recipes/PrintEvents.java,okhttp3.recipes.PrintEvents$PrintingEventListener,"proxySelectEnd/3[okhttp3.recipes.Call,okhttp3.recipes.HttpUrl,java.util.List<java.net.Proxy>]",url,0
/Users/thiago/Documents/Thiago/CodeToAnalyze/okhttp/samples/guide/src/main/java/okhttp3/recipes/PrintEvents.java,okhttp3.recipes.PrintEvents$PrintingEventListener,callStart/1[okhttp3.recipes.Call],call,0
/Users/thiago/Documents/Thiago/CodeToAnalyze/okhttp/samples/guide/src/main/java/okhttp3/recipes/PrintEvents.java,okhttp3.recipes.PrintEvents$PrintingEventListener,"responseHeadersEnd/2[okhttp3.recipes.Call,okhttp3.recipes.Response]",call,0
/Users/thiago/Documents/Thiago/CodeToAnalyze/okhttp/samples/guide/src/main/java/okhttp3/recipes/PrintEvents.java,okhttp3.recipes.PrintEvents$PrintingEventListener,"responseHeadersEnd/2[okhttp3.recipes.Call,okhttp3.recipes.Response]",response,0
/Users/thiago/Documents/Thiago/CodeToAnalyze/okhttp/samples/guide/src/main/java/okhttp3/recipes/PrintEvents.java,okhttp3.recipes.PrintEvents$PrintingEventListener,"connectionAcquired/2[okhttp3.recipes.Call,okhttp3.recipes.Connection]",call,0
/Users/thiago/Documents/Thiago/CodeToAnalyze/okhttp/samples/guide/src/main/java/okhttp3/recipes/PrintEvents.java,okhttp3.recipes.PrintEvents$PrintingEventListener,"connectionAcquired/2[okhttp3.recipes.Call,okhttp3.recipes.Connection]",connection,0
/Users/thiago/Documents/Thiago/CodeToAnalyze/okhttp/samples/guide/src/main/java/okhttp3/recipes/CheckHandshake.java,okhttp3.recipes.CheckHandshake$Anonymous1,intercept/1[okhttp3.recipes.Chain],chain,3
/Users/thiago/Documents/Thiago/CodeToAnalyze/okhttp/samples/guide/src/main/java/okhttp3/recipes/CheckHandshake.java,okhttp3.recipes.CheckHandshake$Anonymous1,intercept/1[okhttp3.recipes.Chain],pin,3
/Users/thiago/Documents/Thiago/CodeToAnalyze/okhttp/samples/guide/src/main/java/okhttp3/recipes/CheckHandshake.java,okhttp3.recipes.CheckHandshake$Anonymous1,intercept/1[okhttp3.recipes.Chain],certificate,1
/Users/thiago/Documents/Thiago/CodeToAnalyze/okhttp/samples/guide/src/main/java/okhttp3/recipes/SynchronousGet.java,okhttp3.recipes.SynchronousGet,run/0,request,1
/Users/thiago/Documents/Thiago/CodeToAnalyze/okhttp/samples/guide/src/main/java/okhttp3/recipes/SynchronousGet.java,okhttp3.recipes.SynchronousGet,run/0,responseHeaders,3
/Users/thiago/Documents/Thiago/CodeToAnalyze/okhttp/samples/guide/src/main/java/okhttp3/recipes/SynchronousGet.java,okhttp3.recipes.SynchronousGet,run/0,response,4
/Users/thiago/Documents/Thiago/CodeToAnalyze/okhttp/samples/guide/src/main/java/okhttp3/recipes/SynchronousGet.java,okhttp3.recipes.SynchronousGet,run/0,i,4
/Users/thiago/Documents/Thiago/CodeToAnalyze/okhttp/samples/guide/src/main/java/okhttp3/recipes/SynchronousGet.java,okhttp3.recipes.SynchronousGet,main/1[java.lang.String[]],args,0
/Users/thiago/Documents/Thiago/CodeToAnalyze/okhttp/samples/crawler/src/main/java/okhttp3/sample/Crawler.java,okhttp3.sample.Crawler,fetch/1[okhttp3.sample.HttpUrl],request,2
/Users/thiago/Documents/Thiago/CodeToAnalyze/okhttp/samples/crawler/src/main/java/okhttp3/sample/Crawler.java,okhttp3.sample.Crawler,fetch/1[okhttp3.sample.HttpUrl],previous,2
/Users/thiago/Documents/Thiago/CodeToAnalyze/okhttp/samples/crawler/src/main/java/okhttp3/sample/Crawler.java,okhttp3.sample.Crawler,fetch/1[okhttp3.sample.HttpUrl],linkWithoutFragment,1
/Users/thiago/Documents/Thiago/CodeToAnalyze/okhttp/samples/crawler/src/main/java/okhttp3/sample/Crawler.java,okhttp3.sample.Crawler,fetch/1[okhttp3.sample.HttpUrl],document,1
/Users/thiago/Documents/Thiago/CodeToAnalyze/okhttp/samples/crawler/src/main/java/okhttp3/sample/Crawler.java,okhttp3.sample.Crawler,fetch/1[okhttp3.sample.HttpUrl],link,2
/Users/thiago/Documents/Thiago/CodeToAnalyze/okhttp/samples/crawler/src/main/java/okhttp3/sample/Crawler.java,okhttp3.sample.Crawler,fetch/1[okhttp3.sample.HttpUrl],mediaType,2
/Users/thiago/Documents/Thiago/CodeToAnalyze/okhttp/samples/crawler/src/main/java/okhttp3/sample/Crawler.java,okhttp3.sample.Crawler,fetch/1[okhttp3.sample.HttpUrl],url,6
/Users/thiago/Documents/Thiago/CodeToAnalyze/okhttp/samples/crawler/src/main/java/okhttp3/sample/Crawler.java,okhttp3.sample.Crawler,fetch/1[okhttp3.sample.HttpUrl],responseCode,2
/Users/thiago/Documents/Thiago/CodeToAnalyze/okhttp/samples/crawler/src/main/java/okhttp3/sample/Crawler.java,okhttp3.sample.Crawler,fetch/1[okhttp3.sample.HttpUrl],response,7
/Users/thiago/Documents/Thiago/CodeToAnalyze/okhttp/samples/crawler/src/main/java/okhttp3/sample/Crawler.java,okhttp3.sample.Crawler,fetch/1[okhttp3.sample.HttpUrl],href,1
/Users/thiago/Documents/Thiago/CodeToAnalyze/okhttp/samples/crawler/src/main/java/okhttp3/sample/Crawler.java,okhttp3.sample.Crawler,fetch/1[okhttp3.sample.HttpUrl],contentType,2
/Users/thiago/Documents/Thiago/CodeToAnalyze/okhttp/samples/crawler/src/main/java/okhttp3/sample/Crawler.java,okhttp3.sample.Crawler,fetch/1[okhttp3.sample.HttpUrl],responseSource,1
/Users/thiago/Documents/Thiago/CodeToAnalyze/okhttp/samples/crawler/src/main/java/okhttp3/sample/Crawler.java,okhttp3.sample.Crawler,fetch/1[okhttp3.sample.HttpUrl],hostnameCount,3
/Users/thiago/Documents/Thiago/CodeToAnalyze/okhttp/samples/crawler/src/main/java/okhttp3/sample/Crawler.java,okhttp3.sample.Crawler,fetch/1[okhttp3.sample.HttpUrl],element,1
/Users/thiago/Documents/Thiago/CodeToAnalyze/okhttp/samples/crawler/src/main/java/okhttp3/sample/Crawler.java,okhttp3.sample.Crawler,main/1[java.lang.String[]],args,3
/Users/thiago/Documents/Thiago/CodeToAnalyze/okhttp/samples/crawler/src/main/java/okhttp3/sample/Crawler.java,okhttp3.sample.Crawler,main/1[java.lang.String[]],queueLimit,1
/Users/thiago/Documents/Thiago/CodeToAnalyze/okhttp/samples/crawler/src/main/java/okhttp3/sample/Crawler.java,okhttp3.sample.Crawler,main/1[java.lang.String[]],cache,2
/Users/thiago/Documents/Thiago/CodeToAnalyze/okhttp/samples/crawler/src/main/java/okhttp3/sample/Crawler.java,okhttp3.sample.Crawler,main/1[java.lang.String[]],crawler,2
/Users/thiago/Documents/Thiago/CodeToAnalyze/okhttp/samples/crawler/src/main/java/okhttp3/sample/Crawler.java,okhttp3.sample.Crawler,main/1[java.lang.String[]],cacheByteCount,1
/Users/thiago/Documents/Thiago/CodeToAnalyze/okhttp/samples/crawler/src/main/java/okhttp3/sample/Crawler.java,okhttp3.sample.Crawler,main/1[java.lang.String[]],threadCount,1
/Users/thiago/Documents/Thiago/CodeToAnalyze/okhttp/samples/crawler/src/main/java/okhttp3/sample/Crawler.java,okhttp3.sample.Crawler,main/1[java.lang.String[]],client,1
/Users/thiago/Documents/Thiago/CodeToAnalyze/okhttp/samples/crawler/src/main/java/okhttp3/sample/Crawler.java,okhttp3.sample.Crawler,main/1[java.lang.String[]],hostLimit,1
/Users/thiago/Documents/Thiago/CodeToAnalyze/okhttp/samples/crawler/src/main/java/okhttp3/sample/Crawler.java,okhttp3.sample.Crawler,drainQueue/0,originalName,1
/Users/thiago/Documents/Thiago/CodeToAnalyze/okhttp/samples/crawler/src/main/java/okhttp3/sample/Crawler.java,okhttp3.sample.Crawler,drainQueue/0,currentThread,4
/Users/thiago/Documents/Thiago/CodeToAnalyze/okhttp/samples/crawler/src/main/java/okhttp3/sample/Crawler.java,okhttp3.sample.Crawler,drainQueue/0,e,1
/Users/thiago/Documents/Thiago/CodeToAnalyze/okhttp/samples/crawler/src/main/java/okhttp3/sample/Crawler.java,okhttp3.sample.Crawler,drainQueue/0,url,5
/Users/thiago/Documents/Thiago/CodeToAnalyze/okhttp/samples/crawler/src/main/java/okhttp3/sample/Crawler.java,okhttp3.sample.Crawler,"Crawler/3[okhttp3.sample.OkHttpClient,int,int]",queueLimit,1
/Users/thiago/Documents/Thiago/CodeToAnalyze/okhttp/samples/crawler/src/main/java/okhttp3/sample/Crawler.java,okhttp3.sample.Crawler,"Crawler/3[okhttp3.sample.OkHttpClient,int,int]",client,2
/Users/thiago/Documents/Thiago/CodeToAnalyze/okhttp/samples/crawler/src/main/java/okhttp3/sample/Crawler.java,okhttp3.sample.Crawler,"Crawler/3[okhttp3.sample.OkHttpClient,int,int]",hostLimit,2
/Users/thiago/Documents/Thiago/CodeToAnalyze/okhttp/samples/crawler/src/main/java/okhttp3/sample/Crawler.java,okhttp3.sample.Crawler,parallelDrainQueue/1[int],e,1
/Users/thiago/Documents/Thiago/CodeToAnalyze/okhttp/samples/crawler/src/main/java/okhttp3/sample/Crawler.java,okhttp3.sample.Crawler,parallelDrainQueue/1[int],executor,2
/Users/thiago/Documents/Thiago/CodeToAnalyze/okhttp/samples/crawler/src/main/java/okhttp3/sample/Crawler.java,okhttp3.sample.Crawler,parallelDrainQueue/1[int],threadCount,2
/Users/thiago/Documents/Thiago/CodeToAnalyze/okhttp/samples/crawler/src/main/java/okhttp3/sample/Crawler.java,okhttp3.sample.Crawler,parallelDrainQueue/1[int],i,2
/Users/thiago/Documents/Thiago/CodeToAnalyze/okhttp/regression-test/src/androidTest/java/okhttp/regression/compare/OkHttpClientTest.java,okhttp.regression.compare.OkHttpClientTest,get/0,request,1
/Users/thiago/Documents/Thiago/CodeToAnalyze/okhttp/regression-test/src/androidTest/java/okhttp/regression/compare/OkHttpClientTest.java,okhttp.regression.compare.OkHttpClientTest,get/0,response,2
/Users/thiago/Documents/Thiago/CodeToAnalyze/okhttp/regression-test/src/androidTest/java/okhttp/regression/compare/OkHttpClientTest.java,okhttp.regression.compare.OkHttpClientTest,get/0,client,1
/Users/thiago/Documents/Thiago/CodeToAnalyze/okhttp/okhttp-zstd/src/test/java/okhttp3/zstd/ZstdInterceptorJavaTest.java,okhttp3.zstd.ZstdInterceptorJavaTest,testConstructor/0,interceptor,0
/Users/thiago/Documents/Thiago/CodeToAnalyze/okhttp/samples/guide/src/main/java/okhttp3/recipes/UploadProgress.java,okhttp3.recipes.UploadProgress$ProgressListener,"update/3[long,long,boolean]",bytesWritten,0
/Users/thiago/Documents/Thiago/CodeToAnalyze/okhttp/samples/guide/src/main/java/okhttp3/recipes/UploadProgress.java,okhttp3.recipes.UploadProgress$ProgressListener,"update/3[long,long,boolean]",contentLength,0
/Users/thiago/Documents/Thiago/CodeToAnalyze/okhttp/samples/guide/src/main/java/okhttp3/recipes/UploadProgress.java,okhttp3.recipes.UploadProgress$ProgressListener,"update/3[long,long,boolean]",done,0
/Users/thiago/Documents/Thiago/CodeToAnalyze/okhttp/samples/guide/src/main/java/okhttp3/recipes/LoggingInterceptors.java,okhttp3.recipes.LoggingInterceptors,main/1[java.lang.String[]],args,0
/Users/thiago/Documents/Thiago/CodeToAnalyze/okhttp/samples/guide/src/main/java/okhttp3/recipes/LoggingInterceptors.java,okhttp3.recipes.LoggingInterceptors,run/0,request,1
/Users/thiago/Documents/Thiago/CodeToAnalyze/okhttp/samples/guide/src/main/java/okhttp3/recipes/LoggingInterceptors.java,okhttp3.recipes.LoggingInterceptors,run/0,response,1
/Users/thiago/Documents/Thiago/CodeToAnalyze/okhttp/module-tests/src/test/java/okhttp3/modules/test/JavaModuleTest.java,okhttp3.modules.test.JavaModuleTest,testModules/0,okHttpModule,2
/Users/thiago/Documents/Thiago/CodeToAnalyze/okhttp/module-tests/src/test/java/okhttp3/modules/test/JavaModuleTest.java,okhttp3.modules.test.JavaModuleTest,testModules/0,loggingInterceptorModule,2
/Users/thiago/Documents/Thiago/CodeToAnalyze/okhttp/module-tests/src/test/java/okhttp3/modules/test/JavaModuleTest.java,okhttp3.modules.test.JavaModuleTest,testMockWebServer/0,call,1
/Users/thiago/Documents/Thiago/CodeToAnalyze/okhttp/module-tests/src/test/java/okhttp3/modules/test/JavaModuleTest.java,okhttp3.modules.test.JavaModuleTest,testMockWebServer/0,server,3
/Users/thiago/Documents/Thiago/CodeToAnalyze/okhttp/module-tests/src/test/java/okhttp3/modules/test/JavaModuleTest.java,okhttp3.modules.test.JavaModuleTest,testMockWebServer/0,response,1
/Users/thiago/Documents/Thiago/CodeToAnalyze/okhttp/samples/guide/src/main/java/okhttp3/recipes/PreemptiveAuth.java,okhttp3.recipes.PreemptiveAuth$BasicAuthInterceptor,"BasicAuthInterceptor/3[java.lang.String,java.lang.String,java.lang.String]",password,1
/Users/thiago/Documents/Thiago/CodeToAnalyze/okhttp/samples/guide/src/main/java/okhttp3/recipes/PreemptiveAuth.java,okhttp3.recipes.PreemptiveAuth$BasicAuthInterceptor,"BasicAuthInterceptor/3[java.lang.String,java.lang.String,java.lang.String]",host,2
/Users/thiago/Documents/Thiago/CodeToAnalyze/okhttp/samples/guide/src/main/java/okhttp3/recipes/PreemptiveAuth.java,okhttp3.recipes.PreemptiveAuth$BasicAuthInterceptor,"BasicAuthInterceptor/3[java.lang.String,java.lang.String,java.lang.String]",username,1
/Users/thiago/Documents/Thiago/CodeToAnalyze/okhttp/samples/guide/src/main/java/okhttp3/recipes/PreemptiveAuth.java,okhttp3.recipes.PreemptiveAuth$BasicAuthInterceptor,intercept/1[okhttp3.recipes.Chain],request,5
/Users/thiago/Documents/Thiago/CodeToAnalyze/okhttp/samples/guide/src/main/java/okhttp3/recipes/PreemptiveAuth.java,okhttp3.recipes.PreemptiveAuth$BasicAuthInterceptor,intercept/1[okhttp3.recipes.Chain],chain,2
/Users/thiago/Documents/Thiago/CodeToAnalyze/okhttp/samples/guide/src/main/java/okhttp3/recipes/CustomTrust.java,okhttp3.recipes.CustomTrust,main/1[java.lang.String[]],args,0
/Users/thiago/Documents/Thiago/CodeToAnalyze/okhttp/samples/guide/src/main/java/okhttp3/recipes/CustomTrust.java,okhttp3.recipes.CustomTrust,CustomTrust/0,certificates,2
/Users/thiago/Documents/Thiago/CodeToAnalyze/okhttp/samples/guide/src/main/java/okhttp3/recipes/CustomTrust.java,okhttp3.recipes.CustomTrust,run/0,request,1
/Users/thiago/Documents/Thiago/CodeToAnalyze/okhttp/samples/guide/src/main/java/okhttp3/recipes/CustomTrust.java,okhttp3.recipes.CustomTrust,run/0,responseHeaders,3
/Users/thiago/Documents/Thiago/CodeToAnalyze/okhttp/samples/guide/src/main/java/okhttp3/recipes/CustomTrust.java,okhttp3.recipes.CustomTrust,run/0,response,4
/Users/thiago/Documents/Thiago/CodeToAnalyze/okhttp/samples/guide/src/main/java/okhttp3/recipes/CustomTrust.java,okhttp3.recipes.CustomTrust,run/0,i,4
/Users/thiago/Documents/Thiago/CodeToAnalyze/okhttp/samples/guide/src/main/java/okhttp3/recipes/PostForm.java,okhttp3.recipes.PostForm,run/0,request,1
/Users/thiago/Documents/Thiago/CodeToAnalyze/okhttp/samples/guide/src/main/java/okhttp3/recipes/PostForm.java,okhttp3.recipes.PostForm,run/0,formBody,1
/Users/thiago/Documents/Thiago/CodeToAnalyze/okhttp/samples/guide/src/main/java/okhttp3/recipes/PostForm.java,okhttp3.recipes.PostForm,run/0,response,3
/Users/thiago/Documents/Thiago/CodeToAnalyze/okhttp/samples/guide/src/main/java/okhttp3/recipes/PostForm.java,okhttp3.recipes.PostForm,main/1[java.lang.String[]],args,0
/Users/thiago/Documents/Thiago/CodeToAnalyze/okhttp/samples/guide/src/main/java/okhttp3/recipes/AsynchronousGet.java,okhttp3.recipes.AsynchronousGet$Anonymous1,"onResponse/2[okhttp3.recipes.Call,okhttp3.recipes.Response]",call,0
/Users/thiago/Documents/Thiago/CodeToAnalyze/okhttp/samples/guide/src/main/java/okhttp3/recipes/AsynchronousGet.java,okhttp3.recipes.AsynchronousGet$Anonymous1,"onResponse/2[okhttp3.recipes.Call,okhttp3.recipes.Response]",responseBody,1
/Users/thiago/Documents/Thiago/CodeToAnalyze/okhttp/samples/guide/src/main/java/okhttp3/recipes/AsynchronousGet.java,okhttp3.recipes.AsynchronousGet$Anonymous1,"onResponse/2[okhttp3.recipes.Call,okhttp3.recipes.Response]",responseHeaders,3
/Users/thiago/Documents/Thiago/CodeToAnalyze/okhttp/samples/guide/src/main/java/okhttp3/recipes/AsynchronousGet.java,okhttp3.recipes.AsynchronousGet$Anonymous1,"onResponse/2[okhttp3.recipes.Call,okhttp3.recipes.Response]",size,2
/Users/thiago/Documents/Thiago/CodeToAnalyze/okhttp/samples/guide/src/main/java/okhttp3/recipes/AsynchronousGet.java,okhttp3.recipes.AsynchronousGet$Anonymous1,"onResponse/2[okhttp3.recipes.Call,okhttp3.recipes.Response]",response,4
/Users/thiago/Documents/Thiago/CodeToAnalyze/okhttp/samples/guide/src/main/java/okhttp3/recipes/AsynchronousGet.java,okhttp3.recipes.AsynchronousGet$Anonymous1,"onResponse/2[okhttp3.recipes.Call,okhttp3.recipes.Response]",i,4
/Users/thiago/Documents/Thiago/CodeToAnalyze/okhttp/samples/guide/src/main/java/okhttp3/recipes/AsynchronousGet.java,okhttp3.recipes.AsynchronousGet$Anonymous1,"onFailure/2[okhttp3.recipes.Call,java.io.IOException]",call,0
/Users/thiago/Documents/Thiago/CodeToAnalyze/okhttp/samples/guide/src/main/java/okhttp3/recipes/AsynchronousGet.java,okhttp3.recipes.AsynchronousGet$Anonymous1,"onFailure/2[okhttp3.recipes.Call,java.io.IOException]",e,1
/Users/thiago/Documents/Thiago/CodeToAnalyze/okhttp/samples/guide/src/main/java/okhttp3/recipes/RequestBodyCompression.java,okhttp3.recipes.RequestBodyCompression,main/1[java.lang.String[]],args,0
/Users/thiago/Documents/Thiago/CodeToAnalyze/okhttp/samples/guide/src/main/java/okhttp3/recipes/RequestBodyCompression.java,okhttp3.recipes.RequestBodyCompression,run/0,request,1
/Users/thiago/Documents/Thiago/CodeToAnalyze/okhttp/samples/guide/src/main/java/okhttp3/recipes/RequestBodyCompression.java,okhttp3.recipes.RequestBodyCompression,run/0,requestBody,2
/Users/thiago/Documents/Thiago/CodeToAnalyze/okhttp/samples/guide/src/main/java/okhttp3/recipes/RequestBodyCompression.java,okhttp3.recipes.RequestBodyCompression,run/0,response,3
/Users/thiago/Documents/Thiago/CodeToAnalyze/okhttp/samples/guide/src/main/java/okhttp3/recipes/RequestBodyCompression.java,okhttp3.recipes.RequestBodyCompression,run/0,jsonRequestBody,1
/Users/thiago/Documents/Thiago/CodeToAnalyze/okhttp/samples/guide/src/main/java/okhttp3/recipes/Progress.java,okhttp3.recipes.Progress$ProgressResponseBody$Anonymous2,"read/2[okhttp3.recipes.Buffer,long]",sink,1
/Users/thiago/Documents/Thiago/CodeToAnalyze/okhttp/samples/guide/src/main/java/okhttp3/recipes/Progress.java,okhttp3.recipes.Progress$ProgressResponseBody$Anonymous2,"read/2[okhttp3.recipes.Buffer,long]",byteCount,1
/Users/thiago/Documents/Thiago/CodeToAnalyze/okhttp/samples/guide/src/main/java/okhttp3/recipes/Progress.java,okhttp3.recipes.Progress$ProgressResponseBody$Anonymous2,"read/2[okhttp3.recipes.Buffer,long]",bytesRead,4
/Users/thiago/Documents/Thiago/CodeToAnalyze/okhttp/samples/guide/src/main/java/okhttp3/recipes/PrintEvents.java,okhttp3.recipes.PrintEvents$Anonymous1,"onFailure/2[okhttp3.recipes.Call,java.io.IOException]",call,0
/Users/thiago/Documents/Thiago/CodeToAnalyze/okhttp/samples/guide/src/main/java/okhttp3/recipes/PrintEvents.java,okhttp3.recipes.PrintEvents$Anonymous1,"onFailure/2[okhttp3.recipes.Call,java.io.IOException]",e,0
/Users/thiago/Documents/Thiago/CodeToAnalyze/okhttp/samples/guide/src/main/java/okhttp3/recipes/PrintEvents.java,okhttp3.recipes.PrintEvents$Anonymous1,"onResponse/2[okhttp3.recipes.Call,okhttp3.recipes.Response]",call,0
/Users/thiago/Documents/Thiago/CodeToAnalyze/okhttp/samples/guide/src/main/java/okhttp3/recipes/PrintEvents.java,okhttp3.recipes.PrintEvents$Anonymous1,"onResponse/2[okhttp3.recipes.Call,okhttp3.recipes.Response]",response,1
/Users/thiago/Documents/Thiago/CodeToAnalyze/okhttp/samples/guide/src/main/java/okhttp3/recipes/PrintEvents.java,okhttp3.recipes.PrintEvents$Anonymous1,"onResponse/2[okhttp3.recipes.Call,okhttp3.recipes.Response]",body,2
/Users/thiago/Documents/Thiago/CodeToAnalyze/okhttp/regression-test/src/androidTest/java/okhttp/regression/LetsEncryptTest.java,okhttp.regression.LetsEncryptTest,getFailsWithoutAdditionalCert/0,androidMorEarlier,2
/Users/thiago/Documents/Thiago/CodeToAnalyze/okhttp/regression-test/src/androidTest/java/okhttp/regression/LetsEncryptTest.java,okhttp.regression.LetsEncryptTest,getFailsWithoutAdditionalCert/0,sslhe,0
/Users/thiago/Documents/Thiago/CodeToAnalyze/okhttp/regression-test/src/androidTest/java/okhttp/regression/LetsEncryptTest.java,okhttp.regression.LetsEncryptTest,getFailsWithoutAdditionalCert/0,client,1
/Users/thiago/Documents/Thiago/CodeToAnalyze/okhttp/regression-test/src/androidTest/java/okhttp/regression/LetsEncryptTest.java,okhttp.regression.LetsEncryptTest,getPassesAdditionalCert/0,androidMorEarlier,3
/Users/thiago/Documents/Thiago/CodeToAnalyze/okhttp/regression-test/src/androidTest/java/okhttp/regression/LetsEncryptTest.java,okhttp.regression.LetsEncryptTest,getPassesAdditionalCert/0,cf,1
/Users/thiago/Documents/Thiago/CodeToAnalyze/okhttp/regression-test/src/androidTest/java/okhttp/regression/LetsEncryptTest.java,okhttp.regression.LetsEncryptTest,getPassesAdditionalCert/0,sslhe,0
/Users/thiago/Documents/Thiago/CodeToAnalyze/okhttp/regression-test/src/androidTest/java/okhttp/regression/LetsEncryptTest.java,okhttp.regression.LetsEncryptTest,getPassesAdditionalCert/0,certificates,2
/Users/thiago/Documents/Thiago/CodeToAnalyze/okhttp/regression-test/src/androidTest/java/okhttp/regression/LetsEncryptTest.java,okhttp.regression.LetsEncryptTest,getPassesAdditionalCert/0,isgCert,1
/Users/thiago/Documents/Thiago/CodeToAnalyze/okhttp/regression-test/src/androidTest/java/okhttp/regression/LetsEncryptTest.java,okhttp.regression.LetsEncryptTest,getPassesAdditionalCert/0,builder,2
/Users/thiago/Documents/Thiago/CodeToAnalyze/okhttp/regression-test/src/androidTest/java/okhttp/regression/LetsEncryptTest.java,okhttp.regression.LetsEncryptTest,getPassesAdditionalCert/0,client,2
/Users/thiago/Documents/Thiago/CodeToAnalyze/okhttp/regression-test/src/androidTest/java/okhttp/regression/LetsEncryptTest.java,okhttp.regression.LetsEncryptTest,getPassesAdditionalCert/0,isgCertificate,1
/Users/thiago/Documents/Thiago/CodeToAnalyze/okhttp/regression-test/src/androidTest/java/okhttp/regression/LetsEncryptTest.java,okhttp.regression.LetsEncryptTest,"sendRequest/2[okhttp.regression.OkHttpClient,java.lang.String]",request,1
/Users/thiago/Documents/Thiago/CodeToAnalyze/okhttp/regression-test/src/androidTest/java/okhttp/regression/LetsEncryptTest.java,okhttp.regression.LetsEncryptTest,"sendRequest/2[okhttp.regression.OkHttpClient,java.lang.String]",response,3
/Users/thiago/Documents/Thiago/CodeToAnalyze/okhttp/regression-test/src/androidTest/java/okhttp/regression/LetsEncryptTest.java,okhttp.regression.LetsEncryptTest,"sendRequest/2[okhttp.regression.OkHttpClient,java.lang.String]",client,1
/Users/thiago/Documents/Thiago/CodeToAnalyze/okhttp/regression-test/src/androidTest/java/okhttp/regression/LetsEncryptTest.java,okhttp.regression.LetsEncryptTest,"sendRequest/2[okhttp.regression.OkHttpClient,java.lang.String]",url,2
/Users/thiago/Documents/Thiago/CodeToAnalyze/okhttp/samples/guide/src/main/java/okhttp3/recipes/PrintEvents.java,okhttp3.recipes.PrintEvents$Anonymous2,"onResponse/2[okhttp3.recipes.Call,okhttp3.recipes.Response]",call,0
/Users/thiago/Documents/Thiago/CodeToAnalyze/okhttp/samples/guide/src/main/java/okhttp3/recipes/PrintEvents.java,okhttp3.recipes.PrintEvents$Anonymous2,"onResponse/2[okhttp3.recipes.Call,okhttp3.recipes.Response]",response,1
/Users/thiago/Documents/Thiago/CodeToAnalyze/okhttp/samples/guide/src/main/java/okhttp3/recipes/PrintEvents.java,okhttp3.recipes.PrintEvents$Anonymous2,"onResponse/2[okhttp3.recipes.Call,okhttp3.recipes.Response]",body,2
/Users/thiago/Documents/Thiago/CodeToAnalyze/okhttp/samples/guide/src/main/java/okhttp3/recipes/PrintEvents.java,okhttp3.recipes.PrintEvents$Anonymous2,"onFailure/2[okhttp3.recipes.Call,java.io.IOException]",call,0
/Users/thiago/Documents/Thiago/CodeToAnalyze/okhttp/samples/guide/src/main/java/okhttp3/recipes/PrintEvents.java,okhttp3.recipes.PrintEvents$Anonymous2,"onFailure/2[okhttp3.recipes.Call,java.io.IOException]",e,0
/Users/thiago/Documents/Thiago/CodeToAnalyze/okhttp/samples/guide/src/main/java/okhttp3/recipes/PostStreamingWithPipe.java,okhttp3.recipes.PostStreamingWithPipe,main/1[java.lang.String[]],args,0
/Users/thiago/Documents/Thiago/CodeToAnalyze/okhttp/samples/guide/src/main/java/okhttp3/recipes/PostStreamingWithPipe.java,okhttp3.recipes.PostStreamingWithPipe,streamPrimesToSinkAsynchronously/1[okhttp3.recipes.BufferedSink],sink,0
/Users/thiago/Documents/Thiago/CodeToAnalyze/okhttp/samples/guide/src/main/java/okhttp3/recipes/PostStreamingWithPipe.java,okhttp3.recipes.PostStreamingWithPipe,streamPrimesToSinkAsynchronously/1[okhttp3.recipes.BufferedSink],thread,1
/Users/thiago/Documents/Thiago/CodeToAnalyze/okhttp/samples/guide/src/main/java/okhttp3/recipes/PostStreamingWithPipe.java,okhttp3.recipes.PostStreamingWithPipe,run/0,request,1
/Users/thiago/Documents/Thiago/CodeToAnalyze/okhttp/samples/guide/src/main/java/okhttp3/recipes/PostStreamingWithPipe.java,okhttp3.recipes.PostStreamingWithPipe,run/0,response,3
/Users/thiago/Documents/Thiago/CodeToAnalyze/okhttp/samples/guide/src/main/java/okhttp3/recipes/PostStreamingWithPipe.java,okhttp3.recipes.PostStreamingWithPipe,run/0,pipeBody,2
/Users/thiago/Documents/Thiago/CodeToAnalyze/okhttp/samples/guide/src/main/java/okhttp3/recipes/AccessHeaders.java,okhttp3.recipes.AccessHeaders,run/0,request,1
/Users/thiago/Documents/Thiago/CodeToAnalyze/okhttp/samples/guide/src/main/java/okhttp3/recipes/AccessHeaders.java,okhttp3.recipes.AccessHeaders,run/0,response,5
/Users/thiago/Documents/Thiago/CodeToAnalyze/okhttp/samples/guide/src/main/java/okhttp3/recipes/AccessHeaders.java,okhttp3.recipes.AccessHeaders,main/1[java.lang.String[]],args,0
/Users/thiago/Documents/Thiago/CodeToAnalyze/okhttp/samples/slack/src/main/java/okhttp3/slack/RtmSession.java,okhttp3.slack.RtmSession,"onMessage/2[okhttp3.slack.WebSocket,java.lang.String]",webSocket,0
/Users/thiago/Documents/Thiago/CodeToAnalyze/okhttp/samples/slack/src/main/java/okhttp3/slack/RtmSession.java,okhttp3.slack.RtmSession,"onMessage/2[okhttp3.slack.WebSocket,java.lang.String]",text,1
/Users/thiago/Documents/Thiago/CodeToAnalyze/okhttp/samples/slack/src/main/java/okhttp3/slack/RtmSession.java,okhttp3.slack.RtmSession,close/0,webSocket,4
/Users/thiago/Documents/Thiago/CodeToAnalyze/okhttp/samples/slack/src/main/java/okhttp3/slack/RtmSession.java,okhttp3.slack.RtmSession,open/1[java.lang.String],rtmStartResponse,1
/Users/thiago/Documents/Thiago/CodeToAnalyze/okhttp/samples/slack/src/main/java/okhttp3/slack/RtmSession.java,okhttp3.slack.RtmSession,open/1[java.lang.String],accessToken,1
/Users/thiago/Documents/Thiago/CodeToAnalyze/okhttp/samples/slack/src/main/java/okhttp3/slack/RtmSession.java,okhttp3.slack.RtmSession,"onClosing/3[okhttp3.slack.WebSocket,int,java.lang.String]",webSocket,1
/Users/thiago/Documents/Thiago/CodeToAnalyze/okhttp/samples/slack/src/main/java/okhttp3/slack/RtmSession.java,okhttp3.slack.RtmSession,"onClosing/3[okhttp3.slack.WebSocket,int,java.lang.String]",reason,1
/Users/thiago/Documents/Thiago/CodeToAnalyze/okhttp/samples/slack/src/main/java/okhttp3/slack/RtmSession.java,okhttp3.slack.RtmSession,"onClosing/3[okhttp3.slack.WebSocket,int,java.lang.String]",code,1
/Users/thiago/Documents/Thiago/CodeToAnalyze/okhttp/samples/slack/src/main/java/okhttp3/slack/RtmSession.java,okhttp3.slack.RtmSession,"onOpen/2[okhttp3.slack.WebSocket,okhttp3.slack.Response]",webSocket,0
/Users/thiago/Documents/Thiago/CodeToAnalyze/okhttp/samples/slack/src/main/java/okhttp3/slack/RtmSession.java,okhttp3.slack.RtmSession,"onOpen/2[okhttp3.slack.WebSocket,okhttp3.slack.Response]",response,1
/Users/thiago/Documents/Thiago/CodeToAnalyze/okhttp/samples/slack/src/main/java/okhttp3/slack/RtmSession.java,okhttp3.slack.RtmSession,RtmSession/1[okhttp3.slack.SlackApi],slackApi,2
/Users/thiago/Documents/Thiago/CodeToAnalyze/okhttp/samples/slack/src/main/java/okhttp3/slack/RtmSession.java,okhttp3.slack.RtmSession,"onFailure/3[okhttp3.slack.WebSocket,java.lang.Throwable,okhttp3.slack.Response]",webSocket,0
/Users/thiago/Documents/Thiago/CodeToAnalyze/okhttp/samples/slack/src/main/java/okhttp3/slack/RtmSession.java,okhttp3.slack.RtmSession,"onFailure/3[okhttp3.slack.WebSocket,java.lang.Throwable,okhttp3.slack.Response]",t,0
/Users/thiago/Documents/Thiago/CodeToAnalyze/okhttp/samples/slack/src/main/java/okhttp3/slack/RtmSession.java,okhttp3.slack.RtmSession,"onFailure/3[okhttp3.slack.WebSocket,java.lang.Throwable,okhttp3.slack.Response]",response,1
/Users/thiago/Documents/Thiago/CodeToAnalyze/okhttp/samples/guide/src/main/java/okhttp3/recipes/Progress.java,okhttp3.recipes.Progress,main/1[java.lang.String[]],args,0
/Users/thiago/Documents/Thiago/CodeToAnalyze/okhttp/samples/guide/src/main/java/okhttp3/recipes/Progress.java,okhttp3.recipes.Progress,run/0,progressListener,1
/Users/thiago/Documents/Thiago/CodeToAnalyze/okhttp/samples/guide/src/main/java/okhttp3/recipes/Progress.java,okhttp3.recipes.Progress,run/0,request,2
/Users/thiago/Documents/Thiago/CodeToAnalyze/okhttp/samples/guide/src/main/java/okhttp3/recipes/Progress.java,okhttp3.recipes.Progress,run/0,chain,2
/Users/thiago/Documents/Thiago/CodeToAnalyze/okhttp/samples/guide/src/main/java/okhttp3/recipes/Progress.java,okhttp3.recipes.Progress,run/0,response,3
/Users/thiago/Documents/Thiago/CodeToAnalyze/okhttp/samples/guide/src/main/java/okhttp3/recipes/Progress.java,okhttp3.recipes.Progress,run/0,client,1
/Users/thiago/Documents/Thiago/CodeToAnalyze/okhttp/samples/guide/src/main/java/okhttp3/recipes/Progress.java,okhttp3.recipes.Progress,run/0,originalResponse,2
/Users/thiago/Documents/Thiago/CodeToAnalyze/okhttp/samples/slack/src/main/java/okhttp3/slack/OAuthSessionFactory.java,okhttp3.slack.OAuthSessionFactory,randomToken/0,bytes,2
/Users/thiago/Documents/Thiago/CodeToAnalyze/okhttp/samples/slack/src/main/java/okhttp3/slack/OAuthSessionFactory.java,okhttp3.slack.OAuthSessionFactory,dispatch/1[okhttp3.slack.RecordedRequest],request,1
/Users/thiago/Documents/Thiago/CodeToAnalyze/okhttp/samples/slack/src/main/java/okhttp3/slack/OAuthSessionFactory.java,okhttp3.slack.OAuthSessionFactory,dispatch/1[okhttp3.slack.RecordedRequest],code,2
/Users/thiago/Documents/Thiago/CodeToAnalyze/okhttp/samples/slack/src/main/java/okhttp3/slack/OAuthSessionFactory.java,okhttp3.slack.OAuthSessionFactory,dispatch/1[okhttp3.slack.RecordedRequest],e,1
/Users/thiago/Documents/Thiago/CodeToAnalyze/okhttp/samples/slack/src/main/java/okhttp3/slack/OAuthSessionFactory.java,okhttp3.slack.OAuthSessionFactory,dispatch/1[okhttp3.slack.RecordedRequest],requestUrl,2
/Users/thiago/Documents/Thiago/CodeToAnalyze/okhttp/samples/slack/src/main/java/okhttp3/slack/OAuthSessionFactory.java,okhttp3.slack.OAuthSessionFactory,dispatch/1[okhttp3.slack.RecordedRequest],session,1
/Users/thiago/Documents/Thiago/CodeToAnalyze/okhttp/samples/slack/src/main/java/okhttp3/slack/OAuthSessionFactory.java,okhttp3.slack.OAuthSessionFactory,dispatch/1[okhttp3.slack.RecordedRequest],listener,3
/Users/thiago/Documents/Thiago/CodeToAnalyze/okhttp/samples/slack/src/main/java/okhttp3/slack/OAuthSessionFactory.java,okhttp3.slack.OAuthSessionFactory,dispatch/1[okhttp3.slack.RecordedRequest],stateString,2
/Users/thiago/Documents/Thiago/CodeToAnalyze/okhttp/samples/slack/src/main/java/okhttp3/slack/OAuthSessionFactory.java,okhttp3.slack.OAuthSessionFactory,dispatch/1[okhttp3.slack.RecordedRequest],state,2
/Users/thiago/Documents/Thiago/CodeToAnalyze/okhttp/samples/slack/src/main/java/okhttp3/slack/OAuthSessionFactory.java,okhttp3.slack.OAuthSessionFactory,OAuthSessionFactory/1[okhttp3.slack.SlackApi],slackApi,2
/Users/thiago/Documents/Thiago/CodeToAnalyze/okhttp/samples/slack/src/main/java/okhttp3/slack/OAuthSessionFactory.java,okhttp3.slack.OAuthSessionFactory,"newAuthorizeUrl/3[java.lang.String,java.lang.String,okhttp3.slack.OAuthSessionFactory.Listener]",listener,1
/Users/thiago/Documents/Thiago/CodeToAnalyze/okhttp/samples/slack/src/main/java/okhttp3/slack/OAuthSessionFactory.java,okhttp3.slack.OAuthSessionFactory,"newAuthorizeUrl/3[java.lang.String,java.lang.String,okhttp3.slack.OAuthSessionFactory.Listener]",scopes,1
/Users/thiago/Documents/Thiago/CodeToAnalyze/okhttp/samples/slack/src/main/java/okhttp3/slack/OAuthSessionFactory.java,okhttp3.slack.OAuthSessionFactory,"newAuthorizeUrl/3[java.lang.String,java.lang.String,okhttp3.slack.OAuthSessionFactory.Listener]",team,1
/Users/thiago/Documents/Thiago/CodeToAnalyze/okhttp/samples/slack/src/main/java/okhttp3/slack/OAuthSessionFactory.java,okhttp3.slack.OAuthSessionFactory,"newAuthorizeUrl/3[java.lang.String,java.lang.String,okhttp3.slack.OAuthSessionFactory.Listener]",state,2
/Users/thiago/Documents/Thiago/CodeToAnalyze/okhttp/samples/slack/src/main/java/okhttp3/slack/OAuthSessionFactory.java,okhttp3.slack.OAuthSessionFactory,close/0,ignored,0
/Users/thiago/Documents/Thiago/CodeToAnalyze/okhttp/samples/guide/src/main/java/okhttp3/recipes/CancelCall.java,okhttp3.recipes.CancelCall,main/1[java.lang.String[]],args,0
/Users/thiago/Documents/Thiago/CodeToAnalyze/okhttp/samples/guide/src/main/java/okhttp3/recipes/CancelCall.java,okhttp3.recipes.CancelCall,run/0,call,2
/Users/thiago/Documents/Thiago/CodeToAnalyze/okhttp/samples/guide/src/main/java/okhttp3/recipes/CancelCall.java,okhttp3.recipes.CancelCall,run/0,request,1
/Users/thiago/Documents/Thiago/CodeToAnalyze/okhttp/samples/guide/src/main/java/okhttp3/recipes/CancelCall.java,okhttp3.recipes.CancelCall,run/0,e,1
/Users/thiago/Documents/Thiago/CodeToAnalyze/okhttp/samples/guide/src/main/java/okhttp3/recipes/CancelCall.java,okhttp3.recipes.CancelCall,run/0,response,1
/Users/thiago/Documents/Thiago/CodeToAnalyze/okhttp/samples/guide/src/main/java/okhttp3/recipes/CancelCall.java,okhttp3.recipes.CancelCall,run/0,startNanos,5
/Users/thiago/Documents/Thiago/CodeToAnalyze/okhttp/samples/guide/src/main/java/okhttp3/recipes/CertificatePinning.java,okhttp3.recipes.CertificatePinning,main/1[java.lang.String[]],args,0
/Users/thiago/Documents/Thiago/CodeToAnalyze/okhttp/samples/guide/src/main/java/okhttp3/recipes/CertificatePinning.java,okhttp3.recipes.CertificatePinning,run/0,request,1
/Users/thiago/Documents/Thiago/CodeToAnalyze/okhttp/samples/guide/src/main/java/okhttp3/recipes/CertificatePinning.java,okhttp3.recipes.CertificatePinning,run/0,response,3
/Users/thiago/Documents/Thiago/CodeToAnalyze/okhttp/samples/guide/src/main/java/okhttp3/recipes/CertificatePinning.java,okhttp3.recipes.CertificatePinning,run/0,certificate,1
/Users/thiago/Documents/Thiago/CodeToAnalyze/okhttp/samples/static-server/src/main/java/okhttp3/sample/SampleServer.java,okhttp3.sample.SampleServer,"SampleServer/3[javax.net.ssl.SSLContext,java.lang.String,int]",port,2
/Users/thiago/Documents/Thiago/CodeToAnalyze/okhttp/samples/static-server/src/main/java/okhttp3/sample/SampleServer.java,okhttp3.sample.SampleServer,"SampleServer/3[javax.net.ssl.SSLContext,java.lang.String,int]",root,2
/Users/thiago/Documents/Thiago/CodeToAnalyze/okhttp/samples/static-server/src/main/java/okhttp3/sample/SampleServer.java,okhttp3.sample.SampleServer,"SampleServer/3[javax.net.ssl.SSLContext,java.lang.String,int]",sslContext,2
/Users/thiago/Documents/Thiago/CodeToAnalyze/okhttp/samples/static-server/src/main/java/okhttp3/sample/SampleServer.java,okhttp3.sample.SampleServer,"fileToResponse/2[java.lang.String,java.io.File]",path,1
/Users/thiago/Documents/Thiago/CodeToAnalyze/okhttp/samples/static-server/src/main/java/okhttp3/sample/SampleServer.java,okhttp3.sample.SampleServer,"fileToResponse/2[java.lang.String,java.io.File]",file,1
/Users/thiago/Documents/Thiago/CodeToAnalyze/okhttp/samples/static-server/src/main/java/okhttp3/sample/SampleServer.java,okhttp3.sample.SampleServer,contentType/1[java.lang.String],path,6
/Users/thiago/Documents/Thiago/CodeToAnalyze/okhttp/samples/static-server/src/main/java/okhttp3/sample/SampleServer.java,okhttp3.sample.SampleServer,main/1[java.lang.String[]],args,5
/Users/thiago/Documents/Thiago/CodeToAnalyze/okhttp/samples/static-server/src/main/java/okhttp3/sample/SampleServer.java,okhttp3.sample.SampleServer,main/1[java.lang.String[]],server,1
/Users/thiago/Documents/Thiago/CodeToAnalyze/okhttp/samples/static-server/src/main/java/okhttp3/sample/SampleServer.java,okhttp3.sample.SampleServer,main/1[java.lang.String[]],password,1
/Users/thiago/Documents/Thiago/CodeToAnalyze/okhttp/samples/static-server/src/main/java/okhttp3/sample/SampleServer.java,okhttp3.sample.SampleServer,main/1[java.lang.String[]],port,1
/Users/thiago/Documents/Thiago/CodeToAnalyze/okhttp/samples/static-server/src/main/java/okhttp3/sample/SampleServer.java,okhttp3.sample.SampleServer,main/1[java.lang.String[]],root,1
/Users/thiago/Documents/Thiago/CodeToAnalyze/okhttp/samples/static-server/src/main/java/okhttp3/sample/SampleServer.java,okhttp3.sample.SampleServer,main/1[java.lang.String[]],sslContext,2
/Users/thiago/Documents/Thiago/CodeToAnalyze/okhttp/samples/static-server/src/main/java/okhttp3/sample/SampleServer.java,okhttp3.sample.SampleServer,main/1[java.lang.String[]],keystoreFile,1
/Users/thiago/Documents/Thiago/CodeToAnalyze/okhttp/samples/static-server/src/main/java/okhttp3/sample/SampleServer.java,okhttp3.sample.SampleServer,"directoryToResponse/2[java.lang.String,java.io.File]",file,2
/Users/thiago/Documents/Thiago/CodeToAnalyze/okhttp/samples/static-server/src/main/java/okhttp3/sample/SampleServer.java,okhttp3.sample.SampleServer,"directoryToResponse/2[java.lang.String,java.io.File]",basePath,5
/Users/thiago/Documents/Thiago/CodeToAnalyze/okhttp/samples/static-server/src/main/java/okhttp3/sample/SampleServer.java,okhttp3.sample.SampleServer,"directoryToResponse/2[java.lang.String,java.io.File]",response,5
/Users/thiago/Documents/Thiago/CodeToAnalyze/okhttp/samples/static-server/src/main/java/okhttp3/sample/SampleServer.java,okhttp3.sample.SampleServer,"directoryToResponse/2[java.lang.String,java.io.File]",directory,1
/Users/thiago/Documents/Thiago/CodeToAnalyze/okhttp/samples/static-server/src/main/java/okhttp3/sample/SampleServer.java,okhttp3.sample.SampleServer,"sslContext/2[java.lang.String,java.lang.String]",password,2
/Users/thiago/Documents/Thiago/CodeToAnalyze/okhttp/samples/static-server/src/main/java/okhttp3/sample/SampleServer.java,okhttp3.sample.SampleServer,"sslContext/2[java.lang.String,java.lang.String]",keyManagerFactory,2
/Users/thiago/Documents/Thiago/CodeToAnalyze/okhttp/samples/static-server/src/main/java/okhttp3/sample/SampleServer.java,okhttp3.sample.SampleServer,"sslContext/2[java.lang.String,java.lang.String]",in,1
/Users/thiago/Documents/Thiago/CodeToAnalyze/okhttp/samples/static-server/src/main/java/okhttp3/sample/SampleServer.java,okhttp3.sample.SampleServer,"sslContext/2[java.lang.String,java.lang.String]",sslContext,2
/Users/thiago/Documents/Thiago/CodeToAnalyze/okhttp/samples/static-server/src/main/java/okhttp3/sample/SampleServer.java,okhttp3.sample.SampleServer,"sslContext/2[java.lang.String,java.lang.String]",keystoreFile,1
/Users/thiago/Documents/Thiago/CodeToAnalyze/okhttp/samples/static-server/src/main/java/okhttp3/sample/SampleServer.java,okhttp3.sample.SampleServer,"sslContext/2[java.lang.String,java.lang.String]",keystore,3
/Users/thiago/Documents/Thiago/CodeToAnalyze/okhttp/samples/static-server/src/main/java/okhttp3/sample/SampleServer.java,okhttp3.sample.SampleServer,"sslContext/2[java.lang.String,java.lang.String]",trustManagerFactory,2
/Users/thiago/Documents/Thiago/CodeToAnalyze/okhttp/samples/static-server/src/main/java/okhttp3/sample/SampleServer.java,okhttp3.sample.SampleServer,run/0,server,3
/Users/thiago/Documents/Thiago/CodeToAnalyze/okhttp/samples/static-server/src/main/java/okhttp3/sample/SampleServer.java,okhttp3.sample.SampleServer,dispatch/1[okhttp3.sample.RecordedRequest],request,1
/Users/thiago/Documents/Thiago/CodeToAnalyze/okhttp/samples/static-server/src/main/java/okhttp3/sample/SampleServer.java,okhttp3.sample.SampleServer,dispatch/1[okhttp3.sample.RecordedRequest],path,6
/Users/thiago/Documents/Thiago/CodeToAnalyze/okhttp/samples/static-server/src/main/java/okhttp3/sample/SampleServer.java,okhttp3.sample.SampleServer,dispatch/1[okhttp3.sample.RecordedRequest],file,3
/Users/thiago/Documents/Thiago/CodeToAnalyze/okhttp/samples/static-server/src/main/java/okhttp3/sample/SampleServer.java,okhttp3.sample.SampleServer,dispatch/1[okhttp3.sample.RecordedRequest],e,2
/Users/thiago/Documents/Thiago/CodeToAnalyze/okhttp/samples/static-server/src/main/java/okhttp3/sample/SampleServer.java,okhttp3.sample.SampleServer,fileToBytes/1[java.io.File],result,2
/Users/thiago/Documents/Thiago/CodeToAnalyze/okhttp/samples/static-server/src/main/java/okhttp3/sample/SampleServer.java,okhttp3.sample.SampleServer,fileToBytes/1[java.io.File],file,1
/Users/thiago/Documents/Thiago/CodeToAnalyze/okhttp/samples/guide/src/main/java/okhttp3/recipes/CustomCipherSuites.java,okhttp3.recipes.CustomCipherSuites$Anonymous1,configureSocket/1[javax.net.ssl.SSLSocket],socket,2
/Users/thiago/Documents/Thiago/CodeToAnalyze/okhttp/samples/guide/src/main/java/okhttp3/recipes/PrintEvents.java,okhttp3.recipes.PrintEvents,run/0,washingtonPostRequest,1
/Users/thiago/Documents/Thiago/CodeToAnalyze/okhttp/samples/guide/src/main/java/okhttp3/recipes/PrintEvents.java,okhttp3.recipes.PrintEvents,run/0,newYorkTimesRequest,1
/Users/thiago/Documents/Thiago/CodeToAnalyze/okhttp/samples/guide/src/main/java/okhttp3/recipes/PrintEvents.java,okhttp3.recipes.PrintEvents,main/1[java.lang.String[]],args,0
/Users/thiago/Documents/Thiago/CodeToAnalyze/okhttp/samples/guide/src/main/java/okhttp3/guide/GetExample.java,okhttp3.guide.GetExample,main/1[java.lang.String[]],args,0
/Users/thiago/Documents/Thiago/CodeToAnalyze/okhttp/samples/guide/src/main/java/okhttp3/guide/GetExample.java,okhttp3.guide.GetExample,main/1[java.lang.String[]],response,1
/Users/thiago/Documents/Thiago/CodeToAnalyze/okhttp/samples/guide/src/main/java/okhttp3/guide/GetExample.java,okhttp3.guide.GetExample,main/1[java.lang.String[]],example,1
/Users/thiago/Documents/Thiago/CodeToAnalyze/okhttp/samples/guide/src/main/java/okhttp3/guide/GetExample.java,okhttp3.guide.GetExample,run/1[java.lang.String],request,1
/Users/thiago/Documents/Thiago/CodeToAnalyze/okhttp/samples/guide/src/main/java/okhttp3/guide/GetExample.java,okhttp3.guide.GetExample,run/1[java.lang.String],response,1
/Users/thiago/Documents/Thiago/CodeToAnalyze/okhttp/samples/guide/src/main/java/okhttp3/guide/GetExample.java,okhttp3.guide.GetExample,run/1[java.lang.String],url,2
/Users/thiago/Documents/Thiago/CodeToAnalyze/okhttp/samples/guide/src/main/java/okhttp3/recipes/UploadProgress.java,okhttp3.recipes.UploadProgress$ProgressRequestBody,sink/1[okhttp3.recipes.Sink],sink,1
/Users/thiago/Documents/Thiago/CodeToAnalyze/okhttp/samples/guide/src/main/java/okhttp3/recipes/UploadProgress.java,okhttp3.recipes.UploadProgress$ProgressRequestBody,"ProgressRequestBody/2[okhttp3.recipes.RequestBody,okhttp3.recipes.UploadProgress.ProgressListener]",delegate,2
/Users/thiago/Documents/Thiago/CodeToAnalyze/okhttp/samples/guide/src/main/java/okhttp3/recipes/UploadProgress.java,okhttp3.recipes.UploadProgress$ProgressRequestBody,"ProgressRequestBody/2[okhttp3.recipes.RequestBody,okhttp3.recipes.UploadProgress.ProgressListener]",progressListener,2
/Users/thiago/Documents/Thiago/CodeToAnalyze/okhttp/samples/guide/src/main/java/okhttp3/recipes/UploadProgress.java,okhttp3.recipes.UploadProgress$ProgressRequestBody,writeTo/1[okhttp3.recipes.BufferedSink],sink,2
/Users/thiago/Documents/Thiago/CodeToAnalyze/okhttp/samples/guide/src/main/java/okhttp3/recipes/UploadProgress.java,okhttp3.recipes.UploadProgress$ProgressRequestBody,writeTo/1[okhttp3.recipes.BufferedSink],bufferedSink,2
/Users/thiago/Documents/Thiago/CodeToAnalyze/okhttp/samples/guide/src/main/java/okhttp3/recipes/Authenticate.java,okhttp3.recipes.Authenticate,Authenticate/0,route,0
/Users/thiago/Documents/Thiago/CodeToAnalyze/okhttp/samples/guide/src/main/java/okhttp3/recipes/Authenticate.java,okhttp3.recipes.Authenticate,Authenticate/0,credential,1
/Users/thiago/Documents/Thiago/CodeToAnalyze/okhttp/samples/guide/src/main/java/okhttp3/recipes/Authenticate.java,okhttp3.recipes.Authenticate,Authenticate/0,response,4
/Users/thiago/Documents/Thiago/CodeToAnalyze/okhttp/samples/guide/src/main/java/okhttp3/recipes/Authenticate.java,okhttp3.recipes.Authenticate,run/0,request,1
/Users/thiago/Documents/Thiago/CodeToAnalyze/okhttp/samples/guide/src/main/java/okhttp3/recipes/Authenticate.java,okhttp3.recipes.Authenticate,run/0,response,3
/Users/thiago/Documents/Thiago/CodeToAnalyze/okhttp/samples/guide/src/main/java/okhttp3/recipes/Authenticate.java,okhttp3.recipes.Authenticate,main/1[java.lang.String[]],args,0
/Users/thiago/Documents/Thiago/CodeToAnalyze/okhttp/samples/unixdomainsockets/src/main/java/okhttp3/unixdomainsockets/TunnelingUnixSocket.java,okhttp3.unixdomainsockets.TunnelingUnixSocket,connect/1[java.net.SocketAddress],endpoint,1
/Users/thiago/Documents/Thiago/CodeToAnalyze/okhttp/samples/unixdomainsockets/src/main/java/okhttp3/unixdomainsockets/TunnelingUnixSocket.java,okhttp3.unixdomainsockets.TunnelingUnixSocket,"connect/2[java.net.SocketAddress,int]",endpoint,1
/Users/thiago/Documents/Thiago/CodeToAnalyze/okhttp/samples/unixdomainsockets/src/main/java/okhttp3/unixdomainsockets/TunnelingUnixSocket.java,okhttp3.unixdomainsockets.TunnelingUnixSocket,"connect/2[java.net.SocketAddress,int]",timeout,1
/Users/thiago/Documents/Thiago/CodeToAnalyze/okhttp/samples/unixdomainsockets/src/main/java/okhttp3/unixdomainsockets/TunnelingUnixSocket.java,okhttp3.unixdomainsockets.TunnelingUnixSocket,"TunnelingUnixSocket/3[java.io.File,okhttp3.unixdomainsockets.UnixSocketChannel,java.net.InetSocketAddress]",path,1
/Users/thiago/Documents/Thiago/CodeToAnalyze/okhttp/samples/unixdomainsockets/src/main/java/okhttp3/unixdomainsockets/TunnelingUnixSocket.java,okhttp3.unixdomainsockets.TunnelingUnixSocket,"TunnelingUnixSocket/3[java.io.File,okhttp3.unixdomainsockets.UnixSocketChannel,java.net.InetSocketAddress]",address,1
/Users/thiago/Documents/Thiago/CodeToAnalyze/okhttp/samples/unixdomainsockets/src/main/java/okhttp3/unixdomainsockets/TunnelingUnixSocket.java,okhttp3.unixdomainsockets.TunnelingUnixSocket,"TunnelingUnixSocket/3[java.io.File,okhttp3.unixdomainsockets.UnixSocketChannel,java.net.InetSocketAddress]",channel,1
/Users/thiago/Documents/Thiago/CodeToAnalyze/okhttp/samples/unixdomainsockets/src/main/java/okhttp3/unixdomainsockets/TunnelingUnixSocket.java,okhttp3.unixdomainsockets.TunnelingUnixSocket,"TunnelingUnixSocket/2[java.io.File,okhttp3.unixdomainsockets.UnixSocketChannel]",path,2
/Users/thiago/Documents/Thiago/CodeToAnalyze/okhttp/samples/unixdomainsockets/src/main/java/okhttp3/unixdomainsockets/TunnelingUnixSocket.java,okhttp3.unixdomainsockets.TunnelingUnixSocket,"TunnelingUnixSocket/2[java.io.File,okhttp3.unixdomainsockets.UnixSocketChannel]",channel,1
/Users/thiago/Documents/Thiago/CodeToAnalyze/okhttp/samples/guide/src/main/java/okhttp3/recipes/UploadProgress.java,okhttp3.recipes.UploadProgress$ProgressRequestBody$Anonymous2,"write/2[okhttp3.recipes.Buffer,long]",byteCount,2
/Users/thiago/Documents/Thiago/CodeToAnalyze/okhttp/samples/guide/src/main/java/okhttp3/recipes/UploadProgress.java,okhttp3.recipes.UploadProgress$ProgressRequestBody$Anonymous2,"write/2[okhttp3.recipes.Buffer,long]",source,1
/Users/thiago/Documents/Thiago/CodeToAnalyze/okhttp/samples/guide/src/main/java/okhttp3/recipes/CheckHandshake.java,okhttp3.recipes.CheckHandshake,main/1[java.lang.String[]],args,0
/Users/thiago/Documents/Thiago/CodeToAnalyze/okhttp/samples/guide/src/main/java/okhttp3/recipes/CheckHandshake.java,okhttp3.recipes.CheckHandshake,run/0,request,1
/Users/thiago/Documents/Thiago/CodeToAnalyze/okhttp/samples/guide/src/main/java/okhttp3/recipes/CheckHandshake.java,okhttp3.recipes.CheckHandshake,run/0,response,3
/Users/thiago/Documents/Thiago/CodeToAnalyze/okhttp/samples/guide/src/main/java/okhttp3/recipes/PrintEventsNonConcurrent.java,okhttp3.recipes.PrintEventsNonConcurrent$PrintingEventListener,"secureConnectEnd/2[okhttp3.recipes.Call,okhttp3.recipes.Handshake]",call,0
/Users/thiago/Documents/Thiago/CodeToAnalyze/okhttp/samples/guide/src/main/java/okhttp3/recipes/PrintEventsNonConcurrent.java,okhttp3.recipes.PrintEventsNonConcurrent$PrintingEventListener,"secureConnectEnd/2[okhttp3.recipes.Call,okhttp3.recipes.Handshake]",handshake,0
/Users/thiago/Documents/Thiago/CodeToAnalyze/okhttp/samples/guide/src/main/java/okhttp3/recipes/PrintEventsNonConcurrent.java,okhttp3.recipes.PrintEventsNonConcurrent$PrintingEventListener,"requestHeadersEnd/2[okhttp3.recipes.Call,okhttp3.recipes.Request]",call,0
/Users/thiago/Documents/Thiago/CodeToAnalyze/okhttp/samples/guide/src/main/java/okhttp3/recipes/PrintEventsNonConcurrent.java,okhttp3.recipes.PrintEventsNonConcurrent$PrintingEventListener,"requestHeadersEnd/2[okhttp3.recipes.Call,okhttp3.recipes.Request]",request,0
/Users/thiago/Documents/Thiago/CodeToAnalyze/okhttp/samples/guide/src/main/java/okhttp3/recipes/PrintEventsNonConcurrent.java,okhttp3.recipes.PrintEventsNonConcurrent$PrintingEventListener,responseHeadersStart/1[okhttp3.recipes.Call],call,0
/Users/thiago/Documents/Thiago/CodeToAnalyze/okhttp/samples/guide/src/main/java/okhttp3/recipes/PrintEventsNonConcurrent.java,okhttp3.recipes.PrintEventsNonConcurrent$PrintingEventListener,"connectStart/3[okhttp3.recipes.Call,java.net.InetSocketAddress,java.net.Proxy]",call,0
/Users/thiago/Documents/Thiago/CodeToAnalyze/okhttp/samples/guide/src/main/java/okhttp3/recipes/PrintEventsNonConcurrent.java,okhttp3.recipes.PrintEventsNonConcurrent$PrintingEventListener,"connectStart/3[okhttp3.recipes.Call,java.net.InetSocketAddress,java.net.Proxy]",proxy,0
/Users/thiago/Documents/Thiago/CodeToAnalyze/okhttp/samples/guide/src/main/java/okhttp3/recipes/PrintEventsNonConcurrent.java,okhttp3.recipes.PrintEventsNonConcurrent$PrintingEventListener,"connectStart/3[okhttp3.recipes.Call,java.net.InetSocketAddress,java.net.Proxy]",inetSocketAddress,0
/Users/thiago/Documents/Thiago/CodeToAnalyze/okhttp/samples/guide/src/main/java/okhttp3/recipes/PrintEventsNonConcurrent.java,okhttp3.recipes.PrintEventsNonConcurrent$PrintingEventListener,"proxySelectEnd/3[okhttp3.recipes.Call,okhttp3.recipes.HttpUrl,java.util.List<java.net.Proxy>]",call,0
/Users/thiago/Documents/Thiago/CodeToAnalyze/okhttp/samples/guide/src/main/java/okhttp3/recipes/PrintEventsNonConcurrent.java,okhttp3.recipes.PrintEventsNonConcurrent$PrintingEventListener,"proxySelectEnd/3[okhttp3.recipes.Call,okhttp3.recipes.HttpUrl,java.util.List<java.net.Proxy>]",proxies,0
/Users/thiago/Documents/Thiago/CodeToAnalyze/okhttp/samples/guide/src/main/java/okhttp3/recipes/PrintEventsNonConcurrent.java,okhttp3.recipes.PrintEventsNonConcurrent$PrintingEventListener,"proxySelectEnd/3[okhttp3.recipes.Call,okhttp3.recipes.HttpUrl,java.util.List<java.net.Proxy>]",url,0
/Users/thiago/Documents/Thiago/CodeToAnalyze/okhttp/samples/guide/src/main/java/okhttp3/recipes/PrintEventsNonConcurrent.java,okhttp3.recipes.PrintEventsNonConcurrent$PrintingEventListener,callEnd/1[okhttp3.recipes.Call],call,0
/Users/thiago/Documents/Thiago/CodeToAnalyze/okhttp/samples/guide/src/main/java/okhttp3/recipes/PrintEventsNonConcurrent.java,okhttp3.recipes.PrintEventsNonConcurrent$PrintingEventListener,printEvent/1[java.lang.String],elapsedNanos,1
/Users/thiago/Documents/Thiago/CodeToAnalyze/okhttp/samples/guide/src/main/java/okhttp3/recipes/PrintEventsNonConcurrent.java,okhttp3.recipes.PrintEventsNonConcurrent$PrintingEventListener,printEvent/1[java.lang.String],nowNanos,2
/Users/thiago/Documents/Thiago/CodeToAnalyze/okhttp/samples/guide/src/main/java/okhttp3/recipes/PrintEventsNonConcurrent.java,okhttp3.recipes.PrintEventsNonConcurrent$PrintingEventListener,printEvent/1[java.lang.String],name,2
/Users/thiago/Documents/Thiago/CodeToAnalyze/okhttp/samples/guide/src/main/java/okhttp3/recipes/PrintEventsNonConcurrent.java,okhttp3.recipes.PrintEventsNonConcurrent$PrintingEventListener,"dnsEnd/3[okhttp3.recipes.Call,java.lang.String,java.util.List<java.net.InetAddress>]",call,0
/Users/thiago/Documents/Thiago/CodeToAnalyze/okhttp/samples/guide/src/main/java/okhttp3/recipes/PrintEventsNonConcurrent.java,okhttp3.recipes.PrintEventsNonConcurrent$PrintingEventListener,"dnsEnd/3[okhttp3.recipes.Call,java.lang.String,java.util.List<java.net.InetAddress>]",inetAddressList,0
/Users/thiago/Documents/Thiago/CodeToAnalyze/okhttp/samples/guide/src/main/java/okhttp3/recipes/PrintEventsNonConcurrent.java,okhttp3.recipes.PrintEventsNonConcurrent$PrintingEventListener,"dnsEnd/3[okhttp3.recipes.Call,java.lang.String,java.util.List<java.net.InetAddress>]",domainName,0
/Users/thiago/Documents/Thiago/CodeToAnalyze/okhttp/samples/guide/src/main/java/okhttp3/recipes/PrintEventsNonConcurrent.java,okhttp3.recipes.PrintEventsNonConcurrent$PrintingEventListener,callStart/1[okhttp3.recipes.Call],call,0
/Users/thiago/Documents/Thiago/CodeToAnalyze/okhttp/samples/guide/src/main/java/okhttp3/recipes/PrintEventsNonConcurrent.java,okhttp3.recipes.PrintEventsNonConcurrent$PrintingEventListener,"connectionAcquired/2[okhttp3.recipes.Call,okhttp3.recipes.Connection]",call,0
/Users/thiago/Documents/Thiago/CodeToAnalyze/okhttp/samples/guide/src/main/java/okhttp3/recipes/PrintEventsNonConcurrent.java,okhttp3.recipes.PrintEventsNonConcurrent$PrintingEventListener,"connectionAcquired/2[okhttp3.recipes.Call,okhttp3.recipes.Connection]",connection,0
/Users/thiago/Documents/Thiago/CodeToAnalyze/okhttp/samples/guide/src/main/java/okhttp3/recipes/PrintEventsNonConcurrent.java,okhttp3.recipes.PrintEventsNonConcurrent$PrintingEventListener,"responseHeadersEnd/2[okhttp3.recipes.Call,okhttp3.recipes.Response]",call,0
/Users/thiago/Documents/Thiago/CodeToAnalyze/okhttp/samples/guide/src/main/java/okhttp3/recipes/PrintEventsNonConcurrent.java,okhttp3.recipes.PrintEventsNonConcurrent$PrintingEventListener,"responseHeadersEnd/2[okhttp3.recipes.Call,okhttp3.recipes.Response]",response,0
/Users/thiago/Documents/Thiago/CodeToAnalyze/okhttp/samples/guide/src/main/java/okhttp3/recipes/PrintEventsNonConcurrent.java,okhttp3.recipes.PrintEventsNonConcurrent$PrintingEventListener,requestHeadersStart/1[okhttp3.recipes.Call],call,0
/Users/thiago/Documents/Thiago/CodeToAnalyze/okhttp/samples/guide/src/main/java/okhttp3/recipes/PrintEventsNonConcurrent.java,okhttp3.recipes.PrintEventsNonConcurrent$PrintingEventListener,"responseBodyEnd/2[okhttp3.recipes.Call,long]",call,0
/Users/thiago/Documents/Thiago/CodeToAnalyze/okhttp/samples/guide/src/main/java/okhttp3/recipes/PrintEventsNonConcurrent.java,okhttp3.recipes.PrintEventsNonConcurrent$PrintingEventListener,"responseBodyEnd/2[okhttp3.recipes.Call,long]",byteCount,0
/Users/thiago/Documents/Thiago/CodeToAnalyze/okhttp/samples/guide/src/main/java/okhttp3/recipes/PrintEventsNonConcurrent.java,okhttp3.recipes.PrintEventsNonConcurrent$PrintingEventListener,"dnsStart/2[okhttp3.recipes.Call,java.lang.String]",call,0
/Users/thiago/Documents/Thiago/CodeToAnalyze/okhttp/samples/guide/src/main/java/okhttp3/recipes/PrintEventsNonConcurrent.java,okhttp3.recipes.PrintEventsNonConcurrent$PrintingEventListener,"dnsStart/2[okhttp3.recipes.Call,java.lang.String]",domainName,0
/Users/thiago/Documents/Thiago/CodeToAnalyze/okhttp/samples/guide/src/main/java/okhttp3/recipes/PrintEventsNonConcurrent.java,okhttp3.recipes.PrintEventsNonConcurrent$PrintingEventListener,secureConnectStart/1[okhttp3.recipes.Call],call,0
/Users/thiago/Documents/Thiago/CodeToAnalyze/okhttp/samples/guide/src/main/java/okhttp3/recipes/PrintEventsNonConcurrent.java,okhttp3.recipes.PrintEventsNonConcurrent$PrintingEventListener,"connectEnd/4[okhttp3.recipes.Call,java.net.InetSocketAddress,java.net.Proxy,okhttp3.recipes.Protocol]",call,0
/Users/thiago/Documents/Thiago/CodeToAnalyze/okhttp/samples/guide/src/main/java/okhttp3/recipes/PrintEventsNonConcurrent.java,okhttp3.recipes.PrintEventsNonConcurrent$PrintingEventListener,"connectEnd/4[okhttp3.recipes.Call,java.net.InetSocketAddress,java.net.Proxy,okhttp3.recipes.Protocol]",proxy,0
/Users/thiago/Documents/Thiago/CodeToAnalyze/okhttp/samples/guide/src/main/java/okhttp3/recipes/PrintEventsNonConcurrent.java,okhttp3.recipes.PrintEventsNonConcurrent$PrintingEventListener,"connectEnd/4[okhttp3.recipes.Call,java.net.InetSocketAddress,java.net.Proxy,okhttp3.recipes.Protocol]",protocol,0
/Users/thiago/Documents/Thiago/CodeToAnalyze/okhttp/samples/guide/src/main/java/okhttp3/recipes/PrintEventsNonConcurrent.java,okhttp3.recipes.PrintEventsNonConcurrent$PrintingEventListener,"connectEnd/4[okhttp3.recipes.Call,java.net.InetSocketAddress,java.net.Proxy,okhttp3.recipes.Protocol]",inetSocketAddress,0
/Users/thiago/Documents/Thiago/CodeToAnalyze/okhttp/samples/guide/src/main/java/okhttp3/recipes/PrintEventsNonConcurrent.java,okhttp3.recipes.PrintEventsNonConcurrent$PrintingEventListener,responseBodyStart/1[okhttp3.recipes.Call],call,0
/Users/thiago/Documents/Thiago/CodeToAnalyze/okhttp/samples/guide/src/main/java/okhttp3/recipes/PrintEventsNonConcurrent.java,okhttp3.recipes.PrintEventsNonConcurrent$PrintingEventListener,"connectFailed/5[okhttp3.recipes.Call,java.net.InetSocketAddress,java.net.Proxy,okhttp3.recipes.Protocol,java.io.IOException]",call,0
/Users/thiago/Documents/Thiago/CodeToAnalyze/okhttp/samples/guide/src/main/java/okhttp3/recipes/PrintEventsNonConcurrent.java,okhttp3.recipes.PrintEventsNonConcurrent$PrintingEventListener,"connectFailed/5[okhttp3.recipes.Call,java.net.InetSocketAddress,java.net.Proxy,okhttp3.recipes.Protocol,java.io.IOException]",proxy,0
/Users/thiago/Documents/Thiago/CodeToAnalyze/okhttp/samples/guide/src/main/java/okhttp3/recipes/PrintEventsNonConcurrent.java,okhttp3.recipes.PrintEventsNonConcurrent$PrintingEventListener,"connectFailed/5[okhttp3.recipes.Call,java.net.InetSocketAddress,java.net.Proxy,okhttp3.recipes.Protocol,java.io.IOException]",protocol,0
/Users/thiago/Documents/Thiago/CodeToAnalyze/okhttp/samples/guide/src/main/java/okhttp3/recipes/PrintEventsNonConcurrent.java,okhttp3.recipes.PrintEventsNonConcurrent$PrintingEventListener,"connectFailed/5[okhttp3.recipes.Call,java.net.InetSocketAddress,java.net.Proxy,okhttp3.recipes.Protocol,java.io.IOException]",inetSocketAddress,0
/Users/thiago/Documents/Thiago/CodeToAnalyze/okhttp/samples/guide/src/main/java/okhttp3/recipes/PrintEventsNonConcurrent.java,okhttp3.recipes.PrintEventsNonConcurrent$PrintingEventListener,"connectFailed/5[okhttp3.recipes.Call,java.net.InetSocketAddress,java.net.Proxy,okhttp3.recipes.Protocol,java.io.IOException]",ioe,0
/Users/thiago/Documents/Thiago/CodeToAnalyze/okhttp/samples/guide/src/main/java/okhttp3/recipes/PrintEventsNonConcurrent.java,okhttp3.recipes.PrintEventsNonConcurrent$PrintingEventListener,"proxySelectStart/2[okhttp3.recipes.Call,okhttp3.recipes.HttpUrl]",call,0
/Users/thiago/Documents/Thiago/CodeToAnalyze/okhttp/samples/guide/src/main/java/okhttp3/recipes/PrintEventsNonConcurrent.java,okhttp3.recipes.PrintEventsNonConcurrent$PrintingEventListener,"proxySelectStart/2[okhttp3.recipes.Call,okhttp3.recipes.HttpUrl]",url,0
/Users/thiago/Documents/Thiago/CodeToAnalyze/okhttp/samples/guide/src/main/java/okhttp3/recipes/PrintEventsNonConcurrent.java,okhttp3.recipes.PrintEventsNonConcurrent$PrintingEventListener,"requestFailed/2[okhttp3.recipes.Call,java.io.IOException]",call,0
/Users/thiago/Documents/Thiago/CodeToAnalyze/okhttp/samples/guide/src/main/java/okhttp3/recipes/PrintEventsNonConcurrent.java,okhttp3.recipes.PrintEventsNonConcurrent$PrintingEventListener,"requestFailed/2[okhttp3.recipes.Call,java.io.IOException]",ioe,0
/Users/thiago/Documents/Thiago/CodeToAnalyze/okhttp/samples/guide/src/main/java/okhttp3/recipes/PrintEventsNonConcurrent.java,okhttp3.recipes.PrintEventsNonConcurrent$PrintingEventListener,"callFailed/2[okhttp3.recipes.Call,java.io.IOException]",call,0
/Users/thiago/Documents/Thiago/CodeToAnalyze/okhttp/samples/guide/src/main/java/okhttp3/recipes/PrintEventsNonConcurrent.java,okhttp3.recipes.PrintEventsNonConcurrent$PrintingEventListener,"callFailed/2[okhttp3.recipes.Call,java.io.IOException]",ioe,0
/Users/thiago/Documents/Thiago/CodeToAnalyze/okhttp/samples/guide/src/main/java/okhttp3/recipes/PrintEventsNonConcurrent.java,okhttp3.recipes.PrintEventsNonConcurrent$PrintingEventListener,"responseFailed/2[okhttp3.recipes.Call,java.io.IOException]",call,0
/Users/thiago/Documents/Thiago/CodeToAnalyze/okhttp/samples/guide/src/main/java/okhttp3/recipes/PrintEventsNonConcurrent.java,okhttp3.recipes.PrintEventsNonConcurrent$PrintingEventListener,"responseFailed/2[okhttp3.recipes.Call,java.io.IOException]",ioe,0
/Users/thiago/Documents/Thiago/CodeToAnalyze/okhttp/samples/guide/src/main/java/okhttp3/recipes/PrintEventsNonConcurrent.java,okhttp3.recipes.PrintEventsNonConcurrent$PrintingEventListener,requestBodyStart/1[okhttp3.recipes.Call],call,0
/Users/thiago/Documents/Thiago/CodeToAnalyze/okhttp/samples/guide/src/main/java/okhttp3/recipes/PrintEventsNonConcurrent.java,okhttp3.recipes.PrintEventsNonConcurrent$PrintingEventListener,"requestBodyEnd/2[okhttp3.recipes.Call,long]",call,0
/Users/thiago/Documents/Thiago/CodeToAnalyze/okhttp/samples/guide/src/main/java/okhttp3/recipes/PrintEventsNonConcurrent.java,okhttp3.recipes.PrintEventsNonConcurrent$PrintingEventListener,"requestBodyEnd/2[okhttp3.recipes.Call,long]",byteCount,0
/Users/thiago/Documents/Thiago/CodeToAnalyze/okhttp/samples/guide/src/main/java/okhttp3/recipes/PrintEventsNonConcurrent.java,okhttp3.recipes.PrintEventsNonConcurrent$PrintingEventListener,canceled/1[okhttp3.recipes.Call],call,0
/Users/thiago/Documents/Thiago/CodeToAnalyze/okhttp/samples/guide/src/main/java/okhttp3/recipes/PrintEventsNonConcurrent.java,okhttp3.recipes.PrintEventsNonConcurrent$PrintingEventListener,"connectionReleased/2[okhttp3.recipes.Call,okhttp3.recipes.Connection]",call,0
/Users/thiago/Documents/Thiago/CodeToAnalyze/okhttp/samples/guide/src/main/java/okhttp3/recipes/PrintEventsNonConcurrent.java,okhttp3.recipes.PrintEventsNonConcurrent$PrintingEventListener,"connectionReleased/2[okhttp3.recipes.Call,okhttp3.recipes.Connection]",connection,0
/Users/thiago/Documents/Thiago/CodeToAnalyze/okhttp/samples/guide/src/main/java/okhttp3/recipes/PostStreaming.java,okhttp3.recipes.PostStreaming$Anonymous1,factor/1[int],x,2
/Users/thiago/Documents/Thiago/CodeToAnalyze/okhttp/samples/guide/src/main/java/okhttp3/recipes/PostStreaming.java,okhttp3.recipes.PostStreaming$Anonymous1,factor/1[int],i,5
/Users/thiago/Documents/Thiago/CodeToAnalyze/okhttp/samples/guide/src/main/java/okhttp3/recipes/PostStreaming.java,okhttp3.recipes.PostStreaming$Anonymous1,factor/1[int],n,4
/Users/thiago/Documents/Thiago/CodeToAnalyze/okhttp/samples/guide/src/main/java/okhttp3/recipes/PostStreaming.java,okhttp3.recipes.PostStreaming$Anonymous1,writeTo/1[okhttp3.recipes.BufferedSink],sink,3
/Users/thiago/Documents/Thiago/CodeToAnalyze/okhttp/samples/guide/src/main/java/okhttp3/recipes/PostStreaming.java,okhttp3.recipes.PostStreaming$Anonymous1,writeTo/1[okhttp3.recipes.BufferedSink],i,4
/Users/thiago/Documents/Thiago/CodeToAnalyze/okhttp/samples/guide/src/main/java/okhttp3/recipes/ConfigureTimeouts.java,okhttp3.recipes.ConfigureTimeouts,main/1[java.lang.String[]],args,0
/Users/thiago/Documents/Thiago/CodeToAnalyze/okhttp/samples/guide/src/main/java/okhttp3/recipes/ConfigureTimeouts.java,okhttp3.recipes.ConfigureTimeouts,run/0,request,1
/Users/thiago/Documents/Thiago/CodeToAnalyze/okhttp/samples/guide/src/main/java/okhttp3/recipes/ConfigureTimeouts.java,okhttp3.recipes.ConfigureTimeouts,run/0,response,1
/Users/thiago/Documents/Thiago/CodeToAnalyze/okhttp/samples/guide/src/main/java/okhttp3/recipes/LoggingInterceptors.java,okhttp3.recipes.LoggingInterceptors$LoggingInterceptor,intercept/1[okhttp3.recipes.Chain],request,5
/Users/thiago/Documents/Thiago/CodeToAnalyze/okhttp/samples/guide/src/main/java/okhttp3/recipes/LoggingInterceptors.java,okhttp3.recipes.LoggingInterceptors$LoggingInterceptor,intercept/1[okhttp3.recipes.Chain],chain,3
/Users/thiago/Documents/Thiago/CodeToAnalyze/okhttp/samples/guide/src/main/java/okhttp3/recipes/LoggingInterceptors.java,okhttp3.recipes.LoggingInterceptors$LoggingInterceptor,intercept/1[okhttp3.recipes.Chain],response,2
/Users/thiago/Documents/Thiago/CodeToAnalyze/okhttp/samples/guide/src/main/java/okhttp3/recipes/LoggingInterceptors.java,okhttp3.recipes.LoggingInterceptors$LoggingInterceptor,intercept/1[okhttp3.recipes.Chain],t1,1
/Users/thiago/Documents/Thiago/CodeToAnalyze/okhttp/samples/guide/src/main/java/okhttp3/recipes/LoggingInterceptors.java,okhttp3.recipes.LoggingInterceptors$LoggingInterceptor,intercept/1[okhttp3.recipes.Chain],t2,1
/Users/thiago/Documents/Thiago/CodeToAnalyze/okhttp/samples/slack/src/main/java/okhttp3/slack/OAuthSessionFactory.java,okhttp3.slack.OAuthSessionFactory$Listener,sessionGranted/1[okhttp3.slack.OAuthSession],session,0
/Users/thiago/Documents/Thiago/CodeToAnalyze/okhttp/maven-tests/src/main/java/com/squareup/okhttp3/maventest/SampleHttpClient.java,com.squareup.okhttp3.maventest.SampleHttpClient,makeCall/1[com.squareup.okhttp3.maventest.HttpUrl],response,1
/Users/thiago/Documents/Thiago/CodeToAnalyze/okhttp/maven-tests/src/main/java/com/squareup/okhttp3/maventest/SampleHttpClient.java,com.squareup.okhttp3.maventest.SampleHttpClient,makeCall/1[com.squareup.okhttp3.maventest.HttpUrl],url,1
/Users/thiago/Documents/Thiago/CodeToAnalyze/okhttp/samples/guide/src/main/java/okhttp3/recipes/Progress.java,okhttp3.recipes.Progress$Anonymous1,"update/3[long,long,boolean]",bytesRead,2
/Users/thiago/Documents/Thiago/CodeToAnalyze/okhttp/samples/guide/src/main/java/okhttp3/recipes/Progress.java,okhttp3.recipes.Progress$Anonymous1,"update/3[long,long,boolean]",contentLength,4
/Users/thiago/Documents/Thiago/CodeToAnalyze/okhttp/samples/guide/src/main/java/okhttp3/recipes/Progress.java,okhttp3.recipes.Progress$Anonymous1,"update/3[long,long,boolean]",done,1
/Users/thiago/Documents/Thiago/CodeToAnalyze/okhttp/samples/guide/src/main/java/okhttp3/recipes/UploadProgress.java,okhttp3.recipes.UploadProgress,run/0,progressListener,1
/Users/thiago/Documents/Thiago/CodeToAnalyze/okhttp/samples/guide/src/main/java/okhttp3/recipes/UploadProgress.java,okhttp3.recipes.UploadProgress,run/0,request,1
/Users/thiago/Documents/Thiago/CodeToAnalyze/okhttp/samples/guide/src/main/java/okhttp3/recipes/UploadProgress.java,okhttp3.recipes.UploadProgress,run/0,requestBody,1
/Users/thiago/Documents/Thiago/CodeToAnalyze/okhttp/samples/guide/src/main/java/okhttp3/recipes/UploadProgress.java,okhttp3.recipes.UploadProgress,run/0,response,3
/Users/thiago/Documents/Thiago/CodeToAnalyze/okhttp/samples/guide/src/main/java/okhttp3/recipes/UploadProgress.java,okhttp3.recipes.UploadProgress,main/1[java.lang.String[]],args,0
/Users/thiago/Documents/Thiago/CodeToAnalyze/okhttp/samples/guide/src/main/java/okhttp3/recipes/PostString.java,okhttp3.recipes.PostString,main/1[java.lang.String[]],args,0
/Users/thiago/Documents/Thiago/CodeToAnalyze/okhttp/samples/guide/src/main/java/okhttp3/recipes/PostString.java,okhttp3.recipes.PostString,run/0,request,1
/Users/thiago/Documents/Thiago/CodeToAnalyze/okhttp/samples/guide/src/main/java/okhttp3/recipes/PostString.java,okhttp3.recipes.PostString,run/0,postBody,1
/Users/thiago/Documents/Thiago/CodeToAnalyze/okhttp/samples/guide/src/main/java/okhttp3/recipes/PostString.java,okhttp3.recipes.PostString,run/0,response,3
/Users/thiago/Documents/Thiago/CodeToAnalyze/okhttp/samples/guide/src/main/java/okhttp3/recipes/RewriteResponseCacheControl.java,okhttp3.recipes.RewriteResponseCacheControl,RewriteResponseCacheControl/1[java.io.File],cache,3
/Users/thiago/Documents/Thiago/CodeToAnalyze/okhttp/samples/guide/src/main/java/okhttp3/recipes/RewriteResponseCacheControl.java,okhttp3.recipes.RewriteResponseCacheControl,RewriteResponseCacheControl/1[java.io.File],cacheDirectory,1
/Users/thiago/Documents/Thiago/CodeToAnalyze/okhttp/samples/guide/src/main/java/okhttp3/recipes/RewriteResponseCacheControl.java,okhttp3.recipes.RewriteResponseCacheControl,run/0,request,1
/Users/thiago/Documents/Thiago/CodeToAnalyze/okhttp/samples/guide/src/main/java/okhttp3/recipes/RewriteResponseCacheControl.java,okhttp3.recipes.RewriteResponseCacheControl,run/0,clientForCall,3
/Users/thiago/Documents/Thiago/CodeToAnalyze/okhttp/samples/guide/src/main/java/okhttp3/recipes/RewriteResponseCacheControl.java,okhttp3.recipes.RewriteResponseCacheControl,run/0,response,3
/Users/thiago/Documents/Thiago/CodeToAnalyze/okhttp/samples/guide/src/main/java/okhttp3/recipes/RewriteResponseCacheControl.java,okhttp3.recipes.RewriteResponseCacheControl,run/0,i,4
/Users/thiago/Documents/Thiago/CodeToAnalyze/okhttp/samples/guide/src/main/java/okhttp3/recipes/RewriteResponseCacheControl.java,okhttp3.recipes.RewriteResponseCacheControl,main/1[java.lang.String[]],args,0
/Users/thiago/Documents/Thiago/CodeToAnalyze/okhttp/samples/guide/src/main/java/okhttp3/recipes/PostStreaming.java,okhttp3.recipes.PostStreaming,main/1[java.lang.String[]],args,0
/Users/thiago/Documents/Thiago/CodeToAnalyze/okhttp/samples/guide/src/main/java/okhttp3/recipes/PostStreaming.java,okhttp3.recipes.PostStreaming,run/0,request,1
/Users/thiago/Documents/Thiago/CodeToAnalyze/okhttp/samples/guide/src/main/java/okhttp3/recipes/PostStreaming.java,okhttp3.recipes.PostStreaming,run/0,requestBody,1
/Users/thiago/Documents/Thiago/CodeToAnalyze/okhttp/samples/guide/src/main/java/okhttp3/recipes/PostStreaming.java,okhttp3.recipes.PostStreaming,run/0,response,3
/Users/thiago/Documents/Thiago/CodeToAnalyze/okhttp/samples/guide/src/main/java/okhttp3/guide/PostExample.java,okhttp3.guide.PostExample,"post/2[java.lang.String,java.lang.String]",request,1
/Users/thiago/Documents/Thiago/CodeToAnalyze/okhttp/samples/guide/src/main/java/okhttp3/guide/PostExample.java,okhttp3.guide.PostExample,"post/2[java.lang.String,java.lang.String]",response,1
/Users/thiago/Documents/Thiago/CodeToAnalyze/okhttp/samples/guide/src/main/java/okhttp3/guide/PostExample.java,okhttp3.guide.PostExample,"post/2[java.lang.String,java.lang.String]",json,1
/Users/thiago/Documents/Thiago/CodeToAnalyze/okhttp/samples/guide/src/main/java/okhttp3/guide/PostExample.java,okhttp3.guide.PostExample,"post/2[java.lang.String,java.lang.String]",body,2
/Users/thiago/Documents/Thiago/CodeToAnalyze/okhttp/samples/guide/src/main/java/okhttp3/guide/PostExample.java,okhttp3.guide.PostExample,"post/2[java.lang.String,java.lang.String]",url,2
/Users/thiago/Documents/Thiago/CodeToAnalyze/okhttp/samples/guide/src/main/java/okhttp3/guide/PostExample.java,okhttp3.guide.PostExample,main/1[java.lang.String[]],args,0
/Users/thiago/Documents/Thiago/CodeToAnalyze/okhttp/samples/guide/src/main/java/okhttp3/guide/PostExample.java,okhttp3.guide.PostExample,main/1[java.lang.String[]],response,1
/Users/thiago/Documents/Thiago/CodeToAnalyze/okhttp/samples/guide/src/main/java/okhttp3/guide/PostExample.java,okhttp3.guide.PostExample,main/1[java.lang.String[]],json,1
/Users/thiago/Documents/Thiago/CodeToAnalyze/okhttp/samples/guide/src/main/java/okhttp3/guide/PostExample.java,okhttp3.guide.PostExample,main/1[java.lang.String[]],example,2
/Users/thiago/Documents/Thiago/CodeToAnalyze/okhttp/samples/guide/src/main/java/okhttp3/guide/PostExample.java,okhttp3.guide.PostExample,"bowlingJson/2[java.lang.String,java.lang.String]",player1,1
/Users/thiago/Documents/Thiago/CodeToAnalyze/okhttp/samples/guide/src/main/java/okhttp3/guide/PostExample.java,okhttp3.guide.PostExample,"bowlingJson/2[java.lang.String,java.lang.String]",player2,1
/Users/thiago/Documents/Thiago/CodeToAnalyze/okhttp/samples/unixdomainsockets/src/main/java/okhttp3/unixdomainsockets/UnixDomainServerSocketFactory.java,okhttp3.unixdomainsockets.UnixDomainServerSocketFactory$UnixDomainServerSocket,"bind/2[java.net.SocketAddress,int]",endpoint,2
/Users/thiago/Documents/Thiago/CodeToAnalyze/okhttp/samples/unixdomainsockets/src/main/java/okhttp3/unixdomainsockets/UnixDomainServerSocketFactory.java,okhttp3.unixdomainsockets.UnixDomainServerSocketFactory$UnixDomainServerSocket,"bind/2[java.net.SocketAddress,int]",backlog,0
/Users/thiago/Documents/Thiago/CodeToAnalyze/okhttp/samples/unixdomainsockets/src/main/java/okhttp3/unixdomainsockets/UnixDomainServerSocketFactory.java,okhttp3.unixdomainsockets.UnixDomainServerSocketFactory$UnixDomainServerSocket,"bind/2[java.net.SocketAddress,int]",address,1
/Users/thiago/Documents/Thiago/CodeToAnalyze/okhttp/samples/unixdomainsockets/src/main/java/okhttp3/unixdomainsockets/UnixDomainServerSocketFactory.java,okhttp3.unixdomainsockets.UnixDomainServerSocketFactory$UnixDomainServerSocket,accept/0,exception,2
/Users/thiago/Documents/Thiago/CodeToAnalyze/okhttp/samples/unixdomainsockets/src/main/java/okhttp3/unixdomainsockets/UnixDomainServerSocketFactory.java,okhttp3.unixdomainsockets.UnixDomainServerSocketFactory$UnixDomainServerSocket,accept/0,e,1
/Users/thiago/Documents/Thiago/CodeToAnalyze/okhttp/samples/unixdomainsockets/src/main/java/okhttp3/unixdomainsockets/UnixDomainServerSocketFactory.java,okhttp3.unixdomainsockets.UnixDomainServerSocketFactory$UnixDomainServerSocket,accept/0,channel,1
/Users/thiago/Documents/Thiago/CodeToAnalyze/okhttp/module-tests/src/main/java/okhttp3/modules/Main.java,okhttp3.modules.Main,main/1[java.lang.String[]],args,0
/Users/thiago/Documents/Thiago/CodeToAnalyze/okhttp/module-tests/src/main/java/okhttp3/modules/Main.java,okhttp3.modules.Main,main/1[java.lang.String[]],call,1
/Users/thiago/Documents/Thiago/CodeToAnalyze/okhttp/samples/guide/src/main/java/okhttp3/recipes/PreemptiveAuth.java,okhttp3.recipes.PreemptiveAuth,main/1[java.lang.String[]],args,0
/Users/thiago/Documents/Thiago/CodeToAnalyze/okhttp/samples/guide/src/main/java/okhttp3/recipes/PreemptiveAuth.java,okhttp3.recipes.PreemptiveAuth,run/0,request,1
/Users/thiago/Documents/Thiago/CodeToAnalyze/okhttp/samples/guide/src/main/java/okhttp3/recipes/PreemptiveAuth.java,okhttp3.recipes.PreemptiveAuth,run/0,response,3
/Users/thiago/Documents/Thiago/CodeToAnalyze/okhttp/samples/slack/src/main/java/okhttp3/slack/OAuthSession.java,okhttp3.slack.OAuthSession,"OAuthSession/6[boolean,java.lang.String,java.lang.String,java.lang.String,java.lang.String,java.lang.String]",teamName,1
/Users/thiago/Documents/Thiago/CodeToAnalyze/okhttp/samples/slack/src/main/java/okhttp3/slack/OAuthSession.java,okhttp3.slack.OAuthSession,"OAuthSession/6[boolean,java.lang.String,java.lang.String,java.lang.String,java.lang.String,java.lang.String]",scope,2
/Users/thiago/Documents/Thiago/CodeToAnalyze/okhttp/samples/slack/src/main/java/okhttp3/slack/OAuthSession.java,okhttp3.slack.OAuthSession,"OAuthSession/6[boolean,java.lang.String,java.lang.String,java.lang.String,java.lang.String,java.lang.String]",teamId,1
/Users/thiago/Documents/Thiago/CodeToAnalyze/okhttp/samples/slack/src/main/java/okhttp3/slack/OAuthSession.java,okhttp3.slack.OAuthSession,"OAuthSession/6[boolean,java.lang.String,java.lang.String,java.lang.String,java.lang.String,java.lang.String]",ok,2
/Users/thiago/Documents/Thiago/CodeToAnalyze/okhttp/samples/slack/src/main/java/okhttp3/slack/OAuthSession.java,okhttp3.slack.OAuthSession,"OAuthSession/6[boolean,java.lang.String,java.lang.String,java.lang.String,java.lang.String,java.lang.String]",accessToken,1
/Users/thiago/Documents/Thiago/CodeToAnalyze/okhttp/samples/slack/src/main/java/okhttp3/slack/OAuthSession.java,okhttp3.slack.OAuthSession,"OAuthSession/6[boolean,java.lang.String,java.lang.String,java.lang.String,java.lang.String,java.lang.String]",userId,1
/Users/thiago/Documents/Thiago/CodeToAnalyze/okhttp/samples/guide/src/main/java/okhttp3/recipes/UploadProgress.java,okhttp3.recipes.UploadProgress$Anonymous1,"update/3[long,long,boolean]",bytesWritten,2
/Users/thiago/Documents/Thiago/CodeToAnalyze/okhttp/samples/guide/src/main/java/okhttp3/recipes/UploadProgress.java,okhttp3.recipes.UploadProgress$Anonymous1,"update/3[long,long,boolean]",contentLength,4
/Users/thiago/Documents/Thiago/CodeToAnalyze/okhttp/samples/guide/src/main/java/okhttp3/recipes/UploadProgress.java,okhttp3.recipes.UploadProgress$Anonymous1,"update/3[long,long,boolean]",done,1
/Users/thiago/Documents/Thiago/CodeToAnalyze/okhttp/samples/guide/src/main/java/okhttp3/recipes/PostFile.java,okhttp3.recipes.PostFile,main/1[java.lang.String[]],args,0
/Users/thiago/Documents/Thiago/CodeToAnalyze/okhttp/samples/guide/src/main/java/okhttp3/recipes/PostFile.java,okhttp3.recipes.PostFile,run/0,request,1
/Users/thiago/Documents/Thiago/CodeToAnalyze/okhttp/samples/guide/src/main/java/okhttp3/recipes/PostFile.java,okhttp3.recipes.PostFile,run/0,file,1
/Users/thiago/Documents/Thiago/CodeToAnalyze/okhttp/samples/guide/src/main/java/okhttp3/recipes/PostFile.java,okhttp3.recipes.PostFile,run/0,response,3
/Users/thiago/Documents/Thiago/CodeToAnalyze/okhttp/samples/slack/src/main/java/okhttp3/slack/SlackClient.java,okhttp3.slack.SlackClient,SlackClient/1[okhttp3.slack.SlackApi],slackApi,2
/Users/thiago/Documents/Thiago/CodeToAnalyze/okhttp/samples/slack/src/main/java/okhttp3/slack/SlackClient.java,okhttp3.slack.SlackClient,"requestOauthSession/2[java.lang.String,java.lang.String]",authorizeUrl,1
/Users/thiago/Documents/Thiago/CodeToAnalyze/okhttp/samples/slack/src/main/java/okhttp3/slack/SlackClient.java,okhttp3.slack.SlackClient,"requestOauthSession/2[java.lang.String,java.lang.String]",session,2
/Users/thiago/Documents/Thiago/CodeToAnalyze/okhttp/samples/slack/src/main/java/okhttp3/slack/SlackClient.java,okhttp3.slack.SlackClient,"requestOauthSession/2[java.lang.String,java.lang.String]",scopes,1
/Users/thiago/Documents/Thiago/CodeToAnalyze/okhttp/samples/slack/src/main/java/okhttp3/slack/SlackClient.java,okhttp3.slack.SlackClient,"requestOauthSession/2[java.lang.String,java.lang.String]",team,1
/Users/thiago/Documents/Thiago/CodeToAnalyze/okhttp/samples/slack/src/main/java/okhttp3/slack/SlackClient.java,okhttp3.slack.SlackClient,startRtm/0,rtmSession,1
/Users/thiago/Documents/Thiago/CodeToAnalyze/okhttp/samples/slack/src/main/java/okhttp3/slack/SlackClient.java,okhttp3.slack.SlackClient,startRtm/0,accessToken,2
/Users/thiago/Documents/Thiago/CodeToAnalyze/okhttp/samples/slack/src/main/java/okhttp3/slack/SlackClient.java,okhttp3.slack.SlackClient,initOauthSession/1[okhttp3.slack.OAuthSession],session,2
/Users/thiago/Documents/Thiago/CodeToAnalyze/okhttp/samples/slack/src/main/java/okhttp3/slack/SlackClient.java,okhttp3.slack.SlackClient,main/1[java.lang.String[]],args,0
/Users/thiago/Documents/Thiago/CodeToAnalyze/okhttp/samples/slack/src/main/java/okhttp3/slack/SlackClient.java,okhttp3.slack.SlackClient,main/1[java.lang.String[]],clientId,1
/Users/thiago/Documents/Thiago/CodeToAnalyze/okhttp/samples/slack/src/main/java/okhttp3/slack/SlackClient.java,okhttp3.slack.SlackClient,main/1[java.lang.String[]],port,1
/Users/thiago/Documents/Thiago/CodeToAnalyze/okhttp/samples/slack/src/main/java/okhttp3/slack/SlackClient.java,okhttp3.slack.SlackClient,main/1[java.lang.String[]],session,1
/Users/thiago/Documents/Thiago/CodeToAnalyze/okhttp/samples/slack/src/main/java/okhttp3/slack/SlackClient.java,okhttp3.slack.SlackClient,main/1[java.lang.String[]],slackApi,1
/Users/thiago/Documents/Thiago/CodeToAnalyze/okhttp/samples/slack/src/main/java/okhttp3/slack/SlackClient.java,okhttp3.slack.SlackClient,main/1[java.lang.String[]],client,4
/Users/thiago/Documents/Thiago/CodeToAnalyze/okhttp/samples/slack/src/main/java/okhttp3/slack/SlackClient.java,okhttp3.slack.SlackClient,main/1[java.lang.String[]],clientSecret,1
/Users/thiago/Documents/Thiago/CodeToAnalyze/okhttp/samples/slack/src/main/java/okhttp3/slack/SlackClient.java,okhttp3.slack.SlackClient,main/1[java.lang.String[]],scopes,2
/Users/thiago/Documents/Thiago/CodeToAnalyze/okhttp/samples/slack/src/main/java/okhttp3/slack/SlackClient.java,okhttp3.slack.SlackClient,awaitAccessToken/1[okhttp3.slack.Timeout],timeout,1
/Users/thiago/Documents/Thiago/CodeToAnalyze/okhttp/samples/guide/src/main/java/okhttp3/recipes/CurrentDateHeader.java,okhttp3.recipes.CurrentDateHeader$CurrentDateInterceptor,intercept/1[okhttp3.recipes.Chain],request,3
/Users/thiago/Documents/Thiago/CodeToAnalyze/okhttp/samples/guide/src/main/java/okhttp3/recipes/CurrentDateHeader.java,okhttp3.recipes.CurrentDateHeader$CurrentDateInterceptor,intercept/1[okhttp3.recipes.Chain],chain,2
/Users/thiago/Documents/Thiago/CodeToAnalyze/okhttp/samples/guide/src/main/java/okhttp3/recipes/CurrentDateHeader.java,okhttp3.recipes.CurrentDateHeader$CurrentDateInterceptor,intercept/1[okhttp3.recipes.Chain],newHeaders,1
/Users/thiago/Documents/Thiago/CodeToAnalyze/okhttp/samples/guide/src/main/java/okhttp3/recipes/CurrentDateHeader.java,okhttp3.recipes.CurrentDateHeader$CurrentDateInterceptor,intercept/1[okhttp3.recipes.Chain],newRequest,1
/Users/thiago/Documents/Thiago/CodeToAnalyze/okhttp/samples/simple-client/src/main/java/okhttp3/sample/OkHttpContributors.java,okhttp3.sample.OkHttpContributors,main/1[java.lang.String[]],args,0
/Users/thiago/Documents/Thiago/CodeToAnalyze/okhttp/samples/simple-client/src/main/java/okhttp3/sample/OkHttpContributors.java,okhttp3.sample.OkHttpContributors,main/1[java.lang.String[]],request,1
/Users/thiago/Documents/Thiago/CodeToAnalyze/okhttp/samples/simple-client/src/main/java/okhttp3/sample/OkHttpContributors.java,okhttp3.sample.OkHttpContributors,main/1[java.lang.String[]],contributor,2
/Users/thiago/Documents/Thiago/CodeToAnalyze/okhttp/samples/simple-client/src/main/java/okhttp3/sample/OkHttpContributors.java,okhttp3.sample.OkHttpContributors,main/1[java.lang.String[]],response,1
/Users/thiago/Documents/Thiago/CodeToAnalyze/okhttp/samples/simple-client/src/main/java/okhttp3/sample/OkHttpContributors.java,okhttp3.sample.OkHttpContributors,main/1[java.lang.String[]],client,1
/Users/thiago/Documents/Thiago/CodeToAnalyze/okhttp/samples/simple-client/src/main/java/okhttp3/sample/OkHttpContributors.java,okhttp3.sample.OkHttpContributors,main/1[java.lang.String[]],contributors,2
/Users/thiago/Documents/Thiago/CodeToAnalyze/okhttp/samples/simple-client/src/main/java/okhttp3/sample/OkHttpContributors.java,okhttp3.sample.OkHttpContributors,main/1[java.lang.String[]],body,2
/Users/thiago/Documents/Thiago/CodeToAnalyze/okhttp/samples/simple-client/src/main/java/okhttp3/sample/OkHttpContributors.java,okhttp3.sample.OkHttpContributors,main/1[java.lang.String[]],c1,1
/Users/thiago/Documents/Thiago/CodeToAnalyze/okhttp/samples/simple-client/src/main/java/okhttp3/sample/OkHttpContributors.java,okhttp3.sample.OkHttpContributors,main/1[java.lang.String[]],c2,1
/Users/thiago/Documents/Thiago/CodeToAnalyze/okhttp/samples/guide/src/main/java/okhttp3/recipes/CustomCipherSuites.java,okhttp3.recipes.CustomCipherSuites$DelegatingSSLSocketFactory,DelegatingSSLSocketFactory/1[javax.net.ssl.SSLSocketFactory],delegate,2
/Users/thiago/Documents/Thiago/CodeToAnalyze/okhttp/samples/guide/src/main/java/okhttp3/recipes/CustomCipherSuites.java,okhttp3.recipes.CustomCipherSuites$DelegatingSSLSocketFactory,configureSocket/1[javax.net.ssl.SSLSocket],socket,1
/Users/thiago/Documents/Thiago/CodeToAnalyze/okhttp/samples/guide/src/main/java/okhttp3/recipes/CustomCipherSuites.java,okhttp3.recipes.CustomCipherSuites$DelegatingSSLSocketFactory,"createSocket/2[java.net.InetAddress,int]",port,1
/Users/thiago/Documents/Thiago/CodeToAnalyze/okhttp/samples/guide/src/main/java/okhttp3/recipes/CustomCipherSuites.java,okhttp3.recipes.CustomCipherSuites$DelegatingSSLSocketFactory,"createSocket/2[java.net.InetAddress,int]",host,1
/Users/thiago/Documents/Thiago/CodeToAnalyze/okhttp/samples/guide/src/main/java/okhttp3/recipes/CustomCipherSuites.java,okhttp3.recipes.CustomCipherSuites$DelegatingSSLSocketFactory,"createSocket/4[java.net.Socket,java.lang.String,int,boolean]",port,1
/Users/thiago/Documents/Thiago/CodeToAnalyze/okhttp/samples/guide/src/main/java/okhttp3/recipes/CustomCipherSuites.java,okhttp3.recipes.CustomCipherSuites$DelegatingSSLSocketFactory,"createSocket/4[java.net.Socket,java.lang.String,int,boolean]",host,1
/Users/thiago/Documents/Thiago/CodeToAnalyze/okhttp/samples/guide/src/main/java/okhttp3/recipes/CustomCipherSuites.java,okhttp3.recipes.CustomCipherSuites$DelegatingSSLSocketFactory,"createSocket/4[java.net.Socket,java.lang.String,int,boolean]",socket,1
/Users/thiago/Documents/Thiago/CodeToAnalyze/okhttp/samples/guide/src/main/java/okhttp3/recipes/CustomCipherSuites.java,okhttp3.recipes.CustomCipherSuites$DelegatingSSLSocketFactory,"createSocket/4[java.net.Socket,java.lang.String,int,boolean]",autoClose,1
/Users/thiago/Documents/Thiago/CodeToAnalyze/okhttp/samples/guide/src/main/java/okhttp3/recipes/CustomCipherSuites.java,okhttp3.recipes.CustomCipherSuites$DelegatingSSLSocketFactory,"createSocket/2[java.lang.String,int]",port,1
/Users/thiago/Documents/Thiago/CodeToAnalyze/okhttp/samples/guide/src/main/java/okhttp3/recipes/CustomCipherSuites.java,okhttp3.recipes.CustomCipherSuites$DelegatingSSLSocketFactory,"createSocket/2[java.lang.String,int]",host,1
/Users/thiago/Documents/Thiago/CodeToAnalyze/okhttp/samples/guide/src/main/java/okhttp3/recipes/CustomCipherSuites.java,okhttp3.recipes.CustomCipherSuites$DelegatingSSLSocketFactory,"createSocket/4[java.lang.String,int,java.net.InetAddress,int]",localPort,1
/Users/thiago/Documents/Thiago/CodeToAnalyze/okhttp/samples/guide/src/main/java/okhttp3/recipes/CustomCipherSuites.java,okhttp3.recipes.CustomCipherSuites$DelegatingSSLSocketFactory,"createSocket/4[java.lang.String,int,java.net.InetAddress,int]",port,1
/Users/thiago/Documents/Thiago/CodeToAnalyze/okhttp/samples/guide/src/main/java/okhttp3/recipes/CustomCipherSuites.java,okhttp3.recipes.CustomCipherSuites$DelegatingSSLSocketFactory,"createSocket/4[java.lang.String,int,java.net.InetAddress,int]",localHost,1
/Users/thiago/Documents/Thiago/CodeToAnalyze/okhttp/samples/guide/src/main/java/okhttp3/recipes/CustomCipherSuites.java,okhttp3.recipes.CustomCipherSuites$DelegatingSSLSocketFactory,"createSocket/4[java.lang.String,int,java.net.InetAddress,int]",host,1
/Users/thiago/Documents/Thiago/CodeToAnalyze/okhttp/samples/guide/src/main/java/okhttp3/recipes/CustomCipherSuites.java,okhttp3.recipes.CustomCipherSuites$DelegatingSSLSocketFactory,"createSocket/4[java.net.InetAddress,int,java.net.InetAddress,int]",address,1
/Users/thiago/Documents/Thiago/CodeToAnalyze/okhttp/samples/guide/src/main/java/okhttp3/recipes/CustomCipherSuites.java,okhttp3.recipes.CustomCipherSuites$DelegatingSSLSocketFactory,"createSocket/4[java.net.InetAddress,int,java.net.InetAddress,int]",localPort,1
/Users/thiago/Documents/Thiago/CodeToAnalyze/okhttp/samples/guide/src/main/java/okhttp3/recipes/CustomCipherSuites.java,okhttp3.recipes.CustomCipherSuites$DelegatingSSLSocketFactory,"createSocket/4[java.net.InetAddress,int,java.net.InetAddress,int]",port,1
/Users/thiago/Documents/Thiago/CodeToAnalyze/okhttp/samples/guide/src/main/java/okhttp3/recipes/CustomCipherSuites.java,okhttp3.recipes.CustomCipherSuites$DelegatingSSLSocketFactory,"createSocket/4[java.net.InetAddress,int,java.net.InetAddress,int]",localAddress,1
/Users/thiago/Documents/Thiago/CodeToAnalyze/okhttp/samples/guide/src/main/java/okhttp3/recipes/PrintEventsNonConcurrent.java,okhttp3.recipes.PrintEventsNonConcurrent,run/0,request,2
/Users/thiago/Documents/Thiago/CodeToAnalyze/okhttp/samples/guide/src/main/java/okhttp3/recipes/PrintEventsNonConcurrent.java,okhttp3.recipes.PrintEventsNonConcurrent,run/0,response,3
/Users/thiago/Documents/Thiago/CodeToAnalyze/okhttp/samples/guide/src/main/java/okhttp3/recipes/PrintEventsNonConcurrent.java,okhttp3.recipes.PrintEventsNonConcurrent,main/1[java.lang.String[]],args,0
/Users/thiago/Documents/Thiago/CodeToAnalyze/okhttp/samples/guide/src/main/java/okhttp3/recipes/ParseResponseWithMoshi.java,okhttp3.recipes.ParseResponseWithMoshi,main/1[java.lang.String[]],args,0
/Users/thiago/Documents/Thiago/CodeToAnalyze/okhttp/samples/guide/src/main/java/okhttp3/recipes/ParseResponseWithMoshi.java,okhttp3.recipes.ParseResponseWithMoshi,run/0,request,1
/Users/thiago/Documents/Thiago/CodeToAnalyze/okhttp/samples/guide/src/main/java/okhttp3/recipes/ParseResponseWithMoshi.java,okhttp3.recipes.ParseResponseWithMoshi,run/0,entry,2
/Users/thiago/Documents/Thiago/CodeToAnalyze/okhttp/samples/guide/src/main/java/okhttp3/recipes/ParseResponseWithMoshi.java,okhttp3.recipes.ParseResponseWithMoshi,run/0,gist,1
/Users/thiago/Documents/Thiago/CodeToAnalyze/okhttp/samples/guide/src/main/java/okhttp3/recipes/ParseResponseWithMoshi.java,okhttp3.recipes.ParseResponseWithMoshi,run/0,response,3
